frame,sim_timestamp,t_rel,other_actor_id,other_actor_type_id,other_actor_semantic_tags,impulse_x,impulse_y,impulse_z,impulse_mag,loc_x,loc_y,loc_z
165683,632.2529,,0,static.unknown,,2375.8643,-2398.5059,0.0,3376.0274,420.08,-662.681,-0.007
165698,632.3071,,0,static.unknown,,140.6676,-142.0081,0.0,199.8842,420.084,-662.571,-0.006
165699,632.3107,,0,static.unknown,,197.3879,-199.2689,0.0,280.4819,420.085,-662.564,-0.006
165700,632.3144,,0,static.unknown,,49.3472,-49.8175,0.0,70.1208,420.085,-662.557,-0.006
165701,632.3177,,0,static.unknown,,35.9634,-36.3061,0.0,51.1028,420.084,-662.55,-0.006
165702,632.3214,,0,static.unknown,,38.9102,-39.281,0.0,55.2901,420.084,-662.544,-0.006
165703,632.325,,0,static.unknown,,46.6886,-47.1336,0.0,66.343,420.084,-662.537,-0.006
165704,632.3287,,0,static.unknown,,47.597,-48.0506,0.0,67.6338,420.084,-662.531,-0.006
165705,632.3323,,0,static.unknown,,33.6843,-34.0053,0.0,47.8643,420.084,-662.524,-0.007
165706,632.3359,,0,static.unknown,,52.5964,-53.0977,0.0,74.7379,420.085,-662.518,-0.007
165707,632.3397,,0,static.unknown,,50.595,-51.0772,0.0,71.8939,420.085,-662.512,-0.007
165708,632.3437,,0,static.unknown,,43.4313,-43.8452,0.0,61.7145,420.085,-662.506,-0.007
165709,632.3475,,0,static.unknown,,48.0774,-48.5356,0.0,68.3165,420.085,-662.5,-0.007
165710,632.3511,,0,static.unknown,,44.5943,-45.0193,0.0,63.3671,420.085,-662.494,-0.007
165711,632.355,,0,static.unknown,,42.3759,-42.7797,0.0,60.2148,420.085,-662.488,-0.007
165712,632.3591,,0,static.unknown,,44.1603,-44.5812,0.0,62.7504,420.085,-662.482,-0.007
165713,632.3631,,0,static.unknown,,58.8907,-59.4519,0.0,83.6818,420.086,-662.477,-0.007
165714,632.3668,,0,static.unknown,,43.0584,-43.4687,0.0,61.1846,420.086,-662.471,-0.007
165715,632.3704,,0,static.unknown,,31.5291,-31.8296,0.0,44.8018,420.086,-662.466,-0.007
165716,632.3744,,0,static.unknown,,56.2453,-56.7813,0.0,79.9228,420.086,-662.461,-0.007
165717,632.3782,,0,static.unknown,,47.2106,-47.6605,0.0,67.0848,420.086,-662.456,-0.007
165718,632.3822,,0,static.unknown,,49.5386,-50.0107,0.0,70.3927,420.087,-662.451,-0.007
165719,632.3863,,0,static.unknown,,47.0828,-47.5315,0.0,66.9032,420.087,-662.446,-0.007
165720,632.3906,,0,static.unknown,,52.3111,-52.8096,0.0,74.3324,420.087,-662.441,-0.007
165721,632.395,,0,static.unknown,,50.7487,-51.2323,0.0,72.1123,420.087,-662.436,-0.007
165722,632.3995,,0,static.unknown,,54.6289,-55.1495,0.0,77.6259,420.088,-662.431,-0.007
165723,632.4034,,0,static.unknown,,41.668,-42.0651,0.0,59.2089,420.088,-662.426,-0.007
165724,632.4076,,0,static.unknown,,54.6111,-55.1315,0.0,77.6006,420.088,-662.422,-0.007
165725,632.4114,,0,static.unknown,,43.0205,-43.4305,0.0,61.1308,420.088,-662.418,-0.007
165726,632.4152,,0,static.unknown,,28.9999,-29.2763,0.0,41.2079,420.089,-662.414,-0.007
165727,632.4188,,0,static.unknown,,51.3838,-51.8734,0.0,73.0147,420.089,-662.411,-0.007
165728,632.4229,,0,static.unknown,,40.1914,-40.5744,0.0,57.1107,420.089,-662.408,-0.007
165729,632.4271,,0,static.unknown,,59.9734,-60.5449,0.0,85.2202,420.089,-662.404,-0.007
165730,632.4319,,0,static.unknown,,49.4061,-49.8769,0.0,70.2044,420.09,-662.401,-0.007
165731,632.4362,,0,static.unknown,,50.932,-51.4174,0.0,72.3728,420.09,-662.397,-0.007
165732,632.4406,,0,static.unknown,,48.3362,-48.7968,0.0,68.6842,420.09,-662.394,-0.007
165733,632.4448,,0,static.unknown,,50.5573,-51.0391,0.0,71.8404,420.09,-662.391,-0.007
165734,632.4486,,0,static.unknown,,35.1494,-35.4843,0.0,49.9461,420.091,-662.388,-0.007
165735,632.4523,,0,static.unknown,,47.0175,-47.4655,0.0,66.8103,420.091,-662.385,-0.007
165736,632.4561,,0,static.unknown,,25.5967,-25.8406,0.0,36.3721,420.091,-662.383,-0.007
165737,632.4602,,0,static.unknown,,57.2445,-57.79,0.0,81.3426,420.091,-662.381,-0.007
165738,632.464,,0,static.unknown,,37.8697,-38.2306,0.0,53.8116,420.092,-662.378,-0.007
165739,632.4678,,0,static.unknown,,45.7393,-46.1752,0.0,64.9941,420.092,-662.377,-0.007
165740,632.4715,,0,static.unknown,,37.2297,-37.5845,0.0,52.9022,420.092,-662.375,-0.007
165741,632.4755,,0,static.unknown,,45.8402,-46.2771,0.0,65.1375,420.092,-662.373,-0.007
165742,632.4793,,0,static.unknown,,31.5067,-31.8069,0.0,44.77,420.092,-662.371,-0.007
165743,632.4829,,0,static.unknown,,47.2245,-47.6745,0.0,67.1044,420.092,-662.37,-0.007
165744,632.4866,,0,static.unknown,,34.3974,-34.7252,0.0,48.8777,420.092,-662.368,-0.007
165745,632.4904,,0,static.unknown,,41.0971,-41.4887,0.0,58.3976,420.093,-662.367,-0.007
165746,632.4946,,0,static.unknown,,38.65,-39.0183,0.0,54.9204,420.093,-662.365,-0.007
165747,632.4981,,0,static.unknown,,40.5122,-40.8983,0.0,57.5666,420.093,-662.364,-0.007
165748,632.5021,,0,static.unknown,,36.7733,-37.1237,0.0,52.2537,420.093,-662.363,-0.007
165749,632.506,,0,static.unknown,,39.6392,-40.0169,0.0,56.326,420.093,-662.362,-0.007
165750,632.5105,,0,static.unknown,,45.6119,-46.0465,0.0,64.813,420.093,-662.361,-0.007
165751,632.5142,,0,static.unknown,,34.0722,-34.3969,0.0,48.4156,420.093,-662.36,-0.007
165752,632.5178,,0,static.unknown,,36.5711,-36.9196,0.0,51.9663,420.093,-662.359,-0.007
165753,632.5215,,0,static.unknown,,26.5468,-26.7998,0.0,37.7222,420.093,-662.358,-0.007
165754,632.5257,,0,static.unknown,,48.0958,-48.5542,0.0,68.3426,420.094,-662.358,-0.007
165755,632.5296,,0,static.unknown,,31.5053,-31.8055,0.0,44.768,420.094,-662.357,-0.007
165756,632.5333,,0,static.unknown,,38.3942,-38.7601,0.0,54.557,420.094,-662.356,-0.007
165757,632.5368,,0,static.unknown,,31.2408,-31.5385,0.0,44.3921,420.094,-662.356,-0.007
165758,632.5405,,0,static.unknown,,34.0131,-34.3372,0.0,48.3315,420.094,-662.355,-0.006
165759,632.5445,,0,static.unknown,,37.1606,-37.5148,0.0,52.8041,420.094,-662.354,-0.006
165760,632.5481,,0,static.unknown,,33.1164,-33.432,0.0,47.0573,420.094,-662.354,-0.006
165761,632.5518,,0,static.unknown,,33.69,-34.011,0.0,47.8724,420.094,-662.353,-0.006
165762,632.5555,,0,static.unknown,,34.638,-34.9681,0.0,49.2195,420.094,-662.353,-0.006
165763,632.5599,,0,static.unknown,,38.7318,-39.1009,0.0,55.0366,420.094,-662.352,-0.006
165764,632.5638,,0,static.unknown,,33.6444,-33.965,0.0,47.8077,420.094,-662.352,-0.006
165765,632.5676,,0,static.unknown,,35.3708,-35.7079,0.0,50.2608,420.094,-662.351,-0.006
165766,632.5715,,0,static.unknown,,35.5098,-35.8482,0.0,50.4583,420.094,-662.351,-0.006
165767,632.5757,,0,static.unknown,,29.1344,-29.412,0.0,41.399,420.094,-662.35,-0.006
165768,632.5795,,0,static.unknown,,35.5029,-35.8412,0.0,50.4484,420.095,-662.349,-0.006
165769,632.5831,,0,static.unknown,,39.1168,-39.4896,0.0,55.5837,420.095,-662.349,-0.006
165770,632.5869,,0,static.unknown,,30.2327,-30.5208,0.0,42.9597,420.095,-662.348,-0.006
165771,632.5907,,0,static.unknown,,34.1069,-34.4319,0.0,48.4648,420.095,-662.348,-0.006
165772,632.5948,,0,static.unknown,,31.9261,-32.2304,0.0,45.366,420.095,-662.347,-0.006
165773,632.5985,,0,static.unknown,,36.0899,-36.4338,0.0,51.2826,420.095,-662.347,-0.006
165774,632.6022,,0,static.unknown,,33.7435,-34.065,0.0,47.9484,420.095,-662.346,-0.006
165775,632.6061,,0,static.unknown,,32.4029,-32.7117,0.0,46.0435,420.095,-662.346,-0.006
165776,632.6103,,0,static.unknown,,37.8488,-38.2095,0.0,53.782,420.095,-662.345,-0.006
165777,632.6142,,0,static.unknown,,33.3475,-33.6653,0.0,47.3857,420.095,-662.345,-0.006
165778,632.6178,,0,static.unknown,,31.6278,-31.9293,0.0,44.9422,420.095,-662.344,-0.006
165779,632.6216,,0,static.unknown,,32.8624,-33.1756,0.0,46.6964,420.095,-662.344,-0.006
165780,632.6255,,0,static.unknown,,20.6731,-20.8701,0.0,29.3758,420.095,-662.343,-0.006
165781,632.6295,,0,static.unknown,,47.3353,-47.7864,0.0,67.2619,420.095,-662.343,-0.006
165782,632.6342,,0,static.unknown,,40.1615,-40.5443,0.0,57.0683,420.095,-662.342,-0.006
165783,632.6384,,0,static.unknown,,36.5716,-36.9201,0.0,51.9671,420.096,-662.342,-0.006
165784,632.6427,,0,static.unknown,,40.5606,-40.9472,0.0,57.6354,420.096,-662.341,-0.006
165785,632.6464,,0,static.unknown,,28.2034,-28.4722,0.0,40.0761,420.096,-662.341,-0.006
165786,632.6503,,0,static.unknown,,35.114,-35.4487,0.0,49.8959,420.096,-662.34,-0.006
165787,632.6542,,0,static.unknown,,33.2053,-33.5217,0.0,47.1837,420.096,-662.34,-0.006
165788,632.6583,,0,static.unknown,,30.6933,-30.9858,0.0,43.6143,420.096,-662.339,-0.006
165789,632.6626,,0,static.unknown,,41.9673,-42.3672,0.0,59.6342,420.096,-662.339,-0.005
165790,632.667,,0,static.unknown,,37.7078,-38.0671,0.0,53.5815,420.096,-662.338,-0.005
165791,632.6713,,0,static.unknown,,36.9757,-37.3281,0.0,52.5413,420.096,-662.338,-0.005
165792,632.6759,,0,static.unknown,,39.7128,-40.0913,0.0,56.4306,420.096,-662.337,-0.005
165793,632.6797,,0,static.unknown,,33.6713,-33.9922,0.0,47.8459,420.096,-662.336,-0.005
165794,632.6833,,0,static.unknown,,23.5043,-23.7283,0.0,33.3988,420.096,-662.336,-0.005
165795,632.6871,,0,static.unknown,,37.5724,-37.9305,0.0,53.3892,420.096,-662.336,-0.005
165796,632.6912,,0,static.unknown,,35.9288,-36.2712,0.0,51.0537,420.096,-662.335,-0.005
165797,632.6953,,0,static.unknown,,35.8051,-36.1463,0.0,50.8779,420.096,-662.335,-0.005
165798,632.699,,0,static.unknown,,30.7673,-31.0605,0.0,43.7193,420.096,-662.334,-0.005
165799,632.7026,,0,static.unknown,,30.3087,-30.5975,0.0,43.0677,420.096,-662.334,-0.005
165800,632.7067,,0,static.unknown,,37.5761,-37.9342,0.0,53.3944,420.097,-662.333,-0.005
165801,632.7109,,0,static.unknown,,35.4268,-35.7644,0.0,50.3403,420.097,-662.333,-0.005
165802,632.7146,,0,static.unknown,,34.3518,-34.6791,0.0,48.8128,420.097,-662.332,-0.005
165803,632.7183,,0,static.unknown,,28.7898,-29.0641,0.0,40.9093,420.097,-662.332,-0.005
165804,632.7221,,0,static.unknown,,30.6946,-30.9871,0.0,43.616,420.097,-662.331,-0.005
165805,632.7261,,0,static.unknown,,34.3018,-34.6287,0.0,48.7418,420.097,-662.331,-0.005
165806,632.7296,,0,static.unknown,,32.332,-32.6401,0.0,45.9428,420.097,-662.33,-0.005
165807,632.7336,,0,static.unknown,,32.0174,-32.3225,0.0,45.4957,420.097,-662.33,-0.005
165808,632.7372,,0,static.unknown,,28.6755,-28.9488,0.0,40.747,420.097,-662.33,-0.005
165809,632.7411,,0,static.unknown,,36.084,-36.4278,0.0,51.2741,420.097,-662.329,-0.005
165810,632.745,,0,static.unknown,,31.5181,-31.8184,0.0,44.7862,420.097,-662.329,-0.005
165811,632.7488,,0,static.unknown,,35.1789,-35.5142,0.0,49.9881,420.097,-662.328,-0.005
165812,632.7525,,0,static.unknown,,19.4529,-19.6383,0.0,27.642,420.097,-662.328,-0.005
165813,632.7564,,0,static.unknown,,43.9645,-44.3835,0.0,62.4722,420.097,-662.327,-0.005
165814,632.7604,,0,static.unknown,,27.9196,-28.1857,0.0,39.6729,420.097,-662.327,-0.005
165815,632.7643,,0,static.unknown,,38.1524,-38.5159,0.0,54.2133,420.097,-662.326,-0.005
165816,632.7681,,0,static.unknown,,30.8737,-31.1679,0.0,43.8705,420.097,-662.326,-0.005
165817,632.7721,,0,static.unknown,,35.0767,-35.4109,0.0,49.8428,420.098,-662.326,-0.005
165818,632.7759,,0,static.unknown,,32.9638,-33.2779,0.0,46.8405,420.098,-662.325,-0.005
165819,632.7798,,0,static.unknown,,32.3391,-32.6473,0.0,45.9528,420.098,-662.325,-0.005
165820,632.7837,,0,static.unknown,,32.9261,-33.2399,0.0,46.7869,420.098,-662.324,-0.005
165821,632.7875,,0,static.unknown,,30.4087,-30.6985,0.0,43.2098,420.098,-662.324,-0.005
165822,632.7915,,0,static.unknown,,35.4665,-35.8045,0.0,50.3967,420.098,-662.323,-0.005
165823,632.7955,,0,static.unknown,,29.858,-30.1425,0.0,42.4272,420.098,-662.323,-0.005
165824,632.7992,,0,static.unknown,,36.6169,-36.9658,0.0,52.0314,420.098,-662.322,-0.005
165825,632.8029,,0,static.unknown,,31.5979,-31.8991,0.0,44.8997,420.098,-662.322,-0.005
165826,632.8068,,0,static.unknown,,31.4413,-31.7409,0.0,44.6771,420.098,-662.322,-0.005
165827,632.8107,,0,static.unknown,,26.8308,-27.0865,0.0,38.1257,420.098,-662.321,-0.005
165828,632.8146,,0,static.unknown,,39.5794,-39.9566,0.0,56.2411,420.098,-662.321,-0.005
165829,632.8182,,0,static.unknown,,31.2859,-31.584,0.0,44.4562,420.098,-662.32,-0.005
165830,632.8219,,0,static.unknown,,27.6998,-27.9637,0.0,39.3605,420.098,-662.32,-0.005
165831,632.8261,,0,static.unknown,,37.5339,-37.8916,0.0,53.3345,420.098,-662.319,-0.005
165832,632.8299,,0,static.unknown,,32.9421,-33.2561,0.0,46.8097,420.098,-662.319,-0.005
165833,632.8336,,0,static.unknown,,13.5981,-13.7277,0.0,19.3225,420.098,-662.318,-0.005
165834,632.8372,,0,static.unknown,,46.2752,-46.7162,0.0,65.7556,420.098,-662.318,-0.005
165835,632.841,,0,static.unknown,,35.1736,-35.5088,0.0,49.9806,420.099,-662.318,-0.005
165836,632.8449,,0,static.unknown,,15.1215,-15.2656,0.0,21.4872,420.099,-662.317,-0.005
165837,632.8488,,0,static.unknown,,46.3463,-46.788,0.0,65.8566,420.099,-662.317,-0.005
165838,632.8525,,0,static.unknown,,29.3382,-29.6178,0.0,41.6887,420.099,-662.316,-0.005
165839,632.8564,,0,static.unknown,,36.3645,-36.7111,0.0,51.6728,420.099,-662.316,-0.005
165840,632.8605,,0,static.unknown,,24.7547,-24.9906,0.0,35.1757,420.099,-662.315,-0.005
165841,632.8642,,0,static.unknown,,38.4021,-38.7681,0.0,54.5682,420.099,-662.315,-0.005
165842,632.8678,,0,static.unknown,,33.36,-33.6779,0.0,47.4035,420.099,-662.314,-0.005
165843,632.8715,,0,static.unknown,,26.0227,-26.2707,0.0,36.9774,420.099,-662.314,-0.005
165844,632.8753,,0,static.unknown,,35.9952,-36.3382,0.0,51.148,420.099,-662.314,-0.005
165845,632.8791,,0,static.unknown,,27.8493,-28.1147,0.0,39.573,420.099,-662.313,-0.005
165846,632.8826,,0,static.unknown,,28.1548,-28.4231,0.0,40.0071,420.099,-662.313,-0.005
165847,632.8863,,0,static.unknown,,35.1014,-35.4359,0.0,49.878,420.099,-662.312,-0.005
165848,632.8899,,0,static.unknown,,28.8888,-29.1641,0.0,41.0501,420.099,-662.312,-0.005
165849,632.894,,0,static.unknown,,28.1457,-28.4139,0.0,39.9941,420.099,-662.311,-0.005
165850,632.8977,,0,static.unknown,,38.4994,-38.8662,0.0,54.7064,420.1,-662.311,-0.005
165851,632.9012,,0,static.unknown,,24.026,-24.2549,0.0,34.1401,420.1,-662.311,-0.005
165852,632.9048,,0,static.unknown,,34.2605,-34.587,0.0,48.6831,420.1,-662.31,-0.005
165853,632.9088,,0,static.unknown,,25.8431,-26.0894,0.0,36.7222,420.1,-662.31,-0.005
165854,632.9127,,0,static.unknown,,39.6139,-39.9914,0.0,56.2901,420.1,-662.309,-0.005
165855,632.9162,,0,static.unknown,,27.8582,-28.1236,0.0,39.5856,420.1,-662.309,-0.005
165856,632.92,,0,static.unknown,,23.9692,-24.1976,0.0,34.0594,420.1,-662.308,-0.005
165857,632.9237,,0,static.unknown,,39.6569,-40.0348,0.0,56.3512,420.1,-662.308,-0.005
165858,632.9275,,0,static.unknown,,30.6016,-30.8932,0.0,43.4839,420.1,-662.308,-0.005
165859,632.9313,,0,static.unknown,,30.2399,-30.5281,0.0,42.9699,420.1,-662.307,-0.005
165860,632.935,,0,static.unknown,,28.6072,-28.8798,0.0,40.6499,420.1,-662.307,-0.005
165861,632.9387,,0,static.unknown,,32.5435,-32.8537,0.0,46.2433,420.1,-662.306,-0.005
165862,632.9424,,0,static.unknown,,29.3357,-29.6153,0.0,41.6851,420.1,-662.306,-0.005
165863,632.9461,,0,static.unknown,,26.1782,-26.4277,0.0,37.1984,420.1,-662.306,-0.005
165864,632.9498,,0,static.unknown,,35.7187,-36.0591,0.0,50.7552,420.1,-662.305,-0.005
165865,632.9535,,0,static.unknown,,25.3463,-25.5879,0.0,36.0163,420.1,-662.305,-0.005
165866,632.9576,,0,static.unknown,,38.7231,-39.0922,0.0,55.0243,420.1,-662.304,-0.005
165867,632.9615,,0,static.unknown,,29.9922,-30.278,0.0,42.618,420.101,-662.304,-0.005
165868,632.9652,,0,static.unknown,,26.0215,-26.2694,0.0,36.9757,420.101,-662.304,-0.005
165869,632.9688,,0,static.unknown,,31.9575,-32.2621,0.0,45.4106,420.101,-662.303,-0.005
165870,632.9727,,0,static.unknown,,34.1862,-34.512,0.0,48.5776,420.101,-662.303,-0.005
165871,632.9768,,0,static.unknown,,34.2544,-34.5808,0.0,48.6744,420.101,-662.302,-0.005
165872,632.9805,,0,static.unknown,,29.2153,-29.4937,0.0,41.514,420.101,-662.302,-0.005
165873,632.9842,,0,static.unknown,,28.9,-29.1754,0.0,41.0659,420.101,-662.301,-0.005
165874,632.9878,,0,static.unknown,,31.3614,-31.6602,0.0,44.5635,420.101,-662.301,-0.005
165875,632.9916,,0,static.unknown,,27.7636,-28.0282,0.0,39.4513,420.101,-662.301,-0.005
165876,632.9956,,0,static.unknown,,33.0629,-33.378,0.0,46.9814,420.101,-662.3,-0.005
165877,632.9994,,0,static.unknown,,27.2065,-27.4657,0.0,38.6595,420.101,-662.3,-0.005
165878,633.003,,0,static.unknown,,32.5532,-32.8634,0.0,46.257,420.101,-662.299,-0.005
165879,633.0067,,0,static.unknown,,25.6306,-25.8748,0.0,36.4202,420.101,-662.299,-0.005
165880,633.0107,,0,static.unknown,,37.7016,-38.0608,0.0,53.5727,420.101,-662.299,-0.005
165881,633.0144,,0,static.unknown,,25.8167,-26.0627,0.0,36.6847,420.101,-662.298,-0.005
165882,633.0181,,0,static.unknown,,30.2669,-30.5553,0.0,43.0082,420.101,-662.298,-0.005
165883,633.0217,,0,static.unknown,,27.8808,-28.1465,0.0,39.6177,420.101,-662.297,-0.005
165884,633.0259,,0,static.unknown,,32.6535,-32.9647,0.0,46.3996,420.102,-662.297,-0.005
165885,633.03,,0,static.unknown,,34.172,-34.4977,0.0,48.5574,420.102,-662.297,-0.005
165886,633.034,,0,static.unknown,,19.5049,-19.6908,0.0,27.7158,420.102,-662.296,-0.005
165887,633.0378,,0,static.unknown,,38.8129,-39.1828,0.0,55.1519,420.102,-662.296,-0.005
165888,633.0416,,0,static.unknown,,31.4004,-31.6996,0.0,44.6189,420.102,-662.295,-0.005
165889,633.0454,,0,static.unknown,,15.7961,-15.9466,0.0,22.4457,420.102,-662.295,-0.005
165890,633.0488,,0,static.unknown,,33.4065,-33.7248,0.0,47.4695,420.102,-662.295,-0.005
165891,633.0522,,0,static.unknown,,24.0227,-24.2516,0.0,34.1355,420.102,-662.294,-0.005
165892,633.0564,,0,static.unknown,,28.0701,-28.3376,0.0,39.8867,420.102,-662.294,-0.005
165893,633.0614,,0,static.unknown,,28.676,-28.9492,0.0,40.7476,420.102,-662.294,-0.005
165894,633.0655,,0,static.unknown,,25.2459,-25.4865,0.0,35.8736,420.102,-662.293,-0.005
165895,633.0699,,0,static.unknown,,30.2183,-30.5063,0.0,42.9392,420.102,-662.293,-0.005
165896,633.0739,,0,static.unknown,,23.8217,-24.0487,0.0,33.8499,420.102,-662.292,-0.005
165897,633.0781,,0,static.unknown,,31.9035,-32.2075,0.0,45.3338,420.102,-662.292,-0.005
165898,633.082,,0,static.unknown,,22.3846,-22.5979,0.0,31.8077,420.102,-662.292,-0.005
165899,633.086,,0,static.unknown,,27.5003,-27.7624,0.0,39.0771,420.102,-662.291,-0.005
165900,633.0901,,0,static.unknown,,18.7738,-18.9527,0.0,26.677,420.102,-662.291,-0.005
165901,633.0939,,0,static.unknown,,28.3684,-28.6388,0.0,40.3106,420.102,-662.291,-0.005
165902,633.0975,,0,static.unknown,,22.0642,-22.2745,0.0,31.3526,420.103,-662.291,-0.005
165903,633.1013,,0,static.unknown,,27.1426,-27.4013,0.0,38.5688,420.103,-662.29,-0.005
165904,633.1049,,0,static.unknown,,8.2414,-8.3199,0.0,11.7107,420.103,-662.29,-0.005
165905,633.1088,,0,static.unknown,,34.2618,-34.5883,0.0,48.6849,420.103,-662.29,-0.005
165906,633.1126,,0,static.unknown,,24.3272,-24.559,0.0,34.5682,420.103,-662.289,-0.005
165907,633.1165,,0,static.unknown,,20.899,-21.0982,0.0,29.6968,420.103,-662.289,-0.005
165908,633.1204,,0,static.unknown,,28.1515,-28.4198,0.0,40.0024,420.103,-662.289,-0.005
165909,633.1242,,0,static.unknown,,1.251,-1.2629,0.0,1.7776,420.103,-662.288,-0.005
165910,633.1283,,0,static.unknown,,43.5537,-43.9688,0.0,61.8884,420.103,-662.288,-0.006
165911,633.1319,,0,static.unknown,,20.1637,-20.3559,0.0,28.652,420.103,-662.288,-0.006
165912,633.1357,,0,static.unknown,,18.0042,-18.1757,0.0,25.5833,420.103,-662.287,-0.006
165913,633.1396,,0,static.unknown,,20.9483,-21.148,0.0,29.7669,420.103,-662.287,-0.006
165914,633.1439,,0,static.unknown,,22.3123,-22.5249,0.0,31.7051,420.103,-662.287,-0.006
165915,633.1477,,0,static.unknown,,25.1926,-25.4327,0.0,35.7979,420.103,-662.286,-0.006
165916,633.1515,,0,static.unknown,,22.9063,-23.1246,0.0,32.5491,420.103,-662.286,-0.006
165917,633.1553,,0,static.unknown,,20.255,-20.448,0.0,28.7817,420.103,-662.286,-0.006
165918,633.159,,0,static.unknown,,26.0477,-26.2959,0.0,37.013,420.104,-662.286,-0.006
165919,633.1628,,0,static.unknown,,15.4903,-15.638,0.0,22.0113,420.104,-662.285,-0.006
165920,633.1665,,0,static.unknown,,25.4648,-25.7075,0.0,36.1847,420.104,-662.285,-0.006
165921,633.1701,,0,static.unknown,,5.2554,-5.3055,0.0,7.4678,420.104,-662.285,-0.006
165922,633.1743,,0,static.unknown,,33.0987,-33.4141,0.0,47.0321,420.104,-662.284,-0.006
165923,633.1786,,0,static.unknown,,9.0846,-9.1712,0.0,12.909,420.104,-662.284,-0.006
165924,633.1827,,0,static.unknown,,27.9454,-28.2117,0.0,39.7095,420.104,-662.284,-0.006
165925,633.1864,,0,static.unknown,,27.8349,-28.1002,0.0,39.5526,420.104,-662.283,-0.006
165926,633.1906,,0,static.unknown,,17.6102,-17.778,0.0,25.0235,420.104,-662.283,-0.006
165927,633.1947,,0,static.unknown,,20.4296,-20.6243,0.0,29.0298,420.104,-662.283,-0.006
165928,633.1987,,0,static.unknown,,17.2073,-17.3713,0.0,24.4511,420.104,-662.283,-0.006
165929,633.2024,,0,static.unknown,,19.9837,-20.1742,0.0,28.3963,420.104,-662.282,-0.006
165930,633.2064,,0,static.unknown,,14.5646,-14.7034,0.0,20.6958,420.104,-662.282,-0.006
165931,633.2109,,0,static.unknown,,19.7672,-19.9555,0.0,28.0885,420.104,-662.282,-0.006
165932,633.215,,0,static.unknown,,30.0179,-30.3039,0.0,42.6544,420.104,-662.282,-0.006
165933,633.2187,,0,static.unknown,,4.7566,-4.802,0.0,6.759,420.104,-662.281,-0.006
165934,633.2224,,0,static.unknown,,30.903,-31.1975,0.0,43.9121,420.104,-662.281,-0.006
165935,633.2269,,0,static.unknown,,5.3048,-5.3553,0.0,7.5379,420.104,-662.281,-0.006
165936,633.2306,,0,static.unknown,,21.187,-21.3889,0.0,30.106,420.105,-662.281,-0.006
165937,633.2343,,0,static.unknown,,26.0476,-26.2958,0.0,37.0127,420.105,-662.281,-0.006
165938,633.2379,,0,static.unknown,,21.3304,-21.5337,0.0,30.3098,420.105,-662.28,-0.006
165940,633.2457,,0,static.unknown,,28.5228,-28.7946,0.0,40.5299,420.105,-662.28,-0.006
165941,633.2493,,0,static.unknown,,4.6332,-4.6773,0.0,6.5836,420.105,-662.28,-0.006
165942,633.2529,,0,static.unknown,,27.8197,-28.0848,0.0,39.531,420.105,-662.279,-0.006
165943,633.2565,,0,static.unknown,,25.8451,-26.0914,0.0,36.7251,420.105,-662.279,-0.006
165944,633.2608,,0,static.unknown,,11.626,-11.7368,0.0,16.5202,420.105,-662.279,-0.006
165945,633.2645,,0,static.unknown,,22.8666,-23.0846,0.0,32.4928,420.105,-662.279,-0.006
165947,633.2721,,0,static.unknown,,31.2256,-31.5231,0.0,44.3705,420.106,-662.278,-0.006
165948,633.2762,,0,static.unknown,,17.9917,-18.1631,0.0,25.5656,420.106,-662.278,-0.006
165949,633.2802,,0,static.unknown,,10.2152,-10.3125,0.0,14.5154,420.106,-662.278,-0.006
165950,633.2837,,0,static.unknown,,26.201,-26.4507,0.0,37.2308,420.106,-662.278,-0.006
165951,633.2874,,0,static.unknown,,19.072,-19.2537,0.0,27.1007,420.106,-662.277,-0.006
165952,633.2915,,0,static.unknown,,5.7367,-5.7914,0.0,8.1517,420.106,-662.277,-0.006
165953,633.2953,,0,static.unknown,,30.2688,-30.5572,0.0,43.011,420.106,-662.277,-0.006
165954,633.2988,,0,static.unknown,,5.4073,-5.4588,0.0,7.6836,420.106,-662.277,-0.006
165955,633.3028,,0,static.unknown,,23.0111,-23.2304,0.0,32.698,420.106,-662.276,-0.006
165956,633.3066,,0,static.unknown,,22.5459,-22.7608,0.0,32.037,420.106,-662.276,-0.006
165957,633.3107,,0,static.unknown,,18.7356,-18.9141,0.0,26.6227,420.106,-662.276,-0.006
165958,633.3144,,0,static.unknown,,6.1698,-6.2286,0.0,8.7671,420.106,-662.276,-0.006
165959,633.3181,,0,static.unknown,,23.2744,-23.4962,0.0,33.0722,420.106,-662.276,-0.006
165960,633.3216,,0,static.unknown,,16.8639,-17.0246,0.0,23.9631,420.106,-662.275,-0.006
165961,633.3256,,0,static.unknown,,21.3633,-21.5669,0.0,30.3566,420.106,-662.275,-0.006
165962,633.3293,,0,static.unknown,,18.4553,-18.6312,0.0,26.2244,420.106,-662.275,-0.006
165963,633.333,,0,static.unknown,,8.6968,-8.7797,0.0,12.3579,420.106,-662.275,-0.006
165964,633.3369,,0,static.unknown,,26.7215,-26.9762,0.0,37.9704,420.106,-662.275,-0.006
165965,633.3406,,0,static.unknown,,11.0448,-11.15,0.0,15.6942,420.106,-662.274,-0.006
165966,633.3447,,0,static.unknown,,18.9464,-19.127,0.0,26.9222,420.106,-662.274,-0.006
165967,633.3485,,0,static.unknown,,16.3731,-16.5291,0.0,23.2656,420.106,-662.274,-0.006
165968,633.3521,,0,static.unknown,,14.5049,-14.6431,0.0,20.611,420.106,-662.274,-0.006
165969,633.3558,,0,static.unknown,,18.8248,-19.0042,0.0,26.7495,420.106,-662.274,-0.006
165970,633.3601,,0,static.unknown,,5.4341,-5.4859,0.0,7.7217,420.106,-662.273,-0.006
165971,633.3637,,0,static.unknown,,30.4713,-30.7617,0.0,43.2988,420.107,-662.273,-0.006
165972,633.3675,,0,static.unknown,,13.4159,-13.5438,0.0,19.0636,420.107,-662.273,-0.007
165973,633.3709,,0,static.unknown,,11.8488,-11.9618,0.0,16.8368,420.107,-662.273,-0.007
165974,633.3745,,0,static.unknown,,18.7577,-18.9364,0.0,26.654,420.107,-662.273,-0.007
165975,633.3783,,0,static.unknown,,22.0339,-22.2438,0.0,31.3094,420.107,-662.272,-0.007
165976,633.3823,,0,static.unknown,,5.9856,-6.0427,0.0,8.5054,420.107,-662.272,-0.007
165977,633.3864,,0,static.unknown,,26.8997,-27.156,0.0,38.2236,420.107,-662.272,-0.007
165978,633.3906,,0,static.unknown,,2.0257,-2.045,0.0,2.8785,420.107,-662.272,-0.007
165979,633.3951,,0,static.unknown,,32.0851,-32.3909,0.0,45.5919,420.107,-662.272,-0.007
165980,633.3992,,0,static.unknown,,19.9405,-20.1305,0.0,28.3348,420.107,-662.271,-0.007
165981,633.4031,,0,static.unknown,,9.8852,-9.9794,0.0,14.0466,420.107,-662.271,-0.007
165982,633.4071,,0,static.unknown,,5.1715,-5.2208,0.0,7.3486,420.107,-662.271,-0.007
165983,633.4131,,0,static.unknown,,27.0872,-27.3453,0.0,38.4901,420.107,-662.271,-0.007
165984,633.4166,,0,static.unknown,,18.0571,-18.2292,0.0,25.6585,420.107,-662.27,-0.007
165985,633.4202,,0,static.unknown,,6.067,-6.1248,0.0,8.621,420.107,-662.27,-0.007
165986,633.4237,,0,static.unknown,,22.6286,-22.8442,0.0,32.1545,420.107,-662.27,-0.007
165987,633.4274,,0,static.unknown,,17.42,-17.586,0.0,24.7533,420.107,-662.27,-0.007
165988,633.433,,0,static.unknown,,18.1833,-18.3565,0.0,25.8378,420.107,-662.27,-0.007
165989,633.4366,,0,static.unknown,,24.6953,-24.9306,0.0,35.0912,420.107,-662.269,-0.007
165990,633.4409,,0,static.unknown,,18.7517,-18.9304,0.0,26.6455,420.107,-662.269,-0.007
165991,633.445,,0,static.unknown,,14.6485,-14.7881,0.0,20.8151,420.107,-662.269,-0.007
165992,633.4484,,0,static.unknown,,21.2647,-21.4674,0.0,30.2165,420.107,-662.269,-0.007
165993,633.4519,,0,static.unknown,,12.0402,-12.155,0.0,17.1088,420.108,-662.268,-0.007
165994,633.455,,0,static.unknown,,13.4523,-13.5805,0.0,19.1153,420.108,-662.268,-0.007
165995,633.4582,,0,static.unknown,,16.4111,-16.5675,0.0,23.3197,420.108,-662.268,-0.007
165996,633.4627,,0,static.unknown,,5.9204,-5.9768,0.0,8.4127,420.108,-662.268,-0.007
165997,633.4659,,0,static.unknown,,24.5773,-24.8116,0.0,34.9236,420.108,-662.268,-0.007
165998,633.4691,,0,static.unknown,,22.4751,-22.6893,0.0,31.9364,420.108,-662.267,-0.007
165999,633.4726,,0,static.unknown,,17.5346,-17.7017,0.0,24.9161,420.108,-662.267,-0.007
166000,633.4773,,0,static.unknown,,14.7754,-14.9162,0.0,20.9954,420.108,-662.267,-0.007
166001,633.4809,,0,static.unknown,,3.2573,-3.2883,0.0,4.6285,420.108,-662.267,-0.007
166002,633.4843,,0,static.unknown,,18.7191,-18.8975,0.0,26.5992,420.108,-662.267,-0.007
166003,633.4879,,0,static.unknown,,24.2868,-24.5182,0.0,34.5107,420.108,-662.266,-0.007
166004,633.4915,,0,static.unknown,,14.8003,-14.9414,0.0,21.0308,420.108,-662.266,-0.007
166005,633.4958,,0,static.unknown,,20.9034,-21.1026,0.0,29.703,420.108,-662.266,-0.007
166006,633.4992,,0,static.unknown,,20.977,-21.1769,0.0,29.8077,420.108,-662.266,-0.007
166007,633.5027,,0,static.unknown,,1.0852,-1.0955,0.0,1.542,420.108,-662.265,-0.007
166008,633.5068,,0,static.unknown,,25.1885,-25.4285,0.0,35.792,420.108,-662.265,-0.007
166009,633.5101,,0,static.unknown,,20.1801,-20.3724,0.0,28.6752,420.108,-662.265,-0.007
166010,633.5139,,0,static.unknown,,11.7323,-11.8441,0.0,16.6712,420.108,-662.265,-0.007
166011,633.5175,,0,static.unknown,,17.3737,-17.5393,0.0,24.6875,420.108,-662.265,-0.007
166012,633.5208,,0,static.unknown,,15.6867,-15.8362,0.0,22.2903,420.108,-662.264,-0.007
166013,633.5245,,0,static.unknown,,16.1102,-16.2637,0.0,22.8921,420.108,-662.264,-0.007
166014,633.5286,,0,static.unknown,,1.0378,-1.0477,0.0,1.4747,420.108,-662.264,-0.007
166015,633.5324,,0,static.unknown,,34.1564,-34.4819,0.0,48.5351,420.109,-662.264,-0.007
166016,633.536,,0,static.unknown,,8.6304,-8.7127,0.0,12.2636,420.109,-662.264,-0.007
166017,633.5397,,0,static.unknown,,23.4851,-23.7089,0.0,33.3715,420.109,-662.263,-0.007
166018,633.5432,,0,static.unknown,,16.0372,-16.19,0.0,22.7883,420.109,-662.263,-0.007
166019,633.5469,,0,static.unknown,,11.8302,-11.943,0.0,16.8104,420.109,-662.263,-0.007
166020,633.5505,,0,static.unknown,,18.6558,-18.8335,0.0,26.5092,420.109,-662.263,-0.007
166021,633.554,,0,static.unknown,,4.8272,-4.8732,0.0,6.8593,420.109,-662.263,-0.007
166022,633.5577,,0,static.unknown,,30.6644,-30.9566,0.0,43.5731,420.109,-662.263,-0.007
166023,633.5616,,0,static.unknown,,16.0941,-16.2475,0.0,22.8692,420.109,-662.262,-0.007
166024,633.5651,,0,static.unknown,,8.6366,-8.7189,0.0,12.2723,420.109,-662.262,-0.007
166025,633.5685,,0,static.unknown,,23.9133,-24.1412,0.0,33.98,420.109,-662.262,-0.007
166026,633.5721,,0,static.unknown,,10.9375,-11.0418,0.0,15.5419,420.109,-662.262,-0.007
166027,633.576,,0,static.unknown,,14.2377,-14.3734,0.0,20.2313,420.109,-662.261,-0.007
166028,633.5798,,0,static.unknown,,14.7446,-14.8852,0.0,20.9517,420.109,-662.261,-0.007
166029,633.5832,,0,static.unknown,,1.8954,-1.9135,0.0,2.6933,420.109,-662.261,-0.007
166030,633.5869,,0,static.unknown,,30.2099,-30.4978,0.0,42.9274,420.109,-662.261,-0.007
166031,633.5908,,0,static.unknown,,14.1818,-14.317,0.0,20.1519,420.109,-662.261,-0.007
166032,633.5949,,0,static.unknown,,18.6915,-18.8696,0.0,26.56,420.109,-662.26,-0.007
166033,633.5985,,0,static.unknown,,5.6399,-5.6936,0.0,8.0141,420.109,-662.26,-0.007
166034,633.6017,,0,static.unknown,,31.7055,-32.0076,0.0,45.0525,420.109,-662.26,-0.007
166035,633.6047,,0,static.unknown,,6.0422,-6.0998,0.0,8.5858,420.109,-662.26,-0.007
166036,633.6088,,0,static.unknown,,19.746,-19.9342,0.0,28.0585,420.11,-662.26,-0.007
166037,633.6126,,0,static.unknown,,14.6034,-14.7426,0.0,20.751,420.11,-662.259,-0.007
166038,633.6161,,0,static.unknown,,4.1833,-4.2232,0.0,5.9444,420.11,-662.259,-0.007
166039,633.6196,,0,static.unknown,,27.3935,-27.6546,0.0,38.9253,420.11,-662.259,-0.007
166040,633.6234,,0,static.unknown,,16.3407,-16.4964,0.0,23.2196,420.11,-662.259,-0.007
166041,633.6273,,0,static.unknown,,18.565,-18.7419,0.0,26.3802,420.11,-662.258,-0.007
166042,633.631,,0,static.unknown,,12.5359,-12.6554,0.0,17.8132,420.11,-662.258,-0.007
166043,633.6351,,0,static.unknown,,1.0539,-1.0639,0.0,1.4975,420.11,-662.258,-0.007
166044,633.6386,,0,static.unknown,,32.1008,-32.4067,0.0,45.6142,420.11,-662.258,-0.007
166045,633.6423,,0,static.unknown,,25.2365,-25.477,0.0,35.8602,420.11,-662.258,-0.007
166046,633.6461,,0,static.unknown,,7.663,-7.736,0.0,10.8889,420.11,-662.258,-0.007
166047,633.6496,,0,static.unknown,,18.2126,-18.3862,0.0,25.8796,420.11,-662.257,-0.007
166048,633.6532,,0,static.unknown,,5.6004,-5.6538,0.0,7.958,420.11,-662.257,-0.007
166049,633.6573,,0,static.unknown,,26.3976,-26.6491,0.0,37.5101,420.11,-662.257,-0.007
166050,633.6612,,0,static.unknown,,8.5152,-8.5964,0.0,12.0999,420.11,-662.257,-0.007
166051,633.6648,,0,static.unknown,,9.9141,-10.0086,0.0,14.0877,420.11,-662.257,-0.007
166052,633.6692,,0,static.unknown,,20.7257,-20.9232,0.0,29.4505,420.11,-662.256,-0.007
166053,633.6739,,0,static.unknown,,3.5486,-3.5825,0.0,5.0425,420.11,-662.256,-0.007
166054,633.6784,,0,static.unknown,,27.9887,-28.2555,0.0,39.7711,420.11,-662.256,-0.007
166055,633.6825,,0,static.unknown,,15.0941,-15.2379,0.0,21.4482,420.111,-662.256,-0.007
166056,633.6865,,0,static.unknown,,17.0524,-17.2149,0.0,24.2309,420.11,-662.256,-0.007
166057,633.6904,,0,static.unknown,,18.3494,-18.5243,0.0,26.0739,420.111,-662.255,-0.007
166058,633.6944,,0,static.unknown,,13.9409,-14.0737,0.0,19.8095,420.111,-662.255,-0.007
166059,633.6984,,0,static.unknown,,3.1356,-3.1655,0.0,4.4556,420.111,-662.255,-0.007
166060,633.7022,,0,static.unknown,,23.3187,-23.541,0.0,33.1352,420.111,-662.255,-0.007
166061,633.7061,,0,static.unknown,,11.6292,-11.74,0.0,16.5247,420.111,-662.255,-0.007
166062,633.7097,,0,static.unknown,,19.3933,-19.5781,0.0,27.5573,420.111,-662.255,-0.007
166063,633.7137,,0,static.unknown,,11.4835,-11.5929,0.0,16.3176,420.111,-662.254,-0.007
166064,633.7173,,0,static.unknown,,20.2736,-20.4668,0.0,28.8081,420.111,-662.254,-0.007
166066,633.7246,,0,static.unknown,,18.9474,-19.1279,0.0,26.9236,420.111,-662.254,-0.007
166067,633.7284,,0,static.unknown,,28.4642,-28.7354,0.0,40.4467,420.111,-662.254,-0.007
166068,633.7322,,0,static.unknown,,4.8105,-4.8563,0.0,6.8355,420.111,-662.253,-0.007
166069,633.7359,,0,static.unknown,,14.5404,-14.679,0.0,20.6614,420.111,-662.253,-0.007
166070,633.7395,,0,static.unknown,,17.0936,-17.2565,0.0,24.2895,420.111,-662.253,-0.007
166071,633.7433,,0,static.unknown,,22.3638,-22.5769,0.0,31.7783,420.111,-662.253,-0.007
166072,633.7471,,0,static.unknown,,4.6332,-4.6773,0.0,6.5836,420.111,-662.253,-0.007
166073,633.7508,,0,static.unknown,,28.7836,-29.0579,0.0,40.9005,420.111,-662.253,-0.007
166074,633.7543,,0,static.unknown,,6.202,-6.2611,0.0,8.8128,420.111,-662.252,-0.007
166075,633.758,,0,static.unknown,,0.4677,-0.4722,0.0,0.6646,420.111,-662.252,-0.007
166076,633.7619,,0,static.unknown,,39.8763,-40.2563,0.0,56.6629,420.112,-662.252,-0.007
166077,633.7656,,0,static.unknown,,12.8161,-12.9382,0.0,18.2112,420.112,-662.252,-0.007
166078,633.7691,,0,static.unknown,,17.0978,-17.2607,0.0,24.2954,420.112,-662.251,-0.007
166079,633.7727,,0,static.unknown,,14.6138,-14.753,0.0,20.7657,420.112,-662.251,-0.007
166081,633.7805,,0,static.unknown,,33.8409,-34.1634,0.0,48.0869,420.112,-662.251,-0.007
166082,633.7842,,0,static.unknown,,13.994,-14.1274,0.0,19.885,420.112,-662.251,-0.007
166083,633.7877,,0,static.unknown,,1.6911,-1.7073,0.0,2.403,420.112,-662.25,-0.007
166084,633.7914,,0,static.unknown,,23.6313,-23.8565,0.0,33.5793,420.112,-662.25,-0.007
166085,633.7951,,0,static.unknown,,14.698,-14.8381,0.0,20.8854,420.112,-662.25,-0.007
166086,633.7989,,0,static.unknown,,22.3511,-22.5641,0.0,31.7602,420.112,-662.25,-0.007
166087,633.8025,,0,static.unknown,,14.5227,-14.6611,0.0,20.6363,420.112,-662.25,-0.007
166089,633.8103,,0,static.unknown,,5.4379,-5.4897,0.0,7.7271,420.112,-662.249,-0.007
166090,633.8143,,0,static.unknown,,34.2705,-34.5971,0.0,48.6973,420.112,-662.249,-0.007
166091,633.818,,0,static.unknown,,21.896,-22.1047,0.0,31.1136,420.113,-662.249,-0.007
166092,633.8215,,0,static.unknown,,8.8479,-8.9322,0.0,12.5726,420.113,-662.249,-0.007
166093,633.8253,,0,static.unknown,,23.9389,-24.167,0.0,34.0163,420.113,-662.248,-0.007
166094,633.8293,,0,static.unknown,,14.5877,-14.7267,0.0,20.7286,420.113,-662.248,-0.007
166095,633.833,,0,static.unknown,,12.9067,-13.0297,0.0,18.34,420.113,-662.248,-0.007
166097,633.8401,,0,static.unknown,,24.3286,-24.5605,0.0,34.5702,420.113,-662.248,-0.007
166098,633.844,,0,static.unknown,,17.8721,-18.0424,0.0,25.3957,420.113,-662.247,-0.007
166099,633.8476,,0,static.unknown,,24.4966,-24.7301,0.0,34.8089,420.113,-662.247,-0.007
166100,633.8513,,0,static.unknown,,11.0975,-11.2033,0.0,15.7692,420.113,-662.247,-0.007
166101,633.8548,,0,static.unknown,,6.4512,-6.5127,0.0,9.1669,420.113,-662.247,-0.007
166102,633.8588,,0,static.unknown,,20.0187,-20.2095,0.0,28.4459,420.113,-662.247,-0.007
166103,633.8625,,0,static.unknown,,24.2195,-24.4503,0.0,34.4152,420.113,-662.246,-0.007
166104,633.8661,,0,static.unknown,,9.2111,-9.2989,0.0,13.0887,420.113,-662.246,-0.007
166105,633.8695,,0,static.unknown,,12.8915,-13.0143,0.0,18.3183,420.113,-662.246,-0.007
166106,633.873,,0,static.unknown,,15.1944,-15.3392,0.0,21.5907,420.113,-662.246,-0.007
166107,633.8766,,0,static.unknown,,10.8392,-10.9425,0.0,15.4021,420.113,-662.246,-0.007
166108,633.8801,,0,static.unknown,,22.3277,-22.5405,0.0,31.727,420.113,-662.246,-0.007
166110,633.8866,,0,static.unknown,,13.0226,-13.1468,0.0,18.5048,420.113,-662.245,-0.007
166111,633.8914,,0,static.unknown,,21.9766,-22.1861,0.0,31.2281,420.113,-662.245,-0.007
166112,633.8953,,0,static.unknown,,22.4065,-22.62,0.0,31.8389,420.113,-662.245,-0.007
166113,633.8993,,0,static.unknown,,16.7715,-16.9314,0.0,23.8318,420.114,-662.245,-0.007
166114,633.9034,,0,static.unknown,,13.3322,-13.4593,0.0,18.9447,420.114,-662.244,-0.007
166115,633.9071,,0,static.unknown,,12.7695,-12.8912,0.0,18.145,420.114,-662.244,-0.007
166116,633.9115,,0,static.unknown,,15.2518,-15.3971,0.0,21.6723,420.114,-662.244,-0.007
166117,633.9157,,0,static.unknown,,12.555,-12.6746,0.0,17.8402,420.114,-662.244,-0.007
166118,633.9196,,0,static.unknown,,27.3508,-27.6114,0.0,38.8646,420.114,-662.244,-0.007
166119,633.9238,,0,static.unknown,,13.7811,-13.9124,0.0,19.5825,420.114,-662.243,-0.007
166120,633.9279,,0,static.unknown,,11.3828,-11.4913,0.0,16.1746,420.114,-662.243,-0.007
166121,633.9317,,0,static.unknown,,22.9169,-23.1353,0.0,32.5641,420.114,-662.243,-0.007
166122,633.9355,,0,static.unknown,,14.4678,-14.6056,0.0,20.5582,420.114,-662.243,-0.007
166123,633.9393,,0,static.unknown,,11.9011,-12.0145,0.0,16.9111,420.114,-662.243,-0.007
166124,633.9429,,0,static.unknown,,24.1371,-24.3671,0.0,34.298,420.114,-662.242,-0.007
166125,633.9471,,0,static.unknown,,12.232,-12.3486,0.0,17.3814,420.114,-662.242,-0.007
166126,633.9509,,0,static.unknown,,24.5249,-24.7587,0.0,34.8492,420.114,-662.242,-0.006
166127,633.9547,,0,static.unknown,,11.0129,-11.1179,0.0,15.649,420.114,-662.242,-0.006
166128,633.9591,,0,static.unknown,,10.8034,-10.9063,0.0,15.3512,420.114,-662.242,-0.006
166129,633.9633,,0,static.unknown,,21.5898,-21.7955,0.0,30.6784,420.114,-662.241,-0.006
166130,633.9671,,0,static.unknown,,9.9167,-10.0112,0.0,14.0913,420.114,-662.241,-0.006
166131,633.9714,,0,static.unknown,,23.9997,-24.2284,0.0,34.1028,420.114,-662.241,-0.006
166132,633.9752,,0,static.unknown,,12.2082,-12.3246,0.0,17.3475,420.114,-662.241,-0.006
166133,633.9793,,0,static.unknown,,20.8169,-21.0153,0.0,29.5802,420.114,-662.241,-0.006
166134,633.9833,,0,static.unknown,,8.5138,-8.595,0.0,12.0979,420.114,-662.24,-0.006
166135,633.9867,,0,static.unknown,,27.1707,-27.4296,0.0,38.6087,420.115,-662.24,-0.006
166136,633.9903,,0,static.unknown,,15.4613,-15.6087,0.0,21.9701,420.115,-662.24,-0.006
166137,633.9945,,0,static.unknown,,13.3411,-13.4682,0.0,18.9572,420.115,-662.24,-0.006
166138,633.9983,,0,static.unknown,,0.1105,-0.1115,0.0,0.157,420.114,-662.24,-0.006
166139,634.0023,,0,static.unknown,,24.7392,-24.975,0.0,35.1536,420.115,-662.239,-0.006
166140,634.0059,,0,static.unknown,,19.722,-19.9099,0.0,28.0243,420.115,-662.239,-0.006
166141,634.0098,,0,static.unknown,,14.0913,-14.2255,0.0,20.0232,420.115,-662.239,-0.006
166142,634.0134,,0,static.unknown,,14.1791,-14.3142,0.0,20.148,420.115,-662.239,-0.006
166143,634.0172,,0,static.unknown,,13.9382,-14.071,0.0,19.8057,420.115,-662.239,-0.006
166144,634.0209,,0,static.unknown,,20.594,-20.7903,0.0,29.2634,420.115,-662.238,-0.006
166145,634.0246,,0,static.unknown,,11.721,-11.8327,0.0,16.6552,420.115,-662.238,-0.006
166146,634.0285,,0,static.unknown,,19.2988,-19.4827,0.0,27.4229,420.115,-662.238,-0.006
166147,634.0329,,0,static.unknown,,18.0697,-18.2419,0.0,25.6765,420.115,-662.238,-0.006
166148,634.0368,,0,static.unknown,,14.0688,-14.2028,0.0,19.9913,420.115,-662.238,-0.006
166149,634.0408,,0,static.unknown,,19.052,-19.2336,0.0,27.0723,420.115,-662.237,-0.006
166150,634.0449,,0,static.unknown,,10.4737,-10.5735,0.0,14.8827,420.115,-662.237,-0.006
166151,634.0488,,0,static.unknown,,17.7799,-17.9493,0.0,25.2647,420.115,-662.237,-0.006
166152,634.0525,,0,static.unknown,,13.1328,-13.258,0.0,18.6613,420.115,-662.237,-0.006
166153,634.0561,,0,static.unknown,,2.594,-2.6187,0.0,3.686,420.115,-662.237,-0.006
166154,634.06,,0,static.unknown,,32.1786,-32.4852,0.0,45.7247,420.115,-662.236,-0.006
166155,634.0644,,0,static.unknown,,18.8261,-19.0055,0.0,26.7512,420.115,-662.236,-0.006
166156,634.069,,0,static.unknown,,13.9587,-14.0918,0.0,19.8349,420.115,-662.236,-0.006
166157,634.0733,,0,static.unknown,,11.8114,-11.9239,0.0,16.7836,420.115,-662.236,-0.006
166158,634.0784,,0,static.unknown,,5.8085,-5.8639,0.0,8.2537,420.115,-662.236,-0.006
166159,634.0825,,0,static.unknown,,22.7148,-22.9312,0.0,32.277,420.115,-662.235,-0.006
166160,634.0862,,0,static.unknown,,23.0925,-23.3125,0.0,32.8136,420.116,-662.235,-0.006
166161,634.0897,,0,static.unknown,,8.434,-8.5144,0.0,11.9844,420.116,-662.235,-0.006
166162,634.0938,,0,static.unknown,,0.2253,-0.2274,0.0,0.3201,420.116,-662.235,-0.006
166163,634.0981,,0,static.unknown,,39.3879,-39.7633,0.0,55.9689,420.116,-662.235,-0.006
166164,634.1022,,0,static.unknown,,14.0559,-14.1899,0.0,19.973,420.116,-662.234,-0.006
166165,634.106,,0,static.unknown,,11.0631,-11.1685,0.0,15.7203,420.116,-662.234,-0.006
166166,634.1099,,0,static.unknown,,8.9942,-9.0799,0.0,12.7805,420.116,-662.234,-0.006
166167,634.1139,,0,static.unknown,,26.5471,-26.8001,0.0,37.7226,420.116,-662.234,-0.006
166168,634.1176,,0,static.unknown,,15.2466,-15.3919,0.0,21.6649,420.116,-662.234,-0.006
166169,634.1212,,0,static.unknown,,20.0998,-20.2913,0.0,28.5611,420.116,-662.234,-0.006
166170,634.1254,,0,static.unknown,,12.6653,-12.786,0.0,17.997,420.116,-662.233,-0.006
166171,634.1295,,0,static.unknown,,18.9219,-19.1022,0.0,26.8874,420.116,-662.233,-0.006
166173,634.137,,0,static.unknown,,27.9185,-28.1846,0.0,39.6713,420.116,-662.233,-0.006
166174,634.1413,,0,static.unknown,,15.727,-15.8769,0.0,22.3475,420.116,-662.232,-0.006
166175,634.1454,,0,static.unknown,,19.6489,-19.8362,0.0,27.9205,420.116,-662.232,-0.006
166176,634.1494,,0,static.unknown,,3.8323,-3.8688,0.0,5.4456,420.116,-662.232,-0.006
166177,634.1534,,0,static.unknown,,22.4816,-22.6958,0.0,31.9456,420.116,-662.232,-0.006
166178,634.1573,,0,static.unknown,,25.1998,-25.4399,0.0,35.8081,420.117,-662.232,-0.006
166179,634.1619,,0,static.unknown,,11.473,-11.5823,0.0,16.3027,420.117,-662.231,-0.006
166180,634.1657,,0,static.unknown,,11.6688,-11.78,0.0,16.581,420.117,-662.231,-0.006
166181,634.1699,,0,static.unknown,,0.593,-0.5986,0.0,0.8426,420.117,-662.231,-0.006
166182,634.174,,0,static.unknown,,40.6764,-41.0641,0.0,57.7999,420.117,-662.231,-0.006
166183,634.1782,,0,static.unknown,,10.1633,-10.2601,0.0,14.4417,420.117,-662.231,-0.006
166184,634.1821,,0,static.unknown,,17.9286,-18.0995,0.0,25.476,420.117,-662.23,-0.006
166185,634.1878,,0,static.unknown,,14.9371,-15.0794,0.0,21.2251,420.117,-662.23,-0.006
166186,634.1918,,0,static.unknown,,26.5286,-26.7814,0.0,37.6963,420.117,-662.23,-0.006
166187,634.196,,0,static.unknown,,21.6054,-21.8112,0.0,30.7005,420.117,-662.23,-0.006
166188,634.2003,,0,static.unknown,,16.1773,-16.3314,0.0,22.9874,420.117,-662.229,-0.006
166189,634.2042,,0,static.unknown,,14.5269,-14.6653,0.0,20.6422,420.117,-662.229,-0.006
166190,634.208,,0,static.unknown,,14.5938,-14.7329,0.0,20.7373,420.117,-662.229,-0.006
166191,634.2138,,0,static.unknown,,21.5353,-21.7405,0.0,30.6009,420.117,-662.229,-0.006
166192,634.2174,,0,static.unknown,,13.2527,-13.3789,0.0,18.8316,420.117,-662.229,-0.006
166193,634.221,,0,static.unknown,,20.7159,-20.9133,0.0,29.4366,420.117,-662.228,-0.006
166194,634.2247,,0,static.unknown,,9.2876,-9.3761,0.0,13.1974,420.117,-662.228,-0.006
166195,634.2284,,0,static.unknown,,24.3146,-24.5463,0.0,34.5502,420.117,-662.228,-0.006
166196,634.232,,0,static.unknown,,16.5581,-16.7159,0.0,23.5285,420.117,-662.228,-0.006
166198,634.2391,,0,static.unknown,,32.4327,-32.7418,0.0,46.0859,420.118,-662.227,-0.006
166199,634.2428,,0,static.unknown,,6.5093,-6.5713,0.0,9.2495,420.118,-662.227,-0.006
166200,634.2465,,0,static.unknown,,14.5507,-14.6894,0.0,20.6761,420.118,-662.227,-0.006
166201,634.25,,0,static.unknown,,22.7668,-22.9838,0.0,32.3509,420.118,-662.227,-0.006
166202,634.2535,,0,static.unknown,,16.0451,-16.1981,0.0,22.7996,420.118,-662.227,-0.006
166203,634.2571,,0,static.unknown,,15.7833,-15.9337,0.0,22.4276,420.118,-662.226,-0.006
166204,634.2607,,0,static.unknown,,16.0913,-16.2447,0.0,22.8653,420.118,-662.226,-0.006
166205,634.2644,,0,static.unknown,,12.8935,-13.0164,0.0,18.3213,420.118,-662.226,-0.006
166206,634.268,,0,static.unknown,,15.9025,-16.0541,0.0,22.597,420.118,-662.226,-0.006
166207,634.2718,,0,static.unknown,,16.2939,-16.4491,0.0,23.1531,420.118,-662.226,-0.006
166208,634.2757,,0,static.unknown,,23.3161,-23.5383,0.0,33.1315,420.118,-662.225,-0.006
166209,634.2805,,0,static.unknown,,14.0602,-14.1942,0.0,19.9791,420.118,-662.225,-0.006
166210,634.2841,,0,static.unknown,,8.3362,-8.4157,0.0,11.8455,420.118,-662.225,-0.006
166211,634.2878,,0,static.unknown,,18.9987,-19.1797,0.0,26.9965,420.118,-662.225,-0.006
166212,634.2918,,0,static.unknown,,18.5903,-18.7675,0.0,26.4162,420.118,-662.224,-0.006
166213,634.2958,,0,static.unknown,,17.9116,-18.0823,0.0,25.4518,420.118,-662.224,-0.006
166214,634.3,,0,static.unknown,,15.646,-15.7951,0.0,22.2325,420.118,-662.224,-0.006
166215,634.3038,,0,static.unknown,,19.0283,-19.2096,0.0,27.0386,420.118,-662.224,-0.006
166216,634.3101,,0,static.unknown,,7.7905,-7.8647,0.0,11.07,420.118,-662.224,-0.006
166217,634.314,,0,static.unknown,,30.4155,-30.7053,0.0,43.2194,420.118,-662.223,-0.006
166218,634.3176,,0,static.unknown,,16.9119,-17.0731,0.0,24.0313,420.118,-662.223,-0.006
166219,634.3216,,0,static.unknown,,12.7382,-12.8596,0.0,18.1006,420.118,-662.223,-0.006
166220,634.326,,0,static.unknown,,18.3397,-18.5144,0.0,26.0601,420.118,-662.223,-0.006
166221,634.3298,,0,static.unknown,,18.0133,-18.185,0.0,25.5963,420.119,-662.223,-0.006
166222,634.3336,,0,static.unknown,,11.8236,-11.9363,0.0,16.801,420.119,-662.222,-0.006
166223,634.3373,,0,static.unknown,,18.2019,-18.3753,0.0,25.8643,420.119,-662.222,-0.006
166224,634.341,,0,static.unknown,,16.7954,-16.9555,0.0,23.8658,420.119,-662.222,-0.006
166226,634.3486,,0,static.unknown,,35.3099,-35.6464,0.0,50.1743,420.119,-662.222,-0.006
166227,634.3522,,0,static.unknown,,12.1367,-12.2524,0.0,17.2459,420.119,-662.221,-0.006
166228,634.3558,,0,static.unknown,,23.0092,-23.2285,0.0,32.6953,420.119,-662.221,-0.006
166230,634.3635,,0,static.unknown,,23.3944,-23.6174,0.0,33.2427,420.119,-662.221,-0.006
166231,634.367,,0,static.unknown,,17.5413,-17.7085,0.0,24.9256,420.119,-662.221,-0.006
166232,634.3708,,0,static.unknown,,16.3904,-16.5466,0.0,23.2903,420.119,-662.22,-0.006
166233,634.3746,,0,static.unknown,,17.511,-17.6779,0.0,24.8826,420.119,-662.22,-0.006
166234,634.3787,,0,static.unknown,,12.6629,-12.7835,0.0,17.9935,420.119,-662.22,-0.006
166235,634.3829,,0,static.unknown,,17.2966,-17.4614,0.0,24.5779,420.119,-662.22,-0.006
166236,634.3877,,0,static.unknown,,17.8106,-17.9804,0.0,25.3083,420.119,-662.22,-0.006
166237,634.3919,,0,static.unknown,,17.2401,-17.4044,0.0,24.4977,420.119,-662.219,-0.006
166238,634.3963,,0,static.unknown,,24.375,-24.6073,0.0,34.6361,420.12,-662.219,-0.006
166239,634.4006,,0,static.unknown,,14.5455,-14.6841,0.0,20.6686,420.12,-662.219,-0.006
166240,634.4046,,0,static.unknown,,6.8164,-6.8813,0.0,9.6859,420.12,-662.219,-0.006
166241,634.4086,,0,static.unknown,,20.056,-20.2471,0.0,28.4989,420.12,-662.218,-0.006
166242,634.4128,,0,static.unknown,,21.9205,-22.1294,0.0,31.1484,420.12,-662.218,-0.006
166243,634.4166,,0,static.unknown,,15.5459,-15.694,0.0,22.0902,420.12,-662.218,-0.006
166244,634.4204,,0,static.unknown,,21.5084,-21.7134,0.0,30.5628,420.12,-662.218,-0.006
166245,634.4245,,0,static.unknown,,13.516,-13.6448,0.0,19.2058,420.12,-662.218,-0.006
166246,634.4293,,0,static.unknown,,17.8589,-18.0291,0.0,25.3769,420.12,-662.217,-0.006
166247,634.4339,,0,static.unknown,,16.0716,-16.2247,0.0,22.8372,420.12,-662.217,-0.006
166248,634.4388,,0,static.unknown,,13.4587,-13.587,0.0,19.1244,420.12,-662.217,-0.006
166249,634.4429,,0,static.unknown,,4.9229,-4.9698,0.0,6.9953,420.12,-662.217,-0.006
166250,634.4472,,0,static.unknown,,30.6094,-30.9011,0.0,43.4949,420.12,-662.217,-0.006
166251,634.4534,,0,static.unknown,,20.2026,-20.3951,0.0,28.7072,420.12,-662.216,-0.006
166252,634.4571,,0,static.unknown,,9.1105,-9.1974,0.0,12.9458,420.12,-662.216,-0.006
166253,634.461,,0,static.unknown,,17.2262,-17.3903,0.0,24.4778,420.12,-662.216,-0.006
166254,634.4651,,0,static.unknown,,12.415,-12.5333,0.0,17.6414,420.12,-662.216,-0.006
166255,634.4689,,0,static.unknown,,19.0928,-19.2748,0.0,27.1303,420.12,-662.216,-0.006
166256,634.4727,,0,static.unknown,,21.7363,-21.9435,0.0,30.8867,420.12,-662.215,-0.006
166257,634.4766,,0,static.unknown,,11.5129,-11.6226,0.0,16.3594,420.12,-662.215,-0.006
166258,634.4806,,0,static.unknown,,6.4454,-6.5068,0.0,9.1587,420.12,-662.215,-0.006
166259,634.4843,,0,static.unknown,,27.1402,-27.3988,0.0,38.5654,420.121,-662.215,-0.006
166260,634.4881,,0,static.unknown,,16.5698,-16.7277,0.0,23.5451,420.121,-662.215,-0.006
166261,634.4919,,0,static.unknown,,15.6211,-15.77,0.0,22.1971,420.121,-662.214,-0.006
166262,634.4959,,0,static.unknown,,24.6202,-24.8548,0.0,34.9845,420.121,-662.214,-0.006
166263,634.4994,,0,static.unknown,,8.5281,-8.6093,0.0,12.1181,420.121,-662.214,-0.006
166264,634.503,,0,static.unknown,,19.7902,-19.9788,0.0,28.1212,420.121,-662.214,-0.006
166265,634.5063,,0,static.unknown,,2.283,-2.3047,0.0,3.244,420.121,-662.213,-0.006
166266,634.5101,,0,static.unknown,,19.1022,-19.2842,0.0,27.1436,420.121,-662.213,-0.006
166267,634.5137,,0,static.unknown,,21.6345,-21.8406,0.0,30.7419,420.121,-662.213,-0.006
166269,634.521,,0,static.unknown,,30.4606,-30.7509,0.0,43.2835,420.121,-662.213,-0.006
166270,634.5243,,0,static.unknown,,0.5002,-0.5049,0.0,0.7107,420.121,-662.212,-0.006
166271,634.5277,,0,static.unknown,,30.9059,-31.2004,0.0,43.9162,420.121,-662.212,-0.006
166272,634.5321,,0,static.unknown,,12.4275,-12.546,0.0,17.6591,420.121,-662.212,-0.006
166273,634.5353,,0,static.unknown,,20.2413,-20.4342,0.0,28.7622,420.121,-662.212,-0.006
166274,634.5384,,0,static.unknown,,0.6502,-0.6564,0.0,0.924,420.121,-662.212,-0.006
166275,634.542,,0,static.unknown,,30.1134,-30.4004,0.0,42.7902,420.122,-662.212,-0.006
166276,634.5456,,0,static.unknown,,16.0603,-16.2133,0.0,22.8211,420.122,-662.211,-0.006
166277,634.5491,,0,static.unknown,,11.452,-11.5611,0.0,16.2729,420.122,-662.211,-0.006
166278,634.5528,,0,static.unknown,,13.8409,-13.9728,0.0,19.6674,420.122,-662.211,-0.006
166279,634.5562,,0,static.unknown,,19.9818,-20.1722,0.0,28.3935,420.122,-662.211,-0.006
166280,634.56,,0,static.unknown,,9.4892,-9.5797,0.0,13.4839,420.122,-662.211,-0.006
166281,634.5639,,0,static.unknown,,10.364,-10.4628,0.0,14.727,420.122,-662.21,-0.006
166282,634.5676,,0,static.unknown,,27.6485,-27.912,0.0,39.2876,420.122,-662.21,-0.006
166283,634.5708,,0,static.unknown,,17.0466,-17.2091,0.0,24.2227,420.122,-662.21,-0.006
166284,634.5745,,0,static.unknown,,8.636,-8.7183,0.0,12.2716,420.122,-662.21,-0.006
166285,634.5781,,0,static.unknown,,7.3373,-7.4073,0.0,10.4261,420.122,-662.21,-0.006
166286,634.5819,,0,static.unknown,,28.7292,-29.003,0.0,40.8233,420.122,-662.209,-0.006
166287,634.5852,,0,static.unknown,,11.9652,-12.0792,0.0,17.0021,420.122,-662.209,-0.006
166288,634.5892,,0,static.unknown,,11.1498,-11.2561,0.0,15.8435,420.122,-662.209,-0.006
166289,634.5933,,0,static.unknown,,23.4368,-23.6601,0.0,33.3029,420.122,-662.209,-0.006
166290,634.597,,0,static.unknown,,14.8977,-15.0397,0.0,21.1692,420.122,-662.208,-0.006
166291,634.6001,,0,static.unknown,,15.2667,-15.4122,0.0,21.6935,420.122,-662.208,-0.006
166293,634.6073,,0,static.unknown,,21.7831,-21.9907,0.0,30.9532,420.122,-662.208,-0.006
166294,634.6111,,0,static.unknown,,31.8085,-32.1116,0.0,45.1989,420.123,-662.208,-0.006
166295,634.615,,0,static.unknown,,15.9791,-16.1314,0.0,22.7058,420.123,-662.207,-0.006
166296,634.6186,,0,static.unknown,,0.5106,-0.5154,0.0,0.7255,420.123,-662.207,-0.006
166297,634.6219,,0,static.unknown,,31.1195,-31.416,0.0,44.2198,420.123,-662.207,-0.006
166298,634.6257,,0,static.unknown,,14.2985,-14.4347,0.0,20.3177,420.123,-662.207,-0.006
166299,634.6295,,0,static.unknown,,17.5246,-17.6916,0.0,24.9018,420.123,-662.207,-0.006
166300,634.633,,0,static.unknown,,19.387,-19.5718,0.0,27.5483,420.123,-662.206,-0.006
166301,634.637,,0,static.unknown,,9.7678,-9.8609,0.0,13.8797,420.123,-662.206,-0.006
166302,634.6405,,0,static.unknown,,16.8748,-17.0356,0.0,23.9786,420.123,-662.206,-0.006
166303,634.6443,,0,static.unknown,,14.387,-14.5241,0.0,20.4434,420.123,-662.206,-0.006
166304,634.648,,0,static.unknown,,19.3648,-19.5494,0.0,27.5168,420.123,-662.206,-0.006
166305,634.6517,,0,static.unknown,,5.1967,-5.2462,0.0,7.3843,420.123,-662.205,-0.006
166306,634.6551,,0,static.unknown,,23.3762,-23.5989,0.0,33.2168,420.123,-662.205,-0.006
166307,634.6593,,0,static.unknown,,15.5477,-15.6959,0.0,22.0928,420.123,-662.205,-0.006
166308,634.6637,,0,static.unknown,,2.5646,-2.5891,0.0,3.6442,420.123,-662.205,-0.006
166309,634.668,,0,static.unknown,,23.7007,-23.9265,0.0,33.6779,420.123,-662.205,-0.006
166310,634.6715,,0,static.unknown,,21.8747,-22.0832,0.0,31.0833,420.123,-662.204,-0.006
166311,634.6748,,0,static.unknown,,3.1902,-3.2207,0.0,4.5332,420.123,-662.204,-0.006
166312,634.6789,,0,static.unknown,,5.2589,-5.3091,0.0,7.4728,420.124,-662.204,-0.006
166313,634.6822,,0,static.unknown,,34.6431,-34.9733,0.0,49.2268,420.124,-662.204,-0.006
166314,634.686,,0,static.unknown,,7.3263,-7.3961,0.0,10.4104,420.124,-662.203,-0.006
166315,634.6888,,0,static.unknown,,25.3734,-25.6152,0.0,36.0548,420.124,-662.203,-0.006
166316,634.6927,,0,static.unknown,,13.814,-13.9456,0.0,19.6292,420.124,-662.203,-0.006
166317,634.6965,,0,static.unknown,,16.8967,-17.0577,0.0,24.0096,420.124,-662.203,-0.006
166318,634.7001,,0,static.unknown,,14.0219,-14.1555,0.0,19.9246,420.124,-662.203,-0.006
166319,634.7036,,0,static.unknown,,7.5871,-7.6594,0.0,10.781,420.124,-662.203,-0.006
166320,634.7072,,0,static.unknown,,18.8667,-19.0464,0.0,26.8089,420.124,-662.202,-0.006
166321,634.711,,0,static.unknown,,22.4946,-22.709,0.0,31.9641,420.124,-662.202,-0.006
166322,634.7146,,0,static.unknown,,13.0155,-13.1396,0.0,18.4947,420.124,-662.202,-0.006
166323,634.7182,,0,static.unknown,,13.9216,-14.0543,0.0,19.7822,420.124,-662.202,-0.006
166324,634.7217,,0,static.unknown,,0.7434,-0.7504,0.0,1.0563,420.124,-662.202,-0.006
166325,634.7254,,0,static.unknown,,33.637,-33.9576,0.0,47.7972,420.124,-662.201,-0.006
166326,634.7294,,0,static.unknown,,12.2557,-12.3725,0.0,17.415,420.124,-662.201,-0.006
166327,634.7331,,0,static.unknown,,6.3356,-6.396,0.0,9.0027,420.124,-662.201,-0.006
166328,634.7363,,0,static.unknown,,27.3488,-27.6094,0.0,38.8617,420.125,-662.201,-0.006
166329,634.7398,,0,static.unknown,,14.4642,-14.602,0.0,20.5531,420.125,-662.201,-0.006
166330,634.7439,,0,static.unknown,,16.5223,-16.6798,0.0,23.4777,420.125,-662.2,-0.006
166331,634.7474,,0,static.unknown,,15.5424,-15.6905,0.0,22.0853,420.125,-662.2,-0.006
166333,634.7546,,0,static.unknown,,20.827,-21.0255,0.0,29.5945,420.125,-662.2,-0.006
166334,634.7577,,0,static.unknown,,21.401,-21.6049,0.0,30.4101,420.125,-662.2,-0.006
166335,634.7616,,0,static.unknown,,9.2613,-9.3495,0.0,13.16,420.125,-662.199,-0.006
166336,634.7656,,0,static.unknown,,9.3282,-9.4171,0.0,13.2551,420.125,-662.199,-0.006
166337,634.7688,,0,static.unknown,,27.6448,-27.9083,0.0,39.2824,420.125,-662.199,-0.006
166338,634.7724,,0,static.unknown,,12.2158,-12.3322,0.0,17.3583,420.125,-662.199,-0.006
166339,634.7762,,0,static.unknown,,15.2266,-15.3717,0.0,21.6365,420.125,-662.198,-0.006
166340,634.7799,,0,static.unknown,,16.14,-16.2938,0.0,22.9345,420.125,-662.198,-0.006
166341,634.7833,,0,static.unknown,,13.8945,-14.027,0.0,19.7437,420.125,-662.198,-0.006
166342,634.7869,,0,static.unknown,,7.4615,-7.5326,0.0,10.6026,420.125,-662.198,-0.006
166343,634.7902,,0,static.unknown,,27.2516,-27.5113,0.0,38.7237,420.125,-662.198,-0.006
166344,634.7939,,0,static.unknown,,11.6191,-11.7298,0.0,16.5103,420.125,-662.198,-0.006
166346,634.8011,,0,static.unknown,,35.1304,-35.4651,0.0,49.9191,420.126,-662.197,-0.006
166347,634.8046,,0,static.unknown,,11.1542,-11.2605,0.0,15.8497,420.126,-662.197,-0.006
166348,634.8084,,0,static.unknown,,22.3718,-22.585,0.0,31.7896,420.126,-662.197,-0.006
166349,634.8123,,0,static.unknown,,9.1051,-9.1918,0.0,12.938,420.126,-662.196,-0.006
166350,634.8157,,0,static.unknown,,22.3365,-22.5493,0.0,31.7394,420.126,-662.196,-0.006
166351,634.8191,,0,static.unknown,,1.0987,-1.1092,0.0,1.5613,420.126,-662.196,-0.006
166352,634.8226,,0,static.unknown,,25.5977,-25.8416,0.0,36.3735,420.126,-662.196,-0.006
166353,634.8264,,0,static.unknown,,11.6136,-11.7242,0.0,16.5025,420.126,-662.196,-0.006
166354,634.8302,,0,static.unknown,,12.8732,-12.9959,0.0,18.2924,420.126,-662.196,-0.006
166355,634.8337,,0,static.unknown,,19.1023,-19.2844,0.0,27.1438,420.126,-662.195,-0.006
166356,634.8372,,0,static.unknown,,13.8127,-13.9443,0.0,19.6274,420.126,-662.195,-0.006
166357,634.8407,,0,static.unknown,,20.5329,-20.7286,0.0,29.1767,420.126,-662.195,-0.006
166358,634.8446,,0,static.unknown,,1.1637,-1.1748,0.0,1.6536,420.126,-662.195,-0.006
166359,634.8483,,0,static.unknown,,25.4773,-25.7201,0.0,36.2024,420.127,-662.195,-0.006
166360,634.8521,,0,static.unknown,,18.9317,-19.1121,0.0,26.9013,420.127,-662.194,-0.006
166361,634.8551,,0,static.unknown,,11.4491,-11.5582,0.0,16.2689,420.127,-662.194,-0.006
166362,634.8587,,0,static.unknown,,18.9402,-19.1207,0.0,26.9134,420.127,-662.194,-0.006
166363,634.8626,,0,static.unknown,,11.8165,-11.9291,0.0,16.7908,420.127,-662.194,-0.006
166364,634.866,,0,static.unknown,,16.1264,-16.2801,0.0,22.9152,420.127,-662.193,-0.006
166365,634.8694,,0,static.unknown,,15.0263,-15.1695,0.0,21.3519,420.127,-662.193,-0.006
166366,634.8737,,0,static.unknown,,3.4601,-3.4931,0.0,4.9167,420.127,-662.193,-0.006
166367,634.8775,,0,static.unknown,,25.3909,-25.6329,0.0,36.0797,420.127,-662.193,-0.006
166368,634.8813,,0,static.unknown,,23.117,-23.3373,0.0,32.8485,420.127,-662.193,-0.006
166369,634.8848,,0,static.unknown,,10.9347,-11.0389,0.0,15.5378,420.127,-662.192,-0.006
166371,634.8917,,0,static.unknown,,9.9611,-10.056,0.0,14.1543,420.127,-662.192,-0.006
166372,634.8955,,0,static.unknown,,35.7158,-36.0561,0.0,50.751,420.127,-662.192,-0.006
166373,634.8993,,0,static.unknown,,10.9161,-11.0201,0.0,15.5114,420.127,-662.192,-0.006
166374,634.9026,,0,static.unknown,,14.9777,-15.1204,0.0,21.2828,420.127,-662.191,-0.006
166375,634.9063,,0,static.unknown,,21.1033,-21.3044,0.0,29.9871,420.127,-662.191,-0.006
166376,634.91,,0,static.unknown,,14.7393,-14.8797,0.0,20.944,420.128,-662.191,-0.006
166377,634.914,,0,static.unknown,,11.6266,-11.7374,0.0,16.521,420.128,-662.191,-0.006
166379,634.921,,0,static.unknown,,29.4556,-29.7363,0.0,41.8555,420.128,-662.19,-0.006
166380,634.9248,,0,static.unknown,,13.6062,-13.7359,0.0,19.334,420.128,-662.19,-0.006
166381,634.9285,,0,static.unknown,,24.2662,-24.4974,0.0,34.4815,420.128,-662.19,-0.006
166382,634.9323,,0,static.unknown,,13.1862,-13.3118,0.0,18.7371,420.128,-662.19,-0.006
166386,634.9473,,0,static.unknown,,17.291,-17.4558,0.0,24.5699,420.129,-662.189,-0.006
166387,634.9512,,0,static.unknown,,44.4778,-44.9017,0.0,63.2016,420.129,-662.189,-0.006
166389,634.9599,,0,static.unknown,,39.7071,-40.0855,0.0,56.4226,420.129,-662.188,-0.006
166390,634.9639,,0,static.unknown,,6.8084,-6.8732,0.0,9.6745,420.129,-662.188,-0.006
166391,634.9675,,0,static.unknown,,26.2244,-26.4743,0.0,37.2641,420.13,-662.188,-0.006
166392,634.9712,,0,static.unknown,,6.3138,-6.374,0.0,8.9717,420.13,-662.188,-0.006
166393,634.9749,,0,static.unknown,,19.984,-20.1745,0.0,28.3967,420.13,-662.187,-0.006
166394,634.9793,,0,static.unknown,,11.8735,-11.9867,0.0,16.8719,420.13,-662.187,-0.006
166395,634.9831,,0,static.unknown,,22.7791,-22.9961,0.0,32.3683,420.13,-662.187,-0.006
166396,634.987,,0,static.unknown,,15.4067,-15.5535,0.0,21.8924,420.13,-662.187,-0.006
166398,634.994,,0,static.unknown,,27.574,-27.8368,0.0,39.1818,420.13,-662.186,-0.006
166399,634.9979,,0,static.unknown,,19.6945,-19.8821,0.0,27.9852,420.13,-662.186,-0.006
166400,635.0015,,0,static.unknown,,1.9468,-1.9654,0.0,2.7664,420.13,-662.186,-0.006
166401,635.0048,,0,static.unknown,,25.5753,-25.8191,0.0,36.3417,420.13,-662.186,-0.006
166403,635.0117,,0,static.unknown,,22.0995,-22.3101,0.0,31.4026,420.13,-662.186,-0.006
166404,635.0154,,0,static.unknown,,11.3343,-11.4423,0.0,16.1057,420.13,-662.185,-0.007
166405,635.0188,,0,static.unknown,,22.5572,-22.7721,0.0,32.053,420.13,-662.185,-0.007
166406,635.0222,,0,static.unknown,,13.2986,-13.4253,0.0,18.8968,420.13,-662.185,-0.007
166407,635.0264,,0,static.unknown,,12.1167,-12.2321,0.0,17.2174,420.13,-662.185,-0.007
166408,635.0303,,0,static.unknown,,20.4449,-20.6398,0.0,29.0516,420.13,-662.185,-0.007
166409,635.0334,,0,static.unknown,,14.0412,-14.175,0.0,19.9521,420.131,-662.185,-0.007
166410,635.0365,,0,static.unknown,,7.7425,-7.8163,0.0,11.0019,420.131,-662.184,-0.007
166411,635.0408,,0,static.unknown,,19.8233,-20.0122,0.0,28.1682,420.131,-662.184,-0.007
166412,635.0441,,0,static.unknown,,21.3288,-21.532,0.0,30.3075,420.131,-662.184,-0.007
166413,635.0476,,0,static.unknown,,12.0536,-12.1684,0.0,17.1277,420.131,-662.184,-0.007
166414,635.0507,,0,static.unknown,,13.92,-14.0526,0.0,19.7798,420.131,-662.184,-0.007
166415,635.0551,,0,static.unknown,,5.4199,-5.4715,0.0,7.7015,420.131,-662.183,-0.007
166416,635.06,,0,static.unknown,,27.3852,-27.6461,0.0,38.9134,420.131,-662.183,-0.007
166417,635.064,,0,static.unknown,,21.193,-21.395,0.0,30.1146,420.131,-662.183,-0.007
166418,635.0681,,0,static.unknown,,17.5205,-17.6875,0.0,24.8961,420.131,-662.183,-0.007
166419,635.0715,,0,static.unknown,,11.0208,-11.1258,0.0,15.6602,420.131,-662.182,-0.007
166420,635.0749,,0,static.unknown,,21.9976,-22.2072,0.0,31.2579,420.131,-662.182,-0.007
166421,635.0787,,0,static.unknown,,21.1466,-21.3482,0.0,30.0487,420.131,-662.182,-0.007
166422,635.0821,,0,static.unknown,,7.6957,-7.769,0.0,10.9353,420.131,-662.182,-0.007
166423,635.0865,,0,static.unknown,,19.3888,-19.5736,0.0,27.5509,420.131,-662.182,-0.007
166425,635.0927,,0,static.unknown,,22.2619,-22.4741,0.0,31.6335,420.131,-662.181,-0.007
166426,635.0968,,0,static.unknown,,17.7044,-17.8731,0.0,25.1574,420.132,-662.181,-0.007
166427,635.1006,,0,static.unknown,,18.657,-18.8348,0.0,26.511,420.132,-662.181,-0.007
166428,635.104,,0,static.unknown,,16.2054,-16.3598,0.0,23.0274,420.132,-662.181,-0.007
166429,635.1076,,0,static.unknown,,13.4086,-13.5364,0.0,19.0533,420.132,-662.181,-0.007
166431,635.1152,,0,static.unknown,,29.4277,-29.7082,0.0,41.8159,420.132,-662.18,-0.007
166432,635.1189,,0,static.unknown,,19.9051,-20.0948,0.0,28.2845,420.132,-662.18,-0.007
166433,635.1226,,0,static.unknown,,3.9207,-3.9581,0.0,5.5712,420.132,-662.18,-0.007
166434,635.1259,,0,static.unknown,,12.0226,-12.1372,0.0,17.0837,420.132,-662.18,-0.007
166435,635.1302,,0,static.unknown,,21.8449,-22.0531,0.0,31.0409,420.132,-662.18,-0.007
166440,635.1494,,0,static.unknown,,61.8795,-62.4692,0.0,87.9288,420.133,-662.179,-0.007
166441,635.1527,,0,static.unknown,,30.0217,-30.3078,0.0,42.6599,420.134,-662.178,-0.007
166442,635.1559,,0,static.unknown,,4.0132,-4.0515,0.0,5.7027,420.134,-662.178,-0.008
166443,635.1591,,0,static.unknown,,11.3837,-11.4922,0.0,16.1758,420.134,-662.178,-0.008
166444,635.164,,0,static.unknown,,21.6996,-21.9064,0.0,30.8345,420.134,-662.178,-0.008
166445,635.1675,,0,static.unknown,,0.8562,-0.8644,0.0,1.2167,420.134,-662.177,-0.008
166446,635.1718,,0,static.unknown,,21.774,-21.9815,0.0,30.9401,420.134,-662.177,-0.008
166447,635.1753,,0,static.unknown,,23.3536,-23.5761,0.0,33.1847,420.134,-662.177,-0.008
166448,635.1787,,0,static.unknown,,8.2526,-8.3313,0.0,11.7267,420.134,-662.177,-0.008
166449,635.1823,,0,static.unknown,,12.7837,-12.9056,0.0,18.1653,420.134,-662.177,-0.008
166450,635.1856,,0,static.unknown,,22.2776,-22.4899,0.0,31.6557,420.134,-662.176,-0.008
166451,635.1889,,0,static.unknown,,16.3568,-16.5126,0.0,23.2424,420.134,-662.176,-0.008
166452,635.1928,,0,static.unknown,,6.5094,-6.5715,0.0,9.2497,420.134,-662.176,-0.008
166453,635.1962,,0,static.unknown,,22.9593,-23.178,0.0,32.6244,420.134,-662.176,-0.008
166455,635.2033,,0,static.unknown,,25.5909,-25.8347,0.0,36.3638,420.134,-662.176,-0.008
166457,635.2102,,0,static.unknown,,29.7841,-30.0679,0.0,42.3222,420.135,-662.175,-0.008
166458,635.2144,,0,static.unknown,,14.6014,-14.7405,0.0,20.7481,420.135,-662.175,-0.008
166459,635.2176,,0,static.unknown,,21.3519,-21.5554,0.0,30.3404,420.135,-662.175,-0.008
166461,635.2246,,0,static.unknown,,30.1465,-30.4338,0.0,42.8372,420.135,-662.174,-0.008
166463,635.2322,,0,static.unknown,,27.3088,-27.5691,0.0,38.805,420.135,-662.174,-0.008
166464,635.2357,,0,static.unknown,,14.7456,-14.8862,0.0,20.9531,420.135,-662.174,-0.008
166465,635.2394,,0,static.unknown,,16.0241,-16.1768,0.0,22.7698,420.135,-662.174,-0.008
166466,635.2428,,0,static.unknown,,13.126,-13.2511,0.0,18.6516,420.135,-662.174,-0.008
166467,635.2469,,0,static.unknown,,11.9301,-12.0438,0.0,16.9524,420.135,-662.173,-0.008
166468,635.2506,,0,static.unknown,,17.8628,-18.033,0.0,25.3824,420.135,-662.173,-0.009
166469,635.2545,,0,static.unknown,,17.4631,-17.6295,0.0,24.8144,420.135,-662.173,-0.009
166470,635.2583,,0,static.unknown,,14.8173,-14.9585,0.0,21.0549,420.135,-662.173,-0.009
166471,635.2624,,0,static.unknown,,18.5422,-18.7189,0.0,26.3479,420.136,-662.172,-0.009
166472,635.2664,,0,static.unknown,,6.2242,-6.2836,0.0,8.8444,420.136,-662.172,-0.009
166473,635.27,,0,static.unknown,,23.562,-23.7866,0.0,33.4809,420.136,-662.172,-0.009
166474,635.2737,,0,static.unknown,,1.6703,-1.6862,0.0,2.3734,420.136,-662.172,-0.009
166475,635.2775,,0,static.unknown,,24.1664,-24.3967,0.0,34.3396,420.136,-662.172,-0.009
166476,635.2817,,0,static.unknown,,16.2625,-16.4174,0.0,23.1084,420.136,-662.172,-0.009
166477,635.2852,,0,static.unknown,,20.3161,-20.5097,0.0,28.8685,420.136,-662.171,-0.009
166478,635.2887,,0,static.unknown,,12.7796,-12.9014,0.0,18.1594,420.136,-662.171,-0.009
166479,635.292,,0,static.unknown,,17.6398,-17.8079,0.0,25.0657,420.136,-662.171,-0.009
166480,635.2955,,0,static.unknown,,17.1656,-17.3292,0.0,24.3918,420.136,-662.171,-0.009
166481,635.299,,0,static.unknown,,16.418,-16.5745,0.0,23.3294,420.136,-662.171,-0.009
166482,635.3036,,0,static.unknown,,5.8366,-5.8922,0.0,8.2936,420.136,-662.17,-0.009
166483,635.3073,,0,static.unknown,,28.3153,-28.5851,0.0,40.2351,420.136,-662.17,-0.009
166484,635.3111,,0,static.unknown,,5.9375,-5.9941,0.0,8.4371,420.136,-662.17,-0.009
166485,635.3149,,0,static.unknown,,21.417,-21.6211,0.0,30.4328,420.137,-662.17,-0.009
166486,635.3185,,0,static.unknown,,10.9435,-11.0478,0.0,15.5504,420.137,-662.169,-0.009
166492,635.339,,0,static.unknown,,63.377,-63.9809,0.0,90.0566,420.139,-662.169,-0.01
166493,635.3424,,0,static.unknown,,25.6278,-25.8721,0.0,36.4163,420.139,-662.168,-0.01
166494,635.3461,,0,static.unknown,,31.7583,-32.0609,0.0,45.1275,420.139,-662.168,-0.01
166495,635.3497,,0,static.unknown,,9.4126,-9.5023,0.0,13.375,420.139,-662.168,-0.01
166496,635.3534,,0,static.unknown,,5.6855,-5.7397,0.0,8.079,420.139,-662.167,-0.01
166497,635.357,,0,static.unknown,,32.1989,-32.5057,0.0,45.7536,420.139,-662.167,-0.01
166498,635.3609,,0,static.unknown,,7.3579,-7.4281,0.0,10.4554,420.139,-662.167,-0.01
166499,635.3645,,0,static.unknown,,22.2318,-22.4436,0.0,31.5906,420.139,-662.167,-0.01
166500,635.3679,,0,static.unknown,,16.5812,-16.7392,0.0,23.5614,420.139,-662.166,-0.01
166501,635.3715,,0,static.unknown,,12.9858,-13.1095,0.0,18.4524,420.139,-662.166,-0.01
166502,635.375,,0,static.unknown,,17.5814,-17.7489,0.0,24.9826,420.139,-662.166,-0.01
166504,635.3831,,0,static.unknown,,24.0882,-24.3178,0.0,34.2286,420.14,-662.166,-0.01
166505,635.3869,,0,static.unknown,,28.1946,-28.4633,0.0,40.0636,420.14,-662.166,-0.01
166507,635.3955,,0,static.unknown,,23.571,-23.7956,0.0,33.4936,420.14,-662.165,-0.01
166508,635.4002,,0,static.unknown,,29.3714,-29.6513,0.0,41.7359,420.14,-662.165,-0.01
166509,635.4043,,0,static.unknown,,16.4205,-16.577,0.0,23.3331,420.14,-662.164,-0.011
166510,635.4083,,0,static.unknown,,15.9873,-16.1397,0.0,22.7175,420.14,-662.164,-0.011
166511,635.4125,,0,static.unknown,,3.9034,-3.9406,0.0,5.5465,420.14,-662.164,-0.011
166512,635.4153,,0,static.unknown,,29.948,-30.2334,0.0,42.5552,420.141,-662.164,-0.011
166513,635.4188,,0,static.unknown,,11.1877,-11.2943,0.0,15.8974,420.141,-662.164,-0.011
166514,635.4217,,0,static.unknown,,13.605,-13.7347,0.0,19.3323,420.141,-662.164,-0.011
166515,635.4254,,0,static.unknown,,13.57,-13.6993,0.0,19.2826,420.141,-662.163,-0.011
166516,635.4307,,0,static.unknown,,15.562,-15.7103,0.0,22.1131,420.141,-662.163,-0.011
166517,635.4346,,0,static.unknown,,20.4086,-20.6031,0.0,28.9999,420.141,-662.163,-0.011
166518,635.4387,,0,static.unknown,,22.0693,-22.2796,0.0,31.3597,420.141,-662.163,-0.011
166520,635.447,,0,static.unknown,,29.1686,-29.4465,0.0,41.4476,420.141,-662.162,-0.011
166521,635.4509,,0,static.unknown,,14.6509,-14.7905,0.0,20.8184,420.141,-662.162,-0.011
166522,635.4547,,0,static.unknown,,10.4316,-10.531,0.0,14.8229,420.141,-662.162,-0.011
166523,635.4585,,0,static.unknown,,4.5092,-4.5521,0.0,6.4074,420.141,-662.162,-0.011
166524,635.4615,,0,static.unknown,,29.632,-29.9144,0.0,42.1061,420.141,-662.162,-0.011
166525,635.4657,,0,static.unknown,,11.6485,-11.7595,0.0,16.5522,420.141,-662.162,-0.012
166526,635.4686,,0,static.unknown,,4.0074,-4.0456,0.0,5.6943,420.141,-662.161,-0.012
166527,635.4722,,0,static.unknown,,26.3638,-26.615,0.0,37.4621,420.142,-662.161,-0.012
166528,635.4756,,0,static.unknown,,17.718,-17.8869,0.0,25.1768,420.142,-662.161,-0.012
166529,635.4799,,0,static.unknown,,6.5855,-6.6483,0.0,9.3578,420.142,-662.161,-0.012
166530,635.4834,,0,static.unknown,,21.1818,-21.3837,0.0,30.0987,420.142,-662.161,-0.012
166531,635.4868,,0,static.unknown,,14.9801,-15.1229,0.0,21.2863,420.142,-662.16,-0.012
166532,635.4904,,0,static.unknown,,13.2655,-13.3919,0.0,18.8498,420.142,-662.16,-0.012
166533,635.4941,,0,static.unknown,,14.558,-14.6967,0.0,20.6864,420.142,-662.16,-0.012
166534,635.4986,,0,static.unknown,,20.0117,-20.2024,0.0,28.436,420.142,-662.16,-0.012
166535,635.5022,,0,static.unknown,,14.1993,-14.3347,0.0,20.1768,420.142,-662.16,-0.012
166536,635.5057,,0,static.unknown,,15.9497,-16.1017,0.0,22.664,420.142,-662.16,-0.012
166542,635.5274,,0,static.unknown,,35.5623,-35.9012,0.0,50.5329,420.144,-662.159,-0.012
166543,635.5312,,0,static.unknown,,58.5136,-59.0712,0.0,83.146,420.145,-662.158,-0.012
166544,635.5347,,0,static.unknown,,24.6797,-24.9148,0.0,35.069,420.145,-662.158,-0.012
166546,635.5417,,0,static.unknown,,30.7526,-31.0457,0.0,43.6985,420.145,-662.157,-0.013
166547,635.5456,,0,static.unknown,,13.2899,-13.4165,0.0,18.8845,420.145,-662.157,-0.013
166548,635.5495,,0,static.unknown,,17.9864,-18.1578,0.0,25.5581,420.145,-662.157,-0.013
166549,635.5531,,0,static.unknown,,8.5062,-8.5872,0.0,12.087,420.145,-662.157,-0.013
166550,635.5567,,0,static.unknown,,12.8978,-13.0207,0.0,18.3274,420.145,-662.156,-0.013
166551,635.5601,,0,static.unknown,,22.971,-23.1899,0.0,32.6411,420.145,-662.156,-0.013
166552,635.5639,,0,static.unknown,,3.8612,-3.898,0.0,5.4867,420.145,-662.156,-0.013
166553,635.5674,,0,static.unknown,,7.4127,-7.4833,0.0,10.5332,420.146,-662.156,-0.013
166554,635.571,,0,static.unknown,,28.8137,-29.0883,0.0,40.9434,420.146,-662.156,-0.013
166555,635.5745,,0,static.unknown,,15.8879,-16.0393,0.0,22.5762,420.146,-662.156,-0.013
166556,635.5784,,0,static.unknown,,14.9027,-15.0447,0.0,21.1762,420.146,-662.155,-0.013
166557,635.5822,,0,static.unknown,,5.7637,-5.8187,0.0,8.1901,420.146,-662.155,-0.013
166558,635.5856,,0,static.unknown,,25.3702,-25.6119,0.0,36.0502,420.146,-662.155,-0.013
166560,635.5932,,0,static.unknown,,27.0883,-27.3465,0.0,38.4917,420.146,-662.155,-0.013
166561,635.597,,0,static.unknown,,15.4977,-15.6453,0.0,22.0217,420.146,-662.155,-0.014
166562,635.6007,,0,static.unknown,,15.7782,-15.9285,0.0,22.4203,420.146,-662.154,-0.014
166563,635.604,,0,static.unknown,,9.0076,-9.0934,0.0,12.7995,420.146,-662.154,-0.014
166564,635.6073,,0,static.unknown,,14.7634,-14.9041,0.0,20.9784,420.146,-662.154,-0.014
166565,635.611,,0,static.unknown,,15.8426,-15.9936,0.0,22.5118,420.146,-662.154,-0.014
166566,635.6149,,0,static.unknown,,21.342,-21.5454,0.0,30.3263,420.146,-662.154,-0.014
166569,635.6258,,0,static.unknown,,24.6493,-24.8842,0.0,35.0259,420.147,-662.153,-0.014
166570,635.6294,,0,static.unknown,,25.755,-26.0004,0.0,36.597,420.147,-662.153,-0.014
166571,635.6332,,0,static.unknown,,11.8344,-11.9472,0.0,16.8163,420.147,-662.153,-0.014
166572,635.6372,,0,static.unknown,,14.8661,-15.0078,0.0,21.1242,420.147,-662.153,-0.014
166573,635.6406,,0,static.unknown,,13.8627,-13.9948,0.0,19.6985,420.147,-662.153,-0.014
166574,635.6444,,0,static.unknown,,18.8852,-19.0652,0.0,26.8353,420.147,-662.152,-0.014
166575,635.6485,,0,static.unknown,,17.4344,-17.6005,0.0,24.7737,420.147,-662.152,-0.014
166576,635.6519,,0,static.unknown,,10.1569,-10.2537,0.0,14.4327,420.147,-662.152,-0.014
166577,635.6554,,0,static.unknown,,20.6464,-20.8432,0.0,29.3379,420.147,-662.152,-0.014
166578,635.659,,0,static.unknown,,3.404,-3.4364,0.0,4.8369,420.147,-662.152,-0.015
166579,635.6628,,0,static.unknown,,24.0406,-24.2697,0.0,34.1609,420.147,-662.151,-0.015
166580,635.6667,,0,static.unknown,,17.2138,-17.3778,0.0,24.4603,420.147,-662.151,-0.015
166581,635.6705,,0,static.unknown,,16.7216,-16.881,0.0,23.7609,420.148,-662.151,-0.015
166583,635.6784,,0,static.unknown,,26.3161,-26.5669,0.0,37.3943,420.148,-662.151,-0.015
166584,635.6823,,0,static.unknown,,19.5129,-19.6989,0.0,27.7273,420.148,-662.15,-0.015
166585,635.6857,,0,static.unknown,,16.8143,-16.9746,0.0,23.8926,420.148,-662.15,-0.015
166587,635.6929,,0,static.unknown,,28.1104,-28.3783,0.0,39.944,420.148,-662.15,-0.015
166588,635.6967,,0,static.unknown,,17.1265,-17.2897,0.0,24.3361,420.148,-662.15,-0.015
166589,635.7006,,0,static.unknown,,10.5819,-10.6827,0.0,15.0365,420.148,-662.149,-0.015
166619,635.81,,0,static.unknown,,5.8757,-22.5256,-0.1895,23.2801,420.184,-662.141,-0.015
166620,635.8143,,0,static.unknown,,20.229,-77.552,-0.6523,80.1495,420.186,-662.14,-0.015
166621,635.8179,,0,static.unknown,,7.7041,-29.5355,-0.2484,30.5247,420.187,-662.14,-0.015
166622,635.8208,,0,static.unknown,,5.5446,-21.2563,-0.1788,21.9683,420.189,-662.139,-0.014
166623,635.8235,,0,static.unknown,,3.7297,-14.2984,-0.1203,14.7773,420.19,-662.139,-0.014
166624,635.8274,,0,static.unknown,,7.7018,-29.5264,-0.2484,30.5153,420.191,-662.138,-0.014
166625,635.8313,,0,static.unknown,,2.82,-10.8565,-0.08,11.2171,420.193,-662.138,-0.014
166626,635.8348,,0,static.unknown,,9.7857,-37.6725,-0.2776,38.9237,420.194,-662.137,-0.014
166627,635.8382,,0,static.unknown,,9.218,-35.4872,-0.2615,36.6658,420.195,-662.137,-0.014
166628,635.8423,,0,static.unknown,,4.5369,-17.4661,-0.1287,18.0462,420.196,-662.136,-0.014
166629,635.846,,0,static.unknown,,8.914,-34.3168,-0.2529,35.4565,420.198,-662.136,-0.014
166630,635.8497,,0,static.unknown,,6.9286,-26.6734,-0.1965,27.5593,420.199,-662.136,-0.014
166631,635.8535,,0,static.unknown,,9.3458,-35.9791,-0.2651,37.1741,420.2,-662.135,-0.014
166632,635.8576,,0,static.unknown,,7.7456,-29.8188,-0.2197,30.8092,420.201,-662.135,-0.014
166633,635.8614,,0,static.unknown,,9.2737,-35.7015,-0.2631,36.8872,420.202,-662.134,-0.014
166634,635.8646,,0,static.unknown,,5.4995,-21.3317,-0.0987,22.0294,420.203,-662.134,-0.014
166635,635.8683,,0,static.unknown,,8.9677,-34.7839,-0.1609,35.9217,420.204,-662.133,-0.014
166636,635.8713,,0,static.unknown,,8.8278,-34.2414,-0.1584,35.3614,420.205,-662.133,-0.014
166637,635.8752,,0,static.unknown,,5.2543,-20.3804,-0.0943,21.047,420.205,-662.133,-0.014
166638,635.8791,,0,static.unknown,,3.4595,-13.4188,-0.0621,13.8578,420.206,-662.132,-0.014
166639,635.8829,,0,static.unknown,,12.9637,-50.284,-0.2326,51.9287,420.207,-662.132,-0.014
166640,635.8864,,0,static.unknown,,5.1077,-19.8117,-0.0917,20.4597,420.207,-662.132,-0.014
166641,635.89,,0,static.unknown,,1.2875,-4.9939,-0.0231,5.1572,420.208,-662.131,-0.013
166642,635.8937,,0,static.unknown,,10.1019,-39.1834,-0.1813,40.4651,420.209,-662.131,-0.013
166643,635.8978,,0,static.unknown,,2.532,-9.821,-0.0454,10.1422,420.209,-662.131,-0.013
166644,635.9019,,0,static.unknown,,3.9338,-15.2585,-0.0706,15.7576,420.21,-662.131,-0.013
166645,635.9063,,0,static.unknown,,12.5026,-48.4952,-0.2244,50.0814,420.211,-662.131,-0.013
166646,635.9104,,0,static.unknown,,11.052,-42.8688,-0.1983,44.271,420.211,-662.13,-0.013
166647,635.9149,,0,static.unknown,,6.791,-26.3409,-0.1219,27.2025,420.212,-662.13,-0.013
166648,635.9192,,0,static.unknown,,8.0497,-31.2232,-0.1445,32.2444,420.212,-662.13,-0.013
166649,635.9231,,0,static.unknown,,4.741,-18.3896,-0.0851,18.9911,420.212,-662.129,-0.013
166650,635.927,,0,static.unknown,,10.8208,-41.9717,-0.1942,43.3445,420.213,-662.129,-0.013
166651,635.9314,,0,static.unknown,,5.4769,-21.2438,-0.0983,21.9386,420.213,-662.129,-0.013
166652,635.9354,,0,static.unknown,,13.2616,-52.1978,0.063,53.8561,420.213,-662.128,-0.013
166653,635.9397,,0,static.unknown,,5.4357,-21.3949,0.0258,22.0746,420.213,-662.128,-0.013
166654,635.9437,,0,static.unknown,,5.1504,-20.2718,0.0245,20.9159,420.213,-662.128,-0.013
166655,635.9477,,0,static.unknown,,10.5688,-41.5989,0.0502,42.9205,420.213,-662.128,-0.013
166656,635.9509,,0,static.unknown,,5.0241,-19.7749,0.0239,20.4032,420.213,-662.127,-0.013
166657,635.9535,,0,static.unknown,,1.5082,-5.9362,0.0072,6.1248,420.213,-662.127,-0.013
166658,635.9571,,0,static.unknown,,10.9767,-43.2043,0.0522,44.5769,420.214,-662.127,-0.013
166659,635.9606,,0,static.unknown,,2.6602,-10.4706,0.0126,10.8032,420.214,-662.127,-0.013
166660,635.9645,,0,static.unknown,,9.4563,-37.2201,0.045,38.4026,420.214,-662.127,-0.012
166661,635.9685,,0,static.unknown,,7.5906,-29.8768,0.0361,30.826,420.214,-662.126,-0.012
166662,635.9724,,0,static.unknown,,7.6072,-29.9421,0.0362,30.8933,420.214,-662.126,-0.012
166663,635.9761,,0,static.unknown,,4.7686,-18.7694,0.0227,19.3657,420.214,-662.126,-0.012
166664,635.9792,,0,static.unknown,,5.8034,-22.8422,0.0276,23.5679,420.214,-662.126,-0.012
166665,635.9833,,0,static.unknown,,9.7164,-38.2439,0.0462,39.4589,420.214,-662.126,-0.012
166666,635.987,,0,static.unknown,,9.203,-36.2229,0.0437,37.3737,420.214,-662.126,-0.012
166667,635.9906,,0,static.unknown,,3.7578,-14.7907,0.0179,15.2606,420.214,-662.125,-0.012
166668,635.9944,,0,static.unknown,,10.7792,-42.427,0.0512,43.775,420.214,-662.125,-0.012
166669,635.9984,,0,static.unknown,,4.1155,-16.1986,0.0196,16.7133,420.214,-662.125,-0.012
166670,636.0022,,0,static.unknown,,13.5117,-53.1821,0.0642,54.8717,420.214,-662.125,-0.012
166671,636.0062,,0,static.unknown,,4.69,-18.4599,0.0223,19.0464,420.214,-662.125,-0.012
166672,636.01,,0,static.unknown,,4.491,-17.6766,0.0213,18.2382,420.214,-662.125,-0.012
166673,636.0128,,0,static.unknown,,9.8676,-38.8388,0.0469,40.0727,420.214,-662.124,-0.012
166674,636.0166,,0,static.unknown,,2.9076,-11.4442,0.0138,11.8078,420.214,-662.124,-0.012
166675,636.0195,,0,static.unknown,,5.8037,-22.8435,0.0276,23.5692,420.214,-662.124,-0.012
166676,636.023,,0,static.unknown,,14.0936,-55.4723,0.067,57.2347,420.214,-662.124,-0.012
166677,636.0271,,0,static.unknown,,5.3045,-20.8787,0.0252,21.542,420.214,-662.124,-0.012
166678,636.0315,,0,static.unknown,,4.8755,-19.1899,0.0232,19.7996,420.214,-662.124,-0.012
166679,636.0356,,0,static.unknown,,10.104,-39.7693,0.048,41.0328,420.214,-662.124,-0.012
166680,636.04,,0,static.unknown,,7.6024,-29.9229,0.0361,30.8736,420.214,-662.124,-0.012
166681,636.0442,,0,static.unknown,,6.1339,-24.1431,0.0292,24.9102,420.214,-662.124,-0.012
166682,636.0487,,0,static.unknown,,4.5582,-17.9411,0.0217,18.5111,420.214,-662.123,-0.012
166683,636.0527,,0,static.unknown,,12.3069,-48.4401,0.0585,49.979,420.214,-662.123,-0.012
166684,636.0566,,0,static.unknown,,0.1105,-0.4349,0.0005,0.4487,420.214,-662.123,-0.012
166685,636.0604,,0,static.unknown,,12.8418,-50.5455,0.061,52.1513,420.214,-662.123,-0.012
166686,636.0665,,0,static.unknown,,6.3902,-25.1519,0.0304,25.951,420.214,-662.123,-0.012
166687,636.0709,,0,static.unknown,,6.9818,-27.4803,0.0332,28.3534,420.214,-662.123,-0.012
166688,636.0758,,0,static.unknown,,5.032,-19.8059,0.0239,20.4352,420.214,-662.123,-0.012
166689,636.0802,,0,static.unknown,,8.7035,-34.2571,0.0414,35.3455,420.214,-662.123,-0.012
166690,636.0845,,0,static.unknown,,10.8572,-42.7338,0.0516,44.0915,420.214,-662.123,-0.012
166691,636.0897,,0,static.unknown,,6.4446,-25.3661,0.0306,26.172,420.214,-662.122,-0.012
166692,636.0936,,0,static.unknown,,6.9747,-27.4523,0.0332,28.3244,420.214,-662.122,-0.012
166693,636.0972,,0,static.unknown,,5.8687,-23.0994,0.0279,23.8333,420.214,-662.122,-0.012
166694,636.1017,,0,static.unknown,,10.7155,-42.1762,0.0509,43.5162,420.214,-662.122,-0.012
166695,636.1064,,0,static.unknown,,9.1813,-36.1377,0.0436,37.2858,420.215,-662.122,-0.012
166696,636.1112,,0,static.unknown,,9.6883,-38.1331,0.0461,39.3446,420.215,-662.122,-0.012
166697,636.1162,,0,static.unknown,,5.2902,-20.8221,0.0251,21.4837,420.215,-662.122,-0.012
166698,636.1204,,0,static.unknown,,8.4905,-33.4187,0.0404,34.4805,420.215,-662.122,-0.012
166699,636.1243,,0,static.unknown,,11.2709,-44.3622,0.0536,45.7716,420.215,-662.122,-0.012
166700,636.1315,,0,static.unknown,,7.9918,-31.4556,0.038,32.455,420.215,-662.122,-0.012
166701,636.1357,,0,static.unknown,,6.8926,-27.1293,0.0328,27.9912,420.215,-662.121,-0.012
166702,636.1398,,0,static.unknown,,4.9049,-19.3057,0.0233,19.919,420.215,-662.121,-0.012
166703,636.1448,,0,static.unknown,,10.114,-39.8089,0.0481,41.0737,420.215,-662.121,-0.012
166704,636.1499,,0,static.unknown,,4.3121,-16.9723,0.0205,17.5115,420.215,-662.121,-0.012
166705,636.1537,,0,static.unknown,,12.9032,-50.7868,0.0613,52.4004,420.215,-662.121,-0.012
166706,636.1577,,0,static.unknown,,3.0959,-12.1854,0.0147,12.5725,420.215,-662.121,-0.012
166707,636.1618,,0,static.unknown,,11.6738,-45.9481,0.0555,47.4079,420.215,-662.121,-0.012
166708,636.1658,,0,static.unknown,,9.6688,-38.0563,0.046,39.2654,420.215,-662.121,-0.012
166709,636.1688,,0,static.unknown,,3.5405,-13.9355,0.0168,14.3783,420.215,-662.121,-0.012
166710,636.1722,,0,static.unknown,,7.8611,-30.9413,0.0374,31.9243,420.215,-662.121,-0.012
166711,636.1766,,0,static.unknown,,7.5596,-29.7547,0.0359,30.7,420.215,-662.121,-0.012
166712,636.1802,,0,static.unknown,,6.99,-27.5126,0.0332,28.3867,420.215,-662.12,-0.012
166713,636.184,,0,static.unknown,,10.8709,-42.7879,0.0517,44.1473,420.215,-662.12,-0.012
166714,636.1884,,0,static.unknown,,4.7178,-18.5694,0.0224,19.1594,420.215,-662.12,-0.012
166715,636.1921,,0,static.unknown,,11.1005,-43.6916,0.0528,45.0797,420.215,-662.12,-0.012
166716,636.197,,0,static.unknown,,4.6559,-18.3258,0.0221,18.908,420.215,-662.12,-0.012
166717,636.2019,,0,static.unknown,,6.0279,-23.726,0.0287,24.4798,420.215,-662.12,-0.012
166718,636.2057,,0,static.unknown,,9.4319,-37.1241,0.0448,38.3036,420.215,-662.12,-0.012
166719,636.2092,,0,static.unknown,,7.3012,-28.7374,0.0347,29.6504,420.215,-662.12,-0.012
166720,636.2126,,0,static.unknown,,7.5678,-29.7869,0.036,30.7332,420.215,-662.12,-0.012
166721,636.2164,,0,static.unknown,,8.7567,-34.4665,0.0416,35.5615,420.215,-662.12,-0.012
166722,636.2198,,0,static.unknown,,4.1484,-16.3282,0.0197,16.847,420.215,-662.12,-0.012
166723,636.223,,0,static.unknown,,9.8784,-38.8814,0.047,40.1167,420.215,-662.12,-0.012
166724,636.2273,,0,static.unknown,,5.2751,-20.7628,0.0251,21.4224,420.215,-662.119,-0.012
166725,636.2305,,0,static.unknown,,8.6974,-34.2332,0.0413,35.3208,420.215,-662.119,-0.012
166726,636.234,,0,static.unknown,,5.6632,-22.2902,0.0269,22.9984,420.215,-662.119,-0.012
166727,636.2378,,0,static.unknown,,5.5798,-21.9621,0.0265,22.6599,420.215,-662.119,-0.012
166728,636.2415,,0,static.unknown,,11.8664,-46.7062,0.0564,48.1901,420.215,-662.119,-0.012
166729,636.2457,,0,static.unknown,,4.2282,-16.6422,0.0201,17.1709,420.215,-662.119,-0.012
166730,636.2493,,0,static.unknown,,9.0077,-35.4542,0.0428,36.5806,420.215,-662.119,-0.012
166731,636.2527,,0,static.unknown,,7.2895,-28.6916,0.0347,29.6031,420.215,-662.119,-0.012
166732,636.2563,,0,static.unknown,,5.321,-20.9435,0.0253,21.6088,420.215,-662.119,-0.012
166733,636.2601,,0,static.unknown,,2.6447,-10.4097,0.0126,10.7405,420.215,-662.119,-0.012
166734,636.2639,,0,static.unknown,,10.99,-43.2567,0.0522,44.631,420.215,-662.119,-0.012
166735,636.2679,,0,static.unknown,,8.4162,-33.1261,0.04,34.1786,420.215,-662.119,-0.012
166737,636.2755,,0,static.unknown,,0.0859,-0.3461,0.0,0.3566,420.216,-662.118,-0.012
166738,636.2797,,0,static.unknown,,15.0391,-60.6359,0.0009,62.4731,420.216,-662.119,-0.012
166739,636.2834,,0,static.unknown,,10.1192,-40.7993,0.0006,42.0355,420.216,-662.118,-0.012
166740,636.2871,,0,static.unknown,,5.3643,-21.6281,0.0003,22.2835,420.216,-662.118,-0.012
166741,636.2911,,0,static.unknown,,2.5391,-10.2373,0.0002,10.5475,420.216,-662.118,-0.012
166742,636.2948,,0,static.unknown,,8.3552,-33.6872,0.0005,34.7079,420.216,-662.118,-0.012
166743,636.2989,,0,static.unknown,,9.7381,-39.2629,0.0006,40.4525,420.216,-662.118,-0.012
166744,636.3028,,0,static.unknown,,4.6913,-18.9146,0.0003,19.4877,420.216,-662.118,-0.012
166745,636.3067,,0,static.unknown,,11.7444,-47.3521,0.0007,48.7868,420.216,-662.118,-0.012
166746,636.3101,,0,static.unknown,,3.9901,-16.0878,0.0002,16.5752,420.216,-662.118,-0.012
166747,636.3139,,0,static.unknown,,6.8505,-27.6206,0.0004,28.4575,420.216,-662.118,-0.012
166748,636.318,,0,static.unknown,,8.7293,-35.1955,0.0005,36.2619,420.216,-662.117,-0.012
166749,636.3222,,0,static.unknown,,4.6265,-18.6535,0.0003,19.2186,420.216,-662.117,-0.012
166750,636.3266,,0,static.unknown,,10.5479,-42.5279,0.0006,43.8164,420.216,-662.117,-0.012
166751,636.3313,,0,static.unknown,,6.0568,-24.4204,0.0004,25.1603,420.216,-662.117,-0.012
166752,636.3355,,0,static.unknown,,8.7011,-35.0817,0.0005,36.1447,420.216,-662.117,-0.012
166753,636.3392,,0,static.unknown,,4.1789,-16.8489,0.0003,17.3594,420.216,-662.117,-0.012
166754,636.3424,,0,static.unknown,,5.8959,-23.7716,0.0004,24.4918,420.216,-662.117,-0.012
166755,636.346,,0,static.unknown,,3.9711,-16.0109,0.0002,16.496,420.216,-662.117,-0.012
166756,636.3499,,0,static.unknown,,12.3536,-49.8082,0.0008,51.3173,420.216,-662.117,-0.012
166757,636.353,,0,static.unknown,,4.5506,-18.3475,0.0003,18.9034,420.216,-662.117,-0.012
166758,636.3573,,0,static.unknown,,10.5919,-42.7053,0.0007,43.9992,420.216,-662.117,-0.012
166759,636.3606,,0,static.unknown,,5.0564,-20.3868,0.0003,21.0045,420.216,-662.116,-0.012
166760,636.3642,,0,static.unknown,,9.2572,-37.3237,0.0006,38.4546,420.216,-662.116,-0.012
166761,636.3677,,0,static.unknown,,4.3546,-17.5574,0.0003,18.0893,420.216,-662.116,-0.012
166762,636.3709,,0,static.unknown,,9.0469,-36.4758,0.0006,37.581,420.216,-662.116,-0.012
166763,636.3743,,0,static.unknown,,5.4491,-21.9703,0.0003,22.636,420.216,-662.116,-0.012
166764,636.378,,0,static.unknown,,2.0283,-8.1779,0.0001,8.4257,420.216,-662.116,-0.012
166765,636.3822,,0,static.unknown,,7.2234,-29.1238,0.0004,30.0062,420.216,-662.116,-0.012
166766,636.386,,0,static.unknown,,9.7617,-39.3582,0.0006,40.5507,420.217,-662.116,-0.012
166767,636.3899,,0,static.unknown,,6.6448,-26.7909,0.0004,27.6027,420.217,-662.116,-0.012
166768,636.3938,,0,static.unknown,,5.6565,-22.8064,0.0003,23.4974,420.217,-662.116,-0.012
166769,636.398,,0,static.unknown,,4.4366,-17.8876,0.0003,18.4296,420.217,-662.116,-0.012
166770,636.4018,,0,static.unknown,,9.4276,-38.0109,0.0006,39.1626,420.217,-662.115,-0.012
166771,636.4052,,0,static.unknown,,7.4431,-30.0098,0.0005,30.9191,420.217,-662.115,-0.012
166772,636.4083,,0,static.unknown,,3.0071,-12.1244,0.0002,12.4918,420.217,-662.115,-0.012
166773,636.4128,,0,static.unknown,,5.9264,-23.8944,0.0004,24.6183,420.217,-662.115,-0.012
166774,636.4162,,0,static.unknown,,6.8391,-27.5742,0.0004,28.4097,420.217,-662.115,-0.012
166775,636.4194,,0,static.unknown,,6.7368,-27.162,0.0004,27.985,420.217,-662.115,-0.012
166776,636.4228,,0,static.unknown,,6.9587,-28.0568,0.0004,28.9069,420.217,-662.115,-0.012
166777,636.4268,,0,static.unknown,,9.8952,-39.8963,0.0006,41.1052,420.217,-662.115,-0.012
166778,636.4321,,0,static.unknown,,9.941,-40.0808,0.0006,41.2952,420.217,-662.115,-0.012
166779,636.4357,,0,static.unknown,,2.8209,-11.3734,0.0002,11.718,420.217,-662.115,-0.012
166780,636.4397,,0,static.unknown,,7.7912,-31.413,0.0005,32.3648,420.217,-662.115,-0.012
166781,636.4428,,0,static.unknown,,6.8836,-27.7539,0.0004,28.5948,420.217,-662.115,-0.012
166782,636.4469,,0,static.unknown,,4.167,-16.801,0.0003,17.31,420.217,-662.114,-0.012
166783,636.4508,,0,static.unknown,,10.0843,-40.6588,0.0006,41.8907,420.217,-662.114,-0.012
166784,636.4544,,0,static.unknown,,5.4878,-22.1261,0.0003,22.7964,420.217,-662.114,-0.012
166785,636.4579,,0,static.unknown,,3.2856,-13.2472,0.0002,13.6486,420.217,-662.114,-0.012
166786,636.4616,,0,static.unknown,,6.4066,-25.8308,0.0004,26.6134,420.217,-662.114,-0.012
166787,636.4659,,0,static.unknown,,10.7469,-43.3304,0.0007,44.6432,420.217,-662.114,-0.012
166788,636.4698,,0,static.unknown,,3.7959,-15.3046,0.0002,15.7683,420.217,-662.114,-0.012
166789,636.473,,0,static.unknown,,7.4901,-30.1991,0.0005,31.1141,420.217,-662.114,-0.012
166790,636.4766,,0,static.unknown,,4.1273,-16.6408,0.0003,17.145,420.217,-662.114,-0.012
166791,636.4807,,0,static.unknown,,8.774,-35.3759,0.0005,36.4477,420.217,-662.114,-0.012
166792,636.4846,,0,static.unknown,,6.4477,-25.9962,0.0004,26.7839,420.217,-662.114,-0.012
166793,636.4881,,0,static.unknown,,5.0436,-20.3351,0.0003,20.9513,420.217,-662.114,-0.012
166794,636.4918,,0,static.unknown,,5.5922,-22.547,0.0003,23.2301,420.217,-662.114,-0.012
166795,636.4954,,0,static.unknown,,9.2759,-37.3994,0.0006,38.5326,420.217,-662.114,-0.012
166796,636.4997,,0,static.unknown,,4.5968,-18.5337,0.0003,19.0953,420.217,-662.114,-0.012
166797,636.503,,0,static.unknown,,8.5563,-34.498,0.0005,35.5432,420.217,-662.113,-0.012
166798,636.5065,,0,static.unknown,,6.8775,-27.7291,0.0004,28.5692,420.217,-662.113,-0.012
166799,636.51,,0,static.unknown,,2.8997,-11.6913,0.0002,12.0455,420.217,-662.113,-0.012
166800,636.514,,0,static.unknown,,8.7336,-35.213,0.0005,36.2799,420.217,-662.113,-0.012
166801,636.5177,,0,static.unknown,,5.8678,-23.6582,0.0004,24.375,420.217,-662.113,-0.012
166802,636.5212,,0,static.unknown,,6.6764,-26.9183,0.0004,27.7339,420.217,-662.113,-0.012
166803,636.5247,,0,static.unknown,,4.299,-17.3331,0.0003,17.8582,420.217,-662.113,-0.012
166804,636.5287,,0,static.unknown,,9.0309,-36.4116,0.0006,37.5149,420.217,-662.113,-0.012
166805,636.5327,,0,static.unknown,,5.2746,-21.2666,0.0003,21.9109,420.217,-662.113,-0.012
166806,636.5367,,0,static.unknown,,5.7236,-23.0768,0.0004,23.776,420.217,-662.113,-0.012
166807,636.5406,,0,static.unknown,,9.5986,-38.7004,0.0006,39.873,420.217,-662.113,-0.012
166808,636.5446,,0,static.unknown,,5.5828,-22.5091,0.0003,23.1911,420.217,-662.113,-0.012
166809,636.5488,,0,static.unknown,,9.851,-39.7182,0.0006,40.9216,420.217,-662.112,-0.012
166810,636.5524,,0,static.unknown,,2.3321,-9.4028,0.0001,9.6876,420.217,-662.112,-0.012
166811,636.556,,0,static.unknown,,9.7454,-39.2923,0.0006,40.4828,420.217,-662.112,-0.012
166812,636.5599,,0,static.unknown,,5.1674,-20.8343,0.0003,21.4655,420.217,-662.112,-0.012
166813,636.5635,,0,static.unknown,,4.4936,-18.1177,0.0003,18.6666,420.217,-662.112,-0.012
166814,636.5675,,0,static.unknown,,6.3171,-25.4697,0.0004,26.2414,420.217,-662.112,-0.012
166815,636.5709,,0,static.unknown,,6.58,-26.5297,0.0004,27.3335,420.217,-662.112,-0.012
166816,636.5742,,0,static.unknown,,7.9558,-32.0769,0.0005,33.0488,420.217,-662.112,-0.012
166817,636.5776,,0,static.unknown,,4.6923,-18.9186,0.0003,19.4918,420.217,-662.112,-0.012
166818,636.5813,,0,static.unknown,,3.9339,-15.8612,0.0002,16.3417,420.217,-662.112,-0.012
166819,636.585,,0,static.unknown,,7.4241,-29.9329,0.0005,30.8398,420.217,-662.112,-0.012
166820,636.5882,,0,static.unknown,,5.5655,-22.4396,0.0003,23.1195,420.217,-662.112,-0.012
166821,636.5914,,0,static.unknown,,7.4104,-29.8779,0.0005,30.7832,420.217,-662.112,-0.012
166822,636.5959,,0,static.unknown,,11.1483,-44.9488,0.0007,46.3107,420.218,-662.112,-0.012
166823,636.5993,,0,static.unknown,,7.9824,-32.1842,0.0005,33.1593,420.218,-662.111,-0.012
166824,636.6025,,0,static.unknown,,6.7905,-27.3785,0.0004,28.208,420.218,-662.111,-0.012
166825,636.6058,,0,static.unknown,,2.1566,-8.6951,0.0001,8.9586,420.218,-662.111,-0.012
166826,636.6092,,0,static.unknown,,7.2506,-29.2337,0.0004,30.1195,420.218,-662.111,-0.012
166827,636.6129,,0,static.unknown,,1.7913,-7.2225,0.0001,7.4413,420.218,-662.111,-0.012
166828,636.6167,,0,static.unknown,,11.3398,-45.7206,0.0007,47.1059,420.218,-662.111,-0.012
166829,636.6202,,0,static.unknown,,7.5134,-30.2932,0.0005,31.211,420.218,-662.111,-0.012
166830,636.6238,,0,static.unknown,,4.5072,-18.1724,0.0003,18.723,420.218,-662.111,-0.012
166831,636.6272,,0,static.unknown,,3.8905,-15.6861,0.0002,16.1614,420.218,-662.111,-0.012
166832,636.6309,,0,static.unknown,,5.2467,-21.154,0.0003,21.7949,420.218,-662.111,-0.012
166833,636.6352,,0,static.unknown,,6.1365,-24.7417,0.0004,25.4914,420.218,-662.111,-0.012
166834,636.6384,,0,static.unknown,,9.6486,-38.9021,0.0006,40.0808,420.218,-662.111,-0.012
166835,636.6419,,0,static.unknown,,4.2117,-16.9812,0.0003,17.4957,420.218,-662.11,-0.012
166836,636.6457,,0,static.unknown,,8.5622,-34.5216,0.0005,35.5676,420.218,-662.11,-0.012
166837,636.6496,,0,static.unknown,,7.6254,-30.7446,0.0005,31.6761,420.218,-662.11,-0.012
166838,636.6531,,0,static.unknown,,5.3371,-21.5187,0.0003,22.1707,420.218,-662.11,-0.012
166839,636.6563,,0,static.unknown,,4.7134,-19.004,0.0003,19.5798,420.218,-662.11,-0.012
166840,636.6601,,0,static.unknown,,6.4915,-26.1729,0.0004,26.9659,420.218,-662.11,-0.012
166841,636.6642,,0,static.unknown,,9.3016,-37.5029,0.0006,38.6392,420.218,-662.11,-0.012
166842,636.6683,,0,static.unknown,,7.6513,-30.8493,0.0005,31.784,420.218,-662.11,-0.012
166843,636.6717,,0,static.unknown,,3.6962,-14.9026,0.0002,15.3541,420.218,-662.11,-0.012
166844,636.6751,,0,static.unknown,,3.1726,-12.7915,0.0002,13.179,420.218,-662.11,-0.012
166845,636.6787,,0,static.unknown,,10.0769,-40.6286,0.0006,41.8596,420.218,-662.11,-0.012
166846,636.6827,,0,static.unknown,,4.6853,-18.8907,0.0003,19.4631,420.218,-662.109,-0.012
166847,636.6861,,0,static.unknown,,8.1094,-32.6959,0.0005,33.6866,420.218,-662.109,-0.012
166848,636.6896,,0,static.unknown,,2.186,-8.8137,0.0001,9.0808,420.218,-662.109,-0.012
166849,636.6931,,0,static.unknown,,7.4941,-30.2153,0.0005,31.1308,420.218,-662.109,-0.012
166850,636.6969,,0,static.unknown,,7.2853,-29.3734,0.0004,30.2634,420.218,-662.109,-0.012
166851,636.7006,,0,static.unknown,,3.5175,-14.182,0.0002,14.6117,420.218,-662.109,-0.012
166852,636.7041,,0,static.unknown,,8.5897,-34.6327,0.0005,35.6821,420.218,-662.109,-0.012
166853,636.7075,,0,static.unknown,,6.1664,-24.8621,0.0004,25.6154,420.218,-662.109,-0.012
166854,636.7118,,0,static.unknown,,8.1368,-32.8064,0.0005,33.8004,420.218,-662.109,-0.012
166855,636.7157,,0,static.unknown,,9.1567,-36.9188,0.0006,38.0374,420.218,-662.109,-0.012
166856,636.7195,,0,static.unknown,,5.0476,-20.3511,0.0003,20.9677,420.218,-662.109,-0.012
166857,636.7221,,0,static.unknown,,3.2291,-13.0193,0.0002,13.4137,420.218,-662.109,-0.012
166858,636.7271,,0,static.unknown,,3.1041,-12.5153,0.0002,12.8945,420.218,-662.109,-0.012
166859,636.73,,0,static.unknown,,11.0055,-44.3729,0.0007,45.7173,420.218,-662.109,-0.012
166860,636.7335,,0,static.unknown,,8.6918,-35.9943,-0.0018,37.0289,420.218,-662.109,-0.012
166862,636.7403,,0,static.unknown,,10.4784,-43.3931,-0.0021,44.6403,420.218,-662.108,-0.012
166863,636.7441,,0,static.unknown,,4.3649,-18.0758,-0.0009,18.5953,420.218,-662.108,-0.012
166864,636.7482,,0,static.unknown,,5.9136,-24.4895,-0.0012,25.1934,420.218,-662.108,-0.012
166865,636.7523,,0,static.unknown,,3.8146,-15.7969,-0.0008,16.2509,420.218,-662.108,-0.012
166866,636.7548,,0,static.unknown,,1.3187,-5.4612,-0.0003,5.6182,420.218,-662.108,-0.012
166867,636.7591,,0,static.unknown,,9.4783,-39.2515,-0.0019,40.3797,420.218,-662.108,-0.012
166868,636.7632,,0,static.unknown,,4.4331,-18.3582,-0.0009,18.8858,420.219,-662.108,-0.012
166869,636.7667,,0,static.unknown,,10.2254,-42.3454,-0.0021,43.5625,420.219,-662.108,-0.012
166870,636.7702,,0,static.unknown,,4.6309,-19.1776,-0.0009,19.7288,420.218,-662.108,-0.012
166871,636.7744,,0,static.unknown,,4.5521,-18.8513,-0.0009,19.3931,420.219,-662.108,-0.012
166872,636.7778,,0,static.unknown,,7.7431,-32.0657,-0.0016,32.9873,420.219,-662.108,-0.012
166873,636.7808,,0,static.unknown,,7.578,-31.3819,-0.0015,32.2839,420.219,-662.108,-0.012
166874,636.7849,,0,static.unknown,,5.6103,-23.2335,-0.0011,23.9013,420.219,-662.107,-0.012
166875,636.7886,,0,static.unknown,,0.8073,-3.3431,-0.0002,3.4392,420.219,-662.107,-0.012
166876,636.7925,,0,static.unknown,,10.4679,-43.3495,-0.0021,44.5955,420.219,-662.107,-0.012
166877,636.7955,,0,static.unknown,,6.8622,-28.4177,-0.0014,29.2345,420.219,-662.107,-0.012
166878,636.7997,,0,static.unknown,,2.3897,-9.8964,-0.0005,10.1809,420.219,-662.107,-0.012
166879,636.8034,,0,static.unknown,,10.0108,-41.4567,-0.002,42.6483,420.219,-662.107,-0.012
166880,636.8069,,0,static.unknown,,5.0683,-20.989,-0.001,21.5923,420.219,-662.107,-0.012
166881,636.8109,,0,static.unknown,,4.6815,-19.3869,-0.001,19.9441,420.219,-662.107,-0.012
166882,636.8141,,0,static.unknown,,6.9386,-28.7342,-0.0014,29.5601,420.219,-662.107,-0.012
166883,636.8174,,0,static.unknown,,5.6717,-23.4878,-0.0012,24.1629,420.219,-662.107,-0.012
166884,636.821,,0,static.unknown,,1.5944,-6.6027,-0.0003,6.7924,420.219,-662.107,-0.012
166885,636.8249,,0,static.unknown,,10.1742,-42.1334,-0.0021,43.3444,420.219,-662.107,-0.012
166886,636.8286,,0,static.unknown,,8.7046,-36.0476,-0.0018,37.0837,420.219,-662.107,-0.012
166887,636.8326,,0,static.unknown,,6.9754,-28.8864,-0.0014,29.7166,420.219,-662.106,-0.012
166888,636.8365,,0,static.unknown,,3.4699,-14.3697,-0.0007,14.7827,420.219,-662.106,-0.012
166889,636.8401,,0,static.unknown,,9.1168,-37.7544,-0.0019,38.8395,420.219,-662.106,-0.012
166890,636.8438,,0,static.unknown,,4.3076,-17.8385,-0.0009,18.3513,420.219,-662.106,-0.012
166891,636.8475,,0,static.unknown,,8.1613,-33.7976,-0.0017,34.769,420.219,-662.106,-0.012
166892,636.8514,,0,static.unknown,,3.5256,-14.6001,-0.0007,15.0198,420.219,-662.106,-0.012
166893,636.855,,0,static.unknown,,7.5098,-31.0995,-0.0015,31.9934,420.219,-662.106,-0.012
166894,636.8588,,0,static.unknown,,8.3259,-34.4793,-0.0017,35.4703,420.219,-662.106,-0.012
166895,636.8624,,0,static.unknown,,5.7663,-23.8794,-0.0012,24.5657,420.219,-662.106,-0.012
166896,636.8664,,0,static.unknown,,3.0351,-12.569,-0.0006,12.9302,420.219,-662.106,-0.012
166897,636.8701,,0,static.unknown,,9.5155,-39.4057,-0.0019,40.5383,420.219,-662.106,-0.012
166898,636.8733,,0,static.unknown,,5.2504,-21.743,-0.0011,22.3679,420.219,-662.106,-0.012
166899,636.8758,,0,static.unknown,,4.8408,-20.0465,-0.001,20.6227,420.219,-662.105,-0.012
166900,636.8803,,0,static.unknown,,8.0933,-33.516,-0.0016,34.4793,420.219,-662.105,-0.012
166901,636.8841,,0,static.unknown,,7.7638,-32.1516,-0.0016,33.0757,420.219,-662.105,-0.012
166902,636.8876,,0,static.unknown,,5.0239,-20.8049,-0.001,21.4029,420.219,-662.105,-0.012
166904,636.8942,,0,static.unknown,,7.811,-32.3468,-0.0016,33.2765,420.219,-662.105,-0.012
166905,636.8984,,0,static.unknown,,7.8536,-32.5234,-0.0016,33.4582,420.219,-662.105,-0.012
166906,636.9025,,0,static.unknown,,5.294,-21.9233,-0.0011,22.5534,420.219,-662.105,-0.012
166907,636.9052,,0,static.unknown,,2.8741,-11.9022,-0.0006,12.2443,420.219,-662.105,-0.012
166908,636.9085,,0,static.unknown,,8.9083,-36.891,-0.0018,37.9513,420.219,-662.105,-0.012
166909,636.9119,,0,static.unknown,,5.4989,-22.7721,-0.0011,23.4266,420.219,-662.105,-0.012
166910,636.9157,,0,static.unknown,,7.4811,-30.9807,-0.0015,31.8711,420.219,-662.105,-0.012
166911,636.9198,,0,static.unknown,,1.4188,-5.8757,-0.0003,6.0445,420.219,-662.104,-0.012
166912,636.9236,,0,static.unknown,,10.0472,-41.6076,-0.002,42.8034,420.219,-662.104,-0.012
166913,636.9274,,0,static.unknown,,9.6322,-39.8888,-0.002,41.0353,420.219,-662.104,-0.012
166914,636.9314,,0,static.unknown,,7.1409,-29.5718,-0.0015,30.4217,420.219,-662.104,-0.012
166915,636.9343,,0,static.unknown,,3.2223,-13.3443,-0.0007,13.7278,420.219,-662.104,-0.012
166916,636.9378,,0,static.unknown,,5.2022,-21.5434,-0.0011,22.1626,420.22,-662.104,-0.012
166917,636.9408,,0,static.unknown,,9.4679,-39.2086,-0.0019,40.3356,420.22,-662.104,-0.012
166918,636.9443,,0,static.unknown,,6.0175,-24.9197,-0.0012,25.636,420.22,-662.104,-0.012
166919,636.948,,0,static.unknown,,5.1387,-21.2805,-0.001,21.8922,420.22,-662.104,-0.012
166920,636.9518,,0,static.unknown,,5.0649,-20.9749,-0.001,21.5778,420.22,-662.104,-0.012
166921,636.9558,,0,static.unknown,,2.6309,-10.8952,-0.0005,11.2083,420.22,-662.104,-0.012
166922,636.9596,,0,static.unknown,,10.0817,-41.7504,-0.0021,42.9504,420.22,-662.104,-0.012
166923,636.9638,,0,static.unknown,,4.3356,-17.9547,-0.0009,18.4708,420.22,-662.104,-0.012
166924,636.9668,,0,static.unknown,,8.7697,-36.317,-0.0018,37.3608,420.22,-662.104,-0.012
166925,636.9697,,0,static.unknown,,6.6502,-27.5397,-0.0014,28.3312,420.22,-662.103,-0.012
166926,636.9737,,0,static.unknown,,1.9784,-8.1929,-0.0004,8.4284,420.22,-662.103,-0.012
166927,636.9774,,0,static.unknown,,7.4978,-31.05,-0.0015,31.9424,420.22,-662.103,-0.012
166928,636.9817,,0,static.unknown,,9.2449,-38.285,-0.0019,39.3854,420.22,-662.103,-0.012
166929,636.9858,,0,static.unknown,,5.7789,-23.9316,-0.0012,24.6195,420.22,-662.103,-0.012
166930,636.9884,,0,static.unknown,,7.3342,-30.3723,-0.0015,31.2453,420.22,-662.103,-0.012
166931,636.9913,,0,static.unknown,,3.5858,-14.8497,-0.0007,15.2765,420.22,-662.103,-0.012
166932,636.995,,0,static.unknown,,5.756,-23.8366,-0.0012,24.5218,420.22,-662.103,-0.012
166933,636.9986,,0,static.unknown,,7.1187,-29.4797,-0.0015,30.3271,420.22,-662.103,-0.012
166934,637.0028,,0,static.unknown,,7.0586,-29.231,-0.0014,30.0712,420.22,-662.103,-0.012
166935,637.0066,,0,static.unknown,,9.2181,-38.1738,-0.0019,39.271,420.22,-662.103,-0.012
166936,637.0104,,0,static.unknown,,4.0917,-16.9446,-0.0008,17.4316,420.22,-662.102,-0.012
166937,637.0145,,0,static.unknown,,8.2185,-34.0345,-0.0017,35.0127,420.22,-662.102,-0.012
166938,637.0178,,0,static.unknown,,7.3914,-30.6092,-0.0015,31.489,420.22,-662.102,-0.012
166939,637.0211,,0,static.unknown,,1.3926,-5.7669,-0.0003,5.9326,420.22,-662.102,-0.012
166940,637.025,,0,static.unknown,,6.3705,-26.3813,-0.0013,27.1396,420.22,-662.102,-0.012
166941,637.0289,,0,static.unknown,,4.8266,-19.9877,-0.001,20.5622,420.22,-662.102,-0.012
166942,637.0322,,0,static.unknown,,6.7752,-28.0574,-0.0014,28.8638,420.22,-662.102,-0.012
166943,637.0366,,0,static.unknown,,5.9262,-24.5414,-0.0012,25.2468,420.22,-662.102,-0.012
166944,637.0403,,0,static.unknown,,6.1012,-25.2664,-0.0012,25.9926,420.22,-662.102,-0.012
166945,637.0428,,0,static.unknown,,7.8125,-32.353,-0.0016,33.2829,420.22,-662.102,-0.012
166946,637.047,,0,static.unknown,,2.893,-11.9806,-0.0006,12.3249,420.22,-662.102,-0.012
166947,637.0514,,0,static.unknown,,5.7822,-23.9451,-0.0012,24.6334,420.22,-662.102,-0.012
166948,637.0553,,0,static.unknown,,6.2071,-25.7048,-0.0013,26.4436,420.22,-662.102,-0.012
166949,637.0592,,0,static.unknown,,10.9642,-45.4048,-0.0022,46.7098,420.22,-662.102,-0.012
166950,637.0628,,0,static.unknown,,4.9003,-20.2931,-0.001,20.8764,420.22,-662.102,-0.012
166951,637.0659,,0,static.unknown,,5.0102,-20.7484,-0.001,21.3448,420.22,-662.101,-0.012
166952,637.0697,,0,static.unknown,,3.9357,-16.2987,-0.0008,16.7672,420.22,-662.101,-0.012
166953,637.0736,,0,static.unknown,,5.4455,-22.5509,-0.0011,23.1991,420.22,-662.101,-0.012
166954,637.0774,,0,static.unknown,,10.0661,-41.6855,-0.0021,42.8836,420.22,-662.101,-0.012
166955,637.0808,,0,static.unknown,,3.5829,-14.8373,-0.0007,15.2637,420.22,-662.101,-0.012
166956,637.0851,,0,static.unknown,,8.2738,-34.2635,-0.0017,35.2484,420.22,-662.101,-0.012
166957,637.0893,,0,static.unknown,,1.1271,-4.6675,-0.0002,4.8016,420.22,-662.101,-0.012
166958,637.0932,,0,static.unknown,,10.8162,-44.792,-0.0022,46.0795,420.22,-662.101,-0.012
166959,637.0972,,0,static.unknown,,10.081,-41.7473,-0.0021,42.9472,420.22,-662.101,-0.012
166960,637.1005,,0,static.unknown,,1.8838,-7.8012,-0.0004,8.0255,420.22,-662.101,-0.012
166961,637.1043,,0,static.unknown,,11.4876,-47.5725,-0.0023,48.9399,420.221,-662.101,-0.012
166962,637.1076,,0,static.unknown,,4.6476,-19.2467,-0.0009,19.7999,420.221,-662.101,-0.012
166963,637.1108,,0,static.unknown,,8.9784,-37.1812,-0.0018,38.2499,420.221,-662.1,-0.012
166964,637.1151,,0,static.unknown,,3.7016,-15.3289,-0.0008,15.7695,420.221,-662.1,-0.012
166965,637.1188,,0,static.unknown,,7.7242,-31.9876,-0.0016,32.907,420.221,-662.1,-0.012
166966,637.1222,,0,static.unknown,,6.2444,-25.8592,-0.0013,26.6024,420.221,-662.1,-0.012
166967,637.1257,,0,static.unknown,,2.7364,-11.3319,-0.0006,11.6576,420.221,-662.1,-0.012
166968,637.1303,,0,static.unknown,,6.6201,-27.4151,-0.0013,28.2031,420.221,-662.1,-0.012
166969,637.1344,,0,static.unknown,,8.8095,-36.4821,-0.0018,37.5306,420.221,-662.1,-0.012
166970,637.1384,,0,static.unknown,,6.5107,-26.9619,-0.0013,27.7369,420.221,-662.1,-0.012
166971,637.142,,0,static.unknown,,8.6059,-35.6386,-0.0018,36.6629,420.221,-662.1,-0.012
166972,637.1448,,0,static.unknown,,4.4243,-18.3217,-0.0009,18.8483,420.221,-662.1,-0.012
166973,637.1486,,0,static.unknown,,5.8831,-24.3629,-0.0012,25.0632,420.221,-662.1,-0.012
166974,637.1529,,0,static.unknown,,2.9799,-12.3402,-0.0006,12.6949,420.221,-662.099,-0.012
166975,637.1569,,0,static.unknown,,10.0936,-41.7996,-0.0021,43.001,420.221,-662.099,-0.012
166976,637.16,,0,static.unknown,,7.5243,-31.1597,-0.0015,32.0553,420.221,-662.099,-0.012
166977,637.1631,,0,static.unknown,,2.0952,-8.6767,-0.0004,8.9261,420.221,-662.099,-0.012
166978,637.1673,,0,static.unknown,,5.8441,-24.2016,-0.0012,24.8972,420.221,-662.099,-0.012
166979,637.1711,,0,static.unknown,,7.6421,-31.6474,-0.0016,32.557,420.221,-662.099,-0.012
166980,637.1749,,0,static.unknown,,7.5602,-31.3083,-0.0015,32.2081,420.221,-662.099,-0.012
166981,637.1786,,0,static.unknown,,6.5286,-27.0361,-0.0013,27.8132,420.221,-662.099,-0.012
166982,637.1814,,0,static.unknown,,2.9537,-12.2319,-0.0006,12.5835,420.221,-662.099,-0.012
166983,637.1854,,0,static.unknown,,4.6815,-19.3869,-0.001,19.9442,420.221,-662.099,-0.012
166984,637.1892,,0,static.unknown,,9.6431,-39.9339,-0.002,41.0816,420.221,-662.099,-0.012
166985,637.1928,,0,static.unknown,,7.5257,-31.1656,-0.0015,32.0614,420.221,-662.099,-0.012
166986,637.1968,,0,static.unknown,,6.1683,-25.5443,-0.0013,26.2785,420.221,-662.099,-0.012
166987,637.2003,,0,static.unknown,,3.8126,-16.2075,0.0001,16.6499,420.221,-662.098,-0.012
166988,637.2041,,0,static.unknown,,6.1128,-25.9853,0.0002,26.6946,420.221,-662.098,-0.012
166989,637.2077,,0,static.unknown,,6.8829,-29.2589,0.0002,30.0576,420.221,-662.098,-0.012
166990,637.2122,,0,static.unknown,,6.7542,-28.7122,0.0002,29.4959,420.221,-662.098,-0.012
166991,637.2148,,0,static.unknown,,6.441,-27.3807,0.0002,28.1281,420.221,-662.098,-0.012
166992,637.2185,,0,static.unknown,,2.5686,-10.919,0.0001,11.217,420.221,-662.098,-0.012
166993,637.2223,,0,static.unknown,,7.6804,-32.6491,0.0003,33.5403,420.221,-662.098,-0.012
166994,637.2257,,0,static.unknown,,7.8719,-33.4634,0.0003,34.3768,420.221,-662.098,-0.012
166995,637.2297,,0,static.unknown,,4.0406,-17.1763,0.0001,17.6452,420.221,-662.098,-0.012
166996,637.2339,,0,static.unknown,,5.7287,-24.3527,0.0002,25.0174,420.221,-662.098,-0.012
166997,637.2378,,0,static.unknown,,10.3066,-43.8133,0.0003,45.0092,420.221,-662.098,-0.013
166998,637.2414,,0,static.unknown,,7.3497,-31.2436,0.0002,32.0964,420.221,-662.098,-0.013
166999,637.2443,,0,static.unknown,,2.5907,-11.0132,0.0001,11.3138,420.221,-662.097,-0.013
167000,637.2485,,0,static.unknown,,7.2548,-30.8402,0.0002,31.682,420.221,-662.097,-0.013
167001,637.2524,,0,static.unknown,,3.2348,-13.7509,0.0001,14.1262,420.221,-662.097,-0.013
167002,637.2562,,0,static.unknown,,8.1006,-34.4354,0.0003,35.3754,420.221,-662.097,-0.013
167003,637.2599,,0,static.unknown,,5.4238,-23.0565,0.0002,23.6858,420.221,-662.097,-0.013
167004,637.2636,,0,static.unknown,,8.61,-36.6011,0.0003,37.6002,420.221,-662.097,-0.013
167005,637.2665,,0,static.unknown,,3.1638,-13.4491,0.0001,13.8162,420.221,-662.097,-0.013
167006,637.2705,,0,static.unknown,,7.7539,-32.9616,0.0003,33.8614,420.221,-662.097,-0.012
167007,637.2744,,0,static.unknown,,3.6285,-15.4247,0.0001,15.8457,420.221,-662.097,-0.012
167008,637.2781,,0,static.unknown,,7.8048,-33.1783,0.0003,34.0839,420.221,-662.097,-0.012
167009,637.2817,,0,static.unknown,,8.1749,-34.7513,0.0003,35.6999,420.221,-662.097,-0.012
167010,637.2853,,0,static.unknown,,4.4761,-19.0277,0.0001,19.5471,420.222,-662.097,-0.012
167011,637.289,,0,static.unknown,,9.9067,-42.1131,0.0003,43.2626,420.222,-662.097,-0.013
167012,637.2926,,0,static.unknown,,3.8792,-16.4906,0.0001,16.9407,420.222,-662.097,-0.013
167013,637.2964,,0,static.unknown,,2.0644,-8.7758,0.0001,9.0154,420.222,-662.096,-0.013
167014,637.3001,,0,static.unknown,,9.3056,-39.5581,0.0003,40.6379,420.222,-662.096,-0.013
167015,637.3039,,0,static.unknown,,8.4545,-35.9399,0.0003,36.921,420.222,-662.096,-0.013
167016,637.3077,,0,static.unknown,,3.6862,-15.67,0.0001,16.0978,420.222,-662.096,-0.013
167017,637.3101,,0,static.unknown,,4.4235,-18.8042,0.0001,19.3175,420.222,-662.096,-0.013
167018,637.3146,,0,static.unknown,,4.4967,-19.1155,0.0001,19.6373,420.222,-662.096,-0.013
167019,637.3186,,0,static.unknown,,6.163,-26.1989,0.0002,26.914,420.222,-662.096,-0.013
167020,637.3223,,0,static.unknown,,9.2467,-39.3076,0.0003,40.3805,420.222,-662.096,-0.013
167021,637.3261,,0,static.unknown,,5.5668,-23.6644,0.0002,24.3104,420.222,-662.096,-0.013
167022,637.33,,0,static.unknown,,4.1842,-17.7871,0.0001,18.2726,420.222,-662.096,-0.013
167023,637.3339,,0,static.unknown,,6.4124,-27.259,0.0002,28.0031,420.222,-662.096,-0.013
167024,637.3364,,0,static.unknown,,7.2065,-30.6347,0.0002,31.471,420.222,-662.096,-0.013
167026,637.3429,,0,static.unknown,,10.0429,-42.6923,0.0003,43.8576,420.222,-662.096,-0.013
167027,637.3467,,0,static.unknown,,6.6427,-28.2378,0.0002,29.0086,420.222,-662.095,-0.012
167028,637.3505,,0,static.unknown,,7.2021,-30.6161,0.0002,31.4518,420.222,-662.095,-0.012
167029,637.3544,,0,static.unknown,,4.5866,-19.4975,0.0002,20.0297,420.222,-662.095,-0.012
167030,637.3581,,0,static.unknown,,8.0289,-34.1307,0.0003,35.0624,420.222,-662.095,-0.012
167031,637.362,,0,static.unknown,,9.2168,-39.1807,0.0003,40.2502,420.222,-662.095,-0.012
167032,637.366,,0,static.unknown,,2.624,-11.1545,0.0001,11.4589,420.222,-662.095,-0.012
167033,637.37,,0,static.unknown,,9.8612,-41.9197,0.0003,43.0639,420.222,-662.095,-0.012
167034,637.3738,,0,static.unknown,,7.3422,-31.2118,0.0002,32.0637,420.222,-662.095,-0.012
167035,637.3774,,0,static.unknown,,3.4951,-14.8576,0.0001,15.2632,420.222,-662.095,-0.013
167036,637.3806,,0,static.unknown,,6.2931,-26.7517,0.0002,27.482,420.222,-662.095,-0.013
167037,637.3838,,0,static.unknown,,5.5755,-23.7012,0.0002,24.3482,420.222,-662.095,-0.013
167038,637.388,,0,static.unknown,,4.9434,-21.0144,0.0002,21.588,420.222,-662.095,-0.013
167039,637.3916,,0,static.unknown,,5.8569,-24.8975,0.0002,25.5771,420.222,-662.094,-0.013
167040,637.3956,,0,static.unknown,,7.8317,-33.2924,0.0003,34.2011,420.222,-662.094,-0.013
167041,637.4002,,0,static.unknown,,5.4548,-23.1882,0.0002,23.8211,420.222,-662.094,-0.013
167042,637.4041,,0,static.unknown,,7.417,-31.5294,0.0002,32.39,420.222,-662.094,-0.013
167043,637.4071,,0,static.unknown,,4.4872,-19.0751,0.0001,19.5958,420.222,-662.094,-0.013
167044,637.41,,0,static.unknown,,3.0244,-12.8565,0.0001,13.2075,420.222,-662.094,-0.013
167045,637.4138,,0,static.unknown,,5.5211,-23.4701,0.0002,24.1107,420.222,-662.094,-0.013
167046,637.4175,,0,static.unknown,,7.0945,-30.1586,0.0002,30.9818,420.222,-662.094,-0.013
167047,637.4212,,0,static.unknown,,9.2588,-39.3591,0.0003,40.4335,420.222,-662.094,-0.013
167048,637.4252,,0,static.unknown,,6.47,-27.5038,0.0002,28.2546,420.222,-662.094,-0.013
167049,637.4312,,0,static.unknown,,6.0232,-25.6045,0.0002,26.3034,420.222,-662.094,-0.013
167050,637.4354,,0,static.unknown,,8.7746,-37.3006,0.0003,38.3188,420.222,-662.094,-0.013
167051,637.4386,,0,static.unknown,,4.303,-18.292,0.0001,18.7913,420.222,-662.093,-0.013
167052,637.4416,,0,static.unknown,,7.5195,-31.9652,0.0003,32.8378,420.222,-662.093,-0.013
167053,637.4452,,0,static.unknown,,4.1547,-17.6617,0.0001,18.1438,420.222,-662.093,-0.013
167054,637.4488,,0,static.unknown,,3.5436,-15.0637,0.0001,15.4749,420.222,-662.093,-0.013
167055,637.4526,,0,static.unknown,,11.6521,-49.5329,0.0004,50.8849,420.223,-662.093,-0.013
167056,637.4561,,0,static.unknown,,3.168,-13.4672,0.0001,13.8348,420.223,-662.093,-0.013
167057,637.4597,,0,static.unknown,,5.9809,-25.4249,0.0002,26.1189,420.223,-662.093,-0.013
167058,637.4638,,0,static.unknown,,5.2382,-22.2674,0.0002,22.8753,420.223,-662.093,-0.013
167059,637.4676,,0,static.unknown,,8.0129,-34.0629,0.0003,34.9927,420.223,-662.093,-0.013
167060,637.471,,0,static.unknown,,6.6527,-28.2806,0.0002,29.0526,420.223,-662.093,-0.013
167061,637.4744,,0,static.unknown,,5.1706,-21.98,0.0002,22.58,420.223,-662.093,-0.013
167062,637.4785,,0,static.unknown,,8.3093,-35.3229,0.0003,36.2871,420.223,-662.093,-0.013
167063,637.4831,,0,static.unknown,,2.6604,-11.3093,0.0001,11.618,420.223,-662.092,-0.013
167064,637.4871,,0,static.unknown,,10.3181,-43.8622,0.0003,45.0595,420.223,-662.092,-0.013
167065,637.491,,0,static.unknown,,7.281,-30.9515,0.0002,31.7963,420.223,-662.092,-0.013
167066,637.4948,,0,static.unknown,,3.8029,-16.1659,0.0001,16.6072,420.223,-662.092,-0.013
167067,637.4985,,0,static.unknown,,6.4011,-27.211,0.0002,27.9537,420.223,-662.092,-0.013
167068,637.5019,,0,static.unknown,,6.3917,-27.1712,0.0002,27.9129,420.223,-662.092,-0.013
167069,637.5054,,0,static.unknown,,3.1773,-13.5068,0.0001,13.8755,420.223,-662.092,-0.013
167070,637.5095,,0,static.unknown,,7.3597,-31.2861,0.0002,32.1401,420.223,-662.092,-0.013
167071,637.512,,0,static.unknown,,7.066,-30.0374,0.0002,30.8573,420.223,-662.092,-0.013
167072,637.5156,,0,static.unknown,,2.888,-12.277,0.0001,12.6121,420.223,-662.092,-0.013
167073,637.5195,,0,static.unknown,,9.5426,-40.5653,0.0003,41.6725,420.223,-662.092,-0.013
167074,637.5234,,0,static.unknown,,3.2652,-13.8805,0.0001,14.2593,420.223,-662.092,-0.013
167075,637.5272,,0,static.unknown,,8.845,-37.6,0.0003,38.6263,420.223,-662.092,-0.013
167076,637.5311,,0,static.unknown,,5.7075,-24.2626,0.0002,24.9249,420.223,-662.091,-0.013
167077,637.535,,0,static.unknown,,3.8422,-16.3329,0.0001,16.7788,420.223,-662.091,-0.013
167078,637.5386,,0,static.unknown,,7.836,-33.3108,0.0003,34.2201,420.223,-662.091,-0.013
167079,637.5422,,0,static.unknown,,6.3428,-26.9633,0.0002,27.6993,420.223,-662.091,-0.013
167080,637.5448,,0,static.unknown,,4.784,-20.3369,0.0002,20.892,420.223,-662.091,-0.013
167081,637.549,,0,static.unknown,,6.7026,-28.4925,0.0002,29.2703,420.223,-662.091,-0.013
167082,637.5527,,0,static.unknown,,5.0235,-21.3547,0.0002,21.9376,420.223,-662.091,-0.013
167083,637.5564,,0,static.unknown,,9.1283,-38.8044,0.0003,39.8636,420.223,-662.091,-0.013
167084,637.56,,0,static.unknown,,2.8967,-12.3137,0.0001,12.6498,420.223,-662.091,-0.013
167085,637.5636,,0,static.unknown,,8.936,-37.9866,0.0003,39.0235,420.223,-662.091,-0.013
167086,637.5677,,0,static.unknown,,5.5629,-23.6478,0.0002,24.2933,420.223,-662.091,-0.013
167087,637.571,,0,static.unknown,,2.9995,-12.7509,0.0001,13.099,420.223,-662.091,-0.013
167088,637.5744,,0,static.unknown,,7.16,-30.4371,0.0002,31.2679,420.223,-662.091,-0.013
167089,637.5778,,0,static.unknown,,7.3621,-31.296,0.0002,32.1502,420.223,-662.091,-0.013
167090,637.5815,,0,static.unknown,,5.44,-23.1254,0.0002,23.7567,420.223,-662.09,-0.013
167091,637.5853,,0,static.unknown,,2.9739,-12.6422,0.0001,12.9873,420.223,-662.09,-0.013
167092,637.5887,,0,static.unknown,,8.4773,-36.0369,0.0003,37.0206,420.223,-662.09,-0.013
167093,637.5922,,0,static.unknown,,3.6464,-15.5006,0.0001,15.9237,420.223,-662.09,-0.013
167094,637.5958,,0,static.unknown,,9.116,-38.7521,0.0003,39.8099,420.223,-662.09,-0.013
167095,637.5993,,0,static.unknown,,8.4563,-35.9474,0.0003,36.9287,420.223,-662.09,-0.013
167096,637.6033,,0,static.unknown,,2.9302,-12.4564,0.0001,12.7964,420.223,-662.09,-0.013
167097,637.607,,0,static.unknown,,6.0216,-25.5976,0.0002,26.2963,420.223,-662.09,-0.013
167098,637.6109,,0,static.unknown,,7.6068,-32.3365,0.0003,33.2191,420.223,-662.09,-0.013
167099,637.6146,,0,static.unknown,,7.8769,-33.4847,0.0003,34.3987,420.223,-662.09,-0.013
167100,637.6186,,0,static.unknown,,1.3295,-5.6515,0.0,5.8058,420.224,-662.09,-0.013
167101,637.6222,,0,static.unknown,,10.3738,-44.0989,0.0003,45.3026,420.224,-662.09,-0.013
167102,637.6258,,0,static.unknown,,2.4394,-10.3699,0.0001,10.653,420.224,-662.089,-0.013
167103,637.6294,,0,static.unknown,,7.1112,-30.2297,0.0002,31.0548,420.224,-662.089,-0.013
167104,637.6337,,0,static.unknown,,4.0382,-17.1663,0.0001,17.6349,420.224,-662.089,-0.012
167105,637.6379,,0,static.unknown,,6.909,-29.3701,0.0002,30.1718,420.224,-662.089,-0.012
167106,637.6414,,0,static.unknown,,10.7156,-45.5517,0.0004,46.7951,420.224,-662.089,-0.012
167107,637.6451,,0,static.unknown,,2.491,-10.5893,0.0001,10.8784,420.224,-662.089,-0.012
167108,637.649,,0,static.unknown,,9.2731,-39.42,0.0003,40.496,420.224,-662.089,-0.012
167109,637.6527,,0,static.unknown,,2.4244,-10.3059,0.0001,10.5873,420.224,-662.089,-0.012
167110,637.6562,,0,static.unknown,,9.6011,-40.8142,0.0003,41.9283,420.224,-662.089,-0.012
167111,637.6598,,0,static.unknown,,7.2975,-31.0217,0.0002,31.8685,420.224,-662.089,-0.012
167112,637.6641,,0,static.unknown,,4.206,-17.8797,0.0001,18.3678,420.224,-662.089,-0.012
167113,637.6686,,0,static.unknown,,7.5679,-32.1711,0.0003,33.0493,420.224,-662.089,-0.012
167114,637.6729,,0,static.unknown,,5.4437,-23.1409,0.0002,23.7726,420.224,-662.089,-0.012
167115,637.6775,,0,static.unknown,,2.8751,-12.5553,0.0011,12.8803,420.224,-662.088,-0.012
167116,637.6818,,0,static.unknown,,5.7313,-25.0281,0.0021,25.6759,420.224,-662.088,-0.012
167117,637.6856,,0,static.unknown,,7.6057,-33.2134,0.0028,34.0731,420.224,-662.088,-0.012
167118,637.6913,,0,static.unknown,,4.7786,-20.8679,0.0018,21.408,420.224,-662.088,-0.012
167119,637.6948,,0,static.unknown,,9.1526,-39.9686,0.0034,41.0031,420.224,-662.088,-0.012
167120,637.6985,,0,static.unknown,,2.6174,-11.4301,0.001,11.7259,420.224,-662.088,-0.012
167121,637.7023,,0,static.unknown,,10.7031,-46.7397,0.0039,47.9495,420.224,-662.088,-0.012
167122,637.7059,,0,static.unknown,,3.8712,-16.9052,0.0014,17.3428,420.224,-662.088,-0.012
167123,637.7095,,0,static.unknown,,5.0351,-21.9878,0.0018,22.5569,420.224,-662.088,-0.012
167124,637.7131,,0,static.unknown,,7.5628,-33.0263,0.0028,33.8811,420.224,-662.088,-0.012
167125,637.717,,0,static.unknown,,6.0308,-26.3362,0.0022,27.0179,420.224,-662.088,-0.012
167126,637.7205,,0,static.unknown,,7.2449,-31.6378,0.0027,32.4567,420.224,-662.087,-0.012
167127,637.724,,0,static.unknown,,5.4968,-24.0039,0.002,24.6253,420.224,-662.087,-0.012
167128,637.7276,,0,static.unknown,,7.9676,-34.7939,0.0029,35.6945,420.224,-662.087,-0.012
167129,637.7314,,0,static.unknown,,4.4505,-19.4349,0.0016,19.9379,420.224,-662.087,-0.012
167130,637.7355,,0,static.unknown,,7.3152,-31.9449,0.0027,32.7718,420.224,-662.087,-0.012
167131,637.7388,,0,static.unknown,,8.7826,-38.3527,0.0032,39.3454,420.224,-662.087,-0.012
167132,637.7422,,0,static.unknown,,3.7857,-16.532,0.0014,16.9599,420.224,-662.087,-0.012
167133,637.7459,,0,static.unknown,,7.9395,-34.671,0.0029,35.5684,420.224,-662.087,-0.012
167134,637.7497,,0,static.unknown,,5.0223,-21.932,0.0018,22.4997,420.224,-662.087,-0.012
167135,637.7537,,0,static.unknown,,3.9377,-17.1955,0.0014,17.6406,420.224,-662.087,-0.012
167136,637.7574,,0,static.unknown,,6.4368,-28.1091,0.0024,28.8367,420.224,-662.086,-0.012
167137,637.7611,,0,static.unknown,,9.5997,-41.9212,0.0035,43.0063,420.224,-662.086,-0.012
167138,637.7651,,0,static.unknown,,7.6396,-33.3615,0.0028,34.2251,420.225,-662.086,-0.012
167139,637.7693,,0,static.unknown,,2.2577,-9.8593,0.0008,10.1145,420.225,-662.086,-0.012
167140,637.773,,0,static.unknown,,8.434,-36.8303,0.0031,37.7837,420.225,-662.086,-0.012
167141,637.7769,,0,static.unknown,,7.5345,-32.9026,0.0028,33.7542,420.225,-662.086,-0.012
167142,637.7808,,0,static.unknown,,2.3799,-10.3927,0.0009,10.6617,420.225,-662.086,-0.012
167143,637.7847,,0,static.unknown,,6.1705,-26.946,0.0023,27.6435,420.225,-662.086,-0.012
167144,637.7883,,0,static.unknown,,9.0431,-39.4903,0.0033,40.5124,420.225,-662.086,-0.012
167145,637.7919,,0,static.unknown,,1.0935,-4.7752,0.0004,4.8988,420.225,-662.086,-0.012
167146,637.7955,,0,static.unknown,,9.6815,-42.2782,0.0036,43.3725,420.225,-662.086,-0.012
167147,637.7991,,0,static.unknown,,6.316,-27.5815,0.0023,28.2954,420.225,-662.086,-0.012
167148,637.8029,,0,static.unknown,,4.4257,-19.3264,0.0016,19.8267,420.225,-662.085,-0.012
167149,637.8067,,0,static.unknown,,4.7387,-20.6937,0.0017,21.2293,420.225,-662.085,-0.012
167150,637.8105,,0,static.unknown,,7.4786,-32.6583,0.0027,33.5037,420.225,-662.085,-0.012
167151,637.8142,,0,static.unknown,,7.9016,-34.5055,0.0029,35.3987,420.225,-662.085,-0.012
167152,637.8182,,0,static.unknown,,2.8867,-12.6061,0.0011,12.9325,420.225,-662.085,-0.012
167153,637.8218,,0,static.unknown,,6.2802,-27.4251,0.0023,28.135,420.225,-662.085,-0.012
167154,637.8254,,0,static.unknown,,8.0804,-35.2864,0.003,36.1997,420.225,-662.085,-0.012
167155,637.829,,0,static.unknown,,5.0843,-22.2028,0.0019,22.7776,420.225,-662.085,-0.012
167156,637.8327,,0,static.unknown,,2.4183,-10.5603,0.0009,10.8337,420.225,-662.085,-0.012
167157,637.8363,,0,static.unknown,,5.5783,-24.3602,0.002,24.9907,420.225,-662.085,-0.012
167158,637.8406,,0,static.unknown,,12.8802,-56.2468,0.0047,57.7027,420.225,-662.085,-0.013
167159,637.8443,,0,static.unknown,,3.3898,-14.8031,0.0012,15.1863,420.225,-662.085,-0.013
167160,637.8486,,0,static.unknown,,4.4425,-19.3999,0.0016,19.902,420.225,-662.084,-0.013
167161,637.8526,,0,static.unknown,,7.246,-31.6425,0.0027,32.4616,420.225,-662.084,-0.013
167162,637.8566,,0,static.unknown,,9.2779,-40.5158,0.0034,41.5645,420.225,-662.084,-0.013
167163,637.8605,,0,static.unknown,,6.2635,-27.3522,0.0023,28.0602,420.225,-662.084,-0.013
167164,637.8646,,0,static.unknown,,2.7081,-11.8261,0.001,12.1322,420.225,-662.084,-0.013
167165,637.8685,,0,static.unknown,,7.528,-32.8739,0.0028,33.7248,420.225,-662.084,-0.013
167166,637.8723,,0,static.unknown,,10.0816,-44.0256,0.0037,45.1652,420.225,-662.084,-0.013
167167,637.876,,0,static.unknown,,3.1231,-13.6384,0.0011,13.9914,420.225,-662.084,-0.013
167168,637.8805,,0,static.unknown,,3.1846,-13.907,0.0012,14.267,420.225,-662.084,-0.013
167169,637.8847,,0,static.unknown,,9.7781,-42.7002,0.0036,43.8055,420.225,-662.084,-0.013
167170,637.8884,,0,static.unknown,,4.6707,-20.3967,0.0017,20.9246,420.225,-662.084,-0.013
167171,637.8924,,0,static.unknown,,6.9183,-30.2118,0.0025,30.9938,420.225,-662.083,-0.013
167172,637.8961,,0,static.unknown,,4.4581,-19.468,0.0016,19.9719,420.225,-662.083,-0.013
167173,637.9005,,0,static.unknown,,7.0971,-30.9924,0.0026,31.7946,420.225,-662.083,-0.013
167174,637.9041,,0,static.unknown,,7.2903,-31.8359,0.0027,32.66,420.225,-662.083,-0.013
167175,637.9079,,0,static.unknown,,4.1543,-18.1415,0.0015,18.6111,420.225,-662.083,-0.013
167176,637.9116,,0,static.unknown,,8.3844,-36.6141,0.0031,37.5618,420.225,-662.083,-0.013
167177,637.9157,,0,static.unknown,,6.6463,-29.0239,0.0024,29.7751,420.225,-662.083,-0.013
167178,637.9196,,0,static.unknown,,6.0365,-26.3607,0.0022,27.043,420.225,-662.083,-0.012
167179,637.9235,,0,static.unknown,,8.1322,-35.5126,0.003,36.4318,420.225,-662.083,-0.012
167180,637.927,,0,static.unknown,,2.9347,-12.8157,0.0011,13.1475,420.225,-662.083,-0.013
167181,637.9308,,0,static.unknown,,5.3025,-23.1557,0.0019,23.7551,420.225,-662.083,-0.013
167182,637.9351,,0,static.unknown,,6.8066,-29.7237,0.0025,30.4931,420.225,-662.083,-0.013
167183,637.9388,,0,static.unknown,,6.887,-30.075,0.0025,30.8535,420.226,-662.083,-0.013
167184,637.9427,,0,static.unknown,,3.47,-15.1534,0.0013,15.5456,420.226,-662.082,-0.013
167185,637.9464,,0,static.unknown,,6.7919,-29.6597,0.0025,30.4274,420.226,-662.082,-0.013
167186,637.9504,,0,static.unknown,,9.9818,-43.5896,0.0037,44.7179,420.226,-662.082,-0.013
167187,637.9538,,0,static.unknown,,4.0888,-17.8555,0.0015,18.3176,420.226,-662.082,-0.013
167188,637.9572,,0,static.unknown,,7.7088,-33.6636,0.0028,34.535,420.226,-662.082,-0.013
167189,637.9607,,0,static.unknown,,5.711,-24.9393,0.0021,25.5849,420.226,-662.082,-0.013
167190,637.9646,,0,static.unknown,,3.7617,-16.4271,0.0014,16.8523,420.226,-662.082,-0.013
167191,637.9686,,0,static.unknown,,9.4409,-41.2277,0.0035,42.2948,420.226,-662.082,-0.013
167192,637.9725,,0,static.unknown,,3.4895,-15.2383,0.0013,15.6327,420.226,-662.082,-0.013
167193,637.9768,,0,static.unknown,,6.6187,-28.9031,0.0024,29.6513,420.226,-662.082,-0.013
167194,637.9807,,0,static.unknown,,6.6789,-29.1661,0.0024,29.9211,420.226,-662.082,-0.013
167195,637.9847,,0,static.unknown,,9.1203,-39.8273,0.0033,40.8582,420.226,-662.081,-0.013
167196,637.9886,,0,static.unknown,,4.739,-20.6948,0.0017,21.2304,420.226,-662.081,-0.013
167197,637.9923,,0,static.unknown,,4.1363,-18.0629,0.0015,18.5304,420.226,-662.081,-0.013
167198,637.9961,,0,static.unknown,,4.7643,-20.8055,0.0017,21.344,420.226,-662.081,-0.013
167199,637.9998,,0,static.unknown,,11.8416,-51.7111,0.0043,53.0496,420.226,-662.081,-0.013
167200,638.0037,,0,static.unknown,,3.8537,-16.8288,0.0014,17.2644,420.226,-662.081,-0.013
167201,638.0077,,0,static.unknown,,4.2959,-18.7596,0.0016,19.2452,420.226,-662.081,-0.013
167202,638.0115,,0,static.unknown,,8.0641,-35.2153,0.003,36.1268,420.226,-662.081,-0.013
167203,638.0157,,0,static.unknown,,6.6791,-29.1669,0.0024,29.9218,420.226,-662.081,-0.013
167204,638.0197,,0,static.unknown,,3.8095,-16.6358,0.0014,17.0664,420.226,-662.081,-0.013
167205,638.0235,,0,static.unknown,,10.6943,-46.7008,0.0039,47.9097,420.226,-662.081,-0.012
167206,638.0273,,0,static.unknown,,2.08,-9.083,0.0008,9.3181,420.226,-662.08,-0.012
167207,638.0313,,0,static.unknown,,6.2597,-27.3354,0.0023,28.043,420.226,-662.08,-0.012
167208,638.0355,,0,static.unknown,,6.5135,-28.444,0.0024,29.1802,420.226,-662.08,-0.012
167209,638.0394,,0,static.unknown,,10.319,-45.0621,0.0038,46.2285,420.226,-662.08,-0.012
167210,638.0431,,0,static.unknown,,4.4815,-19.5705,0.0016,20.0771,420.226,-662.08,-0.012
167211,638.0469,,0,static.unknown,,8.5274,-37.2382,0.0031,38.2021,420.226,-662.08,-0.012
167212,638.0511,,0,static.unknown,,0.9641,-4.2101,0.0004,4.3191,420.226,-662.08,-0.012
167213,638.0548,,0,static.unknown,,10.4519,-45.6425,0.0038,46.8239,420.226,-662.08,-0.012
167214,638.0585,,0,static.unknown,,4.4181,-19.2936,0.0016,19.793,420.226,-662.08,-0.012
167215,638.062,,0,static.unknown,,9.6698,-42.227,0.0035,43.32,420.226,-662.08,-0.012
167216,638.0664,,0,static.unknown,,3.742,-16.3409,0.0014,16.7639,420.226,-662.08,-0.013
167217,638.0705,,0,static.unknown,,7.8879,-34.4458,0.0029,35.3374,420.226,-662.08,-0.013
167218,638.0742,,0,static.unknown,,6.0493,-26.4169,0.0022,27.1007,420.226,-662.08,-0.013
167219,638.0778,,0,static.unknown,,3.686,-16.0964,0.0014,16.5131,420.226,-662.079,-0.013
167220,638.0819,,0,static.unknown,,7.8687,-34.3618,0.0029,35.2512,420.226,-662.079,-0.013
167221,638.086,,0,static.unknown,,4.7452,-20.7217,0.0017,21.2581,420.227,-662.079,-0.013
167222,638.0897,,0,static.unknown,,7.359,-32.1361,0.0027,32.9679,420.227,-662.079,-0.013
167223,638.0934,,0,static.unknown,,8.189,-35.7608,0.003,36.6864,420.227,-662.079,-0.013
167224,638.0993,,0,static.unknown,,7.0192,-30.652,0.0026,31.4454,420.227,-662.079,-0.013
167225,638.1037,,0,static.unknown,,5.2605,-22.9721,0.0019,23.5667,420.227,-662.079,-0.013
167226,638.108,,0,static.unknown,,4.0709,-17.7773,0.0015,18.2375,420.227,-662.079,-0.013
167227,638.1116,,0,static.unknown,,6.2227,-27.1739,0.0023,27.8773,420.227,-662.079,-0.013
167228,638.1159,,0,static.unknown,,7.5606,-33.0163,0.0028,33.8709,420.227,-662.079,-0.013
167229,638.12,,0,static.unknown,,8.9611,-39.1322,0.0033,40.1451,420.227,-662.078,-0.013
167230,638.1241,,0,static.unknown,,5.3504,-24.0391,0.0019,24.6273,420.227,-662.078,-0.013
167231,638.1278,,0,static.unknown,,6.2626,-28.1376,0.0022,28.8261,420.227,-662.078,-0.013
167232,638.1317,,0,static.unknown,,5.7307,-25.7479,0.002,26.3779,420.227,-662.078,-0.013
167233,638.1358,,0,static.unknown,,2.5141,-11.2958,0.0009,11.5722,420.227,-662.078,-0.013
167234,638.1397,,0,static.unknown,,8.5168,-38.2657,0.003,39.202,420.227,-662.078,-0.012
167235,638.1433,,0,static.unknown,,7.1152,-31.9687,0.0025,32.7509,420.227,-662.078,-0.012
167236,638.1467,,0,static.unknown,,4.1814,-18.787,0.0015,19.2467,420.227,-662.078,-0.012
167237,638.1511,,0,static.unknown,,8.0235,-36.0494,0.0028,36.9315,420.227,-662.078,-0.012
167238,638.1548,,0,static.unknown,,7.0711,-31.7703,0.0025,32.5477,420.227,-662.078,-0.012
167239,638.1584,,0,static.unknown,,3.8329,-17.2211,0.0013,17.6424,420.227,-662.078,-0.012
167240,638.1621,,0,static.unknown,,3.245,-14.5796,0.0011,14.9363,420.227,-662.078,-0.012
167241,638.1661,,0,static.unknown,,6.7248,-30.2144,0.0024,30.9538,420.227,-662.077,-0.012
167242,638.1701,,0,static.unknown,,5.8075,-26.0931,0.002,26.7316,420.227,-662.077,-0.012
167243,638.1736,,0,static.unknown,,10.1326,-45.5258,0.0035,46.6398,420.227,-662.077,-0.012
167244,638.177,,0,static.unknown,,2.0807,-9.3486,0.0007,9.5774,420.227,-662.077,-0.012
167245,638.1804,,0,static.unknown,,7.4803,-33.6091,0.0026,34.4315,420.227,-662.077,-0.012
167246,638.1841,,0,static.unknown,,4.5916,-20.6299,0.0016,21.1346,420.227,-662.077,-0.012
167247,638.1886,,0,static.unknown,,8.8891,-39.9386,0.0031,40.9158,420.227,-662.077,-0.013
167248,638.1918,,0,static.unknown,,6.2821,-28.2252,0.0022,28.9159,420.227,-662.077,-0.013
167249,638.195,,0,static.unknown,,1.752,-7.8715,0.0006,8.0641,420.227,-662.077,-0.013
167250,638.1986,,0,static.unknown,,7.2217,-32.4471,0.0025,33.2411,420.227,-662.077,-0.013
167251,638.2021,,0,static.unknown,,9.009,-40.4773,0.0031,41.4677,420.227,-662.077,-0.013
167252,638.2064,,0,static.unknown,,7.9549,-35.7414,0.0028,36.616,420.227,-662.076,-0.013
167253,638.2095,,0,static.unknown,,3.8497,-17.2965,0.0013,17.7198,420.227,-662.076,-0.013
167254,638.2128,,0,static.unknown,,6.5666,-29.5037,0.0023,30.2257,420.227,-662.076,-0.013
167255,638.2165,,0,static.unknown,,5.5461,-24.9187,0.0019,25.5284,420.227,-662.076,-0.013
167256,638.2204,,0,static.unknown,,6.5746,-29.5398,0.0023,30.2626,420.227,-662.076,-0.013
167257,638.2241,,0,static.unknown,,7.1208,-31.9935,0.0025,32.7764,420.227,-662.076,-0.013
167258,638.2278,,0,static.unknown,,4.1867,-18.8109,0.0015,19.2712,420.227,-662.076,-0.013
167259,638.2315,,0,static.unknown,,2.4945,-11.208,0.0009,11.4822,420.227,-662.076,-0.013
167260,638.2356,,0,static.unknown,,8.1992,-36.8391,0.0029,37.7405,420.227,-662.076,-0.013
167261,638.2395,,0,static.unknown,,4.7548,-21.3633,0.0017,21.886,420.227,-662.076,-0.013
167262,638.2434,,0,static.unknown,,7.4161,-33.3206,0.0026,34.1359,420.227,-662.076,-0.013
167263,638.2472,,0,static.unknown,,7.8218,-35.1434,0.0027,36.0033,420.227,-662.076,-0.013
167264,638.2514,,0,static.unknown,,4.8259,-21.6827,0.0017,22.2132,420.227,-662.075,-0.013
167265,638.2553,,0,static.unknown,,7.2131,-32.4082,0.0025,33.2012,420.227,-662.075,-0.013
167266,638.2593,,0,static.unknown,,4.0563,-18.2248,0.0014,18.6708,420.228,-662.075,-0.013
167267,638.2634,,0,static.unknown,,5.8054,-26.0837,0.002,26.7219,420.228,-662.075,-0.013
167268,638.2678,,0,static.unknown,,9.368,-42.0905,0.0033,43.1204,420.228,-662.075,-0.013
167269,638.2713,,0,static.unknown,,2.8051,-12.6031,0.001,12.9115,420.228,-662.075,-0.013
167270,638.2752,,0,static.unknown,,8.5976,-38.6289,0.003,39.5741,420.228,-662.075,-0.013
167271,638.279,,0,static.unknown,,3.0823,-13.8485,0.0011,14.1874,420.228,-662.075,-0.013
167272,638.2828,,0,static.unknown,,8.5887,-38.5889,0.003,39.5332,420.228,-662.075,-0.013
167273,638.287,,0,static.unknown,,5.6875,-25.5539,0.002,26.1792,420.228,-662.075,-0.013
167274,638.2908,,0,static.unknown,,0.187,-0.8404,0.0001,0.861,420.228,-662.075,-0.013
167275,638.2947,,0,static.unknown,,8.7873,-39.4813,0.0031,40.4474,420.228,-662.075,-0.013
167276,638.2987,,0,static.unknown,,6.9987,-31.4451,0.0024,32.2146,420.228,-662.075,-0.013
167277,638.3027,,0,static.unknown,,3.6893,-16.576,0.0013,16.9817,420.228,-662.074,-0.013
167278,638.3065,,0,static.unknown,,10.479,-47.0821,0.0037,48.2342,420.228,-662.074,-0.013
167279,638.3103,,0,static.unknown,,7.2043,-32.3689,0.0025,33.1609,420.228,-662.074,-0.013
167280,638.3143,,0,static.unknown,,4.7932,-21.5359,0.0017,22.0629,420.228,-662.074,-0.013
167281,638.3183,,0,static.unknown,,3.7441,-16.8222,0.0013,17.2338,420.228,-662.074,-0.013
167282,638.3223,,0,static.unknown,,7.3926,-33.2147,0.0026,34.0274,420.228,-662.074,-0.013
167283,638.3261,,0,static.unknown,,4.2219,-18.9689,0.0015,19.4331,420.228,-662.074,-0.013
167284,638.3299,,0,static.unknown,,8.8105,-39.5855,0.0031,40.5542,420.228,-662.074,-0.013
167285,638.3342,,0,static.unknown,,4.3182,-19.4018,0.0015,19.8766,420.228,-662.074,-0.013
167286,638.3381,,0,static.unknown,,7.4325,-33.3941,0.0026,34.2113,420.228,-662.074,-0.013
167287,638.3419,,0,static.unknown,,4.8378,-21.7364,0.0017,22.2682,420.228,-662.074,-0.013
167288,638.3453,,0,static.unknown,,3.6893,-16.5759,0.0013,16.9815,420.228,-662.074,-0.013
167289,638.3497,,0,static.unknown,,5.5207,-24.8046,0.0019,25.4115,420.228,-662.073,-0.013
167290,638.3536,,0,static.unknown,,6.0251,-27.0706,0.0021,27.733,420.228,-662.073,-0.013
167291,638.3573,,0,static.unknown,,7.7288,-34.7252,0.0027,35.5749,420.228,-662.073,-0.013
167292,638.3612,,0,static.unknown,,7.416,-33.3202,0.0026,34.1355,420.228,-662.073,-0.013
167293,638.3651,,0,static.unknown,,4.3558,-19.5707,0.0015,20.0495,420.228,-662.073,-0.013
167294,638.3691,,0,static.unknown,,4.564,-20.5061,0.0016,21.0079,420.228,-662.073,-0.013
167295,638.3731,,0,static.unknown,,5.1557,-23.1643,0.0018,23.7311,420.228,-662.073,-0.013
167296,638.377,,0,static.unknown,,11.963,-53.7494,0.0042,55.0646,420.228,-662.073,-0.013
167297,638.3808,,0,static.unknown,,5.9608,-26.7819,0.0021,27.4372,420.228,-662.073,-0.013
167298,638.3852,,0,static.unknown,,5.0086,-22.5038,0.0018,23.0544,420.228,-662.073,-0.013
167299,638.3896,,0,static.unknown,,8.963,-40.2705,0.0031,41.2559,420.228,-662.073,-0.013
167300,638.394,,0,static.unknown,,4.8044,-21.5861,0.0017,22.1142,420.228,-662.072,-0.013
167301,638.3988,,0,static.unknown,,8.6844,-39.019,0.003,39.9738,420.228,-662.072,-0.013
167302,638.4032,,0,static.unknown,,5.9998,-26.9569,0.0021,27.6166,420.228,-662.072,-0.013
167303,638.407,,0,static.unknown,,2.8123,-12.6358,0.001,12.9449,420.228,-662.072,-0.013
167304,638.4111,,0,static.unknown,,10.435,-46.8843,0.0036,48.0315,420.229,-662.072,-0.013
167305,638.4156,,0,static.unknown,,5.96,-26.7781,0.0021,27.4333,420.229,-662.072,-0.013
167306,638.4198,,0,static.unknown,,5.5319,-24.8549,0.0019,25.4631,420.229,-662.072,-0.013
167307,638.4237,,0,static.unknown,,6.6637,-29.9401,0.0023,30.6727,420.229,-662.072,-0.013
167308,638.4275,,0,static.unknown,,5.8202,-26.1503,0.002,26.7902,420.229,-662.072,-0.013
167309,638.4325,,0,static.unknown,,3.5443,-15.9244,0.0012,16.3141,420.229,-662.072,-0.013
167310,638.4374,,0,static.unknown,,3.6144,-16.2393,0.0013,16.6366,420.229,-662.071,-0.013
167311,638.4414,,0,static.unknown,,10.0189,-45.0146,0.0035,46.1161,420.229,-662.071,-0.013
167312,638.4454,,0,static.unknown,,8.6505,-38.8664,0.003,39.8174,420.229,-662.071,-0.013
167313,638.4494,,0,static.unknown,,3.5684,-16.0327,0.0012,16.425,420.229,-662.071,-0.013
167314,638.4535,,0,static.unknown,,7.2578,-32.6093,0.0025,33.4073,420.229,-662.071,-0.013
167315,638.4574,,0,static.unknown,,4.1903,-18.827,0.0015,19.2876,420.229,-662.071,-0.013
167316,638.4614,,0,static.unknown,,8.6163,-38.7127,0.003,39.66,420.229,-662.071,-0.013
167317,638.4651,,0,static.unknown,,7.2413,-32.5351,0.0025,33.3312,420.229,-662.071,-0.013
167318,638.4693,,0,static.unknown,,5.9552,-26.7566,0.0021,27.4113,420.229,-662.071,-0.013
167319,638.4734,,0,static.unknown,,0.7883,-3.5417,0.0003,3.6284,420.229,-662.071,-0.013
167320,638.477,,0,static.unknown,,11.4623,-51.4998,0.004,52.76,420.229,-662.071,-0.013
167321,638.481,,0,static.unknown,,7.1048,-31.9218,0.0025,32.7029,420.229,-662.07,-0.013
167322,638.4853,,0,static.unknown,,5.6044,-25.1805,0.002,25.7967,420.229,-662.07,-0.013
167323,638.4892,,0,static.unknown,,2.5069,-11.2636,0.0009,11.5392,420.229,-662.07,-0.013
167324,638.4932,,0,static.unknown,,8.5233,-38.2952,0.003,39.2323,420.229,-662.07,-0.013
167325,638.4971,,0,static.unknown,,5.0959,-22.8957,0.0018,23.4559,420.229,-662.07,-0.013
167326,638.5015,,0,static.unknown,,9.8143,-44.0956,0.0034,45.1746,420.229,-662.07,-0.013
167327,638.5055,,0,static.unknown,,5.9028,-26.521,0.0021,27.17,420.229,-662.07,-0.013
167328,638.5094,,0,static.unknown,,6.7499,-30.3271,0.0024,31.0692,420.229,-662.07,-0.013
167329,638.5134,,0,static.unknown,,2.8011,-12.5854,0.001,12.8933,420.229,-662.07,-0.013
167330,638.5173,,0,static.unknown,,8.5614,-38.4664,0.003,39.4077,420.229,-662.07,-0.013
167331,638.5217,,0,static.unknown,,5.7383,-25.7823,0.002,26.4132,420.229,-662.07,-0.013
167332,638.5253,,0,static.unknown,,7.7091,-34.637,0.0027,35.4845,420.229,-662.07,-0.013
167333,638.529,,0,static.unknown,,4.4362,-19.9317,0.0016,20.4194,420.229,-662.069,-0.013
167334,638.5329,,0,static.unknown,,3.0311,-13.6187,0.0011,13.952,420.229,-662.069,-0.013
167335,638.5369,,0,static.unknown,,9.372,-42.1081,0.0033,43.1384,420.229,-662.069,-0.013
167336,638.5404,,0,static.unknown,,6.7425,-30.2938,0.0024,31.0351,420.229,-662.069,-0.013
167337,638.5441,,0,static.unknown,,6.7653,-30.3962,0.0024,31.14,420.229,-662.069,-0.013
167338,638.5479,,0,static.unknown,,3.0284,-13.6067,0.0011,13.9396,420.229,-662.069,-0.013
167339,638.5519,,0,static.unknown,,8.6665,-38.9383,0.003,39.8911,420.229,-662.069,-0.013
167340,638.5556,,0,static.unknown,,3.5544,-15.9698,0.0012,16.3606,420.229,-662.069,-0.013
167341,638.5593,,0,static.unknown,,7.8939,-35.4673,0.0028,36.3351,420.229,-662.069,-0.013
167342,638.5629,,0,static.unknown,,6.6798,-30.0124,0.0023,30.7468,420.229,-662.069,-0.013
167343,638.5669,,0,static.unknown,,5.6605,-25.4325,0.002,26.0548,420.23,-662.069,-0.013
167344,638.5712,,0,static.unknown,,2.1761,-9.7773,0.0008,10.0165,420.23,-662.068,-0.013
167345,638.5751,,0,static.unknown,,10.8459,-48.7304,0.0038,49.9228,420.23,-662.068,-0.013
167346,638.5788,,0,static.unknown,,6.3421,-29.3207,-0.0011,29.9987,420.23,-662.068,-0.013
167347,638.5831,,0,static.unknown,,4.9229,-22.7596,-0.0008,23.2859,420.23,-662.068,-0.013
167348,638.5873,,0,static.unknown,,2.1371,-9.88,-0.0004,10.1084,420.23,-662.068,-0.013
167349,638.5911,,0,static.unknown,,9.2957,-42.9756,-0.0016,43.9694,420.23,-662.068,-0.013
167350,638.5947,,0,static.unknown,,7.0098,-32.4076,-0.0012,33.157,420.23,-662.068,-0.013
167351,638.5985,,0,static.unknown,,4.5775,-21.1623,-0.0008,21.6517,420.23,-662.068,-0.013
167352,638.6025,,0,static.unknown,,4.4216,-20.4419,-0.0008,20.9146,420.23,-662.068,-0.013
167353,638.6065,,0,static.unknown,,7.2539,-33.5361,-0.0012,34.3117,420.23,-662.068,-0.013
167354,638.6101,,0,static.unknown,,7.328,-33.8784,-0.0013,34.6619,420.23,-662.068,-0.013
167355,638.6137,,0,static.unknown,,3.8345,-17.7273,-0.0007,18.1373,420.23,-662.068,-0.013
167356,638.6177,,0,static.unknown,,3.8156,-17.6401,-0.0007,18.0481,420.23,-662.068,-0.013
167357,638.6217,,0,static.unknown,,8.992,-41.5715,-0.0015,42.5328,420.23,-662.067,-0.013
167358,638.6254,,0,static.unknown,,3.7915,-17.5288,-0.0006,17.9341,420.23,-662.067,-0.013
167359,638.6291,,0,static.unknown,,9.2207,-42.629,-0.0016,43.6148,420.23,-662.067,-0.013
167360,638.6329,,0,static.unknown,,8.2243,-38.0224,-0.0014,38.9017,420.23,-662.067,-0.013
167361,638.6376,,0,static.unknown,,4.4027,-20.3545,-0.0008,20.8252,420.23,-662.067,-0.013
167362,638.6415,,0,static.unknown,,7.3374,-33.922,-0.0013,34.7065,420.23,-662.067,-0.013
167363,638.6452,,0,static.unknown,,5.0926,-23.5439,-0.0009,24.0884,420.23,-662.067,-0.013
167364,638.6494,,0,static.unknown,,1.6484,-7.6209,-0.0003,7.7972,420.23,-662.067,-0.013
167365,638.6535,,0,static.unknown,,9.3069,-43.0273,-0.0016,44.0223,420.23,-662.067,-0.013
167366,638.6573,,0,static.unknown,,8.6367,-39.9289,-0.0015,40.8522,420.23,-662.067,-0.013
167367,638.6614,,0,static.unknown,,5.9444,-27.4821,-0.001,28.1176,420.23,-662.066,-0.013
167368,638.6655,,0,static.unknown,,5.9907,-27.6961,-0.001,28.3366,420.23,-662.066,-0.013
167369,638.6703,,0,static.unknown,,8.3496,-38.6017,-0.0014,39.4944,420.23,-662.066,-0.013
167370,638.6764,,0,static.unknown,,6.9975,-32.3506,-0.0012,33.0988,420.23,-662.066,-0.013
167371,638.6801,,0,static.unknown,,5.0281,-23.2457,-0.0009,23.7833,420.23,-662.066,-0.013
167372,638.6848,,0,static.unknown,,5.6824,-26.2707,-0.001,26.8782,420.23,-662.066,-0.013
167373,638.6891,,0,static.unknown,,6.846,-31.6503,-0.0012,32.3822,420.23,-662.066,-0.013
167374,638.6929,,0,static.unknown,,1.8005,-8.324,-0.0003,8.5166,420.23,-662.066,-0.013
167375,638.6965,,0,static.unknown,,9.3159,-43.069,-0.0016,44.065,420.23,-662.066,-0.013
167376,638.7004,,0,static.unknown,,8.2703,-38.235,-0.0014,39.1192,420.23,-662.066,-0.013
167377,638.7041,,0,static.unknown,,2.879,-13.3099,-0.0005,13.6177,420.23,-662.065,-0.013
167378,638.7076,,0,static.unknown,,7.9098,-36.5682,-0.0014,37.4139,420.23,-662.065,-0.013
167379,638.711,,0,static.unknown,,6.7244,-31.0881,-0.0011,31.8071,420.23,-662.065,-0.013
167380,638.7144,,0,static.unknown,,3.4853,-16.1131,-0.0006,16.4857,420.23,-662.065,-0.013
167381,638.7183,,0,static.unknown,,3.448,-15.9408,-0.0006,16.3094,420.23,-662.065,-0.013
167382,638.7216,,0,static.unknown,,10.0374,-46.4045,-0.0017,47.4777,420.23,-662.065,-0.013
167383,638.725,,0,static.unknown,,7.8984,-36.5155,-0.0013,37.36,420.231,-662.065,-0.013
167384,638.7282,,0,static.unknown,,5.2117,-24.0945,-0.0009,24.6517,420.231,-662.065,-0.013
167385,638.7328,,0,static.unknown,,5.3482,-24.7256,-0.0009,25.2974,420.231,-662.065,-0.013
167386,638.7364,,0,static.unknown,,4.4692,-20.6618,-0.0008,21.1397,420.231,-662.065,-0.013
167387,638.7397,,0,static.unknown,,1.3494,-6.2383,-0.0002,6.3826,420.231,-662.065,-0.013
167388,638.7431,,0,static.unknown,,10.6591,-49.2788,-0.0018,50.4185,420.231,-662.065,-0.013
167389,638.7467,,0,static.unknown,,3.3297,-15.3936,-0.0006,15.7496,420.231,-662.065,-0.013
167390,638.7508,,0,static.unknown,,5.5848,-25.8193,-0.001,26.4164,420.231,-662.064,-0.013
167391,638.7549,,0,static.unknown,,10.2941,-47.5914,-0.0018,48.692,420.231,-662.064,-0.013
167392,638.7587,,0,static.unknown,,4.1494,-19.1836,-0.0007,19.6272,420.231,-662.064,-0.013
167393,638.7626,,0,static.unknown,,5.3175,-24.5837,-0.0009,25.1522,420.231,-662.064,-0.013
167394,638.7666,,0,static.unknown,,4.2669,-19.7268,-0.0007,20.183,420.231,-662.064,-0.013
167395,638.7707,,0,static.unknown,,8.4762,-39.1869,-0.0014,40.0931,420.231,-662.064,-0.013
167396,638.7747,,0,static.unknown,,7.4106,-34.2605,-0.0013,35.0528,420.231,-662.064,-0.013
167397,638.7784,,0,static.unknown,,5.1493,-23.8062,-0.0009,24.3568,420.231,-662.064,-0.013
167398,638.7823,,0,static.unknown,,3.251,-15.03,-0.0006,15.3776,420.231,-662.064,-0.013
167399,638.7867,,0,static.unknown,,3.7188,-17.1924,-0.0006,17.59,420.231,-662.064,-0.013
167400,638.7905,,0,static.unknown,,8.0405,-37.1724,-0.0014,38.032,420.231,-662.064,-0.013
167401,638.7941,,0,static.unknown,,7.8888,-36.4715,-0.0013,37.3149,420.231,-662.063,-0.013
167402,638.7977,,0,static.unknown,,3.0171,-13.9485,-0.0005,14.2711,420.231,-662.063,-0.013
167403,638.8019,,0,static.unknown,,6.4015,-29.5954,-0.0011,30.2798,420.231,-662.063,-0.013
167404,638.8057,,0,static.unknown,,6.4866,-29.9885,-0.0011,30.682,420.231,-662.063,-0.013
167405,638.8093,,0,static.unknown,,8.5451,-39.5055,-0.0015,40.4191,420.231,-662.063,-0.013
167406,638.8128,,0,static.unknown,,4.0257,-18.6113,-0.0007,19.0417,420.231,-662.063,-0.013
167407,638.8167,,0,static.unknown,,8.7805,-40.5939,-0.0015,41.5327,420.231,-662.063,-0.013
167408,638.8208,,0,static.unknown,,3.1787,-14.6958,-0.0005,15.0357,420.231,-662.063,-0.013
167409,638.8249,,0,static.unknown,,6.5217,-30.151,-0.0011,30.8483,420.231,-662.063,-0.013
167410,638.8287,,0,static.unknown,,4.2879,-19.8236,-0.0007,20.282,420.231,-662.063,-0.013
167411,638.8328,,0,static.unknown,,10.414,-48.1458,-0.0018,49.2592,420.231,-662.063,-0.013
167412,638.8367,,0,static.unknown,,4.2556,-19.6742,-0.0007,20.1292,420.231,-662.063,-0.013
167413,638.8406,,0,static.unknown,,4.9214,-22.7526,-0.0008,23.2787,420.231,-662.062,-0.013
167414,638.8443,,0,static.unknown,,2.2078,-10.2069,-0.0004,10.443,420.231,-662.062,-0.013
167415,638.848,,0,static.unknown,,9.4513,-43.6948,-0.0016,44.7053,420.231,-662.062,-0.013
167416,638.8521,,0,static.unknown,,3.6856,-17.0391,-0.0006,17.4331,420.231,-662.062,-0.013
167417,638.8558,,0,static.unknown,,7.0092,-32.4047,-0.0012,33.1541,420.231,-662.062,-0.013
167418,638.8595,,0,static.unknown,,7.08,-32.7321,-0.0012,33.489,420.231,-662.062,-0.013
167419,638.8633,,0,static.unknown,,4.9757,-23.0035,-0.0009,23.5355,420.231,-662.062,-0.013
167420,638.8672,,0,static.unknown,,3.904,-18.0489,-0.0007,18.4663,420.231,-662.062,-0.013
167421,638.8712,,0,static.unknown,,5.2951,-24.4803,-0.0009,25.0464,420.231,-662.062,-0.013
167422,638.8749,,0,static.unknown,,7.2833,-33.6717,-0.0012,34.4504,420.232,-662.062,-0.013
167423,638.8784,,0,static.unknown,,5.9636,-27.5709,-0.001,28.2085,420.232,-662.062,-0.013
167424,638.8821,,0,static.unknown,,5.8734,-27.1536,-0.001,27.7816,420.232,-662.061,-0.013
167425,638.8863,,0,static.unknown,,3.4408,-15.9073,-0.0006,16.2752,420.232,-662.061,-0.013
167426,638.8901,,0,static.unknown,,6.5982,-30.5044,-0.0011,31.2098,420.232,-662.061,-0.013
167427,638.8939,,0,static.unknown,,9.5378,-44.0948,-0.0016,45.1145,420.232,-662.061,-0.013
167428,638.898,,0,static.unknown,,3.248,-15.0161,-0.0006,15.3634,420.232,-662.061,-0.013
167429,638.9023,,0,static.unknown,,3.1674,-14.6432,-0.0005,14.9818,420.232,-662.061,-0.013
167430,638.9063,,0,static.unknown,,8.9876,-41.5512,-0.0015,42.5121,420.232,-662.061,-0.013
167431,638.9103,,0,static.unknown,,3.7474,-17.3249,-0.0006,17.7256,420.232,-662.061,-0.013
167432,638.9141,,0,static.unknown,,8.2577,-38.1768,-0.0014,39.0597,420.232,-662.061,-0.013
167433,638.9183,,0,static.unknown,,4.6743,-21.61,-0.0008,22.1098,420.232,-662.061,-0.013
167434,638.9221,,0,static.unknown,,8.1943,-37.8838,-0.0014,38.7599,420.232,-662.061,-0.013
167435,638.9259,,0,static.unknown,,4.4473,-20.5607,-0.0008,21.0362,420.232,-662.061,-0.013
167436,638.9295,,0,static.unknown,,8.0792,-37.3513,-0.0014,38.2151,420.232,-662.061,-0.013
167437,638.9333,,0,static.unknown,,4.3456,-20.0906,-0.0007,20.5552,420.232,-662.061,-0.013
167438,638.9373,,0,static.unknown,,7.5306,-34.8153,-0.0013,35.6204,420.232,-662.06,-0.013
167439,638.9409,,0,static.unknown,,5.101,-23.5826,-0.0009,24.128,420.232,-662.06,-0.013
167440,638.9446,,0,static.unknown,,2.5863,-11.9567,-0.0004,12.2332,420.232,-662.06,-0.013
167441,638.9483,,0,static.unknown,,8.2661,-38.2154,-0.0014,39.0991,420.232,-662.06,-0.013
167442,638.9523,,0,static.unknown,,9.4932,-43.8886,-0.0016,44.9036,420.232,-662.06,-0.013
167443,638.9563,,0,static.unknown,,2.9654,-13.7095,-0.0005,14.0266,420.232,-662.06,-0.013
167444,638.9601,,0,static.unknown,,6.5916,-30.4741,-0.0011,31.1788,420.232,-662.06,-0.013
167445,638.964,,0,static.unknown,,4.0918,-18.9172,-0.0007,19.3547,420.232,-662.06,-0.013
167446,638.9681,,0,static.unknown,,8.7634,-40.5145,-0.0015,41.4514,420.232,-662.06,-0.013
167447,638.972,,0,static.unknown,,8.1559,-37.7059,-0.0014,38.5779,420.232,-662.06,-0.013
167448,638.9756,,0,static.unknown,,5.1294,-23.7139,-0.0009,24.2624,420.232,-662.06,-0.013
167449,638.9792,,0,static.unknown,,2.0318,-9.3933,-0.0003,9.6105,420.232,-662.059,-0.013
167450,638.983,,0,static.unknown,,4.1084,-18.9939,-0.0007,19.4332,420.232,-662.059,-0.013
167451,638.987,,0,static.unknown,,12.1002,-55.9411,-0.0021,57.2348,420.232,-662.059,-0.013
167452,638.991,,0,static.unknown,,4.7854,-22.1239,-0.0008,22.6356,420.232,-662.059,-0.013
167453,638.995,,0,static.unknown,,3.914,-18.0949,-0.0007,18.5134,420.232,-662.059,-0.013
167454,638.9991,,0,static.unknown,,7.4083,-34.25,-0.0013,35.0421,420.232,-662.059,-0.013
167455,639.0032,,0,static.unknown,,2.7637,-12.7771,-0.0005,13.0726,420.232,-662.059,-0.013
167456,639.007,,0,static.unknown,,6.4669,-29.8976,-0.0011,30.589,420.232,-662.059,-0.013
167457,639.0111,,0,static.unknown,,5.0465,-23.3308,-0.0009,23.8703,420.232,-662.059,-0.013
167458,639.015,,0,static.unknown,,6.543,-30.2492,-0.0011,30.9487,420.232,-662.059,-0.013
167459,639.0191,,0,static.unknown,,6.2373,-28.8359,-0.0011,29.5028,420.232,-662.059,-0.013
167460,639.0231,,0,static.unknown,,6.3706,-29.4526,-0.0011,30.1337,420.232,-662.058,-0.013
167461,639.0268,,0,static.unknown,,5.5577,-25.694,-0.0009,26.2882,420.232,-662.058,-0.013
167462,639.0304,,0,static.unknown,,3.4318,-15.8659,-0.0006,16.2328,420.233,-662.058,-0.013
167463,639.0343,,0,static.unknown,,5.5889,-26.6145,0.0021,27.195,420.233,-662.058,-0.013
167464,639.0385,,0,static.unknown,,5.8909,-28.0527,0.0022,28.6646,420.233,-662.058,-0.013
167465,639.0423,,0,static.unknown,,9.1833,-43.7311,0.0034,44.685,420.233,-662.058,-0.013
167466,639.0459,,0,static.unknown,,6.8344,-32.5454,0.0025,33.2552,420.233,-662.058,-0.013
167467,639.0498,,0,static.unknown,,3.823,-18.2052,0.0014,18.6023,420.233,-662.058,-0.013
167468,639.054,,0,static.unknown,,4.9079,-23.3717,0.0018,23.8815,420.233,-662.058,-0.013
167469,639.0581,,0,static.unknown,,6.0107,-28.6229,0.0022,29.2472,420.233,-662.058,-0.013
167470,639.0623,,0,static.unknown,,4.6588,-22.1851,0.0017,22.669,420.233,-662.058,-0.013
167471,639.0661,,0,static.unknown,,8.1171,-38.6541,0.003,39.4971,420.233,-662.058,-0.013
167472,639.0704,,0,static.unknown,,5.2193,-24.8544,0.0019,25.3965,420.233,-662.057,-0.013
167473,639.0744,,0,static.unknown,,9.2428,-44.0145,0.0034,44.9745,420.233,-662.057,-0.013
167474,639.0782,,0,static.unknown,,2.7494,-13.0927,0.001,13.3783,420.233,-662.057,-0.013
167475,639.0819,,0,static.unknown,,5.7736,-27.4943,0.0021,28.0939,420.233,-662.057,-0.013
167476,639.0861,,0,static.unknown,,5.4636,-26.018,0.002,26.5855,420.233,-662.057,-0.013
167477,639.0909,,0,static.unknown,,8.0,-38.0963,0.0029,38.9273,420.233,-662.057,-0.013
167478,639.0951,,0,static.unknown,,7.9736,-37.9705,0.0029,38.7987,420.233,-662.057,-0.013
167479,639.1002,,0,static.unknown,,3.4687,-16.5182,0.0013,16.8785,420.233,-662.057,-0.013
167480,639.1045,,0,static.unknown,,6.2589,-29.8049,0.0023,30.455,420.233,-662.057,-0.013
167481,639.1084,,0,static.unknown,,6.7667,-32.2232,0.0025,32.926,420.233,-662.057,-0.013
167482,639.1122,,0,static.unknown,,3.0117,-14.3416,0.0011,14.6544,420.233,-662.057,-0.013
167483,639.1165,,0,static.unknown,,6.5055,-30.9793,0.0024,31.655,420.233,-662.057,-0.013
167484,639.1209,,0,static.unknown,,4.7676,-22.7034,0.0018,23.1986,420.233,-662.057,-0.013
167485,639.1249,,0,static.unknown,,7.6959,-36.6482,0.0028,37.4475,420.233,-662.057,-0.013
167486,639.1287,,0,static.unknown,,7.4004,-35.2408,0.0027,36.0094,420.233,-662.056,-0.013
167487,639.1326,,0,static.unknown,,5.2099,-24.8097,0.0019,25.3508,420.233,-662.056,-0.013
167488,639.1366,,0,static.unknown,,7.0415,-33.532,0.0026,34.2634,420.233,-662.056,-0.013
167489,639.1405,,0,static.unknown,,2.459,-11.7097,0.0009,11.9651,420.233,-662.056,-0.013
167490,639.1448,,0,static.unknown,,9.1323,-43.4884,0.0034,44.437,420.233,-662.056,-0.013
167491,639.1486,,0,static.unknown,,3.0389,-14.4711,0.0011,14.7868,420.233,-662.056,-0.013
167492,639.1529,,0,static.unknown,,6.2547,-29.7852,0.0023,30.4348,420.233,-662.056,-0.013
167493,639.1565,,0,static.unknown,,5.722,-27.2483,0.0021,27.8426,420.233,-662.056,-0.013
167494,639.1602,,0,static.unknown,,5.5375,-26.3696,0.002,26.9447,420.233,-662.056,-0.013
167495,639.1638,,0,static.unknown,,3.2584,-15.5165,0.0012,15.8549,420.233,-662.056,-0.013
167496,639.1676,,0,static.unknown,,7.8962,-37.6021,0.0029,38.4222,420.233,-662.056,-0.013
167497,639.1719,,0,static.unknown,,4.9147,-23.4039,0.0018,23.9144,420.233,-662.056,-0.013
167498,639.1755,,0,static.unknown,,6.6602,-31.7162,0.0024,32.408,420.233,-662.056,-0.013
167499,639.1793,,0,static.unknown,,4.5005,-21.4314,0.0017,21.8989,420.233,-662.055,-0.013
167500,639.1836,,0,static.unknown,,3.9405,-18.7648,0.0014,19.1741,420.234,-662.055,-0.013
167501,639.1876,,0,static.unknown,,9.4287,-44.8999,0.0035,45.8792,420.234,-662.055,-0.013
167502,639.1916,,0,static.unknown,,5.123,-24.3959,0.0019,24.928,420.234,-662.055,-0.013
167503,639.1956,,0,static.unknown,,4.8836,-23.2557,0.0018,23.763,420.234,-662.055,-0.013
167504,639.1998,,0,static.unknown,,3.6933,-17.5875,0.0014,17.9711,420.234,-662.055,-0.013
167505,639.2038,,0,static.unknown,,9.7852,-46.5974,0.0036,47.6137,420.234,-662.055,-0.013
167506,639.2077,,0,static.unknown,,3.0952,-14.7394,0.0011,15.0608,420.234,-662.055,-0.013
167507,639.2113,,0,static.unknown,,7.0537,-33.5898,0.0026,34.3224,420.234,-662.055,-0.013
167508,639.215,,0,static.unknown,,6.721,-32.0055,0.0025,32.7036,420.234,-662.055,-0.013
167509,639.2191,,0,static.unknown,,4.6515,-22.1504,0.0017,22.6335,420.234,-662.055,-0.013
167510,639.2229,,0,static.unknown,,4.0731,-19.3962,0.0015,19.8192,420.234,-662.055,-0.013
167511,639.2268,,0,static.unknown,,7.0103,-33.3831,0.0026,34.1112,420.234,-662.054,-0.013
167512,639.2305,,0,static.unknown,,7.1514,-34.0553,0.0026,34.7981,420.234,-662.054,-0.013
167513,639.2344,,0,static.unknown,,4.172,-19.8672,0.0015,20.3005,420.234,-662.054,-0.013
167514,639.2384,,0,static.unknown,,7.8258,-37.2667,0.0029,38.0795,420.234,-662.054,-0.013
167515,639.2425,,0,static.unknown,,7.885,-37.5488,0.0029,38.3678,420.234,-662.054,-0.013
167516,639.2463,,0,static.unknown,,4.1837,-19.923,0.0015,20.3575,420.234,-662.054,-0.013
167517,639.2502,,0,static.unknown,,1.9922,-9.4868,0.0007,9.6937,420.234,-662.054,-0.013
167518,639.2546,,0,static.unknown,,9.8953,-47.1215,0.0036,48.1492,420.234,-662.054,-0.013
167519,639.2586,,0,static.unknown,,8.3389,-39.7101,0.0031,40.5763,420.234,-662.054,-0.013
167520,639.2623,,0,static.unknown,,4.3514,-20.7216,0.0016,21.1736,420.234,-662.054,-0.013
167521,639.2664,,0,static.unknown,,3.4581,-16.4677,0.0013,16.8269,420.234,-662.054,-0.013
167522,639.2712,,0,static.unknown,,6.7609,-32.1957,0.0025,32.8979,420.234,-662.053,-0.013
167523,639.2752,,0,static.unknown,,6.8678,-32.7045,0.0025,33.4178,420.234,-662.053,-0.013
167524,639.279,,0,static.unknown,,5.2393,-24.9495,0.0019,25.4937,420.234,-662.053,-0.013
167525,639.283,,0,static.unknown,,5.9285,-28.2319,0.0022,28.8476,420.234,-662.053,-0.013
167526,639.2871,,0,static.unknown,,10.6463,-50.6979,0.0039,51.8037,420.234,-662.053,-0.013
167527,639.2909,,0,static.unknown,,4.5193,-21.5209,0.0017,21.9903,420.234,-662.053,-0.013
167528,639.2944,,0,static.unknown,,7.1902,-34.24,0.0026,34.9868,420.234,-662.053,-0.013
167529,639.2981,,0,static.unknown,,5.3432,-25.4446,0.002,25.9996,420.234,-662.053,-0.013
167530,639.3026,,0,static.unknown,,3.965,-18.8814,0.0015,19.2932,420.234,-662.053,-0.013
167531,639.3064,,0,static.unknown,,7.3605,-35.0508,0.0027,35.8153,420.234,-662.052,-0.013
167532,639.3101,,0,static.unknown,,7.6823,-36.5833,0.0028,37.3812,420.234,-662.052,-0.013
167533,639.3136,,0,static.unknown,,7.4379,-35.4193,0.0027,36.1918,420.234,-662.052,-0.013
167534,639.3176,,0,static.unknown,,4.5068,-21.4614,0.0017,21.9295,420.234,-662.052,-0.013
167535,639.3216,,0,static.unknown,,3.5328,-16.8232,0.0013,17.1901,420.234,-662.052,-0.013
167536,639.3253,,0,static.unknown,,8.128,-38.7058,0.003,39.55,420.234,-662.052,-0.013
167537,639.3289,,0,static.unknown,,6.8303,-32.5259,0.0025,33.2353,420.235,-662.052,-0.013
167538,639.3326,,0,static.unknown,,4.2445,-20.2124,0.0016,20.6533,420.235,-662.052,-0.013
167539,639.3365,,0,static.unknown,,2.5797,-12.2848,0.0009,12.5527,420.235,-662.052,-0.013
167540,639.3401,,0,static.unknown,,8.3854,-39.9313,0.0031,40.8023,420.235,-662.052,-0.013
167541,639.3438,,0,static.unknown,,5.9341,-28.2585,0.0022,28.8748,420.235,-662.052,-0.013
167542,639.3474,,0,static.unknown,,1.9372,-9.2252,0.0007,9.4264,420.235,-662.051,-0.013
167543,639.3512,,0,static.unknown,,6.0331,-28.7298,0.0022,29.3564,420.235,-662.051,-0.013
167544,639.3551,,0,static.unknown,,7.3459,-34.9812,0.0027,35.7441,420.235,-662.051,-0.013
167545,639.3589,,0,static.unknown,,6.5049,-30.9763,0.0024,31.6519,420.235,-662.051,-0.013
167546,639.3624,,0,static.unknown,,4.2828,-20.3947,0.0016,20.8396,420.235,-662.051,-0.013
167547,639.3662,,0,static.unknown,,3.3652,-16.0254,0.0012,16.3749,420.235,-662.051,-0.013
167548,639.3701,,0,static.unknown,,7.1272,-33.94,0.0026,34.6802,420.235,-662.051,-0.013
167549,639.3739,,0,static.unknown,,4.0117,-19.1037,0.0015,19.5204,420.235,-662.051,-0.013
167550,639.3776,,0,static.unknown,,7.5649,-36.0243,0.0028,36.81,420.235,-662.051,-0.013
167551,639.3814,,0,static.unknown,,6.7161,-31.9822,0.0025,32.6797,420.235,-662.051,-0.013
167552,639.3861,,0,static.unknown,,5.3097,-25.2849,0.002,25.8364,420.235,-662.051,-0.013
167553,639.3905,,0,static.unknown,,7.3864,-35.1741,0.0027,35.9413,420.235,-662.05,-0.013
167554,639.3947,,0,static.unknown,,5.4875,-26.1315,0.002,26.7015,420.235,-662.05,-0.013
167555,639.3995,,0,static.unknown,,8.0037,-38.1138,0.0029,38.9451,420.235,-662.05,-0.013
167556,639.4039,,0,static.unknown,,4.6972,-22.3683,0.0017,22.8562,420.235,-662.05,-0.013
167557,639.4077,,0,static.unknown,,4.5497,-21.6659,0.0017,22.1384,420.235,-662.05,-0.013
167558,639.4135,,0,static.unknown,,3.9097,-18.6183,0.0014,19.0243,420.235,-662.05,-0.013
167559,639.4175,,0,static.unknown,,8.7085,-41.4699,0.0032,42.3744,420.235,-662.05,-0.013
167560,639.4215,,0,static.unknown,,8.7784,-41.8029,0.0032,42.7146,420.235,-662.05,-0.013
167561,639.4253,,0,static.unknown,,2.9649,-14.1187,0.0011,14.4267,420.235,-662.05,-0.013
167562,639.4304,,0,static.unknown,,4.9699,-23.667,0.0018,24.1832,420.235,-662.05,-0.013
167563,639.4348,,0,static.unknown,,7.9855,-38.0271,0.0029,38.8565,420.235,-662.049,-0.013
167564,639.4395,,0,static.unknown,,7.5985,-36.1842,0.0028,36.9734,420.235,-662.049,-0.013
167565,639.4433,,0,static.unknown,,8.0631,-38.3967,0.003,39.2341,420.235,-662.049,-0.013
167566,639.4469,,0,static.unknown,,5.3581,-25.5153,0.002,26.0718,420.235,-662.049,-0.013
167567,639.4509,,0,static.unknown,,3.9056,-18.5987,0.0014,19.0044,420.235,-662.049,-0.013
167568,639.4551,,0,static.unknown,,5.7279,-27.2766,0.0021,27.8715,420.235,-662.049,-0.013
167569,639.4589,,0,static.unknown,,7.5447,-35.9281,0.0028,36.7118,420.235,-662.049,-0.013
167570,639.4627,,0,static.unknown,,6.5128,-31.0139,0.0024,31.6903,420.235,-662.049,-0.013
167571,639.4667,,0,static.unknown,,3.3483,-15.9447,0.0012,16.2924,420.235,-662.049,-0.013
167572,639.4709,,0,static.unknown,,7.2809,-34.672,0.0027,35.4283,420.235,-662.049,-0.013
167573,639.4745,,0,static.unknown,,7.7226,-36.7754,0.0028,37.5775,420.235,-662.049,-0.013
167574,639.4782,,0,static.unknown,,2.5367,-12.08,0.0009,12.3435,420.235,-662.049,-0.013
167575,639.4822,,0,static.unknown,,4.3667,-20.7943,0.0016,21.2478,420.235,-662.048,-0.013
167576,639.4863,,0,static.unknown,,4.5052,-22.1264,0.002,22.5804,420.236,-662.048,-0.013
167577,639.4901,,0,static.unknown,,6.7639,-33.2199,0.0031,33.9015,420.235,-662.048,-0.013
167578,639.4939,,0,static.unknown,,6.0273,-29.6024,0.0027,30.2097,420.235,-662.048,-0.013
167579,639.4977,,0,static.unknown,,4.9518,-24.3202,0.0022,24.8192,420.236,-662.048,-0.013
167580,639.5015,,0,static.unknown,,9.2616,-45.4871,0.0042,46.4204,420.236,-662.048,-0.013
167581,639.5056,,0,static.unknown,,5.2607,-25.8371,0.0024,26.3672,420.236,-662.048,-0.013
167582,639.5092,,0,static.unknown,,2.5109,-12.3317,0.0011,12.5848,420.236,-662.048,-0.013
167583,639.513,,0,static.unknown,,5.1584,-25.3348,0.0023,25.8546,420.236,-662.048,-0.013
167584,639.5171,,0,static.unknown,,9.7215,-47.7457,0.0044,48.7254,420.236,-662.048,-0.013
167585,639.521,,0,static.unknown,,4.3609,-21.4178,0.002,21.8572,420.236,-662.047,-0.013
167586,639.5248,,0,static.unknown,,4.3668,-21.4469,0.002,21.887,420.236,-662.047,-0.013
167587,639.5284,,0,static.unknown,,6.6041,-32.4353,0.003,33.1008,420.236,-662.047,-0.013
167588,639.532,,0,static.unknown,,3.5235,-17.3052,0.0016,17.6603,420.236,-662.047,-0.013
167589,639.5362,,0,static.unknown,,6.3775,-31.322,0.0029,31.9646,420.236,-662.047,-0.013
167590,639.54,,0,static.unknown,,6.4924,-31.8866,0.0029,32.5409,420.236,-662.047,-0.013
167591,639.5435,,0,static.unknown,,5.4152,-26.596,0.0024,27.1417,420.236,-662.047,-0.013
167592,639.5471,,0,static.unknown,,6.9172,-33.973,0.0031,34.6701,420.236,-662.047,-0.013
167593,639.5515,,0,static.unknown,,4.8024,-23.5864,0.0022,24.0704,420.236,-662.047,-0.013
167594,639.5554,,0,static.unknown,,6.7854,-33.3254,0.0031,34.0092,420.236,-662.047,-0.013
167595,639.559,,0,static.unknown,,5.0398,-24.7523,0.0023,25.2601,420.236,-662.046,-0.013
167596,639.5627,,0,static.unknown,,5.8801,-28.8792,0.0027,29.4718,420.236,-662.046,-0.013
167597,639.5666,,0,static.unknown,,6.0134,-29.5339,0.0027,30.1399,420.236,-662.046,-0.013
167598,639.5706,,0,static.unknown,,2.762,-13.5654,0.0012,13.8437,420.236,-662.046,-0.013
167599,639.5744,,0,static.unknown,,9.2435,-45.3984,0.0042,46.3299,420.236,-662.046,-0.013
167600,639.578,,0,static.unknown,,5.1887,-25.4836,0.0023,26.0065,420.236,-662.046,-0.013
167601,639.5819,,0,static.unknown,,8.1062,-39.8123,0.0037,40.6292,420.236,-662.046,-0.013
167602,639.5859,,0,static.unknown,,3.5063,-17.2207,0.0016,17.574,420.236,-662.046,-0.013
167603,639.59,,0,static.unknown,,4.7598,-23.377,0.0021,23.8567,420.236,-662.046,-0.013
167604,639.5937,,0,static.unknown,,6.2788,-30.8375,0.0028,31.4702,420.236,-662.046,-0.013
167605,639.5973,,0,static.unknown,,5.9493,-29.219,0.0027,29.8185,420.236,-662.046,-0.013
167606,639.6012,,0,static.unknown,,3.4248,-16.8202,0.0015,17.1653,420.236,-662.046,-0.013
167607,639.6051,,0,static.unknown,,8.379,-41.1523,0.0038,41.9967,420.236,-662.046,-0.013
167608,639.6087,,0,static.unknown,,4.8,-23.5744,0.0022,24.0581,420.236,-662.045,-0.013
167609,639.6123,,0,static.unknown,,7.999,-39.286,0.0036,40.0921,420.236,-662.045,-0.013
167610,639.6161,,0,static.unknown,,3.8293,-18.8073,0.0017,19.1932,420.236,-662.045,-0.013
167611,639.6201,,0,static.unknown,,3.4105,-16.75,0.0015,17.0937,420.236,-662.045,-0.013
167612,639.6239,,0,static.unknown,,7.4521,-36.6001,0.0034,37.3511,420.236,-662.045,-0.013
167613,639.628,,0,static.unknown,,6.2256,-30.5761,0.0028,31.2035,420.236,-662.045,-0.013
167614,639.6325,,0,static.unknown,,5.4584,-26.8081,0.0025,27.3581,420.236,-662.045,-0.013
167615,639.6399,,0,static.unknown,,7.6574,-37.6082,0.0035,38.3798,420.236,-662.045,-0.013
167616,639.6445,,0,static.unknown,,6.7266,-33.037,0.003,33.7148,420.237,-662.044,-0.013
167617,639.6492,,0,static.unknown,,3.8952,-19.1305,0.0018,19.523,420.237,-662.044,-0.013
167618,639.6535,,0,static.unknown,,7.4068,-36.3776,0.0033,37.124,420.237,-662.044,-0.013
167619,639.6576,,0,static.unknown,,4.7642,-23.3986,0.0021,23.8787,420.237,-662.044,-0.013
167620,639.6614,,0,static.unknown,,6.7156,-32.9825,0.003,33.6593,420.237,-662.044,-0.013
167621,639.6651,,0,static.unknown,,7.4778,-36.7263,0.0034,37.4798,420.237,-662.044,-0.013
167622,639.6689,,0,static.unknown,,2.5764,-12.6537,0.0012,12.9133,420.237,-662.044,-0.013
167623,639.6728,,0,static.unknown,,5.045,-24.778,0.0023,25.2864,420.237,-662.044,-0.013
167624,639.6765,,0,static.unknown,,7.9342,-38.9675,0.0036,39.767,420.237,-662.044,-0.013
167625,639.6802,,0,static.unknown,,3.9609,-19.4536,0.0018,19.8527,420.237,-662.044,-0.013
167626,639.6841,,0,static.unknown,,6.1611,-30.2595,0.0028,30.8804,420.237,-662.044,-0.013
167627,639.6879,,0,static.unknown,,1.9945,-9.7955,0.0009,9.9965,420.237,-662.044,-0.013
167628,639.6917,,0,static.unknown,,8.7286,-42.8694,0.0039,43.749,420.237,-662.044,-0.013
167629,639.6955,,0,static.unknown,,5.8552,-28.7571,0.0026,29.3472,420.237,-662.044,-0.013
167630,639.6993,,0,static.unknown,,5.0503,-24.8037,0.0023,25.3126,420.237,-662.043,-0.013
167631,639.7034,,0,static.unknown,,3.0271,-14.8671,0.0014,15.1722,420.237,-662.043,-0.013
167632,639.7071,,0,static.unknown,,8.065,-39.6101,0.0036,40.4228,420.237,-662.043,-0.013
167633,639.7108,,0,static.unknown,,6.5037,-31.9418,0.0029,32.5971,420.237,-662.043,-0.013
167634,639.7146,,0,static.unknown,,4.7334,-23.2475,0.0021,23.7245,420.237,-662.043,-0.013
167635,639.7186,,0,static.unknown,,0.1772,-0.8702,0.0001,0.888,420.237,-662.043,-0.013
167636,639.7224,,0,static.unknown,,10.4128,-51.1411,0.0047,52.1905,420.237,-662.043,-0.013
167637,639.726,,0,static.unknown,,5.1064,-25.0793,0.0023,25.5939,420.237,-662.043,-0.013
167638,639.7296,,0,static.unknown,,6.1222,-30.0685,0.0028,30.6854,420.237,-662.043,-0.013
167639,639.7331,,0,static.unknown,,2.2336,-10.9699,0.001,11.195,420.237,-662.043,-0.013
167640,639.7372,,0,static.unknown,,4.5102,-22.151,0.002,22.6055,420.237,-662.043,-0.013
167641,639.741,,0,static.unknown,,8.6379,-42.4238,0.0039,43.2942,420.237,-662.043,-0.013
167642,639.7446,,0,static.unknown,,2.6927,-13.2248,0.0012,13.4961,420.237,-662.042,-0.013
167643,639.7482,,0,static.unknown,,6.6849,-32.832,0.003,33.5056,420.237,-662.042,-0.013
167644,639.7523,,0,static.unknown,,8.1755,-40.1529,0.0037,40.9768,420.237,-662.042,-0.013
167645,639.7561,,0,static.unknown,,5.1076,-25.0851,0.0023,25.5998,420.237,-662.042,-0.013
167646,639.7602,,0,static.unknown,,2.9998,-14.733,0.0014,15.0352,420.237,-662.042,-0.013
167647,639.7637,,0,static.unknown,,5.8362,-28.6637,0.0026,29.2518,420.237,-662.042,-0.013
167648,639.7674,,0,static.unknown,,9.2397,-45.3797,0.0042,46.3108,420.237,-662.042,-0.013
167649,639.7714,,0,static.unknown,,2.7335,-13.4254,0.0012,13.7009,420.237,-662.042,-0.013
167650,639.7753,,0,static.unknown,,6.3457,-31.1658,0.0029,31.8052,420.237,-662.042,-0.013
167651,639.779,,0,static.unknown,,4.0608,-19.9442,0.0018,20.3534,420.237,-662.042,-0.013
167652,639.783,,0,static.unknown,,9.0584,-44.4891,0.0041,45.4019,420.237,-662.042,-0.013
167653,639.787,,0,static.unknown,,4.3437,-21.3335,0.002,21.7712,420.237,-662.042,-0.013
167654,639.7907,,0,static.unknown,,3.9957,-19.6244,0.0018,20.027,420.237,-662.042,-0.013
167655,639.7943,,0,static.unknown,,6.4594,-31.7244,0.0029,32.3753,420.237,-662.041,-0.013
167656,639.7982,,0,static.unknown,,7.3882,-36.2862,0.0033,37.0307,420.237,-662.041,-0.013
167657,639.8021,,0,static.unknown,,5.106,-25.0775,0.0023,25.592,420.238,-662.041,-0.013
167658,639.806,,0,static.unknown,,5.6398,-27.6991,0.0025,28.2674,420.238,-662.041,-0.013
167659,639.8097,,0,static.unknown,,7.6979,-37.8069,0.0035,38.5827,420.238,-662.041,-0.013
167660,639.8132,,0,static.unknown,,4.2062,-20.6581,0.0019,21.082,420.238,-662.041,-0.013
167661,639.817,,0,static.unknown,,3.9895,-19.5938,0.0018,19.9958,420.238,-662.041,-0.013
167662,639.8211,,0,static.unknown,,4.4733,-21.9701,0.002,22.4208,420.238,-662.041,-0.013
167663,639.825,,0,static.unknown,,7.23,-35.5092,0.0033,36.2377,420.238,-662.041,-0.013
167664,639.8287,,0,static.unknown,,7.8726,-38.6651,0.0036,39.4585,420.238,-662.041,-0.013
167665,639.8324,,0,static.unknown,,3.5698,-17.5327,0.0016,17.8925,420.238,-662.04,-0.013
167666,639.8362,,0,static.unknown,,3.899,-19.1493,0.0018,19.5422,420.238,-662.04,-0.013
167667,639.8401,,0,static.unknown,,6.2081,-30.4902,0.0028,31.1158,420.238,-662.04,-0.013
167668,639.8446,,0,static.unknown,,3.4258,-16.8254,0.0015,17.1706,420.238,-662.04,-0.013
167669,639.8479,,0,static.unknown,,8.6852,-42.6559,0.0039,43.5311,420.238,-662.04,-0.013
167670,639.8518,,0,static.unknown,,4.7005,-23.0859,0.0021,23.5595,420.238,-662.04,-0.013
167671,639.8558,,0,static.unknown,,5.2875,-25.9688,0.0024,26.5016,420.238,-662.04,-0.013
167672,639.8594,,0,static.unknown,,8.4131,-41.32,0.0038,42.1678,420.238,-662.04,-0.013
167673,639.863,,0,static.unknown,,7.7903,-38.2611,0.0035,39.0462,420.238,-662.04,-0.013
167674,639.867,,0,static.unknown,,3.7049,-18.1961,0.0017,18.5694,420.238,-662.04,-0.013
167675,639.8709,,0,static.unknown,,2.946,-14.469,0.0013,14.7659,420.238,-662.04,-0.013
167676,639.8744,,0,static.unknown,,6.7198,-33.0034,0.003,33.6806,420.238,-662.04,-0.013
167677,639.8779,,0,static.unknown,,4.1454,-20.3597,0.0019,20.7774,420.238,-662.039,-0.013
167678,639.8816,,0,static.unknown,,7.2184,-35.4524,0.0033,36.1798,420.238,-662.039,-0.013
167679,639.8857,,0,static.unknown,,3.0563,-15.0104,0.0014,15.3184,420.238,-662.039,-0.013
167680,639.8902,,0,static.unknown,,5.3134,-26.0962,0.0024,26.6317,420.238,-662.039,-0.013
167681,639.8943,,0,static.unknown,,5.7593,-28.286,0.0026,28.8664,420.238,-662.039,-0.013
167682,639.8985,,0,static.unknown,,5.6839,-27.9157,0.0026,28.4884,420.238,-662.039,-0.013
167683,639.9025,,0,static.unknown,,5.2025,-25.5515,0.0023,26.0758,420.238,-662.039,-0.013
167684,639.9064,,0,static.unknown,,4.156,-20.4114,0.0019,20.8302,420.238,-662.039,-0.013
167685,639.9103,,0,static.unknown,,7.8089,-38.3522,0.0035,39.1392,420.238,-662.039,-0.013
167686,639.9141,,0,static.unknown,,7.0198,-34.4767,0.0032,35.1841,420.238,-662.039,-0.013
167687,639.9181,,0,static.unknown,,4.1924,-20.5902,0.0019,21.0127,420.238,-662.039,-0.013
167688,639.9222,,0,static.unknown,,5.3063,-26.0611,0.0024,26.5958,420.238,-662.039,-0.013
167689,639.9258,,0,static.unknown,,7.3484,-36.0907,0.0033,36.8312,420.238,-662.039,-0.013
167690,639.9294,,0,static.unknown,,4.2981,-21.1093,0.0019,21.5424,420.238,-662.039,-0.013
167691,639.9334,,0,static.unknown,,5.4375,-26.7055,0.0025,27.2534,420.238,-662.038,-0.013
167692,639.9374,,0,static.unknown,,8.0295,-39.4359,0.0036,40.245,420.238,-662.038,-0.013
167693,639.9411,,0,static.unknown,,6.073,-29.8265,0.0027,30.4384,420.238,-662.038,-0.013
167695,639.9486,,0,static.unknown,,3.8689,-19.6022,0.0012,19.9804,420.238,-662.038,-0.013
167696,639.9525,,0,static.unknown,,9.6845,-49.0681,0.003,50.0147,420.239,-662.038,-0.013
167697,639.9563,,0,static.unknown,,5.3827,-27.2723,0.0017,27.7985,420.239,-662.038,-0.013
167698,639.9599,,0,static.unknown,,3.6621,-18.5545,0.0011,18.9125,420.239,-662.038,-0.013
167699,639.9635,,0,static.unknown,,3.3517,-16.9819,0.001,17.3095,420.239,-662.038,-0.013
167700,639.9676,,0,static.unknown,,7.5583,-38.2951,0.0023,39.0339,420.239,-662.038,-0.013
167701,639.9715,,0,static.unknown,,3.8878,-19.698,0.0012,20.078,420.239,-662.038,-0.013
167702,639.9757,,0,static.unknown,,6.793,-34.4178,0.0021,35.0818,420.239,-662.038,-0.013
167703,639.9792,,0,static.unknown,,5.6572,-28.6632,0.0017,29.2161,420.239,-662.038,-0.013
167704,639.9833,,0,static.unknown,,2.2882,-11.5936,0.0007,11.8172,420.239,-662.037,-0.013
167705,639.9871,,0,static.unknown,,8.1888,-41.49,0.0025,42.2904,420.239,-662.037,-0.013
167706,639.991,,0,static.unknown,,6.1299,-31.0583,0.0019,31.6574,420.239,-662.037,-0.013
167707,639.9948,,0,static.unknown,,4.7999,-24.3195,0.0015,24.7886,420.239,-662.037,-0.013
167708,639.9986,,0,static.unknown,,3.5524,-17.9988,0.0011,18.346,420.239,-662.037,-0.013
167709,640.0024,,0,static.unknown,,7.7967,-39.5034,0.0024,40.2655,420.239,-662.037,-0.013
167710,640.0062,,0,static.unknown,,5.9325,-30.058,0.0018,30.6378,420.239,-662.037,-0.013
167711,640.0098,,0,static.unknown,,3.3943,-17.1979,0.001,17.5297,420.239,-662.037,-0.013
167712,640.0135,,0,static.unknown,,7.1366,-36.1585,0.0022,36.8561,420.239,-662.037,-0.012
167713,640.0171,,0,static.unknown,,4.0592,-20.5664,0.0012,20.9632,420.239,-662.037,-0.012
167714,640.0209,,0,static.unknown,,4.2104,-21.3326,0.0013,21.7442,420.239,-662.037,-0.012
167715,640.0244,,0,static.unknown,,7.0632,-35.7867,0.0022,36.4771,420.239,-662.036,-0.012
167716,640.0279,,0,static.unknown,,5.536,-28.0489,0.0017,28.59,420.239,-662.036,-0.012
167717,640.0317,,0,static.unknown,,4.1132,-20.8402,0.0013,21.2423,420.239,-662.036,-0.012
167718,640.0354,,0,static.unknown,,3.9153,-19.8376,0.0012,20.2203,420.239,-662.036,-0.012
167719,640.0395,,0,static.unknown,,5.5384,-28.0611,0.0017,28.6025,420.239,-662.036,-0.012
167720,640.0432,,0,static.unknown,,5.7364,-29.0644,0.0018,29.6251,420.239,-662.036,-0.012
167721,640.0467,,0,static.unknown,,8.074,-40.9081,0.0025,41.6973,420.239,-662.036,-0.012
167722,640.0505,,0,static.unknown,,4.0815,-20.6795,0.0013,21.0785,420.239,-662.036,-0.012
167723,640.0546,,0,static.unknown,,7.0045,-35.4894,0.0022,36.174,420.239,-662.036,-0.012
167724,640.0585,,0,static.unknown,,1.1329,-5.7402,0.0003,5.8509,420.239,-662.036,-0.012
167725,640.0622,,0,static.unknown,,8.4807,-42.969,0.0026,43.7979,420.239,-662.036,-0.012
167726,640.0666,,0,static.unknown,,4.2263,-21.4134,0.0013,21.8265,420.239,-662.036,-0.012
167727,640.0707,,0,static.unknown,,8.953,-45.362,0.0028,46.2371,420.239,-662.035,-0.012
167728,640.0745,,0,static.unknown,,3.1814,-16.119,0.001,16.4299,420.239,-662.035,-0.012
167729,640.0782,,0,static.unknown,,3.4388,-17.423,0.0011,17.7591,420.239,-662.035,-0.012
167730,640.0822,,0,static.unknown,,6.1428,-31.1237,0.0019,31.7241,420.239,-662.035,-0.012
167731,640.086,,0,static.unknown,,9.1101,-46.1579,0.0028,47.0484,420.24,-662.035,-0.012
167732,640.0898,,0,static.unknown,,1.4314,-7.2526,0.0004,7.3925,420.24,-662.035,-0.013
167733,640.0935,,0,static.unknown,,1.4538,-7.3657,0.0004,7.5078,420.24,-662.035,-0.012
167734,640.0979,,0,static.unknown,,7.1454,-36.2033,0.0022,36.9017,420.24,-662.035,-0.012
167735,640.1032,,0,static.unknown,,5.1691,-26.1903,0.0016,26.6955,420.24,-662.035,-0.012
167736,640.1078,,0,static.unknown,,6.7972,-34.4392,0.0021,35.1036,420.24,-662.035,-0.012
167737,640.1124,,0,static.unknown,,3.8565,-19.5395,0.0012,19.9164,420.24,-662.035,-0.012
167738,640.1165,,0,static.unknown,,7.3429,-37.2039,0.0023,37.9216,420.24,-662.035,-0.012
167739,640.1231,,0,static.unknown,,5.4037,-27.3786,0.0017,27.9068,420.24,-662.034,-0.012
167740,640.127,,0,static.unknown,,4.8152,-24.3968,0.0015,24.8674,420.24,-662.034,-0.012
167741,640.1308,,0,static.unknown,,5.9478,-30.1355,0.0018,30.7169,420.24,-662.034,-0.012
167742,640.1347,,0,static.unknown,,4.3995,-22.2909,0.0014,22.7209,420.24,-662.034,-0.012
167743,640.1392,,0,static.unknown,,8.3038,-42.0723,0.0026,42.884,420.24,-662.034,-0.012
167744,640.1432,,0,static.unknown,,5.8645,-29.7132,0.0018,30.2864,420.24,-662.034,-0.012
167745,640.1469,,0,static.unknown,,4.6507,-23.5636,0.0014,24.0182,420.24,-662.034,-0.012
167746,640.1506,,0,static.unknown,,2.6934,-13.6468,0.0008,13.91,420.24,-662.034,-0.012
167747,640.1553,,0,static.unknown,,5.0326,-25.4983,0.0015,25.9902,420.24,-662.034,-0.012
167748,640.159,,0,static.unknown,,7.7967,-39.5035,0.0024,40.2656,420.24,-662.034,-0.012
167749,640.1629,,0,static.unknown,,7.0773,-35.8585,0.0022,36.5503,420.24,-662.034,-0.012
167750,640.1666,,0,static.unknown,,3.5425,-17.9487,0.0011,18.2949,420.24,-662.034,-0.012
167751,640.1709,,0,static.unknown,,4.4382,-22.4868,0.0014,22.9206,420.24,-662.034,-0.012
167752,640.1747,,0,static.unknown,,5.9874,-30.3361,0.0018,30.9213,420.24,-662.033,-0.012
167753,640.1785,,0,static.unknown,,8.6519,-43.8362,0.0027,44.6818,420.24,-662.033,-0.012
167754,640.1822,,0,static.unknown,,4.9028,-24.8407,0.0015,25.3199,420.24,-662.033,-0.012
167755,640.1863,,0,static.unknown,,7.063,-35.7858,0.0022,36.4761,420.24,-662.033,-0.012
167756,640.1904,,0,static.unknown,,4.3177,-21.8762,0.0013,22.2982,420.24,-662.033,-0.012
167757,640.1944,,0,static.unknown,,4.5321,-22.9627,0.0014,23.4057,420.24,-662.033,-0.012
167758,640.1978,,0,static.unknown,,7.1154,-36.0513,0.0022,36.7468,420.24,-662.033,-0.012
167759,640.2016,,0,static.unknown,,3.6993,-18.7431,0.0011,19.1047,420.24,-662.033,-0.013
167760,640.2057,,0,static.unknown,,6.5849,-33.3633,0.002,34.007,420.24,-662.033,-0.013
167761,640.2093,,0,static.unknown,,8.0554,-40.814,0.0025,41.6014,420.24,-662.033,-0.013
167762,640.2129,,0,static.unknown,,4.941,-25.0344,0.0015,25.5174,420.24,-662.033,-0.013
167763,640.2163,,0,static.unknown,,2.8825,-14.6045,0.0009,14.8863,420.24,-662.032,-0.013
167764,640.2203,,0,static.unknown,,8.4251,-42.6873,0.0026,43.5108,420.24,-662.032,-0.013
167765,640.2238,,0,static.unknown,,7.9635,-40.3482,0.0025,41.1266,420.24,-662.032,-0.013
167766,640.2272,,0,static.unknown,,2.7174,-13.768,0.0008,14.0336,420.24,-662.032,-0.013
167767,640.2306,,0,static.unknown,,8.5628,-43.385,0.0026,44.222,420.24,-662.032,-0.013
167768,640.2341,,0,static.unknown,,3.3204,-16.8231,0.001,17.1476,420.24,-662.032,-0.013
167769,640.2376,,0,static.unknown,,6.3799,-32.325,0.002,32.9486,420.24,-662.032,-0.013
167770,640.242,,0,static.unknown,,4.704,-23.8338,0.0014,24.2936,420.24,-662.032,-0.013
167771,640.2452,,0,static.unknown,,2.9554,-14.9742,0.0009,15.2631,420.24,-662.032,-0.013
167772,640.2485,,0,static.unknown,,5.0268,-25.4689,0.0015,25.9603,420.241,-662.032,-0.013
167773,640.2519,,0,static.unknown,,8.2743,-41.9231,0.0025,42.7318,420.241,-662.032,-0.013
167774,640.2557,,0,static.unknown,,4.7571,-24.1028,0.0015,24.5677,420.241,-662.032,-0.013
167775,640.26,,0,static.unknown,,6.2978,-31.9087,0.0019,32.5242,420.241,-662.032,-0.013
167776,640.2631,,0,static.unknown,,5.12,-25.9411,0.0016,26.4416,420.241,-662.031,-0.013
167777,640.2664,,0,static.unknown,,5.2805,-26.7545,0.0016,27.2707,420.241,-662.031,-0.013
167779,640.2739,,0,static.unknown,,4.9048,-24.8511,0.0015,25.3305,420.241,-662.031,-0.013
167780,640.2774,,0,static.unknown,,7.2634,-36.8012,0.0022,37.5112,420.241,-662.031,-0.013
167781,640.281,,0,static.unknown,,6.7562,-34.2314,0.0021,34.8918,420.241,-662.031,-0.013
167782,640.2849,,0,static.unknown,,2.0538,-10.4061,0.0006,10.6068,420.241,-662.031,-0.013
167783,640.2888,,0,static.unknown,,10.1014,-51.1804,0.0031,52.1677,420.241,-662.031,-0.013
167784,640.2931,,0,static.unknown,,3.4959,-17.7126,0.0011,18.0543,420.241,-662.031,-0.013
167785,640.2968,,0,static.unknown,,6.399,-32.4215,0.002,33.047,420.241,-662.031,-0.013
167786,640.3008,,0,static.unknown,,4.1318,-20.9342,0.0013,21.3381,420.241,-662.031,-0.013
167787,640.3048,,0,static.unknown,,3.7775,-19.1392,0.0012,19.5085,420.241,-662.031,-0.013
167788,640.3084,,0,static.unknown,,3.5683,-18.0795,0.0011,18.4283,420.241,-662.03,-0.013
167789,640.3118,,0,static.unknown,,8.739,-44.2775,0.0027,45.1316,420.241,-662.03,-0.013
167790,640.3154,,0,static.unknown,,8.1691,-41.3903,0.0025,42.1887,420.241,-662.03,-0.013
167791,640.319,,0,static.unknown,,3.0735,-15.5726,0.0009,15.873,420.241,-662.03,-0.013
167792,640.3227,,0,static.unknown,,3.1583,-16.0023,0.001,16.311,420.241,-662.03,-0.013
167793,640.326,,0,static.unknown,,8.1595,-41.3413,0.0025,42.1388,420.241,-662.03,-0.013
167794,640.3292,,0,static.unknown,,0.1007,-0.5101,0.0,0.52,420.241,-662.03,-0.013
167795,640.3326,,0,static.unknown,,8.3622,-42.3687,0.0026,43.186,420.241,-662.03,-0.013
167796,640.3374,,0,static.unknown,,6.4446,-32.6529,0.002,33.2828,420.241,-662.03,-0.013
167797,640.3404,,0,static.unknown,,3.7976,-19.2414,0.0012,19.6126,420.241,-662.03,-0.013
167798,640.3437,,0,static.unknown,,4.0256,-20.3966,0.0012,20.7901,420.241,-662.03,-0.013
167799,640.3469,,0,static.unknown,,6.4412,-32.6356,0.002,33.2652,420.241,-662.03,-0.013
167800,640.3506,,0,static.unknown,,4.8878,-24.7647,0.0015,25.2425,420.241,-662.03,-0.013
167801,640.3549,,0,static.unknown,,0.9005,-4.5623,0.0003,4.6503,420.241,-662.029,-0.013
167802,640.3582,,0,static.unknown,,10.1261,-51.3057,0.0031,52.2954,420.241,-662.029,-0.013
167803,640.3618,,0,static.unknown,,3.4024,-17.2388,0.001,17.5714,420.241,-662.029,-0.013
167804,640.3653,,0,static.unknown,,4.7982,-24.3111,0.0015,24.7801,420.241,-662.029,-0.013
167805,640.3691,,0,static.unknown,,8.1107,-41.0942,0.0025,41.8869,420.241,-662.029,-0.013
167806,640.3729,,0,static.unknown,,4.4384,-22.4879,0.0014,22.9217,420.241,-662.029,-0.013
167807,640.3763,,0,static.unknown,,3.1846,-16.1351,0.001,16.4464,420.241,-662.029,-0.013
167808,640.3798,,0,static.unknown,,4.3738,-22.1607,0.0013,22.5882,420.242,-662.029,-0.013
167809,640.3837,,0,static.unknown,,9.3062,-47.1516,0.0029,48.0612,420.242,-662.029,-0.013
167810,640.3879,,0,static.unknown,,3.3004,-16.7219,0.001,17.0444,420.242,-662.029,-0.013
167811,640.3918,,0,static.unknown,,4.4555,-22.5743,0.0014,23.0098,420.242,-662.029,-0.013
167812,640.3957,,0,static.unknown,,5.9251,-30.0203,0.0018,30.5994,420.242,-662.029,-0.013
167813,640.3994,,0,static.unknown,,4.5876,-23.244,0.0014,23.6924,420.242,-662.028,-0.013
167814,640.4031,,0,static.unknown,,5.7658,-30.1824,-0.0004,30.7282,420.242,-662.028,-0.013
167815,640.4069,,0,static.unknown,,7.3407,-38.4265,-0.0005,39.1214,420.242,-662.028,-0.013
167816,640.4105,,0,static.unknown,,3.6369,-19.0383,-0.0002,19.3826,420.242,-662.028,-0.013
167817,640.4139,,0,static.unknown,,5.3816,-28.1713,-0.0003,28.6808,420.242,-662.028,-0.013
167818,640.4178,,0,static.unknown,,3.6951,-19.3427,-0.0002,19.6925,420.242,-662.028,-0.013
167819,640.4216,,0,static.unknown,,4.6275,-24.2234,-0.0003,24.6615,420.242,-662.028,-0.013
167820,640.4261,,0,static.unknown,,4.9187,-25.7478,-0.0003,26.2134,420.242,-662.028,-0.013
167821,640.4305,,0,static.unknown,,4.0865,-21.3919,-0.0003,21.7788,420.242,-662.028,-0.013
167822,640.435,,0,static.unknown,,5.1353,-26.882,-0.0003,27.3681,420.242,-662.028,-0.013
167823,640.4393,,0,static.unknown,,6.4234,-33.6247,-0.0004,34.2327,420.242,-662.028,-0.013
167824,640.4426,,0,static.unknown,,6.6473,-34.7969,-0.0004,35.4261,420.242,-662.028,-0.013
167825,640.4457,,0,static.unknown,,4.0621,-21.264,-0.0003,21.6486,420.242,-662.027,-0.013
167826,640.4495,,0,static.unknown,,2.8596,-14.969,-0.0002,15.2397,420.242,-662.027,-0.013
167827,640.4536,,0,static.unknown,,5.2901,-27.6923,-0.0003,28.1931,420.242,-662.027,-0.013
167828,640.4576,,0,static.unknown,,7.1894,-37.6343,-0.0005,38.3149,420.242,-662.027,-0.013
167829,640.4613,,0,static.unknown,,6.2678,-32.8103,-0.0004,33.4036,420.242,-662.027,-0.013
167830,640.465,,0,static.unknown,,2.0746,-10.86,-0.0001,11.0564,420.242,-662.027,-0.013
167831,640.4689,,0,static.unknown,,5.2932,-27.7084,-0.0003,28.2095,420.242,-662.027,-0.013
167832,640.4728,,0,static.unknown,,6.9368,-36.312,-0.0004,36.9686,420.242,-662.027,-0.013
167833,640.4766,,0,static.unknown,,3.6043,-18.8676,-0.0002,19.2088,420.242,-662.027,-0.013
167834,640.4801,,0,static.unknown,,6.834,-35.7739,-0.0004,36.4208,420.242,-662.027,-0.013
167835,640.484,,0,static.unknown,,4.0053,-20.9668,-0.0003,21.3459,420.242,-662.027,-0.013
167836,640.4879,,0,static.unknown,,6.4717,-33.8773,-0.0004,34.49,420.242,-662.026,-0.013
167837,640.492,,0,static.unknown,,4.7424,-24.8251,-0.0003,25.274,420.242,-662.026,-0.013
167838,640.4945,,0,static.unknown,,2.573,-13.4691,-0.0002,13.7127,420.242,-662.026,-0.013
167839,640.498,,0,static.unknown,,1.8412,-9.6379,-0.0001,9.8122,420.242,-662.026,-0.013
167840,640.5017,,0,static.unknown,,7.0567,-36.9398,-0.0004,37.6078,420.242,-662.026,-0.013
167841,640.506,,0,static.unknown,,5.3979,-28.2563,-0.0003,28.7673,420.242,-662.026,-0.013
167842,640.5099,,0,static.unknown,,4.612,-24.1425,-0.0003,24.579,420.242,-662.026,-0.013
167843,640.5136,,0,static.unknown,,6.2071,-32.4923,-0.0004,33.0799,420.242,-662.026,-0.013
167844,640.5163,,0,static.unknown,,4.8589,-25.4347,-0.0003,25.8947,420.242,-662.026,-0.013
167845,640.5204,,0,static.unknown,,4.0318,-21.1053,-0.0003,21.487,420.242,-662.026,-0.013
167846,640.5244,,0,static.unknown,,6.4155,-33.5831,-0.0004,34.1904,420.242,-662.026,-0.013
167847,640.5283,,0,static.unknown,,3.1227,-16.3466,-0.0002,16.6422,420.242,-662.026,-0.013
167848,640.5318,,0,static.unknown,,8.1232,-42.5224,-0.0005,43.2913,420.242,-662.025,-0.013
167849,640.5346,,0,static.unknown,,3.1482,-16.4801,-0.0002,16.7781,420.242,-662.025,-0.013
167850,640.5387,,0,static.unknown,,4.4446,-23.2665,-0.0003,23.6872,420.242,-662.025,-0.013
167851,640.5426,,0,static.unknown,,4.2947,-22.4817,-0.0003,22.8882,420.242,-662.025,-0.013
167852,640.5462,,0,static.unknown,,5.902,-30.8953,-0.0004,31.454,420.243,-662.025,-0.012
167853,640.5499,,0,static.unknown,,4.0783,-21.3489,-0.0003,21.7349,420.243,-662.025,-0.012
167854,640.5532,,0,static.unknown,,8.3679,-43.8037,-0.0005,44.5958,420.243,-662.025,-0.012
167855,640.5572,,0,static.unknown,,7.5452,-39.4971,-0.0005,40.2113,420.243,-662.025,-0.012
167856,640.5611,,0,static.unknown,,3.5809,-18.7449,-0.0002,19.0839,420.243,-662.025,-0.013
167857,640.5646,,0,static.unknown,,2.6009,-13.6149,-0.0002,13.8611,420.243,-662.025,-0.013
167858,640.5675,,0,static.unknown,,7.4607,-39.0545,-0.0005,39.7607,420.243,-662.025,-0.013
167859,640.5715,,0,static.unknown,,1.7679,-9.2542,-0.0001,9.4216,420.243,-662.024,-0.012
167860,640.5748,,0,static.unknown,,8.4243,-44.0988,-0.0005,44.8962,420.243,-662.024,-0.012
167861,640.5781,,0,static.unknown,,3.5363,-18.5114,-0.0002,18.8462,420.243,-662.024,-0.012
167862,640.5821,,0,static.unknown,,4.5564,-23.8512,-0.0003,24.2825,420.243,-662.024,-0.012
167863,640.586,,0,static.unknown,,9.0953,-47.6111,-0.0006,48.4721,420.243,-662.024,-0.012
167865,640.594,,0,static.unknown,,7.1251,-37.2977,-0.0004,37.9721,420.243,-662.024,-0.012
167866,640.5972,,0,static.unknown,,5.0129,-26.241,-0.0003,26.7156,420.243,-662.024,-0.012
167867,640.5999,,0,static.unknown,,4.9943,-26.1439,-0.0003,26.6167,420.243,-662.024,-0.012
167868,640.6037,,0,static.unknown,,0.1345,-0.7038,-0.0,0.7166,420.243,-662.024,-0.012
167869,640.6076,,0,static.unknown,,8.1679,-42.7566,-0.0005,43.5298,420.243,-662.024,-0.012
167870,640.6115,,0,static.unknown,,6.3091,-33.0262,-0.0004,33.6234,420.243,-662.024,-0.012
167871,640.6152,,0,static.unknown,,3.0076,-15.7439,-0.0002,16.0286,420.243,-662.024,-0.012
167872,640.619,,0,static.unknown,,5.6517,-29.5849,-0.0004,30.1199,420.243,-662.023,-0.012
167873,640.6231,,0,static.unknown,,6.6049,-34.5746,-0.0004,35.1998,420.243,-662.023,-0.012
167874,640.6266,,0,static.unknown,,3.6066,-18.8795,-0.0002,19.2209,420.243,-662.023,-0.012
167875,640.63,,0,static.unknown,,5.371,-28.1154,-0.0003,28.6238,420.243,-662.023,-0.012
167876,640.6336,,0,static.unknown,,1.3719,-7.1816,-0.0001,7.3115,420.243,-662.023,-0.012
167877,640.6378,,0,static.unknown,,6.7525,-35.3475,-0.0004,35.9867,420.243,-662.023,-0.012
167878,640.6419,,0,static.unknown,,7.5769,-39.663,-0.0005,40.3803,420.243,-662.023,-0.012
167879,640.6456,,0,static.unknown,,3.9005,-20.4183,-0.0002,20.7875,420.243,-662.023,-0.012
167880,640.6484,,0,static.unknown,,5.3554,-28.0339,-0.0003,28.5408,420.243,-662.023,-0.012
167881,640.6526,,0,static.unknown,,1.9799,-10.3641,-0.0001,10.5515,420.243,-662.023,-0.012
167882,640.6564,,0,static.unknown,,6.6008,-34.5531,-0.0004,35.1779,420.243,-662.023,-0.013
167883,640.6605,,0,static.unknown,,2.6058,-13.6408,-0.0002,13.8875,420.243,-662.023,-0.012
167884,640.6643,,0,static.unknown,,7.2361,-37.8787,-0.0005,38.5637,420.243,-662.023,-0.012
167885,640.6682,,0,static.unknown,,7.6096,-39.8343,-0.0005,40.5546,420.243,-662.022,-0.012
167886,640.672,,0,static.unknown,,4.0542,-21.2226,-0.0003,21.6064,420.243,-662.022,-0.013
167887,640.6754,,0,static.unknown,,3.2866,-17.2044,-0.0002,17.5155,420.243,-662.022,-0.013
167888,640.6788,,0,static.unknown,,5.6404,-29.5256,-0.0004,30.0596,420.243,-662.022,-0.013
167889,640.6823,,0,static.unknown,,4.6244,-24.2072,-0.0003,24.645,420.243,-662.022,-0.013
167890,640.6857,,0,static.unknown,,7.2081,-37.7326,-0.0005,38.4149,420.244,-662.022,-0.013
167891,640.6903,,0,static.unknown,,4.348,-22.7608,-0.0003,23.1724,420.244,-662.022,-0.013
167892,640.6936,,0,static.unknown,,7.5867,-39.7142,-0.0005,40.4323,420.244,-662.022,-0.013
167893,640.6969,,0,static.unknown,,1.4885,-7.792,-0.0001,7.9329,420.244,-662.022,-0.013
167894,640.7001,,0,static.unknown,,8.6027,-45.0327,-0.0005,45.847,420.244,-662.022,-0.013
167895,640.7039,,0,static.unknown,,3.4477,-18.048,-0.0002,18.3744,420.244,-662.022,-0.013
167896,640.7076,,0,static.unknown,,5.6253,-29.4468,-0.0004,29.9793,420.244,-662.022,-0.013
167897,640.7112,,0,static.unknown,,6.9634,-36.4514,-0.0004,37.1106,420.244,-662.022,-0.013
167898,640.715,,0,static.unknown,,2.4822,-12.9936,-0.0002,13.2286,420.244,-662.021,-0.013
167899,640.7189,,0,static.unknown,,4.3877,-22.9684,-0.0003,23.3837,420.244,-662.021,-0.013
167900,640.7228,,0,static.unknown,,6.0708,-31.7787,-0.0004,32.3534,420.244,-662.021,-0.013
167901,640.7267,,0,static.unknown,,3.6058,-18.8752,-0.0002,19.2165,420.244,-662.021,-0.013
167902,640.7303,,0,static.unknown,,4.5559,-23.8486,-0.0003,24.2799,420.244,-662.021,-0.013
167903,640.7343,,0,static.unknown,,7.3902,-38.6854,-0.0005,39.385,420.244,-662.021,-0.013
167904,640.7385,,0,static.unknown,,5.2294,-27.3743,-0.0003,27.8693,420.244,-662.021,-0.013
167905,640.7429,,0,static.unknown,,4.6333,-24.2541,-0.0003,24.6927,420.244,-662.021,-0.013
167906,640.747,,0,static.unknown,,3.7376,-19.5651,-0.0002,19.9189,420.244,-662.021,-0.013
167907,640.7505,,0,static.unknown,,5.9726,-31.265,-0.0004,31.8304,420.244,-662.021,-0.013
167908,640.7546,,0,static.unknown,,3.5649,-18.6612,-0.0002,18.9986,420.244,-662.021,-0.013
167909,640.7583,,0,static.unknown,,7.8617,-41.1536,-0.0005,41.8978,420.244,-662.021,-0.013
167910,640.7619,,0,static.unknown,,3.9333,-20.5896,-0.0002,20.9619,420.244,-662.02,-0.013
167911,640.7655,,0,static.unknown,,4.7539,-24.8851,-0.0003,25.3351,420.244,-662.02,-0.013
167912,640.7695,,0,static.unknown,,4.3724,-22.8883,-0.0003,23.3022,420.244,-662.02,-0.013
167913,640.7737,,0,static.unknown,,7.3161,-38.2976,-0.0005,38.9901,420.244,-662.02,-0.013
167914,640.7779,,0,static.unknown,,4.3771,-22.9128,-0.0003,23.3272,420.244,-662.02,-0.013
167915,640.7822,,0,static.unknown,,2.6815,-14.0368,-0.0002,14.2906,420.244,-662.02,-0.012
167916,640.7865,,0,static.unknown,,5.1955,-27.1967,-0.0003,27.6885,420.244,-662.02,-0.012
167917,640.791,,0,static.unknown,,5.7462,-30.0799,-0.0004,30.6238,420.244,-662.02,-0.012
167918,640.7951,,0,static.unknown,,4.7809,-25.0268,-0.0003,25.4794,420.244,-662.02,-0.012
167919,640.8009,,0,static.unknown,,6.3901,-33.4504,-0.0004,34.0553,420.244,-662.02,-0.012
167920,640.8052,,0,static.unknown,,4.9305,-25.8095,-0.0003,26.2762,420.244,-662.02,-0.012
167921,640.8093,,0,static.unknown,,4.9802,-26.0698,-0.0003,26.5413,420.244,-662.02,-0.012
167922,640.8135,,0,static.unknown,,4.8265,-25.2653,-0.0003,25.7222,420.244,-662.02,-0.012
167923,640.8178,,0,static.unknown,,7.4745,-39.1266,-0.0005,39.8342,420.244,-662.02,-0.012
