t,frame,x,y,z,speed_mps,speed_limit_kmh,road_id,lane_id,s,is_junction,junction_id,on_road,in_plan,throttle,brake,steer,hand_brake,reverse,pitch,roll,vehicle_yaw,agent_target_road,agent_target_s,sharp_conn,sharp_s,lat_off_m,body_excess_m,n_corner_offlane,sidewalk,opposite_lane,opposite_depth_m,mesh_out,target_dist_m,min_dist_m,set_speed_kmh,in_plan_lane
0.05,24804,217.846,-1087.414,-0.007,0.001,30.0,1278,-1,0.0,False,-1,True,True,0.0,0.0,0.0,False,False,0.064,-0.001,87.211,1278,0.0,,,,,1,True,False,0.0,False,0.01,,20.0,
0.1,24805,217.846,-1087.414,-0.007,0.003,30.0,1278,-1,0.0,False,-1,True,True,0.0,0.0,0.0,False,False,0.064,-0.0,87.211,1278,5.88,,,,,1,True,False,0.0,False,5.88,3.0,20.0,
0.15,24806,217.846,-1087.414,-0.007,0.004,30.0,1278,-1,0.0,False,-1,True,True,0.75,0.0,0.0,False,False,0.064,-0.0,87.211,1278,5.88,,,,,1,True,False,0.0,False,5.88,3.0,20.0,
0.2,24807,217.846,-1087.414,-0.007,0.004,30.0,1278,-1,0.0,False,-1,True,True,0.75,0.0,0.0,False,False,0.064,-0.0,87.211,1278,5.88,,,,,1,True,False,0.0,False,5.88,3.0,20.0,
0.25,24808,217.846,-1087.414,-0.007,0.001,30.0,1278,-1,0.0,False,-1,True,True,0.75,0.0,0.0,False,False,0.064,-0.0,87.211,1278,5.88,,,,,1,True,False,0.0,False,5.88,3.0,20.0,
0.3,24809,217.846,-1087.414,-0.007,0.002,30.0,1278,-1,0.0,False,-1,True,True,0.75,0.0,0.0,False,False,0.064,-0.0,87.211,1278,5.88,,,,,1,True,False,0.0,False,5.88,3.0,20.0,
0.35,24810,217.846,-1087.414,-0.007,0.002,30.0,1278,-1,0.0,False,-1,True,True,0.75,0.0,0.0,False,False,0.064,-0.0,87.211,1278,5.88,,,,,1,True,False,0.0,False,5.88,3.0,20.0,
0.4,24811,217.846,-1087.414,-0.008,0.002,30.0,1278,-1,0.0,False,-1,True,True,0.75,0.0,0.0,False,False,0.064,-0.0,87.211,1278,5.88,,,,,1,True,False,0.0,False,5.88,3.0,20.0,
0.45,24812,217.846,-1087.414,-0.008,0.001,30.0,1278,-1,0.0,False,-1,True,True,0.75,0.0,0.0,False,False,0.064,-0.0,87.211,1278,5.88,,,,,1,True,False,0.0,False,5.88,3.0,20.0,
0.5,24813,217.846,-1087.414,-0.008,0.001,30.0,1278,-1,0.0,False,-1,True,True,0.75,0.0,0.0,False,False,0.064,-0.0,87.211,1278,5.88,,,,,1,True,False,0.0,False,5.88,3.0,20.0,
0.55,24814,217.846,-1087.414,-0.008,0.001,30.0,1278,-1,0.0,False,-1,True,True,0.75,0.0,0.0,False,False,0.064,-0.0,87.211,1278,5.88,,,,,1,True,False,0.0,False,5.88,3.0,20.0,
0.6,24815,217.846,-1087.414,-0.008,0.0,30.0,1278,-1,0.0,False,-1,True,True,0.75,0.0,0.0,False,False,0.064,-0.0,87.211,1278,5.88,,,,,1,True,False,0.0,False,5.88,3.0,20.0,
0.65,24816,217.846,-1087.414,-0.008,0.0,30.0,1278,-1,0.0,False,-1,True,True,0.75,0.0,0.0,False,False,0.064,-0.0,87.211,1278,5.88,,,,,1,True,False,0.0,False,5.88,3.0,20.0,
0.7,24817,217.846,-1087.414,-0.008,0.0,30.0,1278,-1,0.0,False,-1,True,True,0.75,0.0,0.0,False,False,0.064,-0.0,87.211,1278,5.88,,,,,1,True,False,0.0,False,5.88,3.0,20.0,
0.75,24818,217.846,-1087.414,-0.008,0.0,30.0,1278,-1,0.0,False,-1,True,True,0.75,0.0,0.0,False,False,0.064,-0.0,87.211,1278,5.88,,,,,1,True,False,0.0,False,5.88,3.0,20.0,
0.8,24819,217.846,-1087.414,-0.008,0.0,30.0,1278,-1,0.0,False,-1,True,True,0.75,0.0,0.0,False,False,0.064,-0.0,87.211,1278,5.88,,,,,1,True,False,0.0,False,5.88,3.0,20.0,
0.85,24820,217.846,-1087.408,-0.008,0.342,30.0,1278,-1,0.01,False,-1,True,True,0.75,0.0,0.0,False,False,0.11,-0.0,87.211,1278,5.88,,,,,1,True,False,0.0,False,5.88,3.0,20.0,
0.9,24821,217.848,-1087.37,-0.01,0.935,30.0,1278,-1,0.04,False,-1,True,True,0.75,0.0,0.0,False,False,0.314,-0.0,87.211,1278,5.88,,,,,1,True,False,0.0,False,5.84,3.17,20.0,
0.95,24822,217.851,-1087.311,-0.011,1.281,30.0,1278,-1,0.1,False,-1,True,True,0.75,0.0,0.0,False,False,0.48,-0.0,87.211,1278,5.88,,,,,1,True,False,0.0,False,5.78,3.47,20.0,
1.0,24823,217.854,-1087.239,-0.012,1.48,30.0,1278,-1,0.18,False,-1,True,True,0.75,0.0,0.0,False,False,0.552,-0.0,87.219,1278,5.88,,,,,1,True,False,0.0,False,5.71,3.64,20.0,
1.05,24824,217.858,-1087.164,-0.012,1.524,30.0,1278,-1,0.25,False,-1,True,True,0.75,0.0,-0.001,False,False,0.524,0.0,87.21,1278,5.88,,,,,1,True,False,0.0,False,5.63,3.74,20.0,
1.1,24825,217.862,-1087.087,-0.011,1.595,30.0,1278,-1,0.33,False,-1,True,True,0.75,0.0,0.001,False,False,0.458,-0.0,87.219,1278,5.88,,,,,1,True,False,0.0,False,5.56,3.76,20.0,
1.15,24826,217.866,-1087.005,-0.011,1.686,30.0,1278,-1,0.41,False,-1,True,True,0.75,0.0,-0.001,False,False,0.394,0.0,87.21,1278,5.88,,,,,1,True,False,0.0,False,5.47,3.8,20.0,
1.2,24827,217.87,-1086.918,-0.01,1.79,30.0,1278,-1,0.5,False,-1,True,True,0.75,0.0,0.001,False,False,0.346,-0.0,87.218,1278,5.88,,,,,0,False,False,0.0,False,5.39,3.84,20.0,
1.25,24828,217.874,-1086.826,-0.01,1.903,30.0,1278,-1,0.59,False,-1,True,True,0.75,0.0,-0.001,False,False,0.316,0.0,87.211,1278,5.88,,,,,0,False,False,0.0,False,5.29,3.9,20.0,
1.3,24829,217.879,-1086.728,-0.01,2.021,30.0,1278,-1,0.69,False,-1,True,True,0.75,0.0,0.001,False,False,0.299,-0.0,87.218,1278,5.88,,,,,0,False,False,0.0,False,5.2,3.95,20.0,
1.35,24830,217.884,-1086.623,-0.01,2.142,30.0,1278,-1,0.79,False,-1,True,True,0.75,0.0,-0.001,False,False,0.291,0.0,87.211,1278,5.88,,,,,0,False,False,0.0,False,5.09,4.01,20.0,
1.4,24831,217.89,-1086.512,-0.01,2.265,30.0,1278,-1,0.9,False,-1,True,True,0.75,0.0,0.0,False,False,0.289,-0.0,87.217,1278,5.88,,,,,0,False,False,0.0,False,4.98,4.07,20.0,
1.45,24832,217.895,-1086.396,-0.01,2.392,30.0,1278,-1,1.02,False,-1,True,True,0.75,0.0,-0.0,False,False,0.29,0.0,87.212,1278,5.88,,,,,0,False,False,0.0,False,4.86,4.13,20.0,
1.5,24833,217.901,-1086.272,-0.01,2.527,30.0,1278,-1,1.14,False,-1,True,True,0.75,0.0,0.0,False,False,0.295,-0.0,87.215,1278,5.88,,,,,0,False,False,0.0,False,4.74,4.2,20.0,
1.55,24834,217.908,-1086.142,-0.01,2.655,30.0,1278,-1,1.27,False,-1,True,True,0.75,0.0,-0.0,False,False,0.299,0.0,87.214,1278,5.88,,,,,0,False,False,0.0,False,4.61,4.26,20.0,
1.6,24835,217.914,-1086.006,-0.01,2.771,30.0,1278,-1,1.41,False,-1,True,True,0.75,0.0,0.0,False,False,0.3,0.0,87.214,1278,5.88,,,,,0,False,False,0.0,False,4.47,4.33,20.0,
1.65,24836,217.921,-1085.864,-0.01,2.881,30.0,1278,-1,1.55,False,-1,True,True,0.75,0.0,-0.0,False,False,0.296,0.0,87.213,1278,5.88,,,,,0,False,False,0.0,False,4.33,4.39,20.0,
1.7,24837,217.928,-1085.717,-0.01,2.988,30.0,1278,-1,1.7,False,-1,True,True,0.75,0.0,-0.0,False,False,0.29,0.0,87.213,1278,9.81,,,,,0,False,False,0.0,False,8.11,4.44,20.0,
1.75,24838,217.936,-1085.565,-0.01,3.094,30.0,1278,-1,1.85,False,-1,True,True,0.75,0.0,-0.0,False,False,0.284,0.0,87.213,1278,9.81,,,,,0,False,False,0.0,False,7.95,4.49,20.0,
1.8,24839,217.943,-1085.407,-0.01,3.2,30.0,1278,-1,2.01,False,-1,True,True,0.75,0.0,-0.0,False,False,0.279,0.0,87.213,1278,9.81,,,,,0,False,False,0.0,False,7.8,4.55,20.0,
1.85,24840,217.951,-1085.244,-0.01,3.308,30.0,1278,-1,2.17,False,-1,True,True,0.75,0.0,-0.0,False,False,0.275,-0.0,87.213,1278,9.81,,,,,0,False,False,0.0,False,7.63,4.6,20.0,
1.9,24841,217.96,-1085.076,-0.01,3.416,30.0,1278,-1,2.34,False,-1,True,True,0.75,0.0,-0.0,False,False,0.272,-0.0,87.213,1278,9.81,,,,,0,False,False,0.0,False,7.46,4.65,20.0,
1.95,24842,217.968,-1084.902,-0.01,3.525,30.0,1278,-1,2.52,False,-1,True,True,0.75,0.0,-0.0,False,False,0.271,0.0,87.213,1278,9.81,,,,,0,False,False,0.0,False,7.29,4.71,20.0,
2.0,24843,217.977,-1084.723,-0.01,3.636,30.0,1278,-1,2.69,False,-1,True,True,0.75,0.0,0.0,False,False,0.271,0.0,87.213,1278,9.81,,,,,0,False,False,0.0,False,7.11,4.76,20.0,
2.05,24844,217.986,-1084.538,-0.01,3.747,30.0,1278,-1,2.88,False,-1,True,True,0.75,0.0,-0.0,False,False,0.272,0.0,87.213,1278,9.81,,,,,0,False,False,0.0,False,6.93,4.82,20.0,
2.1,24845,217.995,-1084.347,-0.01,3.858,30.0,1278,-1,3.07,False,-1,True,True,0.75,0.0,-0.0,False,False,0.273,0.0,87.213,1278,9.81,,,,,0,False,False,0.0,False,6.74,4.87,20.0,
2.15,24846,218.005,-1084.151,-0.01,3.969,30.0,1278,-1,3.27,False,-1,True,True,0.75,0.0,-0.0,False,False,0.273,-0.0,87.212,1278,9.81,,,,,0,False,False,0.0,False,6.54,4.93,20.0,
2.2,24847,218.014,-1083.95,-0.01,4.079,30.0,1278,-1,3.47,False,-1,True,True,0.75,0.0,-0.0,False,False,0.274,-0.0,87.212,1278,9.81,,,,,0,False,False,0.0,False,6.34,4.98,20.0,
2.25,24848,218.025,-1083.743,-0.01,4.189,30.0,1278,-1,3.68,False,-1,True,True,0.75,0.0,-0.0,False,False,0.274,-0.0,87.212,1278,9.81,,,,,0,False,False,0.0,False,6.13,5.04,20.0,
2.3,24849,218.035,-1083.53,-0.01,4.298,30.0,1278,-1,3.89,False,-1,True,True,0.75,0.0,-0.0,False,False,0.274,0.0,87.212,1278,9.81,,,,,0,False,False,0.0,False,5.92,5.09,20.0,
2.35,24850,218.045,-1083.312,-0.01,4.407,30.0,1278,-1,4.11,False,-1,True,True,0.75,0.0,-0.0,False,False,0.273,0.0,87.212,1278,9.81,,,,,0,False,False,0.0,False,5.7,5.15,20.0,
2.4,24851,218.056,-1083.089,-0.01,4.515,30.0,1278,-1,4.33,False,-1,True,True,0.75,0.0,0.0,False,False,0.272,-0.0,87.212,1278,9.81,,,,,0,False,False,0.0,False,5.48,5.2,20.0,
2.45,24852,218.067,-1082.86,-0.01,4.622,30.0,1278,-1,4.56,False,-1,True,True,0.75,0.0,-0.0,False,False,0.271,0.0,87.212,1278,9.81,,,,,0,False,False,0.0,False,5.25,5.26,20.0,
2.5,24853,218.079,-1082.626,-0.01,4.728,30.0,1278,-1,4.79,False,-1,True,True,0.75,0.0,-0.0,False,False,0.27,0.0,87.212,1278,13.73,,,,,0,False,False,0.0,False,8.94,5.31,20.0,
2.55,24854,218.091,-1082.387,-0.01,4.834,30.0,1278,-1,5.03,False,-1,True,True,0.75,0.0,0.0,False,False,0.269,0.0,87.212,1278,13.73,,,,,0,False,False,0.0,False,8.7,5.36,20.0,
2.6,24855,218.102,-1082.143,-0.01,4.939,30.0,1278,-1,5.28,False,-1,True,True,0.75,0.0,-0.0,False,False,0.268,0.0,87.212,1278,13.73,,,,,0,False,False,0.0,False,8.45,5.42,20.0,
2.65,24856,218.115,-1081.893,-0.009,5.043,30.0,1278,-1,5.53,False,-1,True,True,0.75,0.0,-0.0,False,False,0.267,0.0,87.212,1278,13.73,,,,,0,False,False,0.0,False,8.2,5.47,20.0,
2.7,24857,218.127,-1081.638,-0.009,5.151,30.0,1278,-1,5.78,False,-1,True,True,0.75,0.0,0.0,False,False,0.266,-0.0,87.212,1278,13.73,,,,,0,False,False,0.0,False,7.95,5.52,20.0,
2.75,24858,218.14,-1081.378,-0.009,5.206,30.0,1278,-1,6.04,False,-1,True,True,0.75,0.0,-0.0,False,False,0.261,-0.0,87.212,1278,13.73,,,,,0,False,False,0.0,False,7.69,5.58,20.0,
2.8,24859,218.153,-1081.113,-0.009,5.385,30.0,1278,-1,6.31,False,-1,True,True,0.75,0.0,-0.0,False,False,0.263,-0.0,87.213,1278,13.73,,,,,0,False,False,0.0,False,7.42,5.6,20.0,
2.85,24860,218.166,-1080.844,-0.009,5.372,30.0,1278,-1,6.58,False,-1,True,True,0.674,0.0,-0.0,False,False,0.252,0.0,87.197,1278,13.73,,,,,0,False,False,0.0,False,7.15,5.69,20.0,
2.9,24861,218.179,-1080.575,-0.009,5.414,30.0,1278,-1,6.85,False,-1,True,True,0.712,0.0,0.002,False,False,0.216,-0.003,87.224,1278,13.73,,,,,0,False,False,0.0,False,6.88,5.69,20.0,
2.95,24862,218.192,-1080.307,-0.008,5.327,30.0,1278,-1,7.12,False,-1,True,True,0.552,0.0,-0.002,False,False,0.165,0.002,87.189,1278,13.73,,,,,0,False,False,0.0,False,6.61,5.71,20.0,
3.0,24863,218.205,-1080.04,-0.008,5.38,30.0,1278,-1,7.38,False,-1,True,True,0.75,0.0,0.003,False,False,0.129,-0.003,87.212,1278,13.73,,,,,0,False,False,0.0,False,6.35,5.66,20.0,
3.05,24864,218.217,-1079.774,-0.008,5.307,30.0,1278,-1,7.65,False,-1,True,True,0.664,0.0,-0.002,False,False,0.098,0.0,87.178,1278,13.73,,,,,0,False,False,0.0,False,6.08,5.69,20.0,
3.1,24865,218.23,-1079.507,-0.008,5.384,30.0,1278,-1,7.92,False,-1,True,True,0.75,0.0,0.003,False,False,0.087,-0.003,87.203,1278,13.73,,,,,0,False,False,0.0,False,5.81,5.65,20.0,
3.15,24866,218.243,-1079.239,-0.008,5.333,30.0,1278,-1,8.18,False,-1,True,True,0.64,0.0,-0.002,False,False,0.08,0.001,87.172,1278,13.73,,,,,0,False,False,0.0,False,5.54,5.69,20.0,
3.2,24867,218.256,-1078.97,-0.008,5.421,30.0,1278,-1,8.45,False,-1,True,True,0.75,0.0,0.003,False,False,0.087,-0.003,87.197,1278,17.65,,,,,0,False,False,0.0,False,9.2,5.67,20.0,
3.25,24868,218.269,-1078.702,-0.008,5.346,30.0,1278,-1,8.72,False,-1,True,True,0.502,0.0,-0.001,False,False,0.08,0.001,87.168,1278,17.65,,,,,0,False,False,0.0,False,8.93,5.71,20.0,
3.3,24869,218.282,-1078.433,-0.008,5.413,30.0,1278,-1,8.99,False,-1,True,True,0.75,0.0,0.003,False,False,0.079,-0.002,87.2,1278,17.65,,,,,0,False,False,0.0,False,8.66,5.67,20.0,
3.35,24870,218.296,-1078.152,-0.009,5.773,30.0,1278,-1,9.27,False,-1,True,True,0.532,0.0,-0.002,False,False,0.168,0.004,87.155,1278,17.65,,,,,0,False,False,0.0,False,8.38,5.71,20.0,
3.4,24871,218.31,-1077.849,-0.01,6.18,30.0,1278,-1,9.58,False,-1,True,True,0.0,0.3,0.005,False,False,0.318,-0.003,87.152,1278,17.65,,,,,0,False,False,0.0,False,8.07,5.89,20.0,
3.45,24872,218.325,-1077.537,-0.01,6.25,30.0,1278,-1,9.89,False,-1,True,True,0.0,0.3,0.002,False,False,0.385,-0.004,87.164,1278,17.65,,,,,0,False,False,0.0,False,7.76,6.09,20.0,
3.5,24873,218.341,-1077.223,-0.01,6.321,30.0,1278,-1,10.2,False,-1,True,True,0.0,0.3,0.0,False,False,0.37,-0.0,87.172,1278,17.65,,,,,0,False,False,0.0,False,7.45,6.13,20.0,
3.55,24874,218.356,-1076.912,-0.01,6.167,30.0,1278,-1,10.51,False,-1,True,True,0.0,0.3,0.0,False,False,0.284,0.003,87.17,1278,17.65,,,,,0,False,False,0.0,False,7.14,6.16,20.0,
3.6,24875,218.371,-1076.608,-0.009,6.078,30.0,1278,-1,10.82,False,-1,True,True,0.0,0.3,0.001,False,False,0.175,0.002,87.196,1278,17.65,,,,,0,False,False,0.0,False,6.83,6.08,20.0,
3.65,24876,218.385,-1076.312,-0.008,5.842,30.0,1278,-1,11.12,False,-1,True,True,0.0,0.3,-0.002,False,False,0.056,0.006,87.173,1278,17.65,,,,,0,False,False,0.0,False,6.54,6.04,20.0,
3.7,24877,218.399,-1076.025,-0.007,5.711,30.0,1278,-1,11.4,False,-1,True,True,0.0,0.3,0.003,False,False,-0.043,0.002,87.203,1278,17.65,,,,,0,False,False,0.0,False,6.25,5.92,20.0,
3.75,24878,218.413,-1075.749,-0.006,5.447,30.0,1278,-1,11.68,False,-1,True,True,0.0,0.3,-0.002,False,False,-0.131,0.004,87.178,1278,17.65,,,,,0,False,False,0.0,False,5.97,5.86,20.0,
3.8,24879,218.426,-1075.481,-0.005,5.338,30.0,1278,-1,11.95,False,-1,True,True,0.359,0.0,0.002,False,False,-0.187,0.0,87.208,1278,17.65,,,,,0,False,False,0.0,False,5.7,5.72,20.0,
3.85,24880,218.439,-1075.221,-0.005,5.138,30.0,1278,-1,12.21,False,-1,True,True,0.75,0.0,-0.002,False,False,-0.215,0.002,87.175,1278,17.65,,,,,0,False,False,0.0,False,5.44,5.67,20.0,
3.9,24881,218.451,-1074.965,-0.005,5.104,30.0,1278,-1,12.46,False,-1,True,True,0.75,0.0,0.004,False,False,-0.21,-0.003,87.201,1278,21.57,,,,,0,False,False,0.0,False,9.11,5.57,20.0,
3.95,24882,218.463,-1074.713,-0.005,5.015,30.0,1278,-1,12.72,False,-1,True,True,0.75,0.0,-0.002,False,False,-0.181,-0.001,87.174,1278,21.57,,,,,0,False,False,0.0,False,8.86,5.55,20.0,
4.0,24883,218.476,-1074.46,-0.006,5.084,30.0,1278,-1,12.97,False,-1,True,True,0.75,0.0,0.003,False,False,-0.123,-0.003,87.208,1278,21.57,,,,,0,False,False,0.0,False,8.6,5.51,20.0,
4.05,24884,218.488,-1074.213,-0.006,4.8,30.0,1278,-1,13.22,False,-1,True,True,0.75,0.0,-0.002,False,False,-0.119,0.001,87.192,1278,21.57,,,,,0,False,False,0.0,False,8.36,5.54,20.0,
4.1,24885,218.499,-1073.984,-0.006,4.486,30.0,1278,-1,13.45,False,-1,True,True,0.75,0.0,0.002,False,False,-0.196,0.001,87.182,1278,21.57,,,,,0,False,False,0.0,False,8.13,5.4,20.0,
4.15,24886,218.509,-1073.766,-0.005,4.304,30.0,1278,-1,13.66,False,-1,True,True,0.75,0.0,0.001,False,False,-0.254,-0.001,87.185,1278,21.57,,,,,0,False,False,0.0,False,7.91,5.24,20.0,
4.2,24887,218.52,-1073.554,-0.005,4.223,30.0,1278,-1,13.88,False,-1,True,True,0.75,0.0,0.0,False,False,-0.261,-0.001,87.188,1278,21.57,,,,,0,False,False,0.0,False,7.7,5.15,20.0,
4.25,24888,218.53,-1073.344,-0.005,4.212,30.0,1278,-1,14.09,False,-1,True,True,0.75,0.0,0.0,False,False,-0.22,0.0,87.19,1278,21.57,,,,,0,False,False,0.0,False,7.49,5.11,20.0,
4.3,24889,218.54,-1073.132,-0.006,4.246,30.0,1278,-1,14.3,False,-1,True,True,0.75,0.0,0.0,False,False,-0.152,0.001,87.192,1278,21.57,,,,,0,False,False,0.0,False,7.27,5.11,20.0,
4.35,24890,218.551,-1072.917,-0.007,4.307,30.0,1278,-1,14.51,False,-1,True,True,0.75,0.0,0.0,False,False,-0.073,0.001,87.194,1278,21.57,,,,,0,False,False,0.0,False,7.06,5.12,20.0,
4.4,24891,218.561,-1072.699,-0.007,4.385,30.0,1278,-1,14.73,False,-1,True,True,0.75,0.0,0.0,False,False,0.003,0.001,87.195,1278,21.57,,,,,0,False,False,0.0,False,6.84,5.15,20.0,
4.45,24892,218.572,-1072.477,-0.008,4.474,30.0,1278,-1,14.95,False,-1,True,True,0.75,0.0,0.0,False,False,0.07,0.001,87.197,1278,21.57,,,,,0,False,False,0.0,False,6.62,5.19,20.0,
4.5,24893,218.583,-1072.25,-0.008,4.57,30.0,1278,-1,15.18,False,-1,True,True,0.75,0.0,0.0,False,False,0.124,0.0,87.198,1278,21.57,,,,,0,False,False,0.0,False,6.39,5.24,20.0,
4.55,24894,218.595,-1072.019,-0.009,4.669,30.0,1278,-1,15.41,False,-1,True,True,0.75,0.0,0.0,False,False,0.167,0.0,87.199,1278,21.57,,,,,0,False,False,0.0,False,6.16,5.28,20.0,
4.6,24895,218.606,-1071.782,-0.009,4.771,30.0,1278,-1,15.65,False,-1,True,True,0.75,0.0,0.0,False,False,0.198,0.0,87.2,1278,21.57,,,,,0,False,False,0.0,False,5.92,5.33,20.0,
4.65,24896,218.618,-1071.541,-0.009,4.874,30.0,1278,-1,15.89,False,-1,True,True,0.75,0.0,0.0,False,False,0.22,0.0,87.201,1278,21.57,,,,,0,False,False,0.0,False,5.68,5.39,20.0,
4.7,24897,218.63,-1071.294,-0.009,4.977,30.0,1278,-1,16.14,False,-1,True,True,0.75,0.0,0.0,False,False,0.236,0.0,87.201,1278,21.57,,,,,0,False,False,0.0,False,5.43,5.44,20.0,
4.75,24898,218.642,-1071.042,-0.009,5.08,30.0,1278,-1,16.39,False,-1,True,True,0.75,0.0,0.0,False,False,0.247,-0.001,87.203,1278,25.5,,,,,0,False,False,0.0,False,9.1,5.49,20.0,
4.8,24899,218.655,-1070.786,-0.009,5.165,30.0,1278,-1,16.65,False,-1,True,True,0.75,0.0,0.0,False,False,0.252,-0.0,87.204,1278,25.5,,,,,0,False,False,0.0,False,8.85,5.54,20.0,
4.85,24900,218.668,-1070.524,-0.009,5.318,30.0,1278,-1,16.91,False,-1,True,True,0.75,0.0,0.0,False,False,0.257,-0.0,87.205,1278,25.5,,,,,0,False,False,0.0,False,8.59,5.58,20.0,
4.9,24901,218.681,-1070.257,-0.009,5.329,30.0,1278,-1,17.18,False,-1,True,True,0.75,0.0,0.0,False,False,0.252,0.0,87.194,1278,25.5,,,,,0,False,False,0.0,False,8.32,5.66,20.0,
4.95,24902,218.694,-1069.99,-0.009,5.382,30.0,1278,-1,17.44,False,-1,True,True,0.75,0.0,0.001,False,False,0.225,-0.002,87.219,1278,25.5,,,,,0,False,False,0.0,False,8.05,5.66,20.0,
5.0,24903,218.707,-1069.724,-0.009,5.301,30.0,1278,-1,17.71,False,-1,True,True,0.675,0.0,-0.002,False,False,0.178,0.002,87.184,1278,25.5,,,,,0,False,False,0.0,False,7.78,5.69,20.0,
5.05,24904,218.72,-1069.457,-0.008,5.372,30.0,1278,-1,17.98,False,-1,True,True,0.75,0.0,0.003,False,False,0.146,-0.003,87.207,1278,25.5,,,,,0,False,False,0.0,False,7.52,5.65,20.0,
5.1,24905,218.732,-1069.191,-0.008,5.317,30.0,1278,-1,18.24,False,-1,True,True,0.696,0.0,-0.002,False,False,0.119,0.0,87.174,1278,25.5,,,,,0,False,False,0.0,False,7.25,5.69,20.0,
5.15,24906,218.745,-1068.923,-0.008,5.397,30.0,1278,-1,18.51,False,-1,True,True,0.75,0.0,0.003,False,False,0.11,-0.003,87.201,1278,25.5,,,,,0,False,False,0.0,False,6.98,5.66,20.0,
5.2,24907,218.758,-1068.656,-0.008,5.324,30.0,1278,-1,18.78,False,-1,True,True,0.598,0.0,-0.002,False,False,0.094,0.001,87.175,1278,25.5,,,,,0,False,False,0.0,False,6.72,5.7,20.0,
5.25,24908,218.771,-1068.387,-0.008,5.435,30.0,1278,-1,19.05,False,-1,True,True,0.75,0.0,0.003,False,False,0.091,-0.002,87.2,1278,25.5,,,,,0,False,False,0.0,False,6.45,5.66,20.0,
5.3,24909,218.786,-1068.102,-0.009,5.836,30.0,1278,-1,19.33,False,-1,True,True,0.455,0.0,-0.002,False,False,0.204,0.002,87.225,1278,25.5,,,,,0,False,False,0.0,False,6.16,5.72,20.0,
5.35,24910,218.801,-1067.797,-0.01,6.215,30.0,1278,-1,19.64,False,-1,True,True,0.0,0.3,-0.002,False,False,0.346,0.006,87.228,1278,25.5,,,,,0,False,False,0.0,False,5.86,5.92,20.0,
5.4,24911,218.816,-1067.485,-0.011,6.258,30.0,1278,-1,19.95,False,-1,True,True,0.0,0.3,-0.0,False,False,0.396,0.005,87.224,1278,29.42,,,,,0,False,False,0.0,False,9.47,6.11,20.0,
5.45,24912,218.832,-1067.17,-0.01,6.309,30.0,1278,-1,20.27,False,-1,True,True,0.0,0.3,-0.0,False,False,0.366,0.002,87.221,1278,29.42,,,,,0,False,False,0.0,False,9.15,6.13,20.0,
5.5,24913,218.847,-1066.861,-0.009,6.143,30.0,1278,-1,20.58,False,-1,True,True,0.0,0.3,-0.0,False,False,0.27,-0.001,87.23,1278,29.42,,,,,0,False,False,0.0,False,8.84,6.15,20.0,
5.55,24914,218.861,-1066.558,-0.008,6.047,30.0,1278,-1,20.88,False,-1,True,True,0.0,0.3,-0.001,False,False,0.157,-0.0,87.203,1278,29.42,,,,,0,False,False,0.0,False,8.54,6.07,20.0,
5.6,24915,218.876,-1066.264,-0.007,5.807,30.0,1278,-1,21.18,False,-1,True,True,0.0,0.3,0.002,False,False,0.038,-0.004,87.228,1278,29.42,,,,,0,False,False,0.0,False,8.24,6.02,20.0,
5.65,24916,218.889,-1065.979,-0.007,5.674,30.0,1278,-1,21.46,False,-1,True,True,0.0,0.3,-0.002,False,False,-0.058,-0.001,87.2,1278,29.42,,,,,0,False,False,0.0,False,7.96,5.9,20.0,
5.7,24917,218.903,-1065.704,-0.006,5.408,30.0,1278,-1,21.74,False,-1,True,True,0.0,0.3,0.002,False,False,-0.143,-0.004,87.227,1278,29.42,,,,,0,False,False,0.0,False,7.68,5.84,20.0,
5.75,24918,218.916,-1065.438,-0.005,5.299,30.0,1278,-1,22.0,False,-1,True,True,0.498,0.0,-0.002,False,False,-0.196,0.0,87.198,1278,29.42,,,,,0,False,False,0.0,False,7.42,5.7,20.0,
5.8,24919,218.928,-1065.18,-0.005,5.098,30.0,1278,-1,22.26,False,-1,True,True,0.75,0.0,0.002,False,False,-0.222,-0.001,87.233,1278,29.42,,,,,0,False,False,0.0,False,7.16,5.65,20.0,
5.85,24920,218.941,-1064.927,-0.005,5.063,30.0,1278,-1,22.51,False,-1,True,True,0.75,0.0,-0.003,False,False,-0.215,0.003,87.208,1278,29.42,,,,,0,False,False,0.0,False,6.9,5.55,20.0,
5.9,24921,218.953,-1064.675,-0.006,5.024,30.0,1278,-1,22.77,False,-1,True,True,0.75,0.0,0.002,False,False,-0.174,-0.001,87.253,1278,29.42,,,,,0,False,False,0.0,False,6.65,5.53,20.0,
5.95,24922,218.966,-1064.423,-0.006,5.056,30.0,1278,-1,23.02,False,-1,True,True,0.75,0.0,-0.004,False,False,-0.116,0.005,87.246,1278,29.42,,,,,0,False,False,0.0,False,6.4,5.51,20.0,
6.0,24923,218.977,-1064.18,-0.006,4.687,30.0,1278,-1,23.26,False,-1,True,True,0.75,0.0,-0.001,False,False,-0.138,0.004,87.215,1278,29.42,,,,,0,False,False,0.0,False,6.16,5.53,20.0,
6.05,24924,218.988,-1063.956,-0.005,4.395,30.0,1278,-1,23.49,False,-1,True,True,0.75,0.0,0.002,False,False,-0.222,-0.001,87.204,1278,29.42,,,,,0,False,False,0.0,False,5.93,5.34,20.0,
6.1,24925,218.998,-1063.743,-0.005,4.232,30.0,1278,-1,23.7,False,-1,True,True,0.75,0.0,0.001,False,False,-0.273,-0.003,87.206,1278,29.42,,,,,0,False,False,0.0,False,5.72,5.2,20.0,
6.15,24926,219.009,-1063.533,-0.005,4.165,30.0,1278,-1,23.91,False,-1,True,True,0.75,0.0,-0.0,False,False,-0.269,-0.002,87.207,1278,29.42,,,,,0,False,False,0.0,False,5.51,5.12,20.0,
6.2,24927,219.019,-1063.325,-0.005,4.164,30.0,1278,-1,24.12,False,-1,True,True,0.75,0.0,-0.0,False,False,-0.219,-0.001,87.207,1278,29.42,,,,,0,False,False,0.0,False,5.3,5.08,20.0,
6.25,24928,219.029,-1063.116,-0.006,4.204,30.0,1278,-1,24.33,False,-1,True,True,0.75,0.0,0.0,False,False,-0.145,-0.0,87.207,1278,29.42,,,,,0,False,False,0.0,False,5.09,5.08,20.0,
6.3,24929,219.039,-1062.903,-0.007,4.27,30.0,1278,-1,24.54,False,-1,True,True,0.75,0.0,0.0,False,False,-0.063,-0.0,87.208,1278,33.34,,,,,0,False,False,0.0,False,8.8,5.1,20.0,
6.35,24930,219.05,-1062.687,-0.007,4.351,30.0,1278,-1,24.76,False,-1,True,True,0.75,0.0,0.0,False,False,0.013,-0.0,87.208,1278,33.34,,,,,0,False,False,0.0,False,8.58,5.13,20.0,
6.4,24931,219.061,-1062.466,-0.008,4.442,30.0,1278,-1,24.98,False,-1,True,True,0.75,0.0,0.0,False,False,0.079,0.0,87.209,1278,33.34,,,,,0,False,False,0.0,False,8.36,5.18,20.0,
6.45,24932,219.072,-1062.241,-0.008,4.539,30.0,1278,-1,25.2,False,-1,True,True,0.75,0.0,0.0,False,False,0.132,0.0,87.209,1278,33.34,,,,,0,False,False,0.0,False,8.14,5.22,20.0,
6.5,24933,219.083,-1062.011,-0.009,4.639,30.0,1278,-1,25.43,False,-1,True,True,0.75,0.0,0.0,False,False,0.173,0.0,87.209,1278,33.34,,,,,0,False,False,0.0,False,7.91,5.27,20.0,
6.55,24934,219.094,-1061.776,-0.009,4.742,30.0,1278,-1,25.67,False,-1,True,True,0.75,0.0,0.0,False,False,0.203,0.0,87.209,1278,33.34,,,,,0,False,False,0.0,False,7.67,5.32,20.0,
6.6,24935,219.106,-1061.536,-0.009,4.845,30.0,1278,-1,25.91,False,-1,True,True,0.75,0.0,0.0,False,False,0.224,0.0,87.21,1278,33.34,,,,,0,False,False,0.0,False,7.43,5.37,20.0,
6.65,24936,219.118,-1061.291,-0.009,4.949,30.0,1278,-1,26.15,False,-1,True,True,0.75,0.0,0.0,False,False,0.239,0.0,87.21,1278,33.34,,,,,0,False,False,0.0,False,7.19,5.42,20.0,
6.7,24937,219.13,-1061.04,-0.009,5.052,30.0,1278,-1,26.4,False,-1,True,True,0.75,0.0,0.0,False,False,0.248,0.0,87.21,1278,33.34,,,,,0,False,False,0.0,False,6.94,5.47,20.0,
6.75,24938,219.143,-1060.785,-0.009,5.163,30.0,1278,-1,26.66,False,-1,True,True,0.75,0.0,0.0,False,False,0.255,0.0,87.21,1278,33.34,,,,,0,False,False,0.0,False,6.68,5.53,20.0,
6.8,24939,219.155,-1060.525,-0.009,5.215,30.0,1278,-1,26.92,False,-1,True,True,0.75,0.0,0.0,False,False,0.254,0.0,87.21,1278,33.34,,,,,0,False,False,0.0,False,6.42,5.58,20.0,
6.85,24940,219.168,-1060.259,-0.009,5.394,30.0,1278,-1,27.19,False,-1,True,True,0.75,0.0,-0.0,False,False,0.259,0.0,87.21,1278,33.34,,,,,0,False,False,0.0,False,6.15,5.61,20.0,
6.9,24941,219.181,-1059.989,-0.009,5.403,30.0,1278,-1,27.46,False,-1,True,True,0.642,0.0,0.0,False,False,0.253,-0.0,87.22,1278,33.34,,,,,0,False,False,0.0,False,5.88,5.7,20.0,
6.95,24942,219.195,-1059.718,-0.009,5.446,30.0,1278,-1,27.73,False,-1,True,True,0.601,0.0,-0.001,False,False,0.224,0.002,87.198,1278,33.34,,,,,0,False,False,0.0,False,5.61,5.7,20.0,
7.0,24943,219.208,-1059.45,-0.008,5.34,30.0,1278,-1,28.0,False,-1,True,True,0.436,0.0,0.002,False,False,0.169,-0.002,87.234,1278,37.26,,,,,0,False,False,0.0,False,9.27,5.72,20.0,
7.05,24944,219.221,-1059.183,-0.008,5.366,30.0,1278,-1,28.26,False,-1,True,True,0.75,0.0,-0.003,False,False,0.122,0.003,87.21,1278,37.26,,,,,0,False,False,0.0,False,9.0,5.67,20.0,
7.1,24945,219.234,-1058.918,-0.008,5.268,30.0,1278,-1,28.53,False,-1,True,True,0.713,0.0,0.002,False,False,0.08,-0.0,87.245,1278,37.26,,,,,0,False,False,0.0,False,8.73,5.68,20.0,
7.15,24946,219.247,-1058.654,-0.008,5.324,30.0,1278,-1,28.79,False,-1,True,True,0.75,0.0,-0.003,False,False,0.061,0.003,87.22,1278,37.26,,,,,0,False,False,0.0,False,8.47,5.63,20.0,
7.2,24947,219.26,-1058.39,-0.007,5.259,30.0,1278,-1,29.06,False,-1,True,True,0.75,0.0,0.002,False,False,0.05,-0.0,87.252,1278,37.26,,,,,0,False,False,0.0,False,8.21,5.66,20.0,
7.25,24948,219.273,-1058.124,-0.008,5.35,30.0,1278,-1,29.32,False,-1,True,True,0.75,0.0,-0.003,False,False,0.059,0.003,87.226,1278,37.26,,,,,0,False,False,0.0,False,7.94,5.63,20.0,
7.3,24949,219.286,-1057.859,-0.008,5.281,30.0,1278,-1,29.59,False,-1,True,True,0.75,0.0,0.001,False,False,0.062,-0.001,87.258,1278,37.26,,,,,0,False,False,0.0,False,7.67,5.67,20.0,
7.35,24950,219.299,-1057.593,-0.008,5.348,30.0,1278,-1,29.86,False,-1,True,True,0.75,0.0,-0.003,False,False,0.067,0.002,87.227,1278,37.26,,,,,0,False,False,0.0,False,7.41,5.64,20.0,
7.4,24951,219.312,-1057.323,-0.008,5.53,30.0,1278,-1,30.13,False,-1,True,True,0.75,0.0,0.002,False,False,0.104,-0.003,87.261,1278,37.26,,,,,0,False,False,0.0,False,7.14,5.67,20.0,
7.45,24952,219.327,-1057.03,-0.009,6.034,30.0,1278,-1,30.42,False,-1,True,True,0.11,0.0,-0.004,False,False,0.264,0.001,87.274,1278,37.26,,,,,0,False,False,0.0,False,6.84,5.76,20.0,
7.5,24953,219.342,-1056.721,-0.01,6.221,30.0,1278,-1,30.73,False,-1,True,True,0.0,0.3,-0.002,False,False,0.386,0.004,87.265,1278,37.26,,,,,0,False,False,0.0,False,6.53,6.02,20.0,
7.55,24954,219.358,-1056.406,-0.011,6.357,30.0,1278,-1,31.05,False,-1,True,True,0.0,0.3,-0.001,False,False,0.416,0.001,87.256,1278,37.26,,,,,0,False,False,0.0,False,6.22,6.11,20.0,
7.6,24955,219.373,-1056.092,-0.01,6.243,30.0,1278,-1,31.36,False,-1,True,True,0.0,0.3,-0.0,False,False,0.353,-0.002,87.251,1278,37.26,,,,,0,False,False,0.0,False,5.9,6.18,20.0,
7.65,24956,219.388,-1055.783,-0.009,6.186,30.0,1278,-1,31.67,False,-1,True,True,0.0,0.3,-0.001,False,False,0.251,-0.002,87.249,1278,41.19,,,,,0,False,False,0.0,False,9.52,6.12,20.0,
7.7,24957,219.402,-1055.481,-0.008,5.962,30.0,1278,-1,31.97,False,-1,True,True,0.0,0.3,-0.001,False,False,0.127,-0.001,87.228,1278,41.19,,,,,0,False,False,0.0,False,9.22,6.09,20.0,
7.75,24958,219.417,-1055.188,-0.007,5.837,30.0,1278,-1,32.26,False,-1,True,True,0.0,0.3,0.001,False,False,0.016,-0.003,87.252,1278,41.19,,,,,0,False,False,0.0,False,8.92,5.98,20.0,
7.8,24959,219.43,-1054.906,-0.006,5.577,30.0,1278,-1,32.55,False,-1,True,True,0.0,0.3,-0.003,False,False,-0.084,0.001,87.222,1278,41.19,,,,,0,False,False,0.0,False,8.64,5.92,20.0,
7.85,24960,219.444,-1054.631,-0.006,5.457,30.0,1278,-1,32.82,False,-1,True,True,0.0,0.111,0.002,False,False,-0.154,-0.002,87.245,1278,41.19,,,,,0,False,False,0.0,False,8.36,5.79,20.0,
7.9,24961,219.457,-1054.366,-0.005,5.234,30.0,1278,-1,33.09,False,-1,True,True,0.32,0.0,-0.002,False,False,-0.201,-0.0,87.208,1278,41.19,,,,,0,False,False,0.0,False,8.1,5.73,20.0,
7.95,24962,219.469,-1054.107,-0.005,5.162,30.0,1278,-1,33.35,False,-1,True,True,0.32,0.0,-0.002,False,False,-0.215,0.004,87.215,1278,41.19,,,,,0,False,False,0.0,False,7.84,5.62,20.0,
8.0,24963,219.482,-1053.854,-0.005,5.019,30.0,1278,-1,33.6,False,-1,True,True,0.75,0.0,-0.0,False,False,-0.213,0.003,87.176,1278,41.19,,,,,0,False,False,0.0,False,7.59,5.58,20.0,
8.05,24964,219.494,-1053.601,-0.006,5.086,30.0,1278,-1,33.85,False,-1,True,True,0.75,0.0,0.004,False,False,-0.163,-0.005,87.213,1278,41.19,,,,,0,False,False,0.0,False,7.33,5.51,20.0,
8.1,24965,219.506,-1053.35,-0.006,4.907,30.0,1278,-1,34.1,False,-1,True,True,0.75,0.0,-0.002,False,False,-0.122,-0.002,87.216,1278,41.19,,,,,0,False,False,0.0,False,7.08,5.54,20.0,
8.15,24966,219.517,-1053.117,-0.006,4.524,30.0,1278,-1,34.34,False,-1,True,True,0.75,0.0,0.0,False,False,-0.193,0.0,87.171,1278,41.19,,,,,0,False,False,0.0,False,6.85,5.45,20.0,
8.2,24967,219.528,-1052.901,-0.005,4.243,30.0,1278,-1,34.55,False,-1,True,True,0.75,0.0,0.005,False,False,-0.283,-0.004,87.17,1278,41.19,,,,,0,False,False,0.0,False,6.63,5.26,20.0,
8.25,24968,219.538,-1052.694,-0.005,4.089,30.0,1278,-1,34.76,False,-1,True,True,0.75,0.0,0.002,False,False,-0.323,-0.005,87.179,1278,41.19,,,,,0,False,False,0.0,False,6.42,5.12,20.0,
8.3,24969,219.547,-1052.492,-0.005,4.03,30.0,1278,-1,34.96,False,-1,True,True,0.75,0.0,0.001,False,False,-0.304,-0.002,87.185,1278,41.19,,,,,0,False,False,0.0,False,6.22,5.04,20.0,
8.35,24970,219.557,-1052.29,-0.005,4.035,30.0,1278,-1,35.17,False,-1,True,True,0.75,0.0,0.001,False,False,-0.241,-0.0,87.189,1278,41.19,,,,,0,False,False,0.0,False,6.02,5.02,20.0,
8.4,24971,219.567,-1052.086,-0.006,4.08,30.0,1278,-1,35.37,False,-1,True,True,0.75,0.0,0.001,False,False,-0.156,0.001,87.193,1278,41.19,,,,,0,False,False,0.0,False,5.82,5.02,20.0,
8.45,24972,219.577,-1051.88,-0.007,4.15,30.0,1278,-1,35.58,False,-1,True,True,0.75,0.0,0.001,False,False,-0.067,0.001,87.197,1278,41.19,,,,,0,False,False,0.0,False,5.61,5.04,20.0,
8.5,24973,219.587,-1051.669,-0.007,4.234,30.0,1278,-1,35.79,False,-1,True,True,0.75,0.0,0.001,False,False,0.014,0.001,87.2,1278,41.19,,,,,0,False,False,0.0,False,5.4,5.07,20.0,
8.55,24974,219.598,-1051.454,-0.008,4.327,30.0,1278,-1,36.0,False,-1,True,True,0.75,0.0,0.0,False,False,0.082,0.001,87.202,1278,41.19,,,,,0,False,False,0.0,False,5.18,5.12,20.0,
8.6,24975,219.609,-1051.235,-0.008,4.426,30.0,1278,-1,36.22,False,-1,True,True,0.75,0.0,0.0,False,False,0.136,0.001,87.205,1278,41.19,,,,,0,False,False,0.0,False,4.96,5.16,20.0,
8.65,24976,219.619,-1051.01,-0.009,4.528,30.0,1278,-1,36.45,False,-1,True,True,0.75,0.0,-0.0,False,False,0.177,0.001,87.206,1278,45.11,,,,,0,False,False,0.0,False,8.66,5.21,20.0,
8.7,24977,219.631,-1050.781,-0.009,4.632,30.0,1278,-1,36.68,False,-1,True,True,0.75,0.0,0.0,False,False,0.207,0.001,87.207,1278,45.11,,,,,0,False,False,0.0,False,8.43,5.26,20.0,
8.75,24978,219.642,-1050.546,-0.009,4.736,30.0,1278,-1,36.91,False,-1,True,True,0.75,0.0,0.0,False,False,0.228,0.0,87.208,1278,45.11,,,,,0,False,False,0.0,False,8.2,5.32,20.0,
8.8,24979,219.654,-1050.307,-0.009,4.841,30.0,1278,-1,37.15,False,-1,True,True,0.75,0.0,0.0,False,False,0.242,0.0,87.21,1278,45.11,,,,,0,False,False,0.0,False,7.96,5.37,20.0,
8.85,24980,219.666,-1050.062,-0.009,4.945,30.0,1278,-1,37.4,False,-1,True,True,0.75,0.0,0.0,False,False,0.251,0.0,87.211,1278,45.11,,,,,0,False,False,0.0,False,7.71,5.42,20.0,
8.9,24981,219.678,-1049.811,-0.009,5.05,30.0,1278,-1,37.65,False,-1,True,True,0.75,0.0,0.0,False,False,0.257,0.0,87.211,1278,45.11,,,,,0,False,False,0.0,False,7.46,5.47,20.0,
8.95,24982,219.69,-1049.556,-0.009,5.159,30.0,1278,-1,37.9,False,-1,True,True,0.75,0.0,0.0,False,False,0.26,0.0,87.212,1278,45.11,,,,,0,False,False,0.0,False,7.2,5.52,20.0,
9.0,24983,219.703,-1049.296,-0.009,5.213,30.0,1278,-1,38.16,False,-1,True,True,0.75,0.0,0.0,False,False,0.257,0.0,87.213,1278,45.11,,,,,0,False,False,0.0,False,6.94,5.58,20.0,
9.05,24984,219.716,-1049.03,-0.009,5.391,30.0,1278,-1,38.43,False,-1,True,True,0.75,0.0,0.0,False,False,0.262,0.0,87.213,1278,45.11,,,,,0,False,False,0.0,False,6.68,5.61,20.0,
9.1,24985,219.729,-1048.761,-0.009,5.382,30.0,1278,-1,38.7,False,-1,True,True,0.651,0.0,0.0,False,False,0.251,-0.0,87.228,1278,45.11,,,,,0,False,False,0.0,False,6.41,5.7,20.0,
9.15,24986,219.742,-1048.491,-0.009,5.421,30.0,1278,-1,38.97,False,-1,True,True,0.674,0.0,-0.001,False,False,0.217,0.002,87.201,1278,45.11,,,,,0,False,False,0.0,False,6.14,5.69,20.0,
9.2,24987,219.755,-1048.224,-0.008,5.327,30.0,1278,-1,39.24,False,-1,True,True,0.526,0.0,0.002,False,False,0.164,-0.002,87.237,1278,45.11,,,,,0,False,False,0.0,False,5.87,5.71,20.0,
9.25,24988,219.768,-1047.957,-0.008,5.372,30.0,1278,-1,39.5,False,-1,True,True,0.75,0.0,-0.003,False,False,0.125,0.002,87.214,1278,45.11,,,,,0,False,False,0.0,False,5.6,5.66,20.0,
9.3,24989,219.782,-1047.691,-0.008,5.293,30.0,1278,-1,39.77,False,-1,True,True,0.69,0.0,-0.009,False,False,0.091,0.017,87.22,1278,49.03,,,,,0,False,False,0.0,False,9.29,5.69,20.0,
9.35,24990,219.796,-1047.425,-0.008,5.366,30.0,1278,-1,40.04,False,-1,True,True,0.75,0.0,-0.004,False,False,0.079,0.019,87.17,1278,49.03,,,,,0,False,False,0.0,False,9.02,5.65,20.0,
9.4,24991,219.809,-1047.159,-0.008,5.313,30.0,1278,-1,40.3,False,-1,True,True,0.706,0.0,0.002,False,False,0.072,0.007,87.19,1278,49.03,,,,,0,False,False,0.0,False,8.75,5.68,20.0,
9.45,24992,219.822,-1046.891,-0.008,5.395,30.0,1278,-1,40.57,False,-1,True,True,0.75,0.0,-0.004,False,False,0.079,0.006,87.156,1278,49.03,,,,,0,False,False,0.0,False,8.48,5.66,20.0,
9.5,24993,219.836,-1046.624,-0.008,5.322,30.0,1278,-1,40.84,False,-1,True,True,0.598,0.0,0.001,False,False,0.074,0.0,87.177,1278,49.03,,,,,0,False,False,0.0,False,8.22,5.7,20.0,
9.55,24994,219.849,-1046.355,-0.008,5.433,30.0,1278,-1,41.11,False,-1,True,True,0.75,0.0,-0.003,False,False,0.079,0.002,87.147,1278,49.03,,,,,0,False,False,0.0,False,7.95,5.66,20.0,
9.6,24995,219.864,-1046.07,-0.009,5.837,30.0,1278,-1,41.39,False,-1,True,True,0.458,0.0,0.001,False,False,0.197,-0.001,87.117,1278,49.03,,,,,0,False,False,0.0,False,7.66,5.72,20.0,
9.65,24996,219.879,-1045.765,-0.01,6.22,30.0,1278,-1,41.7,False,-1,True,True,0.0,0.3,0.002,False,False,0.344,-0.006,87.111,1278,49.03,,,,,0,False,False,0.0,False,7.36,5.92,20.0,
9.7,24997,219.894,-1045.452,-0.011,6.266,30.0,1278,-1,42.01,False,-1,True,True,0.0,0.3,0.0,False,False,0.397,-0.005,87.113,1278,49.03,,,,,0,False,False,0.0,False,7.04,6.11,20.0,
9.75,24998,219.91,-1045.137,-0.01,6.318,30.0,1278,-1,42.33,False,-1,True,True,0.0,0.3,-0.0,False,False,0.368,-0.002,87.113,1278,49.03,,,,,0,False,False,0.0,False,6.73,6.13,20.0,
9.8,24999,219.926,-1044.828,-0.009,6.153,30.0,1278,-1,42.64,False,-1,True,True,0.0,0.3,-0.0,False,False,0.273,0.001,87.102,1278,49.03,,,,,0,False,False,0.0,False,6.42,6.16,20.0,
9.85,25000,219.941,-1044.524,-0.008,6.058,30.0,1278,-1,42.94,False,-1,True,True,0.0,0.3,0.001,False,False,0.16,0.0,87.127,1278,49.03,,,,,0,False,False,0.0,False,6.11,6.08,20.0,
9.9,25001,219.956,-1044.23,-0.007,5.818,30.0,1278,-1,43.24,False,-1,True,True,0.0,0.3,-0.002,False,False,0.041,0.004,87.1,1278,49.03,,,,,0,False,False,0.0,False,5.82,6.03,20.0,
9.95,25002,219.973,-1043.944,-0.007,5.682,30.0,1278,-1,43.52,False,-1,True,True,0.0,0.3,-0.046,False,False,-0.057,0.072,87.013,1278,52.95,,,,,0,False,False,0.0,False,9.48,5.91,20.0,
10.0,25003,219.989,-1043.669,-0.006,5.417,30.0,1278,-1,43.8,False,-1,True,True,0.0,0.3,-0.006,False,False,-0.143,0.074,86.865,1278,52.95,,,,,0,False,False,0.0,False,9.2,5.84,20.0,
10.05,25004,220.004,-1043.403,-0.005,5.308,30.0,1278,-1,44.06,False,-1,True,True,0.467,0.0,0.003,False,False,-0.196,0.036,86.835,1278,52.95,,,,,0,False,False,0.0,False,8.93,5.71,20.0,
10.1,25005,220.019,-1043.144,-0.005,5.107,30.0,1278,-1,44.32,False,-1,True,True,0.75,0.0,-0.004,False,False,-0.222,0.018,86.768,1278,52.95,,,,,0,False,False,0.0,False,8.68,5.65,20.0,
10.15,25006,220.033,-1042.89,-0.005,5.072,30.0,1278,-1,44.58,False,-1,True,True,0.75,0.0,0.0,False,False,-0.216,0.007,86.767,1278,52.95,,,,,0,False,False,0.0,False,8.42,5.55,20.0,
10.2,25007,220.048,-1042.638,-0.006,5.033,30.0,1278,-1,44.83,False,-1,True,True,0.75,0.0,-0.004,False,False,-0.174,0.008,86.702,1278,52.95,,,,,0,False,False,0.0,False,8.17,5.54,20.0,
10.25,25008,220.062,-1042.385,-0.006,5.065,30.0,1278,-1,45.08,False,-1,True,True,0.75,0.0,0.002,False,False,-0.116,0.001,86.691,1278,52.95,,,,,0,False,False,0.0,False,7.92,5.52,20.0,
10.3,25009,220.076,-1042.143,-0.006,4.696,30.0,1278,-1,45.33,False,-1,True,True,0.75,0.0,-0.001,False,False,-0.138,0.0,86.709,1278,52.95,,,,,0,False,False,0.0,False,7.67,5.53,20.0,
10.35,25010,220.09,-1041.919,-0.005,4.404,30.0,1278,-1,45.55,False,-1,True,True,0.75,0.0,-0.004,False,False,-0.223,0.004,86.709,1278,52.95,,,,,0,False,False,0.0,False,7.45,5.35,20.0,
10.4,25011,220.102,-1041.705,-0.005,4.24,30.0,1278,-1,45.77,False,-1,True,True,0.75,0.0,-0.002,False,False,-0.274,0.005,86.698,1278,52.95,,,,,0,False,False,0.0,False,7.23,5.2,20.0,
10.45,25012,220.114,-1041.495,-0.005,4.172,30.0,1278,-1,45.97,False,-1,True,True,0.75,0.0,-0.001,False,False,-0.269,0.004,86.688,1278,52.95,,,,,0,False,False,0.0,False,7.02,5.12,20.0,
10.5,25013,220.127,-1041.287,-0.005,4.171,30.0,1278,-1,46.18,False,-1,True,True,0.75,0.0,-0.001,False,False,-0.22,0.002,86.681,1278,52.95,,,,,0,False,False,0.0,False,6.82,5.09,20.0,
10.55,25014,220.139,-1041.077,-0.006,4.211,30.0,1278,-1,46.39,False,-1,True,True,0.75,0.0,-0.001,False,False,-0.145,0.001,86.675,1278,52.95,,,,,0,False,False,0.0,False,6.6,5.09,20.0,
10.6,25015,220.152,-1040.864,-0.007,4.276,30.0,1278,-1,46.61,False,-1,True,True,0.75,0.0,-0.001,False,False,-0.064,0.0,86.669,1278,52.95,,,,,0,False,False,0.0,False,6.39,5.11,20.0,
10.65,25016,220.164,-1040.648,-0.007,4.357,30.0,1278,-1,46.82,False,-1,True,True,0.75,0.0,-0.001,False,False,0.013,0.0,86.664,1278,52.95,,,,,0,False,False,0.0,False,6.17,5.14,20.0,
10.7,25017,220.177,-1040.427,-0.008,4.448,30.0,1278,-1,47.04,False,-1,True,True,0.75,0.0,-0.001,False,False,0.079,-0.0,86.66,1278,52.95,,,,,0,False,False,0.0,False,5.95,5.18,20.0,
10.75,25018,220.19,-1040.202,-0.008,4.545,30.0,1278,-1,47.27,False,-1,True,True,0.75,0.0,-0.001,False,False,0.132,-0.0,86.656,1278,52.95,,,,,0,False,False,0.0,False,5.73,5.22,20.0,
10.8,25019,220.204,-1039.971,-0.009,4.645,30.0,1278,-1,47.5,False,-1,True,True,0.75,0.0,-0.0,False,False,0.173,-0.0,86.653,1278,52.95,,,,,0,False,False,0.0,False,5.5,5.27,20.0,
10.85,25020,220.218,-1039.736,-0.009,4.747,30.0,1278,-1,47.74,False,-1,True,True,0.75,0.0,-0.0,False,False,0.203,-0.0,86.65,1278,52.95,,,,,0,False,False,0.0,False,5.26,5.32,20.0,
10.9,25021,220.235,-1039.496,-0.009,4.845,30.0,1278,-1,47.98,False,-1,True,True,0.75,0.0,-0.059,False,False,0.222,0.082,86.503,1278,56.88,,,,,0,False,False,0.0,False,8.96,5.37,20.0,
10.95,25022,220.252,-1039.252,-0.009,4.949,30.0,1278,-1,48.22,False,-1,True,True,0.75,0.0,-0.004,False,False,0.236,0.081,86.369,1278,56.88,,,,,0,False,False,0.0,False,8.72,5.42,20.0,
11.0,25023,220.269,-1039.001,-0.009,5.054,30.0,1278,-1,48.47,False,-1,True,True,0.75,0.0,-0.0,False,False,0.247,0.038,86.323,1278,56.88,,,,,0,False,False,0.0,False,8.47,5.47,20.0,
11.05,25024,220.286,-1038.746,-0.009,5.165,30.0,1278,-1,48.73,False,-1,True,True,0.75,0.0,-0.005,False,False,0.254,0.019,86.291,1278,56.88,,,,,0,False,False,0.0,False,8.21,5.53,20.0,
11.1,25025,220.304,-1038.486,-0.009,5.205,30.0,1278,-1,48.99,False,-1,True,True,0.75,0.0,-0.005,False,False,0.252,0.013,86.266,1278,56.88,,,,,0,False,False,0.0,False,7.95,5.58,20.0,
11.15,25026,220.322,-1038.225,-0.009,5.256,30.0,1278,-1,49.25,False,-1,True,True,0.75,0.0,-0.005,False,False,0.226,0.01,86.211,1278,56.88,,,,,0,False,False,0.0,False,7.69,5.6,20.0,
11.2,25027,220.339,-1037.966,-0.009,5.173,30.0,1278,-1,49.51,False,-1,True,True,0.75,0.0,-0.001,False,False,0.178,0.003,86.221,1278,56.88,,,,,0,False,False,0.0,False,7.43,5.63,20.0,
11.25,25028,220.357,-1037.706,-0.008,5.248,30.0,1278,-1,49.77,False,-1,True,True,0.75,0.0,-0.006,False,False,0.146,0.005,86.175,1278,56.88,,,,,0,False,False,0.0,False,7.17,5.59,20.0,
11.3,25029,220.375,-1037.446,-0.008,5.197,30.0,1278,-1,50.03,False,-1,True,True,0.75,0.0,-0.001,False,False,0.12,0.001,86.19,1278,56.88,,,,,0,False,False,0.0,False,6.91,5.62,20.0,
11.35,25030,220.393,-1037.184,-0.008,5.282,30.0,1278,-1,50.29,False,-1,True,True,0.75,0.0,-0.005,False,False,0.114,0.004,86.147,1278,56.88,,,,,0,False,False,0.0,False,6.64,5.6,20.0,
11.4,25031,220.411,-1036.923,-0.008,5.208,30.0,1278,-1,50.56,False,-1,True,True,0.75,0.0,0.0,False,False,0.098,-0.001,86.161,1278,56.88,,,,,0,False,False,0.0,False,6.38,5.64,20.0,
11.45,25032,220.429,-1036.661,-0.008,5.319,30.0,1278,-1,50.82,False,-1,True,True,0.75,0.0,-0.004,False,False,0.095,0.002,86.124,1278,56.88,,,,,0,False,False,0.0,False,6.12,5.6,20.0,
11.5,25033,220.448,-1036.381,-0.009,5.741,30.0,1278,-1,51.1,False,-1,True,True,0.75,0.0,0.001,False,False,0.211,-0.001,86.087,1278,56.88,,,,,0,False,False,0.0,False,5.84,5.66,20.0,
11.55,25034,220.473,-1036.08,-0.01,6.171,30.0,1278,-1,51.4,False,-1,True,True,0.0,0.3,-0.063,False,False,0.366,0.117,85.872,1278,60.8,,,,,0,False,False,0.0,False,9.49,5.87,20.0,
11.6,25035,220.498,-1035.768,-0.011,6.29,30.0,1278,-1,51.71,False,-1,True,True,0.0,0.3,0.001,False,False,0.441,0.107,85.679,1278,60.8,,,,,0,False,False,0.0,False,9.18,6.09,20.0,
11.65,25036,220.522,-1035.451,-0.011,6.398,30.0,1278,-1,52.03,False,-1,True,True,0.0,0.3,0.006,False,False,0.432,0.041,85.623,1278,60.8,,,,,0,False,False,0.0,False,8.86,6.15,20.0,
11.7,25037,220.546,-1035.136,-0.01,6.266,30.0,1278,-1,52.35,False,-1,True,True,0.0,0.3,-0.003,False,False,0.346,0.016,85.601,1278,60.8,,,,,0,False,False,0.0,False,8.55,6.2,20.0,
11.75,25038,220.57,-1034.826,-0.009,6.198,30.0,1278,-1,52.66,False,-1,True,True,0.0,0.3,-0.004,False,False,0.233,0.014,85.56,1278,60.8,,,,,0,False,False,0.0,False,8.24,6.13,20.0,
11.8,25039,220.594,-1034.526,-0.008,5.967,30.0,1278,-1,52.96,False,-1,True,True,0.0,0.3,-0.002,False,False,0.105,0.009,85.558,1278,60.8,,,,,0,False,False,0.0,False,7.93,6.1,20.0,
11.85,25040,220.617,-1034.233,-0.007,5.838,30.0,1278,-1,53.25,False,-1,True,True,0.0,0.3,-0.004,False,False,-0.004,0.01,85.508,1278,60.8,,,,,0,False,False,0.0,False,7.64,5.98,20.0,
11.9,25041,220.64,-1033.95,-0.006,5.576,30.0,1278,-1,53.54,False,-1,True,True,0.0,0.3,0.001,False,False,-0.102,0.004,85.517,1278,60.8,,,,,0,False,False,0.0,False,7.36,5.92,20.0,
11.95,25042,220.661,-1033.677,-0.006,5.454,30.0,1278,-1,53.81,False,-1,True,True,0.0,0.111,-0.004,False,False,-0.168,0.005,85.477,1278,60.8,,,,,0,False,False,0.0,False,7.08,5.79,20.0,
12.0,25043,220.682,-1033.412,-0.005,5.23,30.0,1278,-1,54.08,False,-1,True,True,0.326,0.0,0.001,False,False,-0.211,0.002,85.499,1278,60.8,,,,,0,False,False,0.0,False,6.82,5.73,20.0,
12.05,25044,220.703,-1033.154,-0.005,5.159,30.0,1278,-1,54.34,False,-1,True,True,0.75,0.0,-0.004,False,False,-0.223,0.006,85.468,1278,60.8,,,,,0,False,False,0.0,False,6.56,5.62,20.0,
12.1,25045,220.724,-1032.899,-0.005,5.088,30.0,1278,-1,54.59,False,-1,True,True,0.75,0.0,0.001,False,False,-0.196,0.003,85.506,1278,60.8,,,,,0,False,False,0.0,False,6.3,5.58,20.0,
12.15,25046,220.744,-1032.643,-0.006,5.156,30.0,1278,-1,54.85,False,-1,True,True,0.75,0.0,-0.005,False,False,-0.137,0.007,85.47,1278,60.8,,,,,0,False,False,0.0,False,6.05,5.54,20.0,
12.2,25047,220.763,-1032.398,-0.006,4.744,30.0,1278,-1,55.04,False,-1,True,True,0.75,0.0,0.001,False,False,-0.163,0.003,85.445,1278,60.8,,,,,0,False,False,0.0,False,5.8,5.58,20.0,
12.25,25048,220.781,-1032.173,-0.005,4.397,30.0,1278,-1,55.27,False,-1,True,True,0.75,0.0,0.001,False,False,-0.26,-0.001,85.415,1278,60.8,,,,,0,False,False,0.0,False,5.57,5.37,20.0,
12.3,25049,220.798,-1031.961,-0.004,4.19,30.0,1278,-1,55.48,False,-1,True,True,0.75,0.0,0.002,False,False,-0.325,-0.005,85.413,1278,60.8,,,,,0,False,False,0.0,False,5.36,5.2,20.0,
12.35,25050,220.814,-1031.755,-0.004,4.091,30.0,1278,-1,55.69,False,-1,True,True,0.75,0.0,0.0,False,False,-0.329,-0.003,85.415,1278,60.8,,,,,0,False,False,0.0,False,5.16,5.09,20.0,
12.4,25051,220.83,-1031.552,-0.005,4.07,30.0,1278,-1,55.89,False,-1,True,True,0.75,0.0,-0.0,False,False,-0.281,-0.001,85.416,1278,60.8,,,,,0,False,False,0.0,False,4.95,5.05,20.0,
12.45,25052,220.85,-1031.349,-0.006,4.092,30.0,1278,-1,56.1,False,-1,True,True,0.75,0.0,-0.078,False,False,-0.203,0.093,85.256,1278,64.72,,,,,0,False,False,0.0,False,8.67,5.03,20.0,
12.5,25053,220.87,-1031.142,-0.006,4.151,30.0,1278,-1,56.3,False,-1,True,True,0.75,0.0,-0.008,False,False,-0.114,0.099,85.093,1278,64.72,,,,,0,False,False,0.0,False,8.46,5.05,20.0,
12.55,25054,220.889,-1030.933,-0.007,4.23,30.0,1278,-1,56.51,False,-1,True,True,0.75,0.0,-0.002,False,False,-0.027,0.051,85.036,1278,64.72,,,,,0,False,False,0.0,False,8.25,5.08,20.0,
12.6,25055,220.909,-1030.719,-0.008,4.32,30.0,1278,-1,56.73,False,-1,True,True,0.75,0.0,-0.009,False,False,0.049,0.027,84.993,1278,64.72,,,,,0,False,False,0.0,False,8.04,5.11,20.0,
12.65,25056,220.929,-1030.5,-0.008,4.416,30.0,1278,-1,56.95,False,-1,True,True,0.75,0.0,-0.008,False,False,0.111,0.018,84.946,1278,64.72,,,,,0,False,False,0.0,False,7.82,5.16,20.0,
12.7,25057,220.95,-1030.277,-0.009,4.517,30.0,1278,-1,57.17,False,-1,True,True,0.75,0.0,-0.006,False,False,0.159,0.011,84.904,1278,64.72,,,,,0,False,False,0.0,False,7.6,5.21,20.0,
12.75,25058,220.971,-1030.049,-0.009,4.62,30.0,1278,-1,57.4,False,-1,True,True,0.75,0.0,-0.005,False,False,0.194,0.006,84.868,1278,64.72,,,,,0,False,False,0.0,False,7.37,5.26,20.0,
12.8,25059,220.993,-1029.815,-0.009,4.724,30.0,1278,-1,57.64,False,-1,True,True,0.75,0.0,-0.005,False,False,0.219,0.003,84.838,1278,64.72,,,,,0,False,False,0.0,False,7.13,5.31,20.0,
12.85,25060,221.015,-1029.577,-0.009,4.829,30.0,1278,-1,57.88,False,-1,True,True,0.75,0.0,-0.004,False,False,0.236,0.001,84.811,1278,64.72,,,,,0,False,False,0.0,False,6.89,5.36,20.0,
12.9,25061,221.037,-1029.333,-0.009,4.933,30.0,1278,-1,58.12,False,-1,True,True,0.75,0.0,-0.003,False,False,0.247,0.001,84.787,1278,64.72,,,,,0,False,False,0.0,False,6.65,5.41,20.0,
12.95,25062,221.061,-1029.085,-0.009,5.037,30.0,1278,-1,58.37,False,-1,True,True,0.75,0.0,-0.003,False,False,0.254,-0.0,84.767,1278,64.72,,,,,0,False,False,0.0,False,6.4,5.47,20.0,
13.0,25063,221.084,-1028.831,-0.009,5.139,30.0,1278,-1,58.62,False,-1,True,True,0.75,0.0,-0.002,False,False,0.258,-0.0,84.75,1278,64.72,,,,,0,False,False,0.0,False,6.14,5.52,20.0,
13.05,25064,221.108,-1028.572,-0.009,5.277,30.0,1278,-1,58.88,False,-1,True,True,0.75,0.0,-0.002,False,False,0.261,-0.0,84.735,1278,64.72,,,,,0,False,False,0.0,False,5.88,5.57,20.0,
13.1,25065,221.133,-1028.309,-0.009,5.277,30.0,1278,-1,59.15,False,-1,True,True,0.75,0.0,-0.002,False,False,0.253,-0.001,84.736,1278,64.72,,,,,0,False,False,0.0,False,5.62,5.64,20.0,
13.15,25066,221.159,-1028.045,-0.009,5.323,30.0,1278,-1,59.41,False,-1,True,True,0.75,0.0,-0.043,False,False,0.221,0.06,84.604,1278,68.64,,,,,0,False,False,0.0,False,9.28,5.64,20.0,
13.2,25067,221.186,-1027.783,-0.008,5.245,30.0,1278,-1,59.68,False,-1,True,True,0.75,0.0,-0.002,False,False,0.173,0.055,84.534,1278,68.64,,,,,0,False,False,0.0,False,9.01,5.66,20.0,
13.25,25068,221.212,-1027.52,-0.008,5.323,30.0,1278,-1,59.94,False,-1,True,True,0.75,0.0,-0.004,False,False,0.143,0.032,84.458,1278,68.64,,,,,0,False,False,0.0,False,8.75,5.62,20.0,
13.3,25069,221.238,-1027.257,-0.008,5.277,30.0,1278,-1,60.21,False,-1,True,True,0.75,0.0,-0.001,False,False,0.121,0.014,84.458,1278,68.64,,,,,0,False,False,0.0,False,8.48,5.66,20.0,
13.35,25070,221.264,-1026.992,-0.008,5.343,30.0,1278,-1,60.47,False,-1,True,True,0.75,0.0,-0.007,False,False,0.11,0.012,84.406,1278,68.64,,,,,0,False,False,0.0,False,8.22,5.64,20.0,
13.4,25071,221.291,-1026.729,-0.008,5.269,30.0,1278,-1,60.74,False,-1,True,True,0.75,0.0,-0.001,False,False,0.092,0.005,84.411,1278,68.64,,,,,0,False,False,0.0,False,7.95,5.67,20.0,
13.45,25072,221.318,-1026.456,-0.008,5.692,30.0,1278,-1,61.01,False,-1,True,True,0.75,0.0,-0.005,False,False,0.154,0.007,84.398,1278,68.64,,,,,0,False,False,0.0,False,7.68,5.63,20.0,
13.5,25073,221.348,-1026.162,-0.01,6.011,30.0,1278,-1,61.31,False,-1,True,True,0.0,0.3,-0.004,False,False,0.301,0.008,84.387,1278,68.64,,,,,0,False,False,0.0,False,7.38,5.85,20.0,
13.55,25074,221.379,-1025.852,-0.011,6.296,30.0,1278,-1,61.62,False,-1,True,True,0.0,0.3,-0.003,False,False,0.405,0.006,84.366,1278,68.64,,,,,0,False,False,0.0,False,7.07,6.01,20.0,
13.6,25075,221.41,-1025.539,-0.011,6.286,30.0,1278,-1,61.93,False,-1,True,True,0.0,0.3,-0.002,False,False,0.409,0.003,84.346,1278,68.64,,,,,0,False,False,0.0,False,6.76,6.15,20.0,
13.65,25076,221.442,-1025.226,-0.01,6.298,30.0,1278,-1,62.25,False,-1,True,True,0.0,0.3,-0.001,False,False,0.346,-0.001,84.333,1278,68.64,,,,,0,False,False,0.0,False,6.44,6.14,20.0,
13.7,25077,221.472,-1024.919,-0.009,6.11,30.0,1278,-1,62.56,False,-1,True,True,0.0,0.3,-0.001,False,False,0.234,-0.001,84.309,1278,68.64,,,,,0,False,False,0.0,False,6.13,6.15,20.0,
13.75,25078,221.503,-1024.619,-0.008,6.003,30.0,1278,-1,62.86,False,-1,True,True,0.0,0.3,0.0,False,False,0.117,-0.003,84.327,1278,68.64,,,,,0,False,False,0.0,False,5.83,6.06,20.0,
13.8,25079,221.533,-1024.329,-0.007,5.755,30.0,1278,-1,63.15,False,-1,True,True,0.0,0.3,-0.026,False,False,0.001,0.039,84.23,1278,72.57,,,,,0,False,False,0.0,False,9.46,6.0,20.0,
13.85,25080,221.563,-1024.048,-0.006,5.618,30.0,1278,-1,63.43,False,-1,True,True,0.0,0.3,0.0,False,False,-0.091,0.033,84.189,1278,72.57,,,,,0,False,False,0.0,False,9.18,5.88,20.0,
13.9,25081,221.59,-1023.777,-0.006,5.354,30.0,1278,-1,63.7,False,-1,True,True,0.0,0.258,-0.002,False,False,-0.168,0.018,84.129,1278,72.57,,,,,0,False,False,0.0,False,8.91,5.81,20.0,
13.95,25082,221.618,-1023.515,-0.005,5.248,30.0,1278,-1,63.97,False,-1,True,True,0.69,0.0,0.001,False,False,-0.212,0.005,84.137,1278,72.57,,,,,0,False,False,0.0,False,8.64,5.68,20.0,
14.0,25083,221.644,-1023.26,-0.005,5.046,30.0,1278,-1,64.22,False,-1,True,True,0.75,0.0,-0.004,False,False,-0.233,0.003,84.086,1278,72.57,,,,,0,False,False,0.0,False,8.39,5.62,20.0,
14.05,25084,221.67,-1023.008,-0.005,5.068,30.0,1278,-1,64.48,False,-1,True,True,0.75,0.0,0.002,False,False,-0.208,-0.002,84.079,1278,72.57,,,,,0,False,False,0.0,False,8.14,5.52,20.0,
14.1,25085,221.696,-1022.757,-0.006,5.05,30.0,1278,-1,64.73,False,-1,True,True,0.75,0.0,0.002,False,False,-0.158,-0.006,84.082,1278,72.57,,,,,0,False,False,0.0,False,7.88,5.53,20.0,
14.15,25086,221.721,-1022.508,-0.006,4.868,30.0,1278,-1,64.98,False,-1,True,True,0.75,0.0,-0.002,False,False,-0.122,-0.001,84.069,1278,72.57,,,,,0,False,False,0.0,False,7.63,5.53,20.0,
14.2,25087,221.745,-1022.279,-0.005,4.478,30.0,1278,-1,65.21,False,-1,True,True,0.75,0.0,-0.0,False,False,-0.203,0.001,84.039,1278,72.57,,,,,0,False,False,0.0,False,7.4,5.43,20.0,
14.25,25088,221.767,-1022.065,-0.005,4.233,30.0,1278,-1,65.42,False,-1,True,True,0.75,0.0,0.002,False,False,-0.283,-0.0,84.034,1278,72.57,,,,,0,False,False,0.0,False,7.19,5.24,20.0,
14.3,25089,221.789,-1021.859,-0.005,4.108,30.0,1278,-1,65.63,False,-1,True,True,0.75,0.0,0.0,False,False,-0.309,0.0,84.035,1278,72.57,,,,,0,False,False,0.0,False,6.98,5.12,20.0,
14.35,25090,221.81,-1021.656,-0.005,4.068,30.0,1278,-1,65.84,False,-1,True,True,0.75,0.0,-0.0,False,False,-0.28,0.002,84.034,1278,72.57,,,,,0,False,False,0.0,False,6.78,5.05,20.0,
14.4,25091,221.831,-1021.453,-0.005,4.085,30.0,1278,-1,66.04,False,-1,True,True,0.75,0.0,-0.0,False,False,-0.212,0.002,84.033,1278,72.57,,,,,0,False,False,0.0,False,6.57,5.03,20.0,
14.45,25092,221.853,-1021.247,-0.006,4.137,30.0,1278,-1,66.25,False,-1,True,True,0.75,0.0,-0.0,False,False,-0.127,0.002,84.032,1278,72.57,,,,,0,False,False,0.0,False,6.36,5.04,20.0,
14.5,25093,221.874,-1021.039,-0.007,4.21,30.0,1278,-1,66.46,False,-1,True,True,0.75,0.0,-0.0,False,False,-0.042,0.002,84.032,1278,72.57,,,,,0,False,False,0.0,False,6.16,5.07,20.0,
14.55,25094,221.897,-1020.826,-0.008,4.297,30.0,1278,-1,66.67,False,-1,True,True,0.75,0.0,-0.0,False,False,0.035,0.001,84.032,1278,72.57,,,,,0,False,False,0.0,False,5.94,5.11,20.0,
14.6,25095,221.919,-1020.609,-0.008,4.391,30.0,1278,-1,66.89,False,-1,True,True,0.75,0.0,-0.0,False,False,0.098,0.001,84.031,1278,72.57,,,,,0,False,False,0.0,False,5.72,5.15,20.0,
14.65,25096,221.943,-1020.387,-0.009,4.491,30.0,1278,-1,67.11,False,-1,True,True,0.75,0.0,-0.0,False,False,0.148,0.001,84.031,1278,72.57,,,,,0,False,False,0.0,False,5.5,5.2,20.0,
14.7,25097,221.966,-1020.161,-0.009,4.593,30.0,1278,-1,67.34,False,-1,True,True,0.75,0.0,-0.0,False,False,0.186,0.001,84.031,1278,72.57,,,,,0,False,False,0.0,False,5.27,5.25,20.0,
14.75,25098,221.991,-1019.929,-0.009,4.696,30.0,1278,-1,67.57,False,-1,True,True,0.75,0.0,-0.014,False,False,0.213,0.023,83.988,1278,76.49,,,,,0,False,False,0.0,False,8.96,5.3,20.0,
14.8,25099,222.017,-1019.692,-0.009,4.8,30.0,1278,-1,67.81,False,-1,True,True,0.75,0.0,0.0,False,False,0.231,0.02,83.957,1278,76.49,,,,,0,False,False,0.0,False,8.72,5.35,20.0,
14.85,25100,222.043,-1019.45,-0.009,4.905,30.0,1278,-1,68.05,False,-1,True,True,0.75,0.0,0.0,False,False,0.244,0.009,83.949,1278,76.49,,,,,0,False,False,0.0,False,8.48,5.4,20.0,
14.9,25101,222.069,-1019.203,-0.009,5.009,30.0,1278,-1,68.3,False,-1,True,True,0.75,0.0,-0.001,False,False,0.252,0.004,83.942,1278,76.49,,,,,0,False,False,0.0,False,8.23,5.45,20.0,
14.95,25102,222.096,-1018.951,-0.009,5.114,30.0,1278,-1,68.56,False,-1,True,True,0.75,0.0,-0.001,False,False,0.257,0.002,83.935,1278,76.49,,,,,0,False,False,0.0,False,7.98,5.5,20.0,
15.0,25103,222.123,-1018.694,-0.009,5.173,30.0,1278,-1,68.81,False,-1,True,True,0.75,0.0,-0.001,False,False,0.257,0.001,83.928,1278,76.49,,,,,0,False,False,0.0,False,7.72,5.56,20.0,
15.05,25104,222.151,-1018.431,-0.009,5.35,30.0,1278,-1,69.08,False,-1,True,True,0.75,0.0,-0.001,False,False,0.261,0.001,83.919,1278,76.49,,,,,0,False,False,0.0,False,7.46,5.59,20.0,
15.1,25105,222.18,-1018.167,-0.009,5.293,30.0,1278,-1,69.34,False,-1,True,True,0.75,0.0,-0.0,False,False,0.24,-0.001,83.933,1278,76.49,,,,,0,False,False,0.0,False,7.19,5.67,20.0,
15.15,25106,222.208,-1017.902,-0.009,5.348,30.0,1278,-1,69.61,False,-1,True,True,0.75,0.0,-0.002,False,False,0.201,0.003,83.903,1278,76.49,,,,,0,False,False,0.0,False,6.92,5.65,20.0,
15.2,25107,222.236,-1017.639,-0.008,5.279,30.0,1278,-1,69.88,False,-1,True,True,0.75,0.0,0.002,False,False,0.157,-0.001,83.935,1278,76.49,,,,,0,False,False,0.0,False,6.66,5.67,20.0,
15.25,25108,222.265,-1017.374,-0.008,5.366,30.0,1278,-1,70.14,False,-1,True,True,0.75,0.0,-0.003,False,False,0.135,0.003,83.909,1278,76.49,,,,,0,False,False,0.0,False,6.39,5.64,20.0,
15.3,25109,222.293,-1017.109,-0.008,5.301,30.0,1278,-1,70.41,False,-1,True,True,0.719,0.0,0.001,False,False,0.114,-0.0,83.936,1278,76.49,,,,,0,False,False,0.0,False,6.13,5.68,20.0,
15.35,25110,222.322,-1016.844,-0.008,5.368,30.0,1278,-1,70.68,False,-1,True,True,0.75,0.0,-0.003,False,False,0.102,0.002,83.903,1278,76.49,,,,,0,False,False,0.0,False,5.86,5.65,20.0,
15.4,25111,222.35,-1016.577,-0.008,5.447,30.0,1278,-1,70.94,False,-1,True,True,0.7,0.0,0.002,False,False,0.105,-0.002,83.904,1278,76.49,,,,,0,False,False,0.0,False,5.59,5.68,20.0,
15.45,25112,222.386,-1016.29,-0.009,5.949,30.0,1278,-1,71.23,False,-1,True,True,0.412,0.0,-0.098,False,False,0.239,0.159,83.621,1278,80.41,,,,,0,False,False,0.0,False,9.57,5.72,20.0,
15.5,25113,222.426,-1015.987,-0.01,6.162,30.0,1278,-1,71.54,False,-1,True,True,0.0,0.3,-0.035,False,False,0.362,0.222,83.233,1278,80.41,,,,,0,False,False,0.0,False,9.27,5.97,20.0,
15.55,25114,222.467,-1015.676,-0.011,6.323,30.0,1278,-1,71.85,False,-1,True,True,0.0,0.3,-0.014,False,False,0.406,0.166,82.976,1278,80.41,,,,,0,False,False,0.0,False,8.95,6.08,20.0,
15.6,25115,222.507,-1015.366,-0.01,6.224,30.0,1278,-1,72.16,False,-1,True,True,0.0,0.3,-0.015,False,False,0.355,0.115,82.793,1278,80.41,,,,,0,False,False,0.0,False,8.64,6.16,20.0,
15.65,25116,222.548,-1015.06,-0.009,6.164,30.0,1278,-1,72.47,False,-1,True,True,0.0,0.3,-0.015,False,False,0.258,0.086,82.669,1278,80.41,,,,,0,False,False,0.0,False,8.33,6.11,20.0,
15.7,25117,222.588,-1014.762,-0.008,5.944,30.0,1278,-1,72.77,False,-1,True,True,0.0,0.3,-0.015,False,False,0.134,0.071,82.519,1278,80.41,,,,,0,False,False,0.0,False,8.03,6.08,20.0,
15.75,25118,222.628,-1014.472,-0.007,5.825,30.0,1278,-1,73.07,False,-1,True,True,0.0,0.3,-0.008,False,False,0.025,0.051,82.443,1278,80.41,,,,,0,False,False,0.0,False,7.74,5.97,20.0,
15.8,25119,222.666,-1014.192,-0.006,5.569,30.0,1278,-1,73.35,False,-1,True,True,0.0,0.3,-0.011,False,False,-0.075,0.04,82.333,1278,80.41,,,,,0,False,False,0.0,False,7.46,5.91,20.0,
15.85,25120,222.704,-1013.92,-0.006,5.455,30.0,1278,-1,73.62,False,-1,True,True,0.0,0.08,-0.005,False,False,-0.144,0.027,82.291,1278,80.41,,,,,0,False,False,0.0,False,7.18,5.78,20.0,
15.9,25121,222.74,-1013.657,-0.005,5.236,30.0,1278,-1,73.89,False,-1,True,True,0.329,0.0,-0.008,False,False,-0.191,0.021,82.2,1278,80.41,,,,,0,False,False,0.0,False,6.92,5.73,20.0,
15.95,25122,222.776,-1013.4,-0.005,5.169,30.0,1278,-1,74.15,False,-1,True,True,0.75,0.0,-0.002,False,False,-0.206,0.011,82.176,1278,80.41,,,,,0,False,False,0.0,False,6.66,5.62,20.0,
16.0,25123,222.811,-1013.149,-0.005,5.01,30.0,1278,-1,74.4,False,-1,True,True,0.75,0.0,-0.006,False,False,-0.206,0.01,82.1,1278,80.41,,,,,0,False,False,0.0,False,6.4,5.58,20.0,
16.05,25124,222.846,-1012.898,-0.006,5.082,30.0,1278,-1,74.65,False,-1,True,True,0.75,0.0,0.0,False,False,-0.16,0.003,82.092,1278,80.41,,,,,0,False,False,0.0,False,6.15,5.5,20.0,
16.1,25125,222.881,-1012.648,-0.006,5.006,30.0,1278,-1,74.91,False,-1,True,True,0.75,0.0,-0.004,False,False,-0.11,0.005,82.037,1278,80.41,,,,,0,False,False,0.0,False,5.9,5.54,20.0,
16.15,25126,222.914,-1012.411,-0.006,4.631,30.0,1278,-1,75.15,False,-1,True,True,0.75,0.0,0.0,False,False,-0.154,0.002,82.043,1278,80.41,,,,,0,False,False,0.0,False,5.66,5.5,20.0,
16.2,25127,222.945,-1012.191,-0.005,4.356,30.0,1278,-1,75.37,False,-1,True,True,0.75,0.0,-0.004,False,False,-0.239,0.004,82.036,1278,80.41,,,,,0,False,False,0.0,False,5.44,5.32,20.0,
16.25,25128,222.975,-1011.981,-0.005,4.206,30.0,1278,-1,75.58,False,-1,True,True,0.75,0.0,-0.003,False,False,-0.283,0.005,82.024,1278,80.41,,,,,0,False,False,0.0,False,5.22,5.18,20.0,
16.3,25129,223.004,-1011.775,-0.005,4.148,30.0,1278,-1,75.79,False,-1,True,True,0.75,0.0,-0.002,False,False,-0.271,0.004,82.013,1278,80.41,,,,,0,False,False,0.0,False,5.02,5.1,20.0,
16.35,25130,223.037,-1011.57,-0.005,4.144,30.0,1278,-1,76.0,False,-1,True,True,0.75,0.0,-0.102,False,False,-0.218,0.107,81.828,1278,84.33,,,,,0,False,False,0.0,False,8.78,5.07,20.0,
16.4,25131,223.078,-1011.366,-0.006,4.162,30.0,1278,-1,76.2,False,-1,True,True,0.75,0.0,-0.202,False,False,-0.151,0.339,81.233,1278,84.33,,,,,0,False,False,0.0,False,8.57,5.07,20.0,
16.45,25132,223.126,-1011.161,-0.007,4.228,30.0,1278,-1,76.41,False,-1,True,True,0.75,0.0,-0.162,False,False,-0.076,0.488,80.418,1278,84.33,,,,,0,False,False,0.0,False,8.36,5.08,20.0,
16.5,25133,223.176,-1010.953,-0.007,4.316,30.0,1278,-1,76.62,False,-1,True,True,0.75,0.0,-0.118,False,False,0.001,0.469,79.686,1278,84.33,,,,,0,False,False,0.0,False,8.15,5.11,20.0,
16.55,25134,223.227,-1010.74,-0.008,4.412,30.0,1278,-1,76.84,False,-1,True,True,0.75,0.0,-0.1,False,False,0.071,0.388,79.064,1278,84.33,,,,,0,False,False,0.0,False,7.93,5.16,20.0,
16.6,25135,223.281,-1010.523,-0.008,4.513,30.0,1278,-1,77.06,False,-1,True,True,0.75,0.0,-0.088,False,False,0.127,0.302,78.518,1278,84.33,,,,,0,False,False,0.0,False,7.7,5.21,20.0,
16.65,25136,223.337,-1010.301,-0.009,4.617,30.0,1278,-1,77.29,False,-1,True,True,0.75,0.0,-0.075,False,False,0.171,0.227,78.036,1278,84.33,,,,,0,False,False,0.0,False,7.48,5.26,20.0,
16.7,25137,223.394,-1010.074,-0.009,4.721,30.0,1278,-1,77.52,False,-1,True,True,0.75,0.0,-0.063,False,False,0.202,0.164,77.613,1278,84.33,,,,,0,False,False,0.0,False,7.24,5.31,20.0,
16.75,25138,223.453,-1009.842,-0.009,4.827,30.0,1278,-1,77.76,False,-1,True,True,0.75,0.0,-0.054,False,False,0.225,0.115,77.244,1278,84.33,,,,,0,False,False,0.0,False,7.0,5.36,20.0,
16.8,25139,223.513,-1009.605,-0.009,4.932,30.0,1278,-1,78.0,False,-1,True,True,0.75,0.0,-0.046,False,False,0.24,0.079,76.924,1278,84.33,,,,,0,False,False,0.0,False,6.76,5.41,20.0,
16.85,25140,223.576,-1009.363,-0.009,5.037,30.0,1278,-1,78.25,False,-1,True,True,0.75,0.0,-0.038,False,False,0.25,0.053,76.647,1278,84.33,,,,,0,False,False,0.0,False,6.51,5.47,20.0,
16.9,25141,223.639,-1009.117,-0.009,5.139,30.0,1278,-1,78.5,False,-1,True,True,0.75,0.0,-0.032,False,False,0.256,0.032,76.411,1278,84.33,,,,,0,False,False,0.0,False,6.25,5.52,20.0,
16.95,25142,223.705,-1008.865,-0.009,5.264,30.0,1278,-1,78.76,False,-1,True,True,0.75,0.0,-0.027,False,False,0.26,0.02,76.2,1278,84.33,,,,,0,False,False,0.0,False,5.99,5.57,20.0,
17.0,25143,223.77,-1008.613,-0.009,5.172,30.0,1278,-1,79.0,False,-1,True,True,0.75,0.0,-0.022,False,False,0.225,0.01,76.046,1278,84.33,,,,,0,False,False,0.0,False,5.73,5.63,20.0,
17.05,25144,223.835,-1008.361,-0.009,5.229,30.0,1278,-1,79.16,False,-1,True,True,0.75,0.0,-0.021,False,False,0.184,0.007,75.868,1278,84.33,,,,,0,False,False,0.0,False,5.47,5.59,20.0,
17.1,25145,223.905,-1008.112,-0.008,5.152,30.0,1278,-1,79.42,False,-1,True,True,0.75,0.0,-0.121,False,False,0.14,0.116,75.595,1278,88.26,,,,,0,False,False,0.0,False,9.11,5.61,20.0,
17.15,25146,223.98,-1007.863,-0.008,5.237,30.0,1278,-1,79.68,False,-1,True,True,0.75,0.0,-0.118,False,False,0.118,0.271,75.013,1278,88.26,,,,,0,False,False,0.0,False,8.85,5.58,20.0,
17.2,25147,224.057,-1007.615,-0.008,5.191,30.0,1278,-1,79.94,False,-1,True,True,0.75,0.0,-0.076,False,False,0.104,0.295,74.474,1278,88.26,,,,,0,False,False,0.0,False,8.59,5.62,20.0,
17.25,25148,224.134,-1007.365,-0.008,5.256,30.0,1278,-1,80.07,False,-1,True,True,0.75,0.0,-0.061,False,False,0.097,0.253,73.957,1278,88.26,,,,,0,False,False,0.0,False,8.33,5.6,20.0,
17.3,25149,224.212,-1007.117,-0.008,5.184,30.0,1278,-1,80.33,False,-1,True,True,0.75,0.0,-0.046,False,False,0.083,0.194,73.584,1278,88.26,,,,,0,False,False,0.0,False,8.07,5.63,20.0,
17.35,25150,224.296,-1006.855,-0.009,5.708,30.0,1278,-1,80.6,False,-1,True,True,0.75,0.0,-0.044,False,False,0.181,0.164,73.183,1278,88.26,,,,,0,False,False,0.0,False,7.8,5.59,20.0,
17.4,25151,224.386,-1006.573,-0.01,6.018,30.0,1278,-1,80.9,False,-1,True,True,0.0,0.3,-0.029,False,False,0.334,0.132,72.856,1278,88.26,,,,,0,False,False,0.0,False,7.5,5.85,20.0,
17.45,25152,224.482,-1006.277,-0.011,6.296,30.0,1278,-1,81.15,False,-1,True,True,0.0,0.3,-0.024,False,False,0.431,0.099,72.596,1278,88.26,,,,,0,False,False,0.0,False,7.19,6.01,20.0,
17.5,25153,224.579,-1005.978,-0.011,6.28,30.0,1278,-1,81.47,False,-1,True,True,0.0,0.3,-0.02,False,False,0.426,0.074,72.385,1278,88.26,,,,,0,False,False,0.0,False,6.88,6.15,20.0,
17.55,25154,224.677,-1005.679,-0.01,6.28,30.0,1278,-1,81.78,False,-1,True,True,0.0,0.3,-0.017,False,False,0.354,0.055,72.227,1278,88.26,,,,,0,False,False,0.0,False,6.56,6.14,20.0,
17.6,25155,224.773,-1005.388,-0.009,6.081,30.0,1278,-1,82.02,False,-1,True,True,0.0,0.3,-0.015,False,False,0.233,0.044,72.06,1278,88.26,,,,,0,False,False,0.0,False,6.26,6.14,20.0,
17.65,25156,224.867,-1005.103,-0.008,5.976,30.0,1278,-1,82.32,False,-1,True,True,0.0,0.3,-0.009,False,False,0.112,0.03,71.972,1278,88.26,,,,,0,False,False,0.0,False,5.96,6.04,20.0,
17.7,25157,224.961,-1004.828,-0.007,5.72,30.0,1278,-1,82.61,False,-1,True,True,0.0,0.3,-0.109,False,False,-0.006,0.13,71.695,1278,92.18,,,,,0,False,False,0.0,False,9.6,5.99,20.0,
17.75,25158,225.056,-1004.564,-0.006,5.585,30.0,1278,-1,82.89,False,-1,True,True,0.0,0.3,-0.054,False,False,-0.098,0.196,71.338,1278,92.18,,,,,0,False,False,0.0,False,9.32,5.86,20.0,
17.8,25159,225.147,-1004.309,-0.006,5.337,30.0,1278,-1,83.16,False,-1,True,True,0.0,0.137,-0.036,False,False,-0.17,0.176,70.98,1278,92.18,,,,,0,False,False,0.0,False,9.05,5.79,20.0,
17.85,25160,225.236,-1004.061,-0.005,5.245,30.0,1278,-1,83.42,False,-1,True,True,0.75,0.0,-0.025,False,False,-0.207,0.129,70.747,1278,92.18,,,,,0,False,False,0.0,False,8.78,5.67,20.0,
17.9,25161,225.323,-1003.82,-0.005,5.043,30.0,1278,-1,83.68,False,-1,True,True,0.75,0.0,-0.026,False,False,-0.225,0.096,70.503,1278,92.18,,,,,0,False,False,0.0,False,8.53,5.62,20.0,
17.95,25162,225.409,-1003.582,-0.005,5.087,30.0,1278,-1,83.93,False,-1,True,True,0.75,0.0,-0.017,False,False,-0.198,0.069,70.349,1278,92.18,,,,,0,False,False,0.0,False,8.27,5.52,20.0,
18.0,25163,225.496,-1003.345,-0.006,5.011,30.0,1278,-1,84.18,False,-1,True,True,0.75,0.0,-0.018,False,False,-0.149,0.055,70.174,1278,92.18,,,,,0,False,False,0.0,False,8.02,5.54,20.0,
18.05,25164,225.581,-1003.113,-0.006,4.766,30.0,1278,-1,84.43,False,-1,True,True,0.75,0.0,-0.011,False,False,-0.14,0.038,70.08,1278,92.18,,,,,0,False,False,0.0,False,7.77,5.51,20.0,
18.1,25165,225.66,-1002.901,-0.005,4.404,30.0,1278,-1,84.65,False,-1,True,True,0.75,0.0,-0.014,False,False,-0.232,0.028,70.015,1278,92.18,,,,,0,False,False,0.0,False,7.55,5.38,20.0,
18.15,25166,225.734,-1002.702,-0.005,4.183,30.0,1278,-1,84.86,False,-1,True,True,0.75,0.0,-0.013,False,False,-0.303,0.023,69.947,1278,92.18,,,,,0,False,False,0.0,False,7.34,5.2,20.0,
18.2,25167,225.805,-1002.51,-0.005,4.076,30.0,1278,-1,85.07,False,-1,True,True,0.75,0.0,-0.011,False,False,-0.317,0.018,69.886,1278,92.18,,,,,0,False,False,0.0,False,7.13,5.09,20.0,
18.25,25168,225.876,-1002.319,-0.005,4.049,30.0,1278,-1,85.27,False,-1,True,True,0.75,0.0,-0.009,False,False,-0.277,0.012,69.833,1278,92.18,,,,,0,False,False,0.0,False,6.93,5.04,20.0,
18.3,25169,225.947,-1002.129,-0.006,4.074,30.0,1278,-1,85.48,False,-1,True,True,0.75,0.0,-0.008,False,False,-0.202,0.008,69.788,1278,92.18,,,,,0,False,False,0.0,False,6.72,5.02,20.0,
18.35,25170,226.019,-1001.936,-0.006,4.131,30.0,1278,-1,85.68,False,-1,True,True,0.75,0.0,-0.007,False,False,-0.115,0.005,69.748,1278,92.18,,,,,0,False,False,0.0,False,6.52,5.04,20.0,
18.4,25171,226.093,-1001.739,-0.007,4.207,30.0,1278,-1,85.89,False,-1,True,True,0.75,0.0,-0.006,False,False,-0.029,0.003,69.712,1278,92.18,,,,,0,False,False,0.0,False,6.31,5.07,20.0,
18.45,25172,226.167,-1001.539,-0.008,4.296,30.0,1278,-1,86.11,False,-1,True,True,0.75,0.0,-0.005,False,False,0.046,0.001,69.682,1278,92.18,,,,,0,False,False,0.0,False,6.1,5.1,20.0,
18.5,25173,226.244,-1001.335,-0.008,4.392,30.0,1278,-1,86.32,False,-1,True,True,0.75,0.0,-0.004,False,False,0.108,0.001,69.655,1278,92.18,,,,,0,False,False,0.0,False,5.88,5.15,20.0,
18.55,25174,226.322,-1001.126,-0.009,4.492,30.0,1278,-1,86.55,False,-1,True,True,0.75,0.0,-0.004,False,False,0.156,0.0,69.631,1278,92.18,,,,,0,False,False,0.0,False,5.65,5.2,20.0,
18.6,25175,226.402,-1000.912,-0.009,4.595,30.0,1278,-1,86.77,False,-1,True,True,0.75,0.0,-0.003,False,False,0.191,-0.0,69.611,1278,92.18,,,,,0,False,False,0.0,False,5.43,5.25,20.0,
18.65,25176,226.483,-1000.694,-0.009,4.699,30.0,1278,-1,87.01,False,-1,True,True,0.75,0.0,-0.003,False,False,0.217,-0.0,69.593,1278,92.18,,,,,0,False,False,0.0,False,5.19,5.3,20.0,
18.7,25177,226.57,-1000.473,-0.009,4.792,30.0,1278,-1,87.24,False,-1,True,True,0.75,0.0,-0.103,False,False,0.232,0.11,69.391,1278,96.1,,,,,0,False,False,0.0,False,9.3,5.35,20.0,
18.75,25178,226.667,-1000.251,-0.009,4.877,30.0,1278,-1,87.49,False,-1,True,True,0.75,0.0,-0.154,False,False,0.235,0.334,68.787,1278,96.1,,,,,0,False,False,0.0,False,9.06,5.4,20.0,
18.8,25179,226.768,-1000.026,-0.009,4.985,30.0,1278,-1,87.73,False,-1,True,True,0.75,0.0,-0.104,False,False,0.239,0.419,68.097,1278,96.1,,,,,0,False,False,0.0,False,8.81,5.44,20.0,
18.85,25180,226.872,-999.796,-0.009,5.093,30.0,1278,-1,87.98,False,-1,True,True,0.75,0.0,-0.074,False,False,0.247,0.373,67.523,1278,96.1,,,,,0,False,False,0.0,False,8.56,5.49,20.0,
18.9,25181,226.979,-999.562,-0.009,5.184,30.0,1278,-1,88.24,False,-1,True,True,0.75,0.0,-0.064,False,False,0.251,0.295,67.046,1278,96.1,,,,,0,False,False,0.0,False,8.3,5.55,20.0,
18.95,25182,227.089,-999.323,-0.009,5.305,30.0,1278,-1,88.5,False,-1,True,True,0.75,0.0,-0.055,False,False,0.253,0.224,66.646,1278,96.1,,,,,0,False,False,0.0,False,8.04,5.59,20.0,
19.0,25183,227.199,-999.086,-0.009,5.208,30.0,1278,-1,88.77,False,-1,True,True,0.75,0.0,-0.048,False,False,0.214,0.166,66.246,1278,96.1,,,,,0,False,False,0.0,False,7.77,5.65,20.0,
19.05,25184,227.31,-998.848,-0.008,5.273,30.0,1278,-1,89.03,False,-1,True,True,0.75,0.0,-0.035,False,False,0.175,0.112,65.957,1278,96.1,,,,,0,False,False,0.0,False,7.51,5.6,20.0,
19.1,25185,227.42,-998.611,-0.008,5.21,30.0,1278,-1,89.29,False,-1,True,True,0.75,0.0,-0.033,False,False,0.138,0.079,65.658,1278,96.1,,,,,0,False,False,0.0,False,7.25,5.64,20.0,
19.15,25186,227.532,-998.373,-0.008,5.306,30.0,1278,-1,89.55,False,-1,True,True,0.75,0.0,-0.023,False,False,0.124,0.051,65.459,1278,96.1,,,,,0,False,False,0.0,False,6.99,5.61,20.0,
19.2,25187,227.644,-998.135,-0.008,5.237,30.0,1278,-1,89.82,False,-1,True,True,0.75,0.0,-0.023,False,False,0.108,0.038,65.24,1278,96.1,,,,,0,False,False,0.0,False,6.73,5.65,20.0,
19.25,25188,227.756,-997.896,-0.008,5.306,30.0,1278,-1,90.08,False,-1,True,True,0.75,0.0,-0.015,False,False,0.099,0.024,65.117,1278,96.1,,,,,0,False,False,0.0,False,6.46,5.62,20.0,
19.3,25189,227.871,-997.654,-0.008,5.489,30.0,1278,-1,90.35,False,-1,True,True,0.75,0.0,-0.017,False,False,0.125,0.023,64.951,1278,96.1,,,,,0,False,False,0.0,False,6.19,5.65,20.0,
19.35,25190,227.996,-997.391,-0.01,5.997,30.0,1278,-1,90.64,False,-1,True,True,0.266,0.0,-0.009,False,False,0.279,0.019,64.819,1278,96.1,,,,,0,False,False,0.0,False,5.9,5.74,20.0,
19.4,25191,228.132,-997.116,-0.011,6.174,30.0,1278,-1,90.94,False,-1,True,True,0.0,0.3,-0.109,False,False,0.394,0.153,64.511,1278,100.02,,,,,0,False,False,0.0,False,9.66,6.0,20.0,
19.45,25192,228.28,-996.841,-0.011,6.276,30.0,1278,-1,91.26,False,-1,True,True,0.0,0.3,-0.209,False,False,0.409,0.462,63.69,1278,100.02,,,,,0,False,False,0.0,False,9.35,6.09,20.0,
19.5,25193,228.439,-996.577,-0.01,6.12,30.0,1278,-1,91.56,False,-1,True,True,0.0,0.3,-0.277,False,False,0.322,0.816,62.295,1278,100.02,,,,,0,False,False,0.0,False,9.04,6.14,20.0,
19.55,25194,228.6,-996.322,-0.009,6.058,30.0,1278,-1,91.86,False,-1,True,True,0.0,0.3,-0.19,False,False,0.21,0.914,60.739,1278,100.02,,,,,0,False,False,0.0,False,8.74,6.06,20.0,
19.6,25195,228.759,-996.074,-0.008,5.845,30.0,1278,-1,92.15,False,-1,True,True,0.0,0.3,-0.127,False,False,0.089,0.774,59.476,1278,100.02,,,,,0,False,False,0.0,False,8.45,6.03,20.0,
19.65,25196,228.916,-995.834,-0.007,5.724,30.0,1278,-1,92.43,False,-1,True,True,0.0,0.3,-0.108,False,False,-0.013,0.6,58.419,1278,100.02,,,,,0,False,False,0.0,False,8.16,5.92,20.0,
19.7,25197,229.071,-995.603,-0.006,5.474,30.0,1278,-1,92.7,False,-1,True,True,0.0,0.3,-0.089,False,False,-0.105,0.451,57.608,1278,100.02,,,,,0,False,False,0.0,False,7.89,5.86,20.0,
19.75,25198,229.223,-995.381,-0.006,5.369,30.0,1278,-1,92.97,False,-1,True,True,0.267,0.0,-0.08,False,False,-0.165,0.343,56.891,1278,100.02,,,,,0,False,False,0.026,False,7.62,5.74,20.0,
19.8,25199,229.373,-995.166,-0.005,5.176,30.0,1278,-1,93.2,False,-1,True,True,0.646,0.0,-0.064,False,False,-0.198,0.258,56.354,1278,100.02,,,,,0,False,False,0.044,False,7.35,5.68,20.0,
19.85,25200,229.521,-994.955,-0.005,5.14,30.0,1278,-1,93.45,False,-1,True,True,0.75,0.0,-0.059,False,False,-0.198,0.198,55.859,1278,100.02,,,,,0,False,False,0.058,False,7.1,5.59,20.0,
19.9,25201,229.668,-994.749,-0.005,5.028,30.0,1278,-1,93.7,False,-1,True,True,0.75,0.0,-0.045,False,False,-0.18,0.149,55.501,1278,100.02,,,,,0,False,False,0.064,False,6.84,5.57,20.0,
19.95,25202,229.816,-994.543,-0.006,5.095,30.0,1278,-1,93.95,False,-1,True,True,0.75,0.0,-0.043,False,False,-0.128,0.118,55.147,1278,100.02,,,,,0,False,False,0.068,False,6.59,5.51,20.0,
20.0,25203,229.963,-994.339,-0.006,4.939,30.0,1278,-1,94.18,False,-1,True,True,0.75,0.0,-0.031,False,False,-0.091,0.086,54.888,1278,100.02,,,,,0,False,False,0.066,False,6.34,5.55,20.0,
20.05,25204,230.103,-994.146,-0.006,4.628,30.0,1278,-1,94.42,False,-1,True,True,0.75,0.0,-0.029,False,False,-0.148,0.059,54.701,1278,100.02,,,,,0,False,False,0.058,False,6.1,5.47,20.0,
20.1,25205,230.235,-993.966,-0.005,4.411,30.0,1278,-1,94.64,False,-1,True,True,0.75,0.0,-0.028,False,False,-0.217,0.042,54.541,1278,100.02,,,,,0,False,False,0.045,False,5.88,5.31,20.0,
20.15,25206,230.363,-993.791,-0.005,4.303,30.0,1278,-1,94.86,False,-1,True,True,0.75,0.0,-0.024,False,False,-0.243,0.031,54.4,1278,100.02,,,,,0,False,False,0.025,False,5.66,5.21,20.0,
20.2,25207,230.489,-993.618,-0.005,4.274,30.0,1278,-1,95.0,False,-1,True,True,0.75,0.0,-0.02,False,False,-0.22,0.022,54.277,1278,100.02,,,,,1,False,False,0.0,False,5.45,5.15,20.0,
20.25,25208,230.617,-993.445,-0.006,4.296,30.0,1278,-1,95.17,False,-1,True,True,0.75,0.0,-0.017,False,False,-0.162,0.014,54.171,1278,100.02,,,,,0,False,False,0.0,False,5.23,5.14,20.0,
20.3,25209,230.745,-993.271,-0.007,4.35,30.0,1278,-1,95.39,False,-1,True,True,0.75,0.0,-0.015,False,False,-0.089,0.009,54.078,1278,100.02,,,,,0,False,False,0.0,False,5.01,5.15,20.0,
20.35,25210,230.879,-993.096,-0.007,4.412,30.0,1278,-1,95.61,False,-1,True,True,0.75,0.0,-0.115,False,False,-0.017,0.115,53.812,1278,103.95,,,,,0,False,False,0.013,False,8.64,5.18,20.0,
20.4,25211,231.022,-992.925,-0.008,4.468,30.0,1278,-1,95.83,False,-1,True,True,0.75,0.0,-0.215,False,False,0.039,0.359,53.121,1278,103.95,,,,,0,False,False,0.034,False,8.42,5.21,20.0,
20.45,25212,231.171,-992.756,-0.008,4.558,30.0,1278,-1,96.0,False,-1,True,True,0.75,0.0,-0.177,False,False,0.087,0.526,52.186,1278,103.95,,,,,0,False,False,0.053,False,8.2,5.23,20.0,
20.5,25213,231.326,-992.584,-0.008,4.662,30.0,1278,-1,96.27,False,-1,True,True,0.75,0.0,-0.127,False,False,0.133,0.514,51.338,1278,103.95,,,,,0,False,False,0.071,False,7.96,5.28,20.0,
20.55,25214,231.484,-992.409,-0.009,4.768,30.0,1278,-1,96.5,False,-1,True,True,0.75,0.0,-0.105,False,False,0.172,0.428,50.624,1278,103.95,,,,,0,False,False,0.089,False,7.73,5.33,20.0,
20.6,25215,231.647,-992.231,-0.009,4.874,30.0,1278,-1,96.75,False,-1,True,True,0.75,0.0,-0.091,False,False,0.202,0.335,50.004,1278,103.95,,,,,0,False,False,0.104,False,7.49,5.38,20.0,
20.65,25216,231.814,-992.049,-0.009,4.98,30.0,1278,-1,96.99,False,-1,True,True,0.75,0.0,-0.078,False,False,0.223,0.254,49.462,1278,103.95,,,,,0,False,False,0.116,False,7.24,5.44,20.0,
20.7,25217,231.985,-991.864,-0.009,5.086,30.0,1278,-1,97.13,False,-1,True,True,0.75,0.0,-0.065,False,False,0.239,0.181,48.991,1278,103.95,,,,,0,False,False,0.129,False,6.99,5.49,20.0,
20.75,25218,232.16,-991.676,-0.009,5.169,30.0,1278,-1,97.38,False,-1,True,True,0.75,0.0,-0.055,False,False,0.248,0.126,48.586,1278,103.95,,,,,0,False,False,0.141,False,6.73,5.54,20.0,
20.8,25219,232.339,-991.484,-0.009,5.301,30.0,1278,-1,97.64,False,-1,True,True,0.75,0.0,-0.046,False,False,0.252,0.087,48.22,1278,103.95,,,,,0,False,False,0.151,False,6.47,5.58,20.0,
20.85,25220,232.518,-991.293,-0.009,5.206,30.0,1278,-1,97.91,False,-1,True,True,0.75,0.0,-0.037,False,False,0.216,0.054,47.945,1278,103.95,,,,,0,False,False,0.162,False,6.21,5.65,20.0,
20.9,25221,232.696,-991.102,-0.009,5.266,30.0,1278,-1,98.11,False,-1,True,True,0.75,0.0,-0.034,False,False,0.177,0.037,47.657,1278,103.95,,,,,0,False,False,0.164,False,5.95,5.6,20.0,
20.95,25222,232.875,-990.912,-0.008,5.204,30.0,1278,-1,98.36,False,-1,True,True,0.75,0.0,-0.024,False,False,0.139,0.02,47.47,1278,103.95,,,,,0,False,False,0.16,False,5.68,5.63,20.0,
21.0,25223,233.055,-990.72,-0.008,5.297,30.0,1278,-1,98.62,False,-1,True,True,0.75,0.0,-0.025,False,False,0.124,0.016,47.26,1278,103.95,,,,,0,False,False,0.145,False,5.42,5.6,20.0,
21.05,25224,233.238,-990.532,-0.008,5.222,30.0,1278,-1,98.88,False,-1,True,True,0.75,0.0,-0.125,False,False,0.106,0.126,46.952,1278,107.87,,,,,0,False,False,0.129,False,9.06,5.65,20.0,
21.1,25225,233.425,-990.348,-0.008,5.282,30.0,1278,-1,99.15,False,-1,True,True,0.75,0.0,-0.119,False,False,0.092,0.274,46.34,1278,107.87,,,,,0,False,False,0.103,False,8.8,5.61,20.0,
21.15,25226,233.614,-990.164,-0.008,5.364,30.0,1278,-1,99.41,False,-1,True,True,0.75,0.0,-0.076,False,False,0.095,0.3,45.749,1278,107.87,,,,,0,False,False,0.077,False,8.53,5.64,20.0,
21.2,25227,233.82,-989.965,-0.009,5.906,30.0,1278,-1,99.69,False,-1,True,True,0.72,0.0,-0.058,False,False,0.24,0.28,45.186,1278,107.87,,,,,0,False,False,0.048,False,8.25,5.68,20.0,
21.25,25228,234.04,-989.754,-0.01,6.178,30.0,1278,-1,100.0,False,-1,True,True,0.0,0.3,-0.042,False,False,0.384,0.232,44.719,1278,107.87,,,,,1,False,False,0.0,False,7.94,5.95,20.0,
21.3,25229,234.27,-989.535,-0.011,6.416,30.0,1278,-1,100.31,False,-1,True,True,0.0,0.3,-0.034,False,False,0.456,0.18,44.345,1278,107.87,,,,,0,False,False,0.0,False,7.63,6.09,20.0,
21.35,25230,234.502,-989.315,-0.011,6.372,30.0,1278,-1,100.63,False,-1,True,True,0.0,0.3,-0.029,False,False,0.427,0.136,44.039,1278,107.87,,,,,0,False,False,0.0,False,7.31,6.21,20.0,
21.4,25231,234.733,-989.097,-0.01,6.347,30.0,1278,-1,100.95,False,-1,True,True,0.0,0.3,-0.024,False,False,0.338,0.102,43.808,1278,107.87,,,,,0,False,False,0.0,False,6.99,6.19,20.0,
21.45,25232,234.959,-988.884,-0.009,6.143,30.0,1278,-1,101.26,False,-1,True,True,0.0,0.3,-0.021,False,False,0.21,0.08,43.58,1278,107.87,,,,,0,False,False,0.0,False,6.68,6.17,20.0,
21.5,25233,235.18,-988.677,-0.008,6.032,30.0,1278,-1,101.56,False,-1,True,True,0.0,0.3,-0.015,False,False,0.088,0.057,43.439,1278,107.87,,,,,0,False,False,0.0,False,6.38,6.07,20.0,
21.55,25234,235.394,-988.477,-0.007,5.782,30.0,1278,-1,101.85,False,-1,True,True,0.0,0.3,-0.016,False,False,-0.025,0.046,43.277,1278,107.87,,,,,0,False,False,0.0,False,6.08,6.02,20.0,
21.6,25235,235.602,-988.284,-0.006,5.643,30.0,1278,-1,102.13,False,-1,True,True,0.0,0.3,-0.009,False,False,-0.111,0.032,43.194,1278,107.87,,,,,0,False,False,0.0,False,5.8,5.89,20.0,
21.65,25236,235.804,-988.1,-0.005,5.362,30.0,1278,-1,102.41,False,-1,True,True,0.0,0.3,-0.109,False,False,-0.187,0.126,42.926,1278,111.79,,,,,0,False,False,0.0,False,9.44,5.82,20.0,
21.7,25237,236.001,-987.925,-0.005,5.25,30.0,1278,-1,102.67,False,-1,True,True,0.655,0.0,-0.05,False,False,-0.232,0.182,42.596,1278,111.79,,,,,0,False,False,0.0,False,9.18,5.68,20.0,
21.75,25238,236.193,-987.755,-0.005,5.067,30.0,1278,-1,102.93,False,-1,True,True,0.655,0.0,-0.05,False,False,-0.248,0.182,42.22,1278,111.79,,,,,0,False,False,0.0,False,8.92,5.62,20.0,
21.8,25239,236.385,-987.586,-0.005,5.139,30.0,1278,-1,103.18,False,-1,True,True,0.75,0.0,-0.018,False,False,-0.202,0.129,41.982,1278,111.79,,,,,0,False,False,0.0,False,8.67,5.53,20.0,
21.85,25240,236.576,-987.417,-0.006,5.063,30.0,1278,-1,103.44,False,-1,True,True,0.75,0.0,-0.02,False,False,-0.145,0.086,41.769,1278,111.79,,,,,0,False,False,0.0,False,8.41,5.57,20.0,
21.9,25241,236.757,-987.258,-0.005,4.636,30.0,1278,-1,103.68,False,-1,True,True,0.75,0.0,-0.015,False,False,-0.195,0.054,41.689,1278,111.79,,,,,0,False,False,0.0,False,8.17,5.53,20.0,
21.95,25242,236.923,-987.113,-0.005,4.313,30.0,1278,-1,103.9,False,-1,True,True,0.75,0.0,-0.022,False,False,-0.29,0.041,41.602,1278,111.79,,,,,0,False,False,0.0,False,7.95,5.32,20.0,
22.0,25243,237.081,-986.976,-0.004,4.126,30.0,1278,-1,104.11,False,-1,True,True,0.75,0.0,-0.018,False,False,-0.342,0.032,41.509,1278,111.79,,,,,0,False,False,0.0,False,7.74,5.16,20.0,
22.05,25244,237.235,-986.843,-0.004,4.043,30.0,1278,-1,104.31,False,-1,True,True,0.75,0.0,-0.014,False,False,-0.333,0.022,41.427,1278,111.79,,,,,0,False,False,0.0,False,7.54,5.06,20.0,
22.1,25245,237.387,-986.71,-0.005,4.032,30.0,1278,-1,104.51,False,-1,True,True,0.75,0.0,-0.012,False,False,-0.275,0.013,41.356,1278,111.79,,,,,0,False,False,0.0,False,7.33,5.02,20.0,
22.15,25246,237.541,-986.577,-0.006,4.068,30.0,1278,-1,104.71,False,-1,True,True,0.75,0.0,-0.011,False,False,-0.19,0.008,41.294,1278,111.79,,,,,0,False,False,0.0,False,7.13,5.02,20.0,
22.2,25247,237.696,-986.442,-0.006,4.131,30.0,1278,-1,104.92,False,-1,True,True,0.75,0.0,-0.009,False,False,-0.098,0.004,41.24,1278,111.79,,,,,0,False,False,0.0,False,6.93,5.03,20.0,
22.25,25248,237.855,-986.304,-0.007,4.212,30.0,1278,-1,105.13,False,-1,True,True,0.75,0.0,-0.008,False,False,-0.012,0.002,41.193,1278,111.79,,,,,0,False,False,0.0,False,6.72,5.07,20.0,
22.3,25249,238.016,-986.164,-0.008,4.303,30.0,1278,-1,105.34,False,-1,True,True,0.75,0.0,-0.007,False,False,0.062,0.0,41.151,1278,111.79,,,,,0,False,False,0.0,False,6.5,5.11,20.0,
22.35,25250,238.181,-986.021,-0.008,4.401,30.0,1278,-1,105.56,False,-1,True,True,0.75,0.0,-0.006,False,False,0.121,-0.0,41.114,1278,111.79,,,,,0,False,False,0.0,False,6.28,5.15,20.0,
22.4,25251,238.35,-985.874,-0.009,4.502,30.0,1278,-1,105.79,False,-1,True,True,0.75,0.0,-0.005,False,False,0.166,-0.001,41.083,1278,111.79,,,,,0,False,False,0.0,False,6.06,5.2,20.0,
22.45,25252,238.523,-985.725,-0.009,4.605,30.0,1278,-1,106.01,False,-1,True,True,0.75,0.0,-0.004,False,False,0.199,-0.001,41.055,1278,111.79,,,,,0,False,False,0.0,False,5.83,5.25,20.0,
22.5,25253,238.699,-985.572,-0.009,4.71,30.0,1278,-1,106.25,False,-1,True,True,0.75,0.0,-0.004,False,False,0.222,-0.001,41.031,1278,111.79,,,,,0,False,False,0.0,False,5.6,5.3,20.0,
22.55,25254,238.88,-985.415,-0.009,4.814,30.0,1278,-1,106.49,False,-1,True,True,0.75,0.0,-0.003,False,False,0.238,-0.001,41.01,1278,111.79,,,,,0,False,False,0.0,False,5.36,5.35,20.0,
22.6,25255,239.066,-985.259,-0.009,4.907,30.0,1278,-1,106.73,False,-1,True,True,0.75,0.0,-0.103,False,False,0.246,0.111,40.804,1278,115.71,,,,,0,False,False,0.0,False,9.04,5.41,20.0,
22.65,25256,239.258,-985.1,-0.009,5.013,30.0,1278,-1,106.98,False,-1,True,True,0.75,0.0,-0.017,False,False,0.251,0.144,40.537,1278,115.71,,,,,0,False,False,0.0,False,8.79,5.45,20.0,
22.7,25257,239.452,-984.937,-0.009,5.118,30.0,1278,-1,107.23,False,-1,True,True,0.75,0.0,-0.003,False,False,0.256,0.074,40.433,1278,115.71,,,,,0,False,False,0.0,False,8.53,5.51,20.0,
22.75,25258,239.649,-984.77,-0.009,5.18,30.0,1278,-1,107.49,False,-1,True,True,0.75,0.0,-0.012,False,False,0.252,0.041,40.335,1278,115.71,,,,,0,False,False,0.0,False,8.27,5.56,20.0,
22.8,25259,239.847,-984.605,-0.009,5.152,30.0,1278,-1,107.75,False,-1,True,True,0.75,0.0,-0.009,False,False,0.214,0.025,40.31,1278,115.71,,,,,0,False,False,0.0,False,8.02,5.59,20.0,
22.85,25260,240.043,-984.44,-0.008,5.14,30.0,1278,-1,108.0,False,-1,True,True,0.75,0.0,-0.013,False,False,0.169,0.023,40.195,1278,115.71,,,,,0,False,False,0.0,False,7.76,5.58,20.0,
22.9,25261,240.24,-984.275,-0.008,5.146,30.0,1278,-1,108.26,False,-1,True,True,0.75,0.0,-0.003,False,False,0.135,0.01,40.182,1278,115.71,,,,,0,False,False,0.0,False,7.5,5.57,20.0,
22.95,25262,240.438,-984.109,-0.008,5.166,30.0,1278,-1,108.52,False,-1,True,True,0.75,0.0,-0.009,False,False,0.117,0.01,40.088,1278,115.71,,,,,0,False,False,0.0,False,7.25,5.57,20.0,
23.0,25263,240.636,-983.943,-0.008,5.193,30.0,1278,-1,108.78,False,-1,True,True,0.75,0.0,-0.001,False,False,0.11,0.002,40.092,1278,115.71,,,,,0,False,False,0.0,False,6.99,5.58,20.0,
23.05,25264,240.835,-983.776,-0.008,5.187,30.0,1278,-1,109.04,False,-1,True,True,0.75,0.0,-0.008,False,False,0.101,0.005,40.009,1278,115.71,,,,,0,False,False,0.0,False,6.73,5.6,20.0,
23.1,25265,241.034,-983.61,-0.008,5.184,30.0,1278,-1,109.3,False,-1,True,True,0.75,0.0,0.001,False,False,0.09,-0.001,40.026,1278,115.71,,,,,0,False,False,0.0,False,6.47,5.59,20.0,
23.15,25266,241.243,-983.435,-0.009,5.636,30.0,1278,-1,109.57,False,-1,True,True,0.75,0.0,-0.007,False,False,0.183,0.006,39.932,1278,115.71,,,,,0,False,False,0.0,False,6.2,5.59,20.0,
23.2,25267,241.469,-983.245,-0.01,6.023,30.0,1278,-1,109.86,False,-1,True,True,0.0,0.259,0.004,False,False,0.34,-0.003,39.921,1278,115.71,,,,,0,False,False,0.0,False,5.9,5.82,20.0,
23.25,25268,241.709,-983.05,-0.011,6.227,30.0,1278,-1,110.17,False,-1,True,True,0.0,0.3,-0.056,False,False,0.432,0.104,39.717,1278,119.64,,,,,0,False,False,0.0,False,9.51,6.01,20.0,
23.3,25269,241.951,-982.851,-0.011,6.266,30.0,1278,-1,110.49,False,-1,True,True,0.0,0.3,0.001,False,False,0.428,0.09,39.581,1278,119.64,,,,,0,False,False,0.0,False,9.2,6.11,20.0,
23.35,25270,242.19,-982.654,-0.01,6.177,30.0,1278,-1,110.8,False,-1,True,True,0.0,0.3,0.001,False,False,0.343,0.044,39.484,1278,119.64,,,,,0,False,False,0.0,False,8.89,6.13,20.0,
23.4,25271,242.425,-982.461,-0.009,6.047,30.0,1278,-1,111.1,False,-1,True,True,0.0,0.3,0.001,False,False,0.224,0.015,39.495,1278,119.64,,,,,0,False,False,0.0,False,8.59,6.09,20.0,
23.45,25272,242.654,-982.272,-0.008,5.888,30.0,1278,-1,111.4,False,-1,True,True,0.0,0.3,-0.007,False,False,0.103,0.014,39.43,1278,119.64,,,,,0,False,False,0.0,False,8.29,6.02,20.0,
23.5,25273,242.877,-982.09,-0.007,5.709,30.0,1278,-1,111.68,False,-1,True,True,0.0,0.3,0.001,False,False,-0.004,0.007,39.447,1278,119.64,,,,,0,False,False,0.0,False,8.0,5.94,20.0,
23.55,25274,243.092,-981.913,-0.006,5.516,30.0,1278,-1,111.96,False,-1,True,True,0.0,0.3,-0.005,False,False,-0.094,0.01,39.386,1278,119.64,,,,,0,False,False,0.0,False,7.72,5.85,20.0,
23.6,25275,243.301,-981.742,-0.006,5.349,30.0,1278,-1,112.23,False,-1,True,True,0.114,0.0,0.002,False,False,-0.158,0.003,39.413,1278,119.64,,,,,0,False,False,0.0,False,7.45,5.76,20.0,
23.65,25276,243.504,-981.575,-0.005,5.209,30.0,1278,-1,112.5,False,-1,True,True,0.714,0.0,-0.005,False,False,-0.191,0.006,39.358,1278,119.64,,,,,0,False,False,0.0,False,7.19,5.67,20.0,
23.7,25277,243.703,-981.412,-0.005,5.091,30.0,1278,-1,112.75,False,-1,True,True,0.75,0.0,0.002,False,False,-0.201,0.001,39.392,1278,119.64,,,,,0,False,False,0.0,False,6.93,5.6,20.0,
23.75,25278,243.899,-981.251,-0.006,5.068,30.0,1278,-1,113.01,False,-1,True,True,0.75,0.0,-0.005,False,False,-0.177,0.005,39.345,1278,119.64,,,,,0,False,False,0.0,False,6.68,5.55,20.0,
23.8,25279,244.095,-981.091,-0.006,5.065,30.0,1278,-1,113.26,False,-1,True,True,0.75,0.0,0.002,False,False,-0.127,0.0,39.387,1278,119.64,,,,,0,False,False,0.0,False,6.43,5.53,20.0,
23.85,25280,244.287,-980.933,-0.006,4.799,30.0,1278,-1,113.51,False,-1,True,True,0.75,0.0,-0.005,False,False,-0.123,0.004,39.347,1278,119.64,,,,,0,False,False,0.0,False,6.18,5.53,20.0,
23.9,25281,244.464,-980.789,-0.005,4.46,30.0,1278,-1,113.74,False,-1,True,True,0.75,0.0,0.002,False,False,-0.21,0.001,39.33,1278,119.64,,,,,0,False,False,0.0,False,5.95,5.4,20.0,
23.95,25282,244.631,-980.652,-0.005,4.258,30.0,1278,-1,113.95,False,-1,True,True,0.75,0.0,0.001,False,False,-0.277,-0.002,39.329,1278,119.64,,,,,0,False,False,0.0,False,5.73,5.23,20.0,
24.0,25283,244.793,-980.519,-0.005,4.163,30.0,1278,-1,114.16,False,-1,True,True,0.75,0.0,-0.0,False,False,-0.288,-0.001,39.329,1278,119.64,,,,,0,False,False,0.0,False,5.52,5.13,20.0,
24.05,25284,244.953,-980.387,-0.005,4.143,30.0,1278,-1,114.37,False,-1,True,True,0.75,0.0,-0.0,False,False,-0.248,-0.0,39.327,1278,119.64,,,,,0,False,False,0.0,False,5.32,5.08,20.0,
24.1,25285,245.115,-980.255,-0.006,4.172,30.0,1278,-1,114.58,False,-1,True,True,0.75,0.0,-0.0,False,False,-0.177,0.0,39.325,1278,119.64,,,,,0,False,False,0.0,False,5.11,5.07,20.0,
24.15,25286,245.278,-980.122,-0.006,4.231,30.0,1278,-1,114.79,False,-1,True,True,0.75,0.0,-0.0,False,False,-0.094,0.0,39.324,1278,119.64,,,,,0,False,False,0.0,False,4.9,5.09,20.0,
24.2,25287,245.445,-979.987,-0.007,4.306,30.0,1278,-1,115.0,False,-1,True,True,0.75,0.0,-0.036,False,False,-0.014,0.054,39.226,1278,123.56,,,,,0,False,False,0.0,False,8.6,5.12,20.0,
24.25,25288,245.615,-979.85,-0.008,4.395,30.0,1278,-1,115.22,False,-1,True,True,0.75,0.0,-0.001,False,False,0.057,0.046,39.154,1278,123.56,,,,,0,False,False,0.0,False,8.39,5.15,20.0,
24.3,25289,245.788,-979.71,-0.008,4.49,30.0,1278,-1,115.44,False,-1,True,True,0.75,0.0,-0.001,False,False,0.115,0.021,39.131,1278,123.56,,,,,0,False,False,0.0,False,8.16,5.2,20.0,
24.35,25290,245.966,-979.566,-0.009,4.59,30.0,1278,-1,115.67,False,-1,True,True,0.75,0.0,-0.004,False,False,0.16,0.01,39.113,1278,123.56,,,,,0,False,False,0.0,False,7.93,5.25,20.0,
24.4,25291,246.147,-979.419,-0.009,4.693,30.0,1278,-1,115.91,False,-1,True,True,0.75,0.0,-0.003,False,False,0.194,0.006,39.093,1278,123.56,,,,,0,False,False,0.0,False,7.7,5.3,20.0,
24.45,25292,246.331,-979.27,-0.009,4.796,30.0,1278,-1,116.14,False,-1,True,True,0.75,0.0,-0.003,False,False,0.218,0.004,39.074,1278,123.56,,,,,0,False,False,0.0,False,7.46,5.35,20.0,
24.5,25293,246.52,-979.117,-0.009,4.9,30.0,1278,-1,116.39,False,-1,True,True,0.75,0.0,-0.002,False,False,0.235,0.002,39.059,1278,123.56,,,,,0,False,False,0.0,False,7.22,5.4,20.0,
24.55,25294,246.713,-978.961,-0.009,5.004,30.0,1278,-1,116.63,False,-1,True,True,0.75,0.0,-0.002,False,False,0.246,0.001,39.046,1278,123.56,,,,,0,False,False,0.0,False,6.97,5.45,20.0,
24.6,25295,246.91,-978.801,-0.009,5.108,30.0,1278,-1,116.89,False,-1,True,True,0.75,0.0,-0.001,False,False,0.253,-0.0,39.035,1278,123.56,,,,,0,False,False,0.0,False,6.72,5.5,20.0,
24.65,25296,247.111,-978.639,-0.009,5.167,30.0,1278,-1,117.15,False,-1,True,True,0.75,0.0,-0.001,False,False,0.254,-0.0,39.024,1278,123.56,,,,,0,False,False,0.0,False,6.46,5.55,20.0,
24.7,25297,247.316,-978.473,-0.009,5.311,30.0,1278,-1,117.41,False,-1,True,True,0.75,0.0,-0.001,False,False,0.255,-0.001,39.031,1278,123.56,,,,,0,False,False,0.0,False,6.2,5.58,20.0,
24.75,25298,247.519,-978.308,-0.009,5.215,30.0,1278,-1,117.67,False,-1,True,True,0.75,0.0,-0.002,False,False,0.214,0.002,38.988,1278,123.56,,,,,0,False,False,0.0,False,5.94,5.66,20.0,
24.8,25299,247.723,-978.143,-0.008,5.277,30.0,1278,-1,117.93,False,-1,True,True,0.75,0.0,0.002,False,False,0.175,-0.003,39.006,1278,123.56,,,,,0,False,False,0.0,False,5.67,5.61,20.0,
24.85,25300,247.926,-977.979,-0.008,5.215,30.0,1278,-1,118.19,False,-1,True,True,0.75,0.0,-0.002,False,False,0.137,-0.0,38.967,1278,123.56,,,,,0,False,False,0.0,False,5.41,5.64,20.0,
24.9,25301,248.132,-977.814,-0.008,5.309,30.0,1278,-1,118.46,False,-1,True,True,0.75,0.0,-0.016,False,False,0.123,0.026,38.938,1278,127.48,,,,,0,False,False,0.0,False,9.07,5.61,20.0,
24.95,25302,248.337,-977.649,-0.008,5.24,30.0,1278,-1,118.72,False,-1,True,True,0.75,0.0,-0.003,False,False,0.107,0.027,38.855,1278,127.48,,,,,0,False,False,0.0,False,8.81,5.65,20.0,
25.0,25303,248.542,-977.483,-0.008,5.308,30.0,1278,-1,118.99,False,-1,True,True,0.75,0.0,0.004,False,False,0.098,0.01,38.864,1278,127.48,,,,,0,False,False,0.0,False,8.54,5.62,20.0,
25.05,25304,248.751,-977.315,-0.008,5.491,30.0,1278,-1,119.25,False,-1,True,True,0.75,0.0,-0.003,False,False,0.124,0.007,38.816,1278,127.48,,,,,0,False,False,0.0,False,8.28,5.65,20.0,
25.1,25305,248.978,-977.132,-0.01,5.999,30.0,1278,-1,119.55,False,-1,True,True,0.259,0.0,0.002,False,False,0.278,0.001,38.791,1278,127.48,,,,,0,False,False,0.0,False,7.98,5.75,20.0,
25.15,25306,249.218,-976.939,-0.011,6.19,30.0,1278,-1,119.85,False,-1,True,True,0.0,0.3,0.001,False,False,0.397,-0.002,38.788,1278,127.48,,,,,0,False,False,0.0,False,7.68,6.0,20.0,
25.2,25307,249.463,-976.742,-0.011,6.33,30.0,1278,-1,120.17,False,-1,True,True,0.0,0.3,-0.0,False,False,0.425,0.0,38.788,1278,127.48,,,,,0,False,False,0.0,False,7.36,6.09,20.0,
25.25,25308,249.706,-976.546,-0.01,6.217,30.0,1278,-1,120.48,False,-1,True,True,0.0,0.3,-0.0,False,False,0.361,0.003,38.786,1278,127.48,,,,,0,False,False,0.0,False,7.05,6.17,20.0,
25.3,25309,249.947,-976.352,-0.009,6.162,30.0,1278,-1,120.79,False,-1,True,True,0.0,0.3,-0.0,False,False,0.257,0.004,38.797,1278,127.48,,,,,0,False,False,0.0,False,6.74,6.11,20.0,
25.35,25310,250.181,-976.164,-0.008,5.937,30.0,1278,-1,121.09,False,-1,True,True,0.0,0.3,-0.001,False,False,0.131,0.006,38.771,1278,127.48,,,,,0,False,False,0.0,False,6.44,6.08,20.0,
25.4,25311,250.409,-975.981,-0.007,5.812,30.0,1278,-1,121.38,False,-1,True,True,0.0,0.3,0.002,False,False,0.019,0.002,38.798,1278,127.48,,,,,0,False,False,0.0,False,6.15,5.97,20.0,
25.45,25312,250.629,-975.805,-0.006,5.553,30.0,1278,-1,121.66,False,-1,True,True,0.0,0.3,-0.002,False,False,-0.082,0.005,38.771,1278,127.48,,,,,0,False,False,0.0,False,5.87,5.91,20.0,
25.5,25313,250.842,-975.634,-0.006,5.441,30.0,1278,-1,121.94,False,-1,True,True,0.0,0.023,0.002,False,False,-0.151,0.001,38.797,1278,127.48,,,,,0,False,False,0.0,False,5.59,5.78,20.0,
25.55,25314,251.049,-975.468,-0.005,5.222,30.0,1278,-1,122.2,False,-1,True,True,0.382,0.0,-0.009,False,False,-0.195,0.013,38.746,1278,131.4,,,,,0,False,False,0.0,False,9.25,5.72,20.0,
25.6,25315,251.251,-975.306,-0.005,5.153,30.0,1278,-1,122.46,False,-1,True,True,0.75,0.0,0.003,False,False,-0.209,0.007,38.751,1278,131.4,,,,,0,False,False,0.0,False,8.99,5.61,20.0,
25.65,25316,251.448,-975.148,-0.005,5.018,30.0,1278,-1,122.71,False,-1,True,True,0.75,0.0,-0.001,False,False,-0.205,0.004,38.713,1278,131.4,,,,,0,False,False,0.0,False,8.74,5.58,20.0,
25.7,25317,251.646,-974.989,-0.006,5.085,30.0,1278,-1,122.97,False,-1,True,True,0.75,0.0,0.003,False,False,-0.155,-0.001,38.744,1278,131.4,,,,,0,False,False,0.0,False,8.48,5.51,20.0,
25.75,25318,251.842,-974.832,-0.006,4.914,30.0,1278,-1,123.22,False,-1,True,True,0.75,0.0,-0.003,False,False,-0.114,0.003,38.738,1278,131.4,,,,,0,False,False,0.0,False,8.23,5.54,20.0,
25.8,25319,252.025,-974.685,-0.006,4.555,30.0,1278,-1,123.45,False,-1,True,True,0.75,0.0,-0.0,False,False,-0.18,0.004,38.704,1278,131.4,,,,,0,False,False,0.0,False,8.0,5.46,20.0,
25.85,25320,252.195,-974.548,-0.005,4.297,30.0,1278,-1,123.67,False,-1,True,True,0.75,0.0,0.003,False,False,-0.262,-0.001,38.701,1278,131.4,,,,,0,False,False,0.0,False,7.78,5.28,20.0,
25.9,25321,252.359,-974.417,-0.005,4.16,30.0,1278,-1,123.88,False,-1,True,True,0.75,0.0,0.001,False,False,-0.297,-0.002,38.705,1278,131.4,,,,,0,False,False,0.0,False,7.57,5.15,20.0,
25.95,25322,252.52,-974.287,-0.005,4.112,30.0,1278,-1,124.09,False,-1,True,True,0.75,0.0,0.0,False,False,-0.275,-0.0,38.707,1278,131.4,,,,,0,False,False,0.0,False,7.36,5.08,20.0,
26.0,25323,252.681,-974.159,-0.005,4.124,30.0,1278,-1,124.29,False,-1,True,True,0.75,0.0,0.0,False,False,-0.213,0.001,38.707,1278,131.4,,,,,0,False,False,0.0,False,7.16,5.06,20.0,
26.05,25324,252.844,-974.028,-0.006,4.172,30.0,1278,-1,124.5,False,-1,True,True,0.75,0.0,0.0,False,False,-0.132,0.001,38.708,1278,131.4,,,,,0,False,False,0.0,False,6.95,5.06,20.0,
26.1,25325,253.009,-973.896,-0.007,4.243,30.0,1278,-1,124.71,False,-1,True,True,0.75,0.0,0.0,False,False,-0.048,0.001,38.709,1278,131.4,,,,,0,False,False,0.0,False,6.74,5.09,20.0,
26.15,25326,253.177,-973.761,-0.008,4.328,30.0,1278,-1,124.93,False,-1,True,True,0.75,0.0,0.0,False,False,0.028,0.001,38.71,1278,131.4,,,,,0,False,False,0.0,False,6.52,5.12,20.0,
26.2,25327,253.348,-973.624,-0.008,4.421,30.0,1278,-1,125.15,False,-1,True,True,0.75,0.0,0.0,False,False,0.093,0.0,38.711,1278,131.4,,,,,0,False,False,0.0,False,6.3,5.16,20.0,
26.25,25328,253.523,-973.484,-0.008,4.519,30.0,1278,-1,125.37,False,-1,True,True,0.75,0.0,0.0,False,False,0.143,0.0,38.711,1278,131.4,,,,,0,False,False,0.0,False,6.08,5.21,20.0,
26.3,25329,253.702,-973.34,-0.009,4.621,30.0,1278,-1,125.6,False,-1,True,True,0.75,0.0,0.0,False,False,0.182,0.0,38.712,1278,131.4,,,,,0,False,False,0.0,False,5.85,5.26,20.0,
26.35,25330,253.885,-973.194,-0.009,4.724,30.0,1278,-1,125.84,False,-1,True,True,0.75,0.0,0.0,False,False,0.209,0.0,38.712,1278,131.4,,,,,0,False,False,0.0,False,5.61,5.31,20.0,
26.4,25331,254.072,-973.044,-0.009,4.828,30.0,1278,-1,126.08,False,-1,True,True,0.75,0.0,0.0,False,False,0.229,0.0,38.713,1278,131.4,,,,,0,False,False,0.0,False,5.37,5.36,20.0,
26.45,25332,254.264,-972.892,-0.009,4.93,30.0,1278,-1,126.32,False,-1,True,True,0.75,0.0,-0.03,False,False,0.242,0.05,38.622,1278,135.32,,,,,0,False,False,0.0,False,9.07,5.41,20.0,
26.5,25333,254.46,-972.737,-0.009,5.034,30.0,1278,-1,126.57,False,-1,True,True,0.75,0.0,0.0,False,False,0.25,0.042,38.556,1278,135.32,,,,,0,False,False,0.0,False,8.82,5.47,20.0,
26.55,25334,254.659,-972.579,-0.009,5.136,30.0,1278,-1,126.83,False,-1,True,True,0.75,0.0,0.001,False,False,0.256,0.016,38.539,1278,135.32,,,,,0,False,False,0.0,False,8.57,5.52,20.0,
26.6,25335,254.863,-972.417,-0.009,5.274,30.0,1278,-1,127.09,False,-1,True,True,0.75,0.0,-0.003,False,False,0.26,0.008,38.527,1278,135.32,,,,,0,False,False,0.0,False,8.31,5.57,20.0,
26.65,25336,255.07,-972.253,-0.009,5.274,30.0,1278,-1,127.35,False,-1,True,True,0.75,0.0,-0.003,False,False,0.252,0.006,38.497,1278,135.32,,,,,0,False,False,0.0,False,8.04,5.64,20.0,
26.7,25337,255.277,-972.088,-0.009,5.321,30.0,1278,-1,127.61,False,-1,True,True,0.75,0.0,-0.0,False,False,0.221,0.001,38.511,1278,135.32,,,,,0,False,False,0.0,False,7.78,5.64,20.0,
26.75,25338,255.483,-971.924,-0.008,5.244,30.0,1278,-1,127.88,False,-1,True,True,0.75,0.0,-0.004,False,False,0.173,0.004,38.463,1278,135.32,,,,,0,False,False,0.0,False,7.51,5.66,20.0,
26.8,25339,255.69,-971.76,-0.008,5.323,30.0,1278,-1,128.14,False,-1,True,True,0.75,0.0,0.002,False,False,0.144,-0.002,38.476,1278,135.32,,,,,0,False,False,0.0,False,7.25,5.62,20.0,
26.85,25340,255.897,-971.595,-0.008,5.276,30.0,1278,-1,128.41,False,-1,True,True,0.75,0.0,-0.003,False,False,0.121,0.001,38.434,1278,135.32,,,,,0,False,False,0.0,False,6.99,5.66,20.0,
26.9,25341,256.105,-971.43,-0.008,5.342,30.0,1278,-1,128.67,False,-1,True,True,0.75,0.0,0.002,False,False,0.11,-0.003,38.452,1278,135.32,,,,,0,False,False,0.0,False,6.72,5.64,20.0,
26.95,25342,256.312,-971.265,-0.008,5.268,30.0,1278,-1,128.94,False,-1,True,True,0.75,0.0,-0.002,False,False,0.092,0.001,38.418,1278,135.32,,,,,0,False,False,0.0,False,6.46,5.67,20.0,
27.0,25343,256.527,-971.095,-0.008,5.691,30.0,1278,-1,129.21,False,-1,True,True,0.75,0.0,0.002,False,False,0.154,-0.002,38.405,1278,135.32,,,,,0,False,False,0.0,False,6.18,5.63,20.0,
27.05,25344,256.759,-970.91,-0.01,6.01,30.0,1278,-1,129.51,False,-1,True,True,0.0,0.3,0.001,False,False,0.301,-0.003,38.394,1278,135.32,,,,,0,False,False,0.0,False,5.89,5.85,20.0,
27.1,25345,257.003,-970.718,-0.011,6.294,30.0,1278,-1,129.82,False,-1,True,True,0.0,0.3,-0.022,False,False,0.404,0.046,38.314,1278,139.25,,,,,0,False,False,0.0,False,9.5,6.01,20.0,
27.15,25346,257.251,-970.524,-0.011,6.284,30.0,1278,-1,130.13,False,-1,True,True,0.0,0.3,0.001,False,False,0.409,0.04,38.252,1278,139.25,,,,,0,False,False,0.0,False,9.19,6.15,20.0,
27.2,25347,257.497,-970.329,-0.01,6.294,30.0,1278,-1,130.45,False,-1,True,True,0.0,0.3,0.002,False,False,0.346,0.017,38.228,1278,139.25,,,,,0,False,False,0.0,False,8.87,6.14,20.0,
27.25,25348,257.739,-970.138,-0.009,6.098,30.0,1278,-1,130.76,False,-1,True,True,0.0,0.3,-0.0,False,False,0.231,0.007,38.243,1278,139.25,,,,,0,False,False,0.0,False,8.56,6.15,20.0,
27.3,25349,257.975,-969.952,-0.008,5.992,30.0,1278,-1,131.06,False,-1,True,True,0.0,0.3,-0.003,False,False,0.113,0.009,38.208,1278,139.25,,,,,0,False,False,0.0,False,8.26,6.05,20.0,
27.35,25350,258.204,-969.772,-0.007,5.747,30.0,1278,-1,131.35,False,-1,True,True,0.0,0.3,0.001,False,False,-0.002,0.004,38.226,1278,139.25,,,,,0,False,False,0.0,False,7.97,6.0,20.0,
27.4,25351,258.426,-969.597,-0.006,5.611,30.0,1278,-1,131.63,False,-1,True,True,0.0,0.3,-0.003,False,False,-0.092,0.006,38.191,1278,139.25,,,,,0,False,False,0.0,False,7.69,5.87,20.0,
27.45,25352,258.64,-969.429,-0.006,5.352,30.0,1278,-1,131.9,False,-1,True,True,0.0,0.232,0.002,False,False,-0.167,0.002,38.215,1278,139.25,,,,,0,False,False,0.0,False,7.42,5.81,20.0,
27.5,25353,258.847,-969.265,-0.005,5.249,30.0,1278,-1,132.17,False,-1,True,True,0.7,0.0,-0.003,False,False,-0.209,0.004,38.185,1278,139.25,,,,,0,False,False,0.0,False,7.15,5.68,20.0,
27.55,25354,259.049,-969.107,-0.005,5.047,30.0,1278,-1,132.42,False,-1,True,True,0.75,0.0,0.002,False,False,-0.23,0.002,38.217,1278,139.25,,,,,0,False,False,0.0,False,6.9,5.62,20.0,
27.6,25355,259.247,-968.951,-0.005,5.072,30.0,1278,-1,132.67,False,-1,True,True,0.75,0.0,-0.004,False,False,-0.209,0.006,38.182,1278,139.25,,,,,0,False,False,0.0,False,6.64,5.52,20.0,
27.65,25356,259.446,-968.795,-0.006,5.026,30.0,1278,-1,132.93,False,-1,True,True,0.75,0.0,0.002,False,False,-0.155,0.0,38.211,1278,139.25,,,,,0,False,False,0.0,False,6.39,5.54,20.0,
27.7,25357,259.64,-968.642,-0.006,4.78,30.0,1278,-1,133.11,False,-1,True,True,0.75,0.0,-0.003,False,False,-0.145,0.002,38.202,1278,139.25,,,,,0,False,False,0.0,False,6.14,5.51,20.0,
27.75,25358,259.818,-968.502,-0.005,4.414,30.0,1278,-1,133.33,False,-1,True,True,0.75,0.0,-0.0,False,False,-0.23,0.002,38.193,1278,139.25,,,,,0,False,False,0.0,False,5.92,5.39,20.0,
27.8,25359,259.985,-968.371,-0.005,4.191,30.0,1278,-1,133.55,False,-1,True,True,0.75,0.0,0.0,False,False,-0.301,0.0,38.19,1278,139.25,,,,,0,False,False,0.0,False,5.71,5.21,20.0,
27.85,25360,260.147,-968.244,-0.005,4.081,30.0,1278,-1,133.75,False,-1,True,True,0.75,0.0,-0.0,False,False,-0.315,-0.001,38.189,1278,139.25,,,,,0,False,False,0.0,False,5.5,5.1,20.0,
27.9,25361,260.307,-968.118,-0.005,4.053,30.0,1278,-1,133.95,False,-1,True,True,0.75,0.0,-0.0,False,False,-0.276,-0.0,38.187,1278,139.25,,,,,0,False,False,0.0,False,5.3,5.04,20.0,
27.95,25362,260.467,-967.992,-0.006,4.077,30.0,1278,-1,134.16,False,-1,True,True,0.75,0.0,-0.0,False,False,-0.202,-0.0,38.186,1278,139.25,,,,,0,False,False,0.0,False,5.09,5.03,20.0,
28.0,25363,260.629,-967.865,-0.006,4.133,30.0,1278,-1,134.36,False,-1,True,True,0.75,0.0,-0.0,False,False,-0.115,-0.0,38.184,1278,139.25,,,,,0,False,False,0.0,False,4.89,5.04,20.0,
28.05,25364,260.795,-967.736,-0.007,4.209,30.0,1278,-1,134.57,False,-1,True,True,0.75,0.0,-0.024,False,False,-0.03,0.037,38.115,1278,143.17,,,,,0,False,False,0.0,False,8.61,5.07,20.0,
28.1,25365,260.964,-967.605,-0.008,4.297,30.0,1278,-1,134.79,False,-1,True,True,0.75,0.0,-0.0,False,False,0.045,0.03,38.068,1278,143.17,,,,,0,False,False,0.0,False,8.39,5.1,20.0,
28.15,25366,261.136,-967.47,-0.008,4.393,30.0,1278,-1,135.01,False,-1,True,True,0.75,0.0,-0.0,False,False,0.107,0.013,38.054,1278,143.17,,,,,0,False,False,0.0,False,8.17,5.15,20.0,
28.2,25367,261.311,-967.333,-0.009,4.493,30.0,1278,-1,135.23,False,-1,True,True,0.75,0.0,-0.003,False,False,0.155,0.006,38.042,1278,143.17,,,,,0,False,False,0.0,False,7.95,5.2,20.0,
28.25,25368,261.491,-967.193,-0.009,4.596,30.0,1278,-1,135.46,False,-1,True,True,0.75,0.0,-0.002,False,False,0.191,0.003,38.029,1278,143.17,,,,,0,False,False,0.0,False,7.72,5.25,20.0,
28.3,25369,261.675,-967.049,-0.009,4.7,30.0,1278,-1,135.69,False,-1,True,True,0.75,0.0,-0.002,False,False,0.216,0.002,38.017,1278,143.17,,,,,0,False,False,0.0,False,7.49,5.3,20.0,
28.35,25370,261.863,-966.903,-0.009,4.804,30.0,1278,-1,135.93,False,-1,True,True,0.75,0.0,-0.001,False,False,0.234,0.001,38.007,1278,143.17,,,,,0,False,False,0.0,False,7.25,5.35,20.0,
28.4,25371,262.055,-966.753,-0.009,4.909,30.0,1278,-1,136.17,False,-1,True,True,0.75,0.0,-0.001,False,False,0.246,-0.0,37.999,1278,143.17,,,,,0,False,False,0.0,False,7.01,5.4,20.0,
28.45,25372,262.251,-966.6,-0.009,5.013,30.0,1278,-1,136.42,False,-1,True,True,0.75,0.0,-0.001,False,False,0.253,-0.0,37.991,1278,143.17,,,,,0,False,False,0.0,False,6.76,5.45,20.0,
28.5,25373,262.451,-966.444,-0.009,5.117,30.0,1278,-1,136.67,False,-1,True,True,0.75,0.0,-0.001,False,False,0.258,-0.0,37.985,1278,143.17,,,,,0,False,False,0.0,False,6.51,5.51,20.0,
28.55,25374,262.655,-966.285,-0.009,5.177,30.0,1278,-1,136.93,False,-1,True,True,0.75,0.0,-0.001,False,False,0.257,-0.0,37.979,1278,143.17,,,,,0,False,False,0.0,False,6.25,5.56,20.0,
28.6,25375,262.863,-966.123,-0.009,5.335,30.0,1278,-1,137.2,False,-1,True,True,0.75,0.0,-0.0,False,False,0.258,-0.001,37.986,1278,143.17,,,,,0,False,False,0.0,False,5.98,5.59,20.0,
28.65,25376,263.071,-965.961,-0.009,5.24,30.0,1278,-1,137.46,False,-1,True,True,0.75,0.0,-0.002,False,False,0.221,0.001,37.951,1278,143.17,,,,,0,False,False,0.0,False,5.72,5.67,20.0,
28.7,25377,263.278,-965.799,-0.009,5.301,30.0,1278,-1,137.72,False,-1,True,True,0.75,0.0,0.002,False,False,0.181,-0.003,37.973,1278,143.17,,,,,0,False,False,0.0,False,5.46,5.62,20.0,
28.75,25378,263.487,-965.639,-0.008,5.237,30.0,1278,-1,137.99,False,-1,True,True,0.75,0.0,-0.037,False,False,0.142,0.054,37.847,1278,147.09,,,,,0,False,False,0.0,False,9.14,5.65,20.0,
28.8,25379,263.696,-965.477,-0.008,5.329,30.0,1278,-1,138.25,False,-1,True,True,0.75,0.0,0.001,False,False,0.125,0.047,37.785,1278,147.09,,,,,0,False,False,0.0,False,8.87,5.62,20.0,
28.85,25380,263.905,-965.315,-0.008,5.26,30.0,1278,-1,138.51,False,-1,True,True,0.75,0.0,-0.001,False,False,0.108,0.024,37.715,1278,147.09,,,,,0,False,False,0.0,False,8.61,5.66,20.0,
28.9,25381,264.115,-965.153,-0.008,5.328,30.0,1278,-1,138.78,False,-1,True,True,0.75,0.0,0.001,False,False,0.098,0.008,37.725,1278,147.09,,,,,0,False,False,0.0,False,8.35,5.63,20.0,
28.95,25382,264.327,-964.989,-0.008,5.511,30.0,1278,-1,139.05,False,-1,True,True,0.75,0.0,-0.004,False,False,0.124,0.008,37.671,1278,147.09,,,,,0,False,False,0.0,False,8.08,5.66,20.0,
29.0,25383,264.559,-964.81,-0.01,6.017,30.0,1278,-1,139.34,False,-1,True,True,0.186,0.0,0.002,False,False,0.278,0.003,37.639,1278,147.09,,,,,0,False,False,0.0,False,7.78,5.76,20.0,
29.05,25384,264.803,-964.621,-0.011,6.206,30.0,1278,-1,139.65,False,-1,True,True,0.0,0.3,0.001,False,False,0.396,-0.001,37.631,1278,147.09,,,,,0,False,False,0.0,False,7.48,6.01,20.0,
29.1,25385,265.053,-964.429,-0.011,6.344,30.0,1278,-1,139.96,False,-1,True,True,0.0,0.3,-0.0,False,False,0.423,0.001,37.628,1278,147.09,,,,,0,False,False,0.0,False,7.16,6.1,20.0,
29.15,25386,265.301,-964.237,-0.01,6.23,30.0,1278,-1,140.28,False,-1,True,True,0.0,0.3,-0.001,False,False,0.358,0.003,37.622,1278,147.09,,,,,0,False,False,0.0,False,6.85,6.17,20.0,
29.2,25387,265.546,-964.049,-0.009,6.173,30.0,1278,-1,140.59,False,-1,True,True,0.0,0.3,-0.0,False,False,0.255,0.004,37.631,1278,147.09,,,,,0,False,False,0.0,False,6.54,6.12,20.0,
29.25,25388,265.784,-963.865,-0.008,5.947,30.0,1278,-1,140.89,False,-1,True,True,0.0,0.3,-0.002,False,False,0.129,0.007,37.602,1278,147.09,,,,,0,False,False,0.0,False,6.24,6.09,20.0,
29.3,25389,266.016,-963.687,-0.007,5.823,30.0,1278,-1,141.18,False,-1,True,True,0.0,0.3,0.002,False,False,0.017,0.002,37.627,1278,147.09,,,,,0,False,False,0.0,False,5.94,5.97,20.0,
29.35,25390,266.24,-963.514,-0.006,5.563,30.0,1278,-1,141.46,False,-1,True,True,0.0,0.3,-0.002,False,False,-0.084,0.005,37.599,1278,147.09,,,,,0,False,False,0.0,False,5.66,5.91,20.0,
29.4,25391,266.458,-963.349,-0.006,5.446,30.0,1278,-1,141.74,False,-1,True,True,0.0,0.06,-0.035,False,False,-0.153,0.057,37.532,1278,151.01,,,,,0,False,False,0.0,False,9.31,5.78,20.0,
29.45,25392,266.669,-963.188,-0.005,5.226,30.0,1278,-1,142.0,False,-1,True,True,0.361,0.0,-0.005,False,False,-0.198,0.055,37.405,1278,151.01,,,,,0,False,False,0.0,False,9.04,5.72,20.0,
29.5,25393,266.875,-963.031,-0.005,5.158,30.0,1278,-1,142.26,False,-1,True,True,0.75,0.0,0.004,False,False,-0.212,0.024,37.383,1278,151.01,,,,,0,False,False,0.0,False,8.79,5.61,20.0,
29.55,25394,267.076,-962.877,-0.005,5.022,30.0,1278,-1,142.51,False,-1,True,True,0.75,0.0,-0.003,False,False,-0.207,0.011,37.329,1278,151.01,,,,,0,False,False,0.0,False,8.53,5.58,20.0,
29.6,25395,267.278,-962.724,-0.006,5.09,30.0,1278,-1,142.77,False,-1,True,True,0.75,0.0,0.001,False,False,-0.156,0.003,37.346,1278,151.01,,,,,0,False,False,0.0,False,8.28,5.51,20.0,
29.65,25396,267.478,-962.571,-0.006,4.918,30.0,1278,-1,143.02,False,-1,True,True,0.75,0.0,-0.005,False,False,-0.115,0.006,37.327,1278,151.01,,,,,0,False,False,0.0,False,8.03,5.54,20.0,
29.7,25397,267.665,-962.429,-0.006,4.559,30.0,1278,-1,143.25,False,-1,True,True,0.75,0.0,-0.002,False,False,-0.181,0.006,37.284,1278,151.01,,,,,0,False,False,0.0,False,7.79,5.46,20.0,
29.75,25398,267.839,-962.297,-0.005,4.301,30.0,1278,-1,143.47,False,-1,True,True,0.75,0.0,0.001,False,False,-0.263,0.001,37.273,1278,151.01,,,,,0,False,False,0.0,False,7.57,5.28,20.0,
29.8,25399,268.006,-962.169,-0.005,4.163,30.0,1278,-1,143.68,False,-1,True,True,0.75,0.0,-0.001,False,False,-0.297,-0.0,37.271,1278,151.01,,,,,0,False,False,0.0,False,7.36,5.15,20.0,
29.85,25400,268.171,-962.044,-0.005,4.115,30.0,1278,-1,143.89,False,-1,True,True,0.75,0.0,-0.001,False,False,-0.276,0.001,37.266,1278,151.01,,,,,0,False,False,0.0,False,7.16,5.08,20.0,
29.9,25401,268.335,-961.919,-0.005,4.127,30.0,1278,-1,144.1,False,-1,True,True,0.75,0.0,-0.001,False,False,-0.214,0.001,37.262,1278,151.01,,,,,0,False,False,0.0,False,6.95,5.06,20.0,
29.95,25402,268.501,-961.793,-0.006,4.175,30.0,1278,-1,144.31,False,-1,True,True,0.75,0.0,-0.001,False,False,-0.133,0.001,37.258,1278,151.01,,,,,0,False,False,0.0,False,6.74,5.06,20.0,
30.0,25403,268.67,-961.665,-0.007,4.246,30.0,1278,-1,144.52,False,-1,True,True,0.75,0.0,-0.0,False,False,-0.049,0.001,37.256,1278,151.01,,,,,0,False,False,0.0,False,6.53,5.09,20.0,
30.05,25404,268.841,-961.535,-0.008,4.33,30.0,1278,-1,144.73,False,-1,True,True,0.75,0.0,-0.0,False,False,0.028,0.001,37.253,1278,151.01,,,,,0,False,False,0.0,False,6.31,5.12,20.0,
30.1,25405,269.016,-961.402,-0.008,4.424,30.0,1278,-1,144.95,False,-1,True,True,0.75,0.0,-0.0,False,False,0.092,0.001,37.251,1278,151.01,,,,,0,False,False,0.0,False,6.09,5.17,20.0,
30.15,25406,269.195,-961.266,-0.008,4.522,30.0,1278,-1,145.18,False,-1,True,True,0.75,0.0,-0.0,False,False,0.143,0.0,37.249,1278,151.01,,,,,0,False,False,0.0,False,5.87,5.21,20.0,
30.2,25407,269.378,-961.127,-0.009,4.624,30.0,1278,-1,145.41,False,-1,True,True,0.75,0.0,-0.0,False,False,0.181,0.0,37.247,1278,151.01,,,,,0,False,False,0.0,False,5.64,5.26,20.0,
30.25,25408,269.564,-960.985,-0.009,4.727,30.0,1278,-1,145.64,False,-1,True,True,0.75,0.0,-0.0,False,False,0.209,0.0,37.246,1278,151.01,,,,,0,False,False,0.0,False,5.41,5.31,20.0,
30.3,25409,269.755,-960.84,-0.009,4.831,30.0,1278,-1,145.88,False,-1,True,True,0.75,0.0,-0.0,False,False,0.229,0.0,37.244,1278,151.01,,,,,0,False,False,0.0,False,5.17,5.36,20.0,
30.35,25410,269.95,-960.692,-0.009,4.935,30.0,1278,-1,146.13,False,-1,True,True,0.75,0.0,0.003,False,False,0.242,-0.005,37.253,1969,1.07,,,,,0,False,False,0.0,False,7.85,5.42,20.0,
30.4,25411,270.149,-960.54,-0.009,5.039,30.0,1278,-1,146.38,False,-1,True,True,0.75,0.0,-0.0,False,False,0.251,-0.005,37.26,1969,1.07,,,,,0,False,False,0.0,False,7.6,5.47,20.0,
30.45,25412,270.352,-960.386,-0.009,5.14,30.0,1278,-1,146.63,False,-1,True,True,0.75,0.0,-0.0,False,False,0.256,-0.002,37.261,1969,1.07,,,,,0,False,False,0.0,False,7.34,5.52,20.0,
30.5,25413,270.559,-960.228,-0.009,5.277,30.0,1278,-1,146.89,False,-1,True,True,0.75,0.0,0.0,False,False,0.26,-0.001,37.261,1969,1.07,,,,,0,False,False,0.0,False,7.08,5.57,20.0,
30.55,25414,270.77,-960.068,-0.009,5.302,30.0,1278,-1,147.16,False,-1,True,True,0.75,0.0,0.0,False,False,0.255,-0.001,37.267,1969,1.07,,,,,0,False,False,0.0,False,6.82,5.64,20.0,
30.6,25415,270.983,-959.906,-0.009,5.379,30.0,1278,-1,147.42,False,-1,True,True,0.75,0.0,-0.0,False,False,0.239,0.001,37.249,1969,1.07,,,,,0,False,False,0.0,False,6.55,5.65,20.0,
30.65,25416,271.194,-959.745,-0.009,5.296,30.0,1278,-1,147.69,False,-1,True,True,0.75,0.0,-0.0,False,False,0.192,0.001,37.279,1969,1.07,,,,,0,False,False,0.0,False,6.28,5.69,20.0,
30.7,25417,271.407,-959.583,-0.008,5.369,30.0,1278,-1,147.96,False,-1,True,True,0.75,0.0,-0.002,False,False,0.158,0.005,37.253,1969,1.07,,,,,0,False,False,0.0,False,6.02,5.65,20.0,
30.75,25418,271.619,-959.422,-0.008,5.317,30.0,1278,-1,148.22,False,-1,True,True,0.71,0.0,0.002,False,False,0.129,-0.001,37.287,1969,1.07,,,,,0,False,False,0.0,False,5.75,5.68,20.0,
30.8,25419,271.832,-959.26,-0.008,5.393,30.0,1278,-1,148.49,False,-1,True,True,0.75,0.0,-0.003,False,False,0.117,0.002,37.266,1969,1.07,,,,,0,False,False,0.0,False,5.48,5.66,20.0,
30.85,25420,272.042,-959.095,-0.008,5.309,30.0,1278,-1,148.76,False,-1,True,True,0.615,0.0,0.097,False,False,0.095,-0.127,37.496,1969,3.22,,,,,0,False,False,0.0,False,7.29,5.7,20.0,
30.9,25421,272.253,-958.927,-0.008,5.526,30.0,1278,-1,149.03,False,-1,True,True,0.75,0.0,0.041,False,False,0.103,-0.188,37.813,1969,3.22,,,,,0,False,False,0.0,False,7.02,5.65,20.0,
30.95,25422,272.479,-958.746,-0.009,5.905,30.0,1278,-1,149.32,False,-1,True,True,0.126,0.0,0.024,False,False,0.235,-0.17,38.106,1969,3.22,,,,,0,False,False,0.0,False,6.73,5.76,20.0,
31.0,25423,272.719,-958.554,-0.01,6.249,30.0,1278,-1,149.62,False,-1,True,True,0.0,0.3,0.017,False,False,0.368,-0.131,38.321,1969,3.22,,,,,0,False,False,0.0,False,6.42,5.95,20.0,
31.05,25424,272.964,-958.358,-0.011,6.257,30.0,1278,-1,149.94,False,-1,True,True,0.0,0.3,0.016,False,False,0.398,-0.1,38.488,1969,3.22,,,,,0,False,False,0.0,False,6.11,6.12,20.0,
31.1,25425,273.207,-958.16,-0.01,6.28,30.0,1278,-1,150.25,False,-1,True,True,0.0,0.3,0.036,False,False,0.351,-0.122,38.691,1393,1.85,,,,,0,False,False,0.0,False,8.82,6.13,20.0,
31.15,25426,273.445,-957.966,-0.009,6.089,30.0,1278,-1,150.56,False,-1,True,True,0.0,0.3,0.011,False,False,0.243,-0.099,38.889,1393,1.85,,,,,0,False,False,0.0,False,8.51,6.14,20.0,
31.2,25427,273.678,-957.776,-0.008,5.988,30.0,1278,-1,150.86,False,-1,True,True,0.0,0.3,0.005,False,False,0.127,-0.058,38.975,1393,1.85,,,,,0,False,False,0.0,False,8.21,6.04,20.0,
31.25,25428,273.904,-957.592,-0.007,5.746,30.0,1278,-1,151.15,False,-1,True,True,0.0,0.3,0.01,False,False,0.012,-0.04,39.085,1393,1.85,,,,,0,False,False,0.0,False,7.92,5.99,20.0,
31.3,25429,274.122,-957.413,-0.006,5.612,30.0,1278,-1,151.43,False,-1,True,True,0.0,0.3,0.005,False,False,-0.08,-0.026,39.125,1393,1.85,,,,,0,False,False,0.0,False,7.64,5.87,20.0,
31.35,25430,274.333,-957.24,-0.006,5.354,30.0,1278,-1,151.7,False,-1,True,True,0.0,0.236,0.008,False,False,-0.157,-0.021,39.21,1393,1.85,,,,,0,False,False,0.0,False,7.37,5.81,20.0,
31.4,25431,274.537,-957.073,-0.005,5.253,30.0,1278,-1,151.97,False,-1,True,True,0.693,0.0,0.003,False,False,-0.202,-0.012,39.23,1393,1.85,,,,,0,False,False,0.0,False,7.1,5.68,20.0,
31.45,25432,274.735,-956.911,-0.005,5.052,30.0,1970,-1,0.0,True,1,True,False,0.75,0.0,0.006,False,False,-0.224,-0.01,39.303,1393,1.85,,,,,0,False,False,0.0,False,6.85,5.63,20.0,
31.5,25433,274.93,-956.751,-0.005,5.027,30.0,1970,-1,0.21,True,1,True,False,0.75,0.0,0.0,False,False,-0.215,-0.003,39.336,1393,1.85,,,,,0,False,False,0.0,False,6.59,5.53,20.0,
31.55,25434,275.124,-956.592,-0.006,5.023,30.0,1278,-1,152.73,False,-1,True,True,0.75,0.0,0.002,False,False,-0.165,-0.002,39.353,1393,1.85,,,,,0,False,False,0.0,False,6.34,5.51,20.0,
31.6,25435,275.319,-956.432,-0.006,4.999,30.0,1278,-1,152.98,False,-1,True,True,0.75,0.0,0.003,False,False,-0.107,-0.004,39.384,1393,1.85,,,,,0,False,False,0.0,False,6.09,5.51,20.0,
31.65,25436,275.502,-956.281,-0.006,4.604,30.0,1969,-1,0.21,True,1,True,True,0.75,0.0,0.001,False,False,-0.152,-0.002,39.353,1393,1.85,,,,,0,False,False,0.0,False,5.85,5.5,20.0,
31.7,25437,275.672,-956.141,-0.005,4.326,30.0,1969,-1,0.43,True,1,True,True,0.75,0.0,0.006,False,False,-0.237,-0.006,39.358,1393,1.85,,,,,0,False,False,0.0,False,5.63,5.3,20.0,
31.75,25438,275.835,-956.007,-0.005,4.173,30.0,1969,-1,0.64,True,1,True,True,0.75,0.0,0.003,False,False,-0.282,-0.006,39.374,1393,1.85,,,,,0,False,False,0.0,False,5.42,5.16,20.0,
31.8,25439,275.995,-955.875,-0.005,4.115,30.0,1969,-1,0.85,True,1,True,True,0.75,0.0,0.002,False,False,-0.271,-0.003,39.385,1393,1.85,,,,,0,False,False,0.0,False,5.22,5.09,20.0,
31.85,25440,276.154,-955.744,-0.005,4.12,30.0,1969,-1,1.16,True,1,True,True,0.75,0.0,0.002,False,False,-0.216,-0.001,39.395,1393,1.85,,,,,0,False,False,0.0,False,5.01,5.06,20.0,
31.9,25441,276.315,-955.613,-0.006,4.163,30.0,1969,-1,1.37,True,1,True,True,0.75,0.0,-0.011,False,False,-0.139,0.02,39.367,1393,5.56,,,,,0,False,False,0.0,False,8.5,5.06,20.0,
31.95,25442,276.478,-955.479,-0.007,4.232,30.0,1969,-1,1.58,True,1,True,True,0.75,0.0,0.001,False,False,-0.056,0.016,39.351,1393,5.56,,,,,0,False,False,0.0,False,8.29,5.08,20.0,
32.0,25443,276.644,-955.343,-0.007,4.315,30.0,1969,-1,1.8,True,1,True,True,0.75,0.0,0.001,False,False,0.02,0.007,39.35,1393,5.56,,,,,0,False,False,0.0,False,8.08,5.12,20.0,
32.05,25444,276.813,-955.204,-0.008,4.407,30.0,1969,-1,2.16,True,1,True,True,0.75,0.0,-0.0,False,False,0.086,0.004,39.35,1393,5.56,,,,,0,False,False,0.0,False,7.86,5.16,20.0,
32.1,25445,276.986,-955.062,-0.008,4.505,30.0,1969,-1,2.38,True,1,True,True,0.75,0.0,-0.0,False,False,0.138,0.002,39.349,1393,5.56,,,,,0,False,False,0.0,False,7.64,5.2,20.0,
32.15,25446,277.163,-954.917,-0.009,4.606,30.0,1969,-1,2.61,True,1,True,True,0.75,0.0,-0.0,False,False,0.177,0.001,39.347,1393,5.56,,,,,0,False,False,0.0,False,7.41,5.25,20.0,
32.2,25447,277.344,-954.769,-0.009,4.709,30.0,1969,-1,2.84,True,1,True,True,0.75,0.0,-0.0,False,False,0.206,0.001,39.346,1393,5.56,,,,,0,False,False,0.0,False,7.17,5.3,20.0,
32.25,25448,277.529,-954.618,-0.009,4.813,30.0,1969,-1,3.08,True,1,True,True,0.75,0.0,-0.0,False,False,0.227,0.0,39.345,1393,5.56,,,,,0,False,False,0.0,False,6.93,5.35,20.0,
32.3,25449,277.717,-954.463,-0.009,4.917,30.0,1969,-1,3.32,True,1,True,True,0.75,0.0,-0.0,False,False,0.241,0.0,39.344,1393,5.56,,,,,0,False,False,0.0,False,6.69,5.41,20.0,
32.35,25450,277.91,-954.306,-0.009,5.021,30.0,1969,-1,3.57,True,1,True,True,0.75,0.0,-0.0,False,False,0.25,-0.0,39.343,1393,5.56,,,,,0,False,False,0.0,False,6.44,5.46,20.0,
32.4,25451,278.106,-954.144,-0.009,5.122,30.0,1969,-1,3.83,True,1,True,True,0.75,0.0,-0.0,False,False,0.255,-0.0,39.342,1393,5.56,,,,,0,False,False,0.0,False,6.19,5.51,20.0,
32.45,25452,278.307,-953.98,-0.009,5.26,30.0,1969,-1,4.0,True,1,True,True,0.75,0.0,-0.0,False,False,0.26,0.0,39.341,1393,5.56,,,,,0,False,False,0.0,False,5.93,5.56,20.0,
32.5,25453,278.511,-953.813,-0.009,5.288,30.0,1969,-1,4.2,True,1,True,True,0.75,0.0,-0.0,False,False,0.256,-0.0,39.342,1393,5.56,,,,,0,False,False,0.0,False,5.66,5.63,20.0,
32.55,25454,278.719,-953.642,-0.009,5.406,30.0,1393,-1,0.16,False,-1,True,True,0.75,0.0,-0.0,False,False,0.251,0.0,39.327,1393,5.56,,,,,0,False,False,0.0,False,5.4,5.64,20.0,
32.6,25455,278.925,-953.473,-0.009,5.312,30.0,1393,-1,0.43,False,-1,True,True,0.592,0.0,0.019,False,False,0.207,-0.029,39.404,1393,9.26,,,,,0,False,False,0.0,False,8.83,5.7,20.0,
32.65,25456,279.13,-953.303,-0.008,5.364,30.0,1393,-1,0.69,False,-1,True,True,0.75,0.0,-0.002,False,False,0.165,-0.022,39.422,1393,9.26,,,,,0,False,False,0.0,False,8.56,5.66,20.0,
32.7,25457,279.336,-953.134,-0.008,5.293,30.0,1393,-1,0.96,False,-1,True,True,0.728,0.0,0.001,False,False,0.125,-0.013,39.474,1393,9.26,,,,,0,False,False,0.0,False,8.3,5.68,20.0,
32.75,25458,279.542,-952.964,-0.008,5.377,30.0,1393,-1,1.23,False,-1,True,True,0.75,0.0,-0.002,False,False,0.109,-0.002,39.459,1393,9.26,,,,,0,False,False,0.0,False,8.03,5.65,20.0,
32.8,25459,279.748,-952.795,-0.008,5.324,30.0,1393,-1,1.49,False,-1,True,True,0.673,0.0,0.003,False,False,0.097,-0.003,39.499,1393,9.26,,,,,0,False,False,0.0,False,7.76,5.69,20.0,
32.85,25460,279.955,-952.624,-0.008,5.39,30.0,1393,-1,1.76,False,-1,True,True,0.75,0.0,-0.002,False,False,0.093,0.0,39.475,1393,9.26,,,,,0,False,False,0.0,False,7.5,5.66,20.0,
32.9,25461,280.161,-952.454,-0.008,5.316,30.0,1393,-1,2.03,False,-1,True,True,0.619,0.0,0.003,False,False,0.08,-0.003,39.508,1393,9.26,,,,,0,False,False,0.0,False,7.23,5.69,20.0,
32.95,25462,280.378,-952.275,-0.009,5.824,30.0,1393,-1,2.31,False,-1,True,True,0.75,0.0,-0.002,False,False,0.175,0.001,39.465,1393,9.26,,,,,0,False,False,0.0,False,6.95,5.66,20.0,
33.0,25463,280.611,-952.083,-0.01,6.12,30.0,1393,-1,2.61,False,-1,True,True,0.0,0.3,0.004,False,False,0.323,-0.006,39.461,1393,9.26,,,,,0,False,False,0.0,False,6.64,5.91,20.0,
33.05,25464,280.854,-951.882,-0.011,6.383,30.0,1393,-1,2.93,False,-1,True,True,0.0,0.3,0.002,False,False,0.416,-0.008,39.473,1393,9.26,,,,,0,False,False,0.0,False,6.33,6.06,20.0,
33.1,25465,281.1,-951.679,-0.011,6.358,30.0,1393,-1,3.25,False,-1,True,True,0.0,0.3,0.0,False,False,0.409,-0.004,39.48,1393,9.26,,,,,0,False,False,0.0,False,6.01,6.19,20.0,
33.15,25466,281.349,-951.482,-0.01,6.344,30.0,1393,-1,3.56,False,-1,True,True,0.0,0.3,-0.1,False,False,0.334,0.165,39.217,1393,12.97,,,,,0,False,False,0.0,False,9.69,6.18,20.0,
33.2,25467,281.593,-951.291,-0.009,6.152,30.0,1393,-1,3.87,False,-1,True,True,0.0,0.3,-0.031,False,False,0.216,0.214,38.861,1393,12.97,,,,,0,False,False,0.0,False,9.38,6.17,20.0,
33.25,25468,281.831,-951.102,-0.008,6.043,30.0,1393,-1,4.18,False,-1,True,True,0.0,0.3,-0.012,False,False,0.1,0.153,38.607,1393,12.97,,,,,0,False,False,0.0,False,9.08,6.08,20.0,
33.3,25469,282.062,-950.92,-0.007,5.795,30.0,1393,-1,4.47,False,-1,True,True,0.0,0.3,-0.012,False,False,-0.013,0.099,38.474,1393,12.97,,,,,0,False,False,0.0,False,8.78,6.02,20.0,
33.35,25470,282.285,-950.744,-0.006,5.654,30.0,1393,-1,4.76,False,-1,True,True,0.0,0.3,-0.016,False,False,-0.102,0.074,38.32,1393,12.97,,,,,0,False,False,0.0,False,8.5,5.9,20.0,
33.4,25471,282.501,-950.576,-0.005,5.384,30.0,1393,-1,5.03,False,-1,True,True,0.0,0.3,-0.009,False,False,-0.178,0.053,38.241,1393,12.97,,,,,0,False,False,0.0,False,8.22,5.83,20.0,
33.45,25472,282.71,-950.412,-0.005,5.271,30.0,1393,-1,5.29,False,-1,True,True,0.576,0.0,-0.012,False,False,-0.223,0.043,38.126,1393,12.97,,,,,0,False,False,0.0,False,7.96,5.69,20.0,
33.5,25473,282.913,-950.254,-0.005,5.069,30.0,1393,-1,5.55,False,-1,True,True,0.75,0.0,-0.006,False,False,-0.243,0.031,38.09,1393,12.97,,,,,0,False,False,0.0,False,7.7,5.64,20.0,
33.55,25474,283.114,-950.098,-0.005,5.111,30.0,1393,-1,5.81,False,-1,True,True,0.75,0.0,-0.01,False,False,-0.214,0.028,38.015,1393,12.97,,,,,0,False,False,0.0,False,7.45,5.53,20.0,
33.6,25475,283.315,-949.943,-0.006,5.037,30.0,1393,-1,6.06,False,-1,True,True,0.75,0.0,-0.005,False,False,-0.16,0.021,38.0,1393,12.97,,,,,0,False,False,0.0,False,7.19,5.56,20.0,
33.65,25476,283.51,-949.79,-0.006,4.791,30.0,1393,-1,6.31,False,-1,True,True,0.75,0.0,-0.008,False,False,-0.152,0.018,37.925,1393,12.97,,,,,0,False,False,0.0,False,6.95,5.52,20.0,
33.7,25477,283.69,-949.651,-0.005,4.425,30.0,1393,-1,6.53,False,-1,True,True,0.75,0.0,-0.002,False,False,-0.24,0.01,37.863,1393,12.97,,,,,0,False,False,0.0,False,6.72,5.4,20.0,
33.75,25478,283.858,-949.52,-0.005,4.201,30.0,1393,-1,6.75,False,-1,True,True,0.75,0.0,-0.001,False,False,-0.31,0.002,37.842,1393,12.97,,,,,0,False,False,0.0,False,6.51,5.21,20.0,
33.8,25479,284.021,-949.394,-0.005,4.091,30.0,1393,-1,6.95,False,-1,True,True,0.75,0.0,-0.003,False,False,-0.323,0.001,37.827,1393,12.97,,,,,0,False,False,0.0,False,6.3,5.1,20.0,
33.85,25480,284.182,-949.269,-0.005,4.062,30.0,1393,-1,7.16,False,-1,True,True,0.75,0.0,-0.003,False,False,-0.282,0.002,37.813,1393,12.97,,,,,0,False,False,0.0,False,6.1,5.05,20.0,
33.9,25481,284.344,-949.144,-0.006,4.086,30.0,1393,-1,7.36,False,-1,True,True,0.75,0.0,-0.002,False,False,-0.207,0.002,37.799,1393,12.97,,,,,0,False,False,0.0,False,5.89,5.03,20.0,
33.95,25482,284.507,-949.018,-0.006,4.142,30.0,1393,-1,7.57,False,-1,True,True,0.75,0.0,-0.002,False,False,-0.118,0.002,37.788,1393,12.97,,,,,0,False,False,0.0,False,5.68,5.04,20.0,
34.0,25483,284.673,-948.889,-0.007,4.218,30.0,1393,-1,7.78,False,-1,True,True,0.75,0.0,-0.002,False,False,-0.032,0.001,37.778,1393,12.97,,,,,0,False,False,0.0,False,5.47,5.07,20.0,
34.05,25484,284.843,-948.758,-0.008,4.306,30.0,1393,-1,7.99,False,-1,True,True,0.75,0.0,-0.001,False,False,0.044,0.001,37.77,1393,12.97,,,,,0,False,False,0.0,False,5.26,5.11,20.0,
34.1,25485,285.016,-948.624,-0.008,4.402,30.0,1393,-1,8.21,False,-1,True,True,0.75,0.0,-0.001,False,False,0.106,0.001,37.762,1393,12.97,,,,,0,False,False,0.0,False,5.04,5.15,20.0,
34.15,25486,285.195,-948.491,-0.009,4.491,30.0,1393,-1,8.43,False,-1,True,True,0.75,0.0,-0.101,False,False,0.152,0.108,37.573,1393,16.67,,,,,0,False,False,0.0,False,8.49,5.2,20.0,
34.2,25487,285.381,-948.36,-0.009,4.585,30.0,1393,-1,8.66,False,-1,True,True,0.75,0.0,-0.117,False,False,0.182,0.282,37.069,1393,16.67,,,,,0,False,False,0.0,False,8.27,5.25,20.0,
34.25,25488,285.572,-948.228,-0.009,4.692,30.0,1393,-1,8.89,False,-1,True,True,0.75,0.0,-0.076,False,False,0.207,0.322,36.554,1393,16.67,,,,,0,False,False,0.0,False,8.03,5.29,20.0,
34.3,25489,285.768,-948.093,-0.009,4.799,30.0,1393,-1,9.13,False,-1,True,True,0.75,0.0,-0.059,False,False,0.227,0.279,36.132,1393,16.67,,,,,0,False,False,0.0,False,7.8,5.35,20.0,
34.35,25490,285.969,-947.956,-0.009,4.905,30.0,1393,-1,9.37,False,-1,True,True,0.75,0.0,-0.051,False,False,0.241,0.222,35.773,1393,16.67,,,,,0,False,False,0.0,False,7.55,5.4,20.0,
34.4,25491,286.174,-947.816,-0.009,5.01,30.0,1393,-1,9.62,False,-1,True,True,0.75,0.0,-0.044,False,False,0.25,0.17,35.46,1393,16.67,,,,,0,False,False,0.0,False,7.3,5.45,20.0,
34.45,25492,286.384,-947.674,-0.009,5.117,30.0,1393,-1,9.87,False,-1,True,True,0.75,0.0,-0.037,False,False,0.257,0.121,35.191,1393,16.67,,,,,0,False,False,0.0,False,7.05,5.51,20.0,
34.5,25493,286.598,-947.528,-0.009,5.199,30.0,1393,-1,10.13,False,-1,True,True,0.75,0.0,-0.032,False,False,0.257,0.086,34.936,1393,16.67,,,,,0,False,False,0.0,False,6.79,5.56,20.0,
34.55,25494,286.812,-947.383,-0.009,5.176,30.0,1393,-1,10.39,False,-1,True,True,0.75,0.0,-0.024,False,False,0.225,0.054,34.774,1393,16.67,,,,,0,False,False,0.0,False,6.53,5.6,20.0,
34.6,25495,287.026,-947.239,-0.009,5.161,30.0,1393,-1,10.65,False,-1,True,True,0.75,0.0,-0.026,False,False,0.179,0.04,34.548,1393,16.67,,,,,0,False,False,0.0,False,6.28,5.59,20.0,
34.65,25496,287.24,-947.095,-0.008,5.164,30.0,1393,-1,10.9,False,-1,True,True,0.75,0.0,-0.014,False,False,0.142,0.02,34.443,1393,16.67,,,,,0,False,False,0.0,False,6.02,5.58,20.0,
34.7,25497,287.454,-946.951,-0.008,5.181,30.0,1393,-1,11.16,False,-1,True,True,0.75,0.0,-0.019,False,False,0.12,0.017,34.272,1393,16.67,,,,,0,False,False,0.0,False,5.76,5.58,20.0,
34.75,25498,287.67,-946.806,-0.008,5.206,30.0,1393,-1,11.42,False,-1,True,True,0.75,0.0,-0.009,False,False,0.112,0.007,34.211,1393,16.67,,,,,0,False,False,0.0,False,5.5,5.59,20.0,
34.8,25499,287.887,-946.664,-0.008,5.193,30.0,1393,-1,11.68,False,-1,True,True,0.75,0.0,-0.109,False,False,0.099,0.104,33.931,1393,20.38,,,,,0,False,False,0.0,False,8.94,5.6,20.0,
34.85,25500,288.106,-946.525,-0.008,5.186,30.0,1393,-1,11.94,False,-1,True,True,0.75,0.0,-0.057,False,False,0.085,0.176,33.604,1393,20.38,,,,,0,False,False,0.0,False,8.68,5.6,20.0,
34.9,25501,288.336,-946.378,-0.009,5.637,30.0,1393,-1,12.05,False,-1,True,True,0.75,0.0,-0.042,False,False,0.177,0.184,33.191,1393,20.38,,,,,0,False,False,0.0,False,8.41,5.59,20.0,
34.95,25502,288.586,-946.22,-0.01,6.023,30.0,1393,-1,12.34,False,-1,True,True,0.0,0.265,-0.023,False,False,0.335,0.149,32.906,1393,20.38,,,,,0,False,False,0.0,False,8.11,5.82,20.0,
35.0,25503,288.847,-946.056,-0.011,6.231,30.0,1393,-1,12.65,False,-1,True,True,0.0,0.3,-0.022,False,False,0.429,0.116,32.655,1393,20.38,,,,,0,False,False,0.0,False,7.8,6.01,20.0,
35.05,25504,289.112,-945.889,-0.011,6.271,30.0,1393,-1,12.97,False,-1,True,True,0.0,0.3,-0.017,False,False,0.426,0.087,32.493,1393,20.38,,,,,0,False,False,0.0,False,7.49,6.12,20.0,
35.1,25505,289.375,-945.724,-0.01,6.18,30.0,1393,-1,13.2,False,-1,True,True,0.0,0.3,-0.018,False,False,0.341,0.07,32.299,1393,20.38,,,,,0,False,False,0.0,False,7.18,6.14,20.0,
35.15,25506,289.633,-945.563,-0.009,6.05,30.0,1393,-1,13.51,False,-1,True,True,0.0,0.3,-0.01,False,False,0.222,0.048,32.211,1393,20.38,,,,,0,False,False,0.0,False,6.87,6.09,20.0,
35.2,25507,289.885,-945.407,-0.008,5.89,30.0,1393,-1,13.8,False,-1,True,True,0.0,0.3,-0.014,False,False,0.102,0.041,32.065,1393,20.38,,,,,0,False,False,0.0,False,6.58,6.03,20.0,
35.25,25508,290.13,-945.255,-0.007,5.711,30.0,1393,-1,14.09,False,-1,True,True,0.0,0.3,-0.006,False,False,-0.005,0.026,32.02,1393,20.38,,,,,0,False,False,0.0,False,6.29,5.94,20.0,
35.3,25509,290.367,-945.107,-0.006,5.518,30.0,1393,-1,14.37,False,-1,True,True,0.0,0.3,-0.011,False,False,-0.095,0.023,31.908,1393,20.38,,,,,0,False,False,0.0,False,6.01,5.86,20.0,
35.35,25510,290.597,-944.966,-0.006,5.351,30.0,1393,-1,14.64,False,-1,True,True,0.108,0.0,-0.003,False,False,-0.159,0.013,31.894,1393,20.38,,,,,0,False,False,0.0,False,5.74,5.76,20.0,
35.4,25511,290.82,-944.827,-0.005,5.21,30.0,1393,-1,14.9,False,-1,True,True,0.708,0.0,-0.009,False,False,-0.192,0.014,31.805,1393,20.38,,,,,0,False,False,0.0,False,5.48,5.68,20.0,
35.45,25512,291.04,-944.696,-0.005,5.078,30.0,1393,-1,15.16,False,-1,True,True,0.75,0.0,-0.109,False,False,-0.205,0.119,31.64,1393,24.08,,,,,0,False,False,0.0,False,8.92,5.6,20.0,
35.5,25513,291.258,-944.567,-0.005,5.057,30.0,1393,-1,15.41,False,-1,True,True,0.75,0.0,-0.026,False,False,-0.183,0.155,31.315,1393,24.08,,,,,0,False,False,0.0,False,8.67,5.54,20.0,
35.55,25514,291.476,-944.438,-0.006,5.055,30.0,1393,-1,15.66,False,-1,True,True,0.75,0.0,-0.003,False,False,-0.132,0.091,31.201,1393,24.08,,,,,0,False,False,0.0,False,8.42,5.53,20.0,
35.6,25515,291.688,-944.311,-0.006,4.788,30.0,1393,-1,15.91,False,-1,True,True,0.75,0.0,-0.014,False,False,-0.127,0.055,31.067,1393,24.08,,,,,0,False,False,0.0,False,8.17,5.53,20.0,
35.65,25516,291.884,-944.194,-0.005,4.449,30.0,1393,-1,16.14,False,-1,True,True,0.75,0.0,-0.009,False,False,-0.213,0.031,30.982,1393,24.08,,,,,0,False,False,0.0,False,7.94,5.39,20.0,
35.7,25517,292.069,-944.084,-0.005,4.247,30.0,1393,-1,16.35,False,-1,True,True,0.75,0.0,-0.009,False,False,-0.279,0.018,30.924,1393,24.08,,,,,0,False,False,0.0,False,7.73,5.22,20.0,
35.75,25518,292.249,-943.978,-0.005,4.152,30.0,1393,-1,16.56,False,-1,True,True,0.75,0.0,-0.009,False,False,-0.29,0.012,30.873,1393,24.08,,,,,0,False,False,0.0,False,7.52,5.12,20.0,
35.8,25519,292.427,-943.872,-0.005,4.133,30.0,1393,-1,16.77,False,-1,True,True,0.75,0.0,-0.008,False,False,-0.249,0.008,30.827,1393,24.08,,,,,0,False,False,0.0,False,7.31,5.08,20.0,
35.85,25520,292.606,-943.766,-0.006,4.162,30.0,1393,-1,16.98,False,-1,True,True,0.75,0.0,-0.007,False,False,-0.178,0.006,30.786,1393,24.08,,,,,0,False,False,0.0,False,7.1,5.07,20.0,
35.9,25521,292.788,-943.659,-0.006,4.221,30.0,1393,-1,17.19,False,-1,True,True,0.75,0.0,-0.006,False,False,-0.095,0.004,30.751,1393,24.08,,,,,0,False,False,0.0,False,6.89,5.08,20.0,
35.95,25522,292.972,-943.551,-0.007,4.298,30.0,1393,-1,17.4,False,-1,True,True,0.75,0.0,-0.005,False,False,-0.013,0.002,30.72,1393,24.08,,,,,0,False,False,0.0,False,6.68,5.11,20.0,
36.0,25523,293.16,-943.44,-0.008,4.387,30.0,1393,-1,17.62,False,-1,True,True,0.75,0.0,-0.004,False,False,0.058,0.001,30.694,1393,24.08,,,,,0,False,False,0.0,False,6.46,5.15,20.0,
36.05,25524,293.351,-943.326,-0.008,4.482,30.0,1393,-1,17.84,False,-1,True,True,0.75,0.0,-0.004,False,False,0.116,0.0,30.67,1393,24.08,,,,,0,False,False,0.0,False,6.24,5.19,20.0,
36.1,25525,293.547,-943.211,-0.009,4.582,30.0,1393,-1,18.07,False,-1,True,True,0.75,0.0,-0.003,False,False,0.161,0.0,30.65,1393,24.08,,,,,0,False,False,0.0,False,6.01,5.24,20.0,
36.15,25526,293.747,-943.093,-0.009,4.684,30.0,1393,-1,18.3,False,-1,True,True,0.75,0.0,-0.003,False,False,0.194,-0.0,30.632,1393,24.08,,,,,0,False,False,0.0,False,5.78,5.29,20.0,
36.2,25527,293.952,-942.972,-0.009,4.788,30.0,1393,-1,18.54,False,-1,True,True,0.75,0.0,-0.002,False,False,0.218,-0.0,30.618,1393,24.08,,,,,0,False,False,0.0,False,5.54,5.34,20.0,
36.25,25528,294.161,-942.849,-0.009,4.892,30.0,1393,-1,18.78,False,-1,True,True,0.75,0.0,-0.002,False,False,0.235,-0.0,30.604,1393,24.08,,,,,0,False,False,0.0,False,5.3,5.39,20.0,
36.3,25529,294.376,-942.726,-0.009,4.989,30.0,1393,-1,19.03,False,-1,True,True,0.75,0.0,-0.065,False,False,0.244,0.088,30.439,1393,27.79,,,,,0,False,False,0.0,False,8.76,5.45,20.0,
36.35,25530,294.595,-942.6,-0.009,5.093,30.0,1393,-1,19.28,False,-1,True,True,0.75,0.0,-0.006,False,False,0.251,0.088,30.283,1393,27.79,,,,,0,False,False,0.0,False,8.5,5.49,20.0,
36.4,25531,294.818,-942.471,-0.009,5.187,30.0,1393,-1,19.54,False,-1,True,True,0.75,0.0,-0.001,False,False,0.254,0.04,30.243,1393,27.79,,,,,0,False,False,0.0,False,8.25,5.55,20.0,
36.45,25532,295.042,-942.341,-0.009,5.167,30.0,1393,-1,19.8,False,-1,True,True,0.75,0.0,-0.008,False,False,0.227,0.023,30.163,1393,27.79,,,,,0,False,False,0.0,False,7.99,5.59,20.0,
36.5,25533,295.265,-942.213,-0.009,5.151,30.0,1393,-1,20.06,False,-1,True,True,0.75,0.0,-0.003,False,False,0.182,0.011,30.167,1393,27.79,,,,,0,False,False,0.0,False,7.73,5.58,20.0,
36.55,25534,295.488,-942.084,-0.008,5.151,30.0,1393,-1,20.31,False,-1,True,True,0.75,0.0,-0.009,False,False,0.144,0.012,30.082,1393,27.79,,,,,0,False,False,0.0,False,7.47,5.58,20.0,
36.6,25535,295.711,-941.956,-0.008,5.167,30.0,1393,-1,20.57,False,-1,True,True,0.75,0.0,-0.0,False,False,0.121,0.003,30.094,1393,27.79,,,,,0,False,False,0.0,False,7.21,5.58,20.0,
36.65,25536,295.935,-941.826,-0.008,5.197,30.0,1393,-1,20.83,False,-1,True,True,0.75,0.0,-0.007,False,False,0.112,0.006,30.021,1393,27.79,,,,,0,False,False,0.0,False,6.96,5.58,20.0,
36.7,25537,296.16,-941.697,-0.008,5.192,30.0,1393,-1,21.09,False,-1,True,True,0.75,0.0,0.001,False,False,0.102,-0.0,30.039,1393,27.79,,,,,0,False,False,0.0,False,6.7,5.6,20.0,
36.75,25538,296.385,-941.567,-0.008,5.189,30.0,1393,-1,21.35,False,-1,True,True,0.75,0.0,-0.006,False,False,0.092,0.004,29.974,1393,27.79,,,,,0,False,False,0.0,False,6.44,5.6,20.0,
36.8,25539,296.617,-941.433,-0.008,5.545,30.0,1393,-1,21.62,False,-1,True,True,0.75,0.0,0.002,False,False,0.152,-0.002,29.963,1393,27.79,,,,,0,False,False,0.0,False,6.17,5.59,20.0,
36.85,25540,296.87,-941.287,-0.01,5.969,30.0,1393,-1,21.91,False,-1,True,True,0.069,0.0,-0.001,False,False,0.311,-0.001,29.92,1393,27.79,,,,,0,False,False,0.0,False,5.88,5.77,20.0,
36.9,25541,297.138,-941.136,-0.011,6.22,30.0,1393,-1,22.22,False,-1,True,True,0.0,0.3,-0.033,False,False,0.427,0.064,29.816,1393,31.5,,,,,0,False,False,0.0,False,9.27,5.98,20.0,
36.95,25542,297.411,-940.981,-0.011,6.272,30.0,1393,-1,22.53,False,-1,True,True,0.0,0.3,-0.001,False,False,0.439,0.058,29.691,1393,31.5,,,,,0,False,False,0.0,False,8.96,6.11,20.0,
37.0,25543,297.681,-940.827,-0.01,6.189,30.0,1393,-1,22.84,False,-1,True,True,0.0,0.3,0.004,False,False,0.36,0.023,29.693,1393,31.5,,,,,0,False,False,0.0,False,8.65,6.14,20.0,
37.05,25544,297.945,-940.676,-0.009,6.06,30.0,1393,-1,23.15,False,-1,True,True,0.0,0.3,-0.005,False,False,0.24,0.015,29.634,1393,31.5,,,,,0,False,False,0.0,False,8.34,6.09,20.0,
37.1,25545,298.204,-940.53,-0.008,5.902,30.0,1393,-1,23.44,False,-1,True,True,0.0,0.3,-0.005,False,False,0.117,0.016,29.642,1393,31.5,,,,,0,False,False,0.0,False,8.05,6.03,20.0,
37.15,25546,298.455,-940.387,-0.007,5.724,30.0,1393,-1,23.73,False,-1,True,True,0.0,0.3,-0.003,False,False,0.007,0.015,29.577,1393,31.5,,,,,0,False,False,0.0,False,7.76,5.95,20.0,
37.2,25547,298.698,-940.249,-0.006,5.532,30.0,1393,-1,24.01,False,-1,True,True,0.0,0.3,0.004,False,False,-0.085,0.002,29.609,1393,31.5,,,,,0,False,False,0.0,False,7.48,5.86,20.0,
37.25,25548,298.934,-940.115,-0.006,5.364,30.0,1393,-1,24.28,False,-1,True,True,0.057,0.0,-0.004,False,False,-0.153,0.003,29.56,1393,31.5,,,,,0,False,False,0.0,False,7.21,5.77,20.0,
37.3,25549,299.163,-939.986,-0.005,5.22,30.0,1393,-1,24.55,False,-1,True,True,0.661,0.0,0.003,False,False,-0.188,-0.002,29.599,1393,31.5,,,,,0,False,False,0.0,False,6.94,5.68,20.0,
37.35,25550,299.386,-939.859,-0.005,5.094,30.0,1393,-1,24.8,False,-1,True,True,0.75,0.0,-0.004,False,False,-0.202,0.002,29.551,1393,31.5,,,,,0,False,False,0.0,False,6.69,5.61,20.0,
37.4,25551,299.606,-939.734,-0.005,5.053,30.0,1393,-1,25.06,False,-1,True,True,0.75,0.0,0.003,False,False,-0.186,-0.003,29.602,1393,31.5,,,,,0,False,False,0.0,False,6.44,5.55,20.0,
37.45,25552,299.826,-939.609,-0.006,5.047,30.0,1393,-1,25.31,False,-1,True,True,0.75,0.0,-0.005,False,False,-0.138,0.003,29.557,1393,31.5,,,,,0,False,False,0.0,False,6.18,5.53,20.0,
37.5,25553,300.044,-939.486,-0.006,4.867,30.0,1393,-1,25.56,False,-1,True,True,0.75,0.0,0.003,False,False,-0.113,-0.001,29.576,1393,31.5,,,,,0,False,False,0.0,False,5.93,5.52,20.0,
37.55,25554,300.244,-939.372,-0.006,4.497,30.0,1393,-1,25.79,False,-1,True,True,0.75,0.0,-0.002,False,False,-0.193,0.001,29.559,1393,31.5,,,,,0,False,False,0.0,False,5.7,5.43,20.0,
37.6,25555,300.433,-939.265,-0.005,4.269,30.0,1393,-1,26.01,False,-1,True,True,0.75,0.0,0.001,False,False,-0.268,-0.001,29.555,1393,31.5,,,,,0,False,False,0.0,False,5.48,5.25,20.0,
37.65,25556,300.615,-939.161,-0.005,4.156,30.0,1393,-1,26.22,False,-1,True,True,0.75,0.0,0.0,False,False,-0.291,-0.001,29.556,1393,31.5,,,,,0,False,False,0.0,False,5.28,5.13,20.0,
37.7,25557,300.795,-939.059,-0.005,4.124,30.0,1393,-1,26.42,False,-1,True,True,0.75,0.0,-0.0,False,False,-0.26,-0.0,29.557,1393,31.5,,,,,0,False,False,0.0,False,5.07,5.08,20.0,
37.75,25558,300.975,-938.957,-0.006,4.145,30.0,1393,-1,26.63,False,-1,True,True,0.75,0.0,0.0,False,False,-0.193,-0.0,29.557,1393,31.5,,,,,0,False,False,0.0,False,4.86,5.06,20.0,
37.8,25559,301.158,-938.855,-0.006,4.198,30.0,1393,-1,26.84,False,-1,True,True,0.75,0.0,-0.023,False,False,-0.111,0.037,29.49,1393,35.2,,,,,0,False,False,0.0,False,8.36,5.07,20.0,
37.85,25560,301.344,-938.751,-0.007,4.273,30.0,1393,-1,27.05,False,-1,True,True,0.75,0.0,-0.0,False,False,-0.029,0.03,29.445,1393,35.2,,,,,0,False,False,0.0,False,8.14,5.1,20.0,
37.9,25561,301.533,-938.645,-0.008,4.36,30.0,1393,-1,27.27,False,-1,True,True,0.75,0.0,-0.0,False,False,0.044,0.013,29.433,1393,35.2,,,,,0,False,False,0.0,False,7.93,5.14,20.0,
37.95,25562,301.726,-938.536,-0.008,4.454,30.0,1393,-1,27.49,False,-1,True,True,0.75,0.0,-0.002,False,False,0.105,0.006,29.422,1393,35.2,,,,,0,False,False,0.0,False,7.71,5.18,20.0,
38.0,25563,301.923,-938.425,-0.009,4.554,30.0,1393,-1,27.72,False,-1,True,True,0.75,0.0,-0.002,False,False,0.153,0.004,29.409,1393,35.2,,,,,0,False,False,0.0,False,7.48,5.23,20.0,
38.05,25564,302.124,-938.312,-0.009,4.656,30.0,1393,-1,27.95,False,-1,True,True,0.75,0.0,-0.002,False,False,0.189,0.002,29.398,1393,35.2,,,,,0,False,False,0.0,False,7.25,5.28,20.0,
38.1,25565,302.33,-938.196,-0.009,4.759,30.0,1393,-1,28.18,False,-1,True,True,0.75,0.0,-0.001,False,False,0.214,0.001,29.389,1393,35.2,,,,,0,False,False,0.0,False,7.01,5.33,20.0,
38.15,25566,302.54,-938.078,-0.009,4.863,30.0,1393,-1,28.42,False,-1,True,True,0.75,0.0,-0.001,False,False,0.232,0.0,29.381,1393,35.2,,,,,0,False,False,0.0,False,6.77,5.38,20.0,
38.2,25567,302.755,-937.957,-0.009,4.967,30.0,1393,-1,28.67,False,-1,True,True,0.75,0.0,-0.001,False,False,0.244,-0.0,29.374,1393,35.2,,,,,0,False,False,0.0,False,6.53,5.43,20.0,
38.25,25568,302.974,-937.834,-0.009,5.071,30.0,1393,-1,28.92,False,-1,True,True,0.75,0.0,-0.001,False,False,0.252,-0.0,29.368,1393,35.2,,,,,0,False,False,0.0,False,6.27,5.48,20.0,
38.3,25569,303.198,-937.708,-0.009,5.157,30.0,1393,-1,29.18,False,-1,True,True,0.75,0.0,-0.001,False,False,0.256,-0.0,29.362,1393,35.2,,,,,0,False,False,0.0,False,6.02,5.54,20.0,
38.35,25570,303.426,-937.58,-0.009,5.309,30.0,1393,-1,29.44,False,-1,True,True,0.75,0.0,-0.001,False,False,0.26,-0.0,29.358,1393,35.2,,,,,0,False,False,0.0,False,5.76,5.58,20.0,
38.4,25571,303.658,-937.449,-0.009,5.337,30.0,1393,-1,29.71,False,-1,True,True,0.75,0.0,-0.001,False,False,0.256,-0.0,29.355,1393,35.2,,,,,0,False,False,0.0,False,5.49,5.65,20.0,
38.45,25572,303.892,-937.311,-0.009,5.469,30.0,1393,-1,29.98,False,-1,True,True,0.75,0.0,0.099,False,False,0.252,-0.158,29.596,1972,1.48,,,,,0,False,False,0.0,False,7.24,5.67,20.0,
38.5,25573,304.121,-937.169,-0.009,5.366,30.0,1393,-1,30.25,False,-1,True,True,0.359,0.0,0.129,False,False,0.208,-0.341,30.194,1972,1.48,,,,,0,False,False,0.0,False,6.97,5.73,20.0,
38.55,25574,304.348,-937.025,-0.008,5.398,30.0,1393,-1,30.52,False,-1,True,True,0.725,0.0,0.083,False,False,0.16,-0.374,30.785,1972,1.48,,,,,0,False,False,0.0,False,6.7,5.68,20.0,
38.6,25575,304.572,-936.882,-0.008,5.296,30.0,1393,-1,30.78,False,-1,True,True,0.603,0.0,0.064,False,False,0.11,-0.325,31.351,1972,1.48,,,,,0,False,False,0.0,False,6.43,5.7,20.0,
38.65,25576,304.796,-936.738,-0.008,5.344,30.0,1393,-1,31.05,False,-1,True,True,0.75,0.0,0.048,False,False,0.08,-0.252,31.77,1972,1.48,,,,,0,False,False,0.0,False,6.17,5.65,20.0,
38.7,25577,305.018,-936.595,-0.008,5.267,30.0,1393,-1,31.31,False,-1,True,True,0.75,0.0,0.045,False,False,0.058,-0.197,32.176,1972,1.48,,,,,0,False,False,0.0,False,5.9,5.67,20.0,
38.75,25578,305.24,-936.449,-0.008,5.348,30.0,1393,-1,31.58,False,-1,True,True,0.75,0.0,0.034,False,False,0.058,-0.147,32.465,1972,1.48,,,,,0,False,False,0.0,False,5.64,5.63,20.0,
38.8,25579,305.46,-936.3,-0.008,5.286,30.0,1393,-1,31.84,False,-1,True,True,0.75,0.0,0.134,False,False,0.058,-0.223,32.926,1392,1.87,,,,,0,False,False,0.0,False,9.41,5.67,20.0,
38.85,25580,305.673,-936.143,-0.007,5.312,30.0,1393,-1,32.1,False,-1,True,True,0.75,0.0,0.234,False,False,0.05,-0.451,33.726,1392,1.87,,,,,0,False,False,0.0,False,9.14,5.64,20.0,
38.9,25581,305.88,-935.982,-0.007,5.226,30.0,1393,-1,32.36,False,-1,True,True,0.75,0.0,0.204,False,False,0.033,-0.624,34.871,1392,1.87,,,,,0,False,False,0.0,False,8.88,5.66,20.0,
38.95,25582,306.113,-935.803,0.02,5.822,30.0,1393,-1,32.65,False,-1,True,True,0.75,0.0,0.141,False,False,2.118,0.004,35.96,1392,1.87,,,,,0,False,False,0.0,False,8.59,5.61,20.0,
39.0,25583,306.346,-935.607,0.049,5.939,30.0,1393,-1,32.95,False,-1,True,True,0.0,0.3,0.115,False,False,3.423,-0.503,37.007,1392,1.87,,,,,0,False,False,0.0,False,8.28,5.91,20.0,
39.05,25584,306.582,-935.41,0.066,6.164,30.0,1393,-1,33.25,False,-1,True,True,0.0,0.3,0.078,False,False,3.949,-0.539,37.953,1392,1.87,,,,,0,False,False,0.0,False,7.98,5.97,20.0,
39.1,25585,306.82,-935.211,0.074,6.191,30.0,1393,-1,33.56,False,-1,True,True,0.0,0.3,0.056,False,False,4.076,-0.439,38.696,1392,1.87,,,,,0,False,False,0.0,False,7.67,6.08,20.0,
39.15,25586,307.057,-935.011,0.077,6.221,30.0,1393,-1,33.86,False,-1,True,True,0.0,0.3,0.047,False,False,4.028,-0.327,39.244,1392,1.87,,,,,0,False,False,0.0,False,7.36,6.1,20.0,
39.2,25587,307.289,-934.814,0.078,6.041,30.0,1393,-1,34.16,False,-1,True,True,0.0,0.3,0.043,False,False,3.892,-0.254,39.703,1392,1.87,,,,,1,True,False,0.0,False,7.05,6.11,20.0,
39.25,25588,307.515,-934.62,0.077,5.946,30.0,1393,-1,34.45,False,-1,True,True,0.0,0.3,0.035,False,False,3.752,-0.193,40.036,1392,1.87,,,,,0,False,False,0.0,False,6.75,6.02,20.0,
39.3,25589,307.734,-934.431,0.076,5.703,30.0,1393,-1,34.74,False,-1,True,True,0.0,0.3,0.033,False,False,3.616,-0.16,40.359,1392,1.87,,,,,0,False,False,0.0,False,6.47,5.97,20.0,
39.35,25590,307.946,-934.267,0.097,5.583,30.0,1393,-1,35.0,False,-1,True,True,0.0,0.3,0.023,False,False,2.291,1.606,40.56,1392,1.87,,,,,0,False,False,0.0,False,6.2,5.85,20.0,
39.4,25591,308.131,-934.088,0.124,5.394,30.0,1393,-1,35.25,False,-1,True,True,0.0,0.128,0.039,False,False,0.762,0.256,40.858,1392,1.87,,,,,0,False,False,0.0,False,5.94,5.79,20.0,
39.45,25592,308.314,-933.908,0.135,5.387,30.0,1393,-1,35.5,False,-1,True,True,0.552,0.0,0.0,False,False,-0.676,-1.846,41.161,1392,1.87,,,,,0,False,False,0.0,False,5.68,5.7,20.0,
39.5,25593,308.505,-933.737,0.129,5.275,30.0,1393,-1,35.75,False,-1,True,True,0.579,0.0,-0.1,False,False,-1.721,-3.621,41.282,1392,5.61,,,,,0,False,False,0.0,False,9.16,5.69,20.0,
39.55,25594,308.706,-933.578,0.121,5.197,30.0,1393,-1,36.0,False,-1,True,True,0.75,0.0,-0.082,False,False,-2.169,-4.152,40.938,1392,5.61,,,,,0,False,False,0.0,False,8.9,5.64,20.0,
39.6,25595,308.91,-933.419,0.114,5.216,30.0,1972,-1,0.98,True,109,True,True,0.75,0.0,-0.031,False,False,-2.302,-4.221,40.717,1392,5.61,,,,,0,False,False,0.0,False,8.64,5.6,20.0,
39.65,25596,309.113,-933.267,0.102,5.12,30.0,1972,-1,1.2,True,109,True,True,0.75,0.0,-0.029,False,False,-2.716,-3.081,40.379,1392,5.61,,,,,0,False,False,0.0,False,8.39,5.61,20.0,
39.7,25597,309.303,-933.118,0.088,4.779,30.0,1972,-1,1.41,True,109,True,True,0.75,0.0,-0.005,False,False,-3.278,-1.835,40.166,1392,5.61,,,,,0,False,False,0.0,False,8.15,5.56,20.0,
39.75,25598,309.475,-932.974,0.081,4.434,30.0,1972,-1,1.61,True,109,True,True,0.75,0.0,-0.008,False,False,-3.664,-1.246,40.066,1392,5.61,,,,,0,False,False,0.0,False,7.92,5.39,20.0,
39.8,25599,309.639,-932.837,0.076,4.227,30.0,1972,-1,1.8,True,109,True,True,0.75,0.0,-0.017,False,False,-3.884,-0.817,39.985,1392,5.61,,,,,0,False,False,0.0,False,7.71,5.22,20.0,
39.85,25600,309.798,-932.704,0.072,4.127,30.0,1972,-1,1.99,True,109,True,True,0.75,0.0,-0.016,False,False,-3.959,-0.513,39.901,1392,5.61,,,,,0,False,False,0.0,False,7.5,5.11,20.0,
39.9,25601,309.956,-932.572,0.069,4.1,30.0,1972,-1,2.17,True,109,True,True,0.75,0.0,-0.013,False,False,-3.853,-0.409,39.822,1392,5.61,,,,,1,True,False,0.0,False,7.29,5.06,20.0,
39.95,25602,310.116,-932.438,0.061,4.113,30.0,1972,-1,2.36,True,109,True,True,0.75,0.0,-0.011,False,False,-3.431,-0.653,39.739,1392,5.61,,,,,1,True,False,0.0,False,7.09,5.05,20.0,
40.0,25603,310.278,-932.301,0.049,4.156,30.0,1972,-1,2.55,True,109,True,True,0.75,0.0,-0.009,False,False,-2.813,-1.108,39.657,1392,5.61,,,,,1,True,False,0.0,False,6.87,5.06,20.0,
40.05,25604,310.444,-932.163,0.036,4.216,30.0,1972,-1,2.74,True,109,True,True,0.75,0.0,-0.007,False,False,-2.124,-1.655,39.583,1392,5.61,,,,,0,False,False,0.0,False,6.66,5.08,20.0,
40.1,25605,310.612,-932.027,0.028,4.305,30.0,1972,-1,2.93,True,109,True,True,0.75,0.0,-0.005,False,False,-1.703,-1.924,39.531,1392,5.61,,,,,0,False,False,0.0,False,6.44,5.11,20.0,
40.15,25606,310.784,-931.888,0.024,4.408,30.0,1971,-1,8.22,True,109,True,False,0.75,0.0,-0.003,False,False,-1.433,-1.935,39.498,1392,5.61,,,,,0,False,False,0.0,False,6.22,5.15,20.0,
40.2,25607,310.962,-931.746,0.014,4.503,30.0,1971,-1,8.42,True,109,True,False,0.75,0.0,-0.002,False,False,-0.956,-1.522,39.484,1392,5.61,,,,,0,False,False,0.0,False,5.99,5.2,20.0,
40.25,25608,311.141,-931.6,0.007,4.606,30.0,1971,-1,8.62,True,109,True,False,0.75,0.0,-0.001,False,False,-0.563,-1.152,39.467,1392,5.61,,,,,0,False,False,0.0,False,5.76,5.25,20.0,
40.3,25609,311.323,-931.45,0.001,4.713,30.0,1971,-1,8.83,True,109,True,False,0.75,0.0,-0.002,False,False,-0.274,-0.84,39.453,1392,5.61,,,,,0,False,False,0.0,False,5.53,5.3,20.0,
40.35,25610,311.509,-931.297,-0.003,4.823,30.0,1971,-1,9.21,True,109,True,False,0.75,0.0,-0.002,False,False,-0.071,-0.59,39.441,1392,5.61,,,,,0,False,False,0.0,False,5.28,5.36,20.0,
40.4,25611,311.701,-931.144,-0.006,4.919,30.0,1392,-1,0.58,False,-1,True,True,0.75,0.0,-0.102,False,False,0.062,-0.29,39.241,1392,9.35,,,,,0,False,False,0.0,False,8.77,5.41,20.0,
40.45,25612,311.898,-930.99,-0.008,5.031,30.0,1392,-1,0.83,False,-1,True,True,0.75,0.0,-0.031,False,False,0.15,-0.096,38.948,1392,9.35,,,,,0,False,False,0.0,False,8.52,5.46,20.0,
40.5,25613,312.098,-930.832,-0.009,5.132,30.0,1392,-1,1.08,False,-1,True,True,0.75,0.0,-0.014,False,False,0.208,-0.042,38.778,1392,9.35,,,,,0,False,False,0.0,False,8.27,5.52,20.0,
40.55,25614,312.303,-930.67,-0.009,5.279,30.0,1392,-1,1.34,False,-1,True,True,0.75,0.0,-0.018,False,False,0.241,-0.016,38.643,1392,9.35,,,,,0,False,False,0.0,False,8.01,5.57,20.0,
40.6,25615,312.509,-930.508,-0.009,5.215,30.0,1392,-1,1.6,False,-1,True,True,0.75,0.0,-0.016,False,False,0.232,0.002,38.54,1392,9.35,,,,,0,False,False,0.0,False,7.75,5.64,20.0,
40.65,25616,312.715,-930.346,-0.009,5.272,30.0,1392,-1,1.87,False,-1,True,True,0.75,0.0,-0.015,False,False,0.199,0.012,38.406,1392,9.35,,,,,0,False,False,0.0,False,7.48,5.61,20.0,
40.7,25617,312.921,-930.185,-0.009,5.203,30.0,1392,-1,2.13,False,-1,True,True,0.75,0.0,-0.009,False,False,0.157,0.01,38.35,1392,9.35,,,,,0,False,False,0.0,False,7.22,5.64,20.0,
40.75,25618,313.127,-930.023,-0.008,5.29,30.0,1392,-1,2.39,False,-1,True,True,0.75,0.0,-0.012,False,False,0.136,0.014,38.25,1392,9.35,,,,,0,False,False,0.0,False,6.96,5.6,20.0,
40.8,25619,313.335,-929.861,-0.008,5.242,30.0,1392,-1,2.65,False,-1,True,True,0.75,0.0,-0.006,False,False,0.119,0.01,38.218,1392,9.35,,,,,0,False,False,0.0,False,6.7,5.65,20.0,
40.85,25620,313.543,-929.699,-0.008,5.308,30.0,1392,-1,2.92,False,-1,True,True,0.75,0.0,-0.01,False,False,0.109,0.012,38.132,1392,9.35,,,,,0,False,False,0.0,False,6.43,5.62,20.0,
40.9,25621,313.75,-929.537,-0.008,5.234,30.0,1392,-1,3.18,False,-1,True,True,0.75,0.0,-0.003,False,False,0.092,0.006,38.114,1392,9.35,,,,,0,False,False,0.0,False,6.17,5.65,20.0,
40.95,25622,313.969,-929.366,-0.009,5.755,30.0,1392,-1,3.46,False,-1,True,True,0.75,0.0,-0.007,False,False,0.186,0.01,38.025,1392,9.35,,,,,0,False,False,0.0,False,5.89,5.62,20.0,
41.0,25623,314.204,-929.182,-0.01,6.062,30.0,1392,-1,3.76,False,-1,True,True,0.0,0.3,0.001,False,False,0.336,0.003,37.981,1392,9.35,,,,,0,False,False,0.0,False,5.59,5.88,20.0,
41.05,25624,314.454,-928.994,-0.011,6.324,30.0,1392,-1,4.07,False,-1,True,True,0.0,0.3,-0.08,False,False,0.427,0.143,37.724,1392,13.08,,,,,0,False,False,0.0,False,9.02,6.03,20.0,
41.1,25625,314.706,-928.804,-0.011,6.307,30.0,1392,-1,4.38,False,-1,True,True,0.0,0.3,-0.003,False,False,0.42,0.14,37.467,1392,13.08,,,,,0,False,False,0.0,False,8.7,6.16,20.0,
41.15,25626,314.957,-928.612,-0.01,6.31,30.0,1392,-1,4.7,False,-1,True,True,0.0,0.3,0.006,False,False,0.349,0.058,37.371,1392,13.08,,,,,0,False,False,0.0,False,8.39,6.15,20.0,
41.2,25627,315.202,-928.425,-0.009,6.113,30.0,1392,-1,5.01,False,-1,True,True,0.0,0.3,-0.003,False,False,0.229,0.022,37.354,1392,13.08,,,,,0,False,False,0.0,False,8.08,6.16,20.0,
41.25,25628,315.442,-928.243,-0.008,6.005,30.0,1392,-1,5.31,False,-1,True,True,0.0,0.3,-0.008,False,False,0.11,0.019,37.284,1392,13.08,,,,,0,False,False,0.0,False,7.78,6.06,20.0,
41.3,25629,315.675,-928.066,-0.007,5.76,30.0,1392,-1,5.6,False,-1,True,True,0.0,0.3,-0.002,False,False,-0.005,0.013,37.27,1392,13.08,,,,,0,False,False,0.0,False,7.48,6.0,20.0,
41.35,25630,315.9,-927.895,-0.006,5.623,30.0,1392,-1,5.88,False,-1,True,True,0.0,0.3,-0.006,False,False,-0.095,0.013,37.21,1392,13.08,,,,,0,False,False,0.0,False,7.2,5.88,20.0,
41.4,25631,316.117,-927.731,-0.006,5.357,30.0,1392,-1,6.16,False,-1,True,True,0.0,0.277,-0.0,False,False,-0.171,0.006,37.211,1392,13.08,,,,,0,False,False,0.0,False,6.93,5.81,20.0,
41.45,25632,316.328,-927.571,-0.005,5.249,30.0,1392,-1,6.42,False,-1,True,True,0.677,0.0,-0.005,False,False,-0.216,0.008,37.163,1392,13.08,,,,,0,False,False,0.0,False,6.67,5.68,20.0,
41.5,25633,316.532,-927.417,-0.005,5.047,30.0,1392,-1,6.68,False,-1,True,True,0.75,0.0,0.0,False,False,-0.236,0.005,37.18,1392,13.08,,,,,0,False,False,0.0,False,6.41,5.62,20.0,
41.55,25634,316.734,-927.264,-0.005,5.09,30.0,1392,-1,6.93,False,-1,True,True,0.75,0.0,-0.005,False,False,-0.208,0.008,37.149,1392,13.08,,,,,0,False,False,0.0,False,6.16,5.52,20.0,
41.6,25635,316.936,-927.112,-0.006,5.015,30.0,1392,-1,7.18,False,-1,True,True,0.75,0.0,-0.0,False,False,-0.156,0.005,37.171,1392,13.08,,,,,0,False,False,0.0,False,5.9,5.55,20.0,
41.65,25636,317.133,-926.962,-0.006,4.77,30.0,1392,-1,7.43,False,-1,True,True,0.75,0.0,-0.005,False,False,-0.145,0.007,37.14,1392,13.08,,,,,0,False,False,0.0,False,5.66,5.51,20.0,
41.7,25637,317.314,-926.826,-0.005,4.407,30.0,1392,-1,7.66,False,-1,True,True,0.75,0.0,-0.0,False,False,-0.236,0.003,37.111,1392,13.08,,,,,0,False,False,0.0,False,5.43,5.38,20.0,
41.75,25638,317.483,-926.698,-0.005,4.186,30.0,1392,-1,7.87,False,-1,True,True,0.75,0.0,0.001,False,False,-0.307,-0.002,37.105,1392,13.08,,,,,0,False,False,0.0,False,5.22,5.2,20.0,
41.8,25639,317.647,-926.573,-0.005,4.077,30.0,1392,-1,8.07,False,-1,True,True,0.75,0.0,-0.001,False,False,-0.32,-0.002,37.102,1392,13.08,,,,,0,False,False,0.0,False,5.01,5.09,20.0,
41.85,25640,317.811,-926.453,-0.005,4.047,30.0,1392,-1,8.28,False,-1,True,True,0.75,0.0,-0.05,False,False,-0.279,0.066,36.98,1392,16.82,,,,,0,False,False,0.0,False,8.55,5.04,20.0,
41.9,25641,317.974,-926.332,-0.006,4.072,30.0,1392,-1,8.48,False,-1,True,True,0.75,0.0,-0.004,False,False,-0.205,0.058,36.884,1392,16.82,,,,,0,False,False,0.0,False,8.34,5.02,20.0,
41.95,25642,318.139,-926.209,-0.006,4.129,30.0,1392,-1,8.69,False,-1,True,True,0.75,0.0,-0.002,False,False,-0.117,0.028,36.85,1392,16.82,,,,,0,False,False,0.0,False,8.14,5.04,20.0,
42.0,25643,318.307,-926.084,-0.007,4.206,30.0,1392,-1,8.9,False,-1,True,True,0.75,0.0,-0.006,False,False,-0.03,0.015,36.821,1392,16.82,,,,,0,False,False,0.0,False,7.93,5.06,20.0,
42.05,25644,318.479,-925.956,-0.008,4.295,30.0,1392,-1,9.11,False,-1,True,True,0.75,0.0,-0.005,False,False,0.045,0.009,36.791,1392,16.82,,,,,0,False,False,0.0,False,7.71,5.1,20.0,
42.1,25645,318.654,-925.826,-0.008,4.391,30.0,1392,-1,9.33,False,-1,True,True,0.75,0.0,-0.004,False,False,0.107,0.005,36.764,1392,16.82,,,,,0,False,False,0.0,False,7.49,5.15,20.0,
42.15,25646,318.833,-925.693,-0.009,4.491,30.0,1392,-1,9.55,False,-1,True,True,0.75,0.0,-0.004,False,False,0.156,0.003,36.741,1392,16.82,,,,,0,False,False,0.0,False,7.27,5.2,20.0,
42.2,25647,319.016,-925.557,-0.009,4.594,30.0,1392,-1,9.78,False,-1,True,True,0.75,0.0,-0.003,False,False,0.191,0.001,36.72,1392,16.82,,,,,0,False,False,0.0,False,7.04,5.25,20.0,
42.25,25648,319.203,-925.418,-0.009,4.698,30.0,1392,-1,10.01,False,-1,True,True,0.75,0.0,-0.003,False,False,0.217,0.0,36.703,1392,16.82,,,,,0,False,False,0.0,False,6.81,5.3,20.0,
42.3,25649,319.394,-925.276,-0.009,4.802,30.0,1392,-1,10.25,False,-1,True,True,0.75,0.0,-0.002,False,False,0.234,-0.0,36.688,1392,16.82,,,,,0,False,False,0.0,False,6.57,5.35,20.0,
42.35,25650,319.589,-925.131,-0.009,4.907,30.0,1392,-1,10.49,False,-1,True,True,0.75,0.0,-0.002,False,False,0.246,-0.0,36.675,1392,16.82,,,,,0,False,False,0.0,False,6.33,5.4,20.0,
42.4,25651,319.789,-924.983,-0.009,5.011,30.0,1392,-1,10.74,False,-1,True,True,0.75,0.0,-0.002,False,False,0.253,-0.0,36.663,1392,16.82,,,,,0,False,False,0.0,False,6.08,5.45,20.0,
42.45,25652,319.992,-924.831,-0.009,5.116,30.0,1392,-1,11.0,False,-1,True,True,0.75,0.0,-0.001,False,False,0.258,-0.0,36.654,1392,16.82,,,,,0,False,False,0.0,False,5.83,5.51,20.0,
42.5,25653,320.2,-924.677,-0.009,5.175,30.0,1392,-1,11.25,False,-1,True,True,0.75,0.0,-0.001,False,False,0.257,-0.0,36.645,1392,16.82,,,,,0,False,False,0.0,False,5.57,5.56,20.0,
42.55,25654,320.413,-924.522,-0.009,5.333,30.0,1392,-1,11.52,False,-1,True,True,0.75,0.0,-0.027,False,False,0.258,0.05,36.562,1392,20.56,,,,,0,False,False,0.0,False,9.04,5.59,20.0,
42.6,25655,320.625,-924.365,-0.009,5.24,30.0,1392,-1,11.78,False,-1,True,True,0.75,0.0,-0.001,False,False,0.222,0.044,36.455,1392,20.56,,,,,0,False,False,0.0,False,8.78,5.67,20.0,
42.65,25656,320.837,-924.209,-0.009,5.301,30.0,1392,-1,12.04,False,-1,True,True,0.75,0.0,0.004,False,False,0.182,0.013,36.45,1392,20.56,,,,,0,False,False,0.0,False,8.52,5.62,20.0,
42.7,25657,321.048,-924.053,-0.008,5.237,30.0,1392,-1,12.31,False,-1,True,True,0.75,0.0,-0.003,False,False,0.142,0.005,36.401,1392,20.56,,,,,0,False,False,0.0,False,8.25,5.65,20.0,
42.75,25658,321.261,-923.896,-0.008,5.329,30.0,1392,-1,12.57,False,-1,True,True,0.75,0.0,0.002,False,False,0.126,-0.002,36.412,1392,20.56,,,,,0,False,False,0.0,False,7.99,5.62,20.0,
42.8,25659,321.474,-923.739,-0.008,5.261,30.0,1392,-1,12.84,False,-1,True,True,0.75,0.0,-0.003,False,False,0.108,0.001,36.368,1392,20.56,,,,,0,False,False,0.0,False,7.72,5.66,20.0,
42.85,25660,321.687,-923.582,-0.008,5.328,30.0,1392,-1,13.1,False,-1,True,True,0.75,0.0,0.002,False,False,0.098,-0.003,36.388,1392,20.56,,,,,0,False,False,0.0,False,7.46,5.63,20.0,
42.9,25661,321.904,-923.422,-0.008,5.511,30.0,1392,-1,13.37,False,-1,True,True,0.75,0.0,-0.003,False,False,0.125,0.002,36.345,1392,20.56,,,,,0,False,False,0.0,False,7.19,5.66,20.0,
42.95,25662,322.139,-923.248,-0.01,6.017,30.0,1392,-1,13.66,False,-1,True,True,0.186,0.0,0.003,False,False,0.278,-0.002,36.324,1392,20.56,,,,,0,False,False,0.0,False,6.9,5.76,20.0,
43.0,25663,322.388,-923.065,-0.011,6.205,30.0,1392,-1,13.97,False,-1,True,True,0.0,0.3,0.002,False,False,0.396,-0.004,36.325,1392,20.56,,,,,0,False,False,0.0,False,6.59,6.01,20.0,
43.05,25664,322.641,-922.878,-0.011,6.343,30.0,1392,-1,14.29,False,-1,True,True,0.0,0.3,0.0,False,False,0.423,-0.001,36.329,1392,20.56,,,,,0,False,False,0.0,False,6.27,6.1,20.0,
43.1,25665,322.894,-922.693,-0.01,6.229,30.0,1392,-1,14.6,False,-1,True,True,0.0,0.3,-0.0,False,False,0.358,0.002,36.329,1392,20.56,,,,,0,False,False,0.0,False,5.96,6.17,20.0,
43.15,25666,323.144,-922.51,-0.009,6.174,30.0,1392,-1,14.91,False,-1,True,True,0.0,0.3,-0.014,False,False,0.254,0.032,36.289,1392,24.3,,,,,0,False,False,0.0,False,9.39,6.11,20.0,
43.2,25667,323.386,-922.333,-0.008,5.949,30.0,1392,-1,15.21,False,-1,True,True,0.0,0.3,-0.0,False,False,0.129,0.03,36.226,1392,24.3,,,,,0,False,False,0.0,False,9.09,6.09,20.0,
43.25,25668,323.623,-922.16,-0.007,5.824,30.0,1392,-1,15.5,False,-1,True,True,0.0,0.3,0.003,False,False,0.018,0.012,36.24,1392,24.3,,,,,0,False,False,0.0,False,8.8,5.97,20.0,
43.3,25669,323.85,-921.993,-0.006,5.564,30.0,1392,-1,15.78,False,-1,True,True,0.0,0.3,-0.002,False,False,-0.083,0.008,36.208,1392,24.3,,,,,0,False,False,0.0,False,8.51,5.91,20.0,
43.35,25670,324.072,-921.831,-0.006,5.448,30.0,1392,-1,16.06,False,-1,True,True,0.0,0.063,0.002,False,False,-0.152,0.003,36.23,1392,24.3,,,,,0,False,False,0.0,False,8.24,5.78,20.0,
43.4,25671,324.286,-921.674,-0.005,5.228,30.0,1392,-1,16.32,False,-1,True,True,0.353,0.0,-0.003,False,False,-0.198,0.004,36.192,1392,24.3,,,,,0,False,False,0.0,False,7.97,5.72,20.0,
43.45,25672,324.495,-921.521,-0.005,5.159,30.0,1392,-1,16.58,False,-1,True,True,0.75,0.0,0.003,False,False,-0.212,-0.001,36.21,1392,24.3,,,,,0,False,False,0.0,False,7.72,5.61,20.0,
43.5,25673,324.699,-921.371,-0.005,5.024,30.0,1392,-1,16.84,False,-1,True,True,0.75,0.0,-0.002,False,False,-0.207,0.0,36.177,1392,24.3,,,,,0,False,False,0.0,False,7.46,5.58,20.0,
43.55,25674,324.904,-921.221,-0.006,5.091,30.0,1392,-1,17.09,False,-1,True,True,0.75,0.0,0.003,False,False,-0.156,-0.003,36.21,1392,24.3,,,,,0,False,False,0.0,False,7.21,5.51,20.0,
43.6,25675,325.107,-921.073,-0.006,4.919,30.0,1392,-1,17.34,False,-1,True,True,0.75,0.0,-0.003,False,False,-0.116,0.002,36.205,1392,24.3,,,,,0,False,False,0.0,False,6.96,5.55,20.0,
43.65,25676,325.296,-920.934,-0.006,4.56,30.0,1392,-1,17.58,False,-1,True,True,0.75,0.0,-0.0,False,False,-0.181,0.003,36.173,1392,24.3,,,,,0,False,False,0.0,False,6.72,5.46,20.0,
43.7,25677,325.473,-920.805,-0.005,4.301,30.0,1392,-1,17.8,False,-1,True,True,0.75,0.0,0.003,False,False,-0.263,-0.001,36.171,1392,24.3,,,,,0,False,False,0.0,False,6.5,5.28,20.0,
43.75,25678,325.642,-920.68,-0.005,4.164,30.0,1392,-1,18.01,False,-1,True,True,0.75,0.0,0.001,False,False,-0.298,-0.002,36.176,1392,24.3,,,,,0,False,False,0.0,False,6.29,5.15,20.0,
43.8,25679,325.809,-920.558,-0.005,4.116,30.0,1392,-1,18.21,False,-1,True,True,0.75,0.0,0.0,False,False,-0.276,0.0,36.178,1392,24.3,,,,,0,False,False,0.0,False,6.09,5.08,20.0,
43.85,25680,325.976,-920.436,-0.005,4.127,30.0,1392,-1,18.42,False,-1,True,True,0.75,0.0,0.0,False,False,-0.214,0.001,36.18,1392,24.3,,,,,0,False,False,0.0,False,5.88,5.06,20.0,
43.9,25681,326.144,-920.313,-0.006,4.175,30.0,1392,-1,18.63,False,-1,True,True,0.75,0.0,0.0,False,False,-0.133,0.001,36.181,1392,24.3,,,,,0,False,False,0.0,False,5.67,5.06,20.0,
43.95,25682,326.315,-920.188,-0.007,4.246,30.0,1392,-1,18.84,False,-1,True,True,0.75,0.0,0.0,False,False,-0.049,0.001,36.182,1392,24.3,,,,,0,False,False,0.0,False,5.46,5.09,20.0,
44.0,25683,326.489,-920.061,-0.008,4.331,30.0,1392,-1,19.05,False,-1,True,True,0.75,0.0,0.0,False,False,0.028,0.001,36.183,1392,24.3,,,,,0,False,False,0.0,False,5.24,5.12,20.0,
44.05,25684,326.666,-919.931,-0.008,4.424,30.0,1392,-1,19.27,False,-1,True,True,0.75,0.0,0.0,False,False,0.092,0.001,36.184,1392,24.3,,,,,0,False,False,0.0,False,5.02,5.17,20.0,
44.1,25685,326.848,-919.799,-0.008,4.522,30.0,1392,-1,19.5,False,-1,True,True,0.75,0.0,-0.009,False,False,0.143,0.016,36.156,1392,28.04,,,,,0,False,False,0.0,False,8.54,5.21,20.0,
44.15,25686,327.033,-919.664,-0.009,4.624,30.0,1392,-1,19.73,False,-1,True,True,0.75,0.0,0.0,False,False,0.181,0.013,36.137,1392,28.04,,,,,0,False,False,0.0,False,8.31,5.26,20.0,
44.2,25687,327.223,-919.526,-0.009,4.727,30.0,1392,-1,19.96,False,-1,True,True,0.75,0.0,0.0,False,False,0.209,0.006,36.133,1392,28.04,,,,,0,False,False,0.0,False,8.07,5.31,20.0,
44.25,25688,327.416,-919.385,-0.009,4.831,30.0,1392,-1,20.2,False,-1,True,True,0.75,0.0,-0.001,False,False,0.229,0.003,36.129,1392,28.04,,,,,0,False,False,0.0,False,7.83,5.36,20.0,
44.3,25689,327.614,-919.24,-0.009,4.935,30.0,1392,-1,20.45,False,-1,True,True,0.75,0.0,-0.001,False,False,0.242,0.002,36.124,1392,28.04,,,,,0,False,False,0.0,False,7.59,5.42,20.0,
44.35,25690,327.816,-919.093,-0.009,5.039,30.0,1392,-1,20.7,False,-1,True,True,0.75,0.0,-0.001,False,False,0.251,0.001,36.12,1392,28.04,,,,,0,False,False,0.0,False,7.34,5.47,20.0,
44.4,25691,328.022,-918.943,-0.009,5.14,30.0,1392,-1,20.95,False,-1,True,True,0.75,0.0,-0.0,False,False,0.256,0.0,36.117,1392,28.04,,,,,0,False,False,0.0,False,7.08,5.52,20.0,
44.45,25692,328.232,-918.789,-0.009,5.278,30.0,1392,-1,21.21,False,-1,True,True,0.75,0.0,-0.0,False,False,0.26,0.0,36.114,1392,28.04,,,,,0,False,False,0.0,False,6.82,5.57,20.0,
44.5,25693,328.446,-918.633,-0.009,5.304,30.0,1392,-1,21.48,False,-1,True,True,0.75,0.0,-0.0,False,False,0.256,0.0,36.114,1392,28.04,,,,,0,False,False,0.0,False,6.56,5.64,20.0,
44.55,25694,328.663,-918.475,-0.009,5.403,30.0,1392,-1,21.75,False,-1,True,True,0.75,0.0,-0.001,False,False,0.246,0.001,36.097,1392,28.04,,,,,0,False,False,0.0,False,6.29,5.65,20.0,
44.6,25695,328.879,-918.318,-0.009,5.312,30.0,1392,-1,22.01,False,-1,True,True,0.602,0.0,0.001,False,False,0.2,-0.002,36.129,1392,28.04,,,,,0,False,False,0.0,False,6.02,5.7,20.0,
44.65,25696,329.095,-918.161,-0.008,5.368,30.0,1392,-1,22.28,False,-1,True,True,0.75,0.0,-0.003,False,False,0.16,0.003,36.104,1392,28.04,,,,,0,False,False,0.0,False,5.76,5.66,20.0,
44.7,25697,329.31,-918.004,-0.008,5.3,30.0,1392,-1,22.55,False,-1,True,True,0.712,0.0,0.002,False,False,0.123,-0.0,36.136,1392,28.04,,,,,0,False,False,0.0,False,5.49,5.68,20.0,
44.75,25698,329.526,-917.847,-0.008,5.385,30.0,1392,-1,22.81,False,-1,True,True,0.75,0.0,-0.009,False,False,0.108,0.012,36.097,1392,31.77,,,,,0,False,False,0.0,False,8.96,5.65,20.0,
44.8,25699,329.743,-917.689,-0.008,5.34,30.0,1392,-1,23.08,False,-1,True,True,0.642,0.0,0.001,False,False,0.099,0.007,36.115,1392,31.77,,,,,0,False,False,0.0,False,8.69,5.69,20.0,
44.85,25700,329.96,-917.531,-0.008,5.405,30.0,1392,-1,23.35,False,-1,True,True,0.75,0.0,-0.003,False,False,0.096,0.006,36.082,1392,31.77,,,,,0,False,False,0.0,False,8.42,5.67,20.0,
44.9,25701,330.177,-917.373,-0.008,5.332,30.0,1392,-1,23.62,False,-1,True,True,0.561,0.0,0.001,False,False,0.083,0.0,36.106,1392,31.77,,,,,0,False,False,0.0,False,8.16,5.7,20.0,
44.95,25702,330.401,-917.211,-0.008,5.748,30.0,1392,-1,23.9,False,-1,True,True,0.75,0.0,-0.003,False,False,0.148,0.003,36.109,1392,31.77,,,,,0,False,False,0.0,False,7.88,5.67,20.0,
45.0,25703,330.643,-917.035,-0.01,6.06,30.0,1392,-1,24.19,False,-1,True,True,0.0,0.3,-0.002,False,False,0.294,0.004,36.113,1392,31.77,,,,,0,False,False,0.0,False,7.58,5.87,20.0,
45.05,25704,330.896,-916.851,-0.011,6.336,30.0,1392,-1,24.51,False,-1,True,True,0.0,0.3,-0.002,False,False,0.396,0.003,36.104,1392,31.77,,,,,0,False,False,0.0,False,7.27,6.03,20.0,
45.1,25705,331.152,-916.664,-0.011,6.321,30.0,1392,-1,24.82,False,-1,True,True,0.0,0.3,-0.001,False,False,0.399,0.001,36.095,1392,31.77,,,,,0,False,False,0.0,False,6.95,6.17,20.0,
45.15,25706,331.408,-916.478,-0.01,6.328,30.0,1392,-1,25.14,False,-1,True,True,0.0,0.3,-0.001,False,False,0.336,-0.002,36.088,1392,31.77,,,,,0,False,False,0.0,False,6.64,6.16,20.0,
45.2,25707,331.658,-916.296,-0.009,6.136,30.0,1392,-1,25.45,False,-1,True,True,0.0,0.3,-0.001,False,False,0.224,-0.003,36.087,1392,31.77,,,,,0,False,False,0.0,False,6.33,6.16,20.0,
45.25,25708,331.903,-916.117,-0.008,6.032,30.0,1392,-1,25.75,False,-1,True,True,0.0,0.3,-0.001,False,False,0.109,-0.003,36.066,1392,31.77,,,,,0,False,False,0.0,False,6.02,6.07,20.0,
45.3,25709,332.14,-915.945,-0.007,5.784,30.0,1392,-1,26.05,False,-1,True,True,0.0,0.3,0.001,False,False,-0.004,-0.005,36.089,1392,31.77,,,,,0,False,False,0.0,False,5.73,6.02,20.0,
45.35,25710,332.37,-915.778,-0.006,5.645,30.0,1392,-1,26.33,False,-1,True,True,0.0,0.3,-0.006,False,False,-0.094,0.004,36.049,1392,35.51,,,,,0,False,False,0.0,False,9.18,5.89,20.0,
45.4,25711,332.591,-915.617,-0.006,5.375,30.0,1392,-1,26.6,False,-1,True,True,0.0,0.3,0.002,False,False,-0.172,0.001,36.065,1392,35.51,,,,,0,False,False,0.0,False,8.91,5.82,20.0,
45.45,25712,332.805,-915.461,-0.005,5.263,30.0,1392,-1,26.87,False,-1,True,True,0.611,0.0,-0.002,False,False,-0.218,0.002,36.031,1392,35.51,,,,,0,False,False,0.0,False,8.64,5.69,20.0,
45.5,25713,333.012,-915.31,-0.005,5.061,30.0,1392,-1,27.13,False,-1,True,True,0.75,0.0,0.002,False,False,-0.239,-0.0,36.063,1392,35.51,,,,,0,False,False,0.0,False,8.39,5.63,20.0,
45.55,25714,333.217,-915.161,-0.005,5.085,30.0,1392,-1,27.38,False,-1,True,True,0.75,0.0,-0.003,False,False,-0.218,0.003,36.027,1392,35.51,,,,,0,False,False,0.0,False,8.13,5.53,20.0,
45.6,25715,333.421,-915.013,-0.006,5.008,30.0,1392,-1,27.63,False,-1,True,True,0.75,0.0,0.002,False,False,-0.167,-0.0,36.052,1392,35.51,,,,,0,False,False,0.0,False,7.88,5.54,20.0,
45.65,25716,333.623,-914.866,-0.006,4.858,30.0,1392,-1,27.88,False,-1,True,True,0.75,0.0,-0.003,False,False,-0.135,0.002,36.032,1392,35.51,,,,,0,False,False,0.0,False,7.63,5.5,20.0,
45.7,25717,333.809,-914.731,-0.005,4.473,30.0,1392,-1,28.11,False,-1,True,True,0.75,0.0,0.001,False,False,-0.213,-0.0,36.057,1392,35.51,,,,,0,False,False,0.0,False,7.4,5.43,20.0,
45.75,25718,333.983,-914.604,-0.005,4.233,30.0,1392,-1,28.33,False,-1,True,True,0.75,0.0,-0.003,False,False,-0.289,0.002,36.058,1392,35.51,,,,,0,False,False,0.0,False,7.19,5.24,20.0,
45.8,25719,334.151,-914.482,-0.005,4.11,30.0,1392,-1,28.53,False,-1,True,True,0.75,0.0,-0.001,False,False,-0.312,0.002,36.052,1392,35.51,,,,,0,False,False,0.0,False,6.98,5.12,20.0,
45.85,25720,334.316,-914.362,-0.005,4.072,30.0,1392,-1,28.74,False,-1,True,True,0.75,0.0,-0.0,False,False,-0.28,0.0,36.048,1392,35.51,,,,,0,False,False,0.0,False,6.78,5.05,20.0,
45.9,25721,334.482,-914.242,-0.005,4.091,30.0,1392,-1,28.94,False,-1,True,True,0.75,0.0,-0.0,False,False,-0.21,-0.0,36.046,1392,35.51,,,,,0,False,False,0.0,False,6.57,5.04,20.0,
45.95,25722,334.649,-914.12,-0.006,4.143,30.0,1392,-1,29.15,False,-1,True,True,0.75,0.0,-0.0,False,False,-0.125,-0.001,36.043,1392,35.51,,,,,0,False,False,0.0,False,6.36,5.05,20.0,
46.0,25723,334.819,-913.997,-0.007,4.217,30.0,1392,-1,29.36,False,-1,True,True,0.75,0.0,-0.0,False,False,-0.04,-0.001,36.041,1392,35.51,,,,,0,False,False,0.0,False,6.15,5.07,20.0,
46.05,25724,334.992,-913.871,-0.008,4.304,30.0,1392,-1,29.57,False,-1,True,True,0.75,0.0,-0.0,False,False,0.037,-0.001,36.039,1392,35.51,,,,,0,False,False,0.0,False,5.94,5.11,20.0,
46.1,25725,335.169,-913.742,-0.008,4.398,30.0,1392,-1,29.79,False,-1,True,True,0.75,0.0,-0.0,False,False,0.1,-0.0,36.037,1392,35.51,,,,,0,False,False,0.0,False,5.72,5.15,20.0,
46.15,25726,335.35,-913.611,-0.009,4.498,30.0,1392,-1,30.01,False,-1,True,True,0.75,0.0,-0.0,False,False,0.149,-0.0,36.036,1392,35.51,,,,,0,False,False,0.0,False,5.5,5.2,20.0,
46.2,25727,335.534,-913.476,-0.009,4.6,30.0,1392,-1,30.24,False,-1,True,True,0.75,0.0,-0.0,False,False,0.187,-0.0,36.034,1392,35.51,,,,,0,False,False,0.0,False,5.27,5.25,20.0,
46.25,25728,335.723,-913.339,-0.009,4.704,30.0,1392,-1,30.48,False,-1,True,True,0.75,0.0,-0.002,False,False,0.213,0.004,36.026,1392,39.25,,,,,0,False,False,0.0,False,8.78,5.3,20.0,
46.3,25729,335.916,-913.199,-0.009,4.808,30.0,1392,-1,30.71,False,-1,True,True,0.75,0.0,-0.0,False,False,0.232,0.003,36.02,1392,39.25,,,,,0,False,False,0.0,False,8.54,5.35,20.0,
46.35,25730,336.113,-913.056,-0.009,4.912,30.0,1392,-1,30.96,False,-1,True,True,0.75,0.0,-0.0,False,False,0.244,0.001,36.018,1392,39.25,,,,,0,False,False,0.0,False,8.29,5.4,20.0,
46.4,25731,336.314,-912.91,-0.009,5.016,30.0,1392,-1,31.21,False,-1,True,True,0.75,0.0,-0.0,False,False,0.252,0.001,36.017,1392,39.25,,,,,0,False,False,0.0,False,8.04,5.46,20.0,
46.45,25732,336.52,-912.76,-0.009,5.121,30.0,1392,-1,31.46,False,-1,True,True,0.75,0.0,-0.0,False,False,0.257,0.0,36.015,1392,39.25,,,,,0,False,False,0.0,False,7.79,5.51,20.0,
46.5,25733,336.729,-912.608,-0.009,5.181,30.0,1392,-1,31.72,False,-1,True,True,0.75,0.0,-0.0,False,False,0.257,0.0,36.013,1392,39.25,,,,,0,False,False,0.0,False,7.53,5.56,20.0,
46.55,25734,336.943,-912.453,-0.009,5.358,30.0,1392,-1,31.98,False,-1,True,True,0.75,0.0,-0.0,False,False,0.261,0.0,36.012,1392,39.25,,,,,0,False,False,0.0,False,7.27,5.59,20.0,
46.6,25735,337.16,-912.295,-0.009,5.352,30.0,1392,-1,32.25,False,-1,True,True,0.75,0.0,-0.0,False,False,0.251,0.0,35.996,1392,39.25,,,,,0,False,False,0.0,False,7.0,5.68,20.0,
46.65,25736,337.377,-912.137,-0.009,5.401,30.0,1392,-1,32.52,False,-1,True,True,0.75,0.0,0.001,False,False,0.219,-0.002,36.022,1392,39.25,,,,,0,False,False,0.0,False,6.73,5.68,20.0,
46.7,25737,337.593,-911.98,-0.008,5.323,30.0,1392,-1,32.79,False,-1,True,True,0.603,0.0,-0.002,False,False,0.172,0.002,35.986,1392,39.25,,,,,0,False,False,0.0,False,6.46,5.7,20.0,
46.75,25738,337.81,-911.822,-0.008,5.389,30.0,1392,-1,33.06,False,-1,True,True,0.75,0.0,0.003,False,False,0.14,-0.002,36.008,1392,39.25,,,,,0,False,False,0.0,False,6.2,5.66,20.0,
46.8,25739,338.026,-911.665,-0.008,5.328,30.0,1392,-1,33.32,False,-1,True,True,0.632,0.0,-0.002,False,False,0.112,0.001,35.974,1392,39.25,,,,,0,False,False,0.0,False,5.93,5.69,20.0,
46.85,25740,338.244,-911.507,-0.008,5.413,30.0,1392,-1,33.59,False,-1,True,True,0.75,0.0,0.003,False,False,0.104,-0.003,35.997,1392,39.25,,,,,0,False,False,0.0,False,5.66,5.66,20.0,
46.9,25741,338.461,-911.349,-0.008,5.348,30.0,1392,-1,33.86,False,-1,True,True,0.538,0.0,-0.006,False,False,0.093,0.007,35.957,1392,42.99,,,,,0,False,False,0.0,False,9.13,5.71,20.0,
46.95,25742,338.679,-911.191,-0.008,5.415,30.0,1392,-1,34.13,False,-1,True,True,0.75,0.0,0.003,False,False,0.088,0.004,35.978,1392,42.99,,,,,0,False,False,0.0,False,8.86,5.67,20.0,
47.0,25743,338.898,-911.032,-0.008,5.492,30.0,1392,-1,34.4,False,-1,True,True,0.525,0.0,-0.002,False,False,0.095,0.005,35.971,1392,42.99,,,,,0,False,False,0.0,False,8.59,5.71,20.0,
47.05,25744,339.134,-910.861,-0.009,5.985,30.0,1392,-1,34.69,False,-1,True,True,0.246,0.0,-0.0,False,False,0.231,0.004,35.991,1392,42.99,,,,,0,False,False,0.0,False,8.3,5.75,20.0,
47.1,25745,339.382,-910.681,-0.01,6.151,30.0,1392,-1,35.0,False,-1,True,True,0.0,0.3,-0.002,False,False,0.344,0.006,35.991,1392,42.99,,,,,0,False,False,0.0,False,8.0,5.99,20.0,
47.15,25746,339.634,-910.498,-0.01,6.271,30.0,1392,-1,35.31,False,-1,True,True,0.0,0.3,-0.001,False,False,0.373,0.005,35.985,1392,42.99,,,,,0,False,False,0.0,False,7.68,6.08,20.0,
47.2,25747,339.885,-910.316,-0.01,6.145,30.0,1392,-1,35.62,False,-1,True,True,0.0,0.3,-0.0,False,False,0.313,0.002,35.98,1392,42.99,,,,,0,False,False,0.0,False,7.37,6.14,20.0,
47.25,25748,340.132,-910.137,-0.009,6.083,30.0,1392,-1,35.93,False,-1,True,True,0.0,0.3,-0.0,False,False,0.217,0.0,35.965,1392,42.99,,,,,0,False,False,0.0,False,7.07,6.07,20.0,
47.3,25749,340.371,-909.963,-0.008,5.854,30.0,1392,-1,36.22,False,-1,True,True,0.0,0.3,0.001,False,False,0.099,-0.004,35.988,1392,42.99,,,,,0,False,False,0.0,False,6.77,6.04,20.0,
47.35,25750,340.604,-909.794,-0.007,5.728,30.0,1392,-1,36.51,False,-1,True,True,0.0,0.3,-0.002,False,False,-0.006,-0.001,35.958,1392,42.99,,,,,0,False,False,0.0,False,6.49,5.93,20.0,
47.4,25751,340.829,-909.631,-0.006,5.468,30.0,1392,-1,36.79,False,-1,True,True,0.0,0.3,0.002,False,False,-0.1,-0.004,35.983,1392,42.99,,,,,0,False,False,0.0,False,6.21,5.86,20.0,
47.45,25752,341.047,-909.473,-0.006,5.361,30.0,1392,-1,37.06,False,-1,True,True,0.289,0.0,-0.002,False,False,-0.162,-0.0,35.954,1392,42.99,,,,,0,False,False,0.0,False,5.94,5.73,20.0,
47.5,25753,341.259,-909.319,-0.005,5.163,30.0,1392,-1,37.32,False,-1,True,True,0.672,0.0,0.002,False,False,-0.197,-0.002,35.987,1392,42.99,,,,,0,False,False,0.0,False,5.68,5.68,20.0,
47.55,25754,341.467,-909.168,-0.005,5.129,30.0,1392,-1,37.57,False,-1,True,True,0.75,0.0,-0.003,False,False,-0.197,0.003,35.963,1392,42.99,,,,,0,False,False,0.0,False,5.42,5.58,20.0,
47.6,25755,341.672,-909.021,-0.005,4.999,30.0,1392,-1,37.83,False,-1,True,True,0.75,0.0,-0.005,False,False,-0.182,0.011,35.983,1392,46.73,,,,,0,False,False,0.0,False,8.91,5.56,20.0,
47.65,25756,341.878,-908.872,-0.006,5.113,30.0,1392,-1,38.08,False,-1,True,True,0.75,0.0,-0.004,False,False,-0.123,0.014,35.962,1392,46.73,,,,,0,False,False,0.0,False,8.65,5.5,20.0,
47.7,25757,342.082,-908.724,-0.006,5.033,30.0,1392,-1,38.33,False,-1,True,True,0.75,0.0,-0.001,False,False,-0.08,0.007,35.964,1392,46.73,,,,,0,False,False,0.0,False,8.4,5.56,20.0,
47.75,25758,342.276,-908.583,-0.006,4.667,30.0,1392,-1,38.57,False,-1,True,True,0.75,0.0,-0.002,False,False,-0.125,0.004,35.922,1392,46.73,,,,,0,False,False,0.0,False,8.16,5.52,20.0,
47.8,25759,342.458,-908.451,-0.006,4.435,30.0,1392,-1,38.8,False,-1,True,True,0.75,0.0,0.002,False,False,-0.2,-0.002,35.913,1392,46.73,,,,,0,False,False,0.0,False,7.93,5.33,20.0,
47.85,25760,342.635,-908.323,-0.005,4.317,30.0,1392,-1,39.02,False,-1,True,True,0.75,0.0,-0.0,False,False,-0.234,-0.003,35.913,1392,46.73,,,,,0,False,False,0.0,False,7.72,5.22,20.0,
47.9,25761,342.808,-908.198,-0.005,4.28,30.0,1392,-1,39.23,False,-1,True,True,0.75,0.0,-0.001,False,False,-0.218,-0.002,35.911,1392,46.73,,,,,0,False,False,0.0,False,7.5,5.16,20.0,
47.95,25762,342.982,-908.072,-0.006,4.297,30.0,1392,-1,39.45,False,-1,True,True,0.75,0.0,-0.0,False,False,-0.166,-0.001,35.909,1392,46.73,,,,,0,False,False,0.0,False,7.29,5.14,20.0,
48.0,25763,343.158,-907.944,-0.006,4.348,30.0,1392,-1,39.66,False,-1,True,True,0.75,0.0,-0.0,False,False,-0.095,-0.0,35.907,1392,46.73,,,,,0,False,False,0.0,False,7.07,5.15,20.0,
48.05,25764,343.337,-907.815,-0.007,4.419,30.0,1392,-1,39.88,False,-1,True,True,0.75,0.0,-0.0,False,False,-0.021,-0.0,35.906,1392,46.73,,,,,0,False,False,0.0,False,6.85,5.17,20.0,
48.1,25765,343.518,-907.684,-0.008,4.504,30.0,1392,-1,40.11,False,-1,True,True,0.75,0.0,-0.0,False,False,0.047,0.0,35.904,1392,46.73,,,,,0,False,False,0.0,False,6.63,5.21,20.0,
48.15,25766,343.703,-907.55,-0.008,4.596,30.0,1392,-1,40.34,False,-1,True,True,0.75,0.0,-0.0,False,False,0.105,0.0,35.903,1392,46.73,,,,,0,False,False,0.0,False,6.4,5.25,20.0,
48.2,25767,343.892,-907.413,-0.009,4.693,30.0,1392,-1,40.57,False,-1,True,True,0.75,0.0,-0.0,False,False,0.151,0.0,35.902,1392,46.73,,,,,0,False,False,0.0,False,6.17,5.3,20.0,
48.25,25768,344.085,-907.274,-0.009,4.793,30.0,1392,-1,40.81,False,-1,True,True,0.75,0.0,-0.0,False,False,0.186,0.0,35.901,1392,46.73,,,,,0,False,False,0.0,False,5.93,5.35,20.0,
48.3,25769,344.281,-907.131,-0.009,4.895,30.0,1392,-1,41.05,False,-1,True,True,0.75,0.0,-0.0,False,False,0.211,0.0,35.9,1392,46.73,,,,,0,False,False,0.0,False,5.68,5.4,20.0,
48.35,25770,344.482,-906.986,-0.009,4.998,30.0,1392,-1,41.3,False,-1,True,True,0.75,0.0,-0.0,False,False,0.229,-0.0,35.9,1392,46.73,,,,,0,False,False,0.0,False,5.44,5.45,20.0,
48.4,25771,344.687,-906.838,-0.009,5.1,30.0,1392,-1,41.55,False,-1,True,True,0.75,0.0,-0.005,False,False,0.242,0.009,35.884,1392,50.47,,,,,0,False,False,0.0,False,8.92,5.5,20.0,
48.45,25772,344.897,-906.687,-0.009,5.234,30.0,1392,-1,41.81,False,-1,True,True,0.75,0.0,0.0,False,False,0.252,0.007,35.872,1392,50.47,,,,,0,False,False,0.0,False,8.66,5.55,20.0,
48.5,25773,345.11,-906.533,-0.009,5.263,30.0,1392,-1,42.07,False,-1,True,True,0.75,0.0,0.0,False,False,0.25,0.002,35.869,1392,50.47,,,,,0,False,False,0.0,False,8.4,5.62,20.0,
48.55,25774,345.327,-906.375,-0.009,5.426,30.0,1392,-1,42.34,False,-1,True,True,0.75,0.0,-0.001,False,False,0.255,0.001,35.857,1392,50.47,,,,,0,False,False,0.0,False,8.13,5.63,20.0,
48.6,25775,345.545,-906.218,-0.009,5.333,30.0,1392,-1,42.61,False,-1,True,True,0.52,0.0,0.0,False,False,0.222,-0.001,35.881,1392,50.47,,,,,0,False,False,0.0,False,7.86,5.71,20.0,
48.65,25776,345.761,-906.062,-0.009,5.373,30.0,1392,-1,42.88,False,-1,True,True,0.75,0.0,-0.003,False,False,0.178,0.003,35.853,1392,50.47,,,,,0,False,False,0.0,False,7.6,5.67,20.0,
48.7,25777,345.977,-905.906,-0.008,5.289,30.0,1392,-1,43.14,False,-1,True,True,0.695,0.0,0.002,False,False,0.131,-0.0,35.886,1392,50.47,,,,,0,False,False,0.0,False,7.33,5.69,20.0,
48.75,25778,346.193,-905.75,-0.008,5.357,30.0,1392,-1,43.41,False,-1,True,True,0.75,0.0,-0.003,False,False,0.106,0.003,35.86,1392,50.47,,,,,0,False,False,0.0,False,7.06,5.64,20.0,
48.8,25779,346.409,-905.595,-0.008,5.301,30.0,1392,-1,43.67,False,-1,True,True,0.745,0.0,0.001,False,False,0.088,-0.0,35.891,1392,50.47,,,,,0,False,False,0.0,False,6.8,5.68,20.0,
48.85,25780,346.625,-905.438,-0.008,5.383,30.0,1392,-1,43.94,False,-1,True,True,0.75,0.0,-0.003,False,False,0.089,0.003,35.862,1392,50.47,,,,,0,False,False,0.0,False,6.53,5.65,20.0,
48.9,25781,346.842,-905.282,-0.008,5.31,30.0,1392,-1,44.21,False,-1,True,True,0.645,0.0,0.002,False,False,0.079,-0.001,35.888,1392,50.47,,,,,0,False,False,0.0,False,6.26,5.69,20.0,
48.95,25782,347.059,-905.125,-0.008,5.421,30.0,1392,-1,44.48,False,-1,True,True,0.75,0.0,-0.003,False,False,0.082,0.001,35.861,1392,50.47,,,,,0,False,False,0.0,False,6.0,5.65,20.0,
49.0,25783,347.29,-904.958,-0.009,5.827,30.0,1392,-1,44.76,False,-1,True,True,0.503,0.0,0.001,False,False,0.199,-0.002,35.835,1392,50.47,,,,,0,False,False,0.0,False,5.71,5.71,20.0,
49.05,25784,347.537,-904.779,-0.01,6.216,30.0,1392,-1,45.07,False,-1,True,True,0.0,0.3,0.004,False,False,0.346,-0.009,35.837,1392,54.21,,,,,0,False,False,0.0,False,9.14,5.91,20.0,
49.1,25785,347.791,-904.595,-0.011,6.27,30.0,1392,-1,45.38,False,-1,True,True,0.0,0.3,0.001,False,False,0.402,-0.008,35.845,1392,54.21,,,,,0,False,False,0.0,False,8.83,6.11,20.0,
49.15,25786,348.047,-904.41,-0.01,6.328,30.0,1392,-1,45.69,False,-1,True,True,0.0,0.3,-0.0,False,False,0.375,-0.003,35.848,1392,54.21,,,,,0,False,False,0.0,False,8.51,6.13,20.0,
49.2,25787,348.299,-904.228,-0.01,6.167,30.0,1392,-1,46.01,False,-1,True,True,0.0,0.3,0.0,False,False,0.281,0.0,35.84,1392,54.21,,,,,0,False,False,0.0,False,8.2,6.16,20.0,
49.25,25788,348.546,-904.049,-0.009,6.073,30.0,1392,-1,46.31,False,-1,True,True,0.0,0.3,0.001,False,False,0.168,-0.0,35.867,1392,54.21,,,,,0,False,False,0.0,False,7.9,6.08,20.0,
49.3,25789,348.785,-903.876,-0.007,5.834,30.0,1392,-1,46.61,False,-1,True,True,0.0,0.3,-0.002,False,False,0.047,0.004,35.842,1392,54.21,,,,,0,False,False,0.0,False,7.6,6.04,20.0,
49.35,25790,349.018,-903.708,-0.007,5.702,30.0,1392,-1,46.89,False,-1,True,True,0.0,0.3,0.002,False,False,-0.051,0.001,35.87,1392,54.21,,,,,0,False,False,0.0,False,7.32,5.92,20.0,
49.4,25791,349.242,-903.546,-0.006,5.437,30.0,1392,-1,47.17,False,-1,True,True,0.0,0.3,-0.002,False,False,-0.138,0.004,35.844,1392,54.21,,,,,0,False,False,0.0,False,7.04,5.85,20.0,
49.45,25792,349.459,-903.39,-0.005,5.327,30.0,1392,-1,47.44,False,-1,True,True,0.394,0.0,0.002,False,False,-0.192,-0.0,35.872,1392,54.21,,,,,0,False,False,0.0,False,6.77,5.72,20.0,
49.5,25793,349.669,-903.237,-0.005,5.127,30.0,1392,-1,47.7,False,-1,True,True,0.75,0.0,-0.002,False,False,-0.219,0.001,35.838,1392,54.21,,,,,0,False,False,0.0,False,6.51,5.66,20.0,
49.55,25794,349.876,-903.088,-0.005,5.092,30.0,1392,-1,47.95,False,-1,True,True,0.75,0.0,0.003,False,False,-0.214,-0.003,35.863,1392,54.21,,,,,0,False,False,0.0,False,6.26,5.56,20.0,
49.6,25795,350.081,-902.939,-0.005,5.018,30.0,1392,-1,48.21,False,-1,True,True,0.75,0.0,-0.002,False,False,-0.178,-0.001,35.821,1392,54.21,,,,,0,False,False,0.0,False,6.0,5.55,20.0,
49.65,25796,350.286,-902.791,-0.006,5.088,30.0,1392,-1,48.46,False,-1,True,True,0.75,0.0,0.004,False,False,-0.119,-0.005,35.851,1392,54.21,,,,,0,False,False,0.0,False,5.75,5.51,20.0,
49.7,25797,350.484,-902.648,-0.006,4.72,30.0,1392,-1,48.7,False,-1,True,True,0.75,0.0,-0.002,False,False,-0.137,-0.001,35.842,1392,54.21,,,,,0,False,False,0.0,False,5.51,5.54,20.0,
49.75,25798,350.667,-902.516,-0.005,4.425,30.0,1392,-1,48.93,False,-1,True,True,0.75,0.0,0.001,False,False,-0.22,0.0,35.851,1392,54.21,,,,,0,False,False,0.0,False,5.28,5.36,20.0,
49.8,25799,350.842,-902.389,-0.005,4.259,30.0,1392,-1,49.14,False,-1,True,True,0.75,0.0,-0.0,False,False,-0.271,0.001,35.854,1392,54.21,,,,,0,False,False,0.0,False,5.07,5.21,20.0,
49.85,25800,351.01,-902.263,-0.005,4.183,30.0,1392,-1,49.35,False,-1,True,True,0.75,0.0,0.081,False,False,-0.27,-0.109,36.052,1484,1.74,,,,,0,False,False,0.0,False,8.18,5.13,20.0,
49.9,25801,351.177,-902.137,-0.005,4.18,30.0,1392,-1,49.56,False,-1,True,True,0.75,0.0,0.005,False,False,-0.223,-0.103,36.224,1484,1.74,,,,,0,False,False,0.0,False,7.97,5.09,20.0,
49.95,25802,351.346,-902.012,-0.006,4.22,30.0,1392,-1,49.77,False,-1,True,True,0.75,0.0,0.001,False,False,-0.149,-0.047,36.275,1484,1.74,,,,,0,False,False,0.0,False,7.76,5.09,20.0,
50.0,25803,351.518,-901.885,-0.007,4.285,30.0,1392,-1,49.99,False,-1,True,True,0.75,0.0,0.009,False,False,-0.067,-0.022,36.314,1484,1.74,,,,,0,False,False,0.0,False,7.55,5.11,20.0,
50.05,25804,351.692,-901.755,-0.007,4.366,30.0,1392,-1,50.2,False,-1,True,True,0.75,0.0,0.008,False,False,0.011,-0.014,36.36,1484,1.74,,,,,0,False,False,0.0,False,7.33,5.14,20.0,
50.1,25805,351.87,-901.623,-0.008,4.457,30.0,1392,-1,50.43,False,-1,True,True,0.75,0.0,0.006,False,False,0.077,-0.007,36.4,1484,1.74,,,,,0,False,False,0.0,False,7.11,5.18,20.0,
50.15,25806,352.052,-901.488,-0.008,4.553,30.0,1392,-1,50.65,False,-1,True,True,0.75,0.0,0.005,False,False,0.131,-0.003,36.434,1484,1.74,,,,,0,False,False,0.0,False,6.88,5.23,20.0,
50.2,25807,352.237,-901.35,-0.009,4.654,30.0,1392,-1,50.88,False,-1,True,True,0.75,0.0,0.004,False,False,0.172,-0.001,36.464,1484,1.74,,,,,0,False,False,0.0,False,6.65,5.28,20.0,
50.25,25808,352.427,-901.21,-0.009,4.756,30.0,1392,-1,51.12,False,-1,True,True,0.75,0.0,0.004,False,False,0.202,0.0,36.49,1484,1.74,,,,,0,False,False,0.0,False,6.42,5.33,20.0,
50.3,25809,352.621,-901.066,-0.009,4.859,30.0,1392,-1,51.36,False,-1,True,True,0.75,0.0,0.003,False,False,0.223,0.001,36.513,1484,1.74,,,,,0,False,False,0.0,False,6.17,5.38,20.0,
50.35,25810,352.818,-900.919,-0.009,4.963,30.0,1392,-1,51.61,False,-1,True,True,0.75,0.0,0.003,False,False,0.238,0.001,36.532,1484,1.74,,,,,0,False,False,0.0,False,5.93,5.43,20.0,
50.4,25811,353.02,-900.769,-0.009,5.067,30.0,1392,-1,51.86,False,-1,True,True,0.75,0.0,0.002,False,False,0.248,0.001,36.549,1484,1.74,,,,,0,False,False,0.0,False,5.68,5.48,20.0,
50.45,25812,353.226,-900.616,-0.009,5.151,30.0,1392,-1,52.11,False,-1,True,True,0.75,0.0,0.002,False,False,0.253,0.001,36.563,1484,1.74,,,,,0,False,False,0.0,False,5.42,5.53,20.0,
50.5,25813,353.433,-900.457,-0.009,5.292,30.0,1392,-1,52.38,False,-1,True,True,0.75,0.0,0.102,False,False,0.255,-0.132,36.78,1484,5.21,,,,,0,False,False,0.0,False,7.76,5.58,20.0,
50.55,25814,353.635,-900.288,-0.009,5.283,30.0,1392,-1,52.64,False,-1,True,True,0.75,0.0,0.202,False,False,0.239,-0.419,37.484,1484,5.21,,,,,0,False,False,0.0,False,7.5,5.65,20.0,
50.6,25815,353.835,-900.112,-0.009,5.343,30.0,1392,-1,52.9,False,-1,True,True,0.75,0.0,0.176,False,False,0.211,-0.599,38.518,1484,5.21,,,,,0,False,False,0.0,False,7.23,5.64,20.0,
50.65,25816,354.031,-899.937,-0.008,5.267,30.0,1392,-1,53.17,False,-1,True,True,0.75,0.0,0.118,False,False,0.164,-0.569,39.429,1484,5.21,,,,,0,False,False,0.0,False,6.97,5.67,20.0,
50.7,25817,354.228,-899.759,-0.008,5.343,30.0,1392,-1,53.43,False,-1,True,True,0.75,0.0,0.097,False,False,0.136,-0.469,40.247,1484,5.21,,,,,0,False,False,0.0,False,6.7,5.63,20.0,
50.75,25818,354.423,-899.58,-0.008,5.3,30.0,1392,-1,53.69,False,-1,True,True,0.75,0.0,0.078,False,False,0.113,-0.365,40.883,1484,5.21,,,,,0,False,False,0.0,False,6.44,5.67,20.0,
50.8,25819,354.619,-899.398,-0.008,5.363,30.0,1392,-1,53.96,False,-1,True,True,0.75,0.0,0.07,False,False,0.103,-0.283,41.468,1484,5.21,,,,,0,False,False,0.0,False,6.17,5.65,20.0,
50.85,25820,354.812,-899.216,-0.008,5.293,30.0,1392,-1,54.22,False,-1,True,True,0.723,0.0,0.056,False,False,0.086,-0.212,41.91,1484,5.21,,,,,0,False,False,0.0,False,5.91,5.68,20.0,
50.9,25821,355.012,-899.027,-0.008,5.712,30.0,1392,-1,54.49,False,-1,True,True,0.75,0.0,0.051,False,False,0.149,-0.174,42.31,1484,5.21,,,,,0,False,False,0.0,False,5.63,5.65,20.0,
50.95,25822,355.223,-898.819,-0.01,6.012,30.0,1392,-1,54.79,False,-1,True,True,0.0,0.3,0.151,False,False,0.29,-0.299,42.91,1484,8.69,,,,,0,False,False,0.0,False,7.67,5.86,20.0,
51.0,25823,355.433,-898.593,-0.01,6.248,30.0,1487,-1,0.0,True,43,True,False,0.0,0.3,0.251,False,False,0.376,-0.605,44.045,1484,8.69,,,,,0,False,False,0.0,False,7.37,6.01,20.0,
51.05,25824,355.632,-898.357,-0.01,6.175,30.0,1487,-1,0.0,True,43,True,False,0.0,0.3,0.351,False,False,0.35,-0.979,45.791,1484,8.69,,,,,0,False,False,0.0,False,7.07,6.12,20.0,
51.1,25825,355.818,-898.115,-0.009,6.157,30.0,1487,-1,0.13,True,43,True,False,0.0,0.3,0.321,False,False,0.264,-1.22,47.924,1484,8.69,,,,,1,True,False,0.0,False,6.76,6.09,20.0,
51.15,25826,355.996,-897.873,-0.008,5.98,30.0,1392,-1,55.97,False,-1,True,True,0.0,0.3,0.224,False,False,0.154,-1.163,49.945,1484,8.69,,,,,1,True,False,0.0,False,6.46,6.08,20.0,
51.2,25827,356.151,-897.611,0.008,5.877,30.0,1484,-1,0.2,True,43,True,True,0.0,0.3,0.168,False,False,1.041,-4.005,51.527,1484,8.69,1484,0.25,0.703,0.233,1,True,False,0.0,False,6.16,5.99,20.0,
51.25,25828,356.315,-897.37,0.024,5.664,30.0,1484,-1,0.48,True,43,True,True,0.0,0.3,0.126,False,False,1.615,-4.915,52.823,1484,8.69,1484,0.5,0.783,0.288,1,True,False,0.0,False,5.87,5.94,20.0,
51.3,25829,356.474,-897.14,0.032,5.542,30.0,1484,-1,0.75,True,43,True,True,0.0,0.3,0.118,False,False,1.805,-5.054,53.879,1484,8.69,1484,1.0,0.856,0.315,1,True,False,0.0,False,5.59,5.83,20.0,
51.35,25830,356.622,-896.916,0.037,5.295,30.0,1484,-1,1.25,True,43,True,True,0.02,0.0,0.218,False,False,1.814,-5.129,54.969,1484,12.17,1484,1.25,0.923,0.333,1,True,False,0.0,False,7.79,5.77,20.0,
51.4,25831,356.754,-896.694,0.038,5.164,30.0,1484,-1,1.5,True,43,True,True,0.75,0.0,0.318,False,False,1.767,-5.298,56.34,1484,12.17,1484,1.5,0.994,0.357,1,True,False,0.0,False,7.54,5.65,20.0,
51.45,25832,356.867,-896.475,0.038,4.939,30.0,1484,-1,1.73,True,43,True,True,0.75,0.0,0.418,False,False,1.698,-5.528,58.162,1484,12.17,1484,2.0,1.064,0.397,1,True,False,0.0,False,7.3,5.58,20.0,
51.5,25833,356.96,-896.256,0.037,4.811,30.0,1484,-1,2.25,True,43,True,True,0.75,0.0,0.495,False,False,1.668,-5.777,60.466,1484,12.17,1484,2.25,1.138,0.457,1,True,False,0.0,False,7.06,5.47,20.0,
51.55,25834,357.039,-896.036,0.034,4.803,30.0,1484,-1,2.47,True,43,True,True,0.75,0.0,0.395,False,False,1.728,-5.815,62.93,1484,12.17,1484,2.5,1.221,0.522,1,True,False,0.0,False,6.83,5.41,20.0,
51.6,25835,357.111,-895.816,0.032,4.572,30.0,1484,-1,2.69,True,43,True,True,0.75,0.0,0.295,False,False,1.745,-5.65,64.941,1484,12.17,1484,3.0,1.302,0.567,1,True,False,0.0,False,6.6,5.4,20.0,
51.65,25836,357.167,-895.616,0.052,4.268,30.0,1484,-1,3.26,True,43,True,True,0.75,0.0,0.253,False,False,0.675,-6.536,66.393,1484,12.17,1484,3.25,1.361,0.592,1,True,False,0.0,False,6.39,5.29,20.0,
51.7,25837,357.225,-895.427,0.066,4.068,30.0,1484,-1,3.45,True,43,True,True,0.75,0.0,0.238,False,False,-0.035,-6.871,67.632,1484,12.17,1484,3.75,1.414,0.597,2,True,False,0.0,False,6.19,5.13,20.0,
51.75,25838,357.282,-895.24,0.073,3.969,30.0,1484,-1,3.64,True,43,True,True,0.75,0.0,0.218,False,False,-0.336,-6.941,68.763,1484,12.17,1484,4.0,1.462,0.591,2,True,False,0.0,False,6.0,5.03,20.0,
51.8,25839,357.335,-895.053,0.076,3.947,30.0,1484,-1,4.25,True,43,True,True,0.75,0.0,0.189,False,False,-0.404,-6.91,69.761,1484,12.17,1484,4.25,1.503,0.578,2,True,False,0.0,False,5.8,4.98,20.0,
51.85,25840,357.386,-894.863,0.076,3.974,30.0,1484,-1,4.45,True,43,True,True,0.75,0.0,0.165,False,False,-0.352,-6.835,70.636,1484,12.17,1484,4.75,1.54,0.557,2,True,False,0.0,False,5.61,4.97,20.0,
51.9,25841,357.437,-894.67,0.074,4.033,30.0,1484,-1,4.64,True,43,True,True,0.75,0.0,0.144,False,False,-0.249,-6.747,71.412,1484,12.17,1484,5.0,1.569,0.524,2,True,False,0.0,False,5.41,4.99,20.0,
51.95,25842,357.488,-894.472,0.073,4.111,30.0,1484,-1,5.3,True,43,False,True,0.75,0.0,0.124,False,False,-0.136,-6.664,72.102,1484,12.17,1484,5.25,1.591,0.485,2,True,False,0.0,False,5.2,5.02,20.0,
52.0,25843,357.539,-894.271,0.071,4.201,30.0,1484,-1,5.51,True,43,False,True,0.75,0.0,0.107,False,False,-0.032,-6.592,72.714,1484,12.17,1484,5.75,1.603,0.475,2,True,False,0.0,False,5.0,5.06,20.0,
52.05,25844,357.586,-894.064,0.07,4.283,30.0,1484,-1,6.17,True,43,False,True,0.75,0.0,0.207,False,False,0.046,-6.652,73.465,1202,1.98,1484,6.0,1.605,0.551,2,True,False,0.0,True,7.94,5.1,20.0,
52.1,25845,357.624,-893.853,0.069,4.349,30.0,1484,-1,6.38,True,43,False,True,0.75,0.0,0.307,False,False,0.092,-6.863,74.615,1202,1.98,1484,6.5,1.607,0.617,2,True,False,0.0,False,7.73,5.14,20.0,
52.15,25846,357.649,-893.639,0.069,4.402,30.0,1484,-1,6.6,True,43,False,True,0.75,0.0,0.407,False,False,0.109,-7.143,76.227,1202,1.98,1484,6.75,1.614,0.672,2,True,False,0.0,False,7.52,5.17,20.0,
52.2,25847,357.659,-893.423,0.069,4.452,30.0,1484,-1,7.23,True,43,False,True,0.75,0.0,0.476,False,False,0.105,-7.427,78.291,1202,1.98,1484,7.25,1.621,0.711,2,True,False,0.0,False,7.3,5.2,20.0,
52.25,25848,357.662,-893.203,0.068,4.569,30.0,1484,-1,7.45,True,43,False,True,0.75,0.0,0.376,False,False,0.116,-7.512,80.43,1202,1.98,1484,7.5,1.629,0.75,2,True,False,0.0,False,7.08,5.23,20.0,
52.3,25849,357.661,-892.976,0.068,4.698,30.0,1484,-1,7.68,True,43,False,True,0.75,0.0,0.295,False,False,0.149,-7.389,82.309,1202,1.98,1484,8.0,1.636,0.796,2,True,False,0.0,False,6.86,5.28,20.0,
52.35,25850,357.659,-892.741,0.067,4.823,30.0,1484,-1,8.29,True,43,False,True,0.75,0.0,0.252,False,False,0.184,-7.198,83.925,1202,1.98,1484,8.25,1.637,0.844,2,True,False,0.0,False,6.62,5.35,20.0,
52.4,25851,357.655,-892.5,0.067,4.942,30.0,1484,-1,8.54,True,43,False,True,0.75,0.0,0.219,False,False,0.212,-7.024,85.351,1202,1.98,1484,8.75,1.631,0.889,2,True,False,0.0,False,6.38,5.41,20.0,
52.45,25852,357.648,-892.252,0.067,5.059,30.0,1484,-1,9.11,True,43,False,True,0.75,0.0,0.186,False,False,0.233,-6.877,86.61,1202,1.98,1484,9.0,1.614,0.929,2,True,False,0.0,False,6.13,5.47,20.0,
52.5,25853,357.64,-891.998,0.067,5.179,30.0,1484,-1,9.37,True,43,False,True,0.75,0.0,0.156,False,False,0.25,-6.742,87.701,1202,1.98,1484,9.5,1.592,0.961,2,True,False,0.0,False,5.88,5.53,20.0,
52.55,25854,357.631,-891.739,0.067,5.234,30.0,1484,-1,9.62,True,43,True,True,0.75,0.0,0.133,False,False,0.255,-6.644,88.689,1202,1.98,1484,9.75,1.564,0.983,2,True,False,0.0,False,5.62,5.59,20.0,
52.6,25855,357.62,-891.479,0.067,5.215,30.0,1484,-1,10.15,True,43,True,True,0.75,0.0,0.108,False,False,0.216,-6.559,89.481,1202,1.98,1484,10.0,1.524,0.994,2,True,False,0.0,False,5.36,5.62,20.0,
52.65,25856,357.605,-891.222,0.068,5.196,30.0,1484,-1,10.41,True,43,True,True,0.75,0.0,0.208,False,False,0.173,-6.623,90.427,1202,5.95,1484,10.5,1.482,0.99,2,True,False,0.0,False,8.92,5.61,20.0,
52.7,25857,357.579,-890.967,0.069,5.168,30.0,1484,-1,10.66,True,43,True,True,0.75,0.0,0.308,False,False,0.116,-6.852,91.655,1202,5.95,1484,10.75,1.445,0.975,2,True,False,0.0,False,8.67,5.6,20.0,
52.75,25858,357.542,-890.714,0.069,5.175,30.0,1484,-1,11.14,True,43,True,True,0.75,0.0,0.32,False,False,0.079,-7.108,93.326,1202,5.95,1484,11.0,1.41,0.944,2,True,False,0.0,False,8.42,5.58,20.0,
52.8,25859,357.5,-890.462,0.069,5.184,30.0,1484,-1,11.4,True,43,True,True,0.75,0.0,0.232,False,False,0.057,-7.152,94.928,1202,5.95,1484,11.5,1.38,0.913,2,True,False,0.0,False,8.16,5.59,20.0,
52.85,25860,357.455,-890.21,0.069,5.185,30.0,1484,-1,11.65,True,43,True,True,0.75,0.0,0.184,False,False,0.058,-7.052,96.383,1202,5.95,1484,11.75,1.346,0.88,2,True,False,0.0,False,7.9,5.59,20.0,
52.9,25861,357.406,-889.955,0.068,5.346,30.0,1484,-1,12.1,True,43,True,True,0.75,0.0,0.148,False,False,0.075,-6.925,97.551,1202,5.95,1484,12.0,1.314,0.853,1,True,False,0.0,False,7.65,5.59,20.0,
52.95,25862,357.35,-889.679,0.067,5.824,30.0,1484,-1,12.38,True,43,True,True,0.75,0.0,0.13,False,False,0.227,-6.866,98.666,1202,5.95,1484,12.5,1.273,0.819,1,True,False,0.0,False,7.36,5.67,20.0,
53.0,25863,357.288,-889.383,0.066,6.18,30.0,1484,-1,12.68,True,43,True,True,0.0,0.3,0.097,False,False,0.381,-6.793,99.608,1202,5.95,1484,12.75,1.227,0.785,1,True,False,0.0,False,7.06,5.91,20.0,
53.05,25864,357.222,-889.076,0.065,6.36,30.0,1484,-1,13.14,True,43,True,True,0.0,0.3,0.079,False,False,0.458,-6.711,100.424,1202,5.95,1484,13.0,1.175,0.748,2,True,False,0.0,False,6.75,6.09,20.0,
53.1,25865,357.153,-888.765,0.065,6.38,30.0,1484,-1,13.45,True,43,True,True,0.0,0.3,0.062,False,False,0.434,-6.628,101.049,1202,5.95,1484,13.5,1.118,0.71,1,True,False,0.0,False,6.43,6.18,20.0,
53.15,25866,357.088,-888.456,0.062,6.366,30.0,1484,-1,13.76,True,43,True,True,0.0,0.3,0.055,False,False,0.144,-5.941,101.581,1202,5.95,,,,,1,True,False,0.0,False,6.11,6.19,20.0,
53.2,25867,357.023,-888.154,0.054,6.309,30.0,1483,-1,9.79,True,43,True,False,0.0,0.3,0.155,False,False,-0.484,-4.641,102.089,1202,9.92,,,,,1,True,False,0.0,False,9.73,6.18,20.0,
53.25,25868,356.952,-887.86,0.041,6.127,30.0,1483,-1,9.8,True,43,True,False,0.0,0.3,0.19,False,False,-1.299,-3.195,102.852,1202,9.92,,,,,1,True,False,0.0,False,9.43,6.15,20.0,
53.3,25869,356.867,-887.579,0.033,5.922,30.0,1483,-1,9.8,True,43,True,False,0.0,0.3,0.148,False,False,-1.811,-2.644,103.883,1202,9.92,,,,,1,True,False,0.0,False,9.14,6.06,20.0,
53.35,25870,356.783,-887.307,0.03,5.66,30.0,1483,-1,9.89,True,43,True,False,0.0,0.3,0.09,False,False,-2.058,-2.322,104.732,1202,9.92,,,,,1,True,False,0.0,False,8.85,5.96,20.0,
53.4,25871,356.702,-887.044,0.029,5.462,30.0,1202,-1,1.39,False,-1,True,True,0.0,0.3,0.074,False,False,-2.163,-2.107,105.416,1202,9.92,,,,,1,True,False,0.0,False,8.58,5.83,20.0,
53.45,25872,356.622,-886.79,0.029,5.249,30.0,1202,-1,1.66,False,-1,True,True,0.291,0.0,0.063,False,False,-2.197,-1.987,105.933,1202,9.92,,,,,1,True,False,0.0,False,8.31,5.73,20.0,
53.5,25873,356.544,-886.543,0.03,5.161,30.0,1202,-1,1.91,False,-1,True,True,0.75,0.0,0.058,False,False,-2.177,-1.93,106.386,1202,9.92,,,,,1,True,False,0.0,False,8.05,5.62,20.0,
53.55,25874,356.465,-886.298,0.03,5.131,30.0,1202,-1,2.17,False,-1,True,True,0.75,0.0,0.048,False,False,-2.099,-1.908,106.757,1202,9.92,,,,,1,True,False,0.0,False,7.79,5.58,20.0,
53.6,25875,356.385,-886.052,0.03,5.16,30.0,1202,-1,2.43,False,-1,True,True,0.75,0.0,0.041,False,False,-2.0,-1.898,107.095,1202,9.92,,,,,1,True,False,0.0,False,7.54,5.57,20.0,
53.65,25876,356.309,-885.823,0.032,4.673,30.0,1202,-1,2.67,False,-1,True,True,0.75,0.0,0.033,False,False,-2.045,-1.885,107.286,1202,9.92,,,,,1,True,False,0.0,False,7.29,5.58,20.0,
53.7,25877,356.24,-885.611,0.031,4.338,30.0,1202,-1,2.89,False,-1,True,True,0.75,0.0,0.036,False,False,-2.043,-1.755,107.468,1202,9.92,,,,,1,True,False,0.0,False,7.07,5.34,20.0,
53.75,25878,356.176,-885.407,0.023,4.13,30.0,1202,-1,3.1,False,-1,True,True,0.75,0.0,0.031,False,False,-1.666,-1.271,107.665,1202,9.92,,,,,1,True,False,0.0,False,6.86,5.17,20.0,
53.8,25879,356.111,-885.211,0.013,4.031,30.0,1202,-1,3.31,False,-1,True,True,0.75,0.0,0.025,False,False,-1.158,-0.782,107.827,1202,9.92,,,,,1,True,False,0.0,False,6.65,5.07,20.0,
53.85,25880,356.045,-885.017,0.005,4.013,30.0,1202,-1,3.51,False,-1,True,True,0.75,0.0,0.022,False,False,-0.776,-0.489,107.951,1202,9.92,,,,,1,True,False,0.0,False,6.45,5.02,20.0,
53.9,25881,355.979,-884.824,0.0,4.049,30.0,1202,-1,3.71,False,-1,True,True,0.75,0.0,0.019,False,False,-0.484,-0.297,108.058,1202,9.92,,,,,1,True,False,0.0,False,6.24,5.01,20.0,
53.95,25882,355.913,-884.629,-0.004,4.116,30.0,1202,-1,3.92,False,-1,True,True,0.75,0.0,0.016,False,False,-0.262,-0.173,108.153,1202,9.92,,,,,1,True,False,0.0,False,6.04,5.02,20.0,
54.0,25883,355.846,-884.43,-0.006,4.201,30.0,1202,-1,4.13,False,-1,True,True,0.75,0.0,0.013,False,False,-0.097,-0.095,108.235,1202,9.92,,,,,1,True,False,0.0,False,5.83,5.06,20.0,
54.05,25884,355.777,-884.228,-0.008,4.296,30.0,1202,-1,4.34,False,-1,True,True,0.75,0.0,0.011,False,False,0.022,-0.047,108.307,1202,9.92,,,,,0,False,False,0.0,False,5.61,5.1,20.0,
54.1,25885,355.707,-884.021,-0.009,4.397,30.0,1202,-1,4.56,False,-1,True,True,0.75,0.0,0.01,False,False,0.107,-0.02,108.369,1202,9.92,,,,,0,False,False,0.0,False,5.39,5.15,20.0,
54.15,25886,355.635,-883.809,-0.009,4.501,30.0,1202,-1,4.78,False,-1,True,True,0.75,0.0,0.008,False,False,0.165,-0.005,108.424,1202,9.92,,,,,0,False,False,0.0,False,5.17,5.2,20.0,
54.2,25887,355.558,-883.594,-0.01,4.595,30.0,1202,-1,5.01,False,-1,True,True,0.75,0.0,0.108,False,False,0.201,-0.107,108.657,1202,13.89,,,,,0,False,False,0.0,False,8.9,5.25,20.0,
54.25,25888,355.476,-883.376,-0.01,4.7,30.0,1202,-1,5.24,False,-1,True,True,0.75,0.0,0.077,False,False,0.224,-0.212,109.079,1202,13.89,,,,,0,False,False,0.0,False,8.67,5.3,20.0,
54.3,25889,355.391,-883.154,-0.01,4.808,30.0,1202,-1,5.48,False,-1,True,True,0.75,0.0,0.049,False,False,0.24,-0.212,109.448,1202,13.89,,,,,0,False,False,0.0,False,8.43,5.35,20.0,
54.35,25890,355.305,-882.926,-0.01,4.915,30.0,1202,-1,5.72,False,-1,True,True,0.75,0.0,0.041,False,False,0.251,-0.174,109.745,1202,13.89,,,,,0,False,False,0.0,False,8.18,5.4,20.0,
54.4,25891,355.216,-882.693,-0.01,5.02,30.0,1202,-1,5.97,False,-1,True,True,0.75,0.0,0.036,False,False,0.258,-0.136,110.0,1202,13.89,,,,,0,False,False,0.0,False,7.94,5.46,20.0,
54.45,25892,355.124,-882.456,-0.009,5.126,30.0,1202,-1,6.22,False,-1,True,True,0.75,0.0,0.031,False,False,0.262,-0.099,110.221,1202,13.89,,,,,0,False,False,0.0,False,7.68,5.51,20.0,
54.5,25893,355.031,-882.214,-0.009,5.214,30.0,1202,-1,6.48,False,-1,True,True,0.75,0.0,0.026,False,False,0.261,-0.072,110.432,1202,13.89,,,,,0,False,False,0.0,False,7.42,5.56,20.0,
54.55,25894,354.937,-881.972,-0.009,5.195,30.0,1202,-1,6.74,False,-1,True,True,0.75,0.0,0.02,False,False,0.23,-0.046,110.559,1202,13.89,,,,,0,False,False,0.0,False,7.16,5.61,20.0,
54.6,25895,354.844,-881.731,-0.009,5.179,30.0,1202,-1,7.0,False,-1,True,True,0.75,0.0,0.021,False,False,0.184,-0.035,110.752,1202,13.89,,,,,0,False,False,0.0,False,6.9,5.6,20.0,
54.65,25896,354.75,-881.489,-0.008,5.182,30.0,1202,-1,7.26,False,-1,True,True,0.75,0.0,0.011,False,False,0.146,-0.018,110.829,1202,13.89,,,,,0,False,False,0.0,False,6.65,5.59,20.0,
54.7,25897,354.657,-881.248,-0.008,5.199,30.0,1202,-1,7.51,False,-1,True,True,0.75,0.0,0.016,False,False,0.122,-0.016,110.977,1202,13.89,,,,,0,False,False,0.0,False,6.39,5.59,20.0,
54.75,25898,354.562,-881.005,-0.008,5.223,30.0,1202,-1,7.77,False,-1,True,True,0.75,0.0,0.006,False,False,0.113,-0.006,111.019,1202,13.89,,,,,0,False,False,0.0,False,6.13,5.6,20.0,
54.8,25899,354.467,-880.762,-0.008,5.217,30.0,1202,-1,8.04,False,-1,True,True,0.75,0.0,0.012,False,False,0.101,-0.008,111.138,1202,13.89,,,,,0,False,False,0.0,False,5.86,5.61,20.0,
54.85,25900,354.372,-880.519,-0.008,5.214,30.0,1202,-1,8.3,False,-1,True,True,0.75,0.0,0.003,False,False,0.09,-0.001,111.152,1202,13.89,,,,,0,False,False,0.0,False,5.6,5.61,20.0,
54.9,25901,354.269,-880.266,-0.009,5.651,30.0,1202,-1,8.57,False,-1,True,True,0.75,0.0,0.103,False,False,0.179,-0.128,111.452,1202,17.86,,,,,0,False,False,0.0,False,9.29,5.61,20.0,
54.95,25902,354.155,-879.992,-0.01,6.036,30.0,1202,-1,8.86,False,-1,True,True,0.0,0.3,0.026,False,False,0.333,-0.183,111.805,1202,17.86,,,,,0,False,False,0.0,False,9.0,5.83,20.0,
55.0,25903,354.038,-879.706,-0.011,6.242,30.0,1202,-1,9.17,False,-1,True,True,0.0,0.3,0.009,False,False,0.426,-0.126,112.043,1202,17.86,,,,,0,False,False,0.0,False,8.69,6.02,20.0,
55.05,25904,353.918,-879.416,-0.011,6.282,30.0,1202,-1,9.49,False,-1,True,True,0.0,0.3,0.01,False,False,0.423,-0.078,112.158,1202,17.86,,,,,0,False,False,0.0,False,8.38,6.12,20.0,
55.1,25905,353.799,-879.128,-0.01,6.192,30.0,1202,-1,9.8,False,-1,True,True,0.0,0.3,0.015,False,False,0.339,-0.062,112.314,1202,17.86,,,,,0,False,False,0.0,False,8.06,6.14,20.0,
55.15,25906,353.682,-878.847,-0.009,6.062,30.0,1202,-1,10.1,False,-1,True,True,0.0,0.3,0.008,False,False,0.221,-0.044,112.375,1202,17.86,,,,,0,False,False,0.0,False,7.76,6.1,20.0,
55.2,25907,353.568,-878.573,-0.008,5.901,30.0,1202,-1,10.4,False,-1,True,True,0.0,0.3,0.012,False,False,0.101,-0.038,112.5,1202,17.86,,,,,0,False,False,0.0,False,7.46,6.03,20.0,
55.25,25908,353.456,-878.306,-0.007,5.722,30.0,1202,-1,10.69,False,-1,True,True,0.0,0.3,0.004,False,False,-0.006,-0.024,112.528,1202,17.86,,,,,0,False,False,0.0,False,7.17,5.95,20.0,
55.3,25909,353.349,-878.048,-0.006,5.529,30.0,1202,-1,10.97,False,-1,True,True,0.0,0.3,0.009,False,False,-0.095,-0.022,112.626,1202,17.86,,,,,0,False,False,0.0,False,6.89,5.86,20.0,
55.35,25910,353.244,-877.799,-0.006,5.361,30.0,1202,-1,11.24,False,-1,True,True,0.068,0.0,0.002,False,False,-0.16,-0.012,112.629,1202,17.86,,,,,0,False,False,0.0,False,6.62,5.76,20.0,
55.4,25911,353.142,-877.556,-0.005,5.216,30.0,1202,-1,11.5,False,-1,True,True,0.671,0.0,0.008,False,False,-0.194,-0.013,112.709,1202,17.86,,,,,0,False,False,0.0,False,6.36,5.68,20.0,
55.45,25912,353.042,-877.32,-0.005,5.092,30.0,1202,-1,11.76,False,-1,True,True,0.75,0.0,0.0,False,False,-0.205,-0.006,112.694,1202,17.86,,,,,0,False,False,0.0,False,6.1,5.61,20.0,
55.5,25913,352.944,-877.086,-0.005,5.068,30.0,1202,-1,12.01,False,-1,True,True,0.75,0.0,0.007,False,False,-0.182,-0.009,112.757,1202,17.86,,,,,0,False,False,0.0,False,5.85,5.55,20.0,
55.55,25914,352.846,-876.852,-0.006,5.065,30.0,1202,-1,12.26,False,-1,True,True,0.75,0.0,-0.0,False,False,-0.131,-0.004,112.729,1202,17.86,,,,,0,False,False,0.0,False,5.6,5.53,20.0,
55.6,25915,352.75,-876.623,-0.006,4.793,30.0,1202,-1,12.51,False,-1,True,True,0.75,0.0,0.006,False,False,-0.128,-0.007,112.781,1202,17.86,,,,,0,False,False,0.0,False,5.35,5.53,20.0,
55.65,25916,352.661,-876.414,-0.005,4.444,30.0,1202,-1,12.74,False,-1,True,True,0.75,0.0,0.006,False,False,-0.217,-0.012,112.825,1202,21.83,,,,,0,False,False,0.0,False,9.09,5.4,20.0,
55.7,25917,352.576,-876.216,-0.005,4.234,30.0,1202,-1,12.95,False,-1,True,True,0.75,0.0,0.025,False,False,-0.286,-0.043,112.91,1202,21.83,,,,,0,False,False,0.0,False,8.87,5.22,20.0,
55.75,25918,352.493,-876.025,-0.005,4.134,30.0,1202,-1,13.16,False,-1,True,True,0.75,0.0,0.019,False,False,-0.299,-0.058,113.012,1202,21.83,,,,,0,False,False,0.0,False,8.67,5.12,20.0,
55.8,25919,352.411,-875.836,-0.005,4.111,30.0,1202,-1,13.37,False,-1,True,True,0.75,0.0,0.014,False,False,-0.259,-0.053,113.099,1202,21.83,,,,,0,False,False,0.0,False,8.46,5.07,20.0,
55.85,25920,352.329,-875.646,-0.006,4.139,30.0,1202,-1,13.58,False,-1,True,True,0.75,0.0,0.012,False,False,-0.187,-0.043,113.172,1202,21.83,,,,,0,False,False,0.0,False,8.25,5.06,20.0,
55.9,25921,352.245,-875.455,-0.006,4.196,30.0,1202,-1,13.79,False,-1,True,True,0.75,0.0,0.011,False,False,-0.103,-0.033,113.236,1202,21.83,,,,,0,False,False,0.0,False,8.04,5.07,20.0,
55.95,25922,352.16,-875.26,-0.007,4.273,30.0,1202,-1,14.0,False,-1,True,True,0.75,0.0,0.009,False,False,-0.02,-0.025,113.294,1202,21.83,,,,,0,False,False,0.0,False,7.83,5.1,20.0,
56.0,25923,352.073,-875.061,-0.008,4.362,30.0,1202,-1,14.21,False,-1,True,True,0.75,0.0,0.008,False,False,0.053,-0.017,113.344,1202,21.83,,,,,0,False,False,0.0,False,7.61,5.14,20.0,
56.05,25924,351.985,-874.858,-0.008,4.457,30.0,1202,-1,14.44,False,-1,True,True,0.75,0.0,0.007,False,False,0.112,-0.012,113.388,1202,21.83,,,,,0,False,False,0.0,False,7.39,5.18,20.0,
56.1,25925,351.894,-874.65,-0.009,4.557,30.0,1202,-1,14.66,False,-1,True,True,0.75,0.0,0.006,False,False,0.159,-0.008,113.426,1202,21.83,,,,,0,False,False,0.0,False,7.17,5.23,20.0,
56.15,25926,351.801,-874.438,-0.009,4.659,30.0,1202,-1,14.89,False,-1,True,True,0.75,0.0,0.005,False,False,0.193,-0.005,113.459,1202,21.83,,,,,0,False,False,0.0,False,6.93,5.28,20.0,
56.2,25927,351.707,-874.222,-0.009,4.763,30.0,1202,-1,15.13,False,-1,True,True,0.75,0.0,0.004,False,False,0.217,-0.003,113.488,1202,21.83,,,,,0,False,False,0.0,False,6.7,5.33,20.0,
56.25,25928,351.61,-874.001,-0.009,4.867,30.0,1202,-1,15.37,False,-1,True,True,0.75,0.0,0.004,False,False,0.234,-0.002,113.513,1202,21.83,,,,,0,False,False,0.0,False,6.46,5.38,20.0,
56.3,25929,351.511,-873.775,-0.009,4.971,30.0,1202,-1,15.62,False,-1,True,True,0.75,0.0,0.003,False,False,0.246,-0.001,113.534,1202,21.83,,,,,0,False,False,0.0,False,6.21,5.43,20.0,
56.35,25930,351.41,-873.544,-0.009,5.075,30.0,1202,-1,15.87,False,-1,True,True,0.75,0.0,0.002,False,False,0.253,-0.0,113.553,1202,21.83,,,,,0,False,False,0.0,False,5.96,5.49,20.0,
56.4,25931,351.308,-873.309,-0.009,5.161,30.0,1202,-1,16.13,False,-1,True,True,0.75,0.0,0.002,False,False,0.256,-0.0,113.569,1202,21.83,,,,,0,False,False,0.0,False,5.7,5.54,20.0,
56.45,25932,351.203,-873.069,-0.009,5.313,30.0,1202,-1,16.39,False,-1,True,True,0.75,0.0,0.002,False,False,0.26,-0.0,113.582,1202,21.83,,,,,0,False,False,0.0,False,5.44,5.58,20.0,
56.5,25933,351.093,-872.826,-0.009,5.336,30.0,1202,-1,16.65,False,-1,True,True,0.75,0.0,0.043,False,False,0.255,-0.075,113.721,1202,25.8,,,,,0,False,False,0.0,False,9.14,5.66,20.0,
56.55,25934,350.983,-872.58,-0.009,5.426,30.0,1202,-1,16.92,False,-1,True,True,0.75,0.0,0.001,False,False,0.242,-0.063,113.822,1202,25.8,,,,,0,False,False,0.0,False,8.87,5.67,20.0,
56.6,25935,350.874,-872.334,-0.009,5.336,30.0,1202,-1,17.19,False,-1,True,True,0.517,0.0,0.0,False,False,0.195,-0.029,113.907,1202,25.8,,,,,0,False,False,0.0,False,8.6,5.71,20.0,
56.65,25936,350.766,-872.09,-0.008,5.386,30.0,1202,-1,17.46,False,-1,True,True,0.75,0.0,-0.001,False,False,0.154,-0.007,113.91,1202,25.8,,,,,0,False,False,0.0,False,8.34,5.67,20.0,
56.7,25937,350.658,-871.846,-0.008,5.309,30.0,1202,-1,17.73,False,-1,True,True,0.646,0.0,0.005,False,False,0.116,-0.005,113.967,1202,25.8,,,,,0,False,False,0.0,False,8.07,5.69,20.0,
56.75,25938,350.549,-871.602,-0.008,5.379,30.0,1202,-1,17.99,False,-1,True,True,0.75,0.0,-0.001,False,False,0.097,0.0,113.963,1202,25.8,,,,,0,False,False,0.0,False,7.8,5.65,20.0,
56.8,25939,350.44,-871.358,-0.008,5.323,30.0,1202,-1,18.26,False,-1,True,True,0.66,0.0,0.004,False,False,0.084,-0.003,114.012,1202,25.8,,,,,0,False,False,0.0,False,7.53,5.69,20.0,
56.85,25940,350.331,-871.112,-0.008,5.415,30.0,1202,-1,18.53,False,-1,True,True,0.75,0.0,-0.002,False,False,0.087,0.001,114.001,1202,25.8,,,,,0,False,False,0.0,False,7.27,5.66,20.0,
56.9,25941,350.222,-870.867,-0.008,5.339,30.0,1202,-1,18.8,False,-1,True,True,0.526,0.0,0.003,False,False,0.081,-0.002,114.039,1202,25.8,,,,,0,False,False,0.0,False,7.0,5.71,20.0,
56.95,25942,350.112,-870.621,-0.008,5.406,30.0,1202,-1,19.07,False,-1,True,True,0.75,0.0,-0.002,False,False,0.08,0.0,114.017,1202,25.8,,,,,0,False,False,0.0,False,6.73,5.67,20.0,
57.0,25943,349.999,-870.369,-0.008,5.677,30.0,1202,-1,19.34,False,-1,True,True,0.556,0.0,0.003,False,False,0.138,-0.004,114.016,1202,25.8,,,,,0,False,False,0.0,False,6.45,5.7,20.0,
57.05,25944,349.877,-870.096,-0.01,6.109,30.0,1202,-1,19.64,False,-1,True,True,0.0,0.3,0.002,False,False,0.289,-0.006,114.012,1202,25.8,,,,,0,False,False,0.0,False,6.15,5.84,20.0,
57.1,25945,349.751,-869.813,-0.01,6.201,30.0,1202,-1,19.95,False,-1,True,True,0.0,0.3,0.002,False,False,0.37,-0.006,114.019,1202,25.8,,,,,0,False,False,0.0,False,5.84,6.05,20.0,
57.15,25946,349.621,-869.528,-0.01,6.287,30.0,1202,-1,20.27,False,-1,True,True,0.0,0.3,0.025,False,False,0.368,-0.053,114.109,1202,29.76,,,,,0,False,False,0.0,False,9.5,6.1,20.0,
57.2,25947,349.494,-869.246,-0.01,6.142,30.0,1202,-1,20.58,False,-1,True,True,0.0,0.3,-0.001,False,False,0.291,-0.04,114.171,1202,29.76,,,,,0,False,False,0.0,False,9.19,6.14,20.0,
57.25,25948,349.37,-868.969,-0.009,6.057,30.0,1202,-1,20.88,False,-1,True,True,0.0,0.3,-0.001,False,False,0.185,-0.016,114.221,1202,29.76,,,,,0,False,False,0.0,False,8.88,6.07,20.0,
57.3,25949,349.248,-868.7,-0.008,5.824,30.0,1202,-1,21.17,False,-1,True,True,0.0,0.3,-0.001,False,False,0.066,-0.002,114.207,1202,29.76,,,,,0,False,False,0.0,False,8.59,6.03,20.0,
57.35,25950,349.131,-868.439,-0.007,5.696,30.0,1202,-1,21.46,False,-1,True,True,0.0,0.3,0.004,False,False,-0.033,-0.003,114.246,1202,29.76,,,,,0,False,False,0.0,False,8.3,5.91,20.0,
57.4,25951,349.017,-868.187,-0.006,5.434,30.0,1202,-1,21.74,False,-1,True,True,0.0,0.3,-0.001,False,False,-0.122,0.001,114.23,1202,29.76,,,,,0,False,False,0.0,False,8.03,5.85,20.0,
57.45,25952,348.908,-867.943,-0.005,5.327,30.0,1202,-1,22.0,False,-1,True,True,0.408,0.0,0.003,False,False,-0.179,-0.002,114.266,1202,29.76,,,,,0,False,False,0.0,False,7.76,5.72,20.0,
57.5,25953,348.801,-867.706,-0.005,5.128,30.0,1202,-1,22.26,False,-1,True,True,0.75,0.0,-0.001,False,False,-0.209,-0.0,114.238,1202,29.76,,,,,0,False,False,0.0,False,7.5,5.66,20.0,
57.55,25954,348.696,-867.473,-0.005,5.095,30.0,1202,-1,22.52,False,-1,True,True,0.75,0.0,0.004,False,False,-0.205,-0.004,114.268,1202,29.76,,,,,0,False,False,0.0,False,7.24,5.56,20.0,
57.6,25955,348.592,-867.244,-0.006,5.049,30.0,1202,-1,22.77,False,-1,True,True,0.75,0.0,-0.001,False,False,-0.177,-0.001,114.232,1202,29.76,,,,,0,False,False,0.0,False,6.99,5.55,20.0,
57.65,25956,348.488,-867.014,-0.006,5.05,30.0,1202,-1,23.02,False,-1,True,True,0.75,0.0,0.004,False,False,-0.126,-0.005,114.235,1202,29.76,,,,,0,False,False,0.0,False,6.74,5.52,20.0,
57.7,25957,348.385,-866.786,-0.006,4.855,30.0,1202,-1,23.27,False,-1,True,True,0.75,0.0,0.002,False,False,-0.097,-0.004,114.261,1202,29.76,,,,,0,False,False,0.0,False,6.49,5.53,20.0,
57.75,25958,348.29,-866.575,-0.006,4.525,30.0,1202,-1,23.5,False,-1,True,True,0.75,0.0,-0.001,False,False,-0.172,-0.0,114.283,1202,29.76,,,,,0,False,False,0.0,False,6.26,5.43,20.0,
57.8,25959,348.2,-866.375,-0.005,4.33,30.0,1202,-1,23.72,False,-1,True,True,0.75,0.0,-0.001,False,False,-0.238,0.004,114.285,1202,29.76,,,,,0,False,False,0.0,False,6.04,5.26,20.0,
57.85,25960,348.112,-866.181,-0.005,4.24,30.0,1202,-1,23.94,False,-1,True,True,0.75,0.0,0.0,False,False,-0.253,0.003,114.285,1202,29.76,,,,,0,False,False,0.0,False,5.83,5.16,20.0,
57.9,25961,348.025,-865.988,-0.005,4.222,30.0,1202,-1,24.15,False,-1,True,True,0.75,0.0,0.0,False,False,-0.22,0.001,114.286,1202,29.76,,,,,0,False,False,0.0,False,5.61,5.12,20.0,
57.95,25962,347.938,-865.794,-0.006,4.252,30.0,1202,-1,24.36,False,-1,True,True,0.75,0.0,0.0,False,False,-0.155,0.0,114.287,1202,29.76,,,,,0,False,False,0.0,False,5.4,5.11,20.0,
58.0,25963,347.849,-865.598,-0.007,4.311,30.0,1202,-1,24.58,False,-1,True,True,0.75,0.0,0.0,False,False,-0.078,0.0,114.288,1202,29.76,,,,,0,False,False,0.0,False,5.19,5.13,20.0,
58.05,25964,347.76,-865.399,-0.007,4.388,30.0,1202,-1,24.8,False,-1,True,True,0.75,0.0,0.0,False,False,-0.003,0.0,114.288,1202,29.76,,,,,0,False,False,0.0,False,4.97,5.16,20.0,
58.1,25965,347.667,-865.197,-0.008,4.475,30.0,1202,-1,25.02,False,-1,True,True,0.75,0.0,0.016,False,False,0.064,-0.026,114.336,1202,33.73,,,,,0,False,False,0.0,False,8.71,5.19,20.0,
58.15,25966,347.573,-864.99,-0.008,4.57,30.0,1202,-1,25.24,False,-1,True,True,0.75,0.0,0.0,False,False,0.119,-0.022,114.37,1202,33.73,,,,,0,False,False,0.0,False,8.49,5.24,20.0,
58.2,25967,347.477,-864.779,-0.009,4.669,30.0,1202,-1,25.48,False,-1,True,True,0.75,0.0,0.0,False,False,0.163,-0.009,114.379,1202,33.73,,,,,0,False,False,0.0,False,8.25,5.28,20.0,
58.25,25968,347.379,-864.563,-0.009,4.77,30.0,1202,-1,25.71,False,-1,True,True,0.75,0.0,0.001,False,False,0.195,-0.004,114.387,1202,33.73,,,,,0,False,False,0.0,False,8.02,5.33,20.0,
58.3,25969,347.279,-864.343,-0.009,4.873,30.0,1202,-1,25.96,False,-1,True,True,0.75,0.0,0.001,False,False,0.218,-0.003,114.395,1202,33.73,,,,,0,False,False,0.0,False,7.78,5.39,20.0,
58.35,25970,347.177,-864.118,-0.009,4.976,30.0,1202,-1,26.2,False,-1,True,True,0.75,0.0,0.001,False,False,0.234,-0.001,114.403,1202,33.73,,,,,0,False,False,0.0,False,7.53,5.44,20.0,
58.4,25971,347.073,-863.889,-0.009,5.08,30.0,1202,-1,26.45,False,-1,True,True,0.75,0.0,0.001,False,False,0.245,-0.001,114.41,1202,33.73,,,,,0,False,False,0.0,False,7.28,5.49,20.0,
58.45,25972,346.966,-863.655,-0.009,5.164,30.0,1202,-1,26.71,False,-1,True,True,0.75,0.0,0.001,False,False,0.251,-0.0,114.415,1202,33.73,,,,,0,False,False,0.0,False,7.02,5.54,20.0,
58.5,25973,346.858,-863.416,-0.009,5.318,30.0,1202,-1,26.97,False,-1,True,True,0.75,0.0,0.001,False,False,0.257,-0.0,114.42,1202,33.73,,,,,0,False,False,0.0,False,6.76,5.58,20.0,
58.55,25974,346.748,-863.174,-0.009,5.34,30.0,1202,-1,27.24,False,-1,True,True,0.75,0.0,0.001,False,False,0.253,0.0,114.418,1202,33.73,,,,,0,False,False,0.0,False,6.49,5.66,20.0,
58.6,25975,346.636,-862.928,-0.009,5.41,30.0,1202,-1,27.51,False,-1,True,True,0.75,0.0,0.001,False,False,0.235,-0.001,114.441,1202,33.73,,,,,0,False,False,0.0,False,6.22,5.67,20.0,
58.65,25976,346.526,-862.685,-0.009,5.324,30.0,1202,-1,27.78,False,-1,True,True,0.574,0.0,-0.001,False,False,0.188,0.002,114.41,1202,33.73,,,,,0,False,False,0.0,False,5.95,5.7,20.0,
58.7,25977,346.415,-862.441,-0.008,5.381,30.0,1202,-1,28.04,False,-1,True,True,0.75,0.0,0.003,False,False,0.15,-0.003,114.436,1202,33.73,,,,,0,False,False,0.0,False,5.69,5.66,20.0,
58.75,25978,346.304,-862.199,-0.008,5.312,30.0,1202,-1,28.31,False,-1,True,True,0.663,0.0,0.007,False,False,0.116,-0.014,114.428,1202,37.7,,,,,0,False,False,0.0,False,9.39,5.69,20.0,
58.8,25979,346.193,-861.955,-0.008,5.393,30.0,1202,-1,28.58,False,-1,True,True,0.75,0.0,0.004,False,False,0.102,-0.016,114.476,1202,37.7,,,,,0,False,False,0.0,False,9.12,5.66,20.0,
58.85,25980,346.081,-861.711,-0.008,5.344,30.0,1202,-1,28.85,False,-1,True,True,0.612,0.0,-0.002,False,False,0.092,-0.006,114.456,1202,37.7,,,,,0,False,False,0.0,False,8.85,5.7,20.0,
58.9,25981,345.969,-861.466,-0.008,5.431,30.0,1202,-1,29.12,False,-1,True,True,0.75,0.0,0.004,False,False,0.096,-0.005,114.487,1202,37.7,,,,,0,False,False,0.0,False,8.58,5.67,20.0,
58.95,25982,345.857,-861.221,-0.008,5.356,30.0,1202,-1,29.39,False,-1,True,True,0.467,0.0,-0.001,False,False,0.087,-0.001,114.463,1202,37.7,,,,,0,False,False,0.0,False,8.31,5.72,20.0,
59.0,25983,345.745,-860.976,-0.008,5.423,30.0,1202,-1,29.66,False,-1,True,True,0.734,0.0,0.004,False,False,0.084,-0.003,114.499,1202,37.7,,,,,0,False,False,0.0,False,8.04,5.68,20.0,
59.05,25984,345.628,-860.719,-0.009,5.781,30.0,1202,-1,29.94,False,-1,True,True,0.494,0.0,-0.002,False,False,0.171,0.003,114.459,1202,37.7,,,,,0,False,False,0.0,False,7.76,5.71,20.0,
59.1,25985,345.502,-860.443,-0.01,6.181,30.0,1202,-1,30.24,False,-1,True,True,0.0,0.3,0.005,False,False,0.317,-0.004,114.459,1202,37.7,,,,,0,False,False,0.0,False,7.46,5.89,20.0,
59.15,25986,345.372,-860.16,-0.01,6.243,30.0,1202,-1,30.55,False,-1,True,True,0.0,0.3,0.002,False,False,0.381,-0.005,114.474,1202,37.7,,,,,0,False,False,0.0,False,7.15,6.09,20.0,
59.2,25987,345.242,-859.874,-0.01,6.307,30.0,1202,-1,30.87,False,-1,True,True,0.0,0.3,0.001,False,False,0.363,-0.001,114.484,1202,37.7,,,,,0,False,False,0.0,False,6.83,6.12,20.0,
59.25,25988,345.113,-859.592,-0.01,6.149,30.0,1202,-1,31.18,False,-1,True,True,0.0,0.3,0.001,False,False,0.276,0.002,114.482,1202,37.7,,,,,0,False,False,0.0,False,6.52,6.15,20.0,
59.3,25989,344.987,-859.315,-0.009,6.058,30.0,1202,-1,31.48,False,-1,True,True,0.0,0.3,0.001,False,False,0.166,0.002,114.511,1202,37.7,,,,,0,False,False,0.0,False,6.22,6.07,20.0,
59.35,25990,344.865,-859.047,-0.007,5.821,30.0,1202,-1,31.78,False,-1,True,True,0.0,0.3,-0.002,False,False,0.048,0.006,114.489,1202,37.7,,,,,0,False,False,0.0,False,5.92,6.03,20.0,
59.4,25991,344.746,-858.786,-0.007,5.69,30.0,1202,-1,32.06,False,-1,True,True,0.0,0.3,0.003,False,False,-0.049,0.002,114.52,1202,37.7,,,,,0,False,False,0.0,False,5.64,5.91,20.0,
59.45,25992,344.631,-858.535,-0.006,5.425,30.0,1202,-1,32.34,False,-1,True,True,0.0,0.3,0.005,False,False,-0.135,-0.007,114.514,1202,41.67,,,,,0,False,False,0.0,False,9.33,5.84,20.0,
59.5,25993,344.52,-858.292,-0.005,5.316,30.0,1202,-1,32.61,False,-1,True,True,0.439,0.0,0.003,False,False,-0.19,-0.01,114.562,1202,41.67,,,,,0,False,False,0.0,False,9.06,5.71,20.0,
59.55,25994,344.412,-858.057,-0.005,5.116,30.0,1202,-1,32.86,False,-1,True,True,0.75,0.0,-0.002,False,False,-0.218,-0.003,114.537,1202,41.67,,,,,0,False,False,0.0,False,8.8,5.66,20.0,
59.6,25995,344.307,-857.825,-0.005,5.082,30.0,1202,-1,33.12,False,-1,True,True,0.75,0.0,0.004,False,False,-0.212,-0.005,114.567,1202,41.67,,,,,0,False,False,0.0,False,8.55,5.56,20.0,
59.65,25996,344.201,-857.596,-0.006,5.024,30.0,1202,-1,33.37,False,-1,True,True,0.75,0.0,-0.001,False,False,-0.176,-0.001,114.539,1202,41.67,,,,,0,False,False,0.0,False,8.29,5.54,20.0,
59.7,25997,344.096,-857.366,-0.006,5.062,30.0,1202,-1,33.62,False,-1,True,True,0.75,0.0,0.004,False,False,-0.12,-0.004,114.552,1202,41.67,,,,,0,False,False,0.0,False,8.04,5.51,20.0,
59.75,25998,343.993,-857.141,-0.006,4.799,30.0,1202,-1,33.87,False,-1,True,True,0.75,0.0,0.0,False,False,-0.111,-0.003,114.536,1202,41.67,,,,,0,False,False,0.0,False,7.79,5.53,20.0,
59.8,25999,343.898,-856.933,-0.006,4.48,30.0,1202,-1,34.1,False,-1,True,True,0.75,0.0,0.003,False,False,-0.19,-0.002,114.524,1202,41.67,,,,,0,False,False,0.0,False,7.57,5.4,20.0,
59.85,26000,343.807,-856.735,-0.005,4.294,30.0,1202,-1,34.32,False,-1,True,True,0.75,0.0,0.003,False,False,-0.251,-0.003,114.532,1202,41.67,,,,,0,False,False,0.0,False,7.35,5.24,20.0,
59.9,26001,343.719,-856.543,-0.005,4.211,30.0,1202,-1,34.53,False,-1,True,True,0.75,0.0,0.001,False,False,-0.26,-0.001,114.541,1202,41.67,,,,,0,False,False,0.0,False,7.14,5.15,20.0,
59.95,26002,343.631,-856.351,-0.005,4.199,30.0,1202,-1,34.74,False,-1,True,True,0.75,0.0,0.001,False,False,-0.222,0.001,114.547,1202,41.67,,,,,0,False,False,0.0,False,6.93,5.11,20.0,
60.0,26003,343.543,-856.159,-0.006,4.232,30.0,1202,-1,34.95,False,-1,True,True,0.75,0.0,0.001,False,False,-0.154,0.002,114.553,1202,41.67,,,,,0,False,False,0.0,False,6.71,5.1,20.0,
60.05,26004,343.454,-855.964,-0.007,4.293,30.0,1202,-1,35.17,False,-1,True,True,0.75,0.0,0.001,False,False,-0.075,0.002,114.558,1202,41.67,,,,,0,False,False,0.0,False,6.5,5.12,20.0,
60.1,26005,343.364,-855.766,-0.007,4.371,30.0,1202,-1,35.38,False,-1,True,True,0.75,0.0,0.001,False,False,0.002,0.002,114.562,1202,41.67,,,,,0,False,False,0.0,False,6.28,5.15,20.0,
60.15,26006,343.272,-855.565,-0.008,4.46,30.0,1202,-1,35.61,False,-1,True,True,0.75,0.0,0.001,False,False,0.069,0.001,114.566,1202,41.67,,,,,0,False,False,0.0,False,6.06,5.19,20.0,
60.2,26007,343.177,-855.359,-0.008,4.555,30.0,1202,-1,35.83,False,-1,True,True,0.75,0.0,0.001,False,False,0.123,0.001,114.569,1202,41.67,,,,,0,False,False,0.0,False,5.84,5.23,20.0,
60.25,26008,343.081,-855.149,-0.009,4.655,30.0,1202,-1,36.06,False,-1,True,True,0.75,0.0,0.0,False,False,0.166,0.001,114.572,1202,41.67,,,,,0,False,False,0.0,False,5.6,5.28,20.0,
60.3,26009,342.983,-854.934,-0.009,4.757,30.0,1202,-1,36.3,False,-1,True,True,0.75,0.0,0.0,False,False,0.197,0.0,114.575,1202,41.67,,,,,0,False,False,0.0,False,5.37,5.33,20.0,
60.35,26010,342.882,-854.715,-0.009,4.859,30.0,1202,-1,36.54,False,-1,True,True,0.75,0.0,0.006,False,False,0.22,-0.008,114.593,1202,45.64,,,,,0,False,False,0.0,False,9.09,5.38,20.0,
60.4,26011,342.78,-854.491,-0.009,4.963,30.0,1202,-1,36.79,False,-1,True,True,0.75,0.0,0.0,False,False,0.235,-0.007,114.607,1202,45.64,,,,,0,False,False,0.0,False,8.85,5.43,20.0,
60.45,26012,342.675,-854.263,-0.009,5.066,30.0,1202,-1,37.04,False,-1,True,True,0.75,0.0,0.0,False,False,0.246,-0.003,114.611,1202,45.64,,,,,0,False,False,0.0,False,8.6,5.48,20.0,
60.5,26013,342.568,-854.03,-0.009,5.151,30.0,1202,-1,37.29,False,-1,True,True,0.75,0.0,0.001,False,False,0.252,-0.001,114.615,1202,45.64,,,,,0,False,False,0.0,False,8.34,5.53,20.0,
60.55,26014,342.459,-853.792,-0.009,5.305,30.0,1202,-1,37.55,False,-1,True,True,0.75,0.0,0.001,False,False,0.257,-0.001,114.619,1202,45.64,,,,,0,False,False,0.0,False,8.08,5.58,20.0,
60.6,26015,342.348,-853.55,-0.009,5.332,30.0,1202,-1,37.82,False,-1,True,True,0.75,0.0,0.0,False,False,0.254,-0.0,114.624,1202,45.64,,,,,0,False,False,0.0,False,7.81,5.65,20.0,
60.65,26016,342.235,-853.304,-0.009,5.45,30.0,1202,-1,38.09,False,-1,True,True,0.75,0.0,0.0,False,False,0.25,0.0,114.612,1202,45.64,,,,,0,False,False,0.0,False,7.54,5.67,20.0,
60.7,26017,342.123,-853.059,-0.009,5.356,30.0,1202,-1,38.36,False,-1,True,True,0.43,0.0,0.002,False,False,0.206,-0.002,114.648,1202,45.64,,,,,0,False,False,0.0,False,7.27,5.72,20.0,
60.75,26018,342.011,-852.815,-0.008,5.395,30.0,1202,-1,38.63,False,-1,True,True,0.75,0.0,-0.003,False,False,0.161,0.003,114.625,1202,45.64,,,,,0,False,False,0.0,False,7.0,5.68,20.0,
60.8,26019,341.9,-852.573,-0.008,5.303,30.0,1202,-1,38.9,False,-1,True,True,0.615,0.0,0.002,False,False,0.115,-0.0,114.661,1202,45.64,,,,,0,False,False,0.0,False,6.74,5.7,20.0,
60.85,26020,341.789,-852.331,-0.008,5.359,30.0,1202,-1,39.16,False,-1,True,True,0.75,0.0,-0.003,False,False,0.09,0.003,114.638,1202,45.64,,,,,0,False,False,0.0,False,6.47,5.65,20.0,
60.9,26021,341.679,-852.089,-0.008,5.292,30.0,1202,-1,39.43,False,-1,True,True,0.733,0.0,0.002,False,False,0.071,-0.0,114.672,1202,45.64,,,,,0,False,False,0.0,False,6.21,5.68,20.0,
60.95,26022,341.567,-851.846,-0.008,5.38,30.0,1202,-1,39.7,False,-1,True,True,0.75,0.0,-0.003,False,False,0.073,0.003,114.648,1202,45.64,,,,,0,False,False,0.0,False,5.94,5.65,20.0,
61.0,26023,341.456,-851.603,-0.008,5.315,30.0,1202,-1,39.96,False,-1,True,True,0.654,0.0,0.002,False,False,0.072,-0.001,114.677,1202,45.64,,,,,0,False,False,0.0,False,5.67,5.69,20.0,
61.05,26024,341.344,-851.36,-0.008,5.382,30.0,1202,-1,40.23,False,-1,True,True,0.75,0.0,-0.003,False,False,0.074,0.001,114.646,1202,45.64,,,,,0,False,False,0.0,False,5.4,5.66,20.0,
61.1,26025,341.232,-851.115,-0.008,5.461,30.0,1202,-1,40.5,False,-1,True,True,0.641,0.0,0.005,False,False,0.086,-0.007,114.656,1202,49.61,,,,,0,False,False,0.0,False,9.1,5.69,20.0,
61.15,26026,341.111,-850.852,-0.009,5.971,30.0,1202,-1,40.79,False,-1,True,True,0.357,0.0,-0.0,False,False,0.23,-0.008,114.641,1202,49.61,,,,,0,False,False,0.0,False,8.81,5.73,20.0,
61.2,26027,340.983,-850.573,-0.01,6.167,30.0,1202,-1,41.1,False,-1,True,True,0.0,0.3,0.002,False,False,0.355,-0.007,114.64,1202,49.61,,,,,0,False,False,0.0,False,8.51,5.99,20.0,
61.25,26028,340.852,-850.288,-0.011,6.313,30.0,1202,-1,41.41,False,-1,True,True,0.0,0.3,0.001,False,False,0.395,-0.005,114.646,1202,49.61,,,,,0,False,False,0.0,False,8.19,6.08,20.0,
61.3,26029,340.721,-850.005,-0.01,6.204,30.0,1202,-1,41.72,False,-1,True,True,0.0,0.3,0.0,False,False,0.341,-0.002,114.651,1202,49.61,,,,,0,False,False,0.0,False,7.88,6.16,20.0,
61.35,26030,340.593,-849.725,-0.009,6.151,30.0,1202,-1,42.03,False,-1,True,True,0.0,0.3,0.0,False,False,0.246,-0.0,114.656,1202,49.61,,,,,0,False,False,0.0,False,7.57,6.1,20.0,
61.4,26031,340.468,-849.452,-0.008,5.93,30.0,1202,-1,42.33,False,-1,True,True,0.0,0.3,0.0,False,False,0.126,0.002,114.644,1202,49.61,,,,,0,False,False,0.0,False,7.27,6.08,20.0,
61.45,26032,340.346,-849.187,-0.007,5.806,30.0,1202,-1,42.62,False,-1,True,True,0.0,0.3,0.002,False,False,0.018,-0.0,114.674,1202,49.61,,,,,0,False,False,0.0,False,6.98,5.97,20.0,
61.5,26033,340.228,-848.931,-0.006,5.547,30.0,1202,-1,42.9,False,-1,True,True,0.0,0.3,-0.002,False,False,-0.082,0.004,114.648,1202,49.61,,,,,0,False,False,0.0,False,6.7,5.9,20.0,
61.55,26034,340.114,-848.683,-0.006,5.436,30.0,1202,-1,43.18,False,-1,True,True,0.0,0.001,0.002,False,False,-0.15,0.0,114.676,1202,49.61,,,,,0,False,False,0.0,False,6.43,5.77,20.0,
61.6,26035,340.004,-848.442,-0.005,5.219,30.0,1202,-1,43.44,False,-1,True,True,0.398,0.0,-0.002,False,False,-0.193,0.002,114.644,1202,49.61,,,,,0,False,False,0.0,False,6.16,5.72,20.0,
61.65,26036,339.896,-848.207,-0.005,5.15,30.0,1202,-1,43.7,False,-1,True,True,0.75,0.0,0.003,False,False,-0.208,-0.002,114.666,1202,49.61,,,,,0,False,False,0.0,False,5.9,5.61,20.0,
61.7,26037,339.79,-847.978,-0.005,4.991,30.0,1202,-1,43.95,False,-1,True,True,0.75,0.0,-0.001,False,False,-0.208,-0.001,114.628,1202,49.61,,,,,0,False,False,0.0,False,5.65,5.58,20.0,
61.75,26038,339.684,-847.748,-0.006,5.103,30.0,1202,-1,44.21,False,-1,True,True,0.75,0.0,0.004,False,False,-0.152,-0.005,114.633,1202,49.61,,,,,0,False,False,0.0,False,5.4,5.5,20.0,
61.8,26039,339.579,-847.519,-0.006,5.024,30.0,1202,-1,44.46,False,-1,True,True,0.75,0.0,0.002,False,False,-0.104,-0.006,114.63,1202,53.58,,,,,0,False,False,0.0,False,9.11,5.55,20.0,
61.85,26040,339.48,-847.303,-0.006,4.607,30.0,1202,-1,44.7,False,-1,True,True,0.75,0.0,0.002,False,False,-0.156,-0.005,114.674,1202,53.58,,,,,0,False,False,0.0,False,8.88,5.51,20.0,
61.9,26041,339.387,-847.102,-0.005,4.334,30.0,1202,-1,44.92,False,-1,True,True,0.75,0.0,-0.003,False,False,-0.243,0.002,114.682,1202,53.58,,,,,0,False,False,0.0,False,8.65,5.3,20.0,
61.95,26042,339.299,-846.91,-0.005,4.185,30.0,1202,-1,45.13,False,-1,True,True,0.75,0.0,-0.0,False,False,-0.286,0.004,114.68,1202,53.58,,,,,0,False,False,0.0,False,8.44,5.17,20.0,
62.0,26043,339.213,-846.721,-0.005,4.128,30.0,1202,-1,45.34,False,-1,True,True,0.75,0.0,0.0,False,False,-0.273,0.003,114.68,1202,53.58,,,,,0,False,False,0.0,False,8.24,5.09,20.0,
62.05,26044,339.126,-846.533,-0.005,4.134,30.0,1202,-1,45.54,False,-1,True,True,0.75,0.0,0.0,False,False,-0.217,0.001,114.681,1202,53.58,,,,,0,False,False,0.0,False,8.03,5.06,20.0,
62.1,26045,339.039,-846.344,-0.006,4.179,30.0,1202,-1,45.75,False,-1,True,True,0.75,0.0,0.0,False,False,-0.138,0.001,114.681,1202,53.58,,,,,0,False,False,0.0,False,7.82,5.07,20.0,
62.15,26046,338.951,-846.151,-0.007,4.248,30.0,1202,-1,45.96,False,-1,True,True,0.75,0.0,0.0,False,False,-0.055,0.0,114.682,1202,53.58,,,,,0,False,False,0.0,False,7.61,5.09,20.0,
62.2,26047,338.861,-845.955,-0.007,4.331,30.0,1202,-1,46.18,False,-1,True,True,0.75,0.0,0.0,False,False,0.021,0.0,114.682,1202,53.58,,,,,0,False,False,0.0,False,7.39,5.12,20.0,
62.25,26048,338.769,-845.756,-0.008,4.423,30.0,1202,-1,46.4,False,-1,True,True,0.75,0.0,0.0,False,False,0.087,0.0,114.682,1202,53.58,,,,,0,False,False,0.0,False,7.17,5.17,20.0,
62.3,26049,338.675,-845.552,-0.008,4.521,30.0,1202,-1,46.62,False,-1,True,True,0.75,0.0,0.0,False,False,0.138,0.0,114.682,1202,53.58,,,,,0,False,False,0.0,False,6.95,5.21,20.0,
62.35,26050,338.579,-845.343,-0.009,4.622,30.0,1202,-1,46.85,False,-1,True,True,0.75,0.0,0.0,False,False,0.178,-0.0,114.683,1202,53.58,,,,,0,False,False,0.0,False,6.72,5.26,20.0,
62.4,26051,338.481,-845.13,-0.009,4.725,30.0,1202,-1,47.09,False,-1,True,True,0.75,0.0,0.0,False,False,0.207,-0.0,114.683,1202,53.58,,,,,0,False,False,0.0,False,6.48,5.31,20.0,
62.45,26052,338.381,-844.912,-0.009,4.829,30.0,1202,-1,47.33,False,-1,True,True,0.75,0.0,0.0,False,False,0.227,-0.0,114.683,1202,53.58,,,,,0,False,False,0.0,False,6.25,5.36,20.0,
62.5,26053,338.279,-844.69,-0.009,4.933,30.0,1202,-1,47.57,False,-1,True,True,0.75,0.0,0.0,False,False,0.241,-0.0,114.683,1202,53.58,,,,,0,False,False,0.0,False,6.0,5.41,20.0,
62.55,26054,338.175,-844.463,-0.009,5.037,30.0,1202,-1,47.82,False,-1,True,True,0.75,0.0,-0.0,False,False,0.25,-0.0,114.683,1202,53.58,,,,,0,False,False,0.0,False,5.75,5.47,20.0,
62.6,26055,338.068,-844.231,-0.009,5.138,30.0,1202,-1,48.08,False,-1,True,True,0.75,0.0,0.0,False,False,0.255,-0.0,114.684,1202,53.58,,,,,0,False,False,0.0,False,5.5,5.52,20.0,
62.65,26056,337.96,-843.995,-0.009,5.276,30.0,1202,-1,48.34,False,-1,True,True,0.75,0.0,0.001,False,False,0.26,-0.002,114.687,1202,57.54,,,,,0,False,False,0.0,False,9.2,5.57,20.0,
62.7,26057,337.849,-843.754,-0.009,5.304,30.0,1202,-1,48.6,False,-1,True,True,0.75,0.0,-0.0,False,False,0.256,-0.001,114.691,1202,57.54,,,,,0,False,False,0.0,False,8.94,5.64,20.0,
62.75,26058,337.736,-843.509,-0.009,5.438,30.0,1202,-1,48.87,False,-1,True,True,0.75,0.0,-0.0,False,False,0.254,-0.0,114.676,1202,57.54,,,,,0,False,False,0.0,False,8.67,5.65,20.0,
62.8,26059,337.624,-843.265,-0.009,5.341,30.0,1202,-1,49.14,False,-1,True,True,0.475,0.0,0.002,False,False,0.212,-0.002,114.71,1202,57.54,,,,,0,False,False,0.0,False,8.4,5.72,20.0,
62.85,26060,337.512,-843.022,-0.008,5.381,30.0,1202,-1,49.41,False,-1,True,True,0.75,0.0,-0.003,False,False,0.167,0.003,114.687,1202,57.54,,,,,0,False,False,0.0,False,8.13,5.67,20.0,
62.9,26061,337.401,-842.78,-0.008,5.295,30.0,1202,-1,49.67,False,-1,True,True,0.664,0.0,0.002,False,False,0.121,-0.0,114.721,1202,57.54,,,,,0,False,False,0.0,False,7.87,5.69,20.0,
62.95,26062,337.29,-842.538,-0.008,5.359,30.0,1202,-1,49.94,False,-1,True,True,0.75,0.0,-0.003,False,False,0.097,0.003,114.697,1202,57.54,,,,,0,False,False,0.0,False,7.6,5.65,20.0,
63.0,26063,337.179,-842.297,-0.008,5.299,30.0,1202,-1,50.21,False,-1,True,True,0.736,0.0,0.002,False,False,0.08,-0.0,114.73,1202,57.54,,,,,0,False,False,0.0,False,7.34,5.68,20.0,
63.05,26064,337.068,-842.053,-0.008,5.388,30.0,1202,-1,50.47,False,-1,True,True,0.75,0.0,-0.003,False,False,0.083,0.003,114.705,1202,57.54,,,,,0,False,False,0.0,False,7.07,5.65,20.0,
63.1,26065,336.956,-841.811,-0.008,5.313,30.0,1202,-1,50.74,False,-1,True,True,0.625,0.0,0.002,False,False,0.076,-0.001,114.736,1202,57.54,,,,,0,False,False,0.0,False,6.8,5.69,20.0,
63.15,26066,336.844,-841.568,-0.008,5.379,30.0,1202,-1,51.01,False,-1,True,True,0.75,0.0,-0.003,False,False,0.075,0.002,114.704,1202,57.54,,,,,0,False,False,0.0,False,6.53,5.66,20.0,
63.2,26067,336.728,-841.313,-0.009,5.744,30.0,1202,-1,51.29,False,-1,True,True,0.653,0.0,0.002,False,False,0.166,-0.003,114.75,1202,57.54,,,,,0,False,False,0.0,False,6.25,5.69,20.0,
63.25,26068,336.602,-841.038,-0.01,6.171,30.0,1202,-1,51.59,False,-1,True,True,0.0,0.3,-0.005,False,False,0.321,0.003,114.754,1202,57.54,,,,,0,False,False,0.0,False,5.95,5.87,20.0,
63.3,26069,336.471,-840.754,-0.011,6.271,30.0,1202,-1,51.9,False,-1,True,True,0.0,0.3,-0.002,False,False,0.4,0.004,114.743,1202,61.51,,,,,0,False,False,0.0,False,9.61,6.09,20.0,
63.35,26070,336.339,-840.466,-0.011,6.363,30.0,1202,-1,52.22,False,-1,True,True,0.0,0.3,-0.0,False,False,0.394,0.0,114.735,1202,61.51,,,,,0,False,False,0.0,False,9.29,6.14,20.0,
63.4,26071,336.208,-840.182,-0.01,6.221,30.0,1202,-1,52.53,False,-1,True,True,0.0,0.3,-0.0,False,False,0.312,-0.003,114.734,1202,61.51,,,,,0,False,False,0.0,False,8.98,6.18,20.0,
63.45,26072,336.079,-839.902,-0.009,6.143,30.0,1202,-1,52.84,False,-1,True,True,0.0,0.3,-0.001,False,False,0.203,-0.003,114.714,1202,61.51,,,,,0,False,False,0.0,False,8.67,6.11,20.0,
63.5,26073,335.954,-839.63,-0.008,5.91,30.0,1202,-1,53.14,False,-1,True,True,0.0,0.3,0.001,False,False,0.08,-0.006,114.736,1202,61.51,,,,,0,False,False,0.0,False,8.37,6.07,20.0,
63.55,26074,335.832,-839.366,-0.007,5.78,30.0,1202,-1,53.43,False,-1,True,True,0.0,0.3,-0.003,False,False,-0.024,-0.002,114.706,1202,61.51,,,,,0,False,False,0.0,False,8.08,5.96,20.0,
63.6,26075,335.715,-839.111,-0.006,5.517,30.0,1202,-1,53.71,False,-1,True,True,0.0,0.3,0.002,False,False,-0.116,-0.004,114.73,1202,61.51,,,,,0,False,False,0.0,False,7.8,5.89,20.0,
63.65,26076,335.601,-838.864,-0.006,5.407,30.0,1202,-1,53.98,False,-1,True,True,0.102,0.0,-0.002,False,False,-0.176,-0.0,114.702,1202,61.51,,,,,0,False,False,0.0,False,7.53,5.76,20.0,
63.7,26077,335.491,-838.625,-0.005,5.197,30.0,1202,-1,54.25,False,-1,True,True,0.499,0.0,0.002,False,False,-0.211,-0.002,114.734,1202,61.51,,,,,0,False,False,0.0,False,7.26,5.7,20.0,
63.75,26078,335.383,-838.39,-0.005,5.14,30.0,1202,-1,54.5,False,-1,True,True,0.75,0.0,-0.003,False,False,-0.215,0.003,114.71,1202,61.51,,,,,0,False,False,0.0,False,7.01,5.6,20.0,
63.8,26079,335.277,-838.159,-0.005,5.048,30.0,1202,-1,54.76,False,-1,True,True,0.75,0.0,0.002,False,False,-0.192,0.0,114.736,1202,61.51,,,,,0,False,False,0.0,False,6.75,5.57,20.0,
63.85,26080,335.171,-837.928,-0.006,5.117,30.0,1202,-1,55.01,False,-1,True,True,0.75,0.0,-0.003,False,False,-0.135,0.003,114.702,1202,61.51,,,,,0,False,False,0.0,False,6.5,5.52,20.0,
63.9,26081,335.067,-837.702,-0.006,4.811,30.0,1202,-1,55.26,False,-1,True,True,0.75,0.0,0.002,False,False,-0.132,-0.001,114.72,1202,61.51,,,,,0,False,False,0.0,False,6.25,5.56,20.0,
63.95,26082,334.971,-837.495,-0.005,4.465,30.0,1202,-1,55.49,False,-1,True,True,0.75,0.0,-0.002,False,False,-0.218,-0.001,114.736,1202,61.51,,,,,0,False,False,0.0,False,6.02,5.41,20.0,
64.0,26083,334.881,-837.298,-0.005,4.257,30.0,1202,-1,55.71,False,-1,True,True,0.75,0.0,-0.002,False,False,-0.285,0.002,114.733,1202,61.51,,,,,0,False,False,0.0,False,5.8,5.23,20.0,
64.05,26084,334.794,-837.108,-0.005,4.158,30.0,1202,-1,55.92,False,-1,True,True,0.75,0.0,-0.001,False,False,-0.297,0.001,114.729,1202,61.51,,,,,0,False,False,0.0,False,5.59,5.13,20.0,
64.1,26085,334.707,-836.92,-0.005,4.135,30.0,1202,-1,56.12,False,-1,True,True,0.75,0.0,-0.0,False,False,-0.257,-0.0,114.726,1202,61.51,,,,,0,False,False,0.0,False,5.39,5.08,20.0,
64.15,26086,334.62,-836.731,-0.006,4.163,30.0,1202,-1,56.33,False,-1,True,True,0.75,0.0,-0.0,False,False,-0.185,-0.001,114.724,1202,61.51,,,,,0,False,False,0.0,False,5.18,5.07,20.0,
64.2,26087,334.532,-836.54,-0.006,4.221,30.0,1202,-1,56.54,False,-1,True,True,0.75,0.0,-0.0,False,False,-0.101,-0.001,114.722,1202,61.51,,,,,0,False,False,0.0,False,4.97,5.08,20.0,
64.25,26088,334.443,-836.345,-0.007,4.297,30.0,1202,-1,56.76,False,-1,True,True,0.75,0.0,-0.0,False,False,-0.019,-0.001,114.72,1202,65.48,,,,,0,False,False,0.0,False,8.72,5.11,20.0,
64.3,26089,334.351,-836.147,-0.008,4.386,30.0,1202,-1,56.97,False,-1,True,True,0.75,0.0,-0.0,False,False,0.054,-0.0,114.718,1202,65.48,,,,,0,False,False,0.0,False,8.5,5.15,20.0,
64.35,26090,334.258,-835.945,-0.008,4.481,30.0,1202,-1,57.2,False,-1,True,True,0.75,0.0,-0.0,False,False,0.113,-0.001,114.717,1202,65.48,,,,,0,False,False,0.0,False,8.28,5.19,20.0,
64.4,26091,334.163,-835.738,-0.009,4.58,30.0,1202,-1,57.42,False,-1,True,True,0.75,0.0,-0.0,False,False,0.159,-0.0,114.716,1202,65.48,,,,,0,False,False,0.0,False,8.05,5.24,20.0,
64.45,26092,334.066,-835.527,-0.009,4.683,30.0,1202,-1,57.66,False,-1,True,True,0.75,0.0,-0.0,False,False,0.193,-0.0,114.715,1202,65.48,,,,,0,False,False,0.0,False,7.82,5.29,20.0,
64.5,26093,333.967,-835.311,-0.009,4.786,30.0,1202,-1,57.89,False,-1,True,True,0.75,0.0,-0.0,False,False,0.217,-0.0,114.714,1202,65.48,,,,,0,False,False,0.0,False,7.58,5.34,20.0,
64.55,26094,333.865,-835.091,-0.009,4.89,30.0,1202,-1,58.14,False,-1,True,True,0.75,0.0,-0.0,False,False,0.234,-0.0,114.713,1202,65.48,,,,,0,False,False,0.0,False,7.34,5.39,20.0,
64.6,26095,333.762,-834.866,-0.009,4.994,30.0,1202,-1,58.38,False,-1,True,True,0.75,0.0,-0.0,False,False,0.245,-0.0,114.713,1202,65.48,,,,,0,False,False,0.0,False,7.09,5.44,20.0,
64.65,26096,333.656,-834.636,-0.009,5.097,30.0,1202,-1,58.64,False,-1,True,True,0.75,0.0,-0.0,False,False,0.253,-0.0,114.712,1202,65.48,,,,,0,False,False,0.0,False,6.84,5.5,20.0,
64.7,26097,333.548,-834.402,-0.009,5.23,30.0,1202,-1,58.89,False,-1,True,True,0.75,0.0,-0.0,False,False,0.259,-0.0,114.712,1202,65.48,,,,,0,False,False,0.0,False,6.58,5.55,20.0,
64.75,26098,333.439,-834.163,-0.009,5.26,30.0,1202,-1,59.16,False,-1,True,True,0.75,0.0,-0.0,False,False,0.255,0.0,114.711,1202,65.48,,,,,0,False,False,0.0,False,6.32,5.61,20.0,
64.8,26099,333.326,-833.919,-0.009,5.438,30.0,1202,-1,59.43,False,-1,True,True,0.75,0.0,0.0,False,False,0.26,-0.0,114.712,1202,65.48,,,,,0,False,False,0.0,False,6.05,5.63,20.0,
64.85,26100,333.213,-833.673,-0.009,5.407,30.0,1202,-1,59.7,False,-1,True,True,0.48,0.0,-0.0,False,False,0.246,0.0,114.696,1202,65.48,,,,,0,False,False,0.0,False,5.78,5.72,20.0,
64.9,26101,333.1,-833.427,-0.009,5.433,30.0,1202,-1,59.97,False,-1,True,True,0.583,0.0,0.001,False,False,0.205,-0.002,114.721,1202,65.48,,,,,0,False,False,0.0,False,5.51,5.7,20.0,
64.95,26102,332.988,-833.183,-0.008,5.323,30.0,1202,-1,60.24,False,-1,True,True,0.479,0.0,-0.002,False,False,0.147,0.001,114.685,1202,69.45,,,,,0,False,False,0.0,False,9.21,5.72,20.0,
65.0,26103,332.876,-832.941,-0.008,5.349,30.0,1202,-1,60.5,False,-1,True,True,0.75,0.0,0.003,False,False,0.103,-0.003,114.708,1202,69.45,,,,,0,False,False,0.0,False,8.94,5.66,20.0,
65.05,26104,332.765,-832.701,-0.008,5.254,30.0,1202,-1,60.77,False,-1,True,True,0.75,0.0,-0.002,False,False,0.065,0.0,114.674,1202,69.45,,,,,0,False,False,0.0,False,8.68,5.67,20.0,
65.1,26105,332.655,-832.461,-0.008,5.316,30.0,1202,-1,61.03,False,-1,True,True,0.75,0.0,0.003,False,False,0.052,-0.003,114.699,1202,69.45,,,,,0,False,False,0.0,False,8.42,5.63,20.0,
65.15,26106,332.544,-832.222,-0.007,5.255,30.0,1202,-1,61.3,False,-1,True,True,0.75,0.0,-0.001,False,False,0.047,0.001,114.667,1202,69.45,,,,,0,False,False,0.0,False,8.15,5.66,20.0,
65.2,26107,332.433,-831.98,-0.008,5.35,30.0,1202,-1,61.56,False,-1,True,True,0.75,0.0,0.003,False,False,0.06,-0.003,114.693,1202,69.45,,,,,0,False,False,0.0,False,7.89,5.63,20.0,
65.25,26108,332.322,-831.74,-0.008,5.273,30.0,1202,-1,61.83,False,-1,True,True,0.75,0.0,-0.001,False,False,0.061,0.001,114.667,1202,69.45,,,,,0,False,False,0.0,False,7.62,5.67,20.0,
65.3,26109,332.211,-831.498,-0.008,5.341,30.0,1202,-1,62.09,False,-1,True,True,0.75,0.0,0.003,False,False,0.067,-0.001,114.7,1202,69.45,,,,,0,False,False,0.0,False,7.35,5.64,20.0,
65.35,26110,332.097,-831.249,-0.008,5.619,30.0,1202,-1,62.37,False,-1,True,True,0.75,0.0,-0.002,False,False,0.131,0.004,114.711,1202,69.45,,,,,0,False,False,0.0,False,7.08,5.67,20.0,
65.4,26111,331.973,-830.979,-0.01,6.087,30.0,1202,-1,62.66,False,-1,True,True,0.0,0.211,-0.001,False,False,0.294,0.006,114.722,1202,69.45,,,,,0,False,False,0.0,False,6.78,5.81,20.0,
65.45,26112,331.844,-830.697,-0.011,6.234,30.0,1202,-1,62.97,False,-1,True,True,0.0,0.3,-0.001,False,False,0.396,0.005,114.722,1202,69.45,,,,,0,False,False,0.0,False,6.47,6.04,20.0,
65.5,26113,331.712,-830.41,-0.011,6.361,30.0,1202,-1,63.29,False,-1,True,True,0.0,0.3,-0.0,False,False,0.412,0.003,114.719,1202,69.45,,,,,0,False,False,0.0,False,6.16,6.12,20.0,
65.55,26114,331.58,-830.125,-0.01,6.241,30.0,1202,-1,63.6,False,-1,True,True,0.0,0.3,-0.0,False,False,0.342,0.0,114.718,1202,73.42,,,,,0,False,False,0.0,False,9.81,6.18,20.0,
65.6,26115,331.451,-829.843,-0.009,6.18,30.0,1202,-1,63.91,False,-1,True,True,0.0,0.3,-0.0,False,False,0.238,-0.001,114.706,1202,73.42,,,,,0,False,False,0.0,False,9.5,6.12,20.0,
65.65,26116,331.325,-829.57,-0.008,5.953,30.0,1202,-1,64.21,False,-1,True,True,0.0,0.3,0.001,False,False,0.115,-0.004,114.728,1202,73.42,,,,,0,False,False,0.0,False,9.2,6.09,20.0,
65.7,26117,331.202,-829.304,-0.007,5.827,30.0,1202,-1,64.51,False,-1,True,True,0.0,0.3,-0.002,False,False,0.006,-0.0,114.699,1202,73.42,,,,,0,False,False,0.0,False,8.91,5.98,20.0,
65.75,26118,331.084,-829.047,-0.006,5.566,30.0,1202,-1,64.79,False,-1,True,True,0.0,0.3,0.002,False,False,-0.093,-0.004,114.725,1202,73.42,,,,,0,False,False,0.0,False,8.63,5.91,20.0,
65.8,26119,330.97,-828.798,-0.006,5.449,30.0,1202,-1,65.06,False,-1,True,True,0.0,0.072,-0.002,False,False,-0.159,-0.0,114.698,1202,73.42,,,,,0,False,False,0.0,False,8.35,5.78,20.0,
65.85,26120,330.859,-828.557,-0.005,5.228,30.0,1202,-1,65.33,False,-1,True,True,0.349,0.0,0.002,False,False,-0.203,-0.002,114.732,1202,73.42,,,,,0,False,False,0.0,False,8.09,5.72,20.0,
65.9,26121,330.751,-828.322,-0.005,5.158,30.0,1202,-1,65.59,False,-1,True,True,0.75,0.0,-0.003,False,False,-0.216,0.003,114.71,1202,73.42,,,,,0,False,False,0.0,False,7.83,5.61,20.0,
65.95,26122,330.645,-828.091,-0.005,5.043,30.0,1202,-1,65.84,False,-1,True,True,0.75,0.0,0.001,False,False,-0.205,0.001,114.753,1202,73.42,,,,,0,False,False,0.0,False,7.57,5.58,20.0,
66.0,26123,330.539,-827.86,-0.006,5.109,30.0,1202,-1,66.1,False,-1,True,True,0.75,0.0,-0.004,False,False,-0.151,0.005,114.726,1202,73.42,,,,,0,False,False,0.0,False,7.32,5.52,20.0,
66.05,26124,330.434,-827.632,-0.006,4.84,30.0,1202,-1,66.35,False,-1,True,True,0.75,0.0,0.001,False,False,-0.128,0.001,114.736,1202,73.42,,,,,0,False,False,0.0,False,7.07,5.55,20.0,
66.1,26125,330.337,-827.422,-0.005,4.499,30.0,1202,-1,66.58,False,-1,True,True,0.75,0.0,-0.001,False,False,-0.208,0.001,114.701,1202,73.42,,,,,0,False,False,0.0,False,6.84,5.42,20.0,
66.15,26126,330.246,-827.225,-0.005,4.257,30.0,1202,-1,66.79,False,-1,True,True,0.75,0.0,0.003,False,False,-0.286,-0.003,114.697,1202,73.42,,,,,0,False,False,0.0,False,6.62,5.25,20.0,
66.2,26127,330.159,-827.036,-0.005,4.134,30.0,1202,-1,67.0,False,-1,True,True,0.75,0.0,0.001,False,False,-0.31,-0.004,114.7,1202,73.42,,,,,0,False,False,0.0,False,6.41,5.13,20.0,
66.25,26128,330.073,-826.849,-0.005,4.095,30.0,1202,-1,67.21,False,-1,True,True,0.75,0.0,-0.0,False,False,-0.279,-0.002,114.702,1202,73.42,,,,,0,False,False,0.0,False,6.21,5.07,20.0,
66.3,26129,329.987,-826.662,-0.005,4.113,30.0,1202,-1,67.41,False,-1,True,True,0.75,0.0,0.0,False,False,-0.211,-0.001,114.702,1202,73.42,,,,,0,False,False,0.0,False,6.0,5.05,20.0,
66.35,26130,329.9,-826.474,-0.006,4.165,30.0,1202,-1,67.62,False,-1,True,True,0.75,0.0,0.0,False,False,-0.126,-0.0,114.703,1202,73.42,,,,,0,False,False,0.0,False,5.79,5.06,20.0,
66.4,26131,329.812,-826.282,-0.007,4.238,30.0,1202,-1,67.83,False,-1,True,True,0.75,0.0,0.0,False,False,-0.041,0.0,114.703,1202,73.42,,,,,0,False,False,0.0,False,5.58,5.08,20.0,
66.45,26132,329.722,-826.086,-0.008,4.324,30.0,1202,-1,68.05,False,-1,True,True,0.75,0.0,0.0,False,False,0.035,0.0,114.704,1202,73.42,,,,,0,False,False,0.0,False,5.37,5.12,20.0,
66.5,26133,329.63,-825.887,-0.008,4.419,30.0,1202,-1,68.27,False,-1,True,True,0.75,0.0,0.0,False,False,0.099,0.0,114.704,1202,73.42,,,,,0,False,False,0.0,False,5.15,5.16,20.0,
66.55,26134,329.537,-825.683,-0.009,4.518,30.0,1202,-1,68.49,False,-1,True,True,0.75,0.0,0.0,False,False,0.148,0.0,114.705,1202,77.39,,,,,0,False,False,0.0,False,8.89,5.21,20.0,
66.6,26135,329.441,-825.475,-0.009,4.62,30.0,1202,-1,68.72,False,-1,True,True,0.75,0.0,0.0,False,False,0.186,0.0,114.705,1202,77.39,,,,,0,False,False,0.0,False,8.66,5.26,20.0,
66.65,26136,329.343,-825.262,-0.009,4.723,30.0,1202,-1,68.96,False,-1,True,True,0.75,0.0,0.0,False,False,0.213,0.0,114.706,1202,77.39,,,,,0,False,False,0.0,False,8.43,5.31,20.0,
66.7,26137,329.243,-825.044,-0.009,4.827,30.0,1202,-1,69.2,False,-1,True,True,0.75,0.0,0.0,False,False,0.231,0.0,114.706,1202,77.39,,,,,0,False,False,0.0,False,8.19,5.36,20.0,
66.75,26138,329.14,-824.822,-0.009,4.932,30.0,1202,-1,69.44,False,-1,True,True,0.75,0.0,0.0,False,False,0.244,0.0,114.706,1202,77.39,,,,,0,False,False,0.0,False,7.94,5.41,20.0,
66.8,26139,329.036,-824.595,-0.009,5.036,30.0,1202,-1,69.69,False,-1,True,True,0.75,0.0,0.0,False,False,0.252,-0.0,114.706,1202,77.39,,,,,0,False,False,0.0,False,7.69,5.47,20.0,
66.85,26140,328.93,-824.364,-0.009,5.137,30.0,1202,-1,69.94,False,-1,True,True,0.75,0.0,-0.0,False,False,0.257,0.0,114.707,1202,77.39,,,,,0,False,False,0.0,False,7.44,5.52,20.0,
66.9,26141,328.821,-824.128,-0.009,5.275,30.0,1202,-1,70.2,False,-1,True,True,0.75,0.0,0.0,False,False,0.261,0.0,114.707,1202,77.39,,,,,0,False,False,0.0,False,7.18,5.57,20.0,
66.95,26142,328.71,-823.887,-0.009,5.298,30.0,1202,-1,70.47,False,-1,True,True,0.75,0.0,-0.0,False,False,0.256,0.0,114.701,1202,77.39,,,,,0,False,False,0.0,False,6.91,5.64,20.0,
67.0,26143,328.599,-823.644,-0.009,5.368,30.0,1202,-1,70.74,False,-1,True,True,0.75,0.0,0.001,False,False,0.237,-0.001,114.72,1202,77.39,,,,,0,False,False,0.0,False,6.65,5.65,20.0,
67.05,26144,328.487,-823.403,-0.009,5.285,30.0,1202,-1,71.0,False,-1,True,True,0.726,0.0,-0.002,False,False,0.189,0.002,114.685,1202,77.39,,,,,0,False,False,0.0,False,6.38,5.68,20.0,
67.1,26145,328.376,-823.162,-0.008,5.357,30.0,1202,-1,71.27,False,-1,True,True,0.75,0.0,0.003,False,False,0.155,-0.003,114.709,1202,77.39,,,,,0,False,False,0.0,False,6.12,5.64,20.0,
67.15,26146,328.265,-822.92,-0.008,5.304,30.0,1202,-1,71.53,False,-1,True,True,0.75,0.0,-0.002,False,False,0.126,0.0,114.676,1202,77.39,,,,,0,False,False,0.0,False,5.85,5.68,20.0,
67.2,26147,328.153,-822.677,-0.008,5.381,30.0,1202,-1,71.8,False,-1,True,True,0.75,0.0,0.003,False,False,0.116,-0.003,114.699,1202,77.39,,,,,0,False,False,0.0,False,5.58,5.65,20.0,
67.25,26148,328.041,-822.435,-0.008,5.309,30.0,1202,-1,72.07,False,-1,True,True,0.656,0.0,-0.001,False,False,0.097,0.0,114.671,1202,81.36,,,,,0,False,False,0.0,False,9.28,5.69,20.0,
67.3,26149,327.928,-822.19,-0.008,5.53,30.0,1202,-1,72.34,False,-1,True,True,0.75,0.0,0.003,False,False,0.108,-0.003,114.676,1202,81.36,,,,,0,False,False,0.0,False,9.01,5.65,20.0,
67.35,26150,327.807,-821.927,-0.009,5.909,30.0,1202,-1,72.63,False,-1,True,True,0.114,0.0,0.0,False,False,0.24,-0.002,114.657,1202,81.36,,,,,0,False,False,0.0,False,8.72,5.76,20.0,
67.4,26151,327.678,-821.647,-0.01,6.255,30.0,1202,-1,72.94,False,-1,True,True,0.0,0.3,0.003,False,False,0.373,-0.003,114.659,1202,81.36,,,,,0,False,False,0.0,False,8.42,5.95,20.0,
67.45,26152,327.547,-821.362,-0.011,6.265,30.0,1202,-1,73.25,False,-1,True,True,0.0,0.3,0.001,False,False,0.403,-0.002,114.667,1202,81.36,,,,,0,False,False,0.0,False,8.1,6.13,20.0,
67.5,26153,327.416,-821.077,-0.01,6.292,30.0,1202,-1,73.56,False,-1,True,True,0.0,0.3,0.0,False,False,0.356,0.001,114.673,1202,81.36,,,,,0,False,False,0.0,False,7.79,6.13,20.0,
67.55,26154,327.287,-820.797,-0.009,6.114,30.0,1202,-1,73.87,False,-1,True,True,0.0,0.3,0.0,False,False,0.251,0.003,114.666,1202,81.36,,,,,0,False,False,0.0,False,7.48,6.15,20.0,
67.6,26155,327.161,-820.522,-0.008,6.011,30.0,1202,-1,74.17,False,-1,True,True,0.0,0.3,0.001,False,False,0.135,0.002,114.696,1202,81.36,,,,,0,False,False,0.0,False,7.18,6.06,20.0,
67.65,26156,327.039,-820.257,-0.007,5.767,30.0,1202,-1,74.47,False,-1,True,True,0.0,0.3,-0.002,False,False,0.018,0.006,114.672,1202,81.36,,,,,0,False,False,0.0,False,6.89,6.01,20.0,
67.7,26157,326.92,-819.999,-0.006,5.631,30.0,1202,-1,74.75,False,-1,True,True,0.0,0.3,0.003,False,False,-0.076,0.002,114.701,1202,81.36,,,,,0,False,False,0.0,False,6.6,5.88,20.0,
67.75,26158,326.806,-819.751,-0.006,5.364,30.0,1202,-1,75.02,False,-1,True,True,0.0,0.3,-0.002,False,False,-0.157,0.004,114.676,1202,81.36,,,,,0,False,False,0.0,False,6.33,5.82,20.0,
67.8,26159,326.696,-819.511,-0.005,5.254,30.0,1202,-1,75.29,False,-1,True,True,0.658,0.0,0.003,False,False,-0.207,0.0,114.706,1202,81.36,,,,,0,False,False,0.0,False,6.07,5.68,20.0,
67.85,26160,326.589,-819.279,-0.005,5.052,30.0,1202,-1,75.54,False,-1,True,True,0.75,0.0,-0.002,False,False,-0.23,0.002,114.672,1202,81.36,,,,,0,False,False,0.0,False,5.81,5.63,20.0,
67.9,26161,326.484,-819.05,-0.005,5.026,30.0,1202,-1,75.79,False,-1,True,True,0.75,0.0,0.003,False,False,-0.221,-0.003,114.67,1202,81.36,,,,,0,False,False,0.0,False,5.56,5.53,20.0,
67.95,26162,326.379,-818.822,-0.006,5.022,30.0,1202,-1,76.05,False,-1,True,True,0.75,0.0,0.001,False,False,-0.169,-0.003,114.678,1202,81.36,,,,,0,False,False,0.0,False,5.31,5.51,20.0,
68.0,26163,326.273,-818.593,-0.006,5.001,30.0,1202,-1,76.3,False,-1,True,True,0.75,0.0,0.001,False,False,-0.11,-0.002,114.669,1202,85.32,,,,,0,False,False,0.0,False,9.02,5.51,20.0,
68.05,26164,326.174,-818.377,-0.006,4.603,30.0,1202,-1,76.53,False,-1,True,True,0.75,0.0,0.002,False,False,-0.153,-0.003,114.754,1202,85.32,,,,,0,False,False,0.0,False,8.79,5.5,20.0,
68.1,26165,326.083,-818.177,-0.005,4.324,30.0,1202,-1,76.76,False,-1,True,True,0.75,0.0,-0.007,False,False,-0.239,0.006,114.763,1202,85.32,,,,,0,False,False,0.0,False,8.57,5.3,20.0,
68.15,26166,325.995,-817.985,-0.005,4.171,30.0,1202,-1,76.97,False,-1,True,True,0.75,0.0,-0.002,False,False,-0.284,0.008,114.751,1202,85.32,,,,,0,False,False,0.0,False,8.35,5.16,20.0,
68.2,26167,325.908,-817.797,-0.005,4.112,30.0,1202,-1,77.17,False,-1,True,True,0.75,0.0,-0.0,False,False,-0.273,0.003,114.744,1202,85.32,,,,,0,False,False,0.0,False,8.15,5.09,20.0,
68.25,26168,325.822,-817.61,-0.005,4.117,30.0,1202,-1,77.38,False,-1,True,True,0.75,0.0,-0.001,False,False,-0.218,-0.0,114.74,1202,85.32,,,,,0,False,False,0.0,False,7.94,5.06,20.0,
68.3,26169,325.735,-817.421,-0.006,4.161,30.0,1202,-1,77.59,False,-1,True,True,0.75,0.0,-0.001,False,False,-0.14,-0.001,114.736,1202,85.32,,,,,0,False,False,0.0,False,7.73,5.06,20.0,
68.35,26170,325.647,-817.23,-0.007,4.229,30.0,1202,-1,77.8,False,-1,True,True,0.75,0.0,-0.001,False,False,-0.057,-0.002,114.732,1202,85.32,,,,,0,False,False,0.0,False,7.52,5.08,20.0,
68.4,26171,325.558,-817.035,-0.007,4.312,30.0,1202,-1,78.01,False,-1,True,True,0.75,0.0,-0.001,False,False,0.02,-0.002,114.728,1202,85.32,,,,,0,False,False,0.0,False,7.31,5.11,20.0,
68.45,26172,325.466,-816.836,-0.008,4.405,30.0,1202,-1,78.23,False,-1,True,True,0.75,0.0,-0.0,False,False,0.085,-0.001,114.725,1202,85.32,,,,,0,False,False,0.0,False,7.09,5.16,20.0,
68.5,26173,325.373,-816.633,-0.008,4.502,30.0,1202,-1,78.45,False,-1,True,True,0.75,0.0,-0.0,False,False,0.137,-0.001,114.723,1202,85.32,,,,,0,False,False,0.0,False,6.87,5.2,20.0,
68.55,26174,325.277,-816.426,-0.009,4.604,30.0,1202,-1,78.68,False,-1,True,True,0.75,0.0,-0.0,False,False,0.177,-0.001,114.72,1202,85.32,,,,,0,False,False,0.0,False,6.64,5.25,20.0,
68.6,26175,325.179,-816.213,-0.009,4.707,30.0,1202,-1,78.92,False,-1,True,True,0.75,0.0,-0.0,False,False,0.206,-0.001,114.718,1202,85.32,,,,,0,False,False,0.0,False,6.4,5.3,20.0,
68.65,26176,325.08,-815.997,-0.009,4.81,30.0,1202,-1,79.15,False,-1,True,True,0.75,0.0,-0.0,False,False,0.227,-0.0,114.717,1202,85.32,,,,,0,False,False,0.0,False,6.17,5.35,20.0,
68.7,26177,324.978,-815.775,-0.009,4.914,30.0,1202,-1,79.4,False,-1,True,True,0.75,0.0,-0.0,False,False,0.241,-0.0,114.715,1202,85.32,,,,,0,False,False,0.0,False,5.92,5.41,20.0,
68.75,26178,324.874,-815.549,-0.009,5.018,30.0,1202,-1,79.65,False,-1,True,True,0.75,0.0,-0.0,False,False,0.25,-0.0,114.714,1202,85.32,,,,,0,False,False,0.0,False,5.67,5.46,20.0,
68.8,26179,324.768,-815.318,-0.009,5.123,30.0,1202,-1,79.9,False,-1,True,True,0.75,0.0,-0.0,False,False,0.256,-0.0,114.713,1202,85.32,,,,,0,False,False,0.0,False,5.42,5.51,20.0,
68.85,26180,324.659,-815.083,-0.009,5.182,30.0,1202,-1,80.16,False,-1,True,True,0.75,0.0,-0.0,False,False,0.256,-0.0,114.712,1202,89.29,,,,,0,False,False,0.0,False,9.13,5.56,20.0,
68.9,26181,324.549,-814.843,-0.009,5.36,30.0,1202,-1,80.43,False,-1,True,True,0.75,0.0,-0.0,False,False,0.26,-0.0,114.711,1202,89.29,,,,,0,False,False,0.0,False,8.86,5.59,20.0,
68.95,26182,324.437,-814.599,-0.009,5.354,30.0,1202,-1,80.69,False,-1,True,True,0.75,0.0,-0.0,False,False,0.251,-0.0,114.725,1202,89.29,,,,,0,False,False,0.0,False,8.6,5.68,20.0,
69.0,26183,324.324,-814.355,-0.009,5.403,30.0,1202,-1,80.96,False,-1,True,True,0.75,0.0,-0.002,False,False,0.219,0.002,114.697,1202,89.29,,,,,0,False,False,0.0,False,8.33,5.68,20.0,
69.05,26184,324.213,-814.112,-0.008,5.325,30.0,1202,-1,81.23,False,-1,True,True,0.593,0.0,0.002,False,False,0.172,-0.002,114.732,1202,89.29,,,,,0,False,False,0.0,False,8.06,5.7,20.0,
69.1,26185,324.101,-813.868,-0.008,5.391,30.0,1202,-1,81.5,False,-1,True,True,0.75,0.0,-0.003,False,False,0.139,0.002,114.709,1202,89.29,,,,,0,False,False,0.0,False,7.79,5.66,20.0,
69.15,26186,323.989,-813.625,-0.008,5.328,30.0,1202,-1,81.76,False,-1,True,True,0.627,0.0,0.002,False,False,0.112,-0.0,114.742,1202,89.29,,,,,0,False,False,0.0,False,7.52,5.7,20.0,
69.2,26187,323.877,-813.381,-0.008,5.412,30.0,1202,-1,82.03,False,-1,True,True,0.75,0.0,-0.003,False,False,0.103,0.003,114.717,1202,89.29,,,,,0,False,False,0.0,False,7.25,5.66,20.0,
69.25,26188,323.765,-813.137,-0.008,5.363,30.0,1202,-1,82.3,False,-1,True,True,0.542,0.0,0.002,False,False,0.095,-0.001,114.748,1202,89.29,,,,,0,False,False,0.0,False,6.99,5.71,20.0,
69.3,26189,323.651,-812.891,-0.008,5.451,30.0,1202,-1,82.57,False,-1,True,True,0.712,0.0,-0.003,False,False,0.098,0.002,114.723,1202,89.29,,,,,0,False,False,0.0,False,6.72,5.68,20.0,
69.35,26190,323.539,-812.645,-0.008,5.382,30.0,1202,-1,82.84,False,-1,True,True,0.394,0.0,0.001,False,False,0.091,-0.001,114.753,1202,89.29,,,,,0,False,False,0.0,False,6.44,5.73,20.0,
69.4,26191,323.425,-812.399,-0.008,5.448,30.0,1202,-1,83.12,False,-1,True,True,0.64,0.0,-0.003,False,False,0.088,0.002,114.722,1202,89.29,,,,,0,False,False,0.0,False,6.17,5.69,20.0,
69.45,26192,323.31,-812.149,-0.008,5.622,30.0,1202,-1,83.39,False,-1,True,True,0.401,0.0,0.002,False,False,0.117,-0.003,114.755,1202,89.29,,,,,0,False,False,0.0,False,5.9,5.72,20.0,
69.5,26193,323.187,-811.88,-0.009,6.048,30.0,1202,-1,83.69,False,-1,True,True,0.0,0.226,-0.003,False,False,0.254,0.001,114.768,1202,89.29,,,,,0,False,False,0.0,False,5.6,5.81,20.0,
69.55,26194,323.059,-811.602,-0.01,6.127,30.0,1202,-1,83.99,False,-1,True,True,0.0,0.3,-0.003,False,False,0.333,0.005,114.758,1202,93.26,,,,,0,False,False,0.0,False,9.27,6.02,20.0,
69.6,26195,322.93,-811.321,-0.01,6.205,30.0,1202,-1,84.3,False,-1,True,True,0.0,0.3,-0.001,False,False,0.334,0.002,114.748,1202,93.26,,,,,0,False,False,0.0,False,8.96,6.06,20.0,
69.65,26196,322.802,-811.043,-0.009,6.053,30.0,1202,-1,84.61,False,-1,True,True,0.0,0.3,-0.0,False,False,0.261,-0.002,114.751,1202,93.26,,,,,0,False,False,0.0,False,8.65,6.1,20.0,
69.7,26197,322.677,-810.771,-0.008,5.966,30.0,1202,-1,84.91,False,-1,True,True,0.0,0.3,-0.001,False,False,0.161,-0.002,114.723,1202,93.26,,,,,0,False,False,0.0,False,8.35,6.03,20.0,
69.75,26198,322.556,-810.508,-0.007,5.731,30.0,1202,-1,85.2,False,-1,True,True,0.0,0.3,0.002,False,False,0.048,-0.006,114.747,1202,93.26,,,,,0,False,False,0.0,False,8.06,5.98,20.0,
69.8,26199,322.438,-810.252,-0.007,5.603,30.0,1202,-1,85.48,False,-1,True,True,0.0,0.3,-0.003,False,False,-0.047,-0.002,114.716,1202,93.26,,,,,0,False,False,0.0,False,7.78,5.87,20.0,
69.85,26200,322.324,-810.005,-0.006,5.354,30.0,1202,-1,85.75,False,-1,True,True,0.0,0.194,0.002,False,False,-0.129,-0.005,114.743,1202,93.26,,,,,0,False,False,0.0,False,7.51,5.8,20.0,
69.9,26201,322.213,-809.765,-0.006,5.26,30.0,1202,-1,86.01,False,-1,True,True,0.701,0.0,-0.003,False,False,-0.177,-0.0,114.716,1202,93.26,,,,,0,False,False,0.0,False,7.24,5.68,20.0,
69.95,26202,322.106,-809.531,-0.005,5.061,30.0,1202,-1,86.27,False,-1,True,True,0.75,0.0,0.002,False,False,-0.204,-0.001,114.751,1202,93.26,,,,,0,False,False,0.0,False,6.99,5.63,20.0,
70.0,26203,322.001,-809.303,-0.005,5.012,30.0,1202,-1,86.52,False,-1,True,True,0.75,0.0,-0.003,False,False,-0.201,0.003,114.755,1202,93.26,,,,,0,False,False,0.0,False,6.73,5.53,20.0,
70.05,26204,321.897,-809.075,-0.006,5.007,30.0,1202,-1,86.77,False,-1,True,True,0.75,0.0,-0.001,False,False,-0.161,0.004,114.751,1202,93.26,,,,,0,False,False,0.0,False,6.48,5.51,20.0,
70.1,26205,321.792,-808.847,-0.006,4.985,30.0,1202,-1,87.02,False,-1,True,True,0.75,0.0,-0.001,False,False,-0.108,0.001,114.756,1202,93.26,,,,,0,False,False,0.0,False,6.23,5.5,20.0,
70.15,26206,321.688,-808.622,-0.006,4.855,30.0,1202,-1,87.27,False,-1,True,True,0.75,0.0,-0.002,False,False,-0.08,0.001,114.749,1202,93.26,,,,,0,False,False,0.0,False,5.99,5.49,20.0,
70.2,26207,321.591,-808.412,-0.006,4.51,30.0,1202,-1,87.5,False,-1,True,True,0.75,0.0,-0.0,False,False,-0.153,-0.001,114.744,1202,93.26,,,,,0,False,False,0.0,False,5.75,5.43,20.0,
70.25,26208,321.5,-808.214,-0.005,4.302,30.0,1202,-1,87.72,False,-1,True,True,0.75,0.0,-0.0,False,False,-0.225,-0.002,114.741,1202,93.26,,,,,0,False,False,0.0,False,5.54,5.25,20.0,
70.3,26209,321.412,-808.022,-0.005,4.203,30.0,1202,-1,87.93,False,-1,True,True,0.75,0.0,-0.001,False,False,-0.248,-0.002,114.738,1202,93.26,,,,,0,False,False,0.0,False,5.32,5.15,20.0,
70.35,26210,321.324,-807.831,-0.005,4.18,30.0,1202,-1,88.14,False,-1,True,True,0.75,0.0,-0.0,False,False,-0.221,-0.002,114.736,1202,93.26,,,,,0,False,False,0.0,False,5.12,5.1,20.0,
70.4,26211,321.236,-807.64,-0.006,4.207,30.0,1202,-1,88.35,False,-1,True,True,0.75,0.0,-0.0,False,False,-0.16,-0.001,114.734,1202,93.26,,,,,0,False,False,0.0,False,4.9,5.09,20.0,
70.45,26212,321.147,-807.447,-0.007,4.264,30.0,1202,-1,88.57,False,-1,True,True,0.75,0.0,-0.001,False,False,-0.084,-0.0,114.73,1202,97.23,,,,,0,False,False,0.0,False,8.66,5.1,20.0,
70.5,26213,321.057,-807.251,-0.007,4.34,30.0,1202,-1,88.78,False,-1,True,True,0.75,0.0,-0.0,False,False,-0.008,0.0,114.727,1202,97.23,,,,,0,False,False,0.0,False,8.45,5.13,20.0,
70.55,26214,320.965,-807.051,-0.008,4.427,30.0,1202,-1,89.0,False,-1,True,True,0.75,0.0,-0.0,False,False,0.06,-0.0,114.726,1202,97.23,,,,,0,False,False,0.0,False,8.22,5.17,20.0,
70.6,26215,320.871,-806.847,-0.008,4.522,30.0,1202,-1,89.23,False,-1,True,True,0.75,0.0,-0.0,False,False,0.116,-0.0,114.724,1202,97.23,,,,,0,False,False,0.0,False,8.0,5.21,20.0,
70.65,26216,320.775,-806.638,-0.009,4.621,30.0,1202,-1,89.46,False,-1,True,True,0.75,0.0,-0.0,False,False,0.16,-0.0,114.723,1202,97.23,,,,,0,False,False,0.0,False,7.77,5.26,20.0,
70.7,26217,320.677,-806.425,-0.009,4.723,30.0,1202,-1,89.69,False,-1,True,True,0.75,0.0,-0.0,False,False,0.193,-0.0,114.722,1202,97.23,,,,,0,False,False,0.0,False,7.54,5.31,20.0,
70.75,26218,320.577,-806.208,-0.009,4.826,30.0,1202,-1,89.93,False,-1,True,True,0.75,0.0,-0.0,False,False,0.217,-0.0,114.721,1202,97.23,,,,,0,False,False,0.0,False,7.3,5.36,20.0,
70.8,26219,320.475,-805.986,-0.009,4.929,30.0,1202,-1,90.17,False,-1,True,True,0.75,0.0,-0.0,False,False,0.233,-0.0,114.72,1202,97.23,,,,,0,False,False,0.0,False,7.05,5.41,20.0,
70.85,26220,320.37,-805.759,-0.009,5.033,30.0,1202,-1,90.42,False,-1,True,True,0.75,0.0,-0.0,False,False,0.245,-0.0,114.719,1202,97.23,,,,,0,False,False,0.0,False,6.8,5.46,20.0,
70.9,26221,320.264,-805.527,-0.009,5.133,30.0,1202,-1,90.68,False,-1,True,True,0.75,0.0,-0.0,False,False,0.252,0.0,114.718,1202,97.23,,,,,0,False,False,0.0,False,6.55,5.52,20.0,
70.95,26222,320.155,-805.291,-0.009,5.271,30.0,1202,-1,90.94,False,-1,True,True,0.75,0.0,-0.0,False,False,0.258,-0.0,114.718,1202,97.23,,,,,0,False,False,0.0,False,6.29,5.57,20.0,
71.0,26223,320.044,-805.051,-0.009,5.298,30.0,1202,-1,91.2,False,-1,True,True,0.75,0.0,-0.0,False,False,0.254,-0.0,114.715,1202,97.23,,,,,0,False,False,0.0,False,6.02,5.64,20.0,
71.05,26224,319.932,-804.807,-0.009,5.392,30.0,1202,-1,91.47,False,-1,True,True,0.75,0.0,0.0,False,False,0.244,-0.001,114.73,1202,97.23,,,,,0,False,False,0.0,False,5.76,5.65,20.0,
71.1,26225,319.821,-804.566,-0.009,5.303,30.0,1202,-1,91.74,False,-1,True,True,0.641,0.0,-0.001,False,False,0.198,0.002,114.694,1202,97.23,,,,,0,False,False,0.0,False,5.49,5.7,20.0,
71.15,26226,319.709,-804.323,-0.008,5.363,30.0,1202,-1,92.0,False,-1,True,True,0.75,0.0,0.003,False,False,0.159,-0.003,114.717,1202,101.2,,,,,0,False,False,0.0,False,9.19,5.65,20.0,
71.2,26227,319.598,-804.082,-0.008,5.299,30.0,1202,-1,92.27,False,-1,True,True,0.733,0.0,-0.002,False,False,0.124,0.001,114.683,1202,101.2,,,,,0,False,False,0.0,False,8.92,5.68,20.0,
71.25,26228,319.486,-803.839,-0.008,5.389,30.0,1202,-1,92.54,False,-1,True,True,0.75,0.0,0.003,False,False,0.112,-0.003,114.707,1202,101.2,,,,,0,False,False,0.0,False,8.66,5.65,20.0,
71.3,26229,319.374,-803.597,-0.008,5.314,30.0,1202,-1,92.8,False,-1,True,True,0.627,0.0,-0.002,False,False,0.096,0.0,114.68,1202,101.2,,,,,0,False,False,0.0,False,8.39,5.69,20.0,
71.35,26230,319.263,-803.353,-0.008,5.381,30.0,1202,-1,93.07,False,-1,True,True,0.75,0.0,0.003,False,False,0.089,-0.002,114.711,1202,101.2,,,,,0,False,False,0.0,False,8.12,5.66,20.0,
71.4,26231,319.148,-803.103,-0.008,5.654,30.0,1202,-1,93.35,False,-1,True,True,0.652,0.0,-0.002,False,False,0.144,0.003,114.721,1202,101.2,,,,,0,False,False,0.0,False,7.85,5.69,20.0,
71.45,26232,319.023,-802.832,-0.01,6.1,30.0,1202,-1,93.65,False,-1,True,True,0.0,0.3,-0.001,False,False,0.296,0.005,114.731,1202,101.2,,,,,0,False,False,0.0,False,7.55,5.83,20.0,
71.5,26233,318.894,-802.551,-0.01,6.215,30.0,1202,-1,93.96,False,-1,True,True,0.0,0.3,-0.001,False,False,0.383,0.005,114.73,1202,101.2,,,,,0,False,False,0.0,False,7.24,6.05,20.0,
71.55,26234,318.762,-802.265,-0.01,6.319,30.0,1202,-1,94.27,False,-1,True,True,0.0,0.3,-0.0,False,False,0.387,0.003,114.726,1202,101.2,,,,,0,False,False,0.0,False,6.92,6.11,20.0,
71.6,26235,318.632,-801.982,-0.01,6.183,30.0,1202,-1,94.58,False,-1,True,True,0.0,0.3,-0.0,False,False,0.313,0.0,114.725,1202,101.2,,,,,0,False,False,0.0,False,6.61,6.16,20.0,
71.65,26236,318.504,-801.704,-0.009,6.113,30.0,1202,-1,94.89,False,-1,True,True,0.0,0.3,-0.0,False,False,0.209,-0.001,114.71,1202,101.2,,,,,0,False,False,0.0,False,6.31,6.09,20.0,
71.7,26237,318.38,-801.433,-0.008,5.881,30.0,1202,-1,95.19,False,-1,True,True,0.0,0.3,0.001,False,False,0.088,-0.004,114.735,1202,101.2,,,,,0,False,False,0.0,False,6.01,6.06,20.0,
71.75,26238,318.259,-801.171,-0.007,5.753,30.0,1202,-1,95.47,False,-1,True,True,0.0,0.3,-0.002,False,False,-0.016,-0.0,114.705,1202,101.2,,,,,0,False,False,0.0,False,5.72,5.94,20.0,
71.8,26239,318.142,-800.917,-0.006,5.491,30.0,1202,-1,95.75,False,-1,True,True,0.0,0.3,0.002,False,False,-0.109,-0.003,114.73,1202,105.17,,,,,0,False,False,0.0,False,9.41,5.88,20.0,
71.85,26240,318.029,-800.671,-0.006,5.383,30.0,1202,-1,96.02,False,-1,True,True,0.199,0.0,-0.002,False,False,-0.17,0.0,114.702,1202,105.17,,,,,0,False,False,0.0,False,9.14,5.75,20.0,
71.9,26241,317.919,-800.433,-0.005,5.18,30.0,1202,-1,96.29,False,-1,True,True,0.588,0.0,0.002,False,False,-0.204,-0.001,114.735,1202,105.17,,,,,0,False,False,0.0,False,8.88,5.69,20.0,
71.95,26242,317.811,-800.199,-0.005,5.136,30.0,1202,-1,96.54,False,-1,True,True,0.75,0.0,-0.003,False,False,-0.206,0.003,114.711,1202,105.17,,,,,0,False,False,0.0,False,8.62,5.59,20.0,
72.0,26243,317.706,-799.969,-0.005,5.031,30.0,1202,-1,96.8,False,-1,True,True,0.75,0.0,0.002,False,False,-0.186,0.001,114.751,1202,105.17,,,,,0,False,False,0.0,False,8.37,5.57,20.0,
72.05,26244,317.6,-799.738,-0.006,5.098,30.0,1202,-1,97.05,False,-1,True,True,0.75,0.0,-0.004,False,False,-0.132,0.005,114.723,1202,105.17,,,,,0,False,False,0.0,False,8.11,5.52,20.0,
72.1,26245,317.495,-799.511,-0.006,4.844,30.0,1202,-1,97.3,False,-1,True,True,0.75,0.0,0.002,False,False,-0.11,0.001,114.738,1202,105.17,,,,,0,False,False,0.0,False,7.86,5.55,20.0,
72.15,26246,317.398,-799.299,-0.006,4.542,30.0,1202,-1,97.53,False,-1,True,True,0.75,0.0,-0.002,False,False,-0.182,0.001,114.721,1202,105.17,,,,,0,False,False,0.0,False,7.63,5.42,20.0,
72.2,26247,317.306,-799.099,-0.005,4.333,30.0,1202,-1,97.75,False,-1,True,True,0.75,0.0,0.001,False,False,-0.25,-0.001,114.717,1202,105.17,,,,,0,False,False,0.0,False,7.41,5.27,20.0,
72.25,26248,317.217,-798.906,-0.005,4.232,30.0,1202,-1,97.97,False,-1,True,True,0.75,0.0,0.0,False,False,-0.268,-0.003,114.717,1202,105.17,,,,,0,False,False,0.0,False,7.2,5.17,20.0,
72.3,26249,317.129,-798.714,-0.005,4.208,30.0,1202,-1,98.18,False,-1,True,True,0.75,0.0,-0.0,False,False,-0.235,-0.002,114.717,1202,105.17,,,,,0,False,False,0.0,False,6.99,5.12,20.0,
72.35,26250,317.04,-798.522,-0.006,4.234,30.0,1202,-1,98.39,False,-1,True,True,0.75,0.0,-0.0,False,False,-0.17,-0.001,114.716,1202,105.17,,,,,0,False,False,0.0,False,6.77,5.1,20.0,
72.4,26251,316.951,-798.328,-0.007,4.291,30.0,1202,-1,98.6,False,-1,True,True,0.75,0.0,-0.0,False,False,-0.092,-0.001,114.715,1202,105.17,,,,,0,False,False,0.0,False,6.56,5.12,20.0,
72.45,26252,316.86,-798.13,-0.007,4.366,30.0,1202,-1,98.82,False,-1,True,True,0.75,0.0,-0.0,False,False,-0.014,-0.0,114.715,1202,105.17,,,,,0,False,False,0.0,False,6.34,5.15,20.0,
72.5,26253,316.767,-797.929,-0.008,4.453,30.0,1202,-1,99.04,False,-1,True,True,0.75,0.0,-0.0,False,False,0.056,-0.0,114.714,1202,105.17,,,,,0,False,False,0.0,False,6.12,5.18,20.0,
72.55,26254,316.673,-797.724,-0.008,4.547,30.0,1202,-1,99.27,False,-1,True,True,0.75,0.0,-0.0,False,False,0.113,-0.0,114.714,1202,105.17,,,,,0,False,False,0.0,False,5.89,5.23,20.0,
72.6,26255,316.576,-797.514,-0.009,4.646,30.0,1202,-1,99.5,False,-1,True,True,0.75,0.0,-0.0,False,False,0.158,-0.0,114.714,1202,105.17,,,,,0,False,False,0.0,False,5.66,5.27,20.0,
72.65,26256,316.478,-797.3,-0.009,4.747,30.0,1202,-1,99.74,False,-1,True,True,0.75,0.0,-0.0,False,False,0.192,-0.0,114.714,1202,105.17,,,,,0,False,False,0.0,False,5.43,5.32,20.0,
72.7,26257,316.377,-797.081,-0.009,4.85,30.0,1202,-1,99.98,False,-1,True,True,0.75,0.0,-0.0,False,False,0.216,-0.0,114.714,1202,105.17,,,,,0,False,False,0.0,False,5.19,5.37,20.0,
72.75,26258,316.274,-796.858,-0.009,4.953,30.0,1202,-1,100.22,False,-1,True,True,0.75,0.0,-0.0,False,False,0.233,0.0,114.713,1202,109.14,,,,,0,False,False,0.0,False,8.91,5.42,20.0,
72.8,26259,316.17,-796.63,-0.009,5.057,30.0,1202,-1,100.47,False,-1,True,True,0.75,0.0,-0.0,False,False,0.244,0.0,114.712,1202,109.14,,,,,0,False,False,0.0,False,8.66,5.48,20.0,
72.85,26260,316.062,-796.398,-0.009,5.167,30.0,1202,-1,100.73,False,-1,True,True,0.75,0.0,0.0,False,False,0.253,0.0,114.712,1202,109.14,,,,,0,False,False,0.0,False,8.4,5.53,20.0,
72.9,26261,315.954,-796.161,-0.009,5.219,30.0,1202,-1,100.99,False,-1,True,True,0.75,0.0,-0.0,False,False,0.252,0.0,114.712,1202,109.14,,,,,0,False,False,0.0,False,8.14,5.58,20.0,
72.95,26262,315.842,-795.919,-0.009,5.393,30.0,1202,-1,101.26,False,-1,True,True,0.75,0.0,-0.0,False,False,0.258,-0.0,114.716,1202,109.14,,,,,0,False,False,0.0,False,7.88,5.61,20.0,
73.0,26263,315.73,-795.676,-0.009,5.32,30.0,1202,-1,101.53,False,-1,True,True,0.643,0.0,-0.001,False,False,0.233,0.001,114.694,1202,109.14,,,,,0,False,False,0.0,False,7.61,5.7,20.0,
73.05,26264,315.619,-795.433,-0.009,5.368,30.0,1202,-1,101.79,False,-1,True,True,0.75,0.0,0.002,False,False,0.191,-0.003,114.719,1202,109.14,,,,,0,False,False,0.0,False,7.34,5.66,20.0,
73.1,26265,315.507,-795.192,-0.008,5.292,30.0,1202,-1,102.06,False,-1,True,True,0.72,0.0,-0.002,False,False,0.146,0.001,114.684,1202,109.14,,,,,0,False,False,0.0,False,7.08,5.68,20.0,
73.15,26266,315.396,-794.95,-0.008,5.37,30.0,1202,-1,102.33,False,-1,True,True,0.75,0.0,0.003,False,False,0.122,-0.003,114.707,1202,109.14,,,,,0,False,False,0.0,False,6.81,5.65,20.0,
73.2,26267,315.284,-794.708,-0.008,5.321,30.0,1202,-1,102.59,False,-1,True,True,0.702,0.0,-0.002,False,False,0.105,0.0,114.675,1202,109.14,,,,,0,False,False,0.0,False,6.54,5.68,20.0,
73.25,26268,315.172,-794.464,-0.008,5.392,30.0,1202,-1,102.86,False,-1,True,True,0.75,0.0,0.003,False,False,0.1,-0.003,114.703,1202,109.14,,,,,0,False,False,0.0,False,6.27,5.66,20.0,
73.3,26269,315.06,-794.221,-0.008,5.318,30.0,1202,-1,103.13,False,-1,True,True,0.614,0.0,-0.002,False,False,0.086,0.001,114.677,1202,109.14,,,,,0,False,False,0.0,False,6.01,5.7,20.0,
73.35,26270,314.946,-793.973,-0.008,5.642,30.0,1202,-1,103.4,False,-1,True,True,0.75,0.0,0.003,False,False,0.123,-0.002,114.714,1202,109.14,,,,,0,False,False,0.0,False,5.73,5.66,20.0,
73.4,26271,314.824,-793.706,-0.009,5.975,30.0,1202,-1,103.7,False,-1,True,True,0.0,0.292,-0.003,False,False,0.264,0.003,114.732,1202,113.1,,,,,0,False,False,0.0,False,9.41,5.82,20.0,
73.45,26272,314.695,-793.425,-0.01,6.272,30.0,1202,-1,104.0,False,-1,True,True,0.0,0.3,-0.002,False,False,0.377,0.007,114.729,1202,113.1,,,,,0,False,False,0.0,False,9.1,5.99,20.0,
73.5,26273,314.563,-793.139,-0.011,6.271,30.0,1202,-1,104.32,False,-1,True,True,0.0,0.3,-0.0,False,False,0.393,0.004,114.724,1202,113.1,,,,,0,False,False,0.0,False,8.79,6.14,20.0,
73.55,26274,314.432,-792.854,-0.01,6.289,30.0,1202,-1,104.63,False,-1,True,True,0.0,0.3,-0.0,False,False,0.339,0.001,114.72,1202,113.1,,,,,0,False,False,0.0,False,8.47,6.14,20.0,
73.6,26275,314.303,-792.574,-0.009,6.103,30.0,1202,-1,104.94,False,-1,True,True,0.0,0.3,-0.0,False,False,0.233,-0.001,114.731,1202,113.1,,,,,0,False,False,0.0,False,8.16,6.14,20.0,
73.65,26276,314.177,-792.301,-0.008,5.998,30.0,1202,-1,105.24,False,-1,True,True,0.0,0.3,-0.001,False,False,0.118,0.0,114.702,1202,113.1,,,,,0,False,False,0.0,False,7.86,6.05,20.0,
73.7,26277,314.055,-792.036,-0.007,5.753,30.0,1202,-1,105.53,False,-1,True,True,0.0,0.3,0.002,False,False,0.004,-0.004,114.728,1202,113.1,,,,,0,False,False,0.0,False,7.57,6.0,20.0,
73.75,26278,313.937,-791.779,-0.006,5.617,30.0,1202,-1,105.82,False,-1,True,True,0.0,0.3,-0.002,False,False,-0.087,-0.001,114.699,1202,113.1,,,,,0,False,False,0.0,False,7.29,5.88,20.0,
73.8,26279,313.823,-791.532,-0.006,5.355,30.0,1202,-1,106.09,False,-1,True,True,0.0,0.253,0.002,False,False,-0.164,-0.003,114.727,1202,113.1,,,,,0,False,False,0.0,False,7.02,5.81,20.0,
73.85,26280,313.713,-791.292,-0.005,5.25,30.0,1202,-1,106.35,False,-1,True,True,0.69,0.0,-0.002,False,False,-0.209,0.001,114.7,1202,113.1,,,,,0,False,False,0.0,False,6.75,5.68,20.0,
73.9,26281,313.606,-791.059,-0.005,5.048,30.0,1202,-1,106.61,False,-1,True,True,0.75,0.0,0.002,False,False,-0.23,-0.001,114.735,1202,113.1,,,,,0,False,False,0.0,False,6.5,5.62,20.0,
73.95,26282,313.501,-790.83,-0.005,5.04,30.0,1202,-1,106.86,False,-1,True,True,0.75,0.0,-0.003,False,False,-0.217,0.004,114.743,1202,113.1,,,,,0,False,False,0.0,False,6.24,5.52,20.0,
74.0,26283,313.396,-790.602,-0.006,4.94,30.0,1202,-1,107.11,False,-1,True,True,0.75,0.0,-0.001,False,False,-0.166,0.005,114.75,1202,113.1,,,,,0,False,False,0.0,False,5.99,5.52,20.0,
74.05,26284,313.291,-790.373,-0.006,4.936,30.0,1202,-1,107.36,False,-1,True,True,0.75,0.0,-0.001,False,False,-0.114,0.003,114.737,1202,113.1,,,,,0,False,False,0.0,False,5.74,5.47,20.0,
74.1,26285,313.194,-790.162,-0.006,4.514,30.0,1202,-1,107.6,False,-1,True,True,0.75,0.0,0.0,False,False,-0.186,0.001,114.706,1202,113.1,,,,,0,False,False,0.0,False,5.51,5.47,20.0,
74.15,26286,313.103,-789.966,-0.005,4.26,30.0,1202,-1,107.81,False,-1,True,True,0.75,0.0,0.002,False,False,-0.268,-0.004,114.704,1202,113.1,,,,,0,False,False,0.0,False,5.29,5.26,20.0,
74.2,26287,313.016,-789.776,-0.005,4.127,30.0,1202,-1,108.02,False,-1,True,True,0.75,0.0,0.0,False,False,-0.3,-0.004,114.706,1202,113.1,,,,,0,False,False,0.0,False,5.08,5.13,20.0,
74.25,26288,312.93,-789.59,-0.005,4.082,30.0,1202,-1,108.23,False,-1,True,True,0.75,0.0,-0.0,False,False,-0.276,-0.002,114.707,1202,113.1,,,,,0,False,False,0.0,False,4.88,5.06,20.0,
74.3,26289,312.844,-789.404,-0.005,4.096,30.0,1202,-1,108.43,False,-1,True,True,0.75,0.0,-0.0,False,False,-0.212,-0.001,114.707,1202,117.07,,,,,0,False,False,0.0,False,8.64,5.04,20.0,
74.35,26290,312.758,-789.216,-0.006,4.146,30.0,1202,-1,108.64,False,-1,True,True,0.75,0.0,0.0,False,False,-0.13,-0.0,114.707,1202,117.07,,,,,0,False,False,0.0,False,8.43,5.05,20.0,
74.4,26291,312.67,-789.025,-0.007,4.217,30.0,1202,-1,108.85,False,-1,True,True,0.75,0.0,0.0,False,False,-0.046,-0.0,114.708,1202,117.07,,,,,0,False,False,0.0,False,8.22,5.07,20.0,
74.45,26292,312.581,-788.831,-0.008,4.303,30.0,1202,-1,109.06,False,-1,True,True,0.75,0.0,0.0,False,False,0.031,0.0,114.708,1202,117.07,,,,,0,False,False,0.0,False,8.01,5.11,20.0,
74.5,26293,312.489,-788.632,-0.008,4.397,30.0,1202,-1,109.28,False,-1,True,True,0.75,0.0,-0.0,False,False,0.095,0.0,114.708,1202,117.07,,,,,0,False,False,0.0,False,7.79,5.15,20.0,
74.55,26294,312.396,-788.429,-0.009,4.496,30.0,1202,-1,109.5,False,-1,True,True,0.75,0.0,0.0,False,False,0.145,0.0,114.709,1202,117.07,,,,,0,False,False,0.0,False,7.57,5.2,20.0,
74.6,26295,312.301,-788.222,-0.009,4.598,30.0,1202,-1,109.73,False,-1,True,True,0.75,0.0,0.0,False,False,0.183,0.0,114.709,1202,117.07,,,,,0,False,False,0.0,False,7.34,5.25,20.0,
74.65,26296,312.203,-788.01,-0.009,4.701,30.0,1202,-1,109.97,False,-1,True,True,0.75,0.0,0.0,False,False,0.211,0.0,114.709,1202,117.07,,,,,0,False,False,0.0,False,7.11,5.3,20.0,
74.7,26297,312.104,-787.794,-0.009,4.805,30.0,1202,-1,110.2,False,-1,True,True,0.75,0.0,0.0,False,False,0.23,0.0,114.709,1202,117.07,,,,,0,False,False,0.0,False,6.87,5.35,20.0,
74.75,26298,312.002,-787.572,-0.009,4.91,30.0,1202,-1,110.45,False,-1,True,True,0.75,0.0,-0.0,False,False,0.243,0.0,114.709,1202,117.07,,,,,0,False,False,0.0,False,6.63,5.4,20.0,
74.8,26299,311.898,-787.346,-0.009,5.014,30.0,1202,-1,110.7,False,-1,True,True,0.75,0.0,0.0,False,False,0.251,0.0,114.709,1202,117.07,,,,,0,False,False,0.0,False,6.38,5.45,20.0,
74.85,26300,311.792,-787.116,-0.009,5.118,30.0,1202,-1,110.95,False,-1,True,True,0.75,0.0,-0.0,False,False,0.257,0.0,114.709,1202,117.07,,,,,0,False,False,0.0,False,6.12,5.51,20.0,
74.9,26301,311.684,-786.881,-0.009,5.178,30.0,1202,-1,111.21,False,-1,True,True,0.75,0.0,-0.0,False,False,0.257,0.0,114.71,1202,117.07,,,,,0,False,False,0.0,False,5.86,5.56,20.0,
74.95,26302,311.573,-786.641,-0.009,5.352,30.0,1202,-1,111.47,False,-1,True,True,0.75,0.0,0.0,False,False,0.26,0.0,114.705,1202,117.07,,,,,0,False,False,0.0,False,5.6,5.59,20.0,
75.0,26303,311.467,-786.398,-0.009,5.275,30.0,1202,-1,111.74,False,-1,True,True,0.75,0.0,-0.1,False,False,0.233,0.14,114.496,1466,1.78,,,,,0,False,False,0.0,False,9.53,5.68,20.0,
75.05,26304,311.362,-786.154,-0.009,5.332,30.0,1202,-1,112.0,False,-1,True,True,0.75,0.0,-0.041,False,False,0.193,0.193,114.15,1466,1.78,,,,,0,False,False,0.0,False,9.27,5.64,20.0,
75.1,26305,311.257,-785.912,-0.008,5.266,30.0,1202,-1,112.27,False,-1,True,True,0.75,0.0,-0.02,False,False,0.15,0.15,113.944,1466,1.78,,,,,0,False,False,0.0,False,9.01,5.67,20.0,
75.15,26306,311.152,-785.668,-0.008,5.353,30.0,1202,-1,112.53,False,-1,True,True,0.75,0.0,-0.023,False,False,0.13,0.113,113.736,1466,1.78,,,,,0,False,False,0.0,False,8.74,5.63,20.0,
75.2,26307,311.048,-785.423,-0.008,5.291,30.0,1202,-1,112.8,False,-1,True,True,0.75,0.0,-0.016,False,False,0.111,0.081,113.613,1466,1.78,,,,,0,False,False,0.0,False,8.47,5.68,20.0,
75.25,26308,310.943,-785.178,-0.008,5.357,30.0,1202,-1,113.06,False,-1,True,True,0.75,0.0,-0.018,False,False,0.101,0.063,113.454,1466,1.78,,,,,0,False,False,0.0,False,8.21,5.65,20.0,
75.3,26309,310.838,-784.932,-0.008,5.438,30.0,1202,-1,113.33,False,-1,True,True,0.741,0.0,-0.011,False,False,0.104,0.044,113.348,1466,1.78,,,,,0,False,False,0.0,False,7.94,5.68,20.0,
75.35,26310,310.725,-784.666,-0.009,5.963,30.0,1202,-1,113.62,False,-1,True,True,0.447,0.0,-0.011,False,False,0.244,0.036,113.229,1466,1.78,,,,,0,False,False,0.0,False,7.65,5.72,20.0,
75.4,26311,310.605,-784.383,-0.01,6.184,30.0,1202,-1,113.93,False,-1,True,True,0.0,0.3,-0.006,False,False,0.373,0.026,113.141,1466,1.78,,,,,0,False,False,0.0,False,7.34,5.98,20.0,
75.45,26312,310.482,-784.093,-0.011,6.355,30.0,1202,-1,114.24,False,-1,True,True,0.0,0.3,-0.006,False,False,0.42,0.019,113.076,1466,1.78,,,,,0,False,False,0.0,False,7.03,6.09,20.0,
75.5,26313,310.359,-783.803,-0.01,6.263,30.0,1202,-1,114.56,False,-1,True,True,0.0,0.3,-0.005,False,False,0.371,0.015,113.021,1466,1.78,,,,,0,False,False,0.0,False,6.71,6.18,20.0,
75.55,26314,310.238,-783.516,-0.009,6.212,30.0,1202,-1,114.87,False,-1,True,True,0.0,0.3,-0.004,False,False,0.274,0.012,112.995,1466,1.78,,,,,0,False,False,0.0,False,6.4,6.13,20.0,
75.6,26315,310.12,-783.237,-0.008,5.993,30.0,1202,-1,115.17,False,-1,True,True,0.0,0.3,-0.005,False,False,0.149,0.012,112.934,1466,1.78,,,,,0,False,False,0.0,False,6.1,6.11,20.0,
75.65,26316,310.006,-782.965,-0.007,5.873,30.0,1202,-1,115.47,False,-1,True,True,0.0,0.3,-0.001,False,False,0.036,0.007,112.932,1466,1.78,,,,,0,False,False,0.0,False,5.8,6.0,20.0,
75.7,26317,309.898,-782.701,-0.006,5.608,30.0,1202,-1,115.75,False,-1,True,True,0.0,0.3,-0.101,False,False,-0.07,0.109,112.73,1466,5.34,,,,,0,False,False,0.0,False,9.53,5.94,20.0,
75.75,26318,309.803,-782.444,-0.006,5.444,30.0,1202,-1,116.03,False,-1,True,True,0.0,0.222,-0.201,False,False,-0.155,0.353,112.161,1466,5.34,,,,,0,False,False,0.0,False,9.26,5.8,20.0,
75.8,26319,309.722,-782.194,-0.005,5.166,30.0,1202,-1,116.29,False,-1,True,True,0.368,0.0,-0.301,False,False,-0.232,0.648,111.047,1466,5.34,,,,,0,False,False,0.0,False,9.0,5.72,20.0,
75.85,26320,309.655,-781.951,-0.005,5.035,30.0,1202,-1,116.53,False,-1,True,True,0.75,0.0,-0.312,False,False,-0.276,0.877,109.54,1466,5.34,,,,,0,False,False,0.0,False,8.75,5.58,20.0,
75.9,26321,309.597,-781.709,-0.005,4.985,30.0,1202,-1,116.78,False,-1,True,True,0.75,0.0,-0.234,False,False,-0.268,0.927,108.026,1466,5.34,,,,,0,False,False,0.0,False,8.5,5.52,20.0,
75.95,26322,309.543,-781.467,-0.005,4.989,30.0,1202,-1,117.02,False,-1,True,True,0.75,0.0,-0.182,False,False,-0.215,0.823,106.745,1466,5.34,,,,,0,False,False,0.0,False,8.25,5.49,20.0,
76.0,26323,309.492,-781.224,-0.006,4.926,30.0,1202,-1,117.26,False,-1,True,True,0.75,0.0,-0.156,False,False,-0.157,0.664,105.673,1466,5.34,,,,,0,False,False,0.0,False,8.01,5.49,20.0,
76.05,26324,309.445,-780.997,-0.006,4.52,30.0,1202,-1,117.49,False,-1,True,True,0.75,0.0,-0.136,False,False,-0.206,0.474,104.826,1466,5.34,,,,,0,False,False,0.0,False,7.77,5.46,20.0,
76.1,26325,309.404,-780.784,-0.005,4.26,30.0,1202,-1,117.7,False,-1,True,True,0.75,0.0,-0.124,False,False,-0.28,0.323,104.134,1466,5.34,,,,,0,False,False,0.0,False,7.56,5.26,20.0,
76.15,26326,309.366,-780.58,-0.005,4.123,30.0,1202,-1,117.9,False,-1,True,True,0.75,0.0,-0.112,False,False,-0.309,0.22,103.53,1466,5.34,,,,,0,False,False,0.0,False,7.35,5.13,20.0,
76.2,26327,309.329,-780.379,-0.005,4.076,30.0,1202,-1,118.1,False,-1,True,True,0.75,0.0,-0.097,False,False,-0.284,0.148,102.997,1466,5.34,,,,,0,False,False,0.0,False,7.15,5.06,20.0,
76.25,26328,309.293,-780.178,-0.005,4.089,30.0,1202,-1,118.3,False,-1,True,True,0.75,0.0,-0.084,False,False,-0.219,0.096,102.528,1466,5.34,,,,,0,False,False,0.0,False,6.94,5.04,20.0,
76.3,26329,309.257,-779.975,-0.006,4.139,30.0,1467,-1,0.58,True,11,True,False,0.75,0.0,-0.072,False,False,-0.136,0.061,102.115,1466,5.34,,,,,0,False,False,0.0,False,6.73,5.04,20.0,
76.35,26330,309.221,-779.768,-0.007,4.211,30.0,1467,-1,0.78,True,11,True,False,0.75,0.0,-0.062,False,False,-0.05,0.036,101.75,1466,5.34,,,,,0,False,False,0.0,False,6.53,5.07,20.0,
76.4,26331,309.184,-779.558,-0.007,4.297,30.0,1467,-1,1.13,True,11,True,False,0.75,0.0,-0.053,False,False,0.028,0.02,101.43,1466,5.34,,,,,0,False,False,0.0,False,6.31,5.11,20.0,
76.45,26332,309.147,-779.343,-0.008,4.391,30.0,1467,-1,1.34,True,11,True,False,0.75,0.0,-0.045,False,False,0.093,0.01,101.149,1466,5.34,,,,,0,False,False,0.0,False,6.09,5.15,20.0,
76.5,26333,309.109,-779.123,-0.008,4.491,30.0,1467,-1,1.55,True,11,True,False,0.75,0.0,-0.039,False,False,0.145,0.004,100.903,1466,5.34,1466,0.25,-0.895,0.258,0,False,False,0.0,False,5.87,5.2,20.0,
76.55,26334,309.07,-778.898,-0.009,4.593,30.0,1467,-1,1.77,True,11,True,False,0.75,0.0,-0.033,False,False,0.183,0.001,100.688,1466,5.34,1466,0.5,-0.944,0.249,0,False,False,0.0,False,5.64,5.25,20.0,
76.6,26335,309.031,-778.669,-0.009,4.697,30.0,1467,-1,2.19,True,11,True,False,0.75,0.0,-0.028,False,False,0.211,-0.001,100.501,1466,5.34,1466,0.75,-0.986,0.234,0,False,False,0.0,False,5.41,5.3,20.0,
76.65,26336,308.991,-778.434,-0.009,4.801,30.0,1467,-1,2.4,True,11,True,False,0.75,0.0,-0.024,False,False,0.231,-0.001,100.339,1466,5.34,1466,0.75,-1.022,0.21,0,False,False,0.739,False,5.17,5.35,20.0,
76.7,26337,308.955,-778.194,-0.009,4.893,30.0,1467,-1,2.63,True,11,True,False,0.75,0.0,-0.124,False,False,0.24,0.113,100.003,1466,8.9,1466,1.0,-1.05,0.183,0,False,False,0.816,False,8.5,5.4,20.0,
76.75,26338,308.928,-777.949,-0.009,4.964,30.0,1467,-1,3.11,True,11,True,False,0.75,0.0,-0.224,False,False,0.236,0.377,99.219,1466,8.9,1466,1.25,-1.082,0.178,0,False,False,0.916,False,8.26,5.45,20.0,
76.8,26339,308.914,-777.701,-0.009,5.017,30.0,1467,-1,3.33,True,11,True,False,0.75,0.0,-0.324,False,False,0.216,0.71,97.913,1466,8.9,1466,1.5,-1.115,0.191,0,False,False,1.042,False,8.02,5.48,20.0,
76.85,26340,308.915,-777.452,-0.009,5.053,30.0,1467,-1,4.0,True,11,True,False,0.75,0.0,-0.424,False,False,0.183,1.055,96.071,1466,8.9,1466,1.75,-1.155,0.233,0,False,False,1.196,False,7.77,5.51,20.0,
76.9,26341,308.928,-777.2,-0.009,5.154,30.0,1467,-1,5.0,True,11,True,False,0.75,0.0,-0.339,False,False,0.164,1.231,94.001,1466,8.9,1466,2.0,-1.204,0.286,0,False,False,1.366,False,7.52,5.53,20.0,
76.95,26342,308.945,-776.942,-0.009,5.286,30.0,1467,-1,5.0,True,11,True,False,0.75,0.0,-0.253,False,False,0.174,1.123,92.151,1466,8.9,1466,2.25,-1.248,0.326,0,False,False,1.536,False,7.26,5.58,20.0,
77.0,26343,308.965,-776.679,-0.009,5.314,30.0,1467,-1,5.0,True,11,True,False,0.75,0.0,-0.208,False,False,0.18,0.89,90.552,1466,8.9,1466,2.5,-1.289,0.353,0,False,False,1.702,False,6.99,5.64,20.0,
77.05,26344,308.987,-776.416,-0.008,5.318,30.0,1467,-1,5.0,True,11,True,False,0.75,0.0,-0.176,False,False,0.157,0.664,89.229,1466,8.9,1466,2.75,-1.323,0.36,0,False,False,1.863,False,6.73,5.66,20.0,
77.1,26345,309.011,-776.153,-0.008,5.319,30.0,1472,-1,12.94,True,11,True,False,0.75,0.0,-0.153,False,False,0.131,0.495,87.999,1466,8.9,1466,3.0,-1.347,0.362,0,False,True,2.023,False,6.47,5.66,20.0,True
77.15,26346,309.038,-775.888,-0.008,5.351,30.0,1472,-1,12.72,True,11,True,False,0.75,0.0,-0.12,False,False,0.116,0.359,87.028,1466,8.9,1466,3.25,-1.367,0.348,0,False,True,2.181,False,6.2,5.66,20.0,True
77.2,26347,309.066,-775.623,-0.008,5.34,30.0,1472,-1,12.49,True,11,True,False,0.75,0.0,-0.107,False,False,0.101,0.264,86.133,1466,8.9,1466,3.5,-1.375,0.385,0,False,True,2.337,False,5.93,5.68,20.0,True
77.25,26348,309.096,-775.358,-0.008,5.344,30.0,1472,-1,12.27,True,11,True,False,0.75,0.0,-0.083,False,False,0.089,0.188,85.466,1466,8.9,1466,3.75,-1.378,0.437,0,False,True,2.491,False,5.67,5.67,20.0,True
77.3,26349,309.133,-775.086,-0.008,5.671,30.0,1472,-1,12.04,True,11,True,False,0.75,0.0,-0.183,False,False,0.141,0.291,84.638,1466,12.46,1466,4.0,-1.375,0.484,0,False,True,2.658,False,8.91,5.67,20.0,True
77.35,26350,309.187,-774.796,-0.009,6.01,30.0,1472,-1,11.8,True,11,True,False,0.0,0.3,-0.283,False,False,0.27,0.619,83.312,1466,12.46,1466,4.25,-1.371,0.516,0,False,True,2.855,False,8.62,5.84,20.0,True
77.4,26351,309.258,-774.501,-0.01,6.153,30.0,1472,-1,11.56,True,11,True,False,0.0,0.3,-0.383,False,False,0.334,1.023,81.318,1466,12.46,1466,4.5,-1.376,0.532,0,False,True,1.602,False,8.31,6.0,20.0,True
77.45,26352,309.341,-774.205,-0.01,6.203,30.0,1472,-1,11.33,True,11,True,False,0.0,0.3,-0.285,False,False,0.325,1.204,79.098,1466,12.46,1466,4.75,-1.381,0.537,0,False,True,1.146,False,8.01,6.08,20.0,True
77.5,26353,309.427,-773.913,-0.009,6.129,30.0,1472,-1,11.11,True,11,True,False,0.0,0.3,-0.196,False,False,0.26,1.072,77.121,1466,12.46,1466,5.25,-1.385,0.546,0,False,True,1.278,False,7.7,6.1,20.0,True
77.55,26354,309.516,-773.625,-0.009,6.021,30.0,1472,-1,10.89,True,11,True,False,0.0,0.3,-0.15,False,False,0.163,0.83,75.617,1466,12.46,1466,5.5,-1.386,0.557,0,False,True,1.427,False,7.4,6.06,20.0,True
77.6,26355,309.606,-773.345,-0.008,5.861,30.0,1472,-1,10.67,True,11,True,False,0.0,0.3,-0.136,False,False,0.06,0.635,74.323,1466,12.46,1466,5.75,-1.381,0.57,0,False,True,1.582,False,7.11,6.01,20.0,True
77.65,26356,309.697,-773.073,-0.007,5.696,30.0,1472,-1,10.47,True,11,True,False,0.0,0.3,-0.11,False,False,-0.034,0.478,73.327,1466,12.46,1466,6.0,-1.373,0.583,0,False,True,1.745,False,6.82,5.93,20.0,True
77.7,26357,309.788,-772.811,-0.006,5.501,30.0,1472,-1,10.27,True,11,True,False,0.0,0.3,-0.099,False,False,-0.113,0.365,72.429,1466,12.46,1466,6.25,-1.36,0.594,0,False,True,1.907,False,6.55,5.85,20.0,True
77.75,26358,309.879,-772.557,-0.006,5.344,30.0,1472,-1,10.08,True,11,True,False,0.168,0.0,-0.077,False,False,-0.171,0.271,71.764,1466,12.46,1466,6.5,-1.345,0.6,0,False,True,2.074,False,6.28,5.75,20.0,True
77.8,26359,309.968,-772.31,-0.005,5.206,30.0,1469,-1,6.1,True,11,True,False,0.734,0.0,-0.071,False,False,-0.198,0.207,71.135,1466,12.46,1466,6.75,-1.325,0.605,0,False,False,2.238,False,6.01,5.67,20.0,
77.85,26360,310.058,-772.07,-0.005,5.1,30.0,1469,-1,6.0,True,11,True,False,0.75,0.0,-0.054,False,False,-0.202,0.152,70.696,1466,12.46,1466,7.0,-1.302,0.608,0,False,False,2.406,False,5.76,5.6,20.0,
77.9,26361,310.147,-771.832,-0.005,5.062,30.0,1469,-1,6.0,True,11,True,False,0.75,0.0,-0.052,False,False,-0.18,0.121,70.244,1466,12.46,1466,7.25,-1.276,0.606,0,False,False,2.572,False,5.5,5.55,20.0,
77.95,26362,310.241,-771.598,-0.006,5.043,30.0,1469,-1,6.0,True,11,True,False,0.75,0.0,-0.152,False,False,-0.135,0.213,69.766,1271,1.97,1466,7.5,-1.25,0.601,0,False,False,1.122,False,8.93,5.53,20.0,
78.0,26363,310.342,-771.371,-0.006,4.844,30.0,1469,-1,5.97,True,11,True,False,0.75,0.0,-0.252,False,False,-0.122,0.424,68.87,1271,1.97,1466,7.75,-1.226,0.587,0,False,False,0.994,False,8.69,5.52,20.0,
78.05,26364,310.444,-771.166,-0.005,4.468,30.0,1469,-1,5.81,True,11,True,False,0.75,0.0,-0.285,False,False,-0.214,0.614,67.718,1271,1.97,1466,8.0,-1.213,0.568,0,False,False,0.905,False,8.46,5.42,20.0,
78.1,26365,310.545,-770.977,-0.005,4.257,30.0,1469,-1,5.66,True,11,True,False,0.75,0.0,-0.227,False,False,-0.291,0.667,66.545,1271,1.97,1466,8.25,-1.204,0.551,0,False,False,0.832,False,8.24,5.23,20.0,
78.15,26366,310.646,-770.795,-0.005,4.162,30.0,1469,-1,5.52,True,11,True,False,0.75,0.0,-0.185,False,False,-0.307,0.593,65.52,1271,1.97,1466,8.5,-1.2,0.537,0,False,False,0.761,False,8.04,5.13,20.0,
78.2,26367,310.748,-770.615,-0.005,4.144,30.0,1469,-1,5.37,True,11,True,False,0.75,0.0,-0.161,False,False,-0.268,0.481,64.631,1271,1.97,1466,8.75,-1.193,0.525,0,False,False,0.694,False,7.83,5.08,20.0,
78.25,26368,310.852,-770.435,-0.006,4.175,30.0,1469,-1,5.22,True,11,True,False,0.75,0.0,-0.141,False,False,-0.195,0.372,63.844,1271,1.97,1466,8.75,-1.187,0.516,0,False,True,0.628,False,7.62,5.07,20.0,True
78.3,26369,310.958,-770.253,-0.006,4.236,30.0,1469,-1,5.07,True,11,True,False,0.75,0.0,-0.122,False,False,-0.108,0.277,63.144,1271,1.97,1466,9.0,-1.18,0.507,0,False,True,0.559,False,7.41,5.09,20.0,True
78.35,26370,311.067,-770.068,-0.007,4.315,30.0,1469,-1,5.0,True,11,True,False,0.75,0.0,-0.105,False,False,-0.024,0.199,62.524,1271,1.97,1466,9.25,-1.169,0.499,0,False,True,0.492,False,7.2,5.12,20.0,True
78.4,26371,311.178,-769.88,-0.008,4.406,30.0,1469,-1,4.81,True,11,True,False,0.75,0.0,-0.09,False,False,0.051,0.139,61.977,1271,1.97,1466,9.5,-1.157,0.491,0,False,True,2.524,False,6.98,5.16,20.0,True
78.45,26372,311.292,-769.688,-0.008,4.503,30.0,1466,-1,9.74,True,11,True,True,0.75,0.0,-0.076,False,False,0.112,0.094,61.496,1271,1.97,1466,9.75,-1.143,0.483,0,False,False,2.37,False,6.75,5.2,20.0,
78.5,26373,311.409,-769.491,-0.009,4.604,30.0,1466,-1,9.97,True,11,True,True,0.75,0.0,-0.065,False,False,0.159,0.062,61.076,1271,1.97,1466,10.0,-1.125,0.473,0,False,False,2.218,False,6.52,5.25,20.0,
78.55,26374,311.529,-769.291,-0.009,4.707,30.0,1466,-1,10.17,True,11,True,True,0.75,0.0,-0.055,False,False,0.194,0.039,60.71,1271,1.97,1466,10.25,-1.107,0.463,0,False,False,2.069,False,6.29,5.3,20.0,
78.6,26375,311.652,-769.086,-0.009,4.811,30.0,1466,-1,10.4,True,11,True,True,0.75,0.0,-0.055,False,False,0.218,0.038,60.367,1271,1.97,1466,10.25,-1.085,0.452,0,False,False,1.918,False,6.05,5.35,20.0,
78.65,26376,311.777,-768.877,-0.009,4.916,30.0,1466,-1,10.65,True,11,True,True,0.75,0.0,-0.036,False,False,0.236,0.021,60.082,1271,1.97,1466,10.5,-1.059,0.437,0,False,False,1.77,False,5.81,5.41,20.0,
78.7,26377,311.906,-768.664,-0.009,5.02,30.0,1466,-1,10.89,True,11,True,True,0.75,0.0,-0.031,False,False,0.247,0.006,59.853,1271,1.97,1466,10.75,-1.032,0.424,0,False,False,1.623,False,5.56,5.46,20.0,
78.75,26378,312.037,-768.446,-0.009,5.126,30.0,1466,-1,11.12,True,11,True,True,0.75,0.0,-0.027,False,False,0.255,-0.001,59.658,1271,1.97,1466,11.0,-1.001,0.406,0,False,False,1.484,False,5.31,5.51,20.0,
78.8,26379,312.174,-768.227,-0.009,5.204,30.0,1466,-1,11.37,True,11,True,True,0.75,0.0,-0.127,False,False,0.253,0.135,59.258,1271,5.9,1466,11.25,-0.97,0.384,0,False,False,1.341,False,8.93,5.56,20.0,
78.85,26380,312.32,-768.013,-0.009,5.172,30.0,1466,-1,11.63,True,11,True,True,0.75,0.0,-0.189,False,False,0.218,0.368,58.515,1271,5.9,1466,11.5,-0.946,0.356,0,False,False,1.209,False,8.67,5.6,20.0,
78.9,26381,312.467,-767.802,-0.008,5.158,30.0,1466,-1,11.89,True,11,True,True,0.75,0.0,-0.139,False,False,0.169,0.455,57.585,1271,5.9,1466,11.75,-0.922,0.323,0,False,False,1.078,False,8.41,5.59,20.0,
78.95,26382,312.615,-767.592,-0.008,5.162,30.0,1470,-1,6.05,True,11,True,False,0.75,0.0,-0.095,False,False,0.132,0.404,56.845,1271,5.9,1466,12.0,-0.902,0.297,0,False,False,0.955,False,8.16,5.58,20.0,
79.0,26383,312.765,-767.382,-0.008,5.177,30.0,1470,-1,6.24,True,11,True,False,0.75,0.0,-0.085,False,False,0.111,0.33,56.136,1271,5.9,1466,12.25,-0.88,0.267,0,False,False,0.841,False,7.9,5.58,20.0,
79.05,26384,312.917,-767.172,-0.008,5.213,30.0,1470,-1,6.44,True,11,True,False,0.75,0.0,-0.064,False,False,0.105,0.252,55.621,1271,5.9,1466,12.5,-0.857,0.245,0,False,False,0.736,False,7.64,5.59,20.0,
79.1,26385,313.07,-766.961,-0.008,5.204,30.0,1470,-1,7.04,True,11,True,False,0.75,0.0,-0.061,False,False,0.097,0.195,55.11,1271,5.9,1466,12.75,-0.835,0.219,0,False,False,0.635,False,7.38,5.61,20.0,
79.15,26386,313.224,-766.752,-0.008,5.204,30.0,1470,-1,7.26,True,11,True,False,0.75,0.0,-0.045,False,False,0.088,0.142,54.763,1271,5.9,1466,13.0,-0.81,0.198,0,False,False,0.547,False,7.12,5.6,20.0,
79.2,26387,313.384,-766.536,-0.008,5.559,30.0,1470,-1,7.49,True,11,True,False,0.75,0.0,-0.045,False,False,0.149,0.121,54.417,1271,5.9,1466,13.25,-0.783,0.176,0,False,False,0.0,False,6.85,5.6,20.0,
79.25,26388,313.56,-766.302,-0.01,5.985,30.0,1470,-1,7.74,True,11,True,False,0.018,0.0,-0.034,False,False,0.309,0.107,54.13,1271,5.9,1466,13.75,-0.753,0.152,0,False,False,0.0,False,6.56,5.78,20.0,
79.3,26389,313.745,-766.055,-0.011,6.237,30.0,1470,-1,8.28,True,11,True,False,0.0,0.3,-0.028,False,False,0.426,0.088,53.843,1271,5.9,,,,,0,False,False,0.0,False,6.25,5.99,20.0,
79.35,26390,313.933,-765.803,-0.011,6.292,30.0,1470,-1,8.57,True,11,True,False,0.0,0.3,-0.019,False,False,0.439,0.059,53.648,1271,5.9,,,,,0,False,False,0.0,False,5.93,6.12,20.0,
79.4,26391,314.123,-765.556,-0.01,6.199,30.0,1470,-1,9.03,True,11,True,False,0.0,0.3,-0.119,False,False,0.358,0.157,53.262,1271,9.84,,,,,0,False,False,0.0,False,9.54,6.15,20.0,
79.45,26392,314.313,-765.318,-0.009,6.066,30.0,1271,-1,0.62,False,-1,True,True,0.0,0.3,-0.089,False,False,0.235,0.267,52.748,1271,9.84,,,,,0,False,False,0.0,False,9.24,6.1,20.0,
79.5,26393,314.5,-765.086,-0.008,5.908,30.0,1271,-1,0.92,False,-1,True,True,0.0,0.3,-0.062,False,False,0.112,0.274,52.177,1271,9.84,,,,,0,False,False,0.0,False,8.94,6.03,20.0,
79.55,26394,314.682,-764.862,-0.007,5.733,30.0,1271,-1,1.21,False,-1,True,True,0.0,0.3,-0.04,False,False,0.002,0.218,51.785,1271,9.84,,,,,0,False,False,0.0,False,8.65,5.95,20.0,
79.6,26395,314.858,-764.644,-0.006,5.538,30.0,1271,-1,1.48,False,-1,True,True,0.0,0.3,-0.039,False,False,-0.089,0.169,51.397,1271,9.84,,,,,0,False,False,0.0,False,8.37,5.87,20.0,
79.65,26396,315.03,-764.435,-0.006,5.372,30.0,1271,-1,1.75,False,-1,True,True,0.033,0.0,-0.027,False,False,-0.155,0.123,51.157,1271,9.84,,,,,0,False,False,0.0,False,8.1,5.77,20.0,
79.7,26397,315.198,-764.232,-0.005,5.224,30.0,1271,-1,2.02,False,-1,True,True,0.63,0.0,-0.03,False,False,-0.191,0.097,50.882,1271,9.84,,,,,0,False,False,0.0,False,7.84,5.69,20.0,
79.75,26398,315.362,-764.034,-0.005,5.097,30.0,1271,-1,2.27,False,-1,True,True,0.75,0.0,-0.019,False,False,-0.205,0.069,50.736,1271,9.84,,,,,0,False,False,0.0,False,7.58,5.61,20.0,
79.8,26399,315.524,-763.839,-0.005,5.053,30.0,1271,-1,2.53,False,-1,True,True,0.75,0.0,-0.023,False,False,-0.19,0.057,50.525,1271,9.84,,,,,0,False,False,0.0,False,7.32,5.55,20.0,
79.85,26400,315.686,-763.645,-0.006,5.048,30.0,1271,-1,2.78,False,-1,True,True,0.75,0.0,-0.011,False,False,-0.142,0.039,50.438,1271,9.84,,,,,0,False,False,0.0,False,7.07,5.53,20.0,
79.9,26401,315.847,-763.454,-0.006,4.865,30.0,1271,-1,3.03,False,-1,True,True,0.75,0.0,-0.017,False,False,-0.116,0.033,50.309,1271,9.84,,,,,0,False,False,0.0,False,6.82,5.52,20.0,
79.95,26402,315.995,-763.277,-0.006,4.49,30.0,1271,-1,3.26,False,-1,True,True,0.75,0.0,-0.01,False,False,-0.197,0.022,50.247,1271,9.84,,,,,0,False,False,0.0,False,6.59,5.43,20.0,
80.0,26403,316.134,-763.112,-0.005,4.258,30.0,1271,-1,3.47,False,-1,True,True,0.75,0.0,-0.01,False,False,-0.273,0.013,50.193,1271,9.84,,,,,0,False,False,0.0,False,6.38,5.25,20.0,
80.05,26404,316.269,-762.952,-0.005,4.141,30.0,1271,-1,3.68,False,-1,True,True,0.75,0.0,-0.011,False,False,-0.297,0.011,50.138,1271,9.84,,,,,0,False,False,0.0,False,6.17,5.13,20.0,
80.1,26405,316.402,-762.795,-0.005,4.108,30.0,1271,-1,3.89,False,-1,True,True,0.75,0.0,-0.009,False,False,-0.266,0.009,50.088,1271,9.84,,,,,0,False,False,0.0,False,5.96,5.07,20.0,
80.15,26406,316.535,-762.637,-0.006,4.128,30.0,1271,-1,4.09,False,-1,True,True,0.75,0.0,-0.007,False,False,-0.199,0.006,50.044,1271,9.84,,,,,0,False,False,0.0,False,5.75,5.05,20.0,
80.2,26407,316.67,-762.478,-0.006,4.182,30.0,1271,-1,4.3,False,-1,True,True,0.75,0.0,-0.006,False,False,-0.116,0.004,50.006,1271,9.84,,,,,0,False,False,0.0,False,5.55,5.06,20.0,
80.25,26408,316.806,-762.316,-0.007,4.256,30.0,1271,-1,4.51,False,-1,True,True,0.75,0.0,-0.006,False,False,-0.032,0.003,49.973,1271,9.84,,,,,0,False,False,0.0,False,5.33,5.09,20.0,
80.3,26409,316.946,-762.151,-0.008,4.343,30.0,1271,-1,4.73,False,-1,True,True,0.75,0.0,-0.005,False,False,0.042,0.002,49.944,1271,9.84,,,,,0,False,False,0.0,False,5.12,5.13,20.0,
80.35,26410,317.091,-761.985,-0.008,4.426,30.0,1271,-1,4.95,False,-1,True,True,0.75,0.0,-0.105,False,False,0.101,0.108,49.736,1271,13.77,,,,,0,False,False,0.0,False,8.83,5.17,20.0,
80.4,26411,317.241,-761.817,-0.009,4.528,30.0,1271,-1,5.17,False,-1,True,True,0.75,0.0,-0.04,False,False,0.148,0.162,49.435,1271,13.77,,,,,0,False,False,0.0,False,8.6,5.21,20.0,
80.45,26412,317.393,-761.645,-0.009,4.631,30.0,1271,-1,5.4,False,-1,True,True,0.75,0.0,-0.022,False,False,0.185,0.128,49.235,1271,13.77,,,,,0,False,False,0.0,False,8.37,5.26,20.0,
80.5,26413,317.549,-761.469,-0.009,4.736,30.0,1271,-1,5.64,False,-1,True,True,0.75,0.0,-0.023,False,False,0.212,0.093,49.078,1271,13.77,,,,,0,False,False,0.0,False,8.14,5.32,20.0,
80.55,26414,317.708,-761.29,-0.009,4.84,30.0,1271,-1,5.88,False,-1,True,True,0.75,0.0,-0.021,False,False,0.231,0.07,48.937,1271,13.77,,,,,0,False,False,0.0,False,7.9,5.37,20.0,
80.6,26415,317.871,-761.106,-0.009,4.945,30.0,1271,-1,6.12,False,-1,True,True,0.75,0.0,-0.018,False,False,0.244,0.052,48.811,1271,13.77,,,,,0,False,False,0.0,False,7.65,5.42,20.0,
80.65,26416,318.038,-760.919,-0.009,5.049,30.0,1271,-1,6.37,False,-1,True,True,0.75,0.0,-0.015,False,False,0.252,0.036,48.703,1271,13.77,,,,,0,False,False,0.0,False,7.4,5.47,20.0,
80.7,26417,318.208,-760.729,-0.009,5.16,30.0,1271,-1,6.63,False,-1,True,True,0.75,0.0,-0.012,False,False,0.258,0.024,48.611,1271,13.77,,,,,0,False,False,0.0,False,7.15,5.52,20.0,
80.75,26418,318.381,-760.534,-0.009,5.212,30.0,1271,-1,6.89,False,-1,True,True,0.75,0.0,-0.011,False,False,0.256,0.016,48.528,1271,13.77,,,,,0,False,False,0.0,False,6.89,5.58,20.0,
80.8,26419,318.557,-760.337,-0.009,5.308,30.0,1271,-1,7.15,False,-1,True,True,0.75,0.0,-0.008,False,False,0.246,0.009,48.473,1271,13.77,,,,,0,False,False,0.0,False,6.62,5.61,20.0,
80.85,26420,318.732,-760.142,-0.009,5.219,30.0,1271,-1,7.41,False,-1,True,True,0.75,0.0,-0.009,False,False,0.199,0.007,48.378,1271,13.77,,,,,0,False,False,0.0,False,6.36,5.65,20.0,
80.9,26421,318.907,-759.946,-0.008,5.288,30.0,1271,-1,7.68,False,-1,True,True,0.75,0.0,-0.003,False,False,0.162,-0.0,48.352,1271,13.77,,,,,0,False,False,0.0,False,6.1,5.61,20.0,
80.95,26422,319.082,-759.75,-0.008,5.231,30.0,1271,-1,7.94,False,-1,True,True,0.75,0.0,-0.007,False,False,0.13,0.001,48.276,1271,13.77,,,,,0,False,False,0.0,False,5.83,5.64,20.0,
81.0,26423,319.258,-759.553,-0.008,5.324,30.0,1271,-1,8.2,False,-1,True,True,0.75,0.0,-0.001,False,False,0.12,-0.002,48.266,1271,13.77,,,,,0,False,False,0.0,False,5.57,5.62,20.0,
81.05,26424,319.436,-759.359,-0.008,5.241,30.0,1271,-1,8.47,False,-1,True,True,0.75,0.0,-0.09,False,False,0.1,0.095,48.061,1271,17.7,,,,,0,False,False,0.0,False,9.24,5.66,20.0,
81.1,26425,319.615,-759.165,-0.008,5.306,30.0,1271,-1,8.73,False,-1,True,True,0.75,0.0,-0.013,False,False,0.09,0.119,47.855,1271,17.7,,,,,0,False,False,0.0,False,8.98,5.62,20.0,
81.15,26426,319.801,-758.961,-0.009,5.68,30.0,1271,-1,9.01,False,-1,True,True,0.75,0.0,-0.005,False,False,0.176,0.074,47.681,1271,17.7,,,,,0,False,False,0.0,False,8.7,5.65,20.0,
81.2,26427,320.004,-758.74,-0.01,6.132,30.0,1271,-1,9.31,False,-1,True,True,0.0,0.3,-0.002,False,False,0.335,0.038,47.595,1271,17.7,,,,,0,False,False,0.0,False,8.4,5.84,20.0,
81.25,26428,320.215,-758.51,-0.011,6.263,30.0,1271,-1,9.62,False,-1,True,True,0.0,0.3,-0.006,False,False,0.422,0.025,47.535,1271,17.7,,,,,0,False,False,0.0,False,8.09,6.07,20.0,
81.3,26429,320.429,-758.277,-0.011,6.38,30.0,1271,-1,9.94,False,-1,True,True,0.0,0.3,-0.006,False,False,0.424,0.022,47.48,1271,17.7,,,,,0,False,False,0.0,False,7.77,6.13,20.0,
81.35,26430,320.643,-758.045,-0.01,6.254,30.0,1271,-1,10.25,False,-1,True,True,0.0,0.3,-0.005,False,False,0.345,0.019,47.426,1271,17.7,,,,,0,False,False,0.0,False,7.46,6.19,20.0,
81.4,26431,320.853,-757.817,-0.009,6.178,30.0,1271,-1,10.56,False,-1,True,True,0.0,0.3,-0.003,False,False,0.234,0.014,47.411,1271,17.7,,,,,0,False,False,0.0,False,7.15,6.13,20.0,
81.45,26432,321.057,-757.596,-0.008,5.951,30.0,1271,-1,10.86,False,-1,True,True,0.0,0.3,-0.005,False,False,0.106,0.014,47.355,1271,17.7,,,,,0,False,False,0.0,False,6.85,6.09,20.0,
81.5,26433,321.255,-757.381,-0.007,5.824,30.0,1271,-1,11.15,False,-1,True,True,0.0,0.3,-0.0,False,False,-0.002,0.008,47.356,1271,17.7,,,,,0,False,False,0.0,False,6.55,5.98,20.0,
81.55,26434,321.447,-757.173,-0.006,5.564,30.0,1271,-1,11.44,False,-1,True,True,0.0,0.3,-0.004,False,False,-0.099,0.009,47.309,1271,17.7,,,,,0,False,False,0.0,False,6.27,5.91,20.0,
81.6,26435,321.633,-756.972,-0.006,5.447,30.0,1271,-1,11.71,False,-1,True,True,0.0,0.066,0.001,False,False,-0.164,0.004,47.319,1271,17.7,,,,,0,False,False,0.0,False,6.0,5.78,20.0,
81.65,26436,321.813,-756.777,-0.005,5.227,30.0,1271,-1,11.97,False,-1,True,True,0.352,0.0,-0.004,False,False,-0.206,0.004,47.272,1271,17.7,,,,,0,False,False,0.0,False,5.73,5.72,20.0,
81.7,26437,321.989,-756.587,-0.005,5.157,30.0,1271,-1,12.23,False,-1,True,True,0.75,0.0,0.002,False,False,-0.218,-0.001,47.282,1271,17.7,,,,,0,False,False,0.0,False,5.47,5.61,20.0,
81.75,26438,322.163,-756.402,-0.005,5.059,30.0,1271,-1,12.49,False,-1,True,True,0.75,0.0,-0.05,False,False,-0.201,0.074,47.129,1271,21.64,,,,,0,False,False,0.0,False,9.15,5.58,20.0,
81.8,26439,322.338,-756.216,-0.006,5.126,30.0,1271,-1,12.74,False,-1,True,True,0.75,0.0,-0.001,False,False,-0.144,0.067,47.039,1271,21.64,,,,,0,False,False,0.0,False,8.89,5.53,20.0,
81.85,26440,322.508,-756.034,-0.006,4.809,30.0,1271,-1,12.99,False,-1,True,True,0.75,0.0,-0.003,False,False,-0.142,0.037,46.958,1271,21.64,,,,,0,False,False,0.0,False,8.65,5.56,20.0,
81.9,26441,322.664,-755.868,-0.005,4.443,30.0,1271,-1,13.22,False,-1,True,True,0.75,0.0,-0.001,False,False,-0.233,0.017,46.907,1271,21.64,,,,,0,False,False,0.0,False,8.42,5.4,20.0,
81.95,26442,322.81,-755.711,-0.005,4.219,30.0,1271,-1,13.43,False,-1,True,True,0.75,0.0,-0.001,False,False,-0.306,0.005,46.888,1271,21.64,,,,,0,False,False,0.0,False,8.2,5.22,20.0,
82.0,26443,322.952,-755.56,-0.005,4.108,30.0,1271,-1,13.64,False,-1,True,True,0.75,0.0,-0.003,False,False,-0.32,0.003,46.873,1271,21.64,,,,,0,False,False,0.0,False,8.0,5.11,20.0,
82.05,26444,323.092,-755.411,-0.005,4.079,30.0,1271,-1,13.85,False,-1,True,True,0.75,0.0,-0.003,False,False,-0.28,0.003,46.858,1271,21.64,,,,,0,False,False,0.0,False,7.79,5.05,20.0,
82.1,26445,323.233,-755.262,-0.006,4.102,30.0,1271,-1,14.05,False,-1,True,True,0.75,0.0,-0.002,False,False,-0.206,0.002,46.845,1271,21.64,,,,,0,False,False,0.0,False,7.59,5.04,20.0,
82.15,26446,323.375,-755.111,-0.006,4.158,30.0,1271,-1,14.26,False,-1,True,True,0.75,0.0,-0.002,False,False,-0.119,0.002,46.833,1271,21.64,,,,,0,False,False,0.0,False,7.38,5.05,20.0,
82.2,26447,323.519,-754.957,-0.007,4.233,30.0,1271,-1,14.47,False,-1,True,True,0.75,0.0,-0.002,False,False,-0.033,0.001,46.823,1271,21.64,,,,,0,False,False,0.0,False,7.17,5.08,20.0,
82.25,26448,323.666,-754.801,-0.008,4.321,30.0,1271,-1,14.68,False,-1,True,True,0.75,0.0,-0.001,False,False,0.043,0.001,46.814,1271,21.64,,,,,0,False,False,0.0,False,6.95,5.12,20.0,
82.3,26449,323.817,-754.641,-0.008,4.416,30.0,1271,-1,14.9,False,-1,True,True,0.75,0.0,-0.001,False,False,0.105,0.0,46.807,1271,21.64,,,,,0,False,False,0.0,False,6.73,5.16,20.0,
82.35,26450,323.97,-754.477,-0.009,4.516,30.0,1271,-1,15.13,False,-1,True,True,0.75,0.0,-0.001,False,False,0.154,0.0,46.8,1271,21.64,,,,,0,False,False,0.0,False,6.51,5.21,20.0,
82.4,26451,324.127,-754.31,-0.009,4.619,30.0,1271,-1,15.36,False,-1,True,True,0.75,0.0,-0.001,False,False,0.19,-0.0,46.795,1271,21.64,,,,,0,False,False,0.0,False,6.28,5.26,20.0,
82.45,26452,324.288,-754.14,-0.009,4.722,30.0,1271,-1,15.59,False,-1,True,True,0.75,0.0,-0.001,False,False,0.216,-0.0,46.79,1271,21.64,,,,,0,False,False,0.0,False,6.05,5.31,20.0,
82.5,26453,324.452,-753.965,-0.009,4.827,30.0,1271,-1,15.83,False,-1,True,True,0.75,0.0,-0.001,False,False,0.233,-0.0,46.785,1271,21.64,,,,,0,False,False,0.0,False,5.81,5.36,20.0,
82.55,26454,324.619,-753.787,-0.009,4.931,30.0,1271,-1,16.08,False,-1,True,True,0.75,0.0,-0.0,False,False,0.245,-0.0,46.782,1271,21.64,,,,,0,False,False,0.0,False,5.56,5.41,20.0,
82.6,26455,324.79,-753.605,-0.009,5.035,30.0,1271,-1,16.32,False,-1,True,True,0.75,0.0,-0.0,False,False,0.253,-0.0,46.778,1271,21.64,,,,,0,False,False,0.0,False,5.31,5.47,20.0,
82.65,26456,324.966,-753.421,-0.009,5.134,30.0,1271,-1,16.58,False,-1,True,True,0.75,0.0,-0.028,False,False,0.257,0.054,46.681,1271,25.57,,,,,0,False,False,0.0,False,8.99,5.52,20.0,
82.7,26457,325.144,-753.233,-0.009,5.179,30.0,1271,-1,16.84,False,-1,True,True,0.75,0.0,0.001,False,False,0.249,0.04,46.639,1271,25.57,,,,,0,False,False,0.0,False,8.73,5.57,20.0,
82.75,26458,325.321,-753.046,-0.009,5.152,30.0,1271,-1,17.1,False,-1,True,True,0.75,0.0,-0.002,False,False,0.208,0.02,46.567,1271,25.57,,,,,0,False,False,0.0,False,8.48,5.59,20.0,
82.8,26459,325.498,-752.86,-0.008,5.144,30.0,1271,-1,17.35,False,-1,True,True,0.75,0.0,0.002,False,False,0.163,0.002,46.6,1271,25.57,,,,,0,False,False,0.0,False,8.22,5.58,20.0,
82.85,26460,325.675,-752.673,-0.008,5.151,30.0,1271,-1,17.61,False,-1,True,True,0.75,0.0,-0.006,False,False,0.131,0.005,46.541,1271,25.57,,,,,0,False,False,0.0,False,7.96,5.57,20.0,
82.9,26461,325.853,-752.486,-0.008,5.173,30.0,1271,-1,17.87,False,-1,True,True,0.75,0.0,0.002,False,False,0.115,-0.001,46.574,1271,25.57,,,,,0,False,False,0.0,False,7.7,5.58,20.0,
82.95,26462,326.031,-752.297,-0.008,5.189,30.0,1271,-1,18.13,False,-1,True,True,0.75,0.0,-0.005,False,False,0.108,0.004,46.516,1271,25.57,,,,,0,False,False,0.0,False,7.44,5.59,20.0,
83.0,26463,326.21,-752.109,-0.008,5.187,30.0,1271,-1,18.39,False,-1,True,True,0.75,0.0,0.003,False,False,0.098,-0.002,46.552,1271,25.57,,,,,0,False,False,0.0,False,7.19,5.59,20.0,
83.05,26464,326.388,-751.921,-0.008,5.226,30.0,1271,-1,18.65,False,-1,True,True,0.75,0.0,-0.004,False,False,0.092,0.003,46.504,1271,25.57,,,,,0,False,False,0.0,False,6.93,5.59,20.0,
83.1,26465,326.579,-751.719,-0.009,5.726,30.0,1271,-1,18.92,False,-1,True,True,0.75,0.0,0.003,False,False,0.214,-0.003,46.488,1271,25.57,,,,,0,False,False,0.0,False,6.65,5.61,20.0,
83.15,26466,326.785,-751.502,-0.01,6.095,30.0,1271,-1,19.22,False,-1,True,True,0.0,0.3,0.001,False,False,0.369,-0.004,46.465,1271,25.57,,,,,0,False,False,0.0,False,6.35,5.86,20.0,
83.2,26467,327.0,-751.275,-0.011,6.289,30.0,1271,-1,19.54,False,-1,True,True,0.0,0.3,0.002,False,False,0.451,-0.005,46.486,1271,25.57,,,,,0,False,False,0.0,False,6.04,6.05,20.0,
83.25,26468,327.218,-751.047,-0.011,6.315,30.0,1271,-1,19.85,False,-1,True,True,0.0,0.3,-0.016,False,False,0.435,0.03,46.411,1271,29.51,,,,,0,False,False,0.0,False,9.65,6.14,20.0,
83.3,26469,327.434,-750.821,-0.01,6.221,30.0,1271,-1,20.16,False,-1,True,True,0.0,0.3,0.003,False,False,0.342,0.025,46.408,1271,29.51,,,,,0,False,False,0.0,False,9.34,6.16,20.0,
83.35,26470,327.645,-750.6,-0.009,6.087,30.0,1271,-1,20.47,False,-1,True,True,0.0,0.3,-0.002,False,False,0.219,0.016,46.353,1271,29.51,,,,,0,False,False,0.0,False,9.04,6.11,20.0,
83.4,26471,327.851,-750.384,-0.008,5.926,30.0,1271,-1,20.77,False,-1,True,True,0.0,0.3,0.003,False,False,0.097,0.004,46.388,1271,29.51,,,,,0,False,False,0.0,False,8.74,6.04,20.0,
83.45,26472,328.051,-750.174,-0.007,5.744,30.0,1271,-1,21.06,False,-1,True,True,0.0,0.3,-0.004,False,False,-0.011,0.006,46.343,1271,29.51,,,,,0,False,False,0.0,False,8.45,5.96,20.0,
83.5,26473,328.244,-749.971,-0.006,5.549,30.0,1271,-1,21.34,False,-1,True,True,0.0,0.3,0.003,False,False,-0.1,0.001,46.381,1271,29.51,,,,,0,False,False,0.0,False,8.17,5.87,20.0,
83.55,26474,328.432,-749.774,-0.006,5.377,30.0,1271,-1,21.61,False,-1,True,True,0.0,0.01,-0.004,False,False,-0.164,0.005,46.335,1271,29.51,,,,,0,False,False,0.0,False,7.9,5.77,20.0,
83.6,26475,328.614,-749.583,-0.005,5.225,30.0,1271,-1,21.87,False,-1,True,True,0.609,0.0,0.003,False,False,-0.2,-0.0,46.374,1271,29.51,,,,,0,False,False,0.0,False,7.63,5.69,20.0,
83.65,26476,328.791,-749.397,-0.005,5.091,30.0,1271,-1,22.13,False,-1,True,True,0.75,0.0,-0.004,False,False,-0.214,0.003,46.327,1271,29.51,,,,,0,False,False,0.0,False,7.38,5.61,20.0,
83.7,26477,328.967,-749.213,-0.005,5.088,30.0,1271,-1,22.39,False,-1,True,True,0.75,0.0,0.004,False,False,-0.184,-0.002,46.384,1271,29.51,,,,,0,False,False,0.0,False,7.12,5.55,20.0,
83.75,26478,329.143,-749.029,-0.006,5.085,30.0,1271,-1,22.64,False,-1,True,True,0.75,0.0,-0.005,False,False,-0.131,0.005,46.339,1271,29.51,,,,,0,False,False,0.0,False,6.87,5.54,20.0,
83.8,26479,329.312,-748.852,-0.006,4.712,30.0,1271,-1,22.89,False,-1,True,True,0.75,0.0,0.003,False,False,-0.155,0.001,46.336,1271,29.51,,,,,0,False,False,0.0,False,6.62,5.54,20.0,
83.85,26480,329.466,-748.69,-0.005,4.37,30.0,1271,-1,23.11,False,-1,True,True,0.75,0.0,0.0,False,False,-0.253,-0.001,46.32,1271,29.51,,,,,0,False,False,0.0,False,6.4,5.36,20.0,
83.9,26481,329.612,-748.537,-0.005,4.165,30.0,1271,-1,23.32,False,-1,True,True,0.75,0.0,0.002,False,False,-0.318,-0.002,46.321,1271,29.51,,,,,0,False,False,0.0,False,6.19,5.18,20.0,
83.95,26482,329.753,-748.388,-0.005,4.07,30.0,1271,-1,23.53,False,-1,True,True,0.75,0.0,0.0,False,False,-0.323,-0.001,46.324,1271,29.51,,,,,0,False,False,0.0,False,5.98,5.08,20.0,
84.0,26483,329.894,-748.241,-0.005,4.051,30.0,1271,-1,23.73,False,-1,True,True,0.75,0.0,0.0,False,False,-0.275,-0.0,46.326,1271,29.51,,,,,0,False,False,0.0,False,5.78,5.03,20.0,
84.05,26484,330.034,-748.094,-0.006,4.081,30.0,1271,-1,23.93,False,-1,True,True,0.75,0.0,0.0,False,False,-0.196,0.0,46.327,1271,29.51,,,,,0,False,False,0.0,False,5.57,5.03,20.0,
84.1,26485,330.177,-747.945,-0.006,4.141,30.0,1271,-1,24.14,False,-1,True,True,0.75,0.0,0.0,False,False,-0.106,0.001,46.329,1271,29.51,,,,,0,False,False,0.0,False,5.37,5.04,20.0,
84.15,26486,330.322,-747.792,-0.007,4.22,30.0,1271,-1,24.35,False,-1,True,True,0.75,0.0,0.0,False,False,-0.021,0.001,46.33,1271,29.51,,,,,0,False,False,0.0,False,5.16,5.07,20.0,
84.2,26487,330.47,-747.638,-0.008,4.309,30.0,1271,-1,24.56,False,-1,True,True,0.75,0.0,0.0,False,False,0.054,0.0,46.331,1271,29.51,,,,,0,False,False,0.0,False,4.94,5.11,20.0,
84.25,26488,330.622,-747.479,-0.008,4.406,30.0,1271,-1,24.78,False,-1,True,True,0.75,0.0,-0.009,False,False,0.114,0.016,46.304,1271,33.44,,,,,0,False,False,0.0,False,8.66,5.15,20.0,
84.3,26489,330.776,-747.318,-0.009,4.506,30.0,1271,-1,25.01,False,-1,True,True,0.75,0.0,0.0,False,False,0.161,0.013,46.286,1271,33.44,,,,,0,False,False,0.0,False,8.43,5.2,20.0,
84.35,26490,330.935,-747.153,-0.009,4.609,30.0,1271,-1,25.23,False,-1,True,True,0.75,0.0,0.0,False,False,0.195,0.006,46.281,1271,33.44,,,,,0,False,False,0.0,False,8.21,5.25,20.0,
84.4,26491,331.096,-746.984,-0.009,4.713,30.0,1271,-1,25.47,False,-1,True,True,0.75,0.0,-0.001,False,False,0.219,0.003,46.278,1271,33.44,,,,,0,False,False,0.0,False,7.97,5.3,20.0,
84.45,26492,331.261,-746.811,-0.009,4.818,30.0,1271,-1,25.71,False,-1,True,True,0.75,0.0,-0.001,False,False,0.236,0.001,46.274,1271,33.44,,,,,0,False,False,0.0,False,7.73,5.36,20.0,
84.5,26493,331.43,-746.635,-0.009,4.922,30.0,1271,-1,25.95,False,-1,True,True,0.75,0.0,-0.001,False,False,0.247,0.001,46.27,1271,33.44,,,,,0,False,False,0.0,False,7.49,5.41,20.0,
84.55,26494,331.603,-746.455,-0.009,5.027,30.0,1271,-1,26.2,False,-1,True,True,0.75,0.0,-0.0,False,False,0.254,0.0,46.266,1271,33.44,,,,,0,False,False,0.0,False,7.24,5.46,20.0,
84.6,26495,331.779,-746.271,-0.009,5.128,30.0,1271,-1,26.46,False,-1,True,True,0.75,0.0,-0.0,False,False,0.258,0.0,46.264,1271,33.44,,,,,0,False,False,0.0,False,6.98,5.51,20.0,
84.65,26496,331.958,-746.083,-0.009,5.266,30.0,1271,-1,26.71,False,-1,True,True,0.75,0.0,-0.0,False,False,0.262,-0.0,46.261,1271,33.44,,,,,0,False,False,0.0,False,6.73,5.56,20.0,
84.7,26497,332.141,-745.893,-0.009,5.294,30.0,1271,-1,26.98,False,-1,True,True,0.75,0.0,-0.0,False,False,0.257,-0.0,46.258,1271,33.44,,,,,0,False,False,0.0,False,6.46,5.63,20.0,
84.75,26498,332.327,-745.698,-0.009,5.416,30.0,1271,-1,27.25,False,-1,True,True,0.75,0.0,-0.0,False,False,0.253,-0.0,46.271,1271,33.44,,,,,0,False,False,0.0,False,6.19,5.65,20.0,
84.8,26499,332.512,-745.505,-0.009,5.321,30.0,1271,-1,27.52,False,-1,True,True,0.556,0.0,-0.002,False,False,0.208,0.002,46.236,1271,33.44,,,,,0,False,False,0.0,False,5.92,5.71,20.0,
84.85,26500,332.696,-745.312,-0.008,5.369,30.0,1271,-1,27.78,False,-1,True,True,0.75,0.0,0.003,False,False,0.165,-0.003,46.259,1271,33.44,,,,,0,False,False,0.0,False,5.66,5.66,20.0,
84.9,26501,332.88,-745.12,-0.008,5.294,30.0,1271,-1,28.05,False,-1,True,True,0.709,0.0,-0.007,False,False,0.124,0.008,46.211,1271,37.37,,,,,0,False,False,0.0,False,9.33,5.68,20.0,
84.95,26502,333.065,-744.927,-0.008,5.371,30.0,1271,-1,28.32,False,-1,True,True,0.75,0.0,0.003,False,False,0.105,0.004,46.222,1271,37.37,,,,,0,False,False,0.0,False,9.06,5.65,20.0,
85.0,26503,333.249,-744.734,-0.008,5.322,30.0,1271,-1,28.58,False,-1,True,True,0.692,0.0,-0.002,False,False,0.093,0.004,46.184,1271,37.37,,,,,0,False,False,0.0,False,8.79,5.69,20.0,
85.05,26504,333.435,-744.541,-0.008,5.399,30.0,1271,-1,28.85,False,-1,True,True,0.75,0.0,0.003,False,False,0.094,-0.001,46.205,1271,37.37,,,,,0,False,False,0.0,False,8.52,5.66,20.0,
85.1,26505,333.62,-744.347,-0.008,5.326,30.0,1271,-1,29.12,False,-1,True,True,0.585,0.0,-0.002,False,False,0.083,0.002,46.174,1271,37.37,,,,,0,False,False,0.0,False,8.26,5.7,20.0,
85.15,26506,333.807,-744.152,-0.008,5.547,30.0,1271,-1,29.39,False,-1,True,True,0.75,0.0,0.003,False,False,0.099,-0.001,46.177,1271,37.37,,,,,0,False,False,0.0,False,7.99,5.66,20.0,
85.2,26507,334.008,-743.942,-0.009,5.925,30.0,1271,-1,29.68,False,-1,True,True,0.048,0.0,0.0,False,False,0.234,-0.001,46.157,1271,37.37,,,,,0,False,False,0.0,False,7.69,5.77,20.0,
85.25,26508,334.222,-743.719,-0.01,6.269,30.0,1271,-1,29.99,False,-1,True,True,0.0,0.3,0.002,False,False,0.369,-0.002,46.156,1271,37.37,,,,,0,False,False,0.0,False,7.39,5.96,20.0,
85.3,26509,334.44,-743.492,-0.011,6.279,30.0,1271,-1,30.3,False,-1,True,True,0.0,0.3,0.001,False,False,0.4,-0.001,46.163,1271,37.37,,,,,0,False,False,0.0,False,7.07,6.13,20.0,
85.35,26510,334.657,-743.265,-0.01,6.305,30.0,1271,-1,30.62,False,-1,True,True,0.0,0.3,0.0,False,False,0.353,0.002,46.168,1271,37.37,,,,,0,False,False,0.0,False,6.76,6.14,20.0,
85.4,26511,334.871,-743.042,-0.009,6.126,30.0,1271,-1,30.93,False,-1,True,True,0.0,0.3,0.0,False,False,0.249,0.004,46.16,1271,37.37,,,,,0,False,False,0.0,False,6.45,6.15,20.0,
85.45,26512,335.081,-742.824,-0.008,6.023,30.0,1271,-1,31.23,False,-1,True,True,0.0,0.3,0.001,False,False,0.133,0.002,46.188,1271,37.37,,,,,0,False,False,0.0,False,6.15,6.06,20.0,
85.5,26513,335.283,-742.612,-0.007,5.778,30.0,1271,-1,31.52,False,-1,True,True,0.0,0.3,-0.002,False,False,0.016,0.006,46.163,1271,37.37,,,,,0,False,False,0.0,False,5.85,6.01,20.0,
85.55,26514,335.481,-742.408,-0.006,5.642,30.0,1271,-1,31.81,False,-1,True,True,0.0,0.3,-0.02,False,False,-0.077,0.038,46.132,1271,41.31,,,,,0,False,False,0.0,False,9.54,5.89,20.0,
85.6,26515,335.671,-742.212,-0.006,5.374,30.0,1271,-1,32.08,False,-1,True,True,0.0,0.3,-0.003,False,False,-0.158,0.038,46.05,1271,41.31,,,,,0,False,False,0.0,False,9.26,5.82,20.0,
85.65,26516,335.855,-742.022,-0.005,5.264,30.0,1271,-1,32.34,False,-1,True,True,0.62,0.0,0.003,False,False,-0.208,0.016,46.053,1271,41.31,,,,,0,False,False,0.0,False,9.0,5.69,20.0,
85.7,26517,336.033,-741.837,-0.005,5.062,30.0,1271,-1,32.6,False,-1,True,True,0.75,0.0,-0.003,False,False,-0.231,0.008,46.006,1271,41.31,,,,,0,False,False,0.0,False,8.74,5.63,20.0,
85.75,26518,336.208,-741.655,-0.005,5.036,30.0,1271,-1,32.85,False,-1,True,True,0.75,0.0,0.002,False,False,-0.221,0.001,45.993,1271,41.31,,,,,0,False,False,0.0,False,8.49,5.53,20.0,
85.8,26519,336.383,-741.474,-0.006,4.919,30.0,1271,-1,33.1,False,-1,True,True,0.75,0.0,-0.0,False,False,-0.175,-0.001,45.992,1271,41.31,,,,,0,False,False,0.0,False,8.24,5.52,20.0,
85.85,26520,336.557,-741.294,-0.006,4.963,30.0,1271,-1,33.36,False,-1,True,True,0.75,0.0,-0.001,False,False,-0.121,0.001,45.986,1271,41.31,,,,,0,False,False,0.0,False,7.99,5.46,20.0,
85.9,26521,336.72,-741.125,-0.006,4.555,30.0,1271,-1,33.59,False,-1,True,True,0.75,0.0,-0.0,False,False,-0.178,0.002,45.984,1271,41.31,,,,,0,False,False,0.0,False,7.75,5.48,20.0,
85.95,26522,336.872,-740.968,-0.005,4.293,30.0,1271,-1,33.81,False,-1,True,True,0.75,0.0,-0.001,False,False,-0.258,0.002,45.981,1271,41.31,,,,,0,False,False,0.0,False,7.53,5.28,20.0,
86.0,26523,337.018,-740.817,-0.005,4.153,30.0,1271,-1,34.02,False,-1,True,True,0.75,0.0,-0.0,False,False,-0.293,0.002,45.978,1271,41.31,,,,,0,False,False,0.0,False,7.32,5.15,20.0,
86.05,26524,337.161,-740.669,-0.005,4.103,30.0,1271,-1,34.22,False,-1,True,True,0.75,0.0,-0.0,False,False,-0.273,0.001,45.976,1271,41.31,,,,,0,False,False,0.0,False,7.12,5.08,20.0,
86.1,26525,337.304,-740.521,-0.005,4.114,30.0,1271,-1,34.43,False,-1,True,True,0.75,0.0,-0.0,False,False,-0.213,0.001,45.974,1271,41.31,,,,,0,False,False,0.0,False,6.91,5.05,20.0,
86.15,26526,337.449,-740.371,-0.006,4.162,30.0,1271,-1,34.64,False,-1,True,True,0.75,0.0,-0.0,False,False,-0.132,0.001,45.973,1271,41.31,,,,,0,False,False,0.0,False,6.71,5.06,20.0,
86.2,26527,337.595,-740.22,-0.007,4.232,30.0,1271,-1,34.85,False,-1,True,True,0.75,0.0,-0.0,False,False,-0.049,0.001,45.971,1271,41.31,,,,,0,False,False,0.0,False,6.49,5.08,20.0,
86.25,26528,337.745,-740.065,-0.008,4.317,30.0,1271,-1,35.06,False,-1,True,True,0.75,0.0,-0.0,False,False,0.028,0.0,45.97,1271,41.31,,,,,0,False,False,0.0,False,6.28,5.12,20.0,
86.3,26529,337.897,-739.908,-0.008,4.41,30.0,1271,-1,35.28,False,-1,True,True,0.75,0.0,-0.0,False,False,0.092,0.0,45.969,1271,41.31,,,,,0,False,False,0.0,False,6.06,5.16,20.0,
86.35,26530,338.053,-739.747,-0.008,4.508,30.0,1271,-1,35.51,False,-1,True,True,0.75,0.0,-0.0,False,False,0.143,0.0,45.968,1271,41.31,,,,,0,False,False,0.0,False,5.84,5.2,20.0,
86.4,26531,338.212,-739.582,-0.009,4.61,30.0,1271,-1,35.74,False,-1,True,True,0.75,0.0,-0.0,False,False,0.181,0.0,45.967,1271,41.31,,,,,0,False,False,0.0,False,5.61,5.25,20.0,
86.45,26532,338.374,-739.414,-0.009,4.713,30.0,1271,-1,35.97,False,-1,True,True,0.75,0.0,-0.0,False,False,0.209,0.0,45.967,1271,41.31,,,,,0,False,False,0.0,False,5.37,5.3,20.0,
86.5,26533,338.54,-739.242,-0.009,4.817,30.0,1271,-1,36.21,False,-1,True,True,0.75,0.0,-0.0,False,False,0.229,0.0,45.966,1271,41.31,,,,,0,False,False,0.0,False,5.14,5.36,20.0,
86.55,26534,338.712,-739.07,-0.009,4.915,30.0,1271,-1,36.45,False,-1,True,True,0.75,0.0,-0.067,False,False,0.24,0.09,45.808,1271,45.24,,,,,0,False,False,0.0,False,8.85,5.41,20.0,
86.6,26535,338.888,-738.893,-0.009,5.019,30.0,1271,-1,36.7,False,-1,True,True,0.75,0.0,-0.005,False,False,0.248,0.095,45.649,1271,45.24,,,,,0,False,False,0.0,False,8.6,5.46,20.0,
86.65,26536,339.066,-738.712,-0.009,5.124,30.0,1271,-1,36.95,False,-1,True,True,0.75,0.0,0.0,False,False,0.254,0.044,45.598,1271,45.24,,,,,0,False,False,0.0,False,8.35,5.51,20.0,
86.7,26537,339.248,-738.527,-0.009,5.209,30.0,1271,-1,37.21,False,-1,True,True,0.75,0.0,-0.006,False,False,0.255,0.023,45.543,1271,45.24,,,,,0,False,False,0.0,False,8.09,5.56,20.0,
86.75,26538,339.43,-738.343,-0.009,5.185,30.0,1271,-1,37.47,False,-1,True,True,0.75,0.0,-0.004,False,False,0.224,0.013,45.547,1271,45.24,,,,,0,False,False,0.0,False,7.83,5.6,20.0,
86.8,26539,339.611,-738.159,-0.009,5.171,30.0,1271,-1,37.73,False,-1,True,True,0.75,0.0,-0.008,False,False,0.179,0.014,45.462,1271,45.24,,,,,0,False,False,0.0,False,7.57,5.59,20.0,
86.85,26540,339.793,-737.975,-0.008,5.174,30.0,1271,-1,37.99,False,-1,True,True,0.75,0.0,0.0,False,False,0.142,0.004,45.477,1271,45.24,,,,,0,False,False,0.0,False,7.31,5.59,20.0,
86.9,26541,339.975,-737.791,-0.008,5.191,30.0,1271,-1,38.25,False,-1,True,True,0.75,0.0,-0.007,False,False,0.12,0.006,45.406,1271,45.24,,,,,0,False,False,0.0,False,7.05,5.59,20.0,
86.95,26542,340.158,-737.606,-0.008,5.215,30.0,1271,-1,38.51,False,-1,True,True,0.75,0.0,0.001,False,False,0.112,-0.001,45.43,1271,45.24,,,,,0,False,False,0.0,False,6.79,5.6,20.0,
87.0,26543,340.341,-737.42,-0.008,5.21,30.0,1271,-1,38.77,False,-1,True,True,0.75,0.0,-0.006,False,False,0.101,0.004,45.364,1271,45.24,,,,,0,False,False,0.0,False,6.53,5.61,20.0,
87.05,26544,340.524,-737.236,-0.008,5.207,30.0,1271,-1,39.03,False,-1,True,True,0.75,0.0,0.002,False,False,0.09,-0.002,45.394,1271,45.24,,,,,0,False,False,0.0,False,6.27,5.6,20.0,
87.1,26545,340.716,-737.041,-0.009,5.657,30.0,1271,-1,39.3,False,-1,True,True,0.75,0.0,-0.005,False,False,0.182,0.005,45.313,1271,45.24,,,,,0,False,False,0.0,False,6.0,5.6,20.0,
87.15,26546,340.925,-736.83,-0.01,6.041,30.0,1271,-1,39.6,False,-1,True,True,0.0,0.3,0.005,False,False,0.338,-0.004,45.312,1271,45.24,,,,,0,False,False,0.0,False,5.7,5.83,20.0,
87.2,26547,341.145,-736.612,-0.011,6.238,30.0,1271,-1,39.91,False,-1,True,True,0.0,0.3,-0.068,False,False,0.428,0.122,45.09,1271,49.18,,,,,0,False,False,0.0,False,9.35,6.02,20.0,
87.25,26548,341.369,-736.393,-0.011,6.277,30.0,1271,-1,40.22,False,-1,True,True,0.0,0.3,0.001,False,False,0.423,0.114,44.914,1271,49.18,,,,,0,False,False,0.0,False,9.03,6.12,20.0,
87.3,26549,341.589,-736.173,-0.01,6.186,30.0,1271,-1,40.53,False,-1,True,True,0.0,0.3,0.004,False,False,0.338,0.055,44.805,1271,49.18,,,,,0,False,False,0.0,False,8.72,6.14,20.0,
87.35,26550,341.805,-735.959,-0.009,6.057,30.0,1271,-1,40.84,False,-1,True,True,0.0,0.3,0.002,False,False,0.22,0.019,44.816,1271,49.18,,,,,0,False,False,0.0,False,8.42,6.09,20.0,
87.4,26551,342.016,-735.75,-0.008,5.897,30.0,1271,-1,41.13,False,-1,True,True,0.0,0.3,-0.007,False,False,0.1,0.016,44.75,1271,49.18,,,,,0,False,False,0.0,False,8.12,6.03,20.0,
87.45,26552,342.221,-735.547,-0.007,5.717,30.0,1271,-1,41.42,False,-1,True,True,0.0,0.3,0.0,False,False,-0.007,0.009,44.766,1271,49.18,,,,,0,False,False,0.0,False,7.83,5.95,20.0,
87.5,26553,342.42,-735.35,-0.006,5.524,30.0,1271,-1,41.7,False,-1,True,True,0.0,0.3,-0.006,False,False,-0.095,0.011,44.704,1271,49.18,,,,,0,False,False,0.0,False,7.55,5.86,20.0,
87.55,26554,342.612,-735.161,-0.006,5.356,30.0,1271,-1,41.97,False,-1,True,True,0.083,0.0,0.002,False,False,-0.16,0.004,44.73,1271,49.18,,,,,0,False,False,0.0,False,7.28,5.76,20.0,
87.6,26555,342.799,-734.975,-0.005,5.214,30.0,1271,-1,42.24,False,-1,True,True,0.686,0.0,-0.005,False,False,-0.193,0.007,44.674,1271,49.18,,,,,0,False,False,0.0,False,7.02,5.68,20.0,
87.65,26556,342.982,-734.795,-0.005,5.091,30.0,1271,-1,42.49,False,-1,True,True,0.75,0.0,0.002,False,False,-0.204,0.001,44.708,1271,49.18,,,,,0,False,False,0.0,False,6.76,5.61,20.0,
87.7,26557,343.162,-734.617,-0.005,5.068,30.0,1271,-1,42.75,False,-1,True,True,0.75,0.0,-0.005,False,False,-0.181,0.005,44.661,1271,49.18,,,,,0,False,False,0.0,False,6.51,5.55,20.0,
87.75,26558,343.343,-734.439,-0.006,5.065,30.0,1271,-1,43.0,False,-1,True,True,0.75,0.0,0.002,False,False,-0.13,0.001,44.702,1271,49.18,,,,,0,False,False,0.0,False,6.26,5.53,20.0,
87.8,26559,343.519,-734.264,-0.006,4.795,30.0,1271,-1,43.25,False,-1,True,True,0.75,0.0,-0.005,False,False,-0.126,0.005,44.661,1271,49.18,,,,,0,False,False,0.0,False,6.01,5.53,20.0,
87.85,26560,343.681,-734.104,-0.005,4.45,30.0,1271,-1,43.48,False,-1,True,True,0.75,0.0,0.002,False,False,-0.215,0.001,44.642,1271,49.18,,,,,0,False,False,0.0,False,5.78,5.4,20.0,
87.9,26561,343.834,-733.953,-0.005,4.242,30.0,1271,-1,43.69,False,-1,True,True,0.75,0.0,0.001,False,False,-0.283,-0.002,44.641,1271,49.18,,,,,0,False,False,0.0,False,5.57,5.22,20.0,
87.95,26562,343.983,-733.806,-0.005,4.144,30.0,1271,-1,43.9,False,-1,True,True,0.75,0.0,-0.0,False,False,-0.295,-0.001,44.64,1271,49.18,,,,,0,False,False,0.0,False,5.36,5.12,20.0,
88.0,26563,344.13,-733.661,-0.005,4.122,30.0,1271,-1,44.06,False,-1,True,True,0.75,0.0,-0.0,False,False,-0.255,-0.0,44.638,1271,49.18,,,,,0,False,False,0.0,False,5.15,5.07,20.0,
88.05,26564,344.277,-733.515,-0.006,4.15,30.0,1271,-1,44.26,False,-1,True,True,0.75,0.0,-0.0,False,False,-0.184,0.0,44.636,1271,49.18,,,,,0,False,False,0.0,False,4.94,5.06,20.0,
88.1,26565,344.429,-733.371,-0.006,4.199,30.0,1271,-1,44.47,False,-1,True,True,0.75,0.0,-0.093,False,False,-0.102,0.102,44.462,1271,53.11,,,,,0,False,False,0.0,False,8.71,5.08,20.0,
88.15,26566,344.584,-733.224,-0.007,4.277,30.0,1271,-1,44.69,False,-1,True,True,0.75,0.0,-0.012,False,False,-0.021,0.119,44.258,1271,53.11,,,,,0,False,False,0.0,False,8.49,5.1,20.0,
88.2,26567,344.74,-733.074,-0.008,4.367,30.0,1271,-1,44.9,False,-1,True,True,0.75,0.0,-0.003,False,False,0.052,0.064,44.183,1271,53.11,,,,,0,False,False,0.0,False,8.28,5.14,20.0,
88.25,26568,344.9,-732.92,-0.008,4.463,30.0,1271,-1,45.13,False,-1,True,True,0.75,0.0,-0.01,False,False,0.112,0.035,44.129,1271,53.11,,,,,0,False,False,0.0,False,8.06,5.18,20.0,
88.3,26569,345.064,-732.763,-0.009,4.564,30.0,1271,-1,45.35,False,-1,True,True,0.75,0.0,-0.01,False,False,0.158,0.023,44.072,1271,53.11,,,,,0,False,False,0.0,False,7.83,5.23,20.0,
88.35,26570,345.231,-732.603,-0.009,4.666,30.0,1271,-1,45.58,False,-1,True,True,0.75,0.0,-0.008,False,False,0.193,0.015,44.019,1271,53.11,,,,,0,False,False,0.0,False,7.6,5.28,20.0,
88.4,26571,345.402,-732.439,-0.009,4.77,30.0,1271,-1,45.82,False,-1,True,True,0.75,0.0,-0.006,False,False,0.218,0.008,43.975,1271,53.11,,,,,0,False,False,0.0,False,7.36,5.33,20.0,
88.45,26572,345.576,-732.272,-0.009,4.874,30.0,1271,-1,46.06,False,-1,True,True,0.75,0.0,-0.005,False,False,0.235,0.005,43.937,1271,53.11,,,,,0,False,False,0.0,False,7.12,5.39,20.0,
88.5,26573,345.754,-732.101,-0.009,4.979,30.0,1271,-1,46.31,False,-1,True,True,0.75,0.0,-0.005,False,False,0.246,0.002,43.904,1271,53.11,,,,,0,False,False,0.0,False,6.87,5.44,20.0,
88.55,26574,345.937,-731.927,-0.009,5.083,30.0,1271,-1,46.56,False,-1,True,True,0.75,0.0,-0.004,False,False,0.254,0.001,43.875,1271,53.11,,,,,0,False,False,0.0,False,6.62,5.49,20.0,
88.6,26575,346.122,-731.749,-0.009,5.169,30.0,1271,-1,46.82,False,-1,True,True,0.75,0.0,-0.003,False,False,0.257,0.0,43.851,1271,53.11,,,,,0,False,False,0.0,False,6.36,5.54,20.0,
88.65,26576,346.312,-731.567,-0.009,5.321,30.0,1271,-1,47.08,False,-1,True,True,0.75,0.0,-0.003,False,False,0.26,-0.0,43.83,1271,53.11,,,,,0,False,False,0.0,False,6.1,5.58,20.0,
88.7,26577,346.504,-731.383,-0.009,5.341,30.0,1271,-1,47.35,False,-1,True,True,0.75,0.0,-0.002,False,False,0.255,-0.0,43.82,1271,53.11,,,,,0,False,False,0.0,False,5.83,5.66,20.0,
88.75,26578,346.699,-731.197,-0.009,5.402,30.0,1271,-1,47.62,False,-1,True,True,0.75,0.0,-0.003,False,False,0.233,0.001,43.785,1271,53.11,,,,,0,False,False,0.0,False,5.56,5.67,20.0,
88.8,26579,346.894,-731.015,-0.009,5.312,30.0,1271,-1,47.88,False,-1,True,True,0.602,0.0,-0.078,False,False,0.183,0.095,43.655,1271,57.04,,,,,0,False,False,0.0,False,9.23,5.7,20.0,
88.85,26580,347.09,-730.833,-0.008,5.374,30.0,1271,-1,48.15,False,-1,True,True,0.75,0.0,-0.014,False,False,0.146,0.113,43.431,1271,57.04,,,,,0,False,False,0.0,False,8.96,5.66,20.0,
88.9,26581,347.284,-730.651,-0.008,5.311,30.0,1271,-1,48.42,False,-1,True,True,0.688,0.0,0.0,False,False,0.115,0.062,43.359,1271,57.04,,,,,0,False,False,0.0,False,8.7,5.69,20.0,
88.95,26582,347.48,-730.468,-0.008,5.397,30.0,1271,-1,48.69,False,-1,True,True,0.75,0.0,-0.009,False,False,0.105,0.035,43.271,1271,57.04,,,,,0,False,False,0.0,False,8.43,5.66,20.0,
89.0,26583,347.675,-730.285,-0.008,5.329,30.0,1271,-1,48.95,False,-1,True,True,0.595,0.0,-0.005,False,False,0.092,0.02,43.251,1271,57.04,,,,,0,False,False,0.0,False,8.16,5.7,20.0,
89.05,26584,347.872,-730.102,-0.008,5.395,30.0,1271,-1,49.22,False,-1,True,True,0.75,0.0,-0.009,False,False,0.087,0.017,43.176,1271,57.04,,,,,0,False,False,0.0,False,7.89,5.66,20.0,
89.1,26585,348.071,-729.916,-0.008,5.574,30.0,1271,-1,49.49,False,-1,True,True,0.596,0.0,-0.003,False,False,0.116,0.009,43.171,1271,57.04,,,,,0,False,False,0.0,False,7.62,5.7,20.0,
89.15,26586,348.287,-729.715,-0.009,6.045,30.0,1271,-1,49.79,False,-1,True,True,0.0,0.049,-0.007,False,False,0.263,0.011,43.15,1271,57.04,,,,,0,False,False,0.0,False,7.33,5.79,20.0,
89.2,26587,348.512,-729.505,-0.01,6.185,30.0,1271,-1,50.1,False,-1,True,True,0.0,0.3,-0.005,False,False,0.366,0.012,43.113,1271,57.04,,,,,0,False,False,0.0,False,7.02,6.02,20.0,
89.25,26588,348.741,-729.292,-0.01,6.29,30.0,1271,-1,50.41,False,-1,True,True,0.0,0.3,-0.003,False,False,0.381,0.007,43.081,1271,57.04,,,,,0,False,False,0.0,False,6.7,6.09,20.0,
89.3,26589,348.968,-729.08,-0.01,6.156,30.0,1271,-1,50.72,False,-1,True,True,0.0,0.3,-0.002,False,False,0.311,0.002,43.053,1271,57.04,,,,,0,False,False,0.0,False,6.39,6.15,20.0,
89.35,26590,349.191,-728.872,-0.009,6.082,30.0,1271,-1,51.02,False,-1,True,True,0.0,0.3,-0.002,False,False,0.208,-0.001,43.051,1271,57.04,,,,,0,False,False,0.0,False,6.09,6.08,20.0,
89.4,26591,349.408,-728.67,-0.008,5.851,30.0,1271,-1,51.32,False,-1,True,True,0.0,0.3,-0.003,False,False,0.088,0.002,43.008,1271,57.04,,,,,0,False,False,0.0,False,5.79,6.04,20.0,
89.45,26592,349.62,-728.476,-0.007,5.722,30.0,1271,-1,51.61,False,-1,True,True,0.0,0.3,-0.043,False,False,-0.016,0.064,42.916,1271,60.98,,,,,0,False,False,0.0,False,9.44,5.93,20.0,
89.5,26593,349.824,-728.288,-0.006,5.461,30.0,1271,-1,51.89,False,-1,True,True,0.0,0.3,-0.007,False,False,-0.109,0.066,42.767,1271,60.98,,,,,0,False,False,0.0,False,9.16,5.86,20.0,
89.55,26594,350.022,-728.106,-0.006,5.354,30.0,1271,-1,52.1,False,-1,True,True,0.312,0.0,0.002,False,False,-0.17,0.031,42.733,1271,60.98,,,,,0,False,False,0.0,False,8.89,5.73,20.0,
89.6,26595,350.214,-727.929,-0.005,5.156,30.0,1271,-1,52.36,False,-1,True,True,0.696,0.0,-0.005,False,False,-0.203,0.015,42.663,1271,60.98,,,,,0,False,False,0.0,False,8.63,5.68,20.0,
89.65,26596,350.403,-727.755,-0.005,5.123,30.0,1271,-1,52.62,False,-1,True,True,0.75,0.0,-0.0,False,False,-0.201,0.005,42.658,1271,60.98,,,,,0,False,False,0.0,False,8.37,5.58,20.0,
89.7,26597,350.589,-727.584,-0.005,5.009,30.0,1271,-1,52.87,False,-1,True,True,0.75,0.0,-0.005,False,False,-0.182,0.005,42.602,1271,60.98,,,,,0,False,False,0.0,False,8.12,5.56,20.0,
89.75,26598,350.775,-727.413,-0.006,5.077,30.0,1271,-1,53.12,False,-1,True,True,0.75,0.0,0.001,False,False,-0.129,0.001,42.615,1271,60.98,,,,,0,False,False,0.0,False,7.87,5.5,20.0,
89.8,26599,350.96,-727.243,-0.006,4.922,30.0,1271,-1,53.37,False,-1,True,True,0.75,0.0,-0.004,False,False,-0.091,0.004,42.59,1271,60.98,,,,,0,False,False,0.0,False,7.62,5.54,20.0,
89.85,26600,351.135,-727.083,-0.006,4.612,30.0,1271,-1,53.61,False,-1,True,True,0.75,0.0,-0.001,False,False,-0.147,0.004,42.559,1271,60.98,,,,,0,False,False,0.0,False,7.38,5.46,20.0,
89.9,26601,351.299,-726.933,-0.005,4.397,30.0,1271,-1,53.83,False,-1,True,True,0.75,0.0,0.0,False,False,-0.216,0.001,42.55,1271,60.98,,,,,0,False,False,0.0,False,7.16,5.31,20.0,
89.95,26602,351.458,-726.787,-0.005,4.291,30.0,1271,-1,54.05,False,-1,True,True,0.75,0.0,-0.001,False,False,-0.241,0.0,42.545,1271,60.98,,,,,0,False,False,0.0,False,6.94,5.2,20.0,
90.0,26603,351.616,-726.642,-0.005,4.263,30.0,1271,-1,54.26,False,-1,True,True,0.75,0.0,-0.001,False,False,-0.218,0.001,42.54,1271,60.98,,,,,0,False,False,0.0,False,6.73,5.15,20.0,
90.05,26604,351.773,-726.497,-0.006,4.286,30.0,1271,-1,54.48,False,-1,True,True,0.75,0.0,-0.001,False,False,-0.16,0.001,42.536,1271,60.98,,,,,0,False,False,0.0,False,6.51,5.13,20.0,
90.1,26605,351.933,-726.351,-0.007,4.34,30.0,1271,-1,54.69,False,-1,True,True,0.75,0.0,-0.001,False,False,-0.087,0.001,42.532,1271,60.98,,,,,0,False,False,0.0,False,6.3,5.14,20.0,
90.15,26606,352.095,-726.203,-0.007,4.414,30.0,1271,-1,54.91,False,-1,True,True,0.75,0.0,-0.001,False,False,-0.012,0.001,42.528,1271,60.98,,,,,0,False,False,0.0,False,6.08,5.17,20.0,
90.2,26607,352.26,-726.051,-0.008,4.499,30.0,1271,-1,55.14,False,-1,True,True,0.75,0.0,-0.0,False,False,0.055,0.001,42.525,1271,60.98,,,,,0,False,False,0.0,False,5.85,5.21,20.0,
90.25,26608,352.428,-725.897,-0.008,4.593,30.0,1271,-1,55.36,False,-1,True,True,0.75,0.0,-0.0,False,False,0.112,0.001,42.522,1271,60.98,,,,,0,False,False,0.0,False,5.63,5.25,20.0,
90.3,26609,352.6,-725.74,-0.009,4.691,30.0,1271,-1,55.6,False,-1,True,True,0.75,0.0,-0.0,False,False,0.156,0.0,42.52,1271,60.98,,,,,0,False,False,0.0,False,5.39,5.3,20.0,
90.35,26610,352.775,-725.579,-0.009,4.791,30.0,1271,-1,55.84,False,-1,True,True,0.75,0.0,-0.0,False,False,0.19,0.0,42.518,1271,60.98,,,,,0,False,False,0.0,False,5.15,5.35,20.0,
90.4,26611,352.955,-725.416,-0.009,4.892,30.0,1271,-1,56.08,False,-1,True,True,0.75,0.0,-0.027,False,False,0.214,0.045,42.434,1271,64.91,,,,,0,False,False,0.0,False,8.85,5.4,20.0,
90.45,26612,353.139,-725.25,-0.009,4.995,30.0,1271,-1,56.33,False,-1,True,True,0.75,0.0,-0.0,False,False,0.231,0.039,42.372,1271,64.91,,,,,0,False,False,0.0,False,8.6,5.45,20.0,
90.5,26613,353.326,-725.08,-0.009,5.098,30.0,1271,-1,56.58,False,-1,True,True,0.75,0.0,0.0,False,False,0.243,0.015,42.355,1271,64.91,,,,,0,False,False,0.0,False,8.35,5.5,20.0,
90.55,26614,353.517,-724.906,-0.009,5.232,30.0,1271,-1,56.84,False,-1,True,True,0.75,0.0,-0.002,False,False,0.253,0.007,42.343,1271,64.91,,,,,0,False,False,0.0,False,8.09,5.55,20.0,
90.6,26615,353.711,-724.729,-0.009,5.254,30.0,1271,-1,57.1,False,-1,True,True,0.75,0.0,-0.002,False,False,0.25,0.005,42.335,1271,64.91,,,,,0,False,False,0.0,False,7.82,5.62,20.0,
90.65,26616,353.907,-724.551,-0.009,5.316,30.0,1271,-1,57.36,False,-1,True,True,0.75,0.0,-0.002,False,False,0.23,0.004,42.302,1271,64.91,,,,,0,False,False,0.0,False,7.56,5.63,20.0,
90.7,26617,354.102,-724.375,-0.009,5.233,30.0,1271,-1,57.63,False,-1,True,True,0.75,0.0,0.0,False,False,0.183,-0.0,42.325,1271,64.91,,,,,0,False,False,0.0,False,7.3,5.66,20.0,
90.75,26618,354.297,-724.197,-0.008,5.307,30.0,1271,-1,57.89,False,-1,True,True,0.75,0.0,-0.004,False,False,0.15,0.003,42.292,1271,64.91,,,,,0,False,False,0.0,False,7.03,5.62,20.0,
90.8,26619,354.492,-724.02,-0.008,5.256,30.0,1271,-1,58.15,False,-1,True,True,0.75,0.0,0.001,False,False,0.124,-0.0,42.317,1271,64.91,,,,,0,False,False,0.0,False,6.77,5.65,20.0,
90.85,26620,354.688,-723.842,-0.008,5.334,30.0,1271,-1,58.42,False,-1,True,True,0.75,0.0,-0.004,False,False,0.115,0.003,42.287,1271,64.91,,,,,0,False,False,0.0,False,6.5,5.63,20.0,
90.9,26621,354.884,-723.664,-0.008,5.261,30.0,1271,-1,58.68,False,-1,True,True,0.75,0.0,0.001,False,False,0.097,-0.001,42.31,1271,64.91,,,,,0,False,False,0.0,False,6.24,5.67,20.0,
90.95,26622,355.082,-723.485,-0.008,5.483,30.0,1271,-1,58.95,False,-1,True,True,0.75,0.0,-0.004,False,False,0.108,0.002,42.302,1271,64.91,,,,,0,False,False,0.0,False,5.97,5.63,20.0,
91.0,26623,355.295,-723.292,-0.009,5.865,30.0,1271,-1,59.24,False,-1,True,True,0.288,0.0,-0.001,False,False,0.241,0.002,42.316,1271,64.91,,,,,0,False,False,0.0,False,5.69,5.74,20.0,
91.05,26624,355.522,-723.087,-0.01,6.216,30.0,1271,-1,59.54,False,-1,True,True,0.0,0.3,-0.018,False,False,0.375,0.033,42.261,1271,68.85,,,,,0,False,False,0.0,False,9.31,5.93,20.0,
91.1,26625,355.754,-722.878,-0.011,6.231,30.0,1271,-1,59.86,False,-1,True,True,0.0,0.3,-0.001,False,False,0.407,0.027,42.209,1271,68.85,,,,,0,False,False,0.0,False,9.0,6.11,20.0,
91.15,26626,355.985,-722.668,-0.01,6.261,30.0,1271,-1,60.17,False,-1,True,True,0.0,0.3,0.001,False,False,0.361,0.008,42.185,1271,68.85,,,,,0,False,False,0.0,False,8.69,6.12,20.0,
91.2,26627,356.213,-722.462,-0.009,6.076,30.0,1271,-1,60.48,False,-1,True,True,0.0,0.3,-0.001,False,False,0.255,-0.001,42.191,1271,68.85,,,,,0,False,False,0.0,False,8.38,6.13,20.0,
91.25,26628,356.435,-722.261,-0.008,5.975,30.0,1271,-1,60.77,False,-1,True,True,0.0,0.3,-0.003,False,False,0.137,0.001,42.152,1271,68.85,,,,,0,False,False,0.0,False,8.08,6.04,20.0,
91.3,26629,356.65,-722.066,-0.007,5.733,30.0,1271,-1,61.07,False,-1,True,True,0.0,0.3,0.001,False,False,0.019,-0.003,42.168,1271,68.85,,,,,0,False,False,0.0,False,7.79,5.99,20.0,
91.35,26630,356.859,-721.877,-0.006,5.6,30.0,1271,-1,61.35,False,-1,True,True,0.0,0.3,-0.003,False,False,-0.074,-0.001,42.133,1271,68.85,,,,,0,False,False,0.0,False,7.51,5.87,20.0,
91.4,26631,357.061,-721.695,-0.006,5.348,30.0,1271,-1,61.62,False,-1,True,True,0.0,0.187,0.002,False,False,-0.152,-0.003,42.155,1271,68.85,,,,,0,False,False,0.0,False,7.24,5.8,20.0,
91.45,26632,357.257,-721.517,-0.005,5.252,30.0,1271,-1,61.88,False,-1,True,True,0.717,0.0,-0.003,False,False,-0.195,0.001,42.126,1271,68.85,,,,,0,False,False,0.0,False,6.97,5.67,20.0,
91.5,26633,357.447,-721.346,-0.005,5.051,30.0,1271,-1,62.14,False,-1,True,True,0.75,0.0,0.001,False,False,-0.218,0.0,42.157,1271,68.85,,,,,0,False,False,0.0,False,6.72,5.63,20.0,
91.55,26634,357.634,-721.177,-0.005,5.026,30.0,1271,-1,62.39,False,-1,True,True,0.75,0.0,-0.004,False,False,-0.21,0.004,42.156,1271,68.85,,,,,0,False,False,0.0,False,6.47,5.53,20.0,
91.6,26635,357.82,-721.009,-0.006,5.021,30.0,1271,-1,62.64,False,-1,True,True,0.75,0.0,-0.001,False,False,-0.161,0.004,42.145,1271,68.85,,,,,0,False,False,0.0,False,6.22,5.51,20.0,
91.65,26636,358.007,-720.84,-0.006,4.999,30.0,1271,-1,62.89,False,-1,True,True,0.75,0.0,-0.0,False,False,-0.104,0.001,42.153,1271,68.85,,,,,0,False,False,0.0,False,5.96,5.51,20.0,
91.7,26637,358.183,-720.681,-0.006,4.604,30.0,1271,-1,63.13,False,-1,True,True,0.75,0.0,-0.002,False,False,-0.15,0.001,42.104,1271,68.85,,,,,0,False,False,0.0,False,5.73,5.5,20.0,
91.75,26638,358.346,-720.533,-0.005,4.326,30.0,1271,-1,63.35,False,-1,True,True,0.75,0.0,0.004,False,False,-0.235,-0.004,42.095,1271,68.85,,,,,0,False,False,0.0,False,5.51,5.3,20.0,
91.8,26639,358.502,-720.391,-0.005,4.173,30.0,1271,-1,63.56,False,-1,True,True,0.75,0.0,0.001,False,False,-0.281,-0.005,42.099,1271,68.85,,,,,0,False,False,0.0,False,5.3,5.16,20.0,
91.85,26640,358.656,-720.253,-0.005,4.115,30.0,1271,-1,63.77,False,-1,True,True,0.75,0.0,-0.0,False,False,-0.27,-0.002,42.101,1271,68.85,,,,,0,False,False,0.0,False,5.09,5.09,20.0,
91.9,26641,358.809,-720.114,-0.005,4.119,30.0,1271,-1,63.98,False,-1,True,True,0.75,0.0,-0.0,False,False,-0.216,-0.0,42.101,1271,68.85,,,,,0,False,False,0.0,False,4.88,5.06,20.0,
91.95,26642,358.963,-719.975,-0.006,4.163,30.0,1271,-1,64.18,False,-1,True,True,0.75,0.0,-0.009,False,False,-0.139,0.015,42.075,1271,72.78,,,,,0,False,False,0.0,False,8.61,5.06,20.0,
92.0,26643,359.12,-719.834,-0.007,4.232,30.0,1271,-1,64.39,False,-1,True,True,0.75,0.0,0.0,False,False,-0.056,0.012,42.058,1271,72.78,,,,,0,False,False,0.0,False,8.4,5.08,20.0,
92.05,26644,359.28,-719.691,-0.007,4.315,30.0,1271,-1,64.61,False,-1,True,True,0.75,0.0,-0.0,False,False,0.02,0.006,42.053,1271,72.78,,,,,0,False,False,0.0,False,8.18,5.12,20.0,
92.1,26645,359.442,-719.544,-0.008,4.407,30.0,1271,-1,64.83,False,-1,True,True,0.75,0.0,-0.001,False,False,0.086,0.003,42.049,1271,72.78,,,,,0,False,False,0.0,False,7.96,5.16,20.0,
92.15,26646,359.608,-719.394,-0.008,4.505,30.0,1271,-1,65.05,False,-1,True,True,0.75,0.0,-0.001,False,False,0.138,0.002,42.045,1271,72.78,,,,,0,False,False,0.0,False,7.74,5.2,20.0,
92.2,26647,359.778,-719.241,-0.009,4.606,30.0,1271,-1,65.28,False,-1,True,True,0.75,0.0,-0.001,False,False,0.177,0.001,42.041,1271,72.78,,,,,0,False,False,0.0,False,7.51,5.25,20.0,
92.25,26648,359.952,-719.085,-0.009,4.709,30.0,1271,-1,65.51,False,-1,True,True,0.75,0.0,-0.0,False,False,0.206,0.0,42.037,1271,72.78,,,,,0,False,False,0.0,False,7.28,5.3,20.0,
92.3,26649,360.129,-718.925,-0.009,4.813,30.0,1271,-1,65.75,False,-1,True,True,0.75,0.0,-0.0,False,False,0.227,0.0,42.035,1271,72.78,,,,,0,False,False,0.0,False,7.04,5.35,20.0,
92.35,26650,360.31,-718.762,-0.009,4.917,30.0,1271,-1,66.0,False,-1,True,True,0.75,0.0,-0.0,False,False,0.241,0.0,42.032,1271,72.78,,,,,0,False,False,0.0,False,6.8,5.41,20.0,
92.4,26651,360.495,-718.595,-0.009,5.021,30.0,1271,-1,66.25,False,-1,True,True,0.75,0.0,-0.0,False,False,0.25,-0.0,42.03,1271,72.78,,,,,0,False,False,0.0,False,6.55,5.46,20.0,
92.45,26652,360.684,-718.425,-0.009,5.125,30.0,1271,-1,66.5,False,-1,True,True,0.75,0.0,-0.0,False,False,0.256,-0.0,42.028,1271,72.78,,,,,0,False,False,0.0,False,6.29,5.51,20.0,
92.5,26653,360.877,-718.251,-0.009,5.185,30.0,1271,-1,66.76,False,-1,True,True,0.75,0.0,-0.0,False,False,0.256,-0.0,42.026,1271,72.78,,,,,0,False,False,0.0,False,6.03,5.56,20.0,
92.55,26654,361.073,-718.074,-0.009,5.361,30.0,1271,-1,67.02,False,-1,True,True,0.75,0.0,-0.0,False,False,0.26,-0.0,42.028,1271,72.78,,,,,0,False,False,0.0,False,5.77,5.59,20.0,
92.6,26655,361.272,-717.895,-0.009,5.307,30.0,1271,-1,67.29,False,-1,True,True,0.75,0.0,-0.0,False,False,0.24,0.0,42.009,1271,72.78,,,,,0,False,False,0.0,False,5.5,5.68,20.0,
92.65,26656,361.47,-717.717,-0.009,5.362,30.0,1271,-1,67.56,False,-1,True,True,0.75,0.0,-0.003,False,False,0.202,0.005,42.021,1271,76.72,,,,,0,False,False,0.0,False,9.17,5.65,20.0,
92.7,26657,361.667,-717.539,-0.008,5.293,30.0,1271,-1,67.82,False,-1,True,True,0.743,0.0,-0.003,False,False,0.158,0.008,41.973,1271,76.72,,,,,0,False,False,0.0,False,8.9,5.68,20.0,
92.75,26658,361.866,-717.361,-0.008,5.379,30.0,1271,-1,68.09,False,-1,True,True,0.75,0.0,0.003,False,False,0.135,0.001,41.99,1271,76.72,,,,,0,False,False,0.0,False,8.64,5.65,20.0,
92.8,26659,362.064,-717.182,-0.008,5.322,30.0,1271,-1,68.36,False,-1,True,True,0.669,0.0,-0.002,False,False,0.116,0.002,41.953,1271,76.72,,,,,0,False,False,0.0,False,8.37,5.69,20.0,
92.85,26660,362.263,-717.002,-0.008,5.389,30.0,1271,-1,68.62,False,-1,True,True,0.75,0.0,0.003,False,False,0.105,-0.002,41.978,1271,76.72,,,,,0,False,False,0.0,False,8.1,5.66,20.0,
92.9,26661,362.462,-716.823,-0.008,5.36,30.0,1271,-1,68.89,False,-1,True,True,0.626,0.0,-0.002,False,False,0.093,0.002,41.953,1271,76.72,,,,,0,False,False,0.0,False,7.83,5.69,20.0,
92.95,26662,362.675,-716.632,-0.009,5.909,30.0,1271,-1,69.18,False,-1,True,True,0.726,0.0,0.002,False,False,0.213,-0.0,41.928,1271,76.72,,,,,0,False,False,0.0,False,7.55,5.68,20.0,
93.0,26663,362.902,-716.427,-0.01,6.184,30.0,1271,-1,69.48,False,-1,True,True,0.0,0.3,0.003,False,False,0.354,-0.004,41.928,1271,76.72,,,,,0,False,False,0.0,False,7.24,5.95,20.0,
93.05,26664,363.138,-716.215,-0.011,6.424,30.0,1271,-1,69.8,False,-1,True,True,0.0,0.3,0.001,False,False,0.432,-0.003,41.936,1271,76.72,,,,,0,False,False,0.0,False,6.92,6.09,20.0,
93.1,26665,363.376,-716.0,-0.011,6.384,30.0,1271,-1,70.12,False,-1,True,True,0.0,0.3,0.0,False,False,0.41,0.001,41.94,1271,76.72,,,,,0,False,False,0.0,False,6.6,6.21,20.0,
93.15,26666,363.613,-715.788,-0.01,6.371,30.0,1271,-1,70.44,False,-1,True,True,0.0,0.3,0.0,False,False,0.33,0.003,41.942,1271,76.72,,,,,0,False,False,0.0,False,6.29,6.19,20.0,
93.2,26667,363.844,-715.579,-0.009,6.173,30.0,1271,-1,70.75,False,-1,True,True,0.0,0.3,0.0,False,False,0.209,0.003,41.954,1271,76.72,,,,,0,False,False,0.0,False,5.97,6.19,20.0,
93.25,26668,364.071,-715.376,-0.008,6.059,30.0,1271,-1,71.06,False,-1,True,True,0.0,0.3,-0.003,False,False,0.091,0.008,41.926,1271,80.65,,,,,0,False,False,0.0,False,9.6,6.09,20.0,
93.3,26669,364.29,-715.179,-0.007,5.808,30.0,1271,-1,71.35,False,-1,True,True,0.0,0.3,0.002,False,False,-0.022,0.003,41.949,1271,80.65,,,,,0,False,False,0.0,False,9.31,6.03,20.0,
93.35,26670,364.502,-714.988,-0.006,5.666,30.0,1271,-1,71.64,False,-1,True,True,0.0,0.3,-0.002,False,False,-0.11,0.004,41.922,1271,80.65,,,,,0,False,False,0.0,False,9.02,5.9,20.0,
93.4,26671,364.706,-714.805,-0.005,5.394,30.0,1271,-1,71.91,False,-1,True,True,0.0,0.3,0.002,False,False,-0.185,-0.0,41.95,1271,80.65,,,,,0,False,False,0.0,False,8.75,5.83,20.0,
93.45,26672,364.904,-714.627,-0.005,5.28,30.0,1271,-1,72.18,False,-1,True,True,0.538,0.0,-0.002,False,False,-0.229,0.003,41.922,1271,80.65,,,,,0,False,False,0.0,False,8.48,5.7,20.0,
93.5,26673,365.096,-714.455,-0.005,5.076,30.0,1271,-1,72.43,False,-1,True,True,0.75,0.0,0.002,False,False,-0.247,0.001,41.958,1271,80.65,,,,,0,False,False,0.0,False,8.23,5.64,20.0,
93.55,26674,365.286,-714.284,-0.005,5.143,30.0,1271,-1,72.69,False,-1,True,True,0.75,0.0,-0.003,False,False,-0.209,0.005,41.919,1271,80.65,,,,,0,False,False,0.0,False,7.97,5.54,20.0,
93.6,26675,365.476,-714.113,-0.006,5.069,30.0,1271,-1,72.95,False,-1,True,True,0.75,0.0,0.003,False,False,-0.153,-0.0,41.947,1271,80.65,,,,,0,False,False,0.0,False,7.71,5.57,20.0,
93.65,26676,365.659,-713.949,-0.006,4.73,30.0,1271,-1,73.19,False,-1,True,True,0.75,0.0,-0.002,False,False,-0.171,0.001,41.954,1271,80.65,,,,,0,False,False,0.0,False,7.47,5.53,20.0,
93.7,26677,365.826,-713.799,-0.005,4.383,30.0,1271,-1,73.42,False,-1,True,True,0.75,0.0,-0.001,False,False,-0.265,0.002,41.973,1271,80.65,,,,,0,False,False,0.0,False,7.24,5.37,20.0,
93.75,26678,365.984,-713.657,-0.004,4.175,30.0,1271,-1,73.63,False,-1,True,True,0.75,0.0,-0.002,False,False,-0.329,0.003,41.971,1271,80.65,,,,,0,False,False,0.0,False,7.03,5.19,20.0,
93.8,26679,366.137,-713.52,-0.004,4.077,30.0,1271,-1,73.83,False,-1,True,True,0.75,0.0,-0.001,False,False,-0.331,0.002,41.966,1271,80.65,,,,,0,False,False,0.0,False,6.83,5.09,20.0,
93.85,26680,366.288,-713.384,-0.005,4.056,30.0,1271,-1,74.04,False,-1,True,True,0.75,0.0,-0.001,False,False,-0.282,0.0,41.962,1271,80.65,,,,,0,False,False,0.0,False,6.62,5.04,20.0,
93.9,26681,366.44,-713.248,-0.006,4.085,30.0,1271,-1,74.24,False,-1,True,True,0.75,0.0,-0.0,False,False,-0.202,-0.001,41.959,1271,80.65,,,,,0,False,False,0.0,False,6.42,5.03,20.0,
93.95,26682,366.594,-713.11,-0.006,4.144,30.0,1271,-1,74.45,False,-1,True,True,0.75,0.0,-0.001,False,False,-0.111,-0.001,41.956,1271,80.65,,,,,0,False,False,0.0,False,6.21,5.04,20.0,
94.0,26683,366.75,-712.969,-0.007,4.222,30.0,1271,-1,74.66,False,-1,True,True,0.75,0.0,-0.0,False,False,-0.025,-0.001,41.954,1271,80.65,,,,,0,False,False,0.0,False,6.0,5.07,20.0,
94.05,26684,366.91,-712.826,-0.008,4.311,30.0,1271,-1,74.87,False,-1,True,True,0.75,0.0,-0.0,False,False,0.051,-0.001,41.952,1271,80.65,,,,,0,False,False,0.0,False,5.79,5.11,20.0,
94.1,26685,367.072,-712.679,-0.008,4.408,30.0,1271,-1,75.09,False,-1,True,True,0.75,0.0,-0.0,False,False,0.112,-0.001,41.951,1271,80.65,,,,,0,False,False,0.0,False,5.57,5.16,20.0,
94.15,26686,367.239,-712.53,-0.009,4.508,30.0,1271,-1,75.32,False,-1,True,True,0.75,0.0,-0.0,False,False,0.159,-0.001,41.949,1271,80.65,,,,,0,False,False,0.0,False,5.35,5.2,20.0,
94.2,26687,367.409,-712.377,-0.009,4.611,30.0,1271,-1,75.54,False,-1,True,True,0.75,0.0,-0.0,False,False,0.194,-0.0,41.948,1271,80.65,,,,,0,False,False,0.0,False,5.12,5.25,20.0,
94.25,26688,367.583,-712.221,-0.009,4.715,30.0,1271,-1,75.78,False,-1,True,True,0.75,0.0,-0.002,False,False,0.219,0.002,41.942,1271,84.58,,,,,0,False,False,0.0,False,8.82,5.31,20.0,
94.3,26689,367.761,-712.061,-0.009,4.82,30.0,1271,-1,76.02,False,-1,True,True,0.75,0.0,-0.0,False,False,0.236,0.002,41.938,1271,84.58,,,,,0,False,False,0.0,False,8.58,5.36,20.0,
94.35,26690,367.943,-711.898,-0.009,4.924,30.0,1271,-1,76.26,False,-1,True,True,0.75,0.0,-0.0,False,False,0.247,0.001,41.936,1271,84.58,,,,,0,False,False,0.0,False,8.33,5.41,20.0,
94.4,26691,368.128,-711.731,-0.009,5.028,30.0,1271,-1,76.51,False,-1,True,True,0.75,0.0,-0.0,False,False,0.254,0.0,41.935,1271,84.58,,,,,0,False,False,0.0,False,8.08,5.46,20.0,
94.45,26692,368.318,-711.561,-0.009,5.13,30.0,1271,-1,76.77,False,-1,True,True,0.75,0.0,-0.0,False,False,0.258,0.0,41.933,1271,84.58,,,,,0,False,False,0.0,False,7.83,5.51,20.0,
94.5,26693,368.511,-711.387,-0.009,5.268,30.0,1271,-1,77.03,False,-1,True,True,0.75,0.0,-0.0,False,False,0.261,0.0,41.932,1271,84.58,,,,,0,False,False,0.0,False,7.57,5.56,20.0,
94.55,26694,368.708,-711.211,-0.009,5.291,30.0,1271,-1,77.29,False,-1,True,True,0.75,0.0,-0.0,False,False,0.256,-0.0,41.937,1271,84.58,,,,,0,False,False,0.0,False,7.31,5.63,20.0,
94.6,26695,368.906,-711.032,-0.009,5.363,30.0,1271,-1,77.56,False,-1,True,True,0.75,0.0,-0.001,False,False,0.238,0.001,41.917,1271,84.58,,,,,0,False,False,0.0,False,7.04,5.65,20.0,
94.65,26696,369.104,-710.855,-0.009,5.28,30.0,1271,-1,77.82,False,-1,True,True,0.747,0.0,0.002,False,False,0.19,-0.002,41.951,1271,84.58,,,,,0,False,False,0.0,False,6.77,5.68,20.0,
94.7,26697,369.301,-710.678,-0.008,5.353,30.0,1271,-1,78.09,False,-1,True,True,0.75,0.0,-0.003,False,False,0.156,0.003,41.926,1271,84.58,,,,,0,False,False,0.0,False,6.51,5.64,20.0,
94.75,26698,369.499,-710.5,-0.008,5.302,30.0,1271,-1,78.35,False,-1,True,True,0.75,0.0,0.002,False,False,0.128,-0.0,41.959,1271,84.58,,,,,0,False,False,0.0,False,6.24,5.68,20.0,
94.8,26699,369.698,-710.322,-0.008,5.373,30.0,1271,-1,78.62,False,-1,True,True,0.75,0.0,-0.003,False,False,0.115,0.003,41.93,1271,84.58,,,,,0,False,False,0.0,False,5.97,5.65,20.0,
94.85,26700,369.896,-710.144,-0.008,5.299,30.0,1271,-1,78.89,False,-1,True,True,0.688,0.0,0.002,False,False,0.095,-0.001,41.957,1271,84.58,,,,,0,False,False,0.0,False,5.71,5.69,20.0,
94.9,26701,370.098,-709.962,-0.008,5.623,30.0,1271,-1,79.16,False,-1,True,True,0.75,0.0,-0.003,False,False,0.129,0.002,41.92,1271,84.58,,,,,0,False,False,0.0,False,5.44,5.65,20.0,
94.95,26702,370.316,-709.766,-0.009,5.959,30.0,1271,-1,79.45,False,-1,True,True,0.0,0.224,0.002,False,False,0.268,-0.001,41.899,1271,88.52,,,,,0,False,False,0.0,False,9.08,5.81,20.0,
95.0,26703,370.546,-709.56,-0.01,6.26,30.0,1271,-1,79.76,False,-1,True,True,0.0,0.3,0.002,False,False,0.381,-0.005,41.9,1271,88.52,,,,,0,False,False,0.0,False,8.77,5.98,20.0,
95.05,26704,370.779,-709.35,-0.011,6.26,30.0,1271,-1,80.07,False,-1,True,True,0.0,0.3,0.0,False,False,0.397,-0.004,41.904,1271,88.52,,,,,0,False,False,0.0,False,8.45,6.13,20.0,
95.1,26705,371.012,-709.141,-0.01,6.279,30.0,1271,-1,80.39,False,-1,True,True,0.0,0.3,0.0,False,False,0.343,-0.001,41.908,1271,88.52,,,,,0,False,False,0.0,False,8.14,6.13,20.0,
95.15,26706,371.241,-708.935,-0.009,6.093,30.0,1271,-1,80.7,False,-1,True,True,0.0,0.3,-0.0,False,False,0.236,0.002,41.896,1271,88.52,,,,,0,False,False,0.0,False,7.83,6.14,20.0,
95.2,26707,371.465,-708.734,-0.008,5.988,30.0,1271,-1,81.0,False,-1,True,True,0.0,0.3,0.001,False,False,0.12,0.0,41.925,1271,88.52,,,,,0,False,False,0.0,False,7.53,6.05,20.0,
95.25,26708,371.682,-708.54,-0.007,5.743,30.0,1271,-1,81.29,False,-1,True,True,0.0,0.3,-0.002,False,False,0.005,0.005,41.899,1271,88.52,,,,,0,False,False,0.0,False,7.24,5.99,20.0,
95.3,26709,371.892,-708.351,-0.006,5.607,30.0,1271,-1,81.57,False,-1,True,True,0.0,0.3,0.002,False,False,-0.086,0.001,41.927,1271,88.52,,,,,0,False,False,0.0,False,6.96,5.87,20.0,
95.35,26710,372.094,-708.17,-0.006,5.35,30.0,1271,-1,81.84,False,-1,True,True,0.0,0.218,-0.002,False,False,-0.162,0.004,41.898,1271,88.52,,,,,0,False,False,0.0,False,6.69,5.8,20.0,
95.4,26711,372.291,-707.994,-0.005,5.25,30.0,1271,-1,82.1,False,-1,True,True,0.707,0.0,0.003,False,False,-0.205,-0.001,41.923,1271,88.52,,,,,0,False,False,0.0,False,6.42,5.68,20.0,
95.45,26712,372.481,-707.822,-0.005,5.048,30.0,1271,-1,82.36,False,-1,True,True,0.75,0.0,-0.002,False,False,-0.226,0.001,41.888,1271,88.52,,,,,0,False,False,0.0,False,6.17,5.62,20.0,
95.5,26713,372.668,-707.654,-0.005,5.039,30.0,1271,-1,82.61,False,-1,True,True,0.75,0.0,0.003,False,False,-0.214,-0.004,41.88,1271,88.52,,,,,0,False,False,0.0,False,5.92,5.52,20.0,
95.55,26714,372.855,-707.486,-0.006,4.94,30.0,1271,-1,82.86,False,-1,True,True,0.75,0.0,0.002,False,False,-0.163,-0.005,41.874,1271,88.52,,,,,0,False,False,0.0,False,5.66,5.52,20.0,
95.6,26715,373.042,-707.318,-0.006,4.936,30.0,1271,-1,83.12,False,-1,True,True,0.75,0.0,0.002,False,False,-0.113,-0.003,41.886,1271,88.52,,,,,0,False,False,0.0,False,5.41,5.47,20.0,
95.65,26716,373.215,-707.163,-0.006,4.514,30.0,1271,-1,83.35,False,-1,True,True,0.75,0.0,-0.0,False,False,-0.185,-0.0,41.917,1271,92.45,,,,,0,False,False,0.0,False,9.12,5.47,20.0,
95.7,26717,373.377,-707.018,-0.005,4.26,30.0,1271,-1,83.56,False,-1,True,True,0.75,0.0,-0.002,False,False,-0.267,0.004,41.92,1271,92.45,,,,,0,False,False,0.0,False,8.9,5.26,20.0,
95.75,26718,373.532,-706.879,-0.005,4.127,30.0,1271,-1,83.77,False,-1,True,True,0.75,0.0,-0.0,False,False,-0.299,0.004,41.917,1271,92.45,,,,,0,False,False,0.0,False,8.69,5.13,20.0,
95.8,26719,373.684,-706.742,-0.005,4.082,30.0,1271,-1,83.98,False,-1,True,True,0.75,0.0,0.0,False,False,-0.276,0.002,41.916,1271,92.45,,,,,0,False,False,0.0,False,8.49,5.06,20.0,
95.85,26720,373.837,-706.605,-0.005,4.096,30.0,1271,-1,84.18,False,-1,True,True,0.75,0.0,-0.0,False,False,-0.212,0.001,41.916,1271,92.45,,,,,0,False,False,0.0,False,8.28,5.04,20.0,
95.9,26721,373.991,-706.467,-0.006,4.146,30.0,1271,-1,84.39,False,-1,True,True,0.75,0.0,-0.0,False,False,-0.13,0.0,41.915,1271,92.45,,,,,0,False,False,0.0,False,8.07,5.05,20.0,
95.95,26722,374.147,-706.327,-0.007,4.218,30.0,1271,-1,84.6,False,-1,True,True,0.75,0.0,-0.0,False,False,-0.045,0.0,41.915,1271,92.45,,,,,0,False,False,0.0,False,7.86,5.07,20.0,
96.0,26723,374.306,-706.184,-0.008,4.303,30.0,1271,-1,84.81,False,-1,True,True,0.75,0.0,-0.0,False,False,0.031,-0.0,41.915,1271,92.45,,,,,0,False,False,0.0,False,7.65,5.11,20.0,
96.05,26724,374.469,-706.038,-0.008,4.397,30.0,1271,-1,85.03,False,-1,True,True,0.75,0.0,-0.0,False,False,0.095,-0.0,41.915,1271,92.45,,,,,0,False,False,0.0,False,7.43,5.15,20.0,
96.1,26725,374.635,-705.889,-0.009,4.496,30.0,1271,-1,85.26,False,-1,True,True,0.75,0.0,-0.0,False,False,0.145,-0.0,41.914,1271,92.45,,,,,0,False,False,0.0,False,7.21,5.2,20.0,
96.15,26726,374.805,-705.736,-0.009,4.598,30.0,1271,-1,85.48,False,-1,True,True,0.75,0.0,-0.0,False,False,0.183,-0.0,41.914,1271,92.45,,,,,0,False,False,0.0,False,6.98,5.25,20.0,
96.2,26727,374.978,-705.581,-0.009,4.701,30.0,1271,-1,85.72,False,-1,True,True,0.75,0.0,-0.0,False,False,0.211,-0.0,41.914,1271,92.45,,,,,0,False,False,0.0,False,6.75,5.3,20.0,
96.25,26728,375.156,-705.421,-0.009,4.806,30.0,1271,-1,85.96,False,-1,True,True,0.75,0.0,0.0,False,False,0.23,-0.0,41.914,1271,92.45,,,,,0,False,False,0.0,False,6.51,5.35,20.0,
96.3,26729,375.337,-705.259,-0.009,4.91,30.0,1271,-1,86.2,False,-1,True,True,0.75,0.0,0.0,False,False,0.243,-0.0,41.914,1271,92.45,,,,,0,False,False,0.0,False,6.26,5.4,20.0,
96.35,26730,375.522,-705.093,-0.009,5.014,30.0,1271,-1,86.45,False,-1,True,True,0.75,0.0,-0.0,False,False,0.251,-0.0,41.914,1271,92.45,,,,,0,False,False,0.0,False,6.02,5.45,20.0,
96.4,26731,375.711,-704.923,-0.009,5.118,30.0,1271,-1,86.7,False,-1,True,True,0.75,0.0,-0.0,False,False,0.257,0.0,41.914,1271,92.45,,,,,0,False,False,0.0,False,5.76,5.51,20.0,
96.45,26732,375.903,-704.75,-0.009,5.178,30.0,1271,-1,86.96,False,-1,True,True,0.75,0.0,0.0,False,False,0.257,0.0,41.914,1271,92.45,,,,,0,False,False,0.0,False,5.5,5.56,20.0,
96.5,26733,376.1,-704.574,-0.009,5.356,30.0,1271,-1,87.22,False,-1,True,True,0.75,0.0,-0.0,False,False,0.261,0.001,41.912,1271,96.39,,,,,0,False,False,0.0,False,9.17,5.59,20.0,
96.55,26734,376.3,-704.395,-0.009,5.346,30.0,1271,-1,87.49,False,-1,True,True,0.75,0.0,0.0,False,False,0.251,0.0,41.927,1271,96.39,,,,,0,False,False,0.0,False,8.9,5.68,20.0,
96.6,26735,376.499,-704.216,-0.009,5.396,30.0,1271,-1,87.76,False,-1,True,True,0.75,0.0,-0.001,False,False,0.218,0.003,41.899,1271,96.39,,,,,0,False,False,0.0,False,8.64,5.67,20.0,
96.65,26736,376.698,-704.037,-0.008,5.318,30.0,1271,-1,88.03,False,-1,True,True,0.622,0.0,0.002,False,False,0.171,-0.002,41.935,1271,96.39,,,,,0,False,False,0.0,False,8.37,5.7,20.0,
96.7,26737,376.897,-703.859,-0.008,5.387,30.0,1271,-1,88.3,False,-1,True,True,0.75,0.0,-0.003,False,False,0.14,0.003,41.912,1271,96.39,,,,,0,False,False,0.0,False,8.1,5.66,20.0,
96.75,26738,377.096,-703.68,-0.008,5.328,30.0,1271,-1,88.56,False,-1,True,True,0.641,0.0,0.002,False,False,0.113,-0.0,41.944,1271,96.39,,,,,0,False,False,0.0,False,7.83,5.69,20.0,
96.8,26739,377.296,-703.5,-0.008,5.416,30.0,1271,-1,88.83,False,-1,True,True,0.75,0.0,-0.003,False,False,0.106,0.003,41.92,1271,96.39,,,,,0,False,False,0.0,False,7.57,5.66,20.0,
96.85,26740,377.497,-703.321,-0.008,5.347,30.0,1271,-1,89.1,False,-1,True,True,0.528,0.0,0.002,False,False,0.094,-0.0,41.951,1271,96.39,,,,,0,False,False,0.0,False,7.3,5.71,20.0,
96.9,26741,377.697,-703.141,-0.008,5.414,30.0,1271,-1,89.37,False,-1,True,True,0.75,0.0,-0.003,False,False,0.089,0.002,41.921,1271,96.39,,,,,0,False,False,0.0,False,7.03,5.67,20.0,
96.95,26742,377.901,-702.959,-0.008,5.594,30.0,1271,-1,89.64,False,-1,True,True,0.75,0.0,-0.003,False,False,0.118,0.007,41.94,1271,96.39,,,,,0,False,False,0.0,False,6.75,5.71,20.0,
97.0,26743,378.121,-702.762,-0.009,6.076,30.0,1271,-1,89.94,False,-1,True,True,0.0,0.124,-0.002,False,False,0.268,0.006,41.946,1271,96.39,,,,,0,False,False,0.0,False,6.46,5.8,20.0,
97.05,26744,378.353,-702.554,-0.01,6.241,30.0,1271,-1,90.25,False,-1,True,True,0.0,0.3,-0.001,False,False,0.377,0.002,41.943,1271,96.39,,,,,0,False,False,0.0,False,6.15,6.04,20.0,
97.1,26745,378.588,-702.343,-0.011,6.374,30.0,1271,-1,90.57,False,-1,True,True,0.0,0.3,-0.0,False,False,0.401,-0.002,41.941,1271,96.39,,,,,0,False,False,0.0,False,5.83,6.12,20.0,
97.15,26746,378.823,-702.132,-0.01,6.258,30.0,1271,-1,90.88,False,-1,True,True,0.0,0.3,-0.001,False,False,0.339,-0.003,41.936,1271,100.32,,,,,0,False,False,0.0,False,9.45,6.19,20.0,
97.2,26747,379.054,-701.925,-0.009,6.2,30.0,1271,-1,91.19,False,-1,True,True,0.0,0.3,-0.0,False,False,0.238,-0.004,41.942,1271,100.32,,,,,0,False,False,0.0,False,9.14,6.13,20.0,
97.25,26748,379.279,-701.723,-0.008,5.974,30.0,1271,-1,91.49,False,-1,True,True,0.0,0.3,-0.001,False,False,0.117,-0.002,41.917,1271,100.32,,,,,0,False,False,0.0,False,8.84,6.1,20.0,
97.3,26749,379.498,-701.527,-0.007,5.848,30.0,1271,-1,91.79,False,-1,True,True,0.0,0.3,0.002,False,False,0.008,-0.005,41.943,1271,100.32,,,,,0,False,False,0.0,False,8.54,5.99,20.0,
97.35,26750,379.709,-701.337,-0.006,5.588,30.0,1271,-1,92.07,False,-1,True,True,0.0,0.3,-0.002,False,False,-0.09,-0.001,41.915,1271,100.32,,,,,0,False,False,0.0,False,8.26,5.92,20.0,
97.4,26751,379.913,-701.154,-0.006,5.464,30.0,1271,-1,92.35,False,-1,True,True,0.0,0.154,0.002,False,False,-0.159,-0.003,41.941,1271,100.32,,,,,0,False,False,0.0,False,7.98,5.79,20.0,
97.45,26752,380.111,-700.976,-0.005,5.238,30.0,1271,-1,92.61,False,-1,True,True,0.295,0.0,-0.002,False,False,-0.206,-0.001,41.906,1271,100.32,,,,,0,False,False,0.0,False,7.72,5.73,20.0,
97.5,26753,380.304,-700.802,-0.005,5.168,30.0,1271,-1,92.87,False,-1,True,True,0.75,0.0,0.003,False,False,-0.22,-0.004,41.927,1271,100.32,,,,,0,False,False,0.0,False,7.46,5.62,20.0,
97.55,26754,380.493,-700.633,-0.005,5.032,30.0,1271,-1,93.13,False,-1,True,True,0.75,0.0,-0.002,False,False,-0.214,-0.002,41.896,1271,100.32,,,,,0,False,False,0.0,False,7.21,5.58,20.0,
97.6,26755,380.682,-700.463,-0.006,5.099,30.0,1271,-1,93.38,False,-1,True,True,0.75,0.0,0.003,False,False,-0.161,-0.004,41.93,1271,100.32,,,,,0,False,False,0.0,False,6.95,5.52,20.0,
97.65,26756,380.87,-700.295,-0.006,4.927,30.0,1271,-1,93.63,False,-1,True,True,0.75,0.0,-0.003,False,False,-0.119,0.0,41.927,1271,100.32,,,,,0,False,False,0.0,False,6.7,5.55,20.0,
97.7,26757,381.044,-700.138,-0.006,4.567,30.0,1271,-1,93.87,False,-1,True,True,0.75,0.0,0.0,False,False,-0.184,0.002,41.896,1271,100.32,,,,,0,False,False,0.0,False,6.46,5.46,20.0,
97.75,26758,381.208,-699.991,-0.005,4.307,30.0,1271,-1,94.09,False,-1,True,True,0.75,0.0,0.003,False,False,-0.266,-0.002,41.895,1271,100.32,,,,,0,False,False,0.0,False,6.24,5.28,20.0,
97.8,26759,381.364,-699.85,-0.005,4.168,30.0,1271,-1,94.3,False,-1,True,True,0.75,0.0,0.001,False,False,-0.3,-0.002,41.9,1271,100.32,,,,,0,False,False,0.0,False,6.03,5.15,20.0,
97.85,26760,381.518,-699.712,-0.005,4.119,30.0,1271,-1,94.5,False,-1,True,True,0.75,0.0,0.0,False,False,-0.278,-0.001,41.903,1271,100.32,,,,,0,False,False,0.0,False,5.83,5.08,20.0,
97.9,26761,381.672,-699.574,-0.005,4.13,30.0,1271,-1,94.71,False,-1,True,True,0.75,0.0,0.0,False,False,-0.216,0.001,41.905,1271,100.32,,,,,0,False,False,0.0,False,5.62,5.06,20.0,
97.95,26762,381.827,-699.435,-0.006,4.178,30.0,1271,-1,94.92,False,-1,True,True,0.75,0.0,0.0,False,False,-0.135,0.001,41.907,1271,100.32,,,,,0,False,False,0.0,False,5.41,5.07,20.0,
98.0,26763,381.985,-699.294,-0.007,4.248,30.0,1271,-1,95.13,False,-1,True,True,0.75,0.0,0.0,False,False,-0.05,0.001,41.909,1271,100.32,,,,,0,False,False,0.0,False,5.2,5.09,20.0,
98.05,26764,382.145,-699.149,-0.008,4.333,30.0,1271,-1,95.35,False,-1,True,True,0.75,0.0,0.0,False,False,0.027,0.0,41.911,1271,100.32,,,,,0,False,False,0.0,False,4.98,5.12,20.0,
98.1,26765,382.309,-699.002,-0.008,4.426,30.0,1271,-1,95.57,False,-1,True,True,0.75,0.0,-0.0,False,False,0.091,0.002,41.91,1271,104.25,,,,,0,False,False,0.0,False,8.7,5.17,20.0,
98.15,26766,382.476,-698.852,-0.008,4.524,30.0,1271,-1,95.79,False,-1,True,True,0.75,0.0,0.0,False,False,0.142,0.001,41.91,1271,104.25,,,,,0,False,False,0.0,False,8.47,5.21,20.0,
98.2,26767,382.647,-698.699,-0.009,4.626,30.0,1271,-1,96.02,False,-1,True,True,0.75,0.0,0.0,False,False,0.181,0.001,41.911,1271,104.25,,,,,0,False,False,0.0,False,8.24,5.26,20.0,
98.25,26768,382.821,-698.542,-0.009,4.729,30.0,1271,-1,96.25,False,-1,True,True,0.75,0.0,0.0,False,False,0.209,0.0,41.911,1271,104.25,,,,,0,False,False,0.0,False,8.01,5.31,20.0,
98.3,26769,383.0,-698.382,-0.009,4.833,30.0,1271,-1,96.49,False,-1,True,True,0.75,0.0,0.0,False,False,0.229,0.0,41.912,1271,104.25,,,,,0,False,False,0.0,False,7.77,5.36,20.0,
98.35,26770,383.182,-698.219,-0.009,4.937,30.0,1271,-1,96.74,False,-1,True,True,0.75,0.0,0.0,False,False,0.242,0.0,41.912,1271,104.25,,,,,0,False,False,0.0,False,7.53,5.42,20.0,
98.4,26771,383.368,-698.051,-0.009,5.041,30.0,1271,-1,96.99,False,-1,True,True,0.75,0.0,0.0,False,False,0.251,-0.0,41.913,1271,104.25,,,,,0,False,False,0.0,False,7.28,5.47,20.0,
98.45,26772,383.558,-697.881,-0.009,5.142,30.0,1271,-1,97.24,False,-1,True,True,0.75,0.0,0.0,False,False,0.256,-0.0,41.913,1271,104.25,,,,,0,False,False,0.0,False,7.02,5.52,20.0,
98.5,26773,383.752,-697.707,-0.009,5.28,30.0,1271,-1,97.51,False,-1,True,True,0.75,0.0,-0.0,False,False,0.26,0.0,41.914,1271,104.25,,,,,0,False,False,0.0,False,6.76,5.57,20.0,
98.55,26774,383.949,-697.53,-0.009,5.308,30.0,1271,-1,97.77,False,-1,True,True,0.75,0.0,0.0,False,False,0.256,0.0,41.914,1271,104.25,,,,,0,False,False,0.0,False,6.49,5.64,20.0,
98.6,26775,384.15,-697.349,-0.009,5.468,30.0,1271,-1,98.04,False,-1,True,True,0.75,0.0,-0.0,False,False,0.258,0.0,41.904,1271,104.25,,,,,0,False,False,0.0,False,6.22,5.65,20.0,
98.65,26776,384.351,-697.169,-0.009,5.375,30.0,1271,-1,98.31,False,-1,True,True,0.365,0.0,0.001,False,False,0.224,-0.002,41.932,1271,104.25,,,,,0,False,False,0.0,False,5.95,5.73,20.0,
98.7,26777,384.552,-696.989,-0.009,5.404,30.0,1271,-1,98.58,False,-1,True,True,0.693,0.0,-0.002,False,False,0.176,0.003,41.907,1271,104.25,,,,,0,False,False,0.0,False,5.68,5.69,20.0,
98.75,26778,384.75,-696.811,-0.008,5.3,30.0,1271,-1,98.85,False,-1,True,True,0.581,0.0,0.002,False,False,0.122,0.0,41.942,1271,108.19,,,,,0,False,False,0.0,False,9.35,5.7,20.0,
98.8,26779,384.948,-696.634,-0.008,5.34,30.0,1271,-1,99.11,False,-1,True,True,0.75,0.0,-0.003,False,False,0.088,0.004,41.917,1271,108.19,,,,,0,False,False,0.0,False,9.09,5.65,20.0,
98.85,26780,385.145,-696.457,-0.008,5.26,30.0,1271,-1,99.38,False,-1,True,True,0.75,0.0,0.002,False,False,0.061,0.0,41.95,1271,108.19,,,,,0,False,False,0.0,False,8.82,5.67,20.0,
98.9,26781,385.342,-696.28,-0.008,5.336,30.0,1271,-1,99.64,False,-1,True,True,0.75,0.0,-0.003,False,False,0.058,0.003,41.924,1271,108.19,,,,,0,False,False,0.0,False,8.56,5.63,20.0,
98.95,26782,385.54,-696.103,-0.008,5.288,30.0,1271,-1,99.91,False,-1,True,True,0.75,0.0,0.001,False,False,0.059,-0.0,41.955,1271,108.19,,,,,0,False,False,0.0,False,8.29,5.67,20.0,
99.0,26783,385.738,-695.925,-0.008,5.359,30.0,1271,-1,100.17,False,-1,True,True,0.75,0.0,-0.003,False,False,0.069,0.002,41.924,1271,108.19,,,,,0,False,False,0.0,False,8.03,5.64,20.0,
99.05,26784,385.936,-695.747,-0.008,5.285,30.0,1271,-1,100.44,False,-1,True,True,0.726,0.0,0.002,False,False,0.065,-0.002,41.949,1271,108.19,,,,,0,False,False,0.0,False,7.76,5.68,20.0,
99.1,26785,386.138,-695.566,-0.008,5.612,30.0,1271,-1,100.71,False,-1,True,True,0.75,0.0,-0.003,False,False,0.11,0.001,41.911,1271,108.19,,,,,0,False,False,0.0,False,7.49,5.64,20.0,
99.15,26786,386.355,-695.37,-0.009,5.951,30.0,1271,-1,101.0,False,-1,True,True,0.0,0.184,0.003,False,False,0.258,-0.004,41.893,1271,108.19,,,,,0,False,False,0.0,False,7.2,5.81,20.0,
99.2,26787,386.585,-695.164,-0.01,6.258,30.0,1271,-1,101.31,False,-1,True,True,0.0,0.3,0.002,False,False,0.378,-0.007,41.895,1271,108.19,,,,,0,False,False,0.0,False,6.89,5.98,20.0,
99.25,26788,386.818,-694.954,-0.011,6.26,30.0,1271,-1,101.63,False,-1,True,True,0.0,0.3,0.0,False,False,0.398,-0.005,41.9,1271,108.19,,,,,0,False,False,0.0,False,6.57,6.13,20.0,
99.3,26789,387.052,-694.745,-0.01,6.28,30.0,1271,-1,101.94,False,-1,True,True,0.0,0.3,-0.0,False,False,0.345,-0.001,41.903,1271,108.19,,,,,0,False,False,0.0,False,6.26,6.13,20.0,
99.35,26790,387.281,-694.539,-0.009,6.096,30.0,1271,-1,102.25,False,-1,True,True,0.0,0.3,0.0,False,False,0.239,0.001,41.891,1271,108.19,,,,,0,False,False,0.0,False,5.95,6.14,20.0,
99.4,26791,387.504,-694.338,-0.008,5.991,30.0,1271,-1,102.55,False,-1,True,True,0.0,0.3,0.001,False,False,0.123,0.0,41.92,1271,112.12,,,,,0,False,False,0.0,False,9.59,6.05,20.0,
99.45,26792,387.721,-694.144,-0.007,5.746,30.0,1271,-1,102.84,False,-1,True,True,0.0,0.3,-0.002,False,False,0.008,0.005,41.893,1271,112.12,,,,,0,False,False,0.0,False,9.29,6.0,20.0,
99.5,26793,387.931,-693.955,-0.006,5.611,30.0,1271,-1,103.12,False,-1,True,True,0.0,0.3,0.002,False,False,-0.084,0.001,41.921,1271,112.12,,,,,0,False,False,0.0,False,9.01,5.87,20.0,
99.55,26794,388.134,-693.773,-0.006,5.352,30.0,1271,-1,103.39,False,-1,True,True,0.0,0.23,-0.002,False,False,-0.161,0.004,41.892,1271,112.12,,,,,0,False,False,0.0,False,8.74,5.81,20.0,
99.6,26795,388.33,-693.597,-0.005,5.25,30.0,1271,-1,103.66,False,-1,True,True,0.7,0.0,0.003,False,False,-0.205,-0.001,41.918,1271,112.12,,,,,0,False,False,0.0,False,8.48,5.68,20.0,
99.65,26796,388.521,-693.426,-0.005,5.048,30.0,1271,-1,103.91,False,-1,True,True,0.75,0.0,-0.002,False,False,-0.227,0.001,41.882,1271,112.12,,,,,0,False,False,0.0,False,8.22,5.62,20.0,
99.7,26797,388.708,-693.258,-0.005,5.04,30.0,1271,-1,104.17,False,-1,True,True,0.75,0.0,0.003,False,False,-0.214,-0.004,41.875,1271,112.12,,,,,0,False,False,0.0,False,7.97,5.52,20.0,
99.75,26798,388.895,-693.09,-0.006,4.941,30.0,1271,-1,104.42,False,-1,True,True,0.75,0.0,0.002,False,False,-0.164,-0.005,41.869,1271,112.12,,,,,0,False,False,0.0,False,7.72,5.52,20.0,
99.8,26799,389.082,-692.922,-0.006,4.937,30.0,1271,-1,104.67,False,-1,True,True,0.75,0.0,0.002,False,False,-0.113,-0.003,41.881,1271,112.12,,,,,0,False,False,0.0,False,7.47,5.47,20.0,
99.85,26800,389.255,-692.767,-0.006,4.514,30.0,1271,-1,104.9,False,-1,True,True,0.75,0.0,-0.0,False,False,-0.185,-0.001,41.913,1271,112.12,,,,,0,False,False,0.0,False,7.23,5.47,20.0,
99.9,26801,389.417,-692.622,-0.005,4.261,30.0,1271,-1,105.12,False,-1,True,True,0.75,0.0,-0.002,False,False,-0.267,0.004,41.916,1271,112.12,,,,,0,False,False,0.0,False,7.02,5.26,20.0,
99.95,26802,389.572,-692.483,-0.005,4.128,30.0,1271,-1,105.33,False,-1,True,True,0.75,0.0,-0.0,False,False,-0.3,0.004,41.913,1271,112.12,,,,,0,False,False,0.0,False,6.81,5.13,20.0,
100.0,26803,389.724,-692.346,-0.005,4.083,30.0,1271,-1,105.53,False,-1,True,True,0.75,0.0,0.0,False,False,-0.276,0.002,41.912,1271,112.12,,,,,0,False,False,0.0,False,6.6,5.06,20.0,
100.05,26804,389.877,-692.209,-0.005,4.097,30.0,1271,-1,105.74,False,-1,True,True,0.75,0.0,-0.0,False,False,-0.212,0.001,41.912,1271,112.12,,,,,0,False,False,0.0,False,6.4,5.04,20.0,
100.1,26805,390.031,-692.071,-0.006,4.146,30.0,1271,-1,105.94,False,-1,True,True,0.75,0.0,-0.0,False,False,-0.13,0.0,41.912,1271,112.12,,,,,0,False,False,0.0,False,6.19,5.05,20.0,
100.15,26806,390.187,-691.931,-0.007,4.218,30.0,1271,-1,106.15,False,-1,True,True,0.75,0.0,-0.0,False,False,-0.045,0.0,41.912,1271,112.12,,,,,0,False,False,0.0,False,5.98,5.07,20.0,
100.2,26807,390.347,-691.788,-0.008,4.304,30.0,1271,-1,106.37,False,-1,True,True,0.75,0.0,-0.0,False,False,0.031,-0.0,41.911,1271,112.12,,,,,0,False,False,0.0,False,5.77,5.11,20.0,
100.25,26808,390.509,-691.642,-0.008,4.398,30.0,1271,-1,106.59,False,-1,True,True,0.75,0.0,0.0,False,False,0.095,-0.0,41.911,1271,112.12,,,,,0,False,False,0.0,False,5.55,5.15,20.0,
100.3,26809,390.675,-691.492,-0.009,4.497,30.0,1271,-1,106.81,False,-1,True,True,0.75,0.0,-0.0,False,False,0.145,-0.0,41.911,1271,112.12,,,,,0,False,False,0.0,False,5.33,5.2,20.0,
100.35,26810,390.845,-691.34,-0.009,4.598,30.0,1271,-1,107.04,False,-1,True,True,0.75,0.0,0.0,False,False,0.183,-0.0,41.911,1271,112.12,,,,,0,False,False,0.0,False,5.1,5.25,20.0,
100.4,26811,391.019,-691.184,-0.009,4.702,30.0,1271,-1,107.27,False,-1,True,True,0.75,0.0,-0.0,False,False,0.211,0.0,41.911,1271,116.06,,,,,0,False,False,0.0,False,8.8,5.3,20.0,
100.45,26812,391.196,-691.025,-0.009,4.806,30.0,1271,-1,107.51,False,-1,True,True,0.75,0.0,-0.0,False,False,0.23,0.0,41.91,1271,116.06,,,,,0,False,False,0.0,False,8.56,5.35,20.0,
100.5,26813,391.378,-690.862,-0.009,4.91,30.0,1271,-1,107.75,False,-1,True,True,0.75,0.0,-0.0,False,False,0.243,0.0,41.91,1271,116.06,,,,,0,False,False,0.0,False,8.32,5.4,20.0,
100.55,26814,391.563,-690.696,-0.009,5.014,30.0,1271,-1,108.0,False,-1,True,True,0.75,0.0,0.0,False,False,0.251,-0.0,41.91,1271,116.06,,,,,0,False,False,0.0,False,8.07,5.46,20.0,
100.6,26815,391.752,-690.527,-0.009,5.119,30.0,1271,-1,108.25,False,-1,True,True,0.75,0.0,-0.0,False,False,0.257,-0.0,41.91,1271,116.06,,,,,0,False,False,0.0,False,7.81,5.51,20.0,
100.65,26816,391.944,-690.354,-0.009,5.178,30.0,1271,-1,108.51,False,-1,True,True,0.75,0.0,-0.0,False,False,0.257,0.0,41.91,1271,116.06,,,,,0,False,False,0.0,False,7.55,5.56,20.0,
100.7,26817,392.141,-690.177,-0.009,5.355,30.0,1271,-1,108.78,False,-1,True,True,0.75,0.0,0.0,False,False,0.261,0.0,41.907,1271,116.06,,,,,0,False,False,0.0,False,7.29,5.59,20.0,
100.75,26818,392.339,-689.999,-0.009,5.301,30.0,1271,-1,109.04,False,-1,True,True,0.75,0.0,0.0,False,False,0.24,-0.001,41.925,1271,116.06,,,,,0,False,False,0.0,False,7.02,5.68,20.0,
100.8,26819,392.537,-689.821,-0.009,5.356,30.0,1271,-1,109.31,False,-1,True,True,0.75,0.0,-0.002,False,False,0.202,0.002,41.899,1271,116.06,,,,,0,False,False,0.0,False,6.76,5.65,20.0,
100.85,26820,392.735,-689.644,-0.008,5.287,30.0,1271,-1,109.58,False,-1,True,True,0.75,0.0,0.002,False,False,0.158,-0.001,41.934,1271,116.06,,,,,0,False,False,0.0,False,6.49,5.68,20.0,
100.9,26821,392.933,-689.466,-0.008,5.373,30.0,1271,-1,109.84,False,-1,True,True,0.75,0.0,-0.003,False,False,0.135,0.003,41.911,1271,116.06,,,,,0,False,False,0.0,False,6.23,5.64,20.0,
100.95,26822,393.132,-689.288,-0.008,5.309,30.0,1271,-1,110.11,False,-1,True,True,0.691,0.0,0.002,False,False,0.115,-0.0,41.941,1271,116.06,,,,,0,False,False,0.0,False,5.96,5.69,20.0,
101.0,26823,393.331,-689.11,-0.008,5.376,30.0,1271,-1,110.38,False,-1,True,True,0.75,0.0,-0.003,False,False,0.103,0.002,41.91,1271,116.06,,,,,0,False,False,0.0,False,5.69,5.65,20.0,
101.05,26824,393.531,-688.93,-0.008,5.455,30.0,1271,-1,110.65,False,-1,True,True,0.673,0.0,0.002,False,False,0.105,-0.002,41.913,1271,116.06,,,,,0,False,False,0.0,False,5.42,5.69,20.0,
101.1,26825,393.745,-688.735,-0.009,5.967,30.0,1271,-1,110.94,False,-1,True,True,0.385,0.0,0.029,False,False,0.241,-0.062,41.99,1271,119.99,,,,,0,False,False,0.0,False,8.94,5.73,20.0,
101.15,26826,393.972,-688.529,-0.01,6.17,30.0,1271,-1,111.24,False,-1,True,True,0.0,0.3,0.001,False,False,0.364,-0.055,42.071,1271,119.99,,,,,0,False,False,0.0,False,8.63,5.98,20.0,
101.2,26827,394.204,-688.318,-0.011,6.322,30.0,1271,-1,111.56,False,-1,True,True,0.0,0.3,-0.002,False,False,0.404,-0.023,42.098,1271,119.99,,,,,0,False,False,0.0,False,8.32,6.08,20.0,
101.25,26828,394.436,-688.108,-0.01,6.218,30.0,1271,-1,111.87,False,-1,True,True,0.0,0.3,0.001,False,False,0.351,-0.008,42.114,1271,119.99,,,,,0,False,False,0.0,False,8.01,6.16,20.0,
101.3,26829,394.665,-687.901,-0.009,6.162,30.0,1271,-1,112.18,False,-1,True,True,0.0,0.3,0.002,False,False,0.254,-0.004,42.112,1271,119.99,,,,,0,False,False,0.0,False,7.7,6.11,20.0,
101.35,26830,394.888,-687.699,-0.008,5.94,30.0,1271,-1,112.48,False,-1,True,True,0.0,0.3,0.003,False,False,0.131,-0.005,42.151,1271,119.99,,,,,0,False,False,0.0,False,7.4,6.08,20.0,
101.4,26831,395.104,-687.503,-0.007,5.818,30.0,1271,-1,112.77,False,-1,True,True,0.0,0.3,-0.001,False,False,0.021,-0.001,42.135,1271,119.99,,,,,0,False,False,0.0,False,7.1,5.97,20.0,
101.45,26832,395.314,-687.313,-0.006,5.561,30.0,1271,-1,113.05,False,-1,True,True,0.0,0.3,0.003,False,False,-0.079,-0.003,42.17,1271,119.99,,,,,0,False,False,0.0,False,6.82,5.91,20.0,
101.5,26833,395.517,-687.129,-0.006,5.448,30.0,1271,-1,113.33,False,-1,True,True,0.0,0.05,-0.001,False,False,-0.148,0.001,42.151,1271,119.99,,,,,0,False,False,0.0,False,6.55,5.78,20.0,
101.55,26834,395.713,-686.951,-0.005,5.229,30.0,1271,-1,113.59,False,-1,True,True,0.357,0.0,0.003,False,False,-0.193,-0.001,42.191,1271,119.99,,,,,0,False,False,0.0,False,6.28,5.72,20.0,
101.6,26835,395.905,-686.777,-0.005,5.161,30.0,1271,-1,113.85,False,-1,True,True,0.75,0.0,-0.002,False,False,-0.208,0.004,42.174,1271,119.99,,,,,0,False,False,0.0,False,6.02,5.61,20.0,
101.65,26836,396.093,-686.607,-0.005,5.002,30.0,1271,-1,114.1,False,-1,True,True,0.75,0.0,0.002,False,False,-0.208,0.002,42.216,1271,119.99,,,,,0,False,False,0.0,False,5.77,5.58,20.0,
101.7,26837,396.28,-686.438,-0.006,5.074,30.0,1271,-1,114.36,False,-1,True,True,0.75,0.0,-0.003,False,False,-0.161,0.005,42.197,1271,119.99,,,,,0,False,False,0.0,False,5.52,5.5,20.0,
101.75,26838,396.464,-686.265,-0.006,5.026,30.0,1271,-1,114.61,False,-1,True,True,0.75,0.0,0.097,False,False,-0.108,-0.139,42.451,1271,123.93,,,,,0,False,False,0.0,False,9.05,5.54,20.0,
101.8,26839,396.635,-686.099,-0.006,4.604,30.0,1271,-1,114.85,False,-1,True,True,0.75,0.0,0.075,False,False,-0.161,-0.223,42.821,1271,123.93,,,,,0,False,False,0.0,False,8.82,5.51,20.0,
101.85,26840,396.792,-685.945,-0.005,4.332,30.0,1271,-1,115.07,False,-1,True,True,0.75,0.0,0.054,False,False,-0.247,-0.218,43.147,1271,123.93,,,,,0,False,False,0.0,False,8.6,5.3,20.0,
101.9,26841,396.943,-685.797,-0.005,4.185,30.0,1271,-1,115.28,False,-1,True,True,0.75,0.0,0.046,False,False,-0.289,-0.182,43.415,1271,123.93,,,,,0,False,False,0.0,False,8.38,5.17,20.0,
101.95,26842,397.09,-685.651,-0.005,4.129,30.0,1271,-1,115.48,False,-1,True,True,0.75,0.0,0.041,False,False,-0.275,-0.143,43.647,1271,123.93,,,,,0,False,False,0.0,False,8.18,5.09,20.0,
102.0,26843,397.237,-685.505,-0.005,4.136,30.0,1271,-1,115.69,False,-1,True,True,0.75,0.0,0.036,False,False,-0.218,-0.108,43.852,1271,123.93,,,,,0,False,False,0.0,False,7.97,5.06,20.0,
102.05,26844,397.385,-685.358,-0.006,4.181,30.0,1271,-1,115.9,False,-1,True,True,0.75,0.0,0.031,False,False,-0.139,-0.078,44.033,1271,123.93,,,,,0,False,False,0.0,False,7.76,5.07,20.0,
102.1,26845,397.535,-685.208,-0.007,4.25,30.0,1271,-1,116.11,False,-1,True,True,0.75,0.0,0.027,False,False,-0.055,-0.055,44.193,1271,123.93,,,,,0,False,False,0.0,False,7.55,5.09,20.0,
102.15,26846,397.687,-685.056,-0.007,4.334,30.0,1271,-1,116.33,False,-1,True,True,0.75,0.0,0.023,False,False,0.022,-0.037,44.333,1271,123.93,,,,,0,False,False,0.0,False,7.33,5.13,20.0,
102.2,26847,397.842,-684.9,-0.008,4.426,30.0,1271,-1,116.55,False,-1,True,True,0.75,0.0,0.02,False,False,0.087,-0.024,44.457,1271,123.93,,,,,0,False,False,0.0,False,7.11,5.17,20.0,
102.25,26848,398.001,-684.741,-0.008,4.524,30.0,1271,-1,116.77,False,-1,True,True,0.75,0.0,0.017,False,False,0.139,-0.015,44.564,1271,123.93,,,,,0,False,False,0.0,False,6.89,5.21,20.0,
102.3,26849,398.163,-684.578,-0.009,4.625,30.0,1271,-1,117.0,False,-1,True,True,0.75,0.0,0.014,False,False,0.178,-0.009,44.658,1271,123.93,,,,,0,False,False,0.0,False,6.66,5.26,20.0,
102.35,26850,398.329,-684.412,-0.009,4.728,30.0,1271,-1,117.23,False,-1,True,True,0.75,0.0,0.012,False,False,0.207,-0.005,44.739,1271,123.93,,,,,0,False,False,0.0,False,6.43,5.31,20.0,
102.4,26851,398.498,-684.243,-0.009,4.832,30.0,1271,-1,117.47,False,-1,True,True,0.75,0.0,0.01,False,False,0.227,-0.003,44.809,1271,123.93,,,,,0,False,False,0.0,False,6.19,5.36,20.0,
102.45,26852,398.671,-684.069,-0.009,4.936,30.0,1271,-1,117.72,False,-1,True,True,0.75,0.0,0.008,False,False,0.241,-0.001,44.869,1271,123.93,,,,,0,False,False,0.0,False,5.94,5.42,20.0,
102.5,26853,398.847,-683.892,-0.009,5.04,30.0,1271,-1,117.97,False,-1,True,True,0.75,0.0,0.007,False,False,0.25,-0.0,44.921,1271,123.93,,,,,0,False,False,0.0,False,5.69,5.47,20.0,
102.55,26854,399.027,-683.711,-0.009,5.141,30.0,1271,-1,118.22,False,-1,True,True,0.75,0.0,0.006,False,False,0.256,0.0,44.966,1271,123.93,,,,,0,False,False,0.0,False,5.44,5.52,20.0,
102.6,26855,399.208,-683.524,-0.009,5.265,30.0,1271,-1,118.48,False,-1,True,True,0.75,0.0,0.106,False,False,0.256,-0.133,45.212,1271,127.86,,,,,0,False,False,0.0,False,9.11,5.57,20.0,
102.65,26856,399.387,-683.332,-0.009,5.227,30.0,1271,-1,118.74,False,-1,True,True,0.75,0.0,0.065,False,False,0.238,-0.227,45.623,1271,127.86,,,,,0,False,False,0.0,False,8.85,5.63,20.0,
102.7,26857,399.566,-683.14,-0.009,5.278,30.0,1271,-1,119.0,False,-1,True,True,0.75,0.0,0.039,False,False,0.201,-0.206,46.009,1271,127.86,,,,,0,False,False,0.0,False,8.59,5.61,20.0,
102.75,26858,399.744,-682.949,-0.008,5.206,30.0,1271,-1,119.26,False,-1,True,True,0.75,0.0,0.029,False,False,0.157,-0.153,46.255,1271,127.86,,,,,0,False,False,0.0,False,8.33,5.64,20.0,
102.8,26859,399.923,-682.757,-0.008,5.289,30.0,1271,-1,119.53,False,-1,True,True,0.75,0.0,0.031,False,False,0.133,-0.119,46.512,1271,127.86,,,,,0,False,False,0.0,False,8.06,5.6,20.0,
102.85,26860,400.102,-682.564,-0.008,5.247,30.0,1271,-1,119.79,False,-1,True,True,0.75,0.0,0.022,False,False,0.115,-0.088,46.676,1271,127.86,,,,,0,False,False,0.0,False,7.8,5.64,20.0,
102.9,26861,400.281,-682.37,-0.008,5.312,30.0,1271,-1,120.2,False,-1,True,True,0.75,0.0,0.023,False,False,0.107,-0.069,46.866,1271,127.86,,,,,0,False,False,0.0,False,7.54,5.62,20.0,
102.95,26862,400.459,-682.176,-0.008,5.239,30.0,1271,-1,120.46,False,-1,True,True,0.75,0.0,0.015,False,False,0.091,-0.048,46.976,1271,127.86,,,,,0,False,False,0.0,False,7.27,5.66,20.0,
103.0,26863,400.643,-681.975,-0.008,5.664,30.0,1271,-1,120.74,False,-1,True,True,0.75,0.0,0.017,False,False,0.154,-0.042,47.086,1271,127.86,,,,,0,False,False,0.0,False,7.0,5.62,20.0,
103.05,26864,400.842,-681.758,-0.01,5.988,30.0,1271,-1,121.1,False,-1,True,True,0.0,0.3,0.013,False,False,0.303,-0.038,47.188,1271,127.86,,,,,0,False,False,0.0,False,6.71,5.83,20.0,
103.1,26865,401.051,-681.529,-0.011,6.277,30.0,1271,-1,121.41,False,-1,True,True,0.0,0.3,0.01,False,False,0.408,-0.03,47.285,1271,127.86,,,,,0,False,False,0.0,False,6.4,5.99,20.0,
103.15,26866,401.263,-681.297,-0.011,6.269,30.0,1271,-1,121.72,False,-1,True,True,0.0,0.3,0.007,False,False,0.414,-0.02,47.365,1271,127.86,,,,,0,False,False,0.0,False,6.08,6.14,20.0,
103.2,26867,401.476,-681.066,-0.01,6.282,30.0,1271,-1,122.04,False,-1,True,True,0.0,0.3,-0.007,False,False,0.351,0.015,47.377,1271,131.79,,,,,0,False,False,0.0,False,9.86,6.13,20.0,
103.25,26868,401.683,-680.84,-0.009,6.088,30.0,1271,-1,122.34,False,-1,True,True,0.0,0.3,0.006,False,False,0.236,0.014,47.41,1271,131.79,,,,,0,False,False,0.0,False,9.55,6.14,20.0,
103.3,26869,401.886,-680.618,-0.008,5.982,30.0,1271,-1,122.64,False,-1,True,True,0.0,0.3,0.004,False,False,0.117,0.007,47.41,1271,131.79,,,,,0,False,False,0.0,False,9.25,6.04,20.0,
103.35,26870,402.083,-680.404,-0.007,5.737,30.0,1271,-1,122.93,False,-1,True,True,0.0,0.3,0.006,False,False,0.002,-0.002,47.466,1271,131.79,,,,,0,False,False,0.0,False,8.96,5.99,20.0,
103.4,26871,402.273,-680.196,-0.006,5.602,30.0,1271,-1,123.28,False,-1,True,True,0.0,0.3,0.0,False,False,-0.089,0.0,47.462,1271,131.79,,,,,0,False,False,0.0,False,8.68,5.87,20.0,
103.45,26872,402.456,-679.995,-0.006,5.347,30.0,1271,-1,123.55,False,-1,True,True,0.0,0.198,0.004,False,False,-0.164,-0.002,47.51,1271,131.79,,,,,0,False,False,0.0,False,8.41,5.8,20.0,
103.5,26873,402.634,-679.801,-0.005,5.249,30.0,1271,-1,123.81,False,-1,True,True,0.716,0.0,-0.001,False,False,-0.205,0.002,47.501,1271,131.79,,,,,0,False,False,0.0,False,8.14,5.67,20.0,
103.55,26874,402.807,-679.612,-0.005,5.047,30.0,1271,-1,124.07,False,-1,True,True,0.75,0.0,0.003,False,False,-0.226,0.0,47.55,1271,131.79,,,,,0,False,False,0.0,False,7.89,5.62,20.0,
103.6,26875,402.978,-679.426,-0.005,5.072,30.0,1271,-1,124.32,False,-1,True,True,0.75,0.0,-0.002,False,False,-0.206,0.004,47.527,1271,131.79,,,,,0,False,False,0.0,False,7.63,5.52,20.0,
103.65,26876,403.148,-679.239,-0.006,5.026,30.0,1271,-1,124.57,False,-1,True,True,0.75,0.0,0.003,False,False,-0.152,-0.002,47.566,1271,131.79,,,,,0,False,False,0.0,False,7.38,5.54,20.0,
103.7,26877,403.315,-679.057,-0.006,4.78,30.0,1271,-1,124.82,False,-1,True,True,0.75,0.0,-0.002,False,False,-0.143,0.001,47.565,1271,131.79,,,,,0,False,False,0.0,False,7.14,5.51,20.0,
103.75,26878,403.468,-678.89,-0.005,4.414,30.0,1271,-1,125.04,False,-1,True,True,0.75,0.0,0.001,False,False,-0.229,0.001,47.562,1271,131.79,,,,,0,False,False,0.0,False,6.91,5.39,20.0,
103.8,26879,403.611,-678.733,-0.005,4.191,30.0,1271,-1,125.26,False,-1,True,True,0.75,0.0,0.001,False,False,-0.3,-0.001,47.564,1271,131.79,,,,,0,False,False,0.0,False,6.7,5.21,20.0,
103.85,26880,403.75,-678.581,-0.005,4.081,30.0,1271,-1,125.46,False,-1,True,True,0.75,0.0,0.0,False,False,-0.314,-0.001,47.567,1271,131.79,,,,,0,False,False,0.0,False,6.49,5.1,20.0,
103.9,26881,403.887,-678.431,-0.005,4.053,30.0,1271,-1,125.66,False,-1,True,True,0.75,0.0,0.0,False,False,-0.275,-0.001,47.569,1271,131.79,,,,,0,False,False,0.0,False,6.29,5.04,20.0,
103.95,26882,404.025,-678.28,-0.006,4.077,30.0,1271,-1,125.87,False,-1,True,True,0.75,0.0,0.0,False,False,-0.202,-0.001,47.571,1271,131.79,,,,,0,False,False,0.0,False,6.08,5.03,20.0,
104.0,26883,404.164,-678.128,-0.006,4.134,30.0,1271,-1,126.07,False,-1,True,True,0.75,0.0,0.0,False,False,-0.115,-0.0,47.572,1271,131.79,,,,,0,False,False,0.0,False,5.88,5.04,20.0,
104.05,26884,404.305,-677.973,-0.007,4.21,30.0,1271,-1,126.28,False,-1,True,True,0.75,0.0,0.0,False,False,-0.03,-0.0,47.573,1271,131.79,,,,,0,False,False,0.0,False,5.67,5.07,20.0,
104.1,26885,404.449,-677.816,-0.008,4.298,30.0,1271,-1,126.5,False,-1,True,True,0.75,0.0,0.0,False,False,0.045,-0.0,47.575,1271,131.79,,,,,0,False,False,0.0,False,5.45,5.1,20.0,
104.15,26886,404.597,-677.654,-0.008,4.394,30.0,1271,-1,126.72,False,-1,True,True,0.75,0.0,0.0,False,False,0.107,-0.0,47.576,1271,131.79,,,,,0,False,False,0.0,False,5.24,5.15,20.0,
104.2,26887,404.747,-677.49,-0.009,4.494,30.0,1271,-1,126.94,False,-1,True,True,0.75,0.0,0.0,False,False,0.155,-0.0,47.577,1271,131.79,,,,,0,False,False,0.0,False,5.01,5.2,20.0,
104.25,26888,404.904,-677.325,-0.009,4.583,30.0,1271,-1,127.17,False,-1,True,True,0.75,0.0,-0.1,False,False,0.187,0.132,47.343,1271,135.73,,,,,0,False,False,0.0,False,8.72,5.25,20.0,
104.3,26889,405.066,-677.158,-0.009,4.689,30.0,1271,-1,127.4,False,-1,True,True,0.75,0.0,-0.018,False,False,0.212,0.157,47.077,1271,135.73,,,,,0,False,False,0.0,False,8.48,5.29,20.0,
104.35,26890,405.229,-676.985,-0.009,4.795,30.0,1271,-1,127.63,False,-1,True,True,0.75,0.0,-0.006,False,False,0.23,0.096,46.957,1271,135.73,,,,,0,False,False,0.0,False,8.25,5.34,20.0,
104.4,26891,405.396,-676.809,-0.009,4.901,30.0,1271,-1,127.88,False,-1,True,True,0.75,0.0,-0.014,False,False,0.243,0.059,46.871,1271,135.73,,,,,0,False,False,0.0,False,8.0,5.4,20.0,
104.45,26892,405.567,-676.629,-0.009,5.006,30.0,1271,-1,128.13,False,-1,True,True,0.75,0.0,-0.013,False,False,0.252,0.042,46.785,1271,135.73,,,,,0,False,False,0.0,False,7.75,5.45,20.0,
104.5,26893,405.742,-676.445,-0.009,5.111,30.0,1271,-1,128.38,False,-1,True,True,0.75,0.0,-0.01,False,False,0.258,0.028,46.709,1271,135.73,,,,,0,False,False,0.0,False,7.5,5.5,20.0,
104.55,26894,405.92,-676.258,-0.009,5.203,30.0,1271,-1,128.64,False,-1,True,True,0.75,0.0,-0.009,False,False,0.26,0.018,46.628,1271,135.73,,,,,0,False,False,0.0,False,7.24,5.56,20.0,
104.6,26895,406.1,-676.07,-0.009,5.198,30.0,1271,-1,128.9,False,-1,True,True,0.75,0.0,-0.006,False,False,0.235,0.008,46.612,1271,135.73,,,,,0,False,False,0.0,False,6.98,5.6,20.0,
104.65,26896,406.278,-675.882,-0.009,5.18,30.0,1271,-1,129.15,False,-1,True,True,0.75,0.0,-0.009,False,False,0.189,0.01,46.517,1271,135.73,,,,,0,False,False,0.0,False,6.72,5.6,20.0,
104.7,26897,406.457,-675.695,-0.008,5.18,30.0,1271,-1,129.41,False,-1,True,True,0.75,0.0,-0.001,False,False,0.149,0.001,46.521,1271,135.73,,,,,0,False,False,0.0,False,6.46,5.59,20.0,
104.75,26898,406.636,-675.507,-0.008,5.195,30.0,1271,-1,129.67,False,-1,True,True,0.75,0.0,-0.008,False,False,0.124,0.004,46.441,1271,135.73,,,,,0,False,False,0.0,False,6.21,5.59,20.0,
104.8,26899,406.816,-675.319,-0.008,5.224,30.0,1271,-1,129.93,False,-1,True,True,0.75,0.0,0.0,False,False,0.114,-0.002,46.457,1271,135.73,,,,,0,False,False,0.0,False,5.95,5.6,20.0,
104.85,26900,406.996,-675.13,-0.008,5.219,30.0,1271,-1,130.12,False,-1,True,True,0.75,0.0,-0.007,False,False,0.103,0.003,46.39,1271,135.73,,,,,0,False,False,0.0,False,5.68,5.61,20.0,
104.9,26901,407.176,-674.942,-0.008,5.216,30.0,1271,-1,130.38,False,-1,True,True,0.75,0.0,0.001,False,False,0.092,-0.002,46.416,1271,135.73,,,,,0,False,False,0.0,False,5.42,5.61,20.0,
104.95,26902,407.365,-674.75,-0.008,5.564,30.0,1271,-1,130.65,False,-1,True,True,0.75,0.0,-0.074,False,False,0.15,0.119,46.207,1271,139.66,,,,,0,False,False,0.0,False,9.09,5.61,20.0,
105.0,26903,407.57,-674.541,-0.01,5.986,30.0,1271,-1,130.94,False,-1,True,True,0.0,0.0,-0.004,False,False,0.307,0.122,46.014,1271,139.66,,,,,0,False,False,0.0,False,8.8,5.78,20.0,
105.05,26904,407.785,-674.32,-0.011,6.236,30.0,1271,-1,131.18,False,-1,True,True,0.0,0.3,0.001,False,False,0.423,0.057,45.912,1271,139.66,,,,,0,False,False,0.0,False,8.49,5.99,20.0,
105.1,26905,408.004,-674.095,-0.011,6.289,30.0,1271,-1,131.49,False,-1,True,True,0.0,0.3,-0.003,False,False,0.436,0.019,45.893,1271,139.66,,,,,0,False,False,0.0,False,8.17,6.12,20.0,
105.15,26906,408.222,-673.872,-0.01,6.205,30.0,1271,-1,131.8,False,-1,True,True,0.0,0.3,-0.008,False,False,0.357,0.014,45.815,1271,139.66,,,,,0,False,False,0.0,False,7.86,6.14,20.0,
105.2,26907,408.435,-673.653,-0.009,6.077,30.0,1271,-1,132.11,False,-1,True,True,0.0,0.3,-0.001,False,False,0.239,0.005,45.817,1271,139.66,,,,,0,False,False,0.0,False,7.56,6.1,20.0,
105.25,26908,408.643,-673.44,-0.008,5.919,30.0,1271,-1,132.41,False,-1,True,True,0.0,0.3,-0.007,False,False,0.116,0.007,45.745,1271,139.66,,,,,0,False,False,0.0,False,7.26,6.04,20.0,
105.3,26909,408.846,-673.233,-0.007,5.74,30.0,1271,-1,132.69,False,-1,True,True,0.0,0.3,0.001,False,False,0.006,0.0,45.759,1271,139.66,,,,,0,False,False,0.0,False,6.97,5.96,20.0,
105.35,26910,409.041,-673.032,-0.006,5.547,30.0,1271,-1,132.98,False,-1,True,True,0.0,0.3,-0.006,False,False,-0.086,0.003,45.696,1271,139.66,,,,,0,False,False,0.0,False,6.69,5.87,20.0,
105.4,26911,409.231,-672.838,-0.006,5.377,30.0,1271,-1,133.25,False,-1,True,True,0.001,0.0,0.002,False,False,-0.154,-0.002,45.722,1271,139.66,,,,,0,False,False,0.0,False,6.42,5.77,20.0,
105.45,26912,409.416,-672.649,-0.005,5.227,30.0,1271,-1,133.51,False,-1,True,True,0.611,0.0,-0.005,False,False,-0.191,0.003,45.666,1271,139.66,,,,,0,False,False,0.0,False,6.15,5.69,20.0,
105.5,26913,409.596,-672.465,-0.005,5.094,30.0,1271,-1,133.77,False,-1,True,True,0.75,0.0,0.002,False,False,-0.207,-0.002,45.699,1271,139.66,,,,,0,False,False,0.0,False,5.9,5.61,20.0,
105.55,26914,409.772,-672.284,-0.005,5.049,30.0,1271,-1,134.02,False,-1,True,True,0.75,0.0,-0.005,False,False,-0.194,0.003,45.635,1271,139.66,,,,,0,False,False,0.0,False,5.64,5.55,20.0,
105.6,26915,409.949,-672.104,-0.006,5.044,30.0,1271,-1,134.27,False,-1,True,True,0.75,0.0,-0.005,False,False,-0.145,0.01,45.648,1271,139.66,,,,,0,False,False,0.0,False,5.39,5.52,20.0,
105.65,26916,410.125,-671.927,-0.006,4.856,30.0,1271,-1,134.52,False,-1,True,True,0.75,0.0,-0.041,False,False,-0.119,0.061,45.519,1271,143.6,,,,,0,False,False,0.0,False,9.07,5.52,20.0,
105.7,26917,410.287,-671.764,-0.005,4.474,30.0,1271,-1,134.75,False,-1,True,True,0.75,0.0,-0.0,False,False,-0.202,0.048,45.459,1271,143.6,,,,,0,False,False,0.0,False,8.84,5.43,20.0,
105.75,26918,410.439,-671.611,-0.005,4.236,30.0,1271,-1,134.97,False,-1,True,True,0.75,0.0,-0.003,False,False,-0.281,0.024,45.434,1271,143.6,,,,,0,False,False,0.0,False,8.63,5.24,20.0,
105.8,26919,410.585,-671.464,-0.005,4.116,30.0,1271,-1,135.18,False,-1,True,True,0.75,0.0,-0.005,False,False,-0.305,0.012,45.412,1271,143.6,,,,,0,False,False,0.0,False,8.42,5.12,20.0,
105.85,26920,410.729,-671.318,-0.005,4.079,30.0,1271,-1,135.38,False,-1,True,True,0.75,0.0,-0.004,False,False,-0.274,0.006,45.389,1271,143.6,,,,,0,False,False,0.0,False,8.22,5.06,20.0,
105.9,26921,410.873,-671.172,-0.006,4.099,30.0,1271,-1,135.58,False,-1,True,True,0.75,0.0,-0.003,False,False,-0.206,0.003,45.37,1271,143.6,,,,,0,False,False,0.0,False,8.01,5.04,20.0,
105.95,26922,411.019,-671.025,-0.006,4.152,30.0,1271,-1,135.79,False,-1,True,True,0.75,0.0,-0.003,False,False,-0.122,0.002,45.351,1271,143.6,,,,,0,False,False,0.0,False,7.8,5.05,20.0,
106.0,26923,411.167,-670.876,-0.007,4.226,30.0,1271,-1,136.0,False,-1,True,True,0.75,0.0,-0.002,False,False,-0.037,0.0,45.336,1271,143.6,,,,,0,False,False,0.0,False,7.59,5.08,20.0,
106.05,26924,411.318,-670.724,-0.008,4.312,30.0,1271,-1,136.22,False,-1,True,True,0.75,0.0,-0.002,False,False,0.039,-0.001,45.323,1271,143.6,,,,,0,False,False,0.0,False,7.38,5.11,20.0,
106.1,26925,411.472,-670.568,-0.008,4.407,30.0,1271,-1,136.44,False,-1,True,True,0.75,0.0,-0.002,False,False,0.101,-0.001,45.312,1271,143.6,,,,,0,False,False,0.0,False,7.16,5.16,20.0,
106.15,26926,411.63,-670.409,-0.009,4.506,30.0,1271,-1,136.66,False,-1,True,True,0.75,0.0,-0.002,False,False,0.15,-0.001,45.302,1271,143.6,,,,,0,False,False,0.0,False,6.94,5.2,20.0,
106.2,26927,411.791,-670.247,-0.009,4.609,30.0,1271,-1,136.89,False,-1,True,True,0.75,0.0,-0.001,False,False,0.187,-0.001,45.293,1271,143.6,,,,,0,False,False,0.0,False,6.71,5.25,20.0,
106.25,26928,411.955,-670.08,-0.009,4.712,30.0,1271,-1,137.12,False,-1,True,True,0.75,0.0,-0.001,False,False,0.214,-0.001,45.286,1271,143.6,,,,,0,False,False,0.0,False,6.47,5.3,20.0,
106.3,26929,412.124,-669.911,-0.009,4.816,30.0,1271,-1,137.36,False,-1,True,True,0.75,0.0,-0.001,False,False,0.232,-0.0,45.279,1271,143.6,,,,,0,False,False,0.0,False,6.24,5.36,20.0,
106.35,26930,412.295,-669.737,-0.009,4.921,30.0,1271,-1,137.61,False,-1,True,True,0.75,0.0,-0.001,False,False,0.244,-0.0,45.274,1271,143.6,,,,,0,False,False,0.0,False,5.99,5.41,20.0,
106.4,26931,412.471,-669.56,-0.009,5.025,30.0,1271,-1,137.85,False,-1,True,True,0.75,0.0,-0.001,False,False,0.252,-0.0,45.269,1271,143.6,,,,,0,False,False,0.0,False,5.74,5.46,20.0,
106.45,26932,412.65,-669.38,-0.009,5.126,30.0,1271,-1,138.11,False,-1,True,True,0.75,0.0,-0.001,False,False,0.257,-0.0,45.265,1271,143.6,,,,,0,False,False,0.0,False,5.49,5.51,20.0,
106.5,26933,412.834,-669.197,-0.009,5.263,30.0,1271,-1,138.37,False,-1,True,True,0.75,0.0,-0.023,False,False,0.26,0.044,45.187,1271,147.53,,,,,0,False,False,0.0,False,9.16,5.56,20.0,
106.55,26934,413.02,-669.01,-0.009,5.262,30.0,1271,-1,138.63,False,-1,True,True,0.75,0.0,0.0,False,False,0.252,0.032,45.144,1271,147.53,,,,,0,False,False,0.0,False,8.9,5.63,20.0,
106.6,26935,413.207,-668.823,-0.009,5.309,30.0,1271,-1,138.9,False,-1,True,True,0.75,0.0,-0.001,False,False,0.22,0.015,45.095,1271,147.53,,,,,0,False,False,0.0,False,8.63,5.63,20.0,
106.65,26936,413.392,-668.638,-0.008,5.231,30.0,1271,-1,139.16,False,-1,True,True,0.75,0.0,0.001,False,False,0.172,0.003,45.119,1271,147.53,,,,,0,False,False,0.0,False,8.37,5.65,20.0,
106.7,26937,413.578,-668.451,-0.008,5.31,30.0,1271,-1,139.42,False,-1,True,True,0.75,0.0,-0.005,False,False,0.143,0.005,45.085,1271,147.53,,,,,0,False,False,0.0,False,8.11,5.62,20.0,
106.75,26938,413.765,-668.264,-0.008,5.264,30.0,1271,-1,139.69,False,-1,True,True,0.75,0.0,0.0,False,False,0.121,0.001,45.108,1271,147.53,,,,,0,False,False,0.0,False,7.84,5.66,20.0,
106.8,26939,413.952,-668.076,-0.008,5.335,30.0,1271,-1,139.95,False,-1,True,True,0.75,0.0,-0.004,False,False,0.112,0.004,45.07,1271,147.53,,,,,0,False,False,0.0,False,7.58,5.63,20.0,
106.85,26940,414.139,-667.889,-0.008,5.261,30.0,1271,-1,140.22,False,-1,True,True,0.75,0.0,0.001,False,False,0.094,-0.0,45.09,1271,147.53,,,,,0,False,False,0.0,False,7.31,5.67,20.0,
106.9,26941,414.33,-667.698,-0.008,5.589,30.0,1271,-1,140.49,False,-1,True,True,0.75,0.0,-0.003,False,False,0.129,0.003,45.047,1271,147.53,,,,,0,False,False,0.0,False,7.04,5.63,20.0,
106.95,26942,414.536,-667.492,-0.009,5.938,30.0,1271,-1,140.78,False,-1,True,True,0.0,0.096,0.002,False,False,0.272,-0.003,45.023,1271,147.53,,,,,0,False,False,0.0,False,6.75,5.79,20.0,
107.0,26943,414.754,-667.273,-0.011,6.256,30.0,1271,-1,141.09,False,-1,True,True,0.0,0.3,0.002,False,False,0.392,-0.006,45.022,1271,147.53,,,,,0,False,False,0.0,False,6.44,5.97,20.0,
107.05,26944,414.975,-667.051,-0.011,6.258,30.0,1271,-1,141.4,False,-1,True,True,0.0,0.3,-0.0,False,False,0.41,-0.004,45.024,1271,147.53,,,,,0,False,False,0.0,False,6.13,6.13,20.0,
107.1,26945,415.197,-666.829,-0.01,6.279,30.0,1271,-1,141.71,False,-1,True,True,0.0,0.3,-0.0,False,False,0.355,-0.0,45.025,1271,147.53,,,,,0,False,False,0.0,False,5.82,6.13,20.0,
107.15,26946,415.415,-666.612,-0.009,6.095,30.0,1271,-1,142.02,False,-1,True,True,0.0,0.3,-0.014,False,False,0.246,0.029,44.965,1734,1.89,,,,,0,False,False,0.0,False,9.37,6.14,20.0,
107.2,26947,415.628,-666.4,-0.008,5.99,30.0,1271,-1,142.32,False,-1,True,True,0.0,0.3,0.002,False,False,0.128,0.024,44.953,1734,1.89,,,,,0,False,False,0.0,False,9.07,6.05,20.0,
107.25,26948,415.834,-666.195,-0.007,5.745,30.0,1271,-1,142.61,False,-1,True,True,0.0,0.3,-0.001,False,False,0.011,0.015,44.911,1734,1.89,,,,,0,False,False,0.0,False,8.78,6.0,20.0,
107.3,26949,416.034,-665.995,-0.006,5.61,30.0,1271,-1,142.89,False,-1,True,True,0.0,0.3,0.002,False,False,-0.082,0.005,44.931,1734,1.89,,,,,0,False,False,0.0,False,8.5,5.87,20.0,
107.35,26950,416.227,-665.803,-0.006,5.352,30.0,1271,-1,143.17,False,-1,True,True,0.0,0.226,-0.003,False,False,-0.159,0.005,44.897,1734,1.89,,,,,0,False,False,0.0,False,8.23,5.8,20.0,
107.4,26951,416.414,-665.617,-0.005,5.25,30.0,1271,-1,143.43,False,-1,True,True,0.702,0.0,0.002,False,False,-0.204,0.001,44.918,1734,1.89,,,,,0,False,False,0.0,False,7.96,5.68,20.0,
107.45,26952,416.595,-665.436,-0.005,5.049,30.0,1271,-1,143.69,False,-1,True,True,0.75,0.0,-0.002,False,False,-0.226,0.002,44.877,1734,1.89,,,,,0,False,False,0.0,False,7.7,5.63,20.0,
107.5,26953,416.773,-665.258,-0.005,5.04,30.0,1271,-1,143.94,False,-1,True,True,0.75,0.0,0.003,False,False,-0.214,-0.003,44.866,1734,1.89,,,,,0,False,False,0.0,False,7.45,5.52,20.0,
107.55,26954,416.952,-665.08,-0.006,4.941,30.0,1271,-1,144.19,False,-1,True,True,0.75,0.0,0.001,False,False,-0.163,-0.004,44.857,1734,1.89,,,,,0,False,False,0.0,False,7.2,5.52,20.0,
107.6,26955,417.129,-664.903,-0.006,4.937,30.0,1271,-1,144.44,False,-1,True,True,0.75,0.0,0.001,False,False,-0.113,-0.003,44.868,1734,1.89,,,,,0,False,False,0.0,False,6.95,5.47,20.0,
107.65,26956,417.294,-664.739,-0.006,4.515,30.0,1271,-1,144.67,False,-1,True,True,0.75,0.0,-0.0,False,False,-0.185,-0.0,44.897,1734,1.89,,,,,0,False,False,0.0,False,6.72,5.47,20.0,
107.7,26957,417.448,-664.586,-0.005,4.261,30.0,1271,-1,144.89,False,-1,True,True,0.75,0.0,-0.003,False,False,-0.267,0.004,44.899,1734,1.89,,,,,0,False,False,0.0,False,6.5,5.26,20.0,
107.75,26958,417.596,-664.439,-0.005,4.128,30.0,1271,-1,145.1,False,-1,True,True,0.75,0.0,-0.0,False,False,-0.299,0.004,44.895,1734,1.89,,,,,0,False,False,0.0,False,6.29,5.13,20.0,
107.8,26959,417.741,-664.295,-0.005,4.083,30.0,1271,-1,145.3,False,-1,True,True,0.75,0.0,-0.0,False,False,-0.276,0.002,44.893,1734,1.89,,,,,0,False,False,0.0,False,6.09,5.06,20.0,
107.85,26960,417.886,-664.15,-0.005,4.097,30.0,1271,-1,145.51,False,-1,True,True,0.75,0.0,-0.0,False,False,-0.212,0.001,44.892,1734,1.89,,,,,0,False,False,0.0,False,5.88,5.04,20.0,
107.9,26961,418.033,-664.004,-0.006,4.147,30.0,1271,-1,145.72,False,-1,True,True,0.75,0.0,-0.0,False,False,-0.13,0.0,44.891,1734,1.89,,,,,0,False,False,0.0,False,5.68,5.05,20.0,
107.95,26962,418.182,-663.856,-0.007,4.219,30.0,1271,-1,145.93,False,-1,True,True,0.75,0.0,-0.0,False,False,-0.045,0.0,44.89,1734,1.89,,,,,0,False,False,0.0,False,5.47,5.07,20.0,
108.0,26963,418.333,-663.705,-0.008,4.304,30.0,1271,-1,146.14,False,-1,True,True,0.75,0.0,-0.0,False,False,0.031,-0.0,44.889,1734,1.89,,,,,0,False,False,0.0,False,5.25,5.11,20.0,
108.05,26964,418.488,-663.55,-0.008,4.398,30.0,1271,-1,146.36,False,-1,True,True,0.75,0.0,-0.0,False,False,0.095,0.0,44.888,1734,1.89,,,,,0,False,False,0.0,False,5.03,5.15,20.0,
108.1,26965,418.647,-663.394,-0.009,4.497,30.0,1271,-1,146.58,False,-1,True,True,0.75,0.0,-0.015,False,False,0.145,0.024,44.842,1734,5.67,,,,,0,False,False,0.0,False,8.58,5.2,20.0,
108.15,26966,418.809,-663.233,-0.009,4.598,30.0,1271,-1,146.81,False,-1,True,True,0.75,0.0,-0.0,False,False,0.183,0.02,44.81,1734,5.67,,,,,0,False,False,0.0,False,8.35,5.25,20.0,
108.2,26967,418.975,-663.069,-0.009,4.702,30.0,1271,-1,147.04,False,-1,True,True,0.75,0.0,-0.0,False,False,0.211,0.009,44.801,1734,5.67,,,,,0,False,False,0.0,False,8.12,5.3,20.0,
108.25,26968,419.144,-662.901,-0.009,4.806,30.0,1271,-1,147.28,False,-1,True,True,0.75,0.0,-0.002,False,False,0.23,0.004,44.794,1734,5.67,,,,,0,False,False,0.0,False,7.88,5.35,20.0,
108.3,26969,419.317,-662.729,-0.009,4.91,30.0,1271,-1,147.53,False,-1,True,True,0.75,0.0,-0.001,False,False,0.243,0.002,44.785,1734,5.67,,,,,0,False,False,0.0,False,7.64,5.4,20.0,
108.35,26970,419.494,-662.554,-0.009,5.015,30.0,1271,-1,147.77,False,-1,True,True,0.75,0.0,-0.001,False,False,0.251,0.001,44.778,1734,5.67,,,,,0,False,False,0.0,False,7.39,5.46,20.0,
108.4,26971,419.674,-662.376,-0.009,5.119,30.0,1271,-1,148.03,False,-1,True,True,0.75,0.0,-0.001,False,False,0.257,0.0,44.772,1734,5.67,,,,,0,False,False,0.0,False,7.14,5.51,20.0,
108.45,26972,419.858,-662.194,-0.009,5.179,30.0,1271,-1,148.29,False,-1,True,True,0.75,0.0,-0.001,False,False,0.257,0.0,44.766,1734,5.67,,,,,0,False,False,0.0,False,6.88,5.56,20.0,
108.5,26973,420.045,-662.008,-0.009,5.343,30.0,1271,-1,148.55,False,-1,True,True,0.75,0.0,-0.001,False,False,0.259,-0.0,44.771,1734,5.67,,,,,0,False,False,0.0,False,6.61,5.59,20.0,
108.55,26974,420.233,-661.822,-0.009,5.253,30.0,1271,-1,148.82,False,-1,True,True,0.75,0.0,-0.001,False,False,0.225,0.001,44.74,1734,5.67,,,,,0,False,False,0.0,False,6.35,5.67,20.0,
108.6,26975,420.42,-661.636,-0.009,5.312,30.0,1736,-1,0.38,True,61,True,False,0.75,0.0,0.002,False,False,0.185,-0.003,44.762,1734,5.67,,,,,0,False,False,0.0,False,6.09,5.63,20.0,
108.65,26976,420.607,-661.45,-0.008,5.248,30.0,1271,-1,149.34,False,-1,True,True,0.75,0.0,-0.002,False,False,0.145,0.001,44.724,1734,5.67,,,,,0,False,False,0.0,False,5.82,5.66,20.0,
108.7,26977,420.796,-661.264,-0.008,5.34,30.0,1735,-1,0.11,True,61,True,False,0.75,0.0,0.003,False,False,0.127,-0.003,44.745,1734,5.67,,,,,0,False,False,0.0,False,5.56,5.62,20.0,
108.75,26978,420.981,-661.075,-0.008,5.266,30.0,1735,-1,0.38,True,61,True,False,0.75,0.0,0.054,False,False,0.108,-0.078,44.836,1734,9.45,,,,,0,False,False,0.0,False,8.99,5.67,20.0,
108.8,26979,421.166,-660.885,-0.008,5.332,30.0,1734,-1,0.64,True,61,True,True,0.75,0.0,0.054,False,False,0.096,-0.153,45.119,1734,9.45,,,,,0,False,False,0.0,False,8.73,5.63,20.0,
108.85,26980,421.354,-660.693,-0.008,5.513,30.0,1734,-1,0.91,True,61,True,True,0.75,0.0,-0.017,False,False,0.122,-0.083,45.223,1734,9.45,,,,,0,False,False,0.0,False,8.46,5.67,20.0,
108.9,26981,421.561,-660.485,-0.009,6.018,30.0,1734,-1,1.2,True,61,True,True,0.177,0.0,-0.007,False,False,0.275,-0.007,45.206,1734,9.45,,,,,0,False,False,0.0,False,8.16,5.76,20.0,
108.95,26982,421.778,-660.266,-0.011,6.207,30.0,1734,-1,1.51,True,61,True,True,0.0,0.3,0.002,False,False,0.393,0.012,45.196,1734,9.45,,,,,0,False,False,0.0,False,7.85,6.01,20.0,
109.0,26983,422.0,-660.042,-0.011,6.345,30.0,1734,-1,1.83,True,61,True,True,0.0,0.3,0.002,False,False,0.421,0.012,45.202,1734,9.45,,,,,0,False,False,0.0,False,7.54,6.1,20.0,
109.05,26984,422.22,-659.819,-0.01,6.231,30.0,1734,-1,2.14,True,61,True,True,0.0,0.3,0.001,False,False,0.357,0.012,45.212,1734,9.45,,,,,0,False,False,0.0,False,7.23,6.17,20.0,
109.1,26985,422.438,-659.599,-0.009,6.168,30.0,1734,-1,2.45,True,61,True,True,0.0,0.3,0.0,False,False,0.253,0.013,45.2,1734,9.45,,,,,0,False,False,0.0,False,6.92,6.12,20.0,
109.15,26986,422.65,-659.386,-0.008,5.943,30.0,1734,-1,2.75,True,61,True,True,0.0,0.3,0.002,False,False,0.126,0.008,45.229,1734,9.45,,,,,0,False,False,0.0,False,6.62,6.08,20.0,
109.2,26987,422.856,-659.178,-0.007,5.819,30.0,1734,-1,3.04,True,61,True,True,0.0,0.3,-0.002,False,False,0.015,0.01,45.204,1734,9.45,,,,,0,False,False,0.0,False,6.32,5.97,20.0,
109.25,26988,423.055,-658.978,-0.006,5.561,30.0,1734,-1,3.32,True,61,True,True,0.0,0.3,0.002,False,False,-0.085,0.005,45.233,1734,9.45,,,,,0,False,False,0.0,False,6.04,5.91,20.0,
109.3,26989,423.247,-658.783,-0.006,5.446,30.0,1734,-1,3.6,True,61,True,True,0.0,0.051,-0.002,False,False,-0.153,0.006,45.208,1734,9.45,,,,,0,False,False,0.0,False,5.77,5.78,20.0,
109.35,26990,423.434,-658.595,-0.005,5.227,30.0,1734,-1,3.86,True,61,True,True,0.36,0.0,0.002,False,False,-0.197,0.003,45.244,1734,9.45,,,,,0,False,False,0.0,False,5.5,5.72,20.0,
109.4,26991,423.614,-658.409,-0.005,5.147,30.0,1734,-1,4.12,True,61,True,True,0.75,0.0,0.102,False,False,-0.214,-0.103,45.391,1734,13.23,,,,,0,False,False,0.0,False,8.97,5.61,20.0,
109.45,26992,423.788,-658.226,-0.005,5.014,30.0,1734,-1,4.37,True,61,True,True,0.75,0.0,0.033,False,False,-0.21,-0.154,45.693,1734,13.23,,,,,0,False,False,0.0,False,8.72,5.57,20.0,
109.5,26993,423.963,-658.043,-0.006,5.082,30.0,1734,-1,4.63,True,61,True,True,0.75,0.0,0.011,False,False,-0.159,-0.111,45.846,1734,13.23,,,,,0,False,False,0.0,False,8.46,5.51,20.0,
109.55,26994,424.136,-657.861,-0.006,4.91,30.0,1734,-1,4.88,True,61,True,True,0.75,0.0,0.017,False,False,-0.118,-0.078,45.982,1734,13.23,,,,,0,False,False,0.0,False,8.21,5.54,20.0,
109.6,26995,424.298,-657.691,-0.006,4.552,30.0,1734,-1,5.11,True,61,True,True,0.75,0.0,0.014,False,False,-0.182,-0.055,46.111,1734,13.23,,,,,0,False,False,0.0,False,7.98,5.46,20.0,
109.65,26996,424.449,-657.533,-0.005,4.295,30.0,1734,-1,5.33,True,61,True,True,0.75,0.0,0.01,False,False,-0.264,-0.035,46.19,1734,13.23,,,,,0,False,False,0.0,False,7.76,5.28,20.0,
109.7,26997,424.593,-657.381,-0.005,4.158,30.0,1734,-1,5.54,True,61,True,True,0.75,0.0,0.011,False,False,-0.297,-0.024,46.252,1734,13.23,,,,,0,False,False,0.0,False,7.55,5.15,20.0,
109.75,26998,424.735,-657.231,-0.005,4.111,30.0,1734,-1,5.75,True,61,True,True,0.75,0.0,0.01,False,False,-0.275,-0.018,46.308,1734,13.23,,,,,0,False,False,0.0,False,7.34,5.08,20.0,
109.8,26999,424.877,-657.081,-0.005,4.123,30.0,1734,-1,5.95,True,61,True,True,0.75,0.0,0.009,False,False,-0.213,-0.013,46.358,1734,13.23,,,,,0,False,False,0.0,False,7.14,5.06,20.0,
109.85,27000,425.02,-656.929,-0.006,4.171,30.0,1734,-1,6.16,True,61,True,True,0.75,0.0,0.007,False,False,-0.132,-0.009,46.401,1734,13.23,,,,,0,False,False,0.0,False,6.93,5.06,20.0,
109.9,27001,425.165,-656.776,-0.007,4.242,30.0,1734,-1,6.37,True,61,True,True,0.75,0.0,0.006,False,False,-0.048,-0.006,46.44,1734,13.23,,,,,0,False,False,0.0,False,6.72,5.09,20.0,
109.95,27002,425.313,-656.619,-0.008,4.327,30.0,1734,-1,6.59,True,61,True,True,0.75,0.0,0.005,False,False,0.029,-0.004,46.473,1734,13.23,,,,,0,False,False,0.0,False,6.5,5.12,20.0,
110.0,27003,425.464,-656.459,-0.008,4.42,30.0,1734,-1,6.81,True,61,True,True,0.75,0.0,0.005,False,False,0.093,-0.002,46.502,1734,13.23,,,,,0,False,False,0.0,False,6.28,5.16,20.0,
110.05,27004,425.618,-656.296,-0.009,4.519,30.0,1734,-1,7.03,True,61,True,True,0.75,0.0,0.004,False,False,0.144,-0.001,46.527,1734,13.23,,,,,0,False,False,0.0,False,6.06,5.21,20.0,
110.1,27005,425.775,-656.13,-0.009,4.621,30.0,1734,-1,7.26,True,61,True,True,0.75,0.0,0.003,False,False,0.182,-0.0,46.549,1734,13.23,,,,,0,False,False,0.0,False,5.83,5.26,20.0,
110.15,27006,425.936,-655.959,-0.009,4.724,30.0,1734,-1,7.5,True,61,True,True,0.75,0.0,0.003,False,False,0.21,-0.0,46.568,1734,13.23,,,,,0,False,False,0.0,False,5.6,5.31,20.0,
110.2,27007,426.1,-655.785,-0.009,4.828,30.0,1734,-1,7.74,True,61,True,True,0.75,0.0,0.002,False,False,0.229,0.0,46.584,1734,13.23,,,,,0,False,False,0.0,False,5.36,5.36,20.0,
110.25,27008,426.265,-655.604,-0.009,4.92,30.0,1734,-1,7.98,True,61,True,True,0.75,0.0,0.102,False,False,0.24,-0.111,46.787,1270,1.95,,,,,0,False,False,0.0,False,8.94,5.41,20.0,
110.3,27009,426.432,-655.419,-0.009,5.026,30.0,1734,-1,8.23,True,61,True,True,0.75,0.0,0.023,False,False,0.247,-0.152,47.064,1270,1.95,,,,,0,False,False,0.0,False,8.69,5.46,20.0,
110.35,27010,426.603,-655.232,-0.009,5.128,30.0,1734,-1,8.48,True,61,True,True,0.75,0.0,0.007,False,False,0.253,-0.092,47.195,1270,1.95,,,,,0,False,False,0.0,False,8.43,5.51,20.0,
110.4,27011,426.778,-655.04,-0.009,5.207,30.0,1734,-1,8.74,True,61,True,True,0.75,0.0,0.014,False,False,0.253,-0.058,47.311,1270,1.95,,,,,0,False,False,0.0,False,8.17,5.56,20.0,
110.45,27012,426.953,-654.848,-0.009,5.18,30.0,1734,-1,9.08,True,61,True,True,0.75,0.0,0.012,False,False,0.219,-0.038,47.357,1270,1.95,,,,,0,False,False,0.0,False,7.92,5.6,20.0,
110.5,27013,427.126,-654.657,-0.008,5.167,30.0,1734,-1,9.34,True,61,True,True,0.75,0.0,0.015,False,False,0.174,-0.033,47.489,1270,1.95,,,,,0,False,False,0.0,False,7.66,5.59,20.0,
110.55,27014,427.3,-654.466,-0.008,5.172,30.0,1734,-1,9.6,True,61,True,True,0.75,0.0,0.004,False,False,0.139,-0.017,47.516,1270,1.95,,,,,0,False,False,0.0,False,7.4,5.58,20.0,
110.6,27015,427.474,-654.275,-0.008,5.191,30.0,1734,-1,9.86,True,61,True,True,0.75,0.0,0.011,False,False,0.119,-0.015,47.621,1270,1.95,,,,,0,False,False,0.0,False,7.14,5.59,20.0,
110.65,27016,427.649,-654.082,-0.008,5.217,30.0,1734,-1,10.12,True,61,True,True,0.75,0.0,0.002,False,False,0.111,-0.006,47.627,1270,1.95,,,,,0,False,False,0.0,False,6.88,5.6,20.0,
110.7,27017,427.824,-653.889,-0.008,5.211,30.0,1734,-1,10.38,True,61,True,True,0.75,0.0,0.009,False,False,0.101,-0.008,47.717,1270,1.95,,,,,0,False,False,0.0,False,6.62,5.61,20.0,
110.75,27018,427.999,-653.696,-0.008,5.208,30.0,1734,-1,10.64,True,61,True,True,0.75,0.0,0.0,False,False,0.09,-0.001,47.706,1270,1.95,,,,,0,False,False,0.0,False,6.36,5.61,20.0,
110.8,27019,428.183,-653.493,-0.009,5.659,30.0,1734,-1,10.91,True,61,True,True,0.75,0.0,0.007,False,False,0.182,-0.008,47.805,1270,1.95,,,,,0,False,False,0.0,False,6.09,5.6,20.0,
110.85,27020,428.382,-653.273,-0.01,6.044,30.0,1734,-1,11.21,True,61,True,True,0.0,0.3,-0.003,False,False,0.339,0.001,47.821,1270,1.95,,,,,0,False,False,0.0,False,5.79,5.83,20.0,
110.9,27021,428.586,-653.041,-0.011,6.242,30.0,1734,-1,11.52,True,61,True,True,0.0,0.3,0.071,False,False,0.429,-0.126,48.061,1270,5.84,,,,,0,False,False,0.0,False,9.37,6.02,20.0,
110.95,27022,428.794,-652.805,-0.011,6.282,30.0,1734,-1,11.83,True,61,True,True,0.0,0.3,0.0,False,False,0.425,-0.119,48.252,1270,5.84,,,,,0,False,False,0.0,False,9.06,6.12,20.0,
111.0,27023,429.0,-652.573,-0.01,6.192,30.0,1734,-1,12.15,True,61,True,True,0.0,0.3,-0.003,False,False,0.34,-0.057,48.37,1270,5.84,,,,,0,False,False,0.0,False,8.75,6.14,20.0,
111.05,27024,429.203,-652.345,-0.009,6.063,30.0,1734,-1,12.45,True,61,True,True,0.0,0.3,-0.001,False,False,0.221,-0.02,48.366,1270,5.84,,,,,0,False,False,0.0,False,8.44,6.1,20.0,
111.1,27025,429.4,-652.122,-0.008,5.903,30.0,1734,-1,12.75,True,61,True,True,0.0,0.3,0.008,False,False,0.101,-0.017,48.438,1270,5.84,,,,,0,False,False,0.0,False,8.15,6.03,20.0,
111.15,27026,429.591,-651.906,-0.007,5.724,30.0,1734,-1,13.1,True,61,True,True,0.0,0.3,0.0,False,False,-0.006,-0.009,48.427,1270,5.84,,,,,0,False,False,0.0,False,7.86,5.95,20.0,
111.2,27027,429.777,-651.697,-0.006,5.53,30.0,1734,-1,13.38,True,61,True,True,0.0,0.3,0.006,False,False,-0.095,-0.011,48.493,1270,5.84,,,,,0,False,False,0.0,False,7.58,5.86,20.0,
111.25,27028,429.956,-651.494,-0.006,5.362,30.0,1734,-1,13.65,True,61,True,True,0.061,0.0,-0.001,False,False,-0.159,-0.004,48.47,1270,5.84,,,,,0,False,False,0.0,False,7.31,5.77,20.0,
111.3,27029,430.13,-651.296,-0.005,5.218,30.0,1734,-1,13.91,True,61,True,True,0.665,0.0,0.005,False,False,-0.193,-0.007,48.529,1270,5.84,,,,,0,False,False,0.0,False,7.04,5.68,20.0,
111.35,27030,430.3,-651.103,-0.005,5.092,30.0,1734,-1,14.17,True,61,True,True,0.665,0.0,0.005,False,False,-0.205,-0.013,48.516,1270,5.84,,,,,0,False,False,0.0,False,6.79,5.61,20.0,
111.4,27031,430.468,-650.913,-0.005,5.068,30.0,1734,-1,14.42,True,61,True,True,0.75,0.0,0.003,False,False,-0.183,-0.012,48.575,1270,5.84,,,,,0,False,False,0.0,False,6.53,5.55,20.0,
111.45,27032,430.635,-650.723,-0.006,5.065,30.0,1734,-1,14.67,True,61,True,True,0.75,0.0,-0.004,False,False,-0.132,0.001,48.532,1270,5.84,,,,,0,False,False,0.0,False,6.28,5.53,20.0,
111.5,27033,430.799,-650.537,-0.006,4.792,30.0,1734,-1,14.92,True,61,True,True,0.75,0.0,0.004,False,False,-0.128,-0.001,48.568,1270,5.84,,,,,0,False,False,0.0,False,6.03,5.53,20.0,
111.55,27034,430.95,-650.366,-0.005,4.442,30.0,1270,-1,0.04,False,-1,True,True,0.75,0.0,-0.002,False,False,-0.218,0.002,48.585,1270,5.84,,,,,0,False,False,0.0,False,5.8,5.4,20.0,
111.6,27035,431.092,-650.206,-0.005,4.231,30.0,1270,-1,0.25,False,-1,True,True,0.75,0.0,-0.001,False,False,-0.287,0.005,48.583,1270,5.84,,,,,0,False,False,0.0,False,5.59,5.22,20.0,
111.65,27036,431.23,-650.05,-0.005,4.13,30.0,1270,-1,0.46,False,-1,True,True,0.75,0.0,0.0,False,False,-0.3,0.004,48.582,1270,5.84,,,,,0,False,False,0.0,False,5.38,5.12,20.0,
111.7,27037,431.366,-649.895,-0.005,4.107,30.0,1270,-1,0.67,False,-1,True,True,0.75,0.0,0.0,False,False,-0.261,0.002,48.582,1270,5.84,,,,,0,False,False,0.0,False,5.18,5.07,20.0,
111.75,27038,431.503,-649.74,-0.006,4.134,30.0,1270,-1,0.87,False,-1,True,True,0.75,0.0,-0.0,False,False,-0.188,0.001,48.582,1270,5.84,,,,,0,False,False,0.0,False,4.97,5.05,20.0,
111.8,27039,431.639,-649.582,-0.006,4.189,30.0,1270,-1,1.08,False,-1,True,True,0.75,0.0,0.044,False,False,-0.105,-0.068,48.707,1270,9.74,,,,,0,False,False,0.0,False,8.65,5.07,20.0,
111.85,27040,431.778,-649.421,-0.007,4.266,30.0,1270,-1,1.3,False,-1,True,True,0.75,0.0,0.001,False,False,-0.022,-0.056,48.793,1270,9.74,,,,,0,False,False,0.0,False,8.44,5.09,20.0,
111.9,27041,431.92,-649.258,-0.008,4.355,30.0,1270,-1,1.51,False,-1,True,True,0.75,0.0,0.001,False,False,0.051,-0.024,48.817,1270,9.74,,,,,0,False,False,0.0,False,8.23,5.13,20.0,
111.95,27042,432.065,-649.091,-0.008,4.45,30.0,1270,-1,1.73,False,-1,True,True,0.75,0.0,0.005,False,False,0.111,-0.012,48.838,1270,9.74,,,,,0,False,False,0.0,False,8.0,5.18,20.0,
112.0,27043,432.214,-648.921,-0.009,4.551,30.0,1270,-1,1.96,False,-1,True,True,0.75,0.0,0.004,False,False,0.158,-0.007,48.862,1270,9.74,,,,,0,False,False,0.0,False,7.78,5.23,20.0,
112.05,27044,432.365,-648.746,-0.009,4.653,30.0,1270,-1,2.19,False,-1,True,True,0.75,0.0,0.003,False,False,0.193,-0.004,48.883,1270,9.74,,,,,0,False,False,0.0,False,7.55,5.28,20.0,
112.1,27045,432.52,-648.568,-0.009,4.757,30.0,1270,-1,2.43,False,-1,True,True,0.75,0.0,0.003,False,False,0.217,-0.001,48.901,1270,9.74,,,,,0,False,False,0.0,False,7.31,5.33,20.0,
112.15,27046,432.679,-648.387,-0.009,4.861,30.0,1270,-1,2.67,False,-1,True,True,0.75,0.0,0.002,False,False,0.235,-0.0,48.916,1270,9.74,,,,,0,False,False,0.0,False,7.07,5.38,20.0,
112.2,27047,432.84,-648.201,-0.009,4.965,30.0,1270,-1,2.91,False,-1,True,True,0.75,0.0,0.002,False,False,0.246,0.0,48.93,1270,9.74,,,,,0,False,False,0.0,False,6.82,5.43,20.0,
112.25,27048,433.005,-648.011,-0.009,5.069,30.0,1270,-1,3.16,False,-1,True,True,0.75,0.0,0.002,False,False,0.253,0.0,48.942,1270,9.74,,,,,0,False,False,0.0,False,6.57,5.48,20.0,
112.3,27049,433.173,-647.818,-0.009,5.155,30.0,1270,-1,3.42,False,-1,True,True,0.75,0.0,0.001,False,False,0.256,0.0,48.952,1270,9.74,,,,,0,False,False,0.0,False,6.32,5.53,20.0,
112.35,27050,433.345,-647.62,-0.009,5.308,30.0,1270,-1,3.68,False,-1,True,True,0.75,0.0,0.001,False,False,0.26,0.0,48.96,1270,9.74,,,,,0,False,False,0.0,False,6.05,5.58,20.0,
112.4,27051,433.52,-647.419,-0.009,5.336,30.0,1270,-1,3.95,False,-1,True,True,0.75,0.0,0.001,False,False,0.256,0.0,48.969,1270,9.74,,,,,0,False,False,0.0,False,5.79,5.65,20.0,
112.45,27052,433.698,-647.214,-0.009,5.471,30.0,1270,-1,4.22,False,-1,True,True,0.75,0.0,0.001,False,False,0.255,0.001,48.96,1270,9.74,,,,,0,False,False,0.0,False,5.52,5.67,20.0,
112.5,27053,433.874,-647.01,-0.009,5.374,30.0,1270,-1,4.49,False,-1,True,True,0.354,0.0,0.026,False,False,0.213,-0.039,49.06,1270,13.63,,,,,0,False,False,0.0,False,9.14,5.74,20.0,
112.55,27054,434.05,-646.806,-0.008,5.406,30.0,1270,-1,4.76,False,-1,True,True,0.696,0.0,-0.001,False,False,0.166,-0.031,49.098,1270,13.63,,,,,0,False,False,0.0,False,8.87,5.69,20.0,
112.6,27055,434.225,-646.604,-0.008,5.303,30.0,1270,-1,5.03,False,-1,True,True,0.575,0.0,0.002,False,False,0.115,-0.017,49.161,1270,13.63,,,,,0,False,False,0.0,False,8.6,5.7,20.0,
112.65,27056,434.399,-646.403,-0.008,5.344,30.0,1270,-1,5.29,False,-1,True,True,0.75,0.0,-0.002,False,False,0.083,-0.004,49.153,1270,13.63,,,,,0,False,False,0.0,False,8.34,5.65,20.0,
112.7,27057,434.572,-646.203,-0.008,5.265,30.0,1270,-1,5.56,False,-1,True,True,0.75,0.0,0.003,False,False,0.059,-0.004,49.201,1270,13.63,,,,,0,False,False,0.0,False,8.07,5.67,20.0,
112.75,27058,434.745,-646.002,-0.008,5.342,30.0,1270,-1,5.82,False,-1,True,True,0.75,0.0,-0.002,False,False,0.057,0.0,49.188,1270,13.63,,,,,0,False,False,0.0,False,7.81,5.63,20.0,
112.8,27059,434.919,-645.801,-0.008,5.294,30.0,1270,-1,6.09,False,-1,True,True,0.75,0.0,0.003,False,False,0.059,-0.003,49.23,1270,13.63,,,,,0,False,False,0.0,False,7.54,5.67,20.0,
112.85,27060,435.093,-645.599,-0.008,5.36,30.0,1270,-1,6.35,False,-1,True,True,0.75,0.0,-0.002,False,False,0.067,0.001,49.211,1270,13.63,,,,,0,False,False,0.0,False,7.28,5.65,20.0,
112.9,27061,435.267,-645.398,-0.008,5.287,30.0,1270,-1,6.62,False,-1,True,True,0.721,0.0,0.002,False,False,0.064,-0.003,49.245,1270,13.63,,,,,0,False,False,0.0,False,7.01,5.68,20.0,
112.95,27062,435.447,-645.189,-0.008,5.708,30.0,1270,-1,6.9,False,-1,True,True,0.75,0.0,-0.002,False,False,0.136,0.001,49.258,1270,13.63,,,,,0,False,False,0.0,False,6.74,5.64,20.0,
113.0,27063,435.641,-644.965,-0.01,6.026,30.0,1270,-1,7.19,False,-1,True,True,0.0,0.3,-0.001,False,False,0.289,0.002,49.269,1270,13.63,,,,,0,False,False,0.0,False,6.44,5.85,20.0,
113.05,27064,435.844,-644.729,-0.011,6.309,30.0,1270,-1,7.5,False,-1,True,True,0.0,0.3,-0.001,False,False,0.397,0.001,49.268,1270,13.63,,,,,0,False,False,0.0,False,6.13,6.01,20.0,
113.1,27065,436.05,-644.489,-0.011,6.298,30.0,1270,-1,7.82,False,-1,True,True,0.0,0.3,0.012,False,False,0.403,-0.026,49.306,1270,17.53,,,,,0,False,False,0.0,False,9.71,6.15,20.0,
113.15,27066,436.255,-644.25,-0.01,6.309,30.0,1270,-1,8.13,False,-1,True,True,0.0,0.3,-0.001,False,False,0.342,-0.023,49.333,1270,17.53,,,,,0,False,False,0.0,False,9.39,6.15,20.0,
113.2,27067,436.456,-644.016,-0.009,6.116,30.0,1270,-1,8.44,False,-1,True,True,0.0,0.3,-0.001,False,False,0.23,-0.012,49.357,1270,17.53,,,,,0,False,False,0.0,False,9.08,6.15,20.0,
113.25,27068,436.653,-643.787,-0.008,6.009,30.0,1270,-1,8.75,False,-1,True,True,0.0,0.3,-0.001,False,False,0.113,-0.005,49.332,1270,17.53,,,,,0,False,False,0.0,False,8.78,6.06,20.0,
113.3,27069,436.843,-643.565,-0.007,5.763,30.0,1270,-1,9.04,False,-1,True,True,0.0,0.3,0.003,False,False,-0.002,-0.008,49.362,1270,17.53,,,,,0,False,False,0.0,False,8.49,6.0,20.0,
113.35,27070,437.027,-643.35,-0.006,5.626,30.0,1270,-1,9.32,False,-1,True,True,0.0,0.3,-0.002,False,False,-0.092,-0.004,49.338,1270,17.53,,,,,0,False,False,0.0,False,8.21,5.88,20.0,
113.4,27071,437.205,-643.143,-0.006,5.359,30.0,1270,-1,9.59,False,-1,True,True,0.0,0.289,0.002,False,False,-0.169,-0.005,49.368,1270,17.53,,,,,0,False,False,0.0,False,7.93,5.81,20.0,
113.45,27072,437.377,-642.943,-0.005,5.249,30.0,1270,-1,9.86,False,-1,True,True,0.673,0.0,-0.002,False,False,-0.215,-0.001,49.343,1270,17.53,,,,,0,False,False,0.0,False,7.67,5.68,20.0,
113.5,27073,437.544,-642.749,-0.005,5.047,30.0,1270,-1,10.11,False,-1,True,True,0.75,0.0,0.002,False,False,-0.236,-0.002,49.38,1270,17.53,,,,,0,False,False,0.0,False,7.41,5.62,20.0,
113.55,27074,437.708,-642.557,-0.005,5.071,30.0,1270,-1,10.37,False,-1,True,True,0.75,0.0,-0.003,False,False,-0.215,0.003,49.349,1270,17.53,,,,,0,False,False,0.0,False,7.16,5.52,20.0,
113.6,27075,437.873,-642.366,-0.006,5.026,30.0,1270,-1,10.62,False,-1,True,True,0.75,0.0,0.003,False,False,-0.159,-0.002,49.382,1270,17.53,,,,,0,False,False,0.0,False,6.91,5.54,20.0,
113.65,27076,438.033,-642.178,-0.006,4.779,30.0,1270,-1,10.87,False,-1,True,True,0.75,0.0,-0.003,False,False,-0.148,0.001,49.377,1270,17.53,,,,,0,False,False,0.0,False,6.66,5.51,20.0,
113.7,27077,438.181,-642.006,-0.005,4.413,30.0,1270,-1,11.09,False,-1,True,True,0.75,0.0,0.0,False,False,-0.233,0.001,49.37,1270,17.53,,,,,0,False,False,0.0,False,6.43,5.39,20.0,
113.75,27078,438.32,-641.845,-0.005,4.19,30.0,1270,-1,11.3,False,-1,True,True,0.75,0.0,0.0,False,False,-0.303,-0.0,49.369,1270,17.53,,,,,0,False,False,0.0,False,6.22,5.21,20.0,
113.8,27079,438.453,-641.689,-0.005,4.08,30.0,1270,-1,11.51,False,-1,True,True,0.75,0.0,-0.0,False,False,-0.316,-0.001,49.37,1270,17.53,,,,,0,False,False,0.0,False,6.02,5.09,20.0,
113.85,27080,438.586,-641.534,-0.005,4.051,30.0,1270,-1,11.71,False,-1,True,True,0.75,0.0,-0.0,False,False,-0.277,-0.0,49.369,1270,17.53,,,,,0,False,False,0.0,False,5.81,5.04,20.0,
113.9,27081,438.718,-641.38,-0.006,4.075,30.0,1270,-1,11.92,False,-1,True,True,0.75,0.0,-0.0,False,False,-0.203,-0.0,49.369,1270,17.53,,,,,0,False,False,0.0,False,5.61,5.03,20.0,
113.95,27082,438.853,-641.223,-0.006,4.132,30.0,1270,-1,12.12,False,-1,True,True,0.75,0.0,-0.0,False,False,-0.116,-0.0,49.369,1270,17.53,,,,,0,False,False,0.0,False,5.4,5.04,20.0,
114.0,27083,438.989,-641.064,-0.007,4.208,30.0,1270,-1,12.33,False,-1,True,True,0.75,0.0,-0.0,False,False,-0.03,-0.0,49.368,1270,17.53,,,,,0,False,False,0.0,False,5.19,5.07,20.0,
114.05,27084,439.128,-640.902,-0.008,4.296,30.0,1270,-1,12.55,False,-1,True,True,0.75,0.0,0.0,False,False,0.045,-0.0,49.368,1270,17.53,,,,,0,False,False,0.0,False,4.98,5.1,20.0,
114.1,27085,439.27,-640.736,-0.008,4.392,30.0,1270,-1,12.77,False,-1,True,True,0.75,0.0,0.008,False,False,0.107,-0.013,49.392,1270,21.42,,,,,0,False,False,0.0,False,8.66,5.15,20.0,
114.15,27086,439.415,-640.567,-0.009,4.492,30.0,1270,-1,12.99,False,-1,True,True,0.75,0.0,-0.0,False,False,0.155,-0.011,49.409,1270,21.42,,,,,0,False,False,0.0,False,8.43,5.2,20.0,
114.2,27087,439.563,-640.393,-0.009,4.595,30.0,1270,-1,13.22,False,-1,True,True,0.75,0.0,0.0,False,False,0.191,-0.005,49.413,1270,21.42,,,,,0,False,False,0.0,False,8.2,5.25,20.0,
114.25,27088,439.715,-640.216,-0.009,4.699,30.0,1270,-1,13.45,False,-1,True,True,0.75,0.0,0.001,False,False,0.216,-0.002,49.417,1270,21.42,,,,,0,False,False,0.0,False,7.97,5.3,20.0,
114.3,27089,439.87,-640.035,-0.009,4.803,30.0,1270,-1,13.69,False,-1,True,True,0.75,0.0,0.001,False,False,0.234,-0.001,49.421,1270,21.42,,,,,0,False,False,0.0,False,7.73,5.35,20.0,
114.35,27090,440.028,-639.851,-0.009,4.907,30.0,1270,-1,13.93,False,-1,True,True,0.75,0.0,0.001,False,False,0.246,-0.001,49.425,1270,21.42,,,,,0,False,False,0.0,False,7.49,5.4,20.0,
114.4,27091,440.19,-639.662,-0.009,5.012,30.0,1270,-1,14.18,False,-1,True,True,0.75,0.0,0.0,False,False,0.253,-0.0,49.428,1270,21.42,,,,,0,False,False,0.0,False,7.24,5.45,20.0,
114.45,27092,440.355,-639.469,-0.009,5.116,30.0,1270,-1,14.43,False,-1,True,True,0.75,0.0,0.0,False,False,0.258,0.0,49.431,1270,21.42,,,,,0,False,False,0.0,False,6.99,5.51,20.0,
114.5,27093,440.523,-639.272,-0.009,5.176,30.0,1270,-1,14.69,False,-1,True,True,0.75,0.0,0.0,False,False,0.257,0.0,49.433,1270,21.42,,,,,0,False,False,0.0,False,6.73,5.56,20.0,
114.55,27094,440.694,-639.072,-0.009,5.349,30.0,1270,-1,14.96,False,-1,True,True,0.75,0.0,0.0,False,False,0.261,0.0,49.429,1270,21.42,,,,,0,False,False,0.0,False,6.47,5.59,20.0,
114.6,27095,440.867,-638.87,-0.009,5.273,30.0,1270,-1,15.22,False,-1,True,True,0.75,0.0,0.001,False,False,0.233,-0.001,49.454,1270,21.42,,,,,0,False,False,0.0,False,6.2,5.67,20.0,
114.65,27096,441.039,-638.669,-0.009,5.33,30.0,1270,-1,15.49,False,-1,True,True,0.75,0.0,-0.002,False,False,0.193,0.003,49.431,1270,21.42,,,,,0,False,False,0.0,False,5.94,5.64,20.0,
114.7,27097,441.211,-638.468,-0.008,5.264,30.0,1270,-1,15.75,False,-1,True,True,0.75,0.0,0.002,False,False,0.151,-0.001,49.467,1270,21.42,,,,,0,False,False,0.0,False,5.67,5.67,20.0,
114.75,27098,441.384,-638.267,-0.008,5.353,30.0,1270,-1,16.02,False,-1,True,True,0.75,0.0,-0.003,False,False,0.131,0.003,49.445,1270,21.42,,,,,0,False,False,0.0,False,5.41,5.63,20.0,
114.8,27099,441.56,-638.068,-0.008,5.277,30.0,1270,-1,16.28,False,-1,True,True,0.75,0.0,-0.103,False,False,0.11,0.114,49.298,1270,25.32,,,,,0,False,False,0.0,False,9.19,5.68,20.0,
114.85,27100,441.736,-637.869,-0.008,5.345,30.0,1270,-1,16.55,False,-1,True,True,0.75,0.0,-0.025,False,False,0.097,0.158,48.995,1270,25.32,,,,,0,False,False,0.0,False,8.93,5.64,20.0,
114.9,27101,441.913,-637.669,-0.008,5.426,30.0,1270,-1,16.81,False,-1,True,True,0.75,0.0,-0.003,False,False,0.1,0.1,48.838,1270,25.32,,,,,0,False,False,0.0,False,8.66,5.67,20.0,
114.95,27102,442.104,-637.452,-0.009,5.954,30.0,1270,-1,17.1,False,-1,True,True,0.489,0.0,-0.009,False,False,0.242,0.061,48.714,1270,25.32,,,,,0,False,False,0.0,False,8.37,5.71,20.0,
115.0,27103,442.308,-637.223,-0.01,6.184,30.0,1270,-1,17.41,False,-1,True,True,0.0,0.3,-0.008,False,False,0.374,0.043,48.62,1270,25.32,,,,,0,False,False,0.0,False,8.06,5.98,20.0,
115.05,27104,442.517,-636.987,-0.011,6.363,30.0,1270,-1,17.72,False,-1,True,True,0.0,0.3,-0.007,False,False,0.425,0.033,48.546,1270,25.32,,,,,0,False,False,0.0,False,7.75,6.09,20.0,
115.1,27105,442.727,-636.751,-0.01,6.277,30.0,1270,-1,18.04,False,-1,True,True,0.0,0.3,-0.006,False,False,0.378,0.025,48.483,1270,25.32,,,,,0,False,False,0.0,False,7.43,6.18,20.0,
115.15,27106,442.934,-636.518,-0.01,6.23,30.0,1270,-1,18.35,False,-1,True,True,0.0,0.3,-0.005,False,False,0.283,0.019,48.449,1270,25.32,,,,,0,False,False,0.0,False,7.12,6.14,20.0,
115.2,27107,443.136,-636.291,-0.008,6.013,30.0,1270,-1,18.66,False,-1,True,True,0.0,0.3,-0.006,False,False,0.157,0.018,48.382,1270,25.32,,,,,0,False,False,0.0,False,6.82,6.11,20.0,
115.25,27108,443.333,-636.07,-0.007,5.894,30.0,1270,-1,18.95,False,-1,True,True,0.0,0.3,-0.001,False,False,0.043,0.011,48.376,1270,25.32,,,,,0,False,False,0.0,False,6.52,6.01,20.0,
115.3,27109,443.524,-635.856,-0.007,5.639,30.0,1270,-1,19.24,False,-1,True,True,0.0,0.3,-0.005,False,False,-0.062,0.011,48.322,1270,25.32,,,,,0,False,False,0.0,False,6.24,5.95,20.0,
115.35,27110,443.708,-635.649,-0.006,5.498,30.0,1270,-1,19.52,False,-1,True,True,0.0,0.3,-0.0,False,False,-0.14,0.006,48.328,1270,25.32,,,,,0,False,False,0.0,False,5.96,5.82,20.0,
115.4,27111,443.886,-635.45,-0.005,5.26,30.0,1270,-1,19.78,False,-1,True,True,0.172,0.0,-0.004,False,False,-0.2,0.006,48.279,1270,25.32,,,,,0,False,False,0.0,False,5.69,5.75,20.0,
115.45,27112,444.059,-635.256,-0.005,5.185,30.0,1270,-1,20.04,False,-1,True,True,0.75,0.0,0.001,False,False,-0.22,0.001,48.286,1270,25.32,,,,,0,False,False,0.0,False,5.43,5.63,20.0,
115.5,27113,444.231,-635.069,-0.005,5.007,30.0,1270,-1,20.3,False,-1,True,True,0.75,0.0,-0.099,False,False,-0.226,0.12,48.048,1270,29.21,,,,,0,False,False,0.0,False,9.15,5.59,20.0,
115.55,27114,444.405,-634.886,-0.005,5.075,30.0,1270,-1,20.55,False,-1,True,True,0.75,0.0,-0.067,False,False,-0.182,0.212,47.695,1270,29.21,,,,,0,False,False,0.0,False,8.9,5.5,20.0,
115.6,27115,444.578,-634.703,-0.006,5.057,30.0,1270,-1,20.8,False,-1,True,True,0.75,0.0,-0.047,False,False,-0.125,0.215,47.308,1270,29.21,,,,,0,False,False,0.0,False,8.64,5.54,20.0,
115.65,27116,444.743,-634.531,-0.006,4.603,30.0,1270,-1,21.04,False,-1,True,True,0.75,0.0,-0.032,False,False,-0.174,0.169,47.054,1270,29.21,,,,,0,False,False,0.0,False,8.41,5.53,20.0,
115.7,27117,444.895,-634.372,-0.005,4.313,30.0,1270,-1,21.26,False,-1,True,True,0.75,0.0,-0.032,False,False,-0.262,0.123,46.863,1270,29.21,,,,,0,False,False,0.0,False,8.19,5.3,20.0,
115.75,27118,445.041,-634.221,-0.005,4.151,30.0,1270,-1,21.47,False,-1,True,True,0.75,0.0,-0.031,False,False,-0.307,0.092,46.696,1270,29.21,,,,,0,False,False,0.0,False,7.98,5.16,20.0,
115.8,27119,445.185,-634.074,-0.005,4.086,30.0,1270,-1,21.67,False,-1,True,True,0.75,0.0,-0.027,False,False,-0.295,0.068,46.545,1270,29.21,,,,,0,False,False,0.0,False,7.77,5.08,20.0,
115.85,27120,445.327,-633.928,-0.005,4.087,30.0,1270,-1,21.88,False,-1,True,True,0.75,0.0,-0.023,False,False,-0.237,0.049,46.414,1270,29.21,,,,,0,False,False,0.0,False,7.57,5.04,20.0,
115.9,27121,445.471,-633.78,-0.006,4.129,30.0,1270,-1,22.08,False,-1,True,True,0.75,0.0,-0.02,False,False,-0.156,0.033,46.298,1270,29.21,,,,,0,False,False,0.0,False,7.36,5.04,20.0,
115.95,27122,445.617,-633.63,-0.007,4.196,30.0,1270,-1,22.29,False,-1,True,True,0.75,0.0,-0.017,False,False,-0.07,0.022,46.196,1270,29.21,,,,,0,False,False,0.0,False,7.15,5.06,20.0,
116.0,27123,445.766,-633.478,-0.007,4.279,30.0,1270,-1,22.5,False,-1,True,True,0.75,0.0,-0.015,False,False,0.01,0.014,46.106,1270,29.21,,,,,0,False,False,0.0,False,6.94,5.1,20.0,
116.05,27124,445.918,-633.323,-0.008,4.371,30.0,1270,-1,22.72,False,-1,True,True,0.75,0.0,-0.012,False,False,0.078,0.008,46.028,1270,29.21,,,,,0,False,False,0.0,False,6.72,5.14,20.0,
116.1,27125,446.073,-633.164,-0.008,4.469,30.0,1270,-1,22.94,False,-1,True,True,0.75,0.0,-0.011,False,False,0.133,0.004,45.96,1270,29.21,,,,,0,False,False,0.0,False,6.5,5.19,20.0,
116.15,27126,446.232,-633.002,-0.009,4.57,30.0,1270,-1,23.11,False,-1,True,True,0.75,0.0,-0.009,False,False,0.174,0.002,45.9,1270,29.21,,,,,0,False,False,0.0,False,6.27,5.23,20.0,
116.2,27127,446.394,-632.836,-0.009,4.673,30.0,1270,-1,23.35,False,-1,True,True,0.75,0.0,-0.008,False,False,0.204,0.001,45.848,1270,29.21,,,,,0,False,False,0.0,False,6.04,5.29,20.0,
116.25,27128,446.56,-632.667,-0.009,4.777,30.0,1270,-1,23.58,False,-1,True,True,0.75,0.0,-0.006,False,False,0.226,-0.0,45.803,1270,29.21,,,,,0,False,False,0.0,False,5.8,5.34,20.0,
116.3,27129,446.729,-632.494,-0.009,4.882,30.0,1270,-1,23.82,False,-1,True,True,0.75,0.0,-0.005,False,False,0.24,-0.0,45.765,1270,29.21,,,,,0,False,False,0.0,False,5.56,5.39,20.0,
116.35,27130,446.902,-632.317,-0.009,4.986,30.0,1270,-1,24.07,False,-1,True,True,0.75,0.0,-0.005,False,False,0.249,-0.0,45.732,1270,29.21,,,,,0,False,False,0.0,False,5.31,5.44,20.0,
116.4,27131,447.082,-632.14,-0.009,5.078,30.0,1270,-1,24.32,False,-1,True,True,0.75,0.0,-0.105,False,False,0.253,0.13,45.503,1270,33.1,,,,,0,False,False,0.0,False,9.04,5.49,20.0,
116.45,27132,447.267,-631.963,-0.009,5.158,30.0,1270,-1,24.58,False,-1,True,True,0.75,0.0,-0.078,False,False,0.25,0.253,45.029,1270,33.1,,,,,0,False,False,0.0,False,8.78,5.54,20.0,
116.5,27133,447.453,-631.786,-0.009,5.132,30.0,1270,-1,24.84,False,-1,True,True,0.75,0.0,-0.044,False,False,0.217,0.234,44.666,1270,33.1,,,,,0,False,False,0.0,False,8.53,5.58,20.0,
116.55,27134,447.639,-631.61,-0.008,5.116,30.0,1270,-1,25.02,False,-1,True,True,0.75,0.0,-0.04,False,False,0.172,0.186,44.293,1270,33.1,,,,,0,False,False,0.0,False,8.27,5.57,20.0,
116.6,27135,447.824,-631.435,-0.008,5.12,30.0,1270,-1,25.28,False,-1,True,True,0.75,0.0,-0.028,False,False,0.136,0.133,44.072,1270,33.1,,,,,0,False,False,0.0,False,8.02,5.56,20.0,
116.65,27136,448.011,-631.259,-0.008,5.137,30.0,1270,-1,25.53,False,-1,True,True,0.75,0.0,-0.031,False,False,0.116,0.104,43.801,1270,33.1,,,,,0,False,False,0.0,False,7.76,5.56,20.0,
116.7,27137,448.199,-631.083,-0.008,5.17,30.0,1270,-1,25.79,False,-1,True,True,0.75,0.0,-0.019,False,False,0.109,0.073,43.656,1270,33.1,,,,,0,False,False,0.0,False,7.5,5.57,20.0,
116.75,27138,448.388,-630.907,-0.008,5.163,30.0,1270,-1,26.05,False,-1,True,True,0.75,0.0,-0.023,False,False,0.101,0.058,43.454,1270,33.1,,,,,0,False,False,0.0,False,7.24,5.58,20.0,
116.8,27139,448.577,-630.731,-0.008,5.161,30.0,1270,-1,26.31,False,-1,True,True,0.75,0.0,-0.013,False,False,0.091,0.038,43.368,1270,33.1,,,,,0,False,False,0.0,False,6.99,5.58,20.0,
116.85,27140,448.772,-630.55,-0.008,5.518,30.0,1270,-1,26.57,False,-1,True,True,0.75,0.0,-0.018,False,False,0.152,0.037,43.248,1270,33.1,,,,,0,False,False,0.0,False,6.72,5.58,20.0,
116.9,27141,448.985,-630.352,-0.01,5.945,30.0,1270,-1,26.86,False,-1,True,True,0.169,0.0,-0.011,False,False,0.312,0.033,43.17,1270,33.1,,,,,0,False,False,0.0,False,6.43,5.76,20.0,
116.95,27142,449.211,-630.144,-0.011,6.2,30.0,1270,-1,27.17,False,-1,True,True,0.0,0.3,-0.012,False,False,0.429,0.029,43.059,1270,33.1,,,,,0,False,False,0.0,False,6.12,5.97,20.0,
117.0,27143,449.44,-629.932,-0.011,6.254,30.0,1270,-1,27.48,False,-1,True,True,0.0,0.3,-0.006,False,False,0.442,0.017,43.007,1270,33.1,,,,,0,False,False,0.0,False,5.81,6.1,20.0,
117.05,27144,449.669,-629.724,-0.01,6.161,30.0,1270,-1,27.79,False,-1,True,True,0.0,0.3,-0.106,False,False,0.36,0.123,42.741,1270,37.0,,,,,0,False,False,0.0,False,9.52,6.13,20.0,
117.1,27145,449.898,-629.526,-0.009,6.023,30.0,1270,-1,28.03,False,-1,True,True,0.0,0.3,-0.105,False,False,0.236,0.282,42.259,1270,37.0,,,,,0,False,False,0.0,False,9.21,6.08,20.0,
117.15,27146,450.123,-629.334,-0.008,5.867,30.0,1270,-1,28.33,False,-1,True,True,0.0,0.3,-0.073,False,False,0.111,0.322,41.656,1270,37.0,,,,,0,False,False,0.0,False,8.92,6.01,20.0,
117.2,27147,450.341,-629.148,-0.007,5.692,30.0,1270,-1,28.61,False,-1,True,True,0.0,0.3,-0.045,False,False,0.002,0.269,41.224,1270,37.0,,,,,0,False,False,0.0,False,8.63,5.93,20.0,
117.25,27148,450.554,-628.969,-0.006,5.498,30.0,1270,-1,28.89,False,-1,True,True,0.0,0.3,-0.043,False,False,-0.089,0.211,40.801,1270,37.0,,,,,0,False,False,0.0,False,8.35,5.85,20.0,
117.3,27149,450.76,-628.796,-0.006,5.336,30.0,1270,-1,29.16,False,-1,True,True,0.181,0.0,-0.031,False,False,-0.155,0.155,40.535,1270,37.0,,,,,0,False,False,0.0,False,8.08,5.75,20.0,
117.35,27150,450.961,-628.628,-0.005,5.2,30.0,1270,-1,29.42,False,-1,True,True,0.75,0.0,-0.033,False,False,-0.187,0.12,40.237,1270,37.0,,,,,0,False,False,0.0,False,7.82,5.67,20.0,
117.4,27151,451.159,-628.465,-0.005,5.091,30.0,1270,-1,29.68,False,-1,True,True,0.75,0.0,-0.021,False,False,-0.195,0.087,40.071,1270,37.0,,,,,0,False,False,0.0,False,7.56,5.6,20.0,
117.45,27152,451.354,-628.304,-0.006,5.055,30.0,1270,-1,29.93,False,-1,True,True,0.75,0.0,-0.025,False,False,-0.175,0.07,39.845,1270,37.0,,,,,0,False,False,0.0,False,7.31,5.55,20.0,
117.5,27153,451.55,-628.144,-0.006,5.052,30.0,1270,-1,30.19,False,-1,True,True,0.75,0.0,-0.013,False,False,-0.127,0.049,39.745,1270,37.0,,,,,0,False,False,0.0,False,7.06,5.53,20.0,
117.55,27154,451.744,-627.985,-0.006,4.882,30.0,1270,-1,30.44,False,-1,True,True,0.75,0.0,-0.018,False,False,-0.101,0.04,39.606,1270,37.0,,,,,0,False,False,0.0,False,6.81,5.53,20.0,
117.6,27155,451.924,-627.838,-0.006,4.536,30.0,1270,-1,30.67,False,-1,True,True,0.75,0.0,-0.011,False,False,-0.176,0.027,39.53,1270,37.0,,,,,0,False,False,0.0,False,6.58,5.44,20.0,
117.65,27156,452.094,-627.7,-0.005,4.327,30.0,1270,-1,30.89,False,-1,True,True,0.75,0.0,-0.013,False,False,-0.246,0.019,39.462,1270,37.0,,,,,0,False,False,0.0,False,6.36,5.27,20.0,
117.7,27157,452.259,-627.565,-0.005,4.227,30.0,1270,-1,31.05,False,-1,True,True,0.75,0.0,-0.011,False,False,-0.265,0.015,39.399,1270,37.0,,,,,0,False,False,0.0,False,6.14,5.16,20.0,
117.75,27158,452.423,-627.433,-0.005,4.203,30.0,1270,-1,31.26,False,-1,True,True,0.75,0.0,-0.009,False,False,-0.233,0.01,39.344,1270,37.0,,,,,0,False,False,0.0,False,5.93,5.11,20.0,
117.8,27159,452.587,-627.299,-0.006,4.229,30.0,1270,-1,31.47,False,-1,True,True,0.75,0.0,-0.008,False,False,-0.169,0.006,39.297,1270,37.0,,,,,0,False,False,0.0,False,5.72,5.1,20.0,
117.85,27160,452.753,-627.165,-0.007,4.286,30.0,1270,-1,31.68,False,-1,True,True,0.75,0.0,-0.007,False,False,-0.091,0.004,39.256,1270,37.0,,,,,0,False,False,0.0,False,5.51,5.11,20.0,
117.9,27161,452.921,-627.028,-0.007,4.361,30.0,1270,-1,31.9,False,-1,True,True,0.75,0.0,-0.006,False,False,-0.013,0.002,39.219,1270,37.0,,,,,0,False,False,0.0,False,5.29,5.14,20.0,
117.95,27162,453.093,-626.889,-0.008,4.448,30.0,1270,-1,32.12,False,-1,True,True,0.75,0.0,-0.005,False,False,0.056,0.001,39.188,1270,37.0,,,,,0,False,False,0.0,False,5.07,5.18,20.0,
118.0,27163,453.271,-626.75,-0.008,4.531,30.0,1270,-1,32.35,False,-1,True,True,0.75,0.0,-0.105,False,False,0.111,0.109,38.977,1270,40.89,,,,,0,False,False,0.0,False,8.72,5.22,20.0,
118.05,27164,453.455,-626.612,-0.009,4.629,30.0,1270,-1,32.58,False,-1,True,True,0.75,0.0,-0.084,False,False,0.153,0.23,38.551,1270,40.89,,,,,0,False,False,0.0,False,8.5,5.27,20.0,
118.1,27165,453.643,-626.472,-0.009,4.732,30.0,1270,-1,32.81,False,-1,True,True,0.75,0.0,-0.053,False,False,0.186,0.237,38.163,1270,40.89,,,,,0,False,False,0.0,False,8.26,5.31,20.0,
118.15,27166,453.835,-626.328,-0.009,4.836,30.0,1270,-1,33.01,False,-1,True,True,0.75,0.0,-0.043,False,False,0.212,0.198,37.849,1270,40.89,,,,,0,False,False,0.0,False,8.02,5.37,20.0,
118.2,27167,454.032,-626.182,-0.009,4.941,30.0,1270,-1,33.26,False,-1,True,True,0.75,0.0,-0.039,False,False,0.23,0.155,37.58,1270,40.89,,,,,0,False,False,0.0,False,7.78,5.42,20.0,
118.25,27168,454.233,-626.034,-0.009,5.045,30.0,1270,-1,33.51,False,-1,True,True,0.75,0.0,-0.033,False,False,0.243,0.116,37.345,1270,40.89,,,,,0,False,False,0.0,False,7.53,5.47,20.0,
118.3,27169,454.439,-625.882,-0.009,5.157,30.0,1270,-1,33.76,False,-1,True,True,0.75,0.0,-0.027,False,False,0.252,0.083,37.144,1270,40.89,,,,,0,False,False,0.0,False,7.27,5.52,20.0,
118.35,27170,454.648,-625.728,-0.009,5.205,30.0,1270,-1,34.02,False,-1,True,True,0.75,0.0,-0.023,False,False,0.252,0.058,36.961,1270,40.89,,,,,0,False,False,0.0,False,7.01,5.58,20.0,
118.4,27171,454.86,-625.572,-0.009,5.277,30.0,1270,-1,34.28,False,-1,True,True,0.75,0.0,-0.019,False,False,0.235,0.038,36.827,1270,40.89,,,,,0,False,False,0.0,False,6.75,5.6,20.0,
118.45,27172,455.07,-625.418,-0.009,5.19,30.0,1270,-1,34.54,False,-1,True,True,0.75,0.0,-0.018,False,False,0.187,0.027,36.66,1270,40.89,,,,,0,False,False,0.0,False,6.49,5.64,20.0,
118.5,27173,455.281,-625.263,-0.008,5.262,30.0,1270,-1,34.81,False,-1,True,True,0.75,0.0,-0.01,False,False,0.153,0.013,36.572,1270,40.89,,,,,0,False,False,0.0,False,6.23,5.59,20.0,
118.55,27174,455.491,-625.109,-0.008,5.208,30.0,1270,-1,35.0,False,-1,True,True,0.75,0.0,-0.013,False,False,0.125,0.01,36.444,1270,40.89,,,,,0,False,False,0.0,False,5.96,5.63,20.0,
118.6,27175,455.704,-624.953,-0.008,5.303,30.0,1270,-1,35.26,False,-1,True,True,0.75,0.0,-0.006,False,False,0.118,0.003,36.39,1270,40.89,,,,,0,False,False,0.0,False,5.7,5.6,20.0,
118.65,27176,455.915,-624.798,-0.008,5.226,30.0,1270,-1,35.52,False,-1,True,True,0.75,0.0,-0.009,False,False,0.101,0.005,36.294,1270,40.89,,,,,0,False,False,0.0,False,5.44,5.65,20.0,
118.7,27177,456.13,-624.646,-0.008,5.282,30.0,1270,-1,35.79,False,-1,True,True,0.75,0.0,-0.109,False,False,0.091,0.115,36.094,1270,44.79,,,,,0,False,False,0.0,False,9.07,5.61,20.0,
118.75,27178,456.356,-624.489,-0.009,5.659,30.0,1270,-1,36.0,False,-1,True,True,0.75,0.0,-0.04,False,False,0.176,0.185,35.695,1270,44.79,,,,,0,False,False,0.0,False,8.79,5.64,20.0,
118.8,27179,456.601,-624.318,-0.01,6.114,30.0,1270,-1,36.3,False,-1,True,True,0.0,0.3,-0.012,False,False,0.335,0.14,35.432,1270,44.79,,,,,0,False,False,0.0,False,8.49,5.83,20.0,
118.85,27180,456.855,-624.139,-0.011,6.247,30.0,1270,-1,36.61,False,-1,True,True,0.0,0.3,-0.013,False,False,0.423,0.094,35.259,1270,44.79,,,,,0,False,False,0.0,False,8.18,6.06,20.0,
118.9,27181,457.115,-623.958,-0.011,6.366,30.0,1270,-1,36.93,False,-1,True,True,0.0,0.3,-0.014,False,False,0.426,0.071,35.12,1270,44.79,,,,,0,False,False,0.0,False,7.86,6.12,20.0,
118.95,27182,457.373,-623.779,-0.01,6.238,30.0,1270,-1,37.24,False,-1,True,True,0.0,0.3,-0.012,False,False,0.347,0.057,34.99,1270,44.79,,,,,0,False,False,0.0,False,7.55,6.18,20.0,
119.0,27183,457.627,-623.603,-0.009,6.16,30.0,1270,-1,37.55,False,-1,True,True,0.0,0.3,-0.009,False,False,0.234,0.042,34.918,1270,44.79,,,,,0,False,False,0.0,False,7.24,6.12,20.0,
119.05,27184,457.874,-623.432,-0.008,5.934,30.0,1270,-1,37.85,False,-1,True,True,0.0,0.3,-0.01,False,False,0.106,0.036,34.811,1270,44.79,,,,,0,False,False,0.0,False,6.94,6.08,20.0,
119.1,27185,458.114,-623.267,-0.007,5.809,30.0,1270,-1,38.14,False,-1,True,True,0.0,0.3,-0.005,False,False,-0.002,0.024,34.772,1270,44.79,,,,,0,False,False,0.0,False,6.65,5.97,20.0,
119.15,27186,458.346,-623.106,-0.006,5.55,30.0,1270,-1,38.42,False,-1,True,True,0.0,0.3,-0.008,False,False,-0.098,0.021,34.692,1270,44.79,,,,,0,False,False,0.0,False,6.37,5.9,20.0,
119.2,27187,458.571,-622.951,-0.006,5.438,30.0,1270,-1,38.7,False,-1,True,True,0.0,0.013,-0.002,False,False,-0.162,0.012,34.675,1270,44.79,,,,,0,False,False,0.0,False,6.09,5.77,20.0,
119.25,27188,458.789,-622.801,-0.005,5.219,30.0,1270,-1,38.96,False,-1,True,True,0.389,0.0,-0.006,False,False,-0.203,0.01,34.605,1270,44.79,,,,,0,False,False,0.0,False,5.83,5.72,20.0,
119.3,27189,459.002,-622.654,-0.005,5.151,30.0,1270,-1,39.22,False,-1,True,True,0.75,0.0,-0.0,False,False,-0.215,0.004,34.598,1270,44.79,,,,,0,False,False,0.0,False,5.57,5.61,20.0,
119.35,27190,459.213,-622.513,-0.005,5.05,30.0,1270,-1,39.48,False,-1,True,True,0.75,0.0,-0.084,False,False,-0.198,0.096,34.409,1270,48.68,,,,,0,False,False,0.0,False,9.21,5.58,20.0,
119.4,27191,459.426,-622.372,-0.006,5.116,30.0,1270,-1,39.73,False,-1,True,True,0.75,0.0,-0.012,False,False,-0.144,0.114,34.228,1270,48.68,,,,,0,False,False,0.0,False,8.96,5.52,20.0,
119.45,27192,459.631,-622.233,-0.006,4.8,30.0,1270,-1,39.98,False,-1,True,True,0.75,0.0,-0.005,False,False,-0.142,0.07,34.087,1270,48.68,,,,,0,False,False,0.0,False,8.71,5.56,20.0,
119.5,27193,459.82,-622.106,-0.005,4.435,30.0,1270,-1,40.21,False,-1,True,True,0.75,0.0,-0.004,False,False,-0.233,0.036,34.004,1270,48.68,,,,,0,False,False,0.0,False,8.48,5.4,20.0,
119.55,27194,459.998,-621.987,-0.005,4.212,30.0,1270,-1,40.42,False,-1,True,True,0.75,0.0,-0.006,False,False,-0.305,0.017,33.961,1270,48.68,,,,,0,False,False,0.0,False,8.27,5.22,20.0,
119.6,27195,460.17,-621.872,-0.005,4.102,30.0,1270,-1,40.63,False,-1,True,True,0.75,0.0,-0.007,False,False,-0.319,0.011,33.924,1270,48.68,,,,,0,False,False,0.0,False,8.06,5.11,20.0,
119.65,27196,460.34,-621.759,-0.005,4.073,30.0,1270,-1,40.83,False,-1,True,True,0.75,0.0,-0.006,False,False,-0.279,0.008,33.889,1270,48.68,,,,,0,False,False,0.0,False,7.86,5.05,20.0,
119.7,27197,460.51,-621.645,-0.006,4.097,30.0,1270,-1,41.04,False,-1,True,True,0.75,0.0,-0.005,False,False,-0.205,0.006,33.859,1270,48.68,,,,,0,False,False,0.0,False,7.65,5.04,20.0,
119.75,27198,460.682,-621.53,-0.006,4.153,30.0,1270,-1,41.24,False,-1,True,True,0.75,0.0,-0.004,False,False,-0.117,0.004,33.832,1270,48.68,,,,,0,False,False,0.0,False,7.44,5.05,20.0,
119.8,27199,460.858,-621.413,-0.007,4.229,30.0,1270,-1,41.45,False,-1,True,True,0.75,0.0,-0.004,False,False,-0.032,0.002,33.809,1270,48.68,,,,,0,False,False,0.0,False,7.23,5.08,20.0,
119.85,27200,461.036,-621.294,-0.008,4.317,30.0,1270,-1,41.67,False,-1,True,True,0.75,0.0,-0.003,False,False,0.044,0.001,33.788,1270,48.68,,,,,0,False,False,0.0,False,7.02,5.11,20.0,
119.9,27201,461.219,-621.173,-0.008,4.412,30.0,1270,-1,41.89,False,-1,True,True,0.75,0.0,-0.003,False,False,0.106,0.001,33.771,1270,48.68,,,,,0,False,False,0.0,False,6.8,5.16,20.0,
119.95,27202,461.405,-621.048,-0.009,4.512,30.0,1270,-1,42.11,False,-1,True,True,0.75,0.0,-0.002,False,False,0.154,0.0,33.755,1270,48.68,,,,,0,False,False,0.0,False,6.57,5.21,20.0,
120.0,27203,461.596,-620.921,-0.009,4.615,30.0,1270,-1,42.34,False,-1,True,True,0.75,0.0,-0.002,False,False,0.19,-0.0,33.742,1270,48.68,,,,,0,False,False,0.0,False,6.35,5.26,20.0,
120.05,27204,461.79,-620.791,-0.009,4.718,30.0,1270,-1,42.57,False,-1,True,True,0.75,0.0,-0.002,False,False,0.216,-0.0,33.73,1270,48.68,,,,,0,False,False,0.0,False,6.11,5.31,20.0,
120.1,27205,461.989,-620.659,-0.009,4.823,30.0,1270,-1,42.81,False,-1,True,True,0.75,0.0,-0.001,False,False,0.234,-0.0,33.72,1270,48.68,,,,,0,False,False,0.0,False,5.87,5.36,20.0,
120.15,27206,462.193,-620.523,-0.009,4.927,30.0,1270,-1,43.06,False,-1,True,True,0.75,0.0,-0.001,False,False,0.245,-0.0,33.712,1270,48.68,,,,,0,False,False,0.0,False,5.63,5.41,20.0,
120.2,27207,462.401,-620.385,-0.009,5.031,30.0,1270,-1,43.31,False,-1,True,True,0.75,0.0,-0.001,False,False,0.253,-0.0,33.704,1270,48.68,,,,,0,False,False,0.0,False,5.38,5.46,20.0,
120.25,27208,462.614,-620.246,-0.009,5.128,30.0,1270,-1,43.56,False,-1,True,True,0.75,0.0,-0.05,False,False,0.256,0.084,33.558,1464,1.74,,,,,0,False,False,0.0,False,8.82,5.52,20.0,
120.3,27209,462.824,-620.072,0.018,5.203,30.0,1270,-1,43.83,False,-1,True,True,0.75,0.0,-0.001,False,False,1.72,-3.937,33.373,1464,1.74,,,,,0,False,False,0.0,False,8.55,5.56,20.0,
120.35,27210,463.044,-619.93,0.028,5.176,30.0,1270,-1,44.09,False,-1,True,True,0.75,0.0,-0.015,False,False,2.0,-4.344,33.21,1464,1.74,,,,,0,False,False,0.0,False,8.29,5.6,20.0,
120.4,27211,463.263,-619.791,0.033,5.201,30.0,1270,-1,44.35,False,-1,True,True,0.75,0.0,0.005,False,False,2.074,-4.51,33.183,1464,1.74,,,,,0,False,False,0.0,False,8.03,5.59,20.0,
120.45,27212,463.481,-619.65,0.035,5.197,30.0,1270,-1,44.61,False,-1,True,True,0.75,0.0,-0.003,False,False,2.056,-4.573,33.133,1464,1.74,,,,,0,False,False,0.0,False,7.77,5.6,20.0,
120.5,27213,463.7,-619.509,0.035,5.234,30.0,1270,-1,44.87,False,-1,True,True,0.75,0.0,0.0,False,False,2.022,-4.601,33.185,1464,1.74,,,,,0,False,False,0.0,False,7.51,5.6,20.0,
120.55,27214,463.92,-619.366,0.034,5.252,30.0,1270,-1,45.14,False,-1,True,True,0.75,0.0,-0.008,False,False,1.982,-4.586,33.15,1464,1.74,,,,,0,False,False,0.0,False,7.25,5.62,20.0,
120.6,27215,464.14,-619.223,0.033,5.256,30.0,1270,-1,45.4,False,-1,True,True,0.75,0.0,-0.002,False,False,1.949,-4.58,33.185,1464,1.74,,,,,0,False,False,0.0,False,6.99,5.63,20.0,
120.65,27216,464.359,-619.08,0.033,5.24,30.0,1270,-1,45.66,False,-1,True,True,0.75,0.0,-0.007,False,False,1.911,-4.555,33.12,1464,1.74,,,,,0,False,False,0.0,False,6.72,5.63,20.0,
120.7,27217,464.586,-618.932,0.031,5.608,30.0,1270,-1,45.93,False,-1,True,True,0.75,0.0,0.001,False,False,1.944,-4.546,33.094,1464,1.74,,,,,0,False,False,0.0,False,6.45,5.62,20.0,
120.75,27218,464.819,-618.768,0.048,6.014,30.0,1270,-1,46.22,False,-1,True,True,0.0,0.161,-0.001,False,False,1.131,-5.717,33.048,1464,1.74,,,,,0,False,False,0.0,False,6.17,5.8,20.0,
120.8,27219,465.072,-618.601,0.063,6.238,30.0,1270,-1,46.52,False,-1,True,True,0.0,0.3,-0.008,False,False,0.476,-6.295,32.927,1464,1.74,,,,,0,False,False,0.0,False,5.87,6.01,20.0,
120.85,27220,465.336,-618.433,0.069,6.338,30.0,1270,-1,46.83,False,-1,True,True,0.0,0.3,-0.008,False,False,0.215,-6.437,32.833,1464,5.23,,,,,0,False,False,0.0,False,9.08,6.12,20.0,
120.9,27221,465.599,-618.265,0.072,6.215,30.0,1270,-1,47.14,False,-1,True,True,0.0,0.3,-0.007,False,False,0.082,-6.468,32.746,1464,5.23,,,,,0,False,False,0.0,False,8.77,6.17,20.0,
120.95,27222,465.859,-618.1,0.073,6.136,30.0,1270,-1,47.45,False,-1,True,True,0.0,0.3,-0.005,False,False,-0.002,-6.468,32.717,1464,5.23,,,,,0,False,False,0.0,False,8.46,6.11,20.0,
121.0,27223,466.112,-617.94,0.073,5.913,30.0,1270,-1,47.75,False,-1,True,True,0.0,0.3,-0.008,False,False,-0.08,-6.452,32.646,1464,5.23,,,,,0,False,False,0.0,False,8.16,6.07,20.0,
121.05,27224,466.358,-617.783,0.073,5.791,30.0,1270,-1,48.04,False,-1,True,True,0.0,0.3,-0.003,False,False,-0.135,-6.442,32.635,1464,5.23,,,,,0,False,False,0.0,False,7.87,5.96,20.0,
121.1,27225,466.595,-617.632,0.073,5.53,30.0,1270,-1,48.32,False,-1,True,True,0.0,0.3,-0.006,False,False,-0.193,-6.427,32.579,1464,5.23,,,,,0,False,False,0.0,False,7.59,5.9,20.0,
121.15,27226,466.826,-617.486,0.072,5.424,30.0,1270,-1,48.6,False,-1,True,True,0.06,0.0,-0.001,False,False,-0.224,-6.421,32.581,1464,5.23,,,,,0,False,False,0.0,False,7.32,5.77,20.0,
121.2,27227,467.049,-617.344,0.072,5.211,30.0,1270,-1,48.86,False,-1,True,True,0.44,0.0,-0.005,False,False,-0.245,-6.411,32.526,1464,5.23,,,,,0,False,False,0.0,False,7.05,5.71,20.0,
121.25,27228,467.272,-617.207,0.068,5.299,30.0,1270,-1,49.12,False,-1,True,True,0.75,0.0,0.0,False,False,-0.43,-5.751,32.426,1464,5.23,,,,,0,False,False,0.0,False,6.79,5.61,20.0,
121.3,27229,467.492,-617.076,0.057,5.158,30.0,1270,-1,49.38,False,-1,True,True,0.75,0.0,0.011,False,False,-0.925,-4.36,32.318,1464,5.23,,,,,0,False,False,0.0,False,6.53,5.65,20.0,
121.35,27230,467.71,-616.944,0.043,5.211,30.0,1270,-1,49.63,False,-1,True,True,0.75,0.0,0.019,False,False,-1.522,-2.853,32.358,1464,5.23,,,,,0,False,False,0.0,False,6.28,5.58,20.0,
121.4,27231,467.921,-616.805,0.035,4.94,30.0,1270,-1,49.89,False,-1,True,True,0.75,0.0,0.008,False,False,-1.831,-2.26,32.425,1464,5.23,,,,,0,False,False,0.0,False,6.03,5.61,20.0,
121.45,27232,468.117,-616.677,0.032,4.575,30.0,1270,-1,50.12,False,-1,True,True,0.75,0.0,-0.003,False,False,-2.052,-1.995,32.472,1464,5.23,,,,,0,False,False,0.0,False,5.79,5.47,20.0,
121.5,27233,468.301,-616.558,0.03,4.319,30.0,1270,-1,50.34,False,-1,True,True,0.75,0.0,-0.004,False,False,-2.192,-1.849,32.474,1464,5.23,,,,,0,False,False,0.0,False,5.57,5.29,20.0,
121.55,27234,468.479,-616.444,0.03,4.184,30.0,1270,-1,50.55,False,-1,True,True,0.75,0.0,0.0,False,False,-2.231,-1.792,32.472,1464,5.23,,,,,0,False,False,0.0,False,5.36,5.16,20.0,
121.6,27235,468.654,-616.332,0.03,4.136,30.0,1464,-1,0.13,True,85,True,True,0.75,0.0,0.001,False,False,-2.188,-1.783,32.474,1464,5.23,,,,,0,False,False,0.0,False,5.15,5.09,20.0,
121.65,27236,468.829,-616.22,0.03,4.147,30.0,1464,-1,0.34,True,85,True,True,0.75,0.0,0.0,False,False,-2.095,-1.794,32.477,1464,5.23,,,,,0,False,False,0.0,False,4.95,5.07,20.0,
121.7,27237,469.008,-616.112,0.03,4.182,30.0,1464,-1,0.55,True,85,True,True,0.75,0.0,-0.1,False,False,-1.986,-1.677,32.252,1464,8.72,,,,,0,False,False,0.0,False,8.31,5.07,20.0,
121.75,27238,469.19,-616.003,0.03,4.253,30.0,1464,-1,0.76,True,85,True,True,0.75,0.0,-0.02,False,False,-1.854,-1.647,32.002,1464,8.72,,,,,0,False,False,0.0,False,8.09,5.09,20.0,
121.8,27239,469.379,-615.892,0.022,4.324,30.0,1464,-1,0.98,True,85,True,True,0.75,0.0,-0.02,False,False,-1.386,-1.275,31.852,1464,8.72,,,,,0,False,False,0.0,False,7.88,5.13,20.0,
121.85,27240,469.57,-615.776,0.013,4.407,30.0,1464,-1,1.2,True,85,True,True,0.75,0.0,-0.009,False,False,-0.869,-0.905,31.755,1464,8.72,,,,,0,False,False,0.0,False,7.65,5.16,20.0,
121.9,27241,469.763,-615.658,0.005,4.503,30.0,1464,-1,1.43,True,85,True,True,0.75,0.0,-0.011,False,False,-0.486,-0.637,31.681,1464,8.72,,,,,0,False,False,0.0,False,7.43,5.2,20.0,
121.95,27242,469.96,-615.538,-0.0,4.607,30.0,1464,-1,1.66,True,85,True,True,0.75,0.0,-0.011,False,False,-0.214,-0.433,31.614,1464,8.72,,,,,0,False,False,0.0,False,7.2,5.25,20.0,
122.0,27243,470.161,-615.415,-0.004,4.714,30.0,1464,-1,1.89,True,85,True,True,0.75,0.0,-0.009,False,False,-0.028,-0.284,31.553,1464,8.72,,,,,0,False,False,0.0,False,6.96,5.3,20.0,
122.05,27244,470.366,-615.29,-0.007,4.823,30.0,1464,-1,2.13,True,85,True,True,0.75,0.0,-0.008,False,False,0.093,-0.181,31.5,1464,8.72,,,,,0,False,False,0.0,False,6.72,5.36,20.0,
122.1,27245,470.575,-615.163,-0.008,4.932,30.0,1464,-1,2.38,True,85,True,True,0.75,0.0,-0.007,False,False,0.17,-0.111,31.453,1464,8.72,,,,,0,False,False,0.0,False,6.48,5.41,20.0,
122.15,27246,470.789,-615.033,-0.009,5.04,30.0,1464,-1,2.63,True,85,True,True,0.75,0.0,-0.006,False,False,0.218,-0.064,31.412,1464,8.72,,,,,0,False,False,0.0,False,6.22,5.47,20.0,
122.2,27247,471.007,-614.9,-0.009,5.141,30.0,1464,-1,2.88,True,85,True,True,0.75,0.0,-0.005,False,False,0.246,-0.033,31.377,1464,8.72,,,,,0,False,False,0.0,False,5.97,5.52,20.0,
122.25,27248,471.23,-614.765,-0.01,5.284,30.0,1464,-1,3.14,True,85,True,True,0.75,0.0,-0.004,False,False,0.26,-0.017,31.349,1464,8.72,,,,,0,False,False,0.0,False,5.71,5.57,20.0,
122.3,27249,471.455,-614.628,-0.009,5.23,30.0,1464,-1,3.41,True,85,True,True,0.75,0.0,-0.004,False,False,0.244,-0.007,31.303,1464,8.72,,,,,0,False,False,0.0,False,5.45,5.64,20.0,
122.35,27250,471.681,-614.495,-0.009,5.274,30.0,1464,-1,3.67,True,85,True,True,0.75,0.0,-0.104,False,False,0.204,0.103,31.139,1464,12.2,,,,,0,False,False,0.0,False,8.71,5.61,20.0,
122.4,27251,471.907,-614.365,-0.009,5.205,30.0,1464,-1,3.93,True,85,True,True,0.75,0.0,-0.047,False,False,0.158,0.175,30.79,1464,12.2,,,,,0,False,False,0.661,False,8.44,5.64,20.0,
122.45,27252,472.135,-614.234,-0.008,5.292,30.0,1464,-1,4.19,True,85,True,True,0.75,0.0,-0.022,False,False,0.134,0.146,30.56,1464,12.2,,,,,0,False,False,0.814,False,8.18,5.6,20.0,
122.5,27253,472.362,-614.103,-0.008,5.241,30.0,1464,-1,4.45,True,85,True,True,0.75,0.0,-0.023,False,False,0.116,0.112,30.33,1464,12.2,,,,,0,False,False,0.971,False,7.92,5.65,20.0,
122.55,27254,472.592,-613.971,-0.008,5.308,30.0,1464,-1,4.72,True,85,True,True,0.75,0.0,-0.016,False,False,0.106,0.081,30.2,1464,12.2,,,,,0,False,False,1.131,False,7.65,5.62,20.0,
122.6,27255,472.82,-613.841,-0.008,5.234,30.0,1464,-1,4.98,True,85,True,True,0.75,0.0,-0.019,False,False,0.089,0.064,30.037,1464,12.2,,,,,0,False,False,1.3,False,7.39,5.65,20.0,
122.65,27256,473.061,-613.704,-0.009,5.753,30.0,1464,-1,5.26,True,85,True,True,0.75,0.0,-0.011,False,False,0.184,0.049,29.967,1464,12.2,,,,,0,False,False,1.482,False,7.11,5.62,20.0,
122.7,27257,473.321,-613.557,-0.01,6.059,30.0,1464,-1,5.56,True,85,True,True,0.0,0.3,-0.015,False,False,0.333,0.048,29.867,1464,12.2,,,,,0,False,False,1.684,False,6.82,5.88,20.0,
122.75,27258,473.593,-613.403,-0.011,6.332,30.0,1464,-1,5.87,True,85,True,True,0.0,0.3,-0.01,False,False,0.428,0.04,29.769,1464,12.2,,,,,0,False,False,1.903,False,6.5,6.03,20.0,
122.8,27259,473.868,-613.247,-0.011,6.314,30.0,1464,-1,6.13,True,85,True,True,0.0,0.3,-0.007,False,False,0.422,0.027,29.69,1464,12.2,,,,,0,False,False,0.0,False,6.19,6.17,20.0,
122.85,27260,474.143,-613.092,-0.01,6.318,30.0,1464,-1,6.44,True,85,True,True,0.0,0.3,-0.006,False,False,0.351,0.017,29.637,1464,12.2,,,,,0,False,False,0.0,False,5.87,6.16,20.0,
122.9,27261,474.414,-612.943,-0.009,6.11,30.0,1464,-1,6.75,True,85,True,True,0.0,0.3,-0.106,False,False,0.229,0.128,29.39,1464,15.69,,,,,0,False,False,0.0,False,9.04,6.16,20.0,
122.95,27262,474.679,-612.8,-0.008,6.003,30.0,1464,-1,7.05,True,85,True,True,0.0,0.3,-0.02,False,False,0.107,0.163,29.1,1464,15.69,,,,,0,False,False,1.297,False,8.73,6.06,20.0,
123.0,27263,474.935,-612.66,-0.007,5.755,30.0,1464,-1,7.34,True,85,True,True,0.0,0.3,-0.007,False,False,-0.008,0.104,28.887,1464,15.69,,,,,0,False,False,1.121,False,8.44,6.0,20.0,
123.05,27264,475.183,-612.524,-0.006,5.619,30.0,1460,-1,9.2,True,85,True,False,0.0,0.3,-0.006,False,False,-0.098,0.056,28.801,1464,15.69,,,,,0,False,False,0.95,False,8.16,5.88,20.0,
123.1,27265,475.422,-612.394,-0.006,5.354,30.0,1464,-1,7.9,True,85,True,True,0.0,0.264,-0.012,False,False,-0.173,0.039,28.684,1464,15.69,,,,,0,False,False,0.854,False,7.89,5.81,20.0,
123.15,27266,475.654,-612.268,-0.005,5.248,30.0,1462,-1,10.39,True,85,True,False,0.688,0.0,-0.006,False,False,-0.216,0.025,28.636,1464,15.69,,,,,0,False,False,1.012,False,7.62,5.68,20.0,
123.2,27267,475.879,-612.146,-0.005,5.046,30.0,1464,-1,8.42,True,85,True,True,0.75,0.0,-0.009,False,False,-0.236,0.02,28.538,1464,15.69,,,,,0,False,False,1.167,False,7.37,5.62,20.0,
123.25,27268,476.096,-611.993,0.013,5.081,30.0,1464,-1,8.68,True,85,True,True,0.75,0.0,-0.003,False,False,0.937,-3.543,28.486,1464,15.69,,,,,0,False,False,1.312,False,7.1,5.52,20.0,
123.3,27269,476.322,-611.87,0.026,5.095,30.0,1464,-1,8.94,True,85,True,True,0.75,0.0,-0.03,False,False,1.498,-4.212,28.359,1464,15.69,,,,,0,False,False,1.481,False,6.85,5.54,20.0,
123.35,27270,476.544,-611.754,0.033,4.823,30.0,1464,-1,9.12,True,85,True,True,0.75,0.0,-0.005,False,False,1.718,-4.424,28.261,1464,15.69,,,,,0,False,False,1.653,False,6.6,5.55,20.0,
123.4,27271,476.747,-611.647,0.036,4.449,30.0,1464,-1,9.35,True,85,True,True,0.75,0.0,-0.001,False,False,1.705,-4.518,28.218,1464,15.69,,,,,0,False,False,1.814,False,6.37,5.41,20.0,
123.45,27272,476.937,-611.547,0.038,4.214,30.0,1464,-1,9.56,True,85,True,True,0.75,0.0,-0.003,False,False,1.646,-4.563,28.201,1464,15.69,,,,,0,False,False,0.0,False,6.15,5.22,20.0,
123.5,27273,477.119,-611.45,0.038,4.095,30.0,1464,-1,9.77,True,85,True,True,0.75,0.0,-0.005,False,False,1.611,-4.572,28.184,1464,15.69,,,,,0,False,False,0.0,False,5.95,5.11,20.0,
123.55,27274,477.298,-611.354,0.037,4.061,30.0,1464,-1,9.97,True,85,True,True,0.75,0.0,-0.004,False,False,1.618,-4.564,28.163,1464,15.69,,,,,0,False,False,0.0,False,5.74,5.05,20.0,
123.6,27275,477.497,-611.274,0.052,4.09,30.0,1464,-1,10.19,True,85,True,True,0.75,0.0,-0.004,False,False,2.715,-1.514,28.13,1464,15.69,,,,,0,False,False,0.0,False,5.53,5.03,20.0,
123.65,27276,477.681,-611.174,0.064,4.115,30.0,1464,-1,10.4,True,85,True,True,0.75,0.0,0.024,False,False,3.328,-0.478,28.15,1464,15.69,,,,,0,False,False,1.506,False,5.32,5.04,20.0,
123.7,27277,477.865,-611.071,0.071,4.182,30.0,1464,-1,10.61,True,85,True,True,0.75,0.0,0.001,False,False,3.626,-0.039,28.198,1464,15.69,,,,,0,False,False,1.362,False,5.11,5.06,20.0,
123.75,27278,478.051,-610.968,0.074,4.273,30.0,1464,-1,10.82,True,85,True,True,0.75,0.0,-0.006,False,False,3.758,0.167,28.208,1464,15.69,,,,,0,False,False,1.228,False,4.9,5.09,20.0,
123.8,27279,478.223,-610.859,0.1,4.38,30.0,1464,-1,11.02,True,85,True,True,0.75,0.0,-0.055,False,False,2.445,-1.594,28.086,1269,1.91,,,,,0,False,False,1.088,False,8.34,5.14,20.0,
123.85,27280,478.418,-610.758,0.107,4.491,30.0,1464,-1,11.24,True,85,True,True,0.75,0.0,-0.017,False,False,2.171,-1.544,27.932,1269,1.91,,,,,0,False,False,0.954,False,8.12,5.19,20.0,
123.9,27281,478.619,-610.652,0.11,4.598,30.0,1464,-1,11.47,True,85,True,True,0.75,0.0,-0.001,False,False,2.038,-1.616,27.86,1269,1.91,,,,,0,False,False,0.827,False,7.89,5.25,20.0,
123.95,27282,478.824,-610.544,0.111,4.702,30.0,1464,-1,11.7,True,85,True,True,0.75,0.0,-0.005,False,False,1.98,-1.689,27.82,1269,1.91,,,,,0,False,False,0.705,False,7.66,5.3,20.0,
124.0,27283,479.028,-610.431,0.107,4.719,30.0,1464,-1,11.93,True,85,True,True,0.75,0.0,-0.006,False,False,1.697,-2.449,27.789,1269,1.91,,,,,0,False,False,0.0,False,7.43,5.35,20.0,
124.05,27284,479.229,-610.318,0.096,4.753,30.0,1464,-1,12.16,True,85,True,True,0.75,0.0,-0.01,False,False,1.071,-4.038,27.821,1269,1.91,,,,,0,False,False,0.0,False,7.2,5.36,20.0,
124.1,27285,479.44,-610.209,0.084,4.922,30.0,1464,-1,12.4,True,85,True,True,0.75,0.0,-0.019,False,False,0.591,-5.126,27.782,1269,1.91,,,,,0,False,False,0.0,False,6.96,5.38,20.0,
124.15,27286,479.677,-610.123,0.108,5.08,30.0,1464,-1,12.65,True,85,True,True,0.75,0.0,-0.008,False,False,0.744,-2.241,27.702,1269,1.91,,,,,0,False,False,0.0,False,6.71,5.46,20.0,
124.2,27287,479.905,-610.009,0.139,5.168,30.0,1464,-1,12.91,True,85,True,True,0.75,0.0,0.026,False,False,0.845,-1.441,27.647,1269,1.91,,,,,0,False,False,0.0,False,6.46,5.54,20.0,
124.25,27288,480.135,-609.89,0.154,5.204,30.0,1464,-1,13.17,True,85,True,True,0.75,0.0,0.013,False,False,0.773,-1.01,27.663,1269,1.91,,,,,0,False,False,0.0,False,6.2,5.58,20.0,
124.3,27289,480.365,-609.767,0.16,5.272,30.0,1464,-1,13.43,True,85,True,True,0.75,0.0,0.004,False,False,0.638,-0.711,27.674,1269,1.91,,,,,0,False,False,0.0,False,5.94,5.6,20.0,
124.35,27290,480.595,-609.645,0.16,5.214,30.0,1464,-1,13.69,True,85,True,True,0.75,0.0,0.003,False,False,0.487,-0.491,27.733,1269,1.91,,,,,0,False,False,0.0,False,5.68,5.64,20.0,
124.4,27291,480.827,-609.522,0.158,5.295,30.0,1464,-1,13.95,True,85,True,True,0.75,0.0,-0.003,False,False,0.368,-0.322,27.726,1269,1.91,,,,,0,False,False,0.0,False,5.41,5.61,20.0,
124.45,27292,481.06,-609.401,0.155,5.28,30.0,1464,-1,14.21,True,85,True,True,0.75,0.0,-0.028,False,False,0.293,-0.183,27.701,1269,5.73,,,,,0,False,False,0.0,False,8.97,5.65,20.0,
124.5,27293,481.296,-609.275,0.147,5.322,30.0,1464,-1,14.48,True,85,True,True,0.75,0.0,-0.005,False,False,0.493,-0.414,27.603,1269,5.73,,,,,0,False,False,0.0,False,8.7,5.64,20.0,
124.55,27294,481.533,-609.148,0.134,5.288,30.0,1464,-1,14.75,True,85,True,True,0.75,0.0,0.001,False,False,0.924,-0.909,27.582,1269,5.73,,,,,0,False,False,0.0,False,8.43,5.66,20.0,
124.6,27295,481.773,-609.021,0.119,5.416,30.0,1464,-1,15.02,True,85,True,True,0.75,0.0,-0.004,False,False,1.529,-1.465,27.533,1269,5.73,,,,,0,False,False,0.0,False,8.16,5.64,20.0,
124.65,27296,482.018,-608.898,0.144,5.933,30.0,1464,-1,15.29,True,85,True,True,0.529,0.0,-0.001,False,False,0.173,-1.03,27.444,1269,5.73,,,,,0,False,False,0.0,False,7.89,5.71,20.0,
124.7,27297,482.286,-608.759,0.155,6.22,30.0,1464,-1,15.59,True,85,True,True,0.0,0.3,0.009,False,False,-0.296,-0.87,27.458,1269,5.73,,,,,0,False,False,0.0,False,7.58,5.97,20.0,
124.75,27298,482.566,-608.614,0.158,6.374,30.0,1464,-1,15.91,True,85,True,True,0.0,0.3,-0.0,False,False,-0.33,-0.666,27.479,1269,5.73,,,,,0,False,False,0.0,False,7.27,6.11,20.0,
124.8,27299,482.848,-608.468,0.157,6.297,30.0,1464,-1,16.23,True,85,True,True,0.0,0.3,-0.002,False,False,-0.268,-0.482,27.481,1269,5.73,,,,,0,False,False,0.0,False,6.95,6.19,20.0,
124.85,27300,483.127,-608.323,0.155,6.247,30.0,1464,-1,16.54,True,85,True,True,0.0,0.3,-0.0,False,False,-0.211,-0.341,27.493,1269,5.73,,,,,0,False,False,0.0,False,6.64,6.15,20.0,
124.9,27301,483.398,-608.181,0.153,6.03,30.0,1464,-1,16.85,True,85,True,True,0.0,0.3,-0.001,False,False,-0.196,-0.234,27.466,1269,5.73,,,,,0,False,False,0.0,False,6.33,6.12,20.0,
124.95,27302,483.662,-608.043,0.151,5.911,30.0,1464,-1,17.15,True,85,True,True,0.0,0.3,0.002,False,False,-0.2,-0.161,27.491,1269,5.73,,,,,0,False,False,0.0,False,6.03,6.02,20.0,
125.0,27303,483.917,-607.91,0.15,5.654,30.0,1464,-1,17.43,True,85,True,True,0.0,0.3,-0.003,False,False,-0.224,-0.104,27.462,1269,5.73,,,,,0,False,False,0.0,False,5.75,5.96,20.0,
125.05,27304,484.165,-607.783,0.149,5.513,30.0,1269,-1,0.26,False,-1,True,True,0.0,0.3,-0.014,False,False,-0.246,-0.043,27.446,1269,9.54,,,,,0,False,False,0.0,False,9.28,5.83,20.0,
125.1,27305,484.403,-607.66,0.149,5.274,30.0,1269,-1,0.53,False,-1,True,True,0.116,0.0,-0.003,False,False,-0.269,-0.018,27.372,1269,9.54,,,,,0,False,False,0.0,False,9.02,5.76,20.0,
125.15,27306,484.635,-607.539,0.148,5.196,30.0,1269,-1,0.79,False,-1,True,True,0.75,0.0,0.003,False,False,-0.265,-0.017,27.374,1269,9.54,,,,,0,False,False,0.0,False,8.75,5.64,20.0,
125.2,27307,484.86,-607.422,0.148,5.022,30.0,1269,-1,1.04,False,-1,True,True,0.75,0.0,-0.002,False,False,-0.254,-0.011,27.324,1269,9.54,,,,,0,False,False,0.0,False,8.5,5.6,20.0,
125.25,27308,485.086,-607.306,0.147,5.094,30.0,1269,-1,1.3,False,-1,True,True,0.75,0.0,0.003,False,False,-0.197,-0.011,27.335,1269,9.54,,,,,0,False,False,0.0,False,8.25,5.51,20.0,
125.3,27309,485.31,-607.189,0.146,5.019,30.0,1269,-1,1.55,False,-1,True,True,0.75,0.0,-0.002,False,False,-0.137,-0.004,27.299,1269,9.54,,,,,0,False,False,0.0,False,7.99,5.55,20.0,
125.35,27310,485.523,-607.08,0.147,4.613,30.0,1269,-1,1.79,False,-1,True,True,0.75,0.0,0.002,False,False,-0.18,-0.004,27.324,1269,9.54,,,,,0,False,False,0.0,False,7.75,5.51,20.0,
125.4,27311,485.719,-606.979,0.147,4.312,30.0,1269,-1,2.01,False,-1,True,True,0.75,0.0,-0.003,False,False,-0.269,0.002,27.33,1269,9.54,,,,,0,False,False,0.0,False,7.53,5.31,20.0,
125.45,27312,485.906,-606.883,0.147,4.188,30.0,1269,-1,2.22,False,-1,True,True,0.75,0.0,-0.001,False,False,-0.357,0.147,27.317,1269,9.54,,,,,0,False,False,0.0,False,7.32,5.16,20.0,
125.5,27313,486.092,-606.794,0.141,4.199,30.0,1269,-1,2.43,False,-1,True,True,0.75,0.0,0.001,False,False,-0.67,1.112,27.272,1269,9.54,,,,,0,False,False,0.0,False,7.12,5.09,20.0,
125.55,27314,486.277,-606.705,0.129,4.216,30.0,1269,-1,2.63,False,-1,True,True,0.75,0.0,0.009,False,False,-1.218,2.676,27.216,1269,9.54,,,,,0,False,False,0.0,False,6.91,5.1,20.0,
125.6,27315,486.459,-606.608,0.118,4.221,30.0,1269,-1,2.84,False,-1,True,True,0.75,0.0,0.014,False,False,-1.615,3.67,27.247,1269,9.54,,,,,0,False,False,0.0,False,6.71,5.11,20.0,
125.65,27316,486.644,-606.508,0.11,4.253,30.0,1269,-1,3.05,False,-1,True,True,0.75,0.0,0.001,False,False,-1.775,4.178,27.272,1269,9.54,,,,,0,False,False,0.0,False,6.5,5.11,20.0,
125.7,27317,486.833,-606.408,0.105,4.31,30.0,1269,-1,3.26,False,-1,True,True,0.75,0.0,-0.001,False,False,-1.808,4.447,27.277,1269,9.54,,,,,0,False,False,0.0,False,6.28,5.13,20.0,
125.75,27318,487.026,-606.306,0.103,4.384,30.0,1269,-1,3.48,False,-1,True,True,0.75,0.0,0.0,False,False,-1.779,4.572,27.28,1269,9.54,,,,,0,False,False,0.0,False,6.06,5.15,20.0,
125.8,27319,487.222,-606.203,0.102,4.47,30.0,1269,-1,3.7,False,-1,True,True,0.75,0.0,0.0,False,False,-1.727,4.616,27.284,1269,9.54,,,,,0,False,False,0.0,False,5.84,5.19,20.0,
125.85,27320,487.423,-606.099,0.102,4.563,30.0,1269,-1,3.93,False,-1,True,True,0.75,0.0,-0.0,False,False,-1.671,4.619,27.288,1269,9.54,,,,,0,False,False,0.0,False,5.61,5.23,20.0,
125.9,27321,487.629,-605.992,0.102,4.66,30.0,1269,-1,4.16,False,-1,True,True,0.75,0.0,-0.001,False,False,-1.621,4.604,27.29,1269,9.54,,,,,0,False,False,0.0,False,5.38,5.28,20.0,
125.95,27322,487.839,-605.883,0.103,4.76,30.0,1269,-1,4.4,False,-1,True,True,0.75,0.0,-0.0,False,False,-1.58,4.582,27.291,1269,9.54,,,,,0,False,False,0.0,False,5.15,5.33,20.0,
126.0,27323,488.054,-605.773,0.102,4.861,30.0,1269,-1,4.64,False,-1,True,True,0.75,0.0,-0.01,False,False,-1.484,4.657,27.265,1269,13.36,,,,,0,False,False,0.0,False,8.72,5.38,20.0,
126.05,27324,488.276,-605.66,0.095,4.95,30.0,1269,-1,4.89,False,-1,True,True,0.75,0.0,0.0,False,False,-1.089,5.047,27.253,1269,13.36,,,,,0,False,False,0.0,False,8.47,5.43,20.0,
126.1,27325,488.502,-605.544,0.088,5.044,30.0,1269,-1,5.14,False,-1,True,True,0.75,0.0,0.0,False,False,-0.693,5.401,27.249,1269,13.36,,,,,0,False,False,0.0,False,8.22,5.47,20.0,
126.15,27326,488.731,-605.426,0.081,5.179,30.0,1269,-1,5.4,False,-1,True,True,0.75,0.0,-0.001,False,False,-0.37,5.691,27.248,1269,13.36,,,,,0,False,False,0.0,False,7.96,5.52,20.0,
126.2,27327,488.963,-605.306,0.076,5.165,30.0,1269,-1,5.66,False,-1,True,True,0.75,0.0,-0.001,False,False,-0.155,5.908,27.226,1269,13.36,,,,,0,False,False,0.0,False,7.7,5.59,20.0,
126.25,27328,489.194,-605.186,0.073,5.214,30.0,1269,-1,5.92,False,-1,True,True,0.75,0.0,0.0,False,False,-0.043,6.064,27.249,1269,13.36,,,,,0,False,False,0.0,False,7.44,5.58,20.0,
126.3,27329,489.424,-605.067,0.071,5.134,30.0,1269,-1,6.18,False,-1,True,True,0.75,0.0,-0.004,False,False,0.009,6.181,27.213,1269,13.36,,,,,0,False,False,0.0,False,7.18,5.61,20.0,
126.35,27330,489.654,-604.948,0.07,5.215,30.0,1269,-1,6.44,False,-1,True,True,0.75,0.0,0.001,False,False,0.04,6.255,27.236,1269,13.36,,,,,0,False,False,0.0,False,6.92,5.57,20.0,
126.4,27331,489.885,-604.829,0.069,5.168,30.0,1269,-1,6.7,False,-1,True,True,0.75,0.0,-0.003,False,False,0.06,6.311,27.203,1269,13.36,,,,,0,False,False,0.0,False,6.66,5.61,20.0,
126.45,27332,490.117,-604.709,0.068,5.248,30.0,1269,-1,6.96,False,-1,True,True,0.75,0.0,0.001,False,False,0.076,6.342,27.225,1269,13.36,,,,,0,False,False,0.0,False,6.4,5.58,20.0,
126.5,27333,490.348,-604.59,0.068,5.175,30.0,1269,-1,7.22,False,-1,True,True,0.75,0.0,-0.003,False,False,0.077,6.366,27.189,1269,13.36,,,,,0,False,False,0.0,False,6.14,5.62,20.0,
126.55,27334,490.582,-604.47,0.068,5.398,30.0,1269,-1,7.48,False,-1,True,True,0.75,0.0,0.002,False,False,0.098,6.375,27.187,1269,13.36,,,,,0,False,False,0.0,False,5.88,5.59,20.0,
126.6,27335,490.834,-604.34,0.067,5.792,30.0,1269,-1,7.77,False,-1,True,True,0.599,0.0,-0.0,False,False,0.241,6.382,27.176,1269,13.36,,,,,0,False,False,0.0,False,5.59,5.7,20.0,
126.65,27336,491.105,-604.202,0.066,6.191,30.0,1269,-1,8.07,False,-1,True,True,0.0,0.3,-0.003,False,False,0.389,6.395,27.175,1269,17.18,,,,,0,False,False,0.0,False,9.11,5.9,20.0,
126.7,27337,491.383,-604.059,0.065,6.259,30.0,1269,-1,8.38,False,-1,True,True,0.0,0.3,-0.001,False,False,0.441,6.4,27.172,1269,17.18,,,,,0,False,False,0.0,False,8.79,6.1,20.0,
126.75,27338,491.664,-603.916,0.065,6.328,30.0,1269,-1,8.7,False,-1,True,True,0.0,0.3,-0.001,False,False,0.411,6.399,27.165,1269,17.18,,,,,0,False,False,0.0,False,8.48,6.13,20.0,
126.8,27339,491.94,-603.774,0.066,6.164,30.0,1269,-1,9.01,False,-1,True,True,0.0,0.3,-0.0,False,False,0.308,6.395,27.172,1269,17.18,,,,,0,False,False,0.0,False,8.17,6.16,20.0,
126.85,27340,492.211,-603.635,0.067,6.074,30.0,1269,-1,9.31,False,-1,True,True,0.0,0.3,-0.001,False,False,0.189,6.394,27.137,1269,17.18,,,,,0,False,False,0.0,False,7.86,6.08,20.0,
126.9,27341,492.474,-603.5,0.069,5.838,30.0,1269,-1,9.61,False,-1,True,True,0.0,0.3,0.003,False,False,0.061,6.387,27.157,1269,17.18,,,,,0,False,False,0.0,False,7.57,6.04,20.0,
126.95,27342,492.73,-603.369,0.07,5.709,30.0,1269,-1,9.9,False,-1,True,True,0.0,0.3,-0.002,False,False,-0.039,6.388,27.125,1269,17.18,,,,,0,False,False,0.0,False,7.28,5.92,20.0,
127.0,27343,492.976,-603.243,0.07,5.444,30.0,1269,-1,10.17,False,-1,True,True,0.0,0.3,0.003,False,False,-0.131,6.384,27.147,1269,17.18,,,,,0,False,False,0.0,False,7.01,5.85,20.0,
127.05,27344,493.215,-603.12,0.071,5.337,30.0,1269,-1,10.44,False,-1,True,True,0.369,0.0,-0.002,False,False,-0.185,6.388,27.117,1269,17.18,,,,,0,False,False,0.0,False,6.74,5.72,20.0,
127.1,27345,493.446,-603.002,0.071,5.137,30.0,1269,-1,10.7,False,-1,True,True,0.75,0.0,0.003,False,False,-0.218,6.387,27.15,1269,17.18,,,,,0,False,False,0.0,False,6.48,5.67,20.0,
127.15,27346,493.674,-602.885,0.071,5.118,30.0,1269,-1,10.96,False,-1,True,True,0.75,0.0,-0.003,False,False,-0.209,6.392,27.127,1269,17.18,,,,,0,False,False,0.0,False,6.22,5.57,20.0,
127.2,27347,493.9,-602.769,0.071,5.047,30.0,1269,-1,11.21,False,-1,True,True,0.75,0.0,0.002,False,False,-0.172,6.39,27.155,1269,17.18,,,,,0,False,False,0.0,False,5.97,5.56,20.0,
127.25,27348,494.127,-602.652,0.07,5.117,30.0,1269,-1,11.47,False,-1,True,True,0.75,0.0,-0.002,False,False,-0.11,6.392,27.125,1269,17.18,,,,,0,False,False,0.0,False,5.71,5.52,20.0,
127.3,27349,494.341,-602.543,0.07,4.669,30.0,1269,-1,11.71,False,-1,True,True,0.75,0.0,0.002,False,False,-0.16,6.389,27.142,1269,17.18,,,,,0,False,False,0.0,False,5.47,5.56,20.0,
127.35,27350,494.54,-602.441,0.071,4.392,30.0,1269,-1,11.93,False,-1,True,True,0.75,0.0,-0.001,False,False,-0.244,6.389,27.137,1269,17.18,,,,,0,False,False,0.0,False,5.25,5.33,20.0,
127.4,27351,494.731,-602.343,0.071,4.239,30.0,1269,-1,12.15,False,-1,True,True,0.75,0.0,0.0,False,False,-0.287,6.389,27.13,1269,17.18,,,,,0,False,False,0.0,False,5.03,5.2,20.0,
127.45,27352,494.918,-602.247,0.071,4.18,30.0,1269,-1,12.36,False,-1,True,True,0.75,0.0,-0.002,False,False,-0.274,6.391,27.121,1269,21.0,,,,,0,False,False,0.0,False,8.64,5.12,20.0,
127.5,27353,495.104,-602.151,0.071,4.184,30.0,1269,-1,12.56,False,-1,True,True,0.75,0.0,0.0,False,False,-0.219,6.39,27.118,1269,21.0,,,,,0,False,False,0.0,False,8.43,5.09,20.0,
127.55,27354,495.292,-602.055,0.07,4.227,30.0,1269,-1,12.78,False,-1,True,True,0.75,0.0,0.0,False,False,-0.141,6.389,27.119,1269,21.0,,,,,0,False,False,0.0,False,8.22,5.09,20.0,
127.6,27355,495.482,-601.958,0.069,4.294,30.0,1269,-1,12.99,False,-1,True,True,0.75,0.0,-0.0,False,False,-0.059,6.389,27.12,1269,21.0,,,,,0,False,False,0.0,False,8.01,5.11,20.0,
127.65,27356,495.676,-601.858,0.069,4.376,30.0,1269,-1,13.21,False,-1,True,True,0.75,0.0,-0.0,False,False,0.018,6.39,27.121,1269,21.0,,,,,0,False,False,0.0,False,7.79,5.15,20.0,
127.7,27357,495.874,-601.757,0.068,4.468,30.0,1269,-1,13.43,False,-1,True,True,0.75,0.0,-0.0,False,False,0.083,6.39,27.122,1269,21.0,,,,,0,False,False,0.0,False,7.57,5.19,20.0,
127.75,27358,496.076,-601.654,0.068,4.565,30.0,1269,-1,13.66,False,-1,True,True,0.75,0.0,-0.0,False,False,0.135,6.39,27.123,1269,21.0,,,,,0,False,False,0.0,False,7.34,5.23,20.0,
127.8,27359,496.282,-601.548,0.067,4.665,30.0,1269,-1,13.89,False,-1,True,True,0.75,0.0,-0.0,False,False,0.175,6.39,27.125,1269,21.0,,,,,0,False,False,0.0,False,7.11,5.28,20.0,
127.85,27360,496.493,-601.441,0.067,4.768,30.0,1269,-1,14.12,False,-1,True,True,0.75,0.0,-0.001,False,False,0.204,6.39,27.126,1269,21.0,,,,,0,False,False,0.0,False,6.87,5.33,20.0,
127.9,27361,496.708,-601.331,0.067,4.871,30.0,1269,-1,14.37,False,-1,True,True,0.75,0.0,-0.0,False,False,0.224,6.39,27.127,1269,21.0,,,,,0,False,False,0.0,False,6.63,5.38,20.0,
127.95,27362,496.927,-601.218,0.067,4.975,30.0,1269,-1,14.61,False,-1,True,True,0.75,0.0,-0.0,False,False,0.238,6.39,27.128,1269,21.0,,,,,0,False,False,2.56,False,6.38,5.44,20.0,
128.0,27363,497.152,-601.104,0.067,5.078,30.0,1269,-1,14.87,False,-1,True,True,0.75,0.0,-0.0,False,False,0.248,6.39,27.13,1269,21.0,,,,,0,False,False,2.55,False,6.13,5.49,20.0,
128.05,27364,497.381,-600.987,0.067,5.164,30.0,1269,-1,15.12,False,-1,True,True,0.75,0.0,-0.0,False,False,0.252,6.389,27.131,1269,21.0,,,,,0,False,False,2.539,False,5.87,5.54,20.0,
128.1,27365,497.614,-600.867,0.067,5.311,30.0,1269,-1,15.38,False,-1,True,True,0.75,0.0,-0.0,False,False,0.255,6.389,27.139,1269,21.0,,,,,0,False,False,2.528,False,5.61,5.58,20.0,
128.15,27366,497.848,-600.747,0.067,5.233,30.0,1269,-1,15.65,False,-1,True,True,0.75,0.0,-0.003,False,False,0.23,6.392,27.114,1269,24.81,,,,,0,False,False,2.517,False,9.16,5.66,20.0,
128.2,27367,498.082,-600.628,0.068,5.288,30.0,1269,-1,15.91,False,-1,True,True,0.75,0.0,0.002,False,False,0.188,6.388,27.137,1269,24.81,,,,,0,False,False,2.506,False,8.9,5.62,20.0,
128.25,27368,498.316,-600.508,0.068,5.222,30.0,1269,-1,16.17,False,-1,True,True,0.75,0.0,-0.003,False,False,0.149,6.39,27.105,1269,24.81,,,,,0,False,False,2.495,False,8.64,5.64,20.0,
128.3,27369,498.55,-600.388,0.068,5.309,30.0,1269,-1,16.44,False,-1,True,True,0.75,0.0,0.002,False,False,0.127,6.385,27.133,1269,24.81,,,,,0,False,False,2.484,False,8.38,5.61,20.0,
128.35,27370,498.785,-600.268,0.068,5.253,30.0,1269,-1,16.7,False,-1,True,True,0.75,0.0,-0.003,False,False,0.114,6.388,27.102,1269,24.81,,,,,0,False,False,2.473,False,8.11,5.65,20.0,
128.4,27371,499.021,-600.148,0.068,5.32,30.0,1269,-1,16.96,False,-1,True,True,0.75,0.0,-0.003,False,False,0.101,6.392,27.117,1269,24.81,,,,,0,False,False,2.462,False,7.85,5.63,20.0,
128.45,27372,499.256,-600.028,0.068,5.291,30.0,1269,-1,17.23,False,-1,True,True,0.75,0.0,-0.001,False,False,0.092,6.392,27.084,1269,24.81,,,,,0,False,False,2.452,False,7.58,5.66,20.0,
128.5,27373,499.508,-599.899,0.067,5.854,30.0,1269,-1,17.51,False,-1,True,True,0.75,0.0,0.003,False,False,0.218,6.383,27.075,1269,24.81,,,,,0,False,False,2.44,False,7.3,5.65,20.0,
128.55,27374,499.778,-599.76,0.066,6.143,30.0,1269,-1,17.81,False,-1,True,True,0.0,0.3,0.002,False,False,0.365,6.38,27.097,1269,24.81,,,,,0,False,False,2.426,False,7.0,5.93,20.0,
128.6,27375,500.06,-599.617,0.065,6.401,30.0,1269,-1,18.13,False,-1,True,True,0.0,0.3,-0.001,False,False,0.447,6.385,27.115,1269,24.81,,,,,0,False,False,2.413,False,6.68,6.07,20.0,
128.65,27376,500.344,-599.471,0.065,6.372,30.0,1269,-1,18.45,False,-1,True,True,0.0,0.3,-0.001,False,False,0.429,6.39,27.12,1269,24.81,,,,,0,False,False,2.558,False,6.36,6.2,20.0,
128.7,27377,500.628,-599.326,0.066,6.365,30.0,1269,-1,18.77,False,-1,True,True,0.0,0.3,-0.0,False,False,0.35,6.391,27.107,1269,24.81,,,,,0,False,False,2.544,False,6.04,6.19,20.0,
128.75,27378,500.905,-599.185,0.067,6.163,30.0,1269,-1,19.08,False,-1,True,True,0.0,0.3,0.0,False,False,0.223,6.388,27.123,1269,28.63,,,,,0,False,False,2.531,False,9.55,6.18,20.0,
128.8,27379,501.175,-599.047,0.068,6.053,30.0,1269,-1,19.38,False,-1,True,True,0.0,0.3,-0.001,False,False,0.103,6.39,27.089,1269,28.63,,,,,0,False,False,2.518,False,9.25,6.08,20.0,
128.85,27380,501.437,-598.913,0.069,5.804,30.0,1269,-1,19.68,False,-1,True,True,0.0,0.3,0.003,False,False,-0.015,6.384,27.11,1269,28.63,,,,,0,False,False,2.506,False,8.95,6.03,20.0,
128.9,27381,501.691,-598.782,0.07,5.666,30.0,1269,-1,19.96,False,-1,True,True,0.0,0.3,-0.001,False,False,-0.101,6.385,27.08,1269,28.63,,,,,0,False,False,2.492,False,8.67,5.9,20.0,
128.95,27382,501.935,-598.657,0.071,5.394,30.0,1269,-1,20.24,False,-1,True,True,0.0,0.3,0.003,False,False,-0.181,6.383,27.104,1269,28.63,,,,,0,False,False,2.481,False,8.39,5.83,20.0,
129.0,27383,502.172,-598.536,0.071,5.283,30.0,1269,-1,20.5,False,-1,True,True,0.538,0.0,-0.002,False,False,-0.223,6.387,27.074,1269,28.63,,,,,0,False,False,2.469,False,8.13,5.7,20.0,
129.05,27384,502.401,-598.418,0.071,5.079,30.0,1269,-1,20.76,False,-1,True,True,0.75,0.0,0.003,False,False,-0.247,6.386,27.11,1269,28.63,,,,,0,False,False,2.459,False,7.87,5.64,20.0,
129.1,27385,502.629,-598.301,0.071,5.147,30.0,1269,-1,21.02,False,-1,True,True,0.75,0.0,0.003,False,False,-0.205,6.382,27.089,1269,28.63,,,,,0,False,False,2.447,False,7.61,5.54,20.0,
129.15,27386,502.857,-598.185,0.071,5.072,30.0,1269,-1,21.27,False,-1,True,True,0.75,0.0,0.002,False,False,-0.153,6.383,27.128,1269,28.63,,,,,0,False,False,2.437,False,7.36,5.57,20.0,
129.2,27387,503.075,-598.073,0.071,4.735,30.0,1269,-1,21.52,False,-1,True,True,0.75,0.0,-0.004,False,False,-0.172,6.39,27.127,1269,28.63,,,,,0,False,False,2.427,False,7.11,5.54,20.0,
129.25,27388,503.275,-597.97,0.071,4.388,30.0,1269,-1,21.74,False,-1,True,True,0.75,0.0,-0.001,False,False,-0.269,6.392,27.129,1269,28.63,,,,,0,False,False,2.417,False,6.89,5.37,20.0,
129.3,27389,503.464,-597.873,0.072,4.181,30.0,1269,-1,21.96,False,-1,True,True,0.75,0.0,-0.001,False,False,-0.332,6.392,27.118,1269,28.63,,,,,0,False,False,2.408,False,6.67,5.19,20.0,
129.35,27390,503.647,-597.779,0.072,4.083,30.0,1269,-1,22.16,False,-1,True,True,0.75,0.0,0.0,False,False,-0.334,6.39,27.111,1269,28.63,,,,,0,False,False,2.399,False,6.47,5.09,20.0,
129.4,27391,503.828,-597.687,0.071,4.062,30.0,1269,-1,22.37,False,-1,True,True,0.75,0.0,-0.0,False,False,-0.284,6.389,27.108,1269,28.63,,,,,0,False,False,2.39,False,6.26,5.04,20.0,
129.45,27392,504.01,-597.593,0.071,4.091,30.0,1269,-1,22.57,False,-1,True,True,0.75,0.0,-0.0,False,False,-0.203,6.389,27.107,1269,28.63,,,,,0,False,False,2.381,False,6.06,5.03,20.0,
129.5,27393,504.195,-597.499,0.07,4.15,30.0,1269,-1,22.78,False,-1,True,True,0.75,0.0,-0.0,False,False,-0.112,6.389,27.106,1269,28.63,,,,,0,False,False,2.372,False,5.85,5.05,20.0,
129.55,27394,504.382,-597.403,0.069,4.228,30.0,1269,-1,22.99,False,-1,True,True,0.75,0.0,-0.0,False,False,-0.026,6.39,27.106,1269,28.63,,,,,0,False,False,2.363,False,5.64,5.08,20.0,
129.6,27395,504.574,-597.305,0.069,4.318,30.0,1269,-1,23.2,False,-1,True,True,0.75,0.0,-0.0,False,False,0.05,6.39,27.107,1269,28.63,,,,,0,False,False,2.354,False,5.43,5.11,20.0,
129.65,27396,504.769,-597.205,0.068,4.414,30.0,1269,-1,23.42,False,-1,True,True,0.75,0.0,-0.0,False,False,0.111,6.39,27.108,1269,28.63,,,,,0,False,False,2.345,False,5.21,5.16,20.0,
129.7,27397,504.968,-597.103,0.068,4.514,30.0,1269,-1,23.65,False,-1,True,True,0.75,0.0,-0.0,False,False,0.158,6.39,27.109,1269,28.63,,,,,0,False,False,2.335,False,4.98,5.21,20.0,
129.75,27398,505.172,-596.999,0.067,4.617,30.0,1269,-1,23.88,False,-1,True,True,0.75,0.0,-0.001,False,False,0.193,6.391,27.108,1269,32.45,,,,,0,False,False,2.326,False,8.57,5.26,20.0,
129.8,27399,505.381,-596.893,0.067,4.721,30.0,1269,-1,24.11,False,-1,True,True,0.75,0.0,-0.001,False,False,0.217,6.391,27.108,1269,32.45,,,,,0,False,False,2.316,False,8.34,5.31,20.0,
129.85,27400,505.594,-596.784,0.067,4.826,30.0,1269,-1,24.35,False,-1,True,True,0.75,0.0,-0.0,False,False,0.234,6.39,27.109,1269,32.45,,,,,0,False,False,2.306,False,8.1,5.36,20.0,
129.9,27401,505.812,-596.672,0.067,4.93,30.0,1269,-1,24.59,False,-1,True,True,0.75,0.0,-0.001,False,False,0.245,6.39,27.11,1269,32.45,,,,,0,False,False,2.296,False,7.85,5.41,20.0,
129.95,27402,506.034,-596.559,0.067,5.034,30.0,1269,-1,24.84,False,-1,True,True,0.75,0.0,-0.001,False,False,0.252,6.389,27.111,1269,32.45,,,,,0,False,False,2.286,False,7.6,5.47,20.0,
130.0,27403,506.261,-596.443,0.067,5.136,30.0,1269,-1,25.1,False,-1,True,True,0.75,0.0,-0.001,False,False,0.257,6.389,27.112,1269,32.45,,,,,0,False,False,2.275,False,7.35,5.52,20.0,
130.05,27404,506.493,-596.325,0.067,5.273,30.0,1269,-1,25.36,False,-1,True,True,0.75,0.0,-0.001,False,False,0.26,6.389,27.115,1269,32.45,,,,,0,False,False,2.264,False,7.09,5.57,20.0,
130.1,27405,506.727,-596.205,0.067,5.237,30.0,1269,-1,25.62,False,-1,True,True,0.75,0.0,-0.001,False,False,0.246,6.389,27.101,1269,32.45,,,,,0,False,False,2.253,False,6.83,5.64,20.0,
130.15,27406,506.961,-596.085,0.067,5.286,30.0,1269,-1,25.88,False,-1,True,True,0.75,0.0,0.001,False,False,0.206,6.386,27.128,1269,32.45,,,,,0,False,False,2.243,False,6.56,5.62,20.0,
130.2,27407,507.194,-595.966,0.068,5.214,30.0,1269,-1,26.15,False,-1,True,True,0.75,0.0,-0.003,False,False,0.162,6.389,27.095,1269,32.45,,,,,0,False,False,2.231,False,6.3,5.64,20.0,
130.25,27408,507.428,-595.846,0.068,5.295,30.0,1269,-1,26.41,False,-1,True,True,0.75,0.0,0.002,False,False,0.134,6.384,27.123,1269,32.45,,,,,0,False,False,2.221,False,6.04,5.61,20.0,
130.3,27409,507.663,-595.727,0.068,5.252,30.0,1269,-1,26.67,False,-1,True,True,0.75,0.0,-0.003,False,False,0.118,6.388,27.095,1269,32.45,,,,,0,False,False,2.208,False,5.77,5.65,20.0,
130.35,27410,507.898,-595.606,0.068,5.317,30.0,1269,-1,26.94,False,-1,True,True,0.75,0.0,0.002,False,False,0.107,6.384,27.122,1269,32.45,,,,,0,False,False,2.198,False,5.51,5.63,20.0,
130.4,27411,508.133,-595.486,0.068,5.244,30.0,1269,-1,27.2,False,-1,True,True,0.75,0.0,-0.003,False,False,0.093,6.389,27.09,1601,1.93,,,,,0,False,False,2.186,False,9.08,5.66,20.0,
130.45,27412,508.375,-595.362,0.068,5.668,30.0,1269,-1,27.47,False,-1,True,True,0.75,0.0,0.002,False,False,0.157,6.385,27.085,1601,1.93,,,,,0,False,False,2.174,False,8.81,5.62,20.0,
130.5,27413,508.638,-595.227,0.066,5.99,30.0,1269,-1,27.77,False,-1,True,True,0.0,0.3,0.001,False,False,0.305,6.384,27.092,1601,1.93,,,,,0,False,False,2.162,False,8.51,5.83,20.0,
130.55,27414,508.914,-595.086,0.066,6.279,30.0,1269,-1,28.08,False,-1,True,True,0.0,0.3,-0.0,False,False,0.409,6.388,27.105,1601,1.93,,,,,0,False,False,2.149,False,8.2,6.0,20.0,
130.6,27415,509.194,-594.943,0.066,6.271,30.0,1269,-1,28.39,False,-1,True,True,0.0,0.3,-0.001,False,False,0.413,6.392,27.11,1601,1.93,,,,,0,False,False,2.137,False,7.89,6.14,20.0,
130.65,27416,509.473,-594.801,0.066,6.281,30.0,1269,-1,28.71,False,-1,True,True,0.0,0.3,-0.001,False,False,0.351,6.393,27.097,1601,1.93,,,,,0,False,False,2.123,False,7.58,6.14,20.0,
130.7,27417,509.747,-594.661,0.067,6.084,30.0,1269,-1,29.01,False,-1,True,True,0.0,0.3,0.001,False,False,0.233,6.388,27.115,1601,1.93,,,,,0,False,False,2.111,False,7.27,6.14,20.0,
130.75,27418,510.014,-594.524,0.068,5.981,30.0,1269,-1,29.31,False,-1,True,True,0.0,0.3,-0.001,False,False,0.116,6.389,27.083,1601,1.93,,,,,0,False,False,2.097,False,6.97,6.04,20.0,
130.8,27419,510.273,-594.392,0.069,5.735,30.0,1269,-1,29.6,False,-1,True,True,0.0,0.3,0.003,False,False,-0.002,6.384,27.105,1601,1.93,,,,,0,False,False,2.086,False,6.68,5.99,20.0,
130.85,27420,510.524,-594.263,0.07,5.601,30.0,1269,-1,29.89,False,-1,True,True,0.0,0.3,-0.002,False,False,-0.09,6.386,27.075,1601,1.93,,,,,0,False,False,2.072,False,6.4,5.87,20.0,
130.9,27421,510.766,-594.14,0.071,5.346,30.0,1269,-1,30.16,False,-1,True,True,0.0,0.195,0.003,False,False,-0.168,6.384,27.101,1601,1.93,,,,,0,False,False,2.062,False,6.12,5.8,20.0,
130.95,27422,511.001,-594.019,0.071,5.249,30.0,1269,-1,30.42,False,-1,True,True,0.722,0.0,-0.002,False,False,-0.206,6.388,27.076,1601,1.93,,,,,0,False,False,2.05,False,5.86,5.67,20.0,
131.0,27423,511.229,-593.903,0.071,5.046,30.0,1269,-1,30.68,False,-1,True,True,0.75,0.0,0.002,False,False,-0.23,6.388,27.112,1601,1.93,,,,,0,False,False,2.041,False,5.6,5.62,20.0,
131.05,27424,511.454,-593.787,0.071,5.07,30.0,1269,-1,30.93,False,-1,True,True,0.75,0.0,-0.003,False,False,-0.205,6.393,27.11,1601,1.93,,,,,0,False,False,2.032,False,5.35,5.52,20.0,
131.1,27425,511.679,-593.672,0.07,5.052,30.0,1269,-1,31.18,False,-1,True,True,0.75,0.0,-0.001,False,False,-0.154,6.393,27.104,1601,5.78,,,,,0,False,False,2.022,False,8.95,5.54,20.0,
131.15,27426,511.901,-593.558,0.07,4.87,30.0,1269,-1,31.43,False,-1,True,True,0.75,0.0,0.0,False,False,-0.121,6.391,27.109,1601,5.78,,,,,0,False,False,2.014,False,8.7,5.53,20.0,
131.2,27427,512.107,-593.454,0.071,4.48,30.0,1269,-1,31.66,False,-1,True,True,0.75,0.0,-0.001,False,False,-0.205,6.389,27.119,1601,5.78,,,,,0,False,False,2.006,False,8.47,5.43,20.0,
131.25,27428,512.298,-593.355,0.071,4.236,30.0,1269,-1,31.88,False,-1,True,True,0.75,0.0,-0.001,False,False,-0.285,6.389,27.108,1601,5.78,,,,,0,False,False,1.998,False,8.26,5.24,20.0,
131.3,27429,512.483,-593.261,0.072,4.111,30.0,1269,-1,32.09,False,-1,True,True,0.75,0.0,0.0,False,False,-0.311,6.387,27.1,1601,5.78,,,,,0,False,False,1.991,False,8.05,5.12,20.0,
131.35,27430,512.665,-593.168,0.071,4.071,30.0,1269,-1,32.29,False,-1,True,True,0.75,0.0,0.0,False,False,-0.281,6.386,27.097,1601,5.78,,,,,0,False,False,1.984,False,7.84,5.06,20.0,
131.4,27431,512.847,-593.074,0.071,4.088,30.0,1269,-1,32.49,False,-1,True,True,0.75,0.0,-0.0,False,False,-0.213,6.386,27.097,1601,5.78,,,,,0,False,False,1.977,False,7.64,5.04,20.0,
131.45,27432,513.031,-592.98,0.07,4.14,30.0,1269,-1,32.7,False,-1,True,True,0.75,0.0,-0.0,False,False,-0.128,6.387,27.098,1601,5.78,,,,,0,False,False,1.97,False,7.43,5.04,20.0,
131.5,27433,513.217,-592.885,0.069,4.214,30.0,1269,-1,32.91,False,-1,True,True,0.75,0.0,-0.0,False,False,-0.043,6.388,27.099,1601,5.78,,,,,0,False,False,1.964,False,7.22,5.07,20.0,
131.55,27434,513.408,-592.787,0.069,4.3,30.0,1269,-1,33.13,False,-1,True,True,0.75,0.0,-0.0,False,False,0.034,6.389,27.1,1601,5.78,,,,,0,False,False,1.957,False,7.01,5.11,20.0,
131.6,27435,513.602,-592.688,0.068,4.395,30.0,1269,-1,33.34,False,-1,True,True,0.75,0.0,-0.0,False,False,0.097,6.39,27.101,1601,5.78,,,,,0,False,False,1.951,False,6.79,5.15,20.0,
131.65,27436,513.801,-592.586,0.068,4.494,30.0,1269,-1,33.57,False,-1,True,True,0.75,0.0,-0.0,False,False,0.147,6.39,27.103,1601,5.78,,,,,0,False,False,1.944,False,6.57,5.2,20.0,
131.7,27437,514.004,-592.482,0.067,4.596,30.0,1269,-1,33.79,False,-1,True,True,0.75,0.0,-0.0,False,False,0.184,6.39,27.104,1601,5.78,,,,,0,False,False,1.938,False,6.34,5.25,20.0,
131.75,27438,514.212,-592.376,0.067,4.7,30.0,1269,-1,34.03,False,-1,True,True,0.75,0.0,-0.0,False,False,0.211,6.39,27.106,1601,5.78,,,,,0,False,False,1.931,False,6.11,5.3,20.0,
131.8,27439,514.424,-592.268,0.067,4.804,30.0,1269,-1,34.27,False,-1,True,True,0.75,0.0,-0.0,False,False,0.23,6.39,27.107,1601,5.78,,,,,0,False,False,1.924,False,5.87,5.35,20.0,
131.85,27440,514.641,-592.157,0.067,4.908,30.0,1601,-1,0.15,True,37,True,True,0.75,0.0,-0.0,False,False,0.242,6.389,27.109,1601,5.78,,,,,0,False,False,1.918,False,5.63,5.4,20.0,
131.9,27441,514.862,-592.044,0.067,5.012,30.0,1601,-1,0.4,True,37,True,True,0.75,0.0,-0.0,False,False,0.25,6.389,27.11,1601,5.78,,,,,0,False,False,1.911,False,5.38,5.45,20.0,
131.95,27442,515.088,-591.929,0.067,5.117,30.0,1601,-1,0.66,True,37,True,True,0.75,0.0,-0.001,False,False,0.256,6.39,27.109,1601,9.63,,,,,0,False,False,1.904,False,8.98,5.51,20.0,
132.0,27443,515.318,-591.811,0.067,5.178,30.0,1601,-1,0.92,True,37,True,True,0.75,0.0,-0.0,False,False,0.255,6.39,27.11,1601,9.63,,,,,0,False,False,1.898,False,8.72,5.56,20.0,
132.05,27444,515.553,-591.691,0.067,5.32,30.0,1601,-1,1.18,True,37,True,True,0.75,0.0,-0.001,False,False,0.256,6.389,27.097,1601,9.63,,,,,0,False,False,1.89,False,8.45,5.59,20.0,
132.1,27445,515.787,-591.572,0.067,5.223,30.0,1601,-1,1.44,True,37,True,True,0.75,0.0,0.001,False,False,0.211,6.386,27.132,1601,9.63,,,,,0,False,False,1.885,False,8.19,5.66,20.0,
132.15,27446,516.021,-591.452,0.068,5.287,30.0,1601,-1,1.7,True,37,True,True,0.75,0.0,-0.003,False,False,0.174,6.391,27.112,1601,9.63,,,,,0,False,False,1.878,False,7.93,5.61,20.0,
132.2,27447,516.255,-591.333,0.068,5.224,30.0,1601,-1,1.97,True,37,True,True,0.75,0.0,0.001,False,False,0.132,6.388,27.15,1601,9.63,,,,,0,False,False,1.873,False,7.67,5.64,20.0,
132.25,27448,516.49,-591.214,0.068,5.319,30.0,1601,-1,2.23,True,37,True,True,0.75,0.0,-0.004,False,False,0.121,6.391,27.131,1601,9.63,,,,,0,False,False,1.866,False,7.4,5.61,20.0,
132.3,27449,516.725,-591.094,0.068,5.25,30.0,1601,-1,2.49,True,37,True,True,0.75,0.0,0.001,False,False,0.101,6.387,27.165,1601,9.63,,,,,0,False,False,1.862,False,7.14,5.66,20.0,
132.35,27450,516.96,-590.973,0.068,5.319,30.0,1601,-1,2.76,True,37,True,True,0.75,0.0,-0.004,False,False,0.095,6.39,27.134,1601,9.63,,,,,0,False,False,1.854,False,6.87,5.63,20.0,
132.4,27451,517.199,-590.851,0.068,5.503,30.0,1601,-1,3.03,True,37,True,True,0.75,0.0,0.001,False,False,0.119,6.384,27.171,1601,9.63,,,,,0,False,False,1.85,False,6.61,5.66,20.0,
132.45,27452,517.46,-590.719,0.067,6.01,30.0,1601,-1,3.32,True,37,True,True,0.215,0.0,-0.004,False,False,0.271,6.388,27.2,1601,9.63,,,,,0,False,False,1.845,False,6.31,5.75,20.0,
132.5,27453,517.734,-590.579,0.066,6.2,30.0,1601,-1,3.63,True,37,True,True,0.0,0.3,-0.004,False,False,0.389,6.394,27.202,1601,9.63,,,,,0,False,False,1.838,False,6.01,6.01,20.0,
132.55,27454,518.015,-590.436,0.066,6.339,30.0,1601,-1,3.94,True,37,True,True,0.0,0.3,-0.004,False,False,0.418,6.397,27.186,1601,13.48,,,,,0,False,False,1.831,False,9.54,6.1,20.0,
132.6,27455,518.294,-590.293,0.066,6.226,30.0,1601,-1,4.26,True,37,True,True,0.0,0.3,-0.001,False,False,0.354,6.392,27.177,1601,13.48,,,,,0,False,False,1.825,False,9.23,6.17,20.0,
132.65,27456,518.569,-590.153,0.067,6.157,30.0,1601,-1,4.56,True,37,True,True,0.0,0.3,-0.001,False,False,0.25,6.387,27.139,1601,13.48,,,,,0,False,False,1.817,False,8.92,6.11,20.0,
132.7,27457,518.836,-590.016,0.068,5.933,30.0,1601,-1,4.86,True,37,True,True,0.0,0.3,0.002,False,False,0.121,6.38,27.154,1601,13.48,,,,,0,False,False,1.811,False,8.62,6.08,20.0,
132.75,27458,519.096,-589.883,0.069,5.811,30.0,1601,-1,5.16,True,37,True,True,0.0,0.3,-0.002,False,False,0.014,6.382,27.117,1601,13.48,,,,,0,False,False,1.804,False,8.33,5.97,20.0,
132.8,27459,519.347,-589.754,0.07,5.552,30.0,1601,-1,5.44,True,37,True,True,0.0,0.3,0.002,False,False,-0.088,6.379,27.135,1601,13.48,,,,,0,False,False,1.799,False,8.05,5.91,20.0,
132.85,27460,519.59,-589.629,0.071,5.442,30.0,1601,-1,5.71,True,37,True,True,0.0,0.02,-0.002,False,False,-0.153,6.383,27.102,1601,13.48,,,,,0,False,False,1.793,False,7.77,5.78,20.0,
132.9,27461,519.826,-589.509,0.071,5.224,30.0,1601,-1,5.98,True,37,True,True,0.377,0.0,0.002,False,False,-0.199,6.383,27.131,1601,13.48,,,,,0,False,False,1.789,False,7.51,5.72,20.0,
132.95,27462,520.057,-589.391,0.071,5.156,30.0,1601,-1,6.24,True,37,True,True,0.75,0.0,-0.003,False,False,-0.21,6.389,27.107,1601,13.48,,,,,0,False,False,1.783,False,7.25,5.61,20.0,
133.0,27463,520.282,-589.275,0.071,5.02,30.0,1601,-1,6.49,True,37,True,True,0.75,0.0,0.002,False,False,-0.209,6.388,27.137,1601,13.48,,,,,0,False,False,1.78,False,7.0,5.58,20.0,
133.05,27464,520.507,-589.16,0.071,5.089,30.0,1601,-1,6.74,True,37,True,True,0.75,0.0,-0.003,False,False,-0.154,6.392,27.104,1601,13.48,,,,,0,False,False,1.774,False,6.74,5.51,20.0,
133.1,27465,520.731,-589.045,0.07,4.917,30.0,1601,-1,6.99,True,37,True,True,0.75,0.0,0.002,False,False,-0.114,6.388,27.107,1601,13.48,,,,,0,False,False,1.77,False,6.49,5.54,20.0,
133.15,27466,520.94,-588.938,0.071,4.559,30.0,1601,-1,7.23,True,37,True,True,0.75,0.0,-0.0,False,False,-0.182,6.387,27.125,1601,13.48,,,,,0,False,False,1.767,False,6.26,5.46,20.0,
133.2,27467,521.135,-588.838,0.071,4.301,30.0,1601,-1,7.45,True,37,True,True,0.75,0.0,-0.002,False,False,-0.264,6.389,27.116,1601,13.48,,,,,0,False,False,1.764,False,6.04,5.28,20.0,
133.25,27468,521.322,-588.742,0.072,4.164,30.0,1601,-1,7.66,True,37,True,True,0.75,0.0,0.0,False,False,-0.298,6.388,27.107,1601,13.48,,,,,0,False,False,1.76,False,5.83,5.15,20.0,
133.3,27469,521.506,-588.648,0.071,4.116,30.0,1601,-1,7.86,True,37,True,True,0.75,0.0,0.0,False,False,-0.276,6.387,27.105,1601,13.48,,,,,0,False,False,1.757,False,5.62,5.08,20.0,
133.35,27470,521.69,-588.554,0.071,4.128,30.0,1601,-1,8.07,True,37,True,True,0.75,0.0,0.0,False,False,-0.214,6.387,27.105,1601,13.48,,,,,0,False,False,1.754,False,5.41,5.06,20.0,
133.4,27471,521.875,-588.459,0.07,4.176,30.0,1601,-1,8.28,True,37,True,True,0.75,0.0,-0.0,False,False,-0.133,6.388,27.106,1601,13.48,,,,,0,False,False,1.752,False,5.21,5.06,20.0,
133.45,27472,522.064,-588.362,0.069,4.247,30.0,1601,-1,8.49,True,37,True,True,0.75,0.0,-0.0,False,False,-0.049,6.389,27.107,1601,13.48,,,,,0,False,False,1.749,False,4.99,5.09,20.0,
133.5,27473,522.255,-588.264,0.069,4.331,30.0,1601,-1,8.71,True,37,True,True,0.75,0.0,-0.001,False,False,0.027,6.391,27.105,1268,1.98,,,,,0,False,False,1.747,False,8.68,5.12,20.0,
133.55,27474,522.451,-588.164,0.068,4.425,30.0,1601,-1,8.93,True,37,True,True,0.75,0.0,-0.0,False,False,0.092,6.392,27.105,1268,1.98,,,,,0,False,False,1.745,False,8.46,5.17,20.0,
133.6,27475,522.651,-588.062,0.068,4.523,30.0,1601,-1,9.15,True,37,True,True,0.75,0.0,-0.0,False,False,0.142,6.391,27.106,1268,1.98,,,,,0,False,False,1.743,False,8.24,5.21,20.0,
133.65,27476,522.856,-587.957,0.067,4.625,30.0,1601,-1,9.38,True,37,True,True,0.75,0.0,-0.001,False,False,0.18,6.391,27.107,1268,1.98,,,,,0,False,False,1.742,False,8.01,5.26,20.0,
133.7,27477,523.065,-587.851,0.067,4.728,30.0,1601,-1,9.62,True,37,True,True,0.75,0.0,-0.001,False,False,0.208,6.39,27.108,1268,1.98,,,,,0,False,False,1.74,False,7.77,5.31,20.0,
133.75,27478,523.278,-587.742,0.067,4.832,30.0,1601,-1,9.85,True,37,True,True,0.75,0.0,-0.001,False,False,0.227,6.39,27.109,1268,1.98,,,,,0,False,False,1.739,False,7.53,5.36,20.0,
133.8,27479,523.496,-587.63,0.067,4.936,30.0,1601,-1,10.1,True,37,True,True,0.75,0.0,-0.0,False,False,0.241,6.39,27.11,1268,1.98,,,,,0,False,False,1.738,False,7.29,5.42,20.0,
133.85,27480,523.719,-587.516,0.067,5.04,30.0,1601,-1,10.35,True,37,True,True,0.75,0.0,-0.001,False,False,0.249,6.389,27.111,1268,1.98,,,,,0,False,False,1.737,False,7.04,5.47,20.0,
133.9,27481,523.946,-587.4,0.067,5.141,30.0,1601,-1,10.6,True,37,True,True,0.75,0.0,-0.0,False,False,0.254,6.389,27.112,1268,1.98,,,,,0,False,False,1.736,False,6.78,5.52,20.0,
133.95,27482,524.178,-587.282,0.067,5.278,30.0,1601,-1,10.87,True,37,True,True,0.75,0.0,-0.0,False,False,0.258,6.389,27.115,1268,1.98,,,,,0,False,False,1.735,False,6.52,5.57,20.0,
134.0,27483,524.412,-587.162,0.067,5.246,30.0,1601,-1,11.13,True,37,True,True,0.75,0.0,-0.001,False,False,0.245,6.389,27.101,1268,1.98,,,,,0,False,False,1.733,False,6.26,5.64,20.0,
134.05,27484,524.647,-587.042,0.067,5.294,30.0,1601,-1,11.39,True,37,True,True,0.75,0.0,0.001,False,False,0.206,6.386,27.127,1268,1.98,,,,,0,False,False,1.733,False,6.0,5.62,20.0,
134.1,27485,524.88,-586.923,0.068,5.221,30.0,1601,-1,11.65,True,37,True,True,0.75,0.0,-0.003,False,False,0.163,6.389,27.095,1268,1.98,,,,,0,False,False,1.73,False,5.74,5.65,20.0,
134.15,27486,525.114,-586.803,0.068,5.303,30.0,1601,-1,11.92,True,37,True,True,0.75,0.0,0.002,False,False,0.135,6.385,27.123,1268,1.98,,,,,0,False,False,1.73,False,5.47,5.61,20.0,
134.2,27487,525.349,-586.683,0.068,5.26,30.0,1601,-1,12.18,True,37,True,True,0.75,0.0,-0.004,False,False,0.119,6.389,27.092,1268,5.93,,,,,0,False,False,1.728,False,9.16,5.65,20.0,
134.25,27488,525.584,-586.562,0.068,5.261,30.0,1601,-1,12.44,True,37,True,True,0.75,0.0,0.002,False,False,0.089,6.337,27.09,1268,5.93,,,,,0,False,False,1.726,False,8.9,5.63,20.0,
134.3,27489,525.827,-586.448,0.075,5.319,30.0,1601,-1,12.71,True,37,True,True,0.75,0.0,0.0,False,False,0.476,7.49,27.11,1268,5.93,,,,,0,False,False,1.736,False,8.63,5.63,20.0,
134.35,27490,526.07,-586.321,0.078,5.63,30.0,1601,-1,12.99,True,37,True,True,0.75,0.0,0.004,False,False,0.672,7.637,27.082,1268,5.93,,,,,0,False,False,1.732,False,8.36,5.66,20.0,
134.4,27491,526.331,-586.184,0.077,6.014,30.0,1601,-1,13.28,True,37,True,True,0.0,0.243,0.003,False,False,0.764,7.451,27.131,1268,5.93,,,,,0,False,False,1.728,False,8.06,5.81,20.0,
134.45,27492,526.604,-586.042,0.075,6.241,30.0,1601,-1,13.59,True,37,True,True,0.0,0.3,-0.006,False,False,0.761,7.243,27.127,1268,5.93,,,,,0,False,False,1.725,False,7.75,6.01,20.0,
134.5,27493,526.879,-585.898,0.07,6.248,30.0,1601,-1,13.9,True,37,True,True,0.0,0.3,-0.001,False,False,0.524,6.629,27.121,1268,5.93,,,,,0,False,False,1.718,False,7.44,6.12,20.0,
134.55,27494,527.148,-585.751,0.059,6.215,30.0,1601,-1,14.21,True,37,True,True,0.0,0.3,-0.003,False,False,-0.025,5.135,27.081,1268,5.93,,,,,0,False,False,1.705,False,7.14,6.12,20.0,
134.6,27495,527.412,-585.599,0.034,6.149,30.0,1601,-1,14.51,True,37,True,True,0.0,0.3,-0.005,False,False,-0.405,2.476,27.032,1268,5.93,,,,,0,False,False,1.685,False,6.83,6.11,20.0,
134.65,27496,527.68,-585.463,0.009,6.007,30.0,1601,-1,14.81,True,37,True,True,0.0,0.3,-0.011,False,False,-0.404,0.839,26.868,1268,5.93,,,,,0,False,False,1.678,False,6.53,6.07,20.0,
134.7,27497,527.943,-585.336,-0.004,5.718,30.0,1601,-1,15.1,True,37,True,True,0.0,0.3,0.011,False,False,-0.391,0.202,26.862,1268,5.93,,,,,0,False,False,1.683,False,6.24,6.0,20.0,
134.75,27498,528.196,-585.212,-0.01,5.577,30.0,1601,-1,15.39,True,37,True,True,0.0,0.3,0.006,False,False,-0.372,-0.08,26.862,1268,5.93,,,,,0,False,False,1.687,False,5.96,5.86,20.0,
134.8,27499,528.439,-585.092,-0.012,5.324,30.0,1268,-1,0.24,False,-1,True,True,0.0,0.108,0.007,False,False,-0.36,-0.191,26.933,1268,5.93,,,,,0,False,False,1.692,False,5.69,5.79,20.0,
134.85,27500,528.675,-584.975,-0.012,5.236,30.0,1268,-1,0.51,False,-1,True,True,0.75,0.0,-0.0,False,False,-0.333,-0.21,26.939,1268,5.93,,,,,0,False,False,1.693,False,5.42,5.66,20.0,
134.9,27501,528.904,-584.86,-0.011,5.036,30.0,1268,-1,0.76,False,-1,True,True,0.75,0.0,0.006,False,False,-0.307,-0.199,27.005,1268,9.89,,,,,0,False,False,1.696,False,9.12,5.62,20.0,
134.95,27502,529.129,-584.746,-0.01,5.061,30.0,1268,-1,1.02,False,-1,True,True,0.75,0.0,-0.002,False,False,-0.253,-0.165,27.021,1268,9.89,,,,,0,False,False,1.696,False,8.87,5.52,20.0,
135.0,27503,529.354,-584.631,-0.009,5.041,30.0,1268,-1,1.27,False,-1,True,True,0.75,0.0,0.001,False,False,-0.184,-0.132,27.026,1268,9.89,,,,,0,False,False,1.696,False,8.62,5.53,20.0,
135.05,27504,529.577,-584.518,-0.008,4.867,30.0,1268,-1,1.52,False,-1,True,True,0.75,0.0,0.001,False,False,-0.136,-0.104,27.032,1268,9.89,,,,,0,False,False,1.695,False,8.37,5.52,20.0,
135.1,27505,529.782,-584.413,-0.007,4.481,30.0,1268,-1,1.75,False,-1,True,True,0.75,0.0,0.001,False,False,-0.209,-0.079,27.038,1268,9.89,,,,,0,False,False,1.694,False,8.14,5.43,20.0,
135.15,27506,529.974,-584.315,-0.006,4.24,30.0,1268,-1,1.97,False,-1,True,True,0.75,0.0,0.001,False,False,-0.283,-0.058,27.043,1268,9.89,,,,,0,False,False,1.694,False,7.92,5.24,20.0,
135.2,27507,530.159,-584.22,-0.005,4.117,30.0,1268,-1,2.17,False,-1,True,True,0.75,0.0,0.001,False,False,-0.307,-0.041,27.046,1268,9.89,,,,,0,False,False,1.693,False,7.71,5.12,20.0,
135.25,27508,530.341,-584.127,-0.005,4.079,30.0,1268,-1,2.38,False,-1,True,True,0.75,0.0,0.001,False,False,-0.276,-0.028,27.05,1268,9.89,,,,,0,False,False,1.692,False,7.51,5.06,20.0,
135.3,27509,530.524,-584.034,-0.005,4.097,30.0,1268,-1,2.58,False,-1,True,True,0.75,0.0,0.0,False,False,-0.208,-0.018,27.052,1268,9.89,,,,,0,False,False,1.691,False,7.31,5.04,20.0,
135.35,27510,530.708,-583.939,-0.006,4.15,30.0,1268,-1,2.79,False,-1,True,True,0.75,0.0,0.0,False,False,-0.124,-0.012,27.055,1268,9.89,,,,,0,False,False,1.69,False,7.1,5.05,20.0,
135.4,27511,530.895,-583.844,-0.007,4.223,30.0,1268,-1,3.0,False,-1,True,True,0.75,0.0,0.0,False,False,-0.039,-0.007,27.057,1268,9.89,,,,,0,False,False,1.689,False,6.89,5.07,20.0,
135.45,27512,531.086,-583.746,-0.007,4.31,30.0,1268,-1,3.21,False,-1,True,True,0.75,0.0,0.0,False,False,0.037,-0.004,27.059,1268,9.89,,,,,0,False,False,1.688,False,6.67,5.11,20.0,
135.5,27513,531.281,-583.647,-0.008,4.404,30.0,1268,-1,3.43,False,-1,True,True,0.75,0.0,0.0,False,False,0.1,-0.002,27.061,1268,9.89,,,,,0,False,False,1.687,False,6.45,5.15,20.0,
135.55,27514,531.48,-583.545,-0.008,4.504,30.0,1268,-1,3.66,False,-1,True,True,0.75,0.0,0.0,False,False,0.149,-0.001,27.062,1268,9.89,,,,,0,False,False,1.686,False,6.23,5.2,20.0,
135.6,27515,531.684,-583.441,-0.009,4.606,30.0,1268,-1,3.89,False,-1,True,True,0.75,0.0,0.0,False,False,0.186,-0.001,27.063,1268,9.89,,,,,0,False,False,1.685,False,6.0,5.25,20.0,
135.65,27516,531.892,-583.335,-0.009,4.709,30.0,1268,-1,4.12,False,-1,True,True,0.75,0.0,0.0,False,False,0.213,-0.0,27.064,1268,9.89,,,,,0,False,False,1.684,False,5.77,5.3,20.0,
135.7,27517,532.104,-583.226,-0.009,4.813,30.0,1268,-1,4.36,False,-1,True,True,0.75,0.0,0.0,False,False,0.232,-0.0,27.065,1268,9.89,,,,,0,False,False,1.683,False,5.53,5.35,20.0,
135.75,27518,532.322,-583.115,-0.009,4.918,30.0,1268,-1,4.6,False,-1,True,True,0.75,0.0,0.0,False,False,0.244,0.0,27.066,1268,9.89,,,,,0,False,False,1.682,False,5.29,5.41,20.0,
135.8,27519,532.543,-583.002,-0.009,5.022,30.0,1268,-1,4.85,False,-1,True,True,0.75,0.0,0.0,False,False,0.252,-0.001,27.068,1268,13.84,,,,,0,False,False,1.681,False,8.99,5.46,20.0,
135.85,27520,532.77,-582.886,-0.009,5.123,30.0,1268,-1,5.11,False,-1,True,True,0.75,0.0,0.0,False,False,0.257,-0.0,27.069,1268,13.84,,,,,0,False,False,1.68,False,8.74,5.51,20.0,
135.9,27521,533.001,-582.768,-0.009,5.261,30.0,1268,-1,5.36,False,-1,True,True,0.75,0.0,0.0,False,False,0.261,-0.0,27.071,1268,13.84,,,,,0,False,False,1.679,False,8.48,5.56,20.0,
135.95,27522,533.235,-582.648,-0.009,5.255,30.0,1268,-1,5.63,False,-1,True,True,0.75,0.0,0.0,False,False,0.251,0.0,27.056,1268,13.84,,,,,0,False,False,1.677,False,8.21,5.63,20.0,
136.0,27523,533.47,-582.528,-0.009,5.302,30.0,1268,-1,5.89,False,-1,True,True,0.75,0.0,0.002,False,False,0.219,-0.003,27.085,1268,13.84,,,,,0,False,False,1.677,False,7.95,5.63,20.0,
136.05,27524,533.703,-582.408,-0.008,5.224,30.0,1268,-1,6.15,False,-1,True,True,0.75,0.0,-0.002,False,False,0.171,0.002,27.049,1268,13.84,,,,,0,False,False,1.674,False,7.69,5.65,20.0,
136.1,27525,533.938,-582.288,-0.008,5.304,30.0,1268,-1,6.42,False,-1,True,True,0.75,0.0,0.003,False,False,0.142,-0.002,27.072,1268,13.84,,,,,0,False,False,1.674,False,7.43,5.61,20.0,
136.15,27526,534.172,-582.168,-0.008,5.257,30.0,1268,-1,6.68,False,-1,True,True,0.75,0.0,-0.002,False,False,0.12,0.0,27.04,1268,13.84,,,,,0,False,False,1.671,False,7.16,5.65,20.0,
136.2,27527,534.409,-582.048,-0.008,5.329,30.0,1268,-1,6.95,False,-1,True,True,0.75,0.0,0.003,False,False,0.111,-0.003,27.069,1268,13.84,,,,,0,False,False,1.671,False,6.9,5.63,20.0,
136.25,27528,534.644,-581.927,-0.008,5.255,30.0,1268,-1,7.21,False,-1,True,True,0.75,0.0,-0.002,False,False,0.094,0.001,27.042,1268,13.84,,,,,0,False,False,1.669,False,6.63,5.66,20.0,
136.3,27529,534.884,-581.805,-0.008,5.583,30.0,1268,-1,7.48,False,-1,True,True,0.75,0.0,0.003,False,False,0.129,-0.002,27.08,1268,13.84,,,,,0,False,False,1.669,False,6.36,5.63,20.0,
136.35,27530,535.143,-581.672,-0.009,5.935,30.0,1268,-1,7.77,False,-1,True,True,0.0,0.075,-0.003,False,False,0.272,0.003,27.098,1268,13.84,,,,,0,False,False,1.668,False,6.07,5.79,20.0,
136.4,27531,535.418,-581.532,-0.011,6.256,30.0,1268,-1,8.08,False,-1,True,True,0.0,0.3,-0.002,False,False,0.394,0.007,27.095,1268,13.84,,,,,0,False,False,1.667,False,5.76,5.97,20.0,
136.45,27532,535.698,-581.39,-0.011,6.259,30.0,1268,-1,8.39,False,-1,True,True,0.0,0.3,-0.0,False,False,0.413,0.004,27.09,1268,17.8,,,,,0,False,False,1.666,False,9.4,6.13,20.0,
136.5,27533,535.977,-581.247,-0.01,6.28,30.0,1268,-1,8.71,False,-1,True,True,0.0,0.3,-0.0,False,False,0.357,0.0,27.087,1268,17.8,,,,,0,False,False,1.664,False,9.09,6.13,20.0,
136.55,27534,536.251,-581.107,-0.009,6.096,30.0,1268,-1,9.01,False,-1,True,True,0.0,0.3,-0.0,False,False,0.248,-0.002,27.098,1268,17.8,,,,,0,False,False,1.663,False,8.78,6.14,20.0,
136.6,27535,536.518,-580.97,-0.008,5.992,30.0,1268,-1,9.32,False,-1,True,True,0.0,0.3,-0.001,False,False,0.13,-0.0,27.069,1268,17.8,,,,,0,False,False,1.66,False,8.48,6.05,20.0,
136.65,27536,536.778,-580.837,-0.007,5.747,30.0,1268,-1,9.61,False,-1,True,True,0.0,0.3,0.002,False,False,0.012,-0.005,27.095,1268,17.8,,,,,0,False,False,1.66,False,8.19,6.0,20.0,
136.7,27537,537.029,-580.708,-0.006,5.611,30.0,1268,-1,9.89,False,-1,True,True,0.0,0.3,-0.002,False,False,-0.081,-0.001,27.066,1268,17.8,,,,,0,False,False,1.657,False,7.91,5.87,20.0,
136.75,27538,537.271,-580.585,-0.006,5.353,30.0,1268,-1,10.16,False,-1,True,True,0.0,0.231,0.002,False,False,-0.159,-0.004,27.095,1268,17.8,,,,,0,False,False,1.657,False,7.64,5.81,20.0,
136.8,27539,537.506,-580.464,-0.005,5.25,30.0,1268,-1,10.42,False,-1,True,True,0.699,0.0,-0.003,False,False,-0.204,0.001,27.069,1268,17.8,,,,,0,False,False,1.655,False,7.37,5.68,20.0,
136.85,27540,537.734,-580.348,-0.005,5.049,30.0,1268,-1,10.68,False,-1,True,True,0.75,0.0,0.002,False,False,-0.226,-0.001,27.104,1268,17.8,,,,,0,False,False,1.655,False,7.12,5.63,20.0,
136.9,27541,537.959,-580.234,-0.005,5.04,30.0,1268,-1,10.93,False,-1,True,True,0.75,0.0,-0.003,False,False,-0.214,0.004,27.112,1268,17.8,,,,,0,False,False,1.655,False,6.87,5.52,20.0,
136.95,27542,538.183,-580.119,-0.006,4.941,30.0,1268,-1,11.18,False,-1,True,True,0.75,0.0,-0.001,False,False,-0.164,0.005,27.118,1268,17.8,,,,,0,False,False,1.654,False,6.61,5.52,20.0,
137.0,27543,538.406,-580.005,-0.006,4.937,30.0,1268,-1,11.44,False,-1,True,True,0.75,0.0,-0.002,False,False,-0.113,0.003,27.105,1268,17.8,,,,,0,False,False,1.652,False,6.36,5.47,20.0,
137.05,27544,538.613,-579.899,-0.006,4.515,30.0,1268,-1,11.67,False,-1,True,True,0.75,0.0,0.0,False,False,-0.185,0.001,27.074,1268,17.8,,,,,0,False,False,1.65,False,6.13,5.47,20.0,
137.1,27545,538.806,-579.8,-0.005,4.261,30.0,1268,-1,11.88,False,-1,True,True,0.75,0.0,0.002,False,False,-0.267,-0.004,27.071,1268,17.8,,,,,0,False,False,1.649,False,5.91,5.26,20.0,
137.15,27546,538.992,-579.705,-0.005,4.128,30.0,1268,-1,12.09,False,-1,True,True,0.75,0.0,0.0,False,False,-0.299,-0.004,27.074,1268,17.8,,,,,0,False,False,1.648,False,5.7,5.13,20.0,
137.2,27547,539.174,-579.612,-0.005,4.083,30.0,1268,-1,12.3,False,-1,True,True,0.75,0.0,-0.0,False,False,-0.276,-0.002,27.075,1268,17.8,,,,,0,False,False,1.647,False,5.5,5.06,20.0,
137.25,27548,539.357,-579.519,-0.005,4.097,30.0,1268,-1,12.5,False,-1,True,True,0.75,0.0,0.0,False,False,-0.212,-0.001,27.075,1268,17.8,,,,,0,False,False,1.646,False,5.29,5.04,20.0,
137.3,27549,539.541,-579.425,-0.006,4.147,30.0,1268,-1,12.71,False,-1,True,True,0.75,0.0,0.0,False,False,-0.13,-0.0,27.075,1268,17.8,,,,,0,False,False,1.645,False,5.09,5.05,20.0,
137.35,27550,539.728,-579.329,-0.007,4.219,30.0,1268,-1,12.92,False,-1,True,True,0.75,0.0,0.0,False,False,-0.045,-0.0,27.076,1268,17.8,,,,,0,False,False,1.644,False,4.88,5.07,20.0,
137.4,27551,539.919,-579.231,-0.008,4.304,30.0,1268,-1,13.13,False,-1,True,True,0.75,0.0,0.0,False,False,0.031,-0.0,27.077,1268,21.75,,,,,0,False,False,1.643,False,8.62,5.11,20.0,
137.45,27552,540.113,-579.132,-0.008,4.398,30.0,1268,-1,13.35,False,-1,True,True,0.75,0.0,-0.0,False,False,0.095,-0.0,27.078,1268,21.75,,,,,0,False,False,1.642,False,8.4,5.15,20.0,
137.5,27553,540.312,-579.03,-0.009,4.497,30.0,1268,-1,13.58,False,-1,True,True,0.75,0.0,0.0,False,False,0.145,0.0,27.078,1268,21.75,,,,,0,False,False,1.641,False,8.18,5.2,20.0,
137.55,27554,540.516,-578.926,-0.009,4.599,30.0,1268,-1,13.8,False,-1,True,True,0.75,0.0,0.0,False,False,0.183,0.0,27.078,1268,21.75,,,,,0,False,False,1.64,False,7.95,5.25,20.0,
137.6,27555,540.723,-578.82,-0.009,4.702,30.0,1268,-1,14.04,False,-1,True,True,0.75,0.0,0.0,False,False,0.211,0.0,27.079,1268,21.75,,,,,0,False,False,1.638,False,7.71,5.3,20.0,
137.65,27556,540.935,-578.711,-0.009,4.806,30.0,1268,-1,14.28,False,-1,True,True,0.75,0.0,0.0,False,False,0.23,0.0,27.079,1268,21.75,,,,,0,False,False,1.637,False,7.48,5.35,20.0,
137.7,27557,541.152,-578.601,-0.009,4.911,30.0,1268,-1,14.52,False,-1,True,True,0.75,0.0,0.0,False,False,0.243,0.0,27.079,1268,21.75,,,,,0,False,False,1.636,False,7.23,5.4,20.0,
137.75,27558,541.374,-578.487,-0.009,5.015,30.0,1268,-1,14.77,False,-1,True,True,0.75,0.0,0.0,False,False,0.251,-0.0,27.079,1268,21.75,,,,,0,False,False,1.635,False,6.98,5.46,20.0,
137.8,27559,541.6,-578.372,-0.009,5.119,30.0,1268,-1,15.02,False,-1,True,True,0.75,0.0,0.0,False,False,0.257,-0.0,27.08,1268,21.75,,,,,0,False,False,1.634,False,6.73,5.51,20.0,
137.85,27560,541.83,-578.254,-0.009,5.179,30.0,1268,-1,15.28,False,-1,True,True,0.75,0.0,-0.0,False,False,0.257,0.0,27.08,1268,21.75,,,,,0,False,False,1.633,False,6.47,5.56,20.0,
137.9,27561,542.066,-578.134,-0.009,5.357,30.0,1268,-1,15.55,False,-1,True,True,0.75,0.0,0.0,False,False,0.261,0.0,27.079,1268,21.75,,,,,0,False,False,1.631,False,6.21,5.59,20.0,
137.95,27562,542.304,-578.012,-0.009,5.35,30.0,1268,-1,15.81,False,-1,True,True,0.75,0.0,0.0,False,False,0.251,-0.0,27.095,1268,21.75,,,,,0,False,False,1.631,False,5.94,5.68,20.0,
138.0,27563,542.543,-577.889,-0.009,5.4,30.0,1268,-1,16.08,False,-1,True,True,0.75,0.0,-0.002,False,False,0.219,0.002,27.067,1268,21.75,,,,,0,False,False,1.628,False,5.67,5.68,20.0,
138.05,27564,542.781,-577.768,-0.008,5.321,30.0,1268,-1,16.35,False,-1,True,True,0.608,0.0,0.002,False,False,0.172,-0.002,27.103,1268,25.71,,,,,0,False,False,1.628,False,9.36,5.7,20.0,
138.1,27565,543.02,-577.646,-0.008,5.388,30.0,1268,-1,16.62,False,-1,True,True,0.75,0.0,-0.003,False,False,0.14,0.002,27.081,1268,25.71,,,,,0,False,False,1.626,False,9.09,5.66,20.0,
138.15,27566,543.258,-577.525,-0.008,5.328,30.0,1268,-1,16.88,False,-1,True,True,0.635,0.0,0.002,False,False,0.113,-0.001,27.114,1268,25.71,,,,,0,False,False,1.627,False,8.82,5.69,20.0,
138.2,27567,543.497,-577.402,-0.008,5.413,30.0,1268,-1,17.15,False,-1,True,True,0.75,0.0,-0.003,False,False,0.104,0.003,27.09,1268,25.71,,,,,0,False,False,1.624,False,8.55,5.66,20.0,
138.25,27568,543.737,-577.28,-0.008,5.349,30.0,1268,-1,17.42,False,-1,True,True,0.537,0.0,0.002,False,False,0.094,-0.001,27.118,1268,25.71,,,,,0,False,False,1.624,False,8.29,5.71,20.0,
138.3,27569,543.977,-577.157,-0.008,5.415,30.0,1268,-1,17.69,False,-1,True,True,0.75,0.0,-0.003,False,False,0.089,0.002,27.087,1268,25.71,,,,,0,False,False,1.622,False,8.02,5.67,20.0,
138.35,27570,544.217,-577.034,-0.008,5.493,30.0,1268,-1,17.96,False,-1,True,True,0.523,0.0,0.002,False,False,0.096,-0.002,27.089,1268,25.71,,,,,0,False,False,1.621,False,7.75,5.71,20.0,
138.4,27571,544.477,-576.901,-0.009,5.986,30.0,1268,-1,18.25,False,-1,True,True,0.242,0.0,-0.0,False,False,0.232,-0.003,27.067,1268,25.71,,,,,0,False,False,1.618,False,7.45,5.75,20.0,
138.45,27572,544.749,-576.762,-0.01,6.152,30.0,1268,-1,18.56,False,-1,True,True,0.0,0.3,0.002,False,False,0.345,-0.005,27.064,1268,25.71,,,,,0,False,False,1.616,False,7.15,5.99,20.0,
138.5,27573,545.027,-576.619,-0.01,6.272,30.0,1268,-1,18.87,False,-1,True,True,0.0,0.3,0.001,False,False,0.373,-0.004,27.068,1268,25.71,,,,,0,False,False,1.615,False,6.84,6.08,20.0,
138.55,27574,545.302,-576.478,-0.01,6.146,30.0,1268,-1,19.18,False,-1,True,True,0.0,0.3,0.0,False,False,0.313,-0.001,27.069,1268,25.71,,,,,0,False,False,1.613,False,6.53,6.14,20.0,
138.6,27575,545.574,-576.34,-0.009,6.083,30.0,1268,-1,19.49,False,-1,True,True,0.0,0.3,0.0,False,False,0.217,0.001,27.084,1268,25.71,,,,,0,False,False,1.613,False,6.22,6.07,20.0,
138.65,27576,545.838,-576.205,-0.008,5.853,30.0,1268,-1,19.78,False,-1,True,True,0.0,0.3,-0.001,False,False,0.098,0.004,27.059,1268,25.71,,,,,0,False,False,1.61,False,5.93,6.04,20.0,
138.7,27577,546.094,-576.074,-0.007,5.728,30.0,1268,-1,20.07,False,-1,True,True,0.0,0.3,0.003,False,False,-0.006,-0.0,27.089,1268,29.66,,,,,0,False,False,1.61,False,9.59,5.93,20.0,
138.75,27578,546.341,-575.947,-0.006,5.468,30.0,1268,-1,20.35,False,-1,True,True,0.0,0.3,-0.002,False,False,-0.1,0.003,27.065,1268,29.66,,,,,0,False,False,1.608,False,9.32,5.86,20.0,
138.8,27579,546.581,-575.825,-0.006,5.327,30.0,1268,-1,20.62,False,-1,True,True,0.0,0.3,-0.002,False,False,-0.169,0.007,27.083,1268,29.66,,,,,0,False,False,1.608,False,9.05,5.73,20.0,
138.85,27580,546.811,-575.708,-0.005,5.087,30.0,1268,-1,20.87,False,-1,True,True,0.75,0.0,-0.001,False,False,-0.221,0.007,27.045,1268,29.66,,,,,0,False,False,1.606,False,8.79,5.66,20.0,
138.9,27581,547.035,-575.593,-0.005,4.996,30.0,1268,-1,21.13,False,-1,True,True,0.75,0.0,0.004,False,False,-0.236,-0.003,27.041,1268,29.66,,,,,0,False,False,1.604,False,8.54,5.54,20.0,
138.95,27582,547.256,-575.48,-0.005,4.946,30.0,1268,-1,21.37,False,-1,True,True,0.75,0.0,0.002,False,False,-0.215,-0.006,27.046,1268,29.66,,,,,0,False,False,1.603,False,8.29,5.5,20.0,
139.0,27583,547.476,-575.367,-0.006,4.943,30.0,1268,-1,21.62,False,-1,True,True,0.75,0.0,0.001,False,False,-0.165,-0.005,27.053,1268,29.66,,,,,0,False,False,1.602,False,8.04,5.47,20.0,
139.05,27584,547.696,-575.255,-0.006,4.875,30.0,1268,-1,21.87,False,-1,True,True,0.75,0.0,0.001,False,False,-0.116,-0.003,27.058,1268,29.66,,,,,0,False,False,1.601,False,7.79,5.47,20.0,
139.1,27585,547.901,-575.15,-0.006,4.466,30.0,1268,-1,22.1,False,-1,True,True,0.75,0.0,0.001,False,False,-0.174,-0.001,27.062,1268,29.66,,,,,0,False,False,1.601,False,7.56,5.44,20.0,
139.15,27586,548.092,-575.052,-0.005,4.205,30.0,1268,-1,22.31,False,-1,True,True,0.75,0.0,0.001,False,False,-0.255,-0.0,27.065,1268,29.66,,,,,0,False,False,1.6,False,7.35,5.23,20.0,
139.2,27587,548.275,-574.959,-0.005,4.067,30.0,1268,-1,22.52,False,-1,True,True,0.75,0.0,0.001,False,False,-0.291,0.0,27.068,1268,29.66,,,,,0,False,False,1.599,False,7.14,5.1,20.0,
139.25,27588,548.454,-574.867,-0.005,4.019,30.0,1268,-1,22.72,False,-1,True,True,0.75,0.0,0.0,False,False,-0.271,0.0,27.071,1268,29.66,,,,,0,False,False,1.598,False,6.94,5.03,20.0,
139.3,27589,548.634,-574.775,-0.005,4.032,30.0,1268,-1,22.92,False,-1,True,True,0.75,0.0,0.0,False,False,-0.21,0.0,27.073,1268,29.66,,,,,0,False,False,1.598,False,6.74,5.01,20.0,
139.35,27590,548.815,-574.682,-0.006,4.081,30.0,1268,-1,23.13,False,-1,True,True,0.75,0.0,0.0,False,False,-0.129,0.0,27.075,1268,29.66,,,,,0,False,False,1.597,False,6.54,5.02,20.0,
139.4,27591,548.999,-574.588,-0.007,4.153,30.0,1268,-1,23.33,False,-1,True,True,0.75,0.0,0.0,False,False,-0.046,0.0,27.077,1268,29.66,,,,,0,False,False,1.596,False,6.33,5.04,20.0,
139.45,27592,549.187,-574.492,-0.007,4.239,30.0,1268,-1,23.54,False,-1,True,True,0.75,0.0,0.0,False,False,0.031,0.0,27.078,1268,29.66,,,,,0,False,False,1.595,False,6.12,5.08,20.0,
139.5,27593,549.379,-574.394,-0.008,4.333,30.0,1268,-1,23.76,False,-1,True,True,0.75,0.0,0.0,False,False,0.095,0.0,27.08,1268,29.66,,,,,0,False,False,1.594,False,5.9,5.12,20.0,
139.55,27594,549.575,-574.294,-0.009,4.433,30.0,1268,-1,23.98,False,-1,True,True,0.75,0.0,0.0,False,False,0.145,0.0,27.081,1268,29.66,,,,,0,False,False,1.594,False,5.68,5.17,20.0,
139.6,27595,549.775,-574.192,-0.009,4.535,30.0,1268,-1,24.2,False,-1,True,True,0.75,0.0,0.0,False,False,0.184,0.0,27.082,1268,29.66,,,,,0,False,False,1.593,False,5.46,5.22,20.0,
139.65,27596,549.98,-574.087,-0.009,4.639,30.0,1268,-1,24.43,False,-1,True,True,0.75,0.0,0.0,False,False,0.211,0.0,27.083,1268,29.66,,,,,0,False,False,1.592,False,5.23,5.27,20.0,
139.7,27597,550.19,-573.98,-0.009,4.744,30.0,1268,-1,24.67,False,-1,True,True,0.75,0.0,0.0,False,False,0.231,-0.0,27.085,1268,33.62,,,,,0,False,False,1.591,False,8.95,5.32,20.0,
139.75,27598,550.404,-573.87,-0.009,4.848,30.0,1268,-1,24.91,False,-1,True,True,0.75,0.0,0.0,False,False,0.244,-0.0,27.086,1268,33.62,,,,,0,False,False,1.59,False,8.71,5.37,20.0,
139.8,27599,550.622,-573.758,-0.009,4.953,30.0,1268,-1,25.16,False,-1,True,True,0.75,0.0,0.0,False,False,0.252,-0.0,27.086,1268,33.62,,,,,0,False,False,1.589,False,8.46,5.42,20.0,
139.85,27600,550.846,-573.644,-0.009,5.057,30.0,1268,-1,25.41,False,-1,True,True,0.75,0.0,0.0,False,False,0.257,0.0,27.087,1268,33.62,,,,,0,False,False,1.588,False,8.21,5.48,20.0,
139.9,27601,551.074,-573.527,-0.009,5.166,30.0,1268,-1,25.66,False,-1,True,True,0.75,0.0,0.0,False,False,0.261,-0.0,27.087,1268,33.62,,,,,0,False,False,1.587,False,7.96,5.53,20.0,
139.95,27602,551.306,-573.409,-0.009,5.22,30.0,1268,-1,25.92,False,-1,True,True,0.75,0.0,0.0,False,False,0.258,-0.0,27.088,1268,33.62,,,,,0,False,False,1.586,False,7.7,5.58,20.0,
140.0,27603,551.543,-573.287,-0.009,5.398,30.0,1268,-1,26.19,False,-1,True,True,0.75,0.0,0.0,False,False,0.261,-0.0,27.091,1268,33.62,,,,,0,False,False,1.585,False,7.43,5.61,20.0,
140.05,27604,551.782,-573.165,-0.009,5.348,30.0,1268,-1,26.46,False,-1,True,True,0.627,0.0,-0.0,False,False,0.243,0.0,27.075,1268,33.62,,,,,0,False,False,1.584,False,7.16,5.7,20.0,
140.1,27605,552.021,-573.043,-0.009,5.392,30.0,1268,-1,26.73,False,-1,True,True,0.75,0.0,0.001,False,False,0.202,-0.002,27.101,1268,33.62,,,,,0,False,False,1.584,False,6.89,5.67,20.0,
140.15,27606,552.258,-572.921,-0.008,5.309,30.0,1268,-1,26.99,False,-1,True,True,0.634,0.0,-0.002,False,False,0.153,0.001,27.065,1268,33.62,,,,,0,False,False,1.581,False,6.62,5.7,20.0,
140.2,27607,552.496,-572.8,-0.008,5.374,30.0,1268,-1,27.26,False,-1,True,True,0.75,0.0,0.003,False,False,0.123,-0.003,27.089,1268,33.62,,,,,0,False,False,1.581,False,6.36,5.65,20.0,
140.25,27608,552.733,-572.678,-0.008,5.314,30.0,1268,-1,27.53,False,-1,True,True,0.685,0.0,-0.002,False,False,0.099,0.0,27.056,1268,33.62,,,,,0,False,False,1.579,False,6.09,5.69,20.0,
140.3,27609,552.972,-572.556,-0.008,5.403,30.0,1268,-1,27.8,False,-1,True,True,0.75,0.0,0.003,False,False,0.095,-0.003,27.081,1268,33.62,,,,,0,False,False,1.578,False,5.82,5.66,20.0,
140.35,27610,553.211,-572.434,-0.008,5.328,30.0,1268,-1,28.06,False,-1,True,True,0.571,0.0,-0.002,False,False,0.085,0.001,27.054,1268,33.62,,,,,0,False,False,1.576,False,5.56,5.7,20.0,
140.4,27611,553.449,-572.312,-0.008,5.395,30.0,1268,-1,28.33,False,-1,True,True,0.75,0.0,0.003,False,False,0.081,-0.002,27.086,1268,37.57,,,,,0,False,False,1.577,False,9.24,5.66,20.0,
140.45,27612,553.695,-572.186,-0.008,5.666,30.0,1268,-1,28.61,False,-1,True,True,0.598,0.0,-0.002,False,False,0.139,0.002,27.097,1268,37.57,,,,,0,False,False,1.576,False,8.97,5.7,20.0,
140.5,27613,553.961,-572.05,-0.01,6.103,30.0,1268,-1,28.91,False,-1,True,True,0.0,0.3,-0.001,False,False,0.29,0.005,27.108,1268,37.57,,,,,0,False,False,1.576,False,8.67,5.83,20.0,
140.55,27614,554.237,-571.909,-0.01,6.204,30.0,1268,-1,29.22,False,-1,True,True,0.0,0.3,-0.001,False,False,0.374,0.005,27.107,1268,37.57,,,,,0,False,False,1.575,False,8.36,6.05,20.0,
140.6,27615,554.516,-571.767,-0.01,6.298,30.0,1268,-1,29.53,False,-1,True,True,0.0,0.3,-0.0,False,False,0.375,0.003,27.103,1268,37.57,,,,,0,False,False,1.573,False,8.04,6.1,20.0,
140.65,27616,554.792,-571.625,-0.01,6.156,30.0,1268,-1,29.84,False,-1,True,True,0.0,0.3,-0.0,False,False,0.299,0.0,27.104,1268,37.57,,,,,0,False,False,1.572,False,7.73,6.15,20.0,
140.7,27617,555.064,-571.487,-0.009,6.08,30.0,1268,-1,30.14,False,-1,True,True,0.0,0.3,-0.0,False,False,0.195,-0.001,27.087,1268,37.57,,,,,0,False,False,1.571,False,7.43,6.08,20.0,
140.75,27618,555.327,-571.352,-0.008,5.847,30.0,1268,-1,30.44,False,-1,True,True,0.0,0.3,0.001,False,False,0.076,-0.004,27.112,1268,37.57,,,,,0,False,False,1.571,False,7.13,6.04,20.0,
140.8,27619,555.583,-571.221,-0.007,5.718,30.0,1268,-1,30.73,False,-1,True,True,0.0,0.3,-0.002,False,False,-0.026,-0.001,27.083,1268,37.57,,,,,0,False,False,1.568,False,6.85,5.92,20.0,
140.85,27620,555.83,-571.094,-0.006,5.456,30.0,1268,-1,31.01,False,-1,True,True,0.0,0.3,0.002,False,False,-0.117,-0.004,27.109,1268,37.57,,,,,0,False,False,1.568,False,6.57,5.86,20.0,
140.9,27621,556.069,-570.972,-0.006,5.348,30.0,1268,-1,31.27,False,-1,True,True,0.329,0.0,-0.002,False,False,-0.176,0.0,27.08,1268,37.57,,,,,0,False,False,1.566,False,6.3,5.73,20.0,
140.95,27622,556.302,-570.853,-0.005,5.15,30.0,1268,-1,31.54,False,-1,True,True,0.717,0.0,0.002,False,False,-0.207,-0.002,27.114,1268,37.57,,,,,0,False,False,1.567,False,6.04,5.67,20.0,
141.0,27623,556.53,-570.736,-0.005,5.116,30.0,1268,-1,31.79,False,-1,True,True,0.75,0.0,-0.003,False,False,-0.204,0.003,27.09,1268,37.57,,,,,0,False,False,1.565,False,5.78,5.57,20.0,
141.05,27624,556.755,-570.622,-0.005,5.014,30.0,1268,-1,32.04,False,-1,True,True,0.75,0.0,0.002,False,False,-0.181,0.001,27.13,1268,37.57,,,,,0,False,False,1.566,False,5.53,5.56,20.0,
141.1,27625,556.98,-570.506,-0.006,5.082,30.0,1268,-1,32.3,False,-1,True,True,0.75,0.0,-0.004,False,False,-0.126,0.005,27.102,1268,37.57,,,,,0,False,False,1.564,False,5.28,5.51,20.0,
141.15,27626,557.203,-570.393,-0.006,4.883,30.0,1268,-1,32.55,False,-1,True,True,0.75,0.0,0.002,False,False,-0.099,0.001,27.117,1268,41.53,,,,,0,False,False,1.564,False,8.98,5.54,20.0,
141.2,27627,557.41,-570.287,-0.006,4.549,30.0,1268,-1,32.78,False,-1,True,True,0.75,0.0,-0.002,False,False,-0.17,0.001,27.103,1268,41.53,,,,,0,False,False,1.563,False,8.75,5.44,20.0,
141.25,27628,557.606,-570.186,-0.005,4.351,30.0,1268,-1,33.0,False,-1,True,True,0.75,0.0,0.001,False,False,-0.235,-0.001,27.099,1268,41.53,,,,,0,False,False,1.562,False,8.53,5.27,20.0,
141.3,27629,557.797,-570.089,-0.005,4.258,30.0,1268,-1,33.21,False,-1,True,True,0.75,0.0,0.0,False,False,-0.252,-0.002,27.099,1268,41.53,,,,,0,False,False,1.562,False,8.31,5.18,20.0,
141.35,27630,557.986,-569.992,-0.005,4.239,30.0,1268,-1,33.43,False,-1,True,True,0.75,0.0,-0.0,False,False,-0.22,-0.002,27.099,1268,41.53,,,,,0,False,False,1.561,False,8.1,5.13,20.0,
141.4,27631,558.176,-569.895,-0.006,4.268,30.0,1268,-1,33.64,False,-1,True,True,0.75,0.0,-0.0,False,False,-0.156,-0.001,27.098,1268,41.53,,,,,0,False,False,1.56,False,7.89,5.12,20.0,
141.45,27632,558.368,-569.796,-0.007,4.325,30.0,1268,-1,33.86,False,-1,True,True,0.75,0.0,-0.0,False,False,-0.08,-0.001,27.097,1268,41.53,,,,,0,False,False,1.56,False,7.67,5.13,20.0,
141.5,27633,558.563,-569.697,-0.007,4.401,30.0,1268,-1,34.08,False,-1,True,True,0.75,0.0,-0.0,False,False,-0.005,-0.001,27.097,1268,41.53,,,,,0,False,False,1.559,False,7.45,5.16,20.0,
141.55,27634,558.762,-569.595,-0.008,4.489,30.0,1268,-1,34.3,False,-1,True,True,0.75,0.0,-0.0,False,False,0.063,-0.0,27.096,1268,41.53,,,,,0,False,False,1.559,False,7.23,5.2,20.0,
141.6,27635,558.965,-569.491,-0.008,4.583,30.0,1268,-1,34.53,False,-1,True,True,0.75,0.0,0.0,False,False,0.118,-0.0,27.096,1268,41.53,,,,,0,False,False,1.558,False,7.0,5.24,20.0,
141.65,27636,559.172,-569.385,-0.009,4.682,30.0,1268,-1,34.76,False,-1,True,True,0.75,0.0,-0.0,False,False,0.161,-0.0,27.096,1268,41.53,,,,,0,False,False,1.557,False,6.77,5.29,20.0,
141.7,27637,559.383,-569.277,-0.009,4.783,30.0,1268,-1,35.0,False,-1,True,True,0.75,0.0,-0.0,False,False,0.194,-0.0,27.095,1268,41.53,,,,,0,False,False,1.557,False,6.53,5.34,20.0,
141.75,27638,559.599,-569.167,-0.009,4.886,30.0,1268,-1,35.24,False,-1,True,True,0.75,0.0,0.0,False,False,0.217,-0.0,27.095,1268,41.53,,,,,0,False,False,1.556,False,6.29,5.39,20.0,
141.8,27639,559.819,-569.054,-0.009,4.989,30.0,1268,-1,35.49,False,-1,True,True,0.75,0.0,-0.0,False,False,0.233,0.0,27.095,1268,41.53,,,,,0,False,False,1.555,False,6.04,5.44,20.0,
141.85,27640,560.044,-568.939,-0.009,5.091,30.0,1268,-1,35.74,False,-1,True,True,0.75,0.0,0.0,False,False,0.245,-0.0,27.095,1268,41.53,,,,,0,False,False,1.554,False,5.79,5.49,20.0,
141.9,27641,560.274,-568.822,-0.009,5.226,30.0,1268,-1,36.0,False,-1,True,True,0.75,0.0,-0.0,False,False,0.254,0.0,27.094,1268,41.53,,,,,0,False,False,1.554,False,5.53,5.55,20.0,
141.95,27642,560.507,-568.702,-0.009,5.254,30.0,1268,-1,36.26,False,-1,True,True,0.75,0.0,-0.0,False,False,0.252,0.0,27.094,1268,45.48,,,,,0,False,False,1.553,False,9.22,5.61,20.0,
142.0,27643,560.746,-568.58,-0.009,5.425,30.0,1268,-1,36.53,False,-1,True,True,0.75,0.0,-0.0,False,False,0.257,-0.0,27.1,1268,45.48,,,,,0,False,False,1.552,False,8.96,5.63,20.0,
142.05,27644,560.985,-568.457,-0.009,5.343,30.0,1268,-1,36.8,False,-1,True,True,0.525,0.0,-0.001,False,False,0.229,0.001,27.077,1268,45.48,,,,,0,False,False,1.551,False,8.69,5.71,20.0,
142.1,27645,561.224,-568.336,-0.009,5.381,30.0,1268,-1,37.06,False,-1,True,True,0.75,0.0,0.002,False,False,0.185,-0.003,27.102,1268,45.48,,,,,0,False,False,1.551,False,8.42,5.67,20.0,
142.15,27646,561.46,-568.214,-0.008,5.294,30.0,1268,-1,37.33,False,-1,True,True,0.668,0.0,-0.002,False,False,0.136,0.001,27.066,1268,45.48,,,,,0,False,False,1.549,False,8.15,5.69,20.0,
142.2,27647,561.697,-568.093,-0.008,5.358,30.0,1268,-1,37.6,False,-1,True,True,0.75,0.0,0.003,False,False,0.108,-0.003,27.09,1268,45.48,,,,,0,False,False,1.549,False,7.89,5.65,20.0,
142.25,27648,561.934,-567.972,-0.008,5.298,30.0,1268,-1,37.86,False,-1,True,True,0.742,0.0,-0.002,False,False,0.087,0.0,27.057,1268,45.48,,,,,0,False,False,1.547,False,7.62,5.68,20.0,
142.3,27649,562.172,-567.85,-0.008,5.387,30.0,1268,-1,38.13,False,-1,True,True,0.75,0.0,0.003,False,False,0.088,-0.003,27.082,1268,45.48,,,,,0,False,False,1.547,False,7.35,5.65,20.0,
142.35,27650,562.41,-567.728,-0.008,5.312,30.0,1268,-1,38.4,False,-1,True,True,0.63,0.0,-0.001,False,False,0.079,0.001,27.052,1268,45.48,,,,,0,False,False,1.545,False,7.09,5.69,20.0,
142.4,27651,562.648,-567.606,-0.008,5.378,30.0,1268,-1,38.66,False,-1,True,True,0.75,0.0,0.003,False,False,0.077,-0.002,27.083,1268,45.48,,,,,0,False,False,1.545,False,6.82,5.66,20.0,
142.45,27652,562.897,-567.478,-0.009,5.743,30.0,1268,-1,38.94,False,-1,True,True,0.657,0.0,-0.002,False,False,0.167,0.003,27.037,1268,45.48,,,,,0,False,False,1.543,False,6.54,5.69,20.0,
142.5,27653,563.166,-567.341,-0.01,6.172,30.0,1268,-1,39.25,False,-1,True,True,0.0,0.3,0.005,False,False,0.322,-0.003,27.034,1268,45.48,,,,,0,False,False,1.541,False,6.24,5.87,20.0,
142.55,27654,563.444,-567.198,-0.011,6.273,30.0,1268,-1,39.56,False,-1,True,True,0.0,0.3,0.002,False,False,0.401,-0.004,27.045,1268,45.48,,,,,0,False,False,1.541,False,5.92,6.09,20.0,
142.6,27655,563.727,-567.054,-0.011,6.366,30.0,1268,-1,39.88,False,-1,True,True,0.0,0.3,0.001,False,False,0.395,-0.001,27.055,1268,49.44,,,,,0,False,False,1.54,False,9.56,6.14,20.0,
142.65,27656,564.006,-566.911,-0.01,6.225,30.0,1268,-1,40.19,False,-1,True,True,0.0,0.3,0.0,False,False,0.313,0.002,27.057,1268,49.44,,,,,0,False,False,1.539,False,9.25,6.18,20.0,
142.7,27657,564.28,-566.771,-0.009,6.147,30.0,1268,-1,40.5,False,-1,True,True,0.0,0.3,0.001,False,False,0.204,0.002,27.078,1268,49.44,,,,,0,False,False,1.539,False,8.94,6.11,20.0,
142.75,27658,564.547,-566.634,-0.008,5.915,30.0,1268,-1,40.8,False,-1,True,True,0.0,0.3,-0.001,False,False,0.082,0.006,27.055,1268,49.44,,,,,0,False,False,1.538,False,8.64,6.07,20.0,
142.8,27659,564.806,-566.502,-0.007,5.785,30.0,1268,-1,41.09,False,-1,True,True,0.0,0.3,-0.001,False,False,-0.023,0.008,27.076,1268,49.44,,,,,0,False,False,1.538,False,8.35,5.96,20.0,
142.85,27660,565.056,-566.374,-0.006,5.522,30.0,1268,-1,41.37,False,-1,True,True,0.0,0.3,-0.001,False,False,-0.115,0.008,27.046,1268,49.44,,,,,0,False,False,1.537,False,8.07,5.89,20.0,
142.9,27661,565.298,-566.251,-0.006,5.411,30.0,1268,-1,41.64,False,-1,True,True,0.086,0.0,0.004,False,False,-0.175,-0.0,27.076,1268,49.44,,,,,0,False,False,1.537,False,7.8,5.76,20.0,
142.95,27662,565.533,-566.13,-0.005,5.199,30.0,1268,-1,41.9,False,-1,True,True,0.484,0.0,-0.002,False,False,-0.211,-0.0,27.047,1268,49.44,,,,,0,False,False,1.535,False,7.53,5.71,20.0,
143.0,27663,565.763,-566.013,-0.005,5.141,30.0,1268,-1,42.16,False,-1,True,True,0.75,0.0,0.003,False,False,-0.216,-0.004,27.073,1268,49.44,,,,,0,False,False,1.536,False,7.28,5.6,20.0,
143.05,27664,565.989,-565.897,-0.005,5.048,30.0,1268,-1,42.42,False,-1,True,True,0.75,0.0,-0.001,False,False,-0.193,-0.002,27.05,1268,49.44,,,,,0,False,False,1.534,False,7.02,5.57,20.0,
143.1,27665,566.216,-565.781,-0.006,5.117,30.0,1268,-1,42.67,False,-1,True,True,0.75,0.0,0.003,False,False,-0.136,-0.004,27.086,1268,49.44,,,,,0,False,False,1.535,False,6.77,5.52,20.0,
143.15,27666,566.437,-565.668,-0.006,4.809,30.0,1268,-1,42.92,False,-1,True,True,0.75,0.0,-0.002,False,False,-0.134,0.0,27.069,1268,49.44,,,,,0,False,False,1.533,False,6.52,5.56,20.0,
143.2,27667,566.64,-565.564,-0.005,4.46,30.0,1268,-1,43.15,False,-1,True,True,0.75,0.0,0.002,False,False,-0.22,0.0,27.054,1268,49.44,,,,,0,False,False,1.532,False,6.29,5.4,20.0,
143.25,27668,566.832,-565.466,-0.005,4.249,30.0,1268,-1,43.36,False,-1,True,True,0.75,0.0,0.002,False,False,-0.288,-0.002,27.057,1268,49.44,,,,,0,False,False,1.531,False,6.07,5.23,20.0,
143.3,27669,567.018,-565.371,-0.005,4.149,30.0,1268,-1,43.57,False,-1,True,True,0.75,0.0,0.001,False,False,-0.3,-0.001,27.062,1268,49.44,,,,,0,False,False,1.531,False,5.87,5.12,20.0,
143.35,27670,567.202,-565.276,-0.005,4.125,30.0,1268,-1,43.78,False,-1,True,True,0.75,0.0,0.0,False,False,-0.261,0.0,27.065,1268,49.44,,,,,0,False,False,1.53,False,5.66,5.07,20.0,
143.4,27671,567.387,-565.182,-0.006,4.152,30.0,1268,-1,43.99,False,-1,True,True,0.75,0.0,0.0,False,False,-0.188,0.001,27.068,1268,49.44,,,,,0,False,False,1.53,False,5.45,5.06,20.0,
143.45,27672,567.574,-565.086,-0.006,4.21,30.0,1268,-1,44.2,False,-1,True,True,0.75,0.0,0.001,False,False,-0.103,0.001,27.071,1268,49.44,,,,,0,False,False,1.53,False,5.24,5.08,20.0,
143.5,27673,567.764,-564.989,-0.007,4.286,30.0,1268,-1,44.41,False,-1,True,True,0.75,0.0,0.0,False,False,-0.021,0.001,27.073,1268,49.44,,,,,0,False,False,1.529,False,5.03,5.1,20.0,
143.55,27674,567.958,-564.89,-0.008,4.374,30.0,1268,-1,44.63,False,-1,True,True,0.75,0.0,0.0,False,False,0.052,0.0,27.075,1268,53.4,,,,,0,False,False,1.529,False,8.77,5.14,20.0,
143.6,27675,568.156,-564.789,-0.008,4.47,30.0,1268,-1,44.85,False,-1,True,True,0.75,0.0,0.0,False,False,0.112,0.0,27.077,1268,53.4,,,,,0,False,False,1.528,False,8.54,5.19,20.0,
143.65,27676,568.358,-564.685,-0.009,4.569,30.0,1268,-1,45.08,False,-1,True,True,0.75,0.0,0.0,False,False,0.158,0.0,27.078,1268,53.4,,,,,0,False,False,1.527,False,8.32,5.23,20.0,
143.7,27677,568.564,-564.58,-0.009,4.671,30.0,1268,-1,45.31,False,-1,True,True,0.75,0.0,0.0,False,False,0.192,0.0,27.08,1268,53.4,,,,,0,False,False,1.527,False,8.09,5.28,20.0,
143.75,27678,568.775,-564.472,-0.009,4.775,30.0,1268,-1,45.55,False,-1,True,True,0.75,0.0,0.0,False,False,0.217,0.0,27.081,1268,53.4,,,,,0,False,False,1.526,False,7.85,5.34,20.0,
143.8,27679,568.99,-564.362,-0.009,4.879,30.0,1268,-1,45.79,False,-1,True,True,0.75,0.0,0.0,False,False,0.234,0.0,27.082,1268,53.4,,,,,0,False,False,1.526,False,7.61,5.39,20.0,
143.85,27680,569.21,-564.249,-0.009,4.983,30.0,1268,-1,46.04,False,-1,True,True,0.75,0.0,0.0,False,False,0.245,0.0,27.083,1268,53.4,,,,,0,False,False,1.525,False,7.36,5.44,20.0,
143.9,27681,569.435,-564.134,-0.009,5.086,30.0,1268,-1,46.29,False,-1,True,True,0.75,0.0,0.0,False,False,0.253,0.0,27.083,1268,53.4,,,,,0,False,False,1.524,False,7.11,5.49,20.0,
143.95,27682,569.664,-564.017,-0.009,5.219,30.0,1268,-1,46.55,False,-1,True,True,0.75,0.0,0.0,False,False,0.259,0.0,27.084,1268,53.4,,,,,0,False,False,1.524,False,6.85,5.54,20.0,
144.0,27683,569.898,-563.898,-0.009,5.25,30.0,1268,-1,46.81,False,-1,True,True,0.75,0.0,0.0,False,False,0.255,0.0,27.085,1268,53.4,,,,,0,False,False,1.523,False,6.59,5.61,20.0,
144.05,27684,570.136,-563.776,-0.009,5.422,30.0,1268,-1,47.07,False,-1,True,True,0.75,0.0,0.0,False,False,0.26,0.0,27.079,1268,53.4,,,,,0,False,False,1.522,False,6.32,5.62,20.0,
144.1,27685,570.376,-563.654,-0.009,5.343,30.0,1268,-1,47.34,False,-1,True,True,0.538,0.0,0.001,False,False,0.232,-0.001,27.102,1268,53.4,,,,,0,False,False,1.522,False,6.05,5.71,20.0,
144.15,27686,570.614,-563.532,-0.009,5.381,30.0,1268,-1,47.61,False,-1,True,True,0.75,0.0,-0.002,False,False,0.187,0.003,27.078,1268,53.4,,,,,0,False,False,1.521,False,5.78,5.67,20.0,
144.2,27687,570.851,-563.411,-0.008,5.298,30.0,1268,-1,47.88,False,-1,True,True,0.75,0.0,-0.002,False,False,0.138,0.005,27.104,1268,53.4,,,,,0,False,False,1.521,False,5.52,5.69,20.0,
144.25,27688,571.089,-563.29,-0.008,5.37,30.0,1268,-1,48.14,False,-1,True,True,0.75,0.0,-0.002,False,False,0.113,0.007,27.074,1268,57.35,,,,,0,False,False,1.52,False,9.21,5.65,20.0,
144.3,27689,571.326,-563.168,-0.008,5.317,30.0,1268,-1,48.41,False,-1,True,True,0.697,0.0,0.003,False,False,0.095,-0.001,27.108,1268,57.35,,,,,0,False,False,1.521,False,8.94,5.69,20.0,
144.35,27690,571.565,-563.046,-0.008,5.397,30.0,1268,-1,48.68,False,-1,True,True,0.75,0.0,-0.003,False,False,0.094,0.001,27.084,1268,57.35,,,,,0,False,False,1.519,False,8.67,5.66,20.0,
144.4,27691,571.804,-562.925,-0.008,5.325,30.0,1268,-1,48.95,False,-1,True,True,0.591,0.0,0.002,False,False,0.083,-0.003,27.113,1268,57.35,,,,,0,False,False,1.52,False,8.4,5.7,20.0,
144.45,27692,572.043,-562.802,-0.008,5.436,30.0,1268,-1,49.22,False,-1,True,True,0.591,0.0,0.002,False,False,0.084,-0.007,27.101,1268,57.35,,,,,0,False,False,1.518,False,8.13,5.66,20.0,
144.5,27693,572.297,-562.672,-0.009,5.831,30.0,1268,-1,49.5,False,-1,True,True,0.449,0.0,0.0,False,False,0.199,-0.007,27.084,1268,57.35,,,,,0,False,False,1.516,False,7.85,5.72,20.0,
144.55,27694,572.568,-562.533,-0.01,6.201,30.0,1268,-1,49.81,False,-1,True,True,0.0,0.3,0.001,False,False,0.339,-0.006,27.08,1268,57.35,,,,,0,False,False,1.515,False,7.54,5.92,20.0,
144.6,27695,572.845,-562.39,-0.01,6.236,30.0,1268,-1,50.12,False,-1,True,True,0.0,0.3,0.0,False,False,0.387,-0.003,27.081,1268,57.35,,,,,0,False,False,1.514,False,7.23,6.1,20.0,
144.65,27696,573.124,-562.248,-0.01,6.281,30.0,1268,-1,50.43,False,-1,True,True,0.0,0.3,-0.0,False,False,0.356,-0.0,27.082,1268,57.35,,,,,0,False,False,1.513,False,6.92,6.12,20.0,
144.7,27697,573.399,-562.107,-0.009,6.112,30.0,1268,-1,50.74,False,-1,True,True,0.0,0.3,0.0,False,False,0.26,0.002,27.074,1268,57.35,,,,,0,False,False,1.512,False,6.61,6.14,20.0,
144.75,27698,573.668,-561.97,-0.008,6.016,30.0,1268,-1,51.04,False,-1,True,True,0.0,0.3,0.001,False,False,0.149,0.001,27.098,1268,57.35,,,,,0,False,False,1.512,False,6.31,6.06,20.0,
144.8,27699,573.928,-561.836,-0.007,5.775,30.0,1268,-1,51.33,False,-1,True,True,0.0,0.3,-0.002,False,False,0.032,0.005,27.071,1268,57.35,,,,,0,False,False,1.51,False,6.02,6.01,20.0,
144.85,27700,574.181,-561.707,-0.007,5.642,30.0,1268,-1,51.62,False,-1,True,True,0.0,0.3,0.002,False,False,-0.064,0.002,27.099,1268,57.35,,,,,0,False,False,1.511,False,5.73,5.89,20.0,
144.9,27701,574.425,-561.583,-0.006,5.376,30.0,1268,-1,51.89,False,-1,True,True,0.0,0.3,-0.002,False,False,-0.147,0.004,27.072,1268,61.31,,,,,0,False,False,1.509,False,9.41,5.82,20.0,
144.95,27702,574.66,-561.463,-0.005,5.232,30.0,1268,-1,52.16,False,-1,True,True,0.0,0.3,-0.002,False,False,-0.205,0.008,27.09,1268,61.31,,,,,0,False,False,1.51,False,9.15,5.69,20.0,
145.0,27703,574.886,-561.348,-0.005,4.99,30.0,1268,-1,52.41,False,-1,True,True,0.75,0.0,-0.001,False,False,-0.248,0.007,27.051,1268,61.31,,,,,0,False,False,1.508,False,8.9,5.62,20.0,
145.05,27704,575.106,-561.235,-0.005,4.917,30.0,1268,-1,52.66,False,-1,True,True,0.75,0.0,0.004,False,False,-0.25,-0.003,27.05,1268,61.31,,,,,0,False,False,1.507,False,8.65,5.49,20.0,
145.1,27705,575.325,-561.122,-0.005,4.914,30.0,1268,-1,52.9,False,-1,True,True,0.75,0.0,0.001,False,False,-0.209,-0.006,27.059,1268,61.31,,,,,0,False,False,1.506,False,8.4,5.46,20.0,
145.15,27706,575.544,-561.01,-0.006,4.912,30.0,1268,-1,53.15,False,-1,True,True,0.75,0.0,0.0,False,False,-0.149,-0.004,27.065,1268,61.31,,,,,0,False,False,1.506,False,8.16,5.46,20.0,
145.2,27707,575.751,-560.905,-0.006,4.473,30.0,1268,-1,53.38,False,-1,True,True,0.75,0.0,0.0,False,False,-0.187,-0.002,27.068,1268,61.31,,,,,0,False,False,1.505,False,7.92,5.46,20.0,
145.25,27708,575.94,-560.808,-0.005,4.152,30.0,1268,-1,53.59,False,-1,True,True,0.75,0.0,0.0,False,False,-0.278,-0.001,27.07,1268,61.31,,,,,0,False,False,1.505,False,7.71,5.24,20.0,
145.3,27709,576.119,-560.716,-0.004,3.969,30.0,1268,-1,53.79,False,-1,True,True,0.75,0.0,0.0,False,False,-0.33,-0.001,27.073,1268,61.31,,,,,0,False,False,1.504,False,7.51,5.08,20.0,
145.35,27710,576.294,-560.627,-0.004,3.889,30.0,1268,-1,53.99,False,-1,True,True,0.75,0.0,0.0,False,False,-0.322,-0.0,27.074,1268,61.31,,,,,0,False,False,1.504,False,7.31,4.98,20.0,
145.4,27711,576.467,-560.539,-0.005,3.883,30.0,1268,-1,54.19,False,-1,True,True,0.75,0.0,0.0,False,False,-0.265,0.0,27.076,1268,61.31,,,,,0,False,False,1.503,False,7.12,4.94,20.0,
145.45,27712,576.641,-560.449,-0.006,3.922,30.0,1268,-1,54.38,False,-1,True,True,0.75,0.0,0.0,False,False,-0.181,0.0,27.078,1268,61.31,,,,,0,False,False,1.503,False,6.92,4.94,20.0,
145.5,27713,576.818,-560.359,-0.006,3.988,30.0,1268,-1,54.58,False,-1,True,True,0.75,0.0,0.0,False,False,-0.09,0.0,27.079,1268,61.31,,,,,0,False,False,1.502,False,6.72,4.96,20.0,
145.55,27714,576.999,-560.267,-0.007,4.071,30.0,1268,-1,54.78,False,-1,True,True,0.75,0.0,0.0,False,False,-0.004,0.0,27.08,1268,61.31,,,,,0,False,False,1.502,False,6.52,4.99,20.0,
145.6,27715,577.183,-560.172,-0.008,4.164,30.0,1268,-1,54.99,False,-1,True,True,0.75,0.0,0.0,False,False,0.068,0.0,27.081,1268,61.31,,,,,0,False,False,1.501,False,6.32,5.04,20.0,
145.65,27716,577.371,-560.076,-0.008,4.264,30.0,1268,-1,55.2,False,-1,True,True,0.75,0.0,0.0,False,False,0.127,0.0,27.082,1268,61.31,,,,,0,False,False,1.501,False,6.1,5.08,20.0,
145.7,27717,577.564,-559.977,-0.009,4.366,30.0,1268,-1,55.42,False,-1,True,True,0.75,0.0,0.0,False,False,0.171,0.0,27.083,1268,61.31,,,,,0,False,False,1.5,False,5.89,5.13,20.0,
145.75,27718,577.762,-559.876,-0.009,4.471,30.0,1268,-1,55.64,False,-1,True,True,0.75,0.0,0.0,False,False,0.203,0.0,27.083,1268,61.31,,,,,0,False,False,1.5,False,5.67,5.18,20.0,
145.8,27719,577.964,-559.773,-0.009,4.577,30.0,1268,-1,55.87,False,-1,True,True,0.75,0.0,0.0,False,False,0.226,-0.0,27.084,1268,61.31,,,,,0,False,False,1.499,False,5.44,5.24,20.0,
145.85,27720,578.17,-559.667,-0.009,4.682,30.0,1268,-1,56.1,False,-1,True,True,0.75,0.0,-0.0,False,False,0.241,0.0,27.084,1268,61.31,,,,,0,False,False,1.498,False,5.21,5.29,20.0,
145.9,27721,578.382,-559.559,-0.009,4.788,30.0,1268,-1,56.34,False,-1,True,True,0.75,0.0,-0.0,False,False,0.251,0.0,27.084,1268,65.26,,,,,0,False,False,1.498,False,8.92,5.34,20.0,
145.95,27722,578.598,-559.449,-0.009,4.893,30.0,1268,-1,56.58,False,-1,True,True,0.75,0.0,0.0,False,False,0.257,0.0,27.084,1268,65.26,,,,,0,False,False,1.497,False,8.68,5.39,20.0,
146.0,27723,578.818,-559.336,-0.01,4.998,30.0,1268,-1,56.83,False,-1,True,True,0.75,0.0,0.0,False,False,0.261,0.0,27.084,1268,65.26,,,,,0,False,False,1.497,False,8.43,5.45,20.0,
146.05,27724,579.044,-559.221,-0.009,5.102,30.0,1268,-1,57.08,False,-1,True,True,0.75,0.0,-0.0,False,False,0.263,0.0,27.084,1268,65.26,,,,,0,False,False,1.496,False,8.18,5.5,20.0,
146.1,27725,579.274,-559.103,-0.009,5.231,30.0,1268,-1,57.34,False,-1,True,True,0.75,0.0,0.0,False,False,0.265,-0.0,27.084,1268,65.26,,,,,0,False,False,1.495,False,7.92,5.55,20.0,
146.15,27726,579.508,-558.983,-0.009,5.265,30.0,1268,-1,57.6,False,-1,True,True,0.75,0.0,-0.0,False,False,0.259,0.0,27.085,1268,65.26,,,,,0,False,False,1.495,False,7.66,5.62,20.0,
146.2,27727,579.747,-558.861,-0.009,5.43,30.0,1268,-1,57.87,False,-1,True,True,0.75,0.0,0.0,False,False,0.261,0.0,27.076,1268,65.26,,,,,0,False,False,1.494,False,7.39,5.63,20.0,
146.25,27728,579.986,-558.739,-0.009,5.339,30.0,1268,-1,58.14,False,-1,True,True,0.506,0.0,0.001,False,False,0.227,-0.001,27.101,1268,65.26,,,,,0,False,False,1.494,False,7.12,5.72,20.0,
146.3,27729,580.224,-558.617,-0.009,5.378,30.0,1268,-1,58.41,False,-1,True,True,0.75,0.0,-0.002,False,False,0.181,0.003,27.077,1268,65.26,,,,,0,False,False,1.492,False,6.85,5.67,20.0,
146.35,27730,580.461,-558.496,-0.008,5.291,30.0,1268,-1,58.67,False,-1,True,True,0.68,0.0,0.002,False,False,0.132,-0.001,27.112,1268,65.26,,,,,0,False,False,1.493,False,6.59,5.69,20.0,
146.4,27731,580.698,-558.375,-0.008,5.356,30.0,1268,-1,58.94,False,-1,True,True,0.75,0.0,-0.003,False,False,0.105,0.003,27.088,1268,65.26,,,,,0,False,False,1.491,False,6.32,5.65,20.0,
146.45,27732,580.935,-558.254,-0.008,5.298,30.0,1268,-1,59.2,False,-1,True,True,0.75,0.0,0.002,False,False,0.086,-0.0,27.12,1268,65.26,,,,,0,False,False,1.492,False,6.06,5.68,20.0,
146.5,27733,581.173,-558.132,-0.008,5.378,30.0,1268,-1,59.47,False,-1,True,True,0.75,0.0,-0.003,False,False,0.086,0.003,27.093,1268,65.26,,,,,0,False,False,1.49,False,5.79,5.65,20.0,
146.55,27734,581.41,-558.011,-0.008,5.305,30.0,1268,-1,59.74,False,-1,True,True,0.663,0.0,0.002,False,False,0.076,-0.001,27.12,1268,65.26,,,,,0,False,False,1.491,False,5.52,5.69,20.0,
146.6,27735,581.649,-557.889,-0.008,5.416,30.0,1268,-1,60.01,False,-1,True,True,0.75,0.0,-0.003,False,False,0.08,0.002,27.093,1268,69.21,,,,,0,False,False,1.489,False,9.21,5.65,20.0,
146.65,27736,581.902,-557.759,-0.009,5.819,30.0,1268,-1,60.29,False,-1,True,True,0.523,0.0,0.002,False,False,0.197,-0.002,27.066,1268,69.21,,,,,0,False,False,1.487,False,8.93,5.71,20.0,
146.7,27737,582.173,-557.62,-0.01,6.21,30.0,1268,-1,60.59,False,-1,True,True,0.0,0.3,0.002,False,False,0.345,-0.007,27.064,1268,69.21,,,,,0,False,False,1.486,False,8.62,5.91,20.0,
146.75,27738,582.452,-557.477,-0.011,6.266,30.0,1268,-1,60.91,False,-1,True,True,0.0,0.3,0.001,False,False,0.401,-0.006,27.069,1268,69.21,,,,,0,False,False,1.485,False,8.31,6.1,20.0,
146.8,27739,582.733,-557.334,-0.01,6.326,30.0,1268,-1,61.22,False,-1,True,True,0.0,0.3,0.0,False,False,0.376,-0.002,27.072,1268,69.21,,,,,0,False,False,1.484,False,7.99,6.13,20.0,
146.85,27740,583.009,-557.192,-0.01,6.166,30.0,1268,-1,61.53,False,-1,True,True,0.0,0.3,0.0,False,False,0.283,0.001,27.065,1268,69.21,,,,,0,False,False,1.483,False,7.68,6.16,20.0,
146.9,27741,583.281,-557.054,-0.009,6.074,30.0,1268,-1,61.84,False,-1,True,True,0.0,0.3,0.001,False,False,0.17,0.0,27.09,1268,69.21,,,,,0,False,False,1.484,False,7.38,6.08,20.0,
146.95,27742,583.544,-556.919,-0.008,5.836,30.0,1268,-1,62.13,False,-1,True,True,0.0,0.3,-0.002,False,False,0.049,0.004,27.064,1268,69.21,,,,,0,False,False,1.482,False,7.08,6.04,20.0,
147.0,27743,583.8,-556.789,-0.007,5.703,30.0,1268,-1,62.42,False,-1,True,True,0.0,0.3,0.002,False,False,-0.05,0.001,27.092,1268,69.21,,,,,0,False,False,1.482,False,6.79,5.92,20.0,
147.05,27744,584.046,-556.663,-0.006,5.438,30.0,1268,-1,62.7,False,-1,True,True,0.0,0.3,-0.002,False,False,-0.136,0.004,27.066,1268,69.21,,,,,0,False,False,1.481,False,6.52,5.85,20.0,
147.1,27745,584.284,-556.541,-0.005,5.328,30.0,1268,-1,62.97,False,-1,True,True,0.39,0.0,0.002,False,False,-0.191,-0.0,27.095,1268,69.21,,,,,0,False,False,1.481,False,6.25,5.72,20.0,
147.15,27746,584.516,-556.422,-0.005,5.128,30.0,1268,-1,63.23,False,-1,True,True,0.75,0.0,-0.002,False,False,-0.219,0.001,27.061,1268,69.21,,,,,0,False,False,1.479,False,5.99,5.66,20.0,
147.2,27747,584.743,-556.306,-0.005,5.093,30.0,1268,-1,63.48,False,-1,True,True,0.75,0.0,0.003,False,False,-0.213,-0.003,27.085,1268,69.21,,,,,0,False,False,1.479,False,5.73,5.56,20.0,
147.25,27748,584.968,-556.191,-0.005,5.019,30.0,1268,-1,63.73,False,-1,True,True,0.75,0.0,-0.002,False,False,-0.178,-0.001,27.043,1268,69.21,,,,,0,False,False,1.477,False,5.48,5.55,20.0,
147.3,27749,585.194,-556.075,-0.006,5.089,30.0,1268,-1,63.99,False,-1,True,True,0.75,0.0,0.004,False,False,-0.119,-0.005,27.073,1268,73.17,,,,,0,False,False,1.477,False,9.18,5.51,20.0,
147.35,27750,585.411,-555.964,-0.006,4.721,30.0,1268,-1,64.23,False,-1,True,True,0.75,0.0,-0.002,False,False,-0.137,-0.001,27.064,1268,73.17,,,,,0,False,False,1.476,False,8.94,5.54,20.0,
147.4,27751,585.612,-555.861,-0.005,4.427,30.0,1268,-1,64.46,False,-1,True,True,0.75,0.0,0.001,False,False,-0.22,-0.0,27.074,1268,73.17,,,,,0,False,False,1.476,False,8.71,5.36,20.0,
147.45,27752,585.804,-555.763,-0.005,4.26,30.0,1268,-1,64.67,False,-1,True,True,0.75,0.0,-0.0,False,False,-0.271,0.001,27.076,1268,73.17,,,,,0,False,False,1.476,False,8.5,5.21,20.0,
147.5,27753,585.991,-555.667,-0.005,4.191,30.0,1268,-1,64.88,False,-1,True,True,0.75,0.0,0.0,False,False,-0.268,0.002,27.076,1268,73.17,,,,,0,False,False,1.475,False,8.29,5.13,20.0,
147.55,27754,586.178,-555.572,-0.005,4.188,30.0,1268,-1,65.09,False,-1,True,True,0.75,0.0,0.0,False,False,-0.22,0.001,27.077,1268,73.17,,,,,0,False,False,1.475,False,8.08,5.1,20.0,
147.6,27755,586.366,-555.476,-0.006,4.227,30.0,1268,-1,65.3,False,-1,True,True,0.75,0.0,0.0,False,False,-0.146,0.001,27.078,1268,73.17,,,,,0,False,False,1.474,False,7.87,5.09,20.0,
147.65,27756,586.557,-555.379,-0.007,4.291,30.0,1268,-1,65.52,False,-1,True,True,0.75,0.0,0.0,False,False,-0.065,0.001,27.078,1268,73.17,,,,,0,False,False,1.474,False,7.65,5.11,20.0,
147.7,27757,586.75,-555.279,-0.007,4.372,30.0,1268,-1,65.74,False,-1,True,True,0.75,0.0,0.0,False,False,0.011,0.0,27.079,1268,73.17,,,,,0,False,False,1.473,False,7.43,5.15,20.0,
147.75,27758,586.948,-555.178,-0.008,4.462,30.0,1268,-1,65.96,False,-1,True,True,0.75,0.0,0.0,False,False,0.077,0.0,27.079,1268,73.17,,,,,0,False,False,1.472,False,7.21,5.19,20.0,
147.8,27759,587.149,-555.075,-0.008,4.559,30.0,1268,-1,66.18,False,-1,True,True,0.75,0.0,-0.0,False,False,0.131,0.0,27.079,1268,73.17,,,,,0,False,False,1.472,False,6.99,5.23,20.0,
147.85,27760,587.355,-554.97,-0.009,4.659,30.0,1268,-1,66.42,False,-1,True,True,0.75,0.0,0.0,False,False,0.172,0.0,27.079,1268,73.17,,,,,0,False,False,1.471,False,6.75,5.28,20.0,
147.9,27761,587.566,-554.862,-0.009,4.761,30.0,1268,-1,66.65,False,-1,True,True,0.75,0.0,0.0,False,False,0.202,0.0,27.08,1268,73.17,,,,,0,False,False,1.471,False,6.52,5.33,20.0,
147.95,27762,587.781,-554.753,-0.009,4.864,30.0,1268,-1,66.89,False,-1,True,True,0.75,0.0,0.0,False,False,0.223,-0.0,27.08,1268,73.17,,,,,0,False,False,1.47,False,6.28,5.38,20.0,
148.0,27763,588.0,-554.64,-0.009,4.968,30.0,1268,-1,67.14,False,-1,True,True,0.75,0.0,0.0,False,False,0.238,-0.0,27.08,1268,73.17,,,,,0,False,False,1.469,False,6.03,5.43,20.0,
148.05,27764,588.224,-554.526,-0.009,5.071,30.0,1268,-1,67.39,False,-1,True,True,0.75,0.0,-0.0,False,False,0.248,0.0,27.08,1268,73.17,,,,,0,False,False,1.469,False,5.78,5.48,20.0,
148.1,27765,588.453,-554.409,-0.009,5.156,30.0,1268,-1,67.65,False,-1,True,True,0.75,0.0,-0.0,False,False,0.253,0.0,27.08,1268,73.17,,,,,0,False,False,1.468,False,5.52,5.54,20.0,
148.15,27766,588.686,-554.29,-0.009,5.31,30.0,1268,-1,67.91,False,-1,True,True,0.75,0.0,0.0,False,False,0.258,-0.0,27.081,1268,77.12,,,,,0,False,False,1.467,False,9.22,5.58,20.0,
148.2,27767,588.923,-554.169,-0.009,5.338,30.0,1268,-1,68.18,False,-1,True,True,0.75,0.0,-0.0,False,False,0.255,-0.0,27.081,1268,77.12,,,,,0,False,False,1.467,False,8.95,5.65,20.0,
148.25,27768,589.165,-554.045,-0.009,5.512,30.0,1268,-1,68.45,False,-1,True,True,0.75,0.0,0.0,False,False,0.26,-0.0,27.079,1268,77.12,,,,,0,False,False,1.466,False,8.68,5.67,20.0,
148.3,27769,589.41,-553.92,-0.009,5.461,30.0,1268,-1,68.72,False,-1,True,True,0.204,0.0,0.0,False,False,0.241,-0.001,27.095,1268,77.12,,,,,0,False,False,1.466,False,8.4,5.76,20.0,
148.35,27770,589.653,-553.795,-0.009,5.477,30.0,1268,-1,69.0,False,-1,True,True,0.381,0.0,-0.002,False,False,0.195,0.002,27.07,1268,77.12,,,,,0,False,False,1.464,False,8.13,5.73,20.0,
148.4,27771,589.893,-553.673,-0.008,5.343,30.0,1268,-1,69.26,False,-1,True,True,0.315,0.0,0.002,False,False,0.13,-0.001,27.106,1268,77.12,,,,,0,False,False,1.465,False,7.86,5.74,20.0,
148.45,27772,590.13,-553.552,-0.008,5.334,30.0,1268,-1,69.53,False,-1,True,True,0.75,0.0,-0.003,False,False,0.075,0.003,27.083,1268,77.12,,,,,0,False,False,1.463,False,7.59,5.67,20.0,
148.5,27773,590.363,-553.433,-0.007,5.2,30.0,1268,-1,69.79,False,-1,True,True,0.75,0.0,0.002,False,False,0.026,-0.0,27.118,1268,77.12,,,,,0,False,False,1.464,False,7.33,5.67,20.0,
148.55,27774,590.595,-553.314,-0.007,5.225,30.0,1268,-1,70.05,False,-1,True,True,0.75,0.0,-0.003,False,False,0.003,0.003,27.093,1268,77.12,,,,,0,False,False,1.463,False,7.07,5.6,20.0,
148.6,27775,590.825,-553.197,-0.007,5.132,30.0,1268,-1,70.31,False,-1,True,True,0.75,0.0,0.001,False,False,-0.009,-0.0,27.127,1268,77.12,,,,,0,False,False,1.463,False,6.81,5.61,20.0,
148.65,27776,591.056,-553.079,-0.007,5.197,30.0,1268,-1,70.57,False,-1,True,True,0.75,0.0,-0.004,False,False,0.001,0.003,27.101,1268,77.12,,,,,0,False,False,1.462,False,6.55,5.57,20.0,
148.7,27777,591.286,-552.962,-0.007,5.136,30.0,1268,-1,70.83,False,-1,True,True,0.75,0.0,0.001,False,False,0.013,-0.001,27.133,1268,77.12,,,,,0,False,False,1.463,False,6.3,5.6,20.0,
148.75,27778,591.517,-552.843,-0.007,5.235,30.0,1268,-1,71.09,False,-1,True,True,0.75,0.0,-0.004,False,False,0.039,0.002,27.106,1268,77.12,,,,,0,False,False,1.461,False,6.04,5.57,20.0,
148.8,27779,591.749,-552.725,-0.008,5.172,30.0,1268,-1,71.35,False,-1,True,True,0.75,0.0,0.001,False,False,0.054,-0.002,27.133,1268,77.12,,,,,0,False,False,1.461,False,5.78,5.62,20.0,
148.85,27780,591.981,-552.606,-0.008,5.241,30.0,1268,-1,71.61,False,-1,True,True,0.75,0.0,-0.003,False,False,0.065,0.001,27.1,1268,77.12,,,,,0,False,False,1.46,False,5.52,5.59,20.0,
148.9,27781,592.214,-552.487,-0.008,5.322,30.0,1268,-1,71.87,False,-1,True,True,0.75,0.0,0.001,False,False,0.082,-0.003,27.098,1268,81.08,,,,,0,False,False,1.459,False,9.21,5.62,20.0,
148.95,27782,592.467,-552.357,-0.009,5.869,30.0,1268,-1,72.16,False,-1,True,True,0.75,0.0,-0.0,False,False,0.237,-0.003,27.072,1268,81.08,,,,,0,False,False,1.457,False,8.92,5.66,20.0,
149.0,27783,592.738,-552.219,-0.01,6.148,30.0,1268,-1,72.46,False,-1,True,True,0.0,0.3,0.002,False,False,0.387,-0.006,27.068,1268,81.08,,,,,0,False,False,1.456,False,8.62,5.93,20.0,
149.05,27784,593.019,-552.074,-0.011,6.398,30.0,1268,-1,72.78,False,-1,True,True,0.0,0.3,0.001,False,False,0.464,-0.005,27.072,1268,81.08,,,,,0,False,False,1.455,False,8.3,6.07,20.0,
149.1,27785,593.303,-551.929,-0.011,6.363,30.0,1268,-1,73.1,False,-1,True,True,0.0,0.3,0.0,False,False,0.438,-0.002,27.075,1268,81.08,,,,,0,False,False,1.454,False,7.99,6.2,20.0,
149.15,27786,593.586,-551.785,-0.01,6.355,30.0,1268,-1,73.41,False,-1,True,True,0.0,0.3,0.0,False,False,0.353,0.0,27.076,1268,81.08,,,,,0,False,False,1.453,False,7.67,6.18,20.0,
149.2,27787,593.863,-551.643,-0.009,6.159,30.0,1268,-1,73.72,False,-1,True,True,0.0,0.3,0.0,False,False,0.228,0.002,27.068,1268,81.08,,,,,0,False,False,1.452,False,7.36,6.18,20.0,
149.25,27788,594.133,-551.505,-0.008,6.047,30.0,1268,-1,74.03,False,-1,True,True,0.0,0.3,0.001,False,False,0.105,0.0,27.093,1268,81.08,,,,,0,False,False,1.452,False,7.05,6.08,20.0,
149.3,27789,594.394,-551.371,-0.007,5.796,30.0,1268,-1,74.32,False,-1,True,True,0.0,0.3,-0.002,False,False,-0.012,0.004,27.067,1268,81.08,,,,,0,False,False,1.451,False,6.76,6.02,20.0,
149.35,27790,594.648,-551.242,-0.006,5.655,30.0,1268,-1,74.61,False,-1,True,True,0.0,0.3,0.002,False,False,-0.102,0.001,27.095,1268,81.08,,,,,0,False,False,1.451,False,6.48,5.9,20.0,
149.4,27791,594.892,-551.117,-0.005,5.383,30.0,1268,-1,74.88,False,-1,True,True,0.0,0.3,-0.002,False,False,-0.179,0.003,27.068,1268,81.08,,,,,0,False,False,1.449,False,6.2,5.83,20.0,
149.45,27792,595.128,-550.996,-0.005,5.27,30.0,1268,-1,75.14,False,-1,True,True,0.578,0.0,0.002,False,False,-0.225,-0.0,27.096,1268,81.08,,,,,0,False,False,1.45,False,5.94,5.69,20.0,
149.5,27793,595.357,-550.879,-0.005,5.087,30.0,1268,-1,75.4,False,-1,True,True,0.75,0.0,-0.002,False,False,-0.242,0.001,27.058,1268,81.08,,,,,0,False,False,1.448,False,5.68,5.64,20.0,
149.55,27794,595.586,-550.762,-0.005,5.158,30.0,1268,-1,75.66,False,-1,True,True,0.75,0.0,0.003,False,False,-0.198,-0.004,27.077,1268,81.08,,,,,0,False,False,1.448,False,5.42,5.54,20.0,
149.6,27795,595.814,-550.645,-0.006,5.083,30.0,1268,-1,75.92,False,-1,True,True,0.75,0.0,0.003,False,False,-0.142,-0.009,27.058,1268,85.04,,,,,0,False,False,1.446,False,9.12,5.58,20.0,
149.65,27796,596.028,-550.535,-0.005,4.655,30.0,1268,-1,76.16,False,-1,True,True,0.75,0.0,0.002,False,False,-0.193,-0.008,27.13,1268,85.04,,,,,0,False,False,1.448,False,8.88,5.54,20.0,
149.7,27797,596.226,-550.435,-0.005,4.33,30.0,1268,-1,76.38,False,-1,True,True,0.75,0.0,-0.007,False,False,-0.289,0.004,27.147,1268,85.04,,,,,0,False,False,1.448,False,8.66,5.33,20.0,
149.75,27798,596.413,-550.339,-0.004,4.141,30.0,1268,-1,76.59,False,-1,True,True,0.75,0.0,-0.003,False,False,-0.342,0.008,27.136,1268,85.04,,,,,0,False,False,1.447,False,8.45,5.17,20.0,
149.8,27799,596.595,-550.246,-0.004,4.056,30.0,1268,-1,76.79,False,-1,True,True,0.75,0.0,-0.001,False,False,-0.335,0.005,27.127,1268,85.04,,,,,0,False,False,1.447,False,8.24,5.07,20.0,
149.85,27800,596.775,-550.154,-0.005,4.044,30.0,1268,-1,76.99,False,-1,True,True,0.75,0.0,-0.001,False,False,-0.277,0.002,27.122,1268,85.04,,,,,0,False,False,1.446,False,8.04,5.03,20.0,
149.9,27801,596.957,-550.061,-0.006,4.079,30.0,1268,-1,77.2,False,-1,True,True,0.75,0.0,-0.001,False,False,-0.193,0.001,27.117,1268,85.04,,,,,0,False,False,1.445,False,7.84,5.02,20.0,
149.95,27802,597.141,-549.967,-0.006,4.142,30.0,1268,-1,77.4,False,-1,True,True,0.75,0.0,-0.001,False,False,-0.101,0.0,27.113,1268,85.04,,,,,0,False,False,1.444,False,7.63,5.04,20.0,
150.0,27803,597.328,-549.872,-0.007,4.222,30.0,1268,-1,77.62,False,-1,True,True,0.75,0.0,-0.001,False,False,-0.014,-0.0,27.109,1268,85.04,,,,,0,False,False,1.444,False,7.42,5.07,20.0,
150.05,27804,597.518,-549.774,-0.008,4.313,30.0,1268,-1,77.83,False,-1,True,True,0.75,0.0,-0.001,False,False,0.06,-0.0,27.105,1268,85.04,,,,,0,False,False,1.443,False,7.21,5.11,20.0,
150.1,27805,597.714,-549.674,-0.008,4.41,30.0,1268,-1,78.05,False,-1,True,True,0.75,0.0,-0.0,False,False,0.12,-0.0,27.102,1268,85.04,,,,,0,False,False,1.442,False,6.99,5.16,20.0,
150.15,27806,597.913,-549.572,-0.009,4.511,30.0,1268,-1,78.27,False,-1,True,True,0.75,0.0,-0.0,False,False,0.165,-0.0,27.099,1268,85.04,,,,,0,False,False,1.442,False,6.76,5.2,20.0,
150.2,27807,598.117,-549.468,-0.009,4.614,30.0,1268,-1,78.5,False,-1,True,True,0.75,0.0,-0.0,False,False,0.198,-0.0,27.097,1268,85.04,,,,,0,False,False,1.441,False,6.53,5.26,20.0,
150.25,27808,598.325,-549.361,-0.009,4.719,30.0,1268,-1,78.74,False,-1,True,True,0.75,0.0,-0.0,False,False,0.222,-0.0,27.095,1268,85.04,,,,,0,False,False,1.44,False,6.3,5.31,20.0,
150.3,27809,598.538,-549.252,-0.009,4.823,30.0,1268,-1,78.97,False,-1,True,True,0.75,0.0,-0.0,False,False,0.238,-0.0,27.093,1268,85.04,,,,,0,False,False,1.44,False,6.06,5.36,20.0,
150.35,27810,598.756,-549.141,-0.009,4.928,30.0,1268,-1,79.22,False,-1,True,True,0.75,0.0,-0.0,False,False,0.248,-0.0,27.092,1268,85.04,,,,,0,False,False,1.439,False,5.82,5.41,20.0,
150.4,27811,598.978,-549.028,-0.009,5.032,30.0,1268,-1,79.47,False,-1,True,True,0.75,0.0,-0.0,False,False,0.255,-0.0,27.091,1268,85.04,,,,,0,False,False,1.438,False,5.57,5.46,20.0,
150.45,27812,599.205,-548.912,-0.009,5.133,30.0,1268,-1,79.72,False,-1,True,True,0.75,0.0,-0.0,False,False,0.259,-0.0,27.09,1268,85.04,,,,,0,False,False,1.437,False,5.31,5.52,20.0,
150.5,27813,599.436,-548.793,-0.009,5.271,30.0,1268,-1,79.98,False,-1,True,True,0.75,0.0,-0.0,False,False,0.262,0.0,27.088,1268,88.99,,,,,0,False,False,1.437,False,9.01,5.57,20.0,
150.55,27814,599.672,-548.673,-0.009,5.296,30.0,1268,-1,80.25,False,-1,True,True,0.75,0.0,-0.0,False,False,0.257,0.0,27.092,1268,88.99,,,,,0,False,False,1.436,False,8.74,5.64,20.0,
150.6,27815,599.91,-548.551,-0.009,5.377,30.0,1268,-1,80.52,False,-1,True,True,0.75,0.0,-0.001,False,False,0.241,0.001,27.072,1268,88.99,,,,,0,False,False,1.435,False,8.48,5.65,20.0,
150.65,27816,600.147,-548.43,-0.009,5.291,30.0,1268,-1,80.78,False,-1,True,True,0.695,0.0,0.002,False,False,0.194,-0.002,27.106,1268,88.99,,,,,0,False,False,1.435,False,8.21,5.69,20.0,
150.7,27817,600.383,-548.309,-0.008,5.358,30.0,1268,-1,81.05,False,-1,True,True,0.75,0.0,-0.003,False,False,0.157,0.003,27.082,1268,88.99,,,,,0,False,False,1.434,False,7.94,5.65,20.0,
150.75,27818,600.62,-548.188,-0.008,5.302,30.0,1268,-1,81.31,False,-1,True,True,0.748,0.0,0.002,False,False,0.126,-0.0,27.115,1268,88.99,,,,,0,False,False,1.434,False,7.68,5.68,20.0,
150.8,27819,600.859,-548.066,-0.008,5.383,30.0,1268,-1,81.58,False,-1,True,True,0.75,0.0,-0.003,False,False,0.115,0.003,27.088,1268,88.99,,,,,0,False,False,1.433,False,7.41,5.65,20.0,
150.85,27820,601.096,-547.945,-0.008,5.31,30.0,1268,-1,81.85,False,-1,True,True,0.65,0.0,0.002,False,False,0.097,-0.001,27.115,1268,88.99,,,,,0,False,False,1.433,False,7.14,5.69,20.0,
150.9,27821,601.335,-547.823,-0.008,5.421,30.0,1268,-1,82.12,False,-1,True,True,0.75,0.0,-0.003,False,False,0.093,0.002,27.089,1268,88.99,,,,,0,False,False,1.432,False,6.88,5.66,20.0,
150.95,27822,601.588,-547.693,-0.009,5.826,30.0,1268,-1,82.4,False,-1,True,True,0.505,0.0,0.002,False,False,0.206,-0.002,27.064,1268,88.99,,,,,0,False,False,1.43,False,6.59,5.71,20.0,
151.0,27823,601.86,-547.554,-0.01,6.215,30.0,1268,-1,82.71,False,-1,True,True,0.0,0.3,0.002,False,False,0.35,-0.006,27.062,1268,88.99,,,,,0,False,False,1.429,False,6.29,5.91,20.0,
151.05,27824,602.139,-547.411,-0.011,6.269,30.0,1268,-1,83.02,False,-1,True,True,0.0,0.3,0.001,False,False,0.404,-0.005,27.067,1268,88.99,,,,,0,False,False,1.428,False,5.97,6.11,20.0,
151.1,27825,602.419,-547.267,-0.01,6.327,30.0,1268,-1,83.33,False,-1,True,True,0.0,0.3,0.0,False,False,0.376,-0.002,27.07,1268,92.95,,,,,0,False,False,1.427,False,9.61,6.13,20.0,
151.15,27826,602.696,-547.126,-0.01,6.166,30.0,1268,-1,83.65,False,-1,True,True,0.0,0.3,0.0,False,False,0.282,0.001,27.063,1268,92.95,,,,,0,False,False,1.426,False,9.3,6.16,20.0,
151.2,27827,602.968,-546.987,-0.009,6.073,30.0,1268,-1,83.95,False,-1,True,True,0.0,0.3,0.001,False,False,0.168,0.0,27.088,1268,92.95,,,,,0,False,False,1.426,False,9.0,6.08,20.0,
151.25,27828,603.231,-546.853,-0.007,5.834,30.0,1268,-1,84.25,False,-1,True,True,0.0,0.3,-0.002,False,False,0.048,0.004,27.063,1268,92.95,,,,,0,False,False,1.425,False,8.7,6.04,20.0,
151.3,27829,603.486,-546.722,-0.007,5.701,30.0,1268,-1,84.53,False,-1,True,True,0.0,0.3,0.002,False,False,-0.051,0.001,27.091,1268,92.95,,,,,0,False,False,1.425,False,8.41,5.92,20.0,
151.35,27830,603.732,-546.596,-0.006,5.436,30.0,1268,-1,84.81,False,-1,True,True,0.0,0.3,-0.002,False,False,-0.137,0.004,27.064,1268,92.95,,,,,0,False,False,1.423,False,8.14,5.85,20.0,
151.4,27831,603.971,-546.474,-0.005,5.326,30.0,1268,-1,85.08,False,-1,True,True,0.397,0.0,0.002,False,False,-0.192,0.0,27.092,1268,92.95,,,,,0,False,False,1.424,False,7.87,5.72,20.0,
151.45,27832,604.202,-546.356,-0.005,5.126,30.0,1268,-1,85.34,False,-1,True,True,0.75,0.0,-0.002,False,False,-0.22,0.001,27.058,1268,92.95,,,,,0,False,False,1.422,False,7.61,5.66,20.0,
151.5,27833,604.429,-546.24,-0.005,5.091,30.0,1268,-1,85.59,False,-1,True,True,0.75,0.0,0.003,False,False,-0.214,-0.003,27.083,1268,92.95,,,,,0,False,False,1.422,False,7.35,5.56,20.0,
151.55,27834,604.654,-546.125,-0.005,5.017,30.0,1268,-1,85.84,False,-1,True,True,0.75,0.0,-0.002,False,False,-0.178,-0.001,27.04,1268,92.95,,,,,0,False,False,1.419,False,7.1,5.55,20.0,
151.6,27835,604.88,-546.009,-0.006,5.087,30.0,1268,-1,86.1,False,-1,True,True,0.75,0.0,0.004,False,False,-0.119,-0.005,27.071,1268,92.95,,,,,0,False,False,1.42,False,6.85,5.51,20.0,
151.65,27836,605.097,-545.898,-0.006,4.719,30.0,1268,-1,86.34,False,-1,True,True,0.75,0.0,-0.002,False,False,-0.137,-0.001,27.062,1268,92.95,,,,,0,False,False,1.418,False,6.6,5.54,20.0,
151.7,27837,605.298,-545.795,-0.005,4.425,30.0,1268,-1,86.57,False,-1,True,True,0.75,0.0,0.001,False,False,-0.22,-0.0,27.071,1268,92.95,,,,,0,False,False,1.418,False,6.38,5.36,20.0,
151.75,27838,605.49,-545.697,-0.005,4.258,30.0,1268,-1,86.78,False,-1,True,True,0.75,0.0,-0.0,False,False,-0.271,0.001,27.074,1268,92.95,,,,,0,False,False,1.418,False,6.16,5.21,20.0,
151.8,27839,605.677,-545.602,-0.005,4.189,30.0,1268,-1,86.99,False,-1,True,True,0.75,0.0,-0.0,False,False,-0.268,0.002,27.074,1268,92.95,,,,,0,False,False,1.417,False,5.95,5.13,20.0,
151.85,27840,605.864,-545.506,-0.005,4.186,30.0,1268,-1,87.2,False,-1,True,True,0.75,0.0,0.0,False,False,-0.22,0.001,27.075,1268,92.95,,,,,0,False,False,1.416,False,5.74,5.09,20.0,
151.9,27841,606.052,-545.41,-0.006,4.225,30.0,1268,-1,87.41,False,-1,True,True,0.75,0.0,0.0,False,False,-0.146,0.001,27.075,1268,92.95,,,,,0,False,False,1.415,False,5.53,5.09,20.0,
151.95,27842,606.242,-545.313,-0.007,4.29,30.0,1268,-1,87.63,False,-1,True,True,0.75,0.0,0.0,False,False,-0.065,0.001,27.076,1268,92.95,,,,,0,False,False,1.415,False,5.32,5.11,20.0,
152.0,27843,606.436,-545.214,-0.007,4.37,30.0,1268,-1,87.84,False,-1,True,True,0.75,0.0,0.0,False,False,0.011,0.0,27.077,1268,92.95,,,,,0,False,False,1.414,False,5.1,5.14,20.0,
152.05,27844,606.633,-545.113,-0.008,4.461,30.0,1268,-1,88.07,False,-1,True,True,0.75,0.0,0.0,False,False,0.077,0.0,27.077,1268,96.9,,,,,0,False,False,1.413,False,8.83,5.19,20.0,
152.1,27845,606.835,-545.01,-0.008,4.557,30.0,1268,-1,88.29,False,-1,True,True,0.75,0.0,0.0,False,False,0.131,0.0,27.078,1268,96.9,,,,,0,False,False,1.412,False,8.61,5.23,20.0,
152.15,27846,607.04,-544.904,-0.009,4.657,30.0,1268,-1,88.52,False,-1,True,True,0.75,0.0,0.0,False,False,0.172,0.0,27.078,1268,96.9,,,,,0,False,False,1.411,False,8.38,5.28,20.0,
152.2,27847,607.251,-544.797,-0.009,4.759,30.0,1268,-1,88.76,False,-1,True,True,0.75,0.0,0.0,False,False,0.202,0.0,27.079,1268,96.9,,,,,0,False,False,1.411,False,8.14,5.33,20.0,
152.25,27848,607.466,-544.687,-0.009,4.863,30.0,1268,-1,89.0,False,-1,True,True,0.75,0.0,0.0,False,False,0.223,0.0,27.079,1268,96.9,,,,,0,False,False,1.41,False,7.9,5.38,20.0,
152.3,27849,607.685,-544.575,-0.009,4.966,30.0,1268,-1,89.25,False,-1,True,True,0.75,0.0,0.0,False,False,0.238,0.0,27.079,1268,96.9,,,,,0,False,False,1.409,False,7.65,5.43,20.0,
152.35,27850,607.909,-544.46,-0.009,5.07,30.0,1268,-1,89.5,False,-1,True,True,0.75,0.0,0.0,False,False,0.248,0.0,27.079,1268,96.9,,,,,0,False,False,1.408,False,7.4,5.48,20.0,
152.4,27851,608.137,-544.344,-0.009,5.154,30.0,1268,-1,89.76,False,-1,True,True,0.75,0.0,0.0,False,False,0.253,0.0,27.08,1268,96.9,,,,,0,False,False,1.407,False,7.14,5.53,20.0,
152.45,27852,608.37,-544.224,-0.009,5.308,30.0,1268,-1,90.02,False,-1,True,True,0.75,0.0,0.0,False,False,0.258,-0.0,27.08,1268,96.9,,,,,0,False,False,1.405,False,6.88,5.58,20.0,
152.5,27853,608.607,-544.103,-0.009,5.336,30.0,1268,-1,90.28,False,-1,True,True,0.75,0.0,-0.0,False,False,0.255,0.0,27.08,1268,96.9,,,,,0,False,False,1.404,False,6.62,5.65,20.0,
152.55,27854,608.85,-543.979,-0.009,5.501,30.0,1268,-1,90.56,False,-1,True,True,0.75,0.0,0.0,False,False,0.258,0.0,27.072,1268,96.9,,,,,0,False,False,1.403,False,6.34,5.67,20.0,
152.6,27855,609.092,-543.856,-0.009,5.413,30.0,1268,-1,90.83,False,-1,True,True,0.246,0.0,0.001,False,False,0.227,-0.001,27.096,1268,96.9,,,,,0,False,False,1.403,False,6.07,5.75,20.0,
152.65,27856,609.333,-543.732,-0.009,5.435,30.0,1268,-1,91.1,False,-1,True,True,0.552,0.0,-0.002,False,False,0.178,0.003,27.072,1268,96.9,,,,,0,False,False,1.401,False,5.8,5.71,20.0,
152.7,27857,609.572,-543.61,-0.008,5.316,30.0,1268,-1,91.37,False,-1,True,True,0.466,0.0,0.002,False,False,0.119,-0.001,27.107,1268,96.9,,,,,0,False,False,1.401,False,5.53,5.72,20.0,
152.75,27858,609.808,-543.489,-0.008,5.332,30.0,1268,-1,91.63,False,-1,True,True,0.75,0.0,-0.004,False,False,0.076,0.004,27.082,1268,100.86,,,,,0,False,False,1.399,False,9.23,5.66,20.0,
152.8,27859,610.043,-543.37,-0.007,5.228,30.0,1268,-1,91.9,False,-1,True,True,0.75,0.0,0.002,False,False,0.041,0.001,27.116,1268,100.86,,,,,0,False,False,1.399,False,8.97,5.67,20.0,
152.85,27860,610.277,-543.25,-0.007,5.282,30.0,1268,-1,92.16,False,-1,True,True,0.75,0.0,-0.003,False,False,0.03,0.004,27.09,1268,100.86,,,,,0,False,False,1.397,False,8.7,5.61,20.0,
152.9,27861,610.51,-543.131,-0.007,5.214,30.0,1268,-1,92.42,False,-1,True,True,0.75,0.0,0.001,False,False,0.027,-0.0,27.122,1268,100.86,,,,,0,False,False,1.397,False,8.44,5.64,20.0,
152.95,27862,610.745,-543.011,-0.007,5.302,30.0,1268,-1,92.68,False,-1,True,True,0.75,0.0,-0.003,False,False,0.042,0.003,27.095,1268,100.86,,,,,0,False,False,1.395,False,8.18,5.61,20.0,
153.0,27863,610.98,-542.892,-0.008,5.246,30.0,1268,-1,92.95,False,-1,True,True,0.75,0.0,0.001,False,False,0.053,-0.001,27.127,1268,100.86,,,,,0,False,False,1.395,False,7.91,5.65,20.0,
153.05,27864,611.215,-542.771,-0.008,5.314,30.0,1268,-1,93.21,False,-1,True,True,0.75,0.0,-0.003,False,False,0.064,0.002,27.097,1268,100.86,,,,,0,False,False,1.393,False,7.65,5.62,20.0,
153.1,27865,611.45,-542.651,-0.008,5.284,30.0,1268,-1,93.48,False,-1,True,True,0.75,0.0,0.002,False,False,0.066,-0.002,27.118,1268,100.86,,,,,0,False,False,1.393,False,7.39,5.66,20.0,
153.15,27866,611.702,-542.523,-0.009,5.848,30.0,1268,-1,93.76,False,-1,True,True,0.75,0.0,-0.002,False,False,0.199,0.0,27.14,1268,100.86,,,,,0,False,False,1.392,False,7.1,5.64,20.0,
153.2,27867,611.972,-542.385,-0.01,6.137,30.0,1268,-1,94.06,False,-1,True,True,0.0,0.3,-0.003,False,False,0.353,0.004,27.136,1268,100.86,,,,,0,False,False,1.391,False,6.8,5.92,20.0,
153.25,27868,612.254,-542.241,-0.011,6.395,30.0,1268,-1,94.38,False,-1,True,True,0.0,0.3,-0.001,False,False,0.44,0.003,27.126,1268,100.86,,,,,0,False,False,1.39,False,6.48,6.07,20.0,
153.3,27869,612.538,-542.096,-0.011,6.366,30.0,1268,-1,94.7,False,-1,True,True,0.0,0.3,-0.0,False,False,0.425,-0.001,27.119,1268,100.86,,,,,0,False,False,1.388,False,6.16,6.2,20.0,
153.35,27870,612.822,-541.953,-0.01,6.362,30.0,1268,-1,95.02,False,-1,True,True,0.0,0.3,-0.024,False,False,0.347,0.044,27.035,1268,104.81,,,,,0,False,False,1.385,False,9.81,6.18,20.0,
153.4,27871,613.099,-541.812,-0.009,6.165,30.0,1268,-1,95.33,False,-1,True,True,0.0,0.3,0.001,False,False,0.226,0.034,26.964,1268,104.81,,,,,0,False,False,1.383,False,9.5,6.18,20.0,
153.45,27872,613.371,-541.674,-0.008,6.057,30.0,1268,-1,95.63,False,-1,True,True,0.0,0.3,0.002,False,False,0.106,0.011,26.959,1268,104.81,,,,,0,False,False,1.382,False,9.19,6.08,20.0,
153.5,27873,613.633,-541.541,-0.007,5.808,30.0,1268,-1,95.93,False,-1,True,True,0.0,0.3,-0.003,False,False,-0.01,0.006,26.92,1268,104.81,,,,,0,False,False,1.38,False,8.9,6.03,20.0,
153.55,27874,613.888,-541.412,-0.006,5.667,30.0,1268,-1,96.21,False,-1,True,True,0.0,0.3,0.001,False,False,-0.1,0.001,26.936,1268,104.81,,,,,0,False,False,1.38,False,8.61,5.9,20.0,
153.6,27875,614.133,-541.287,-0.005,5.396,30.0,1268,-1,96.49,False,-1,True,True,0.0,0.3,-0.003,False,False,-0.177,0.004,26.899,1268,104.81,,,,,0,False,False,1.378,False,8.34,5.83,20.0,
153.65,27876,614.37,-541.168,-0.005,5.283,30.0,1268,-1,96.75,False,-1,True,True,0.534,0.0,0.001,False,False,-0.223,0.0,26.918,1268,104.81,,,,,0,False,False,1.379,False,8.07,5.7,20.0,
153.7,27877,614.599,-541.051,-0.005,5.079,30.0,1268,-1,97.01,False,-1,True,True,0.75,0.0,-0.003,False,False,-0.243,0.002,26.876,1268,104.81,,,,,0,False,False,1.377,False,7.82,5.64,20.0,
153.75,27878,614.828,-540.935,-0.005,5.146,30.0,1268,-1,97.27,False,-1,True,True,0.75,0.0,0.002,False,False,-0.206,-0.003,26.909,1268,104.81,,,,,0,False,False,1.378,False,7.56,5.54,20.0,
153.8,27879,615.056,-540.819,-0.006,5.072,30.0,1268,-1,97.52,False,-1,True,True,0.75,0.0,-0.004,False,False,-0.151,0.001,26.877,1268,104.81,,,,,0,False,False,1.376,False,7.3,5.57,20.0,
153.85,27880,615.275,-540.708,-0.006,4.733,30.0,1268,-1,97.77,False,-1,True,True,0.75,0.0,0.002,False,False,-0.17,-0.0,26.867,1268,104.81,,,,,0,False,False,1.375,False,7.06,5.54,20.0,
153.9,27881,615.475,-540.606,-0.005,4.386,30.0,1268,-1,97.99,False,-1,True,True,0.75,0.0,0.001,False,False,-0.264,-0.001,26.845,1268,104.81,,,,,0,False,False,1.374,False,6.83,5.37,20.0,
153.95,27882,615.665,-540.51,-0.004,4.179,30.0,1268,-1,98.2,False,-1,True,True,0.75,0.0,0.002,False,False,-0.328,-0.003,26.844,1268,104.81,,,,,0,False,False,1.374,False,6.62,5.19,20.0,
154.0,27883,615.848,-540.418,-0.004,4.08,30.0,1268,-1,98.41,False,-1,True,True,0.75,0.0,0.001,False,False,-0.331,-0.002,26.848,1268,104.81,,,,,0,False,False,1.374,False,6.42,5.09,20.0,
154.05,27884,616.03,-540.326,-0.005,4.06,30.0,1268,-1,98.61,False,-1,True,True,0.75,0.0,0.0,False,False,-0.282,0.0,26.85,1268,104.81,,,,,0,False,False,1.373,False,6.21,5.04,20.0,
154.1,27885,616.212,-540.233,-0.006,4.089,30.0,1268,-1,98.82,False,-1,True,True,0.75,0.0,0.0,False,False,-0.202,0.001,26.851,1268,104.81,,,,,0,False,False,1.373,False,6.01,5.03,20.0,
154.15,27886,616.397,-540.14,-0.006,4.148,30.0,1268,-1,99.02,False,-1,True,True,0.75,0.0,0.0,False,False,-0.111,0.001,26.853,1268,104.81,,,,,0,False,False,1.373,False,5.8,5.04,20.0,
154.2,27887,616.584,-540.045,-0.007,4.226,30.0,1268,-1,99.23,False,-1,True,True,0.75,0.0,0.0,False,False,-0.024,0.001,26.854,1268,104.81,,,,,0,False,False,1.373,False,5.59,5.07,20.0,
154.25,27888,616.776,-539.948,-0.008,4.315,30.0,1268,-1,99.45,False,-1,True,True,0.75,0.0,0.0,False,False,0.051,0.001,26.855,1268,104.81,,,,,0,False,False,1.372,False,5.38,5.11,20.0,
154.3,27889,616.971,-539.849,-0.008,4.411,30.0,1268,-1,99.67,False,-1,True,True,0.75,0.0,0.0,False,False,0.112,0.001,26.856,1268,104.81,,,,,0,False,False,1.372,False,5.16,5.16,20.0,
154.35,27890,617.17,-539.746,-0.009,4.51,30.0,1268,-1,99.89,False,-1,True,True,0.75,0.0,0.033,False,False,0.159,-0.051,26.95,1268,108.77,,,,,0,False,False,1.372,False,8.8,5.21,20.0,
154.4,27891,617.373,-539.641,-0.009,4.613,30.0,1268,-1,100.12,False,-1,True,True,0.75,0.0,0.001,False,False,0.193,-0.044,27.021,1268,108.77,,,,,0,False,False,1.371,False,8.57,5.25,20.0,
154.45,27892,617.582,-539.534,-0.009,4.717,30.0,1268,-1,100.35,False,-1,True,True,0.75,0.0,0.0,False,False,0.218,-0.02,27.042,1268,108.77,,,,,0,False,False,1.369,False,8.33,5.31,20.0,
154.5,27893,617.794,-539.425,-0.009,4.822,30.0,1268,-1,100.59,False,-1,True,True,0.75,0.0,0.003,False,False,0.235,-0.01,27.059,1268,108.77,,,,,0,False,False,1.367,False,8.09,5.36,20.0,
154.55,27894,618.012,-539.314,-0.009,4.926,30.0,1268,-1,100.84,False,-1,True,True,0.75,0.0,0.003,False,False,0.247,-0.006,27.077,1268,108.77,,,,,0,False,False,1.365,False,7.85,5.41,20.0,
154.6,27895,618.234,-539.2,-0.009,5.031,30.0,1268,-1,101.08,False,-1,True,True,0.75,0.0,0.002,False,False,0.254,-0.003,27.094,1268,108.77,,,,,0,False,False,1.362,False,7.6,5.46,20.0,
154.65,27896,618.46,-539.083,-0.009,5.132,30.0,1268,-1,101.33,False,-1,True,True,0.75,0.0,0.002,False,False,0.258,-0.001,27.108,1268,108.77,,,,,0,False,False,1.359,False,7.35,5.52,20.0,
154.7,27897,618.692,-538.965,-0.009,5.27,30.0,1268,-1,101.59,False,-1,True,True,0.75,0.0,0.002,False,False,0.262,-0.0,27.12,1268,108.77,,,,,0,False,False,1.356,False,7.09,5.57,20.0,
154.75,27898,618.926,-538.844,-0.009,5.256,30.0,1268,-1,101.86,False,-1,True,True,0.75,0.0,0.001,False,False,0.25,0.0,27.115,1268,108.77,,,,,0,False,False,1.352,False,6.82,5.63,20.0,
154.8,27899,619.161,-538.724,-0.009,5.303,30.0,1268,-1,102.12,False,-1,True,True,0.75,0.0,0.003,False,False,0.216,-0.002,27.151,1268,108.77,,,,,0,False,False,1.349,False,6.56,5.63,20.0,
154.85,27900,619.394,-538.604,-0.008,5.227,30.0,1268,-1,102.38,False,-1,True,True,0.75,0.0,-0.001,False,False,0.168,0.002,27.122,1268,108.77,,,,,0,False,False,1.344,False,6.3,5.65,20.0,
154.9,27901,619.628,-538.484,-0.008,5.307,30.0,1268,-1,102.65,False,-1,True,True,0.75,0.0,0.004,False,False,0.14,-0.002,27.151,1268,108.77,,,,,0,False,False,1.341,False,6.03,5.61,20.0,
154.95,27902,619.863,-538.363,-0.008,5.262,30.0,1268,-1,102.91,False,-1,True,True,0.75,0.0,-0.001,False,False,0.119,0.001,27.123,1268,108.77,,,,,0,False,False,1.336,False,5.77,5.65,20.0,
155.0,27903,620.099,-538.242,-0.008,5.328,30.0,1268,-1,103.18,False,-1,True,True,0.75,0.0,0.004,False,False,0.109,-0.003,27.153,1268,108.77,,,,,0,False,False,1.333,False,5.5,5.63,20.0,
155.05,27904,620.331,-538.118,-0.008,5.242,30.0,1268,-1,103.44,False,-1,True,True,0.75,0.0,0.104,False,False,0.089,-0.112,27.302,1268,112.72,,,,,0,False,False,1.33,False,9.19,5.66,20.0,
155.1,27905,620.571,-537.988,-0.008,5.668,30.0,1268,-1,103.71,False,-1,True,True,0.75,0.0,0.026,False,False,0.15,-0.161,27.572,1268,112.72,,,,,0,False,False,1.329,False,8.91,5.62,20.0,
155.15,27906,620.831,-537.849,-0.01,5.989,30.0,1268,-1,104.01,False,-1,True,True,0.0,0.3,0.007,False,False,0.298,-0.111,27.734,1268,112.72,,,,,0,False,False,1.325,False,8.62,5.83,20.0,
155.2,27907,621.105,-537.703,-0.011,6.276,30.0,1268,-1,104.32,False,-1,True,True,0.0,0.3,0.01,False,False,0.403,-0.07,27.847,1268,112.72,,,,,0,False,False,1.319,False,8.31,5.99,20.0,
155.25,27908,621.382,-537.555,-0.011,6.267,30.0,1268,-1,104.63,False,-1,True,True,0.0,0.3,0.01,False,False,0.409,-0.048,27.945,1268,112.72,,,,,0,False,False,1.312,False,7.99,6.14,20.0,
155.3,27909,621.658,-537.407,-0.01,6.277,30.0,1268,-1,104.94,False,-1,True,True,0.0,0.3,0.008,False,False,0.347,-0.034,28.017,1268,112.72,,,,,0,False,False,1.305,False,7.68,6.13,20.0,
155.35,27910,621.928,-537.262,-0.009,6.08,30.0,1268,-1,105.25,False,-1,True,True,0.0,0.3,0.008,False,False,0.232,-0.026,28.108,1268,112.72,,,,,0,False,False,1.298,False,7.37,6.14,20.0,
155.4,27911,622.192,-537.119,-0.008,5.976,30.0,1268,-1,105.55,False,-1,True,True,0.0,0.3,0.004,False,False,0.114,-0.015,28.136,1268,112.72,,,,,0,False,False,1.289,False,7.07,6.04,20.0,
155.45,27912,622.448,-536.982,-0.007,5.731,30.0,1268,-1,105.84,False,-1,True,True,0.0,0.3,0.007,False,False,-0.001,-0.013,28.207,1268,112.72,,,,,0,False,False,1.282,False,6.78,5.99,20.0,
155.5,27913,622.696,-536.848,-0.006,5.596,30.0,1268,-1,106.12,False,-1,True,True,0.0,0.3,0.002,False,False,-0.091,-0.007,28.217,1268,112.72,,,,,0,False,False,1.273,False,6.5,5.87,20.0,
155.55,27914,622.935,-536.719,-0.006,5.344,30.0,1268,-1,106.39,False,-1,True,True,0.0,0.176,0.006,False,False,-0.164,-0.007,28.277,1268,112.72,,,,,0,False,False,1.266,False,6.23,5.8,20.0,
155.6,27915,623.167,-536.594,-0.005,5.247,30.0,1268,-1,106.66,False,-1,True,True,0.729,0.0,0.0,False,False,-0.204,-0.002,28.278,1268,112.72,,,,,0,False,False,1.257,False,5.97,5.67,20.0,
155.65,27916,623.393,-536.473,-0.005,5.046,30.0,1268,-1,106.91,False,-1,True,True,0.75,0.0,0.004,False,False,-0.224,-0.002,28.335,1268,112.72,,,,,0,False,False,1.251,False,5.71,5.62,20.0,
155.7,27917,623.615,-536.353,-0.005,5.068,30.0,1268,-1,107.17,False,-1,True,True,0.75,0.0,-0.001,False,False,-0.201,0.002,28.346,1268,112.72,,,,,0,False,False,1.244,False,5.46,5.52,20.0,
155.75,27918,623.835,-536.229,-0.006,5.043,30.0,1268,-1,107.42,False,-1,True,True,0.75,0.0,0.07,False,False,-0.154,-0.11,28.541,1268,116.68,,,,,0,False,False,1.238,False,9.16,5.53,20.0,
155.8,27919,624.053,-536.108,-0.006,4.861,30.0,1268,-1,107.67,False,-1,True,True,0.75,0.0,0.004,False,False,-0.122,-0.101,28.738,1268,116.68,,,,,0,False,False,1.234,False,8.91,5.52,20.0,
155.85,27920,624.255,-535.997,-0.005,4.472,30.0,1268,-1,107.9,False,-1,True,True,0.75,0.0,-0.003,False,False,-0.202,-0.049,28.859,1268,116.68,,,,,0,False,False,1.229,False,8.68,5.43,20.0,
155.9,27921,624.443,-535.893,-0.005,4.229,30.0,1268,-1,108.11,False,-1,True,True,0.75,0.0,-0.001,False,False,-0.282,-0.014,28.888,1268,116.68,,,,,0,False,False,1.222,False,8.47,5.24,20.0,
155.95,27922,624.624,-535.793,-0.005,4.105,30.0,1268,-1,108.32,False,-1,True,True,0.75,0.0,0.005,False,False,-0.308,-0.005,28.906,1268,116.68,,,,,0,False,False,1.215,False,8.26,5.11,20.0,
156.0,27923,624.803,-535.694,-0.005,4.065,30.0,1268,-1,108.52,False,-1,True,True,0.75,0.0,0.004,False,False,-0.278,-0.004,28.928,1268,116.68,,,,,0,False,False,1.207,False,8.05,5.05,20.0,
156.05,27924,624.981,-535.595,-0.005,4.083,30.0,1268,-1,108.73,False,-1,True,True,0.75,0.0,0.003,False,False,-0.211,-0.004,28.948,1268,116.68,,,,,0,False,False,1.2,False,7.85,5.03,20.0,
156.1,27925,625.162,-535.495,-0.006,4.135,30.0,1268,-1,109.03,False,-1,True,True,0.75,0.0,0.003,False,False,-0.126,-0.002,28.964,1268,116.68,,,,,0,False,False,1.193,False,7.64,5.04,20.0,
156.15,27926,625.345,-535.393,-0.007,4.209,30.0,1268,-1,109.24,False,-1,True,True,0.75,0.0,0.002,False,False,-0.041,-0.002,28.979,1268,116.68,,,,,0,False,False,1.185,False,7.43,5.07,20.0,
156.2,27927,625.532,-535.289,-0.008,4.295,30.0,1268,-1,109.46,False,-1,True,True,0.75,0.0,0.002,False,False,0.036,-0.001,28.992,1268,116.68,,,,,0,False,False,1.178,False,7.22,5.1,20.0,
156.25,27928,625.723,-535.183,-0.008,4.39,30.0,1268,-1,109.68,False,-1,True,True,0.75,0.0,0.002,False,False,0.099,-0.0,29.004,1268,116.68,,,,,0,False,False,1.17,False,7.0,5.15,20.0,
156.3,27929,625.917,-535.075,-0.009,4.489,30.0,1268,-1,109.9,False,-1,True,True,0.75,0.0,0.002,False,False,0.149,-0.0,29.014,1268,116.68,,,,,0,False,False,1.163,False,6.78,5.19,20.0,
156.35,27930,626.117,-534.964,-0.009,4.592,30.0,1268,-1,110.13,False,-1,True,True,0.75,0.0,0.001,False,False,0.186,-0.0,29.022,1268,116.68,,,,,0,False,False,1.155,False,6.55,5.24,20.0,
156.4,27931,626.32,-534.851,-0.009,4.695,30.0,1268,-1,110.36,False,-1,True,True,0.75,0.0,0.001,False,False,0.213,0.0,29.03,1268,116.68,,,,,0,False,False,1.148,False,6.32,5.3,20.0,
156.45,27932,626.528,-534.735,-0.009,4.8,30.0,1268,-1,110.6,False,-1,True,True,0.75,0.0,0.001,False,False,0.232,0.0,29.036,1268,116.68,,,,,0,False,False,1.141,False,6.08,5.35,20.0,
156.5,27933,626.741,-534.617,-0.009,4.904,30.0,1268,-1,110.84,False,-1,True,True,0.75,0.0,0.001,False,False,0.244,0.0,29.042,1268,116.68,,,,,0,False,False,1.134,False,5.84,5.4,20.0,
156.55,27934,626.958,-534.497,-0.009,5.008,30.0,1268,-1,111.09,False,-1,True,True,0.75,0.0,0.001,False,False,0.252,-0.0,29.047,1268,116.68,,,,,0,False,False,1.127,False,5.59,5.45,20.0,
156.6,27935,627.18,-534.373,-0.009,5.113,30.0,1268,-1,111.34,False,-1,True,True,0.75,0.0,0.001,False,False,0.257,-0.0,29.051,1268,116.68,,,,,0,False,False,1.121,False,5.34,5.5,20.0,
156.65,27936,627.404,-534.246,-0.009,5.17,30.0,1268,-1,111.6,False,-1,True,True,0.75,0.0,0.04,False,False,0.256,-0.072,29.173,1268,120.63,,,,,0,False,False,1.117,False,9.03,5.56,20.0,
156.7,27937,627.633,-534.116,-0.009,5.295,30.0,1268,-1,111.86,False,-1,True,True,0.75,0.0,0.0,False,False,0.252,-0.057,29.258,1268,120.63,,,,,0,False,False,1.112,False,8.77,5.58,20.0,
156.75,27938,627.861,-533.988,-0.009,5.199,30.0,1268,-1,112.12,False,-1,True,True,0.75,0.0,0.0,False,False,0.208,-0.027,29.331,1268,120.63,,,,,0,False,False,1.109,False,8.51,5.65,20.0,
156.8,27939,628.089,-533.86,-0.008,5.264,30.0,1268,-1,112.39,False,-1,True,True,0.75,0.0,-0.001,False,False,0.169,-0.007,29.329,1268,120.63,,,,,0,False,False,1.104,False,8.25,5.6,20.0,
156.85,27940,628.316,-533.732,-0.008,5.204,30.0,1268,-1,112.65,False,-1,True,True,0.75,0.0,0.004,False,False,0.133,-0.005,29.383,1268,120.63,,,,,0,False,False,1.102,False,7.98,5.63,20.0,
156.9,27941,628.545,-533.603,-0.008,5.3,30.0,1268,-1,112.91,False,-1,True,True,0.75,0.0,-0.001,False,False,0.121,0.0,29.377,1268,120.63,,,,,0,False,False,1.098,False,7.72,5.6,20.0,
156.95,27942,628.775,-533.474,-0.008,5.232,30.0,1268,-1,113.17,False,-1,True,True,0.75,0.0,0.003,False,False,0.106,-0.002,29.424,1268,120.63,,,,,0,False,False,1.097,False,7.46,5.65,20.0,
157.0,27943,629.004,-533.344,-0.008,5.299,30.0,1268,-1,113.44,False,-1,True,True,0.75,0.0,-0.002,False,False,0.098,0.001,29.406,1268,120.63,,,,,0,False,False,1.093,False,7.2,5.62,20.0,
157.05,27944,629.237,-533.213,-0.008,5.484,30.0,1268,-1,113.7,False,-1,True,True,0.75,0.0,0.003,False,False,0.125,-0.003,29.452,1268,120.63,,,,,0,False,False,1.092,False,6.93,5.65,20.0,
157.1,27945,629.491,-533.07,-0.01,5.994,30.0,1268,-1,114.0,False,-1,True,True,0.286,0.0,-0.003,False,False,0.279,0.001,29.476,1268,120.63,,,,,0,False,False,1.09,False,6.64,5.74,20.0,
157.15,27946,629.759,-532.919,-0.011,6.188,30.0,1268,-1,114.3,False,-1,True,True,0.0,0.3,-0.002,False,False,0.399,0.004,29.476,1268,120.63,,,,,0,False,False,1.087,False,6.33,6.0,20.0,
157.2,27947,630.033,-532.765,-0.011,6.331,30.0,1268,-1,114.62,False,-1,True,True,0.0,0.3,-0.0,False,False,0.428,0.001,29.473,1268,120.63,,,,,0,False,False,1.085,False,6.01,6.09,20.0,
157.25,27948,630.305,-532.609,-0.01,6.22,30.0,1268,-1,114.93,False,-1,True,True,0.0,0.3,0.021,False,False,0.364,-0.044,29.544,1268,124.59,,,,,0,False,False,1.083,False,9.66,6.17,20.0,
157.3,27949,630.573,-532.456,-0.009,6.166,30.0,1268,-1,115.24,False,-1,True,True,0.0,0.3,-0.001,False,False,0.261,-0.037,29.588,1268,124.59,,,,,0,False,False,1.081,False,9.35,6.11,20.0,
157.35,27950,630.834,-532.308,-0.008,5.94,30.0,1268,-1,115.54,False,-1,True,True,0.0,0.3,-0.001,False,False,0.134,-0.02,29.632,1268,124.59,,,,,0,False,False,1.081,False,9.05,6.08,20.0,
157.4,27951,631.088,-532.163,-0.007,5.817,30.0,1268,-1,115.83,False,-1,True,True,0.0,0.3,-0.002,False,False,0.022,-0.007,29.612,1268,124.59,,,,,0,False,False,1.078,False,8.75,5.97,20.0,
157.45,27952,631.333,-532.024,-0.006,5.558,30.0,1268,-1,116.11,False,-1,True,True,0.0,0.3,0.003,False,False,-0.08,-0.008,29.645,1268,124.59,,,,,0,False,False,1.077,False,8.47,5.91,20.0,
157.5,27953,631.571,-531.888,-0.006,5.444,30.0,1268,-1,116.39,False,-1,True,True,0.0,0.039,-0.001,False,False,-0.149,-0.003,29.625,1268,124.59,,,,,0,False,False,1.077,False,8.2,5.78,20.0,
157.55,27954,631.802,-531.757,-0.005,5.226,30.0,1268,-1,116.65,False,-1,True,True,0.368,0.0,0.003,False,False,-0.195,-0.004,29.665,1268,124.59,,,,,0,False,False,1.078,False,7.93,5.72,20.0,
157.6,27955,632.027,-531.629,-0.005,5.157,30.0,1268,-1,116.91,False,-1,True,True,0.75,0.0,-0.002,False,False,-0.209,0.001,29.647,1268,124.59,,,,,0,False,False,1.081,False,7.67,5.61,20.0,
157.65,27956,632.247,-531.504,-0.005,5.022,30.0,1268,-1,117.17,False,-1,True,True,0.75,0.0,0.002,False,False,-0.205,-0.001,29.681,1268,124.59,,,,,0,False,False,1.083,False,7.42,5.58,20.0,
157.7,27957,632.467,-531.379,-0.006,5.089,30.0,1268,-1,117.42,False,-1,True,True,0.75,0.0,-0.003,False,False,-0.155,0.002,29.65,1268,124.59,,,,,0,False,False,1.087,False,7.17,5.51,20.0,
157.75,27958,632.686,-531.254,-0.006,4.918,30.0,1268,-1,117.67,False,-1,True,True,0.75,0.0,0.003,False,False,-0.114,-0.002,29.655,1268,124.59,,,,,0,False,False,1.089,False,6.92,5.54,20.0,
157.8,27959,632.89,-531.138,-0.006,4.559,30.0,1268,-1,117.91,False,-1,True,True,0.75,0.0,0.0,False,False,-0.18,-0.003,29.687,1268,124.59,,,,,0,False,False,1.092,False,6.68,5.46,20.0,
157.85,27960,633.08,-531.03,-0.005,4.3,30.0,1268,-1,118.12,False,-1,True,True,0.75,0.0,-0.003,False,False,-0.262,0.001,29.689,1268,124.59,,,,,0,False,False,1.095,False,6.46,5.28,20.0,
157.9,27961,633.263,-530.926,-0.005,4.163,30.0,1268,-1,118.33,False,-1,True,True,0.75,0.0,-0.001,False,False,-0.297,0.002,29.685,1268,124.59,,,,,0,False,False,1.098,False,6.25,5.15,20.0,
157.95,27962,633.442,-530.823,-0.005,4.115,30.0,1268,-1,118.54,False,-1,True,True,0.75,0.0,-0.0,False,False,-0.275,0.0,29.683,1268,124.59,,,,,0,False,False,1.102,False,6.05,5.08,20.0,
158.0,27963,633.622,-530.721,-0.005,4.127,30.0,1268,-1,118.75,False,-1,True,True,0.75,0.0,-0.0,False,False,-0.214,-0.001,29.682,1268,124.59,,,,,0,False,False,1.106,False,5.84,5.06,20.0,
158.05,27964,633.803,-530.618,-0.006,4.175,30.0,1268,-1,118.96,False,-1,True,True,0.75,0.0,-0.0,False,False,-0.132,-0.001,29.681,1268,124.59,,,,,0,False,False,1.11,False,5.63,5.06,20.0,
158.1,27965,633.987,-530.513,-0.007,4.246,30.0,1268,-1,119.17,False,-1,True,True,0.75,0.0,-0.0,False,False,-0.048,-0.001,29.68,1268,124.59,,,,,0,False,False,1.114,False,5.42,5.09,20.0,
158.15,27966,634.174,-530.407,-0.008,4.33,30.0,1268,-1,119.38,False,-1,True,True,0.75,0.0,-0.0,False,False,0.028,-0.001,29.679,1268,124.59,,,,,0,False,False,1.119,False,5.2,5.12,20.0,
158.2,27967,634.365,-530.298,-0.008,4.424,30.0,1268,-1,119.6,False,-1,True,True,0.75,0.0,-0.0,False,False,0.092,-0.001,29.678,1268,124.59,,,,,0,False,False,1.125,False,4.98,5.17,20.0,
158.25,27968,634.56,-530.186,-0.008,4.522,30.0,1268,-1,119.83,False,-1,True,True,0.75,0.0,0.013,False,False,0.143,-0.022,29.717,1268,128.54,,,,,0,False,False,1.128,False,8.71,5.21,20.0,
158.3,27969,634.759,-530.072,-0.009,4.623,30.0,1268,-1,120.06,False,-1,True,True,0.75,0.0,-0.0,False,False,0.181,-0.018,29.745,1268,128.54,,,,,0,False,False,1.133,False,8.49,5.26,20.0,
158.35,27970,634.962,-529.955,-0.009,4.727,30.0,1268,-1,120.29,False,-1,True,True,0.75,0.0,-0.0,False,False,0.209,-0.008,29.752,1268,128.54,,,,,0,False,False,1.139,False,8.25,5.31,20.0,
158.4,27971,635.17,-529.836,-0.009,4.83,30.0,1268,-1,120.53,False,-1,True,True,0.75,0.0,0.001,False,False,0.229,-0.004,29.757,1268,128.54,,,,,0,False,False,1.146,False,8.01,5.36,20.0,
158.45,27972,635.383,-529.715,-0.009,4.935,30.0,1268,-1,120.78,False,-1,True,True,0.75,0.0,0.001,False,False,0.242,-0.002,29.764,1268,128.54,,,,,0,False,False,1.154,False,7.77,5.42,20.0,
158.5,27973,635.599,-529.59,-0.009,5.039,30.0,1268,-1,121.03,False,-1,True,True,0.75,0.0,0.001,False,False,0.251,-0.001,29.77,1268,128.54,,,,,0,False,False,1.162,False,7.52,5.47,20.0,
158.55,27974,635.821,-529.464,-0.009,5.14,30.0,1268,-1,121.28,False,-1,True,True,0.75,0.0,0.001,False,False,0.256,-0.0,29.775,1268,128.54,,,,,0,False,False,1.172,False,7.26,5.52,20.0,
158.6,27975,636.047,-529.334,-0.009,5.277,30.0,1268,-1,121.54,False,-1,True,True,0.75,0.0,0.001,False,False,0.26,-0.0,29.779,1268,128.54,,,,,0,False,False,1.183,False,7.0,5.57,20.0,
158.65,27976,636.276,-529.203,-0.009,5.29,30.0,1268,-1,121.81,False,-1,True,True,0.75,0.0,0.0,False,False,0.254,0.0,29.772,1268,128.54,,,,,0,False,False,1.195,False,6.74,5.64,20.0,
158.7,27977,636.507,-529.071,-0.009,5.342,30.0,1268,-1,122.07,False,-1,True,True,0.75,0.0,0.001,False,False,0.227,-0.002,29.799,1268,128.54,,,,,0,False,False,1.208,False,6.47,5.64,20.0,
158.75,27978,636.736,-528.939,-0.009,5.262,30.0,1268,-1,122.34,False,-1,True,True,0.75,0.0,-0.002,False,False,0.179,0.002,29.766,1268,128.54,,,,,0,False,False,1.223,False,6.21,5.67,20.0,
158.8,27979,636.966,-528.808,-0.008,5.339,30.0,1268,-1,122.6,False,-1,True,True,0.75,0.0,0.003,False,False,0.148,-0.003,29.791,1268,128.54,,,,,0,False,False,1.239,False,5.94,5.63,20.0,
158.85,27980,637.196,-528.676,-0.008,5.292,30.0,1268,-1,122.87,False,-1,True,True,0.75,0.0,-0.001,False,False,0.123,0.0,29.76,1268,128.54,,,,,0,False,False,1.257,False,5.68,5.67,20.0,
158.9,27981,637.427,-528.543,-0.008,5.357,30.0,1268,-1,123.13,False,-1,True,True,0.75,0.0,0.003,False,False,0.111,-0.003,29.786,1268,128.54,,,,,0,False,False,1.274,False,5.41,5.65,20.0,
158.95,27982,637.657,-528.411,-0.008,5.284,30.0,1268,-1,123.4,False,-1,True,True,0.743,0.0,0.006,False,False,0.093,-0.01,29.778,1457,2.0,,,,,0,False,False,1.292,False,9.12,5.68,20.0,
159.0,27983,637.896,-528.274,-0.008,5.705,30.0,1268,-1,123.67,False,-1,True,True,0.75,0.0,0.003,False,False,0.154,-0.013,29.789,1457,2.0,,,,,0,False,False,1.309,False,8.84,5.64,20.0,
159.05,27984,638.153,-528.126,-0.01,6.023,30.0,1268,-1,123.97,False,-1,True,True,0.0,0.3,0.002,False,False,0.3,-0.009,29.791,1457,2.0,,,,,0,False,False,1.329,False,8.55,5.85,20.0,
159.1,27985,638.423,-527.971,-0.011,6.306,30.0,1268,-1,124.28,False,-1,True,True,0.0,0.3,0.002,False,False,0.403,-0.005,29.802,1457,2.0,,,,,0,False,False,1.349,False,8.24,6.01,20.0,
159.15,27986,638.696,-527.814,-0.011,6.295,30.0,1268,-1,124.6,False,-1,True,True,0.0,0.3,0.001,False,False,0.407,-0.002,29.813,1457,2.0,,,,,0,False,False,1.369,False,7.92,6.15,20.0,
159.2,27987,638.969,-527.657,-0.01,6.305,30.0,1268,-1,124.91,False,-1,True,True,0.0,0.3,0.001,False,False,0.344,0.001,29.821,1457,2.0,,,,,0,False,False,1.39,False,7.61,6.15,20.0,
159.25,27988,639.237,-527.503,-0.009,6.118,30.0,1268,-1,125.22,False,-1,True,True,0.0,0.3,0.001,False,False,0.232,0.002,29.839,1457,2.0,,,,,0,False,False,1.41,False,7.3,6.15,20.0,
159.3,27989,639.499,-527.353,-0.008,6.011,30.0,1268,-1,125.52,False,-1,True,True,0.0,0.3,-0.0,False,False,0.115,0.004,29.819,1457,2.0,,,,,0,False,False,1.431,False,7.0,6.06,20.0,
159.35,27990,639.752,-527.207,-0.007,5.764,30.0,1268,-1,125.81,False,-1,True,True,0.0,0.3,0.003,False,False,0.0,-0.001,29.851,1457,2.0,,,,,0,False,False,1.449,False,6.7,6.01,20.0,
159.4,27991,639.998,-527.066,-0.006,5.626,30.0,1268,-1,126.1,False,-1,True,True,0.0,0.3,-0.002,False,False,-0.091,0.002,29.828,1457,2.0,,,,,0,False,False,1.468,False,6.42,5.88,20.0,
159.45,27992,640.234,-526.931,-0.006,5.358,30.0,1268,-1,126.37,False,-1,True,True,0.0,0.289,0.003,False,False,-0.169,-0.001,29.858,1457,2.0,,,,,0,False,False,1.485,False,6.15,5.81,20.0,
159.5,27993,640.463,-526.799,-0.005,5.248,30.0,1268,-1,126.63,False,-1,True,True,0.675,0.0,-0.002,False,False,-0.215,0.002,29.834,1457,2.0,,,,,0,False,False,1.504,False,5.88,5.68,20.0,
159.55,27994,640.685,-526.672,-0.005,5.046,30.0,1268,-1,126.89,False,-1,True,True,0.75,0.0,0.003,False,False,-0.236,0.0,29.871,1457,2.0,,,,,0,False,False,1.52,False,5.63,5.62,20.0,
159.6,27995,640.905,-526.546,-0.005,5.068,30.0,1268,-1,127.14,False,-1,True,True,0.75,0.0,-0.003,False,False,-0.211,0.004,29.869,1457,2.0,,,,,0,False,False,1.537,False,5.37,5.52,20.0,
159.65,27996,641.123,-526.419,-0.006,5.05,30.0,1268,-1,127.39,False,-1,True,True,0.75,0.0,0.018,False,False,-0.16,-0.028,29.92,1457,5.99,,,,,0,False,False,1.551,False,9.09,5.53,20.0,
159.7,27997,641.34,-526.294,-0.006,4.868,30.0,1268,-1,127.64,False,-1,True,True,0.75,0.0,0.0,False,False,-0.125,-0.024,29.976,1457,5.99,,,,,0,False,False,1.565,False,8.84,5.52,20.0,
159.75,27998,641.539,-526.18,-0.005,4.478,30.0,1268,-1,127.88,False,-1,True,True,0.75,0.0,-0.002,False,False,-0.204,-0.011,30.027,1457,5.99,,,,,0,False,False,1.578,False,8.61,5.43,20.0,
159.8,27999,641.726,-526.072,-0.005,4.233,30.0,1268,-1,128.09,False,-1,True,True,0.75,0.0,-0.003,False,False,-0.284,-0.001,30.032,1457,5.99,,,,,0,False,False,1.592,False,8.39,5.24,20.0,
159.85,28000,641.905,-525.968,-0.005,4.107,30.0,1268,-1,128.3,False,-1,True,True,0.75,0.0,0.0,False,False,-0.31,0.001,30.029,1457,5.99,,,,,0,False,False,1.607,False,8.19,5.12,20.0,
159.9,28001,642.082,-525.866,-0.005,4.067,30.0,1268,-1,128.5,False,-1,True,True,0.75,0.0,0.0,False,False,-0.28,-0.001,30.03,1457,5.99,,,,,0,False,False,1.713,False,7.98,5.05,20.0,
159.95,28002,642.259,-525.764,-0.005,4.084,30.0,1268,-1,128.71,False,-1,True,True,0.75,0.0,0.0,False,False,-0.212,-0.002,30.031,1457,5.99,,,,,0,False,False,1.631,False,7.78,5.03,20.0,
160.0,28003,642.438,-525.661,-0.006,4.136,30.0,1268,-1,128.91,False,-1,True,True,0.75,0.0,0.0,False,False,-0.128,-0.002,30.032,1457,5.99,,,,,0,False,False,1.647,False,7.57,5.04,20.0,
160.05,28004,642.619,-525.556,-0.007,4.209,30.0,1268,-1,129.12,False,-1,True,True,0.75,0.0,0.0,False,False,-0.042,-0.002,30.033,1457,5.99,,,,,0,False,False,1.665,False,7.36,5.07,20.0,
160.1,28005,642.804,-525.449,-0.008,4.296,30.0,1268,-1,129.34,False,-1,True,True,0.75,0.0,0.0,False,False,0.035,-0.001,30.034,1457,5.99,,,,,0,False,False,1.671,False,7.15,5.1,20.0,
160.15,28006,642.993,-525.34,-0.008,4.39,30.0,1268,-1,129.55,False,-1,True,True,0.75,0.0,0.0,False,False,0.098,-0.001,30.034,1457,5.99,,,,,0,False,False,1.679,False,6.93,5.15,20.0,
160.2,28007,643.186,-525.228,-0.009,4.49,30.0,1268,-1,129.78,False,-1,True,True,0.75,0.0,0.0,False,False,0.148,-0.001,30.035,1457,5.99,,,,,0,False,False,1.688,False,6.71,5.2,20.0,
160.25,28008,643.383,-525.114,-0.009,4.592,30.0,1268,-1,130.0,False,-1,True,True,0.75,0.0,0.0,False,False,0.186,-0.0,30.035,1457,5.99,,,,,0,False,False,1.697,False,6.48,5.24,20.0,
160.3,28009,643.585,-524.997,-0.009,4.695,30.0,1268,-1,130.24,False,-1,True,True,0.75,0.0,0.0,False,False,0.213,-0.0,30.036,1457,5.99,,,,,0,False,False,1.707,False,6.25,5.3,20.0,
160.35,28010,643.791,-524.878,-0.009,4.8,30.0,1268,-1,130.48,False,-1,True,True,0.75,0.0,0.0,False,False,0.231,-0.0,30.036,1457,5.99,,,,,0,False,False,1.715,False,6.01,5.35,20.0,
160.4,28011,644.002,-524.756,-0.009,4.904,30.0,1456,-1,0.2,True,107,True,False,0.75,0.0,0.0,False,False,0.244,-0.0,30.036,1457,5.99,,,,,0,False,False,1.721,False,5.76,5.4,20.0,
160.45,28012,644.239,-524.652,0.008,5.015,30.0,1457,-1,0.46,True,107,True,True,0.75,0.0,0.0,False,False,1.317,3.289,30.07,1457,5.99,,,,,0,False,False,1.755,False,5.51,5.45,20.0,
160.5,28013,644.461,-524.522,0.022,5.1,30.0,1457,-1,0.71,True,107,True,True,0.75,0.0,0.1,False,False,1.879,4.106,30.221,1457,9.99,,,,,0,False,False,1.753,False,9.14,5.51,20.0,
160.55,28014,644.673,-524.362,0.042,5.119,30.0,1456,-1,0.98,True,107,True,False,0.75,0.0,0.029,False,False,2.939,1.685,30.427,1457,9.99,,,,,0,False,False,1.714,False,8.88,5.55,20.0,
160.6,28015,644.894,-524.22,0.063,5.156,30.0,1456,-1,1.24,True,107,True,False,0.75,0.0,-0.001,False,False,3.715,0.346,30.597,1457,9.99,,,,,0,False,False,1.696,False,8.61,5.56,20.0,
160.65,28016,645.119,-524.087,0.073,5.222,30.0,1456,-1,1.5,True,107,True,False,0.75,0.0,0.002,False,False,3.967,-0.028,30.693,1457,9.99,,,,,0,False,False,1.688,False,8.35,5.58,20.0,
160.7,28017,645.355,-523.959,0.086,5.27,30.0,1457,-1,1.77,True,107,True,True,0.75,0.0,0.009,False,False,4.471,1.123,30.807,1457,9.99,,,,,0,False,False,1.686,False,8.08,5.61,20.0,
160.75,28018,645.584,-523.82,0.089,5.365,30.0,1457,-1,2.04,True,107,True,True,0.75,0.0,0.012,False,False,4.506,1.119,30.83,1457,9.99,,,,,0,False,False,1.673,False,7.82,5.63,20.0,
160.8,28019,645.812,-523.681,0.088,5.39,30.0,1457,-1,2.3,True,107,True,True,0.731,0.0,0.011,False,False,4.362,0.897,30.932,1457,9.99,,,,,0,False,False,1.668,False,7.55,5.68,20.0,
160.85,28020,646.041,-523.541,0.084,5.413,30.0,1457,-1,2.57,True,107,True,True,0.635,0.0,0.001,False,False,4.185,0.699,30.939,1457,9.99,,,,,0,False,False,1.672,False,7.28,5.69,20.0,
160.9,28021,646.272,-523.402,0.08,5.426,30.0,1457,-1,2.84,True,107,True,True,0.545,0.0,0.008,False,False,4.024,0.505,31.023,1457,9.99,,,,,0,False,False,1.679,False,7.01,5.71,20.0,
160.95,28022,646.503,-523.262,0.076,5.428,30.0,1457,-1,3.11,True,107,True,True,0.545,0.0,0.008,False,False,3.896,0.361,31.032,1457,9.99,,,,,0,False,False,1.685,False,6.74,5.71,20.0,
161.0,28023,646.735,-523.123,0.073,5.423,30.0,1457,-1,3.38,True,107,True,True,0.482,0.0,0.005,False,False,3.801,0.241,31.119,1457,9.99,,,,,0,False,False,1.694,False,6.47,5.71,20.0,
161.05,28024,646.946,-522.976,0.104,5.479,30.0,1457,-1,3.64,True,107,True,True,0.499,0.0,-0.003,False,False,2.109,-1.688,31.062,1457,9.99,,,,,0,False,False,1.681,False,6.21,5.71,20.0,
161.1,28025,647.18,-522.84,0.105,5.461,30.0,1457,-1,3.91,True,107,True,True,0.294,0.0,-0.007,False,False,1.749,-1.199,31.0,1457,9.99,,,,,0,False,False,1.904,False,5.94,5.74,20.0,
161.15,28026,647.413,-522.72,0.115,5.498,30.0,1457,-1,4.17,True,107,True,True,0.356,0.0,0.011,False,False,0.309,1.158,30.936,1457,9.99,,,,,0,False,False,1.938,False,5.68,5.73,20.0,
161.2,28027,647.639,-522.594,0.117,5.46,30.0,1457,-1,4.43,True,107,True,True,0.221,0.0,0.111,False,False,-1.335,3.513,30.959,1457,13.98,,,,,0,False,False,1.71,False,9.37,5.75,20.0,
161.25,28028,647.854,-522.439,0.106,5.529,30.0,1457,-1,4.69,True,107,True,True,0.354,0.0,0.077,False,False,-2.48,2.977,31.242,1457,13.98,,,,,0,False,False,1.694,False,9.11,5.73,20.0,
161.3,28029,648.07,-522.286,0.089,5.381,30.0,1457,-1,4.96,True,107,True,True,0.103,0.0,0.034,False,False,-3.367,1.618,31.511,1457,13.98,,,,,0,False,False,1.932,False,8.84,5.76,20.0,
161.35,28030,648.289,-522.145,0.078,5.253,30.0,1457,-1,5.22,True,107,True,True,0.637,0.0,0.024,False,False,-3.782,1.044,31.628,1457,13.98,,,,,0,False,False,1.936,False,8.58,5.69,20.0,
161.4,28031,648.504,-522.009,0.072,5.021,30.0,1457,-1,5.47,True,107,True,True,0.75,0.0,0.036,False,False,-3.95,0.685,31.844,1457,13.98,,,,,0,False,False,1.94,False,8.33,5.63,20.0,
161.45,28032,648.715,-521.876,0.068,4.984,30.0,1457,-1,5.72,True,107,True,True,0.75,0.0,0.023,False,False,-3.975,0.461,32.028,1457,13.98,,,,,0,False,False,1.944,False,8.08,5.51,20.0,
161.5,28033,648.926,-521.741,0.067,4.99,30.0,1457,-1,5.97,True,107,True,True,0.75,0.0,0.02,False,False,-3.907,0.302,32.177,1457,13.98,,,,,0,False,False,1.95,False,7.83,5.49,20.0,
161.55,28034,649.138,-521.606,0.066,5.029,30.0,1457,-1,6.22,True,107,True,True,0.75,0.0,0.017,False,False,-3.781,0.207,32.302,1457,13.98,,,,,0,False,False,1.956,False,7.58,5.5,20.0,
161.6,28035,649.354,-521.469,0.061,5.065,30.0,1457,-1,6.48,True,107,True,True,0.75,0.0,0.015,False,False,-3.389,0.447,32.415,1457,13.98,,,,,0,False,False,1.966,False,7.32,5.51,20.0,
161.65,28036,649.574,-521.331,0.051,5.108,30.0,1452,-1,8.73,True,107,True,False,0.75,0.0,0.014,False,False,-2.799,0.932,32.565,1457,13.98,,,,,0,False,False,1.975,False,7.06,5.53,20.0,
161.7,28037,649.792,-521.19,0.034,5.026,30.0,1457,-1,7.0,True,107,True,True,0.75,0.0,0.008,False,False,-1.906,1.225,32.66,1457,13.98,,,,,0,False,False,1.984,False,6.8,5.55,20.0,
161.75,28038,650.01,-521.045,0.013,5.12,30.0,1457,-1,7.26,True,107,True,True,0.75,0.0,0.007,False,False,-0.873,0.868,32.804,1457,13.98,,,,,0,False,False,1.987,False,6.54,5.51,20.0,
161.8,28039,650.233,-520.901,-0.0,5.249,30.0,1457,-1,7.53,True,107,True,True,0.75,0.0,-0.005,False,False,-0.252,0.632,32.839,1457,13.98,,,,,0,False,False,1.999,False,6.27,5.56,20.0,
161.85,28040,650.458,-520.756,-0.007,5.315,30.0,1457,-1,7.79,True,107,True,True,0.75,0.0,0.004,False,False,0.053,0.451,32.893,1457,13.98,,,,,0,False,False,1.876,False,6.01,5.62,20.0,
161.9,28041,650.682,-520.611,-0.01,5.312,30.0,1457,-1,8.15,True,107,True,True,0.75,0.0,0.001,False,False,0.162,0.313,32.866,1457,13.98,,,,,0,False,False,1.881,False,5.74,5.66,20.0,
161.95,28042,650.906,-520.467,-0.011,5.327,30.0,1457,-1,8.41,True,107,True,True,0.75,0.0,0.008,False,False,0.186,0.203,32.935,1457,13.98,,,,,0,False,False,1.526,False,5.47,5.66,20.0,
162.0,28043,651.127,-520.318,-0.011,5.318,30.0,1457,-1,8.68,True,107,True,True,0.75,0.0,0.108,False,False,0.175,0.016,33.101,1250,1.87,,,,,0,False,False,1.899,False,9.07,5.66,20.0,
162.05,28044,651.347,-520.169,-0.01,5.318,30.0,1457,-1,8.95,True,107,True,True,0.75,0.0,0.029,False,False,0.149,-0.079,33.45,1250,1.87,,,,,0,False,False,1.912,False,8.8,5.66,20.0,
162.1,28045,651.569,-520.02,-0.01,5.468,30.0,1457,-1,9.21,True,107,True,True,0.75,0.0,0.004,False,False,0.144,-0.05,33.612,1250,1.87,,,,,0,False,False,1.921,False,8.54,5.66,20.0,
162.15,28046,651.809,-519.859,-0.01,5.921,30.0,1455,-1,0.85,True,107,True,False,0.341,0.0,0.012,False,False,0.269,-0.035,33.771,1250,1.87,,,,,0,False,False,1.93,False,8.25,5.73,20.0,
162.2,28047,652.085,-519.706,0.002,6.221,30.0,1457,-1,9.82,True,107,True,True,0.0,0.3,0.008,False,False,1.286,2.956,33.885,1250,1.87,,,,,0,False,False,1.967,False,7.93,5.96,20.0,
162.25,28048,652.351,-519.531,0.018,6.245,30.0,1457,-1,10.19,True,107,True,True,0.0,0.3,0.027,False,False,1.966,4.078,34.084,1250,1.87,,,,,0,False,False,1.984,False,7.61,6.11,20.0,
162.3,28049,652.602,-519.324,0.044,6.249,30.0,1457,-1,10.52,True,107,True,True,0.0,0.3,0.005,False,False,3.271,1.195,34.19,1250,1.87,,,,,0,False,False,1.961,False,7.29,6.12,20.0,
162.35,28050,652.858,-519.144,0.064,6.119,30.0,1457,-1,10.83,True,107,True,True,0.0,0.3,-0.019,False,False,3.839,0.269,34.252,1250,1.87,,,,,0,False,False,1.965,False,6.98,6.12,20.0,
162.4,28051,653.109,-518.975,0.075,5.978,30.0,1457,-1,11.13,True,107,True,True,0.0,0.3,-0.006,False,False,3.95,0.02,34.275,1250,1.87,,,,,0,False,False,1.993,False,6.68,6.06,20.0,
162.45,28052,653.353,-518.812,0.08,5.806,30.0,1457,-1,11.43,True,107,True,True,0.0,0.3,0.001,False,False,3.873,-0.067,34.289,1250,1.87,,,,,0,False,False,2.028,False,6.38,5.99,20.0,
162.5,28053,653.588,-518.654,0.08,5.615,30.0,1457,-1,11.71,True,107,True,True,0.0,0.3,0.002,False,False,3.74,-0.098,34.289,1250,1.87,,,,,0,False,False,2.058,False,6.1,5.9,20.0,
162.55,28054,653.814,-518.5,0.079,5.418,30.0,1454,-1,4.43,True,107,True,False,0.0,0.244,0.003,False,False,3.61,-0.109,34.317,1250,1.87,,,,,0,False,False,2.082,False,5.83,5.81,20.0,
162.6,28055,654.033,-518.352,0.078,5.248,30.0,1454,-1,4.69,True,107,True,False,0.465,0.0,-0.0,False,False,3.513,-0.097,34.316,1250,1.87,,,,,0,False,False,2.105,False,5.56,5.71,20.0,
162.65,28056,654.24,-518.225,0.105,5.083,30.0,1454,-1,5.05,True,107,True,False,0.75,0.0,0.07,False,False,1.96,1.592,34.524,1250,5.62,,,,,0,False,False,2.129,False,9.07,5.62,20.0,
162.7,28057,654.444,-518.082,0.111,5.038,30.0,1454,-1,5.3,True,107,True,False,0.75,0.0,0.012,False,False,1.669,1.686,34.772,1250,5.62,,,,,0,False,False,2.134,False,8.82,5.54,20.0,
162.75,28058,654.637,-517.936,0.134,5.062,30.0,1454,-1,5.54,True,107,True,False,0.75,0.0,-0.006,False,False,0.493,0.478,34.794,1250,5.62,,,,,0,False,False,2.137,False,8.57,5.52,20.0,
162.8,28059,654.838,-517.797,0.148,5.032,30.0,1454,-1,5.79,True,107,True,False,0.75,0.0,0.003,False,False,-0.155,0.071,34.737,1250,5.62,,,,,0,False,False,2.154,False,8.33,5.53,20.0,
162.85,28060,655.043,-517.662,0.149,4.987,30.0,1454,-1,6.12,True,107,True,False,0.75,0.0,0.016,False,False,-0.594,0.641,34.649,1250,5.62,,,,,0,False,False,2.173,False,8.08,5.52,20.0,
162.9,28061,655.248,-517.528,0.141,4.995,30.0,1454,-1,6.36,True,107,True,False,0.75,0.0,0.026,False,False,-1.115,1.914,34.615,1250,5.62,,,,,0,False,False,2.191,False,7.84,5.49,20.0,
162.95,28062,655.447,-517.394,0.128,4.799,30.0,1454,-1,6.6,True,107,True,False,0.75,0.0,0.026,False,False,-1.694,3.321,34.678,1250,5.62,,,,,0,False,False,2.202,False,7.6,5.5,20.0,
163.0,28063,655.632,-517.26,0.119,4.536,30.0,1454,-1,6.83,True,107,True,False,0.75,0.0,0.016,False,False,-2.044,3.984,34.778,1250,5.62,,,,,0,False,False,2.203,False,7.37,5.4,20.0,
163.05,28064,655.811,-517.131,0.113,4.39,30.0,1454,-1,7.12,True,107,True,False,0.75,0.0,0.006,False,False,-2.191,4.338,34.827,1250,5.62,,,,,0,False,False,2.205,False,7.15,5.27,20.0,
163.1,28065,655.987,-517.004,0.109,4.333,30.0,1454,-1,7.34,True,107,True,False,0.75,0.0,0.007,False,False,-2.2,4.517,34.86,1250,5.62,,,,,0,False,False,2.121,False,6.93,5.2,20.0,
163.15,28066,656.164,-516.878,0.106,4.335,30.0,1454,-1,7.55,True,107,True,False,0.75,0.0,0.007,False,False,-2.129,4.592,34.895,1250,5.62,,,,,0,False,False,2.025,False,6.72,5.17,20.0,
163.2,28067,656.342,-516.751,0.105,4.376,30.0,1454,-1,7.77,True,107,True,False,0.75,0.0,0.005,False,False,-2.022,4.613,34.928,1250,5.62,,,,,0,False,False,2.023,False,6.5,5.17,20.0,
163.25,28068,656.523,-516.623,0.105,4.441,30.0,1454,-1,7.99,True,107,True,False,0.75,0.0,0.004,False,False,-1.908,4.607,34.958,1250,5.62,,,,,0,False,False,2.045,False,6.28,5.19,20.0,
163.3,28069,656.707,-516.493,0.104,4.521,30.0,1454,-1,8.22,True,107,True,False,0.75,0.0,0.003,False,False,-1.804,4.59,34.983,1250,5.62,,,,,0,False,False,2.222,False,6.05,5.22,20.0,
163.35,28070,656.895,-516.36,0.104,4.611,30.0,1454,-1,8.45,True,107,True,False,0.75,0.0,0.003,False,False,-1.694,4.598,35.004,1250,5.62,,,,,0,False,False,2.226,False,5.82,5.26,20.0,
163.4,28071,657.09,-516.226,0.097,4.693,30.0,1250,-1,0.04,False,-1,True,True,0.75,0.0,0.002,False,False,-1.268,4.989,35.033,1250,5.62,,,,,0,False,False,2.234,False,5.58,5.31,20.0,
163.45,28072,657.287,-516.087,0.089,4.783,30.0,1250,-1,0.28,False,-1,True,True,0.75,0.0,0.003,False,False,-0.821,5.361,35.054,1250,5.62,,,,,0,False,False,2.24,False,5.34,5.35,20.0,
163.5,28073,657.486,-515.944,0.082,4.879,30.0,1453,-1,9.56,True,107,True,False,0.75,0.0,0.038,False,False,-0.472,5.597,35.174,1250,9.37,,,,,0,False,False,2.24,False,8.84,5.39,20.0,
163.55,28074,657.688,-515.799,0.077,4.981,30.0,1250,-1,0.77,False,-1,True,True,0.75,0.0,0.001,False,False,-0.217,5.831,35.268,1250,9.37,,,,,0,False,False,2.241,False,8.59,5.44,20.0,
163.6,28075,657.895,-515.651,0.073,5.084,30.0,1250,-1,1.03,False,-1,True,True,0.75,0.0,-0.0,False,False,-0.025,6.046,35.301,1250,9.37,,,,,0,False,False,2.245,False,8.34,5.49,20.0,
163.65,28076,658.106,-515.501,0.07,5.226,30.0,1250,-1,1.29,False,-1,True,True,0.75,0.0,0.003,False,False,0.097,6.179,35.328,1250,9.37,,,,,0,False,False,2.249,False,8.08,5.54,20.0,
163.7,28077,658.318,-515.349,0.069,5.172,30.0,1250,-1,1.55,False,-1,True,True,0.75,0.0,0.003,False,False,0.149,6.261,35.334,1250,9.37,,,,,0,False,False,2.254,False,7.82,5.61,20.0,
163.75,28078,658.53,-515.198,0.068,5.225,30.0,1250,-1,1.81,False,-1,True,True,0.75,0.0,0.004,False,False,0.148,6.311,35.384,1250,9.37,,,,,0,False,False,2.257,False,7.56,5.59,20.0,
163.8,28079,658.74,-515.048,0.068,5.154,30.0,1250,-1,2.06,False,-1,True,True,0.75,0.0,-0.001,False,False,0.129,6.349,35.371,1250,9.37,,,,,0,False,False,2.262,False,7.3,5.61,20.0,
163.85,28080,658.952,-514.897,0.068,5.239,30.0,1250,-1,2.33,False,-1,True,True,0.75,0.0,0.004,False,False,0.116,6.366,35.414,1250,9.37,,,,,0,False,False,2.266,False,7.04,5.58,20.0,
163.9,28081,659.164,-514.746,0.068,5.198,30.0,1250,-1,2.59,False,-1,True,True,0.75,0.0,-0.001,False,False,0.109,6.381,35.398,1250,9.37,,,,,0,False,False,2.272,False,6.78,5.62,20.0,
163.95,28082,659.377,-514.594,0.068,5.263,30.0,1250,-1,2.85,False,-1,True,True,0.75,0.0,0.003,False,False,0.103,6.384,35.434,1250,9.37,,,,,0,False,False,2.275,False,6.52,5.6,20.0,
164.0,28083,659.59,-514.442,0.068,5.19,30.0,1250,-1,3.11,False,-1,True,True,0.75,0.0,-0.001,False,False,0.091,6.391,35.411,1250,9.37,,,,,0,False,False,2.281,False,6.26,5.63,20.0,
164.05,28084,659.81,-514.286,0.068,5.616,30.0,1250,-1,3.38,False,-1,True,True,0.75,0.0,0.003,False,False,0.157,6.387,35.413,1250,9.37,,,,,0,False,False,2.286,False,5.99,5.59,20.0,
164.1,28085,660.048,-514.116,0.066,5.944,30.0,1250,-1,3.67,False,-1,True,True,0.0,0.19,0.001,False,False,0.307,6.387,35.427,1250,9.37,,,,,0,False,False,2.292,False,5.7,5.81,20.0,
164.15,28086,660.298,-513.936,0.065,6.241,30.0,1250,-1,3.98,False,-1,True,True,0.0,0.3,0.022,False,False,0.416,6.346,35.519,1250,13.11,,,,,0,False,False,2.293,False,9.13,5.97,20.0,
164.2,28087,660.552,-513.754,0.065,6.235,30.0,1250,-1,4.29,False,-1,True,True,0.0,0.3,-0.001,False,False,0.421,6.358,35.588,1250,13.11,,,,,0,False,False,2.296,False,8.82,6.12,20.0,
164.25,28088,660.806,-513.573,0.066,6.25,30.0,1250,-1,4.6,False,-1,True,True,0.0,0.3,-0.002,False,False,0.357,6.381,35.599,1250,13.11,,,,,0,False,False,2.301,False,8.51,6.12,20.0,
164.3,28089,661.055,-513.395,0.067,6.057,30.0,1250,-1,4.91,False,-1,True,True,0.0,0.3,0.002,False,False,0.24,6.385,35.621,1250,13.11,,,,,0,False,False,2.306,False,8.2,6.13,20.0,
164.35,28090,661.298,-513.22,0.068,5.953,30.0,1250,-1,5.21,False,-1,True,True,0.0,0.3,0.001,False,False,0.123,6.386,35.6,1250,13.11,,,,,0,False,False,2.312,False,7.9,6.03,20.0,
164.4,28091,661.533,-513.052,0.069,5.707,30.0,1250,-1,5.5,False,-1,True,True,0.0,0.3,0.004,False,False,0.003,6.381,35.633,1250,13.11,,,,,0,False,False,2.315,False,7.61,5.98,20.0,
164.45,28092,661.761,-512.888,0.07,5.573,30.0,1250,-1,5.78,False,-1,True,True,0.0,0.3,-0.001,False,False,-0.086,6.384,35.612,1250,13.11,,,,,0,False,False,2.32,False,7.33,5.85,20.0,
164.5,28093,661.981,-512.73,0.071,5.329,30.0,1250,-1,6.05,False,-1,True,True,0.0,0.092,0.004,False,False,-0.163,6.382,35.646,1250,13.11,,,,,0,False,False,2.324,False,7.06,5.79,20.0,
164.55,28094,662.194,-512.577,0.071,5.239,30.0,1250,-1,6.31,False,-1,True,True,0.75,0.0,-0.001,False,False,-0.198,6.387,35.627,1250,13.11,,,,,0,False,False,2.328,False,6.8,5.66,20.0,
164.6,28095,662.402,-512.428,0.071,5.037,30.0,1250,-1,6.57,False,-1,True,True,0.75,0.0,0.003,False,False,-0.222,6.387,35.668,1250,13.11,,,,,0,False,False,2.331,False,6.54,5.62,20.0,
164.65,28096,662.607,-512.281,0.071,5.061,30.0,1250,-1,6.82,False,-1,True,True,0.75,0.0,-0.002,False,False,-0.198,6.392,35.669,1250,13.11,,,,,0,False,False,2.335,False,6.29,5.52,20.0,
164.7,28097,662.812,-512.134,0.07,5.043,30.0,1250,-1,7.07,False,-1,True,True,0.75,0.0,0.0,False,False,-0.149,6.391,35.669,1250,13.11,,,,,0,False,False,2.339,False,6.04,5.53,20.0,
164.75,28098,663.015,-511.988,0.07,4.861,30.0,1250,-1,7.32,False,-1,True,True,0.75,0.0,0.0,False,False,-0.117,6.389,35.677,1250,13.11,,,,,0,False,False,2.343,False,5.79,5.52,20.0,
164.8,28099,663.202,-511.854,0.071,4.472,30.0,1250,-1,7.55,False,-1,True,True,0.75,0.0,-0.001,False,False,-0.201,6.388,35.687,1250,13.11,,,,,0,False,False,2.346,False,5.56,5.43,20.0,
164.85,28100,663.376,-511.728,0.071,4.229,30.0,1250,-1,7.77,False,-1,True,True,0.75,0.0,-0.001,False,False,-0.282,6.389,35.678,1250,13.11,,,,,0,False,False,2.35,False,5.35,5.24,20.0,
164.9,28101,663.544,-511.607,0.072,4.104,30.0,1250,-1,7.97,False,-1,True,True,0.75,0.0,0.001,False,False,-0.308,6.387,35.672,1250,13.11,,,,,0,False,False,2.353,False,5.14,5.11,20.0,
164.95,28102,663.71,-511.488,0.071,4.064,30.0,1250,-1,8.18,False,-1,True,True,0.75,0.0,0.0,False,False,-0.279,6.386,35.671,1250,13.11,,,,,0,False,False,2.356,False,4.93,5.05,20.0,
165.0,28103,663.875,-511.368,0.071,4.081,30.0,1250,-1,8.38,False,-1,True,True,0.75,0.0,0.014,False,False,-0.211,6.364,35.711,1250,16.86,,,,,0,False,False,2.357,False,8.48,5.03,20.0,
165.05,28104,664.042,-511.248,0.07,4.134,30.0,1250,-1,8.59,False,-1,True,True,0.75,0.0,0.0,False,False,-0.127,6.37,35.739,1250,16.86,,,,,0,False,False,2.359,False,8.27,5.04,20.0,
165.1,28105,664.212,-511.125,0.069,4.207,30.0,1250,-1,8.8,False,-1,True,True,0.75,0.0,0.0,False,False,-0.042,6.381,35.748,1250,16.86,,,,,0,False,False,2.361,False,8.06,5.07,20.0,
165.15,28106,664.386,-511.0,0.069,4.294,30.0,1250,-1,9.01,False,-1,True,True,0.75,0.0,0.001,False,False,0.034,6.386,35.757,1250,16.86,,,,,0,False,False,2.364,False,7.85,5.1,20.0,
165.2,28107,664.563,-510.873,0.068,4.388,30.0,1250,-1,9.23,False,-1,True,True,0.75,0.0,0.001,False,False,0.098,6.388,35.766,1250,16.86,,,,,0,False,False,2.367,False,7.63,5.15,20.0,
165.25,28108,664.744,-510.742,0.068,4.488,30.0,1250,-1,9.45,False,-1,True,True,0.75,0.0,0.001,False,False,0.147,6.389,35.775,1250,16.86,,,,,0,False,False,2.369,False,7.41,5.19,20.0,
165.3,28109,664.928,-510.609,0.067,4.59,30.0,1250,-1,9.68,False,-1,True,True,0.75,0.0,0.001,False,False,0.185,6.39,35.783,1250,16.86,,,,,0,False,False,2.372,False,7.18,5.24,20.0,
165.35,28110,665.117,-510.473,0.067,4.694,30.0,1250,-1,9.91,False,-1,True,True,0.75,0.0,0.0,False,False,0.211,6.39,35.79,1250,16.86,,,,,0,False,False,2.375,False,6.95,5.3,20.0,
165.4,28111,665.31,-510.334,0.067,4.798,30.0,1250,-1,10.15,False,-1,True,True,0.75,0.0,0.0,False,False,0.23,6.39,35.796,1250,16.86,,,,,0,False,False,2.379,False,6.71,5.35,20.0,
165.45,28112,665.508,-510.192,0.067,4.902,30.0,1250,-1,10.39,False,-1,True,True,0.75,0.0,0.0,False,False,0.243,6.39,35.802,1250,16.86,,,,,0,False,False,2.382,False,6.46,5.4,20.0,
165.5,28113,665.709,-510.047,0.067,5.007,30.0,1250,-1,10.64,False,-1,True,True,0.75,0.0,0.0,False,False,0.25,6.389,35.807,1250,16.86,,,,,0,False,False,2.385,False,6.22,5.45,20.0,
165.55,28114,665.915,-509.898,0.067,5.111,30.0,1250,-1,10.9,False,-1,True,True,0.75,0.0,0.0,False,False,0.256,6.389,35.811,1250,16.86,,,,,0,False,False,2.389,False,5.96,5.5,20.0,
165.6,28115,666.124,-509.747,0.067,5.171,30.0,1250,-1,11.15,False,-1,True,True,0.75,0.0,-0.0,False,False,0.255,6.389,35.814,1250,16.86,,,,,0,False,False,2.392,False,5.7,5.56,20.0,
165.65,28116,666.338,-509.594,0.067,5.31,30.0,1250,-1,11.42,False,-1,True,True,0.75,0.0,-0.0,False,False,0.252,6.388,35.834,1250,16.86,,,,,0,False,False,2.395,False,5.44,5.59,20.0,
165.7,28117,666.551,-509.44,0.067,5.215,30.0,1250,-1,11.68,False,-1,True,True,0.75,0.0,0.006,False,False,0.214,6.379,35.821,1250,20.6,,,,,0,False,False,2.399,False,8.93,5.66,20.0,
165.75,28118,666.763,-509.286,0.068,5.277,30.0,1250,-1,11.94,False,-1,True,True,0.75,0.0,0.003,False,False,0.172,6.374,35.868,1250,20.6,,,,,0,False,False,2.401,False,8.66,5.61,20.0,
165.8,28119,666.975,-509.133,0.068,5.216,30.0,1250,-1,12.2,False,-1,True,True,0.75,0.0,-0.002,False,False,0.138,6.382,35.848,1250,20.6,,,,,0,False,False,2.405,False,8.4,5.64,20.0,
165.85,28120,667.189,-508.979,0.068,5.309,30.0,1250,-1,12.47,False,-1,True,True,0.75,0.0,0.003,False,False,0.121,6.381,35.883,1250,20.6,,,,,0,False,False,2.407,False,8.14,5.61,20.0,
165.9,28121,667.402,-508.824,0.068,5.242,30.0,1250,-1,12.73,False,-1,True,True,0.75,0.0,-0.002,False,False,0.108,6.386,35.857,1250,20.6,,,,,0,False,False,2.411,False,7.87,5.65,20.0,
165.95,28122,667.616,-508.67,0.068,5.308,30.0,1250,-1,12.99,False,-1,True,True,0.75,0.0,0.003,False,False,0.096,6.383,35.889,1250,20.6,,,,,0,False,False,2.413,False,7.61,5.62,20.0,
166.0,28123,667.833,-508.513,0.068,5.491,30.0,1250,-1,13.26,False,-1,True,True,0.75,0.0,-0.002,False,False,0.126,6.387,35.859,1250,20.6,,,,,0,False,False,2.418,False,7.34,5.65,20.0,
166.05,28124,668.069,-508.342,0.067,6.0,30.0,1250,-1,13.55,False,-1,True,True,0.259,0.0,0.003,False,False,0.281,6.383,35.863,1250,20.6,,,,,0,False,False,2.421,False,7.05,5.75,20.0,
166.1,28125,668.319,-508.161,0.066,6.191,30.0,1250,-1,13.86,False,-1,True,True,0.0,0.3,0.001,False,False,0.399,6.384,35.884,1250,20.6,,,,,0,False,False,2.424,False,6.74,6.0,20.0,
166.15,28126,668.574,-507.977,0.065,6.332,30.0,1250,-1,14.18,False,-1,True,True,0.0,0.3,-0.001,False,False,0.426,6.39,35.894,1250,20.6,,,,,0,False,False,2.428,False,6.43,6.1,20.0,
166.2,28127,668.828,-507.794,0.066,6.219,30.0,1250,-1,14.49,False,-1,True,True,0.0,0.3,-0.0,False,False,0.361,6.392,35.902,1250,20.6,,,,,0,False,False,2.432,False,6.12,6.17,20.0,
166.25,28128,669.077,-507.613,0.067,6.151,30.0,1250,-1,14.8,False,-1,True,True,0.0,0.3,-0.0,False,False,0.256,6.391,35.876,1250,20.6,,,,,0,False,False,2.437,False,5.81,6.11,20.0,
166.3,28129,669.32,-507.438,0.068,5.926,30.0,1250,-1,15.1,False,-1,True,True,0.0,0.3,0.006,False,False,0.125,6.379,35.91,1250,24.35,,,,,0,False,False,2.439,False,9.25,6.08,20.0,
166.35,28130,669.556,-507.266,0.069,5.805,30.0,1250,-1,15.39,False,-1,True,True,0.0,0.3,-0.001,False,False,0.017,6.381,35.89,1250,24.35,,,,,0,False,False,2.443,False,8.96,5.96,20.0,
166.4,28131,669.784,-507.101,0.07,5.546,30.0,1250,-1,15.67,False,-1,True,True,0.0,0.3,0.003,False,False,-0.086,6.381,35.919,1250,24.35,,,,,0,False,False,2.445,False,8.68,5.9,20.0,
166.45,28132,670.006,-506.941,0.071,5.438,30.0,1250,-1,15.94,False,-1,True,True,0.003,0.0,-0.001,False,False,-0.151,6.386,35.893,1250,24.35,,,,,0,False,False,2.449,False,8.41,5.77,20.0,
166.5,28133,670.22,-506.785,0.071,5.22,30.0,1250,-1,16.21,False,-1,True,True,0.392,0.0,0.003,False,False,-0.198,6.385,35.928,1250,24.35,,,,,0,False,False,2.451,False,8.14,5.72,20.0,
166.55,28134,670.43,-506.633,0.071,5.153,30.0,1250,-1,16.47,False,-1,True,True,0.75,0.0,-0.002,False,False,-0.209,6.39,35.909,1250,24.35,,,,,0,False,False,2.455,False,7.88,5.61,20.0,
166.6,28135,670.635,-506.485,0.071,5.018,30.0,1250,-1,16.72,False,-1,True,True,0.75,0.0,0.002,False,False,-0.207,6.389,35.943,1250,24.35,,,,,0,False,False,2.457,False,7.63,5.58,20.0,
166.65,28136,670.84,-506.336,0.071,5.087,30.0,1250,-1,16.97,False,-1,True,True,0.75,0.0,-0.002,False,False,-0.153,6.392,35.914,1250,24.35,,,,,0,False,False,2.46,False,7.38,5.51,20.0,
166.7,28137,671.043,-506.189,0.07,4.915,30.0,1250,-1,17.23,False,-1,True,True,0.75,0.0,0.003,False,False,-0.113,6.389,35.919,1250,24.35,,,,,0,False,False,2.463,False,7.13,5.54,20.0,
166.75,28138,671.233,-506.051,0.071,4.557,30.0,1250,-1,17.46,False,-1,True,True,0.75,0.0,0.0,False,False,-0.181,6.387,35.94,1250,24.35,,,,,0,False,False,2.465,False,6.89,5.46,20.0,
166.8,28139,671.411,-505.922,0.071,4.3,30.0,1250,-1,17.68,False,-1,True,True,0.75,0.0,-0.002,False,False,-0.264,6.389,35.932,1250,24.35,,,,,0,False,False,2.468,False,6.67,5.28,20.0,
166.85,28140,671.581,-505.799,0.072,4.164,30.0,1250,-1,17.89,False,-1,True,True,0.75,0.0,0.001,False,False,-0.297,6.388,35.925,1250,24.35,,,,,0,False,False,2.47,False,6.46,5.15,20.0,
166.9,28141,671.748,-505.677,0.071,4.116,30.0,1250,-1,18.1,False,-1,True,True,0.75,0.0,0.001,False,False,-0.275,6.387,35.924,1250,24.35,,,,,0,False,False,2.472,False,6.26,5.08,20.0,
166.95,28142,671.915,-505.556,0.071,4.128,30.0,1250,-1,18.3,False,-1,True,True,0.75,0.0,0.0,False,False,-0.213,6.387,35.925,1250,24.35,,,,,0,False,False,2.474,False,6.05,5.06,20.0,
167.0,28143,672.084,-505.434,0.07,4.177,30.0,1250,-1,18.51,False,-1,True,True,0.75,0.0,-0.0,False,False,-0.132,6.388,35.927,1250,24.35,,,,,0,False,False,2.477,False,5.84,5.06,20.0,
167.05,28144,672.255,-505.309,0.069,4.248,30.0,1250,-1,18.72,False,-1,True,True,0.75,0.0,-0.0,False,False,-0.048,6.389,35.928,1250,24.35,,,,,0,False,False,2.479,False,5.63,5.09,20.0,
167.1,28145,672.43,-505.183,0.069,4.332,30.0,1250,-1,18.94,False,-1,True,True,0.75,0.0,-0.0,False,False,0.028,6.39,35.93,1250,24.35,,,,,0,False,False,2.481,False,5.41,5.12,20.0,
167.15,28146,672.608,-505.054,0.068,4.426,30.0,1250,-1,19.16,False,-1,True,True,0.75,0.0,-0.0,False,False,0.092,6.39,35.933,1250,24.35,,,,,0,False,False,2.484,False,5.19,5.17,20.0,
167.2,28147,672.79,-504.922,0.068,4.524,30.0,1250,-1,19.38,False,-1,True,True,0.75,0.0,0.002,False,False,0.142,6.386,35.942,1250,28.1,,,,,0,False,False,2.486,False,8.71,5.21,20.0,
167.25,28148,672.976,-504.787,0.067,4.625,30.0,1250,-1,19.61,False,-1,True,True,0.75,0.0,-0.0,False,False,0.181,6.387,35.95,1250,28.1,,,,,0,False,False,2.488,False,8.49,5.26,20.0,
167.3,28149,673.166,-504.65,0.067,4.729,30.0,1250,-1,19.85,False,-1,True,True,0.75,0.0,-0.0,False,False,0.208,6.389,35.954,1250,28.1,,,,,0,False,False,2.491,False,8.25,5.31,20.0,
167.35,28150,673.36,-504.509,0.067,4.832,30.0,1250,-1,20.09,False,-1,True,True,0.75,0.0,-0.0,False,False,0.228,6.389,35.957,1250,28.1,,,,,0,False,False,2.494,False,8.01,5.36,20.0,
167.4,28151,673.558,-504.365,0.067,4.936,30.0,1250,-1,20.33,False,-1,True,True,0.75,0.0,-0.0,False,False,0.241,6.389,35.96,1250,28.1,,,,,0,False,False,2.497,False,7.77,5.42,20.0,
167.45,28152,673.761,-504.219,0.067,5.04,30.0,1250,-1,20.58,False,-1,True,True,0.75,0.0,-0.0,False,False,0.249,6.389,35.963,1250,28.1,,,,,0,False,False,2.499,False,7.52,5.47,20.0,
167.5,28153,673.967,-504.069,0.067,5.141,30.0,1250,-1,20.84,False,-1,True,True,0.75,0.0,-0.0,False,False,0.254,6.389,35.965,1250,28.1,,,,,0,False,False,2.502,False,7.26,5.52,20.0,
167.55,28154,674.178,-503.916,0.067,5.279,30.0,1250,-1,21.1,False,-1,True,True,0.75,0.0,-0.0,False,False,0.258,6.389,35.97,1250,28.1,,,,,0,False,False,2.505,False,7.0,5.57,20.0,
167.6,28155,674.391,-503.762,0.067,5.241,30.0,1250,-1,21.36,False,-1,True,True,0.75,0.0,-0.001,False,False,0.244,6.389,35.957,1250,28.1,,,,,0,False,False,2.509,False,6.74,5.64,20.0,
167.65,28156,674.605,-503.607,0.068,5.29,30.0,1250,-1,21.62,False,-1,True,True,0.75,0.0,0.001,False,False,0.204,6.386,35.986,1250,28.1,,,,,0,False,False,2.511,False,6.47,5.62,20.0,
167.7,28157,674.816,-503.454,0.068,5.218,30.0,1250,-1,21.89,False,-1,True,True,0.75,0.0,-0.002,False,False,0.161,6.389,35.954,1250,28.1,,,,,0,False,False,2.515,False,6.21,5.65,20.0,
167.75,28158,675.03,-503.299,0.068,5.3,30.0,1250,-1,22.15,False,-1,True,True,0.75,0.0,0.003,False,False,0.133,6.385,35.983,1250,28.1,,,,,0,False,False,2.517,False,5.95,5.61,20.0,
167.8,28159,675.243,-503.145,0.068,5.258,30.0,1250,-1,22.41,False,-1,True,True,0.75,0.0,-0.002,False,False,0.118,6.388,35.956,1250,28.1,,,,,0,False,False,2.52,False,5.69,5.65,20.0,
167.85,28160,675.457,-502.989,0.068,5.322,30.0,1250,-1,22.68,False,-1,True,True,0.75,0.0,0.002,False,False,0.107,6.384,35.983,1250,28.1,,,,,0,False,False,2.523,False,5.42,5.63,20.0,
167.9,28161,675.67,-502.834,0.068,5.249,30.0,1250,-1,22.94,False,-1,True,True,0.75,0.0,-0.002,False,False,0.093,6.386,35.955,1250,31.84,,,,,0,False,False,2.526,False,8.9,5.66,20.0,
167.95,28162,675.891,-502.674,0.068,5.673,30.0,1250,-1,23.21,False,-1,True,True,0.75,0.0,0.002,False,False,0.157,6.383,35.954,1250,31.84,,,,,0,False,False,2.529,False,8.63,5.62,20.0,
168.0,28163,676.13,-502.5,0.066,5.996,30.0,1250,-1,23.51,False,-1,True,True,0.0,0.3,0.001,False,False,0.305,6.383,35.963,1250,31.84,,,,,0,False,False,2.532,False,8.34,5.84,20.0,
168.05,28164,676.381,-502.318,0.066,6.285,30.0,1250,-1,23.82,False,-1,True,True,0.0,0.3,-0.0,False,False,0.41,6.387,35.977,1250,31.84,,,,,0,False,False,2.535,False,8.03,6.0,20.0,
168.1,28165,676.636,-502.134,0.066,6.277,30.0,1250,-1,24.13,False,-1,True,True,0.0,0.3,-0.001,False,False,0.414,6.391,35.983,1250,31.84,,,,,0,False,False,2.539,False,7.71,6.14,20.0,
168.15,28166,676.891,-501.949,0.066,6.287,30.0,1250,-1,24.45,False,-1,True,True,0.0,0.3,-0.0,False,False,0.351,6.392,35.971,1250,31.84,,,,,0,False,False,2.543,False,7.4,6.14,20.0,
168.2,28167,677.14,-501.769,0.067,6.09,30.0,1250,-1,24.76,False,-1,True,True,0.0,0.3,0.001,False,False,0.233,6.388,35.989,1250,31.84,,,,,0,False,False,2.545,False,7.09,6.14,20.0,
168.25,28168,677.383,-501.592,0.068,5.986,30.0,1250,-1,25.06,False,-1,True,True,0.0,0.3,-0.001,False,False,0.116,6.389,35.958,1250,31.84,,,,,0,False,False,2.55,False,6.79,6.05,20.0,
168.3,28169,677.618,-501.422,0.069,5.741,30.0,1250,-1,25.35,False,-1,True,True,0.0,0.3,0.003,False,False,-0.002,6.384,35.981,1250,31.84,,,,,0,False,False,2.552,False,6.5,5.99,20.0,
168.35,28170,677.846,-501.256,0.07,5.606,30.0,1250,-1,25.63,False,-1,True,True,0.0,0.3,-0.002,False,False,-0.089,6.386,35.951,1250,31.84,,,,,0,False,False,2.556,False,6.22,5.87,20.0,
168.4,28171,678.066,-501.096,0.071,5.349,30.0,1250,-1,25.9,False,-1,True,True,0.0,0.216,0.003,False,False,-0.168,6.384,35.977,1250,31.84,,,,,0,False,False,2.558,False,5.94,5.8,20.0,
168.45,28172,678.28,-500.941,0.071,5.25,30.0,1250,-1,26.16,False,-1,True,True,0.711,0.0,-0.002,False,False,-0.208,6.388,35.951,1250,31.84,,,,,0,False,False,2.561,False,5.68,5.67,20.0,
168.5,28173,678.487,-500.79,0.071,5.047,30.0,1250,-1,26.42,False,-1,True,True,0.75,0.0,0.003,False,False,-0.232,6.387,35.988,1250,31.84,,,,,0,False,False,2.563,False,5.42,5.62,20.0,
168.55,28174,678.691,-500.642,0.071,5.073,30.0,1250,-1,26.67,False,-1,True,True,0.75,0.0,-0.003,False,False,-0.208,6.392,35.959,1250,35.59,,,,,0,False,False,2.526,False,8.92,5.52,20.0,
168.6,28175,678.896,-500.493,0.071,5.026,30.0,1250,-1,26.93,False,-1,True,True,0.75,0.0,0.003,False,False,-0.156,6.387,35.993,1250,35.59,,,,,0,False,False,2.53,False,8.67,5.54,20.0,
168.65,28176,679.096,-500.348,0.07,4.781,30.0,1250,-1,27.17,False,-1,True,True,0.75,0.0,-0.003,False,False,-0.144,6.39,35.983,1250,35.59,,,,,0,False,False,2.532,False,8.42,5.51,20.0,
168.7,28177,679.279,-500.215,0.071,4.415,30.0,1250,-1,27.4,False,-1,True,True,0.75,0.0,0.001,False,False,-0.228,6.39,35.963,1250,35.59,,,,,0,False,False,2.533,False,8.19,5.39,20.0,
168.75,28178,679.451,-500.09,0.072,4.192,30.0,1250,-1,27.61,False,-1,True,True,0.75,0.0,0.002,False,False,-0.298,6.387,35.955,1250,35.59,,,,,0,False,False,2.535,False,7.98,5.21,20.0,
168.8,28179,679.618,-499.969,0.072,4.082,30.0,1250,-1,27.82,False,-1,True,True,0.75,0.0,0.001,False,False,-0.312,6.385,35.954,1250,35.59,,,,,0,False,False,2.537,False,7.77,5.1,20.0,
168.85,28180,679.782,-499.849,0.071,4.054,30.0,1250,-1,28.02,False,-1,True,True,0.75,0.0,0.001,False,False,-0.273,6.386,35.956,1250,35.59,,,,,0,False,False,2.539,False,7.57,5.04,20.0,
168.9,28181,679.947,-499.729,0.071,4.078,30.0,1250,-1,28.23,False,-1,True,True,0.75,0.0,0.0,False,False,-0.201,6.387,35.959,1250,35.59,,,,,0,False,False,2.541,False,7.37,5.03,20.0,
168.95,28182,680.114,-499.608,0.07,4.134,30.0,1250,-1,28.43,False,-1,True,True,0.75,0.0,0.0,False,False,-0.114,6.389,35.962,1250,35.59,,,,,0,False,False,2.544,False,7.16,5.04,20.0,
169.0,28183,680.284,-499.485,0.069,4.211,30.0,1250,-1,28.64,False,-1,True,True,0.75,0.0,0.0,False,False,-0.029,6.39,35.965,1250,35.59,,,,,0,False,False,2.546,False,6.95,5.07,20.0,
169.05,28184,680.457,-499.359,0.069,4.299,30.0,1250,-1,28.86,False,-1,True,True,0.75,0.0,-0.0,False,False,0.045,6.39,35.969,1250,35.59,,,,,0,False,False,2.548,False,6.74,5.11,20.0,
169.1,28185,680.633,-499.231,0.068,4.394,30.0,1250,-1,29.07,False,-1,True,True,0.75,0.0,-0.0,False,False,0.107,6.391,35.972,1250,35.59,,,,,0,False,False,2.551,False,6.52,5.15,20.0,
169.15,28186,680.814,-499.1,0.068,4.494,30.0,1250,-1,29.3,False,-1,True,True,0.75,0.0,-0.0,False,False,0.154,6.391,35.975,1250,35.59,,,,,0,False,False,2.553,False,6.29,5.2,20.0,
169.2,28187,680.999,-498.966,0.067,4.597,30.0,1250,-1,29.53,False,-1,True,True,0.75,0.0,-0.0,False,False,0.19,6.391,35.977,1250,35.59,,,,,0,False,False,2.556,False,6.07,5.25,20.0,
169.25,28188,681.187,-498.829,0.067,4.701,30.0,1250,-1,29.76,False,-1,True,True,0.75,0.0,-0.0,False,False,0.215,6.391,35.98,1250,35.59,,,,,0,False,False,2.559,False,5.83,5.3,20.0,
169.3,28189,681.38,-498.689,0.067,4.805,30.0,1250,-1,30.0,False,-1,True,True,0.75,0.0,-0.0,False,False,0.233,6.39,35.982,1250,35.59,,,,,0,False,False,2.561,False,5.59,5.35,20.0,
169.35,28190,681.578,-498.546,0.067,4.91,30.0,1250,-1,30.24,False,-1,True,True,0.75,0.0,-0.0,False,False,0.244,6.389,35.985,1250,35.59,,,,,0,False,False,2.564,False,5.35,5.4,20.0,
169.4,28191,681.779,-498.4,0.067,5.014,30.0,1250,-1,30.49,False,-1,True,True,0.75,0.0,-0.0,False,False,0.252,6.389,35.988,1250,39.34,,,,,0,False,False,0.0,False,8.85,5.45,20.0,
169.45,28192,681.984,-498.251,0.067,5.119,30.0,1250,-1,30.74,False,-1,True,True,0.75,0.0,-0.0,False,False,0.256,6.389,35.99,1250,39.34,,,,,0,False,False,0.0,False,8.59,5.51,20.0,
169.5,28193,682.194,-498.099,0.067,5.179,30.0,1250,-1,31.0,False,-1,True,True,0.75,0.0,-0.0,False,False,0.256,6.389,35.992,1250,39.34,,,,,0,False,False,0.0,False,8.34,5.56,20.0,
169.55,28194,682.408,-497.944,0.067,5.348,30.0,1250,-1,31.27,False,-1,True,True,0.75,0.0,-0.0,False,False,0.258,6.388,36.002,1250,39.34,,,,,0,False,False,0.0,False,8.07,5.59,20.0,
169.6,28195,682.622,-497.789,0.067,5.267,30.0,1250,-1,31.53,False,-1,True,True,0.75,0.0,-0.001,False,False,0.23,6.389,35.98,1250,39.34,,,,,0,False,False,0.0,False,7.81,5.67,20.0,
169.65,28196,682.837,-497.633,0.068,5.324,30.0,1250,-1,31.8,False,-1,True,True,0.75,0.0,0.002,False,False,0.187,6.385,36.008,1250,39.34,,,,,0,False,False,0.0,False,7.54,5.63,20.0,
169.7,28197,683.05,-497.478,0.068,5.26,30.0,1250,-1,32.06,False,-1,True,True,0.75,0.0,-0.003,False,False,0.149,6.388,35.978,1250,39.34,,,,,0,False,False,0.0,False,7.28,5.66,20.0,
169.75,28198,683.265,-497.323,0.068,5.348,30.0,1250,-1,32.32,False,-1,True,True,0.75,0.0,0.002,False,False,0.128,6.384,36.006,1250,39.34,,,,,0,False,False,0.0,False,7.01,5.63,20.0,
169.8,28199,683.48,-497.167,0.068,5.287,30.0,1250,-1,32.59,False,-1,True,True,0.75,0.0,-0.002,False,False,0.113,6.387,35.981,1250,39.34,,,,,0,False,False,0.0,False,6.75,5.67,20.0,
169.85,28200,683.695,-497.01,0.068,5.353,30.0,1250,-1,32.86,False,-1,True,True,0.75,0.0,0.002,False,False,0.099,6.384,36.011,1250,39.34,,,,,0,False,False,0.0,False,6.48,5.64,20.0,
169.9,28201,683.912,-496.853,0.068,5.435,30.0,1250,-1,33.12,False,-1,True,True,0.75,0.0,-0.003,False,False,0.103,6.388,36.009,1250,39.34,,,,,0,False,False,0.0,False,6.21,5.68,20.0,
169.95,28202,684.146,-496.684,0.067,5.961,30.0,1250,-1,33.41,False,-1,True,True,0.458,0.0,-0.0,False,False,0.241,6.388,36.045,1250,39.34,,,,,0,False,False,0.0,False,5.92,5.72,20.0,
170.0,28203,684.395,-496.504,0.066,6.186,30.0,1250,-1,33.72,False,-1,True,True,0.0,0.3,-0.004,False,False,0.369,6.394,36.058,1250,43.08,,,,,0,False,False,0.0,False,9.36,5.98,20.0,
170.05,28204,684.651,-496.319,0.066,6.36,30.0,1250,-1,34.04,False,-1,True,True,0.0,0.3,-0.003,False,False,0.417,6.397,36.053,1250,43.08,,,,,0,False,False,0.0,False,9.05,6.09,20.0,
170.1,28205,684.906,-496.134,0.066,6.271,30.0,1250,-1,34.35,False,-1,True,True,0.0,0.3,-0.001,False,False,0.369,6.393,36.047,1250,43.08,,,,,0,False,False,0.0,False,8.73,6.18,20.0,
170.15,28206,685.158,-495.951,0.067,6.218,30.0,1250,-1,34.66,False,-1,True,True,0.0,0.3,-0.001,False,False,0.275,6.388,36.018,1250,43.08,,,,,0,False,False,0.0,False,8.42,6.14,20.0,
170.2,28207,685.403,-495.773,0.068,6.0,30.0,1250,-1,34.97,False,-1,True,True,0.0,0.3,0.001,False,False,0.147,6.382,36.034,1250,43.08,,,,,0,False,False,0.0,False,8.12,6.11,20.0,
170.25,28208,685.642,-495.599,0.069,5.881,30.0,1250,-1,35.26,False,-1,True,True,0.0,0.3,-0.002,False,False,0.037,6.383,35.999,1250,43.08,,,,,0,False,False,0.0,False,7.82,6.0,20.0,
170.3,28209,685.873,-495.431,0.07,5.625,30.0,1250,-1,35.55,False,-1,True,True,0.0,0.3,0.002,False,False,-0.069,6.38,36.018,1250,43.08,,,,,0,False,False,0.0,False,7.54,5.94,20.0,
170.35,28210,686.097,-495.268,0.07,5.488,30.0,1250,-1,35.82,False,-1,True,True,0.0,0.284,-0.002,False,False,-0.143,6.383,35.984,1250,43.08,,,,,0,False,False,0.0,False,7.26,5.81,20.0,
170.4,28211,686.312,-495.112,0.071,5.251,30.0,1250,-1,36.09,False,-1,True,True,0.209,0.0,0.003,False,False,-0.204,6.382,36.01,1250,43.08,,,,,0,False,False,0.0,False,6.99,5.74,20.0,
170.45,28212,686.523,-494.959,0.071,5.179,30.0,1250,-1,36.35,False,-1,True,True,0.75,0.0,-0.002,False,False,-0.221,6.388,35.987,1250,43.08,,,,,0,False,False,0.0,False,6.73,5.63,20.0,
170.5,28213,686.728,-494.81,0.071,5.011,30.0,1250,-1,36.6,False,-1,True,True,0.75,0.0,0.002,False,False,-0.227,6.388,36.026,1250,43.08,,,,,0,False,False,0.0,False,6.48,5.59,20.0,
170.55,28214,686.933,-494.661,0.071,5.085,30.0,1250,-1,36.86,False,-1,True,True,0.75,0.0,-0.003,False,False,-0.177,6.393,36.007,1250,43.08,,,,,0,False,False,0.0,False,6.23,5.51,20.0,
170.6,28215,687.137,-494.513,0.07,5.008,30.0,1250,-1,37.11,False,-1,True,True,0.75,0.0,0.001,False,False,-0.127,6.391,36.038,1250,43.08,,,,,0,False,False,0.0,False,5.98,5.54,20.0,
170.65,28216,687.331,-494.372,0.07,4.621,30.0,1250,-1,37.35,False,-1,True,True,0.75,0.0,-0.003,False,False,-0.167,6.393,36.003,1250,43.08,,,,,0,False,False,0.0,False,5.74,5.5,20.0,
170.7,28217,687.509,-494.242,0.071,4.334,30.0,1250,-1,37.57,False,-1,True,True,0.75,0.0,0.002,False,False,-0.252,6.388,35.983,1250,43.08,,,,,0,False,False,0.0,False,5.52,5.31,20.0,
170.75,28218,687.68,-494.118,0.071,4.175,30.0,1250,-1,37.78,False,-1,True,True,0.75,0.0,0.002,False,False,-0.296,6.384,35.979,1250,43.08,,,,,0,False,False,0.0,False,5.3,5.17,20.0,
170.8,28219,687.847,-493.996,0.071,4.111,30.0,1250,-1,37.99,False,-1,True,True,0.75,0.0,0.0,False,False,-0.284,6.384,35.979,1250,43.08,,,,,0,False,False,0.0,False,5.1,5.09,20.0,
170.85,28220,688.013,-493.875,0.071,4.113,30.0,1250,-1,38.19,False,-1,True,True,0.75,0.0,0.0,False,False,-0.228,6.386,35.981,1250,43.08,,,,,0,False,False,0.0,False,4.89,5.06,20.0,
170.9,28221,688.181,-493.753,0.07,4.155,30.0,1250,-1,38.4,False,-1,True,True,0.75,0.0,-0.0,False,False,-0.149,6.388,35.981,1250,46.83,,,,,0,False,False,0.0,False,8.43,5.06,20.0,
170.95,28222,688.351,-493.629,0.07,4.222,30.0,1250,-1,38.61,False,-1,True,True,0.75,0.0,0.0,False,False,-0.065,6.389,35.983,1250,46.83,,,,,0,False,False,0.0,False,8.22,5.08,20.0,
171.0,28223,688.525,-493.504,0.069,4.305,30.0,1250,-1,38.82,False,-1,True,True,0.75,0.0,-0.0,False,False,0.013,6.39,35.986,1250,46.83,,,,,0,False,False,0.0,False,8.01,5.11,20.0,
171.05,28224,688.702,-493.375,0.068,4.397,30.0,1250,-1,39.04,False,-1,True,True,0.75,0.0,-0.0,False,False,0.08,6.39,35.988,1250,46.83,,,,,0,False,False,0.0,False,7.79,5.15,20.0,
171.1,28225,688.882,-493.244,0.068,4.495,30.0,1250,-1,39.27,False,-1,True,True,0.75,0.0,-0.0,False,False,0.133,6.391,35.991,1250,46.83,,,,,0,False,False,0.0,False,7.56,5.2,20.0,
171.15,28226,689.067,-493.11,0.067,4.596,30.0,1250,-1,39.49,False,-1,True,True,0.75,0.0,-0.0,False,False,0.174,6.391,35.993,1250,46.83,,,,,0,False,False,0.0,False,7.34,5.25,20.0,
171.2,28227,689.256,-492.973,0.067,4.699,30.0,1250,-1,39.73,False,-1,True,True,0.75,0.0,-0.0,False,False,0.203,6.39,35.996,1250,46.83,,,,,0,False,False,0.0,False,7.1,5.3,20.0,
171.25,28228,689.448,-492.833,0.067,4.802,30.0,1250,-1,39.97,False,-1,True,True,0.75,0.0,-0.0,False,False,0.224,6.39,35.998,1250,46.83,,,,,0,False,False,0.0,False,6.86,5.35,20.0,
171.3,28229,689.645,-492.69,0.067,4.907,30.0,1250,-1,40.21,False,-1,True,True,0.75,0.0,-0.0,False,False,0.238,6.39,36.0,1250,46.83,,,,,0,False,False,0.0,False,6.62,5.4,20.0,
171.35,28230,689.847,-492.544,0.067,5.01,30.0,1250,-1,40.46,False,-1,True,True,0.75,0.0,-0.0,False,False,0.248,6.389,36.002,1250,46.83,,,,,0,False,False,0.0,False,6.37,5.45,20.0,
171.4,28231,690.052,-492.396,0.067,5.115,30.0,1250,-1,40.71,False,-1,True,True,0.75,0.0,-0.0,False,False,0.254,6.389,36.004,1250,46.83,,,,,0,False,False,0.0,False,6.12,5.51,20.0,
171.45,28232,690.261,-492.244,0.067,5.174,30.0,1250,-1,40.97,False,-1,True,True,0.75,0.0,-0.0,False,False,0.254,6.389,36.005,1250,46.83,,,,,0,False,False,0.0,False,5.86,5.56,20.0,
171.5,28233,690.475,-492.089,0.067,5.311,30.0,1250,-1,41.23,False,-1,True,True,0.75,0.0,-0.0,False,False,0.251,6.388,36.023,1250,46.83,,,,,0,False,False,0.0,False,5.6,5.59,20.0,
171.55,28234,690.687,-491.935,0.067,5.215,30.0,1250,-1,41.5,False,-1,True,True,0.75,0.0,-0.003,False,False,0.212,6.391,35.988,1250,50.58,,,,,0,False,False,0.0,False,9.08,5.66,20.0,
171.6,28235,690.899,-491.781,0.068,5.278,30.0,1250,-1,41.76,False,-1,True,True,0.75,0.0,0.002,False,False,0.17,6.386,36.015,1250,50.58,,,,,0,False,False,0.0,False,8.82,5.61,20.0,
171.65,28236,691.111,-491.627,0.068,5.218,30.0,1250,-1,42.02,False,-1,True,True,0.75,0.0,-0.003,False,False,0.137,6.388,35.985,1250,50.58,,,,,0,False,False,0.0,False,8.56,5.64,20.0,
171.7,28237,691.324,-491.473,0.068,5.311,30.0,1250,-1,42.28,False,-1,True,True,0.75,0.0,0.002,False,False,0.121,6.384,36.014,1250,50.58,,,,,0,False,False,0.0,False,8.29,5.61,20.0,
171.75,28238,691.537,-491.318,0.068,5.244,30.0,1250,-1,42.55,False,-1,True,True,0.75,0.0,-0.003,False,False,0.108,6.388,35.984,1250,50.58,,,,,0,False,False,0.0,False,8.03,5.66,20.0,
171.8,28239,691.751,-491.163,0.068,5.31,30.0,1250,-1,42.81,False,-1,True,True,0.75,0.0,0.002,False,False,0.096,6.384,36.012,1250,50.58,,,,,0,False,False,0.0,False,7.77,5.62,20.0,
171.85,28240,691.968,-491.005,0.068,5.493,30.0,1250,-1,43.08,False,-1,True,True,0.75,0.0,-0.002,False,False,0.126,6.388,35.978,1250,50.58,,,,,0,False,False,0.0,False,7.5,5.65,20.0,
171.9,28241,692.204,-490.834,0.067,6.002,30.0,1250,-1,43.37,False,-1,True,True,0.251,0.0,0.003,False,False,0.281,6.384,35.979,1250,50.58,,,,,0,False,False,0.0,False,7.21,5.75,20.0,
171.95,28242,692.453,-490.653,0.066,6.193,30.0,1250,-1,43.68,False,-1,True,True,0.0,0.3,0.0,False,False,0.399,6.385,35.998,1250,50.58,,,,,0,False,False,0.0,False,6.9,6.0,20.0,
172.0,28243,692.708,-490.468,0.065,6.333,30.0,1250,-1,43.99,False,-1,True,True,0.0,0.3,-0.001,False,False,0.426,6.39,36.005,1250,50.58,,,,,0,False,False,0.0,False,6.58,6.1,20.0,
172.05,28244,692.961,-490.284,0.066,6.221,30.0,1250,-1,44.31,False,-1,True,True,0.0,0.3,-0.001,False,False,0.361,6.392,36.011,1250,50.58,,,,,0,False,False,0.0,False,6.27,6.17,20.0,
172.1,28245,693.211,-490.103,0.067,6.152,30.0,1250,-1,44.61,False,-1,True,True,0.0,0.3,-0.001,False,False,0.255,6.392,35.983,1250,50.58,,,,,0,False,False,0.0,False,5.96,6.11,20.0,
172.15,28246,693.454,-489.927,0.068,5.928,30.0,1250,-1,44.91,False,-1,True,True,0.0,0.3,0.002,False,False,0.125,6.386,36.004,1828,1.91,,,,,0,False,False,0.0,False,9.45,6.08,20.0,
172.2,28247,693.69,-489.756,0.069,5.807,30.0,1250,-1,45.21,False,-1,True,True,0.0,0.3,-0.002,False,False,0.016,6.388,35.972,1828,1.91,,,,,0,False,False,0.0,False,9.16,5.96,20.0,
172.25,28248,693.918,-489.59,0.07,5.548,30.0,1250,-1,45.49,False,-1,True,True,0.0,0.3,0.003,False,False,-0.087,6.384,35.994,1828,1.91,,,,,0,False,False,0.0,False,8.87,5.9,20.0,
172.3,28249,694.138,-489.429,0.071,5.439,30.0,1250,-1,45.76,False,-1,True,True,0.0,0.002,-0.002,False,False,-0.151,6.387,35.965,1828,1.91,,,,,0,False,False,0.0,False,8.6,5.77,20.0,
172.35,28250,694.353,-489.274,0.071,5.221,30.0,1250,-1,46.03,False,-1,True,True,0.389,0.0,0.003,False,False,-0.198,6.385,35.998,1828,1.91,,,,,0,False,False,0.0,False,8.34,5.72,20.0,
172.4,28251,694.562,-489.121,0.071,5.154,30.0,1250,-1,46.28,False,-1,True,True,0.75,0.0,-0.002,False,False,-0.209,6.391,35.977,1828,1.91,,,,,0,False,False,0.0,False,8.08,5.61,20.0,
172.45,28252,694.767,-488.973,0.071,5.018,30.0,1250,-1,46.54,False,-1,True,True,0.75,0.0,0.002,False,False,-0.208,6.39,36.009,1828,1.91,,,,,0,False,False,0.0,False,7.82,5.58,20.0,
172.5,28253,694.972,-488.824,0.071,5.087,30.0,1250,-1,46.79,False,-1,True,True,0.75,0.0,-0.003,False,False,-0.154,6.393,35.978,1828,1.91,,,,,0,False,False,0.0,False,7.57,5.51,20.0,
172.55,28254,695.175,-488.676,0.07,4.915,30.0,1250,-1,47.04,False,-1,True,True,0.75,0.0,0.003,False,False,-0.113,6.389,35.982,1828,1.91,,,,,0,False,False,0.0,False,7.32,5.54,20.0,
172.6,28255,695.365,-488.538,0.071,4.557,30.0,1250,-1,47.28,False,-1,True,True,0.75,0.0,-0.0,False,False,-0.182,6.387,36.002,1828,1.91,,,,,0,False,False,0.0,False,7.08,5.46,20.0,
172.65,28256,695.542,-488.409,0.071,4.299,30.0,1250,-1,47.5,False,-1,True,True,0.75,0.0,-0.002,False,False,-0.264,6.389,35.994,1828,1.91,,,,,0,False,False,0.0,False,6.87,5.28,20.0,
172.7,28257,695.712,-488.286,0.072,4.162,30.0,1250,-1,47.71,False,-1,True,True,0.75,0.0,0.0,False,False,-0.298,6.388,35.986,1828,1.91,,,,,0,False,False,0.0,False,6.66,5.15,20.0,
172.75,28258,695.879,-488.164,0.071,4.114,30.0,1250,-1,47.91,False,-1,True,True,0.75,0.0,0.001,False,False,-0.276,6.387,35.984,1828,1.91,,,,,0,False,False,0.0,False,6.45,5.08,20.0,
172.8,28259,696.046,-488.043,0.071,4.126,30.0,1250,-1,48.12,False,-1,True,True,0.75,0.0,0.0,False,False,-0.214,6.387,35.985,1828,1.91,,,,,0,False,False,0.0,False,6.24,5.06,20.0,
172.85,28260,696.215,-487.92,0.07,4.175,30.0,1250,-1,48.33,False,-1,True,True,0.75,0.0,0.0,False,False,-0.132,6.388,35.986,1828,1.91,,,,,0,False,False,0.0,False,6.03,5.06,20.0,
172.9,28261,696.386,-487.796,0.069,4.245,30.0,1250,-1,48.54,False,-1,True,True,0.75,0.0,-0.0,False,False,-0.049,6.389,35.988,1828,1.91,,,,,0,False,False,0.0,False,5.82,5.09,20.0,
172.95,28262,696.56,-487.67,0.069,4.33,30.0,1250,-1,48.75,False,-1,True,True,0.75,0.0,-0.0,False,False,0.028,6.389,35.99,1828,1.91,,,,,0,False,False,0.0,False,5.61,5.12,20.0,
173.0,28263,696.738,-487.54,0.068,4.423,30.0,1250,-1,48.97,False,-1,True,True,0.75,0.0,-0.0,False,False,0.092,6.39,35.992,1828,1.91,,,,,0,False,False,0.0,False,5.39,5.17,20.0,
173.05,28264,696.919,-487.409,0.068,4.522,30.0,1250,-1,49.2,False,-1,True,True,0.75,0.0,-0.0,False,False,0.142,6.39,35.994,1828,1.91,,,,,0,False,False,0.0,False,5.16,5.21,20.0,
173.1,28265,697.105,-487.274,0.067,4.623,30.0,1250,-1,49.43,False,-1,True,True,0.75,0.0,-0.001,False,False,0.18,6.391,35.995,1828,5.74,,,,,0,False,False,0.0,False,8.76,5.26,20.0,
173.15,28266,697.295,-487.136,0.067,4.726,30.0,1250,-1,49.66,False,-1,True,True,0.75,0.0,-0.0,False,False,0.208,6.391,35.996,1828,5.74,,,,,0,False,False,0.0,False,8.52,5.31,20.0,
173.2,28267,697.489,-486.995,0.067,4.83,30.0,1250,-1,49.9,False,-1,True,True,0.75,0.0,-0.0,False,False,0.228,6.39,35.998,1828,5.74,,,,,0,False,False,0.0,False,8.28,5.36,20.0,
173.25,28268,697.687,-486.852,0.067,4.934,30.0,1250,-1,50.15,False,-1,True,True,0.75,0.0,-0.0,False,False,0.241,6.39,35.999,1828,5.74,,,,,0,False,False,0.0,False,8.04,5.42,20.0,
173.3,28269,697.89,-486.705,0.067,5.038,30.0,1250,-1,50.4,False,-1,True,True,0.75,0.0,-0.0,False,False,0.249,6.389,36.001,1828,5.74,,,,,0,False,False,0.0,False,7.79,5.47,20.0,
173.35,28270,698.096,-486.555,0.067,5.139,30.0,1250,-1,50.65,False,-1,True,True,0.75,0.0,-0.0,False,False,0.254,6.389,36.002,1828,5.74,,,,,0,False,False,0.0,False,7.54,5.52,20.0,
173.4,28271,698.307,-486.402,0.067,5.277,30.0,1250,-1,50.91,False,-1,True,True,0.75,0.0,-0.0,False,False,0.258,6.389,36.005,1828,5.74,,,,,0,False,False,0.0,False,7.27,5.57,20.0,
173.45,28272,698.52,-486.248,0.067,5.243,30.0,1250,-1,51.18,False,-1,True,True,0.75,0.0,-0.001,False,False,0.245,6.389,35.991,1828,5.74,,,,,0,False,False,0.0,False,7.01,5.64,20.0,
173.5,28273,698.733,-486.093,0.067,5.292,30.0,1250,-1,51.44,False,-1,True,True,0.75,0.0,0.001,False,False,0.206,6.386,36.018,1828,5.74,,,,,0,False,False,0.0,False,6.75,5.62,20.0,
173.55,28274,698.945,-485.939,0.068,5.219,30.0,1250,-1,51.7,False,-1,True,True,0.75,0.0,-0.003,False,False,0.163,6.389,35.986,1828,5.74,,,,,0,False,False,0.0,False,6.49,5.65,20.0,
173.6,28275,699.158,-485.785,0.068,5.301,30.0,1250,-1,51.96,False,-1,True,True,0.75,0.0,0.003,False,False,0.134,6.385,36.014,1828,5.74,,,,,0,False,False,0.0,False,6.22,5.61,20.0,
173.65,28276,699.371,-485.63,0.068,5.258,30.0,1250,-1,52.23,False,-1,True,True,0.75,0.0,-0.002,False,False,0.119,6.388,35.986,1828,5.74,,,,,0,False,False,0.0,False,5.96,5.65,20.0,
173.7,28277,699.585,-485.474,0.068,5.322,30.0,1828,-1,0.04,True,78,True,True,0.75,0.0,0.002,False,False,0.107,6.384,36.013,1828,5.74,,,,,0,False,False,0.0,False,5.7,5.63,20.0,
173.75,28278,699.799,-485.319,0.068,5.25,30.0,1828,-1,0.31,True,78,True,True,0.75,0.0,-0.002,False,False,0.093,6.388,35.983,1828,5.74,,,,,0,False,False,0.0,False,5.43,5.66,20.0,
173.8,28279,700.009,-485.125,0.087,5.654,30.0,1827,-1,0.59,True,78,True,False,0.75,0.0,0.001,False,False,1.427,2.67,36.004,1828,9.56,,,,,0,False,False,0.0,False,8.97,5.62,20.0,
173.85,28280,700.249,-484.952,0.099,5.946,30.0,1827,-1,0.89,True,78,True,False,0.0,0.3,-0.024,False,False,1.969,2.136,35.907,1828,9.56,,,,,0,False,False,0.0,False,8.68,5.83,20.0,
173.9,28281,700.499,-484.774,0.106,6.191,30.0,1827,-1,1.19,True,78,True,False,0.0,0.3,0.002,False,False,2.204,1.943,35.848,1828,9.56,,,,,0,False,False,0.0,False,8.37,5.97,20.0,
173.95,28282,700.754,-484.593,0.109,6.244,30.0,1827,-1,1.51,True,78,True,False,0.0,0.3,0.003,False,False,2.246,1.851,35.812,1828,9.56,,,,,0,False,False,0.0,False,8.06,6.1,20.0,
174.0,28283,701.006,-484.412,0.11,6.195,30.0,1828,-1,1.82,True,78,True,True,0.0,0.3,0.003,False,False,2.173,1.808,35.849,1828,9.56,,,,,0,False,False,0.0,False,7.75,6.12,20.0,
174.05,28284,701.254,-484.235,0.111,6.057,30.0,1828,-1,2.12,True,78,True,True,0.0,0.3,-0.003,False,False,2.048,1.812,35.825,1828,9.56,,,,,0,False,False,0.0,False,7.44,6.1,20.0,
174.1,28285,701.496,-484.062,0.111,5.915,30.0,1828,-1,2.42,True,78,True,True,0.0,0.3,0.002,False,False,1.918,1.813,35.88,1828,9.56,,,,,0,False,False,0.0,False,7.14,6.03,20.0,
174.15,28286,701.731,-483.893,0.11,5.724,30.0,1828,-1,2.71,True,78,True,True,0.0,0.3,-0.005,False,False,1.801,1.833,35.856,1828,9.56,,,,,0,False,False,0.0,False,6.86,5.96,20.0,
174.2,28287,701.953,-483.729,0.116,5.536,30.0,1828,-1,2.98,True,78,True,True,0.0,0.3,0.001,False,False,1.384,1.39,35.92,1828,9.56,,,,,0,False,False,0.0,False,6.58,5.86,20.0,
174.25,28288,702.162,-483.571,0.138,5.385,30.0,1828,-1,3.25,True,78,True,True,0.043,0.0,-0.01,False,False,0.204,0.245,35.791,1828,9.56,,,,,0,False,False,0.0,False,6.32,5.77,20.0,
174.3,28289,702.373,-483.423,0.146,5.263,30.0,1828,-1,3.5,True,78,True,True,0.584,0.0,0.004,False,False,-0.462,0.19,35.651,1828,9.56,,,,,0,False,False,0.0,False,6.06,5.69,20.0,
174.35,28290,702.583,-483.278,0.136,5.284,30.0,1828,-1,3.76,True,78,True,True,0.75,0.0,0.017,False,False,-1.387,0.262,35.488,1828,9.56,,,,,0,False,False,0.0,False,5.81,5.63,20.0,
174.4,28291,702.788,-483.133,0.111,5.312,30.0,1828,-1,4.01,True,78,True,True,0.75,0.0,0.026,False,False,-2.688,0.175,35.329,1828,9.56,,,,,0,False,False,0.0,False,5.55,5.64,20.0,
174.45,28292,702.994,-482.984,0.089,5.225,30.0,1828,-1,4.26,True,78,True,True,0.75,0.0,0.036,False,False,-3.473,-0.069,35.449,1828,13.39,,,,,0,False,False,0.0,False,9.12,5.66,20.0,
174.5,28293,703.2,-482.836,0.075,4.985,30.0,1828,-1,4.52,True,78,True,True,0.75,0.0,0.007,False,False,-3.792,-0.12,35.515,1828,13.39,,,,,0,False,False,0.0,False,8.87,5.61,20.0,
174.55,28294,703.39,-482.7,0.07,4.569,30.0,1828,-1,4.75,True,78,True,True,0.75,0.0,0.009,False,False,-4.018,-0.105,35.616,1828,13.39,,,,,0,False,False,0.0,False,8.64,5.49,20.0,
174.6,28295,703.568,-482.572,0.068,4.302,30.0,1828,-1,4.97,True,78,True,True,0.75,0.0,0.004,False,False,-4.15,-0.08,35.664,1828,13.39,,,,,0,False,False,0.0,False,8.42,5.28,20.0,
174.65,28296,703.739,-482.449,0.067,4.158,30.0,1828,-1,5.18,True,78,True,True,0.75,0.0,0.006,False,False,-4.169,-0.062,35.697,1828,13.39,,,,,0,False,False,0.0,False,8.21,5.15,20.0,
174.7,28297,703.906,-482.328,0.067,4.104,30.0,1828,-1,5.39,True,78,True,True,0.75,0.0,0.006,False,False,-4.098,-0.048,35.728,1828,13.39,,,,,0,False,False,0.0,False,8.0,5.08,20.0,
174.75,28298,704.073,-482.207,0.067,4.111,30.0,1828,-1,5.59,True,78,True,True,0.75,0.0,0.005,False,False,-3.975,-0.035,35.756,1828,13.39,,,,,0,False,False,0.0,False,7.79,5.05,20.0,
174.8,28299,704.242,-482.085,0.068,4.157,30.0,1828,-1,5.8,True,78,True,True,0.75,0.0,0.004,False,False,-3.832,-0.025,35.78,1828,13.39,,,,,0,False,False,0.834,False,7.59,5.06,20.0,
174.85,28300,704.415,-481.961,0.062,4.217,30.0,1828,-1,6.01,True,78,True,True,0.75,0.0,0.004,False,False,-3.385,0.105,35.808,1828,13.39,,,,,0,False,False,0.984,False,7.37,5.08,20.0,
174.9,28301,704.595,-481.831,0.041,4.273,30.0,1828,-1,6.24,True,78,True,True,0.75,0.0,0.003,False,False,-2.239,0.15,35.841,1828,13.39,,,,,0,False,False,1.164,False,7.15,5.11,20.0,
174.95,28302,704.778,-481.698,0.014,4.323,30.0,1828,-1,6.46,True,78,True,True,0.75,0.0,0.001,False,False,-0.86,0.119,35.863,1828,13.39,,,,,0,False,False,0.0,False,6.92,5.14,20.0,
175.0,28303,704.96,-481.565,-0.002,4.421,30.0,1828,-1,6.69,True,78,True,True,0.75,0.0,0.001,False,False,-0.123,0.092,35.873,1828,13.39,,,,,0,False,False,0.0,False,6.7,5.16,20.0,
175.05,28304,705.145,-481.432,-0.01,4.538,30.0,1828,-1,6.92,True,78,True,True,0.75,0.0,0.001,False,False,0.231,0.067,35.882,1828,13.39,,,,,0,False,False,0.0,False,6.47,5.21,20.0,
175.1,28305,705.333,-481.296,-0.014,4.66,30.0,1828,-1,7.15,True,78,True,True,0.75,0.0,0.001,False,False,0.38,0.047,35.89,1828,13.39,,,,,0,False,False,0.0,False,6.24,5.27,20.0,
175.15,28306,705.525,-481.157,-0.015,4.779,30.0,1828,-1,7.39,True,78,True,True,0.75,0.0,0.001,False,False,0.424,0.032,35.897,1828,13.39,,,,,0,False,False,0.0,False,6.0,5.33,20.0,
175.2,28307,705.721,-481.015,-0.015,4.896,30.0,1828,-1,7.63,True,78,True,True,0.75,0.0,0.001,False,False,0.419,0.021,35.904,1828,13.39,,,,,0,False,False,0.0,False,5.76,5.39,20.0,
175.25,28308,705.922,-480.869,-0.014,5.008,30.0,1828,-1,7.88,True,78,True,True,0.75,0.0,0.001,False,False,0.394,0.013,35.909,1828,13.39,,,,,0,False,False,0.0,False,5.51,5.45,20.0,
175.3,28309,706.127,-480.72,-0.013,5.118,30.0,1828,-1,8.13,True,78,True,True,0.75,0.0,0.001,False,False,0.362,0.008,35.914,1828,13.39,,,,,0,False,False,0.0,False,5.26,5.5,20.0,
175.35,28310,706.337,-480.568,-0.012,5.256,30.0,1828,-1,8.39,True,78,True,True,0.75,0.0,0.002,False,False,0.336,0.002,35.923,1249,1.76,,,,,0,False,False,0.0,False,8.68,5.56,20.0,
175.4,28311,706.549,-480.414,-0.011,5.249,30.0,1828,-1,8.65,True,78,True,True,0.75,0.0,0.0,False,False,0.302,0.001,35.913,1249,1.76,,,,,0,False,False,0.0,False,8.41,5.63,20.0,
175.45,28312,706.763,-480.259,-0.01,5.296,30.0,1828,-1,8.91,True,78,True,True,0.75,0.0,0.002,False,False,0.252,-0.002,35.945,1249,1.76,,,,,0,False,False,0.0,False,8.15,5.62,20.0,
175.5,28313,706.974,-480.106,-0.009,5.22,30.0,1828,-1,9.18,True,78,True,True,0.75,0.0,-0.002,False,False,0.192,0.002,35.912,1249,1.76,,,,,0,False,False,0.0,False,7.89,5.65,20.0,
175.55,28314,707.187,-479.951,-0.009,5.3,30.0,1828,-1,9.44,True,78,True,True,0.75,0.0,0.003,False,False,0.156,-0.002,35.938,1249,1.76,,,,,0,False,False,0.0,False,7.62,5.61,20.0,
175.6,28315,707.4,-479.796,-0.008,5.255,30.0,1828,-1,9.7,True,78,True,True,0.75,0.0,-0.001,False,False,0.129,0.0,35.907,1249,1.76,,,,,0,False,False,0.971,False,7.36,5.65,20.0,
175.65,28316,707.615,-479.641,-0.008,5.327,30.0,1828,-1,9.97,True,78,True,True,0.75,0.0,0.003,False,False,0.117,-0.003,35.938,1249,1.76,,,,,0,False,False,1.183,False,7.1,5.63,20.0,
175.7,28317,707.828,-479.486,-0.008,5.253,30.0,1828,-1,10.23,True,78,True,True,0.75,0.0,-0.002,False,False,0.098,0.001,35.913,1249,1.76,,,,,0,False,False,0.0,False,6.83,5.66,20.0,
175.75,28318,708.047,-479.328,-0.008,5.581,30.0,1828,-1,10.5,True,78,True,True,0.75,0.0,0.003,False,False,0.131,-0.002,35.952,1249,1.76,,,,,0,False,False,0.0,False,6.56,5.63,20.0,
175.8,28319,708.283,-479.157,-0.009,5.934,30.0,1828,-1,10.79,True,78,True,True,0.0,0.067,-0.003,False,False,0.274,0.003,35.971,1249,1.76,,,,,0,False,False,0.0,False,6.27,5.79,20.0,
175.85,28320,708.533,-478.976,-0.011,6.257,30.0,1828,-1,11.1,True,78,True,True,0.0,0.3,-0.002,False,False,0.396,0.007,35.968,1249,1.76,,,,,0,False,False,0.0,False,5.96,5.97,20.0,
175.9,28321,708.787,-478.792,-0.011,6.26,30.0,1828,-1,11.41,True,78,True,True,0.0,0.3,0.0,False,False,0.414,0.003,35.966,1249,5.29,,,,,0,False,False,0.0,False,9.18,6.13,20.0,
175.95,28322,709.041,-478.608,-0.01,6.281,30.0,1828,-1,11.73,True,78,True,True,0.0,0.3,-0.0,False,False,0.359,-0.0,35.964,1249,5.29,,,,,0,False,False,0.0,False,8.86,6.13,20.0,
176.0,28323,709.29,-478.427,-0.009,6.098,30.0,1828,-1,12.04,True,78,True,True,0.0,0.3,-0.0,False,False,0.249,-0.002,35.976,1249,5.29,,,,,0,False,False,0.0,False,8.56,6.14,20.0,
176.05,28324,709.533,-478.25,-0.008,5.993,30.0,1828,-1,12.34,True,78,True,True,0.0,0.3,-0.001,False,False,0.131,-0.0,35.948,1249,5.29,,,,,0,False,False,0.0,False,8.26,6.05,20.0,
176.1,28325,709.769,-478.079,-0.007,5.748,30.0,1828,-1,12.63,True,78,True,True,0.0,0.3,0.002,False,False,0.013,-0.005,35.974,1249,5.29,,,,,0,False,False,0.0,False,7.96,6.0,20.0,
176.15,28326,709.998,-477.913,-0.006,5.613,30.0,1828,-1,12.91,True,78,True,True,0.0,0.3,-0.002,False,False,-0.08,-0.001,35.946,1249,5.29,,,,,0,False,False,0.0,False,7.68,5.87,20.0,
176.2,28327,710.218,-477.754,-0.006,5.353,30.0,1828,-1,13.18,True,78,True,True,0.0,0.237,0.002,False,False,-0.159,-0.004,35.974,1249,5.29,,,,,0,False,False,0.0,False,7.41,5.81,20.0,
176.25,28328,710.431,-477.599,-0.005,5.25,30.0,1828,-1,13.45,True,78,True,True,0.696,0.0,-0.002,False,False,-0.204,0.001,35.948,1249,5.29,,,,,0,False,False,0.0,False,7.15,5.68,20.0,
176.3,28329,710.639,-477.448,-0.005,5.049,30.0,1828,-1,13.7,True,78,True,True,0.75,0.0,0.002,False,False,-0.226,-0.001,35.984,1249,5.29,,,,,0,False,False,0.0,False,6.89,5.63,20.0,
176.35,28330,710.843,-477.301,-0.005,5.041,30.0,1828,-1,13.95,True,78,True,True,0.75,0.0,-0.003,False,False,-0.214,0.004,35.991,1249,5.29,,,,,0,False,False,0.0,False,6.64,5.52,20.0,
176.4,28331,711.047,-477.153,-0.006,4.941,30.0,1828,-1,14.21,True,78,True,True,0.75,0.0,-0.002,False,False,-0.164,0.005,35.997,1249,5.29,,,,,0,False,False,0.0,False,6.39,5.52,20.0,
176.45,28332,711.25,-477.006,-0.006,4.937,30.0,1828,-1,14.46,True,78,True,True,0.75,0.0,-0.002,False,False,-0.113,0.003,35.985,1249,5.29,,,,,0,False,False,0.0,False,6.13,5.47,20.0,
176.5,28333,711.438,-476.869,-0.006,4.515,30.0,1828,-1,14.69,True,78,True,True,0.75,0.0,0.0,False,False,-0.185,0.001,35.954,1249,5.29,,,,,0,False,False,0.0,False,5.9,5.47,20.0,
176.55,28334,711.613,-476.742,-0.005,4.261,30.0,1828,-1,14.91,True,78,True,True,0.75,0.0,0.002,False,False,-0.267,-0.004,35.951,1249,5.29,,,,,0,False,False,0.0,False,5.69,5.26,20.0,
176.6,28335,711.782,-476.619,-0.005,4.128,30.0,1828,-1,15.11,True,78,True,True,0.75,0.0,0.0,False,False,-0.3,-0.004,35.953,1249,5.29,,,,,0,False,False,0.0,False,5.48,5.13,20.0,
176.65,28336,711.948,-476.499,-0.005,4.083,30.0,1249,-1,0.02,False,-1,True,True,0.75,0.0,-0.0,False,False,-0.276,-0.002,35.954,1249,5.29,,,,,0,False,False,0.0,False,5.27,5.06,20.0,
176.7,28337,712.114,-476.378,-0.005,4.097,30.0,1249,-1,0.23,False,-1,True,True,0.75,0.0,0.0,False,False,-0.212,-0.001,35.955,1249,5.29,,,,,0,False,False,0.0,False,5.07,5.04,20.0,
176.75,28338,712.281,-476.257,-0.006,4.147,30.0,1249,-1,0.43,False,-1,True,True,0.75,0.0,0.0,False,False,-0.13,-0.0,35.955,1249,5.29,,,,,0,False,False,0.0,False,4.86,5.05,20.0,
176.8,28339,712.451,-476.134,-0.007,4.219,30.0,1249,-1,0.64,False,-1,True,True,0.75,0.0,0.0,False,False,-0.045,-0.001,35.956,1249,8.82,,,,,0,False,False,0.0,False,8.18,5.07,20.0,
176.85,28340,712.625,-476.008,-0.008,4.304,30.0,1249,-1,0.86,False,-1,True,True,0.75,0.0,0.0,False,False,0.031,-0.0,35.957,1249,8.82,,,,,0,False,False,0.0,False,7.96,5.11,20.0,
176.9,28341,712.802,-475.879,-0.008,4.398,30.0,1249,-1,1.07,False,-1,True,True,0.75,0.0,0.0,False,False,0.095,-0.0,35.958,1249,8.82,,,,,0,False,False,0.0,False,7.74,5.15,20.0,
176.95,28342,712.983,-475.748,-0.009,4.497,30.0,1249,-1,1.3,False,-1,True,True,0.75,0.0,0.0,False,False,0.145,-0.0,35.958,1249,8.82,,,,,0,False,False,0.0,False,7.52,5.2,20.0,
177.0,28343,713.167,-475.614,-0.009,4.599,30.0,1249,-1,1.53,False,-1,True,True,0.75,0.0,0.0,False,False,0.183,-0.0,35.959,1249,8.82,,,,,0,False,False,0.0,False,7.29,5.25,20.0,
177.05,28344,713.356,-475.477,-0.009,4.702,30.0,1249,-1,1.76,False,-1,True,True,0.75,0.0,0.0,False,False,0.211,-0.0,35.959,1249,8.82,,,,,0,False,False,0.0,False,7.06,5.3,20.0,
177.1,28345,713.549,-475.337,-0.009,4.806,30.0,1249,-1,2.0,False,-1,True,True,0.75,0.0,0.0,False,False,0.23,0.0,35.96,1249,8.82,,,,,0,False,False,0.0,False,6.82,5.35,20.0,
177.15,28346,713.746,-475.194,-0.009,4.911,30.0,1249,-1,2.24,False,-1,True,True,0.75,0.0,0.0,False,False,0.243,0.0,35.96,1249,8.82,,,,,0,False,False,0.0,False,6.58,5.4,20.0,
177.2,28347,713.948,-475.048,-0.009,5.015,30.0,1249,-1,2.49,False,-1,True,True,0.75,0.0,0.0,False,False,0.251,0.0,35.96,1249,8.82,,,,,0,False,False,0.0,False,6.33,5.46,20.0,
177.25,28348,714.153,-474.899,-0.009,5.119,30.0,1249,-1,2.74,False,-1,True,True,0.75,0.0,0.0,False,False,0.257,0.0,35.96,1249,8.82,,,,,0,False,False,0.0,False,6.07,5.51,20.0,
177.3,28349,714.362,-474.747,-0.009,5.179,30.0,1249,-1,3.0,False,-1,True,True,0.75,0.0,0.0,False,False,0.257,0.0,35.96,1249,8.82,,,,,0,False,False,0.0,False,5.82,5.56,20.0,
177.35,28350,714.576,-474.592,-0.009,5.357,30.0,1249,-1,3.27,False,-1,True,True,0.75,0.0,0.0,False,False,0.261,-0.0,35.961,1249,8.82,,,,,0,False,False,0.0,False,5.55,5.59,20.0,
177.4,28351,714.793,-474.433,-0.009,5.383,30.0,1249,-1,3.54,False,-1,True,True,0.75,0.0,0.012,False,False,0.256,-0.024,35.998,1249,12.35,,,,,0,False,False,0.0,False,8.8,5.68,20.0,
177.45,28352,715.013,-474.273,-0.009,5.476,30.0,1249,-1,3.81,False,-1,True,True,0.673,0.0,-0.0,False,False,0.245,-0.019,36.045,1249,12.35,,,,,0,False,False,0.0,False,8.53,5.69,20.0,
177.5,28353,715.232,-474.114,-0.009,5.377,30.0,1249,-1,4.08,False,-1,True,True,0.333,0.0,-0.002,False,False,0.196,-0.005,36.022,1249,12.35,,,,,0,False,False,0.0,False,8.26,5.74,20.0,
177.55,28354,715.45,-473.955,-0.008,5.403,30.0,1249,-1,4.35,False,-1,True,True,0.68,0.0,0.003,False,False,0.148,-0.005,36.051,1249,12.35,,,,,0,False,False,0.0,False,7.99,5.69,20.0,
177.6,28355,715.665,-473.798,-0.008,5.295,30.0,1249,-1,4.61,False,-1,True,True,0.582,0.0,-0.001,False,False,0.098,-0.001,36.021,1249,12.35,,,,,0,False,False,0.0,False,7.72,5.7,20.0,
177.65,28356,715.88,-473.642,-0.008,5.332,30.0,1249,-1,4.88,False,-1,True,True,0.75,0.0,0.004,False,False,0.067,-0.004,36.05,1249,12.35,,,,,0,False,False,0.0,False,7.45,5.65,20.0,
177.7,28357,716.093,-473.486,-0.007,5.248,30.0,1249,-1,5.14,False,-1,True,True,0.75,0.0,-0.001,False,False,0.045,-0.0,36.021,1249,12.35,,,,,0,False,False,0.0,False,7.19,5.67,20.0,
177.75,28358,716.307,-473.331,-0.007,5.322,30.0,1249,-1,5.41,False,-1,True,True,0.75,0.0,0.004,False,False,0.045,-0.003,36.049,1249,12.35,,,,,0,False,False,0.0,False,6.93,5.62,20.0,
177.8,28359,716.52,-473.175,-0.007,5.271,30.0,1249,-1,5.67,False,-1,True,True,0.75,0.0,-0.001,False,False,0.049,0.001,36.021,1249,12.35,,,,,0,False,False,0.0,False,6.66,5.66,20.0,
177.85,28360,716.735,-473.018,-0.008,5.349,30.0,1249,-1,5.94,False,-1,True,True,0.75,0.0,0.003,False,False,0.063,-0.002,36.048,1249,12.35,,,,,0,False,False,0.0,False,6.39,5.64,20.0,
177.9,28361,716.95,-472.862,-0.008,5.276,30.0,1249,-1,6.2,False,-1,True,True,0.75,0.0,-0.001,False,False,0.063,0.002,36.022,1249,12.35,,,,,0,False,False,0.0,False,6.13,5.67,20.0,
177.95,28362,717.166,-472.704,-0.008,5.498,30.0,1249,-1,6.47,False,-1,True,True,0.75,0.0,0.003,False,False,0.086,-0.001,36.029,1249,12.35,,,,,0,False,False,0.0,False,5.86,5.64,20.0,
178.0,28363,717.399,-472.534,-0.009,5.88,30.0,1249,-1,6.76,False,-1,True,True,0.226,0.0,0.001,False,False,0.227,-0.001,36.013,1249,12.35,,,,,0,False,False,0.0,False,5.57,5.75,20.0,
178.05,28364,717.646,-472.352,-0.01,6.228,30.0,1249,-1,7.07,False,-1,True,True,0.0,0.3,0.023,False,False,0.366,-0.042,36.083,1249,15.88,,,,,0,False,False,0.0,False,8.79,5.94,20.0,
178.1,28365,717.898,-472.167,-0.011,6.24,30.0,1249,-1,7.38,False,-1,True,True,0.0,0.3,0.001,False,False,0.4,-0.034,36.148,1249,15.88,,,,,0,False,False,0.0,False,8.47,6.11,20.0,
178.15,28366,718.15,-471.982,-0.01,6.268,30.0,1249,-1,7.69,False,-1,True,True,0.0,0.3,-0.001,False,False,0.355,-0.011,36.175,1249,15.88,,,,,0,False,False,0.0,False,8.16,6.12,20.0,
178.2,28367,718.398,-471.801,-0.009,6.08,30.0,1249,-1,8.0,False,-1,True,True,0.0,0.3,0.001,False,False,0.25,-0.0,36.169,1249,15.88,,,,,0,False,False,0.0,False,7.85,6.13,20.0,
178.25,28368,718.64,-471.623,-0.008,5.979,30.0,1249,-1,8.3,False,-1,True,True,0.0,0.3,0.003,False,False,0.133,-0.002,36.209,1249,15.88,,,,,0,False,False,0.0,False,7.55,6.04,20.0,
178.3,28369,718.875,-471.451,-0.007,5.737,30.0,1249,-1,8.59,False,-1,True,True,0.0,0.3,-0.001,False,False,0.016,0.003,36.194,1249,15.88,,,,,0,False,False,0.0,False,7.26,5.99,20.0,
178.35,28370,719.102,-471.285,-0.006,5.604,30.0,1249,-1,8.87,False,-1,True,True,0.0,0.3,0.003,False,False,-0.076,-0.0,36.231,1249,15.88,,,,,0,False,False,0.0,False,6.98,5.87,20.0,
178.4,28371,719.322,-471.124,-0.006,5.351,30.0,1249,-1,9.14,False,-1,True,True,0.0,0.203,-0.001,False,False,-0.154,0.003,36.209,1249,15.88,,,,,0,False,False,0.0,False,6.71,5.8,20.0,
178.45,28372,719.535,-470.968,-0.005,5.253,30.0,1249,-1,9.41,False,-1,True,True,0.708,0.0,0.003,False,False,-0.197,-0.001,36.24,1249,15.88,,,,,0,False,False,0.0,False,6.45,5.68,20.0,
178.5,28373,719.741,-470.816,-0.005,5.052,30.0,1249,-1,9.66,False,-1,True,True,0.75,0.0,-0.001,False,False,-0.22,-0.0,36.209,1249,15.88,,,,,0,False,False,0.0,False,6.19,5.63,20.0,
178.55,28374,719.944,-470.667,-0.005,5.027,30.0,1249,-1,9.92,False,-1,True,True,0.75,0.0,0.004,False,False,-0.211,-0.004,36.21,1249,15.88,,,,,0,False,False,0.0,False,5.94,5.53,20.0,
178.6,28375,720.147,-470.519,-0.006,5.022,30.0,1249,-1,10.17,False,-1,True,True,0.75,0.0,0.001,False,False,-0.162,-0.004,36.221,1249,15.88,,,,,0,False,False,0.0,False,5.69,5.51,20.0,
178.65,28376,720.349,-470.37,-0.006,5.0,30.0,1249,-1,10.42,False,-1,True,True,0.75,0.0,0.0,False,False,-0.105,-0.001,36.213,1249,15.88,,,,,0,False,False,0.0,False,5.44,5.51,20.0,
178.7,28377,720.541,-470.229,-0.006,4.604,30.0,1249,-1,10.66,False,-1,True,True,0.75,0.0,0.023,False,False,-0.149,-0.029,36.345,1249,19.4,,,,,0,False,False,0.0,False,8.72,5.5,20.0,
178.75,28378,720.718,-470.098,-0.005,4.325,30.0,1249,-1,10.88,False,-1,True,True,0.75,0.0,-0.005,False,False,-0.236,-0.019,36.396,1249,19.4,,,,,0,False,False,0.0,False,8.5,5.3,20.0,
178.8,28379,720.888,-469.973,-0.005,4.173,30.0,1249,-1,11.09,False,-1,True,True,0.75,0.0,-0.001,False,False,-0.282,-0.006,36.401,1249,19.4,,,,,0,False,False,0.0,False,8.29,5.16,20.0,
178.85,28380,721.054,-469.85,-0.005,4.114,30.0,1249,-1,11.3,False,-1,True,True,0.75,0.0,0.002,False,False,-0.271,-0.005,36.407,1249,19.4,,,,,0,False,False,0.0,False,8.08,5.09,20.0,
178.9,28381,721.22,-469.728,-0.005,4.119,30.0,1249,-1,11.5,False,-1,True,True,0.75,0.0,0.002,False,False,-0.216,-0.005,36.416,1249,19.4,,,,,0,False,False,0.0,False,7.87,5.06,20.0,
178.95,28382,721.387,-469.604,-0.006,4.163,30.0,1249,-1,11.71,False,-1,True,True,0.75,0.0,0.001,False,False,-0.139,-0.004,36.424,1249,19.4,,,,,0,False,False,0.0,False,7.67,5.06,20.0,
179.0,28383,721.557,-469.479,-0.007,4.231,30.0,1249,-1,11.92,False,-1,True,True,0.75,0.0,0.001,False,False,-0.057,-0.003,36.43,1249,19.4,,,,,0,False,False,0.0,False,7.46,5.08,20.0,
179.05,28384,721.73,-469.351,-0.007,4.314,30.0,1249,-1,12.13,False,-1,True,True,0.75,0.0,0.001,False,False,0.02,-0.002,36.435,1249,19.4,,,,,0,False,False,0.0,False,7.24,5.12,20.0,
179.1,28385,721.906,-469.221,-0.008,4.407,30.0,1249,-1,12.35,False,-1,True,True,0.75,0.0,0.001,False,False,0.085,-0.002,36.44,1249,19.4,,,,,0,False,False,0.0,False,7.02,5.16,20.0,
179.15,28386,722.086,-469.088,-0.008,4.505,30.0,1249,-1,12.58,False,-1,True,True,0.75,0.0,0.001,False,False,0.138,-0.001,36.445,1249,19.4,,,,,0,False,False,0.0,False,6.8,5.2,20.0,
179.2,28387,722.27,-468.952,-0.009,4.606,30.0,1249,-1,12.81,False,-1,True,True,0.75,0.0,0.001,False,False,0.177,-0.001,36.449,1249,19.4,,,,,0,False,False,0.0,False,6.57,5.25,20.0,
179.25,28388,722.458,-468.813,-0.009,4.709,30.0,1249,-1,13.04,False,-1,True,True,0.75,0.0,0.0,False,False,0.206,-0.0,36.452,1249,19.4,,,,,0,False,False,0.0,False,6.34,5.3,20.0,
179.3,28389,722.65,-468.672,-0.009,4.813,30.0,1249,-1,13.28,False,-1,True,True,0.75,0.0,0.0,False,False,0.227,-0.0,36.455,1249,19.4,,,,,0,False,False,0.0,False,6.1,5.35,20.0,
179.35,28390,722.846,-468.527,-0.009,4.917,30.0,1249,-1,13.52,False,-1,True,True,0.75,0.0,0.0,False,False,0.241,-0.0,36.457,1249,19.4,,,,,0,False,False,0.0,False,5.85,5.41,20.0,
179.4,28391,723.046,-468.379,-0.009,5.021,30.0,1249,-1,13.77,False,-1,True,True,0.75,0.0,0.0,False,False,0.25,0.0,36.459,1249,19.4,,,,,0,False,False,0.0,False,5.6,5.46,20.0,
179.45,28392,723.251,-468.227,-0.009,5.125,30.0,1249,-1,14.03,False,-1,True,True,0.75,0.0,0.0,False,False,0.256,-0.0,36.461,1249,19.4,,,,,0,False,False,0.0,False,5.35,5.51,20.0,
179.5,28393,723.458,-468.072,-0.009,5.183,30.0,1249,-1,14.28,False,-1,True,True,0.75,0.0,0.026,False,False,0.255,-0.051,36.549,1249,22.93,,,,,0,False,False,0.0,False,8.61,5.56,20.0,
179.55,28394,723.669,-467.914,-0.009,5.321,30.0,1249,-1,14.55,False,-1,True,True,0.75,0.0,-0.001,False,False,0.254,-0.038,36.599,1249,22.93,,,,,0,False,False,0.0,False,8.34,5.59,20.0,
179.6,28395,723.88,-467.757,-0.009,5.225,30.0,1249,-1,14.81,False,-1,True,True,0.75,0.0,0.0,False,False,0.212,-0.017,36.657,1249,22.93,,,,,0,False,False,0.0,False,8.08,5.66,20.0,
179.65,28396,724.091,-467.6,-0.008,5.289,30.0,1249,-1,15.07,False,-1,True,True,0.75,0.0,-0.002,False,False,0.173,-0.002,36.645,1249,22.93,,,,,0,False,False,0.0,False,7.82,5.61,20.0,
179.7,28397,724.301,-467.444,-0.008,5.228,30.0,1249,-1,15.34,False,-1,True,True,0.75,0.0,0.003,False,False,0.137,-0.003,36.691,1249,22.93,,,,,0,False,False,0.0,False,7.55,5.64,20.0,
179.75,28398,724.513,-467.286,-0.008,5.323,30.0,1249,-1,15.6,False,-1,True,True,0.75,0.0,-0.002,False,False,0.123,0.002,36.677,1249,22.93,,,,,0,False,False,0.0,False,7.29,5.61,20.0,
179.8,28399,724.725,-467.129,-0.008,5.255,30.0,1249,-1,15.86,False,-1,True,True,0.75,0.0,0.003,False,False,0.107,-0.001,36.719,1249,22.93,,,,,0,False,False,0.0,False,7.03,5.66,20.0,
179.85,28400,724.937,-466.97,-0.008,5.322,30.0,1249,-1,16.13,False,-1,True,True,0.75,0.0,-0.002,False,False,0.098,0.002,36.697,1249,22.93,,,,,0,False,False,0.0,False,6.76,5.63,20.0,
179.9,28401,725.152,-466.81,-0.008,5.506,30.0,1249,-1,16.4,False,-1,True,True,0.75,0.0,0.003,False,False,0.125,-0.002,36.738,1249,22.93,,,,,0,False,False,0.0,False,6.49,5.66,20.0,
179.95,28402,725.387,-466.635,-0.01,6.014,30.0,1249,-1,16.69,False,-1,True,True,0.203,0.0,-0.003,False,False,0.279,0.001,36.757,1249,22.93,,,,,0,False,False,0.0,False,6.2,5.75,20.0,
180.0,28403,725.634,-466.451,-0.011,6.205,30.0,1249,-1,17.0,False,-1,True,True,0.0,0.3,-0.002,False,False,0.398,0.004,36.755,1249,22.93,,,,,0,False,False,0.0,False,5.89,6.01,20.0,
180.05,28404,725.886,-466.261,-0.011,6.343,30.0,1249,-1,17.31,False,-1,True,True,0.0,0.3,0.024,False,False,0.425,-0.049,36.833,1619,1.94,,,,,0,False,False,0.0,False,9.28,6.1,20.0,
180.1,28405,726.136,-466.073,-0.01,6.231,30.0,1249,-1,17.63,False,-1,True,True,0.0,0.3,-0.001,False,False,0.36,-0.042,36.892,1619,1.94,,,,,0,False,False,0.0,False,8.97,6.17,20.0,
180.15,28406,726.384,-465.887,-0.009,6.165,30.0,1249,-1,17.94,False,-1,True,True,0.0,0.3,-0.002,False,False,0.255,-0.02,36.93,1619,1.94,,,,,0,False,False,0.0,False,8.66,6.12,20.0,
180.2,28407,726.624,-465.707,-0.008,5.942,30.0,1249,-1,18.24,False,-1,True,True,0.0,0.3,-0.001,False,False,0.127,-0.007,36.912,1619,1.94,,,,,0,False,False,0.0,False,8.36,6.08,20.0,
180.25,28408,726.858,-465.531,-0.007,5.818,30.0,1249,-1,18.53,False,-1,True,True,0.0,0.3,0.003,False,False,0.016,-0.008,36.947,1619,1.94,,,,,0,False,False,0.0,False,8.07,5.97,20.0,
180.3,28409,727.083,-465.361,-0.006,5.56,30.0,1249,-1,18.81,False,-1,True,True,0.0,0.3,-0.001,False,False,-0.084,-0.003,36.928,1619,1.94,,,,,0,False,False,0.0,False,7.78,5.91,20.0,
180.35,28410,727.302,-465.197,-0.006,5.446,30.0,1249,-1,19.09,False,-1,True,True,0.0,0.049,0.003,False,False,-0.152,-0.005,36.961,1619,1.94,,,,,0,False,False,0.0,False,7.51,5.78,20.0,
180.4,28411,727.514,-465.037,-0.005,5.228,30.0,1249,-1,19.35,False,-1,True,True,0.36,0.0,-0.002,False,False,-0.196,-0.003,36.932,1619,1.94,,,,,0,False,False,0.0,False,7.24,5.72,20.0,
180.45,28412,727.721,-464.882,-0.005,5.159,30.0,1249,-1,19.61,False,-1,True,True,0.75,0.0,0.003,False,False,-0.21,-0.006,36.958,1619,1.94,,,,,0,False,False,0.0,False,6.99,5.61,20.0,
180.5,28413,727.923,-464.729,-0.005,5.024,30.0,1249,-1,19.86,False,-1,True,True,0.75,0.0,-0.001,False,False,-0.206,-0.003,36.931,1619,1.94,,,,,0,False,False,0.0,False,6.73,5.58,20.0,
180.55,28414,728.126,-464.577,-0.006,5.091,30.0,1249,-1,20.12,False,-1,True,True,0.75,0.0,0.003,False,False,-0.155,-0.005,36.968,1619,1.94,,,,,0,False,False,0.0,False,6.48,5.51,20.0,
180.6,28415,728.327,-464.425,-0.006,4.92,30.0,1249,-1,20.37,False,-1,True,True,0.75,0.0,-0.002,False,False,-0.115,0.0,36.967,1619,1.94,,,,,0,False,False,0.0,False,6.23,5.55,20.0,
180.65,28416,728.515,-464.284,-0.006,4.561,30.0,1249,-1,20.6,False,-1,True,True,0.75,0.0,0.0,False,False,-0.18,0.002,36.939,1619,1.94,,,,,0,False,False,0.0,False,5.99,5.46,20.0,
180.7,28417,728.689,-464.152,-0.005,4.303,30.0,1249,-1,20.82,False,-1,True,True,0.75,0.0,0.003,False,False,-0.262,-0.002,36.939,1619,1.94,,,,,0,False,False,0.0,False,5.77,5.28,20.0,
180.75,28418,728.857,-464.025,-0.005,4.166,30.0,1249,-1,21.03,False,-1,True,True,0.75,0.0,0.001,False,False,-0.297,-0.002,36.945,1619,1.94,,,,,0,False,False,0.0,False,5.56,5.15,20.0,
180.8,28419,729.023,-463.901,-0.005,4.118,30.0,1249,-1,21.24,False,-1,True,True,0.75,0.0,0.0,False,False,-0.275,-0.0,36.949,1619,1.94,,,,,0,False,False,0.0,False,5.36,5.08,20.0,
180.85,28420,729.188,-463.777,-0.005,4.129,30.0,1249,-1,21.45,False,-1,True,True,0.75,0.0,0.0,False,False,-0.214,0.001,36.952,1619,1.94,,,,,0,False,False,0.0,False,5.15,5.06,20.0,
180.9,28421,729.354,-463.651,-0.006,4.178,30.0,1249,-1,21.65,False,-1,True,True,0.75,0.0,0.0,False,False,-0.132,0.001,36.954,1619,1.94,,,,,0,False,False,0.0,False,4.94,5.06,20.0,
180.95,28422,729.523,-463.524,-0.007,4.248,30.0,1249,-1,21.87,False,-1,True,True,0.75,0.0,0.011,False,False,-0.048,-0.016,36.988,1619,5.82,,,,,0,False,False,0.0,False,8.62,5.09,20.0,
181.0,28423,729.695,-463.394,-0.008,4.333,30.0,1249,-1,22.08,False,-1,True,True,0.75,0.0,0.0,False,False,0.028,-0.013,37.011,1619,5.82,,,,,0,False,False,0.0,False,8.41,5.12,20.0,
181.05,28424,729.87,-463.261,-0.008,4.426,30.0,1249,-1,22.3,False,-1,True,True,0.75,0.0,0.0,False,False,0.092,-0.005,37.019,1619,5.82,,,,,0,False,False,0.0,False,8.19,5.17,20.0,
181.1,28425,730.05,-463.126,-0.008,4.524,30.0,1249,-1,22.53,False,-1,True,True,0.75,0.0,0.001,False,False,0.143,-0.002,37.025,1619,5.82,,,,,0,False,False,0.0,False,7.96,5.21,20.0,
181.15,28426,730.233,-462.987,-0.009,4.626,30.0,1249,-1,22.76,False,-1,True,True,0.75,0.0,0.001,False,False,0.181,-0.001,37.033,1619,5.82,,,,,0,False,False,0.0,False,7.73,5.26,20.0,
181.2,28427,730.42,-462.846,-0.009,4.729,30.0,1249,-1,22.99,False,-1,True,True,0.75,0.0,0.001,False,False,0.209,-0.001,37.039,1619,5.82,,,,,0,False,False,0.0,False,7.5,5.31,20.0,
181.25,28428,730.611,-462.701,-0.009,4.833,30.0,1249,-1,23.23,False,-1,True,True,0.75,0.0,0.001,False,False,0.229,-0.0,37.044,1619,5.82,,,,,0,False,False,0.0,False,7.26,5.36,20.0,
181.3,28429,730.807,-462.554,-0.009,4.937,30.0,1249,-1,23.47,False,-1,True,True,0.75,0.0,0.001,False,False,0.242,0.0,37.049,1619,5.82,,,,,0,False,False,0.0,False,7.01,5.42,20.0,
181.35,28430,731.006,-462.403,-0.009,5.041,30.0,1249,-1,23.72,False,-1,True,True,0.75,0.0,0.001,False,False,0.251,0.0,37.053,1619,5.82,,,,,0,False,False,0.0,False,6.76,5.47,20.0,
181.4,28431,731.21,-462.249,-0.009,5.142,30.0,1249,-1,23.98,False,-1,True,True,0.75,0.0,0.0,False,False,0.256,0.0,37.056,1619,5.82,,,,,0,False,False,0.0,False,6.51,5.52,20.0,
181.45,28432,731.418,-462.092,-0.009,5.28,30.0,1249,-1,24.24,False,-1,True,True,0.75,0.0,0.0,False,False,0.26,0.0,37.059,1619,5.82,,,,,0,False,False,0.0,False,6.25,5.57,20.0,
181.5,28433,731.629,-461.933,-0.009,5.301,30.0,1249,-1,24.51,False,-1,True,True,0.75,0.0,0.0,False,False,0.255,0.0,37.054,1619,5.82,,,,,0,False,False,0.0,False,5.98,5.64,20.0,
181.55,28434,731.842,-461.772,-0.009,5.365,30.0,1619,-1,0.12,True,41,True,True,0.75,0.0,0.001,False,False,0.234,-0.001,37.076,1619,5.82,,,,,0,False,False,0.0,False,5.72,5.65,20.0,
181.6,28435,732.054,-461.612,-0.009,5.283,30.0,1619,-1,0.38,True,41,True,True,0.739,0.0,-0.002,False,False,0.186,0.002,37.043,1619,5.82,,,,,0,False,False,0.0,False,5.45,5.68,20.0,
181.65,28436,732.267,-461.453,-0.008,5.356,30.0,1619,-1,0.65,True,41,True,True,0.75,0.0,-0.028,False,False,0.153,0.047,36.984,1619,9.7,,,,,0,False,False,0.0,False,9.1,5.64,20.0,
181.7,28437,732.48,-461.293,-0.008,5.306,30.0,1619,-1,0.92,True,41,True,True,0.75,0.0,-0.003,False,False,0.126,0.047,36.875,1619,9.7,,,,,0,False,False,0.0,False,8.84,5.68,20.0,
181.75,28438,732.694,-461.133,-0.008,5.377,30.0,1619,-1,1.18,True,41,True,True,0.75,0.0,0.004,False,False,0.114,0.019,36.873,1619,9.7,,,,,0,False,False,0.0,False,8.57,5.65,20.0,
181.8,28439,732.907,-460.973,-0.008,5.303,30.0,1619,-1,1.45,True,41,True,True,0.673,0.0,-0.003,False,False,0.095,0.011,36.829,1619,9.7,,,,,0,False,False,0.0,False,8.3,5.69,20.0,
181.85,28440,733.125,-460.811,-0.008,5.627,30.0,1619,-1,1.72,True,41,True,True,0.75,0.0,0.001,False,False,0.128,0.004,36.852,1619,9.7,,,,,0,False,False,0.0,False,8.03,5.65,20.0,
181.9,28441,733.36,-460.635,-0.009,5.963,30.0,1619,-1,2.01,True,41,True,True,0.0,0.239,-0.004,False,False,0.268,0.008,36.856,1619,9.7,,,,,0,False,False,0.0,False,7.74,5.81,20.0,
181.95,28442,733.608,-460.45,-0.01,6.264,30.0,1619,-1,2.32,True,41,True,True,0.0,0.3,-0.003,False,False,0.381,0.01,36.839,1619,9.7,,,,,0,False,False,0.0,False,7.43,5.98,20.0,
182.0,28443,733.859,-460.262,-0.011,6.264,30.0,1619,-1,2.64,True,41,True,True,0.0,0.3,-0.001,False,False,0.397,0.006,36.824,1619,9.7,,,,,0,False,False,0.0,False,7.11,6.13,20.0,
182.05,28444,734.11,-460.075,-0.01,6.283,30.0,1619,-1,2.95,True,41,True,True,0.0,0.3,-0.001,False,False,0.343,0.002,36.813,1619,9.7,,,,,0,False,False,0.0,False,6.8,6.13,20.0,
182.1,28445,734.357,-459.89,-0.009,6.1,30.0,1619,-1,3.26,True,41,True,True,0.0,0.3,-0.001,False,False,0.236,-0.0,36.816,1619,9.7,,,,,0,False,False,0.0,False,6.49,6.14,20.0,
182.15,28446,734.598,-459.71,-0.008,5.995,30.0,1619,-1,3.56,True,41,True,True,0.0,0.3,-0.002,False,False,0.121,0.001,36.783,1619,9.7,,,,,0,False,False,0.0,False,6.19,6.05,20.0,
182.2,28447,734.831,-459.536,-0.007,5.75,30.0,1619,-1,3.85,True,41,True,True,0.0,0.3,0.002,False,False,0.006,-0.004,36.804,1619,9.7,,,,,0,False,False,0.0,False,5.9,6.0,20.0,
182.25,28448,735.058,-459.366,-0.006,5.614,30.0,1619,-1,4.13,True,41,True,True,0.0,0.3,-0.003,False,False,-0.085,-0.001,36.772,1619,9.7,,,,,0,False,False,0.0,False,5.62,5.87,20.0,
182.3,28449,735.277,-459.206,-0.006,5.348,30.0,1619,-1,4.41,True,41,True,True,0.0,0.241,-0.054,False,False,-0.164,0.074,36.673,1619,13.59,,,,,0,False,False,0.0,False,9.24,5.81,20.0,
182.35,28450,735.49,-459.05,-0.005,5.245,30.0,1619,-1,4.67,True,41,True,True,0.713,0.0,-0.008,False,False,-0.209,0.079,36.51,1619,13.59,,,,,0,False,False,0.0,False,8.98,5.67,20.0,
182.4,28451,735.696,-458.898,-0.005,5.044,30.0,1619,-1,4.93,True,41,True,True,0.75,0.0,0.002,False,False,-0.23,0.04,36.477,1619,13.59,,,,,0,False,False,0.0,False,8.72,5.62,20.0,
182.45,28452,735.899,-458.749,-0.005,5.042,30.0,1619,-1,5.18,True,41,True,True,0.75,0.0,-0.007,False,False,-0.211,0.024,36.446,1619,13.59,,,,,0,False,False,0.0,False,8.47,5.52,20.0,
182.5,28453,736.102,-458.6,-0.006,5.03,30.0,1619,-1,5.43,True,41,True,True,0.75,0.0,-0.006,False,False,-0.163,0.018,36.408,1619,13.59,,,,,0,False,False,0.0,False,8.22,5.52,20.0,
182.55,28454,736.304,-458.452,-0.006,4.931,30.0,1619,-1,5.68,True,41,True,True,0.75,0.0,-0.004,False,False,-0.115,0.011,36.371,1619,13.59,,,,,0,False,False,0.0,False,7.97,5.51,20.0,
182.6,28455,736.492,-458.314,-0.006,4.526,30.0,1619,-1,5.91,True,41,True,True,0.75,0.0,-0.003,False,False,-0.181,0.004,36.385,1619,13.59,,,,,0,False,False,0.0,False,7.73,5.47,20.0,
182.65,28456,736.667,-458.186,-0.005,4.268,30.0,1619,-1,6.13,True,41,True,True,0.75,0.0,-0.007,False,False,-0.263,0.005,36.368,1619,13.59,,,,,0,False,False,0.0,False,7.52,5.26,20.0,
182.7,28457,736.836,-458.063,-0.005,4.131,30.0,1619,-1,6.34,True,41,True,True,0.75,0.0,-0.004,False,False,-0.298,0.004,36.346,1619,13.59,,,,,0,False,False,0.0,False,7.31,5.13,20.0,
182.75,28458,737.001,-457.941,-0.005,4.084,30.0,1619,-1,6.54,True,41,True,True,0.75,0.0,-0.003,False,False,-0.276,0.001,36.328,1619,13.59,,,,,0,False,False,0.0,False,7.1,5.07,20.0,
182.8,28459,737.166,-457.82,-0.005,4.096,30.0,1619,-1,6.75,True,41,True,True,0.75,0.0,-0.003,False,False,-0.213,-0.001,36.313,1619,13.59,,,,,0,False,False,0.0,False,6.9,5.04,20.0,
182.85,28460,737.333,-457.698,-0.006,4.145,30.0,1619,-1,6.96,True,41,True,True,0.75,0.0,-0.002,False,False,-0.132,-0.001,36.3,1619,13.59,,,,,0,False,False,0.0,False,6.69,5.05,20.0,
182.9,28461,737.503,-457.574,-0.007,4.216,30.0,1619,-1,7.17,True,41,True,True,0.75,0.0,-0.002,False,False,-0.048,-0.001,36.288,1619,13.59,,,,,0,False,False,0.0,False,6.48,5.07,20.0,
182.95,28462,737.675,-457.447,-0.008,4.301,30.0,1619,-1,7.38,True,41,True,True,0.75,0.0,-0.002,False,False,0.029,-0.001,36.278,1619,13.59,,,,,0,False,False,0.0,False,6.27,5.11,20.0,
183.0,28463,737.851,-457.318,-0.008,4.395,30.0,1619,-1,7.6,True,41,True,True,0.75,0.0,-0.001,False,False,0.093,-0.001,36.269,1619,13.59,,,,,0,False,False,0.0,False,6.05,5.15,20.0,
183.05,28464,738.031,-457.186,-0.009,4.494,30.0,1619,-1,7.82,True,41,True,True,0.75,0.0,-0.001,False,False,0.144,-0.001,36.261,1619,13.59,,,,,0,False,False,0.0,False,5.82,5.2,20.0,
183.1,28465,738.215,-457.051,-0.009,4.596,30.0,1619,-1,8.05,True,41,True,True,0.75,0.0,-0.001,False,False,0.182,-0.001,36.254,1619,13.59,,,,,0,False,False,0.0,False,5.6,5.25,20.0,
183.15,28466,738.404,-456.914,-0.009,4.699,30.0,1619,-1,8.28,True,41,True,True,0.75,0.0,-0.001,False,False,0.21,-0.0,36.248,1619,13.59,,,,,0,False,False,0.0,False,5.36,5.3,20.0,
183.2,28467,738.596,-456.773,-0.009,4.803,30.0,1619,-1,8.52,True,41,True,True,0.75,0.0,-0.001,False,False,0.23,-0.0,36.243,1619,13.59,,,,,0,False,False,0.0,False,5.12,5.35,20.0,
183.25,28468,738.793,-456.631,-0.009,4.904,30.0,1619,-1,8.76,True,41,True,True,0.75,0.0,-0.042,False,False,0.242,0.063,36.124,1254,1.92,,,,,0,False,False,0.0,False,8.74,5.4,20.0,
183.3,28469,738.995,-456.486,-0.009,5.009,30.0,1619,-1,9.01,True,41,True,True,0.75,0.0,-0.002,False,False,0.25,0.059,36.025,1254,1.92,,,,,0,False,False,0.0,False,8.49,5.45,20.0,
183.35,28470,739.201,-456.337,-0.009,5.114,30.0,1619,-1,9.27,True,41,True,True,0.75,0.0,0.0,False,False,0.256,0.025,35.995,1254,1.92,,,,,0,False,False,0.0,False,8.24,5.5,20.0,
183.4,28471,739.41,-456.186,-0.009,5.206,30.0,1619,-1,9.52,True,41,True,True,0.75,0.0,-0.004,False,False,0.258,0.012,35.958,1254,1.92,,,,,0,False,False,0.0,False,7.98,5.56,20.0,
183.45,28472,739.621,-456.033,-0.009,5.206,30.0,1619,-1,9.78,True,41,True,True,0.75,0.0,-0.003,False,False,0.236,0.006,35.972,1254,1.92,,,,,0,False,False,0.0,False,7.72,5.6,20.0,
183.5,28473,739.831,-455.881,-0.009,5.188,30.0,1619,-1,10.04,True,41,True,True,0.75,0.0,-0.006,False,False,0.19,0.009,35.902,1254,1.92,,,,,0,False,False,0.0,False,7.46,5.6,20.0,
183.55,28474,740.042,-455.73,-0.008,5.187,30.0,1619,-1,10.3,True,41,True,True,0.75,0.0,0.002,False,False,0.15,0.0,35.928,1254,1.92,,,,,0,False,False,0.0,False,7.2,5.59,20.0,
183.6,28475,740.252,-455.578,-0.008,5.201,30.0,1619,-1,10.56,True,41,True,True,0.75,0.0,-0.006,False,False,0.125,0.004,35.867,1254,1.92,,,,,0,False,False,0.0,False,6.94,5.59,20.0,
183.65,28476,740.463,-455.425,-0.008,5.23,30.0,1619,-1,10.82,True,41,True,True,0.75,0.0,0.002,False,False,0.114,-0.002,35.898,1254,1.92,,,,,0,False,False,0.0,False,6.68,5.6,20.0,
183.7,28477,740.675,-455.272,-0.008,5.225,30.0,1619,-1,11.03,True,41,True,True,0.75,0.0,-0.005,False,False,0.103,0.003,35.844,1254,1.92,,,,,0,False,False,0.0,False,6.42,5.61,20.0,
183.75,28478,740.887,-455.12,-0.008,5.221,30.0,1619,-1,11.29,True,41,True,True,0.75,0.0,0.002,False,False,0.092,-0.002,35.881,1254,1.92,,,,,0,False,False,0.0,False,6.16,5.61,20.0,
183.8,28479,741.105,-454.962,-0.008,5.577,30.0,1619,-1,11.56,True,41,True,True,0.75,0.0,-0.005,False,False,0.152,0.004,35.866,1254,1.92,,,,,0,False,False,0.0,False,5.89,5.61,20.0,
183.85,28480,741.344,-454.791,-0.01,5.992,30.0,1619,-1,11.86,True,41,True,True,0.0,0.047,-0.001,False,False,0.309,0.004,35.885,1254,1.92,,,,,0,False,False,0.0,False,5.6,5.79,20.0,
183.9,28481,741.595,-454.611,-0.011,6.234,30.0,1619,-1,12.17,True,41,True,True,0.0,0.3,-0.026,False,False,0.421,0.052,35.781,1254,5.76,,,,,0,False,False,0.0,False,9.12,6.0,20.0,
183.95,28482,741.85,-454.429,-0.011,6.285,30.0,1619,-1,12.48,True,41,True,True,0.0,0.3,0.001,False,False,0.431,0.039,35.731,1254,5.76,,,,,0,False,False,0.0,False,8.81,6.12,20.0,
184.0,28483,742.103,-454.247,-0.01,6.2,30.0,1619,-1,12.79,True,41,True,True,0.0,0.3,-0.001,False,False,0.352,0.018,35.666,1254,5.76,,,,,0,False,False,0.0,False,8.5,6.14,20.0,
184.05,28484,742.351,-454.07,-0.009,6.072,30.0,1619,-1,13.1,True,41,True,True,0.0,0.3,0.002,False,False,0.235,0.001,35.691,1254,5.76,,,,,0,False,False,0.0,False,8.19,6.1,20.0,
184.1,28485,742.593,-453.896,-0.008,5.914,30.0,1619,-1,13.39,True,41,True,True,0.0,0.3,-0.005,False,False,0.113,0.004,35.637,1254,5.76,,,,,0,False,False,0.0,False,7.9,6.04,20.0,
184.15,28486,742.829,-453.727,-0.007,5.735,30.0,1619,-1,13.68,True,41,True,True,0.0,0.3,0.002,False,False,0.004,-0.001,35.665,1254,5.76,,,,,0,False,False,0.0,False,7.61,5.96,20.0,
184.2,28487,743.056,-453.564,-0.006,5.543,30.0,1619,-1,13.96,True,41,True,True,0.0,0.3,-0.004,False,False,-0.087,0.003,35.614,1254,5.76,,,,,0,False,False,0.0,False,7.33,5.87,20.0,
184.25,28488,743.277,-453.406,-0.006,5.373,30.0,1614,-1,11.6,True,41,True,False,0.018,0.0,0.003,False,False,-0.154,-0.002,35.649,1254,5.76,,,,,0,False,False,0.0,False,7.06,5.77,20.0,
184.3,28489,743.491,-453.253,-0.005,5.225,30.0,1614,-1,11.86,True,41,True,False,0.626,0.0,-0.004,False,False,-0.191,0.002,35.599,1254,5.76,,,,,0,False,False,0.0,False,6.79,5.69,20.0,
184.35,28490,743.7,-453.103,-0.005,5.094,30.0,1614,-1,12.0,True,41,True,False,0.75,0.0,0.003,False,False,-0.206,-0.002,35.638,1254,5.76,,,,,0,False,False,0.0,False,6.53,5.61,20.0,
184.4,28491,743.906,-452.956,-0.005,5.05,30.0,1614,-1,12.22,True,41,True,False,0.75,0.0,-0.004,False,False,-0.192,0.002,35.58,1254,5.76,,,,,0,False,False,0.0,False,6.28,5.55,20.0,
184.45,28492,744.111,-452.809,-0.006,5.045,30.0,1614,-1,12.48,True,41,True,False,0.75,0.0,0.004,False,False,-0.143,-0.003,35.619,1254,5.76,,,,,0,False,False,0.0,False,6.03,5.53,20.0,
184.5,28493,744.314,-452.663,-0.006,4.861,30.0,1614,-1,12.66,True,41,True,False,0.75,0.0,-0.004,False,False,-0.117,0.001,35.595,1254,5.76,,,,,0,False,False,0.0,False,5.78,5.52,20.0,
184.55,28494,744.502,-452.529,-0.006,4.482,30.0,1254,-1,0.21,False,-1,True,True,0.75,0.0,0.001,False,False,-0.199,-0.0,35.612,1254,5.76,,,,,0,False,False,0.0,False,5.55,5.43,20.0,
184.6,28495,744.677,-452.404,-0.005,4.248,30.0,1618,-1,9.42,True,41,True,False,0.75,0.0,-0.002,False,False,-0.276,0.001,35.612,1254,5.76,,,,,0,False,False,0.0,False,5.33,5.24,20.0,
184.65,28496,744.847,-452.283,-0.005,4.129,30.0,1254,-1,0.63,False,-1,True,True,0.75,0.0,-0.001,False,False,-0.3,0.002,35.608,1254,5.76,,,,,0,False,False,0.0,False,5.12,5.12,20.0,
184.7,28497,745.014,-452.163,-0.005,4.094,30.0,1254,-1,0.84,False,-1,True,True,0.75,0.0,-0.001,False,False,-0.27,0.001,35.604,1254,5.76,,,,,0,False,False,0.0,False,4.92,5.06,20.0,
184.75,28498,745.181,-452.044,-0.006,4.113,30.0,1254,-1,1.04,False,-1,True,True,0.75,0.0,-0.008,False,False,-0.202,0.013,35.578,1254,9.59,,,,,0,False,False,0.0,False,8.53,5.05,20.0,
184.8,28499,745.351,-451.923,-0.006,4.167,30.0,1254,-1,1.25,False,-1,True,True,0.75,0.0,-0.0,False,False,-0.119,0.01,35.561,1254,9.59,,,,,0,False,False,0.0,False,8.33,5.06,20.0,
184.85,28500,745.522,-451.8,-0.007,4.241,30.0,1254,-1,1.46,False,-1,True,True,0.75,0.0,-0.0,False,False,-0.035,0.004,35.555,1254,9.59,,,,,0,False,False,0.0,False,8.11,5.08,20.0,
184.9,28501,745.698,-451.675,-0.008,4.328,30.0,1254,-1,1.68,False,-1,True,True,0.75,0.0,-0.001,False,False,0.04,0.002,35.55,1254,9.59,,,,,0,False,False,0.0,False,7.9,5.12,20.0,
184.95,28502,745.877,-451.548,-0.008,4.422,30.0,1254,-1,1.9,False,-1,True,True,0.75,0.0,-0.001,False,False,0.102,0.001,35.544,1254,9.59,,,,,0,False,False,0.0,False,7.68,5.16,20.0,
185.0,28503,746.059,-451.417,-0.009,4.522,30.0,1254,-1,2.12,False,-1,True,True,0.75,0.0,-0.001,False,False,0.151,0.0,35.539,1254,9.59,,,,,0,False,False,0.0,False,7.45,5.21,20.0,
185.05,28504,746.246,-451.284,-0.009,4.624,30.0,1254,-1,2.35,False,-1,True,True,0.75,0.0,-0.001,False,False,0.187,-0.0,35.536,1254,9.59,,,,,0,False,False,0.0,False,7.23,5.26,20.0,
185.1,28505,746.437,-451.148,-0.009,4.727,30.0,1254,-1,2.58,False,-1,True,True,0.75,0.0,-0.001,False,False,0.214,-0.0,35.532,1254,9.59,,,,,0,False,False,0.0,False,6.99,5.31,20.0,
185.15,28506,746.632,-451.009,-0.009,4.831,30.0,1254,-1,2.82,False,-1,True,True,0.75,0.0,-0.001,False,False,0.232,-0.0,35.529,1254,9.59,,,,,0,False,False,0.0,False,6.75,5.36,20.0,
185.2,28507,746.831,-450.866,-0.009,4.936,30.0,1254,-1,3.07,False,-1,True,True,0.75,0.0,-0.0,False,False,0.244,-0.0,35.526,1254,9.59,,,,,0,False,False,0.0,False,6.51,5.42,20.0,
185.25,28508,747.035,-450.721,-0.009,5.04,30.0,1254,-1,3.32,False,-1,True,True,0.75,0.0,-0.0,False,False,0.252,-0.0,35.524,1254,9.59,,,,,0,False,False,0.0,False,6.26,5.47,20.0,
185.3,28509,747.242,-450.573,-0.009,5.141,30.0,1254,-1,3.57,False,-1,True,True,0.75,0.0,-0.0,False,False,0.257,-0.0,35.522,1254,9.59,,,,,0,False,False,0.0,False,6.0,5.52,20.0,
185.35,28510,747.454,-450.422,-0.009,5.279,30.0,1254,-1,3.83,False,-1,True,True,0.75,0.0,-0.0,False,False,0.261,-0.0,35.52,1254,9.59,,,,,0,False,False,0.0,False,5.74,5.57,20.0,
185.4,28511,747.67,-450.268,-0.009,5.298,30.0,1254,-1,4.1,False,-1,True,True,0.75,0.0,-0.0,False,False,0.255,-0.0,35.527,1254,9.59,,,,,0,False,False,0.0,False,5.48,5.64,20.0,
185.45,28512,747.886,-450.111,-0.009,5.357,30.0,1254,-1,4.37,False,-1,True,True,0.75,0.0,0.033,False,False,0.232,-0.054,35.6,1254,13.43,,,,,0,False,False,0.0,False,9.02,5.65,20.0,
185.5,28513,748.1,-449.956,-0.009,5.276,30.0,1254,-1,4.63,False,-1,True,True,0.75,0.0,0.003,False,False,0.184,-0.052,35.718,1254,13.43,,,,,0,False,False,0.0,False,8.76,5.68,20.0,
185.55,28514,748.316,-449.801,-0.008,5.352,30.0,1254,-1,4.9,False,-1,True,True,0.75,0.0,-0.004,False,False,0.152,-0.021,35.729,1254,13.43,,,,,0,False,False,0.0,False,8.49,5.64,20.0,
185.6,28515,748.532,-449.646,-0.008,5.303,30.0,1254,-1,5.16,False,-1,True,True,0.75,0.0,0.003,False,False,0.126,-0.01,35.78,1254,13.43,,,,,0,False,False,0.0,False,8.22,5.68,20.0,
185.65,28516,748.749,-449.489,-0.008,5.374,30.0,1254,-1,5.43,False,-1,True,True,0.75,0.0,-0.001,False,False,0.114,-0.002,35.766,1254,13.43,,,,,0,False,False,0.0,False,7.96,5.65,20.0,
185.7,28517,748.965,-449.334,-0.008,5.3,30.0,1254,-1,5.7,False,-1,True,True,0.682,0.0,0.004,False,False,0.095,-0.005,35.807,1254,13.43,,,,,0,False,False,0.0,False,7.69,5.69,20.0,
185.75,28518,749.185,-449.174,-0.008,5.626,30.0,1254,-1,5.97,False,-1,True,True,0.75,0.0,-0.001,False,False,0.129,-0.001,35.782,1254,13.43,,,,,0,False,False,0.0,False,7.42,5.65,20.0,
185.8,28519,749.423,-449.002,-0.009,5.963,30.0,1254,-1,6.26,False,-1,True,True,0.0,0.232,0.004,False,False,0.269,-0.006,35.775,1254,13.43,,,,,0,False,False,0.0,False,7.12,5.81,20.0,
185.85,28520,749.673,-448.821,-0.01,6.265,30.0,1254,-1,6.57,False,-1,True,True,0.0,0.3,0.003,False,False,0.383,-0.009,35.787,1254,13.43,,,,,0,False,False,0.0,False,6.82,5.98,20.0,
185.9,28521,749.927,-448.637,-0.011,6.266,30.0,1254,-1,6.88,False,-1,True,True,0.0,0.3,0.001,False,False,0.399,-0.006,35.8,1254,13.43,,,,,0,False,False,0.0,False,6.5,6.13,20.0,
185.95,28522,750.182,-448.454,-0.01,6.286,30.0,1254,-1,7.2,False,-1,True,True,0.0,0.3,0.001,False,False,0.344,-0.002,35.809,1254,13.43,,,,,0,False,False,0.0,False,6.19,6.13,20.0,
186.0,28523,750.432,-448.273,-0.009,6.103,30.0,1254,-1,7.51,False,-1,True,True,0.0,0.3,0.001,False,False,0.238,0.001,35.804,1254,13.43,,,,,0,False,False,0.0,False,5.88,6.14,20.0,
186.05,28524,750.674,-448.095,-0.008,5.993,30.0,1254,-1,7.81,False,-1,True,True,0.0,0.3,0.063,False,False,0.121,-0.085,35.969,1254,17.26,,,,,0,False,False,0.0,False,9.37,6.05,20.0,
186.1,28525,750.908,-447.922,-0.007,5.747,30.0,1254,-1,8.1,False,-1,True,True,0.0,0.3,0.005,False,False,0.005,-0.087,36.105,1254,17.26,,,,,0,False,False,0.0,False,9.08,6.0,20.0,
186.15,28526,751.136,-447.755,-0.006,5.611,30.0,1254,-1,8.38,False,-1,True,True,0.0,0.3,0.002,False,False,-0.086,-0.049,36.214,1254,17.26,,,,,0,False,False,0.0,False,8.8,5.87,20.0,
186.2,28527,751.355,-447.594,-0.006,5.353,30.0,1254,-1,8.65,False,-1,True,True,0.0,0.231,0.001,False,False,-0.163,-0.021,36.23,1254,17.26,,,,,0,False,False,0.0,False,8.53,5.81,20.0,
186.25,28528,751.568,-447.438,-0.005,5.25,30.0,1254,-1,8.92,False,-1,True,True,0.698,0.0,0.007,False,False,-0.207,-0.016,36.291,1254,17.26,,,,,0,False,False,0.0,False,8.26,5.68,20.0,
186.3,28529,751.774,-447.285,-0.005,5.048,30.0,1254,-1,9.17,False,-1,True,True,0.75,0.0,0.002,False,False,-0.228,-0.01,36.286,1254,17.26,,,,,0,False,False,0.0,False,8.01,5.62,20.0,
186.35,28530,751.977,-447.136,-0.005,5.04,30.0,1254,-1,9.42,False,-1,True,True,0.75,0.0,0.006,False,False,-0.215,-0.012,36.303,1254,17.26,,,,,0,False,False,0.0,False,7.76,5.52,20.0,
186.4,28531,752.179,-446.986,-0.006,4.941,30.0,1254,-1,9.68,False,-1,True,True,0.75,0.0,0.004,False,False,-0.164,-0.011,36.316,1254,17.26,,,,,0,False,False,0.0,False,7.5,5.52,20.0,
186.45,28532,752.381,-446.837,-0.006,4.936,30.0,1254,-1,9.93,False,-1,True,True,0.75,0.0,0.004,False,False,-0.113,-0.009,36.345,1254,17.26,,,,,0,False,False,0.0,False,7.25,5.47,20.0,
186.5,28533,752.568,-446.699,-0.006,4.514,30.0,1254,-1,10.16,False,-1,True,True,0.75,0.0,0.002,False,False,-0.185,-0.004,36.387,1254,17.26,,,,,0,False,False,0.0,False,7.02,5.47,20.0,
186.55,28534,752.743,-446.571,-0.005,4.26,30.0,1254,-1,10.38,False,-1,True,True,0.75,0.0,-0.0,False,False,-0.268,0.001,36.4,1254,17.26,,,,,0,False,False,0.0,False,6.8,5.26,20.0,
186.6,28535,752.91,-446.447,-0.005,4.127,30.0,1254,-1,10.58,False,-1,True,True,0.75,0.0,0.001,False,False,-0.3,0.003,36.406,1254,17.26,,,,,0,False,False,0.0,False,6.6,5.13,20.0,
186.65,28536,753.075,-446.325,-0.005,4.082,30.0,1254,-1,10.79,False,-1,True,True,0.75,0.0,0.001,False,False,-0.276,0.001,36.413,1254,17.26,,,,,0,False,False,0.0,False,6.39,5.06,20.0,
186.7,28537,753.24,-446.203,-0.005,4.096,30.0,1254,-1,10.99,False,-1,True,True,0.75,0.0,0.001,False,False,-0.212,0.0,36.42,1254,17.26,,,,,0,False,False,0.0,False,6.19,5.04,20.0,
186.75,28538,753.406,-446.081,-0.006,4.146,30.0,1254,-1,11.2,False,-1,True,True,0.75,0.0,0.001,False,False,-0.13,0.0,36.425,1254,17.26,,,,,0,False,False,0.0,False,5.98,5.05,20.0,
186.8,28539,753.575,-445.956,-0.007,4.218,30.0,1254,-1,11.41,False,-1,True,True,0.75,0.0,0.001,False,False,-0.045,0.0,36.43,1254,17.26,,,,,0,False,False,0.0,False,5.77,5.07,20.0,
186.85,28540,753.748,-445.828,-0.008,4.304,30.0,1254,-1,11.62,False,-1,True,True,0.75,0.0,0.001,False,False,0.031,-0.0,36.434,1254,17.26,,,,,0,False,False,0.0,False,5.55,5.11,20.0,
186.9,28541,753.923,-445.699,-0.008,4.397,30.0,1254,-1,11.84,False,-1,True,True,0.75,0.0,0.001,False,False,0.095,-0.0,36.438,1254,17.26,,,,,0,False,False,0.0,False,5.34,5.15,20.0,
186.95,28542,754.103,-445.566,-0.009,4.496,30.0,1254,-1,12.07,False,-1,True,True,0.75,0.0,0.001,False,False,0.145,-0.0,36.441,1254,17.26,,,,,0,False,False,0.0,False,5.11,5.2,20.0,
187.0,28543,754.284,-445.427,-0.009,4.587,30.0,1254,-1,12.29,False,-1,True,True,0.75,0.0,0.101,False,False,0.181,-0.108,36.627,1609,1.94,,,,,0,False,False,0.0,False,8.69,5.25,20.0,
187.05,28544,754.468,-445.284,-0.009,4.693,30.0,1254,-1,12.53,False,-1,True,True,0.75,0.0,0.024,False,False,0.207,-0.149,36.888,1609,1.94,,,,,0,False,False,0.0,False,8.46,5.29,20.0,
187.1,28545,754.657,-445.14,-0.009,4.798,30.0,1254,-1,12.76,False,-1,True,True,0.75,0.0,0.009,False,False,0.227,-0.101,37.023,1609,1.94,,,,,0,False,False,0.0,False,8.22,5.35,20.0,
187.15,28546,754.85,-444.992,-0.009,4.903,30.0,1254,-1,13.01,False,-1,True,True,0.75,0.0,0.015,False,False,0.241,-0.066,37.121,1609,1.94,,,,,0,False,False,0.0,False,7.98,5.4,20.0,
187.2,28547,755.046,-444.84,-0.009,5.008,30.0,1254,-1,13.26,False,-1,True,True,0.75,0.0,0.014,False,False,0.25,-0.048,37.214,1609,1.94,,,,,0,False,False,0.0,False,7.73,5.45,20.0,
187.25,28548,755.247,-444.685,-0.009,5.114,30.0,1254,-1,13.51,False,-1,True,True,0.75,0.0,0.011,False,False,0.257,-0.033,37.297,1609,1.94,,,,,0,False,False,0.0,False,7.48,5.5,20.0,
187.3,28549,755.452,-444.528,-0.009,5.205,30.0,1254,-1,13.77,False,-1,True,True,0.75,0.0,0.009,False,False,0.259,-0.022,37.383,1609,1.94,,,,,0,False,False,0.0,False,7.22,5.56,20.0,
187.35,28550,755.658,-444.368,-0.009,5.199,30.0,1254,-1,14.03,False,-1,True,True,0.75,0.0,0.006,False,False,0.234,-0.011,37.405,1609,1.94,,,,,0,False,False,0.0,False,6.96,5.6,20.0,
187.4,28551,755.863,-444.211,-0.009,5.182,30.0,1254,-1,14.29,False,-1,True,True,0.75,0.0,0.01,False,False,0.189,-0.012,37.505,1609,1.94,,,,,0,False,False,0.0,False,6.7,5.6,20.0,
187.45,28552,756.068,-444.052,-0.008,5.182,30.0,1254,-1,14.55,False,-1,True,True,0.75,0.0,0.002,False,False,0.149,-0.002,37.504,1609,1.94,,,,,0,False,False,0.0,False,6.44,5.59,20.0,
187.5,28553,756.273,-443.894,-0.008,5.196,30.0,1254,-1,14.8,False,-1,True,True,0.75,0.0,0.008,False,False,0.124,-0.006,37.588,1609,1.94,,,,,0,False,False,0.0,False,6.18,5.59,20.0,
187.55,28554,756.479,-443.735,-0.008,5.226,30.0,1254,-1,15.13,False,-1,True,True,0.75,0.0,-0.0,False,False,0.113,0.001,37.574,1609,1.94,,,,,0,False,False,0.0,False,5.92,5.6,20.0,
187.6,28555,756.686,-443.575,-0.008,5.221,30.0,1254,-1,15.39,False,-1,True,True,0.75,0.0,0.007,False,False,0.103,-0.003,37.643,1609,1.94,,,,,0,False,False,0.0,False,5.66,5.61,20.0,
187.65,28556,756.892,-443.415,-0.008,5.217,30.0,1254,-1,15.65,False,-1,True,True,0.75,0.0,-0.001,False,False,0.092,0.002,37.619,1609,1.94,,,,,0,False,False,0.0,False,5.4,5.61,20.0,
187.7,28557,757.102,-443.248,-0.008,5.567,30.0,1254,-1,15.92,False,-1,True,True,0.75,0.0,0.068,False,False,0.15,-0.11,37.815,1609,5.81,,,,,0,False,False,0.0,False,9.04,5.61,20.0,
187.75,28558,757.332,-443.065,-0.01,5.987,30.0,1254,-1,16.21,False,-1,True,True,0.0,0.012,0.004,False,False,0.307,-0.11,37.986,1609,5.81,,,,,0,False,False,0.0,False,8.75,5.78,20.0,
187.8,28559,757.574,-442.874,-0.011,6.236,30.0,1254,-1,16.52,False,-1,True,True,0.0,0.3,-0.0,False,False,0.423,-0.052,38.082,1609,5.81,,,,,0,False,False,0.0,False,8.44,5.99,20.0,
187.85,28560,757.821,-442.68,-0.011,6.289,30.0,1254,-1,16.83,False,-1,True,True,0.0,0.3,0.002,False,False,0.435,-0.018,38.098,1609,5.81,,,,,0,False,False,0.0,False,8.13,6.12,20.0,
187.9,28561,758.066,-442.487,-0.01,6.205,30.0,1254,-1,17.14,False,-1,True,True,0.0,0.3,0.007,False,False,0.356,-0.013,38.175,1609,5.81,,,,,0,False,False,0.0,False,7.82,6.14,20.0,
187.95,28562,758.305,-442.298,-0.009,6.076,30.0,1254,-1,17.45,False,-1,True,True,0.0,0.3,0.001,False,False,0.238,-0.004,38.171,1609,5.81,,,,,0,False,False,0.0,False,7.51,6.1,20.0,
188.0,28563,758.54,-442.113,-0.008,5.918,30.0,1254,-1,17.75,False,-1,True,True,0.0,0.3,0.006,False,False,0.116,-0.007,38.241,1609,5.81,,,,,0,False,False,0.0,False,7.21,6.04,20.0,
188.05,28564,758.767,-441.934,-0.007,5.74,30.0,1254,-1,18.04,False,-1,True,True,0.0,0.3,-0.001,False,False,0.006,0.0,38.226,1609,5.81,,,,,0,False,False,0.0,False,6.92,5.96,20.0,
188.1,28565,758.987,-441.76,-0.006,5.547,30.0,1611,-1,0.0,True,39,True,False,0.0,0.3,0.005,False,False,-0.086,-0.003,38.287,1609,5.81,,,,,0,False,False,0.0,False,6.64,5.87,20.0,
188.15,28566,759.2,-441.592,-0.006,5.377,30.0,1611,-1,0.24,True,39,True,False,0.002,0.0,-0.002,False,False,-0.154,0.002,38.261,1609,5.81,,,,,0,False,False,0.0,False,6.37,5.77,20.0,
188.2,28567,759.407,-441.428,-0.005,5.227,30.0,1254,-1,18.85,False,-1,True,True,0.612,0.0,0.005,False,False,-0.191,-0.003,38.317,1609,5.81,,,,,0,False,False,0.0,False,6.11,5.69,20.0,
188.25,28568,759.609,-441.268,-0.005,5.094,30.0,1609,-1,0.01,True,39,True,True,0.75,0.0,-0.002,False,False,-0.207,0.002,38.283,1609,5.81,,,,,0,False,False,0.0,False,5.85,5.61,20.0,
188.3,28569,759.807,-441.112,-0.005,5.05,30.0,1609,-1,0.26,True,39,True,True,0.75,0.0,0.005,False,False,-0.193,-0.003,38.346,1609,5.81,,,,,0,False,False,0.0,False,5.6,5.55,20.0,
188.35,28570,760.005,-440.955,-0.006,5.044,30.0,1609,-1,0.51,True,39,True,True,0.75,0.0,-0.004,False,False,-0.145,0.003,38.311,1609,5.81,,,,,0,False,False,0.0,False,5.34,5.52,20.0,
188.4,28571,760.203,-440.803,-0.006,4.857,30.0,1609,-1,0.76,True,39,True,True,0.75,0.0,-0.056,False,False,-0.119,0.074,38.212,1609,9.69,,,,,0,False,False,0.0,False,9.04,5.52,20.0,
188.45,28572,760.385,-440.662,-0.005,4.475,30.0,1609,-1,0.99,True,39,True,True,0.75,0.0,-0.007,False,False,-0.202,0.073,38.076,1609,9.69,,,,,0,False,False,0.0,False,8.81,5.43,20.0,
188.5,28573,760.554,-440.529,-0.005,4.237,30.0,1609,-1,1.21,True,39,True,True,0.75,0.0,-0.0,False,False,-0.28,0.039,38.029,1609,9.69,,,,,0,False,False,0.0,False,8.6,5.24,20.0,
188.55,28574,760.718,-440.402,-0.005,4.116,30.0,1609,-1,1.41,True,39,True,True,0.75,0.0,-0.005,False,False,-0.305,0.021,38.002,1609,9.69,,,,,0,False,False,0.0,False,8.39,5.12,20.0,
188.6,28575,760.88,-440.276,-0.005,4.08,30.0,1609,-1,1.62,True,39,True,True,0.75,0.0,-0.006,False,False,-0.274,0.014,37.973,1609,9.69,,,,,0,False,False,0.0,False,8.18,5.06,20.0,
188.65,28576,761.042,-440.151,-0.006,4.099,30.0,1609,-1,1.82,True,39,True,True,0.75,0.0,-0.005,False,False,-0.206,0.009,37.946,1609,9.69,,,,,0,False,False,0.0,False,7.98,5.04,20.0,
188.7,28577,761.206,-440.024,-0.006,4.152,30.0,1609,-1,2.03,True,39,True,True,0.75,0.0,-0.004,False,False,-0.122,0.006,37.923,1609,9.69,,,,,0,False,False,0.0,False,7.77,5.05,20.0,
188.75,28578,761.372,-439.895,-0.007,4.226,30.0,1609,-1,2.24,True,39,True,True,0.75,0.0,-0.003,False,False,-0.037,0.003,37.902,1609,9.69,,,,,0,False,False,0.0,False,7.56,5.08,20.0,
188.8,28579,761.542,-439.763,-0.008,4.313,30.0,1609,-1,2.46,True,39,True,True,0.75,0.0,-0.003,False,False,0.039,0.002,37.884,1609,9.69,,,,,0,False,False,0.0,False,7.35,5.11,20.0,
188.85,28580,761.715,-439.629,-0.008,4.407,30.0,1609,-1,2.68,True,39,True,True,0.75,0.0,-0.002,False,False,0.101,0.001,37.869,1609,9.69,,,,,0,False,False,0.0,False,7.13,5.16,20.0,
188.9,28581,761.891,-439.492,-0.009,4.507,30.0,1609,-1,2.9,True,39,True,True,0.75,0.0,-0.002,False,False,0.15,0.0,37.855,1609,9.69,,,,,0,False,False,0.0,False,6.9,5.2,20.0,
188.95,28582,762.072,-439.352,-0.009,4.609,30.0,1609,-1,3.13,True,39,True,True,0.75,0.0,-0.002,False,False,0.187,0.0,37.843,1609,9.69,,,,,0,False,False,0.0,False,6.68,5.25,20.0,
189.0,28583,762.257,-439.208,-0.009,4.713,30.0,1609,-1,3.36,True,39,True,True,0.75,0.0,-0.002,False,False,0.214,-0.0,37.832,1609,9.69,,,,,0,False,False,0.0,False,6.44,5.3,20.0,
189.05,28584,762.446,-439.062,-0.009,4.817,30.0,1609,-1,3.6,True,39,True,True,0.75,0.0,-0.001,False,False,0.232,-0.0,37.823,1609,9.69,,,,,0,False,False,0.0,False,6.2,5.36,20.0,
189.1,28585,762.639,-438.912,-0.009,4.921,30.0,1609,-1,3.84,True,39,True,True,0.75,0.0,-0.001,False,False,0.244,-0.0,37.815,1609,9.69,,,,,0,False,False,0.0,False,5.96,5.41,20.0,
189.15,28586,762.835,-438.76,-0.009,5.025,30.0,1609,-1,4.09,True,39,True,True,0.75,0.0,-0.001,False,False,0.252,-0.0,37.809,1609,9.69,,,,,0,False,False,0.0,False,5.71,5.46,20.0,
189.2,28587,763.037,-438.604,-0.009,5.126,30.0,1609,-1,4.35,True,39,True,True,0.75,0.0,-0.001,False,False,0.257,-0.0,37.803,1609,9.69,,,,,0,False,False,0.0,False,5.46,5.51,20.0,
189.25,28588,763.244,-438.449,-0.009,5.252,30.0,1609,-1,4.61,True,39,True,True,0.75,0.0,-0.1,False,False,0.258,0.131,37.595,1609,13.56,,,,,0,False,False,0.0,False,9.08,5.56,20.0,
189.3,28589,763.455,-438.292,-0.009,5.255,30.0,1609,-1,4.87,True,39,True,True,0.75,0.0,-0.012,False,False,0.248,0.148,37.34,1609,13.56,,,,,0,False,False,0.0,False,8.82,5.63,20.0,
189.35,28590,763.666,-438.133,-0.009,5.301,30.0,1609,-1,5.13,True,39,True,True,0.75,0.0,0.001,False,False,0.217,0.078,37.193,1609,13.56,,,,,0,False,False,0.0,False,8.56,5.63,20.0,
189.4,28591,763.875,-437.975,-0.008,5.225,30.0,1609,-1,5.39,True,39,True,True,0.75,0.0,-0.003,False,False,0.171,0.033,37.162,1609,13.56,,,,,0,False,False,0.0,False,8.29,5.65,20.0,
189.45,28592,764.085,-437.816,-0.008,5.303,30.0,1609,-1,5.66,True,39,True,True,0.75,0.0,-0.003,False,False,0.142,0.012,37.103,1609,13.56,,,,,0,False,False,0.0,False,8.03,5.61,20.0,
189.5,28593,764.296,-437.658,-0.008,5.257,30.0,1609,-1,5.92,True,39,True,True,0.75,0.0,-0.007,False,False,0.12,0.008,37.097,1609,13.56,,,,,0,False,False,0.0,False,7.77,5.65,20.0,
189.55,28594,764.508,-437.499,-0.008,5.329,30.0,1609,-1,6.19,True,39,True,True,0.75,0.0,-0.01,False,False,0.111,0.015,37.023,1609,13.56,,,,,0,False,False,0.0,False,7.5,5.63,20.0,
189.6,28595,764.719,-437.341,-0.008,5.255,30.0,1609,-1,6.45,True,39,True,True,0.75,0.0,-0.003,False,False,0.094,0.01,37.009,1609,13.56,,,,,0,False,False,0.0,False,7.24,5.66,20.0,
189.65,28596,764.935,-437.179,-0.008,5.582,30.0,1609,-1,6.72,True,39,True,True,0.75,0.0,-0.006,False,False,0.129,0.011,36.938,1609,13.56,,,,,0,False,False,0.0,False,6.97,5.63,20.0,
189.7,28597,765.168,-437.004,-0.009,5.935,30.0,1609,-1,7.0,True,39,True,True,0.0,0.073,-0.0,False,False,0.272,0.005,36.89,1609,13.56,,,,,0,False,False,0.0,False,6.68,5.79,20.0,
189.75,28598,765.415,-436.819,-0.011,6.256,30.0,1609,-1,7.26,True,39,True,True,0.0,0.3,-0.0,False,False,0.395,0.0,36.868,1609,13.56,,,,,0,False,False,0.0,False,6.37,5.97,20.0,
189.8,28599,765.666,-436.631,-0.011,6.258,30.0,1609,-1,7.57,True,39,True,True,0.0,0.3,-0.002,False,False,0.413,0.001,36.852,1609,13.56,,,,,0,False,False,0.0,False,6.05,6.13,20.0,
189.85,28600,765.919,-436.446,-0.01,6.275,30.0,1609,-1,7.88,True,39,True,True,0.0,0.3,-0.055,False,False,0.356,0.098,36.686,1253,1.96,,,,,0,False,False,0.0,False,9.63,6.13,20.0,
189.9,28601,766.166,-436.264,-0.009,6.089,30.0,1609,-1,8.19,True,39,True,True,0.0,0.3,-0.002,False,False,0.246,0.092,36.512,1253,1.96,,,,,0,False,False,0.0,False,9.33,6.14,20.0,
189.95,28602,766.408,-436.086,-0.008,5.985,30.0,1609,-1,8.49,True,39,True,True,0.0,0.3,0.004,False,False,0.128,0.043,36.471,1253,1.96,,,,,0,False,False,0.0,False,9.03,6.04,20.0,
190.0,28603,766.642,-435.913,-0.007,5.74,30.0,1609,-1,8.78,True,39,True,True,0.0,0.3,-0.005,False,False,0.011,0.023,36.409,1253,1.96,,,,,0,False,False,0.0,False,8.74,5.99,20.0,
190.05,28604,766.87,-435.746,-0.006,5.605,30.0,1609,-1,9.06,True,39,True,True,0.0,0.3,-0.001,False,False,-0.082,0.013,36.408,1253,1.96,,,,,0,False,False,0.0,False,8.45,5.87,20.0,
190.1,28605,767.089,-435.585,-0.006,5.35,30.0,1609,-1,9.34,True,39,True,True,0.0,0.21,-0.005,False,False,-0.159,0.012,36.353,1253,1.96,,,,,0,False,False,0.0,False,8.18,5.8,20.0,
190.15,28606,767.301,-435.429,-0.005,5.25,30.0,1609,-1,9.6,True,39,True,True,0.709,0.0,0.0,False,False,-0.202,0.006,36.357,1253,1.96,,,,,0,False,False,0.0,False,7.92,5.67,20.0,
190.2,28607,767.508,-435.277,-0.005,5.049,30.0,1609,-1,9.86,True,39,True,True,0.75,0.0,-0.004,False,False,-0.224,0.005,36.304,1253,1.96,,,,,0,False,False,0.0,False,7.66,5.63,20.0,
190.25,28608,767.71,-435.128,-0.005,5.04,30.0,1609,-1,10.06,True,39,True,True,0.75,0.0,0.002,False,False,-0.212,-0.0,36.282,1253,1.96,,,,,0,False,False,0.0,False,7.41,5.52,20.0,
190.3,28609,767.913,-434.979,-0.006,4.941,30.0,1609,-1,10.31,True,39,True,True,0.75,0.0,0.0,False,False,-0.162,-0.002,36.265,1253,1.96,,,,,0,False,False,0.0,False,7.16,5.52,20.0,
190.35,28610,768.115,-434.83,-0.006,4.937,30.0,1609,-1,10.56,True,39,True,True,0.75,0.0,0.0,False,False,-0.112,-0.001,36.269,1253,1.96,,,,,0,False,False,0.0,False,6.91,5.47,20.0,
190.4,28611,768.303,-434.693,-0.006,4.515,30.0,1609,-1,10.79,True,39,True,True,0.75,0.0,-0.001,False,False,-0.184,0.001,36.293,1253,1.96,,,,,0,False,False,0.0,False,6.68,5.47,20.0,
190.45,28612,768.478,-434.565,-0.005,4.261,30.0,1609,-1,11.01,True,39,True,True,0.75,0.0,-0.003,False,False,-0.267,0.005,36.29,1253,1.96,,,,,0,False,False,0.0,False,6.46,5.26,20.0,
190.5,28613,768.646,-434.441,-0.005,4.128,30.0,1609,-1,11.22,True,39,True,True,0.75,0.0,-0.001,False,False,-0.299,0.005,36.283,1253,1.96,,,,,0,False,False,0.0,False,6.25,5.13,20.0,
190.55,28614,768.811,-434.32,-0.005,4.084,30.0,1609,-1,11.42,True,39,True,True,0.75,0.0,-0.001,False,False,-0.275,0.003,36.278,1253,1.96,,,,,0,False,False,0.0,False,6.04,5.06,20.0,
190.6,28615,768.977,-434.199,-0.005,4.097,30.0,1609,-1,11.63,True,39,True,True,0.75,0.0,-0.001,False,False,-0.212,0.001,36.274,1253,1.96,,,,,0,False,False,0.0,False,5.84,5.04,20.0,
190.65,28616,769.144,-434.077,-0.006,4.147,30.0,1609,-1,11.83,True,39,True,True,0.75,0.0,-0.001,False,False,-0.13,0.001,36.271,1253,1.96,,,,,0,False,False,0.0,False,5.63,5.05,20.0,
190.7,28617,769.313,-433.952,-0.007,4.219,30.0,1609,-1,12.04,True,39,True,True,0.75,0.0,-0.0,False,False,-0.045,0.0,36.268,1253,1.96,,,,,0,False,False,0.0,False,5.42,5.07,20.0,
190.75,28618,769.486,-433.826,-0.008,4.304,30.0,1609,-1,12.26,True,39,True,True,0.75,0.0,-0.001,False,False,0.031,0.0,36.265,1253,1.96,,,,,0,False,False,0.0,False,5.21,5.11,20.0,
190.8,28619,769.662,-433.696,-0.008,4.398,30.0,1609,-1,12.48,True,39,True,True,0.75,0.0,-0.0,False,False,0.095,-0.0,36.262,1253,1.96,,,,,0,False,False,0.0,False,4.99,5.15,20.0,
190.85,28620,769.843,-433.566,-0.009,4.495,30.0,1609,-1,12.7,True,39,True,True,0.75,0.0,-0.035,False,False,0.145,0.052,36.165,1253,5.88,,,,,0,False,False,0.0,False,8.69,5.2,20.0,
190.9,28621,770.028,-433.432,-0.009,4.597,30.0,1609,-1,12.93,True,39,True,True,0.75,0.0,-0.001,False,False,0.183,0.046,36.09,1253,5.88,,,,,0,False,False,0.0,False,8.46,5.25,20.0,
190.95,28622,770.217,-433.295,-0.009,4.701,30.0,1609,-1,13.16,True,39,True,True,0.75,0.0,-0.0,False,False,0.21,0.021,36.067,1253,5.88,,,,,0,False,False,0.0,False,8.23,5.3,20.0,
191.0,28623,770.41,-433.155,-0.009,4.805,30.0,1609,-1,13.4,True,39,True,True,0.75,0.0,-0.004,False,False,0.23,0.01,36.049,1253,5.88,,,,,0,False,False,0.0,False,7.99,5.35,20.0,
191.05,28624,770.607,-433.013,-0.009,4.91,30.0,1609,-1,13.64,True,39,True,True,0.75,0.0,-0.003,False,False,0.243,0.006,36.029,1253,5.88,,,,,0,False,False,0.0,False,7.74,5.4,20.0,
191.1,28625,770.808,-432.867,-0.009,5.014,30.0,1605,-1,11.32,True,39,True,False,0.75,0.0,-0.002,False,False,0.251,0.004,36.01,1253,5.88,,,,,0,False,False,0.0,False,7.49,5.45,20.0,
191.15,28626,771.014,-432.718,-0.009,5.119,30.0,1605,-1,11.57,True,39,True,False,0.75,0.0,-0.002,False,False,0.257,0.002,35.996,1253,5.88,,,,,0,False,False,0.0,False,7.24,5.51,20.0,
191.2,28627,771.223,-432.566,-0.009,5.179,30.0,1605,-1,11.83,True,39,True,False,0.75,0.0,-0.002,False,False,0.257,0.0,35.982,1253,5.88,,,,,0,False,False,0.0,False,6.98,5.56,20.0,
191.25,28628,771.437,-432.411,-0.009,5.307,30.0,1605,-1,12.0,True,39,True,False,0.75,0.0,-0.001,False,False,0.253,-0.0,35.986,1253,5.88,,,,,0,False,False,0.0,False,6.72,5.59,20.0,
191.3,28629,771.649,-432.257,-0.009,5.212,30.0,1605,-1,12.21,True,39,True,False,0.75,0.0,-0.003,False,False,0.21,0.002,35.942,1253,5.88,,,,,0,False,False,0.0,False,6.46,5.65,20.0,
191.35,28630,771.861,-432.104,-0.008,5.276,30.0,1605,-1,12.47,True,39,True,False,0.75,0.0,0.002,False,False,0.17,-0.003,35.958,1253,5.88,,,,,0,False,False,0.0,False,6.19,5.61,20.0,
191.4,28631,772.073,-431.95,-0.008,5.215,30.0,1605,-1,12.69,True,39,True,False,0.75,0.0,-0.003,False,False,0.135,-0.0,35.917,1253,5.88,,,,,0,False,False,0.0,False,5.93,5.64,20.0,
191.45,28632,772.286,-431.795,-0.008,5.311,30.0,1253,-1,0.21,False,-1,True,True,0.75,0.0,0.002,False,False,0.122,-0.004,35.936,1253,5.88,,,,,0,False,False,0.0,False,5.67,5.61,20.0,
191.5,28633,772.499,-431.641,-0.008,5.243,30.0,1253,-1,0.47,False,-1,True,True,0.75,0.0,-0.002,False,False,0.107,0.0,35.898,1253,5.88,,,,,0,False,False,0.0,False,5.41,5.66,20.0,
191.55,28634,772.714,-431.486,-0.008,5.31,30.0,1253,-1,0.74,False,-1,True,True,0.75,0.0,-0.015,False,False,0.098,0.026,35.876,1253,9.8,,,,,0,False,False,0.0,False,9.06,5.62,20.0,
191.6,28635,772.932,-431.33,-0.008,5.494,30.0,1253,-1,1.01,False,-1,True,True,0.75,0.0,-0.015,False,False,0.125,0.05,35.757,1253,9.8,,,,,0,False,False,0.0,False,8.79,5.65,20.0,
191.65,28636,773.169,-431.16,-0.01,6.003,30.0,1253,-1,1.3,False,-1,True,True,0.247,0.0,0.008,False,False,0.279,0.022,35.703,1253,9.8,,,,,0,False,False,0.0,False,8.5,5.75,20.0,
191.7,28637,773.418,-430.98,-0.011,6.194,30.0,1253,-1,1.61,False,-1,True,True,0.0,0.3,0.005,False,False,0.398,-0.004,35.71,1253,9.8,,,,,0,False,False,0.0,False,8.19,6.0,20.0,
191.75,28638,773.674,-430.796,-0.011,6.335,30.0,1253,-1,1.92,False,-1,True,True,0.0,0.3,0.0,False,False,0.426,-0.006,35.72,1253,9.8,,,,,0,False,False,0.0,False,7.88,6.1,20.0,
191.8,28639,773.928,-430.613,-0.01,6.223,30.0,1253,-1,2.23,False,-1,True,True,0.0,0.3,-0.0,False,False,0.362,-0.001,35.721,1253,9.8,,,,,0,False,False,0.0,False,7.57,6.17,20.0,
191.85,28640,774.178,-430.433,-0.009,6.162,30.0,1253,-1,2.54,False,-1,True,True,0.0,0.3,0.0,False,False,0.257,0.0,35.737,1253,9.8,,,,,0,False,False,0.0,False,7.26,6.11,20.0,
191.9,28641,774.422,-430.257,-0.008,5.938,30.0,1253,-1,2.84,False,-1,True,True,0.0,0.3,-0.001,False,False,0.13,0.004,35.713,1253,9.8,,,,,0,False,False,0.0,False,6.96,6.08,20.0,
191.95,28642,774.659,-430.087,-0.007,5.814,30.0,1253,-1,3.14,False,-1,True,True,0.0,0.3,0.002,False,False,0.018,0.0,35.741,1253,9.8,,,,,0,False,False,0.0,False,6.67,5.97,20.0,
192.0,28643,774.888,-429.922,-0.006,5.556,30.0,1253,-1,3.42,False,-1,True,True,0.0,0.3,-0.002,False,False,-0.082,0.003,35.716,1253,9.8,,,,,0,False,False,0.0,False,6.38,5.91,20.0,
192.05,28644,775.111,-429.762,-0.006,5.443,30.0,1253,-1,3.69,False,-1,True,True,0.0,0.032,0.002,False,False,-0.151,-0.0,35.744,1253,9.8,,,,,0,False,False,0.0,False,6.11,5.78,20.0,
192.1,28645,775.326,-429.607,-0.005,5.225,30.0,1253,-1,3.96,False,-1,True,True,0.373,0.0,-0.002,False,False,-0.195,0.001,35.711,1253,9.8,,,,,0,False,False,0.0,False,5.84,5.72,20.0,
192.15,28646,775.536,-429.456,-0.005,5.156,30.0,1253,-1,4.21,False,-1,True,True,0.75,0.0,0.003,False,False,-0.21,-0.003,35.733,1253,9.8,,,,,0,False,False,0.0,False,5.59,5.61,20.0,
192.2,28647,775.741,-429.308,-0.005,5.021,30.0,1253,-1,4.47,False,-1,True,True,0.75,0.0,-0.001,False,False,-0.205,-0.001,35.703,1253,9.8,,,,,0,False,False,0.0,False,5.33,5.58,20.0,
192.25,28648,775.947,-429.161,-0.006,5.088,30.0,1253,-1,4.72,False,-1,True,True,0.75,0.0,-0.008,False,False,-0.155,0.013,35.711,1253,13.72,,,,,0,False,False,0.0,False,9.0,5.51,20.0,
192.3,28649,776.152,-429.014,-0.006,4.917,30.0,1253,-1,4.97,False,-1,True,True,0.75,0.0,-0.003,False,False,-0.114,0.016,35.682,1253,13.72,,,,,0,False,False,0.0,False,8.75,5.54,20.0,
192.35,28650,776.343,-428.877,-0.006,4.558,30.0,1253,-1,5.21,False,-1,True,True,0.75,0.0,0.0,False,False,-0.18,0.01,35.642,1253,13.72,,,,,0,False,False,0.0,False,8.51,5.46,20.0,
192.4,28651,776.52,-428.749,-0.005,4.3,30.0,1253,-1,5.43,False,-1,True,True,0.75,0.0,0.002,False,False,-0.262,0.002,35.637,1253,13.72,,,,,0,False,False,0.0,False,8.29,5.28,20.0,
192.45,28652,776.691,-428.627,-0.005,4.163,30.0,1253,-1,5.64,False,-1,True,True,0.75,0.0,0.0,False,False,-0.297,-0.0,35.638,1253,13.72,,,,,0,False,False,0.0,False,8.08,5.15,20.0,
192.5,28653,776.859,-428.507,-0.005,4.115,30.0,1253,-1,5.84,False,-1,True,True,0.75,0.0,-0.0,False,False,-0.275,0.001,35.637,1253,13.72,,,,,0,False,False,0.0,False,7.88,5.08,20.0,
192.55,28654,777.027,-428.386,-0.005,4.126,30.0,1253,-1,6.05,False,-1,True,True,0.75,0.0,-0.0,False,False,-0.213,0.001,35.636,1253,13.72,,,,,0,False,False,0.0,False,7.67,5.06,20.0,
192.6,28655,777.196,-428.265,-0.006,4.175,30.0,1253,-1,6.26,False,-1,True,True,0.75,0.0,-0.0,False,False,-0.132,0.001,35.635,1253,13.72,,,,,0,False,False,0.0,False,7.46,5.06,20.0,
192.65,28656,777.368,-428.142,-0.007,4.245,30.0,1253,-1,6.47,False,-1,True,True,0.75,0.0,-0.0,False,False,-0.048,0.001,35.634,1253,13.72,,,,,0,False,False,0.0,False,7.25,5.09,20.0,
192.7,28657,777.543,-428.016,-0.008,4.33,30.0,1253,-1,6.68,False,-1,True,True,0.75,0.0,-0.0,False,False,0.028,0.001,35.634,1253,13.72,,,,,0,False,False,0.0,False,7.04,5.12,20.0,
192.75,28658,777.722,-427.888,-0.008,4.423,30.0,1253,-1,6.9,False,-1,True,True,0.75,0.0,-0.0,False,False,0.092,0.0,35.633,1253,13.72,,,,,0,False,False,0.0,False,6.82,5.17,20.0,
192.8,28659,777.904,-427.757,-0.008,4.522,30.0,1253,-1,7.13,False,-1,True,True,0.75,0.0,-0.0,False,False,0.143,0.0,35.632,1253,13.72,,,,,0,False,False,0.0,False,6.59,5.21,20.0,
192.85,28660,778.091,-427.624,-0.009,4.623,30.0,1253,-1,7.36,False,-1,True,True,0.75,0.0,-0.0,False,False,0.182,0.0,35.632,1253,13.72,,,,,0,False,False,0.0,False,6.36,5.26,20.0,
192.9,28661,778.281,-427.487,-0.009,4.727,30.0,1253,-1,7.59,False,-1,True,True,0.75,0.0,0.0,False,False,0.209,0.0,35.632,1253,13.72,,,,,0,False,False,0.0,False,6.13,5.31,20.0,
192.95,28662,778.476,-427.348,-0.009,4.83,30.0,1253,-1,7.83,False,-1,True,True,0.75,0.0,-0.0,False,False,0.229,0.0,35.631,1253,13.72,,,,,0,False,False,0.0,False,5.89,5.36,20.0,
193.0,28663,778.675,-427.205,-0.009,4.934,30.0,1253,-1,8.08,False,-1,True,True,0.75,0.0,0.0,False,False,0.242,-0.0,35.631,1253,13.72,,,,,0,False,False,0.0,False,5.64,5.42,20.0,
193.05,28664,778.878,-427.059,-0.009,5.038,30.0,1253,-1,8.33,False,-1,True,True,0.75,0.0,-0.0,False,False,0.251,0.0,35.631,1253,13.72,,,,,0,False,False,0.0,False,5.39,5.47,20.0,
193.1,28665,779.086,-426.911,-0.009,5.139,30.0,1253,-1,8.58,False,-1,True,True,0.75,0.0,-0.006,False,False,0.256,0.012,35.61,1253,17.64,,,,,0,False,False,0.0,False,9.06,5.52,20.0,
193.15,28666,779.297,-426.76,-0.009,5.259,30.0,1253,-1,8.84,False,-1,True,True,0.75,0.0,0.0,False,False,0.259,0.008,35.606,1253,17.64,,,,,0,False,False,0.0,False,8.8,5.57,20.0,
193.2,28667,779.509,-426.608,-0.009,5.172,30.0,1253,-1,9.1,False,-1,True,True,0.75,0.0,-0.001,False,False,0.224,0.005,35.576,1253,17.64,,,,,0,False,False,0.0,False,8.54,5.63,20.0,
193.25,28668,779.72,-426.457,-0.009,5.229,30.0,1253,-1,9.36,False,-1,True,True,0.75,0.0,0.002,False,False,0.183,-0.002,35.6,1253,17.64,,,,,0,False,False,0.0,False,8.28,5.59,20.0,
193.3,28669,779.931,-426.306,-0.008,5.162,30.0,1253,-1,9.62,False,-1,True,True,0.75,0.0,-0.003,False,False,0.142,0.002,35.562,1253,17.64,,,,,0,False,False,0.0,False,8.02,5.61,20.0,
193.35,28670,780.143,-426.155,-0.008,5.252,30.0,1253,-1,9.88,False,-1,True,True,0.75,0.0,0.003,False,False,0.124,-0.003,35.583,1253,17.64,,,,,0,False,False,0.0,False,7.76,5.58,20.0,
193.4,28671,780.355,-426.002,-0.008,5.204,30.0,1253,-1,10.14,False,-1,True,True,0.75,0.0,-0.002,False,False,0.111,0.0,35.548,1253,17.64,,,,,0,False,False,0.0,False,7.5,5.63,20.0,
193.45,28672,780.568,-425.85,-0.008,5.27,30.0,1253,-1,10.41,False,-1,True,True,0.75,0.0,0.003,False,False,0.104,-0.003,35.579,1253,17.64,,,,,0,False,False,0.0,False,7.23,5.6,20.0,
193.5,28673,780.781,-425.698,-0.008,5.196,30.0,1253,-1,10.67,False,-1,True,True,0.75,0.0,-0.002,False,False,0.088,0.002,35.55,1253,17.64,,,,,0,False,False,0.0,False,6.97,5.64,20.0,
193.55,28674,781.005,-425.538,-0.009,5.719,30.0,1253,-1,10.94,False,-1,True,True,0.75,0.0,0.002,False,False,0.184,-0.002,35.599,1253,17.64,,,,,0,False,False,0.0,False,6.7,5.6,20.0,
193.6,28675,781.247,-425.365,-0.01,6.028,30.0,1253,-1,11.24,False,-1,True,True,0.0,0.3,-0.004,False,False,0.336,0.005,35.606,1253,17.64,,,,,0,False,False,0.0,False,6.4,5.86,20.0,
193.65,28676,781.5,-425.184,-0.011,6.305,30.0,1253,-1,11.55,False,-1,True,True,0.0,0.3,-0.002,False,False,0.432,0.007,35.598,1253,17.64,,,,,0,False,False,0.0,False,6.09,6.01,20.0,
193.7,28677,781.759,-425.005,-0.011,6.276,30.0,1253,-1,11.87,False,-1,True,True,0.0,0.3,-0.102,False,False,0.423,0.143,35.376,1253,21.56,,,,,0,False,False,0.0,False,9.8,6.15,20.0,
193.75,28678,782.017,-424.828,-0.01,6.284,30.0,1253,-1,12.18,False,-1,True,True,0.0,0.3,-0.013,False,False,0.35,0.171,35.075,1253,21.56,,,,,0,False,False,0.0,False,9.49,6.14,20.0,
193.8,28679,782.27,-424.652,-0.009,6.09,30.0,1253,-1,12.49,False,-1,True,True,0.0,0.3,0.004,False,False,0.233,0.088,34.929,1253,21.56,,,,,0,False,False,0.0,False,9.18,6.14,20.0,
193.85,28680,782.516,-424.48,-0.008,5.983,30.0,1253,-1,12.79,False,-1,True,True,0.0,0.3,-0.004,False,False,0.113,0.042,34.888,1253,21.56,,,,,0,False,False,0.0,False,8.88,6.05,20.0,
193.9,28681,782.755,-424.315,-0.007,5.736,30.0,1253,-1,13.08,False,-1,True,True,0.0,0.3,-0.01,False,False,-0.003,0.032,34.803,1253,21.56,,,,,0,False,False,0.0,False,8.59,5.99,20.0,
193.95,28682,782.987,-424.155,-0.006,5.6,30.0,1253,-1,13.36,False,-1,True,True,0.0,0.3,-0.004,False,False,-0.093,0.022,34.777,1253,21.56,,,,,0,False,False,0.0,False,8.31,5.87,20.0,
194.0,28683,783.211,-424.0,-0.006,5.345,30.0,1253,-1,13.63,False,-1,True,True,0.0,0.192,-0.007,False,False,-0.168,0.019,34.704,1253,21.56,,,,,0,False,False,0.0,False,8.04,5.8,20.0,
194.05,28684,783.428,-423.851,-0.005,5.247,30.0,1253,-1,13.89,False,-1,True,True,0.723,0.0,-0.001,False,False,-0.208,0.01,34.693,1253,21.56,,,,,0,False,False,0.0,False,7.78,5.67,20.0,
194.1,28685,783.638,-423.705,-0.005,5.044,30.0,1253,-1,14.15,False,-1,True,True,0.75,0.0,-0.005,False,False,-0.228,0.008,34.627,1253,21.56,,,,,0,False,False,0.0,False,7.52,5.62,20.0,
194.15,28686,783.847,-423.561,-0.005,5.087,30.0,1253,-1,14.4,False,-1,True,True,0.75,0.0,0.0,False,False,-0.201,0.002,34.62,1253,21.56,,,,,0,False,False,0.0,False,7.27,5.52,20.0,
194.2,28687,784.055,-423.418,-0.006,5.013,30.0,1253,-1,14.66,False,-1,True,True,0.75,0.0,-0.003,False,False,-0.151,0.003,34.568,1253,21.56,,,,,0,False,False,0.0,False,7.01,5.54,20.0,
194.25,28688,784.258,-423.277,-0.006,4.767,30.0,1253,-1,14.9,False,-1,True,True,0.75,0.0,0.001,False,False,-0.142,-0.0,34.574,1253,21.56,,,,,0,False,False,0.0,False,6.77,5.51,20.0,
194.3,28689,784.444,-423.149,-0.005,4.404,30.0,1253,-1,15.13,False,-1,True,True,0.75,0.0,-0.003,False,False,-0.233,0.001,34.584,1253,21.56,,,,,0,False,False,0.0,False,6.54,5.38,20.0,
194.35,28690,784.619,-423.029,-0.005,4.183,30.0,1253,-1,15.34,False,-1,True,True,0.75,0.0,-0.003,False,False,-0.305,0.005,34.575,1253,21.56,,,,,0,False,False,0.0,False,6.33,5.2,20.0,
194.4,28691,784.789,-422.913,-0.005,4.075,30.0,1253,-1,15.55,False,-1,True,True,0.75,0.0,-0.001,False,False,-0.318,0.004,34.566,1253,21.56,,,,,0,False,False,0.0,False,6.12,5.09,20.0,
194.45,28692,784.956,-422.798,-0.005,4.047,30.0,1253,-1,15.75,False,-1,True,True,0.75,0.0,-0.001,False,False,-0.278,0.003,34.558,1253,21.56,,,,,0,False,False,0.0,False,5.92,5.04,20.0,
194.5,28693,785.124,-422.682,-0.006,4.072,30.0,1253,-1,15.95,False,-1,True,True,0.75,0.0,-0.001,False,False,-0.203,0.002,34.552,1253,21.56,,,,,0,False,False,0.0,False,5.72,5.02,20.0,
194.55,28694,785.294,-422.566,-0.006,4.129,30.0,1253,-1,16.16,False,-1,True,True,0.75,0.0,-0.001,False,False,-0.115,0.001,34.547,1253,21.56,,,,,0,False,False,0.0,False,5.51,5.04,20.0,
194.6,28695,785.466,-422.447,-0.007,4.206,30.0,1253,-1,16.37,False,-1,True,True,0.75,0.0,-0.001,False,False,-0.03,0.0,34.542,1253,21.56,,,,,0,False,False,0.0,False,5.3,5.06,20.0,
194.65,28696,785.642,-422.326,-0.008,4.294,30.0,1253,-1,16.58,False,-1,True,True,0.75,0.0,-0.001,False,False,0.046,0.0,34.538,1253,21.56,,,,,0,False,False,0.0,False,5.09,5.1,20.0,
194.7,28697,785.824,-422.206,-0.008,4.379,30.0,1253,-1,16.8,False,-1,True,True,0.75,0.0,-0.101,False,False,0.105,0.106,34.354,1253,25.48,,,,,0,False,False,0.0,False,8.73,5.15,20.0,
194.75,28698,786.01,-422.084,-0.009,4.481,30.0,1253,-1,17.02,False,-1,True,True,0.75,0.0,-0.015,False,False,0.152,0.132,34.122,1253,25.48,,,,,0,False,False,0.0,False,8.5,5.19,20.0,
194.8,28699,786.199,-421.958,-0.009,4.585,30.0,1253,-1,17.25,False,-1,True,True,0.75,0.0,-0.003,False,False,0.188,0.073,34.032,1253,25.48,,,,,0,False,False,0.0,False,8.28,5.24,20.0,
194.85,28700,786.392,-421.829,-0.009,4.69,30.0,1253,-1,17.48,False,-1,True,True,0.75,0.0,-0.011,False,False,0.215,0.04,33.97,1253,25.48,,,,,0,False,False,0.0,False,8.04,5.29,20.0,
194.9,28701,786.591,-421.697,-0.009,4.795,30.0,1253,-1,17.72,False,-1,True,True,0.75,0.0,-0.011,False,False,0.233,0.027,33.906,1253,25.48,,,,,0,False,False,0.0,False,7.81,5.34,20.0,
194.95,28702,786.793,-421.562,-0.009,4.9,30.0,1253,-1,17.96,False,-1,True,True,0.75,0.0,-0.008,False,False,0.246,0.018,33.846,1253,25.48,,,,,0,False,False,0.0,False,7.56,5.4,20.0,
195.0,28703,787.0,-421.425,-0.009,5.005,30.0,1253,-1,18.21,False,-1,True,True,0.75,0.0,-0.007,False,False,0.254,0.011,33.796,1253,25.48,,,,,0,False,False,0.0,False,7.32,5.45,20.0,
195.05,28704,787.211,-421.285,-0.009,5.11,30.0,1253,-1,18.46,False,-1,True,True,0.75,0.0,-0.006,False,False,0.259,0.006,33.754,1253,25.48,,,,,0,False,False,0.0,False,7.06,5.5,20.0,
195.1,28705,787.426,-421.142,-0.009,5.172,30.0,1253,-1,18.72,False,-1,True,True,0.75,0.0,-0.005,False,False,0.258,0.003,33.715,1253,25.48,,,,,0,False,False,0.0,False,6.8,5.55,20.0,
195.15,28706,787.644,-420.997,-0.009,5.274,30.0,1253,-1,18.98,False,-1,True,True,0.75,0.0,-0.004,False,False,0.249,0.001,33.697,1253,25.48,,,,,0,False,False,0.0,False,6.54,5.59,20.0,
195.2,28707,787.861,-420.853,-0.009,5.182,30.0,1253,-1,19.19,False,-1,True,True,0.75,0.0,-0.005,False,False,0.202,0.002,33.635,1253,25.48,,,,,0,False,False,0.0,False,6.28,5.64,20.0,
195.25,28708,788.079,-420.709,-0.008,5.248,30.0,1253,-1,19.45,False,-1,True,True,0.75,0.0,0.0,False,False,0.164,-0.004,33.636,1253,25.48,,,,,0,False,False,0.0,False,6.02,5.59,20.0,
195.3,28709,788.295,-420.564,-0.008,5.189,30.0,1253,-1,19.71,False,-1,True,True,0.75,0.0,-0.004,False,False,0.13,-0.0,33.583,1253,25.48,,,,,0,False,False,0.0,False,5.76,5.62,20.0,
195.35,28710,788.514,-420.42,-0.008,5.287,30.0,1253,-1,19.97,False,-1,True,True,0.75,0.0,0.001,False,False,0.12,-0.004,33.59,1253,25.48,,,,,0,False,False,0.0,False,5.5,5.59,20.0,
195.4,28711,788.73,-420.271,-0.008,5.208,30.0,1253,-1,20.23,False,-1,True,True,0.75,0.0,0.101,False,False,0.104,-0.112,33.716,1253,29.4,,,,,0,False,False,0.0,False,8.87,5.64,20.0,
195.45,28712,788.945,-420.122,-0.008,5.276,30.0,1253,-1,20.5,False,-1,True,True,0.75,0.0,0.036,False,False,0.093,-0.169,34.024,1253,29.4,,,,,0,False,False,0.0,False,8.61,5.6,20.0,
195.5,28713,789.164,-419.97,-0.008,5.461,30.0,1253,-1,20.76,False,-1,True,True,0.75,0.0,0.013,False,False,0.121,-0.128,34.185,1253,29.4,,,,,0,False,False,0.0,False,8.34,5.64,20.0,
195.55,28714,789.403,-419.804,-0.009,5.974,30.0,1253,-1,21.05,False,-1,True,True,0.368,0.0,0.018,False,False,0.277,-0.099,34.321,1253,29.4,,,,,0,False,False,0.0,False,8.05,5.73,20.0,
195.6,28715,789.655,-419.629,-0.011,6.178,30.0,1253,-1,21.36,False,-1,True,True,0.0,0.3,0.015,False,False,0.4,-0.08,34.457,1253,29.4,,,,,0,False,False,0.0,False,7.74,5.99,20.0,
195.65,28716,789.913,-419.45,-0.011,6.332,30.0,1253,-1,21.67,False,-1,True,True,0.0,0.3,0.011,False,False,0.434,-0.058,34.573,1253,29.4,,,,,0,False,False,0.0,False,7.43,6.09,20.0,
195.7,28717,790.17,-419.271,-0.01,6.228,30.0,1253,-1,21.99,False,-1,True,True,0.0,0.3,0.009,False,False,0.373,-0.04,34.671,1253,29.4,,,,,0,False,False,0.0,False,7.11,6.17,20.0,
195.75,28718,790.423,-419.094,-0.009,6.166,30.0,1253,-1,22.3,False,-1,True,True,0.0,0.3,0.007,False,False,0.268,-0.026,34.726,1253,29.4,,,,,0,False,False,0.0,False,6.81,6.11,20.0,
195.8,28719,790.67,-418.922,-0.008,5.945,30.0,1253,-1,22.6,False,-1,True,True,0.0,0.3,0.008,False,False,0.14,-0.021,34.814,1253,29.4,,,,,0,False,False,0.0,False,6.5,6.08,20.0,
195.85,28720,790.909,-418.754,-0.007,5.824,30.0,1253,-1,22.89,False,-1,True,True,0.0,0.3,0.003,False,False,0.027,-0.013,34.838,1253,29.4,,,,,0,False,False,0.0,False,6.21,5.97,20.0,
195.9,28721,791.141,-418.592,-0.006,5.567,30.0,1253,-1,23.17,False,-1,True,True,0.0,0.3,0.007,False,False,-0.075,-0.012,34.907,1253,29.4,,,,,0,False,False,0.0,False,5.93,5.91,20.0,
195.95,28722,791.365,-418.435,-0.006,5.453,30.0,1253,-1,23.44,False,-1,True,True,0.0,0.071,0.001,False,False,-0.145,-0.005,34.915,1253,29.4,,,,,0,False,False,0.0,False,5.66,5.78,20.0,
196.0,28723,791.581,-418.28,-0.005,5.225,30.0,1253,-1,23.71,False,-1,True,True,0.338,0.0,0.101,False,False,-0.194,-0.103,35.125,1253,33.32,,,,,0,False,False,0.0,False,8.95,5.73,20.0,
196.05,28724,791.785,-418.122,-0.005,5.124,30.0,1253,-1,23.97,False,-1,True,True,0.75,0.0,0.201,False,False,-0.22,-0.338,35.684,1253,33.32,,,,,0,False,False,0.0,False,8.69,5.61,20.0,
196.1,28725,791.98,-417.964,-0.005,5.034,30.0,1253,-1,24.22,False,-1,True,True,0.75,0.0,0.172,False,False,-0.221,-0.513,36.584,1253,33.32,,,,,0,False,False,0.0,False,8.44,5.56,20.0,
196.15,28726,792.173,-417.802,-0.006,5.035,30.0,1253,-1,24.46,False,-1,True,True,0.75,0.0,0.117,False,False,-0.173,-0.524,37.417,1253,33.32,,,,,0,False,False,0.0,False,8.19,5.52,20.0,
196.2,28727,792.364,-417.641,-0.006,4.915,30.0,1253,-1,24.71,False,-1,True,True,0.75,0.0,0.094,False,False,-0.129,-0.437,38.111,1253,33.32,,,,,0,False,False,0.0,False,7.94,5.52,20.0,
196.25,28728,792.54,-417.49,-0.006,4.519,30.0,1253,-1,24.94,False,-1,True,True,0.75,0.0,0.081,False,False,-0.198,-0.324,38.629,1253,33.32,,,,,0,False,False,0.0,False,7.71,5.46,20.0,
196.3,28729,792.704,-417.348,-0.005,4.267,30.0,1253,-1,25.16,False,-1,True,True,0.75,0.0,0.077,False,False,-0.277,-0.233,39.058,1253,33.32,,,,,0,False,False,0.0,False,7.49,5.26,20.0,
196.35,28730,792.861,-417.21,-0.005,4.136,30.0,1253,-1,25.36,False,-1,True,True,0.75,0.0,0.069,False,False,-0.306,-0.167,39.434,1253,33.32,,,,,0,False,False,0.0,False,7.28,5.13,20.0,
196.4,28731,793.015,-417.074,-0.005,4.093,30.0,1253,-1,25.57,False,-1,True,True,0.75,0.0,0.059,False,False,-0.28,-0.117,39.766,1253,33.32,,,,,0,False,False,0.0,False,7.08,5.07,20.0,
196.45,28732,793.169,-416.938,-0.005,4.108,30.0,1253,-1,25.77,False,-1,True,True,0.75,0.0,0.051,False,False,-0.215,-0.079,40.058,1253,33.32,,,,,0,False,False,0.0,False,6.87,5.05,20.0,
196.5,28733,793.324,-416.8,-0.006,4.158,30.0,1253,-1,25.97,False,-1,True,True,0.75,0.0,0.044,False,False,-0.131,-0.052,40.316,1253,33.32,,,,,0,False,False,0.0,False,6.66,5.05,20.0,
196.55,28734,793.481,-416.66,-0.007,4.231,30.0,1253,-1,26.18,False,-1,True,True,0.75,0.0,0.038,False,False,-0.046,-0.033,40.542,1253,33.32,,,,,0,False,False,0.0,False,6.45,5.08,20.0,
196.6,28735,793.642,-416.517,-0.008,4.317,30.0,1253,-1,26.4,False,-1,True,True,0.75,0.0,0.033,False,False,0.031,-0.02,40.741,1253,33.32,,,,,0,False,False,0.0,False,6.24,5.12,20.0,
196.65,28736,793.805,-416.372,-0.008,4.411,30.0,1253,-1,26.61,False,-1,True,True,0.75,0.0,0.028,False,False,0.095,-0.011,40.915,1253,33.32,,,,,0,False,False,0.0,False,6.02,5.16,20.0,
196.7,28737,793.972,-416.222,-0.009,4.51,30.0,1253,-1,26.83,False,-1,True,True,0.75,0.0,0.024,False,False,0.146,-0.005,41.067,1253,33.32,,,,,0,False,False,0.0,False,5.79,5.21,20.0,
196.75,28738,794.143,-416.07,-0.009,4.612,30.0,1253,-1,27.17,False,-1,True,True,0.75,0.0,0.02,False,False,0.184,-0.002,41.199,1253,33.32,,,,,0,False,False,0.0,False,5.57,5.25,20.0,
196.8,28739,794.317,-415.914,-0.009,4.715,30.0,1253,-1,27.4,False,-1,True,True,0.75,0.0,0.017,False,False,0.211,-0.0,41.314,1253,33.32,,,,,0,False,False,0.0,False,5.33,5.31,20.0,
196.85,28740,794.492,-415.752,-0.009,4.807,30.0,1253,-1,27.64,False,-1,True,True,0.75,0.0,0.117,False,False,0.227,-0.112,41.605,1253,37.24,,,,,0,False,False,0.0,False,8.97,5.36,20.0,
196.9,28741,794.664,-415.581,-0.009,4.895,30.0,1253,-1,27.88,False,-1,True,True,0.75,0.0,0.155,False,False,0.232,-0.327,42.272,1253,37.24,,,,,0,False,False,0.0,False,8.73,5.4,20.0,
196.95,28742,794.838,-415.404,-0.009,5.002,30.0,1253,-1,28.22,False,-1,True,True,0.75,0.0,0.105,False,False,0.237,-0.398,42.988,1253,37.24,,,,,0,False,False,0.0,False,8.48,5.45,20.0,
197.0,28743,795.015,-415.223,-0.009,5.11,30.0,1253,-1,28.47,False,-1,True,True,0.75,0.0,0.077,False,False,0.246,-0.349,43.579,1253,37.24,,,,,0,False,False,0.0,False,8.23,5.5,20.0,
197.05,28744,795.196,-415.038,-0.009,5.231,30.0,1253,-1,28.73,False,-1,True,True,0.75,0.0,0.067,False,False,0.253,-0.276,44.065,1253,37.24,,,,,0,False,False,0.0,False,7.97,5.55,20.0,
197.1,28745,795.378,-414.851,-0.009,5.224,30.0,1253,-1,29.14,False,-1,True,True,0.75,0.0,0.059,False,False,0.237,-0.211,44.531,1253,37.24,,,,,0,False,False,0.0,False,7.71,5.62,20.0,
197.15,28746,795.558,-414.663,-0.009,5.208,30.0,1253,-1,29.4,False,-1,True,True,0.75,0.0,0.045,False,False,0.194,-0.148,44.862,1253,37.24,,,,,0,False,False,0.0,False,7.45,5.61,20.0,
197.2,28747,795.739,-414.476,-0.008,5.204,30.0,1253,-1,29.65,False,-1,True,True,0.75,0.0,0.043,False,False,0.154,-0.109,45.233,1253,37.24,,,,,0,False,False,0.0,False,7.19,5.6,20.0,
197.25,28748,795.918,-414.288,-0.008,5.22,30.0,1253,-1,30.15,False,-1,True,True,0.75,0.0,0.029,False,False,0.128,-0.071,45.463,1253,37.24,,,,,0,False,False,0.0,False,6.93,5.6,20.0,
197.3,28749,796.099,-414.099,-0.008,5.246,30.0,1253,-1,30.41,False,-1,True,True,0.75,0.0,0.031,False,False,0.115,-0.054,45.74,1253,37.24,,,,,0,False,False,0.0,False,6.67,5.61,20.0,
197.35,28750,796.28,-413.909,-0.008,5.244,30.0,1253,-1,30.67,False,-1,True,True,0.75,0.0,0.019,False,False,0.104,-0.033,45.891,1253,37.24,,,,,0,False,False,0.0,False,6.41,5.62,20.0,
197.4,28751,796.46,-413.719,-0.008,5.239,30.0,1253,-1,31.13,False,-1,True,True,0.75,0.0,0.023,False,False,0.093,-0.027,46.096,1253,37.24,,,,,0,False,False,0.0,False,6.15,5.62,20.0,
197.45,28752,796.646,-413.523,-0.008,5.594,30.0,1253,-1,31.39,False,-1,True,True,0.75,0.0,0.012,False,False,0.152,-0.018,46.227,1253,37.24,,,,,0,False,False,0.0,False,5.88,5.62,20.0,
197.5,28753,796.848,-413.309,-0.01,6.001,30.0,1253,-1,31.69,False,-1,True,True,0.0,0.113,0.013,False,False,0.307,-0.02,46.378,1253,37.24,,,,,0,False,False,0.0,False,5.58,5.8,20.0,
197.55,28754,797.056,-413.081,-0.011,6.217,30.0,1253,-1,31.99,False,-1,True,True,0.0,0.3,0.113,False,False,0.411,-0.161,46.691,1822,1.73,,,,,0,False,False,0.0,False,8.96,6.0,20.0,
197.6,28755,797.264,-412.848,-0.011,6.271,30.0,1253,-1,32.31,False,-1,True,True,0.0,0.3,0.066,False,False,0.418,-0.269,47.228,1822,1.73,,,,,0,False,False,0.0,False,8.65,6.11,20.0,
197.65,28756,797.471,-412.615,-0.01,6.19,30.0,1253,-1,32.62,False,-1,True,True,0.0,0.3,0.032,False,False,0.341,-0.233,47.612,1822,1.73,,,,,0,False,False,0.0,False,8.34,6.14,20.0,
197.7,28757,797.673,-412.388,-0.009,6.059,30.0,1253,-1,32.92,False,-1,True,True,0.0,0.3,0.03,False,False,0.226,-0.179,47.967,1822,1.73,,,,,0,False,False,0.0,False,8.04,6.09,20.0,
197.75,28758,797.869,-412.165,-0.008,5.904,30.0,1253,-1,33.22,False,-1,True,True,0.0,0.3,0.022,False,False,0.107,-0.129,48.177,1822,1.73,,,,,0,False,False,0.0,False,7.74,6.03,20.0,
197.8,28759,798.06,-411.948,-0.007,5.724,30.0,1253,-1,33.5,False,-1,True,True,0.0,0.3,0.025,False,False,-0.0,-0.102,48.422,1822,1.73,,,,,0,False,False,0.0,False,7.45,5.95,20.0,
197.85,28760,798.244,-411.737,-0.006,5.533,30.0,1253,-1,33.78,False,-1,True,True,0.0,0.3,0.014,False,False,-0.09,-0.073,48.548,1822,1.73,,,,,0,False,False,0.0,False,7.17,5.86,20.0,
197.9,28761,798.422,-411.533,-0.006,5.364,30.0,1253,-1,34.05,False,-1,True,True,0.052,0.0,0.018,False,False,-0.156,-0.059,48.729,1822,1.73,,,,,0,False,False,0.0,False,6.9,5.77,20.0,
197.95,28762,798.594,-411.334,-0.005,5.22,30.0,1253,-1,34.32,False,-1,True,True,0.66,0.0,0.009,False,False,-0.191,-0.04,48.8,1822,1.73,,,,,0,False,False,0.0,False,6.64,5.68,20.0,
198.0,28763,798.763,-411.14,-0.005,5.093,30.0,1253,-1,34.57,False,-1,True,True,0.75,0.0,0.014,False,False,-0.204,-0.033,48.938,1822,1.73,,,,,0,False,False,0.0,False,6.38,5.61,20.0,
198.05,28764,798.928,-410.948,-0.005,5.052,30.0,1253,-1,34.83,False,-1,True,True,0.75,0.0,0.005,False,False,-0.188,-0.022,48.961,1822,1.73,,,,,0,False,False,0.0,False,6.13,5.55,20.0,
198.1,28765,799.093,-410.757,-0.006,5.047,30.0,1253,-1,35.08,False,-1,True,True,0.75,0.0,0.012,False,False,-0.139,-0.022,49.067,1822,1.73,,,,,0,False,False,0.0,False,5.87,5.53,20.0,
198.15,28766,799.256,-410.568,-0.006,4.866,30.0,1253,-1,35.33,False,-1,True,True,0.75,0.0,0.003,False,False,-0.113,-0.014,49.098,1822,1.73,,,,,0,False,False,0.0,False,5.62,5.52,20.0,
198.2,28767,799.407,-410.393,-0.006,4.495,30.0,1253,-1,35.56,False,-1,True,True,0.75,0.0,0.007,False,False,-0.193,-0.01,49.153,1822,1.73,,,,,0,False,False,0.0,False,5.39,5.43,20.0,
198.25,28768,799.549,-410.228,-0.005,4.267,30.0,1253,-1,35.77,False,-1,True,True,0.75,0.0,0.004,False,False,-0.269,-0.006,49.186,1822,1.73,,,,,0,False,False,0.0,False,5.17,5.25,20.0,
198.3,28769,799.685,-410.07,-0.005,4.152,30.0,1253,-1,35.98,False,-1,True,True,0.75,0.0,0.004,False,False,-0.292,-0.004,49.21,1822,1.73,,,,,0,False,False,0.0,False,4.97,5.13,20.0,
198.35,28770,799.817,-409.911,-0.005,4.116,30.0,1253,-1,36.19,False,-1,True,True,0.75,0.0,0.064,False,False,-0.262,-0.081,49.368,1822,5.18,,,,,0,False,False,0.0,False,8.32,5.08,20.0,
198.4,28771,799.95,-409.752,-0.006,4.137,30.0,1253,-1,36.4,False,-1,True,True,0.75,0.0,0.008,False,False,-0.196,-0.075,49.503,1822,5.18,,,,,0,False,False,0.0,False,8.12,5.06,20.0,
198.45,28772,800.085,-409.593,-0.006,4.192,30.0,1253,-1,36.61,False,-1,True,True,0.75,0.0,0.005,False,False,-0.113,-0.038,49.56,1822,5.18,,,,,0,False,False,0.0,False,7.91,5.07,20.0,
198.5,28773,800.222,-409.43,-0.007,4.267,30.0,1253,-1,36.82,False,-1,True,True,0.75,0.0,0.009,False,False,-0.03,-0.021,49.607,1822,5.18,,,,,0,False,False,0.0,False,7.7,5.1,20.0,
198.55,28774,800.362,-409.264,-0.008,4.354,30.0,1253,-1,37.03,False,-1,True,True,0.75,0.0,0.008,False,False,0.044,-0.013,49.655,1822,5.18,,,,,0,False,False,0.0,False,7.48,5.13,20.0,
198.6,28775,800.504,-409.095,-0.008,4.449,30.0,1253,-1,37.25,False,-1,True,True,0.75,0.0,0.007,False,False,0.105,-0.008,49.698,1822,5.18,,,,,0,False,False,0.0,False,7.26,5.18,20.0,
198.65,28776,800.649,-408.923,-0.009,4.548,30.0,1253,-1,37.48,False,-1,True,True,0.75,0.0,0.006,False,False,0.153,-0.004,49.734,1822,5.18,,,,,0,False,False,0.0,False,7.03,5.22,20.0,
198.7,28777,800.798,-408.746,-0.009,4.65,30.0,1253,-1,37.71,False,-1,True,True,0.75,0.0,0.005,False,False,0.189,-0.002,49.766,1822,5.18,,,,,0,False,False,0.0,False,6.8,5.27,20.0,
198.75,28778,800.95,-408.565,-0.009,4.753,30.0,1253,-1,37.95,False,-1,True,True,0.75,0.0,0.004,False,False,0.214,-0.001,49.794,1822,5.18,,,,,0,False,False,0.0,False,6.57,5.32,20.0,
198.8,28779,801.105,-408.381,-0.009,4.857,30.0,1253,-1,38.19,False,-1,True,True,0.75,0.0,0.003,False,False,0.232,0.0,49.817,1822,5.18,,,,,0,False,False,0.0,False,6.32,5.38,20.0,
198.85,28780,801.264,-408.193,-0.009,4.961,30.0,1253,-1,38.43,False,-1,True,True,0.75,0.0,0.003,False,False,0.244,0.0,49.838,1822,5.18,,,,,0,False,False,0.0,False,6.08,5.43,20.0,
198.9,28781,801.425,-408.001,-0.009,5.065,30.0,1253,-1,38.68,False,-1,True,True,0.75,0.0,0.002,False,False,0.252,0.0,49.855,1822,5.18,,,,,0,False,False,0.0,False,5.83,5.48,20.0,
198.95,28782,801.59,-407.805,-0.009,5.151,30.0,1253,-1,38.94,False,-1,True,True,0.75,0.0,0.002,False,False,0.256,0.0,49.871,1822,5.18,,,,,0,False,False,0.0,False,5.57,5.53,20.0,
199.0,28783,801.763,-407.608,-0.009,5.289,30.0,1821,-1,0.01,True,86,True,False,0.75,0.0,-0.098,False,False,0.256,0.161,49.623,1822,8.64,,,,,0,False,False,0.0,False,9.0,5.58,20.0,
199.05,28784,801.939,-407.412,-0.009,5.27,30.0,1821,-1,0.27,True,86,True,False,0.75,0.0,-0.057,False,False,0.242,0.241,49.24,1822,8.64,,,,,0,False,False,0.0,False,8.74,5.64,20.0,
199.1,28785,802.116,-407.215,-0.009,5.319,30.0,1821,-1,0.53,True,86,True,False,0.75,0.0,-0.034,False,False,0.208,0.21,48.888,1822,8.64,,,,,0,False,False,0.0,False,8.47,5.64,20.0,
199.15,28786,802.292,-407.019,-0.008,5.246,30.0,1821,-1,0.79,True,86,True,False,0.75,0.0,-0.025,False,False,0.163,0.154,48.671,1822,8.64,,,,,0,False,False,0.0,False,8.21,5.66,20.0,
199.2,28787,802.469,-406.823,-0.008,5.328,30.0,1821,-1,1.22,True,86,True,False,0.75,0.0,-0.028,False,False,0.137,0.119,48.44,1822,8.64,,,,,0,False,False,0.0,False,7.94,5.62,20.0,
199.25,28788,802.647,-406.626,-0.008,5.277,30.0,1822,-1,1.32,True,86,True,True,0.75,0.0,-0.019,False,False,0.117,0.088,48.296,1822,8.64,,,,,0,False,False,0.0,False,7.68,5.66,20.0,
199.3,28789,802.825,-406.43,-0.008,5.342,30.0,1822,-1,1.58,True,86,True,True,0.75,0.0,-0.02,False,False,0.106,0.069,48.119,1822,8.64,,,,,0,False,False,0.0,False,7.41,5.64,20.0,
199.35,28790,803.004,-406.234,-0.008,5.27,30.0,1822,-1,1.85,True,86,True,True,0.75,0.0,-0.012,False,False,0.089,0.047,48.023,1822,8.64,,,,,0,False,False,0.0,False,7.15,5.67,20.0,
199.4,28791,803.192,-406.028,-0.009,5.785,30.0,1822,-1,2.12,True,86,True,True,0.75,0.0,-0.015,False,False,0.183,0.042,47.867,1822,8.64,,,,,0,False,False,0.0,False,6.87,5.63,20.0,
199.45,28792,803.394,-405.806,-0.01,6.088,30.0,1822,-1,2.42,True,86,True,True,0.0,0.3,-0.006,False,False,0.331,0.029,47.761,1822,8.64,,,,,0,False,False,0.0,False,6.57,5.89,20.0,
199.5,28793,803.606,-405.574,-0.011,6.358,30.0,1822,-1,2.74,True,86,True,True,0.0,0.3,-0.006,False,False,0.425,0.019,47.687,1822,8.64,,,,,0,False,False,0.651,False,6.26,6.04,20.0,
199.55,28794,803.82,-405.34,-0.011,6.337,30.0,1822,-1,3.05,True,86,True,True,0.0,0.3,-0.006,False,False,0.418,0.015,47.627,1822,8.64,,,,,0,False,False,0.842,False,5.94,6.18,20.0,
199.6,28795,804.038,-405.11,-0.01,6.328,30.0,1822,-1,3.37,True,86,True,True,0.0,0.3,-0.106,False,False,0.344,0.149,47.372,1822,12.1,,,,,0,False,False,1.054,False,9.11,6.17,20.0,
199.65,28796,804.255,-404.89,-0.009,6.125,30.0,1822,-1,3.68,True,86,True,True,0.0,0.3,-0.106,False,False,0.221,0.322,46.785,1822,12.1,,,,,0,False,False,1.27,False,8.8,6.16,20.0,
199.7,28797,804.467,-404.676,-0.008,6.017,30.0,1822,-1,3.98,True,86,True,True,0.0,0.3,-0.063,False,False,0.1,0.337,46.237,1822,12.1,,,,,0,False,False,1.486,False,8.5,6.06,20.0,
199.75,28798,804.674,-404.469,-0.007,5.77,30.0,1822,-1,4.21,True,86,True,True,0.0,0.3,-0.048,False,False,-0.013,0.281,45.741,1822,12.1,,,,,0,False,False,1.706,False,8.21,6.01,20.0,
199.8,28799,804.876,-404.269,-0.006,5.634,30.0,1822,-1,4.5,True,86,True,True,0.0,0.3,-0.036,False,False,-0.102,0.213,45.394,1822,12.1,,,,,0,False,False,0.0,False,7.93,5.88,20.0,
199.85,28800,805.07,-404.078,-0.006,5.364,30.0,1822,-1,4.77,True,86,True,True,0.0,0.3,-0.035,False,False,-0.177,0.163,45.063,1822,12.1,,,,,0,False,False,0.0,False,7.65,5.82,20.0,
199.9,28801,805.259,-403.893,-0.005,5.254,30.0,1822,-1,5.03,True,86,True,True,0.652,0.0,-0.026,False,False,-0.222,0.119,44.842,1822,12.1,,,,,0,False,False,0.0,False,7.39,5.68,20.0,
199.95,28802,805.443,-403.714,-0.005,5.051,30.0,1822,-1,5.29,True,86,True,True,0.75,0.0,-0.026,False,False,-0.241,0.091,44.602,1822,12.1,,,,,0,False,False,0.0,False,7.13,5.63,20.0,
200.0,28803,805.625,-403.538,-0.005,5.095,30.0,1822,-1,5.54,True,86,True,True,0.75,0.0,-0.017,False,False,-0.212,0.065,44.45,1822,12.1,,,,,0,False,False,0.0,False,6.88,5.53,20.0,
200.05,28804,805.807,-403.362,-0.006,5.019,30.0,1822,-1,5.79,True,86,True,True,0.75,0.0,-0.018,False,False,-0.159,0.052,44.277,1822,12.1,,,,,0,False,False,0.0,False,6.63,5.55,20.0,
200.1,28805,805.985,-403.191,-0.006,4.773,30.0,1822,-1,6.0,True,86,True,True,0.75,0.0,-0.011,False,False,-0.148,0.036,44.184,1822,12.1,,,,,0,False,False,0.0,False,6.38,5.51,20.0,
200.15,28806,806.148,-403.034,-0.005,4.409,30.0,1819,-1,6.08,True,86,True,False,0.75,0.0,-0.013,False,False,-0.238,0.026,44.12,1822,12.1,,,,,0,False,False,1.308,False,6.15,5.39,20.0,
200.2,28807,806.302,-402.887,-0.005,4.188,30.0,1819,-1,6.0,True,86,True,False,0.75,0.0,-0.013,False,False,-0.308,0.021,44.054,1822,12.1,,,,,0,False,False,1.168,False,5.94,5.2,20.0,
200.25,28808,806.451,-402.745,-0.005,4.079,30.0,1819,-1,6.0,True,86,True,False,0.75,0.0,-0.011,False,False,-0.321,0.016,43.994,1822,12.1,,,,,0,False,False,1.034,False,5.73,5.09,20.0,
200.3,28809,806.598,-402.605,-0.005,4.052,30.0,1816,-1,6.75,True,86,True,False,0.75,0.0,-0.009,False,False,-0.28,0.011,43.943,1822,12.1,,,,,0,False,False,0.995,False,5.53,5.04,20.0,
200.35,28810,806.745,-402.464,-0.006,4.076,30.0,1816,-1,6.63,True,86,True,False,0.75,0.0,-0.008,False,False,-0.205,0.007,43.898,1822,12.1,,,,,0,False,False,1.135,False,5.33,5.03,20.0,
200.4,28811,806.894,-402.321,-0.006,4.133,30.0,1816,-1,6.51,True,86,True,False,0.75,0.0,-0.007,False,False,-0.117,0.004,43.859,1822,12.1,,,,,0,False,False,1.276,False,5.12,5.04,20.0,
200.45,28812,807.046,-402.177,-0.007,4.209,30.0,1822,-1,7.35,True,86,True,True,0.75,0.0,-0.006,False,False,-0.03,0.003,43.824,1822,12.1,,,,,0,False,False,0.542,False,4.91,5.07,20.0,
200.5,28813,807.203,-402.032,-0.008,4.287,30.0,1822,-1,7.56,True,86,True,True,0.75,0.0,-0.106,False,False,0.043,0.108,43.613,1252,1.75,,,,,0,False,False,0.0,False,8.22,5.1,20.0,
200.55,28814,807.366,-401.888,-0.008,4.382,30.0,1822,-1,7.78,True,86,True,True,0.75,0.0,-0.081,False,False,0.102,0.217,43.207,1252,1.75,,,,,0,False,False,0.0,False,8.0,5.14,20.0,
200.6,28815,807.533,-401.741,-0.009,4.484,30.0,1822,-1,8.0,True,86,True,True,0.75,0.0,-0.052,False,False,0.15,0.219,42.846,1252,1.75,,,,,0,False,False,0.0,False,7.78,5.19,20.0,
200.65,28816,807.704,-401.591,-0.009,4.588,30.0,1822,-1,8.18,True,86,True,True,0.75,0.0,-0.044,False,False,0.187,0.181,42.552,1252,1.75,,,,,0,False,False,0.0,False,7.55,5.24,20.0,
200.7,28817,807.879,-401.437,-0.009,4.693,30.0,1822,-1,8.41,True,86,True,True,0.75,0.0,-0.039,False,False,0.214,0.142,42.296,1252,1.75,,,,,0,False,False,0.0,False,7.32,5.29,20.0,
200.75,28818,808.058,-401.281,-0.009,4.798,30.0,1822,-1,8.65,True,86,True,True,0.75,0.0,-0.033,False,False,0.233,0.107,42.071,1252,1.75,,,,,0,False,False,0.0,False,7.08,5.35,20.0,
200.8,28819,808.241,-401.121,-0.009,4.904,30.0,1822,-1,8.89,True,86,True,True,0.75,0.0,-0.028,False,False,0.245,0.078,41.875,1252,1.75,,,,,0,False,False,0.0,False,6.84,5.4,20.0,
200.85,28820,808.428,-400.958,-0.009,5.008,30.0,1822,-1,9.14,True,86,True,True,0.75,0.0,-0.024,False,False,0.253,0.055,41.705,1252,1.75,,,,,0,False,False,0.0,False,6.59,5.45,20.0,
200.9,28821,808.619,-400.792,-0.009,5.113,30.0,1822,-1,9.39,True,86,True,True,0.75,0.0,-0.02,False,False,0.258,0.036,41.56,1252,1.75,,,,,0,False,False,1.609,False,6.33,5.5,20.0,
200.95,28822,808.815,-400.622,-0.009,5.205,30.0,1822,-1,9.65,True,86,True,True,0.75,0.0,-0.017,False,False,0.259,0.025,41.417,1252,1.75,,,,,0,False,False,1.437,False,6.08,5.56,20.0,
201.0,28823,809.011,-400.452,-0.009,5.193,30.0,1822,-1,9.91,True,86,True,True,0.75,0.0,-0.012,False,False,0.233,0.012,41.346,1252,1.75,,,,,0,False,False,1.272,False,5.82,5.6,20.0,
201.05,28824,809.206,-400.282,-0.009,5.176,30.0,1822,-1,10.1,True,86,True,True,0.75,0.0,-0.015,False,False,0.187,0.012,41.205,1252,1.75,,,,,0,False,False,1.107,False,5.56,5.6,20.0,
201.1,28825,809.404,-400.116,-0.008,5.165,30.0,1822,-1,10.36,True,86,True,True,0.75,0.0,-0.115,False,False,0.145,0.12,40.988,1252,5.26,,,,,0,False,False,0.957,False,8.82,5.59,20.0,
201.15,28826,809.604,-399.952,-0.008,5.183,30.0,1822,-1,10.61,True,86,True,True,0.75,0.0,-0.068,False,False,0.119,0.207,40.535,1252,5.26,,,,,0,False,False,0.805,False,8.56,5.58,20.0,
201.2,28827,809.805,-399.788,-0.008,5.214,30.0,1822,-1,10.87,True,86,True,True,0.75,0.0,-0.036,False,False,0.109,0.184,40.226,1252,5.26,,,,,0,False,False,0.662,False,8.3,5.59,20.0,
201.25,28828,810.007,-399.623,-0.008,5.207,30.0,1822,-1,11.13,True,86,True,True,0.75,0.0,-0.036,False,False,0.1,0.147,39.901,1252,5.26,,,,,0,False,False,0.53,False,8.04,5.61,20.0,
201.3,28829,810.209,-399.459,-0.008,5.206,30.0,1822,-1,11.39,True,86,True,True,0.75,0.0,-0.025,False,False,0.09,0.106,39.714,1252,5.26,,,,,0,False,False,0.0,False,7.78,5.6,20.0,
201.35,28830,810.418,-399.29,-0.008,5.561,30.0,1822,-1,11.66,True,86,True,True,0.75,0.0,-0.028,False,False,0.15,0.091,39.506,1252,5.26,,,,,0,False,False,0.0,False,7.51,5.6,20.0,
201.4,28831,810.646,-399.107,-0.01,5.985,30.0,1822,-1,11.96,True,86,True,True,0.011,0.0,-0.02,False,False,0.309,0.078,39.347,1252,5.26,,,,,0,False,False,0.0,False,7.22,5.78,20.0,
201.45,28832,810.887,-398.914,-0.011,6.237,30.0,1822,-1,12.26,True,86,True,True,0.0,0.3,-0.018,False,False,0.426,0.064,39.168,1252,5.26,,,,,0,False,False,0.0,False,6.91,5.99,20.0,
201.5,28833,811.132,-398.717,-0.011,6.29,30.0,1822,-1,12.58,True,86,True,True,0.0,0.3,-0.011,False,False,0.438,0.042,39.06,1252,5.26,,,,,0,False,False,0.0,False,6.59,6.12,20.0,
201.55,28834,811.375,-398.522,-0.01,6.205,30.0,1822,-1,12.89,True,86,True,True,0.0,0.3,-0.012,False,False,0.359,0.032,38.917,1252,5.26,,,,,0,False,False,0.0,False,6.28,6.14,20.0,
201.6,28835,811.614,-398.332,-0.009,6.078,30.0,1822,-1,13.2,True,86,True,True,0.0,0.3,-0.006,False,False,0.24,0.017,38.87,1252,5.26,,,,,0,False,False,0.0,False,5.98,6.1,20.0,
201.65,28836,811.848,-398.148,-0.008,5.91,30.0,1817,-1,8.49,True,86,True,False,0.0,0.3,-0.106,False,False,0.115,0.117,38.605,1252,8.76,,,,,0,False,False,0.0,False,9.17,6.04,20.0,
201.7,28837,812.078,-397.972,-0.007,5.731,30.0,1817,-1,8.74,True,86,True,False,0.0,0.3,-0.028,False,False,0.003,0.158,38.323,1252,8.76,,,,,0,False,False,0.0,False,8.88,5.96,20.0,
201.75,28838,812.299,-397.801,-0.006,5.538,30.0,1817,-1,9.14,True,86,True,False,0.0,0.3,-0.016,False,False,-0.089,0.115,38.062,1252,8.76,,,,,0,False,False,0.0,False,8.6,5.87,20.0,
201.8,28839,812.513,-397.635,-0.006,5.371,30.0,1252,-1,0.5,False,-1,True,True,0.034,0.0,-0.01,False,False,-0.156,0.069,37.953,1252,8.76,,,,,0,False,False,0.0,False,8.33,5.77,20.0,
201.85,28840,812.722,-397.474,-0.005,5.224,30.0,1252,-1,0.76,False,-1,True,True,0.633,0.0,-0.017,False,False,-0.191,0.051,37.791,1252,8.76,,,,,0,False,False,0.0,False,8.06,5.69,20.0,
201.9,28841,812.926,-397.318,-0.005,5.096,30.0,1252,-1,1.02,False,-1,True,True,0.75,0.0,-0.008,False,False,-0.206,0.034,37.736,1252,8.76,,,,,0,False,False,0.0,False,7.81,5.61,20.0,
201.95,28842,813.127,-397.163,-0.005,5.052,30.0,1252,-1,1.27,False,-1,True,True,0.75,0.0,-0.014,False,False,-0.19,0.03,37.599,1252,8.76,,,,,0,False,False,0.0,False,7.55,5.55,20.0,
202.0,28843,813.328,-397.01,-0.006,5.048,30.0,1252,-1,1.52,False,-1,True,True,0.75,0.0,-0.004,False,False,-0.142,0.018,37.575,1252,8.76,,,,,0,False,False,0.0,False,7.3,5.53,20.0,
202.05,28844,813.526,-396.858,-0.006,4.865,30.0,1252,-1,1.77,False,-1,True,True,0.75,0.0,-0.01,False,False,-0.116,0.017,37.498,1252,8.76,,,,,0,False,False,0.0,False,7.05,5.52,20.0,
202.1,28845,813.71,-396.719,-0.006,4.49,30.0,1252,-1,2.0,False,-1,True,True,0.75,0.0,-0.004,False,False,-0.196,0.011,37.473,1252,8.76,,,,,0,False,False,0.0,False,6.82,5.43,20.0,
202.15,28846,813.882,-396.588,-0.005,4.258,30.0,1252,-1,2.17,False,-1,True,True,0.75,0.0,-0.007,False,False,-0.273,0.009,37.443,1252,8.76,,,,,0,False,False,0.0,False,6.6,5.24,20.0,
202.2,28847,814.048,-396.461,-0.005,4.142,30.0,1252,-1,2.38,False,-1,True,True,0.75,0.0,-0.006,False,False,-0.296,0.007,37.412,1252,8.76,,,,,0,False,False,0.0,False,6.39,5.13,20.0,
202.25,28848,814.212,-396.337,-0.005,4.108,30.0,1252,-1,2.58,False,-1,True,True,0.75,0.0,-0.004,False,False,-0.265,0.005,37.385,1252,8.76,,,,,0,False,False,0.0,False,6.19,5.07,20.0,
202.3,28849,814.377,-396.212,-0.006,4.128,30.0,1252,-1,2.79,False,-1,True,True,0.75,0.0,-0.004,False,False,-0.198,0.003,37.362,1252,8.76,,,,,0,False,False,0.0,False,5.98,5.05,20.0,
202.35,28850,814.543,-396.085,-0.006,4.182,30.0,1252,-1,3.0,False,-1,True,True,0.75,0.0,-0.003,False,False,-0.115,0.002,37.343,1252,8.76,,,,,0,False,False,0.0,False,5.77,5.06,20.0,
202.4,28851,814.711,-395.957,-0.007,4.256,30.0,1252,-1,3.21,False,-1,True,True,0.75,0.0,-0.003,False,False,-0.032,0.001,37.325,1252,8.76,,,,,0,False,False,0.0,False,5.56,5.09,20.0,
202.45,28852,814.883,-395.826,-0.008,4.343,30.0,1252,-1,3.42,False,-1,True,True,0.75,0.0,-0.002,False,False,0.042,0.0,37.31,1252,8.76,,,,,0,False,False,0.0,False,5.35,5.13,20.0,
202.5,28853,815.059,-395.693,-0.008,4.438,30.0,1252,-1,3.64,False,-1,True,True,0.75,0.0,-0.002,False,False,0.104,0.0,37.296,1252,8.76,,,,,0,False,False,0.0,False,5.13,5.17,20.0,
202.55,28854,815.24,-395.559,-0.009,4.53,30.0,1252,-1,3.87,False,-1,True,True,0.75,0.0,-0.073,False,False,0.15,0.091,37.127,1252,12.26,,,,,0,False,False,0.0,False,8.4,5.22,20.0,
202.6,28855,815.425,-395.423,-0.009,4.633,30.0,1252,-1,4.1,False,-1,True,True,0.75,0.0,-0.008,False,False,0.185,0.096,36.956,1252,12.26,,,,,0,False,False,0.0,False,8.17,5.27,20.0,
202.65,28856,815.614,-395.283,-0.009,4.737,30.0,1252,-1,4.33,False,-1,True,True,0.75,0.0,-0.002,False,False,0.212,0.049,36.892,1252,12.26,,,,,0,False,False,0.0,False,7.94,5.32,20.0,
202.7,28857,815.806,-395.139,-0.009,4.842,30.0,1252,-1,4.57,False,-1,True,True,0.75,0.0,-0.008,False,False,0.231,0.026,36.846,1252,12.26,,,,,0,False,False,0.0,False,7.7,5.37,20.0,
202.75,28858,816.003,-394.993,-0.009,4.946,30.0,1252,-1,4.82,False,-1,True,True,0.75,0.0,-0.008,False,False,0.244,0.017,36.798,1252,12.26,,,,,0,False,False,0.0,False,7.45,5.42,20.0,
202.8,28859,816.205,-394.844,-0.009,5.051,30.0,1252,-1,5.07,False,-1,True,True,0.75,0.0,-0.006,False,False,0.252,0.01,36.754,1252,12.26,,,,,0,False,False,0.0,False,7.2,5.47,20.0,
202.85,28860,816.41,-394.692,-0.009,5.161,30.0,1252,-1,5.33,False,-1,True,True,0.75,0.0,-0.005,False,False,0.258,0.005,36.718,1252,12.26,,,,,0,False,False,0.0,False,6.95,5.53,20.0,
202.9,28861,816.619,-394.536,-0.009,5.214,30.0,1252,-1,5.59,False,-1,True,True,0.75,0.0,-0.004,False,False,0.256,0.003,36.685,1252,12.26,,,,,0,False,False,0.0,False,6.69,5.58,20.0,
202.95,28862,816.832,-394.379,-0.009,5.335,30.0,1252,-1,5.85,False,-1,True,True,0.75,0.0,-0.003,False,False,0.252,0.001,36.672,1252,12.26,,,,,0,False,False,0.0,False,6.42,5.61,20.0,
203.0,28863,817.043,-394.221,-0.009,5.242,30.0,1252,-1,6.11,False,-1,True,True,0.75,0.0,-0.004,False,False,0.208,0.002,36.615,1252,12.26,,,,,0,False,False,0.0,False,6.16,5.67,20.0,
203.05,28864,817.255,-394.064,-0.008,5.309,30.0,1252,-1,6.38,False,-1,True,True,0.75,0.0,0.001,False,False,0.169,-0.003,36.619,1252,12.26,,,,,0,False,False,0.0,False,5.89,5.62,20.0,
203.1,28865,817.467,-393.907,-0.008,5.25,30.0,1252,-1,6.64,False,-1,True,True,0.75,0.0,-0.004,False,False,0.135,-0.0,36.569,1252,12.26,,,,,0,False,False,0.0,False,5.63,5.65,20.0,
203.15,28866,817.68,-393.749,-0.008,5.341,30.0,1252,-1,6.91,False,-1,True,True,0.75,0.0,0.001,False,False,0.122,-0.003,36.579,1252,12.26,,,,,0,False,False,0.0,False,5.37,5.63,20.0,
203.2,28867,817.893,-393.594,-0.008,5.263,30.0,1252,-1,7.17,False,-1,True,True,0.75,0.0,-0.043,False,False,0.102,0.063,36.431,1252,15.77,,,,,0,False,False,0.0,False,8.6,5.67,20.0,
203.25,28868,818.108,-393.438,-0.008,5.329,30.0,1252,-1,7.44,False,-1,True,True,0.75,0.0,-0.0,False,False,0.092,0.056,36.352,1252,15.77,,,,,0,False,False,0.0,False,8.34,5.63,20.0,
203.3,28869,818.331,-393.273,-0.009,5.7,30.0,1252,-1,7.71,False,-1,True,True,0.75,0.0,-0.002,False,False,0.178,0.031,36.255,1252,15.77,,,,,0,False,False,0.0,False,8.06,5.66,20.0,
203.35,28870,818.574,-393.095,-0.01,6.149,30.0,1252,-1,8.01,False,-1,True,True,0.0,0.3,0.002,False,False,0.335,0.011,36.221,1252,15.77,,,,,0,False,False,0.0,False,7.76,5.85,20.0,
203.4,28871,818.826,-392.911,-0.011,6.278,30.0,1252,-1,8.33,False,-1,True,True,0.0,0.3,-0.002,False,False,0.421,0.005,36.204,1252,15.77,,,,,0,False,False,0.0,False,7.45,6.07,20.0,
203.45,28872,819.083,-392.723,-0.011,6.393,30.0,1252,-1,8.65,False,-1,True,True,0.0,0.3,-0.002,False,False,0.422,0.007,36.186,1252,15.77,,,,,0,False,False,0.0,False,7.13,6.14,20.0,
203.5,28873,819.337,-392.537,-0.01,6.266,30.0,1252,-1,8.96,False,-1,True,True,0.0,0.3,-0.002,False,False,0.343,0.008,36.166,1252,15.77,,,,,0,False,False,0.0,False,6.82,6.2,20.0,
203.55,28874,819.588,-392.354,-0.009,6.193,30.0,1252,-1,9.27,False,-1,True,True,0.0,0.3,-0.001,False,False,0.232,0.006,36.171,1252,15.77,,,,,0,False,False,0.0,False,6.51,6.13,20.0,
203.6,28875,819.832,-392.176,-0.008,5.965,30.0,1252,-1,9.57,False,-1,True,True,0.0,0.3,-0.003,False,False,0.106,0.009,36.134,1252,15.77,,,,,0,False,False,0.0,False,6.2,6.1,20.0,
203.65,28876,820.069,-392.003,-0.007,5.838,30.0,1252,-1,9.87,False,-1,True,True,0.0,0.3,0.001,False,False,-0.003,0.004,36.153,1252,15.77,,,,,0,False,False,0.0,False,5.91,5.98,20.0,
203.7,28877,820.298,-391.837,-0.006,5.576,30.0,1252,-1,10.15,False,-1,True,True,0.0,0.3,-0.025,False,False,-0.1,0.041,36.062,1252,19.27,,,,,0,False,False,0.0,False,9.13,5.92,20.0,
203.75,28878,820.521,-391.676,-0.006,5.455,30.0,1252,-1,10.42,False,-1,True,True,0.0,0.111,0.001,False,False,-0.166,0.035,36.026,1252,19.27,,,,,0,False,False,0.0,False,8.86,5.79,20.0,
203.8,28879,820.736,-391.52,-0.005,5.232,30.0,1252,-1,10.69,False,-1,True,True,0.324,0.0,-0.002,False,False,-0.21,0.019,35.961,1252,19.27,,,,,0,False,False,0.0,False,8.59,5.73,20.0,
203.85,28880,820.945,-391.368,-0.005,5.162,30.0,1252,-1,10.95,False,-1,True,True,0.75,0.0,0.002,False,False,-0.222,0.005,35.966,1252,19.27,,,,,0,False,False,0.0,False,8.33,5.62,20.0,
203.9,28881,821.152,-391.218,-0.005,5.067,30.0,1252,-1,11.2,False,-1,True,True,0.75,0.0,-0.003,False,False,-0.202,0.004,35.927,1252,19.27,,,,,0,False,False,0.0,False,8.08,5.58,20.0,
203.95,28882,821.359,-391.068,-0.006,5.136,30.0,1252,-1,11.46,False,-1,True,True,0.75,0.0,0.001,False,False,-0.144,0.001,35.95,1252,19.27,,,,,0,False,False,0.0,False,7.82,5.53,20.0,
204.0,28883,821.561,-390.922,-0.006,4.818,30.0,1252,-1,11.71,False,-1,True,True,0.75,0.0,-0.004,False,False,-0.142,0.004,35.917,1252,19.27,,,,,0,False,False,0.0,False,7.57,5.57,20.0,
204.05,28884,821.746,-390.788,-0.005,4.451,30.0,1252,-1,11.94,False,-1,True,True,0.75,0.0,0.001,False,False,-0.233,0.002,35.886,1252,19.27,,,,,0,False,False,0.0,False,7.34,5.41,20.0,
204.1,28885,821.919,-390.662,-0.005,4.225,30.0,1252,-1,12.15,False,-1,True,True,0.75,0.0,0.002,False,False,-0.306,-0.001,35.883,1252,19.27,,,,,0,False,False,0.0,False,7.13,5.23,20.0,
204.15,28886,822.087,-390.54,-0.005,4.114,30.0,1252,-1,12.36,False,-1,True,True,0.75,0.0,-0.0,False,False,-0.321,-0.001,35.884,1252,19.27,,,,,0,False,False,0.0,False,6.92,5.11,20.0,
204.2,28887,822.254,-390.42,-0.005,4.084,30.0,1252,-1,12.56,False,-1,True,True,0.75,0.0,-0.0,False,False,-0.282,0.001,35.883,1252,19.27,,,,,0,False,False,0.0,False,6.72,5.06,20.0,
204.25,28888,822.42,-390.3,-0.005,4.107,30.0,1252,-1,12.77,False,-1,True,True,0.75,0.0,-0.0,False,False,-0.208,0.001,35.882,1252,19.27,,,,,0,False,False,0.0,False,6.51,5.04,20.0,
204.3,28889,822.588,-390.178,-0.006,4.162,30.0,1252,-1,12.98,False,-1,True,True,0.75,0.0,-0.0,False,False,-0.12,0.001,35.882,1252,19.27,,,,,0,False,False,0.0,False,6.3,5.05,20.0,
204.35,28890,822.759,-390.054,-0.007,4.237,30.0,1252,-1,13.19,False,-1,True,True,0.75,0.0,-0.0,False,False,-0.034,0.001,35.882,1252,19.27,,,,,0,False,False,0.0,False,6.09,5.08,20.0,
204.4,28891,822.934,-389.928,-0.008,4.325,30.0,1252,-1,13.4,False,-1,True,True,0.75,0.0,-0.0,False,False,0.042,0.001,35.881,1252,19.27,,,,,0,False,False,0.0,False,5.88,5.12,20.0,
204.45,28892,823.111,-389.8,-0.008,4.42,30.0,1252,-1,13.62,False,-1,True,True,0.75,0.0,-0.0,False,False,0.105,0.001,35.881,1252,19.27,,,,,0,False,False,0.0,False,5.66,5.16,20.0,
204.5,28893,823.293,-389.668,-0.009,4.52,30.0,1252,-1,13.85,False,-1,True,True,0.75,0.0,-0.0,False,False,0.153,0.001,35.88,1252,19.27,,,,,0,False,False,0.0,False,5.43,5.21,20.0,
204.55,28894,823.479,-389.534,-0.009,4.622,30.0,1252,-1,14.08,False,-1,True,True,0.75,0.0,0.0,False,False,0.189,0.0,35.88,1252,19.27,,,,,0,False,False,0.0,False,5.2,5.26,20.0,
204.6,28895,823.67,-389.397,-0.009,4.726,30.0,1252,-1,14.31,False,-1,True,True,0.75,0.0,-0.015,False,False,0.215,0.024,35.835,1252,22.78,,,,,0,False,False,0.0,False,8.47,5.31,20.0,
204.65,28896,823.864,-389.257,-0.009,4.83,30.0,1252,-1,14.55,False,-1,True,True,0.75,0.0,0.0,False,False,0.233,0.021,35.803,1252,22.78,,,,,0,False,False,0.0,False,8.23,5.36,20.0,
204.7,28897,824.063,-389.114,-0.009,4.934,30.0,1252,-1,14.79,False,-1,True,True,0.75,0.0,0.0,False,False,0.245,0.009,35.795,1252,22.78,,,,,0,False,False,0.0,False,7.99,5.41,20.0,
204.75,28898,824.265,-388.968,-0.009,5.038,30.0,1252,-1,15.04,False,-1,True,True,0.75,0.0,-0.001,False,False,0.253,0.004,35.788,1252,22.78,,,,,0,False,False,0.0,False,7.74,5.47,20.0,
204.8,28899,824.472,-388.819,-0.009,5.14,30.0,1252,-1,15.3,False,-1,True,True,0.75,0.0,-0.001,False,False,0.257,0.002,35.78,1252,22.78,,,,,0,False,False,0.0,False,7.48,5.52,20.0,
204.85,28900,824.684,-388.667,-0.009,5.277,30.0,1252,-1,15.56,False,-1,True,True,0.75,0.0,-0.001,False,False,0.261,0.001,35.773,1252,22.78,,,,,0,False,False,0.0,False,7.22,5.57,20.0,
204.9,28901,824.898,-388.513,-0.009,5.272,30.0,1252,-1,15.82,False,-1,True,True,0.75,0.0,-0.001,False,False,0.251,0.0,35.782,1252,22.78,,,,,0,False,False,0.0,False,6.96,5.64,20.0,
204.95,28902,825.113,-388.358,-0.009,5.319,30.0,1252,-1,16.09,False,-1,True,True,0.75,0.0,-0.002,False,False,0.219,0.003,35.749,1252,22.78,,,,,0,False,False,0.0,False,6.69,5.64,20.0,
205.0,28903,825.327,-388.205,-0.008,5.242,30.0,1252,-1,16.35,False,-1,True,True,0.75,0.0,0.002,False,False,0.171,-0.002,35.781,1252,22.78,,,,,0,False,False,0.0,False,6.43,5.66,20.0,
205.05,28904,825.541,-388.05,-0.008,5.322,30.0,1252,-1,16.62,False,-1,True,True,0.75,0.0,-0.003,False,False,0.143,0.002,35.755,1252,22.78,,,,,0,False,False,0.0,False,6.17,5.62,20.0,
205.1,28905,825.756,-387.896,-0.008,5.276,30.0,1252,-1,16.88,False,-1,True,True,0.75,0.0,0.001,False,False,0.121,-0.001,35.785,1252,22.78,,,,,0,False,False,0.0,False,5.9,5.66,20.0,
205.15,28906,825.971,-387.741,-0.008,5.342,30.0,1252,-1,17.15,False,-1,True,True,0.75,0.0,-0.003,False,False,0.11,0.003,35.758,1252,22.78,,,,,0,False,False,0.0,False,5.64,5.64,20.0,
205.2,28907,826.187,-387.587,-0.008,5.268,30.0,1252,-1,17.41,False,-1,True,True,0.75,0.0,-0.007,False,False,0.092,0.013,35.762,1252,26.28,,,,,0,False,False,0.0,False,8.88,5.67,20.0,
205.25,28908,826.41,-387.427,-0.008,5.691,30.0,1252,-1,17.69,False,-1,True,True,0.75,0.0,-0.003,False,False,0.154,0.015,35.747,1252,26.28,,,,,0,False,False,0.0,False,8.6,5.63,20.0,
205.3,28909,826.65,-387.255,-0.01,6.011,30.0,1252,-1,17.98,False,-1,True,True,0.0,0.3,-0.002,False,False,0.301,0.01,35.744,1252,26.28,,,,,0,False,False,0.0,False,8.31,5.85,20.0,
205.35,28910,826.903,-387.074,-0.011,6.296,30.0,1252,-1,18.29,False,-1,True,True,0.0,0.3,-0.002,False,False,0.405,0.006,35.732,1252,26.28,,,,,0,False,False,0.0,False,8.0,6.01,20.0,
205.4,28911,827.159,-386.89,-0.011,6.287,30.0,1252,-1,18.61,False,-1,True,True,0.0,0.3,-0.001,False,False,0.41,0.002,35.719,1252,26.28,,,,,0,False,False,0.0,False,7.68,6.15,20.0,
205.45,28912,827.414,-386.707,-0.01,6.299,30.0,1252,-1,18.92,False,-1,True,True,0.0,0.3,-0.001,False,False,0.347,-0.001,35.71,1252,26.28,,,,,0,False,False,0.0,False,7.37,6.14,20.0,
205.5,28913,827.665,-386.527,-0.009,6.112,30.0,1252,-1,19.23,False,-1,True,True,0.0,0.3,-0.001,False,False,0.235,-0.002,35.691,1252,26.28,,,,,0,False,False,0.0,False,7.06,6.15,20.0,
205.55,28914,827.91,-386.351,-0.008,6.005,30.0,1252,-1,19.53,False,-1,True,True,0.0,0.3,0.0,False,False,0.117,-0.004,35.711,1252,26.28,,,,,0,False,False,0.0,False,6.76,6.06,20.0,
205.6,28915,828.147,-386.181,-0.007,5.758,30.0,1252,-1,19.82,False,-1,True,True,0.0,0.3,-0.003,False,False,0.002,0.001,35.678,1252,26.28,,,,,0,False,False,0.0,False,6.46,6.0,20.0,
205.65,28916,828.377,-386.016,-0.006,5.621,30.0,1252,-1,20.11,False,-1,True,True,0.0,0.3,0.002,False,False,-0.09,-0.002,35.7,1252,26.28,,,,,0,False,False,0.0,False,6.18,5.88,20.0,
205.7,28917,828.598,-385.857,-0.006,5.356,30.0,1252,-1,20.38,False,-1,True,True,0.0,0.268,-0.003,False,False,-0.167,0.001,35.668,1252,26.28,,,,,0,False,False,0.0,False,5.91,5.81,20.0,
205.75,28918,828.813,-385.703,-0.005,5.248,30.0,1252,-1,20.64,False,-1,True,True,0.685,0.0,0.002,False,False,-0.213,-0.002,35.692,1252,26.28,,,,,0,False,False,0.0,False,5.64,5.68,20.0,
205.8,28919,829.02,-385.554,-0.005,5.046,30.0,1252,-1,20.9,False,-1,True,True,0.75,0.0,-0.002,False,False,-0.234,-0.001,35.654,1252,26.28,,,,,0,False,False,0.0,False,5.39,5.62,20.0,
205.85,28920,829.226,-385.406,-0.005,5.068,30.0,1252,-1,21.15,False,-1,True,True,0.75,0.0,-0.003,False,False,-0.209,0.005,35.642,1860,1.84,,,,,0,False,False,0.0,False,8.72,5.52,20.0,
205.9,28921,829.431,-385.259,-0.006,5.05,30.0,1252,-1,21.4,False,-1,True,True,0.75,0.0,-0.0,False,False,-0.158,0.004,35.633,1860,1.84,,,,,0,False,False,0.0,False,8.47,5.53,20.0,
205.95,28922,829.635,-385.113,-0.006,4.868,30.0,1252,-1,21.65,False,-1,True,True,0.75,0.0,-0.0,False,False,-0.123,0.002,35.617,1860,1.84,,,,,0,False,False,0.0,False,8.22,5.53,20.0,
206.0,28923,829.822,-384.979,-0.005,4.478,30.0,1252,-1,21.88,False,-1,True,True,0.75,0.0,0.001,False,False,-0.204,0.001,35.587,1860,1.84,,,,,0,False,False,0.0,False,7.99,5.43,20.0,
206.05,28924,829.997,-384.854,-0.005,4.233,30.0,1252,-1,22.1,False,-1,True,True,0.75,0.0,0.003,False,False,-0.283,-0.002,35.587,1860,1.84,,,,,0,False,False,0.0,False,7.78,5.24,20.0,
206.1,28925,830.165,-384.733,-0.005,4.107,30.0,1252,-1,22.31,False,-1,True,True,0.75,0.0,0.001,False,False,-0.31,-0.001,35.591,1860,1.84,,,,,0,False,False,0.0,False,7.57,5.12,20.0,
206.15,28926,830.331,-384.614,-0.005,4.068,30.0,1252,-1,22.51,False,-1,True,True,0.75,0.0,0.0,False,False,-0.28,0.001,35.593,1860,1.84,,,,,0,False,False,0.0,False,7.36,5.05,20.0,
206.2,28927,830.497,-384.495,-0.005,4.085,30.0,1252,-1,22.72,False,-1,True,True,0.75,0.0,0.0,False,False,-0.212,0.002,35.595,1860,1.84,,,,,0,False,False,0.0,False,7.16,5.03,20.0,
206.25,28928,830.665,-384.375,-0.006,4.137,30.0,1252,-1,22.92,False,-1,True,True,0.75,0.0,0.0,False,False,-0.128,0.002,35.597,1860,1.84,,,,,0,False,False,0.0,False,6.95,5.04,20.0,
206.3,28929,830.835,-384.253,-0.007,4.21,30.0,1252,-1,23.13,False,-1,True,True,0.75,0.0,0.0,False,False,-0.042,0.002,35.598,1860,1.84,,,,,0,False,False,0.0,False,6.74,5.07,20.0,
206.35,28930,831.009,-384.128,-0.008,4.296,30.0,1252,-1,23.35,False,-1,True,True,0.75,0.0,0.0,False,False,0.035,0.001,35.599,1860,1.84,,,,,0,False,False,0.0,False,6.53,5.11,20.0,
206.4,28931,831.187,-384.001,-0.008,4.391,30.0,1252,-1,23.56,False,-1,True,True,0.75,0.0,0.0,False,False,0.098,0.001,35.6,1860,1.84,,,,,0,False,False,0.0,False,6.31,5.15,20.0,
206.45,28932,831.368,-383.871,-0.009,4.49,30.0,1252,-1,23.79,False,-1,True,True,0.75,0.0,0.0,False,False,0.148,0.001,35.601,1860,1.84,,,,,0,False,False,0.0,False,6.09,5.2,20.0,
206.5,28933,831.553,-383.739,-0.009,4.593,30.0,1252,-1,24.01,False,-1,True,True,0.75,0.0,0.0,False,False,0.186,0.0,35.601,1860,1.84,,,,,0,False,False,0.0,False,5.86,5.25,20.0,
206.55,28934,831.743,-383.603,-0.009,4.696,30.0,1252,-1,24.25,False,-1,True,True,0.75,0.0,0.0,False,False,0.213,0.0,35.602,1860,1.84,,,,,0,False,False,0.0,False,5.63,5.3,20.0,
206.6,28935,831.936,-383.464,-0.009,4.8,30.0,1252,-1,24.49,False,-1,True,True,0.75,0.0,0.0,False,False,0.231,0.0,35.603,1860,1.84,,,,,0,False,False,0.0,False,5.39,5.35,20.0,
206.65,28936,832.134,-383.323,-0.009,4.905,30.0,1252,-1,24.73,False,-1,True,True,0.75,0.0,-0.001,False,False,0.244,0.002,35.599,1860,5.51,,,,,0,False,False,0.0,False,8.82,5.4,20.0,
206.7,28937,832.336,-383.178,-0.009,5.009,30.0,1252,-1,24.98,False,-1,True,True,0.75,0.0,0.0,False,False,0.252,0.002,35.597,1860,5.51,,,,,0,False,False,0.0,False,8.57,5.45,20.0,
206.75,28938,832.542,-383.031,-0.009,5.114,30.0,1252,-1,25.23,False,-1,True,True,0.75,0.0,0.0,False,False,0.257,0.001,35.596,1860,5.51,,,,,0,False,False,0.0,False,8.32,5.5,20.0,
206.8,28939,832.752,-382.88,-0.009,5.173,30.0,1252,-1,25.49,False,-1,True,True,0.75,0.0,-0.0,False,False,0.257,0.0,35.596,1860,5.51,,,,,0,False,False,0.0,False,8.06,5.56,20.0,
206.85,28940,832.967,-382.727,-0.009,5.351,30.0,1252,-1,25.75,False,-1,True,True,0.75,0.0,-0.0,False,False,0.261,0.0,35.595,1860,5.51,,,,,0,False,False,0.0,False,7.79,5.59,20.0,
206.9,28941,833.185,-382.571,-0.009,5.353,30.0,1252,-1,26.02,False,-1,True,True,0.75,0.0,0.0,False,False,0.253,-0.0,35.608,1860,5.51,,,,,0,False,False,0.0,False,7.53,5.68,20.0,
206.95,28942,833.404,-382.414,-0.009,5.403,30.0,1252,-1,26.29,False,-1,True,True,0.75,0.0,-0.001,False,False,0.223,0.003,35.58,1860,5.51,,,,,0,False,False,0.0,False,7.26,5.68,20.0,
207.0,28943,833.621,-382.259,-0.009,5.323,30.0,1252,-1,26.56,False,-1,True,True,0.595,0.0,0.002,False,False,0.175,-0.002,35.615,1860,5.51,,,,,0,False,False,0.0,False,6.99,5.7,20.0,
207.05,28944,833.839,-382.103,-0.008,5.388,30.0,1252,-1,26.83,False,-1,True,True,0.75,0.0,-0.003,False,False,0.142,0.002,35.592,1860,5.51,,,,,0,False,False,0.0,False,6.72,5.66,20.0,
207.1,28945,834.056,-381.948,-0.008,5.325,30.0,1252,-1,27.09,False,-1,True,True,0.637,0.0,0.002,False,False,0.113,-0.0,35.625,1860,5.51,,,,,0,False,False,0.0,False,6.45,5.69,20.0,
207.15,28946,834.275,-381.791,-0.008,5.409,30.0,1252,-1,27.36,False,-1,True,True,0.75,0.0,-0.003,False,False,0.103,0.003,35.601,1860,5.51,,,,,0,False,False,0.0,False,6.19,5.66,20.0,
207.2,28947,834.493,-381.635,-0.008,5.361,30.0,1862,-1,0.38,True,83,True,False,0.553,0.0,0.002,False,False,0.095,-0.001,35.632,1860,5.51,,,,,0,False,False,0.0,False,5.92,5.7,20.0,
207.25,28948,834.714,-381.477,-0.008,5.45,30.0,1252,-1,27.9,False,-1,True,True,0.722,0.0,-0.003,False,False,0.099,0.002,35.606,1860,5.51,,,,,0,False,False,0.0,False,5.65,5.68,20.0,
207.3,28949,834.933,-381.32,-0.008,5.375,30.0,1861,-1,0.13,True,83,True,False,0.399,0.0,0.004,False,False,0.09,-0.005,35.639,1860,9.18,,,,,0,False,False,0.0,False,9.05,5.72,20.0,
207.35,28950,835.153,-381.162,-0.008,5.441,30.0,1860,-1,0.4,True,83,True,True,0.667,0.0,-0.003,False,False,0.086,-0.002,35.614,1860,9.18,,,,,0,False,False,0.0,False,8.78,5.69,20.0,
207.4,28951,835.379,-381.0,-0.008,5.705,30.0,1860,-1,0.68,True,83,True,True,0.428,0.0,0.002,False,False,0.141,-0.005,35.607,1860,9.18,,,,,0,False,False,0.0,False,8.5,5.72,20.0,
207.45,28952,835.623,-380.826,-0.01,6.111,30.0,1860,-1,0.98,True,83,True,True,0.0,0.3,0.001,False,False,0.283,-0.006,35.598,1860,9.18,,,,,0,False,False,0.0,False,8.2,5.85,20.0,
207.5,28953,835.873,-380.646,-0.01,6.173,30.0,1860,-1,1.29,True,83,True,True,0.0,0.3,0.001,False,False,0.352,-0.006,35.599,1860,9.18,,,,,0,False,False,0.0,False,7.89,6.06,20.0,
207.55,28954,836.126,-380.465,-0.01,6.239,30.0,1860,-1,1.6,True,83,True,True,0.0,0.3,0.0,False,False,0.342,-0.003,35.604,1860,9.18,,,,,0,False,False,0.0,False,7.58,6.09,20.0,
207.6,28955,836.375,-380.286,-0.009,6.081,30.0,1860,-1,1.91,True,83,True,True,0.0,0.3,0.0,False,False,0.261,-0.0,35.6,1860,9.18,,,,,0,False,False,0.0,False,7.27,6.12,20.0,
207.65,28956,836.62,-380.111,-0.008,5.992,30.0,1860,-1,2.21,True,83,True,True,0.0,0.3,0.001,False,False,0.157,-0.0,35.623,1860,9.18,,,,,0,False,False,0.0,False,6.97,6.04,20.0,
207.7,28957,836.857,-379.941,-0.007,5.754,30.0,1860,-1,2.5,True,83,True,True,0.0,0.3,-0.002,False,False,0.043,0.004,35.598,1860,9.18,,,,,0,False,False,0.0,False,6.68,6.0,20.0,
207.75,28958,837.087,-379.777,-0.007,5.624,30.0,1860,-1,2.78,True,83,True,True,0.0,0.3,0.002,False,False,-0.053,0.001,35.627,1860,9.18,,,,,0,False,False,0.0,False,6.4,5.88,20.0,
207.8,28959,837.309,-379.618,-0.006,5.364,30.0,1860,-1,3.05,True,83,True,True,0.0,0.274,-0.002,False,False,-0.136,0.004,35.601,1860,9.18,,,,,0,False,False,0.0,False,6.12,5.81,20.0,
207.85,28960,837.523,-379.464,-0.005,5.259,30.0,1860,-1,3.32,True,83,True,True,0.664,0.0,0.003,False,False,-0.188,-0.0,35.629,1860,9.18,,,,,0,False,False,0.0,False,5.86,5.68,20.0,
207.9,28961,837.732,-379.314,-0.005,5.06,30.0,1860,-1,3.57,True,83,True,True,0.75,0.0,-0.002,False,False,-0.215,0.001,35.594,1860,9.18,,,,,0,False,False,0.0,False,5.6,5.63,20.0,
207.95,28962,837.936,-379.167,-0.005,5.01,30.0,1860,-1,3.83,True,83,True,True,0.75,0.0,0.003,False,False,-0.211,-0.003,35.589,1860,9.18,,,,,0,False,False,0.0,False,5.35,5.53,20.0,
208.0,28963,838.14,-379.021,-0.006,5.003,30.0,1860,-1,4.08,True,83,True,True,0.75,0.0,0.009,False,False,-0.169,-0.019,35.618,1860,12.86,,,,,0,False,False,0.0,False,8.77,5.5,20.0,
208.05,28964,838.343,-378.875,-0.006,5.001,30.0,1860,-1,4.33,True,83,True,True,0.75,0.0,0.0,False,False,-0.114,-0.013,35.639,1860,12.86,,,,,0,False,False,0.0,False,8.52,5.5,20.0,
208.1,28965,838.543,-378.732,-0.006,4.767,30.0,1860,-1,4.57,True,83,True,True,0.75,0.0,0.0,False,False,-0.104,-0.004,35.647,1860,12.86,,,,,0,False,False,0.0,False,8.27,5.5,20.0,
208.15,28966,838.727,-378.599,-0.006,4.445,30.0,1860,-1,4.8,True,83,True,True,0.75,0.0,0.001,False,False,-0.183,-0.001,35.651,1860,12.86,,,,,0,False,False,0.0,False,8.05,5.38,20.0,
208.2,28967,838.903,-378.473,-0.005,4.258,30.0,1860,-1,5.02,True,83,True,True,0.75,0.0,0.001,False,False,-0.246,0.0,35.657,1860,12.86,,,,,0,False,False,0.0,False,7.83,5.22,20.0,
208.25,28968,839.073,-378.351,-0.005,4.173,30.0,1860,-1,5.23,True,83,True,True,0.75,0.0,0.001,False,False,-0.257,0.001,35.662,1860,12.86,,,,,0,False,False,0.0,False,7.62,5.13,20.0,
208.3,28969,839.242,-378.229,-0.005,4.161,30.0,1860,-1,5.43,True,83,True,True,0.75,0.0,0.001,False,False,-0.219,0.001,35.666,1860,12.86,,,,,0,False,False,0.0,False,7.41,5.09,20.0,
208.35,28970,839.412,-378.107,-0.006,4.194,30.0,1860,-1,5.64,True,83,True,True,0.75,0.0,0.001,False,False,-0.152,0.001,35.669,1860,12.86,,,,,0,False,False,0.0,False,7.2,5.08,20.0,
208.4,28971,839.585,-377.983,-0.007,4.255,30.0,1860,-1,5.86,True,83,True,True,0.75,0.0,0.001,False,False,-0.074,0.001,35.673,1860,12.86,,,,,0,False,False,0.0,False,6.99,5.1,20.0,
208.45,28972,839.76,-377.857,-0.007,4.334,30.0,1860,-1,6.07,True,83,True,True,0.75,0.0,0.0,False,False,0.002,0.001,35.675,1860,12.86,,,,,0,False,False,0.0,False,6.78,5.13,20.0,
208.5,28973,839.939,-377.729,-0.008,4.423,30.0,1860,-1,6.29,True,83,True,True,0.75,0.0,0.0,False,False,0.069,0.0,35.678,1860,12.86,,,,,0,False,False,0.0,False,6.56,5.17,20.0,
208.55,28974,840.121,-377.598,-0.008,4.519,30.0,1860,-1,6.52,True,83,True,True,0.75,0.0,0.0,False,False,0.124,0.0,35.68,1860,12.86,,,,,0,False,False,1.726,False,6.33,5.21,20.0,
208.6,28975,840.307,-377.464,-0.009,4.619,30.0,1860,-1,6.75,True,83,True,True,0.75,0.0,0.0,False,False,0.166,0.0,35.682,1860,12.86,,,,,0,False,False,1.612,False,6.1,5.26,20.0,
208.65,28976,840.498,-377.328,-0.009,4.721,30.0,1860,-1,6.98,True,83,True,True,0.75,0.0,0.0,False,False,0.198,0.0,35.684,1860,12.86,,,,,0,False,False,1.502,False,5.87,5.31,20.0,
208.7,28977,840.692,-377.188,-0.009,4.824,30.0,1860,-1,7.22,True,83,True,True,0.75,0.0,0.0,False,False,0.22,0.0,35.685,1860,12.86,,,,,0,False,False,1.394,False,5.63,5.36,20.0,
208.75,28978,840.89,-377.045,-0.009,4.928,30.0,1860,-1,7.46,True,83,True,True,0.75,0.0,0.0,False,False,0.236,0.0,35.686,1860,12.86,,,,,0,False,False,1.286,False,5.38,5.41,20.0,
208.8,28979,841.093,-376.899,-0.009,5.031,30.0,1860,-1,7.71,True,83,True,True,0.75,0.0,0.01,False,False,0.247,-0.018,35.72,1860,16.53,,,,,0,False,False,1.181,False,8.8,5.46,20.0,
208.85,28980,841.299,-376.75,-0.009,5.132,30.0,1860,-1,7.97,True,83,True,True,0.75,0.0,-0.0,False,False,0.253,-0.014,35.741,1860,16.53,,,,,0,False,False,1.08,False,8.55,5.52,20.0,
208.9,28981,841.51,-376.599,-0.009,5.209,30.0,1860,-1,8.23,True,83,True,True,0.75,0.0,0.0,False,False,0.253,-0.006,35.769,1860,16.53,,,,,0,False,False,0.983,False,8.29,5.57,20.0,
208.95,28982,841.72,-376.447,-0.009,5.182,30.0,1860,-1,8.49,True,83,True,True,0.75,0.0,-0.001,False,False,0.219,0.001,35.727,1860,16.53,,,,,0,False,False,0.0,False,8.03,5.6,20.0,
209.0,28983,841.93,-376.296,-0.008,5.169,30.0,1860,-1,8.74,True,83,True,True,0.75,0.0,0.005,False,False,0.174,-0.005,35.781,1860,16.53,,,,,0,False,False,0.0,False,7.77,5.59,20.0,
209.05,28984,842.139,-376.145,-0.008,5.173,30.0,1860,-1,9.0,True,83,True,True,0.75,0.0,-0.003,False,False,0.138,0.001,35.742,1860,16.53,,,,,0,False,False,0.0,False,7.52,5.58,20.0,
209.1,28985,842.349,-375.994,-0.008,5.192,30.0,1860,-1,9.26,True,83,True,True,0.75,0.0,0.004,False,False,0.118,-0.003,35.791,1860,16.53,,,,,0,False,False,0.0,False,7.26,5.59,20.0,
209.15,28986,842.56,-375.841,-0.008,5.217,30.0,1860,-1,9.52,True,83,True,True,0.75,0.0,-0.003,False,False,0.111,0.002,35.751,1860,16.53,,,,,0,False,False,0.0,False,7.0,5.6,20.0,
209.2,28987,842.772,-375.689,-0.008,5.212,30.0,1860,-1,9.78,True,83,True,True,0.75,0.0,0.004,False,False,0.101,-0.003,35.802,1860,16.53,,,,,0,False,False,0.0,False,6.74,5.61,20.0,
209.25,28988,842.983,-375.537,-0.008,5.208,30.0,1860,-1,10.04,True,83,True,True,0.75,0.0,-0.004,False,False,0.09,0.003,35.76,1860,16.53,,,,,0,False,False,0.0,False,6.47,5.61,20.0,
209.3,28989,843.205,-375.377,-0.009,5.659,30.0,1860,-1,10.32,True,83,True,True,0.75,0.0,0.004,False,False,0.182,-0.004,35.83,1860,16.53,,,,,0,False,False,1.677,False,6.2,5.6,20.0,
209.35,28990,843.446,-375.204,-0.01,6.045,30.0,1860,-1,10.61,True,83,True,True,0.0,0.3,-0.006,False,False,0.339,0.006,35.821,1860,16.53,,,,,0,False,False,1.534,False,5.9,5.83,20.0,
209.4,28991,843.697,-375.022,-0.011,6.251,30.0,1860,-1,10.92,True,83,True,True,0.0,0.3,0.007,False,False,0.431,-0.009,35.854,1860,20.2,,,,,0,False,False,1.392,False,9.27,6.02,20.0,
209.45,28992,843.952,-374.838,-0.011,6.291,30.0,1860,-1,11.24,True,83,True,True,0.0,0.3,-0.002,False,False,0.428,-0.008,35.842,1860,20.2,,,,,0,False,False,1.254,False,8.95,6.13,20.0,
209.5,28993,844.204,-374.656,-0.01,6.201,30.0,1860,-1,11.55,True,83,True,True,0.0,0.3,0.002,False,False,0.343,-0.008,35.883,1860,20.2,,,,,0,False,False,1.129,False,8.64,6.15,20.0,
209.55,28994,844.452,-374.477,-0.009,6.07,30.0,1860,-1,11.85,True,83,True,True,0.0,0.3,-0.003,False,False,0.223,-0.001,35.843,1860,20.2,,,,,0,False,False,1.011,False,8.34,6.1,20.0,
209.6,28995,844.693,-374.303,-0.008,5.911,30.0,1860,-1,12.15,True,83,True,True,0.0,0.3,0.003,False,False,0.103,-0.006,35.883,1860,20.2,,,,,0,False,False,0.0,False,8.04,6.04,20.0,
209.65,28996,844.927,-374.133,-0.007,5.731,30.0,1860,-1,12.44,True,83,True,True,0.0,0.3,-0.003,False,False,-0.005,-0.001,35.843,1860,20.2,,,,,0,False,False,0.0,False,7.75,5.96,20.0,
209.7,28997,845.154,-373.969,-0.006,5.538,30.0,1860,-1,12.72,True,83,True,True,0.0,0.3,0.003,False,False,-0.095,-0.005,35.885,1860,20.2,,,,,0,False,False,0.0,False,7.47,5.87,20.0,
209.75,28998,845.374,-373.81,-0.006,5.368,30.0,1860,-1,12.99,True,83,True,True,0.035,0.0,-0.003,False,False,-0.16,0.0,35.842,1860,20.2,,,,,0,False,False,0.0,False,7.2,5.77,20.0,
209.8,28999,845.587,-373.656,-0.005,5.221,30.0,1860,-1,13.26,True,83,True,True,0.644,0.0,0.004,False,False,-0.194,-0.004,35.885,1860,20.2,,,,,0,False,False,0.0,False,6.94,5.68,20.0,
209.85,29000,845.796,-373.505,-0.005,5.092,30.0,1860,-1,13.51,True,83,True,True,0.75,0.0,-0.003,False,False,-0.208,0.001,35.84,1860,20.2,,,,,0,False,False,0.0,False,6.68,5.61,20.0,
209.9,29001,846.001,-373.357,-0.005,5.067,30.0,1860,-1,13.77,True,83,True,True,0.75,0.0,0.004,False,False,-0.186,-0.003,35.878,1860,20.2,,,,,0,False,False,0.0,False,6.43,5.55,20.0,
209.95,29002,846.207,-373.208,-0.006,5.064,30.0,1860,-1,14.02,True,83,True,True,0.75,0.0,-0.003,False,False,-0.135,0.001,35.829,1860,20.2,,,,,0,False,False,0.0,False,6.17,5.53,20.0,
210.0,29003,846.407,-373.063,-0.006,4.788,30.0,1860,-1,14.27,True,83,True,True,0.75,0.0,0.004,False,False,-0.131,-0.004,35.865,1860,20.2,,,,,0,False,False,0.0,False,5.92,5.53,20.0,
210.05,29004,846.592,-372.93,-0.005,4.432,30.0,1860,-1,14.5,True,83,True,True,0.75,0.0,-0.002,False,False,-0.222,-0.0,35.882,1860,20.2,,,,,0,False,False,0.0,False,5.7,5.39,20.0,
210.1,29005,846.765,-372.804,-0.005,4.217,30.0,1860,-1,14.71,True,83,True,True,0.75,0.0,-0.002,False,False,-0.293,0.003,35.88,1860,20.2,,,,,0,False,False,0.0,False,5.48,5.22,20.0,
210.15,29006,846.933,-372.683,-0.005,4.113,30.0,1860,-1,14.92,True,83,True,True,0.75,0.0,-0.0,False,False,-0.307,0.002,35.877,1860,20.2,,,,,0,False,False,0.0,False,5.28,5.11,20.0,
210.2,29007,847.099,-372.563,-0.005,4.088,30.0,1860,-1,15.12,True,83,True,True,0.75,0.0,-0.0,False,False,-0.267,0.001,35.876,1860,20.2,,,,,0,False,False,0.0,False,5.07,5.06,20.0,
210.25,29008,847.266,-372.442,-0.006,4.114,30.0,1860,-1,15.33,True,83,True,True,0.75,0.0,-0.0,False,False,-0.194,-0.0,35.875,1860,20.2,,,,,0,False,False,0.0,False,4.87,5.04,20.0,
210.3,29009,847.435,-372.32,-0.006,4.171,30.0,1860,-1,15.54,True,83,True,True,0.75,0.0,0.003,False,False,-0.108,-0.006,35.884,1860,23.88,,,,,0,False,False,0.0,False,8.33,5.06,20.0,
210.35,29010,847.606,-372.196,-0.007,4.248,30.0,1860,-1,15.75,True,83,True,True,0.75,0.0,-0.0,False,False,-0.024,-0.005,35.89,1860,23.88,,,,,0,False,False,0.0,False,8.12,5.09,20.0,
210.4,29011,847.781,-372.07,-0.008,4.336,30.0,1860,-1,15.96,True,83,True,True,0.75,0.0,-0.0,False,False,0.049,-0.002,35.892,1860,23.88,,,,,0,False,False,0.0,False,7.9,5.12,20.0,
210.45,29012,847.959,-371.941,-0.008,4.432,30.0,1860,-1,16.18,True,83,True,True,0.75,0.0,0.0,False,False,0.11,-0.001,35.893,1860,23.88,,,,,0,False,False,0.0,False,7.68,5.17,20.0,
210.5,29013,848.141,-371.809,-0.009,4.532,30.0,1860,-1,16.41,True,83,True,True,0.75,0.0,0.0,False,False,0.157,-0.001,35.894,1860,23.88,,,,,0,False,False,0.0,False,7.46,5.22,20.0,
210.55,29014,848.327,-371.674,-0.009,4.634,30.0,1860,-1,16.64,True,83,True,True,0.75,0.0,0.0,False,False,0.192,-0.0,35.896,1860,23.88,,,,,0,False,False,0.0,False,7.23,5.27,20.0,
210.6,29015,848.518,-371.536,-0.009,4.738,30.0,1860,-1,16.87,True,83,True,True,0.75,0.0,0.0,False,False,0.217,-0.0,35.897,1860,23.88,,,,,0,False,False,0.0,False,6.99,5.32,20.0,
210.65,29016,848.712,-371.395,-0.009,4.842,30.0,1860,-1,17.11,True,83,True,True,0.75,0.0,0.0,False,False,0.234,-0.0,35.898,1860,23.88,,,,,0,False,False,0.0,False,6.75,5.37,20.0,
210.7,29017,848.911,-371.252,-0.009,4.946,30.0,1860,-1,17.36,True,83,True,True,0.75,0.0,0.0,False,False,0.246,-0.0,35.898,1860,23.88,,,,,0,False,False,0.0,False,6.51,5.42,20.0,
210.75,29018,849.114,-371.105,-0.009,5.05,30.0,1860,-1,17.61,True,83,True,True,0.75,0.0,0.0,False,False,0.253,-0.0,35.899,1860,23.88,,,,,0,False,False,0.0,False,6.26,5.47,20.0,
210.8,29019,849.321,-370.955,-0.009,5.16,30.0,1860,-1,17.86,True,83,True,True,0.75,0.0,-0.0,False,False,0.258,0.0,35.9,1860,23.88,,,,,0,False,False,0.0,False,6.0,5.53,20.0,
210.85,29020,849.532,-370.802,-0.009,5.213,30.0,1860,-1,18.12,True,83,True,True,0.75,0.0,0.0,False,False,0.256,0.0,35.9,1860,23.88,,,,,0,False,False,0.0,False,5.74,5.58,20.0,
210.9,29021,849.748,-370.646,-0.009,5.382,30.0,1860,-1,18.39,True,83,True,True,0.75,0.0,0.0,False,False,0.259,0.0,35.893,1860,23.88,,,,,0,False,False,0.0,False,5.48,5.61,20.0,
210.95,29022,849.963,-370.49,-0.009,5.297,30.0,1860,-1,18.66,True,83,True,True,0.684,0.0,0.001,False,False,0.228,-0.002,35.919,1251,1.96,,,,,0,False,False,0.0,False,9.01,5.69,20.0,
211.0,29023,850.179,-370.334,-0.009,5.35,30.0,1860,-1,18.92,True,83,True,True,0.75,0.0,-0.002,False,False,0.187,0.002,35.896,1251,1.96,,,,,0,False,False,0.0,False,8.74,5.65,20.0,
211.05,29024,850.393,-370.179,-0.008,5.281,30.0,1860,-1,19.19,True,83,True,True,0.75,0.0,0.002,False,False,0.144,-0.001,35.932,1251,1.96,,,,,0,False,False,0.0,False,8.48,5.68,20.0,
211.1,29025,850.609,-370.022,-0.008,5.367,30.0,1860,-1,19.45,True,83,True,True,0.75,0.0,-0.003,False,False,0.124,0.003,35.909,1251,1.96,,,,,0,False,False,0.0,False,8.21,5.64,20.0,
211.15,29026,850.825,-369.866,-0.008,5.303,30.0,1860,-1,19.72,True,83,True,True,0.711,0.0,0.002,False,False,0.106,-0.0,35.939,1251,1.96,,,,,0,False,False,0.0,False,7.95,5.68,20.0,
211.2,29027,851.042,-369.709,-0.008,5.37,30.0,1860,-1,19.99,True,83,True,True,0.75,0.0,-0.003,False,False,0.097,0.003,35.908,1251,1.96,,,,,0,False,False,0.0,False,7.68,5.65,20.0,
211.25,29028,851.259,-369.552,-0.008,5.449,30.0,1860,-1,20.26,True,83,True,True,0.694,0.0,0.002,False,False,0.101,-0.002,35.91,1251,1.96,,,,,0,False,False,0.0,False,7.41,5.68,20.0,
211.3,29029,851.493,-369.382,-0.009,5.966,30.0,1860,-1,20.55,True,83,True,True,0.406,0.0,-0.0,False,False,0.24,-0.003,35.889,1251,1.96,,,,,0,False,False,0.0,False,7.12,5.72,20.0,
211.35,29030,851.742,-369.202,-0.01,6.174,30.0,1860,-1,20.85,True,83,True,True,0.0,0.3,0.002,False,False,0.365,-0.005,35.886,1251,1.96,,,,,0,False,False,0.0,False,6.81,5.98,20.0,
211.4,29031,851.996,-369.017,-0.011,6.332,30.0,1860,-1,21.17,True,83,True,True,0.0,0.3,0.001,False,False,0.408,-0.004,35.891,1251,1.96,,,,,0,False,False,0.0,False,6.5,6.09,20.0,
211.45,29032,852.25,-368.834,-0.01,6.231,30.0,1860,-1,21.48,True,83,True,True,0.0,0.3,0.0,False,False,0.356,-0.001,35.894,1251,1.96,,,,,0,False,False,0.0,False,6.19,6.17,20.0,
211.5,29033,852.501,-368.652,-0.009,6.184,30.0,1860,-1,21.79,True,83,True,True,0.0,0.3,0.0,False,False,0.26,0.001,35.902,1251,1.96,,,,,0,False,False,0.0,False,5.88,6.12,20.0,
211.55,29034,852.745,-368.475,-0.008,5.963,30.0,1860,-1,22.09,True,83,True,True,0.0,0.3,-0.0,False,False,0.139,0.003,35.884,1251,5.89,,,,,0,False,False,0.0,False,9.5,6.09,20.0,
211.6,29035,852.983,-368.303,-0.007,5.84,30.0,1860,-1,22.38,True,83,True,True,0.0,0.3,0.002,False,False,0.028,0.0,35.914,1251,5.89,,,,,0,False,False,0.0,False,9.21,5.98,20.0,
211.65,29036,853.212,-368.137,-0.006,5.582,30.0,1860,-1,22.67,True,83,True,True,0.0,0.3,-0.002,False,False,-0.074,0.004,35.889,1251,5.89,,,,,0,False,False,0.0,False,8.92,5.92,20.0,
211.7,29037,853.435,-367.976,-0.006,5.462,30.0,1860,-1,22.94,True,83,True,True,0.0,0.127,0.002,False,False,-0.145,0.0,35.916,1251,5.89,,,,,0,False,False,0.0,False,8.65,5.79,20.0,
211.75,29038,853.65,-367.82,-0.005,5.239,30.0,1860,-1,23.21,True,83,True,True,0.305,0.0,-0.002,False,False,-0.195,0.002,35.883,1251,5.89,,,,,0,False,False,0.0,False,8.38,5.73,20.0,
211.8,29039,853.86,-367.668,-0.005,5.17,30.0,1860,-1,23.47,True,83,True,True,0.75,0.0,0.003,False,False,-0.211,-0.002,35.905,1251,5.89,,,,,0,False,False,0.0,False,8.12,5.62,20.0,
211.85,29040,854.065,-367.519,-0.005,5.011,30.0,1860,-1,23.72,True,83,True,True,0.75,0.0,-0.001,False,False,-0.211,-0.001,35.867,1251,5.89,,,,,0,False,False,0.0,False,7.87,5.58,20.0,
211.9,29041,854.27,-367.37,-0.006,5.083,30.0,1860,-1,23.97,True,83,True,True,0.75,0.0,0.004,False,False,-0.163,-0.005,35.89,1251,5.89,,,,,0,False,False,0.0,False,7.62,5.51,20.0,
211.95,29042,854.474,-367.222,-0.006,5.007,30.0,1860,-1,24.23,True,83,True,True,0.75,0.0,-0.001,False,False,-0.113,-0.001,35.862,1251,5.89,,,,,0,False,False,0.0,False,7.36,5.54,20.0,
212.0,29043,854.668,-367.082,-0.006,4.631,30.0,1860,-1,24.47,True,83,True,True,0.75,0.0,0.003,False,False,-0.156,-0.003,35.888,1251,5.89,,,,,0,False,False,0.0,False,7.12,5.5,20.0,
212.05,29044,854.848,-366.952,-0.005,4.355,30.0,1860,-1,24.69,True,83,True,True,0.75,0.0,-0.001,False,False,-0.241,0.001,35.896,1251,5.89,,,,,0,False,False,0.0,False,6.9,5.32,20.0,
212.1,29045,855.02,-366.827,-0.005,4.204,30.0,1860,-1,24.9,True,83,True,True,0.75,0.0,-0.0,False,False,-0.285,0.003,35.896,1251,5.89,,,,,0,False,False,0.0,False,6.69,5.18,20.0,
212.15,29046,855.189,-366.705,-0.005,4.146,30.0,1860,-1,25.11,True,83,True,True,0.75,0.0,0.0,False,False,-0.272,0.003,35.897,1251,5.89,,,,,0,False,False,0.0,False,6.48,5.1,20.0,
212.2,29047,855.357,-366.583,-0.005,4.151,30.0,1860,-1,25.32,True,83,True,True,0.75,0.0,0.0,False,False,-0.217,0.002,35.898,1251,5.89,,,,,0,False,False,0.0,False,6.27,5.07,20.0,
212.25,29048,855.527,-366.46,-0.006,4.195,30.0,1856,-1,19.68,True,83,True,False,0.75,0.0,0.0,False,False,-0.139,0.001,35.899,1251,5.89,,,,,0,False,False,0.0,False,6.06,5.08,20.0,
212.3,29049,855.699,-366.336,-0.007,4.263,30.0,1251,-1,0.03,False,-1,True,True,0.75,0.0,0.0,False,False,-0.057,0.001,35.9,1251,5.89,,,,,0,False,False,0.0,False,5.85,5.1,20.0,
212.35,29050,855.874,-366.209,-0.007,4.345,30.0,1251,-1,0.25,False,-1,True,True,0.75,0.0,0.0,False,False,0.02,0.001,35.901,1251,5.89,,,,,0,False,False,0.0,False,5.64,5.13,20.0,
212.4,29051,856.053,-366.08,-0.008,4.437,30.0,1251,-1,0.47,False,-1,True,True,0.75,0.0,0.0,False,False,0.085,0.0,35.901,1251,5.89,,,,,0,False,False,0.0,False,5.42,5.17,20.0,
212.45,29052,856.235,-365.948,-0.008,4.535,30.0,1251,-1,0.7,False,-1,True,True,0.75,0.0,0.0,False,False,0.137,0.0,35.902,1251,5.89,,,,,0,False,False,0.0,False,5.19,5.22,20.0,
212.5,29053,856.422,-365.813,-0.009,4.636,30.0,1251,-1,0.93,False,-1,True,True,0.75,0.0,-0.003,False,False,0.177,0.006,35.892,1251,9.81,,,,,0,False,False,0.0,False,8.89,5.27,20.0,
212.55,29054,856.612,-365.675,-0.009,4.739,30.0,1251,-1,1.16,False,-1,True,True,0.75,0.0,0.0,False,False,0.206,0.005,35.885,1251,9.81,,,,,0,False,False,0.0,False,8.65,5.32,20.0,
212.6,29055,856.807,-365.534,-0.009,4.842,30.0,1251,-1,1.4,False,-1,True,True,0.75,0.0,0.0,False,False,0.226,0.002,35.884,1251,9.81,,,,,0,False,False,0.0,False,8.41,5.37,20.0,
212.65,29056,857.006,-365.39,-0.009,4.946,30.0,1251,-1,1.65,False,-1,True,True,0.75,0.0,-0.0,False,False,0.24,0.001,35.883,1251,9.81,,,,,0,False,False,0.0,False,8.17,5.42,20.0,
212.7,29057,857.209,-365.244,-0.009,5.05,30.0,1251,-1,1.9,False,-1,True,True,0.75,0.0,-0.0,False,False,0.249,0.001,35.881,1251,9.81,,,,,0,False,False,0.0,False,7.92,5.47,20.0,
212.75,29058,857.416,-365.094,-0.009,5.16,30.0,1251,-1,2.15,False,-1,True,True,0.75,0.0,-0.0,False,False,0.256,0.0,35.88,1251,9.81,,,,,0,False,False,0.0,False,7.66,5.52,20.0,
212.8,29059,857.627,-364.941,-0.009,5.213,30.0,1251,-1,2.41,False,-1,True,True,0.75,0.0,-0.0,False,False,0.255,0.0,35.878,1251,9.81,,,,,0,False,False,0.0,False,7.4,5.58,20.0,
212.85,29060,857.842,-364.785,-0.009,5.387,30.0,1251,-1,2.68,False,-1,True,True,0.75,0.0,-0.0,False,False,0.259,-0.0,35.883,1251,9.81,,,,,0,False,False,0.0,False,7.13,5.61,20.0,
212.9,29061,858.059,-364.629,-0.009,5.312,30.0,1251,-1,2.95,False,-1,True,True,0.668,0.0,-0.001,False,False,0.233,0.001,35.86,1251,9.81,,,,,0,False,False,0.0,False,6.87,5.69,20.0,
212.95,29062,858.275,-364.472,-0.009,5.362,30.0,1251,-1,3.21,False,-1,True,True,0.75,0.0,0.002,False,False,0.192,-0.003,35.884,1251,9.81,,,,,0,False,False,0.0,False,6.6,5.66,20.0,
213.0,29063,858.49,-364.317,-0.008,5.289,30.0,1251,-1,3.48,False,-1,True,True,0.741,0.0,-0.002,False,False,0.147,0.001,35.848,1251,9.81,,,,,0,False,False,0.0,False,6.33,5.68,20.0,
213.05,29064,858.706,-364.16,-0.008,5.371,30.0,1251,-1,3.75,False,-1,True,True,0.75,0.0,0.003,False,False,0.125,-0.003,35.871,1251,9.81,,,,,0,False,False,0.0,False,6.07,5.64,20.0,
213.1,29065,858.922,-364.004,-0.008,5.318,30.0,1251,-1,4.01,False,-1,True,True,0.696,0.0,-0.002,False,False,0.108,0.0,35.839,1251,9.81,,,,,0,False,False,0.0,False,5.8,5.69,20.0,
213.15,29066,859.139,-363.847,-0.008,5.384,30.0,1251,-1,4.28,False,-1,True,True,0.75,0.0,0.003,False,False,0.099,-0.003,35.869,1251,9.81,,,,,0,False,False,0.0,False,5.53,5.66,20.0,
213.2,29067,859.356,-363.691,-0.008,5.311,30.0,1251,-1,4.55,False,-1,True,True,0.641,0.0,-0.007,False,False,0.084,0.009,35.831,1251,13.73,,,,,0,False,False,0.0,False,9.19,5.69,20.0,
213.25,29068,859.584,-363.526,-0.009,5.82,30.0,1251,-1,4.83,False,-1,True,True,0.75,0.0,0.002,False,False,0.178,0.004,35.868,1251,13.73,,,,,0,False,False,0.0,False,8.91,5.66,20.0,
213.3,29069,859.828,-363.35,-0.01,6.118,30.0,1251,-1,5.13,False,-1,True,True,0.0,0.3,-0.004,False,False,0.326,0.008,35.872,1251,13.73,,,,,0,False,False,0.0,False,8.61,5.91,20.0,
213.35,29070,860.084,-363.165,-0.011,6.382,30.0,1251,-1,5.45,False,-1,True,True,0.0,0.3,-0.002,False,False,0.418,0.009,35.862,1251,13.73,,,,,0,False,False,0.0,False,8.29,6.06,20.0,
213.4,29071,860.343,-362.979,-0.011,6.358,30.0,1251,-1,5.76,False,-1,True,True,0.0,0.3,-0.0,False,False,0.411,0.005,35.854,1251,13.73,,,,,0,False,False,0.0,False,7.98,6.19,20.0,
213.45,29072,860.6,-362.793,-0.01,6.358,30.0,1251,-1,6.08,False,-1,True,True,0.0,0.3,-0.0,False,False,0.34,0.001,35.849,1251,13.73,,,,,0,False,False,0.0,False,7.66,6.18,20.0,
213.5,29073,860.853,-362.611,-0.009,6.167,30.0,1251,-1,6.39,False,-1,True,True,0.0,0.3,-0.0,False,False,0.223,-0.001,35.856,1251,13.73,,,,,0,False,False,0.0,False,7.35,6.18,20.0,
213.55,29074,861.099,-362.432,-0.008,6.056,30.0,1251,-1,6.7,False,-1,True,True,0.0,0.3,-0.001,False,False,0.106,0.0,35.828,1251,13.73,,,,,0,False,False,0.0,False,7.04,6.08,20.0,
213.6,29075,861.338,-362.26,-0.007,5.807,30.0,1251,-1,6.99,False,-1,True,True,0.0,0.3,0.002,False,False,-0.009,-0.004,35.852,1251,13.73,,,,,0,False,False,0.0,False,6.75,6.03,20.0,
213.65,29076,861.569,-362.093,-0.006,5.667,30.0,1251,-1,7.28,False,-1,True,True,0.0,0.3,-0.002,False,False,-0.099,-0.001,35.824,1251,13.73,,,,,0,False,False,0.0,False,6.46,5.9,20.0,
213.7,29077,861.792,-361.932,-0.006,5.396,30.0,1251,-1,7.55,False,-1,True,True,0.0,0.3,0.002,False,False,-0.176,-0.003,35.849,1251,13.73,,,,,0,False,False,0.0,False,6.19,5.83,20.0,
213.75,29078,862.007,-361.777,-0.005,5.283,30.0,1251,-1,7.82,False,-1,True,True,0.533,0.0,-0.003,False,False,-0.222,0.001,35.82,1251,13.73,,,,,0,False,False,0.0,False,5.92,5.7,20.0,
213.8,29079,862.216,-361.626,-0.005,5.08,30.0,1251,-1,8.08,False,-1,True,True,0.75,0.0,0.002,False,False,-0.242,-0.001,35.854,1251,13.73,,,,,0,False,False,0.0,False,5.66,5.64,20.0,
213.85,29080,862.423,-361.476,-0.005,5.123,30.0,1251,-1,8.33,False,-1,True,True,0.75,0.0,0.002,False,False,-0.213,-0.005,35.85,1251,13.73,,,,,0,False,False,0.0,False,5.41,5.54,20.0,
213.9,29081,862.629,-361.328,-0.006,5.048,30.0,1251,-1,8.58,False,-1,True,True,0.75,0.0,-0.006,False,False,-0.16,0.005,35.877,1251,17.66,,,,,0,False,False,0.0,False,9.08,5.56,20.0,
213.95,29082,862.831,-361.183,-0.006,4.802,30.0,1251,-1,8.83,False,-1,True,True,0.75,0.0,-0.005,False,False,-0.152,0.012,35.827,1251,17.66,,,,,0,False,False,0.0,False,8.83,5.52,20.0,
214.0,29083,863.015,-361.049,-0.005,4.435,30.0,1251,-1,9.06,False,-1,True,True,0.75,0.0,0.002,False,False,-0.24,0.006,35.786,1251,17.66,,,,,0,False,False,0.0,False,8.6,5.4,20.0,
214.05,29084,863.189,-360.924,-0.005,4.211,30.0,1251,-1,9.27,False,-1,True,True,0.75,0.0,0.002,False,False,-0.311,-0.001,35.782,1251,17.66,,,,,0,False,False,0.0,False,8.39,5.22,20.0,
214.1,29085,863.356,-360.803,-0.005,4.1,30.0,1251,-1,9.48,False,-1,True,True,0.75,0.0,-0.0,False,False,-0.323,-0.001,35.783,1251,17.66,,,,,0,False,False,0.0,False,8.18,5.11,20.0,
214.15,29086,863.522,-360.684,-0.005,4.07,30.0,1251,-1,9.69,False,-1,True,True,0.75,0.0,-0.0,False,False,-0.283,0.001,35.782,1251,17.66,,,,,0,False,False,0.0,False,7.98,5.05,20.0,
214.2,29087,863.688,-360.564,-0.006,4.094,30.0,1251,-1,9.89,False,-1,True,True,0.75,0.0,-0.0,False,False,-0.208,0.001,35.78,1251,17.66,,,,,0,False,False,0.0,False,7.78,5.04,20.0,
214.25,29088,863.856,-360.443,-0.006,4.15,30.0,1251,-1,10.1,False,-1,True,True,0.75,0.0,-0.0,False,False,-0.119,0.001,35.779,1251,17.66,,,,,0,False,False,0.0,False,7.57,5.05,20.0,
214.3,29089,864.027,-360.32,-0.007,4.226,30.0,1251,-1,10.31,False,-1,True,True,0.75,0.0,-0.0,False,False,-0.033,0.001,35.778,1251,17.66,,,,,0,False,False,0.0,False,7.36,5.07,20.0,
214.35,29090,864.201,-360.194,-0.008,4.313,30.0,1251,-1,10.52,False,-1,True,True,0.75,0.0,-0.0,False,False,0.043,0.001,35.777,1251,17.66,,,,,0,False,False,0.0,False,7.14,5.11,20.0,
214.4,29091,864.379,-360.066,-0.008,4.409,30.0,1251,-1,10.74,False,-1,True,True,0.75,0.0,-0.0,False,False,0.106,0.001,35.776,1251,17.66,,,,,0,False,False,0.0,False,6.92,5.16,20.0,
214.45,29092,864.56,-359.935,-0.009,4.509,30.0,1251,-1,10.97,False,-1,True,True,0.75,0.0,-0.0,False,False,0.154,0.0,35.776,1251,17.66,,,,,0,False,False,0.0,False,6.7,5.2,20.0,
214.5,29093,864.746,-359.802,-0.009,4.611,30.0,1251,-1,11.19,False,-1,True,True,0.75,0.0,-0.0,False,False,0.19,0.0,35.775,1251,17.66,,,,,0,False,False,0.0,False,6.47,5.25,20.0,
214.55,29094,864.936,-359.665,-0.009,4.715,30.0,1251,-1,11.43,False,-1,True,True,0.75,0.0,-0.0,False,False,0.216,0.0,35.774,1251,17.66,,,,,0,False,False,0.0,False,6.24,5.31,20.0,
214.6,29095,865.13,-359.525,-0.009,4.819,30.0,1251,-1,11.67,False,-1,True,True,0.75,0.0,0.0,False,False,0.234,0.0,35.774,1251,17.66,,,,,0,False,False,0.0,False,6.0,5.36,20.0,
214.65,29096,865.328,-359.382,-0.009,4.924,30.0,1251,-1,11.91,False,-1,True,True,0.75,0.0,-0.0,False,False,0.245,0.0,35.774,1251,17.66,,,,,0,False,False,0.0,False,5.75,5.41,20.0,
214.7,29097,865.53,-359.237,-0.009,5.028,30.0,1251,-1,12.16,False,-1,True,True,0.75,0.0,-0.0,False,False,0.253,0.0,35.773,1251,17.66,,,,,0,False,False,0.0,False,5.5,5.46,20.0,
214.75,29098,865.737,-359.088,-0.009,5.129,30.0,1251,-1,12.42,False,-1,True,True,0.75,0.0,-0.006,False,False,0.258,0.013,35.751,1251,21.58,,,,,0,False,False,0.0,False,9.18,5.51,20.0,
214.8,29099,865.948,-358.937,-0.009,5.227,30.0,1251,-1,12.67,False,-1,True,True,0.75,0.0,0.0,False,False,0.258,0.009,35.751,1251,21.58,,,,,0,False,False,0.0,False,8.92,5.56,20.0,
214.85,29100,866.159,-358.785,-0.009,5.192,30.0,1251,-1,12.93,False,-1,True,True,0.75,0.0,-0.001,False,False,0.226,0.006,35.707,1251,21.58,,,,,0,False,False,0.0,False,8.66,5.61,20.0,
214.9,29101,866.369,-358.634,-0.009,5.178,30.0,1251,-1,13.19,False,-1,True,True,0.75,0.0,0.003,False,False,0.179,-0.002,35.753,1251,21.58,,,,,0,False,False,0.0,False,8.4,5.6,20.0,
214.95,29102,866.579,-358.483,-0.008,5.181,30.0,1251,-1,13.45,False,-1,True,True,0.75,0.0,-0.005,False,False,0.142,0.003,35.705,1251,21.58,,,,,0,False,False,0.0,False,8.14,5.59,20.0,
215.0,29103,866.789,-358.332,-0.008,5.199,30.0,1251,-1,13.71,False,-1,True,True,0.75,0.0,0.003,False,False,0.12,-0.002,35.747,1251,21.58,,,,,0,False,False,0.0,False,7.88,5.59,20.0,
215.05,29104,867.001,-358.179,-0.008,5.223,30.0,1251,-1,13.97,False,-1,True,True,0.75,0.0,-0.004,False,False,0.112,0.003,35.699,1251,21.58,,,,,0,False,False,0.0,False,7.62,5.6,20.0,
215.1,29105,867.213,-358.027,-0.008,5.217,30.0,1251,-1,14.23,False,-1,True,True,0.75,0.0,0.003,False,False,0.101,-0.002,35.746,1251,21.58,,,,,0,False,False,0.0,False,7.36,5.61,20.0,
215.15,29106,867.424,-357.875,-0.008,5.214,30.0,1251,-1,14.49,False,-1,True,True,0.75,0.0,-0.004,False,False,0.09,0.003,35.699,1251,21.58,,,,,0,False,False,0.0,False,7.1,5.61,20.0,
215.2,29107,867.647,-357.715,-0.009,5.664,30.0,1251,-1,14.77,False,-1,True,True,0.75,0.0,0.003,False,False,0.182,-0.004,35.765,1251,21.58,,,,,0,False,False,0.0,False,6.82,5.61,20.0,
215.25,29108,867.888,-357.542,-0.01,6.048,30.0,1251,-1,15.06,False,-1,True,True,0.0,0.3,-0.006,False,False,0.338,0.006,35.753,1251,21.58,,,,,0,False,False,0.0,False,6.53,5.83,20.0,
215.3,29109,868.14,-357.362,-0.011,6.254,30.0,1251,-1,15.37,False,-1,True,True,0.0,0.3,-0.0,False,False,0.43,0.005,35.759,1251,21.58,,,,,0,False,False,0.0,False,6.22,6.02,20.0,
215.35,29110,868.395,-357.178,-0.011,6.292,30.0,1251,-1,15.69,False,-1,True,True,0.0,0.3,-0.002,False,False,0.427,0.004,35.725,1251,21.58,,,,,0,False,False,0.0,False,5.9,6.13,20.0,
215.4,29111,868.648,-356.997,-0.01,6.203,30.0,1251,-1,16.0,False,-1,True,True,0.0,0.3,-0.002,False,False,0.341,0.004,35.746,1251,25.51,,,,,0,False,False,0.0,False,9.52,6.15,20.0,
215.45,29112,868.896,-356.818,-0.009,6.071,30.0,1251,-1,16.31,False,-1,True,True,0.0,0.3,-0.004,False,False,0.222,0.008,35.69,1251,25.51,,,,,0,False,False,0.0,False,9.21,6.1,20.0,
215.5,29113,869.138,-356.645,-0.008,5.912,30.0,1251,-1,16.6,False,-1,True,True,0.0,0.3,0.003,False,False,0.102,-0.001,35.721,1251,25.51,,,,,0,False,False,0.0,False,8.91,6.04,20.0,
215.55,29114,869.373,-356.476,-0.007,5.732,30.0,1251,-1,16.89,False,-1,True,True,0.0,0.3,-0.004,False,False,-0.006,0.002,35.676,1251,25.51,,,,,0,False,False,0.0,False,8.62,5.96,20.0,
215.6,29115,869.601,-356.313,-0.006,5.538,30.0,1251,-1,17.17,False,-1,True,True,0.0,0.3,0.003,False,False,-0.095,-0.003,35.713,1251,25.51,,,,,0,False,False,0.0,False,8.34,5.87,20.0,
215.65,29116,869.821,-356.155,-0.006,5.368,30.0,1251,-1,17.44,False,-1,True,True,0.032,0.0,-0.004,False,False,-0.16,0.001,35.666,1251,25.51,,,,,0,False,False,0.0,False,8.07,5.77,20.0,
215.7,29117,870.035,-356.001,-0.005,5.221,30.0,1251,-1,17.71,False,-1,True,True,0.642,0.0,0.003,False,False,-0.195,-0.003,35.706,1251,25.51,,,,,0,False,False,0.0,False,7.81,5.68,20.0,
215.75,29118,870.244,-355.851,-0.005,5.092,30.0,1251,-1,17.96,False,-1,True,True,0.75,0.0,-0.004,False,False,-0.208,0.001,35.659,1251,25.51,,,,,0,False,False,0.0,False,7.55,5.61,20.0,
215.8,29119,870.45,-355.703,-0.005,5.067,30.0,1251,-1,18.22,False,-1,True,True,0.75,0.0,0.004,False,False,-0.186,-0.003,35.695,1251,25.51,,,,,0,False,False,0.0,False,7.3,5.55,20.0,
215.85,29120,870.656,-355.555,-0.006,5.064,30.0,1251,-1,18.47,False,-1,True,True,0.75,0.0,-0.003,False,False,-0.135,0.001,35.644,1251,25.51,,,,,0,False,False,0.0,False,7.04,5.53,20.0,
215.9,29121,870.857,-355.411,-0.006,4.787,30.0,1251,-1,18.72,False,-1,True,True,0.75,0.0,0.004,False,False,-0.132,-0.003,35.679,1251,25.51,,,,,0,False,False,0.0,False,6.8,5.53,20.0,
215.95,29122,871.042,-355.278,-0.005,4.431,30.0,1251,-1,18.95,False,-1,True,True,0.75,0.0,-0.003,False,False,-0.222,-0.0,35.695,1251,25.51,,,,,0,False,False,0.0,False,6.57,5.39,20.0,
216.0,29123,871.216,-355.154,-0.005,4.215,30.0,1251,-1,19.16,False,-1,True,True,0.75,0.0,-0.002,False,False,-0.294,0.003,35.692,1251,25.51,,,,,0,False,False,0.0,False,6.36,5.22,20.0,
216.05,29124,871.384,-355.033,-0.005,4.111,30.0,1251,-1,19.37,False,-1,True,True,0.75,0.0,-0.0,False,False,-0.307,0.002,35.689,1251,25.51,,,,,0,False,False,0.0,False,6.15,5.11,20.0,
216.1,29125,871.55,-354.913,-0.005,4.086,30.0,1251,-1,19.57,False,-1,True,True,0.75,0.0,-0.0,False,False,-0.268,0.001,35.687,1251,25.51,,,,,0,False,False,0.0,False,5.94,5.06,20.0,
216.15,29126,871.717,-354.793,-0.006,4.112,30.0,1251,-1,19.78,False,-1,True,True,0.75,0.0,-0.0,False,False,-0.195,0.0,35.685,1251,25.51,,,,,0,False,False,0.0,False,5.74,5.04,20.0,
216.2,29127,871.886,-354.672,-0.006,4.169,30.0,1251,-1,19.99,False,-1,True,True,0.75,0.0,-0.0,False,False,-0.109,-0.0,35.684,1251,25.51,,,,,0,False,False,0.0,False,5.53,5.06,20.0,
216.25,29128,872.058,-354.549,-0.007,4.245,30.0,1251,-1,20.2,False,-1,True,True,0.75,0.0,-0.0,False,False,-0.025,-0.0,35.683,1251,25.51,,,,,0,False,False,0.0,False,5.32,5.08,20.0,
216.3,29129,872.233,-354.423,-0.008,4.334,30.0,1251,-1,20.41,False,-1,True,True,0.75,0.0,-0.0,False,False,0.049,-0.0,35.682,1251,25.51,,,,,0,False,False,0.0,False,5.1,5.12,20.0,
216.35,29130,872.412,-354.295,-0.008,4.429,30.0,1251,-1,20.63,False,-1,True,True,0.75,0.0,-0.003,False,False,0.11,0.004,35.672,1251,29.43,,,,,0,False,False,0.0,False,8.81,5.17,20.0,
216.4,29131,872.595,-354.164,-0.009,4.529,30.0,1251,-1,20.86,False,-1,True,True,0.75,0.0,-0.0,False,False,0.157,0.004,35.665,1251,29.43,,,,,0,False,False,0.0,False,8.58,5.21,20.0,
216.45,29132,872.782,-354.03,-0.009,4.632,30.0,1251,-1,21.09,False,-1,True,True,0.75,0.0,-0.0,False,False,0.192,0.001,35.663,1251,29.43,,,,,0,False,False,0.0,False,8.35,5.26,20.0,
216.5,29133,872.973,-353.893,-0.009,4.735,30.0,1251,-1,21.32,False,-1,True,True,0.75,0.0,-0.0,False,False,0.217,0.001,35.661,1251,29.43,,,,,0,False,False,0.0,False,8.12,5.32,20.0,
216.55,29134,873.168,-353.753,-0.009,4.84,30.0,1251,-1,21.56,False,-1,True,True,0.75,0.0,-0.0,False,False,0.234,0.0,35.659,1251,29.43,,,,,0,False,False,0.0,False,7.88,5.37,20.0,
216.6,29135,873.367,-353.61,-0.009,4.944,30.0,1251,-1,21.81,False,-1,True,True,0.75,0.0,-0.0,False,False,0.246,0.0,35.657,1251,29.43,,,,,0,False,False,0.0,False,7.63,5.42,20.0,
216.65,29136,873.57,-353.464,-0.009,5.048,30.0,1251,-1,22.06,False,-1,True,True,0.75,0.0,-0.0,False,False,0.253,0.0,35.656,1251,29.43,,,,,0,False,False,0.0,False,7.38,5.47,20.0,
216.7,29137,873.778,-353.315,-0.009,5.158,30.0,1251,-1,22.31,False,-1,True,True,0.75,0.0,-0.0,False,False,0.258,-0.0,35.654,1251,29.43,,,,,0,False,False,0.0,False,7.13,5.52,20.0,
216.75,29138,873.99,-353.164,-0.009,5.211,30.0,1251,-1,22.57,False,-1,True,True,0.75,0.0,-0.0,False,False,0.256,-0.0,35.653,1251,29.43,,,,,0,False,False,0.0,False,6.87,5.58,20.0,
216.8,29139,874.206,-353.009,-0.009,5.39,30.0,1251,-1,22.84,False,-1,True,True,0.75,0.0,-0.0,False,False,0.261,0.0,35.652,1251,29.43,,,,,0,False,False,0.0,False,6.6,5.61,20.0,
216.85,29140,874.425,-352.851,-0.009,5.392,30.0,1251,-1,23.11,False,-1,True,True,0.657,0.0,-0.0,False,False,0.253,-0.0,35.663,1251,29.43,,,,,0,False,False,0.0,False,6.33,5.69,20.0,
216.9,29141,874.645,-352.694,-0.009,5.432,30.0,1251,-1,23.38,False,-1,True,True,0.642,0.0,-0.001,False,False,0.221,0.002,35.636,1251,29.43,,,,,0,False,False,0.0,False,6.06,5.7,20.0,
216.95,29142,874.863,-352.538,-0.008,5.333,30.0,1251,-1,23.65,False,-1,True,True,0.488,0.0,0.002,False,False,0.167,-0.002,35.672,1251,29.43,,,,,0,False,False,0.0,False,5.79,5.72,20.0,
217.0,29143,875.08,-352.382,-0.008,5.37,30.0,1251,-1,23.92,False,-1,True,True,0.75,0.0,-0.003,False,False,0.125,0.002,35.648,1251,29.43,,,,,0,False,False,0.0,False,5.52,5.67,20.0,
217.05,29144,875.296,-352.227,-0.008,5.283,30.0,1251,-1,24.18,False,-1,True,True,0.699,0.0,-0.0,False,False,0.087,0.002,35.678,1251,33.36,,,,,0,False,False,0.0,False,9.18,5.69,20.0,
217.1,29145,875.512,-352.072,-0.008,5.349,30.0,1251,-1,24.45,False,-1,True,True,0.75,0.0,-0.003,False,False,0.072,0.006,35.649,1251,33.36,,,,,0,False,False,0.0,False,8.92,5.64,20.0,
217.15,29146,875.728,-351.918,-0.008,5.292,30.0,1251,-1,24.71,False,-1,True,True,0.75,0.0,0.002,False,False,0.064,0.001,35.679,1251,33.36,,,,,0,False,False,0.0,False,8.65,5.67,20.0,
217.2,29147,875.946,-351.762,-0.008,5.373,30.0,1251,-1,24.98,False,-1,True,True,0.75,0.0,-0.003,False,False,0.071,0.003,35.649,1251,33.36,,,,,0,False,False,0.0,False,8.38,5.65,20.0,
217.25,29148,876.162,-351.607,-0.008,5.3,30.0,1251,-1,25.25,False,-1,True,True,0.675,0.0,0.002,False,False,0.067,-0.001,35.675,1251,33.36,,,,,0,False,False,0.0,False,8.12,5.69,20.0,
217.3,29149,876.38,-351.451,-0.008,5.411,30.0,1251,-1,25.51,False,-1,True,True,0.75,0.0,-0.003,False,False,0.074,0.001,35.647,1251,33.36,,,,,0,False,False,0.0,False,7.85,5.65,20.0,
217.35,29150,876.611,-351.285,-0.009,5.817,30.0,1251,-1,25.8,False,-1,True,True,0.537,0.0,0.002,False,False,0.194,-0.002,35.62,1251,33.36,,,,,0,False,False,0.0,False,7.57,5.71,20.0,
217.4,29151,876.858,-351.107,-0.01,6.21,30.0,1251,-1,26.1,False,-1,True,True,0.0,0.3,0.002,False,False,0.344,-0.007,35.617,1251,33.36,,,,,0,False,False,0.0,False,7.26,5.91,20.0,
217.45,29152,877.113,-350.924,-0.011,6.271,30.0,1251,-1,26.42,False,-1,True,True,0.0,0.3,0.001,False,False,0.403,-0.006,35.622,1251,33.36,,,,,0,False,False,0.0,False,6.95,6.11,20.0,
217.5,29153,877.369,-350.741,-0.01,6.333,30.0,1251,-1,26.73,False,-1,True,True,0.0,0.3,0.0,False,False,0.379,-0.002,35.624,1251,33.36,,,,,0,False,False,0.0,False,6.63,6.14,20.0,
217.55,29154,877.622,-350.559,-0.01,6.175,30.0,1251,-1,27.04,False,-1,True,True,0.0,0.3,0.0,False,False,0.286,0.001,35.617,1251,33.36,,,,,0,False,False,0.0,False,6.32,6.17,20.0,
217.6,29155,877.871,-350.381,-0.009,6.084,30.0,1251,-1,27.35,False,-1,True,True,0.0,0.3,0.001,False,False,0.173,0.0,35.641,1251,33.36,,,,,0,False,False,0.0,False,6.01,6.09,20.0,
217.65,29156,878.111,-350.209,-0.008,5.846,30.0,1251,-1,27.64,False,-1,True,True,0.0,0.3,-0.003,False,False,0.053,0.006,35.613,1251,37.28,,,,,0,False,False,0.0,False,9.64,6.04,20.0,
217.7,29157,878.345,-350.042,-0.007,5.714,30.0,1251,-1,27.93,False,-1,True,True,0.0,0.3,0.002,False,False,-0.047,0.002,35.638,1251,37.28,,,,,0,False,False,0.0,False,9.36,5.92,20.0,
217.75,29158,878.57,-349.88,-0.006,5.448,30.0,1251,-1,28.21,False,-1,True,True,0.0,0.3,-0.002,False,False,-0.134,0.004,35.611,1251,37.28,,,,,0,False,False,0.0,False,9.08,5.86,20.0,
217.8,29159,878.788,-349.724,-0.005,5.339,30.0,1251,-1,28.48,False,-1,True,True,0.352,0.0,0.002,False,False,-0.19,0.0,35.638,1251,37.28,,,,,0,False,False,0.0,False,8.81,5.72,20.0,
217.85,29160,879.0,-349.572,-0.005,5.139,30.0,1251,-1,28.74,False,-1,True,True,0.747,0.0,-0.002,False,False,-0.218,0.002,35.604,1251,37.28,,,,,0,False,False,0.0,False,8.55,5.67,20.0,
217.9,29161,879.208,-349.423,-0.005,5.104,30.0,1251,-1,28.99,False,-1,True,True,0.75,0.0,0.003,False,False,-0.212,-0.003,35.628,1251,37.28,,,,,0,False,False,0.0,False,8.29,5.57,20.0,
217.95,29162,879.414,-349.275,-0.005,5.03,30.0,1251,-1,29.25,False,-1,True,True,0.75,0.0,-0.002,False,False,-0.177,-0.001,35.585,1251,37.28,,,,,0,False,False,0.0,False,8.04,5.55,20.0,
218.0,29163,879.62,-349.127,-0.006,5.1,30.0,1251,-1,29.5,False,-1,True,True,0.75,0.0,0.004,False,False,-0.119,-0.005,35.615,1251,37.28,,,,,0,False,False,0.0,False,7.79,5.52,20.0,
218.05,29164,879.819,-348.985,-0.006,4.729,30.0,1251,-1,29.75,False,-1,True,True,0.75,0.0,-0.002,False,False,-0.14,-0.001,35.609,1251,37.28,,,,,0,False,False,0.0,False,7.54,5.55,20.0,
218.1,29165,880.003,-348.854,-0.005,4.434,30.0,1251,-1,29.97,False,-1,True,True,0.75,0.0,0.001,False,False,-0.222,0.0,35.618,1251,37.28,,,,,0,False,False,0.0,False,7.32,5.36,20.0,
218.15,29166,880.178,-348.728,-0.005,4.267,30.0,1251,-1,30.19,False,-1,True,True,0.75,0.0,-0.0,False,False,-0.272,0.002,35.62,1251,37.28,,,,,0,False,False,0.0,False,7.1,5.22,20.0,
218.2,29167,880.35,-348.605,-0.005,4.198,30.0,1251,-1,30.4,False,-1,True,True,0.75,0.0,-0.0,False,False,-0.268,0.002,35.62,1251,37.28,,,,,0,False,False,0.0,False,6.89,5.13,20.0,
218.25,29168,880.52,-348.483,-0.005,4.195,30.0,1251,-1,30.61,False,-1,True,True,0.75,0.0,0.0,False,False,-0.22,0.001,35.621,1251,37.28,,,,,0,False,False,0.0,False,6.68,5.1,20.0,
218.3,29169,880.692,-348.36,-0.006,4.234,30.0,1251,-1,30.82,False,-1,True,True,0.75,0.0,0.0,False,False,-0.147,0.001,35.621,1251,37.28,,,,,0,False,False,0.0,False,6.47,5.1,20.0,
218.35,29170,880.866,-348.235,-0.007,4.298,30.0,1251,-1,31.03,False,-1,True,True,0.75,0.0,0.0,False,False,-0.065,0.0,35.621,1251,37.28,,,,,0,False,False,0.0,False,6.25,5.12,20.0,
218.4,29171,881.044,-348.108,-0.007,4.379,30.0,1251,-1,31.25,False,-1,True,True,0.75,0.0,-0.0,False,False,0.011,0.0,35.622,1251,37.28,,,,,0,False,False,0.0,False,6.04,5.15,20.0,
218.45,29172,881.224,-347.978,-0.008,4.469,30.0,1251,-1,31.47,False,-1,True,True,0.75,0.0,0.0,False,False,0.077,0.0,35.622,1251,37.28,,,,,0,False,False,0.0,False,5.81,5.19,20.0,
218.5,29173,881.409,-347.846,-0.008,4.565,30.0,1251,-1,31.7,False,-1,True,True,0.75,0.0,0.0,False,False,0.131,0.0,35.622,1251,37.28,,,,,0,False,False,0.0,False,5.59,5.23,20.0,
218.55,29174,881.597,-347.711,-0.009,4.665,30.0,1251,-1,31.93,False,-1,True,True,0.75,0.0,0.0,False,False,0.171,0.0,35.622,1251,37.28,,,,,0,False,False,0.0,False,5.36,5.28,20.0,
218.6,29175,881.789,-347.573,-0.009,4.768,30.0,1251,-1,32.17,False,-1,True,True,0.75,0.0,-0.0,False,False,0.202,0.0,35.622,1251,37.28,,,,,0,False,False,0.0,False,5.12,5.33,20.0,
218.65,29176,881.986,-347.433,-0.009,4.871,30.0,1251,-1,32.41,False,-1,True,True,0.75,0.0,-0.001,False,False,0.223,0.001,35.62,1251,41.21,,,,,0,False,False,0.0,False,8.8,5.38,20.0,
218.7,29177,882.186,-347.289,-0.009,4.974,30.0,1251,-1,32.66,False,-1,True,True,0.75,0.0,0.0,False,False,0.238,0.001,35.619,1251,41.21,,,,,0,False,False,0.0,False,8.55,5.44,20.0,
218.75,29178,882.391,-347.142,-0.009,5.078,30.0,1251,-1,32.91,False,-1,True,True,0.75,0.0,0.0,False,False,0.248,0.0,35.619,1251,41.21,,,,,0,False,False,0.0,False,8.3,5.49,20.0,
218.8,29179,882.6,-346.993,-0.009,5.163,30.0,1251,-1,33.17,False,-1,True,True,0.75,0.0,-0.0,False,False,0.253,0.0,35.618,1251,41.21,,,,,0,False,False,0.0,False,8.05,5.54,20.0,
218.85,29180,882.813,-346.84,-0.009,5.316,30.0,1251,-1,33.43,False,-1,True,True,0.75,0.0,-0.0,False,False,0.258,0.0,35.618,1251,41.21,,,,,0,False,False,0.0,False,7.78,5.58,20.0,
218.9,29181,883.03,-346.685,-0.009,5.343,30.0,1251,-1,33.69,False,-1,True,True,0.75,0.0,-0.0,False,False,0.255,0.0,35.615,1251,41.21,,,,,0,False,False,0.0,False,7.52,5.66,20.0,
218.95,29182,883.25,-346.527,-0.009,5.442,30.0,1251,-1,33.97,False,-1,True,True,0.75,0.0,0.0,False,False,0.246,-0.001,35.63,1251,41.21,,,,,0,False,False,0.0,False,7.25,5.67,20.0,
219.0,29183,883.468,-346.37,-0.009,5.351,30.0,1251,-1,34.23,False,-1,True,True,0.455,0.0,-0.001,False,False,0.2,0.002,35.595,1251,41.21,,,,,0,False,False,0.0,False,6.98,5.72,20.0,
219.05,29184,883.687,-346.214,-0.008,5.394,30.0,1251,-1,34.5,False,-1,True,True,0.75,0.0,0.003,False,False,0.157,-0.003,35.619,1251,41.21,,,,,0,False,False,0.0,False,6.71,5.68,20.0,
219.1,29185,883.903,-346.059,-0.008,5.308,30.0,1251,-1,34.77,False,-1,True,True,0.616,0.0,-0.002,False,False,0.114,0.0,35.586,1251,41.21,,,,,0,False,False,0.0,False,6.44,5.7,20.0,
219.15,29186,884.12,-345.903,-0.008,5.369,30.0,1251,-1,35.04,False,-1,True,True,0.75,0.0,0.003,False,False,0.091,-0.003,35.61,1251,41.21,,,,,0,False,False,0.0,False,6.18,5.65,20.0,
219.2,29187,884.337,-345.748,-0.008,5.305,30.0,1251,-1,35.3,False,-1,True,True,0.699,0.0,-0.002,False,False,0.074,0.0,35.578,1251,41.21,,,,,0,False,False,0.0,False,5.91,5.68,20.0,
219.25,29188,884.554,-345.592,-0.008,5.392,30.0,1251,-1,35.57,False,-1,True,True,0.75,0.0,0.003,False,False,0.077,-0.003,35.603,1251,41.21,,,,,0,False,False,0.0,False,5.64,5.65,20.0,
219.3,29189,884.772,-345.436,-0.008,5.324,30.0,1251,-1,35.84,False,-1,True,True,0.607,0.0,-0.002,False,False,0.073,0.001,35.571,1251,45.13,,,,,0,False,False,0.0,False,9.3,5.7,20.0,
219.35,29190,884.99,-345.28,-0.008,5.39,30.0,1251,-1,36.11,False,-1,True,True,0.75,0.0,0.003,False,False,0.075,-0.002,35.602,1251,45.13,,,,,0,False,False,0.0,False,9.03,5.66,20.0,
219.4,29191,885.211,-345.121,-0.008,5.569,30.0,1251,-1,36.38,False,-1,True,True,0.612,0.0,-0.002,False,False,0.108,0.002,35.568,1251,45.13,,,,,0,False,False,0.0,False,8.76,5.7,20.0,
219.45,29192,885.45,-344.949,-0.009,6.045,30.0,1251,-1,36.67,False,-1,True,True,0.0,0.033,0.004,False,False,0.26,-0.002,35.555,1251,45.13,,,,,0,False,False,0.0,False,8.46,5.78,20.0,
219.5,29193,885.701,-344.769,-0.01,6.192,30.0,1251,-1,36.98,False,-1,True,True,0.0,0.3,0.002,False,False,0.367,-0.004,35.564,1251,45.13,,,,,0,False,False,0.0,False,8.15,6.02,20.0,
219.55,29194,885.956,-344.587,-0.01,6.3,30.0,1251,-1,37.3,False,-1,True,True,0.0,0.3,0.001,False,False,0.384,-0.002,35.573,1251,45.13,,,,,0,False,False,0.0,False,7.84,6.1,20.0,
219.6,29195,886.209,-344.406,-0.01,6.167,30.0,1251,-1,37.61,False,-1,True,True,0.0,0.3,0.0,False,False,0.316,0.002,35.577,1251,45.13,,,,,0,False,False,0.0,False,7.53,6.15,20.0,
219.65,29196,886.457,-344.228,-0.009,6.1,30.0,1251,-1,37.91,False,-1,True,True,0.0,0.3,0.001,False,False,0.214,0.003,35.594,1251,45.13,,,,,0,False,False,0.0,False,7.22,6.08,20.0,
219.7,29197,886.699,-344.055,-0.008,5.868,30.0,1251,-1,38.21,False,-1,True,True,0.0,0.3,-0.001,False,False,0.093,0.006,35.572,1251,45.13,,,,,0,False,False,0.0,False,6.93,6.05,20.0,
219.75,29198,886.933,-343.887,-0.007,5.741,30.0,1251,-1,38.5,False,-1,True,True,0.0,0.3,0.003,False,False,-0.011,0.002,35.603,1251,45.13,,,,,0,False,False,0.0,False,6.64,5.93,20.0,
219.8,29199,887.16,-343.725,-0.006,5.48,30.0,1251,-1,38.78,False,-1,True,True,0.0,0.3,-0.002,False,False,-0.105,0.005,35.579,1251,45.13,,,,,0,False,False,0.0,False,6.36,5.87,20.0,
219.85,29200,887.379,-343.568,-0.006,5.372,30.0,1251,-1,39.05,False,-1,True,True,0.244,0.0,0.002,False,False,-0.167,0.001,35.609,1251,45.13,,,,,0,False,False,0.0,False,6.09,5.74,20.0,
219.9,29201,887.592,-343.415,-0.005,5.172,30.0,1251,-1,39.31,False,-1,True,True,0.63,0.0,-0.002,False,False,-0.201,0.002,35.576,1251,45.13,,,,,0,False,False,0.0,False,5.83,5.69,20.0,
219.95,29202,887.802,-343.265,-0.005,5.133,30.0,1251,-1,39.56,False,-1,True,True,0.75,0.0,0.003,False,False,-0.202,-0.002,35.601,1251,45.13,,,,,0,False,False,0.0,False,5.57,5.59,20.0,
220.0,29203,888.007,-343.118,-0.005,5.016,30.0,1251,-1,39.82,False,-1,True,True,0.75,0.0,-0.002,False,False,-0.185,-0.0,35.569,1251,45.13,,,,,0,False,False,0.0,False,5.32,5.57,20.0,
220.05,29204,888.213,-342.971,-0.006,5.084,30.0,1251,-1,40.07,False,-1,True,True,0.75,0.0,0.003,False,False,-0.133,-0.004,35.604,1251,49.05,,,,,0,False,False,0.0,False,8.99,5.51,20.0,
220.1,29205,888.417,-342.824,-0.006,4.926,30.0,1251,-1,40.32,False,-1,True,True,0.75,0.0,-0.002,False,False,-0.094,0.001,35.598,1251,49.05,,,,,0,False,False,0.0,False,8.74,5.54,20.0,
220.15,29206,888.61,-342.686,-0.006,4.609,30.0,1251,-1,40.56,False,-1,True,True,0.75,0.0,0.001,False,False,-0.152,0.002,35.58,1251,49.05,,,,,0,False,False,0.0,False,8.5,5.46,20.0,
220.2,29207,888.791,-342.557,-0.005,4.387,30.0,1251,-1,40.78,False,-1,True,True,0.75,0.0,0.002,False,False,-0.223,-0.001,35.581,1251,49.05,,,,,0,False,False,0.0,False,8.28,5.3,20.0,
220.25,29208,888.966,-342.431,-0.005,4.277,30.0,1251,-1,41.0,False,-1,True,True,0.75,0.0,0.001,False,False,-0.249,-0.001,35.585,1251,49.05,,,,,0,False,False,0.0,False,8.06,5.19,20.0,
220.3,29209,889.139,-342.307,-0.005,4.246,30.0,1251,-1,41.21,False,-1,True,True,0.75,0.0,0.0,False,False,-0.226,0.0,35.588,1251,49.05,,,,,0,False,False,0.0,False,7.85,5.14,20.0,
220.35,29210,889.312,-342.183,-0.006,4.267,30.0,1251,-1,41.42,False,-1,True,True,0.75,0.0,0.0,False,False,-0.168,0.001,35.59,1251,49.05,,,,,0,False,False,0.0,False,7.64,5.12,20.0,
220.4,29211,889.487,-342.058,-0.006,4.321,30.0,1251,-1,41.64,False,-1,True,True,0.75,0.0,0.0,False,False,-0.093,0.001,35.592,1251,49.05,,,,,0,False,False,0.0,False,7.42,5.13,20.0,
220.45,29212,889.665,-341.93,-0.007,4.394,30.0,1251,-1,41.86,False,-1,True,True,0.75,0.0,0.0,False,False,-0.017,0.001,35.594,1251,49.05,,,,,0,False,False,0.0,False,7.2,5.16,20.0,
220.5,29213,889.847,-341.801,-0.008,4.479,30.0,1251,-1,42.08,False,-1,True,True,0.75,0.0,0.0,False,False,0.051,0.001,35.595,1251,49.05,,,,,0,False,False,0.0,False,6.98,5.2,20.0,
220.55,29214,890.031,-341.668,-0.008,4.573,30.0,1251,-1,42.31,False,-1,True,True,0.75,0.0,0.0,False,False,0.109,0.001,35.596,1251,49.05,,,,,0,False,False,0.0,False,6.75,5.24,20.0,
220.6,29215,890.22,-341.533,-0.009,4.671,30.0,1251,-1,42.54,False,-1,True,True,0.75,0.0,0.0,False,False,0.154,0.0,35.597,1251,49.05,,,,,0,False,False,0.0,False,6.52,5.29,20.0,
220.65,29216,890.412,-341.395,-0.009,4.771,30.0,1251,-1,42.78,False,-1,True,True,0.75,0.0,0.0,False,False,0.188,0.0,35.599,1251,49.05,,,,,0,False,False,0.0,False,6.28,5.34,20.0,
220.7,29217,890.609,-341.255,-0.009,4.874,30.0,1251,-1,43.02,False,-1,True,True,0.75,0.0,0.0,False,False,0.213,0.0,35.599,1251,49.05,,,,,0,False,False,0.0,False,6.04,5.39,20.0,
220.75,29218,890.81,-341.111,-0.009,4.977,30.0,1251,-1,43.26,False,-1,True,True,0.75,0.0,0.0,False,False,0.231,0.0,35.6,1251,49.05,,,,,0,False,False,0.0,False,5.79,5.44,20.0,
220.8,29219,891.015,-340.964,-0.009,5.08,30.0,1251,-1,43.52,False,-1,True,True,0.75,0.0,0.0,False,False,0.243,0.0,35.601,1251,49.05,,,,,0,False,False,0.0,False,5.54,5.49,20.0,
220.85,29220,891.224,-340.814,-0.009,5.163,30.0,1251,-1,43.77,False,-1,True,True,0.75,0.0,0.0,False,False,0.249,0.0,35.601,1251,49.05,,,,,0,False,False,0.0,False,5.29,5.54,20.0,
220.9,29221,891.437,-340.662,-0.009,5.318,30.0,1251,-1,44.04,False,-1,True,True,0.75,0.0,0.001,False,False,0.256,-0.002,35.605,1251,52.98,,,,,0,False,False,0.0,False,8.94,5.58,20.0,
220.95,29222,891.654,-340.506,-0.009,5.345,30.0,1251,-1,44.3,False,-1,True,True,0.75,0.0,0.0,False,False,0.253,-0.001,35.607,1251,52.98,,,,,0,False,False,0.0,False,8.67,5.66,20.0,
221.0,29223,891.875,-340.348,-0.009,5.52,30.0,1251,-1,44.58,False,-1,True,True,0.75,0.0,0.0,False,False,0.259,-0.001,35.611,1251,52.98,,,,,0,False,False,0.0,False,8.4,5.67,20.0,
221.05,29224,892.099,-340.187,-0.009,5.472,30.0,1251,-1,44.85,False,-1,True,True,0.174,0.0,-0.0,False,False,0.241,0.0,35.596,1251,52.98,,,,,0,False,False,0.0,False,8.12,5.76,20.0,
221.1,29225,892.322,-340.028,-0.009,5.487,30.0,1251,-1,45.12,False,-1,True,True,0.339,0.0,0.002,False,False,0.195,-0.003,35.622,1251,52.98,,,,,0,False,False,0.0,False,7.85,5.74,20.0,
221.15,29226,892.541,-339.871,-0.008,5.349,30.0,1251,-1,45.39,False,-1,True,True,0.277,0.0,-0.002,False,False,0.13,0.001,35.587,1251,52.98,,,,,0,False,False,0.0,False,7.58,5.74,20.0,
221.2,29227,892.757,-339.716,-0.008,5.333,30.0,1251,-1,45.66,False,-1,True,True,0.75,0.0,0.003,False,False,0.073,-0.003,35.61,1251,52.98,,,,,0,False,False,0.0,False,7.31,5.67,20.0,
221.25,29228,892.97,-339.563,-0.007,5.192,30.0,1251,-1,45.92,False,-1,True,True,0.75,0.0,-0.002,False,False,0.021,0.0,35.574,1251,52.98,,,,,0,False,False,0.0,False,7.05,5.67,20.0,
221.3,29229,893.181,-339.412,-0.007,5.21,30.0,1251,-1,46.18,False,-1,True,True,0.75,0.0,0.003,False,False,-0.005,-0.003,35.6,1251,52.98,,,,,0,False,False,0.0,False,6.79,5.6,20.0,
221.35,29230,893.39,-339.262,-0.007,5.109,30.0,1251,-1,46.44,False,-1,True,True,0.75,0.0,-0.001,False,False,-0.019,0.0,35.566,1251,52.98,,,,,0,False,False,0.0,False,6.54,5.6,20.0,
221.4,29231,893.599,-339.112,-0.007,5.168,30.0,1251,-1,46.7,False,-1,True,True,0.75,0.0,0.004,False,False,-0.01,-0.003,35.592,1251,52.98,,,,,0,False,False,0.0,False,6.28,5.55,20.0,
221.45,29232,893.808,-338.962,-0.007,5.102,30.0,1251,-1,46.95,False,-1,True,True,0.75,0.0,-0.001,False,False,0.001,0.001,35.56,1251,52.98,,,,,0,False,False,0.0,False,6.02,5.58,20.0,
221.5,29233,894.018,-338.812,-0.007,5.195,30.0,1251,-1,47.21,False,-1,True,True,0.75,0.0,0.004,False,False,0.027,-0.002,35.587,1251,52.98,,,,,0,False,False,0.0,False,5.76,5.55,20.0,
221.55,29234,894.228,-338.661,-0.007,5.148,30.0,1251,-1,47.47,False,-1,True,True,0.75,0.0,-0.001,False,False,0.047,0.002,35.557,1251,52.98,,,,,0,False,False,0.0,False,5.51,5.6,20.0,
221.6,29235,894.437,-338.508,-0.008,5.21,30.0,1251,-1,47.73,False,-1,True,True,0.75,0.0,0.057,False,False,0.061,-0.082,35.724,1251,56.9,,,,,0,False,False,0.0,False,9.13,5.57,20.0,
221.65,29236,894.645,-338.355,-0.008,5.134,30.0,1251,-1,47.99,False,-1,True,True,0.75,0.0,0.001,False,False,0.06,-0.074,35.829,1251,56.9,,,,,0,False,False,0.0,False,8.87,5.61,20.0,
221.7,29237,894.866,-338.195,-0.009,5.661,30.0,1251,-1,48.26,False,-1,True,True,0.75,0.0,0.002,False,False,0.167,-0.038,35.938,1251,56.9,,,,,0,False,False,0.0,False,8.6,5.57,20.0,
221.75,29238,895.104,-338.022,-0.01,5.973,30.0,1251,-1,48.55,False,-1,True,True,0.0,0.3,-0.001,False,False,0.327,-0.012,35.979,1251,56.9,,,,,0,False,False,0.0,False,8.3,5.83,20.0,
221.8,29239,895.354,-337.841,-0.011,6.254,30.0,1251,-1,48.86,False,-1,True,True,0.0,0.3,0.002,False,False,0.429,-0.005,36.003,1251,56.9,,,,,0,False,False,0.0,False,8.0,5.99,20.0,
221.85,29240,895.607,-337.657,-0.011,6.239,30.0,1251,-1,49.18,False,-1,True,True,0.0,0.3,0.003,False,False,0.426,-0.006,36.026,1251,56.9,,,,,0,False,False,0.0,False,7.68,6.13,20.0,
221.9,29241,895.859,-337.473,-0.01,6.249,30.0,1251,-1,49.49,False,-1,True,True,0.0,0.3,0.002,False,False,0.357,-0.006,36.041,1251,56.9,,,,,0,False,False,0.0,False,7.37,6.12,20.0,
221.95,29242,896.106,-337.293,-0.009,6.054,30.0,1251,-1,49.79,False,-1,True,True,0.0,0.3,0.002,False,False,0.239,-0.007,36.075,1251,56.9,,,,,0,False,False,0.0,False,7.06,6.12,20.0,
222.0,29243,896.347,-337.117,-0.008,5.947,30.0,1251,-1,50.09,False,-1,True,True,0.0,0.3,-0.0,False,False,0.118,-0.003,36.061,1251,56.9,,,,,0,False,False,0.0,False,6.77,6.03,20.0,
222.05,29244,896.58,-336.947,-0.007,5.701,30.0,1251,-1,50.38,False,-1,True,True,0.0,0.3,0.003,False,False,0.001,-0.006,36.098,1251,56.9,,,,,0,False,False,0.0,False,6.48,5.97,20.0,
222.1,29245,896.807,-336.782,-0.006,5.565,30.0,1251,-1,50.66,False,-1,True,True,0.0,0.3,-0.001,False,False,-0.09,-0.002,36.08,1251,56.9,,,,,0,False,False,0.0,False,6.2,5.85,20.0,
222.15,29246,897.025,-336.622,-0.006,5.324,30.0,1251,-1,50.93,False,-1,True,True,0.0,0.063,0.003,False,False,-0.163,-0.004,36.117,1251,56.9,,,,,0,False,False,0.0,False,5.93,5.78,20.0,
222.2,29247,897.237,-336.467,-0.005,5.234,30.0,1251,-1,51.19,False,-1,True,True,0.75,0.0,-0.002,False,False,-0.199,0.001,36.099,1251,56.9,,,,,0,False,False,0.0,False,5.66,5.66,20.0,
222.25,29248,897.444,-336.317,-0.005,5.032,30.0,1251,-1,51.45,False,-1,True,True,0.75,0.0,0.002,False,False,-0.218,-0.0,36.14,1251,56.9,,,,,0,False,False,0.0,False,5.41,5.62,20.0,
222.3,29249,897.646,-336.166,-0.005,5.071,30.0,1251,-1,51.7,False,-1,True,True,0.75,0.0,0.049,False,False,-0.194,-0.068,36.243,1251,60.83,,,,,0,False,False,0.0,False,9.09,5.52,20.0,
222.35,29250,897.849,-336.015,-0.006,5.029,30.0,1251,-1,51.95,False,-1,True,True,0.75,0.0,0.006,False,False,-0.14,-0.069,36.396,1251,60.83,,,,,0,False,False,0.0,False,8.83,5.54,20.0,
222.4,29251,898.046,-335.87,-0.006,4.713,30.0,1251,-1,52.2,False,-1,True,True,0.75,0.0,-0.003,False,False,-0.148,-0.034,36.455,1251,60.83,,,,,0,False,False,0.0,False,8.59,5.51,20.0,
222.45,29252,898.226,-335.737,-0.005,4.363,30.0,1251,-1,52.42,False,-1,True,True,0.75,0.0,0.003,False,False,-0.244,-0.016,36.481,1251,60.83,,,,,0,False,False,0.0,False,8.37,5.36,20.0,
222.5,29253,898.395,-335.611,-0.005,4.152,30.0,1251,-1,52.63,False,-1,True,True,0.75,0.0,0.004,False,False,-0.311,-0.01,36.501,1251,60.83,,,,,0,False,False,0.0,False,8.15,5.18,20.0,
222.55,29254,898.559,-335.49,-0.005,4.052,30.0,1251,-1,52.84,False,-1,True,True,0.75,0.0,0.004,False,False,-0.319,-0.008,36.52,1251,60.83,,,,,0,False,False,0.0,False,7.95,5.08,20.0,
222.6,29255,898.721,-335.369,-0.005,4.03,30.0,1251,-1,53.04,False,-1,True,True,0.75,0.0,0.004,False,False,-0.275,-0.007,36.538,1251,60.83,,,,,0,False,False,0.0,False,7.75,5.03,20.0,
222.65,29256,898.884,-335.248,-0.006,4.059,30.0,1251,-1,53.24,False,-1,True,True,0.75,0.0,0.002,False,False,-0.198,-0.005,36.553,1251,60.83,,,,,0,False,False,0.0,False,7.55,5.02,20.0,
222.7,29257,899.049,-335.126,-0.006,4.118,30.0,1251,-1,53.45,False,-1,True,True,0.75,0.0,0.002,False,False,-0.109,-0.003,36.565,1251,60.83,,,,,0,False,False,0.0,False,7.34,5.03,20.0,
222.75,29258,899.216,-335.001,-0.007,4.196,30.0,1251,-1,53.66,False,-1,True,True,0.75,0.0,0.002,False,False,-0.023,-0.001,36.576,1251,60.83,,,,,0,False,False,0.0,False,7.13,5.06,20.0,
222.8,29259,899.387,-334.874,-0.008,4.285,30.0,1251,-1,53.87,False,-1,True,True,0.75,0.0,0.002,False,False,0.051,-0.001,36.586,1251,60.83,,,,,0,False,False,0.0,False,6.92,5.1,20.0,
222.85,29260,899.562,-334.744,-0.008,4.382,30.0,1251,-1,54.09,False,-1,True,True,0.75,0.0,0.001,False,False,0.112,-0.0,36.594,1251,60.83,,,,,0,False,False,0.0,False,6.7,5.14,20.0,
222.9,29261,899.74,-334.611,-0.009,4.483,30.0,1251,-1,54.31,False,-1,True,True,0.75,0.0,0.001,False,False,0.159,0.0,36.601,1251,60.83,,,,,0,False,False,0.0,False,6.48,5.19,20.0,
222.95,29262,899.923,-334.475,-0.009,4.586,30.0,1251,-1,54.54,False,-1,True,True,0.75,0.0,0.001,False,False,0.194,-0.0,36.608,1251,60.83,,,,,0,False,False,0.0,False,6.25,5.24,20.0,
223.0,29263,900.11,-334.336,-0.009,4.69,30.0,1251,-1,54.77,False,-1,True,True,0.75,0.0,0.001,False,False,0.219,-0.0,36.614,1251,60.83,,,,,0,False,False,0.0,False,6.02,5.29,20.0,
223.05,29264,900.3,-334.195,-0.009,4.794,30.0,1251,-1,55.01,False,-1,True,True,0.75,0.0,0.001,False,False,0.236,0.0,36.618,1251,60.83,,,,,0,False,False,0.0,False,5.78,5.34,20.0,
223.1,29265,900.495,-334.05,-0.009,4.899,30.0,1251,-1,55.25,False,-1,True,True,0.75,0.0,0.001,False,False,0.247,0.0,36.622,1251,60.83,,,,,0,False,False,0.0,False,5.54,5.4,20.0,
223.15,29266,900.695,-333.902,-0.009,5.003,30.0,1251,-1,55.5,False,-1,True,True,0.75,0.0,0.0,False,False,0.254,0.0,36.625,1251,60.83,,,,,0,False,False,0.0,False,5.29,5.45,20.0,
223.2,29267,900.897,-333.749,-0.009,5.106,30.0,1251,-1,55.75,False,-1,True,True,0.75,0.0,0.019,False,False,0.258,-0.037,36.694,1251,64.75,,,,,0,False,False,0.0,False,8.96,5.5,20.0,
223.25,29268,901.103,-333.595,-0.009,5.158,30.0,1251,-1,56.01,False,-1,True,True,0.75,0.0,-0.001,False,False,0.252,-0.026,36.714,1251,64.75,,,,,0,False,False,0.0,False,8.7,5.55,20.0,
223.3,29269,901.309,-333.441,-0.009,5.128,30.0,1251,-1,56.27,False,-1,True,True,0.75,0.0,0.002,False,False,0.211,-0.014,36.78,1251,64.75,,,,,0,False,False,0.0,False,8.45,5.58,20.0,
223.35,29270,901.513,-333.288,-0.008,5.118,30.0,1251,-1,56.52,False,-1,True,True,0.75,0.0,-0.003,False,False,0.166,-0.0,36.743,1251,64.75,,,,,0,False,False,0.0,False,8.19,5.56,20.0,
223.4,29271,901.718,-333.135,-0.008,5.123,30.0,1251,-1,56.78,False,-1,True,True,0.75,0.0,0.005,False,False,0.132,-0.004,36.798,1251,64.75,,,,,0,False,False,0.0,False,7.93,5.56,20.0,
223.45,29272,901.923,-332.981,-0.008,5.144,30.0,1251,-1,57.03,False,-1,True,True,0.75,0.0,-0.003,False,False,0.115,0.002,36.761,1251,64.75,,,,,0,False,False,0.0,False,7.68,5.56,20.0,
223.5,29273,902.13,-332.827,-0.008,5.17,30.0,1251,-1,57.29,False,-1,True,True,0.75,0.0,0.005,False,False,0.109,-0.003,36.813,1251,64.75,,,,,0,False,False,0.0,False,7.42,5.57,20.0,
223.55,29274,902.336,-332.672,-0.008,5.165,30.0,1251,-1,57.55,False,-1,True,True,0.75,0.0,-0.003,False,False,0.1,0.002,36.771,1251,64.75,,,,,0,False,False,0.0,False,7.16,5.59,20.0,
223.6,29275,902.543,-332.517,-0.008,5.161,30.0,1251,-1,57.81,False,-1,True,True,0.75,0.0,0.005,False,False,0.09,-0.003,36.821,1251,64.75,,,,,0,False,False,0.0,False,6.9,5.58,20.0,
223.65,29276,902.76,-332.354,-0.009,5.615,30.0,1251,-1,58.08,False,-1,True,True,0.75,0.0,-0.003,False,False,0.182,0.004,36.756,1251,64.75,,,,,0,False,False,0.0,False,6.63,5.58,20.0,
223.7,29277,902.996,-332.178,-0.01,6.005,30.0,1251,-1,58.37,False,-1,True,True,0.0,0.179,0.007,False,False,0.34,-0.006,36.771,1251,64.75,,,,,0,False,False,0.0,False,6.34,5.81,20.0,
223.75,29278,903.243,-331.993,-0.011,6.22,30.0,1251,-1,58.68,False,-1,True,True,0.0,0.3,0.001,False,False,0.437,-0.005,36.767,1251,64.75,,,,,0,False,False,0.0,False,6.03,6.0,20.0,
223.8,29279,903.493,-331.805,-0.011,6.26,30.0,1251,-1,59.0,False,-1,True,True,0.0,0.3,0.012,False,False,0.434,-0.025,36.838,1251,68.68,,,,,0,False,False,0.0,False,9.64,6.11,20.0,
223.85,29280,903.74,-331.618,-0.01,6.171,30.0,1251,-1,59.31,False,-1,True,True,0.0,0.3,-0.002,False,False,0.348,-0.015,36.836,1251,68.68,,,,,0,False,False,0.0,False,9.33,6.13,20.0,
223.9,29281,903.983,-331.436,-0.009,6.04,30.0,1251,-1,59.61,False,-1,True,True,0.0,0.3,0.003,False,False,0.227,-0.008,36.891,1251,68.68,,,,,0,False,False,0.0,False,9.03,6.09,20.0,
223.95,29282,904.22,-331.258,-0.008,5.881,30.0,1251,-1,59.91,False,-1,True,True,0.0,0.3,-0.003,False,False,0.106,0.002,36.859,1251,68.68,,,,,0,False,False,0.0,False,8.73,6.02,20.0,
224.0,29283,904.45,-331.086,-0.007,5.701,30.0,1251,-1,60.19,False,-1,True,True,0.0,0.3,0.004,False,False,-0.003,-0.002,36.907,1251,68.68,,,,,0,False,False,0.0,False,8.44,5.94,20.0,
224.05,29284,904.673,-330.918,-0.006,5.509,30.0,1251,-1,60.47,False,-1,True,True,0.0,0.3,-0.003,False,False,-0.092,0.003,36.871,1251,68.68,,,,,0,False,False,0.0,False,8.17,5.85,20.0,
224.1,29285,904.888,-330.757,-0.006,5.342,30.0,1251,-1,60.74,False,-1,True,True,0.141,0.0,0.004,False,False,-0.158,-0.002,36.919,1251,68.68,,,,,0,False,False,0.0,False,7.9,5.75,20.0,
224.15,29286,905.098,-330.599,-0.005,5.204,30.0,1251,-1,61.0,False,-1,True,True,0.74,0.0,-0.003,False,False,-0.19,0.003,36.88,1251,68.68,,,,,0,False,False,0.0,False,7.63,5.67,20.0,
224.2,29287,905.304,-330.445,-0.005,5.089,30.0,1251,-1,61.26,False,-1,True,True,0.75,0.0,0.004,False,False,-0.199,-0.002,36.929,1251,68.68,,,,,0,False,False,0.0,False,7.38,5.6,20.0,
224.25,29288,905.506,-330.292,-0.006,5.067,30.0,1251,-1,61.51,False,-1,True,True,0.75,0.0,-0.003,False,False,-0.174,0.003,36.892,1251,68.68,,,,,0,False,False,0.0,False,7.12,5.54,20.0,
224.3,29289,905.709,-330.14,-0.006,5.064,30.0,1251,-1,61.77,False,-1,True,True,0.75,0.0,0.003,False,False,-0.125,-0.001,36.943,1251,68.68,,,,,0,False,False,0.0,False,6.87,5.53,20.0,
224.35,29290,905.907,-329.991,-0.006,4.802,30.0,1251,-1,62.02,False,-1,True,True,0.75,0.0,-0.004,False,False,-0.121,0.003,36.911,1251,68.68,,,,,0,False,False,0.0,False,6.62,5.53,20.0,
224.4,29291,906.09,-329.854,-0.005,4.467,30.0,1251,-1,62.24,False,-1,True,True,0.75,0.0,0.003,False,False,-0.206,0.0,36.901,1251,68.68,,,,,0,False,False,0.0,False,6.39,5.4,20.0,
224.45,29292,906.263,-329.724,-0.005,4.269,30.0,1251,-1,62.46,False,-1,True,True,0.75,0.0,0.001,False,False,-0.272,-0.002,36.904,1251,68.68,,,,,0,False,False,0.0,False,6.18,5.23,20.0,
224.5,29293,906.431,-329.597,-0.005,4.177,30.0,1251,-1,62.67,False,-1,True,True,0.75,0.0,0.0,False,False,-0.282,-0.002,36.907,1251,68.68,,,,,0,False,False,0.0,False,5.97,5.13,20.0,
224.55,29294,906.598,-329.472,-0.005,4.159,30.0,1251,-1,62.88,False,-1,True,True,0.75,0.0,0.0,False,False,-0.243,-0.001,36.909,1251,68.68,,,,,0,False,False,0.0,False,5.76,5.09,20.0,
224.6,29295,906.765,-329.347,-0.006,4.189,30.0,1251,-1,63.09,False,-1,True,True,0.75,0.0,0.0,False,False,-0.172,-0.0,36.91,1251,68.68,,,,,0,False,False,0.0,False,5.55,5.08,20.0,
224.65,29296,906.935,-329.219,-0.007,4.248,30.0,1251,-1,63.3,False,-1,True,True,0.75,0.0,0.0,False,False,-0.09,-0.0,36.911,1251,68.68,,,,,0,False,False,0.0,False,5.34,5.09,20.0,
224.7,29297,907.107,-329.09,-0.007,4.326,30.0,1251,-1,63.52,False,-1,True,True,0.75,0.0,0.0,False,False,-0.01,0.0,36.913,1251,68.68,,,,,0,False,False,0.0,False,5.12,5.12,20.0,
224.75,29298,907.282,-328.958,-0.008,4.414,30.0,1251,-1,63.74,False,-1,True,True,0.75,0.0,0.007,False,False,0.06,-0.011,36.934,1251,72.6,,,,,0,False,False,0.0,False,8.83,5.16,20.0,
224.8,29299,907.461,-328.823,-0.008,4.509,30.0,1251,-1,63.96,False,-1,True,True,0.75,0.0,0.0,False,False,0.117,-0.009,36.949,1251,72.6,,,,,0,False,False,0.0,False,8.6,5.21,20.0,
224.85,29300,907.644,-328.685,-0.009,4.609,30.0,1251,-1,64.19,False,-1,True,True,0.75,0.0,0.0,False,False,0.162,-0.004,36.954,1251,72.6,,,,,0,False,False,0.0,False,8.37,5.25,20.0,
224.9,29301,907.831,-328.545,-0.009,4.711,30.0,1251,-1,64.42,False,-1,True,True,0.75,0.0,0.001,False,False,0.195,-0.002,36.957,1251,72.6,,,,,0,False,False,0.0,False,8.14,5.3,20.0,
224.95,29302,908.022,-328.401,-0.009,4.814,30.0,1251,-1,64.66,False,-1,True,True,0.75,0.0,0.001,False,False,0.218,-0.001,36.961,1251,72.6,,,,,0,False,False,0.0,False,7.9,5.36,20.0,
225.0,29303,908.216,-328.254,-0.009,4.918,30.0,1251,-1,64.9,False,-1,True,True,0.75,0.0,0.001,False,False,0.235,-0.0,36.965,1251,72.6,,,,,0,False,False,0.0,False,7.66,5.41,20.0,
225.05,29304,908.415,-328.104,-0.009,5.022,30.0,1251,-1,65.15,False,-1,True,True,0.75,0.0,0.0,False,False,0.246,-0.0,36.968,1251,72.6,,,,,0,False,False,0.0,False,7.41,5.46,20.0,
225.1,29305,908.619,-327.951,-0.009,5.122,30.0,1251,-1,65.41,False,-1,True,True,0.75,0.0,0.0,False,False,0.253,0.0,36.971,1251,72.6,,,,,0,False,False,0.0,False,7.15,5.51,20.0,
225.15,29306,908.826,-327.795,-0.009,5.26,30.0,1251,-1,65.67,False,-1,True,True,0.75,0.0,0.0,False,False,0.258,-0.0,36.973,1251,72.6,,,,,0,False,False,0.0,False,6.89,5.56,20.0,
225.2,29307,909.036,-327.637,-0.009,5.28,30.0,1251,-1,65.93,False,-1,True,True,0.75,0.0,0.0,False,False,0.254,0.0,36.967,1251,72.6,,,,,0,False,False,0.0,False,6.63,5.63,20.0,
225.25,29308,909.249,-327.477,-0.009,5.341,30.0,1251,-1,66.2,False,-1,True,True,0.75,0.0,0.001,False,False,0.232,-0.001,36.989,1251,72.6,,,,,0,False,False,0.0,False,6.36,5.64,20.0,
225.3,29309,909.46,-327.318,-0.009,5.259,30.0,1251,-1,66.46,False,-1,True,True,0.75,0.0,-0.002,False,False,0.184,0.002,36.955,1251,72.6,,,,,0,False,False,0.0,False,6.1,5.67,20.0,
225.35,29310,909.671,-327.158,-0.008,5.334,30.0,1251,-1,66.73,False,-1,True,True,0.75,0.0,0.003,False,False,0.151,-0.003,36.979,1251,72.6,,,,,0,False,False,0.0,False,5.83,5.63,20.0,
225.4,29311,909.883,-326.999,-0.008,5.284,30.0,1251,-1,66.99,False,-1,True,True,0.75,0.0,-0.002,False,False,0.125,0.0,36.948,1251,72.6,,,,,0,False,False,0.0,False,5.57,5.67,20.0,
225.45,29312,910.095,-326.838,-0.008,5.355,30.0,1251,-1,67.26,False,-1,True,True,0.75,0.0,0.007,False,False,0.114,-0.009,36.987,1251,76.52,,,,,0,False,False,0.0,False,9.23,5.64,20.0,
225.5,29313,910.307,-326.678,-0.008,5.281,30.0,1251,-1,67.52,False,-1,True,True,0.75,0.0,-0.002,False,False,0.095,-0.004,36.971,1251,76.52,,,,,0,False,False,0.0,False,8.96,5.68,20.0,
225.55,29314,910.524,-326.516,-0.008,5.607,30.0,1251,-1,67.79,False,-1,True,True,0.75,0.0,0.003,False,False,0.129,-0.005,37.013,1251,76.52,,,,,0,False,False,0.0,False,8.69,5.64,20.0,
225.6,29315,910.757,-326.34,-0.009,5.947,30.0,1251,-1,68.09,False,-1,True,True,0.0,0.162,-0.003,False,False,0.269,0.002,37.033,1251,76.52,,,,,0,False,False,0.0,False,8.4,5.8,20.0,
225.65,29316,911.004,-326.154,-0.01,6.255,30.0,1251,-1,68.39,False,-1,True,True,0.0,0.3,-0.002,False,False,0.385,0.006,37.032,1251,76.52,,,,,0,False,False,0.0,False,8.09,5.97,20.0,
225.7,29317,911.254,-325.966,-0.011,6.255,30.0,1251,-1,68.71,False,-1,True,True,0.0,0.3,-0.0,False,False,0.402,0.004,37.029,1251,76.52,,,,,0,False,False,0.0,False,7.78,6.13,20.0,
225.75,29318,911.504,-325.777,-0.01,6.275,30.0,1251,-1,69.02,False,-1,True,True,0.0,0.3,0.0,False,False,0.347,0.0,37.026,1251,76.52,,,,,0,False,False,0.0,False,7.46,6.13,20.0,
225.8,29319,911.75,-325.592,-0.009,6.089,30.0,1251,-1,69.33,False,-1,True,True,0.0,0.3,0.0,False,False,0.239,-0.002,37.039,1251,76.52,,,,,0,False,False,0.0,False,7.16,6.14,20.0,
225.85,29320,911.989,-325.411,-0.008,5.984,30.0,1251,-1,69.63,False,-1,True,True,0.0,0.3,-0.001,False,False,0.123,-0.0,37.01,1251,76.52,,,,,0,False,False,0.0,False,6.86,6.04,20.0,
225.9,29321,912.222,-325.236,-0.007,5.739,30.0,1251,-1,69.92,False,-1,True,True,0.0,0.3,0.002,False,False,0.007,-0.005,37.037,1251,76.52,,,,,0,False,False,0.0,False,6.56,5.99,20.0,
225.95,29322,912.447,-325.066,-0.006,5.604,30.0,1251,-1,70.2,False,-1,True,True,0.0,0.3,-0.002,False,False,-0.084,-0.001,37.01,1251,76.52,,,,,0,False,False,0.0,False,6.28,5.87,20.0,
226.0,29323,912.664,-324.902,-0.006,5.349,30.0,1251,-1,70.47,False,-1,True,True,0.0,0.205,0.002,False,False,-0.161,-0.003,37.039,1251,76.52,,,,,0,False,False,0.0,False,6.01,5.8,20.0,
226.05,29324,912.874,-324.743,-0.005,5.25,30.0,1251,-1,70.74,False,-1,True,True,0.712,0.0,-0.003,False,False,-0.203,0.001,37.014,1251,76.52,,,,,0,False,False,0.0,False,5.75,5.67,20.0,
226.1,29325,913.079,-324.589,-0.005,5.048,30.0,1251,-1,70.99,False,-1,True,True,0.75,0.0,0.002,False,False,-0.225,-0.0,37.05,1251,76.52,,,,,0,False,False,0.0,False,5.49,5.62,20.0,
226.15,29326,913.28,-324.438,-0.005,5.04,30.0,1251,-1,71.24,False,-1,True,True,0.75,0.0,-0.001,False,False,-0.212,0.001,37.063,1251,80.45,,,,,0,False,False,0.0,False,9.16,5.52,20.0,
226.2,29327,913.481,-324.287,-0.006,4.94,30.0,1251,-1,71.5,False,-1,True,True,0.75,0.0,-0.001,False,False,-0.162,0.002,37.073,1251,80.45,,,,,0,False,False,0.0,False,8.91,5.52,20.0,
226.25,29328,913.681,-324.135,-0.006,4.936,30.0,1251,-1,71.75,False,-1,True,True,0.75,0.0,-0.002,False,False,-0.112,0.002,37.062,1251,80.45,,,,,0,False,False,0.0,False,8.66,5.47,20.0,
226.3,29329,913.867,-323.995,-0.006,4.514,30.0,1251,-1,71.98,False,-1,True,True,0.75,0.0,0.0,False,False,-0.184,-0.0,37.031,1251,80.45,,,,,0,False,False,0.0,False,8.43,5.47,20.0,
226.35,29330,914.04,-323.865,-0.005,4.26,30.0,1251,-1,72.2,False,-1,True,True,0.75,0.0,0.003,False,False,-0.267,-0.004,37.03,1251,80.45,,,,,0,False,False,0.0,False,8.21,5.26,20.0,
226.4,29331,914.206,-323.739,-0.005,4.127,30.0,1251,-1,72.4,False,-1,True,True,0.75,0.0,0.001,False,False,-0.299,-0.005,37.033,1251,80.45,,,,,0,False,False,0.0,False,8.0,5.13,20.0,
226.45,29332,914.37,-323.616,-0.005,4.083,30.0,1251,-1,72.61,False,-1,True,True,0.75,0.0,0.0,False,False,-0.275,-0.002,37.035,1251,80.45,,,,,0,False,False,0.0,False,7.8,5.06,20.0,
226.5,29333,914.533,-323.492,-0.005,4.096,30.0,1251,-1,72.81,False,-1,True,True,0.75,0.0,0.0,False,False,-0.212,-0.001,37.036,1251,80.45,,,,,0,False,False,0.0,False,7.59,5.04,20.0,
226.55,29334,914.698,-323.367,-0.006,4.146,30.0,1251,-1,73.02,False,-1,True,True,0.75,0.0,0.0,False,False,-0.13,-0.0,37.037,1251,80.45,,,,,0,False,False,0.0,False,7.39,5.05,20.0,
226.6,29335,914.866,-323.241,-0.007,4.218,30.0,1251,-1,73.23,False,-1,True,True,0.75,0.0,0.0,False,False,-0.045,-0.0,37.038,1251,80.45,,,,,0,False,False,0.0,False,7.18,5.07,20.0,
226.65,29336,915.037,-323.112,-0.008,4.304,30.0,1251,-1,73.45,False,-1,True,True,0.75,0.0,0.0,False,False,0.031,0.0,37.038,1251,80.45,,,,,0,False,False,0.0,False,6.96,5.11,20.0,
226.7,29337,915.211,-322.98,-0.008,4.397,30.0,1251,-1,73.66,False,-1,True,True,0.75,0.0,0.0,False,False,0.095,0.0,37.039,1251,80.45,,,,,0,False,False,0.0,False,6.74,5.15,20.0,
226.75,29338,915.389,-322.846,-0.009,4.496,30.0,1251,-1,73.89,False,-1,True,True,0.75,0.0,0.0,False,False,0.145,0.0,37.04,1251,80.45,,,,,0,False,False,0.0,False,6.52,5.2,20.0,
226.8,29339,915.572,-322.708,-0.009,4.598,30.0,1251,-1,74.12,False,-1,True,True,0.75,0.0,0.0,False,False,0.183,0.0,37.04,1251,80.45,,,,,0,False,False,0.0,False,6.29,5.25,20.0,
226.85,29340,915.758,-322.568,-0.009,4.702,30.0,1251,-1,74.35,False,-1,True,True,0.75,0.0,0.0,False,False,0.211,0.0,37.04,1251,80.45,,,,,0,False,False,0.0,False,6.06,5.3,20.0,
226.9,29341,915.948,-322.424,-0.009,4.806,30.0,1251,-1,74.59,False,-1,True,True,0.75,0.0,0.0,False,False,0.23,0.0,37.041,1251,80.45,,,,,0,False,False,0.0,False,5.82,5.35,20.0,
226.95,29342,916.142,-322.277,-0.009,4.91,30.0,1251,-1,74.83,False,-1,True,True,0.75,0.0,0.0,False,False,0.243,0.0,37.041,1251,80.45,,,,,0,False,False,0.0,False,5.58,5.4,20.0,
227.0,29343,916.341,-322.128,-0.009,5.014,30.0,1251,-1,75.08,False,-1,True,True,0.75,0.0,0.0,False,False,0.251,0.0,37.042,1251,80.45,,,,,0,False,False,0.0,False,5.33,5.46,20.0,
227.05,29344,916.543,-321.975,-0.009,5.119,30.0,1251,-1,75.33,False,-1,True,True,0.75,0.0,0.001,False,False,0.257,-0.002,37.046,1251,84.37,,,,,0,False,False,0.0,False,9.0,5.51,20.0,
227.1,29345,916.75,-321.819,-0.009,5.182,30.0,1251,-1,75.59,False,-1,True,True,0.75,0.0,-0.0,False,False,0.257,-0.001,37.045,1251,84.37,,,,,0,False,False,0.0,False,8.74,5.56,20.0,
227.15,29346,916.959,-321.661,-0.009,5.271,30.0,1251,-1,75.85,False,-1,True,True,0.75,0.0,0.0,False,False,0.245,-0.001,37.062,1251,84.37,,,,,0,False,False,0.0,False,8.48,5.59,20.0,
227.2,29347,917.167,-321.504,-0.009,5.18,30.0,1251,-1,76.11,False,-1,True,True,0.75,0.0,-0.001,False,False,0.197,0.001,37.027,1251,84.37,,,,,0,False,False,0.0,False,8.22,5.64,20.0,
227.25,29348,917.375,-321.347,-0.008,5.248,30.0,1251,-1,76.38,False,-1,True,True,0.75,0.0,0.003,False,False,0.16,-0.003,37.052,1251,84.37,,,,,0,False,False,0.0,False,7.96,5.59,20.0,
227.3,29349,917.583,-321.19,-0.008,5.191,30.0,1251,-1,76.64,False,-1,True,True,0.75,0.0,-0.002,False,False,0.128,-0.0,37.019,1251,84.37,,,,,0,False,False,0.0,False,7.7,5.62,20.0,
227.35,29350,917.792,-321.031,-0.008,5.289,30.0,1251,-1,76.9,False,-1,True,True,0.75,0.0,0.003,False,False,0.119,-0.003,37.045,1251,84.37,,,,,0,False,False,0.0,False,7.43,5.6,20.0,
227.4,29351,918.001,-320.873,-0.008,5.213,30.0,1251,-1,77.16,False,-1,True,True,0.75,0.0,-0.002,False,False,0.103,0.0,37.018,1251,84.37,,,,,0,False,False,0.0,False,7.17,5.64,20.0,
227.45,29352,918.211,-320.715,-0.008,5.28,30.0,1251,-1,77.42,False,-1,True,True,0.75,0.0,0.003,False,False,0.094,-0.002,37.051,1251,84.37,,,,,0,False,False,0.0,False,6.91,5.61,20.0,
227.5,29353,918.427,-320.553,-0.008,5.561,30.0,1251,-1,77.69,False,-1,True,True,0.75,0.0,-0.002,False,False,0.15,0.003,37.063,1251,84.37,,,,,0,False,False,0.0,False,6.64,5.64,20.0,
227.55,29354,918.662,-320.375,-0.01,6.055,30.0,1251,-1,77.99,False,-1,True,True,0.006,0.0,-0.001,False,False,0.311,0.005,37.074,1251,84.37,,,,,0,False,False,0.0,False,6.34,5.78,20.0,
227.6,29355,918.91,-320.188,-0.011,6.232,30.0,1251,-1,78.3,False,-1,True,True,0.0,0.3,-0.001,False,False,0.422,0.005,37.073,1251,84.37,,,,,0,False,False,0.0,False,6.03,6.03,20.0,
227.65,29356,919.162,-319.998,-0.011,6.361,30.0,1251,-1,78.61,False,-1,True,True,0.0,0.3,0.0,False,False,0.438,0.002,37.072,1251,88.3,,,,,0,False,False,0.0,False,9.64,6.12,20.0,
227.7,29357,919.413,-319.809,-0.01,6.241,30.0,1251,-1,78.93,False,-1,True,True,0.0,0.3,-0.0,False,False,0.365,-0.001,37.071,1251,88.3,,,,,0,False,False,0.0,False,9.33,6.18,20.0,
227.75,29358,919.66,-319.622,-0.009,6.18,30.0,1251,-1,79.24,False,-1,True,True,0.0,0.3,-0.0,False,False,0.255,-0.002,37.07,1251,88.3,,,,,0,False,False,0.0,False,9.02,6.12,20.0,
227.8,29359,919.9,-319.441,-0.008,5.953,30.0,1251,-1,79.54,False,-1,True,True,0.0,0.3,-0.0,False,False,0.127,-0.002,37.08,1251,88.3,,,,,0,False,False,0.0,False,8.72,6.09,20.0,
227.85,29360,920.134,-319.264,-0.007,5.828,30.0,1251,-1,79.83,False,-1,True,True,0.0,0.3,-0.001,False,False,0.015,-0.001,37.054,1251,88.3,,,,,0,False,False,0.0,False,8.42,5.98,20.0,
227.9,29361,920.359,-319.094,-0.006,5.568,30.0,1251,-1,80.11,False,-1,True,True,0.0,0.3,0.002,False,False,-0.086,-0.004,37.081,1251,88.3,,,,,0,False,False,0.0,False,8.14,5.91,20.0,
227.95,29362,920.578,-318.928,-0.006,5.45,30.0,1251,-1,80.39,False,-1,True,True,0.0,0.077,-0.002,False,False,-0.155,-0.001,37.054,1251,88.3,,,,,0,False,False,0.0,False,7.87,5.78,20.0,
228.0,29363,920.79,-318.769,-0.005,5.229,30.0,1251,-1,80.65,False,-1,True,True,0.345,0.0,0.002,False,False,-0.201,-0.002,37.088,1251,88.3,,,,,0,False,False,0.0,False,7.6,5.73,20.0,
228.05,29364,920.997,-318.612,-0.005,5.159,30.0,1251,-1,80.91,False,-1,True,True,0.75,0.0,-0.003,False,False,-0.215,0.002,37.066,1251,88.3,,,,,0,False,False,0.0,False,7.34,5.61,20.0,
228.1,29365,921.2,-318.46,-0.005,5.044,30.0,1251,-1,81.17,False,-1,True,True,0.75,0.0,0.001,False,False,-0.204,0.001,37.109,1251,88.3,,,,,0,False,False,0.0,False,7.09,5.58,20.0,
228.15,29366,921.403,-318.306,-0.006,5.11,30.0,1251,-1,81.42,False,-1,True,True,0.75,0.0,-0.004,False,False,-0.15,0.005,37.082,1251,88.3,,,,,0,False,False,0.0,False,6.83,5.52,20.0,
228.2,29367,921.603,-318.155,-0.006,4.842,30.0,1251,-1,81.67,False,-1,True,True,0.75,0.0,0.001,False,False,-0.128,0.001,37.092,1251,88.3,,,,,0,False,False,0.0,False,6.58,5.56,20.0,
228.25,29368,921.787,-318.016,-0.005,4.5,30.0,1251,-1,81.9,False,-1,True,True,0.75,0.0,-0.001,False,False,-0.208,0.0,37.057,1251,88.3,,,,,0,False,False,0.0,False,6.35,5.42,20.0,
228.3,29369,921.96,-317.885,-0.005,4.258,30.0,1251,-1,82.12,False,-1,True,True,0.75,0.0,0.003,False,False,-0.286,-0.004,37.053,1251,88.3,,,,,0,False,False,0.0,False,6.14,5.25,20.0,
228.35,29370,922.126,-317.759,-0.005,4.135,30.0,1251,-1,82.33,False,-1,True,True,0.75,0.0,0.001,False,False,-0.31,-0.004,37.056,1251,88.3,,,,,0,False,False,0.0,False,5.93,5.13,20.0,
228.4,29371,922.29,-317.635,-0.005,4.096,30.0,1251,-1,82.53,False,-1,True,True,0.75,0.0,-0.0,False,False,-0.279,-0.002,37.058,1251,88.3,,,,,0,False,False,0.0,False,5.72,5.07,20.0,
228.45,29372,922.454,-317.511,-0.005,4.114,30.0,1251,-1,82.74,False,-1,True,True,0.75,0.0,0.0,False,False,-0.211,-0.001,37.058,1251,88.3,,,,,0,False,False,0.0,False,5.52,5.05,20.0,
228.5,29373,922.62,-317.386,-0.006,4.166,30.0,1251,-1,82.95,False,-1,True,True,0.75,0.0,0.0,False,False,-0.126,-0.0,37.059,1251,88.3,,,,,0,False,False,0.0,False,5.31,5.06,20.0,
228.55,29374,922.789,-317.259,-0.007,4.239,30.0,1251,-1,83.16,False,-1,True,True,0.75,0.0,0.0,False,False,-0.041,0.0,37.059,1251,88.3,,,,,0,False,False,0.0,False,5.1,5.08,20.0,
228.6,29375,922.96,-317.129,-0.008,4.325,30.0,1251,-1,83.37,False,-1,True,True,0.75,0.0,0.0,False,False,0.035,-0.0,37.061,1251,92.22,,,,,0,False,False,0.0,False,8.81,5.12,20.0,
228.65,29376,923.136,-316.997,-0.008,4.419,30.0,1251,-1,83.59,False,-1,True,True,0.75,0.0,0.0,False,False,0.099,-0.0,37.062,1251,92.22,,,,,0,False,False,0.0,False,8.59,5.16,20.0,
228.7,29377,923.315,-316.862,-0.009,4.519,30.0,1251,-1,83.82,False,-1,True,True,0.75,0.0,0.0,False,False,0.148,0.0,37.063,1251,92.22,,,,,0,False,False,0.0,False,8.36,5.21,20.0,
228.75,29378,923.498,-316.723,-0.009,4.621,30.0,1251,-1,84.05,False,-1,True,True,0.75,0.0,0.0,False,False,0.186,0.0,37.063,1251,92.22,,,,,0,False,False,0.0,False,8.13,5.26,20.0,
228.8,29379,923.685,-316.582,-0.009,4.724,30.0,1251,-1,84.28,False,-1,True,True,0.75,0.0,0.0,False,False,0.213,0.0,37.064,1251,92.22,,,,,0,False,False,0.0,False,7.9,5.31,20.0,
228.85,29380,923.876,-316.438,-0.009,4.828,30.0,1251,-1,84.52,False,-1,True,True,0.75,0.0,-0.0,False,False,0.231,0.0,37.064,1251,92.22,,,,,0,False,False,0.0,False,7.66,5.36,20.0,
228.9,29381,924.071,-316.29,-0.009,4.932,30.0,1251,-1,84.77,False,-1,True,True,0.75,0.0,0.0,False,False,0.244,0.0,37.064,1251,92.22,,,,,0,False,False,0.0,False,7.41,5.41,20.0,
228.95,29382,924.27,-316.14,-0.009,5.036,30.0,1251,-1,85.02,False,-1,True,True,0.75,0.0,0.0,False,False,0.252,0.0,37.065,1251,92.22,,,,,0,False,False,0.0,False,7.16,5.47,20.0,
229.0,29383,924.474,-315.986,-0.009,5.137,30.0,1251,-1,85.27,False,-1,True,True,0.75,0.0,0.0,False,False,0.257,0.0,37.065,1251,92.22,,,,,0,False,False,0.0,False,6.91,5.52,20.0,
229.05,29384,924.682,-315.829,-0.009,5.275,30.0,1251,-1,85.53,False,-1,True,True,0.75,0.0,0.0,False,False,0.26,-0.0,37.066,1251,92.22,,,,,0,False,False,0.0,False,6.65,5.57,20.0,
229.1,29385,924.892,-315.67,-0.009,5.301,30.0,1251,-1,85.79,False,-1,True,True,0.75,0.0,0.0,False,False,0.256,-0.0,37.061,1251,92.22,,,,,0,False,False,0.0,False,6.39,5.64,20.0,
229.15,29386,925.106,-315.508,-0.009,5.381,30.0,1251,-1,86.06,False,-1,True,True,0.75,0.0,0.0,False,False,0.241,-0.001,37.08,1251,92.22,,,,,0,False,False,0.0,False,6.12,5.65,20.0,
229.2,29387,925.318,-315.348,-0.009,5.295,30.0,1251,-1,86.33,False,-1,True,True,0.68,0.0,-0.002,False,False,0.193,0.002,37.046,1251,92.22,,,,,0,False,False,0.0,False,5.85,5.69,20.0,
229.25,29388,925.531,-315.187,-0.008,5.361,30.0,1251,-1,86.59,False,-1,True,True,0.75,0.0,0.003,False,False,0.157,-0.003,37.069,1251,92.22,,,,,0,False,False,0.0,False,5.58,5.65,20.0,
229.3,29389,925.743,-315.027,-0.008,5.303,30.0,1251,-1,86.86,False,-1,True,True,0.74,0.0,-0.002,False,False,0.125,-0.0,37.036,1251,96.14,,,,,0,False,False,0.0,False,9.24,5.68,20.0,
229.35,29390,925.957,-314.866,-0.008,5.392,30.0,1251,-1,87.13,False,-1,True,True,0.75,0.0,0.003,False,False,0.115,-0.004,37.061,1251,96.14,,,,,0,False,False,0.0,False,8.98,5.65,20.0,
229.4,29391,926.17,-314.704,-0.008,5.317,30.0,1251,-1,87.4,False,-1,True,True,0.616,0.0,-0.002,False,False,0.098,0.0,37.03,1251,96.14,,,,,0,False,False,0.0,False,8.71,5.7,20.0,
229.45,29392,926.383,-314.543,-0.008,5.384,30.0,1251,-1,87.66,False,-1,True,True,0.75,0.0,0.003,False,False,0.09,-0.003,37.061,1251,96.14,,,,,0,False,False,0.0,False,8.44,5.66,20.0,
229.5,29393,926.607,-314.374,-0.009,5.749,30.0,1251,-1,87.94,False,-1,True,True,0.64,0.0,-0.002,False,False,0.176,0.003,37.015,1251,96.14,,,,,0,False,False,0.0,False,8.16,5.69,20.0,
229.55,29394,926.848,-314.191,-0.01,6.176,30.0,1251,-1,88.25,False,-1,True,True,0.0,0.3,0.005,False,False,0.327,-0.003,37.011,1251,96.14,,,,,0,False,False,0.0,False,7.86,5.87,20.0,
229.6,29395,927.097,-314.003,-0.011,6.273,30.0,1251,-1,88.56,False,-1,True,True,0.0,0.3,0.002,False,False,0.403,-0.005,37.022,1251,96.14,,,,,0,False,False,0.0,False,7.54,6.09,20.0,
229.65,29396,927.35,-313.812,-0.011,6.363,30.0,1251,-1,88.88,False,-1,True,True,0.0,0.3,0.0,False,False,0.395,-0.0,37.03,1251,96.14,,,,,0,False,False,0.0,False,7.23,6.14,20.0,
229.7,29397,927.6,-313.623,-0.01,6.22,30.0,1251,-1,89.19,False,-1,True,True,0.0,0.3,0.0,False,False,0.311,0.002,37.031,1251,96.14,,,,,0,False,False,0.0,False,6.91,6.18,20.0,
229.75,29398,927.846,-313.437,-0.009,6.142,30.0,1251,-1,89.5,False,-1,True,True,0.0,0.3,0.001,False,False,0.202,0.003,37.051,1251,96.14,,,,,0,False,False,0.0,False,6.61,6.11,20.0,
229.8,29399,928.085,-313.257,-0.008,5.909,30.0,1251,-1,89.8,False,-1,True,True,0.0,0.3,-0.001,False,False,0.079,0.006,37.028,1251,96.14,,,,,0,False,False,0.0,False,6.31,6.07,20.0,
229.85,29400,928.317,-313.082,-0.007,5.778,30.0,1251,-1,90.09,False,-1,True,True,0.0,0.3,0.003,False,False,-0.025,0.002,37.058,1251,96.14,,,,,0,False,False,0.0,False,6.02,5.95,20.0,
229.9,29401,928.54,-312.913,-0.006,5.515,30.0,1251,-1,90.37,False,-1,True,True,0.0,0.3,-0.002,False,False,-0.117,0.004,37.034,1251,96.14,,,,,0,False,False,0.0,False,5.74,5.89,20.0,
229.95,29402,928.757,-312.749,-0.006,5.405,30.0,1251,-1,90.64,False,-1,True,True,0.109,0.0,0.003,False,False,-0.177,-0.0,37.064,1251,100.07,,,,,0,False,False,0.0,False,9.39,5.76,20.0,
230.0,29403,928.967,-312.59,-0.005,5.195,30.0,1251,-1,90.9,False,-1,True,True,0.506,0.0,-0.002,False,False,-0.211,0.001,37.033,1251,100.07,,,,,0,False,False,0.0,False,9.13,5.7,20.0,
230.05,29404,929.173,-312.435,-0.005,5.14,30.0,1251,-1,91.16,False,-1,True,True,0.75,0.0,0.003,False,False,-0.215,-0.003,37.057,1251,100.07,,,,,0,False,False,0.0,False,8.87,5.6,20.0,
230.1,29405,929.376,-312.282,-0.005,5.048,30.0,1251,-1,91.41,False,-1,True,True,0.75,0.0,-0.001,False,False,-0.192,-0.001,37.032,1251,100.07,,,,,0,False,False,0.0,False,8.61,5.57,20.0,
230.15,29406,929.579,-312.128,-0.006,5.116,30.0,1251,-1,91.67,False,-1,True,True,0.75,0.0,0.003,False,False,-0.134,-0.003,37.066,1251,100.07,,,,,0,False,False,0.0,False,8.36,5.52,20.0,
230.2,29407,929.777,-311.979,-0.006,4.811,30.0,1251,-1,91.92,False,-1,True,True,0.75,0.0,-0.002,False,False,-0.132,0.001,37.049,1251,100.07,,,,,0,False,False,0.0,False,8.11,5.56,20.0,
230.25,29408,929.96,-311.841,-0.005,4.467,30.0,1251,-1,92.15,False,-1,True,True,0.75,0.0,0.002,False,False,-0.217,0.001,37.034,1251,100.07,,,,,0,False,False,0.0,False,7.88,5.41,20.0,
230.3,29409,930.132,-311.71,-0.005,4.26,30.0,1251,-1,92.36,False,-1,True,True,0.75,0.0,0.002,False,False,-0.284,-0.002,37.036,1251,100.07,,,,,0,False,False,0.0,False,7.67,5.23,20.0,
230.35,29410,930.299,-311.584,-0.005,4.162,30.0,1251,-1,92.57,False,-1,True,True,0.75,0.0,0.001,False,False,-0.295,-0.001,37.041,1251,100.07,,,,,0,False,False,0.0,False,7.46,5.13,20.0,
230.4,29411,930.465,-311.459,-0.005,4.14,30.0,1251,-1,92.78,False,-1,True,True,0.75,0.0,0.0,False,False,-0.255,0.0,37.043,1251,100.07,,,,,0,False,False,0.0,False,7.25,5.08,20.0,
230.45,29412,930.631,-311.333,-0.006,4.168,30.0,1251,-1,92.99,False,-1,True,True,0.75,0.0,0.0,False,False,-0.184,0.001,37.046,1251,100.07,,,,,0,False,False,0.0,False,7.04,5.07,20.0,
230.5,29413,930.8,-311.206,-0.006,4.225,30.0,1251,-1,93.2,False,-1,True,True,0.75,0.0,0.0,False,False,-0.1,0.001,37.048,1251,100.07,,,,,0,False,False,0.0,False,6.83,5.08,20.0,
230.55,29414,930.971,-311.077,-0.007,4.302,30.0,1251,-1,93.41,False,-1,True,True,0.75,0.0,0.0,False,False,-0.018,0.001,37.05,1251,100.07,,,,,0,False,False,0.0,False,6.62,5.11,20.0,
230.6,29415,931.145,-310.946,-0.008,4.39,30.0,1251,-1,93.63,False,-1,True,True,0.75,0.0,0.0,False,False,0.054,0.001,37.051,1251,100.07,,,,,0,False,False,0.0,False,6.4,5.15,20.0,
230.65,29416,931.323,-310.811,-0.008,4.486,30.0,1251,-1,93.85,False,-1,True,True,0.75,0.0,0.0,False,False,0.113,0.001,37.053,1251,100.07,,,,,0,False,False,0.0,False,6.17,5.2,20.0,
230.7,29417,931.504,-310.674,-0.009,4.585,30.0,1251,-1,94.08,False,-1,True,True,0.75,0.0,0.0,False,False,0.159,0.0,37.054,1251,100.07,,,,,0,False,False,0.0,False,5.95,5.24,20.0,
230.75,29418,931.69,-310.534,-0.009,4.687,30.0,1251,-1,94.31,False,-1,True,True,0.75,0.0,0.0,False,False,0.193,0.0,37.055,1251,100.07,,,,,0,False,False,0.0,False,5.71,5.29,20.0,
230.8,29419,931.88,-310.391,-0.009,4.791,30.0,1251,-1,94.55,False,-1,True,True,0.75,0.0,0.0,False,False,0.217,0.0,37.056,1251,100.07,,,,,0,False,False,0.0,False,5.48,5.34,20.0,
230.85,29420,932.073,-310.244,-0.009,4.894,30.0,1251,-1,94.79,False,-1,True,True,0.75,0.0,0.0,False,False,0.234,0.0,37.056,1251,100.07,,,,,0,False,False,0.0,False,5.23,5.4,20.0,
230.9,29421,932.271,-310.095,-0.009,4.998,30.0,1251,-1,95.04,False,-1,True,True,0.75,0.0,0.001,False,False,0.245,-0.001,37.058,1251,103.99,,,,,0,False,False,0.0,False,8.91,5.45,20.0,
230.95,29422,932.473,-309.942,-0.009,5.102,30.0,1251,-1,95.3,False,-1,True,True,0.75,0.0,0.0,False,False,0.253,-0.0,37.06,1251,103.99,,,,,0,False,False,0.0,False,8.66,5.5,20.0,
231.0,29423,932.679,-309.787,-0.009,5.234,30.0,1251,-1,95.55,False,-1,True,True,0.75,0.0,0.0,False,False,0.259,-0.0,37.061,1251,103.99,,,,,0,False,False,0.0,False,8.4,5.55,20.0,
231.05,29424,932.889,-309.628,-0.009,5.265,30.0,1251,-1,95.82,False,-1,True,True,0.75,0.0,0.0,False,False,0.255,-0.0,37.063,1251,103.99,,,,,0,False,False,0.0,False,8.14,5.62,20.0,
231.1,29425,933.102,-309.467,-0.009,5.389,30.0,1251,-1,96.08,False,-1,True,True,0.75,0.0,-0.0,False,False,0.252,0.001,37.048,1251,103.99,,,,,0,False,False,0.0,False,7.87,5.63,20.0,
231.15,29426,933.315,-309.307,-0.009,5.294,30.0,1251,-1,96.35,False,-1,True,True,0.656,0.0,0.002,False,False,0.208,-0.002,37.082,1251,103.99,,,,,0,False,False,0.0,False,7.6,5.69,20.0,
231.2,29427,933.527,-309.146,-0.008,5.352,30.0,1251,-1,96.62,False,-1,True,True,0.75,0.0,-0.003,False,False,0.167,0.003,37.058,1251,103.99,,,,,0,False,False,0.0,False,7.34,5.65,20.0,
231.25,29428,933.739,-308.987,-0.008,5.287,30.0,1251,-1,96.88,False,-1,True,True,0.75,0.0,0.002,False,False,0.13,-0.0,37.092,1251,103.99,,,,,0,False,False,0.0,False,7.07,5.68,20.0,
231.3,29429,933.952,-308.826,-0.008,5.377,30.0,1251,-1,97.15,False,-1,True,True,0.75,0.0,-0.003,False,False,0.116,0.003,37.068,1251,103.99,,,,,0,False,False,0.0,False,6.8,5.64,20.0,
231.35,29430,934.165,-308.665,-0.008,5.309,30.0,1251,-1,97.41,False,-1,True,True,0.672,0.0,0.002,False,False,0.101,-0.0,37.101,1251,103.99,,,,,0,False,False,0.0,False,6.54,5.69,20.0,
231.4,29431,934.378,-308.504,-0.008,5.376,30.0,1251,-1,97.68,False,-1,True,True,0.75,0.0,-0.003,False,False,0.093,0.003,37.071,1251,103.99,,,,,0,False,False,0.0,False,6.27,5.65,20.0,
231.45,29432,934.595,-308.341,-0.008,5.556,30.0,1251,-1,97.95,False,-1,True,True,0.671,0.0,0.002,False,False,0.12,-0.002,37.106,1251,103.99,,,,,0,False,False,0.0,False,6.0,5.69,20.0,
231.5,29433,934.83,-308.164,-0.009,6.048,30.0,1251,-1,98.25,False,-1,True,True,0.016,0.0,-0.003,False,False,0.271,0.002,37.12,1251,103.99,,,,,0,False,False,0.0,False,5.7,5.78,20.0,
231.55,29434,935.077,-307.977,-0.01,6.215,30.0,1251,-1,98.56,False,-1,True,True,0.0,0.3,-0.002,False,False,0.383,0.005,37.112,1251,107.92,,,,,0,False,False,0.0,False,9.32,6.02,20.0,
231.6,29435,935.328,-307.787,-0.011,6.335,30.0,1251,-1,98.87,False,-1,True,True,0.0,0.3,-0.001,False,False,0.404,0.002,37.103,1251,107.92,,,,,0,False,False,0.0,False,9.0,6.11,20.0,
231.65,29436,935.578,-307.599,-0.01,6.21,30.0,1251,-1,99.18,False,-1,True,True,0.0,0.3,-0.0,False,False,0.336,-0.002,37.098,1251,107.92,,,,,0,False,False,0.0,False,8.69,6.17,20.0,
231.7,29437,935.823,-307.413,-0.009,6.147,30.0,1251,-1,99.49,False,-1,True,True,0.0,0.3,-0.0,False,False,0.232,-0.003,37.087,1251,107.92,,,,,0,False,False,0.0,False,8.38,6.1,20.0,
231.75,29438,936.062,-307.233,-0.008,5.919,30.0,1251,-1,99.79,False,-1,True,True,0.0,0.3,0.0,False,False,0.11,-0.005,37.104,1251,107.92,,,,,0,False,False,0.0,False,8.08,6.07,20.0,
231.8,29439,936.295,-307.057,-0.007,5.792,30.0,1251,-1,100.08,False,-1,True,True,0.0,0.3,-0.002,False,False,0.002,-0.001,37.074,1251,107.92,,,,,0,False,False,0.0,False,7.79,5.96,20.0,
231.85,29440,936.519,-306.888,-0.006,5.531,30.0,1251,-1,100.36,False,-1,True,True,0.0,0.3,0.002,False,False,-0.096,-0.005,37.098,1251,107.92,,,,,0,False,False,0.0,False,7.51,5.9,20.0,
231.9,29441,936.736,-306.723,-0.006,5.421,30.0,1251,-1,100.64,False,-1,True,True,0.056,0.0,-0.003,False,False,-0.161,-0.001,37.069,1251,107.92,,,,,0,False,False,0.0,False,7.24,5.77,20.0,
231.95,29442,936.947,-306.564,-0.005,5.208,30.0,1251,-1,100.9,False,-1,True,True,0.452,0.0,0.002,False,False,-0.2,-0.002,37.101,1251,107.92,,,,,0,False,False,0.0,False,6.97,5.71,20.0,
232.0,29443,937.153,-306.408,-0.005,5.146,30.0,1251,-1,101.2,False,-1,True,True,0.75,0.0,-0.003,False,False,-0.21,0.002,37.077,1251,107.92,,,,,0,False,False,0.0,False,6.72,5.6,20.0,
232.05,29444,937.355,-306.256,-0.005,5.016,30.0,1251,-1,101.45,False,-1,True,True,0.75,0.0,0.001,False,False,-0.202,0.0,37.108,1251,107.92,,,,,0,False,False,0.0,False,6.46,5.57,20.0,
232.1,29445,937.557,-306.103,-0.006,5.083,30.0,1251,-1,101.71,False,-1,True,True,0.75,0.0,-0.003,False,False,-0.15,0.003,37.073,1251,107.92,,,,,0,False,False,0.0,False,6.21,5.51,20.0,
232.15,29446,937.757,-305.952,-0.006,4.915,30.0,1251,-1,101.96,False,-1,True,True,0.75,0.0,0.002,False,False,-0.11,-0.001,37.076,1251,107.92,,,,,0,False,False,0.0,False,5.96,5.54,20.0,
232.2,29447,937.945,-305.81,-0.006,4.567,30.0,1251,-1,102.19,False,-1,True,True,0.75,0.0,-0.0,False,False,-0.173,-0.002,37.1,1251,107.92,,,,,0,False,False,0.0,False,5.72,5.46,20.0,
232.25,29448,938.12,-305.678,-0.005,4.319,30.0,1251,-1,102.41,False,-1,True,True,0.75,0.0,-0.003,False,False,-0.252,0.001,37.1,1251,107.92,,,,,0,False,False,0.0,False,5.5,5.28,20.0,
232.3,29449,938.289,-305.551,-0.005,4.189,30.0,1251,-1,102.62,False,-1,True,True,0.75,0.0,-0.001,False,False,-0.284,0.001,37.095,1251,107.92,,,,,0,False,False,0.0,False,5.29,5.16,20.0,
232.35,29450,938.455,-305.425,-0.005,4.146,30.0,1251,-1,102.83,False,-1,True,True,0.75,0.0,-0.0,False,False,-0.262,0.0,37.092,1251,107.92,,,,,0,False,False,0.0,False,5.09,5.09,20.0,
232.4,29451,938.621,-305.3,-0.006,4.161,30.0,1251,-1,103.04,False,-1,True,True,0.75,0.0,-0.0,False,False,-0.201,-0.001,37.09,1251,107.92,,,,,0,False,False,0.0,False,4.88,5.07,20.0,
232.45,29452,938.789,-305.173,-0.006,4.21,30.0,1251,-1,103.25,False,-1,True,True,0.75,0.0,-0.001,False,False,-0.122,-0.0,37.087,1251,111.84,,,,,0,False,False,0.0,False,8.59,5.08,20.0,
232.5,29453,938.959,-305.044,-0.007,4.282,30.0,1251,-1,103.46,False,-1,True,True,0.75,0.0,-0.0,False,False,-0.04,-0.0,37.085,1251,111.84,,,,,0,False,False,0.0,False,8.38,5.11,20.0,
232.55,29454,939.132,-304.913,-0.008,4.367,30.0,1251,-1,103.68,False,-1,True,True,0.75,0.0,-0.0,False,False,0.035,-0.0,37.083,1251,111.84,,,,,0,False,False,0.0,False,8.16,5.14,20.0,
232.6,29455,939.309,-304.78,-0.008,4.46,30.0,1251,-1,103.9,False,-1,True,True,0.75,0.0,-0.0,False,False,0.097,-0.0,37.082,1251,111.84,,,,,0,False,False,0.0,False,7.94,5.18,20.0,
232.65,29456,939.49,-304.643,-0.009,4.558,30.0,1251,-1,104.13,False,-1,True,True,0.75,0.0,-0.0,False,False,0.146,-0.0,37.08,1251,111.84,,,,,0,False,False,0.0,False,7.71,5.23,20.0,
232.7,29457,939.674,-304.504,-0.009,4.66,30.0,1251,-1,104.36,False,-1,True,True,0.75,0.0,-0.0,False,False,0.184,-0.0,37.079,1251,111.84,,,,,0,False,False,0.0,False,7.48,5.28,20.0,
232.75,29458,939.863,-304.361,-0.009,4.763,30.0,1251,-1,104.6,False,-1,True,True,0.75,0.0,-0.0,False,False,0.211,-0.0,37.078,1251,111.84,,,,,0,False,False,0.0,False,7.25,5.33,20.0,
232.8,29459,940.055,-304.216,-0.009,4.866,30.0,1251,-1,104.84,False,-1,True,True,0.75,0.0,-0.0,False,False,0.229,-0.0,37.077,1251,111.84,,,,,0,False,False,0.0,False,7.0,5.38,20.0,
232.85,29460,940.252,-304.067,-0.009,4.97,30.0,1251,-1,105.08,False,-1,True,True,0.75,0.0,-0.0,False,False,0.242,-0.0,37.077,1251,111.84,,,,,0,False,False,0.0,False,6.76,5.43,20.0,
232.9,29461,940.453,-303.915,-0.009,5.074,30.0,1251,-1,105.34,False,-1,True,True,0.75,0.0,-0.0,False,False,0.251,-0.0,37.076,1251,111.84,,,,,0,False,False,0.0,False,6.51,5.49,20.0,
232.95,29462,940.658,-303.761,-0.009,5.16,30.0,1251,-1,105.59,False,-1,True,True,0.75,0.0,-0.0,False,False,0.255,-0.0,37.076,1251,111.84,,,,,0,False,False,0.0,False,6.25,5.54,20.0,
233.0,29463,940.867,-303.603,-0.009,5.312,30.0,1251,-1,105.85,False,-1,True,True,0.75,0.0,-0.0,False,False,0.259,0.0,37.075,1251,111.84,,,,,0,False,False,0.0,False,5.99,5.58,20.0,
233.05,29464,941.079,-303.442,-0.009,5.34,30.0,1251,-1,106.12,False,-1,True,True,0.75,0.0,0.0,False,False,0.255,-0.0,37.074,1251,111.84,,,,,0,False,False,0.0,False,5.72,5.66,20.0,
233.1,29465,941.296,-303.278,-0.009,5.484,30.0,1251,-1,106.39,False,-1,True,True,0.75,0.0,-0.0,False,False,0.256,-0.0,37.087,1251,111.84,,,,,0,False,False,0.0,False,5.45,5.67,20.0,
233.15,29466,941.512,-303.115,-0.009,5.388,30.0,1251,-1,106.66,False,-1,True,True,0.305,0.0,-0.001,False,False,0.216,0.002,37.054,1251,115.77,,,,,0,False,False,0.0,False,9.1,5.74,20.0,
233.2,29467,941.728,-302.952,-0.008,5.416,30.0,1251,-1,106.93,False,-1,True,True,0.644,0.0,0.003,False,False,0.168,-0.003,37.079,1251,115.77,,,,,0,False,False,0.0,False,8.83,5.69,20.0,
233.25,29468,941.941,-302.791,-0.008,5.307,30.0,1251,-1,107.2,False,-1,True,True,0.536,0.0,-0.002,False,False,0.115,-0.0,37.044,1251,115.77,,,,,0,False,False,0.0,False,8.56,5.71,20.0,
233.3,29469,942.153,-302.631,-0.008,5.339,30.0,1251,-1,107.47,False,-1,True,True,0.75,0.0,0.003,False,False,0.079,-0.004,37.069,1251,115.77,,,,,0,False,False,0.0,False,8.3,5.65,20.0,
233.35,29470,942.363,-302.471,-0.007,5.25,30.0,1251,-1,107.73,False,-1,True,True,0.75,0.0,-0.002,False,False,0.051,0.0,37.035,1251,115.77,,,,,0,False,False,0.0,False,8.03,5.67,20.0,
233.4,29471,942.574,-302.312,-0.007,5.319,30.0,1251,-1,108.0,False,-1,True,True,0.75,0.0,0.003,False,False,0.046,-0.003,37.061,1251,115.77,,,,,0,False,False,0.0,False,7.77,5.63,20.0,
233.45,29472,942.785,-302.152,-0.007,5.263,30.0,1251,-1,108.26,False,-1,True,True,0.75,0.0,-0.001,False,False,0.046,0.001,37.029,1251,115.77,,,,,0,False,False,0.0,False,7.51,5.66,20.0,
233.5,29473,942.997,-301.992,-0.008,5.345,30.0,1251,-1,108.53,False,-1,True,True,0.75,0.0,0.003,False,False,0.061,-0.002,37.058,1251,115.77,,,,,0,False,False,0.0,False,7.24,5.63,20.0,
233.55,29474,943.209,-301.832,-0.008,5.272,30.0,1251,-1,108.79,False,-1,True,True,0.75,0.0,-0.002,False,False,0.061,0.002,37.033,1251,115.77,,,,,0,False,False,0.0,False,6.97,5.67,20.0,
233.6,29475,943.421,-301.672,-0.008,5.383,30.0,1251,-1,109.06,False,-1,True,True,0.75,0.0,0.003,False,False,0.07,-0.001,37.059,1251,115.77,,,,,0,False,False,0.0,False,6.71,5.64,20.0,
233.65,29476,943.647,-301.501,-0.009,5.794,30.0,1251,-1,109.34,False,-1,True,True,0.64,0.0,-0.002,False,False,0.193,0.003,37.087,1251,115.77,,,,,0,False,False,0.0,False,6.43,5.69,20.0,
233.7,29477,943.89,-301.318,-0.01,6.207,30.0,1251,-1,109.64,False,-1,True,True,0.0,0.3,-0.002,False,False,0.349,0.007,37.089,1251,115.77,,,,,0,False,False,0.0,False,6.12,5.9,20.0,
233.75,29478,944.141,-301.129,-0.011,6.292,30.0,1251,-1,109.96,False,-1,True,True,0.0,0.3,-0.001,False,False,0.417,0.006,37.085,1251,115.77,,,,,0,False,False,0.0,False,5.81,6.1,20.0,
233.8,29479,944.394,-300.937,-0.011,6.373,30.0,1251,-1,110.28,False,-1,True,True,0.0,0.3,0.001,False,False,0.401,0.0,37.086,1251,119.69,,,,,0,False,False,0.0,False,9.41,6.15,20.0,
233.85,29480,944.644,-300.748,-0.01,6.225,30.0,1251,-1,110.59,False,-1,True,True,0.0,0.3,-0.0,False,False,0.311,-0.002,37.091,1251,119.69,,,,,0,False,False,0.0,False,9.1,6.19,20.0,
233.9,29481,944.89,-300.562,-0.009,6.143,30.0,1251,-1,110.9,False,-1,True,True,0.0,0.3,-0.001,False,False,0.198,-0.001,37.074,1251,119.69,,,,,0,False,False,0.0,False,8.79,6.11,20.0,
233.95,29482,945.129,-300.382,-0.008,5.908,30.0,1251,-1,111.2,False,-1,True,True,0.0,0.3,0.001,False,False,0.074,-0.004,37.099,1251,119.69,,,,,0,False,False,0.0,False,8.49,6.07,20.0,
234.0,29483,945.361,-300.207,-0.007,5.777,30.0,1251,-1,111.49,False,-1,True,True,0.0,0.3,-0.002,False,False,-0.03,-0.001,37.071,1251,119.69,,,,,0,False,False,0.0,False,8.2,5.95,20.0,
234.05,29484,945.584,-300.038,-0.006,5.513,30.0,1251,-1,111.77,False,-1,True,True,0.0,0.3,0.002,False,False,-0.121,-0.004,37.098,1251,119.69,,,,,0,False,False,0.0,False,7.92,5.89,20.0,
234.1,29485,945.801,-299.874,-0.005,5.402,30.0,1251,-1,112.04,False,-1,True,True,0.118,0.0,-0.002,False,False,-0.18,-0.0,37.071,1251,119.69,,,,,0,False,False,0.0,False,7.65,5.76,20.0,
234.15,29486,946.011,-299.716,-0.005,5.192,30.0,1251,-1,112.3,False,-1,True,True,0.516,0.0,0.002,False,False,-0.214,-0.002,37.104,1251,119.69,,,,,0,False,False,0.0,False,7.39,5.7,20.0,
234.2,29487,946.217,-299.56,-0.005,5.137,30.0,1251,-1,112.56,False,-1,True,True,0.75,0.0,-0.003,False,False,-0.217,0.003,37.081,1251,119.69,,,,,0,False,False,0.0,False,7.13,5.6,20.0,
234.25,29488,946.42,-299.407,-0.005,5.064,30.0,1251,-1,112.82,False,-1,True,True,0.75,0.0,0.002,False,False,-0.186,0.0,37.125,1251,119.69,,,,,0,False,False,0.0,False,6.87,5.57,20.0,
234.3,29489,946.624,-299.252,-0.006,5.133,30.0,1251,-1,113.07,False,-1,True,True,0.75,0.0,-0.004,False,False,-0.127,0.005,37.096,1251,119.69,,,,,0,False,False,0.0,False,6.62,5.53,20.0,
234.35,29490,946.82,-299.105,-0.006,4.738,30.0,1251,-1,113.32,False,-1,True,True,0.75,0.0,0.002,False,False,-0.152,0.001,37.089,1251,119.69,,,,,0,False,False,0.0,False,6.37,5.57,20.0,
234.4,29491,947.0,-298.968,-0.005,4.415,30.0,1251,-1,113.54,False,-1,True,True,0.75,0.0,0.0,False,False,-0.242,-0.001,37.073,1251,119.69,,,,,0,False,False,0.0,False,6.15,5.37,20.0,
234.45,29492,947.17,-298.839,-0.005,4.225,30.0,1251,-1,113.76,False,-1,True,True,0.75,0.0,0.001,False,False,-0.301,-0.003,37.073,1251,119.69,,,,,0,False,False,0.0,False,5.93,5.21,20.0,
234.5,29493,947.337,-298.714,-0.005,4.14,30.0,1251,-1,113.96,False,-1,True,True,0.75,0.0,0.0,False,False,-0.302,-0.003,37.075,1251,119.69,,,,,0,False,False,0.0,False,5.72,5.11,20.0,
234.55,29494,947.502,-298.589,-0.005,4.127,30.0,1251,-1,114.17,False,-1,True,True,0.75,0.0,0.0,False,False,-0.254,-0.001,37.076,1251,119.69,,,,,0,False,False,0.0,False,5.52,5.07,20.0,
234.6,29495,947.667,-298.463,-0.006,4.16,30.0,1251,-1,114.38,False,-1,True,True,0.75,0.0,0.0,False,False,-0.177,-0.0,37.077,1251,119.69,,,,,0,False,False,0.0,False,5.31,5.06,20.0,
234.65,29496,947.835,-298.337,-0.007,4.222,30.0,1251,-1,114.59,False,-1,True,True,0.75,0.0,0.0,False,False,-0.091,0.0,37.078,1251,119.69,,,,,0,False,False,0.0,False,5.1,5.08,20.0,
234.7,29497,948.006,-298.207,-0.007,4.3,30.0,1251,-1,114.8,False,-1,True,True,0.75,0.0,0.001,False,False,-0.009,-0.001,37.081,1251,123.61,,,,,0,False,False,0.0,False,8.81,5.11,20.0,
234.75,29498,948.18,-298.076,-0.008,4.39,30.0,1251,-1,115.02,False,-1,True,True,0.75,0.0,0.0,False,False,0.063,-0.001,37.084,1251,123.61,,,,,0,False,False,0.0,False,8.59,5.15,20.0,
234.8,29499,948.358,-297.941,-0.008,4.486,30.0,1251,-1,115.24,False,-1,True,True,0.75,0.0,0.0,False,False,0.12,-0.0,37.085,1251,123.61,,,,,0,False,False,0.0,False,8.37,5.2,20.0,
234.85,29500,948.54,-297.804,-0.009,4.587,30.0,1251,-1,115.47,False,-1,True,True,0.75,0.0,0.0,False,False,0.164,-0.0,37.086,1251,123.61,,,,,0,False,False,0.0,False,8.14,5.24,20.0,
234.9,29501,948.725,-297.664,-0.009,4.689,30.0,1251,-1,115.71,False,-1,True,True,0.75,0.0,0.0,False,False,0.197,0.0,37.087,1251,123.61,,,,,0,False,False,0.0,False,7.91,5.29,20.0,
234.95,29502,948.915,-297.52,-0.009,4.793,30.0,1251,-1,115.94,False,-1,True,True,0.75,0.0,0.0,False,False,0.22,0.0,37.088,1251,123.61,,,,,0,False,False,0.0,False,7.67,5.34,20.0,
235.0,29503,949.109,-297.374,-0.009,4.897,30.0,1251,-1,116.19,False,-1,True,True,0.75,0.0,0.0,False,False,0.236,0.0,37.089,1251,123.61,,,,,0,False,False,0.0,False,7.43,5.4,20.0,
235.05,29504,949.307,-297.224,-0.009,5.0,30.0,1251,-1,116.43,False,-1,True,True,0.75,0.0,0.0,False,False,0.247,0.0,37.089,1251,123.61,,,,,0,False,False,0.0,False,7.18,5.45,20.0,
235.1,29505,949.509,-297.071,-0.009,5.105,30.0,1251,-1,116.69,False,-1,True,True,0.75,0.0,0.0,False,False,0.254,0.0,37.089,1251,123.61,,,,,0,False,False,0.0,False,6.93,5.5,20.0,
235.15,29506,949.714,-296.916,-0.009,5.164,30.0,1251,-1,116.95,False,-1,True,True,0.75,0.0,0.0,False,False,0.255,0.0,37.09,1251,123.61,,,,,0,False,False,0.0,False,6.67,5.55,20.0,
235.2,29507,949.925,-296.757,-0.009,5.342,30.0,1251,-1,117.21,False,-1,True,True,0.75,0.0,0.0,False,False,0.26,0.0,37.088,1251,123.61,,,,,0,False,False,0.0,False,6.4,5.58,20.0,
235.25,29508,950.137,-296.596,-0.009,5.296,30.0,1251,-1,117.47,False,-1,True,True,0.75,0.0,0.0,False,False,0.242,-0.0,37.104,1251,123.61,,,,,0,False,False,0.0,False,6.14,5.67,20.0,
235.3,29509,950.349,-296.436,-0.009,5.349,30.0,1251,-1,117.74,False,-1,True,True,0.75,0.0,-0.001,False,False,0.205,0.002,37.079,1251,123.61,,,,,0,False,False,0.0,False,5.87,5.65,20.0,
235.35,29510,950.561,-296.276,-0.008,5.279,30.0,1251,-1,118.01,False,-1,True,True,0.75,0.0,0.002,False,False,0.16,-0.002,37.115,1251,123.61,,,,,0,False,False,0.0,False,5.61,5.67,20.0,
235.4,29511,950.773,-296.116,-0.008,5.364,30.0,1251,-1,118.27,False,-1,True,True,0.75,0.0,-0.002,False,False,0.136,0.001,37.096,1251,127.54,,,,,0,False,False,0.0,False,9.27,5.64,20.0,
235.45,29512,950.986,-295.955,-0.008,5.307,30.0,1251,-1,118.54,False,-1,True,True,0.725,0.0,0.002,False,False,0.117,-0.002,37.133,1251,127.54,,,,,0,False,False,0.0,False,9.0,5.68,20.0,
235.5,29513,951.199,-295.794,-0.008,5.374,30.0,1251,-1,118.81,False,-1,True,True,0.75,0.0,-0.003,False,False,0.105,0.002,37.106,1251,127.54,,,,,0,False,False,0.0,False,8.73,5.65,20.0,
235.55,29514,951.412,-295.633,-0.008,5.345,30.0,1251,-1,119.07,False,-1,True,True,0.68,0.0,0.002,False,False,0.093,-0.001,37.129,1251,127.54,,,,,0,False,False,0.0,False,8.46,5.69,20.0,
235.6,29515,951.64,-295.461,-0.009,5.901,30.0,1251,-1,119.36,False,-1,True,True,0.75,0.0,-0.002,False,False,0.214,0.001,37.153,1251,127.54,,,,,0,False,False,0.0,False,8.18,5.67,20.0,
235.65,29516,951.884,-295.277,-0.01,6.184,30.0,1251,-1,119.66,False,-1,True,True,0.0,0.3,-0.003,False,False,0.359,0.005,37.151,1251,127.54,,,,,0,False,False,0.0,False,7.87,5.95,20.0,
235.7,29517,952.137,-295.085,-0.011,6.435,30.0,1251,-1,119.98,False,-1,True,True,0.0,0.3,-0.001,False,False,0.44,0.003,37.143,1251,127.54,,,,,0,False,False,0.0,False,7.56,6.09,20.0,
235.75,29518,952.394,-294.891,-0.011,6.403,30.0,1251,-1,120.3,False,-1,True,True,0.0,0.3,-0.0,False,False,0.421,-0.001,37.137,1251,127.54,,,,,0,False,False,0.0,False,7.23,6.22,20.0,
235.8,29519,952.648,-294.699,-0.01,6.396,30.0,1251,-1,120.62,False,-1,True,True,0.0,0.3,-0.0,False,False,0.342,-0.003,37.134,1251,127.54,,,,,0,False,False,0.0,False,6.91,6.2,20.0,
235.85,29520,952.898,-294.51,-0.009,6.2,30.0,1251,-1,120.94,False,-1,True,True,0.0,0.3,-0.0,False,False,0.22,-0.003,37.123,1251,127.54,,,,,0,False,False,0.0,False,6.6,6.2,20.0,
235.9,29521,953.142,-294.325,-0.008,6.088,30.0,1251,-1,121.24,False,-1,True,True,0.0,0.3,0.0,False,False,0.101,-0.004,37.144,1251,127.54,,,,,0,False,False,0.0,False,6.3,6.1,20.0,
235.95,29522,953.378,-294.147,-0.007,5.838,30.0,1251,-1,121.54,False,-1,True,True,0.0,0.3,-0.002,False,False,-0.014,0.0,37.115,1251,127.54,,,,,0,False,False,0.0,False,6.0,6.04,20.0,
236.0,29523,953.607,-293.974,-0.006,5.696,30.0,1251,-1,121.82,False,-1,True,True,0.0,0.3,0.002,False,False,-0.104,-0.002,37.139,1251,127.54,,,,,0,False,False,0.0,False,5.71,5.92,20.0,
236.05,29524,953.827,-293.807,-0.005,5.424,30.0,1251,-1,122.1,False,-1,True,True,0.0,0.3,-0.002,False,False,-0.18,-0.0,37.112,1251,131.46,,,,,0,False,False,0.0,False,9.36,5.85,20.0,
236.1,29525,954.04,-293.646,-0.005,5.31,30.0,1251,-1,122.37,False,-1,True,True,0.428,0.0,0.002,False,False,-0.226,-0.003,37.139,1251,131.46,,,,,0,False,False,0.0,False,9.09,5.71,20.0,
236.15,29526,954.246,-293.489,-0.005,5.106,30.0,1251,-1,122.63,False,-1,True,True,0.75,0.0,-0.002,False,False,-0.246,-0.001,37.104,1251,131.46,,,,,0,False,False,0.0,False,8.83,5.66,20.0,
236.2,29527,954.452,-293.334,-0.005,5.173,30.0,1251,-1,122.88,False,-1,True,True,0.75,0.0,0.003,False,False,-0.208,-0.004,37.141,1251,131.46,,,,,0,False,False,0.0,False,8.58,5.55,20.0,
236.25,29528,954.657,-293.179,-0.006,5.099,30.0,1251,-1,123.14,False,-1,True,True,0.75,0.0,-0.003,False,False,-0.152,0.0,37.113,1251,131.46,,,,,0,False,False,0.0,False,8.32,5.59,20.0,
236.3,29529,954.854,-293.03,-0.006,4.759,30.0,1251,-1,123.39,False,-1,True,True,0.75,0.0,0.002,False,False,-0.171,-0.001,37.106,1251,131.46,,,,,0,False,False,0.0,False,8.07,5.55,20.0,
236.35,29530,955.034,-292.893,-0.005,4.41,30.0,1251,-1,123.61,False,-1,True,True,0.75,0.0,0.001,False,False,-0.266,-0.002,37.086,1251,131.46,,,,,0,False,False,0.0,False,7.85,5.38,20.0,
236.4,29531,955.204,-292.764,-0.004,4.201,30.0,1251,-1,123.83,False,-1,True,True,0.75,0.0,0.002,False,False,-0.33,-0.003,37.088,1251,131.46,,,,,0,False,False,0.0,False,7.63,5.21,20.0,
236.45,29532,955.368,-292.64,-0.004,4.101,30.0,1251,-1,124.03,False,-1,True,True,0.75,0.0,0.001,False,False,-0.333,-0.002,37.094,1251,131.46,,,,,0,False,False,0.0,False,7.43,5.1,20.0,
236.5,29533,955.531,-292.516,-0.005,4.079,30.0,1251,-1,124.24,False,-1,True,True,0.75,0.0,0.0,False,False,-0.284,-0.0,37.097,1251,131.46,,,,,0,False,False,0.0,False,7.22,5.05,20.0,
236.55,29534,955.695,-292.392,-0.006,4.107,30.0,1251,-1,124.44,False,-1,True,True,0.75,0.0,0.0,False,False,-0.204,0.001,37.1,1251,131.46,,,,,0,False,False,0.0,False,7.02,5.04,20.0,
236.6,29535,955.861,-292.267,-0.006,4.165,30.0,1251,-1,124.65,False,-1,True,True,0.75,0.0,0.0,False,False,-0.114,0.001,37.103,1251,131.46,,,,,0,False,False,0.0,False,6.81,5.05,20.0,
236.65,29536,956.029,-292.139,-0.007,4.243,30.0,1251,-1,124.86,False,-1,True,True,0.75,0.0,0.0,False,False,-0.027,0.001,37.105,1251,131.46,,,,,0,False,False,0.0,False,6.6,5.08,20.0,
236.7,29537,956.201,-292.009,-0.008,4.332,30.0,1251,-1,125.08,False,-1,True,True,0.75,0.0,0.0,False,False,0.049,0.001,37.107,1251,131.46,,,,,0,False,False,0.0,False,6.38,5.12,20.0,
236.75,29538,956.376,-291.877,-0.008,4.428,30.0,1251,-1,125.3,False,-1,True,True,0.75,0.0,0.0,False,False,0.111,0.001,37.109,1251,131.46,,,,,0,False,False,0.0,False,6.16,5.17,20.0,
236.8,29539,956.556,-291.741,-0.009,4.528,30.0,1251,-1,125.52,False,-1,True,True,0.75,0.0,0.0,False,False,0.158,0.0,37.11,1251,131.46,,,,,0,False,False,0.0,False,5.94,5.21,20.0,
236.85,29540,956.739,-291.602,-0.009,4.63,30.0,1251,-1,125.75,False,-1,True,True,0.75,0.0,0.0,False,False,0.193,0.0,37.112,1251,131.46,,,,,0,False,False,0.0,False,5.71,5.26,20.0,
236.9,29541,956.926,-291.461,-0.009,4.734,30.0,1251,-1,125.99,False,-1,True,True,0.75,0.0,0.0,False,False,0.218,0.0,37.113,1251,131.46,,,,,0,False,False,0.0,False,5.47,5.32,20.0,
236.95,29542,957.118,-291.316,-0.009,4.839,30.0,1251,-1,126.23,False,-1,True,True,0.75,0.0,0.0,False,False,0.235,0.0,37.114,1251,131.46,,,,,0,False,False,0.0,False,5.23,5.37,20.0,
237.0,29543,957.313,-291.168,-0.009,4.943,30.0,1251,-1,126.47,False,-1,True,True,0.75,0.0,0.001,False,False,0.246,-0.001,37.116,1251,135.39,,,,,0,False,False,0.0,False,8.91,5.42,20.0,
237.05,29544,957.513,-291.017,-0.009,5.047,30.0,1251,-1,126.72,False,-1,True,True,0.75,0.0,0.0,False,False,0.254,-0.001,37.118,1251,135.39,,,,,0,False,False,0.0,False,8.66,5.47,20.0,
237.1,29545,957.716,-290.863,-0.009,5.157,30.0,1251,-1,126.98,False,-1,True,True,0.75,0.0,0.0,False,False,0.259,-0.0,37.119,1251,135.39,,,,,0,False,False,0.0,False,8.41,5.52,20.0,
237.15,29546,957.924,-290.706,-0.009,5.21,30.0,1251,-1,127.24,False,-1,True,True,0.75,0.0,0.0,False,False,0.256,-0.0,37.12,1251,135.39,,,,,0,False,False,0.0,False,8.15,5.58,20.0,
237.2,29547,958.136,-290.545,-0.009,5.387,30.0,1251,-1,127.5,False,-1,True,True,0.75,0.0,0.0,False,False,0.261,-0.0,37.118,1251,135.39,,,,,0,False,False,0.0,False,7.88,5.61,20.0,
237.25,29548,958.35,-290.383,-0.009,5.33,30.0,1251,-1,127.77,False,-1,True,True,0.666,0.0,0.0,False,False,0.24,-0.001,37.136,1251,135.39,,,,,0,False,False,0.0,False,7.61,5.69,20.0,
237.3,29549,958.563,-290.222,-0.009,5.378,30.0,1251,-1,128.04,False,-1,True,True,0.75,0.0,-0.002,False,False,0.199,0.003,37.111,1251,135.39,,,,,0,False,False,0.0,False,7.34,5.67,20.0,
237.35,29550,958.775,-290.061,-0.008,5.301,30.0,1251,-1,128.31,False,-1,True,True,0.683,0.0,0.002,False,False,0.153,-0.001,37.147,1251,135.39,,,,,0,False,False,0.0,False,7.08,5.69,20.0,
237.4,29551,958.988,-289.9,-0.008,5.375,30.0,1251,-1,128.57,False,-1,True,True,0.75,0.0,-0.003,False,False,0.126,0.003,37.125,1251,135.39,,,,,0,False,False,0.0,False,6.81,5.65,20.0,
237.45,29552,959.201,-289.739,-0.008,5.322,30.0,1251,-1,128.84,False,-1,True,True,0.683,0.0,0.002,False,False,0.106,-0.0,37.157,1251,135.39,,,,,0,False,False,0.0,False,6.54,5.69,20.0,
237.5,29553,959.415,-289.577,-0.008,5.403,30.0,1251,-1,129.11,False,-1,True,True,0.75,0.0,-0.003,False,False,0.102,0.003,37.131,1251,135.39,,,,,0,False,False,0.0,False,6.28,5.66,20.0,
237.55,29554,959.629,-289.416,-0.008,5.33,30.0,1251,-1,129.38,False,-1,True,True,0.574,0.0,0.002,False,False,0.089,-0.001,37.157,1251,135.39,,,,,0,False,False,0.0,False,6.01,5.7,20.0,
237.6,29555,959.843,-289.253,-0.008,5.441,30.0,1251,-1,129.65,False,-1,True,True,0.75,0.0,-0.003,False,False,0.088,0.002,37.132,1251,135.39,,,,,0,False,False,0.0,False,5.74,5.66,20.0,
237.65,29556,960.071,-289.081,-0.009,5.843,30.0,1251,-1,129.93,False,-1,True,True,0.431,0.0,0.002,False,False,0.203,-0.002,37.107,1251,135.39,,,,,0,False,False,0.0,False,5.45,5.72,20.0,
237.7,29557,960.314,-288.895,-0.01,6.219,30.0,1251,-1,130.24,False,-1,True,True,0.0,0.3,0.021,False,False,0.345,-0.043,37.167,1948,1.71,,,,,0,False,False,0.0,False,8.73,5.92,20.0,
237.75,29558,960.563,-288.705,-0.011,6.26,30.0,1251,-1,130.55,False,-1,True,True,0.0,0.3,0.0,False,False,0.394,-0.036,37.223,1948,1.71,,,,,0,False,False,0.0,False,8.42,6.11,20.0,
237.8,29559,960.813,-288.515,-0.01,6.308,30.0,1251,-1,130.86,False,-1,True,True,0.0,0.3,-0.002,False,False,0.363,-0.013,37.243,1948,1.71,,,,,0,False,False,0.0,False,8.11,6.13,20.0,
237.85,29560,961.059,-288.327,-0.009,6.134,30.0,1251,-1,131.17,False,-1,True,True,0.0,0.3,0.001,False,False,0.266,-0.003,37.235,1948,1.71,,,,,0,False,False,0.0,False,7.8,6.15,20.0,
237.9,29561,961.3,-288.144,-0.008,6.037,30.0,1251,-1,131.48,False,-1,True,True,0.0,0.3,0.003,False,False,0.152,-0.003,37.272,1948,1.71,,,,,0,False,False,0.0,False,7.49,6.07,20.0,
237.95,29562,961.534,-287.966,-0.007,5.798,30.0,1251,-1,131.77,False,-1,True,True,0.0,0.3,-0.001,False,False,0.034,0.001,37.254,1948,1.71,,,,,0,False,False,0.0,False,7.2,6.02,20.0,
238.0,29563,961.761,-287.793,-0.007,5.666,30.0,1251,-1,132.06,False,-1,True,True,0.0,0.3,0.003,False,False,-0.062,-0.001,37.288,1948,1.71,,,,,0,False,False,0.0,False,6.92,5.9,20.0,
238.05,29564,961.98,-287.627,-0.006,5.401,30.0,1251,-1,132.33,False,-1,True,True,0.0,0.3,-0.002,False,False,-0.145,0.002,37.267,1948,1.71,,,,,0,False,False,0.0,False,6.64,5.83,20.0,
238.1,29565,962.191,-287.466,-0.005,5.292,30.0,1251,-1,132.6,False,-1,True,True,0.524,0.0,0.003,False,False,-0.197,-0.001,37.3,1948,1.71,,,,,0,False,False,0.0,False,6.37,5.7,20.0,
238.15,29566,962.397,-287.309,-0.005,5.092,30.0,1251,-1,132.86,False,-1,True,True,0.75,0.0,-0.002,False,False,-0.223,0.0,37.269,1948,1.71,,,,,0,False,False,0.0,False,6.12,5.65,20.0,
238.2,29567,962.598,-287.155,-0.005,5.057,30.0,1251,-1,133.11,False,-1,True,True,0.75,0.0,0.003,False,False,-0.215,-0.004,37.296,1948,1.71,,,,,0,False,False,0.0,False,5.86,5.55,20.0,
238.25,29568,962.799,-287.003,-0.006,5.018,30.0,1251,-1,133.36,False,-1,True,True,0.75,0.0,-0.001,False,False,-0.173,0.0,37.253,1948,1.71,,,,,0,False,False,0.0,False,5.61,5.53,20.0,
238.3,29569,962.999,-286.85,-0.006,5.051,30.0,1251,-1,133.61,False,-1,True,True,0.75,0.0,0.005,False,False,-0.116,-0.005,37.262,1948,1.71,,,,,0,False,False,0.0,False,5.36,5.51,20.0,
238.35,29570,963.19,-286.7,-0.006,4.676,30.0,1251,-1,133.85,False,-1,True,True,0.75,0.0,0.105,False,False,-0.139,-0.097,37.45,1948,5.13,,,,,0,False,False,0.0,False,7.54,5.53,20.0,
238.4,29571,963.36,-286.556,-0.005,4.364,30.0,1251,-1,134.08,False,-1,True,True,0.75,0.0,0.19,False,False,-0.231,-0.306,37.999,1948,5.13,,,,,0,False,False,0.0,False,7.31,5.34,20.0,
238.45,29572,963.518,-286.415,-0.005,4.198,30.0,1251,-1,134.29,False,-1,True,True,0.75,0.0,0.145,False,False,-0.288,-0.427,38.71,1948,5.13,,,,,0,False,False,0.0,False,7.1,5.18,20.0,
238.5,29573,963.672,-286.277,-0.005,4.134,30.0,1251,-1,134.49,False,-1,True,True,0.75,0.0,0.108,False,False,-0.284,-0.406,39.337,1948,5.13,,,,,0,False,False,0.0,False,6.89,5.1,20.0,
238.55,29574,963.825,-286.138,-0.005,4.135,30.0,1251,-1,134.7,False,-1,True,True,0.75,0.0,0.093,False,False,-0.231,-0.336,39.868,1948,5.13,,,,,0,False,False,0.0,False,6.69,5.07,20.0,
238.6,29575,963.978,-285.997,-0.006,4.177,30.0,1251,-1,134.91,False,-1,True,True,0.75,0.0,0.082,False,False,-0.154,-0.262,40.337,1948,5.13,,,,,0,False,False,0.0,False,6.48,5.07,20.0,
238.65,29576,964.133,-285.853,-0.007,4.245,30.0,1251,-1,135.12,False,-1,True,True,0.75,0.0,0.071,False,False,-0.069,-0.197,40.753,1948,5.13,,,,,0,False,False,0.0,False,6.27,5.09,20.0,
238.7,29577,964.291,-285.707,-0.007,4.327,30.0,1251,-1,135.33,False,-1,True,True,0.75,0.0,0.061,False,False,0.01,-0.142,41.122,1948,5.13,,,,,0,False,False,0.0,False,6.05,5.12,20.0,
238.75,29578,964.452,-285.557,-0.008,4.42,30.0,1251,-1,135.55,False,-1,True,True,0.75,0.0,0.052,False,False,0.077,-0.099,41.447,1948,5.13,,,,,0,False,False,0.0,False,5.83,5.16,20.0,
238.8,29579,964.616,-285.404,-0.008,4.517,30.0,1251,-1,135.77,False,-1,True,True,0.75,0.0,0.045,False,False,0.132,-0.068,41.733,1948,5.13,,,,,0,False,False,0.0,False,5.61,5.21,20.0,
238.85,29580,964.783,-285.248,-0.009,4.619,30.0,1251,-1,136.0,False,-1,True,True,0.75,0.0,0.038,False,False,0.173,-0.045,41.982,1948,5.13,,,,,0,False,False,0.0,False,5.38,5.26,20.0,
238.9,29581,964.954,-285.088,-0.009,4.722,30.0,1251,-1,136.24,False,-1,True,True,0.75,0.0,0.032,False,False,0.204,-0.029,42.2,1948,5.13,,,,,0,False,False,0.0,False,5.15,5.31,20.0,
238.95,29582,965.126,-284.921,-0.009,4.812,30.0,1949,-1,0.0,True,108,True,False,0.75,0.0,0.132,False,False,0.221,-0.133,42.586,1391,1.79,,,,,0,False,False,0.0,False,8.79,5.36,20.0,
239.0,29583,965.292,-284.745,-0.009,4.883,30.0,1949,-1,0.04,True,108,True,False,0.75,0.0,0.232,False,False,0.222,-0.389,43.414,1391,1.79,,,,,0,False,False,0.0,False,8.55,5.41,20.0,
239.05,29584,965.451,-284.559,-0.009,4.945,30.0,1949,-1,0.22,True,108,True,False,0.75,0.0,0.298,False,False,0.209,-0.699,44.731,1391,1.79,,,,,0,False,False,0.0,False,8.3,5.44,20.0,
239.1,29585,965.607,-284.365,-0.009,5.055,30.0,1251,-1,137.19,False,-1,True,True,0.75,0.0,0.218,False,False,0.206,-0.815,46.16,1391,1.79,,,,,0,False,False,0.0,False,8.06,5.47,20.0,
239.15,29586,965.767,-284.166,-0.009,5.179,30.0,1948,-1,0.1,True,108,True,True,0.75,0.0,0.162,False,False,0.218,-0.714,47.36,1391,1.79,,,,,0,False,False,0.0,False,7.8,5.53,20.0,
239.2,29587,965.928,-283.963,-0.009,5.204,30.0,1948,-1,0.36,True,108,True,True,0.75,0.0,0.139,False,False,0.217,-0.561,48.418,1391,1.79,,,,,1,True,False,0.0,False,7.54,5.59,20.0,
239.25,29588,966.087,-283.759,-0.009,5.194,30.0,1948,-1,0.61,True,108,True,True,0.75,0.0,0.116,False,False,0.184,-0.414,49.275,1391,1.79,,,,,1,True,False,0.0,False,7.28,5.6,20.0,
239.3,29589,966.245,-283.554,-0.008,5.187,30.0,1948,-1,0.86,True,108,True,True,0.75,0.0,0.102,False,False,0.148,-0.306,50.102,1391,1.79,,,,,1,True,False,0.0,False,7.02,5.6,20.0,
239.35,29590,966.386,-283.323,0.009,5.172,30.0,1948,-1,1.11,True,108,True,True,0.75,0.0,0.078,False,False,1.187,-3.536,50.69,1391,1.79,,,,,1,True,False,0.0,False,6.75,5.59,20.0,
239.4,29591,966.547,-283.107,0.023,5.385,30.0,1948,-1,1.37,True,108,True,True,0.75,0.0,0.05,False,False,1.778,-4.364,51.196,1391,1.79,,,,,1,True,False,0.0,False,6.49,5.59,20.0,
239.45,29592,966.714,-282.89,0.03,5.46,30.0,1948,-1,1.64,True,108,True,True,0.653,0.0,0.054,False,False,2.035,-4.585,51.617,1391,1.79,,,,,0,False,False,0.0,False,6.21,5.69,20.0,
239.5,29593,966.881,-282.67,0.033,5.602,30.0,1948,-1,2.14,True,108,True,True,0.377,0.0,0.049,False,False,2.102,-4.607,52.018,1391,1.79,,,,,0,False,False,0.0,False,5.94,5.73,20.0,
239.55,29594,967.051,-282.455,0.03,5.503,30.0,1948,-1,2.41,True,108,True,True,0.0,0.139,0.039,False,False,1.79,-3.787,52.329,1391,1.79,,,,,0,False,False,0.0,False,5.66,5.8,20.0,
239.6,29595,967.223,-282.246,0.018,5.581,30.0,1948,-1,3.12,True,108,True,True,0.213,0.0,-0.061,False,False,1.113,-2.057,52.437,1391,5.36,,,,,0,False,False,0.0,False,9.26,5.75,20.0,
239.65,29596,967.392,-282.039,0.006,5.377,30.0,1948,-1,3.39,True,108,True,True,0.0,0.071,-0.122,False,False,0.496,-0.647,52.104,1391,5.36,,,,,0,False,False,0.0,False,9.0,5.79,20.0,
239.7,29597,967.557,-281.835,-0.001,5.27,30.0,1948,-1,4.18,True,108,True,True,0.66,0.0,-0.082,False,False,0.162,-0.068,51.628,1391,5.36,,,,,0,False,False,0.0,False,8.73,5.69,20.0,
239.75,29598,967.697,-281.638,0.024,5.074,30.0,1948,-1,4.42,True,108,True,True,0.75,0.0,-0.059,False,False,-1.539,-1.634,51.121,1391,5.36,,,,,1,True,False,0.0,False,8.49,5.64,20.0,
239.8,29599,967.855,-281.447,0.03,4.976,30.0,1948,-1,4.66,True,108,True,True,0.75,0.0,-0.052,False,False,-1.891,-1.643,50.623,1391,5.36,,,,,1,True,False,0.0,False,8.25,5.54,20.0,
239.85,29600,968.014,-281.257,0.031,4.98,30.0,1948,-1,5.18,True,108,True,True,0.75,0.0,-0.03,False,False,-1.987,-1.676,50.27,1391,5.36,,,,,1,True,False,0.0,False,8.0,5.49,20.0,
239.9,29601,968.177,-281.067,0.032,5.014,30.0,1948,-1,5.41,True,108,True,True,0.75,0.0,-0.029,False,False,-1.968,-1.711,50.031,1391,5.36,,,,,1,True,False,0.0,False,7.75,5.49,20.0,
239.95,29602,968.342,-280.875,0.032,5.066,30.0,1948,-1,5.64,True,108,True,True,0.75,0.0,-0.029,False,False,-1.896,-1.738,49.83,1391,5.36,,,,,1,True,False,0.0,False,7.5,5.51,20.0,
240.0,29603,968.511,-280.682,0.029,5.142,30.0,1948,-1,5.88,True,108,True,True,0.75,0.0,-0.025,False,False,-1.687,-1.602,49.656,1391,5.36,,,,,1,True,False,0.0,False,7.24,5.53,20.0,
240.05,29604,968.685,-280.487,0.019,5.076,30.0,1948,-1,6.21,True,108,True,True,0.75,0.0,-0.019,False,False,-1.134,-1.077,49.525,1391,5.36,,,,,1,True,False,0.0,False,6.98,5.57,20.0,
240.1,29605,968.855,-280.292,0.01,5.125,30.0,1948,-1,6.44,True,108,True,True,0.75,0.0,-0.016,False,False,-0.7,-0.727,49.382,1391,5.36,,,,,1,True,False,0.0,False,6.72,5.54,20.0,
240.15,29606,969.023,-280.099,0.003,5.033,30.0,1948,-1,6.68,True,108,True,True,0.75,0.0,-0.012,False,False,-0.425,-0.5,49.32,1391,5.36,,,,,1,True,False,0.0,False,6.46,5.56,20.0,
240.2,29607,969.191,-279.906,-0.001,5.116,30.0,1391,-1,0.09,False,-1,True,True,0.75,0.0,-0.016,False,False,-0.239,-0.332,49.206,1391,5.36,,,,,0,False,False,0.0,False,6.21,5.52,20.0,
240.25,29608,969.358,-279.714,-0.004,5.061,30.0,1391,-1,0.33,False,-1,True,True,0.75,0.0,-0.009,False,False,-0.12,-0.219,49.161,1391,5.36,,,,,0,False,False,0.0,False,5.95,5.56,20.0,
240.3,29609,969.527,-279.52,-0.006,5.172,30.0,1391,-1,0.58,False,-1,True,True,0.75,0.0,-0.012,False,False,-0.03,-0.137,49.066,1391,5.36,,,,,0,False,False,0.0,False,5.69,5.53,20.0,
240.35,29610,969.696,-279.326,-0.007,5.092,30.0,1391,-1,0.82,False,-1,True,True,0.75,0.0,-0.006,False,False,0.015,-0.087,49.032,1391,5.36,,,,,0,False,False,0.0,False,5.44,5.59,20.0,
240.4,29611,969.867,-279.135,-0.008,5.153,30.0,1391,-1,1.0,False,-1,True,True,0.75,0.0,-0.106,False,False,0.042,0.049,48.797,1391,8.93,,,,,0,False,False,0.0,False,8.58,5.55,20.0,
240.45,29612,970.049,-278.945,-0.008,5.421,30.0,1391,-1,1.0,False,-1,True,True,0.75,0.0,-0.137,False,False,0.112,0.296,48.196,1391,8.93,,,,,0,False,False,0.0,False,8.32,5.58,20.0,
240.5,29613,970.25,-278.738,-0.01,5.931,30.0,1391,-1,1.25,False,-1,True,True,0.521,0.0,-0.089,False,False,0.289,0.404,47.447,1391,8.93,,,,,0,False,False,0.0,False,8.03,5.71,20.0,
240.55,29614,970.463,-278.52,-0.011,6.15,30.0,1391,-1,1.55,False,-1,True,True,0.0,0.3,-0.054,False,False,0.419,0.361,46.821,1391,8.93,,,,,0,False,False,0.0,False,7.73,5.97,20.0,
240.6,29615,970.683,-278.297,-0.011,6.324,30.0,1391,-1,1.87,False,-1,True,True,0.0,0.3,-0.043,False,False,0.459,0.281,46.338,1391,8.93,,,,,0,False,False,0.0,False,7.41,6.07,20.0,
240.65,29616,970.904,-278.074,-0.011,6.23,30.0,1391,-1,2.0,False,-1,True,True,0.0,0.3,-0.038,False,False,0.4,0.215,45.938,1391,8.93,,,,,0,False,False,0.0,False,7.1,6.16,20.0,
240.7,29617,971.122,-277.856,-0.01,6.171,30.0,1391,-1,2.27,False,-1,True,True,0.0,0.3,-0.032,False,False,0.291,0.163,45.641,1391,8.93,,,,,0,False,False,0.0,False,6.79,6.12,20.0,
240.75,29618,971.335,-277.643,-0.009,5.955,30.0,1391,-1,2.57,False,-1,True,True,0.0,0.3,-0.029,False,False,0.159,0.127,45.347,1391,8.93,,,,,0,False,False,0.0,False,6.49,6.09,20.0,
240.8,29619,971.544,-277.437,-0.007,5.839,30.0,1391,-1,2.87,False,-1,True,True,0.0,0.3,-0.02,False,False,0.043,0.093,45.154,1391,8.93,,,,,0,False,False,0.0,False,6.2,5.98,20.0,
240.85,29620,971.745,-277.238,-0.007,5.584,30.0,1391,-1,3.04,False,-1,True,True,0.0,0.3,-0.021,False,False,-0.062,0.071,44.947,1391,8.93,,,,,0,False,False,0.0,False,5.91,5.92,20.0,
240.9,29621,971.941,-277.045,-0.006,5.467,30.0,1391,-1,3.31,False,-1,True,True,0.0,0.132,-0.014,False,False,-0.135,0.05,44.826,1391,8.93,,,,,0,False,False,0.0,False,5.64,5.79,20.0,
240.95,29622,972.133,-276.861,-0.005,5.236,30.0,1391,-1,3.58,False,-1,True,True,0.286,0.0,-0.114,False,False,-0.189,0.139,44.52,1391,12.51,,,,,0,False,False,0.0,False,9.12,5.73,20.0,
241.0,29623,972.325,-276.687,-0.005,5.156,30.0,1391,-1,3.84,False,-1,True,True,0.75,0.0,-0.13,False,False,-0.213,0.3,43.976,1391,12.51,,,,,0,False,False,0.0,False,8.86,5.62,20.0,
241.05,29624,972.514,-276.519,-0.005,5.042,30.0,1391,-1,4.02,False,-1,True,True,0.75,0.0,-0.094,False,False,-0.207,0.346,43.311,1391,12.51,,,,,0,False,False,0.0,False,8.6,5.58,20.0,
241.1,29625,972.704,-276.35,-0.006,5.11,30.0,1391,-1,4.28,False,-1,True,True,0.75,0.0,-0.064,False,False,-0.154,0.301,42.793,1391,12.51,,,,,0,False,False,0.0,False,8.35,5.52,20.0,
241.15,29626,972.893,-276.185,-0.006,4.839,30.0,1391,-1,4.53,False,-1,True,True,0.75,0.0,-0.057,False,False,-0.132,0.237,42.33,1391,12.51,,,,,0,False,False,0.0,False,8.1,5.56,20.0,
241.2,29627,973.067,-276.034,-0.005,4.5,30.0,1391,-1,4.76,False,-1,True,True,0.75,0.0,-0.046,False,False,-0.212,0.172,42.01,1391,12.51,,,,,0,False,False,0.0,False,7.87,5.42,20.0,
241.25,29628,973.231,-275.892,-0.005,4.26,30.0,1391,-1,4.97,False,-1,True,True,0.75,0.0,-0.046,False,False,-0.289,0.126,41.751,1391,12.51,,,,,0,False,False,0.0,False,7.65,5.25,20.0,
241.3,29629,973.39,-275.757,-0.005,4.138,30.0,1391,-1,5.14,False,-1,True,True,0.75,0.0,-0.041,False,False,-0.312,0.094,41.524,1391,12.51,,,,,0,False,False,0.0,False,7.44,5.13,20.0,
241.35,29630,973.547,-275.624,-0.005,4.1,30.0,1391,-1,5.34,False,-1,True,True,0.75,0.0,-0.036,False,False,-0.28,0.068,41.323,1391,12.51,,,,,0,False,False,0.0,False,7.24,5.07,20.0,
241.4,29631,973.704,-275.491,-0.005,4.118,30.0,1391,-1,5.55,False,-1,True,True,0.75,0.0,-0.031,False,False,-0.211,0.048,41.147,1391,12.51,,,,,0,False,False,0.0,False,7.03,5.05,20.0,
241.45,29632,973.863,-275.356,-0.006,4.171,30.0,1391,-1,5.76,False,-1,True,True,0.75,0.0,-0.026,False,False,-0.126,0.032,40.992,1391,12.51,,,,,0,False,False,0.0,False,6.82,5.06,20.0,
241.5,29633,974.025,-275.22,-0.007,4.244,30.0,1391,-1,5.97,False,-1,True,True,0.75,0.0,-0.023,False,False,-0.04,0.021,40.856,1391,12.51,,,,,0,False,False,0.0,False,6.61,5.09,20.0,
241.55,29634,974.189,-275.081,-0.008,4.33,30.0,1391,-1,6.18,False,-1,True,True,0.75,0.0,-0.019,False,False,0.036,0.012,40.737,1391,12.51,,,,,0,False,False,0.0,False,6.4,5.12,20.0,
241.6,29635,974.357,-274.939,-0.008,4.425,30.0,1391,-1,6.4,False,-1,True,True,0.75,0.0,-0.016,False,False,0.099,0.007,40.634,1391,12.51,,,,,0,False,False,0.0,False,6.18,5.17,20.0,
241.65,29636,974.529,-274.794,-0.009,4.524,30.0,1391,-1,6.63,False,-1,True,True,0.75,0.0,-0.014,False,False,0.149,0.003,40.543,1391,12.51,,,,,0,False,False,0.0,False,5.95,5.21,20.0,
241.7,29637,974.705,-274.646,-0.009,4.626,30.0,1391,-1,6.86,False,-1,True,True,0.75,0.0,-0.012,False,False,0.186,0.001,40.464,1391,12.51,,,,,0,False,False,0.0,False,5.72,5.26,20.0,
241.75,29638,974.884,-274.495,-0.009,4.73,30.0,1391,-1,7.09,False,-1,True,True,0.75,0.0,-0.01,False,False,0.213,0.0,40.396,1391,12.51,,,,,0,False,False,0.0,False,5.49,5.31,20.0,
241.8,29639,975.067,-274.341,-0.009,4.834,30.0,1391,-1,7.33,False,-1,True,True,0.75,0.0,-0.008,False,False,0.231,-0.0,40.337,1391,12.51,,,,,0,False,False,0.0,False,5.25,5.36,20.0,
241.85,29640,975.257,-274.187,-0.009,4.926,30.0,1391,-1,7.58,False,-1,True,True,0.75,0.0,-0.108,False,False,0.241,0.112,40.095,1391,16.08,,,,,0,False,False,0.0,False,8.98,5.42,20.0,
241.9,29641,975.455,-274.036,-0.009,5.016,30.0,1391,-1,7.82,False,-1,True,True,0.75,0.0,-0.137,False,False,0.242,0.316,39.489,1391,16.08,,,,,0,False,False,0.0,False,8.73,5.46,20.0,
241.95,29642,975.659,-273.884,-0.009,5.128,30.0,1391,-1,8.08,False,-1,True,True,0.75,0.0,-0.089,False,False,0.245,0.379,38.86,1391,16.08,,,,,0,False,False,0.0,False,8.47,5.51,20.0,
242.0,29643,975.864,-273.73,-0.009,5.144,30.0,1391,-1,8.33,False,-1,True,True,0.75,0.0,-0.067,False,False,0.235,0.321,38.302,1391,16.08,,,,,0,False,False,0.0,False,8.22,5.56,20.0,
242.05,29644,976.07,-273.578,-0.009,5.125,30.0,1391,-1,8.59,False,-1,True,True,0.75,0.0,-0.054,False,False,0.194,0.24,37.9,1391,16.08,,,,,0,False,False,0.0,False,7.96,5.57,20.0,
242.1,29645,976.275,-273.426,-0.008,5.116,30.0,1391,-1,8.85,False,-1,True,True,0.75,0.0,-0.052,False,False,0.153,0.183,37.468,1391,16.08,,,,,0,False,False,0.0,False,7.71,5.56,20.0,
242.15,29646,976.482,-273.275,-0.008,5.129,30.0,1391,-1,9.26,False,-1,True,True,0.75,0.0,-0.036,False,False,0.125,0.129,37.186,1391,16.08,,,,,0,False,False,0.0,False,7.45,5.56,20.0,
242.2,29647,976.689,-273.123,-0.008,5.152,30.0,1391,-1,9.52,False,-1,True,True,0.75,0.0,-0.037,False,False,0.111,0.099,36.864,1391,16.08,,,,,0,False,False,0.0,False,7.19,5.56,20.0,
242.25,29648,976.898,-272.971,-0.008,5.171,30.0,1391,-1,9.77,False,-1,True,True,0.75,0.0,-0.024,False,False,0.107,0.067,36.679,1391,16.08,,,,,0,False,False,0.0,False,6.93,5.58,20.0,
242.3,29649,977.107,-272.82,-0.008,5.167,30.0,1391,-1,10.0,False,-1,True,True,0.75,0.0,-0.027,False,False,0.098,0.053,36.441,1391,16.08,,,,,0,False,False,0.0,False,6.68,5.59,20.0,
242.35,29650,977.317,-272.668,-0.008,5.206,30.0,1391,-1,10.0,False,-1,True,True,0.75,0.0,-0.016,False,False,0.092,0.034,36.321,1391,16.08,,,,,0,False,False,0.0,False,6.42,5.58,20.0,
242.4,29651,977.542,-272.507,-0.009,5.71,30.0,1391,-1,10.24,False,-1,True,True,0.75,0.0,-0.02,False,False,0.215,0.036,36.186,1391,16.08,,,,,0,False,False,0.0,False,6.14,5.6,20.0,
242.45,29652,977.785,-272.333,-0.01,6.082,30.0,1391,-1,10.54,False,-1,True,True,0.0,0.3,-0.015,False,False,0.371,0.035,36.073,1391,16.08,,,,,0,False,False,0.0,False,5.84,5.85,20.0,
242.5,29653,978.04,-272.155,-0.011,6.263,30.0,1391,-1,10.85,False,-1,True,True,0.0,0.3,-0.115,False,False,0.449,0.169,35.726,1952,1.39,,,,,0,False,False,0.0,False,8.99,6.04,20.0,
242.55,29654,978.304,-271.986,-0.011,6.26,30.0,1391,-1,11.27,False,-1,True,True,0.0,0.3,-0.215,False,False,0.422,0.473,34.897,1952,1.39,,,,,0,False,False,0.0,False,8.69,6.13,20.0,
242.6,29655,978.569,-271.831,-0.01,6.124,30.0,1391,-1,11.57,False,-1,True,True,0.0,0.3,-0.315,False,False,0.31,0.812,33.471,1952,1.39,,,,,0,False,False,0.0,False,8.39,6.13,20.0,
242.65,29656,978.833,-271.696,-0.008,5.91,30.0,1391,-1,11.87,False,-1,True,True,0.0,0.3,-0.404,False,False,0.151,1.133,31.587,1952,1.39,,,,,0,False,False,0.0,False,8.09,6.06,20.0,
242.7,29657,979.093,-271.574,-0.007,5.738,30.0,1391,-1,12.15,False,-1,True,True,0.0,0.3,-0.311,False,False,0.01,1.247,29.436,1952,1.39,,,,,0,False,False,0.0,False,7.81,5.95,20.0,
242.75,29658,979.348,-271.462,-0.006,5.573,30.0,1391,-1,12.42,False,-1,True,True,0.0,0.3,-0.222,False,False,-0.093,1.11,27.575,1952,1.39,,,,,0,False,False,0.0,False,7.53,5.87,20.0,
242.8,29659,979.597,-271.355,-0.006,5.407,30.0,1391,-1,12.69,False,-1,True,True,0.0,0.086,-0.183,False,False,-0.162,0.886,25.965,1952,1.39,,,,,1,False,False,0.0,False,7.26,5.79,20.0,
242.85,29660,979.842,-271.255,-0.005,5.277,30.0,1391,-1,12.94,False,-1,True,True,0.509,0.0,-0.15,False,False,-0.199,0.676,24.712,1952,1.39,,,,,1,False,False,0.0,False,7.0,5.7,20.0,
242.9,29661,980.083,-271.161,-0.005,5.145,30.0,1391,-1,13.2,False,-1,True,True,0.75,0.0,-0.135,False,False,-0.213,0.519,23.59,1952,1.39,,,,,1,False,False,0.0,False,6.74,5.64,20.0,
242.95,29662,980.321,-271.071,-0.005,5.058,30.0,1391,-1,13.44,False,-1,True,True,0.75,0.0,-0.108,False,False,-0.207,0.391,22.733,1952,1.39,,,,,1,False,False,0.0,False,6.48,5.57,20.0,
243.0,29663,980.558,-270.984,-0.006,5.049,30.0,1391,-1,13.69,False,-1,True,True,0.75,0.0,-0.098,False,False,-0.168,0.307,21.927,1952,1.39,,,,,1,False,False,0.0,False,6.23,5.53,20.0,
243.05,29664,980.794,-270.898,-0.007,5.033,30.0,1391,-1,13.93,False,-1,True,True,0.75,0.0,-0.075,False,False,-0.211,-0.033,21.3,1952,1.39,,,,,1,False,False,0.0,False,5.98,5.52,20.0,
243.1,29665,981.019,-270.814,-0.014,4.807,30.0,1391,-1,14.16,False,-1,True,True,0.75,0.0,-0.069,False,False,-0.627,-1.198,21.066,1952,1.39,,,,,1,False,False,0.0,False,5.74,5.52,20.0,
243.15,29666,981.237,-270.732,-0.027,4.816,30.0,1391,-1,14.39,False,-1,True,True,0.75,0.0,-0.092,False,False,-1.296,-2.928,20.884,1952,1.39,,,,,1,False,False,0.0,False,5.51,5.4,20.0,
243.2,29667,981.455,-270.653,-0.044,4.831,30.0,1391,-1,14.62,False,-1,True,True,0.75,0.0,-0.093,False,False,-2.13,-5.059,20.612,1952,1.39,,,,,1,False,False,0.0,False,5.28,5.41,20.0,
243.25,29668,981.672,-270.578,-0.062,4.834,30.0,1391,-1,14.84,False,-1,True,True,0.75,0.0,-0.193,False,False,-3.178,-7.567,20.235,1952,4.16,,,,,1,False,False,0.0,False,7.21,5.42,20.0,
243.3,29669,981.87,-270.519,-0.061,3.775,30.0,1391,-1,15.0,False,-1,True,True,0.75,0.0,-0.254,False,False,-4.69,-9.646,19.527,1952,4.16,,,,,1,False,False,0.0,False,7.0,5.42,20.0,
