t,frame,x,y,z,speed_mps,speed_limit_kmh,road_id,lane_id,s,is_junction,junction_id,on_road,in_plan,throttle,brake,steer,hand_brake,reverse,pitch,roll,vehicle_yaw,agent_target_road,agent_target_s,sharp_conn,sharp_s,lat_off_m,body_excess_m,n_corner_offlane,sidewalk,opposite_lane,opposite_depth_m,mesh_out,target_dist_m,min_dist_m,set_speed_kmh,in_plan_lane
0.05,22461,217.846,-1087.414,-0.007,0.001,30.0,1247,-1,0.0,False,-1,True,True,0.0,0.0,0.0,False,False,0.065,-0.002,87.211,1247,0.0,,,,,1,True,False,0.0,False,0.01,,20.0,
0.1,22462,217.846,-1087.414,-0.007,0.003,30.0,1247,-1,0.0,False,-1,True,True,0.0,0.0,0.0,False,False,0.065,-0.001,87.211,1247,5.88,,,,,1,True,False,0.0,False,5.88,3.0,20.0,
0.15,22463,217.846,-1087.414,-0.007,0.004,30.0,1247,-1,0.0,False,-1,True,True,0.75,0.0,0.0,False,False,0.064,-0.001,87.211,1247,5.88,,,,,1,True,False,0.0,False,5.88,3.0,20.0,
0.2,22464,217.846,-1087.414,-0.007,0.004,30.0,1247,-1,0.0,False,-1,True,True,0.75,0.0,0.0,False,False,0.064,-0.0,87.211,1247,5.88,,,,,1,True,False,0.0,False,5.88,3.0,20.0,
0.25,22465,217.846,-1087.414,-0.007,0.0,30.0,1247,-1,0.0,False,-1,True,True,0.75,0.0,0.0,False,False,0.064,-0.0,87.211,1247,5.88,,,,,1,True,False,0.0,False,5.88,3.0,20.0,
0.3,22466,217.846,-1087.414,-0.007,0.001,30.0,1247,-1,0.0,False,-1,True,True,0.75,0.0,0.0,False,False,0.064,-0.0,87.211,1247,5.88,,,,,1,True,False,0.0,False,5.88,3.0,20.0,
0.35,22467,217.846,-1087.414,-0.008,0.002,30.0,1247,-1,0.0,False,-1,True,True,0.75,0.0,0.0,False,False,0.064,-0.0,87.211,1247,5.88,,,,,1,True,False,0.0,False,5.88,3.0,20.0,
0.4,22468,217.846,-1087.414,-0.008,0.001,30.0,1247,-1,0.0,False,-1,True,True,0.75,0.0,0.0,False,False,0.064,-0.0,87.211,1247,5.88,,,,,1,True,False,0.0,False,5.88,3.0,20.0,
0.45,22469,217.846,-1087.414,-0.008,0.001,30.0,1247,-1,0.0,False,-1,True,True,0.75,0.0,0.0,False,False,0.064,-0.0,87.211,1247,5.88,,,,,1,True,False,0.0,False,5.88,3.0,20.0,
0.5,22470,217.846,-1087.414,-0.008,0.001,30.0,1247,-1,0.0,False,-1,True,True,0.75,0.0,0.0,False,False,0.064,-0.0,87.211,1247,5.88,,,,,1,True,False,0.0,False,5.88,3.0,20.0,
0.55,22471,217.846,-1087.414,-0.008,0.001,30.0,1247,-1,0.0,False,-1,True,True,0.75,0.0,0.0,False,False,0.064,-0.0,87.211,1247,5.88,,,,,1,True,False,0.0,False,5.88,3.0,20.0,
0.6,22472,217.846,-1087.414,-0.008,0.0,30.0,1247,-1,0.0,False,-1,True,True,0.75,0.0,0.0,False,False,0.064,-0.0,87.211,1247,5.88,,,,,1,True,False,0.0,False,5.88,3.0,20.0,
0.65,22473,217.846,-1087.414,-0.008,0.0,30.0,1247,-1,0.0,False,-1,True,True,0.75,0.0,0.0,False,False,0.064,-0.0,87.211,1247,5.88,,,,,1,True,False,0.0,False,5.88,3.0,20.0,
0.7,22474,217.846,-1087.414,-0.008,0.0,30.0,1247,-1,0.0,False,-1,True,True,0.75,0.0,0.0,False,False,0.064,-0.0,87.211,1247,5.88,,,,,1,True,False,0.0,False,5.88,3.0,20.0,
0.75,22475,217.846,-1087.414,-0.008,0.0,30.0,1247,-1,0.0,False,-1,True,True,0.75,0.0,0.0,False,False,0.064,-0.0,87.211,1247,5.88,,,,,1,True,False,0.0,False,5.88,3.0,20.0,
0.8,22476,217.846,-1087.414,-0.008,0.0,30.0,1247,-1,0.0,False,-1,True,True,0.75,0.0,0.0,False,False,0.064,-0.0,87.211,1247,5.88,,,,,1,True,False,0.0,False,5.88,3.0,20.0,
0.85,22477,217.846,-1087.408,-0.008,0.342,30.0,1247,-1,0.01,False,-1,True,True,0.75,0.0,0.0,False,False,0.11,0.0,87.211,1247,5.88,,,,,1,True,False,0.0,False,5.88,3.0,20.0,
0.9,22478,217.848,-1087.37,-0.01,0.935,30.0,1247,-1,0.04,False,-1,True,True,0.75,0.0,0.0,False,False,0.314,-0.0,87.211,1247,5.88,,,,,1,True,False,0.0,False,5.84,3.17,20.0,
0.95,22479,217.851,-1087.311,-0.011,1.281,30.0,1247,-1,0.1,False,-1,True,True,0.75,0.0,-0.0,False,False,0.48,-0.0,87.211,1247,5.88,,,,,1,True,False,0.0,False,5.78,3.47,20.0,
1.0,22480,217.854,-1087.239,-0.012,1.48,30.0,1247,-1,0.18,False,-1,True,True,0.75,0.0,-0.0,False,False,0.552,-0.0,87.219,1247,5.88,,,,,1,True,False,0.0,False,5.71,3.64,20.0,
1.05,22481,217.858,-1087.164,-0.012,1.524,30.0,1247,-1,0.25,False,-1,True,True,0.75,0.0,-0.001,False,False,0.524,0.0,87.21,1247,5.88,,,,,1,True,False,0.0,False,5.63,3.74,20.0,
1.1,22482,217.862,-1087.087,-0.011,1.595,30.0,1247,-1,0.33,False,-1,True,True,0.75,0.0,0.001,False,False,0.458,-0.0,87.218,1247,5.88,,,,,1,True,False,0.0,False,5.56,3.76,20.0,
1.15,22483,217.866,-1087.005,-0.011,1.686,30.0,1247,-1,0.41,False,-1,True,True,0.75,0.0,-0.001,False,False,0.394,0.0,87.21,1247,5.88,,,,,1,True,False,0.0,False,5.47,3.8,20.0,
1.2,22484,217.87,-1086.918,-0.01,1.79,30.0,1247,-1,0.5,False,-1,True,True,0.75,0.0,0.001,False,False,0.346,-0.0,87.218,1247,5.88,,,,,0,False,False,0.0,False,5.39,3.84,20.0,
1.25,22485,217.874,-1086.826,-0.01,1.903,30.0,1247,-1,0.59,False,-1,True,True,0.75,0.0,-0.001,False,False,0.316,0.0,87.21,1247,5.88,,,,,0,False,False,0.0,False,5.29,3.9,20.0,
1.3,22486,217.879,-1086.728,-0.01,2.021,30.0,1247,-1,0.69,False,-1,True,True,0.75,0.0,0.001,False,False,0.299,-0.0,87.217,1247,5.88,,,,,0,False,False,0.0,False,5.2,3.95,20.0,
1.35,22487,217.884,-1086.623,-0.01,2.142,30.0,1247,-1,0.79,False,-1,True,True,0.75,0.0,-0.001,False,False,0.291,0.0,87.21,1247,5.88,,,,,0,False,False,0.0,False,5.09,4.01,20.0,
1.4,22488,217.89,-1086.512,-0.01,2.265,30.0,1247,-1,0.9,False,-1,True,True,0.75,0.0,0.0,False,False,0.289,-0.0,87.216,1247,5.88,,,,,0,False,False,0.0,False,4.98,4.07,20.0,
1.45,22489,217.895,-1086.396,-0.01,2.392,30.0,1247,-1,1.02,False,-1,True,True,0.75,0.0,-0.0,False,False,0.29,0.0,87.211,1247,5.88,,,,,0,False,False,0.0,False,4.86,4.13,20.0,
1.5,22490,217.901,-1086.272,-0.01,2.527,30.0,1247,-1,1.14,False,-1,True,True,0.75,0.0,0.0,False,False,0.295,-0.0,87.214,1247,5.88,,,,,0,False,False,0.0,False,4.74,4.2,20.0,
1.55,22491,217.908,-1086.142,-0.01,2.655,30.0,1247,-1,1.27,False,-1,True,True,0.75,0.0,-0.0,False,False,0.299,0.0,87.213,1247,5.88,,,,,0,False,False,0.0,False,4.61,4.26,20.0,
1.6,22492,217.914,-1086.006,-0.01,2.771,30.0,1247,-1,1.41,False,-1,True,True,0.75,0.0,0.0,False,False,0.3,-0.0,87.213,1247,5.88,,,,,0,False,False,0.0,False,4.47,4.33,20.0,
1.65,22493,217.921,-1085.864,-0.01,2.881,30.0,1247,-1,1.55,False,-1,True,True,0.75,0.0,-0.0,False,False,0.296,-0.0,87.213,1247,5.88,,,,,0,False,False,0.0,False,4.33,4.39,20.0,
1.7,22494,217.928,-1085.717,-0.01,2.988,30.0,1247,-1,1.7,False,-1,True,True,0.75,0.0,-0.0,False,False,0.29,0.0,87.212,1247,9.81,,,,,0,False,False,0.0,False,8.11,4.44,20.0,
1.75,22495,217.936,-1085.565,-0.01,3.094,30.0,1247,-1,1.85,False,-1,True,True,0.75,0.0,-0.0,False,False,0.284,0.0,87.212,1247,9.81,,,,,0,False,False,0.0,False,7.95,4.49,20.0,
1.8,22496,217.943,-1085.407,-0.01,3.2,30.0,1247,-1,2.01,False,-1,True,True,0.75,0.0,0.0,False,False,0.279,-0.0,87.212,1247,9.81,,,,,0,False,False,0.0,False,7.8,4.55,20.0,
1.85,22497,217.951,-1085.244,-0.01,3.308,30.0,1247,-1,2.17,False,-1,True,True,0.75,0.0,-0.0,False,False,0.275,-0.0,87.212,1247,9.81,,,,,0,False,False,0.0,False,7.63,4.6,20.0,
1.9,22498,217.96,-1085.076,-0.01,3.416,30.0,1247,-1,2.34,False,-1,True,True,0.75,0.0,-0.0,False,False,0.272,0.0,87.212,1247,9.81,,,,,0,False,False,0.0,False,7.46,4.65,20.0,
1.95,22499,217.968,-1084.902,-0.01,3.525,30.0,1247,-1,2.52,False,-1,True,True,0.75,0.0,-0.0,False,False,0.271,0.0,87.212,1247,9.81,,,,,0,False,False,0.0,False,7.29,4.71,20.0,
2.0,22500,217.977,-1084.723,-0.01,3.636,30.0,1247,-1,2.69,False,-1,True,True,0.75,0.0,-0.0,False,False,0.271,0.0,87.212,1247,9.81,,,,,0,False,False,0.0,False,7.11,4.76,20.0,
2.05,22501,217.986,-1084.538,-0.01,3.747,30.0,1247,-1,2.88,False,-1,True,True,0.75,0.0,-0.0,False,False,0.272,0.0,87.212,1247,9.81,,,,,0,False,False,0.0,False,6.93,4.82,20.0,
2.1,22502,217.995,-1084.347,-0.01,3.858,30.0,1247,-1,3.07,False,-1,True,True,0.75,0.0,-0.0,False,False,0.273,0.0,87.212,1247,9.81,,,,,0,False,False,0.0,False,6.74,4.87,20.0,
2.15,22503,218.005,-1084.151,-0.01,3.969,30.0,1247,-1,3.27,False,-1,True,True,0.75,0.0,-0.0,False,False,0.273,0.0,87.212,1247,9.81,,,,,0,False,False,0.0,False,6.54,4.93,20.0,
2.2,22504,218.014,-1083.95,-0.01,4.079,30.0,1247,-1,3.47,False,-1,True,True,0.75,0.0,-0.0,False,False,0.274,-0.0,87.212,1247,9.81,,,,,0,False,False,0.0,False,6.34,4.98,20.0,
2.25,22505,218.024,-1083.743,-0.01,4.189,30.0,1247,-1,3.68,False,-1,True,True,0.75,0.0,0.0,False,False,0.274,-0.0,87.212,1247,9.81,,,,,0,False,False,0.0,False,6.13,5.04,20.0,
2.3,22506,218.035,-1083.53,-0.01,4.298,30.0,1247,-1,3.89,False,-1,True,True,0.75,0.0,-0.0,False,False,0.274,0.0,87.212,1247,9.81,,,,,0,False,False,0.0,False,5.92,5.09,20.0,
2.35,22507,218.045,-1083.312,-0.01,4.407,30.0,1247,-1,4.11,False,-1,True,True,0.75,0.0,0.0,False,False,0.273,-0.0,87.212,1247,9.81,,,,,0,False,False,0.0,False,5.7,5.15,20.0,
2.4,22508,218.056,-1083.089,-0.01,4.515,30.0,1247,-1,4.33,False,-1,True,True,0.75,0.0,0.0,False,False,0.272,-0.0,87.212,1247,9.81,,,,,0,False,False,0.0,False,5.48,5.2,20.0,
2.45,22509,218.067,-1082.86,-0.01,4.622,30.0,1247,-1,4.56,False,-1,True,True,0.75,0.0,-0.0,False,False,0.271,0.0,87.212,1247,9.81,,,,,0,False,False,0.0,False,5.25,5.26,20.0,
2.5,22510,218.079,-1082.626,-0.01,4.728,30.0,1247,-1,4.79,False,-1,True,True,0.75,0.0,-0.0,False,False,0.27,0.0,87.212,1247,13.73,,,,,0,False,False,0.0,False,8.94,5.31,20.0,
2.55,22511,218.09,-1082.387,-0.01,4.834,30.0,1247,-1,5.03,False,-1,True,True,0.75,0.0,-0.0,False,False,0.269,-0.0,87.212,1247,13.73,,,,,0,False,False,0.0,False,8.7,5.36,20.0,
2.6,22512,218.102,-1082.143,-0.01,4.939,30.0,1247,-1,5.28,False,-1,True,True,0.75,0.0,-0.0,False,False,0.268,-0.0,87.212,1247,13.73,,,,,0,False,False,0.0,False,8.45,5.42,20.0,
2.65,22513,218.115,-1081.893,-0.009,5.043,30.0,1247,-1,5.53,False,-1,True,True,0.75,0.0,0.0,False,False,0.267,-0.0,87.212,1247,13.73,,,,,0,False,False,0.0,False,8.2,5.47,20.0,
2.7,22514,218.127,-1081.638,-0.009,5.151,30.0,1247,-1,5.78,False,-1,True,True,0.75,0.0,0.0,False,False,0.266,-0.0,87.212,1247,13.73,,,,,0,False,False,0.0,False,7.95,5.52,20.0,
2.75,22515,218.14,-1081.378,-0.009,5.206,30.0,1247,-1,6.04,False,-1,True,True,0.75,0.0,0.0,False,False,0.261,-0.0,87.212,1247,13.73,,,,,0,False,False,0.0,False,7.69,5.58,20.0,
2.8,22516,218.153,-1081.113,-0.009,5.385,30.0,1247,-1,6.31,False,-1,True,True,0.75,0.0,-0.0,False,False,0.263,0.0,87.211,1247,13.73,,,,,0,False,False,0.0,False,7.42,5.6,20.0,
2.85,22517,218.166,-1080.844,-0.009,5.371,30.0,1247,-1,6.58,False,-1,True,True,0.674,0.0,0.0,False,False,0.251,-0.0,87.227,1247,13.73,,,,,0,False,False,0.0,False,7.15,5.69,20.0,
2.9,22518,218.179,-1080.575,-0.009,5.414,30.0,1247,-1,6.85,False,-1,True,True,0.715,0.0,-0.001,False,False,0.216,0.002,87.199,1247,13.73,,,,,0,False,False,0.0,False,6.88,5.69,20.0,
2.95,22519,218.192,-1080.307,-0.008,5.326,30.0,1247,-1,7.12,False,-1,True,True,0.555,0.0,0.002,False,False,0.165,-0.002,87.235,1247,13.73,,,,,0,False,False,0.0,False,6.61,5.71,20.0,
3.0,22520,218.205,-1080.04,-0.008,5.38,30.0,1247,-1,7.38,False,-1,True,True,0.75,0.0,-0.003,False,False,0.129,0.002,87.212,1247,13.73,,,,,0,False,False,0.0,False,6.35,5.66,20.0,
3.05,22521,218.218,-1079.774,-0.008,5.308,30.0,1247,-1,7.65,False,-1,True,True,0.663,0.0,0.002,False,False,0.098,-0.0,87.246,1247,13.73,,,,,0,False,False,0.0,False,6.08,5.69,20.0,
3.1,22522,218.231,-1079.507,-0.008,5.386,30.0,1247,-1,7.92,False,-1,True,True,0.75,0.0,-0.003,False,False,0.088,0.003,87.221,1247,13.73,,,,,0,False,False,0.0,False,5.81,5.65,20.0,
3.15,22523,218.245,-1079.239,-0.008,5.335,30.0,1247,-1,8.18,False,-1,True,True,0.635,0.0,0.002,False,False,0.081,-0.001,87.253,1247,13.73,,,,,0,False,False,0.0,False,5.54,5.69,20.0,
3.2,22524,218.258,-1078.97,-0.008,5.423,30.0,1247,-1,8.45,False,-1,True,True,0.75,0.0,-0.003,False,False,0.087,0.003,87.227,1247,17.65,,,,,0,False,False,0.0,False,9.2,5.67,20.0,
3.25,22525,218.271,-1078.702,-0.008,5.348,30.0,1247,-1,8.72,False,-1,True,True,0.497,0.0,0.001,False,False,0.081,-0.001,87.256,1247,17.65,,,,,0,False,False,0.0,False,8.93,5.71,20.0,
3.3,22526,218.284,-1078.432,-0.008,5.414,30.0,1247,-1,8.99,False,-1,True,True,0.75,0.0,-0.003,False,False,0.08,0.002,87.224,1247,17.65,,,,,0,False,False,0.0,False,8.66,5.67,20.0,
3.35,22527,218.298,-1078.151,-0.009,5.774,30.0,1247,-1,9.27,False,-1,True,True,0.526,0.0,0.002,False,False,0.168,-0.003,87.268,1247,17.65,,,,,0,False,False,0.0,False,8.38,5.71,20.0,
3.4,22528,218.313,-1077.849,-0.01,6.18,30.0,1247,-1,9.58,False,-1,True,True,0.0,0.3,-0.005,False,False,0.317,0.003,87.271,1247,17.65,,,,,0,False,False,0.0,False,8.07,5.89,20.0,
3.45,22529,218.328,-1077.537,-0.01,6.249,30.0,1247,-1,9.89,False,-1,True,True,0.0,0.3,-0.002,False,False,0.384,0.004,87.259,1247,17.65,,,,,0,False,False,0.0,False,7.76,6.09,20.0,
3.5,22530,218.344,-1077.222,-0.01,6.319,30.0,1247,-1,10.2,False,-1,True,True,0.0,0.3,-0.0,False,False,0.369,0.0,87.251,1247,17.65,,,,,0,False,False,0.0,False,7.45,6.12,20.0,
3.55,22531,218.359,-1076.912,-0.01,6.164,30.0,1247,-1,10.51,False,-1,True,True,0.0,0.3,-0.0,False,False,0.283,-0.003,87.254,1247,17.65,,,,,0,False,False,0.0,False,7.14,6.16,20.0,
3.6,22532,218.373,-1076.607,-0.009,6.075,30.0,1247,-1,10.82,False,-1,True,True,0.0,0.3,-0.001,False,False,0.174,-0.002,87.227,1247,17.65,,,,,0,False,False,0.0,False,6.83,6.08,20.0,
3.65,22533,218.388,-1076.312,-0.008,5.839,30.0,1247,-1,11.12,False,-1,True,True,0.0,0.3,0.002,False,False,0.055,-0.006,87.25,1247,17.65,,,,,0,False,False,0.0,False,6.54,6.04,20.0,
3.7,22534,218.401,-1076.025,-0.007,5.708,30.0,1247,-1,11.4,False,-1,True,True,0.0,0.3,-0.003,False,False,-0.044,-0.002,87.22,1247,17.65,,,,,0,False,False,0.0,False,6.25,5.92,20.0,
3.75,22535,218.415,-1075.749,-0.006,5.443,30.0,1247,-1,11.68,False,-1,True,True,0.0,0.3,0.002,False,False,-0.132,-0.004,87.244,1247,17.65,,,,,0,False,False,0.0,False,5.97,5.85,20.0,
3.8,22536,218.428,-1075.481,-0.005,5.335,30.0,1247,-1,11.95,False,-1,True,True,0.371,0.0,-0.002,False,False,-0.187,-0.0,87.215,1247,17.65,,,,,0,False,False,0.0,False,5.7,5.72,20.0,
3.85,22537,218.44,-1075.221,-0.005,5.135,30.0,1247,-1,12.21,False,-1,True,True,0.75,0.0,0.002,False,False,-0.216,-0.002,87.248,1247,17.65,,,,,0,False,False,0.0,False,5.44,5.67,20.0,
3.9,22538,218.453,-1074.965,-0.005,5.1,30.0,1247,-1,12.46,False,-1,True,True,0.75,0.0,-0.003,False,False,-0.211,0.003,87.222,1247,21.57,,,,,0,False,False,0.0,False,9.11,5.57,20.0,
3.95,22539,218.465,-1074.713,-0.005,5.012,30.0,1247,-1,12.72,False,-1,True,True,0.75,0.0,0.002,False,False,-0.181,0.001,87.249,1247,21.57,,,,,0,False,False,0.0,False,8.86,5.55,20.0,
4.0,22540,218.477,-1074.46,-0.006,5.081,30.0,1247,-1,12.97,False,-1,True,True,0.75,0.0,-0.003,False,False,-0.123,0.003,87.214,1247,21.57,,,,,0,False,False,0.0,False,8.6,5.51,20.0,
4.05,22541,218.489,-1074.214,-0.006,4.797,30.0,1247,-1,13.22,False,-1,True,True,0.75,0.0,0.002,False,False,-0.119,-0.001,87.231,1247,21.57,,,,,0,False,False,0.0,False,8.36,5.54,20.0,
4.1,22542,218.501,-1073.985,-0.006,4.483,30.0,1247,-1,13.45,False,-1,True,True,0.75,0.0,-0.002,False,False,-0.196,-0.0,87.241,1247,21.57,,,,,0,False,False,0.0,False,8.13,5.4,20.0,
4.15,22543,218.511,-1073.768,-0.005,4.301,30.0,1247,-1,13.66,False,-1,True,True,0.75,0.0,-0.001,False,False,-0.254,0.001,87.238,1247,21.57,,,,,0,False,False,0.0,False,7.91,5.24,20.0,
4.2,22544,218.522,-1073.556,-0.005,4.22,30.0,1247,-1,13.88,False,-1,True,True,0.75,0.0,-0.0,False,False,-0.26,0.001,87.234,1247,21.57,,,,,0,False,False,0.0,False,7.7,5.15,20.0,
4.25,22545,218.532,-1073.345,-0.005,4.209,30.0,1247,-1,14.09,False,-1,True,True,0.75,0.0,-0.0,False,False,-0.22,-0.0,87.232,1247,21.57,,,,,0,False,False,0.0,False,7.49,5.11,20.0,
4.3,22546,218.542,-1073.133,-0.006,4.243,30.0,1247,-1,14.3,False,-1,True,True,0.75,0.0,-0.0,False,False,-0.151,-0.001,87.23,1247,21.57,,,,,0,False,False,0.0,False,7.28,5.1,20.0,
4.35,22547,218.553,-1072.919,-0.007,4.304,30.0,1247,-1,14.51,False,-1,True,True,0.75,0.0,-0.0,False,False,-0.073,-0.001,87.229,1247,21.57,,,,,0,False,False,0.0,False,7.06,5.12,20.0,
4.4,22548,218.563,-1072.701,-0.007,4.383,30.0,1247,-1,14.73,False,-1,True,True,0.75,0.0,-0.0,False,False,0.004,-0.001,87.227,1247,21.57,,,,,0,False,False,0.0,False,6.84,5.15,20.0,
4.45,22549,218.574,-1072.479,-0.008,4.472,30.0,1247,-1,14.95,False,-1,True,True,0.75,0.0,-0.0,False,False,0.07,-0.001,87.226,1247,21.57,,,,,0,False,False,0.0,False,6.62,5.19,20.0,
4.5,22550,218.585,-1072.252,-0.008,4.567,30.0,1247,-1,15.18,False,-1,True,True,0.75,0.0,-0.0,False,False,0.125,-0.0,87.225,1247,21.57,,,,,0,False,False,0.0,False,6.39,5.24,20.0,
4.55,22551,218.596,-1072.021,-0.009,4.667,30.0,1247,-1,15.41,False,-1,True,True,0.75,0.0,-0.0,False,False,0.167,-0.0,87.224,1247,21.57,,,,,0,False,False,0.0,False,6.16,5.28,20.0,
4.6,22552,218.608,-1071.785,-0.009,4.769,30.0,1247,-1,15.65,False,-1,True,True,0.75,0.0,-0.0,False,False,0.198,-0.0,87.223,1247,21.57,,,,,0,False,False,0.0,False,5.93,5.33,20.0,
4.65,22553,218.619,-1071.543,-0.009,4.871,30.0,1247,-1,15.89,False,-1,True,True,0.75,0.0,-0.0,False,False,0.22,-0.0,87.222,1247,21.57,,,,,0,False,False,0.0,False,5.68,5.38,20.0,
4.7,22554,218.631,-1071.297,-0.009,4.975,30.0,1247,-1,16.14,False,-1,True,True,0.75,0.0,-0.0,False,False,0.236,-0.0,87.222,1247,21.57,,,,,0,False,False,0.0,False,5.44,5.44,20.0,
4.75,22555,218.644,-1071.045,-0.009,5.078,30.0,1247,-1,16.39,False,-1,True,True,0.75,0.0,-0.0,False,False,0.247,0.0,87.22,1247,25.5,,,,,0,False,False,0.0,False,9.11,5.49,20.0,
4.8,22556,218.656,-1070.788,-0.009,5.163,30.0,1247,-1,16.65,False,-1,True,True,0.75,0.0,-0.0,False,False,0.252,0.0,87.219,1247,25.5,,,,,0,False,False,0.0,False,8.85,5.54,20.0,
4.85,22557,218.669,-1070.526,-0.009,5.316,30.0,1247,-1,16.91,False,-1,True,True,0.75,0.0,-0.0,False,False,0.257,0.0,87.218,1247,25.5,,,,,0,False,False,0.0,False,8.59,5.58,20.0,
4.9,22558,218.682,-1070.26,-0.009,5.324,30.0,1247,-1,17.17,False,-1,True,True,0.75,0.0,-0.0,False,False,0.251,-0.0,87.23,1247,25.5,,,,,0,False,False,0.0,False,8.32,5.66,20.0,
4.95,22559,218.695,-1069.993,-0.009,5.375,30.0,1247,-1,17.44,False,-1,True,True,0.75,0.0,-0.001,False,False,0.224,0.002,87.203,1247,25.5,,,,,0,False,False,0.0,False,8.05,5.66,20.0,
5.0,22560,218.708,-1069.727,-0.009,5.296,30.0,1247,-1,17.71,False,-1,True,True,0.7,0.0,0.002,False,False,0.176,-0.002,87.239,1247,25.5,,,,,0,False,False,0.0,False,7.79,5.69,20.0,
5.05,22561,218.721,-1069.461,-0.008,5.37,30.0,1247,-1,17.97,False,-1,True,True,0.75,0.0,-0.003,False,False,0.145,0.003,87.216,1247,25.5,,,,,0,False,False,0.0,False,7.52,5.65,20.0,
5.1,22562,218.734,-1069.195,-0.008,5.318,30.0,1247,-1,18.24,False,-1,True,True,0.705,0.0,0.002,False,False,0.12,-0.0,87.248,1247,25.5,,,,,0,False,False,0.0,False,7.26,5.68,20.0,
5.15,22563,218.747,-1068.927,-0.008,5.394,30.0,1247,-1,18.51,False,-1,True,True,0.75,0.0,-0.003,False,False,0.111,0.003,87.224,1247,25.5,,,,,0,False,False,0.0,False,6.99,5.66,20.0,
5.2,22564,218.76,-1068.66,-0.008,5.321,30.0,1247,-1,18.78,False,-1,True,True,0.608,0.0,0.001,False,False,0.094,-0.0,87.253,1247,25.5,,,,,0,False,False,0.0,False,6.72,5.7,20.0,
5.25,22565,218.774,-1068.39,-0.008,5.541,30.0,1247,-1,19.05,False,-1,True,True,0.75,0.0,-0.003,False,False,0.106,0.002,87.248,1247,25.5,,,,,0,False,False,0.0,False,6.45,5.66,20.0,
5.3,22566,218.788,-1068.1,-0.009,5.918,30.0,1247,-1,19.34,False,-1,True,True,0.071,0.0,-0.0,False,False,0.238,0.001,87.266,1247,25.5,,,,,0,False,False,0.0,False,6.16,5.77,20.0,
5.35,22567,218.803,-1067.792,-0.01,6.261,30.0,1247,-1,19.65,False,-1,True,True,0.0,0.3,-0.002,False,False,0.37,0.003,87.265,1247,25.5,,,,,0,False,False,0.0,False,5.85,5.96,20.0,
5.4,22568,218.818,-1067.479,-0.011,6.269,30.0,1247,-1,19.96,False,-1,True,True,0.0,0.3,-0.002,False,False,0.4,0.003,87.255,1247,29.42,,,,,0,False,False,0.0,False,9.46,6.13,20.0,
5.45,22569,218.834,-1067.165,-0.01,6.295,30.0,1247,-1,20.27,False,-1,True,True,0.0,0.3,-0.0,False,False,0.352,-0.0,87.247,1247,29.42,,,,,0,False,False,0.0,False,9.15,6.13,20.0,
5.5,22570,218.849,-1066.857,-0.009,6.115,30.0,1247,-1,20.58,False,-1,True,True,0.0,0.3,-0.0,False,False,0.248,-0.003,87.253,1247,29.42,,,,,0,False,False,0.0,False,8.84,6.15,20.0,
5.55,22571,218.863,-1066.555,-0.008,6.012,30.0,1247,-1,20.88,False,-1,True,True,0.0,0.3,-0.001,False,False,0.133,-0.002,87.225,1247,29.42,,,,,0,False,False,0.0,False,8.54,6.06,20.0,
5.6,22572,218.877,-1066.263,-0.007,5.768,30.0,1247,-1,21.18,False,-1,True,True,0.0,0.3,0.002,False,False,0.016,-0.006,87.248,1247,29.42,,,,,0,False,False,0.0,False,8.24,6.01,20.0,
5.65,22573,218.891,-1065.98,-0.006,5.632,30.0,1247,-1,21.46,False,-1,True,True,0.0,0.3,-0.003,False,False,-0.078,-0.002,87.219,1247,29.42,,,,,0,False,False,0.0,False,7.96,5.88,20.0,
5.7,22574,218.904,-1065.708,-0.006,5.364,30.0,1247,-1,21.73,False,-1,True,True,0.0,0.3,0.002,False,False,-0.158,-0.004,87.244,1247,29.42,,,,,0,False,False,0.0,False,7.69,5.82,20.0,
5.75,22575,218.917,-1065.444,-0.005,5.254,30.0,1247,-1,22.0,False,-1,True,True,0.656,0.0,-0.002,False,False,-0.208,-0.0,87.214,1247,29.42,,,,,0,False,False,0.0,False,7.42,5.68,20.0,
5.8,22576,218.929,-1065.188,-0.005,5.052,30.0,1247,-1,22.25,False,-1,True,True,0.75,0.0,0.002,False,False,-0.231,-0.002,87.248,1247,29.42,,,,,0,False,False,0.0,False,7.17,5.63,20.0,
5.85,22577,218.942,-1064.936,-0.005,5.026,30.0,1247,-1,22.5,False,-1,True,True,0.75,0.0,-0.003,False,False,-0.221,0.003,87.25,1247,29.42,,,,,0,False,False,0.0,False,6.91,5.53,20.0,
5.9,22578,218.954,-1064.685,-0.006,5.022,30.0,1247,-1,22.76,False,-1,True,True,0.75,0.0,-0.001,False,False,-0.17,0.003,87.242,1247,29.42,,,,,0,False,False,0.0,False,6.66,5.51,20.0,
5.95,22579,218.966,-1064.434,-0.006,5.002,30.0,1247,-1,23.01,False,-1,True,True,0.75,0.0,-0.0,False,False,-0.11,0.001,87.252,1247,29.42,,,,,0,False,False,0.0,False,6.41,5.51,20.0,
6.0,22580,218.977,-1064.197,-0.006,4.603,30.0,1247,-1,23.24,False,-1,True,True,0.75,0.0,-0.002,False,False,-0.153,0.002,87.168,1247,29.42,,,,,0,False,False,0.0,False,6.17,5.5,20.0,
6.05,22581,218.988,-1063.976,-0.005,4.324,30.0,1247,-1,23.47,False,-1,True,True,0.75,0.0,0.007,False,False,-0.239,-0.006,87.159,1247,29.42,,,,,0,False,False,0.0,False,5.95,5.3,20.0,
6.1,22582,218.998,-1063.766,-0.005,4.171,30.0,1247,-1,23.68,False,-1,True,True,0.75,0.0,0.002,False,False,-0.284,-0.007,87.171,1247,29.42,,,,,0,False,False,0.0,False,5.74,5.16,20.0,
6.15,22583,219.008,-1063.559,-0.005,4.112,30.0,1247,-1,23.88,False,-1,True,True,0.75,0.0,0.0,False,False,-0.273,-0.002,87.177,1247,29.42,,,,,0,False,False,0.0,False,5.54,5.09,20.0,
6.2,22584,219.018,-1063.354,-0.005,4.117,30.0,1247,-1,24.09,False,-1,True,True,0.75,0.0,0.001,False,False,-0.218,0.001,87.181,1247,29.42,,,,,0,False,False,0.0,False,5.33,5.06,20.0,
6.25,22585,219.028,-1063.146,-0.006,4.161,30.0,1247,-1,24.3,False,-1,True,True,0.75,0.0,0.001,False,False,-0.14,0.002,87.186,1247,29.42,,,,,0,False,False,0.0,False,5.12,5.06,20.0,
6.3,22586,219.038,-1062.936,-0.007,4.229,30.0,1247,-1,24.51,False,-1,True,True,0.75,0.0,0.001,False,False,-0.057,0.002,87.189,1247,29.42,,,,,0,False,False,0.0,False,4.91,5.08,20.0,
6.35,22587,219.048,-1062.721,-0.007,4.312,30.0,1247,-1,24.72,False,-1,True,True,0.75,0.0,0.0,False,False,0.02,0.002,87.193,1247,33.34,,,,,0,False,False,0.0,False,8.62,5.11,20.0,
6.4,22588,219.059,-1062.503,-0.008,4.404,30.0,1247,-1,24.94,False,-1,True,True,0.75,0.0,0.0,False,False,0.085,0.001,87.195,1247,33.34,,,,,0,False,False,0.0,False,8.4,5.16,20.0,
6.45,22589,219.07,-1062.279,-0.008,4.502,30.0,1247,-1,25.16,False,-1,True,True,0.75,0.0,0.0,False,False,0.137,0.001,87.198,1247,33.34,,,,,0,False,False,0.0,False,8.18,5.2,20.0,
6.5,22590,219.081,-1062.051,-0.009,4.603,30.0,1247,-1,25.39,False,-1,True,True,0.75,0.0,0.0,False,False,0.177,0.001,87.2,1247,33.34,,,,,0,False,False,0.0,False,7.95,5.25,20.0,
6.55,22591,219.093,-1061.818,-0.009,4.706,30.0,1247,-1,25.63,False,-1,True,True,0.75,0.0,0.0,False,False,0.206,0.001,87.202,1247,33.34,,,,,0,False,False,0.0,False,7.71,5.3,20.0,
6.6,22592,219.104,-1061.579,-0.009,4.81,30.0,1247,-1,25.87,False,-1,True,True,0.75,0.0,0.0,False,False,0.227,0.0,87.204,1247,33.34,,,,,0,False,False,0.0,False,7.48,5.35,20.0,
6.65,22593,219.116,-1061.336,-0.009,4.914,30.0,1247,-1,26.11,False,-1,True,True,0.75,0.0,0.0,False,False,0.24,0.0,87.205,1247,33.34,,,,,0,False,False,0.0,False,7.23,5.41,20.0,
6.7,22594,219.128,-1061.087,-0.009,5.018,30.0,1247,-1,26.36,False,-1,True,True,0.75,0.0,0.0,False,False,0.25,0.0,87.207,1247,33.34,,,,,0,False,False,0.0,False,6.98,5.46,20.0,
6.75,22595,219.141,-1060.833,-0.009,5.123,30.0,1247,-1,26.61,False,-1,True,True,0.75,0.0,0.0,False,False,0.256,0.0,87.208,1247,33.34,,,,,0,False,False,0.0,False,6.73,5.51,20.0,
6.8,22596,219.153,-1060.575,-0.009,5.182,30.0,1247,-1,26.87,False,-1,True,True,0.75,0.0,0.0,False,False,0.256,0.0,87.209,1247,33.34,,,,,0,False,False,0.0,False,6.47,5.56,20.0,
6.85,22597,219.166,-1060.311,-0.009,5.358,30.0,1247,-1,27.14,False,-1,True,True,0.75,0.0,0.0,False,False,0.26,0.0,87.206,1247,33.34,,,,,0,False,False,0.0,False,6.21,5.59,20.0,
6.9,22598,219.179,-1060.044,-0.009,5.3,30.0,1247,-1,27.4,False,-1,True,True,0.75,0.0,0.0,False,False,0.239,-0.001,87.226,1247,33.34,,,,,0,False,False,0.0,False,5.94,5.68,20.0,
6.95,22599,219.192,-1059.778,-0.009,5.356,30.0,1247,-1,27.67,False,-1,True,True,0.75,0.0,-0.002,False,False,0.2,0.003,87.2,1247,33.34,,,,,0,False,False,0.0,False,5.67,5.65,20.0,
7.0,22600,219.205,-1059.513,-0.008,5.287,30.0,1247,-1,27.93,False,-1,True,True,0.75,0.0,0.002,False,False,0.157,-0.001,87.236,1247,37.26,,,,,0,False,False,0.0,False,9.33,5.68,20.0,
7.05,22601,219.218,-1059.247,-0.008,5.374,30.0,1247,-1,28.2,False,-1,True,True,0.75,0.0,-0.003,False,False,0.135,0.003,87.213,1247,37.26,,,,,0,False,False,0.0,False,9.06,5.64,20.0,
7.1,22602,219.231,-1058.98,-0.008,5.31,30.0,1247,-1,28.47,False,-1,True,True,0.687,0.0,0.002,False,False,0.114,-0.0,87.242,1247,37.26,,,,,0,False,False,0.0,False,8.8,5.69,20.0,
7.15,22603,219.244,-1058.713,-0.008,5.377,30.0,1247,-1,28.73,False,-1,True,True,0.75,0.0,-0.003,False,False,0.102,0.003,87.212,1247,37.26,,,,,0,False,False,0.0,False,8.53,5.66,20.0,
7.2,22604,219.257,-1058.445,-0.008,5.456,30.0,1247,-1,29.0,False,-1,True,True,0.668,0.0,0.002,False,False,0.105,-0.002,87.214,1247,37.26,,,,,0,False,False,0.0,False,8.26,5.69,20.0,
7.25,22605,219.271,-1058.155,-0.009,5.97,30.0,1247,-1,29.29,False,-1,True,True,0.38,0.0,-0.0,False,False,0.242,-0.003,87.192,1247,37.26,,,,,0,False,False,0.0,False,7.97,5.73,20.0,
7.3,22606,219.286,-1057.849,-0.01,6.172,30.0,1247,-1,29.6,False,-1,True,True,0.0,0.3,0.002,False,False,0.365,-0.005,87.189,1247,37.26,,,,,0,False,False,0.0,False,7.66,5.98,20.0,
7.35,22607,219.301,-1057.536,-0.011,6.324,30.0,1247,-1,29.91,False,-1,True,True,0.0,0.3,0.001,False,False,0.404,-0.004,87.194,1247,37.26,,,,,0,False,False,0.0,False,7.35,6.09,20.0,
7.4,22608,219.316,-1057.223,-0.01,6.218,30.0,1247,-1,30.23,False,-1,True,True,0.0,0.3,0.0,False,False,0.35,-0.001,87.197,1247,37.26,,,,,0,False,False,0.0,False,7.04,6.16,20.0,
7.45,22609,219.331,-1056.915,-0.009,6.169,30.0,1247,-1,30.54,False,-1,True,True,0.0,0.3,0.0,False,False,0.254,0.001,87.207,1247,37.26,,,,,0,False,False,0.0,False,6.73,6.11,20.0,
7.5,22610,219.346,-1056.614,-0.008,5.947,30.0,1247,-1,30.84,False,-1,True,True,0.0,0.3,-0.001,False,False,0.133,0.003,87.187,1247,37.26,,,,,0,False,False,0.0,False,6.43,6.08,20.0,
7.55,22611,219.36,-1056.322,-0.007,5.823,30.0,1247,-1,31.13,False,-1,True,True,0.0,0.3,0.002,False,False,0.023,0.0,87.217,1247,37.26,,,,,0,False,False,0.0,False,6.13,5.97,20.0,
7.6,22612,219.374,-1056.04,-0.006,5.565,30.0,1247,-1,31.41,False,-1,True,True,0.0,0.3,-0.002,False,False,-0.078,0.004,87.191,1247,37.26,,,,,0,False,False,0.0,False,5.85,5.91,20.0,
7.65,22613,219.387,-1055.766,-0.006,5.45,30.0,1247,-1,31.69,False,-1,True,True,0.0,0.066,0.002,False,False,-0.148,0.0,87.219,1247,37.26,,,,,0,False,False,0.0,False,5.58,5.78,20.0,
7.7,22614,219.4,-1055.501,-0.005,5.23,30.0,1247,-1,31.95,False,-1,True,True,0.348,0.0,-0.002,False,False,-0.194,0.002,87.185,1247,41.19,,,,,0,False,False,0.0,False,9.23,5.72,20.0,
7.75,22615,219.413,-1055.242,-0.005,5.162,30.0,1247,-1,32.21,False,-1,True,True,0.75,0.0,0.003,False,False,-0.209,-0.003,87.208,1247,41.19,,,,,0,False,False,0.0,False,8.98,5.62,20.0,
7.8,22616,219.425,-1054.989,-0.005,5.002,30.0,1247,-1,32.46,False,-1,True,True,0.75,0.0,-0.001,False,False,-0.209,-0.001,87.17,1247,41.19,,,,,0,False,False,0.0,False,8.72,5.58,20.0,
7.85,22617,219.437,-1054.737,-0.006,5.074,30.0,1247,-1,32.72,False,-1,True,True,0.75,0.0,0.004,False,False,-0.162,-0.005,87.193,1247,41.19,,,,,0,False,False,0.0,False,8.47,5.5,20.0,
7.9,22618,219.449,-1054.485,-0.006,5.056,30.0,1247,-1,32.97,False,-1,True,True,0.75,0.0,-0.001,False,False,-0.108,-0.001,87.164,1247,41.19,,,,,0,False,False,0.0,False,8.22,5.54,20.0,
7.95,22619,219.46,-1054.247,-0.006,4.62,30.0,1247,-1,33.21,False,-1,True,True,0.75,0.0,0.003,False,False,-0.157,-0.001,87.172,1247,41.19,,,,,0,False,False,0.0,False,7.98,5.53,20.0,
8.0,22620,219.471,-1054.026,-0.005,4.345,30.0,1247,-1,33.43,False,-1,True,True,0.75,0.0,0.001,False,False,-0.241,-0.0,87.179,1247,41.19,,,,,0,False,False,0.0,False,7.76,5.31,20.0,
8.05,22621,219.482,-1053.814,-0.005,4.195,30.0,1247,-1,33.64,False,-1,True,True,0.75,0.0,0.0,False,False,-0.285,0.002,87.182,1247,41.19,,,,,0,False,False,0.0,False,7.55,5.17,20.0,
8.1,22622,219.492,-1053.606,-0.005,4.138,30.0,1247,-1,33.85,False,-1,True,True,0.75,0.0,0.001,False,False,-0.272,0.002,87.185,1247,41.19,,,,,0,False,False,0.0,False,7.34,5.1,20.0,
8.15,22623,219.502,-1053.399,-0.005,4.144,30.0,1247,-1,34.06,False,-1,True,True,0.75,0.0,0.0,False,False,-0.216,0.002,87.188,1247,41.19,,,,,0,False,False,0.0,False,7.13,5.07,20.0,
8.2,22624,219.512,-1053.19,-0.006,4.188,30.0,1247,-1,34.26,False,-1,True,True,0.75,0.0,0.0,False,False,-0.138,0.002,87.191,1247,41.19,,,,,0,False,False,0.0,False,6.92,5.07,20.0,
8.25,22625,219.522,-1052.978,-0.007,4.256,30.0,1247,-1,34.48,False,-1,True,True,0.75,0.0,0.0,False,False,-0.056,0.001,87.193,1247,41.19,,,,,0,False,False,0.0,False,6.71,5.09,20.0,
8.3,22626,219.533,-1052.763,-0.007,4.339,30.0,1247,-1,34.69,False,-1,True,True,0.75,0.0,0.0,False,False,0.021,0.001,87.195,1247,41.19,,,,,0,False,False,0.0,False,6.49,5.13,20.0,
8.35,22627,219.544,-1052.543,-0.008,4.431,30.0,1247,-1,34.91,False,-1,True,True,0.75,0.0,0.0,False,False,0.086,0.001,87.197,1247,41.19,,,,,0,False,False,0.0,False,6.27,5.17,20.0,
8.4,22628,219.555,-1052.318,-0.008,4.529,30.0,1247,-1,35.14,False,-1,True,True,0.75,0.0,0.0,False,False,0.138,0.0,87.198,1247,41.19,,,,,0,False,False,0.0,False,6.05,5.22,20.0,
8.45,22629,219.566,-1052.088,-0.009,4.63,30.0,1247,-1,35.37,False,-1,True,True,0.75,0.0,0.0,False,False,0.177,0.0,87.199,1247,41.19,,,,,0,False,False,0.0,False,5.82,5.26,20.0,
8.5,22630,219.577,-1051.854,-0.009,4.733,30.0,1247,-1,35.6,False,-1,True,True,0.75,0.0,0.0,False,False,0.206,0.0,87.201,1247,41.19,,,,,0,False,False,0.0,False,5.58,5.32,20.0,
8.55,22631,219.589,-1051.614,-0.009,4.837,30.0,1247,-1,35.84,False,-1,True,True,0.75,0.0,0.0,False,False,0.227,0.0,87.202,1247,41.19,,,,,0,False,False,0.0,False,5.34,5.37,20.0,
8.6,22632,219.601,-1051.369,-0.009,4.941,30.0,1247,-1,36.09,False,-1,True,True,0.75,0.0,0.0,False,False,0.24,-0.0,87.203,1247,45.11,,,,,0,False,False,0.0,False,9.02,5.42,20.0,
8.65,22633,219.613,-1051.119,-0.009,5.044,30.0,1247,-1,36.34,False,-1,True,True,0.75,0.0,0.0,False,False,0.25,-0.0,87.204,1247,45.11,,,,,0,False,False,0.0,False,8.77,5.47,20.0,
8.7,22634,219.626,-1050.864,-0.009,5.155,30.0,1247,-1,36.59,False,-1,True,True,0.75,0.0,0.0,False,False,0.256,-0.0,87.205,1247,45.11,,,,,0,False,False,0.0,False,8.51,5.52,20.0,
8.75,22635,219.638,-1050.604,-0.009,5.207,30.0,1247,-1,36.85,False,-1,True,True,0.75,0.0,0.0,False,False,0.255,-0.0,87.206,1247,45.11,,,,,0,False,False,0.0,False,8.25,5.58,20.0,
8.8,22636,219.651,-1050.339,-0.009,5.383,30.0,1247,-1,37.12,False,-1,True,True,0.75,0.0,0.0,False,False,0.26,0.0,87.203,1247,45.11,,,,,0,False,False,0.0,False,7.99,5.6,20.0,
8.85,22637,219.664,-1050.072,-0.009,5.319,30.0,1247,-1,37.39,False,-1,True,True,0.68,0.0,0.0,False,False,0.237,-0.001,87.223,1247,45.11,,,,,0,False,False,0.0,False,7.72,5.69,20.0,
8.9,22638,219.677,-1049.805,-0.009,5.368,30.0,1247,-1,37.65,False,-1,True,True,0.75,0.0,-0.002,False,False,0.196,0.003,87.198,1247,45.11,,,,,0,False,False,0.0,False,7.45,5.66,20.0,
8.95,22639,219.691,-1049.54,-0.008,5.295,30.0,1247,-1,37.92,False,-1,True,True,0.718,0.0,0.002,False,False,0.151,-0.001,87.234,1247,45.11,,,,,0,False,False,0.0,False,7.19,5.68,20.0,
9.0,22640,219.703,-1049.273,-0.008,5.374,30.0,1247,-1,38.19,False,-1,True,True,0.75,0.0,-0.003,False,False,0.127,0.003,87.211,1247,45.11,,,,,0,False,False,0.0,False,6.92,5.65,20.0,
9.05,22641,219.717,-1049.006,-0.008,5.327,30.0,1247,-1,38.45,False,-1,True,True,0.685,0.0,0.002,False,False,0.109,-0.0,87.243,1247,45.11,,,,,0,False,False,0.0,False,6.65,5.69,20.0,
9.1,22642,219.73,-1048.738,-0.008,5.397,30.0,1247,-1,38.72,False,-1,True,True,0.75,0.0,-0.003,False,False,0.103,0.003,87.215,1247,45.11,,,,,0,False,False,0.0,False,6.39,5.66,20.0,
9.15,22643,219.743,-1048.471,-0.008,5.324,30.0,1247,-1,38.99,False,-1,True,True,0.594,0.0,0.002,False,False,0.088,-0.001,87.242,1247,45.11,,,,,0,False,False,0.0,False,6.12,5.7,20.0,
9.2,22644,219.756,-1048.198,-0.008,5.647,30.0,1247,-1,39.26,False,-1,True,True,0.75,0.0,-0.003,False,False,0.124,0.002,87.205,1247,45.11,,,,,0,False,False,0.0,False,5.85,5.66,20.0,
9.25,22645,219.77,-1047.904,-0.009,5.98,30.0,1247,-1,39.56,False,-1,True,True,0.0,0.3,0.003,False,False,0.265,-0.003,87.187,1247,45.11,,,,,0,False,False,0.0,False,5.55,5.82,20.0,
9.3,22646,219.786,-1047.595,-0.01,6.276,30.0,1247,-1,39.87,False,-1,True,True,0.0,0.3,-0.009,False,False,0.377,0.014,87.155,1247,49.03,,,,,0,False,False,0.0,False,9.19,5.99,20.0,
9.35,22647,219.802,-1047.281,-0.011,6.274,30.0,1247,-1,40.18,False,-1,True,True,0.0,0.3,0.001,False,False,0.393,0.013,87.131,1247,49.03,,,,,0,False,False,0.0,False,8.87,6.14,20.0,
9.4,22648,219.817,-1046.968,-0.01,6.292,30.0,1247,-1,40.49,False,-1,True,True,0.0,0.3,0.001,False,False,0.339,0.005,87.123,1247,49.03,,,,,0,False,False,0.0,False,8.56,6.14,20.0,
9.45,22649,219.833,-1046.66,-0.009,6.104,30.0,1247,-1,40.8,False,-1,True,True,0.0,0.3,0.0,False,False,0.232,0.002,87.136,1247,49.03,,,,,0,False,False,0.0,False,8.25,6.15,20.0,
9.5,22650,219.848,-1046.359,-0.008,5.998,30.0,1247,-1,41.1,False,-1,True,True,0.0,0.3,-0.002,False,False,0.117,0.004,87.106,1247,49.03,,,,,0,False,False,0.0,False,7.95,6.05,20.0,
9.55,22651,219.863,-1046.068,-0.007,5.753,30.0,1247,-1,41.4,False,-1,True,True,0.0,0.3,-0.002,False,False,0.002,0.006,87.119,1247,49.03,,,,,0,False,False,0.0,False,7.66,6.0,20.0,
9.6,22652,219.877,-1045.785,-0.006,5.618,30.0,1247,-1,41.68,False,-1,True,True,0.0,0.3,-0.001,False,False,-0.088,0.006,87.084,1247,49.03,,,,,0,False,False,0.0,False,7.38,5.88,20.0,
9.65,22653,219.891,-1045.513,-0.006,5.355,30.0,1247,-1,41.95,False,-1,True,True,0.0,0.257,0.003,False,False,-0.165,-0.001,87.112,1247,49.03,,,,,0,False,False,0.0,False,7.1,5.81,20.0,
9.7,22654,219.904,-1045.25,-0.005,5.25,30.0,1247,-1,42.21,False,-1,True,True,0.687,0.0,-0.002,False,False,-0.209,0.001,87.087,1247,49.03,,,,,0,False,False,0.0,False,6.84,5.68,20.0,
9.75,22655,219.917,-1044.994,-0.005,5.048,30.0,1247,-1,42.47,False,-1,True,True,0.75,0.0,0.002,False,False,-0.231,-0.001,87.125,1247,49.03,,,,,0,False,False,0.0,False,6.58,5.63,20.0,
9.8,22656,219.93,-1044.742,-0.005,5.04,30.0,1247,-1,42.72,False,-1,True,True,0.75,0.0,-0.003,False,False,-0.217,0.003,87.134,1247,49.03,,,,,0,False,False,0.0,False,6.33,5.52,20.0,
9.85,22657,219.943,-1044.491,-0.006,4.941,30.0,1247,-1,42.97,False,-1,True,True,0.75,0.0,-0.001,False,False,-0.166,0.004,87.142,1247,49.03,,,,,0,False,False,0.0,False,6.08,5.52,20.0,
9.9,22658,219.955,-1044.24,-0.006,4.937,30.0,1247,-1,43.23,False,-1,True,True,0.75,0.0,-0.001,False,False,-0.115,0.003,87.131,1247,49.03,,,,,0,False,False,0.0,False,5.83,5.47,20.0,
9.95,22659,219.967,-1044.008,-0.006,4.514,30.0,1247,-1,43.46,False,-1,True,True,0.75,0.0,0.0,False,False,-0.186,0.001,87.101,1247,49.03,,,,,0,False,False,0.0,False,5.6,5.47,20.0,
10.0,22660,219.978,-1043.792,-0.005,4.261,30.0,1247,-1,43.67,False,-1,True,True,0.75,0.0,0.002,False,False,-0.268,-0.004,87.099,1247,49.03,,,,,0,False,False,0.0,False,5.38,5.26,20.0,
10.05,22661,219.988,-1043.583,-0.005,4.128,30.0,1247,-1,43.88,False,-1,True,True,0.75,0.0,0.0,False,False,-0.3,-0.004,87.102,1247,49.03,,,,,0,False,False,0.0,False,5.17,5.13,20.0,
10.1,22662,219.999,-1043.379,-0.005,4.083,30.0,1247,-1,44.09,False,-1,True,True,0.75,0.0,0.0,False,False,-0.276,-0.002,87.103,1247,49.03,,,,,0,False,False,0.0,False,4.97,5.06,20.0,
10.15,22663,220.012,-1043.175,-0.005,4.093,30.0,1247,-1,44.29,False,-1,True,True,0.75,0.0,-0.053,False,False,-0.214,0.079,86.957,1247,52.95,,,,,0,False,False,0.0,False,8.71,5.04,20.0,
10.2,22664,220.025,-1042.968,-0.006,4.142,30.0,1247,-1,44.5,False,-1,True,True,0.75,0.0,-0.001,False,False,-0.132,0.065,86.858,1247,52.95,,,,,0,False,False,0.0,False,8.5,5.05,20.0,
10.25,22665,220.037,-1042.758,-0.007,4.215,30.0,1247,-1,44.71,False,-1,True,True,0.75,0.0,-0.001,False,False,-0.047,0.029,86.829,1247,52.95,,,,,0,False,False,0.0,False,8.29,5.07,20.0,
10.3,22666,220.049,-1042.545,-0.008,4.301,30.0,1247,-1,44.92,False,-1,True,True,0.75,0.0,-0.006,False,False,0.03,0.014,86.804,1247,52.95,,,,,0,False,False,0.0,False,8.08,5.11,20.0,
10.35,22667,220.062,-1042.327,-0.008,4.395,30.0,1247,-1,45.14,False,-1,True,True,0.75,0.0,-0.005,False,False,0.095,0.008,86.776,1247,52.95,,,,,0,False,False,0.0,False,7.86,5.15,20.0,
10.4,22668,220.075,-1042.104,-0.009,4.494,30.0,1247,-1,45.36,False,-1,True,True,0.75,0.0,-0.004,False,False,0.145,0.004,86.75,1247,52.95,,,,,0,False,False,0.0,False,7.63,5.2,20.0,
10.45,22669,220.089,-1041.876,-0.009,4.596,30.0,1247,-1,45.59,False,-1,True,True,0.75,0.0,-0.003,False,False,0.183,0.002,86.729,1247,52.95,,,,,0,False,False,0.0,False,7.41,5.25,20.0,
10.5,22670,220.102,-1041.643,-0.009,4.7,30.0,1247,-1,45.83,False,-1,True,True,0.75,0.0,-0.003,False,False,0.211,0.0,86.711,1247,52.95,,,,,0,False,False,0.0,False,7.17,5.3,20.0,
10.55,22671,220.116,-1041.406,-0.009,4.804,30.0,1247,-1,46.06,False,-1,True,True,0.75,0.0,-0.002,False,False,0.23,-0.0,86.695,1247,52.95,,,,,0,False,False,0.0,False,6.93,5.35,20.0,
10.6,22672,220.131,-1041.163,-0.009,4.908,30.0,1247,-1,46.31,False,-1,True,True,0.75,0.0,-0.002,False,False,0.243,-0.001,86.681,1247,52.95,,,,,0,False,False,0.0,False,6.69,5.4,20.0,
10.65,22673,220.145,-1040.915,-0.009,5.012,30.0,1247,-1,46.56,False,-1,True,True,0.75,0.0,-0.002,False,False,0.251,-0.001,86.669,1247,52.95,,,,,0,False,False,0.0,False,6.44,5.45,20.0,
10.7,22674,220.16,-1040.661,-0.009,5.117,30.0,1247,-1,46.81,False,-1,True,True,0.75,0.0,-0.001,False,False,0.257,-0.001,86.659,1247,52.95,,,,,0,False,False,0.0,False,6.19,5.51,20.0,
10.75,22675,220.176,-1040.403,-0.009,5.177,30.0,1247,-1,47.07,False,-1,True,True,0.75,0.0,-0.001,False,False,0.257,-0.0,86.649,1247,52.95,,,,,0,False,False,0.0,False,5.93,5.56,20.0,
10.8,22676,220.191,-1040.14,-0.009,5.323,30.0,1247,-1,47.33,False,-1,True,True,0.75,0.0,-0.001,False,False,0.256,-0.001,86.656,1247,52.95,,,,,0,False,False,0.0,False,5.67,5.59,20.0,
10.85,22677,220.207,-1039.878,-0.009,5.226,30.0,1247,-1,47.6,False,-1,True,True,0.75,0.0,-0.002,False,False,0.216,0.002,86.615,1247,52.95,,,,,0,False,False,0.0,False,5.4,5.66,20.0,
10.9,22678,220.225,-1039.616,-0.009,5.285,30.0,1247,-1,47.86,False,-1,True,True,0.75,0.0,-0.054,False,False,0.175,0.075,86.507,1247,56.88,,,,,0,False,False,0.0,False,9.08,5.61,20.0,
10.95,22679,220.243,-1039.354,-0.008,5.224,30.0,1247,-1,48.12,False,-1,True,True,0.75,0.0,-0.007,False,False,0.138,0.08,86.335,1247,56.88,,,,,0,False,False,0.0,False,8.82,5.64,20.0,
11.0,22680,220.26,-1039.091,-0.008,5.318,30.0,1247,-1,48.38,False,-1,True,True,0.75,0.0,0.003,False,False,0.123,0.038,86.292,1247,56.88,,,,,0,False,False,0.0,False,8.56,5.61,20.0,
11.05,22681,220.278,-1038.828,-0.008,5.25,30.0,1247,-1,48.65,False,-1,True,True,0.75,0.0,-0.005,False,False,0.107,0.02,86.22,1247,56.88,,,,,0,False,False,0.0,False,8.29,5.66,20.0,
11.1,22682,220.296,-1038.564,-0.008,5.317,30.0,1247,-1,48.91,False,-1,True,True,0.75,0.0,-0.001,False,False,0.098,0.009,86.217,1247,56.88,,,,,0,False,False,0.0,False,8.03,5.62,20.0,
11.15,22683,220.314,-1038.296,-0.008,5.501,30.0,1247,-1,49.18,False,-1,True,True,0.75,0.0,-0.006,False,False,0.124,0.011,86.152,1247,56.88,,,,,0,False,False,0.0,False,7.76,5.66,20.0,
11.2,22684,220.333,-1038.005,-0.01,6.008,30.0,1247,-1,49.47,False,-1,True,True,0.222,0.0,0.001,False,False,0.278,0.006,86.111,1247,56.88,,,,,0,False,False,0.0,False,7.47,5.75,20.0,
11.25,22685,220.354,-1037.697,-0.011,6.198,30.0,1247,-1,49.78,False,-1,True,True,0.0,0.3,0.0,False,False,0.397,0.001,86.095,1247,56.88,,,,,0,False,False,0.0,False,7.16,6.0,20.0,
11.3,22686,220.375,-1037.383,-0.011,6.338,30.0,1247,-1,50.09,False,-1,True,True,0.0,0.3,-0.001,False,False,0.425,0.003,86.086,1247,56.88,,,,,0,False,False,0.0,False,6.84,6.1,20.0,
11.35,22687,220.397,-1037.071,-0.01,6.225,30.0,1247,-1,50.41,False,-1,True,True,0.0,0.3,-0.001,False,False,0.36,0.005,86.074,1247,56.88,,,,,0,False,False,0.0,False,6.53,6.17,20.0,
11.4,22688,220.418,-1036.763,-0.009,6.166,30.0,1247,-1,50.72,False,-1,True,True,0.0,0.3,-0.001,False,False,0.256,0.005,86.08,1247,56.88,,,,,0,False,False,0.0,False,6.22,6.11,20.0,
11.45,22689,220.439,-1036.463,-0.008,5.941,30.0,1247,-1,51.02,False,-1,True,True,0.0,0.3,-0.002,False,False,0.129,0.007,86.047,1247,56.88,,,,,0,False,False,0.0,False,5.92,6.08,20.0,
11.5,22690,220.462,-1036.172,-0.007,5.811,30.0,1247,-1,51.31,False,-1,True,True,0.0,0.3,-0.061,False,False,0.016,0.091,85.93,1247,60.8,,,,,0,False,False,0.0,False,9.59,5.97,20.0,
11.55,22691,220.485,-1035.891,-0.006,5.553,30.0,1247,-1,51.59,False,-1,True,True,0.0,0.3,-0.009,False,False,-0.085,0.097,85.742,1247,60.8,,,,,0,False,False,0.0,False,9.3,5.91,20.0,
11.6,22692,220.506,-1035.618,-0.006,5.441,30.0,1247,-1,51.86,False,-1,True,True,0.0,0.023,0.002,False,False,-0.153,0.05,85.687,1247,60.8,,,,,0,False,False,0.0,False,9.03,5.78,20.0,
11.65,22693,220.526,-1035.354,-0.005,5.223,30.0,1247,-1,52.13,False,-1,True,True,0.379,0.0,-0.005,False,False,-0.197,0.026,85.607,1247,60.8,,,,,0,False,False,0.0,False,8.77,5.72,20.0,
11.7,22694,220.546,-1035.096,-0.005,5.154,30.0,1247,-1,52.39,False,-1,True,True,0.75,0.0,-0.001,False,False,-0.211,0.012,85.593,1247,60.8,,,,,0,False,False,0.0,False,8.51,5.61,20.0,
11.75,22695,220.566,-1034.844,-0.005,5.019,30.0,1247,-1,52.64,False,-1,True,True,0.75,0.0,-0.005,False,False,-0.206,0.01,85.532,1247,60.8,,,,,0,False,False,0.0,False,8.25,5.58,20.0,
11.8,22696,220.586,-1034.591,-0.006,5.086,30.0,1247,-1,52.89,False,-1,True,True,0.75,0.0,-0.0,False,False,-0.155,0.005,85.541,1247,60.8,,,,,0,False,False,0.0,False,8.0,5.51,20.0,
11.85,22697,220.606,-1034.34,-0.006,4.915,30.0,1247,-1,53.15,False,-1,True,True,0.75,0.0,-0.005,False,False,-0.115,0.008,85.517,1247,60.8,,,,,0,False,False,0.0,False,7.75,5.54,20.0,
11.9,22698,220.624,-1034.106,-0.006,4.556,30.0,1247,-1,53.38,False,-1,True,True,0.75,0.0,-0.002,False,False,-0.18,0.007,85.47,1247,60.8,,,,,0,False,False,0.0,False,7.51,5.46,20.0,
11.95,22699,220.642,-1033.888,-0.005,4.298,30.0,1247,-1,53.6,False,-1,True,True,0.75,0.0,0.001,False,False,-0.262,0.002,85.457,1247,60.8,,,,,0,False,False,0.0,False,7.29,5.28,20.0,
12.0,22700,220.658,-1033.679,-0.005,4.161,30.0,1247,-1,53.81,False,-1,True,True,0.75,0.0,-0.001,False,False,-0.297,0.0,85.452,1247,60.8,,,,,0,False,False,0.0,False,7.08,5.15,20.0,
12.05,22701,220.675,-1033.473,-0.005,4.113,30.0,1247,-1,54.02,False,-1,True,True,0.75,0.0,-0.001,False,False,-0.275,0.001,85.446,1247,60.8,,,,,0,False,False,0.0,False,6.88,5.08,20.0,
12.1,22702,220.691,-1033.267,-0.005,4.125,30.0,1247,-1,54.22,False,-1,True,True,0.75,0.0,-0.001,False,False,-0.213,0.002,85.44,1247,60.8,,,,,0,False,False,0.0,False,6.67,5.06,20.0,
12.15,22703,220.708,-1033.06,-0.006,4.173,30.0,1247,-1,54.43,False,-1,True,True,0.75,0.0,-0.001,False,False,-0.132,0.001,85.435,1247,60.8,,,,,0,False,False,0.0,False,6.46,5.06,20.0,
12.2,22704,220.725,-1032.849,-0.007,4.244,30.0,1247,-1,54.64,False,-1,True,True,0.75,0.0,-0.001,False,False,-0.048,0.001,85.43,1247,60.8,,,,,0,False,False,0.0,False,6.25,5.09,20.0,
12.25,22705,220.742,-1032.634,-0.008,4.329,30.0,1247,-1,54.86,False,-1,True,True,0.75,0.0,-0.001,False,False,0.028,0.001,85.427,1247,60.8,,,,,0,False,False,0.0,False,6.04,5.12,20.0,
12.3,22706,220.76,-1032.415,-0.008,4.422,30.0,1247,-1,55.03,False,-1,True,True,0.75,0.0,-0.001,False,False,0.093,0.001,85.423,1247,60.8,,,,,0,False,False,0.0,False,5.82,5.16,20.0,
12.35,22707,220.778,-1032.191,-0.008,4.521,30.0,1247,-1,55.25,False,-1,True,True,0.75,0.0,-0.0,False,False,0.143,0.0,85.421,1247,60.8,,,,,0,False,False,0.0,False,5.59,5.21,20.0,
12.4,22708,220.796,-1031.962,-0.009,4.622,30.0,1247,-1,55.48,False,-1,True,True,0.75,0.0,-0.0,False,False,0.182,0.0,85.418,1247,60.8,,,,,0,False,False,0.0,False,5.36,5.26,20.0,
12.45,22709,220.815,-1031.729,-0.009,4.725,30.0,1247,-1,55.71,False,-1,True,True,0.75,0.0,-0.0,False,False,0.209,0.0,85.416,1247,60.8,,,,,0,False,False,0.0,False,5.13,5.31,20.0,
12.5,22710,220.838,-1031.491,-0.009,4.821,30.0,1247,-1,55.95,False,-1,True,True,0.75,0.0,-0.076,False,False,0.227,0.097,85.247,1247,64.72,,,,,0,False,False,0.0,False,8.81,5.36,20.0,
12.55,22711,220.861,-1031.247,-0.009,4.926,30.0,1247,-1,56.2,False,-1,True,True,0.75,0.0,-0.007,False,False,0.239,0.107,85.064,1247,64.72,,,,,0,False,False,0.0,False,8.57,5.41,20.0,
12.6,22712,220.884,-1030.999,-0.009,5.031,30.0,1247,-1,56.45,False,-1,True,True,0.75,0.0,0.0,False,False,0.248,0.054,85.0,1247,64.72,,,,,0,False,False,0.0,False,8.32,5.46,20.0,
12.65,22713,220.907,-1030.745,-0.009,5.133,30.0,1247,-1,56.7,False,-1,True,True,0.75,0.0,-0.007,False,False,0.255,0.027,84.958,1247,64.72,,,,,0,False,False,0.0,False,8.07,5.52,20.0,
12.7,22714,220.931,-1030.487,-0.009,5.224,30.0,1247,-1,56.96,False,-1,True,True,0.75,0.0,-0.007,False,False,0.256,0.018,84.929,1247,64.72,,,,,0,False,False,0.0,False,7.81,5.57,20.0,
12.75,22715,220.955,-1030.227,-0.009,5.204,30.0,1247,-1,57.22,False,-1,True,True,0.75,0.0,-0.007,False,False,0.227,0.015,84.847,1247,64.72,,,,,0,False,False,0.0,False,7.55,5.61,20.0,
12.8,22716,220.979,-1029.969,-0.009,5.19,30.0,1247,-1,57.48,False,-1,True,True,0.75,0.0,-0.001,False,False,0.182,0.003,84.86,1247,64.72,,,,,0,False,False,0.0,False,7.29,5.6,20.0,
12.85,22717,221.002,-1029.711,-0.008,5.192,30.0,1247,-1,57.74,False,-1,True,True,0.75,0.0,-0.007,False,False,0.145,0.006,84.785,1247,64.72,,,,,0,False,False,0.0,False,7.03,5.6,20.0,
12.9,22718,221.026,-1029.452,-0.008,5.21,30.0,1247,-1,58.0,False,-1,True,True,0.75,0.0,0.001,False,False,0.122,-0.001,84.805,1247,64.72,,,,,0,False,False,0.0,False,6.77,5.6,20.0,
12.95,22719,221.05,-1029.192,-0.008,5.233,30.0,1247,-1,58.26,False,-1,True,True,0.75,0.0,-0.006,False,False,0.113,0.003,84.739,1247,64.72,,,,,0,False,False,0.0,False,6.51,5.6,20.0,
13.0,22720,221.075,-1028.932,-0.008,5.228,30.0,1247,-1,58.52,False,-1,True,True,0.75,0.0,0.002,False,False,0.101,-0.002,84.77,1247,64.72,,,,,0,False,False,0.0,False,6.24,5.62,20.0,
13.05,22721,221.099,-1028.672,-0.008,5.225,30.0,1247,-1,58.78,False,-1,True,True,0.75,0.0,-0.006,False,False,0.09,0.003,84.71,1247,64.72,,,,,0,False,False,0.0,False,5.98,5.61,20.0,
13.1,22722,221.125,-1028.399,-0.009,5.674,30.0,1247,-1,59.06,False,-1,True,True,0.75,0.0,0.002,False,False,0.182,-0.003,84.765,1247,64.72,,,,,0,False,False,0.0,False,5.71,5.61,20.0,
13.15,22723,221.155,-1028.103,-0.01,6.053,30.0,1247,-1,59.36,False,-1,True,True,0.0,0.3,-0.047,False,False,0.336,0.086,84.612,1247,68.64,,,,,0,False,False,0.0,False,9.33,5.84,20.0,
13.2,22724,221.187,-1027.795,-0.011,6.258,30.0,1247,-1,59.67,False,-1,True,True,0.0,0.3,-0.0,False,False,0.428,0.074,84.496,1247,68.64,,,,,0,False,False,0.0,False,9.02,6.03,20.0,
13.25,22725,221.217,-1027.481,-0.011,6.296,30.0,1247,-1,59.98,False,-1,True,True,0.0,0.3,0.001,False,False,0.424,0.03,84.423,1247,68.64,,,,,0,False,False,0.0,False,8.71,6.13,20.0,
13.3,22726,221.248,-1027.171,-0.01,6.207,30.0,1247,-1,60.29,False,-1,True,True,0.0,0.3,-0.0,False,False,0.34,0.006,84.438,1247,68.64,,,,,0,False,False,0.0,False,8.4,6.15,20.0,
13.35,22727,221.278,-1026.867,-0.009,6.076,30.0,1247,-1,60.6,False,-1,True,True,0.0,0.3,-0.007,False,False,0.221,0.008,84.374,1247,68.64,,,,,0,False,False,0.0,False,8.09,6.1,20.0,
13.4,22728,221.308,-1026.571,-0.008,5.916,30.0,1247,-1,60.9,False,-1,True,True,0.0,0.3,0.001,False,False,0.101,0.002,84.391,1247,68.64,,,,,0,False,False,0.0,False,7.79,6.04,20.0,
13.45,22729,221.336,-1026.283,-0.007,5.736,30.0,1247,-1,61.19,False,-1,True,True,0.0,0.3,-0.005,False,False,-0.006,0.005,84.332,1247,68.64,,,,,0,False,False,0.0,False,7.5,5.96,20.0,
13.5,22730,221.364,-1026.004,-0.006,5.542,30.0,1247,-1,61.47,False,-1,True,True,0.0,0.3,0.002,False,False,-0.095,-0.001,84.358,1247,68.64,,,,,0,False,False,0.0,False,7.22,5.87,20.0,
13.55,22731,221.391,-1025.734,-0.006,5.372,30.0,1247,-1,61.74,False,-1,True,True,0.017,0.0,-0.005,False,False,-0.16,0.003,84.302,1247,68.64,,,,,0,False,False,0.0,False,6.95,5.77,20.0,
13.6,22732,221.417,-1025.472,-0.005,5.223,30.0,1247,-1,62.0,False,-1,True,True,0.628,0.0,0.002,False,False,-0.196,-0.002,84.335,1247,68.64,,,,,0,False,False,0.0,False,6.69,5.69,20.0,
13.65,22733,221.443,-1025.216,-0.005,5.092,30.0,1247,-1,62.26,False,-1,True,True,0.75,0.0,-0.004,False,False,-0.21,0.002,84.282,1247,68.64,,,,,0,False,False,0.0,False,6.43,5.61,20.0,
13.7,22734,221.468,-1024.964,-0.005,5.067,30.0,1247,-1,62.51,False,-1,True,True,0.75,0.0,0.003,False,False,-0.188,-0.002,84.312,1247,68.64,,,,,0,False,False,0.0,False,6.18,5.55,20.0,
13.75,22735,221.493,-1024.711,-0.006,5.063,30.0,1247,-1,62.76,False,-1,True,True,0.75,0.0,-0.004,False,False,-0.137,0.002,84.258,1247,68.64,,,,,0,False,False,0.0,False,5.92,5.53,20.0,
13.8,22736,221.518,-1024.465,-0.006,4.785,30.0,1247,-1,63.01,False,-1,True,True,0.75,0.0,0.004,False,False,-0.133,-0.003,84.29,1247,68.64,,,,,0,False,False,0.0,False,5.68,5.53,20.0,
13.85,22737,221.541,-1024.239,-0.005,4.426,30.0,1247,-1,63.24,False,-1,True,True,0.75,0.0,-0.003,False,False,-0.225,0.0,84.305,1247,68.64,,,,,0,False,False,0.0,False,5.45,5.39,20.0,
13.9,22738,221.562,-1024.026,-0.005,4.207,30.0,1247,-1,63.45,False,-1,True,True,0.75,0.0,-0.002,False,False,-0.297,0.003,84.3,1247,68.64,,,,,0,False,False,0.0,False,5.24,5.21,20.0,
13.95,22739,221.583,-1023.821,-0.005,4.101,30.0,1247,-1,63.66,False,-1,True,True,0.75,0.0,-0.001,False,False,-0.311,0.003,84.294,1247,68.64,,,,,0,False,False,0.0,False,5.03,5.1,20.0,
14.0,22740,221.605,-1023.617,-0.005,4.074,30.0,1247,-1,63.86,False,-1,True,True,0.75,0.0,-0.026,False,False,-0.272,0.04,84.219,1247,72.57,,,,,0,False,False,0.0,False,8.75,5.05,20.0,
14.05,22741,221.626,-1023.414,-0.006,4.099,30.0,1247,-1,64.07,False,-1,True,True,0.75,0.0,-0.001,False,False,-0.198,0.031,84.169,1247,72.57,,,,,0,False,False,0.0,False,8.54,5.04,20.0,
14.1,22742,221.648,-1023.207,-0.006,4.156,30.0,1247,-1,64.28,False,-1,True,True,0.75,0.0,-0.001,False,False,-0.112,0.013,84.152,1247,72.57,,,,,0,False,False,0.0,False,8.34,5.05,20.0,
14.15,22743,221.669,-1022.998,-0.007,4.233,30.0,1247,-1,64.49,False,-1,True,True,0.75,0.0,-0.003,False,False,-0.027,0.006,84.137,1247,72.57,,,,,0,False,False,0.0,False,8.13,5.08,20.0,
14.2,22744,221.692,-1022.784,-0.008,4.321,30.0,1247,-1,64.7,False,-1,True,True,0.75,0.0,-0.003,False,False,0.048,0.003,84.121,1247,72.57,,,,,0,False,False,0.0,False,7.91,5.12,20.0,
14.25,22745,221.715,-1022.566,-0.008,4.417,30.0,1247,-1,64.92,False,-1,True,True,0.75,0.0,-0.002,False,False,0.109,0.002,84.107,1247,72.57,,,,,0,False,False,0.0,False,7.69,5.16,20.0,
14.3,22746,221.738,-1022.343,-0.009,4.517,30.0,1247,-1,65.15,False,-1,True,True,0.75,0.0,-0.002,False,False,0.156,0.0,84.095,1247,72.57,,,,,0,False,False,0.0,False,7.47,5.21,20.0,
14.35,22747,221.762,-1022.115,-0.009,4.619,30.0,1247,-1,65.37,False,-1,True,True,0.75,0.0,-0.002,False,False,0.191,-0.0,84.085,1247,72.57,,,,,0,False,False,0.0,False,7.24,5.26,20.0,
14.4,22748,221.786,-1021.882,-0.009,4.723,30.0,1247,-1,65.61,False,-1,True,True,0.75,0.0,-0.001,False,False,0.217,-0.0,84.076,1247,72.57,,,,,0,False,False,0.0,False,7.0,5.31,20.0,
14.45,22749,221.811,-1021.643,-0.009,4.827,30.0,1247,-1,65.85,False,-1,True,True,0.75,0.0,-0.001,False,False,0.234,-0.0,84.068,1247,72.57,,,,,0,False,False,0.0,False,6.76,5.36,20.0,
14.5,22750,221.836,-1021.4,-0.009,4.932,30.0,1247,-1,66.09,False,-1,True,True,0.75,0.0,-0.001,False,False,0.246,-0.0,84.061,1247,72.57,,,,,0,False,False,0.0,False,6.52,5.41,20.0,
14.55,22751,221.862,-1021.152,-0.009,5.036,30.0,1247,-1,66.34,False,-1,True,True,0.75,0.0,-0.001,False,False,0.253,-0.0,84.055,1247,72.57,,,,,0,False,False,0.0,False,6.27,5.47,20.0,
14.6,22752,221.889,-1020.898,-0.009,5.137,30.0,1247,-1,66.6,False,-1,True,True,0.75,0.0,-0.001,False,False,0.258,-0.0,84.05,1247,72.57,,,,,0,False,False,0.0,False,6.01,5.52,20.0,
14.65,22753,221.916,-1020.64,-0.009,5.275,30.0,1247,-1,66.86,False,-1,True,True,0.75,0.0,-0.001,False,False,0.261,-0.0,84.046,1247,72.57,,,,,0,False,False,0.0,False,5.75,5.57,20.0,
14.7,22754,221.943,-1020.376,-0.009,5.3,30.0,1247,-1,67.12,False,-1,True,True,0.75,0.0,-0.0,False,False,0.256,-0.0,84.046,1247,72.57,,,,,0,False,False,0.0,False,5.49,5.64,20.0,
14.75,22755,221.972,-1020.11,-0.009,5.381,30.0,1247,-1,67.39,False,-1,True,True,0.75,0.0,-0.014,False,False,0.241,0.025,83.984,1247,76.49,,,,,0,False,False,0.0,False,9.14,5.65,20.0,
14.8,22756,222.0,-1019.846,-0.009,5.295,30.0,1247,-1,67.66,False,-1,True,True,0.68,0.0,0.001,False,False,0.194,0.018,83.982,1247,76.49,,,,,0,False,False,0.0,False,8.88,5.69,20.0,
14.85,22757,222.029,-1019.581,-0.008,5.36,30.0,1247,-1,67.92,False,-1,True,True,0.75,0.0,-0.003,False,False,0.157,0.012,83.943,1247,76.49,,,,,0,False,False,0.0,False,8.61,5.65,20.0,
14.9,22758,222.057,-1019.317,-0.008,5.303,30.0,1247,-1,68.19,False,-1,True,True,0.742,0.0,0.001,False,False,0.125,0.003,83.967,1247,76.49,,,,,0,False,False,0.0,False,8.35,5.68,20.0,
14.95,22759,222.085,-1019.05,-0.008,5.392,30.0,1247,-1,68.46,False,-1,True,True,0.75,0.0,-0.004,False,False,0.115,0.005,83.936,1247,76.49,,,,,0,False,False,0.0,False,8.08,5.65,20.0,
15.0,22760,222.114,-1018.785,-0.008,5.317,30.0,1247,-1,68.72,False,-1,True,True,0.617,0.0,0.001,False,False,0.098,0.001,83.96,1247,76.49,,,,,0,False,False,0.0,False,7.81,5.7,20.0,
15.05,22761,222.142,-1018.518,-0.008,5.383,30.0,1247,-1,68.99,False,-1,True,True,0.75,0.0,-0.004,False,False,0.09,0.003,83.924,1247,76.49,,,,,0,False,False,0.0,False,7.54,5.66,20.0,
15.1,22762,222.173,-1018.24,-0.009,5.749,30.0,1247,-1,69.27,False,-1,True,True,0.641,0.0,0.002,False,False,0.176,-0.002,83.965,1247,76.49,,,,,0,False,False,0.0,False,7.26,5.69,20.0,
15.15,22763,222.205,-1017.939,-0.01,6.176,30.0,1247,-1,69.57,False,-1,True,True,0.0,0.3,-0.005,False,False,0.328,0.004,83.965,1247,76.49,,,,,0,False,False,0.0,False,6.96,5.87,20.0,
15.2,22764,222.238,-1017.628,-0.011,6.274,30.0,1247,-1,69.89,False,-1,True,True,0.0,0.3,-0.002,False,False,0.403,0.005,83.95,1247,76.49,,,,,0,False,False,0.0,False,6.65,6.09,20.0,
15.25,22765,222.272,-1017.313,-0.011,6.364,30.0,1247,-1,70.2,False,-1,True,True,0.0,0.3,-0.0,False,False,0.395,0.001,83.94,1247,76.49,,,,,0,False,False,0.0,False,6.33,6.14,20.0,
15.3,22766,222.305,-1017.001,-0.01,6.221,30.0,1247,-1,70.52,False,-1,True,True,0.0,0.3,-0.001,False,False,0.311,-0.002,83.936,1247,76.49,,,,,0,False,False,0.0,False,6.02,6.18,20.0,
15.35,22767,222.342,-1016.695,-0.009,6.134,30.0,1247,-1,70.82,False,-1,True,True,0.0,0.3,-0.101,False,False,0.2,0.12,83.725,1247,80.41,,,,,0,False,False,0.0,False,9.98,6.11,20.0,
15.4,22768,222.38,-1016.4,-0.008,5.9,30.0,1247,-1,71.12,False,-1,True,True,0.0,0.3,-0.041,False,False,0.075,0.186,83.417,1247,80.41,,,,,0,False,False,0.0,False,9.68,6.07,20.0,
15.45,22769,222.417,-1016.112,-0.007,5.77,30.0,1247,-1,71.41,False,-1,True,True,0.0,0.3,-0.023,False,False,-0.028,0.159,83.124,1247,80.41,,,,,0,False,False,0.0,False,9.39,5.95,20.0,
15.5,22770,222.453,-1015.834,-0.006,5.508,30.0,1247,-1,71.69,False,-1,True,True,0.0,0.3,-0.016,False,False,-0.12,0.112,82.955,1247,80.41,,,,,0,False,False,0.0,False,9.11,5.89,20.0,
15.55,22771,222.488,-1015.565,-0.005,5.398,30.0,1247,-1,71.96,False,-1,True,True,0.135,0.0,-0.019,False,False,-0.179,0.084,82.773,1247,80.41,,,,,0,False,False,0.0,False,8.84,5.75,20.0,
15.6,22772,222.523,-1015.304,-0.005,5.191,30.0,1247,-1,72.23,False,-1,True,True,0.533,0.0,-0.012,False,False,-0.212,0.061,82.679,1247,80.41,,,,,0,False,False,0.0,False,8.58,5.7,20.0,
15.65,22773,222.557,-1015.049,-0.005,5.138,30.0,1247,-1,72.49,False,-1,True,True,0.75,0.0,-0.015,False,False,-0.214,0.05,82.551,1247,80.41,,,,,0,False,False,0.0,False,8.32,5.6,20.0,
15.7,22774,222.592,-1014.797,-0.005,5.047,30.0,1247,-1,72.74,False,-1,True,True,0.75,0.0,-0.009,False,False,-0.19,0.037,82.492,1247,80.41,,,,,0,False,False,0.0,False,8.07,5.57,20.0,
15.75,22775,222.626,-1014.544,-0.006,5.115,30.0,1247,-1,72.99,False,-1,True,True,0.75,0.0,-0.011,False,False,-0.133,0.031,82.387,1247,80.41,,,,,0,False,False,0.0,False,7.81,5.52,20.0,
15.8,22776,222.66,-1014.299,-0.006,4.814,30.0,1247,-1,73.24,False,-1,True,True,0.75,0.0,-0.005,False,False,-0.13,0.02,82.346,1247,80.41,,,,,0,False,False,0.0,False,7.56,5.56,20.0,
15.85,22777,222.691,-1014.072,-0.005,4.474,30.0,1247,-1,73.47,False,-1,True,True,0.75,0.0,-0.008,False,False,-0.214,0.013,82.317,1247,80.41,,,,,0,False,False,0.0,False,7.33,5.41,20.0,
15.9,22778,222.721,-1013.857,-0.005,4.271,30.0,1247,-1,73.69,False,-1,True,True,0.75,0.0,-0.008,False,False,-0.279,0.011,82.28,1247,80.41,,,,,0,False,False,0.0,False,7.12,5.24,20.0,
15.95,22779,222.75,-1013.649,-0.005,4.176,30.0,1247,-1,73.9,False,-1,True,True,0.75,0.0,-0.006,False,False,-0.29,0.008,82.247,1247,80.41,,,,,0,False,False,0.0,False,6.91,5.14,20.0,
16.0,22780,222.779,-1013.443,-0.005,4.156,30.0,1247,-1,74.11,False,-1,True,True,0.75,0.0,-0.005,False,False,-0.25,0.005,82.218,1247,80.41,,,,,0,False,False,0.0,False,6.7,5.09,20.0,
16.05,22781,222.808,-1013.236,-0.006,4.185,30.0,1247,-1,74.31,False,-1,True,True,0.75,0.0,-0.004,False,False,-0.178,0.003,82.193,1247,80.41,,,,,0,False,False,0.0,False,6.49,5.08,20.0,
16.1,22782,222.837,-1013.026,-0.006,4.243,30.0,1247,-1,74.53,False,-1,True,True,0.75,0.0,-0.004,False,False,-0.095,0.001,82.172,1247,80.41,,,,,0,False,False,0.0,False,6.28,5.09,20.0,
16.15,22783,222.867,-1012.813,-0.007,4.32,30.0,1247,-1,74.74,False,-1,True,True,0.75,0.0,-0.003,False,False,-0.014,0.001,82.152,1247,80.41,,,,,0,False,False,0.0,False,6.06,5.12,20.0,
16.2,22784,222.897,-1012.596,-0.008,4.408,30.0,1247,-1,74.96,False,-1,True,True,0.75,0.0,-0.003,False,False,0.057,0.0,82.136,1247,80.41,,,,,0,False,False,0.0,False,5.84,5.16,20.0,
16.25,22785,222.928,-1012.374,-0.008,4.504,30.0,1247,-1,75.18,False,-1,True,True,0.75,0.0,-0.002,False,False,0.115,-0.0,82.121,1247,80.41,,,,,0,False,False,0.0,False,5.62,5.2,20.0,
16.3,22786,222.959,-1012.148,-0.009,4.603,30.0,1247,-1,75.41,False,-1,True,True,0.75,0.0,-0.002,False,False,0.16,-0.0,82.109,1247,80.41,,,,,0,False,False,0.0,False,5.39,5.25,20.0,
16.35,22787,222.992,-1011.916,-0.009,4.705,30.0,1247,-1,75.65,False,-1,True,True,0.75,0.0,-0.002,False,False,0.194,-0.0,82.098,1247,80.41,,,,,0,False,False,0.0,False,5.16,5.3,20.0,
16.4,22788,223.029,-1011.681,-0.009,4.797,30.0,1247,-1,75.88,False,-1,True,True,0.75,0.0,-0.102,False,False,0.215,0.11,81.902,1247,84.33,,,,,0,False,False,0.0,False,8.89,5.35,20.0,
16.45,22789,223.076,-1011.444,-0.009,4.87,30.0,1247,-1,76.12,False,-1,True,True,0.75,0.0,-0.202,False,False,0.221,0.365,81.256,1247,84.33,,,,,0,False,False,0.0,False,8.65,5.4,20.0,
16.5,22790,223.13,-1011.204,-0.009,4.972,30.0,1247,-1,76.37,False,-1,True,True,0.75,0.0,-0.157,False,False,0.224,0.536,80.356,1247,84.33,,,,,0,False,False,0.0,False,8.4,5.44,20.0,
16.55,22791,223.188,-1010.959,-0.009,5.082,30.0,1247,-1,76.62,False,-1,True,True,0.75,0.0,-0.108,False,False,0.233,0.52,79.551,1247,84.33,,,,,0,False,False,0.0,False,8.15,5.49,20.0,
16.6,22792,223.247,-1010.709,-0.009,5.198,30.0,1247,-1,76.87,False,-1,True,True,0.75,0.0,-0.088,False,False,0.243,0.422,78.895,1247,84.33,,,,,0,False,False,0.0,False,7.89,5.54,20.0,
16.65,22793,223.308,-1010.455,-0.009,5.235,30.0,1247,-1,77.13,False,-1,True,True,0.75,0.0,-0.078,False,False,0.24,0.326,78.293,1247,84.33,,,,,0,False,False,0.0,False,7.63,5.6,20.0,
16.7,22794,223.37,-1010.202,-0.009,5.216,30.0,1247,-1,77.39,False,-1,True,True,0.75,0.0,-0.062,False,False,0.203,0.235,77.835,1247,84.33,,,,,0,False,False,0.0,False,7.37,5.62,20.0,
16.75,22795,223.432,-1009.95,-0.008,5.208,30.0,1247,-1,77.65,False,-1,True,True,0.75,0.0,-0.057,False,False,0.161,0.172,77.353,1247,84.33,,,,,0,False,False,0.0,False,7.11,5.61,20.0,
16.8,22796,223.495,-1009.697,-0.008,5.221,30.0,1247,-1,77.91,False,-1,True,True,0.75,0.0,-0.04,False,False,0.132,0.116,77.029,1247,84.33,,,,,0,False,False,0.0,False,6.85,5.6,20.0,
16.85,22797,223.559,-1009.444,-0.008,5.244,30.0,1247,-1,78.17,False,-1,True,True,0.75,0.0,-0.041,False,False,0.117,0.086,76.673,1247,84.33,,,,,0,False,False,0.0,False,6.59,5.61,20.0,
16.9,22798,223.624,-1009.189,-0.008,5.249,30.0,1247,-1,78.43,False,-1,True,True,0.75,0.0,-0.027,False,False,0.107,0.056,76.461,1247,84.33,,,,,0,False,False,0.0,False,6.33,5.62,20.0,
16.95,22799,223.689,-1008.935,-0.008,5.243,30.0,1247,-1,78.68,False,-1,True,True,0.75,0.0,-0.03,False,False,0.094,0.044,76.201,1247,84.33,,,,,0,False,False,0.0,False,6.07,5.62,20.0,
17.0,22800,223.756,-1008.677,-0.008,5.5,30.0,1247,-1,78.95,False,-1,True,True,0.75,0.0,-0.018,False,False,0.126,0.03,76.073,1247,84.33,,,,,0,False,False,0.0,False,5.8,5.62,20.0,
17.05,22801,223.829,-1008.396,-0.009,5.939,30.0,1247,-1,79.13,False,-1,True,True,0.227,0.0,-0.023,False,False,0.277,0.037,75.906,1247,84.33,,,,,0,False,False,0.0,False,5.51,5.75,20.0,
17.1,22802,223.911,-1008.101,-0.011,6.187,30.0,1247,-1,79.43,False,-1,True,True,0.0,0.3,-0.123,False,False,0.397,0.182,75.542,1247,88.26,,,,,0,False,False,0.0,False,9.1,5.97,20.0,
17.15,22803,224.001,-1007.803,-0.011,6.247,30.0,1247,-1,79.75,False,-1,True,True,0.0,0.3,-0.11,False,False,0.415,0.357,74.833,1247,88.26,,,,,0,False,False,0.0,False,8.79,6.09,20.0,
17.2,22804,224.092,-1007.507,-0.01,6.173,30.0,1247,-1,80.0,False,-1,True,True,0.0,0.3,-0.061,False,False,0.346,0.35,74.225,1247,88.26,,,,,0,False,False,0.0,False,8.48,6.12,20.0,
17.25,22805,224.181,-1007.216,-0.009,6.046,30.0,1247,-1,80.22,False,-1,True,True,0.0,0.3,-0.048,False,False,0.234,0.281,73.681,1247,88.26,,,,,0,False,False,0.0,False,8.18,6.09,20.0,
17.3,22806,224.27,-1006.933,-0.008,5.894,30.0,1247,-1,80.52,False,-1,True,True,0.0,0.3,-0.036,False,False,0.115,0.206,73.322,1247,88.26,,,,,0,False,False,0.0,False,7.88,6.02,20.0,
17.35,22807,224.357,-1006.658,-0.007,5.715,30.0,1247,-1,80.81,False,-1,True,True,0.0,0.3,-0.037,False,False,0.007,0.159,72.957,1247,88.26,,,,,0,False,False,0.0,False,7.59,5.95,20.0,
17.4,22808,224.442,-1006.393,-0.006,5.527,30.0,1247,-1,81.03,False,-1,True,True,0.0,0.3,-0.025,False,False,-0.084,0.116,72.731,1247,88.26,,,,,0,False,False,0.0,False,7.31,5.86,20.0,
17.45,22809,224.525,-1006.135,-0.006,5.359,30.0,1247,-1,81.3,False,-1,True,True,0.077,0.0,-0.027,False,False,-0.151,0.09,72.469,1247,88.26,,,,,0,False,False,0.0,False,7.04,5.76,20.0,
17.5,22810,224.607,-1005.885,-0.005,5.219,30.0,1247,-1,81.56,False,-1,True,True,0.681,0.0,-0.017,False,False,-0.186,0.063,72.331,1247,88.26,,,,,0,False,False,0.0,False,6.78,5.68,20.0,
17.55,22811,224.687,-1005.641,-0.005,5.095,30.0,1247,-1,81.82,False,-1,True,True,0.75,0.0,-0.021,False,False,-0.199,0.051,72.138,1247,88.26,,,,,0,False,False,0.0,False,6.52,5.61,20.0,
17.6,22812,224.766,-1005.401,-0.005,5.037,30.0,1247,-1,82.0,False,-1,True,True,0.75,0.0,-0.011,False,False,-0.187,0.035,72.057,1247,88.26,,,,,0,False,False,0.0,False,6.27,5.55,20.0,
17.65,22813,224.845,-1005.161,-0.006,5.033,30.0,1247,-1,82.25,False,-1,True,True,0.75,0.0,-0.016,False,False,-0.142,0.031,71.906,1247,88.26,,,,,0,False,False,0.0,False,6.02,5.52,20.0,
17.7,22814,224.924,-1004.923,-0.006,4.94,30.0,1247,-1,82.5,False,-1,True,True,0.75,0.0,-0.006,False,False,-0.1,0.019,71.847,1247,88.26,,,,,0,False,False,0.0,False,5.77,5.52,20.0,
17.75,22815,224.998,-1004.7,-0.006,4.563,30.0,1247,-1,82.74,False,-1,True,True,0.75,0.0,-0.01,False,False,-0.164,0.014,71.804,1247,88.26,,,,,0,False,False,0.0,False,5.53,5.47,20.0,
17.8,22816,225.068,-1004.492,-0.005,4.323,30.0,1247,-1,82.96,False,-1,True,True,0.75,0.0,-0.01,False,False,-0.243,0.013,71.755,1247,88.26,,,,,0,False,False,0.0,False,5.31,5.28,20.0,
17.85,22817,225.135,-1004.291,-0.005,4.199,30.0,1247,-1,83.17,False,-1,True,True,0.75,0.0,-0.008,False,False,-0.274,0.01,71.71,1247,88.26,,,,,0,False,False,0.0,False,5.1,5.16,20.0,
17.9,22818,225.201,-1004.093,-0.005,4.159,30.0,1247,-1,83.38,False,-1,True,True,0.75,0.0,-0.006,False,False,-0.252,0.007,71.672,1247,88.26,,,,,0,False,False,0.0,False,4.89,5.1,20.0,
17.95,22819,225.271,-1003.897,-0.006,4.166,30.0,1247,-1,83.58,False,-1,True,True,0.75,0.0,-0.106,False,False,-0.194,0.11,71.462,1247,92.18,,,,,0,False,False,0.0,False,8.62,5.08,20.0,
18.0,22820,225.344,-1003.7,-0.006,4.218,30.0,1247,-1,83.79,False,-1,True,True,0.75,0.0,-0.057,False,False,-0.118,0.177,71.133,1247,92.18,,,,,0,False,False,0.0,False,8.41,5.08,20.0,
18.05,22821,225.418,-1003.499,-0.007,4.292,30.0,1247,-1,84.01,False,-1,True,True,0.75,0.0,-0.037,False,False,-0.037,0.158,70.875,1247,92.18,,,,,0,False,False,0.0,False,8.19,5.11,20.0,
18.1,22822,225.493,-1003.295,-0.008,4.378,30.0,1247,-1,84.23,False,-1,True,True,0.75,0.0,-0.034,False,False,0.037,0.124,70.665,1247,92.18,,,,,0,False,False,0.0,False,7.98,5.15,20.0,
18.15,22823,225.571,-1003.086,-0.008,4.472,30.0,1247,-1,84.45,False,-1,True,True,0.75,0.0,-0.03,False,False,0.099,0.095,70.478,1247,92.18,,,,,0,False,False,0.0,False,7.75,5.19,20.0,
18.2,22824,225.65,-1002.874,-0.009,4.571,30.0,1247,-1,84.67,False,-1,True,True,0.75,0.0,-0.026,False,False,0.148,0.07,70.312,1247,92.18,,,,,0,False,False,0.0,False,7.53,5.24,20.0,
18.25,22825,225.731,-1002.656,-0.009,4.673,30.0,1247,-1,84.91,False,-1,True,True,0.75,0.0,-0.022,False,False,0.185,0.05,70.167,1247,92.18,,,,,0,False,False,0.0,False,7.29,5.29,20.0,
18.3,22826,225.814,-1002.434,-0.009,4.776,30.0,1247,-1,85.14,False,-1,True,True,0.75,0.0,-0.018,False,False,0.212,0.034,70.042,1247,92.18,,,,,0,False,False,0.0,False,7.06,5.34,20.0,
18.35,22827,225.899,-1002.208,-0.009,4.88,30.0,1247,-1,85.38,False,-1,True,True,0.75,0.0,-0.016,False,False,0.23,0.023,69.933,1247,92.18,,,,,0,False,False,0.0,False,6.82,5.39,20.0,
18.4,22828,225.985,-1001.976,-0.009,4.984,30.0,1247,-1,85.63,False,-1,True,True,0.75,0.0,-0.013,False,False,0.243,0.015,69.839,1247,92.18,,,,,0,False,False,0.0,False,6.57,5.44,20.0,
18.45,22829,226.074,-1001.74,-0.009,5.087,30.0,1247,-1,85.88,False,-1,True,True,0.75,0.0,-0.011,False,False,0.251,0.009,69.758,1247,92.18,,,,,0,False,False,0.0,False,6.32,5.49,20.0,
18.5,22830,226.164,-1001.498,-0.009,5.22,30.0,1247,-1,86.14,False,-1,True,True,0.75,0.0,-0.009,False,False,0.258,0.005,69.689,1247,92.18,,,,,0,False,False,0.0,False,6.06,5.54,20.0,
18.55,22831,226.256,-1001.253,-0.009,5.246,30.0,1247,-1,86.4,False,-1,True,True,0.75,0.0,-0.008,False,False,0.254,0.003,69.623,1247,92.18,,,,,0,False,False,0.0,False,5.8,5.61,20.0,
18.6,22832,226.35,-1001.005,-0.009,5.317,30.0,1247,-1,86.67,False,-1,True,True,0.75,0.0,-0.006,False,False,0.236,0.0,69.59,1247,92.18,,,,,0,False,False,0.0,False,5.53,5.62,20.0,
18.65,22833,226.445,-1000.761,-0.009,5.225,30.0,1247,-1,86.93,False,-1,True,True,0.75,0.0,-0.106,False,False,0.186,0.105,69.354,1247,96.1,,,,,0,False,False,0.0,False,9.61,5.66,20.0,
18.7,22834,226.548,-1000.519,-0.008,5.281,30.0,1247,-1,87.19,False,-1,True,True,0.75,0.0,-0.149,False,False,0.145,0.316,68.807,1247,96.1,,,,,0,False,False,0.0,False,9.35,5.61,20.0,
18.75,22835,226.653,-1000.28,-0.008,5.23,30.0,1247,-1,87.45,False,-1,True,True,0.75,0.0,-0.108,False,False,0.114,0.401,68.083,1247,96.1,,,,,0,False,False,0.0,False,9.09,5.64,20.0,
18.8,22836,226.761,-1000.039,-0.008,5.316,30.0,1247,-1,87.72,False,-1,True,True,0.75,0.0,-0.071,False,False,0.107,0.359,67.495,1247,96.1,,,,,0,False,False,0.0,False,8.82,5.61,20.0,
18.85,22837,226.869,-999.799,-0.008,5.241,30.0,1247,-1,87.98,False,-1,True,True,0.75,0.0,-0.062,False,False,0.091,0.288,66.959,1247,96.1,,,,,0,False,False,0.0,False,8.56,5.66,20.0,
18.9,22838,226.979,-999.558,-0.008,5.353,30.0,1247,-1,88.25,False,-1,True,True,0.75,0.0,-0.048,False,False,0.089,0.219,66.563,1247,96.1,,,,,0,False,False,0.0,False,8.3,5.62,20.0,
18.95,22839,227.097,-999.302,-0.009,5.773,30.0,1247,-1,88.53,False,-1,True,True,0.75,0.0,-0.045,False,False,0.206,0.186,66.21,1247,96.1,,,,,0,False,False,0.0,False,8.01,5.68,20.0,
19.0,22840,227.225,-999.027,-0.01,6.209,30.0,1247,-1,88.83,False,-1,True,True,0.0,0.3,-0.037,False,False,0.363,0.159,65.872,1247,96.1,,,,,0,False,False,0.0,False,7.71,5.89,20.0,
19.05,22841,227.359,-998.741,-0.011,6.328,30.0,1247,-1,89.15,False,-1,True,True,0.0,0.3,-0.027,False,False,0.439,0.121,65.583,1247,96.1,,,,,0,False,False,0.0,False,7.4,6.1,20.0,
19.1,22842,227.495,-998.452,-0.011,6.434,30.0,1247,-1,89.47,False,-1,True,True,0.0,0.3,-0.021,False,False,0.431,0.085,65.354,1247,96.1,,,,,0,False,False,0.0,False,7.08,6.16,20.0,
19.15,22843,227.63,-998.165,-0.01,6.297,30.0,1247,-1,89.78,False,-1,True,True,0.0,0.3,-0.018,False,False,0.344,0.06,65.157,1247,96.1,,,,,0,False,False,0.0,False,6.76,6.22,20.0,
19.2,22844,227.763,-997.883,-0.009,6.216,30.0,1247,-1,90.09,False,-1,True,True,0.0,0.3,-0.014,False,False,0.227,0.041,65.033,1247,96.1,,,,,0,False,False,0.0,False,6.45,6.15,20.0,
19.25,22845,227.892,-997.609,-0.008,5.988,30.0,1247,-1,90.4,False,-1,True,True,0.0,0.3,-0.015,False,False,0.098,0.034,64.882,1247,96.1,,,,,0,False,False,0.0,False,6.14,6.11,20.0,
19.3,22846,228.019,-997.343,-0.007,5.86,30.0,1247,-1,90.69,False,-1,True,True,0.0,0.3,-0.008,False,False,-0.009,0.022,64.806,1247,96.1,,,,,0,False,False,0.0,False,5.85,5.99,20.0,
19.35,22847,228.144,-997.088,-0.006,5.589,30.0,1247,-1,90.97,False,-1,True,True,0.0,0.3,-0.108,False,False,-0.108,0.121,64.543,1247,100.02,,,,,0,False,False,0.0,False,9.63,5.93,20.0,
19.4,22848,228.273,-996.846,-0.005,5.428,30.0,1247,-1,91.25,False,-1,True,True,0.0,0.162,-0.208,False,False,-0.185,0.364,63.918,1247,100.02,,,,,0,False,False,0.0,False,9.36,5.79,20.0,
19.45,22849,228.405,-996.621,-0.005,5.154,30.0,1247,-1,91.51,False,-1,True,True,0.419,0.0,-0.298,False,False,-0.252,0.655,62.759,1247,100.02,,,,,0,False,False,0.0,False,9.1,5.71,20.0,
19.5,22850,228.54,-996.406,-0.005,5.078,30.0,1247,-1,91.76,False,-1,True,True,0.75,0.0,-0.222,False,False,-0.276,0.774,61.431,1247,100.02,,,,,0,False,False,0.0,False,8.85,5.58,20.0,
19.55,22851,228.677,-996.195,-0.005,5.038,30.0,1247,-1,92.01,False,-1,True,True,0.75,0.0,-0.166,False,False,-0.24,0.724,60.176,1247,100.02,,,,,0,False,False,0.0,False,8.6,5.54,20.0,
19.6,22852,228.817,-995.984,-0.006,5.081,30.0,1247,-1,92.25,False,-1,True,True,0.75,0.0,-0.13,False,False,-0.173,0.597,59.194,1247,100.02,,,,,0,False,False,0.0,False,8.34,5.52,20.0,
19.65,22853,228.954,-995.784,-0.006,4.67,30.0,1247,-1,92.49,False,-1,True,True,0.75,0.0,-0.117,False,False,-0.192,0.45,58.444,1247,100.02,,,,,0,False,False,0.0,False,8.1,5.54,20.0,
19.7,22854,229.08,-995.602,-0.005,4.333,30.0,1247,-1,92.71,False,-1,True,True,0.75,0.0,-0.108,False,False,-0.284,0.321,57.842,1247,100.02,,,,,0,False,False,0.0,False,7.88,5.34,20.0,
19.75,22855,229.201,-995.431,-0.004,4.134,30.0,1247,-1,92.91,False,-1,True,True,0.75,0.0,-0.099,False,False,-0.341,0.228,57.315,1247,100.02,,,,,0,False,False,0.021,False,7.67,5.17,20.0,
19.8,22856,229.319,-995.266,-0.004,4.042,30.0,1247,-1,93.08,False,-1,True,True,0.75,0.0,-0.086,False,False,-0.338,0.16,56.849,1247,100.02,,,,,0,False,False,0.042,False,7.47,5.07,20.0,
19.85,22857,229.436,-995.102,-0.005,4.027,30.0,1247,-1,93.28,False,-1,True,True,0.75,0.0,-0.074,False,False,-0.283,0.108,56.441,1247,100.02,,,,,0,False,False,0.056,False,7.26,5.02,20.0,
19.9,22858,229.555,-994.937,-0.006,4.06,30.0,1247,-1,93.48,False,-1,True,True,0.75,0.0,-0.064,False,False,-0.2,0.07,56.081,1247,100.02,,,,,0,False,False,0.068,False,7.06,5.01,20.0,
19.95,22859,229.675,-994.771,-0.006,4.122,30.0,1247,-1,93.69,False,-1,True,True,0.75,0.0,-0.055,False,False,-0.107,0.044,55.763,1247,100.02,,,,,0,False,False,0.074,False,6.86,5.03,20.0,
20.0,22860,229.798,-994.601,-0.007,4.202,30.0,1247,-1,93.89,False,-1,True,True,0.75,0.0,-0.047,False,False,-0.02,0.026,55.484,1247,100.02,,,,,0,False,False,0.079,False,6.65,5.06,20.0,
20.05,22861,229.923,-994.428,-0.008,4.292,30.0,1247,-1,94.08,False,-1,True,True,0.75,0.0,-0.041,False,False,0.056,0.014,55.238,1247,100.02,,,,,0,False,False,0.078,False,6.43,5.1,20.0,
20.1,22862,230.051,-994.252,-0.008,4.39,30.0,1247,-1,94.3,False,-1,True,True,0.75,0.0,-0.035,False,False,0.116,0.007,55.022,1247,100.02,,,,,0,False,False,0.076,False,6.22,5.15,20.0,
20.15,22863,230.182,-994.072,-0.009,4.491,30.0,1247,-1,94.52,False,-1,True,True,0.75,0.0,-0.029,False,False,0.163,0.002,54.833,1247,100.02,,,,,0,False,False,0.067,False,5.99,5.19,20.0,
20.2,22864,230.316,-993.887,-0.009,4.595,30.0,1247,-1,94.75,False,-1,True,True,0.75,0.0,-0.025,False,False,0.197,-0.0,54.669,1247,100.02,,,,,0,False,False,0.048,False,5.77,5.25,20.0,
20.25,22865,230.454,-993.699,-0.009,4.699,30.0,1247,-1,94.98,False,-1,True,True,0.75,0.0,-0.021,False,False,0.221,-0.001,54.526,1247,100.02,,,,,0,False,False,0.021,False,5.53,5.3,20.0,
20.3,22866,230.594,-993.506,-0.009,4.804,30.0,1247,-1,95.11,False,-1,True,True,0.75,0.0,-0.018,False,False,0.238,-0.002,54.402,1247,100.02,,,,,0,False,False,0.0,False,5.29,5.35,20.0,
20.35,22867,230.741,-993.313,-0.009,4.896,30.0,1247,-1,95.35,False,-1,True,True,0.75,0.0,-0.118,False,False,0.245,0.112,54.101,1247,103.95,,,,,1,False,False,0.0,False,8.9,5.4,20.0,
20.4,22868,230.897,-993.122,-0.009,4.968,30.0,1247,-1,95.6,False,-1,True,True,0.75,0.0,-0.218,False,False,0.24,0.375,53.35,1247,103.95,,,,,0,False,False,0.026,False,8.65,5.45,20.0,
20.45,22869,231.062,-992.934,-0.009,5.07,30.0,1247,-1,95.85,False,-1,True,True,0.75,0.0,-0.171,False,False,0.234,0.563,52.349,1247,103.95,,,,,0,False,False,0.048,False,8.4,5.48,20.0,
20.5,22870,231.232,-992.741,-0.009,5.185,30.0,1247,-1,96.09,False,-1,True,True,0.75,0.0,-0.118,False,False,0.239,0.539,51.463,1247,103.95,,,,,0,False,False,0.073,False,8.14,5.53,20.0,
20.55,22871,231.404,-992.547,-0.009,5.193,30.0,1247,-1,96.35,False,-1,True,True,0.75,0.0,-0.098,False,False,0.227,0.432,50.685,1247,103.95,,,,,0,False,False,0.099,False,7.88,5.59,20.0,
20.6,22872,231.576,-992.355,-0.009,5.18,30.0,1247,-1,96.61,False,-1,True,True,0.75,0.0,-0.081,False,False,0.187,0.321,50.083,1247,103.95,,,,,0,False,False,0.118,False,7.63,5.6,20.0,
20.65,22873,231.749,-992.163,-0.008,5.174,30.0,1247,-1,96.87,False,-1,True,True,0.75,0.0,-0.074,False,False,0.149,0.241,49.477,1247,103.95,,,,,0,False,False,0.131,False,7.37,5.59,20.0,
20.7,22874,231.924,-991.972,-0.008,5.193,30.0,1247,-1,97.0,False,-1,True,True,0.75,0.0,-0.054,False,False,0.124,0.17,49.046,1247,103.95,,,,,0,False,False,0.146,False,7.11,5.59,20.0,
20.75,22875,232.099,-991.78,-0.008,5.218,30.0,1247,-1,97.27,False,-1,True,True,0.75,0.0,-0.052,False,False,0.113,0.127,48.598,1247,103.95,,,,,0,False,False,0.155,False,6.85,5.6,20.0,
20.8,22876,232.276,-991.588,-0.008,5.217,30.0,1247,-1,97.53,False,-1,True,True,0.75,0.0,-0.037,False,False,0.103,0.087,48.304,1247,103.95,,,,,0,False,False,0.169,False,6.59,5.61,20.0,
20.85,22877,232.452,-991.397,-0.008,5.211,30.0,1247,-1,97.79,False,-1,True,True,0.75,0.0,-0.037,False,False,0.091,0.066,47.978,1247,103.95,,,,,0,False,False,0.18,False,6.33,5.61,20.0,
20.9,22878,232.636,-991.199,-0.008,5.568,30.0,1247,-1,98.0,False,-1,True,True,0.75,0.0,-0.025,False,False,0.152,0.05,47.743,1247,103.95,,,,,0,False,False,0.186,False,6.06,5.61,20.0,
20.95,22879,232.835,-990.985,-0.01,5.987,30.0,1247,-1,98.29,False,-1,True,True,0.0,0.015,-0.023,False,False,0.31,0.047,47.496,1247,103.95,,,,,0,False,False,0.182,False,5.77,5.78,20.0,
21.0,22880,233.049,-990.763,-0.011,6.219,30.0,1247,-1,98.59,False,-1,True,True,0.0,0.3,-0.123,False,False,0.42,0.186,47.096,1247,107.87,,,,,0,False,False,0.166,False,9.36,5.99,20.0,
21.05,22881,233.271,-990.543,-0.011,6.266,30.0,1247,-1,98.9,False,-1,True,True,0.0,0.3,-0.11,False,False,0.426,0.358,46.37,1247,107.87,,,,,0,False,False,0.141,False,9.04,6.11,20.0,
21.1,22882,233.493,-990.325,-0.01,6.186,30.0,1247,-1,99.21,False,-1,True,True,0.0,0.3,-0.061,False,False,0.347,0.351,45.755,1247,107.87,,,,,0,False,False,0.115,False,8.73,6.13,20.0,
21.15,22883,233.71,-990.112,-0.009,6.055,30.0,1247,-1,99.51,False,-1,True,True,0.0,0.3,-0.049,False,False,0.23,0.284,45.203,1247,107.87,,,,,0,False,False,0.086,False,8.43,6.09,20.0,
21.2,22884,233.923,-989.906,-0.008,5.901,30.0,1247,-1,99.81,False,-1,True,True,0.0,0.3,-0.036,False,False,0.11,0.21,44.838,1247,107.87,,,,,0,False,False,0.058,False,8.13,6.03,20.0,
21.25,22885,234.131,-989.705,-0.007,5.72,30.0,1247,-1,100.1,False,-1,True,True,0.0,0.3,-0.038,False,False,0.001,0.163,44.467,1247,107.87,,,,,1,False,False,0.0,False,7.84,5.95,20.0,
21.3,22886,234.333,-989.512,-0.006,5.531,30.0,1247,-1,100.38,False,-1,True,True,0.0,0.3,-0.025,False,False,-0.089,0.119,44.238,1247,107.87,,,,,0,False,False,0.0,False,7.56,5.86,20.0,
21.35,22887,234.529,-989.325,-0.006,5.361,30.0,1247,-1,100.65,False,-1,True,True,0.062,0.0,-0.028,False,False,-0.155,0.093,43.973,1247,107.87,,,,,0,False,False,0.0,False,7.29,5.77,20.0,
21.4,22888,234.72,-989.144,-0.005,5.219,30.0,1247,-1,100.91,False,-1,True,True,0.67,0.0,-0.017,False,False,-0.19,0.066,43.833,1247,107.87,,,,,0,False,False,0.0,False,7.03,5.68,20.0,
21.45,22889,234.906,-988.968,-0.005,5.093,30.0,1247,-1,101.16,False,-1,True,True,0.75,0.0,-0.021,False,False,-0.203,0.053,43.638,1247,107.87,,,,,0,False,False,0.0,False,6.77,5.61,20.0,
21.5,22890,235.091,-988.794,-0.005,5.053,30.0,1247,-1,101.42,False,-1,True,True,0.75,0.0,-0.011,False,False,-0.187,0.037,43.568,1247,107.87,,,,,0,False,False,0.0,False,6.52,5.55,20.0,
21.55,22891,235.275,-988.621,-0.006,5.047,30.0,1247,-1,101.67,False,-1,True,True,0.75,0.0,-0.017,False,False,-0.138,0.034,43.424,1247,107.87,,,,,0,False,False,0.0,False,6.27,5.53,20.0,
21.6,22892,235.458,-988.451,-0.006,4.868,30.0,1247,-1,101.92,False,-1,True,True,0.75,0.0,-0.007,False,False,-0.112,0.023,43.361,1247,107.87,,,,,0,False,False,0.0,False,6.02,5.52,20.0,
21.65,22893,235.626,-988.293,-0.006,4.499,30.0,1247,-1,102.15,False,-1,True,True,0.75,0.0,-0.01,False,False,-0.192,0.016,43.283,1247,107.87,,,,,0,False,False,0.0,False,5.79,5.43,20.0,
21.7,22894,235.785,-988.145,-0.005,4.272,30.0,1247,-1,102.36,False,-1,True,True,0.75,0.0,-0.007,False,False,-0.267,0.01,43.232,1247,107.87,,,,,0,False,False,0.0,False,5.57,5.25,20.0,
21.75,22895,235.938,-988.002,-0.005,4.159,30.0,1247,-1,102.57,False,-1,True,True,0.75,0.0,-0.007,False,False,-0.29,0.007,43.192,1247,107.87,,,,,0,False,False,0.0,False,5.36,5.14,20.0,
21.8,22896,236.089,-987.861,-0.005,4.127,30.0,1247,-1,102.78,False,-1,True,True,0.75,0.0,-0.006,False,False,-0.259,0.005,43.156,1247,107.87,,,,,0,False,False,0.0,False,5.15,5.08,20.0,
21.85,22897,236.241,-987.719,-0.006,4.149,30.0,1247,-1,102.99,False,-1,True,True,0.75,0.0,-0.005,False,False,-0.192,0.004,43.125,1247,107.87,,,,,0,False,False,0.0,False,4.95,5.06,20.0,
21.9,22898,236.397,-987.579,-0.006,4.193,30.0,1247,-1,103.2,False,-1,True,True,0.75,0.0,-0.105,False,False,-0.113,0.109,42.918,1247,111.79,,,,,0,False,False,0.0,False,8.65,5.07,20.0,
21.95,22899,236.557,-987.439,-0.007,4.269,30.0,1247,-1,103.41,False,-1,True,True,0.75,0.0,-0.054,False,False,-0.032,0.174,42.598,1247,111.79,,,,,0,False,False,0.0,False,8.44,5.1,20.0,
22.0,22900,236.719,-987.296,-0.008,4.357,30.0,1247,-1,103.62,False,-1,True,True,0.75,0.0,-0.034,False,False,0.041,0.154,42.351,1247,111.79,,,,,0,False,False,0.0,False,8.22,5.13,20.0,
22.05,22901,236.886,-987.15,-0.008,4.452,30.0,1247,-1,103.84,False,-1,True,True,0.75,0.0,-0.031,False,False,0.103,0.12,42.15,1247,111.79,,,,,0,False,False,0.0,False,8.0,5.18,20.0,
22.1,22902,237.056,-987.002,-0.009,4.552,30.0,1247,-1,104.07,False,-1,True,True,0.75,0.0,-0.028,False,False,0.152,0.092,41.972,1247,111.79,,,,,0,False,False,0.0,False,7.78,5.23,20.0,
22.15,22903,237.23,-986.85,-0.009,4.655,30.0,1247,-1,104.3,False,-1,True,True,0.75,0.0,-0.024,False,False,0.188,0.068,41.814,1247,111.79,,,,,0,False,False,0.0,False,7.55,5.28,20.0,
22.2,22904,237.408,-986.694,-0.009,4.758,30.0,1247,-1,104.54,False,-1,True,True,0.75,0.0,-0.02,False,False,0.214,0.048,41.677,1247,111.79,,,,,0,False,False,0.0,False,7.31,5.33,20.0,
22.25,22905,237.589,-986.536,-0.009,4.863,30.0,1247,-1,104.78,False,-1,True,True,0.75,0.0,-0.017,False,False,0.232,0.033,41.558,1247,111.79,,,,,0,False,False,0.0,False,7.07,5.38,20.0,
22.3,22906,237.775,-986.374,-0.009,4.967,30.0,1247,-1,105.02,False,-1,True,True,0.75,0.0,-0.014,False,False,0.244,0.022,41.455,1247,111.79,,,,,0,False,False,0.0,False,6.82,5.43,20.0,
22.35,22907,237.965,-986.209,-0.009,5.071,30.0,1247,-1,105.28,False,-1,True,True,0.75,0.0,-0.012,False,False,0.253,0.014,41.366,1247,111.79,,,,,0,False,False,0.0,False,6.57,5.48,20.0,
22.4,22908,238.158,-986.041,-0.009,5.157,30.0,1247,-1,105.53,False,-1,True,True,0.75,0.0,-0.01,False,False,0.256,0.009,41.29,1247,111.79,,,,,0,False,False,0.0,False,6.31,5.54,20.0,
22.45,22909,238.356,-985.869,-0.009,5.309,30.0,1247,-1,105.79,False,-1,True,True,0.75,0.0,-0.009,False,False,0.26,0.005,41.223,1247,111.79,,,,,0,False,False,0.0,False,6.05,5.58,20.0,
22.5,22910,238.556,-985.695,-0.009,5.267,30.0,1247,-1,106.06,False,-1,True,True,0.75,0.0,-0.007,False,False,0.243,0.002,41.181,1247,111.79,,,,,0,False,False,0.0,False,5.79,5.65,20.0,
22.55,22911,238.756,-985.522,-0.009,5.319,30.0,1247,-1,106.32,False,-1,True,True,0.75,0.0,-0.007,False,False,0.206,0.003,41.107,1247,111.79,,,,,0,False,False,0.0,False,5.52,5.63,20.0,
22.6,22912,238.957,-985.352,-0.008,5.238,30.0,1247,-1,106.58,False,-1,True,True,0.75,0.0,-0.104,False,False,0.159,0.111,40.93,1247,115.71,,,,,0,False,False,0.0,False,9.18,5.66,20.0,
22.65,22913,239.16,-985.183,-0.008,5.324,30.0,1247,-1,106.85,False,-1,True,True,0.75,0.0,-0.023,False,False,0.133,0.146,40.624,1247,115.71,,,,,0,False,False,0.0,False,8.92,5.62,20.0,
22.7,22914,239.362,-985.013,-0.008,5.275,30.0,1247,-1,107.11,False,-1,True,True,0.75,0.0,-0.003,False,False,0.115,0.083,40.499,1247,115.71,,,,,0,False,False,0.0,False,8.65,5.66,20.0,
22.75,22915,239.565,-984.841,-0.008,5.339,30.0,1247,-1,107.38,False,-1,True,True,0.75,0.0,-0.003,False,False,0.105,0.032,40.395,1247,115.71,,,,,0,False,False,0.0,False,8.39,5.64,20.0,
22.8,22916,239.767,-984.67,-0.008,5.266,30.0,1247,-1,107.64,False,-1,True,True,0.75,0.0,-0.011,False,False,0.088,0.018,40.357,1247,115.71,,,,,0,False,False,0.0,False,8.12,5.67,20.0,
22.85,22917,239.98,-984.491,-0.009,5.783,30.0,1247,-1,107.92,False,-1,True,True,0.75,0.0,-0.014,False,False,0.183,0.028,40.229,1247,115.71,,,,,0,False,False,0.0,False,7.84,5.63,20.0,
22.9,22918,240.21,-984.298,-0.01,6.087,30.0,1247,-1,108.22,False,-1,True,True,0.0,0.3,-0.004,False,False,0.332,0.021,40.143,1247,115.71,,,,,0,False,False,0.0,False,7.54,5.89,20.0,
22.95,22919,240.451,-984.096,-0.011,6.358,30.0,1247,-1,108.54,False,-1,True,True,0.0,0.3,-0.004,False,False,0.426,0.013,40.089,1247,115.71,,,,,0,False,False,0.0,False,7.23,6.04,20.0,
23.0,22920,240.694,-983.892,-0.011,6.339,30.0,1247,-1,108.85,False,-1,True,True,0.0,0.3,-0.004,False,False,0.42,0.011,40.045,1247,115.71,,,,,0,False,False,0.0,False,6.91,6.18,20.0,
23.05,22921,240.937,-983.689,-0.01,6.342,30.0,1247,-1,109.17,False,-1,True,True,0.0,0.3,-0.004,False,False,0.348,0.01,40.015,1247,115.71,,,,,0,False,False,0.0,False,6.59,6.17,20.0,
23.1,22922,241.175,-983.489,-0.009,6.145,30.0,1247,-1,109.48,False,-1,True,True,0.0,0.3,-0.004,False,False,0.23,0.01,39.965,1247,115.71,,,,,0,False,False,0.0,False,6.28,6.17,20.0,
23.15,22923,241.408,-983.295,-0.008,6.037,30.0,1247,-1,109.78,False,-1,True,True,0.0,0.3,-0.001,False,False,0.11,0.006,39.967,1247,115.71,,,,,0,False,False,0.0,False,5.98,6.07,20.0,
23.2,22924,241.634,-983.109,-0.007,5.785,30.0,1247,-1,110.08,False,-1,True,True,0.0,0.3,-0.058,False,False,-0.007,0.083,39.802,1247,119.64,,,,,0,False,False,0.0,False,9.61,6.02,20.0,
23.25,22925,241.854,-982.929,-0.006,5.647,30.0,1247,-1,110.36,False,-1,True,True,0.0,0.3,-0.005,False,False,-0.098,0.082,39.678,1247,119.64,,,,,0,False,False,0.0,False,9.32,5.89,20.0,
23.3,22926,242.065,-982.755,-0.006,5.377,30.0,1247,-1,110.63,False,-1,True,True,0.0,0.3,-0.003,False,False,-0.175,0.048,39.57,1247,119.64,,,,,0,False,False,0.0,False,9.05,5.82,20.0,
23.35,22927,242.27,-982.586,-0.005,5.266,30.0,1247,-1,110.9,False,-1,True,True,0.605,0.0,-0.001,False,False,-0.22,0.022,39.55,1247,119.64,,,,,0,False,False,0.0,False,8.79,5.69,20.0,
23.4,22928,242.468,-982.423,-0.005,5.063,30.0,1247,-1,111.16,False,-1,True,True,0.75,0.0,-0.007,False,False,-0.241,0.015,39.477,1247,119.64,,,,,0,False,False,0.0,False,8.53,5.63,20.0,
23.45,22929,242.664,-982.262,-0.005,5.106,30.0,1247,-1,111.41,False,-1,True,True,0.75,0.0,-0.001,False,False,-0.212,0.007,39.462,1247,119.64,,,,,0,False,False,0.0,False,8.27,5.53,20.0,
23.5,22930,242.86,-982.101,-0.006,5.031,30.0,1247,-1,111.66,False,-1,True,True,0.75,0.0,-0.004,False,False,-0.159,0.006,39.402,1247,119.64,,,,,0,False,False,0.0,False,8.02,5.55,20.0,
23.55,22931,243.052,-981.943,-0.006,4.785,30.0,1247,-1,111.91,False,-1,True,True,0.75,0.0,0.001,False,False,-0.148,0.002,39.402,1247,119.64,,,,,0,False,False,0.0,False,7.77,5.52,20.0,
23.6,22932,243.227,-981.8,-0.005,4.42,30.0,1247,-1,112.14,False,-1,True,True,0.75,0.0,-0.003,False,False,-0.238,0.003,39.408,1247,119.64,,,,,0,False,False,0.0,False,7.55,5.39,20.0,
23.65,22933,243.392,-981.665,-0.005,4.198,30.0,1247,-1,112.35,False,-1,True,True,0.75,0.0,-0.004,False,False,-0.309,0.005,39.396,1247,119.64,,,,,0,False,False,0.0,False,7.33,5.21,20.0,
23.7,22934,243.552,-981.534,-0.005,4.089,30.0,1247,-1,112.56,False,-1,True,True,0.75,0.0,-0.002,False,False,-0.322,0.005,39.383,1247,119.64,,,,,0,False,False,0.0,False,7.13,5.1,20.0,
23.75,22935,243.71,-981.405,-0.005,4.06,30.0,1247,-1,112.76,False,-1,True,True,0.75,0.0,-0.002,False,False,-0.281,0.003,39.372,1247,119.64,,,,,0,False,False,0.0,False,6.92,5.04,20.0,
23.8,22936,243.868,-981.276,-0.006,4.085,30.0,1247,-1,112.97,False,-1,True,True,0.75,0.0,-0.001,False,False,-0.206,0.002,39.364,1247,119.64,,,,,0,False,False,0.0,False,6.72,5.03,20.0,
23.85,22937,244.027,-981.145,-0.006,4.141,30.0,1247,-1,113.17,False,-1,True,True,0.75,0.0,-0.001,False,False,-0.118,0.001,39.356,1247,119.64,,,,,0,False,False,0.0,False,6.51,5.04,20.0,
23.9,22938,244.19,-981.011,-0.007,4.217,30.0,1247,-1,113.38,False,-1,True,True,0.75,0.0,-0.001,False,False,-0.031,0.001,39.349,1247,119.64,,,,,0,False,False,0.0,False,6.3,5.07,20.0,
23.95,22939,244.356,-980.876,-0.008,4.305,30.0,1247,-1,113.6,False,-1,True,True,0.75,0.0,-0.001,False,False,0.044,0.0,39.343,1247,119.64,,,,,0,False,False,0.0,False,6.09,5.11,20.0,
24.0,22940,244.525,-980.737,-0.008,4.401,30.0,1247,-1,113.82,False,-1,True,True,0.75,0.0,-0.001,False,False,0.107,0.0,39.338,1247,119.64,,,,,0,False,False,0.0,False,5.87,5.15,20.0,
24.05,22941,244.698,-980.596,-0.009,4.501,30.0,1247,-1,114.04,False,-1,True,True,0.75,0.0,-0.001,False,False,0.155,0.0,39.333,1247,119.64,,,,,0,False,False,0.0,False,5.65,5.2,20.0,
24.1,22942,244.874,-980.451,-0.009,4.604,30.0,1247,-1,114.27,False,-1,True,True,0.75,0.0,-0.001,False,False,0.191,-0.0,39.329,1247,119.64,,,,,0,False,False,0.0,False,5.42,5.25,20.0,
24.15,22943,245.055,-980.303,-0.009,4.708,30.0,1247,-1,114.5,False,-1,True,True,0.75,0.0,-0.001,False,False,0.216,-0.0,39.326,1247,119.64,,,,,0,False,False,0.0,False,5.18,5.3,20.0,
24.2,22944,245.241,-980.153,-0.009,4.81,30.0,1247,-1,114.74,False,-1,True,True,0.75,0.0,-0.034,False,False,0.233,0.053,39.226,1247,123.56,,,,,0,False,False,0.0,False,8.87,5.35,20.0,
24.25,22945,245.431,-980.0,-0.009,4.914,30.0,1247,-1,114.98,False,-1,True,True,0.75,0.0,-0.001,False,False,0.245,0.048,39.147,1247,123.56,,,,,0,False,False,0.0,False,8.62,5.4,20.0,
24.3,22946,245.624,-979.843,-0.009,5.019,30.0,1247,-1,115.23,False,-1,True,True,0.75,0.0,0.0,False,False,0.252,0.022,39.123,1247,123.56,,,,,0,False,False,0.0,False,8.37,5.46,20.0,
24.35,22947,245.821,-979.683,-0.009,5.124,30.0,1247,-1,115.49,False,-1,True,True,0.75,0.0,-0.003,False,False,0.258,0.01,39.105,1247,123.56,,,,,0,False,False,0.0,False,8.12,5.51,20.0,
24.4,22948,246.023,-979.52,-0.009,5.214,30.0,1247,-1,115.75,False,-1,True,True,0.75,0.0,-0.003,False,False,0.259,0.006,39.102,1247,123.56,,,,,0,False,False,0.0,False,7.86,5.56,20.0,
24.45,22949,246.225,-979.356,-0.009,5.2,30.0,1247,-1,116.01,False,-1,True,True,0.75,0.0,-0.004,False,False,0.231,0.006,39.044,1247,123.56,,,,,0,False,False,0.0,False,7.6,5.61,20.0,
24.5,22950,246.426,-979.194,-0.009,5.184,30.0,1247,-1,116.26,False,-1,True,True,0.75,0.0,0.002,False,False,0.185,-0.002,39.075,1247,123.56,,,,,0,False,False,0.0,False,7.34,5.6,20.0,
24.55,22951,246.627,-979.031,-0.008,5.184,30.0,1247,-1,116.52,False,-1,True,True,0.75,0.0,-0.005,False,False,0.146,0.003,39.017,1247,123.56,,,,,0,False,False,0.0,False,7.08,5.59,20.0,
24.6,22952,246.829,-978.867,-0.008,5.201,30.0,1247,-1,116.78,False,-1,True,True,0.75,0.0,0.003,False,False,0.123,-0.003,39.051,1247,123.56,,,,,0,False,False,0.0,False,6.82,5.59,20.0,
24.65,22953,247.032,-978.703,-0.008,5.231,30.0,1247,-1,117.04,False,-1,True,True,0.75,0.0,-0.005,False,False,0.113,0.002,38.997,1247,123.56,,,,,0,False,False,0.0,False,6.56,5.6,20.0,
24.7,22954,247.235,-978.539,-0.008,5.226,30.0,1247,-1,117.3,False,-1,True,True,0.75,0.0,0.003,False,False,0.104,-0.003,39.031,1247,123.56,,,,,0,False,False,0.0,False,6.3,5.62,20.0,
24.75,22955,247.438,-978.375,-0.008,5.222,30.0,1247,-1,117.57,False,-1,True,True,0.75,0.0,-0.004,False,False,0.092,0.002,38.979,1247,123.56,,,,,0,False,False,0.0,False,6.04,5.61,20.0,
24.8,22956,247.647,-978.205,-0.008,5.579,30.0,1247,-1,117.84,False,-1,True,True,0.75,0.0,0.003,False,False,0.152,-0.004,38.98,1247,123.56,,,,,0,False,False,0.0,False,5.77,5.61,20.0,
24.85,22957,247.876,-978.021,-0.01,5.994,30.0,1247,-1,118.13,False,-1,True,True,0.0,0.055,-0.018,False,False,0.309,0.033,38.89,1247,127.48,,,,,0,False,False,0.0,False,9.4,5.79,20.0,
24.9,22958,248.116,-977.827,-0.011,6.236,30.0,1247,-1,118.44,False,-1,True,True,0.0,0.3,0.003,False,False,0.422,0.025,38.856,1247,127.48,,,,,0,False,False,0.0,False,9.09,6.0,20.0,
24.95,22959,248.361,-977.63,-0.011,6.289,30.0,1247,-1,118.75,False,-1,True,True,0.0,0.3,0.0,False,False,0.432,0.012,38.82,1247,127.48,,,,,0,False,False,0.0,False,8.78,6.12,20.0,
25.0,22960,248.604,-977.435,-0.01,6.205,30.0,1247,-1,119.06,False,-1,True,True,0.0,0.3,0.001,False,False,0.354,0.003,38.853,1247,127.48,,,,,0,False,False,0.0,False,8.47,6.14,20.0,
25.05,22961,248.842,-977.243,-0.009,6.077,30.0,1247,-1,119.37,False,-1,True,True,0.0,0.3,-0.004,False,False,0.236,0.008,38.807,1247,127.48,,,,,0,False,False,0.0,False,8.16,6.1,20.0,
25.1,22962,249.074,-977.056,-0.008,5.919,30.0,1247,-1,119.67,False,-1,True,True,0.0,0.3,0.003,False,False,0.114,0.003,38.84,1247,127.48,,,,,0,False,False,0.0,False,7.86,6.04,20.0,
25.15,22963,249.299,-976.875,-0.007,5.74,30.0,1247,-1,119.96,False,-1,True,True,0.0,0.3,-0.004,False,False,0.005,0.006,38.795,1247,127.48,,,,,0,False,False,0.0,False,7.57,5.96,20.0,
25.2,22964,249.518,-976.699,-0.006,5.548,30.0,1247,-1,120.24,False,-1,True,True,0.0,0.3,0.003,False,False,-0.087,0.001,38.832,1247,127.48,,,,,0,False,False,0.0,False,7.29,5.87,20.0,
25.25,22965,249.73,-976.529,-0.006,5.378,30.0,1247,-1,120.51,False,-1,True,True,0.0,0.001,-0.004,False,False,-0.154,0.004,38.786,1247,127.48,,,,,0,False,False,0.0,False,7.02,5.77,20.0,
25.3,22966,249.935,-976.364,-0.005,5.228,30.0,1247,-1,120.77,False,-1,True,True,0.609,0.0,0.003,False,False,-0.191,-0.001,38.826,1247,127.48,,,,,0,False,False,0.0,False,6.76,5.69,20.0,
25.35,22967,250.136,-976.202,-0.005,5.095,30.0,1247,-1,121.03,False,-1,True,True,0.75,0.0,-0.004,False,False,-0.207,0.003,38.779,1247,127.48,,,,,0,False,False,0.0,False,6.5,5.61,20.0,
25.4,22968,250.333,-976.044,-0.005,5.05,30.0,1247,-1,121.28,False,-1,True,True,0.75,0.0,0.004,False,False,-0.194,-0.001,38.831,1247,127.48,,,,,0,False,False,0.0,False,6.25,5.55,20.0,
25.45,22969,250.53,-975.886,-0.006,5.044,30.0,1247,-1,121.54,False,-1,True,True,0.75,0.0,-0.005,False,False,-0.145,0.004,38.787,1247,127.48,,,,,0,False,False,0.0,False,5.99,5.52,20.0,
25.5,22970,250.724,-975.73,-0.006,4.858,30.0,1247,-1,121.78,False,-1,True,True,0.75,0.0,0.003,False,False,-0.119,0.0,38.807,1247,127.48,,,,,0,False,False,0.0,False,5.74,5.52,20.0,
25.55,22971,250.904,-975.585,-0.005,4.476,30.0,1247,-1,122.01,False,-1,True,True,0.75,0.0,-0.002,False,False,-0.201,0.001,38.786,1247,127.48,,,,,0,False,False,0.0,False,5.51,5.43,20.0,
25.6,22972,251.071,-975.45,-0.005,4.238,30.0,1247,-1,122.23,False,-1,True,True,0.75,0.0,0.002,False,False,-0.28,-0.001,38.782,1247,127.48,,,,,0,False,False,0.0,False,5.3,5.24,20.0,
25.65,22973,251.233,-975.32,-0.005,4.117,30.0,1247,-1,122.44,False,-1,True,True,0.75,0.0,0.001,False,False,-0.305,-0.002,38.785,1247,127.48,,,,,0,False,False,0.0,False,5.09,5.12,20.0,
25.7,22974,251.393,-975.192,-0.005,4.081,30.0,1247,-1,122.64,False,-1,True,True,0.75,0.0,0.0,False,False,-0.274,-0.001,38.786,1247,127.48,,,,,0,False,False,0.0,False,4.89,5.06,20.0,
25.75,22975,251.553,-975.064,-0.006,4.099,30.0,1247,-1,122.85,False,-1,True,True,0.75,0.0,-0.008,False,False,-0.206,0.012,38.765,1247,131.4,,,,,0,False,False,0.0,False,8.6,5.04,20.0,
25.8,22976,251.715,-974.934,-0.006,4.152,30.0,1247,-1,123.05,False,-1,True,True,0.75,0.0,0.0,False,False,-0.122,0.01,38.75,1247,131.4,,,,,0,False,False,0.0,False,8.4,5.05,20.0,
25.85,22977,251.879,-974.803,-0.007,4.226,30.0,1247,-1,123.27,False,-1,True,True,0.75,0.0,0.0,False,False,-0.037,0.004,38.747,1247,131.4,,,,,0,False,False,0.0,False,8.18,5.08,20.0,
25.9,22978,252.046,-974.668,-0.008,4.313,30.0,1247,-1,123.48,False,-1,True,True,0.75,0.0,-0.001,False,False,0.038,0.002,38.744,1247,131.4,,,,,0,False,False,0.0,False,7.97,5.11,20.0,
25.95,22979,252.217,-974.531,-0.008,4.408,30.0,1247,-1,123.7,False,-1,True,True,0.75,0.0,-0.001,False,False,0.101,0.001,38.74,1247,131.4,,,,,0,False,False,0.0,False,7.75,5.16,20.0,
26.0,22980,252.392,-974.391,-0.009,4.507,30.0,1247,-1,123.92,False,-1,True,True,0.75,0.0,-0.0,False,False,0.15,0.001,38.737,1247,131.4,,,,,0,False,False,0.0,False,7.53,5.2,20.0,
26.05,22981,252.57,-974.248,-0.009,4.609,30.0,1247,-1,124.15,False,-1,True,True,0.75,0.0,-0.0,False,False,0.187,0.0,38.735,1247,131.4,,,,,0,False,False,0.0,False,7.3,5.25,20.0,
26.1,22982,252.753,-974.102,-0.009,4.713,30.0,1247,-1,124.39,False,-1,True,True,0.75,0.0,-0.0,False,False,0.213,0.0,38.732,1247,131.4,,,,,0,False,False,0.0,False,7.06,5.3,20.0,
26.15,22983,252.939,-973.953,-0.009,4.817,30.0,1247,-1,124.62,False,-1,True,True,0.75,0.0,-0.0,False,False,0.232,-0.0,38.73,1247,131.4,,,,,0,False,False,0.0,False,6.83,5.36,20.0,
26.2,22984,253.13,-973.8,-0.009,4.921,30.0,1247,-1,124.87,False,-1,True,True,0.75,0.0,-0.0,False,False,0.244,-0.0,38.729,1247,131.4,,,,,0,False,False,0.0,False,6.58,5.41,20.0,
26.25,22985,253.324,-973.644,-0.009,5.026,30.0,1247,-1,125.12,False,-1,True,True,0.75,0.0,-0.0,False,False,0.252,-0.0,38.727,1247,131.4,,,,,0,False,False,0.0,False,6.33,5.46,20.0,
26.3,22986,253.522,-973.485,-0.009,5.127,30.0,1247,-1,125.37,False,-1,True,True,0.75,0.0,-0.0,False,False,0.257,-0.0,38.726,1247,131.4,,,,,0,False,False,0.0,False,6.08,5.51,20.0,
26.35,22987,253.725,-973.322,-0.009,5.265,30.0,1247,-1,125.63,False,-1,True,True,0.75,0.0,-0.0,False,False,0.261,-0.0,38.725,1247,131.4,,,,,0,False,False,0.0,False,5.82,5.56,20.0,
26.4,22988,253.931,-973.157,-0.009,5.292,30.0,1247,-1,125.9,False,-1,True,True,0.75,0.0,-0.0,False,False,0.256,0.0,38.722,1247,131.4,,,,,0,False,False,0.0,False,5.55,5.63,20.0,
26.45,22989,254.142,-972.991,-0.009,5.405,30.0,1247,-1,126.16,False,-1,True,True,0.75,0.0,-0.029,False,False,0.25,0.053,38.644,1247,135.32,,,,,0,False,False,0.0,False,9.23,5.65,20.0,
26.5,22990,254.351,-972.825,-0.009,5.312,30.0,1247,-1,126.43,False,-1,True,True,0.594,0.0,-0.001,False,False,0.205,0.048,38.533,1247,135.32,,,,,0,False,False,0.0,False,8.96,5.7,20.0,
26.55,22991,254.56,-972.659,-0.008,5.366,30.0,1247,-1,126.7,False,-1,True,True,0.75,0.0,0.005,False,False,0.164,0.016,38.529,1247,135.32,,,,,0,False,False,0.0,False,8.69,5.66,20.0,
26.6,22992,254.768,-972.493,-0.008,5.295,30.0,1247,-1,126.96,False,-1,True,True,0.722,0.0,-0.003,False,False,0.125,0.007,38.481,1247,135.32,,,,,0,False,False,0.0,False,8.43,5.68,20.0,
26.65,22993,254.977,-972.327,-0.008,5.379,30.0,1247,-1,127.23,False,-1,True,True,0.75,0.0,0.002,False,False,0.109,-0.0,38.493,1247,135.32,,,,,0,False,False,0.0,False,8.16,5.65,20.0,
26.7,22994,255.186,-972.16,-0.008,5.333,30.0,1247,-1,127.5,False,-1,True,True,0.666,0.0,-0.003,False,False,0.098,0.002,38.45,1247,135.32,,,,,0,False,False,0.0,False,7.89,5.69,20.0,
26.75,22995,255.396,-971.993,-0.008,5.399,30.0,1247,-1,127.77,False,-1,True,True,0.75,0.0,0.002,False,False,0.095,-0.001,38.467,1247,135.32,,,,,0,False,False,0.0,False,7.63,5.67,20.0,
26.8,22996,255.606,-971.827,-0.008,5.325,30.0,1247,-1,128.03,False,-1,True,True,0.586,0.0,-0.002,False,False,0.083,0.002,38.432,1247,135.32,,,,,0,False,False,0.0,False,7.36,5.7,20.0,
26.85,22997,255.823,-971.655,-0.008,5.743,30.0,1247,-1,128.31,False,-1,True,True,0.75,0.0,0.002,False,False,0.147,-0.001,38.419,1247,135.32,,,,,0,False,False,0.0,False,7.08,5.66,20.0,
26.9,22998,256.056,-971.469,-0.01,6.056,30.0,1247,-1,128.61,False,-1,True,True,0.0,0.3,0.001,False,False,0.294,-0.002,38.407,1247,135.32,,,,,0,False,False,0.0,False,6.78,5.87,20.0,
26.95,22999,256.301,-971.274,-0.011,6.335,30.0,1247,-1,128.92,False,-1,True,True,0.0,0.3,0.001,False,False,0.397,-0.002,38.408,1247,135.32,,,,,0,False,False,0.0,False,6.47,6.03,20.0,
27.0,23000,256.549,-971.077,-0.011,6.321,30.0,1247,-1,129.24,False,-1,True,True,0.0,0.3,0.0,False,False,0.401,0.001,38.41,1247,135.32,,,,,0,False,False,0.0,False,6.15,6.17,20.0,
27.05,23001,256.798,-970.882,-0.01,6.327,30.0,1247,-1,129.56,False,-1,True,True,0.0,0.3,-0.023,False,False,0.338,0.051,38.332,1247,139.25,,,,,0,False,False,0.0,False,9.76,6.16,20.0,
27.1,23002,257.041,-970.691,-0.009,6.137,30.0,1247,-1,129.87,False,-1,True,True,0.0,0.3,0.001,False,False,0.226,0.042,38.263,1247,139.25,,,,,0,False,False,0.0,False,9.45,6.16,20.0,
27.15,23003,257.279,-970.503,-0.008,6.032,30.0,1247,-1,130.17,False,-1,True,True,0.0,0.3,0.003,False,False,0.111,0.017,38.266,1247,139.25,,,,,0,False,False,0.0,False,9.15,6.07,20.0,
27.2,23004,257.51,-970.321,-0.007,5.784,30.0,1247,-1,130.46,False,-1,True,True,0.0,0.3,-0.003,False,False,-0.003,0.011,38.231,1247,139.25,,,,,0,False,False,0.0,False,8.86,6.02,20.0,
27.25,23005,257.733,-970.146,-0.006,5.646,30.0,1247,-1,130.75,False,-1,True,True,0.0,0.3,0.001,False,False,-0.094,0.006,38.25,1247,139.25,,,,,0,False,False,0.0,False,8.57,5.89,20.0,
27.3,23006,257.948,-969.976,-0.006,5.376,30.0,1247,-1,131.02,False,-1,True,True,0.0,0.3,-0.003,False,False,-0.171,0.007,38.215,1247,139.25,,,,,0,False,False,0.0,False,8.3,5.82,20.0,
27.35,23007,258.156,-969.813,-0.005,5.264,30.0,1247,-1,131.28,False,-1,True,True,0.609,0.0,0.002,False,False,-0.218,0.003,38.237,1247,139.25,,,,,0,False,False,0.0,False,8.03,5.69,20.0,
27.4,23008,258.358,-969.654,-0.005,5.061,30.0,1247,-1,131.54,False,-1,True,True,0.75,0.0,-0.003,False,False,-0.239,0.003,38.196,1247,139.25,,,,,0,False,False,0.0,False,7.78,5.63,20.0,
27.45,23009,258.557,-969.497,-0.005,5.085,30.0,1247,-1,131.79,False,-1,True,True,0.75,0.0,0.003,False,False,-0.217,-0.001,38.225,1247,139.25,,,,,0,False,False,0.0,False,7.52,5.53,20.0,
27.5,23010,258.755,-969.341,-0.006,5.008,30.0,1247,-1,132.05,False,-1,True,True,0.75,0.0,-0.003,False,False,-0.167,0.001,38.194,1247,139.25,,,,,0,False,False,0.0,False,7.27,5.54,20.0,
27.55,23011,258.951,-969.187,-0.006,4.859,30.0,1247,-1,132.3,False,-1,True,True,0.75,0.0,0.002,False,False,-0.135,-0.001,38.21,1247,139.25,,,,,0,False,False,0.0,False,7.02,5.5,20.0,
27.6,23012,259.132,-969.044,-0.005,4.473,30.0,1247,-1,132.53,False,-1,True,True,0.75,0.0,-0.002,False,False,-0.213,0.001,38.182,1247,139.25,,,,,0,False,False,0.0,False,6.79,5.43,20.0,
27.65,23013,259.301,-968.911,-0.005,4.233,30.0,1247,-1,132.74,False,-1,True,True,0.75,0.0,0.002,False,False,-0.289,-0.001,38.178,1247,139.25,,,,,0,False,False,0.0,False,6.58,5.24,20.0,
27.7,23014,259.464,-968.783,-0.005,4.11,30.0,1247,-1,132.95,False,-1,True,True,0.75,0.0,0.001,False,False,-0.312,-0.002,38.181,1247,139.25,,,,,0,False,False,0.0,False,6.37,5.12,20.0,
27.75,23015,259.624,-968.657,-0.005,4.073,30.0,1247,-1,133.08,False,-1,True,True,0.75,0.0,0.0,False,False,-0.28,-0.0,38.183,1247,139.25,,,,,0,False,False,0.0,False,6.17,5.06,20.0,
27.8,23016,259.785,-968.53,-0.005,4.091,30.0,1247,-1,133.29,False,-1,True,True,0.75,0.0,0.0,False,False,-0.21,0.001,38.184,1247,139.25,,,,,0,False,False,0.0,False,5.96,5.04,20.0,
27.85,23017,259.948,-968.402,-0.006,4.144,30.0,1247,-1,133.5,False,-1,True,True,0.75,0.0,0.0,False,False,-0.125,0.001,38.184,1247,139.25,,,,,0,False,False,0.0,False,5.75,5.05,20.0,
27.9,23018,260.113,-968.272,-0.007,4.218,30.0,1247,-1,133.71,False,-1,True,True,0.75,0.0,0.0,False,False,-0.04,0.001,38.185,1247,139.25,,,,,0,False,False,0.0,False,5.54,5.07,20.0,
27.95,23019,260.281,-968.14,-0.008,4.304,30.0,1247,-1,133.92,False,-1,True,True,0.75,0.0,0.0,False,False,0.037,0.001,38.186,1247,139.25,,,,,0,False,False,0.0,False,5.33,5.11,20.0,
28.0,23020,260.453,-968.005,-0.008,4.399,30.0,1247,-1,134.14,False,-1,True,True,0.75,0.0,0.0,False,False,0.1,0.0,38.187,1247,139.25,,,,,0,False,False,0.0,False,5.11,5.15,20.0,
28.05,23021,260.629,-967.868,-0.009,4.497,30.0,1247,-1,134.36,False,-1,True,True,0.75,0.0,-0.023,False,False,0.149,0.038,38.118,1247,143.17,,,,,0,False,False,0.0,False,8.82,5.2,20.0,
28.1,23022,260.81,-967.728,-0.009,4.6,30.0,1247,-1,134.59,False,-1,True,True,0.75,0.0,-0.0,False,False,0.186,0.032,38.069,1247,143.17,,,,,0,False,False,0.0,False,8.59,5.25,20.0,
28.15,23023,260.993,-967.584,-0.009,4.703,30.0,1247,-1,134.82,False,-1,True,True,0.75,0.0,0.0,False,False,0.213,0.014,38.056,1247,143.17,,,,,0,False,False,0.0,False,8.36,5.3,20.0,
28.2,23024,261.181,-967.437,-0.009,4.808,30.0,1247,-1,135.06,False,-1,True,True,0.75,0.0,-0.002,False,False,0.232,0.007,38.046,1247,143.17,,,,,0,False,False,0.0,False,8.12,5.35,20.0,
28.25,23025,261.373,-967.287,-0.009,4.912,30.0,1247,-1,135.31,False,-1,True,True,0.75,0.0,-0.002,False,False,0.244,0.004,38.034,1247,143.17,,,,,0,False,False,0.0,False,7.87,5.4,20.0,
28.3,23026,261.569,-967.134,-0.009,5.016,30.0,1247,-1,135.55,False,-1,True,True,0.75,0.0,-0.001,False,False,0.252,0.002,38.023,1247,143.17,,,,,0,False,False,0.0,False,7.63,5.46,20.0,
28.35,23027,261.77,-966.978,-0.009,5.121,30.0,1247,-1,135.81,False,-1,True,True,0.75,0.0,-0.001,False,False,0.257,0.001,38.014,1247,143.17,,,,,0,False,False,0.0,False,7.37,5.51,20.0,
28.4,23028,261.974,-966.819,-0.009,5.181,30.0,1247,-1,136.07,False,-1,True,True,0.75,0.0,-0.001,False,False,0.257,0.0,38.005,1247,143.17,,,,,0,False,False,0.0,False,7.11,5.56,20.0,
28.45,23029,262.182,-966.656,-0.009,5.326,30.0,1247,-1,136.33,False,-1,True,True,0.75,0.0,-0.001,False,False,0.256,-0.0,38.013,1247,143.17,,,,,0,False,False,0.0,False,6.85,5.59,20.0,
28.5,23030,262.389,-966.495,-0.009,5.229,30.0,1247,-1,136.59,False,-1,True,True,0.75,0.0,-0.002,False,False,0.216,0.002,37.972,1247,143.17,,,,,0,False,False,0.0,False,6.59,5.66,20.0,
28.55,23031,262.596,-966.333,-0.009,5.292,30.0,1247,-1,136.86,False,-1,True,True,0.75,0.0,0.002,False,False,0.176,-0.004,37.992,1247,143.17,,,,,0,False,False,0.0,False,6.32,5.61,20.0,
28.6,23032,262.803,-966.171,-0.008,5.23,30.0,1247,-1,137.12,False,-1,True,True,0.75,0.0,-0.002,False,False,0.138,-0.0,37.954,1247,143.17,,,,,0,False,False,0.0,False,6.06,5.65,20.0,
28.65,23033,263.011,-966.009,-0.008,5.324,30.0,1247,-1,137.38,False,-1,True,True,0.75,0.0,0.003,False,False,0.124,-0.004,37.975,1247,143.17,,,,,0,False,False,0.0,False,5.8,5.62,20.0,
28.7,23034,263.219,-965.846,-0.008,5.256,30.0,1247,-1,137.65,False,-1,True,True,0.75,0.0,-0.002,False,False,0.108,0.0,37.939,1247,143.17,,,,,0,False,False,0.0,False,5.53,5.66,20.0,
28.75,23035,263.429,-965.685,-0.008,5.321,30.0,1247,-1,137.91,False,-1,True,True,0.75,0.0,-0.031,False,False,0.098,0.051,37.878,1247,147.09,,,,,0,False,False,0.0,False,9.21,5.63,20.0,
28.8,23036,263.642,-965.52,-0.008,5.505,30.0,1247,-1,138.18,False,-1,True,True,0.75,0.0,-0.004,False,False,0.124,0.052,37.755,1247,147.09,,,,,0,False,False,0.0,False,8.94,5.66,20.0,
28.85,23037,263.873,-965.341,-0.01,6.013,30.0,1247,-1,138.47,False,-1,True,True,0.205,0.0,0.004,False,False,0.278,0.022,37.705,1247,147.09,,,,,0,False,False,0.0,False,8.65,5.75,20.0,
28.9,23038,264.117,-965.152,-0.011,6.203,30.0,1247,-1,138.78,False,-1,True,True,0.0,0.3,0.0,False,False,0.397,0.007,37.691,1247,147.09,,,,,0,False,False,0.0,False,8.34,6.01,20.0,
28.95,23039,264.366,-964.96,-0.011,6.343,30.0,1247,-1,139.1,False,-1,True,True,0.0,0.3,-0.002,False,False,0.424,0.007,37.68,1247,147.09,,,,,0,False,False,0.0,False,8.03,6.1,20.0,
29.0,23040,264.614,-964.768,-0.01,6.23,30.0,1247,-1,139.41,False,-1,True,True,0.0,0.3,-0.002,False,False,0.36,0.008,37.664,1247,147.09,,,,,0,False,False,0.0,False,7.71,6.17,20.0,
29.05,23041,264.859,-964.58,-0.009,6.168,30.0,1247,-1,139.72,False,-1,True,True,0.0,0.3,-0.001,False,False,0.256,0.007,37.67,1247,147.09,,,,,0,False,False,0.0,False,7.41,6.11,20.0,
29.1,23042,265.097,-964.396,-0.008,5.944,30.0,1247,-1,140.02,False,-1,True,True,0.0,0.3,-0.002,False,False,0.129,0.009,37.635,1247,147.09,,,,,0,False,False,0.0,False,7.11,6.08,20.0,
29.15,23043,265.329,-964.217,-0.007,5.82,30.0,1247,-1,140.31,False,-1,True,True,0.0,0.3,0.001,False,False,0.017,0.004,37.656,1247,147.09,,,,,0,False,False,0.0,False,6.81,5.97,20.0,
29.2,23044,265.552,-964.045,-0.006,5.561,30.0,1247,-1,140.6,False,-1,True,True,0.0,0.3,-0.003,False,False,-0.083,0.006,37.624,1247,147.09,,,,,0,False,False,0.0,False,6.53,5.91,20.0,
29.25,23045,265.769,-963.878,-0.006,5.447,30.0,1247,-1,140.87,False,-1,True,True,0.0,0.053,0.002,False,False,-0.152,0.002,37.645,1247,147.09,,,,,0,False,False,0.0,False,6.26,5.78,20.0,
29.3,23046,265.979,-963.716,-0.005,5.228,30.0,1247,-1,141.13,False,-1,True,True,0.358,0.0,-0.003,False,False,-0.197,0.003,37.607,1247,147.09,,,,,0,False,False,0.0,False,5.99,5.72,20.0,
29.35,23047,266.185,-963.558,-0.005,5.159,30.0,1247,-1,141.39,False,-1,True,True,0.75,0.0,0.003,False,False,-0.211,-0.002,37.626,1247,147.09,,,,,0,False,False,0.0,False,5.73,5.61,20.0,
29.4,23048,266.385,-963.403,-0.005,5.024,30.0,1247,-1,141.65,False,-1,True,True,0.75,0.0,-0.002,False,False,-0.206,0.0,37.592,1247,147.09,,,,,0,False,False,0.0,False,5.48,5.58,20.0,
29.45,23049,266.587,-963.25,-0.006,5.089,30.0,1247,-1,141.9,False,-1,True,True,0.75,0.0,-0.035,False,False,-0.156,0.054,37.532,1247,151.01,,,,,0,False,False,0.0,False,9.15,5.51,20.0,
29.5,23050,266.788,-963.098,-0.006,4.918,30.0,1247,-1,142.15,False,-1,True,True,0.75,0.0,-0.005,False,False,-0.116,0.055,37.436,1247,151.01,,,,,0,False,False,0.0,False,8.9,5.54,20.0,
29.55,23051,266.974,-962.955,-0.006,4.559,30.0,1247,-1,142.39,False,-1,True,True,0.75,0.0,0.0,False,False,-0.181,0.031,37.366,1247,151.01,,,,,0,False,False,0.0,False,8.66,5.46,20.0,
29.6,23052,267.148,-962.822,-0.005,4.301,30.0,1247,-1,142.61,False,-1,True,True,0.75,0.0,0.0,False,False,-0.263,0.011,37.348,1247,151.01,,,,,0,False,False,0.0,False,8.44,5.28,20.0,
29.65,23053,267.316,-962.695,-0.005,4.164,30.0,1247,-1,142.82,False,-1,True,True,0.75,0.0,-0.002,False,False,-0.297,0.005,37.336,1247,151.01,,,,,0,False,False,0.0,False,8.23,5.15,20.0,
29.7,23054,267.48,-962.57,-0.005,4.116,30.0,1247,-1,143.02,False,-1,True,True,0.75,0.0,-0.003,False,False,-0.276,0.004,37.323,1247,151.01,,,,,0,False,False,0.0,False,8.02,5.08,20.0,
29.75,23055,267.644,-962.445,-0.005,4.128,30.0,1247,-1,143.23,False,-1,True,True,0.75,0.0,-0.002,False,False,-0.214,0.003,37.312,1247,151.01,,,,,0,False,False,0.0,False,7.82,5.06,20.0,
29.8,23056,267.81,-962.318,-0.006,4.176,30.0,1247,-1,143.44,False,-1,True,True,0.75,0.0,-0.002,False,False,-0.132,0.002,37.301,1247,151.01,,,,,0,False,False,0.0,False,7.61,5.06,20.0,
29.85,23057,267.979,-962.19,-0.007,4.247,30.0,1247,-1,143.65,False,-1,True,True,0.75,0.0,-0.001,False,False,-0.048,0.001,37.292,1247,151.01,,,,,0,False,False,0.0,False,7.4,5.09,20.0,
29.9,23058,268.15,-962.06,-0.008,4.331,30.0,1247,-1,143.86,False,-1,True,True,0.75,0.0,-0.001,False,False,0.028,0.001,37.285,1247,151.01,,,,,0,False,False,0.0,False,7.18,5.12,20.0,
29.95,23059,268.325,-961.927,-0.008,4.424,30.0,1247,-1,144.08,False,-1,True,True,0.75,0.0,-0.001,False,False,0.092,0.0,37.278,1247,151.01,,,,,0,False,False,0.0,False,6.96,5.17,20.0,
30.0,23060,268.504,-961.791,-0.008,4.523,30.0,1247,-1,144.31,False,-1,True,True,0.75,0.0,-0.001,False,False,0.143,0.0,37.272,1247,151.01,,,,,0,False,False,0.0,False,6.74,5.21,20.0,
30.05,23061,268.687,-961.652,-0.009,4.624,30.0,1247,-1,144.54,False,-1,True,True,0.75,0.0,-0.001,False,False,0.182,-0.0,37.267,1247,151.01,,,,,0,False,False,0.0,False,6.51,5.26,20.0,
30.1,23062,268.874,-961.51,-0.009,4.728,30.0,1247,-1,144.77,False,-1,True,True,0.75,0.0,-0.001,False,False,0.209,-0.0,37.263,1247,151.01,,,,,0,False,False,0.0,False,6.27,5.31,20.0,
30.15,23063,269.064,-961.365,-0.009,4.831,30.0,1247,-1,145.01,False,-1,True,True,0.75,0.0,-0.001,False,False,0.229,-0.0,37.259,1247,151.01,,,,,0,False,False,0.0,False,6.03,5.36,20.0,
30.2,23064,269.259,-961.217,-0.009,4.935,30.0,1247,-1,145.26,False,-1,True,True,0.75,0.0,-0.0,False,False,0.242,-0.0,37.256,1247,151.01,,,,,0,False,False,0.0,False,5.79,5.42,20.0,
30.25,23065,269.458,-961.066,-0.009,5.039,30.0,1247,-1,145.51,False,-1,True,True,0.75,0.0,-0.0,False,False,0.251,-0.0,37.253,1247,151.01,,,,,0,False,False,0.0,False,5.54,5.47,20.0,
30.3,23066,269.661,-960.911,-0.009,5.14,30.0,1247,-1,145.76,False,-1,True,True,0.75,0.0,-0.0,False,False,0.256,-0.0,37.25,1247,151.01,,,,,0,False,False,0.0,False,5.28,5.52,20.0,
30.35,23067,269.868,-960.753,-0.009,5.278,30.0,1247,-1,146.02,False,-1,True,True,0.75,0.0,0.003,False,False,0.26,-0.006,37.259,1914,1.07,,,,,0,False,False,0.0,False,7.95,5.57,20.0,
30.4,23068,270.079,-960.593,-0.009,5.306,30.0,1247,-1,146.29,False,-1,True,True,0.75,0.0,-0.0,False,False,0.256,-0.005,37.265,1914,1.07,,,,,0,False,False,0.0,False,7.69,5.64,20.0,
30.45,23069,270.294,-960.429,-0.009,5.473,30.0,1247,-1,146.56,False,-1,True,True,0.75,0.0,-0.0,False,False,0.259,-0.001,37.257,1914,1.07,,,,,0,False,False,0.0,False,7.41,5.65,20.0,
30.5,23070,270.51,-960.265,-0.009,5.386,30.0,1247,-1,146.83,False,-1,True,True,0.349,0.0,0.001,False,False,0.228,-0.002,37.28,1914,1.07,,,,,0,False,False,0.0,False,7.14,5.74,20.0,
30.55,23071,270.725,-960.102,-0.009,5.413,30.0,1247,-1,147.1,False,-1,True,True,0.652,0.0,-0.002,False,False,0.18,0.002,37.256,1914,1.07,,,,,0,False,False,0.0,False,6.87,5.69,20.0,
30.6,23072,270.937,-959.941,-0.008,5.304,30.0,1247,-1,147.37,False,-1,True,True,0.55,0.0,0.002,False,False,0.124,-0.001,37.292,1914,1.07,,,,,0,False,False,0.0,False,6.61,5.71,20.0,
30.65,23073,271.149,-959.78,-0.008,5.338,30.0,1247,-1,147.63,False,-1,True,True,0.75,0.0,-0.003,False,False,0.087,0.003,37.269,1914,1.07,,,,,0,False,False,0.0,False,6.34,5.65,20.0,
30.7,23074,271.359,-959.62,-0.008,5.252,30.0,1247,-1,147.9,False,-1,True,True,0.75,0.0,0.002,False,False,0.057,-0.001,37.304,1914,1.07,,,,,0,False,False,0.0,False,6.08,5.67,20.0,
30.75,23075,271.57,-959.46,-0.008,5.322,30.0,1247,-1,148.16,False,-1,True,True,0.75,0.0,-0.003,False,False,0.052,0.003,37.279,1914,1.07,,,,,0,False,False,0.0,False,5.81,5.63,20.0,
30.8,23076,271.78,-959.3,-0.008,5.269,30.0,1247,-1,148.42,False,-1,True,True,0.75,0.0,0.002,False,False,0.051,-0.001,37.311,1914,1.07,,,,,0,False,False,0.0,False,5.55,5.66,20.0,
30.85,23077,271.99,-959.135,-0.008,5.341,30.0,1247,-1,148.69,False,-1,True,True,0.75,0.0,0.102,False,False,0.063,-0.114,37.461,1914,3.22,,,,,0,False,False,0.0,False,7.36,5.63,20.0,
30.9,23078,272.196,-958.97,-0.008,5.268,30.0,1247,-1,148.96,False,-1,True,True,0.75,0.0,0.047,False,False,0.06,-0.186,37.803,1914,3.22,,,,,0,False,False,0.0,False,7.09,5.67,20.0,
30.95,23079,272.404,-958.804,-0.008,5.379,30.0,1247,-1,149.22,False,-1,True,True,0.75,0.0,0.022,False,False,0.068,-0.158,38.033,1914,3.22,,,,,0,False,False,0.0,False,6.83,5.63,20.0,
31.0,23080,272.625,-958.627,-0.009,5.793,30.0,1247,-1,149.5,False,-1,True,True,0.658,0.0,0.023,False,False,0.191,-0.13,38.212,1914,3.22,,,,,0,False,False,0.0,False,6.54,5.69,20.0,
31.05,23081,272.862,-958.436,-0.01,6.21,30.0,1247,-1,149.81,False,-1,True,True,0.0,0.3,0.02,False,False,0.349,-0.11,38.389,1914,3.22,,,,,0,False,False,0.0,False,6.24,5.9,20.0,
31.1,23082,273.107,-958.239,-0.011,6.302,30.0,1247,-1,150.12,False,-1,True,True,0.0,0.3,0.015,False,False,0.42,-0.086,38.545,1914,3.22,,,,,0,False,False,0.0,False,5.92,6.11,20.0,
31.15,23083,273.353,-958.038,-0.011,6.386,30.0,1247,-1,150.44,False,-1,True,True,0.0,0.3,0.035,False,False,0.405,-0.109,38.749,1356,1.85,,,,,0,False,False,0.0,False,8.63,6.15,20.0,
31.2,23084,273.597,-957.839,-0.01,6.24,30.0,1247,-1,150.75,False,-1,True,True,0.0,0.3,0.008,False,False,0.316,-0.081,38.924,1356,1.85,,,,,0,False,False,0.0,False,8.31,6.19,20.0,
31.25,23085,273.836,-957.644,-0.009,6.153,30.0,1247,-1,151.06,False,-1,True,True,0.0,0.3,0.005,False,False,0.201,-0.044,39.0,1356,1.85,,,,,0,False,False,0.0,False,8.01,6.12,20.0,
31.3,23086,274.068,-957.455,-0.008,5.921,30.0,1247,-1,151.36,False,-1,True,True,0.0,0.3,0.01,False,False,0.076,-0.03,39.103,1356,1.85,,,,,0,False,False,0.0,False,7.71,6.08,20.0,
31.35,23087,274.293,-957.27,-0.007,5.791,30.0,1247,-1,151.65,False,-1,True,True,0.0,0.3,0.005,False,False,-0.027,-0.019,39.14,1356,1.85,,,,,0,False,False,0.0,False,7.42,5.96,20.0,
31.4,23088,274.511,-957.092,-0.006,5.528,30.0,1247,-1,151.93,False,-1,True,True,0.0,0.3,0.008,False,False,-0.119,-0.016,39.219,1356,1.85,,,,,0,False,False,0.0,False,7.13,5.9,20.0,
31.45,23089,274.721,-956.92,-0.005,5.417,30.0,1915,-1,0.0,True,1,True,False,0.062,0.0,0.002,False,False,-0.178,-0.009,39.234,1356,1.85,,,,,0,False,False,0.0,False,6.86,5.76,20.0,
31.5,23090,274.926,-956.752,-0.005,5.203,30.0,1915,-1,0.2,True,1,True,False,0.462,0.0,0.006,False,False,-0.213,-0.008,39.303,1356,1.85,,,,,0,False,False,0.0,False,6.6,5.71,20.0,
31.55,23091,275.125,-956.589,-0.005,5.141,30.0,1247,-1,152.73,False,-1,True,True,0.75,0.0,0.0,False,False,-0.219,-0.002,39.308,1356,1.85,,,,,0,False,False,0.0,False,6.34,5.6,20.0,
31.6,23092,275.323,-956.427,-0.005,5.069,30.0,1247,-1,152.98,False,-1,True,True,0.75,0.0,0.004,False,False,-0.19,-0.003,39.377,1356,1.85,,,,,0,False,False,0.0,False,6.09,5.57,20.0,
31.65,23093,275.52,-956.265,-0.006,5.138,30.0,1914,-1,0.23,True,1,True,True,0.75,0.0,-0.002,False,False,-0.13,0.002,39.366,1356,1.85,,,,,0,False,False,0.0,False,5.83,5.53,20.0,
31.7,23094,275.71,-956.109,-0.006,4.735,30.0,1914,-1,0.48,True,1,True,True,0.75,0.0,0.004,False,False,-0.157,-0.001,39.37,1356,1.85,,,,,0,False,False,0.0,False,5.58,5.57,20.0,
31.75,23095,275.883,-955.966,-0.005,4.401,30.0,1914,-1,0.7,True,1,True,True,0.75,0.0,0.003,False,False,-0.25,-0.004,39.36,1356,1.85,,,,,0,False,False,0.0,False,5.36,5.37,20.0,
31.8,23096,276.048,-955.83,-0.005,4.203,30.0,1914,-1,1.03,True,1,True,True,0.75,0.0,0.004,False,False,-0.311,-0.005,39.37,1356,1.85,,,,,0,False,False,0.0,False,5.15,5.2,20.0,
31.85,23097,276.208,-955.699,-0.005,4.112,30.0,1914,-1,1.23,True,1,True,True,0.75,0.0,0.002,False,False,-0.313,-0.004,39.382,1356,1.85,,,,,0,False,False,0.0,False,4.94,5.1,20.0,
31.9,23098,276.367,-955.569,-0.005,4.096,30.0,1914,-1,1.44,True,1,True,True,0.75,0.0,-0.011,False,False,-0.265,0.017,39.356,1356,5.56,,,,,0,False,False,0.0,False,8.44,5.06,20.0,
31.95,23099,276.527,-955.438,-0.006,4.127,30.0,1914,-1,1.65,True,1,True,True,0.75,0.0,0.001,False,False,-0.187,0.014,39.341,1356,5.56,,,,,0,False,False,0.0,False,8.23,5.05,20.0,
32.0,23100,276.688,-955.306,-0.006,4.188,30.0,1914,-1,1.85,True,1,True,True,0.75,0.0,0.001,False,False,-0.099,0.006,39.341,1356,5.56,,,,,0,False,False,0.0,False,8.02,5.06,20.0,
32.05,23101,276.852,-955.171,-0.007,4.266,30.0,1914,-1,2.21,True,1,True,True,0.75,0.0,-0.0,False,False,-0.015,0.003,39.341,1356,5.56,,,,,0,False,False,0.0,False,7.81,5.09,20.0,
32.1,23102,277.02,-955.034,-0.008,4.356,30.0,1914,-1,2.43,True,1,True,True,0.75,0.0,-0.0,False,False,0.058,0.002,39.34,1356,5.56,,,,,0,False,False,0.0,False,7.59,5.13,20.0,
32.15,23103,277.191,-954.894,-0.008,4.452,30.0,1914,-1,2.65,True,1,True,True,0.75,0.0,-0.0,False,False,0.117,0.001,39.339,1356,5.56,,,,,0,False,False,0.0,False,7.37,5.18,20.0,
32.2,23104,277.366,-954.75,-0.009,4.552,30.0,1914,-1,2.87,True,1,True,True,0.75,0.0,-0.0,False,False,0.162,0.001,39.338,1356,5.56,,,,,0,False,False,0.0,False,7.14,5.23,20.0,
32.25,23105,277.545,-954.604,-0.009,4.655,30.0,1914,-1,3.1,True,1,True,True,0.75,0.0,-0.0,False,False,0.196,0.0,39.337,1356,5.56,,,,,0,False,False,0.0,False,6.91,5.28,20.0,
32.3,23106,277.727,-954.454,-0.009,4.759,30.0,1914,-1,3.34,True,1,True,True,0.75,0.0,-0.0,False,False,0.22,0.0,39.336,1356,5.56,,,,,0,False,False,0.0,False,6.68,5.33,20.0,
32.35,23107,277.914,-954.301,-0.009,4.863,30.0,1914,-1,3.58,True,1,True,True,0.75,0.0,-0.0,False,False,0.236,0.0,39.335,1356,5.56,,,,,0,False,False,0.0,False,6.44,5.38,20.0,
32.4,23108,278.104,-954.145,-0.009,4.967,30.0,1914,-1,3.82,True,1,True,True,0.75,0.0,-0.0,False,False,0.247,-0.0,39.335,1356,5.56,,,,,0,False,False,0.0,False,6.19,5.43,20.0,
32.45,23109,278.299,-953.986,-0.009,5.071,30.0,1914,-1,4.0,True,1,True,True,0.75,0.0,-0.0,False,False,0.254,-0.0,39.334,1356,5.56,,,,,0,False,False,0.0,False,5.94,5.48,20.0,
32.5,23110,278.497,-953.823,-0.009,5.158,30.0,1914,-1,4.19,True,1,True,True,0.75,0.0,-0.0,False,False,0.257,-0.0,39.334,1356,5.56,,,,,0,False,False,0.0,False,5.68,5.54,20.0,
32.55,23111,278.7,-953.657,-0.009,5.31,30.0,1356,-1,0.14,False,-1,True,True,0.75,0.0,-0.0,False,False,0.26,-0.0,39.334,1356,5.56,,,,,0,False,False,0.0,False,5.42,5.58,20.0,
32.6,23112,278.905,-953.487,-0.009,5.336,30.0,1356,-1,0.4,False,-1,True,True,0.75,0.0,0.017,False,False,0.256,-0.035,39.395,1356,9.26,,,,,0,False,False,0.0,False,8.85,5.65,20.0,
32.65,23113,279.113,-953.316,-0.009,5.426,30.0,1356,-1,0.67,False,-1,True,True,0.75,0.0,-0.001,False,False,0.244,-0.026,39.423,1356,9.26,,,,,0,False,False,0.0,False,8.58,5.67,20.0,
32.7,23114,279.321,-953.145,-0.009,5.336,30.0,1356,-1,0.94,False,-1,True,True,0.515,0.0,0.0,False,False,0.197,-0.013,39.474,1356,9.26,,,,,0,False,False,0.0,False,8.32,5.71,20.0,
32.75,23115,279.527,-952.975,-0.008,5.386,30.0,1356,-1,1.21,False,-1,True,True,0.75,0.0,-0.003,False,False,0.155,-0.0,39.457,1356,9.26,,,,,0,False,False,0.0,False,8.05,5.67,20.0,
32.8,23116,279.733,-952.806,-0.008,5.308,30.0,1356,-1,1.47,False,-1,True,True,0.647,0.0,0.003,False,False,0.116,-0.002,39.497,1356,9.26,,,,,0,False,False,0.0,False,7.78,5.69,20.0,
32.85,23117,279.94,-952.636,-0.008,5.378,30.0,1356,-1,1.74,False,-1,True,True,0.75,0.0,-0.002,False,False,0.098,0.002,39.478,1356,9.26,,,,,0,False,False,0.0,False,7.51,5.65,20.0,
32.9,23118,280.146,-952.466,-0.008,5.322,30.0,1356,-1,2.01,False,-1,True,True,0.664,0.0,0.002,False,False,0.084,-0.001,39.515,1356,9.26,,,,,0,False,False,0.0,False,7.25,5.69,20.0,
32.95,23119,280.353,-952.295,-0.008,5.414,30.0,1356,-1,2.28,False,-1,True,True,0.75,0.0,-0.003,False,False,0.087,0.002,39.494,1356,9.26,,,,,0,False,False,0.0,False,6.98,5.66,20.0,
33.0,23120,280.56,-952.125,-0.008,5.338,30.0,1356,-1,2.55,False,-1,True,True,0.53,0.0,0.002,False,False,0.081,-0.001,39.523,1356,9.26,,,,,0,False,False,0.0,False,6.71,5.71,20.0,
33.05,23121,280.768,-951.953,-0.008,5.405,30.0,1356,-1,2.82,False,-1,True,True,0.75,0.0,-0.002,False,False,0.079,0.001,39.494,1356,9.26,,,,,0,False,False,0.0,False,6.44,5.67,20.0,
33.1,23122,280.981,-951.777,-0.008,5.676,30.0,1356,-1,3.09,False,-1,True,True,0.56,0.0,0.002,False,False,0.138,-0.004,39.487,1356,9.26,,,,,0,False,False,0.0,False,6.16,5.7,20.0,
33.15,23123,281.212,-951.587,-0.01,6.109,30.0,1356,-1,3.39,False,-1,True,True,0.0,0.3,0.001,False,False,0.289,-0.005,39.478,1356,9.26,,,,,0,False,False,0.0,False,5.87,5.84,20.0,
33.2,23124,281.454,-951.395,-0.01,6.185,30.0,1356,-1,3.7,False,-1,True,True,0.0,0.3,-0.099,False,False,0.366,0.163,39.21,1356,12.97,,,,,0,False,False,0.0,False,9.55,6.05,20.0,
33.25,23125,281.7,-951.202,-0.01,6.276,30.0,1356,-1,4.01,False,-1,True,True,0.0,0.3,-0.031,False,False,0.363,0.216,38.84,1356,12.97,,,,,0,False,False,0.0,False,9.24,6.09,20.0,
33.3,23126,281.942,-951.011,-0.01,6.128,30.0,1356,-1,4.32,False,-1,True,True,0.0,0.3,-0.011,False,False,0.287,0.153,38.596,1356,12.97,,,,,0,False,False,0.0,False,8.93,6.14,20.0,
33.35,23127,282.18,-950.823,-0.009,6.044,30.0,1356,-1,4.62,False,-1,True,True,0.0,0.3,-0.013,False,False,0.181,0.102,38.466,1356,12.97,,,,,0,False,False,0.0,False,8.63,6.06,20.0,
33.4,23128,282.411,-950.642,-0.008,5.811,30.0,1356,-1,4.92,False,-1,True,True,0.0,0.3,-0.017,False,False,0.064,0.081,38.308,1356,12.97,,,,,0,False,False,0.0,False,8.34,6.02,20.0,
33.45,23129,282.637,-950.466,-0.007,5.685,30.0,1356,-1,5.2,False,-1,True,True,0.0,0.3,-0.01,False,False,-0.035,0.059,38.225,1356,12.97,,,,,0,False,False,0.0,False,8.05,5.91,20.0,
33.5,23130,282.854,-950.296,-0.006,5.424,30.0,1356,-1,5.48,False,-1,True,True,0.0,0.3,-0.012,False,False,-0.122,0.047,38.106,1356,12.97,,,,,0,False,False,0.0,False,7.77,5.84,20.0,
33.55,23131,283.065,-950.132,-0.005,5.318,30.0,1356,-1,5.75,False,-1,True,True,0.446,0.0,-0.006,False,False,-0.179,0.032,38.059,1356,12.97,,,,,0,False,False,0.0,False,7.51,5.71,20.0,
33.6,23132,283.27,-949.972,-0.005,5.12,30.0,1356,-1,6.01,False,-1,True,True,0.75,0.0,-0.009,False,False,-0.208,0.025,37.964,1356,12.97,,,,,0,False,False,0.0,False,7.25,5.66,20.0,
33.65,23133,283.471,-949.816,-0.005,5.087,30.0,1356,-1,6.26,False,-1,True,True,0.75,0.0,-0.003,False,False,-0.204,0.015,37.937,1356,12.97,,,,,0,False,False,0.0,False,6.99,5.56,20.0,
33.7,23134,283.67,-949.662,-0.006,5.041,30.0,1356,-1,6.51,False,-1,True,True,0.75,0.0,-0.007,False,False,-0.177,0.013,37.856,1356,12.97,,,,,0,False,False,0.0,False,6.74,5.54,20.0,
33.75,23135,283.869,-949.508,-0.006,5.042,30.0,1356,-1,6.76,False,-1,True,True,0.75,0.0,-0.0,False,False,-0.126,0.006,37.822,1356,12.97,,,,,0,False,False,0.0,False,6.49,5.52,20.0,
33.8,23136,284.066,-949.355,-0.006,4.847,30.0,1356,-1,7.01,False,-1,True,True,0.75,0.0,-0.003,False,False,-0.097,0.004,37.819,1356,12.97,,,,,0,False,False,0.0,False,6.24,5.52,20.0,
33.85,23137,284.249,-949.213,-0.006,4.519,30.0,1356,-1,7.25,False,-1,True,True,0.75,0.0,-0.005,False,False,-0.171,0.006,37.819,1356,12.97,,,,,0,False,False,0.0,False,6.01,5.42,20.0,
33.9,23138,284.422,-949.08,-0.005,4.324,30.0,1356,-1,7.46,False,-1,True,True,0.75,0.0,-0.005,False,False,-0.237,0.008,37.802,1356,12.97,,,,,0,False,False,0.0,False,5.79,5.26,20.0,
33.95,23139,284.591,-948.949,-0.005,4.235,30.0,1356,-1,7.68,False,-1,True,True,0.75,0.0,-0.003,False,False,-0.252,0.006,37.785,1356,12.97,,,,,0,False,False,0.0,False,5.58,5.16,20.0,
34.0,23140,284.758,-948.82,-0.005,4.218,30.0,1356,-1,7.89,False,-1,True,True,0.75,0.0,-0.002,False,False,-0.218,0.003,37.771,1356,12.97,,,,,0,False,False,0.0,False,5.36,5.12,20.0,
34.05,23141,284.926,-948.69,-0.006,4.248,30.0,1356,-1,8.1,False,-1,True,True,0.75,0.0,-0.002,False,False,-0.154,0.002,37.759,1356,12.97,,,,,0,False,False,0.0,False,5.15,5.11,20.0,
34.1,23142,285.096,-948.559,-0.007,4.307,30.0,1356,-1,8.32,False,-1,True,True,0.75,0.0,-0.002,False,False,-0.077,0.001,37.749,1356,12.97,,,,,0,False,False,0.0,False,4.94,5.12,20.0,
34.15,23143,285.271,-948.429,-0.007,4.373,30.0,1356,-1,8.53,False,-1,True,True,0.75,0.0,-0.102,False,False,-0.004,0.107,37.559,1356,16.67,,,,,0,False,False,0.0,False,8.4,5.15,20.0,
34.2,23144,285.452,-948.302,-0.008,4.452,30.0,1356,-1,8.75,False,-1,True,True,0.75,0.0,-0.119,False,False,0.057,0.279,37.057,1356,16.67,,,,,0,False,False,0.0,False,8.17,5.19,20.0,
34.25,23145,285.638,-948.174,-0.008,4.55,30.0,1356,-1,8.98,False,-1,True,True,0.75,0.0,-0.078,False,False,0.111,0.318,36.546,1356,16.67,,,,,0,False,False,0.0,False,7.95,5.23,20.0,
34.3,23146,285.829,-948.043,-0.009,4.652,30.0,1356,-1,9.21,False,-1,True,True,0.75,0.0,-0.061,False,False,0.156,0.275,36.126,1356,16.67,,,,,0,False,False,0.0,False,7.72,5.28,20.0,
34.35,23147,286.023,-947.91,-0.009,4.755,30.0,1356,-1,9.44,False,-1,True,True,0.75,0.0,-0.053,False,False,0.19,0.218,35.767,1356,16.67,,,,,0,False,False,0.0,False,7.48,5.33,20.0,
34.4,23148,286.223,-947.775,-0.009,4.859,30.0,1356,-1,9.68,False,-1,True,True,0.75,0.0,-0.046,False,False,0.215,0.167,35.453,1356,16.67,,,,,0,False,False,0.0,False,7.24,5.38,20.0,
34.45,23149,286.426,-947.637,-0.009,4.963,30.0,1356,-1,9.93,False,-1,True,True,0.75,0.0,-0.039,False,False,0.233,0.124,35.178,1356,16.67,,,,,0,False,False,0.0,False,7.0,5.43,20.0,
34.5,23150,286.635,-947.496,-0.009,5.068,30.0,1356,-1,10.18,False,-1,True,True,0.75,0.0,-0.033,False,False,0.245,0.086,34.941,1356,16.67,,,,,0,False,False,0.0,False,6.74,5.48,20.0,
34.55,23151,286.847,-947.353,-0.009,5.151,30.0,1356,-1,10.44,False,-1,True,True,0.75,0.0,-0.028,False,False,0.251,0.058,34.737,1356,16.67,,,,,0,False,False,0.0,False,6.49,5.53,20.0,
34.6,23152,287.064,-947.206,-0.009,5.294,30.0,1356,-1,10.7,False,-1,True,True,0.75,0.0,-0.023,False,False,0.256,0.039,34.55,1356,16.67,,,,,0,False,False,0.0,False,6.23,5.58,20.0,
34.65,23153,287.281,-947.06,-0.009,5.203,30.0,1356,-1,10.96,False,-1,True,True,0.75,0.0,-0.018,False,False,0.223,0.023,34.421,1356,16.67,,,,,0,False,False,0.0,False,5.96,5.65,20.0,
34.7,23154,287.498,-946.915,-0.009,5.261,30.0,1356,-1,11.22,False,-1,True,True,0.75,0.0,-0.018,False,False,0.183,0.017,34.264,1356,16.67,,,,,0,False,False,0.0,False,5.7,5.6,20.0,
34.75,23155,287.715,-946.77,-0.008,5.195,30.0,1356,-1,11.48,False,-1,True,True,0.75,0.0,-0.011,False,False,0.143,0.008,34.187,1356,16.67,,,,,0,False,False,0.0,False,5.44,5.63,20.0,
34.8,23156,287.935,-946.627,-0.008,5.278,30.0,1356,-1,11.74,False,-1,True,True,0.75,0.0,-0.111,False,False,0.123,0.11,33.915,1356,20.38,,,,,0,False,False,0.0,False,8.88,5.6,20.0,
34.85,23157,288.156,-946.486,-0.008,5.223,30.0,1356,-1,12.0,False,-1,True,True,0.75,0.0,-0.058,False,False,0.107,0.184,33.566,1356,20.38,,,,,0,False,False,0.0,False,8.62,5.64,20.0,
34.9,23158,288.378,-946.346,-0.008,5.291,30.0,1356,-1,12.1,False,-1,True,True,0.75,0.0,-0.04,False,False,0.099,0.171,33.205,1356,20.38,,,,,0,False,False,0.0,False,8.35,5.61,20.0,
34.95,23159,288.6,-946.205,-0.008,5.261,30.0,1356,-1,12.36,False,-1,True,True,0.75,0.0,-0.028,False,False,0.089,0.129,32.964,1356,20.38,,,,,0,False,False,0.0,False,8.09,5.65,20.0,
35.0,23160,288.839,-946.056,-0.009,5.827,30.0,1356,-1,12.65,False,-1,True,True,0.75,0.0,-0.028,False,False,0.213,0.11,32.758,1356,20.38,,,,,0,False,False,0.0,False,7.81,5.63,20.0,
35.05,23161,289.095,-945.896,-0.01,6.119,30.0,1356,-1,12.95,False,-1,True,True,0.0,0.3,-0.024,False,False,0.362,0.096,32.548,1356,20.38,,,,,0,False,False,0.0,False,7.51,5.91,20.0,
35.1,23162,289.363,-945.729,-0.011,6.378,30.0,1356,-1,13.19,False,-1,True,True,0.0,0.3,-0.017,False,False,0.447,0.074,32.366,1356,20.38,,,,,0,False,False,0.0,False,7.19,6.06,20.0,
35.15,23163,289.633,-945.561,-0.011,6.351,30.0,1356,-1,13.51,False,-1,True,True,0.0,0.3,-0.013,False,False,0.43,0.051,32.221,1356,20.38,,,,,0,False,False,0.0,False,6.87,6.19,20.0,
35.2,23164,289.902,-945.393,-0.01,6.344,30.0,1356,-1,13.82,False,-1,True,True,0.0,0.3,-0.011,False,False,0.351,0.034,32.117,1356,20.38,,,,,0,False,False,0.0,False,6.56,6.18,20.0,
35.25,23165,290.166,-945.23,-0.009,6.143,30.0,1356,-1,14.13,False,-1,True,True,0.0,0.3,-0.011,False,False,0.226,0.027,31.998,1356,20.38,,,,,0,False,False,0.0,False,6.25,6.17,20.0,
35.3,23166,290.423,-945.07,-0.008,6.034,30.0,1356,-1,14.44,False,-1,True,True,0.0,0.3,-0.006,False,False,0.104,0.017,31.946,1356,20.38,,,,,0,False,False,0.0,False,5.94,6.07,20.0,
35.35,23167,290.674,-944.919,-0.007,5.776,30.0,1356,-1,14.73,False,-1,True,True,0.0,0.3,-0.106,False,False,-0.014,0.12,31.698,1356,24.08,,,,,0,False,False,0.0,False,9.35,6.02,20.0,
35.4,23168,290.918,-944.775,-0.006,5.638,30.0,1356,-1,15.01,False,-1,True,True,0.0,0.3,-0.021,False,False,-0.105,0.152,31.42,1356,24.08,,,,,0,False,False,0.0,False,9.07,5.89,20.0,
35.45,23169,291.152,-944.634,-0.005,5.367,30.0,1356,-1,15.29,False,-1,True,True,0.0,0.3,-0.009,False,False,-0.18,0.097,31.208,1356,24.08,,,,,0,False,False,0.0,False,8.8,5.82,20.0,
35.5,23170,291.379,-944.498,-0.005,5.257,30.0,1356,-1,15.55,False,-1,True,True,0.638,0.0,-0.007,False,False,-0.224,0.051,31.119,1356,24.08,,,,,0,False,False,0.0,False,8.53,5.68,20.0,
35.55,23171,291.599,-944.366,-0.005,5.054,30.0,1356,-1,15.81,False,-1,True,True,0.75,0.0,-0.013,False,False,-0.243,0.034,30.991,1356,24.08,,,,,0,False,False,0.0,False,8.28,5.63,20.0,
35.6,23172,291.819,-944.236,-0.005,5.121,30.0,1356,-1,16.06,False,-1,True,True,0.75,0.0,-0.006,False,False,-0.206,0.022,30.953,1356,24.08,,,,,0,False,False,0.0,False,8.02,5.53,20.0,
35.65,23173,292.037,-944.106,-0.006,5.047,30.0,1356,-1,16.32,False,-1,True,True,0.75,0.0,-0.011,False,False,-0.15,0.021,30.861,1356,24.08,,,,,0,False,False,0.0,False,7.77,5.56,20.0,
35.7,23174,292.247,-943.981,-0.006,4.71,30.0,1356,-1,16.56,False,-1,True,True,0.75,0.0,-0.004,False,False,-0.169,0.014,30.803,1356,24.08,,,,,0,False,False,0.0,False,7.52,5.52,20.0,
35.75,23175,292.44,-943.867,-0.005,4.366,30.0,1356,-1,16.78,False,-1,True,True,0.75,0.0,-0.005,False,False,-0.263,0.008,30.746,1356,24.08,,,,,0,False,False,0.0,False,7.3,5.36,20.0,
35.8,23176,292.621,-943.759,-0.004,4.16,30.0,1356,-1,17.0,False,-1,True,True,0.75,0.0,-0.003,False,False,-0.325,0.004,30.717,1356,24.08,,,,,0,False,False,0.0,False,7.09,5.18,20.0,
35.85,23177,292.797,-943.655,-0.004,4.064,30.0,1356,-1,17.2,False,-1,True,True,0.75,0.0,-0.004,False,False,-0.328,0.003,30.696,1356,24.08,,,,,0,False,False,0.0,False,6.88,5.08,20.0,
35.9,23178,292.972,-943.552,-0.005,4.044,30.0,1356,-1,17.4,False,-1,True,True,0.75,0.0,-0.004,False,False,-0.279,0.003,30.676,1356,24.08,,,,,0,False,False,0.0,False,6.68,5.03,20.0,
35.95,23179,293.147,-943.448,-0.006,4.074,30.0,1356,-1,17.61,False,-1,True,True,0.75,0.0,-0.003,False,False,-0.199,0.003,30.658,1356,24.08,,,,,0,False,False,0.0,False,6.48,5.02,20.0,
36.0,23180,293.325,-943.344,-0.006,4.134,30.0,1356,-1,17.81,False,-1,True,True,0.75,0.0,-0.003,False,False,-0.108,0.002,30.643,1356,24.08,,,,,0,False,False,0.0,False,6.27,5.04,20.0,
36.05,23181,293.506,-943.237,-0.007,4.213,30.0,1356,-1,18.02,False,-1,True,True,0.75,0.0,-0.002,False,False,-0.022,0.002,30.63,1356,24.08,,,,,0,False,False,0.0,False,6.06,5.07,20.0,
36.1,23182,293.69,-943.128,-0.008,4.302,30.0,1356,-1,18.24,False,-1,True,True,0.75,0.0,-0.002,False,False,0.053,0.001,30.618,1356,24.08,,,,,0,False,False,0.0,False,5.85,5.11,20.0,
36.15,23183,293.878,-943.017,-0.008,4.399,30.0,1356,-1,18.45,False,-1,True,True,0.75,0.0,-0.002,False,False,0.114,0.001,30.607,1356,24.08,,,,,0,False,False,0.0,False,5.63,5.15,20.0,
36.2,23184,294.07,-942.903,-0.009,4.499,30.0,1356,-1,18.68,False,-1,True,True,0.75,0.0,-0.001,False,False,0.16,0.001,30.598,1356,24.08,,,,,0,False,False,0.0,False,5.4,5.2,20.0,
36.25,23185,294.267,-942.787,-0.009,4.602,30.0,1356,-1,18.91,False,-1,True,True,0.75,0.0,-0.001,False,False,0.195,0.0,30.59,1356,24.08,,,,,0,False,False,0.0,False,5.18,5.25,20.0,
36.3,23186,294.47,-942.672,-0.009,4.7,30.0,1356,-1,19.14,False,-1,True,True,0.75,0.0,-0.066,False,False,0.218,0.087,30.432,1356,27.79,,,,,0,False,False,0.0,False,8.65,5.3,20.0,
36.35,23187,294.676,-942.553,-0.009,4.806,30.0,1356,-1,19.38,False,-1,True,True,0.75,0.0,-0.006,False,False,0.234,0.089,30.278,1356,27.79,,,,,0,False,False,0.0,False,8.41,5.35,20.0,
36.4,23188,294.887,-942.432,-0.009,4.911,30.0,1356,-1,19.62,False,-1,True,True,0.75,0.0,-0.001,False,False,0.245,0.046,30.223,1356,27.79,,,,,0,False,False,0.0,False,8.17,5.4,20.0,
36.45,23189,295.103,-942.307,-0.009,5.016,30.0,1356,-1,19.87,False,-1,True,True,0.75,0.0,-0.007,False,False,0.253,0.024,30.184,1356,27.79,,,,,0,False,False,0.0,False,7.92,5.46,20.0,
36.5,23190,295.323,-942.18,-0.009,5.121,30.0,1356,-1,20.12,False,-1,True,True,0.75,0.0,-0.007,False,False,0.258,0.015,30.143,1356,27.79,,,,,0,False,False,0.0,False,7.66,5.51,20.0,
36.55,23191,295.547,-942.051,-0.009,5.181,30.0,1356,-1,20.38,False,-1,True,True,0.75,0.0,-0.005,False,False,0.258,0.009,30.106,1356,27.79,,,,,0,False,False,0.0,False,7.4,5.56,20.0,
36.6,23192,295.775,-941.919,-0.009,5.316,30.0,1356,-1,20.65,False,-1,True,True,0.75,0.0,-0.004,False,False,0.255,0.005,30.059,1356,27.79,,,,,0,False,False,0.0,False,7.14,5.59,20.0,
36.65,23193,296.003,-941.788,-0.009,5.22,30.0,1356,-1,20.91,False,-1,True,True,0.75,0.0,-0.002,False,False,0.213,0.0,30.066,1356,27.79,,,,,0,False,False,0.0,False,6.88,5.66,20.0,
36.7,23194,296.23,-941.657,-0.008,5.284,30.0,1356,-1,21.17,False,-1,True,True,0.75,0.0,-0.006,False,False,0.173,0.004,30.019,1356,27.79,,,,,0,False,False,0.0,False,6.62,5.61,20.0,
36.75,23195,296.457,-941.526,-0.008,5.223,30.0,1356,-1,21.43,False,-1,True,True,0.75,0.0,-0.001,False,False,0.137,0.0,30.033,1356,27.79,,,,,0,False,False,0.0,False,6.35,5.64,20.0,
36.8,23196,296.686,-941.395,-0.008,5.319,30.0,1356,-1,21.7,False,-1,True,True,0.75,0.0,-0.005,False,False,0.123,0.003,29.993,1356,27.79,,,,,0,False,False,0.0,False,6.09,5.61,20.0,
36.85,23197,296.915,-941.263,-0.008,5.251,30.0,1356,-1,21.96,False,-1,True,True,0.75,0.0,-0.0,False,False,0.108,-0.0,30.012,1356,27.79,,,,,0,False,False,0.0,False,5.83,5.66,20.0,
36.9,23198,297.144,-941.131,-0.008,5.318,30.0,1356,-1,22.22,False,-1,True,True,0.75,0.0,-0.004,False,False,0.098,0.003,29.971,1356,27.79,,,,,0,False,False,0.0,False,5.56,5.63,20.0,
36.95,23199,297.378,-940.999,-0.008,5.5,30.0,1356,-1,22.49,False,-1,True,True,0.75,0.0,-0.036,False,False,0.124,0.06,29.897,1356,31.5,,,,,0,False,False,0.0,False,9.0,5.66,20.0,
37.0,23200,297.632,-940.856,-0.01,6.009,30.0,1356,-1,22.79,False,-1,True,True,0.224,0.0,-0.006,False,False,0.278,0.062,29.803,1356,31.5,,,,,0,False,False,0.0,False,8.71,5.75,20.0,
37.05,23201,297.9,-940.703,-0.011,6.2,30.0,1356,-1,23.09,False,-1,True,True,0.0,0.3,-0.001,False,False,0.397,0.032,29.751,1356,31.5,,,,,0,False,False,0.0,False,8.4,6.0,20.0,
37.1,23202,298.174,-940.548,-0.011,6.34,30.0,1356,-1,23.41,False,-1,True,True,0.0,0.3,-0.003,False,False,0.425,0.013,29.721,1356,31.5,,,,,0,False,False,0.0,False,8.08,6.1,20.0,
37.15,23203,298.446,-940.393,-0.01,6.228,30.0,1356,-1,23.72,False,-1,True,True,0.0,0.3,-0.003,False,False,0.361,0.006,29.689,1356,31.5,,,,,0,False,False,0.0,False,7.77,6.17,20.0,
37.2,23204,298.715,-940.24,-0.009,6.163,30.0,1356,-1,24.03,False,-1,True,True,0.0,0.3,-0.002,False,False,0.256,0.002,29.683,1356,31.5,,,,,0,False,False,0.0,False,7.46,6.11,20.0,
37.25,23205,298.976,-940.092,-0.008,5.939,30.0,1356,-1,24.33,False,-1,True,True,0.0,0.3,-0.004,False,False,0.128,0.004,29.637,1356,31.5,,,,,0,False,False,0.0,False,7.16,6.08,20.0,
37.3,23206,299.23,-939.948,-0.007,5.816,30.0,1356,-1,24.62,False,-1,True,True,0.0,0.3,0.001,False,False,0.017,-0.001,29.648,1356,31.5,,,,,0,False,False,0.0,False,6.87,5.97,20.0,
37.35,23207,299.475,-939.808,-0.006,5.558,30.0,1356,-1,24.91,False,-1,True,True,0.0,0.3,-0.004,False,False,-0.083,0.002,29.608,1356,31.5,,,,,0,False,False,0.0,False,6.59,5.91,20.0,
37.4,23208,299.713,-939.673,-0.006,5.445,30.0,1356,-1,25.18,False,-1,True,True,0.0,0.04,0.001,False,False,-0.151,-0.001,29.624,1356,31.5,,,,,0,False,False,0.0,False,6.31,5.78,20.0,
37.45,23209,299.944,-939.542,-0.005,5.226,30.0,1356,-1,25.44,False,-1,True,True,0.366,0.0,-0.003,False,False,-0.196,0.0,29.581,1356,31.5,,,,,0,False,False,0.0,False,6.05,5.72,20.0,
37.5,23210,300.169,-939.414,-0.005,5.158,30.0,1356,-1,25.7,False,-1,True,True,0.75,0.0,0.002,False,False,-0.21,-0.004,29.595,1356,31.5,,,,,0,False,False,0.0,False,5.79,5.61,20.0,
37.55,23211,300.389,-939.289,-0.005,5.023,30.0,1356,-1,25.96,False,-1,True,True,0.75,0.0,-0.002,False,False,-0.205,-0.001,29.558,1356,31.5,,,,,0,False,False,0.0,False,5.53,5.58,20.0,
37.6,23212,300.61,-939.164,-0.006,5.09,30.0,1356,-1,26.21,False,-1,True,True,0.75,0.0,0.002,False,False,-0.155,-0.004,29.588,1356,31.5,,,,,0,False,False,0.0,False,5.28,5.51,20.0,
37.65,23213,300.829,-939.041,-0.006,4.918,30.0,1356,-1,26.46,False,-1,True,True,0.75,0.0,-0.025,False,False,-0.115,0.034,29.526,1356,35.2,,,,,0,False,False,0.0,False,8.74,5.54,20.0,
37.7,23214,301.034,-938.926,-0.006,4.559,30.0,1356,-1,26.7,False,-1,True,True,0.75,0.0,-0.002,False,False,-0.18,0.032,29.445,1356,35.2,,,,,0,False,False,0.0,False,8.5,5.46,20.0,
37.75,23215,301.225,-938.818,-0.005,4.301,30.0,1356,-1,26.92,False,-1,True,True,0.75,0.0,0.002,False,False,-0.262,0.013,29.425,1356,35.2,,,,,0,False,False,0.0,False,8.28,5.28,20.0,
37.8,23216,301.408,-938.715,-0.005,4.164,30.0,1356,-1,27.13,False,-1,True,True,0.75,0.0,-0.002,False,False,-0.297,0.005,29.418,1356,35.2,,,,,0,False,False,0.0,False,8.07,5.15,20.0,
37.85,23217,301.588,-938.614,-0.005,4.116,30.0,1356,-1,27.33,False,-1,True,True,0.75,0.0,-0.002,False,False,-0.275,0.004,29.409,1356,35.2,,,,,0,False,False,0.0,False,7.86,5.08,20.0,
37.9,23218,301.768,-938.513,-0.005,4.128,30.0,1356,-1,27.54,False,-1,True,True,0.75,0.0,-0.002,False,False,-0.213,0.003,29.399,1356,35.2,,,,,0,False,False,0.0,False,7.66,5.06,20.0,
37.95,23219,301.95,-938.411,-0.006,4.176,30.0,1356,-1,27.75,False,-1,True,True,0.75,0.0,-0.001,False,False,-0.132,0.002,29.391,1356,35.2,,,,,0,False,False,0.0,False,7.45,5.06,20.0,
38.0,23220,302.134,-938.307,-0.007,4.247,30.0,1356,-1,27.96,False,-1,True,True,0.75,0.0,-0.001,False,False,-0.048,0.001,29.384,1356,35.2,,,,,0,False,False,0.0,False,7.24,5.09,20.0,
38.05,23221,302.322,-938.201,-0.008,4.331,30.0,1356,-1,28.17,False,-1,True,True,0.75,0.0,-0.001,False,False,0.028,0.001,29.379,1356,35.2,,,,,0,False,False,0.0,False,7.02,5.12,20.0,
38.1,23222,302.514,-938.094,-0.008,4.425,30.0,1356,-1,28.39,False,-1,True,True,0.75,0.0,-0.001,False,False,0.092,0.0,29.373,1356,35.2,,,,,0,False,False,0.0,False,6.8,5.17,20.0,
38.15,23223,302.71,-937.984,-0.008,4.523,30.0,1356,-1,28.62,False,-1,True,True,0.75,0.0,-0.001,False,False,0.143,0.0,29.369,1356,35.2,,,,,0,False,False,0.0,False,6.58,5.21,20.0,
38.2,23224,302.91,-937.871,-0.009,4.624,30.0,1356,-1,28.85,False,-1,True,True,0.75,0.0,-0.001,False,False,0.182,0.0,29.365,1356,35.2,,,,,0,False,False,0.0,False,6.35,5.26,20.0,
38.25,23225,303.114,-937.756,-0.009,4.728,30.0,1356,-1,29.08,False,-1,True,True,0.75,0.0,-0.0,False,False,0.209,-0.0,29.362,1356,35.2,,,,,0,False,False,0.0,False,6.11,5.31,20.0,
38.3,23226,303.323,-937.639,-0.009,4.831,30.0,1356,-1,29.32,False,-1,True,True,0.75,0.0,-0.0,False,False,0.229,-0.0,29.359,1356,35.2,,,,,0,False,False,0.0,False,5.87,5.36,20.0,
38.35,23227,303.536,-937.519,-0.009,4.936,30.0,1356,-1,29.57,False,-1,True,True,0.75,0.0,-0.0,False,False,0.242,-0.0,29.356,1356,35.2,,,,,0,False,False,0.0,False,5.63,5.42,20.0,
38.4,23228,303.754,-937.396,-0.009,5.039,30.0,1356,-1,29.82,False,-1,True,True,0.75,0.0,-0.0,False,False,0.251,-0.0,29.354,1356,35.2,,,,,0,False,False,0.0,False,5.38,5.47,20.0,
38.45,23229,303.973,-937.267,-0.009,5.124,30.0,1356,-1,30.07,False,-1,True,True,0.75,0.0,0.1,False,False,0.252,-0.159,29.615,1917,1.48,,,,,0,False,False,0.0,False,7.14,5.52,20.0,
38.5,23230,304.191,-937.129,-0.009,5.152,30.0,1356,-1,30.33,False,-1,True,True,0.75,0.0,0.128,False,False,0.237,-0.356,30.192,1917,1.48,,,,,0,False,False,0.0,False,6.89,5.56,20.0,
38.55,23231,304.407,-936.992,-0.009,5.13,30.0,1356,-1,30.58,False,-1,True,True,0.75,0.0,0.085,False,False,0.194,-0.38,30.857,1917,1.48,,,,,0,False,False,0.0,False,6.63,5.58,20.0,
38.6,23232,304.623,-936.854,-0.008,5.125,30.0,1356,-1,30.84,False,-1,True,True,0.75,0.0,0.058,False,False,0.152,-0.31,31.328,1917,1.48,,,,,0,False,False,0.0,False,6.38,5.56,20.0,
38.65,23233,304.838,-936.715,-0.008,5.131,30.0,1356,-1,31.09,False,-1,True,True,0.75,0.0,0.057,False,False,0.123,-0.245,31.806,1917,1.48,,,,,0,False,False,0.0,False,6.12,5.56,20.0,
38.7,23234,305.053,-936.575,-0.008,5.158,30.0,1356,-1,31.35,False,-1,True,True,0.75,0.0,0.041,False,False,0.109,-0.183,32.128,1917,1.48,,,,,0,False,False,0.0,False,5.86,5.57,20.0,
38.75,23235,305.269,-936.433,-0.008,5.173,30.0,1356,-1,31.61,False,-1,True,True,0.75,0.0,0.042,False,False,0.105,-0.144,32.487,1917,1.48,,,,,0,False,False,0.0,False,5.6,5.58,20.0,
38.8,23236,305.485,-936.29,-0.008,5.173,30.0,1356,-1,31.87,False,-1,True,True,0.75,0.0,0.028,False,False,0.096,-0.102,32.704,1917,1.48,,,,,0,False,False,0.0,False,5.35,5.59,20.0,
38.85,23237,305.699,-936.145,-0.008,5.206,30.0,1356,-1,32.12,False,-1,True,True,0.75,0.0,0.128,False,False,0.088,-0.18,33.116,1355,1.87,,,,,0,False,False,0.0,False,9.12,5.59,20.0,
38.9,23238,305.919,-935.98,-0.009,5.657,30.0,1356,-1,32.4,False,-1,True,True,0.75,0.0,0.228,False,False,0.195,-0.484,34.019,1355,1.87,,,,,0,False,False,0.0,False,8.85,5.6,20.0,
38.95,23239,306.169,-935.789,0.025,6.073,30.0,1356,-1,32.71,False,-1,True,True,0.0,0.3,0.196,False,False,2.597,-0.237,35.356,1355,1.87,,,,,0,False,False,0.0,False,8.54,5.83,20.0,
39.0,23240,306.41,-935.587,0.052,6.17,30.0,1356,-1,33.02,False,-1,True,True,0.0,0.3,0.125,False,False,3.694,-0.709,36.685,1355,1.87,,,,,0,False,False,0.0,False,8.22,6.04,20.0,
39.05,23241,306.651,-935.388,0.067,6.215,30.0,1356,-1,33.32,False,-1,True,True,0.0,0.3,0.077,False,False,4.066,-0.681,37.809,1355,1.87,,,,,0,False,False,0.0,False,7.91,6.09,20.0,
39.1,23242,306.889,-935.19,0.075,6.163,30.0,1356,-1,33.63,False,-1,True,True,0.0,0.3,0.056,False,False,4.092,-0.519,38.598,1355,1.87,,,,,0,False,False,0.0,False,7.6,6.11,20.0,
39.15,23243,307.121,-934.995,0.078,6.037,30.0,1356,-1,33.93,False,-1,True,True,0.0,0.3,0.055,False,False,3.973,-0.397,39.244,1355,1.87,,,,,0,False,False,0.0,False,7.3,6.08,20.0,
39.2,23244,307.346,-934.803,0.078,5.884,30.0,1356,-1,34.22,False,-1,True,True,0.0,0.3,0.045,False,False,3.817,-0.296,39.692,1355,1.87,,,,,1,True,False,0.0,False,7.0,6.02,20.0,
39.25,23245,307.563,-934.616,0.077,5.701,30.0,1356,-1,34.5,False,-1,True,True,0.0,0.3,0.045,False,False,3.67,-0.242,40.129,1355,1.87,,,,,0,False,False,0.0,False,6.72,5.94,20.0,
39.3,23246,307.773,-934.434,0.076,5.508,30.0,1356,-1,34.77,False,-1,True,True,0.0,0.3,0.031,False,False,3.548,-0.18,40.412,1355,1.87,,,,,0,False,False,0.0,False,6.44,5.85,20.0,
39.35,23247,307.977,-934.276,0.097,5.35,30.0,1356,-1,35.02,False,-1,True,True,0.145,0.0,0.033,False,False,2.257,1.547,40.716,1355,1.87,,,,,0,False,False,0.0,False,6.18,5.75,20.0,
39.4,23248,308.159,-934.098,0.123,5.367,30.0,1356,-1,35.27,False,-1,True,True,0.71,0.0,0.036,False,False,0.786,0.224,41.035,1355,1.87,,,,,0,False,False,0.0,False,5.93,5.68,20.0,
39.45,23249,308.34,-933.92,0.134,5.278,30.0,1356,-1,35.51,False,-1,True,True,0.654,0.0,0.002,False,False,-0.631,-1.847,41.364,1355,1.87,,,,,0,False,False,0.0,False,5.67,5.68,20.0,
39.5,23250,308.528,-933.745,0.129,5.408,30.0,1356,-1,35.76,False,-1,True,True,0.75,0.0,-0.016,False,False,-1.642,-3.684,41.564,1355,1.87,,,,,0,False,False,0.0,False,5.42,5.64,20.0,
39.55,23251,308.729,-933.581,0.121,5.175,30.0,1356,-1,36.02,False,-1,True,True,0.519,0.0,-0.116,False,False,-2.077,-4.201,41.376,1355,5.61,,,,,0,False,False,0.0,False,8.88,5.7,20.0,
39.6,23252,308.931,-933.423,0.114,5.109,30.0,1917,-1,0.99,True,107,True,True,0.75,0.0,-0.054,False,False,-2.279,-4.188,41.019,1355,5.61,,,,,0,False,False,0.0,False,8.63,5.59,20.0,
39.65,23253,309.128,-933.273,0.102,5.056,30.0,1917,-1,1.2,True,107,True,True,0.75,0.0,-0.027,False,False,-2.74,-3.02,40.623,1355,5.61,,,,,0,False,False,0.0,False,8.38,5.55,20.0,
39.7,23254,309.316,-933.124,0.088,4.745,30.0,1917,-1,1.41,True,107,True,True,0.75,0.0,-0.006,False,False,-3.285,-1.808,40.486,1355,5.61,,,,,0,False,False,0.0,False,8.14,5.53,20.0,
39.75,23255,309.489,-932.979,0.08,4.474,30.0,1917,-1,1.61,True,107,True,True,0.75,0.0,-0.021,False,False,-3.642,-1.177,40.403,1355,5.61,,,,,0,False,False,0.0,False,7.91,5.37,20.0,
39.8,23256,309.655,-932.84,0.075,4.325,30.0,1917,-1,1.81,True,107,True,True,0.75,0.0,-0.026,False,False,-3.829,-0.738,40.283,1355,5.61,,,,,0,False,False,0.0,False,7.7,5.24,20.0,
39.85,23257,309.819,-932.702,0.071,4.265,30.0,1917,-1,2.0,True,107,True,True,0.75,0.0,-0.02,False,False,-3.88,-0.448,40.165,1355,5.61,,,,,0,False,False,0.0,False,7.48,5.16,20.0,
39.9,23258,309.983,-932.565,0.068,4.263,30.0,1917,-1,2.19,True,107,True,True,0.75,0.0,-0.016,False,False,-3.763,-0.364,40.061,1355,5.61,,,,,1,True,False,0.0,False,7.27,5.13,20.0,
39.95,23259,310.149,-932.424,0.06,4.291,30.0,1917,-1,2.38,True,107,True,True,0.75,0.0,-0.015,False,False,-3.337,-0.632,39.954,1355,5.61,,,,,1,True,False,0.0,False,7.05,5.13,20.0,
40.0,23260,310.318,-932.282,0.048,4.342,30.0,1917,-1,2.58,True,107,True,True,0.75,0.0,-0.012,False,False,-2.721,-1.107,39.85,1355,5.61,,,,,0,False,False,0.0,False,6.83,5.15,20.0,
40.05,23261,310.49,-932.138,0.036,4.406,30.0,1917,-1,2.78,True,107,True,True,0.75,0.0,-0.01,False,False,-2.056,-1.646,39.758,1355,5.61,,,,,0,False,False,0.0,False,6.61,5.17,20.0,
40.1,23262,310.666,-931.995,0.028,4.498,30.0,1917,-1,2.97,True,107,True,True,0.75,0.0,-0.007,False,False,-1.669,-1.901,39.692,1355,5.61,,,,,0,False,False,0.0,False,6.38,5.2,20.0,
40.15,23263,310.846,-931.851,0.021,4.596,30.0,1916,-1,8.28,True,107,True,False,0.75,0.0,-0.005,False,False,-1.266,-1.728,39.652,1355,5.61,,,,,0,False,False,0.0,False,6.15,5.25,20.0,
40.2,23264,311.031,-931.702,0.011,4.691,30.0,1916,-1,8.49,True,107,True,False,0.75,0.0,-0.003,False,False,-0.784,-1.336,39.624,1355,5.61,,,,,0,False,False,0.0,False,5.91,5.3,20.0,
40.25,23265,311.217,-931.549,0.004,4.795,30.0,1916,-1,8.7,True,107,True,False,0.75,0.0,-0.003,False,False,-0.424,-1.0,39.599,1355,5.61,,,,,0,False,False,0.0,False,5.67,5.35,20.0,
40.3,23266,311.406,-931.393,-0.001,4.903,30.0,1916,-1,9.08,True,107,True,False,0.75,0.0,-0.003,False,False,-0.17,-0.721,39.577,1355,5.61,,,,,0,False,False,0.0,False,5.43,5.4,20.0,
40.35,23267,311.601,-931.237,-0.005,4.998,30.0,1916,-1,9.3,True,107,True,False,0.75,0.0,-0.103,False,False,-0.001,-0.39,39.369,1355,9.35,,,,,0,False,False,0.0,False,8.91,5.45,20.0,
40.4,23268,311.801,-931.08,-0.007,5.108,30.0,1355,-1,0.7,False,-1,True,True,0.75,0.0,-0.033,False,False,0.118,-0.156,39.066,1355,9.35,,,,,0,False,False,0.0,False,8.66,5.5,20.0,
40.45,23269,312.003,-930.919,-0.008,5.198,30.0,1355,-1,0.95,False,-1,True,True,0.75,0.0,-0.015,False,False,0.186,-0.089,38.903,1355,9.35,,,,,0,False,False,0.0,False,8.4,5.55,20.0,
40.5,23270,312.206,-930.758,-0.009,5.163,30.0,1355,-1,1.21,False,-1,True,True,0.75,0.0,-0.02,False,False,0.187,-0.049,38.716,1355,9.35,,,,,0,False,False,0.0,False,8.14,5.6,20.0,
40.55,23271,312.408,-930.598,-0.009,5.154,30.0,1355,-1,1.47,False,-1,True,True,0.75,0.0,-0.013,False,False,0.16,-0.027,38.638,1355,9.35,,,,,0,False,False,0.0,False,7.88,5.58,20.0,
40.6,23272,312.61,-930.438,-0.009,5.16,30.0,1355,-1,1.73,False,-1,True,True,0.75,0.0,-0.018,False,False,0.135,-0.004,38.482,1355,9.35,,,,,0,False,False,0.0,False,7.62,5.58,20.0,
40.65,23273,312.814,-930.279,-0.008,5.182,30.0,1355,-1,1.99,False,-1,True,True,0.75,0.0,-0.008,False,False,0.12,-0.0,38.432,1355,9.35,,,,,0,False,False,0.0,False,7.37,5.58,20.0,
40.7,23274,313.018,-930.118,-0.008,5.198,30.0,1355,-1,2.25,False,-1,True,True,0.75,0.0,-0.013,False,False,0.113,0.009,38.305,1355,9.35,,,,,0,False,False,0.0,False,7.11,5.59,20.0,
40.75,23275,313.222,-929.958,-0.008,5.196,30.0,1355,-1,2.5,False,-1,True,True,0.75,0.0,-0.004,False,False,0.102,0.005,38.283,1355,9.35,,,,,0,False,False,0.0,False,6.85,5.6,20.0,
40.8,23276,313.427,-929.798,-0.008,5.235,30.0,1355,-1,2.76,False,-1,True,True,0.75,0.0,-0.01,False,False,0.095,0.01,38.186,1355,9.35,,,,,0,False,False,0.0,False,6.59,5.6,20.0,
40.85,23277,313.646,-929.626,-0.009,5.734,30.0,1355,-1,3.04,False,-1,True,True,0.75,0.0,-0.002,False,False,0.216,0.007,38.126,1355,9.35,,,,,0,False,False,0.0,False,6.31,5.62,20.0,
40.9,23278,313.882,-929.441,-0.01,6.103,30.0,1355,-1,3.34,False,-1,True,True,0.0,0.3,-0.003,False,False,0.37,0.006,38.064,1355,9.35,,,,,0,False,False,0.0,False,6.01,5.87,20.0,
40.95,23279,314.13,-929.252,-0.011,6.285,30.0,1355,-1,3.65,False,-1,True,True,0.0,0.3,-0.079,False,False,0.448,0.126,37.859,1355,13.08,,,,,0,False,False,0.0,False,9.43,6.05,20.0,
41.0,23280,314.382,-929.061,-0.011,6.315,30.0,1355,-1,3.97,False,-1,True,True,0.0,0.3,-0.009,False,False,0.432,0.139,37.58,1355,13.08,,,,,0,False,False,0.0,False,9.12,6.14,20.0,
41.05,23281,314.63,-928.872,-0.01,6.223,30.0,1355,-1,4.28,False,-1,True,True,0.0,0.3,0.005,False,False,0.34,0.069,37.507,1355,13.08,,,,,0,False,False,0.0,False,8.8,6.16,20.0,
41.1,23282,314.873,-928.686,-0.009,6.088,30.0,1355,-1,4.59,False,-1,True,True,0.0,0.3,-0.007,False,False,0.217,0.038,37.408,1355,13.08,,,,,0,False,False,0.0,False,8.5,6.11,20.0,
41.15,23283,315.111,-928.505,-0.008,5.926,30.0,1355,-1,4.89,False,-1,True,True,0.0,0.3,-0.002,False,False,0.096,0.021,37.399,1355,13.08,,,,,0,False,False,0.0,False,8.2,6.04,20.0,
41.2,23284,315.341,-928.329,-0.007,5.744,30.0,1355,-1,5.18,False,-1,True,True,0.0,0.3,-0.008,False,False,-0.011,0.02,37.316,1355,13.08,,,,,0,False,False,0.0,False,7.91,5.96,20.0,
41.25,23285,315.565,-928.16,-0.006,5.55,30.0,1355,-1,5.46,False,-1,True,True,0.0,0.3,-0.0,False,False,-0.1,0.011,37.322,1355,13.08,,,,,0,False,False,0.0,False,7.63,5.87,20.0,
41.3,23286,315.781,-927.995,-0.006,5.377,30.0,1355,-1,5.73,False,-1,True,True,0.0,0.012,-0.006,False,False,-0.165,0.012,37.25,1355,13.08,,,,,0,False,False,0.0,False,7.36,5.77,20.0,
41.35,23287,315.991,-927.836,-0.005,5.226,30.0,1355,-1,5.99,False,-1,True,True,0.608,0.0,0.001,False,False,-0.2,0.005,37.269,1355,13.08,,,,,0,False,False,0.0,False,7.09,5.69,20.0,
41.4,23288,316.196,-927.68,-0.005,5.091,30.0,1355,-1,6.25,False,-1,True,True,0.75,0.0,-0.006,False,False,-0.214,0.007,37.206,1355,13.08,,,,,0,False,False,0.0,False,6.84,5.61,20.0,
41.45,23289,316.399,-927.527,-0.005,5.088,30.0,1355,-1,6.5,False,-1,True,True,0.75,0.0,0.002,False,False,-0.185,0.002,37.248,1355,13.08,,,,,0,False,False,0.0,False,6.58,5.55,20.0,
41.5,23290,316.602,-927.373,-0.006,5.085,30.0,1355,-1,6.76,False,-1,True,True,0.75,0.0,-0.007,False,False,-0.131,0.007,37.191,1355,13.08,,,,,0,False,False,0.0,False,6.33,5.54,20.0,
41.55,23291,316.797,-927.225,-0.006,4.712,30.0,1355,-1,7.0,False,-1,True,True,0.75,0.0,0.002,False,False,-0.155,0.003,37.18,1355,13.08,,,,,0,False,False,0.0,False,6.08,5.54,20.0,
41.6,23292,316.975,-927.09,-0.005,4.37,30.0,1355,-1,7.23,False,-1,True,True,0.75,0.0,-0.001,False,False,-0.253,0.0,37.157,1355,13.08,,,,,0,False,False,0.0,False,5.86,5.36,20.0,
41.65,23293,317.143,-926.962,-0.005,4.166,30.0,1355,-1,7.44,False,-1,True,True,0.75,0.0,0.001,False,False,-0.318,-0.001,37.152,1355,13.08,,,,,0,False,False,0.0,False,5.65,5.18,20.0,
41.7,23294,317.307,-926.838,-0.005,4.07,30.0,1355,-1,7.64,False,-1,True,True,0.75,0.0,-0.0,False,False,-0.323,-0.001,37.151,1355,13.08,,,,,0,False,False,0.0,False,5.44,5.08,20.0,
41.75,23295,317.469,-926.715,-0.005,4.051,30.0,1355,-1,7.85,False,-1,True,True,0.75,0.0,-0.001,False,False,-0.275,0.0,37.148,1355,13.08,,,,,0,False,False,0.0,False,5.24,5.04,20.0,
41.8,23296,317.631,-926.592,-0.006,4.081,30.0,1355,-1,8.05,False,-1,True,True,0.75,0.0,-0.0,False,False,-0.196,0.001,37.146,1355,13.08,,,,,0,False,False,0.0,False,5.03,5.03,20.0,
41.85,23297,317.798,-926.47,-0.006,4.138,30.0,1355,-1,8.26,False,-1,True,True,0.75,0.0,-0.052,False,False,-0.107,0.072,37.019,1355,16.82,,,,,0,False,False,0.0,False,8.57,5.04,20.0,
41.9,23298,317.966,-926.345,-0.007,4.216,30.0,1355,-1,8.47,False,-1,True,True,0.75,0.0,-0.003,False,False,-0.022,0.064,36.917,1355,16.82,,,,,0,False,False,0.0,False,8.36,5.07,20.0,
41.95,23299,318.138,-926.217,-0.008,4.306,30.0,1355,-1,8.68,False,-1,True,True,0.75,0.0,-0.002,False,False,0.053,0.031,36.882,1355,16.82,,,,,0,False,False,0.0,False,8.14,5.11,20.0,
42.0,23300,318.313,-926.086,-0.008,4.403,30.0,1355,-1,8.9,False,-1,True,True,0.75,0.0,-0.006,False,False,0.113,0.016,36.853,1355,16.82,,,,,0,False,False,0.0,False,7.92,5.15,20.0,
42.05,23301,318.493,-925.952,-0.009,4.504,30.0,1355,-1,9.12,False,-1,True,True,0.75,0.0,-0.005,False,False,0.16,0.01,36.822,1355,16.82,,,,,0,False,False,0.0,False,7.7,5.2,20.0,
42.1,23302,318.676,-925.816,-0.009,4.607,30.0,1355,-1,9.35,False,-1,True,True,0.75,0.0,-0.004,False,False,0.195,0.006,36.795,1355,16.82,,,,,0,False,False,0.0,False,7.47,5.25,20.0,
42.15,23303,318.863,-925.676,-0.009,4.712,30.0,1355,-1,9.59,False,-1,True,True,0.75,0.0,-0.003,False,False,0.22,0.003,36.772,1355,16.82,,,,,0,False,False,0.0,False,7.24,5.3,20.0,
42.2,23304,319.055,-925.534,-0.009,4.816,30.0,1355,-1,9.82,False,-1,True,True,0.75,0.0,-0.003,False,False,0.236,0.001,36.752,1355,16.82,,,,,0,False,False,0.0,False,7.0,5.36,20.0,
42.25,23305,319.251,-925.388,-0.009,4.921,30.0,1355,-1,10.07,False,-1,True,True,0.75,0.0,-0.002,False,False,0.247,0.001,36.734,1355,16.82,,,,,0,False,False,0.0,False,6.75,5.41,20.0,
42.3,23306,319.451,-925.239,-0.009,5.025,30.0,1355,-1,10.32,False,-1,True,True,0.75,0.0,-0.002,False,False,0.254,0.0,36.719,1355,16.82,,,,,0,False,False,0.0,False,6.51,5.46,20.0,
42.35,23307,319.655,-925.087,-0.009,5.126,30.0,1355,-1,10.57,False,-1,True,True,0.75,0.0,-0.002,False,False,0.259,-0.0,36.706,1355,16.82,,,,,0,False,False,0.0,False,6.25,5.51,20.0,
42.4,23308,319.863,-924.932,-0.009,5.264,30.0,1355,-1,10.83,False,-1,True,True,0.75,0.0,-0.001,False,False,0.262,-0.0,36.694,1355,16.82,,,,,0,False,False,0.0,False,5.99,5.56,20.0,
42.45,23309,320.075,-924.775,-0.009,5.272,30.0,1355,-1,11.1,False,-1,True,True,0.75,0.0,-0.001,False,False,0.254,-0.0,36.697,1355,16.82,,,,,0,False,False,0.0,False,5.73,5.63,20.0,
42.5,23310,320.287,-924.616,-0.009,5.321,30.0,1355,-1,11.36,False,-1,True,True,0.75,0.0,-0.002,False,False,0.225,0.002,36.662,1355,16.82,,,,,0,False,False,0.0,False,5.46,5.64,20.0,
42.55,23311,320.499,-924.461,-0.009,5.241,30.0,1355,-1,11.62,False,-1,True,True,0.75,0.0,-0.026,False,False,0.176,0.042,36.618,1355,20.56,,,,,0,False,False,0.0,False,8.94,5.66,20.0,
42.6,23312,320.712,-924.304,-0.008,5.319,30.0,1355,-1,11.89,False,-1,True,True,0.75,0.0,-0.005,False,False,0.146,0.043,36.522,1355,20.56,,,,,0,False,False,0.0,False,8.67,5.62,20.0,
42.65,23313,320.925,-924.147,-0.008,5.272,30.0,1355,-1,12.15,False,-1,True,True,0.75,0.0,0.002,False,False,0.122,0.019,36.52,1355,20.56,,,,,0,False,False,0.0,False,8.41,5.66,20.0,
42.7,23314,321.138,-923.99,-0.008,5.343,30.0,1355,-1,12.42,False,-1,True,True,0.75,0.0,-0.005,False,False,0.112,0.012,36.471,1355,20.56,,,,,0,False,False,0.0,False,8.14,5.64,20.0,
42.75,23315,321.352,-923.833,-0.008,5.269,30.0,1355,-1,12.68,False,-1,True,True,0.75,0.0,-0.0,False,False,0.094,0.004,36.481,1355,20.56,,,,,0,False,False,0.0,False,7.88,5.67,20.0,
42.8,23316,321.569,-923.672,-0.008,5.596,30.0,1355,-1,12.95,False,-1,True,True,0.75,0.0,-0.005,False,False,0.129,0.006,36.429,1355,20.56,,,,,0,False,False,0.0,False,7.61,5.63,20.0,
42.85,23317,321.804,-923.499,-0.009,5.942,30.0,1355,-1,13.24,False,-1,True,True,0.0,0.124,0.001,False,False,0.271,-0.0,36.397,1355,20.56,,,,,0,False,False,0.0,False,7.32,5.8,20.0,
42.9,23318,322.052,-923.316,-0.01,6.255,30.0,1355,-1,13.55,False,-1,True,True,0.0,0.3,0.001,False,False,0.39,-0.004,36.389,1355,20.56,,,,,0,False,False,0.0,False,7.01,5.97,20.0,
42.95,23319,322.305,-923.13,-0.011,6.257,30.0,1355,-1,13.87,False,-1,True,True,0.0,0.3,-0.001,False,False,0.407,-0.003,36.384,1355,20.56,,,,,0,False,False,0.0,False,6.69,6.13,20.0,
43.0,23320,322.557,-922.944,-0.01,6.277,30.0,1355,-1,14.18,False,-1,True,True,0.0,0.3,-0.001,False,False,0.352,0.0,36.381,1355,20.56,,,,,0,False,False,0.0,False,6.38,6.13,20.0,
43.05,23321,322.804,-922.761,-0.009,6.092,30.0,1355,-1,14.49,False,-1,True,True,0.0,0.3,-0.001,False,False,0.243,0.003,36.363,1355,20.56,,,,,0,False,False,0.0,False,6.07,6.14,20.0,
43.1,23322,323.047,-922.583,-0.008,5.987,30.0,1355,-1,14.79,False,-1,True,True,0.0,0.3,0.001,False,False,0.126,0.001,36.387,1355,20.56,,,,,0,False,False,0.0,False,5.77,6.05,20.0,
43.15,23323,323.281,-922.411,-0.007,5.742,30.0,1355,-1,15.08,False,-1,True,True,0.0,0.3,-0.018,False,False,0.009,0.03,36.315,1355,24.3,,,,,0,False,False,0.0,False,9.22,5.99,20.0,
43.2,23324,323.509,-922.245,-0.006,5.606,30.0,1355,-1,15.36,False,-1,True,True,0.0,0.3,0.001,False,False,-0.083,0.025,36.3,1355,24.3,,,,,0,False,False,0.0,False,8.94,5.87,20.0,
43.25,23325,323.728,-922.084,-0.006,5.35,30.0,1355,-1,15.63,False,-1,True,True,0.0,0.214,-0.002,False,False,-0.16,0.015,36.25,1355,24.3,,,,,0,False,False,0.0,False,8.67,5.8,20.0,
43.3,23326,323.941,-921.928,-0.005,5.25,30.0,1355,-1,15.9,False,-1,True,True,0.708,0.0,0.002,False,False,-0.203,0.004,36.265,1355,24.3,,,,,0,False,False,0.0,False,8.4,5.68,20.0,
43.35,23327,324.148,-921.776,-0.005,5.048,30.0,1355,-1,16.15,False,-1,True,True,0.75,0.0,-0.003,False,False,-0.225,0.003,36.22,1355,24.3,,,,,0,False,False,0.0,False,8.15,5.63,20.0,
43.4,23328,324.351,-921.627,-0.005,5.04,30.0,1355,-1,16.4,False,-1,True,True,0.75,0.0,0.002,False,False,-0.213,-0.002,36.205,1355,24.3,,,,,0,False,False,0.0,False,7.89,5.52,20.0,
43.45,23329,324.554,-921.478,-0.006,4.941,30.0,1355,-1,16.66,False,-1,True,True,0.75,0.0,0.001,False,False,-0.163,-0.003,36.193,1355,24.3,,,,,0,False,False,0.0,False,7.64,5.52,20.0,
43.5,23330,324.756,-921.33,-0.006,4.937,30.0,1355,-1,16.91,False,-1,True,True,0.75,0.0,0.001,False,False,-0.112,-0.002,36.2,1355,24.3,,,,,0,False,False,0.0,False,7.39,5.47,20.0,
43.55,23331,324.944,-921.193,-0.006,4.515,30.0,1355,-1,17.14,False,-1,True,True,0.75,0.0,-0.001,False,False,-0.184,0.0,36.228,1355,24.3,,,,,0,False,False,0.0,False,7.16,5.47,20.0,
43.6,23332,325.119,-921.065,-0.005,4.261,30.0,1355,-1,17.36,False,-1,True,True,0.75,0.0,-0.003,False,False,-0.267,0.005,36.228,1355,24.3,,,,,0,False,False,0.0,False,6.94,5.26,20.0,
43.65,23333,325.287,-920.942,-0.005,4.128,30.0,1355,-1,17.56,False,-1,True,True,0.75,0.0,-0.001,False,False,-0.299,0.005,36.222,1355,24.3,,,,,0,False,False,0.0,False,6.73,5.13,20.0,
43.7,23334,325.452,-920.821,-0.005,4.083,30.0,1355,-1,17.77,False,-1,True,True,0.75,0.0,-0.0,False,False,-0.275,0.003,36.219,1355,24.3,,,,,0,False,False,0.0,False,6.53,5.06,20.0,
43.75,23335,325.618,-920.7,-0.005,4.097,30.0,1355,-1,17.97,False,-1,True,True,0.75,0.0,-0.0,False,False,-0.212,0.001,36.217,1355,24.3,,,,,0,False,False,0.0,False,6.32,5.04,20.0,
43.8,23336,325.785,-920.577,-0.006,4.147,30.0,1355,-1,18.18,False,-1,True,True,0.75,0.0,-0.0,False,False,-0.13,0.001,36.215,1355,24.3,,,,,0,False,False,0.0,False,6.12,5.05,20.0,
43.85,23337,325.954,-920.453,-0.007,4.219,30.0,1355,-1,18.39,False,-1,True,True,0.75,0.0,-0.0,False,False,-0.045,0.0,36.213,1355,24.3,,,,,0,False,False,0.0,False,5.91,5.07,20.0,
43.9,23338,326.127,-920.327,-0.008,4.304,30.0,1355,-1,18.61,False,-1,True,True,0.75,0.0,-0.0,False,False,0.031,0.0,36.211,1355,24.3,,,,,0,False,False,0.0,False,5.69,5.11,20.0,
43.95,23339,326.304,-920.198,-0.008,4.398,30.0,1355,-1,18.82,False,-1,True,True,0.75,0.0,-0.0,False,False,0.095,-0.0,36.209,1355,24.3,,,,,0,False,False,0.0,False,5.47,5.15,20.0,
44.0,23340,326.484,-920.066,-0.009,4.497,30.0,1355,-1,19.05,False,-1,True,True,0.75,0.0,-0.0,False,False,0.145,-0.0,36.208,1355,24.3,,,,,0,False,False,0.0,False,5.25,5.2,20.0,
44.05,23341,326.668,-919.931,-0.009,4.599,30.0,1355,-1,19.28,False,-1,True,True,0.75,0.0,-0.0,False,False,0.183,-0.0,36.207,1355,24.3,,,,,0,False,False,0.0,False,5.02,5.25,20.0,
44.1,23342,326.857,-919.794,-0.009,4.702,30.0,1355,-1,19.51,False,-1,True,True,0.75,0.0,-0.01,False,False,0.211,0.016,36.176,1355,28.04,,,,,0,False,False,0.0,False,8.53,5.3,20.0,
44.15,23343,327.049,-919.653,-0.009,4.806,30.0,1355,-1,19.75,False,-1,True,True,0.75,0.0,-0.0,False,False,0.23,0.014,36.153,1355,28.04,,,,,0,False,False,0.0,False,8.29,5.35,20.0,
44.2,23344,327.246,-919.51,-0.009,4.911,30.0,1355,-1,19.99,False,-1,True,True,0.75,0.0,0.0,False,False,0.243,0.006,36.147,1355,28.04,,,,,0,False,False,0.0,False,8.05,5.4,20.0,
44.25,23345,327.447,-919.363,-0.009,5.015,30.0,1355,-1,20.24,False,-1,True,True,0.75,0.0,-0.001,False,False,0.251,0.003,36.141,1355,28.04,,,,,0,False,False,0.0,False,7.8,5.46,20.0,
44.3,23346,327.652,-919.213,-0.009,5.119,30.0,1355,-1,20.49,False,-1,True,True,0.75,0.0,-0.001,False,False,0.257,0.002,36.136,1355,28.04,,,,,0,False,False,0.0,False,7.54,5.51,20.0,
44.35,23347,327.861,-919.061,-0.009,5.179,30.0,1355,-1,20.75,False,-1,True,True,0.75,0.0,-0.001,False,False,0.257,0.001,36.131,1355,28.04,,,,,0,False,False,0.0,False,7.28,5.56,20.0,
44.4,23348,328.075,-918.905,-0.009,5.357,30.0,1355,-1,21.02,False,-1,True,True,0.75,0.0,-0.001,False,False,0.261,0.0,36.127,1355,28.04,,,,,0,False,False,0.0,False,7.02,5.59,20.0,
44.45,23349,328.291,-918.747,-0.009,5.35,30.0,1355,-1,21.29,False,-1,True,True,0.75,0.0,-0.001,False,False,0.251,0.001,36.108,1355,28.04,,,,,0,False,False,0.0,False,6.75,5.68,20.0,
44.5,23350,328.508,-918.589,-0.009,5.399,30.0,1355,-1,21.55,False,-1,True,True,0.75,0.0,0.001,False,False,0.219,-0.002,36.132,1355,28.04,,,,,0,False,False,0.0,False,6.48,5.68,20.0,
44.55,23351,328.724,-918.431,-0.008,5.321,30.0,1355,-1,21.82,False,-1,True,True,0.608,0.0,-0.003,False,False,0.172,0.002,36.094,1355,28.04,,,,,0,False,False,0.0,False,6.22,5.7,20.0,
44.6,23352,328.94,-918.273,-0.008,5.388,30.0,1355,-1,22.09,False,-1,True,True,0.75,0.0,0.003,False,False,0.14,-0.003,36.114,1355,28.04,,,,,0,False,False,0.0,False,5.95,5.66,20.0,
44.65,23353,329.156,-918.116,-0.008,5.328,30.0,1355,-1,22.36,False,-1,True,True,0.635,0.0,-0.002,False,False,0.113,0.0,36.08,1355,28.04,,,,,0,False,False,0.0,False,5.68,5.69,20.0,
44.7,23354,329.373,-917.957,-0.008,5.41,30.0,1355,-1,22.62,False,-1,True,True,0.635,0.0,-0.002,False,False,0.104,0.005,36.09,1355,28.04,,,,,0,False,False,0.0,False,5.41,5.66,20.0,
44.75,23355,329.591,-917.799,-0.008,5.351,30.0,1355,-1,22.89,False,-1,True,True,0.55,0.0,-0.005,False,False,0.093,0.014,36.036,1355,31.77,,,,,0,False,False,0.0,False,8.88,5.7,20.0,
44.8,23356,329.809,-917.641,-0.008,5.431,30.0,1355,-1,23.16,False,-1,True,True,0.75,0.0,0.004,False,False,0.092,0.004,36.049,1355,31.77,,,,,0,False,False,0.0,False,8.61,5.68,20.0,
44.85,23357,330.027,-917.481,-0.008,5.377,30.0,1355,-1,23.43,False,-1,True,True,0.468,0.0,-0.001,False,False,0.088,0.002,36.017,1355,31.77,,,,,0,False,False,0.0,False,8.34,5.72,20.0,
44.9,23358,330.246,-917.322,-0.008,5.453,30.0,1355,-1,23.7,False,-1,True,True,0.66,0.0,0.003,False,False,0.09,-0.003,36.042,1355,31.77,,,,,0,False,False,0.0,False,8.07,5.69,20.0,
44.95,23359,330.465,-917.162,-0.008,5.387,30.0,1355,-1,23.98,False,-1,True,True,0.386,0.0,-0.002,False,False,0.083,0.001,36.011,1355,31.77,,,,,0,False,False,0.0,False,7.8,5.73,20.0,
45.0,23360,330.684,-917.003,-0.008,5.445,30.0,1355,-1,24.25,False,-1,True,True,0.622,0.0,0.003,False,False,0.08,-0.002,36.037,1355,31.77,,,,,0,False,False,0.0,False,7.53,5.69,20.0,
45.05,23361,330.902,-916.844,-0.008,5.36,30.0,1355,-1,24.52,False,-1,True,True,0.414,0.0,-0.002,False,False,0.067,0.001,36.006,1355,31.77,,,,,0,False,False,0.0,False,7.26,5.72,20.0,
45.1,23362,331.12,-916.686,-0.008,5.403,30.0,1355,-1,24.79,False,-1,True,True,0.719,0.0,0.003,False,False,0.059,-0.002,36.032,1355,31.77,,,,,0,False,False,0.0,False,6.99,5.68,20.0,
45.15,23363,331.336,-916.528,-0.007,5.314,30.0,1355,-1,25.05,False,-1,True,True,0.563,0.0,-0.001,False,False,0.045,0.002,36.001,1355,31.77,,,,,0,False,False,0.0,False,6.72,5.7,20.0,
45.2,23364,331.552,-916.371,-0.007,5.367,30.0,1355,-1,25.32,False,-1,True,True,0.75,0.0,0.003,False,False,0.042,-0.001,36.027,1355,31.77,,,,,0,False,False,0.0,False,6.46,5.66,20.0,
45.25,23365,331.767,-916.214,-0.007,5.296,30.0,1355,-1,25.59,False,-1,True,True,0.692,0.0,-0.001,False,False,0.038,0.002,35.996,1355,31.77,,,,,0,False,False,0.0,False,6.19,5.68,20.0,
45.3,23366,331.983,-916.057,-0.007,5.377,30.0,1355,-1,25.85,False,-1,True,True,0.75,0.0,0.003,False,False,0.049,-0.001,36.023,1355,31.77,,,,,0,False,False,0.0,False,5.92,5.65,20.0,
45.35,23367,332.199,-915.899,-0.008,5.329,30.0,1355,-1,26.12,False,-1,True,True,0.66,0.0,-0.001,False,False,0.057,0.002,35.993,1355,31.77,,,,,0,False,False,0.0,False,5.65,5.69,20.0,
45.4,23368,332.416,-915.741,-0.008,5.406,30.0,1355,-1,26.39,False,-1,True,True,0.75,0.0,0.001,False,False,0.072,0.003,36.013,1355,35.51,,,,,0,False,False,0.0,False,9.12,5.66,20.0,
45.45,23369,332.633,-915.583,-0.008,5.333,30.0,1355,-1,26.66,False,-1,True,True,0.557,0.0,-0.001,False,False,0.069,0.006,35.98,1355,35.51,,,,,0,False,False,0.0,False,8.86,5.7,20.0,
45.5,23370,332.852,-915.424,-0.008,5.553,30.0,1355,-1,26.93,False,-1,True,True,0.75,0.0,0.003,False,False,0.091,0.001,35.984,1355,35.51,,,,,0,False,False,0.0,False,8.58,5.67,20.0,
45.55,23371,333.087,-915.253,-0.009,5.929,30.0,1355,-1,27.22,False,-1,True,True,0.026,0.0,0.001,False,False,0.229,-0.0,35.967,1355,35.51,,,,,0,False,False,0.0,False,8.29,5.78,20.0,
45.6,23372,333.337,-915.071,-0.01,6.271,30.0,1355,-1,27.53,False,-1,True,True,0.0,0.3,0.002,False,False,0.365,-0.002,35.968,1355,35.51,,,,,0,False,False,0.0,False,7.98,5.96,20.0,
45.65,23373,333.591,-914.886,-0.011,6.28,30.0,1355,-1,27.84,False,-1,True,True,0.0,0.3,0.001,False,False,0.396,-0.001,35.976,1355,35.51,,,,,0,False,False,0.0,False,7.67,6.14,20.0,
45.7,23374,333.846,-914.701,-0.01,6.305,30.0,1355,-1,28.16,False,-1,True,True,0.0,0.3,0.0,False,False,0.35,0.002,35.983,1355,35.51,,,,,0,False,False,0.0,False,7.36,6.14,20.0,
45.75,23375,334.096,-914.519,-0.009,6.125,30.0,1355,-1,28.47,False,-1,True,True,0.0,0.3,0.0,False,False,0.246,0.004,35.975,1355,35.51,,,,,0,False,False,0.0,False,7.05,6.15,20.0,
45.8,23376,334.341,-914.342,-0.008,6.022,30.0,1355,-1,28.77,False,-1,True,True,0.0,0.3,0.001,False,False,0.132,0.002,36.004,1355,35.51,,,,,0,False,False,0.0,False,6.74,6.06,20.0,
45.85,23377,334.577,-914.169,-0.007,5.778,30.0,1355,-1,29.06,False,-1,True,True,0.0,0.3,-0.002,False,False,0.015,0.006,35.98,1355,35.51,,,,,0,False,False,0.0,False,6.45,6.01,20.0,
45.9,23378,334.807,-914.003,-0.006,5.642,30.0,1355,-1,29.35,False,-1,True,True,0.0,0.3,0.002,False,False,-0.078,0.002,36.01,1355,35.51,,,,,0,False,False,0.0,False,6.17,5.89,20.0,
45.95,23379,335.028,-913.842,-0.006,5.374,30.0,1355,-1,29.62,False,-1,True,True,0.0,0.3,-0.002,False,False,-0.159,0.004,35.985,1355,35.51,,,,,0,False,False,0.0,False,5.89,5.82,20.0,
46.0,23380,335.243,-913.687,-0.005,5.263,30.0,1355,-1,29.88,False,-1,True,True,0.621,0.0,0.002,False,False,-0.208,0.0,36.014,1355,35.51,,,,,0,False,False,0.0,False,5.63,5.69,20.0,
46.05,23381,335.45,-913.535,-0.005,5.062,30.0,1355,-1,30.14,False,-1,True,True,0.75,0.0,-0.003,False,False,-0.232,0.004,35.977,1355,39.25,,,,,0,False,False,0.0,False,9.11,5.63,20.0,
46.1,23382,335.654,-913.387,-0.005,5.036,30.0,1355,-1,30.39,False,-1,True,True,0.75,0.0,0.003,False,False,-0.222,-0.001,35.972,1355,39.25,,,,,0,False,False,0.0,False,8.86,5.53,20.0,
46.15,23383,335.857,-913.24,-0.006,4.918,30.0,1355,-1,30.64,False,-1,True,True,0.75,0.0,0.001,False,False,-0.176,-0.003,35.979,1355,39.25,,,,,0,False,False,0.0,False,8.61,5.52,20.0,
46.2,23384,336.06,-913.092,-0.006,4.963,30.0,1355,-1,30.89,False,-1,True,True,0.75,0.0,-0.0,False,False,-0.121,-0.001,35.98,1355,39.25,,,,,0,False,False,0.0,False,8.36,5.46,20.0,
46.25,23385,336.25,-912.954,-0.006,4.554,30.0,1355,-1,31.13,False,-1,True,True,0.75,0.0,0.0,False,False,-0.178,0.0,35.983,1355,39.25,,,,,0,False,False,0.0,False,8.12,5.48,20.0,
46.3,23386,336.427,-912.825,-0.005,4.292,30.0,1355,-1,31.35,False,-1,True,True,0.75,0.0,0.0,False,False,-0.258,0.001,35.984,1355,39.25,,,,,0,False,False,0.0,False,7.9,5.28,20.0,
46.35,23387,336.597,-912.702,-0.005,4.152,30.0,1355,-1,31.56,False,-1,True,True,0.75,0.0,0.0,False,False,-0.293,0.001,35.985,1355,39.25,,,,,0,False,False,0.0,False,7.69,5.15,20.0,
46.4,23388,336.763,-912.581,-0.005,4.103,30.0,1355,-1,31.76,False,-1,True,True,0.75,0.0,0.0,False,False,-0.273,0.001,35.986,1355,39.25,,,,,0,False,False,0.0,False,7.49,5.08,20.0,
46.45,23389,336.93,-912.46,-0.005,4.113,30.0,1355,-1,31.97,False,-1,True,True,0.75,0.0,0.0,False,False,-0.213,0.001,35.987,1355,39.25,,,,,0,False,False,0.0,False,7.28,5.05,20.0,
46.5,23390,337.098,-912.338,-0.006,4.161,30.0,1355,-1,32.18,False,-1,True,True,0.75,0.0,0.0,False,False,-0.132,0.001,35.988,1355,39.25,,,,,0,False,False,0.0,False,7.07,5.06,20.0,
46.55,23391,337.268,-912.214,-0.007,4.232,30.0,1355,-1,32.39,False,-1,True,True,0.75,0.0,0.0,False,False,-0.049,0.001,35.989,1355,39.25,,,,,0,False,False,0.0,False,6.86,5.08,20.0,
46.6,23392,337.442,-912.088,-0.008,4.316,30.0,1355,-1,32.6,False,-1,True,True,0.75,0.0,0.0,False,False,0.028,0.0,35.989,1355,39.25,,,,,0,False,False,0.0,False,6.65,5.12,20.0,
46.65,23393,337.62,-911.959,-0.008,4.409,30.0,1355,-1,32.82,False,-1,True,True,0.75,0.0,0.0,False,False,0.092,0.0,35.99,1355,39.25,,,,,0,False,False,0.0,False,6.43,5.16,20.0,
46.7,23394,337.801,-911.828,-0.008,4.508,30.0,1355,-1,33.05,False,-1,True,True,0.75,0.0,0.0,False,False,0.143,0.0,35.99,1355,39.25,,,,,0,False,False,0.0,False,6.21,5.2,20.0,
46.75,23395,337.986,-911.693,-0.009,4.609,30.0,1355,-1,33.27,False,-1,True,True,0.75,0.0,0.0,False,False,0.181,0.0,35.99,1355,39.25,,,,,0,False,False,0.0,False,5.98,5.25,20.0,
46.8,23396,338.175,-911.556,-0.009,4.713,30.0,1355,-1,33.51,False,-1,True,True,0.75,0.0,-0.0,False,False,0.209,0.0,35.99,1355,39.25,,,,,0,False,False,0.0,False,5.74,5.3,20.0,
46.85,23397,338.368,-911.415,-0.009,4.817,30.0,1355,-1,33.75,False,-1,True,True,0.75,0.0,0.0,False,False,0.229,0.0,35.991,1355,39.25,,,,,0,False,False,0.0,False,5.5,5.36,20.0,
46.9,23398,338.566,-911.272,-0.009,4.921,30.0,1355,-1,33.99,False,-1,True,True,0.75,0.0,-0.0,False,False,0.242,0.0,35.991,1355,39.25,,,,,0,False,False,0.0,False,5.26,5.41,20.0,
46.95,23399,338.768,-911.126,-0.009,5.025,30.0,1355,-1,34.24,False,-1,True,True,0.75,0.0,-0.004,False,False,0.251,0.007,35.979,1355,42.99,,,,,0,False,False,0.0,False,8.75,5.46,20.0,
47.0,23400,338.974,-910.976,-0.009,5.126,30.0,1355,-1,34.49,False,-1,True,True,0.75,0.0,0.0,False,False,0.256,0.005,35.971,1355,42.99,,,,,0,False,False,0.0,False,8.5,5.51,20.0,
47.05,23401,339.184,-910.824,-0.009,5.258,30.0,1355,-1,34.75,False,-1,True,True,0.75,0.0,0.0,False,False,0.26,0.002,35.963,1355,42.99,,,,,0,False,False,0.0,False,8.24,5.56,20.0,
47.1,23402,339.394,-910.671,-0.009,5.174,30.0,1355,-1,35.01,False,-1,True,True,0.75,0.0,0.0,False,False,0.23,0.0,35.984,1355,42.99,,,,,0,False,False,0.0,False,7.98,5.63,20.0,
47.15,23403,339.605,-910.518,-0.009,5.229,30.0,1355,-1,35.27,False,-1,True,True,0.75,0.0,-0.002,False,False,0.188,0.003,35.957,1355,42.99,,,,,0,False,False,0.0,False,7.72,5.59,20.0,
47.2,23404,339.815,-910.367,-0.008,5.16,30.0,1355,-1,35.53,False,-1,True,True,0.75,0.0,0.002,False,False,0.146,-0.0,35.991,1355,42.99,,,,,0,False,False,0.0,False,7.46,5.61,20.0,
47.25,23405,340.025,-910.214,-0.008,5.248,30.0,1355,-1,35.79,False,-1,True,True,0.75,0.0,-0.003,False,False,0.126,0.003,35.966,1355,42.99,,,,,0,False,False,0.0,False,7.2,5.58,20.0,
47.3,23406,340.237,-910.061,-0.008,5.208,30.0,1355,-1,36.06,False,-1,True,True,0.75,0.0,0.001,False,False,0.112,-0.0,35.997,1355,42.99,,,,,0,False,False,0.0,False,6.94,5.62,20.0,
47.35,23407,340.449,-909.907,-0.008,5.274,30.0,1355,-1,36.32,False,-1,True,True,0.75,0.0,-0.003,False,False,0.107,0.003,35.971,1355,42.99,,,,,0,False,False,0.0,False,6.68,5.6,20.0,
47.4,23408,340.661,-909.753,-0.008,5.2,30.0,1355,-1,36.58,False,-1,True,True,0.75,0.0,0.001,False,False,0.091,-0.001,35.998,1355,42.99,,,,,0,False,False,0.0,False,6.42,5.64,20.0,
47.45,23409,340.88,-909.594,-0.008,5.629,30.0,1355,-1,36.85,False,-1,True,True,0.75,0.0,-0.003,False,False,0.155,0.002,36.006,1355,42.99,,,,,0,False,False,0.0,False,6.14,5.6,20.0,
47.5,23410,341.118,-909.422,-0.01,5.956,30.0,1355,-1,37.14,False,-1,True,True,0.0,0.237,-0.002,False,False,0.305,0.004,36.012,1355,42.99,,,,,0,False,False,0.0,False,5.85,5.81,20.0,
47.55,23411,341.368,-909.242,-0.011,6.251,30.0,1355,-1,37.45,False,-1,True,True,0.0,0.3,-0.008,False,False,0.413,0.016,35.983,1355,46.73,,,,,0,False,False,0.0,False,9.28,5.98,20.0,
47.6,23412,341.621,-909.058,-0.011,6.246,30.0,1355,-1,37.76,False,-1,True,True,0.0,0.3,-0.001,False,False,0.419,0.011,35.957,1355,46.73,,,,,0,False,False,0.0,False,8.97,6.13,20.0,
47.65,23413,341.874,-908.875,-0.01,6.262,30.0,1355,-1,38.08,False,-1,True,True,0.0,0.3,0.0,False,False,0.356,0.002,35.943,1355,46.73,,,,,0,False,False,0.0,False,8.66,6.12,20.0,
47.7,23414,342.123,-908.695,-0.009,6.071,30.0,1355,-1,38.38,False,-1,True,True,0.0,0.3,-0.0,False,False,0.242,-0.003,35.952,1355,46.73,,,,,0,False,False,0.0,False,8.35,6.13,20.0,
47.75,23415,342.365,-908.519,-0.008,5.966,30.0,1355,-1,38.68,False,-1,True,True,0.0,0.3,-0.002,False,False,0.123,-0.001,35.918,1355,46.73,,,,,0,False,False,0.0,False,8.05,6.04,20.0,
47.8,23416,342.6,-908.349,-0.007,5.721,30.0,1355,-1,38.97,False,-1,True,True,0.0,0.3,0.002,False,False,0.006,-0.005,35.939,1355,46.73,,,,,0,False,False,0.0,False,7.76,5.98,20.0,
47.85,23417,342.828,-908.184,-0.006,5.585,30.0,1355,-1,39.25,False,-1,True,True,0.0,0.3,-0.003,False,False,-0.086,-0.001,35.907,1355,46.73,,,,,0,False,False,0.0,False,7.48,5.86,20.0,
47.9,23418,343.047,-908.025,-0.006,5.338,30.0,1355,-1,39.53,False,-1,True,True,0.0,0.137,0.002,False,False,-0.161,-0.004,35.933,1355,46.73,,,,,0,False,False,0.0,False,7.21,5.79,20.0,
47.95,23419,343.261,-907.871,-0.005,5.244,30.0,1355,-1,39.79,False,-1,True,True,0.75,0.0,-0.003,False,False,-0.2,0.001,35.905,1355,46.73,,,,,0,False,False,0.0,False,6.94,5.67,20.0,
48.0,23420,343.468,-907.721,-0.005,5.042,30.0,1355,-1,40.04,False,-1,True,True,0.75,0.0,0.002,False,False,-0.221,-0.0,35.939,1355,46.73,,,,,0,False,False,0.0,False,6.69,5.62,20.0,
48.05,23421,343.673,-907.573,-0.005,5.065,30.0,1355,-1,40.3,False,-1,True,True,0.75,0.0,-0.003,False,False,-0.198,0.004,35.932,1355,46.73,,,,,0,False,False,0.0,False,6.44,5.52,20.0,
48.1,23422,343.877,-907.425,-0.006,5.047,30.0,1355,-1,40.55,False,-1,True,True,0.75,0.0,-0.001,False,False,-0.15,0.003,35.925,1355,46.73,,,,,0,False,False,0.0,False,6.18,5.53,20.0,
48.15,23423,344.08,-907.278,-0.006,4.865,30.0,1355,-1,40.8,False,-1,True,True,0.75,0.0,-0.0,False,False,-0.117,0.001,35.931,1355,46.73,,,,,0,False,False,0.0,False,5.93,5.52,20.0,
48.2,23424,344.266,-907.143,-0.006,4.475,30.0,1355,-1,41.03,False,-1,True,True,0.75,0.0,-0.001,False,False,-0.199,-0.0,35.951,1355,46.73,,,,,0,False,False,0.0,False,5.7,5.43,20.0,
48.25,23425,344.441,-907.017,-0.005,4.232,30.0,1355,-1,41.24,False,-1,True,True,0.75,0.0,-0.003,False,False,-0.28,0.002,35.947,1355,46.73,,,,,0,False,False,0.0,False,5.49,5.24,20.0,
48.3,23426,344.609,-906.896,-0.005,4.106,30.0,1355,-1,41.45,False,-1,True,True,0.75,0.0,-0.001,False,False,-0.307,0.001,35.941,1355,46.73,,,,,0,False,False,0.0,False,5.28,5.12,20.0,
48.35,23427,344.774,-906.776,-0.005,4.067,30.0,1355,-1,41.66,False,-1,True,True,0.75,0.0,-0.001,False,False,-0.278,-0.001,35.936,1355,46.73,,,,,0,False,False,0.0,False,5.08,5.05,20.0,
48.4,23428,344.939,-906.656,-0.005,4.084,30.0,1355,-1,41.86,False,-1,True,True,0.75,0.0,-0.001,False,False,-0.211,-0.002,35.933,1355,46.73,,,,,0,False,False,0.0,False,4.87,5.03,20.0,
48.45,23429,345.107,-906.536,-0.006,4.136,30.0,1355,-1,42.07,False,-1,True,True,0.75,0.0,-0.006,False,False,-0.126,0.007,35.913,1355,50.47,,,,,0,False,False,0.0,False,8.4,5.04,20.0,
48.5,23430,345.277,-906.413,-0.007,4.21,30.0,1355,-1,42.28,False,-1,True,True,0.75,0.0,-0.0,False,False,-0.041,0.006,35.899,1355,50.47,,,,,0,False,False,0.0,False,8.19,5.07,20.0,
48.55,23431,345.45,-906.288,-0.008,4.296,30.0,1355,-1,42.49,False,-1,True,True,0.75,0.0,-0.001,False,False,0.035,0.002,35.893,1355,50.47,,,,,0,False,False,0.0,False,7.98,5.1,20.0,
48.6,23432,345.627,-906.16,-0.008,4.391,30.0,1355,-1,42.71,False,-1,True,True,0.75,0.0,-0.001,False,False,0.099,0.0,35.888,1355,50.47,,,,,0,False,False,0.0,False,7.76,5.15,20.0,
48.65,23433,345.807,-906.029,-0.009,4.49,30.0,1355,-1,42.93,False,-1,True,True,0.75,0.0,-0.001,False,False,0.149,0.0,35.883,1355,50.47,,,,,0,False,False,0.0,False,7.54,5.2,20.0,
48.7,23434,345.992,-905.896,-0.009,4.592,30.0,1355,-1,43.16,False,-1,True,True,0.75,0.0,-0.001,False,False,0.186,0.0,35.879,1355,50.47,,,,,0,False,False,0.0,False,7.31,5.25,20.0,
48.75,23435,346.181,-905.759,-0.009,4.696,30.0,1355,-1,43.39,False,-1,True,True,0.75,0.0,-0.001,False,False,0.213,-0.0,35.875,1355,50.47,,,,,0,False,False,0.0,False,7.08,5.3,20.0,
48.8,23436,346.374,-905.62,-0.009,4.8,30.0,1355,-1,43.63,False,-1,True,True,0.75,0.0,-0.0,False,False,0.231,-0.0,35.872,1355,50.47,,,,,0,False,False,0.0,False,6.84,5.35,20.0,
48.85,23437,346.571,-905.477,-0.009,4.905,30.0,1355,-1,43.87,False,-1,True,True,0.75,0.0,-0.0,False,False,0.244,-0.0,35.869,1355,50.47,,,,,0,False,False,0.0,False,6.6,5.4,20.0,
48.9,23438,346.772,-905.332,-0.009,5.009,30.0,1355,-1,44.12,False,-1,True,True,0.75,0.0,-0.0,False,False,0.252,-0.0,35.866,1355,50.47,,,,,0,False,False,0.0,False,6.35,5.45,20.0,
48.95,23439,346.978,-905.183,-0.009,5.113,30.0,1355,-1,44.38,False,-1,True,True,0.75,0.0,-0.0,False,False,0.257,-0.0,35.864,1355,50.47,,,,,0,False,False,0.0,False,6.1,5.5,20.0,
49.0,23440,347.188,-905.032,-0.009,5.173,30.0,1355,-1,44.63,False,-1,True,True,0.75,0.0,-0.0,False,False,0.257,-0.0,35.862,1355,50.47,,,,,0,False,False,0.0,False,5.84,5.56,20.0,
49.05,23441,347.401,-904.877,-0.009,5.347,30.0,1355,-1,44.9,False,-1,True,True,0.75,0.0,-0.0,False,False,0.26,0.0,35.865,1355,50.47,,,,,0,False,False,0.0,False,5.57,5.59,20.0,
49.1,23442,347.616,-904.721,-0.009,5.275,30.0,1355,-1,45.16,False,-1,True,True,0.75,0.0,0.001,False,False,0.234,-0.001,35.845,1355,54.21,,,,,0,False,False,0.0,False,9.05,5.67,20.0,
49.15,23443,347.831,-904.566,-0.009,5.331,30.0,1355,-1,45.43,False,-1,True,True,0.75,0.0,0.002,False,False,0.195,-0.005,35.872,1355,54.21,,,,,0,False,False,0.0,False,8.78,5.64,20.0,
49.2,23444,348.045,-904.411,-0.008,5.264,30.0,1355,-1,45.69,False,-1,True,True,0.75,0.0,-0.002,False,False,0.152,0.0,35.837,1355,54.21,,,,,0,False,False,0.0,False,8.52,5.67,20.0,
49.25,23445,348.26,-904.256,-0.008,5.353,30.0,1355,-1,45.96,False,-1,True,True,0.75,0.0,0.003,False,False,0.132,-0.003,35.86,1355,54.21,,,,,0,False,False,0.0,False,8.25,5.63,20.0,
49.3,23446,348.475,-904.1,-0.008,5.289,30.0,1355,-1,46.22,False,-1,True,True,0.75,0.0,-0.002,False,False,0.113,0.0,35.831,1355,54.21,,,,,0,False,False,0.0,False,7.99,5.68,20.0,
49.35,23447,348.691,-903.944,-0.008,5.356,30.0,1355,-1,46.49,False,-1,True,True,0.75,0.0,0.003,False,False,0.102,-0.003,35.862,1355,54.21,,,,,0,False,False,0.0,False,7.72,5.64,20.0,
49.4,23448,348.908,-903.787,-0.008,5.436,30.0,1355,-1,46.76,False,-1,True,True,0.745,0.0,-0.002,False,False,0.104,0.002,35.861,1355,54.21,,,,,0,False,False,0.0,False,7.45,5.68,20.0,
49.45,23449,349.143,-903.618,-0.009,5.962,30.0,1355,-1,47.05,False,-1,True,True,0.453,0.0,0.0,False,False,0.245,0.003,35.883,1355,54.21,,,,,0,False,False,0.0,False,7.16,5.72,20.0,
49.5,23450,349.392,-903.438,-0.01,6.184,30.0,1355,-1,47.35,False,-1,True,True,0.0,0.3,-0.002,False,False,0.374,0.005,35.886,1355,54.21,,,,,0,False,False,0.0,False,6.86,5.98,20.0,
49.55,23451,349.647,-903.254,-0.011,6.356,30.0,1355,-1,47.67,False,-1,True,True,0.0,0.3,-0.001,False,False,0.421,0.004,35.881,1355,54.21,,,,,0,False,False,0.0,False,6.54,6.09,20.0,
49.6,23452,349.903,-903.069,-0.01,6.265,30.0,1355,-1,47.98,False,-1,True,True,0.0,0.3,-0.0,False,False,0.372,0.001,35.878,1355,54.21,,,,,0,False,False,0.0,False,6.23,6.18,20.0,
49.65,23453,350.155,-902.887,-0.01,6.223,30.0,1355,-1,48.3,False,-1,True,True,0.0,0.3,-0.0,False,False,0.277,-0.0,35.872,1355,54.21,,,,,0,False,False,0.0,False,5.91,6.13,20.0,
49.7,23454,350.398,-902.705,-0.008,5.999,30.0,1355,-1,48.6,False,-1,True,True,0.0,0.3,0.073,False,False,0.152,-0.123,36.086,1446,1.74,,,,,0,False,False,0.0,False,8.94,6.11,20.0,
49.75,23455,350.635,-902.529,-0.007,5.877,30.0,1355,-1,48.89,False,-1,True,True,0.0,0.3,0.001,False,False,0.037,-0.12,36.266,1446,1.74,,,,,0,False,False,0.0,False,8.64,6.0,20.0,
49.8,23456,350.865,-902.359,-0.006,5.62,30.0,1355,-1,49.18,False,-1,True,True,0.0,0.3,-0.003,False,False,-0.067,-0.06,36.378,1446,1.74,,,,,0,False,False,0.0,False,8.36,5.94,20.0,
49.85,23457,351.087,-902.195,-0.006,5.484,30.0,1355,-1,49.46,False,-1,True,True,0.0,0.265,-0.001,False,False,-0.143,-0.022,36.388,1446,1.74,,,,,0,False,False,0.0,False,8.08,5.81,20.0,
49.9,23458,351.301,-902.037,-0.005,5.249,30.0,1355,-1,49.72,False,-1,True,True,0.225,0.0,0.006,False,False,-0.201,-0.014,36.448,1446,1.74,,,,,0,False,False,0.0,False,7.81,5.74,20.0,
49.95,23459,351.51,-901.882,-0.005,5.176,30.0,1355,-1,49.98,False,-1,True,True,0.75,0.0,0.0,False,False,-0.22,-0.006,36.452,1446,1.74,,,,,0,False,False,0.0,False,7.55,5.62,20.0,
50.0,23460,351.714,-901.732,-0.005,5.011,30.0,1355,-1,50.24,False,-1,True,True,0.75,0.0,0.004,False,False,-0.221,-0.006,36.513,1446,1.74,,,,,0,False,False,0.0,False,7.3,5.59,20.0,
50.05,23461,351.918,-901.581,-0.006,5.084,30.0,1355,-1,50.49,False,-1,True,True,0.75,0.0,-0.001,False,False,-0.173,-0.0,36.509,1446,1.74,,,,,0,False,False,0.0,False,7.05,5.51,20.0,
50.1,23462,352.121,-901.431,-0.006,5.008,30.0,1355,-1,50.74,False,-1,True,True,0.75,0.0,0.003,False,False,-0.12,-0.002,36.554,1446,1.74,,,,,0,False,False,0.0,False,6.79,5.54,20.0,
50.15,23463,352.313,-901.289,-0.006,4.621,30.0,1355,-1,50.98,False,-1,True,True,0.75,0.0,-0.002,False,False,-0.164,0.0,36.539,1446,1.74,,,,,0,False,False,0.0,False,6.55,5.5,20.0,
50.2,23464,352.49,-901.157,-0.005,4.336,30.0,1355,-1,51.2,False,-1,True,True,0.75,0.0,0.003,False,False,-0.251,-0.003,36.539,1446,1.74,,,,,0,False,False,0.0,False,6.33,5.31,20.0,
50.25,23465,352.66,-901.031,-0.005,4.178,30.0,1355,-1,51.41,False,-1,True,True,0.75,0.0,0.002,False,False,-0.296,-0.004,36.547,1446,1.74,,,,,0,False,False,0.0,False,6.12,5.17,20.0,
50.3,23466,352.826,-900.908,-0.005,4.116,30.0,1355,-1,51.62,False,-1,True,True,0.75,0.0,0.001,False,False,-0.284,-0.003,36.553,1446,1.74,,,,,0,False,False,0.0,False,5.92,5.09,20.0,
50.35,23467,352.991,-900.785,-0.005,4.118,30.0,1355,-1,51.83,False,-1,True,True,0.75,0.0,0.001,False,False,-0.228,-0.002,36.558,1446,1.74,,,,,0,False,False,0.0,False,5.71,5.06,20.0,
50.4,23468,353.158,-900.661,-0.006,4.16,30.0,1355,-1,52.03,False,-1,True,True,0.75,0.0,0.001,False,False,-0.149,-0.001,36.562,1446,1.74,,,,,0,False,False,0.0,False,5.5,5.06,20.0,
50.45,23469,353.327,-900.535,-0.007,4.228,30.0,1355,-1,52.24,False,-1,True,True,0.75,0.0,0.001,False,False,-0.064,-0.001,36.566,1446,1.74,,,,,0,False,False,0.0,False,5.29,5.08,20.0,
50.5,23470,353.5,-900.408,-0.007,4.31,30.0,1355,-1,52.46,False,-1,True,True,0.75,0.0,0.001,False,False,0.014,-0.001,36.57,1446,1.74,,,,,0,False,False,0.0,False,5.08,5.11,20.0,
50.55,23471,353.673,-900.274,-0.008,4.391,30.0,1355,-1,52.68,False,-1,True,True,0.75,0.0,0.101,False,False,0.079,-0.107,36.753,1446,5.21,,,,,0,False,False,0.0,False,7.46,5.16,20.0,
50.6,23472,353.843,-900.132,-0.008,4.461,30.0,1355,-1,52.9,False,-1,True,True,0.75,0.0,0.201,False,False,0.121,-0.35,37.366,1446,5.21,,,,,0,False,False,0.0,False,7.24,5.2,20.0,
50.65,23473,354.01,-899.981,-0.009,4.552,30.0,1355,-1,53.12,False,-1,True,True,0.75,0.0,0.193,False,False,0.151,-0.557,38.304,1446,5.21,,,,,0,False,False,0.0,False,7.02,5.23,20.0,
50.7,23474,354.179,-899.825,-0.009,4.662,30.0,1355,-1,53.35,False,-1,True,True,0.75,0.0,0.137,False,False,0.18,-0.571,39.201,1446,5.21,,,,,0,False,False,0.0,False,6.79,5.28,20.0,
50.75,23475,354.352,-899.664,-0.009,4.771,30.0,1355,-1,53.59,False,-1,True,True,0.75,0.0,0.11,False,False,0.206,-0.484,39.957,1446,5.21,,,,,0,False,False,0.0,False,6.55,5.33,20.0,
50.8,23476,354.529,-899.499,-0.009,4.88,30.0,1355,-1,53.83,False,-1,True,True,0.75,0.0,0.096,False,False,0.227,-0.383,40.609,1446,5.21,,,,,0,False,False,0.0,False,6.31,5.39,20.0,
50.85,23477,354.708,-899.329,-0.009,4.988,30.0,1355,-1,54.07,False,-1,True,True,0.75,0.0,0.082,False,False,0.241,-0.293,41.181,1446,5.21,,,,,0,False,False,0.0,False,6.06,5.44,20.0,
50.9,23478,354.891,-899.155,-0.009,5.094,30.0,1355,-1,54.32,False,-1,True,True,0.75,0.0,0.082,False,False,0.25,-0.234,41.718,1446,5.21,,,,,0,False,False,0.0,False,5.81,5.49,20.0,
50.95,23479,355.077,-898.977,-0.009,5.183,30.0,1355,-1,54.58,False,-1,True,True,0.75,0.0,0.053,False,False,0.255,-0.157,42.158,1446,5.21,,,,,0,False,False,0.0,False,5.55,5.55,20.0,
51.0,23480,355.263,-898.793,-0.009,5.267,30.0,1355,-1,54.83,False,-1,True,True,0.75,0.0,0.153,False,False,0.247,-0.228,42.744,1446,8.69,,,,,0,False,False,0.0,False,7.63,5.59,20.0,
51.05,23481,355.439,-898.604,-0.009,5.144,30.0,1449,-1,0.0,True,42,True,False,0.75,0.0,0.253,False,False,0.19,-0.439,43.659,1446,8.69,,,,,0,False,False,0.0,False,7.38,5.63,20.0,
51.1,23482,355.605,-898.41,-0.008,5.162,30.0,1449,-1,0.0,True,42,True,False,0.75,0.0,0.353,False,False,0.127,-0.728,45.095,1446,8.69,,,,,0,False,False,0.0,False,7.12,5.57,20.0,
51.15,23483,355.759,-898.209,-0.008,5.066,30.0,1449,-1,0.06,True,42,True,False,0.75,0.0,0.365,False,False,0.065,-0.979,46.897,1446,8.69,,,,,0,False,False,0.0,False,6.87,5.58,20.0,
51.2,23484,355.905,-897.997,-0.008,5.296,30.0,1355,-1,55.82,False,-1,True,True,0.75,0.0,0.365,False,False,0.07,-1.179,48.983,1446,8.69,,,,,1,True,False,0.0,False,6.62,5.53,20.0,
51.25,23485,356.053,-897.776,-0.008,5.416,30.0,1446,-1,0.02,True,42,True,True,0.75,0.0,0.186,False,False,0.125,-1.07,50.941,1446,8.69,,,,,1,True,False,0.0,False,6.35,5.65,20.0,
51.3,23486,356.191,-897.521,0.014,5.561,30.0,1446,-1,0.29,True,42,True,True,0.537,0.0,0.129,False,False,1.501,-4.428,52.26,1446,8.69,1446,0.25,0.744,0.28,1,True,False,0.0,False,6.06,5.71,20.0,
51.35,23487,356.348,-897.288,0.026,5.569,30.0,1446,-1,0.56,True,42,True,True,0.009,0.0,0.108,False,False,1.981,-4.864,53.346,1446,8.69,1446,0.75,0.823,0.324,1,True,False,0.0,False,5.78,5.78,20.0,
51.4,23488,356.501,-897.056,0.032,5.541,30.0,1446,-1,1.06,True,42,True,True,0.0,0.025,0.208,False,False,2.118,-4.989,54.384,1446,12.17,1446,1.0,0.901,0.351,1,True,False,0.0,False,7.95,5.78,20.0,
51.45,23489,356.641,-896.825,0.035,5.378,30.0,1446,-1,1.32,True,42,True,True,0.075,0.0,0.308,False,False,2.078,-5.176,55.724,1446,12.17,1446,1.25,0.976,0.383,1,True,False,0.0,False,7.69,5.77,20.0,
51.5,23490,356.764,-896.595,0.036,5.217,30.0,1446,-1,1.57,True,42,True,True,0.659,0.0,0.408,False,False,1.967,-5.422,57.495,1446,12.17,1446,1.75,1.052,0.427,1,True,False,0.0,False,7.44,5.69,20.0,
51.55,23491,356.866,-896.37,0.037,5.003,30.0,1446,-1,2.11,True,42,True,True,0.75,0.0,0.504,False,False,1.843,-5.691,59.754,1446,12.17,1446,2.0,1.134,0.488,1,True,False,0.0,False,7.19,5.61,20.0,
51.6,23492,356.951,-896.144,0.036,4.943,30.0,1446,-1,2.34,True,42,True,True,0.75,0.0,0.404,False,False,1.76,-5.854,62.172,1446,12.17,1446,2.25,1.217,0.557,1,True,False,0.0,False,6.95,5.5,20.0,
51.65,23493,357.03,-895.914,0.034,4.973,30.0,1446,-1,2.56,True,42,True,True,0.75,0.0,0.304,False,False,1.737,-5.788,64.3,1446,12.17,1446,2.75,1.303,0.61,1,True,False,0.0,False,6.71,5.47,20.0,
51.7,23494,357.097,-895.684,0.053,5.067,30.0,1446,-1,3.16,True,42,True,True,0.75,0.0,0.251,False,False,0.765,-6.771,66.051,1446,12.17,1446,3.25,1.378,0.642,1,True,False,0.0,False,6.47,5.49,20.0,
51.75,23495,357.172,-895.448,0.067,5.141,30.0,1446,-1,3.4,True,42,True,True,0.75,0.0,0.214,False,False,0.12,-7.149,67.561,1446,12.17,1446,3.5,1.446,0.646,2,True,False,0.0,False,6.23,5.53,20.0,
51.8,23496,357.25,-895.207,0.073,5.14,30.0,1446,-1,3.65,True,42,True,True,0.75,0.0,0.189,False,False,-0.1,-7.146,68.95,1446,12.17,1446,4.0,1.503,0.631,2,True,False,0.0,False,5.97,5.57,20.0,
51.85,23497,357.324,-894.965,0.075,5.11,30.0,1446,-1,4.33,True,42,True,True,0.75,0.0,0.157,False,False,-0.165,-7.039,70.097,1446,12.17,1446,4.5,1.551,0.6,2,True,False,0.0,False,5.72,5.57,20.0,
51.9,23498,357.395,-894.722,0.075,5.096,30.0,1446,-1,4.58,True,42,False,True,0.75,0.0,0.137,False,False,-0.147,-6.926,71.167,1446,12.17,1446,4.75,1.586,0.559,2,True,False,0.0,False,5.47,5.55,20.0,
51.95,23499,357.459,-894.478,0.074,5.083,30.0,1446,-1,5.29,True,42,False,True,0.75,0.0,0.237,False,False,-0.119,-6.944,72.209,1172,1.98,1446,5.25,1.612,0.517,2,True,False,0.0,False,8.35,5.55,20.0,
52.0,23500,357.512,-894.232,0.073,5.072,30.0,1446,-1,5.54,True,42,False,True,0.75,0.0,0.337,False,False,-0.088,-7.131,73.67,1172,1.98,1446,5.75,1.633,0.49,2,True,False,0.0,False,8.11,5.54,20.0,
52.05,23501,357.547,-893.983,0.072,5.165,30.0,1446,-1,6.24,True,42,False,True,0.75,0.0,0.437,False,False,-0.056,-7.448,75.565,1172,1.98,1446,6.25,1.653,0.557,2,True,False,0.0,False,7.86,5.54,20.0,
52.1,23502,357.566,-893.726,0.071,5.351,30.0,1446,-1,6.5,True,42,False,True,0.75,0.0,0.453,False,False,0.006,-7.77,78.041,1172,1.98,1446,6.75,1.674,0.615,2,True,False,0.0,False,7.6,5.58,20.0,
52.15,23503,357.577,-893.463,0.069,5.424,30.0,1446,-1,7.19,True,42,False,True,0.75,0.0,0.353,False,False,0.074,-7.807,80.599,1172,1.98,1446,7.0,1.692,0.672,2,True,False,0.0,False,7.34,5.68,20.0,
52.2,23504,357.585,-893.195,0.068,5.501,30.0,1446,-1,7.46,True,42,False,True,0.508,0.0,0.253,False,False,0.106,-7.577,82.744,1172,1.98,1446,7.5,1.705,0.737,2,True,False,0.0,False,7.07,5.71,20.0,
52.25,23505,357.591,-892.926,0.068,5.432,30.0,1446,-1,8.11,True,42,False,True,0.227,0.0,0.198,False,False,0.109,-7.285,84.496,1172,1.98,1446,8.0,1.707,0.803,2,True,False,0.0,False,6.8,5.75,20.0,
52.3,23506,357.593,-892.647,0.067,5.847,30.0,1446,-1,8.39,True,42,False,True,0.474,0.0,0.171,False,False,0.17,-7.088,85.943,1172,1.98,1446,8.5,1.699,0.871,2,True,False,0.0,False,6.53,5.72,20.0,
52.35,23507,357.59,-892.347,0.066,6.108,30.0,1446,-1,8.69,True,42,False,True,0.0,0.3,0.146,False,False,0.293,-6.974,87.259,1172,1.98,1446,9.0,1.681,0.932,2,True,False,0.0,False,6.23,5.92,20.0,
52.4,23508,357.586,-892.037,0.066,6.312,30.0,1446,-1,9.33,True,42,False,True,0.0,0.3,0.113,False,False,0.363,-6.853,88.376,1172,1.98,1446,9.25,1.652,0.981,2,True,False,0.0,False,5.92,6.05,20.0,
52.45,23509,357.573,-891.726,0.066,6.219,30.0,1446,-1,9.64,True,42,False,True,0.0,0.3,0.213,False,False,0.333,-6.898,89.563,1172,5.95,1446,9.75,1.614,1.011,2,True,False,0.0,False,9.41,6.16,20.0,
52.5,23510,357.548,-891.422,0.067,6.128,30.0,1446,-1,10.23,True,42,True,True,0.0,0.3,0.313,False,False,0.227,-7.11,91.085,1172,5.95,1446,10.25,1.577,1.015,2,True,False,0.0,False,9.11,6.11,20.0,
52.55,23511,357.513,-891.129,0.069,5.898,30.0,1446,-1,10.52,True,42,True,True,0.0,0.3,0.293,False,False,0.096,-7.298,92.92,1172,5.95,1446,10.5,1.541,0.999,2,True,False,0.0,False,8.81,6.06,20.0,
52.6,23512,357.473,-890.845,0.069,5.794,30.0,1446,-1,10.81,True,42,True,True,0.0,0.3,0.21,False,False,-0.011,-7.282,94.628,1172,5.95,1446,11.0,1.509,0.98,2,True,False,0.0,False,8.53,5.95,20.0,
52.65,23513,357.43,-890.569,0.07,5.549,30.0,1446,-1,11.31,True,42,True,True,0.0,0.3,0.163,False,False,-0.093,-7.141,96.108,1172,5.95,1446,11.25,1.475,0.955,2,True,False,0.0,False,8.25,5.9,20.0,
52.7,23514,357.385,-890.301,0.07,5.454,30.0,1446,-1,11.58,True,42,True,True,0.0,0.004,0.132,False,False,-0.149,-6.978,97.267,1172,5.95,1446,11.75,1.44,0.934,2,True,False,0.0,False,7.98,5.77,20.0,
52.75,23515,357.339,-890.041,0.071,5.242,30.0,1446,-1,12.05,True,42,True,True,0.337,0.0,0.117,False,False,-0.179,-6.85,98.28,1172,5.95,1446,12.0,1.406,0.909,2,True,False,0.0,False,7.71,5.73,20.0,
52.8,23516,357.291,-889.786,0.071,5.183,30.0,1446,-1,12.3,True,42,True,True,0.75,0.0,0.094,False,False,-0.189,-6.743,99.069,1172,5.95,1446,12.25,1.365,0.886,2,True,False,0.0,False,7.45,5.62,20.0,
52.85,23517,357.242,-889.538,0.071,5.013,30.0,1446,-1,12.55,True,42,True,True,0.75,0.0,0.084,False,False,-0.183,-6.666,99.779,1172,5.95,1446,12.5,1.326,0.861,1,True,False,0.0,False,7.2,5.59,20.0,
52.9,23518,357.191,-889.292,0.07,5.055,30.0,1446,-1,12.8,True,42,True,True,0.75,0.0,0.067,False,False,-0.15,-6.607,100.327,1172,5.95,1446,13.0,1.284,0.837,2,True,False,0.0,False,6.95,5.51,20.0,
52.95,23519,357.139,-889.046,0.07,5.037,30.0,1446,-1,13.2,True,42,True,True,0.75,0.0,0.059,False,False,-0.105,-6.564,100.769,1172,5.95,1446,13.25,1.242,0.81,2,True,False,0.0,False,6.7,5.53,20.0,
53.0,23520,357.086,-888.803,0.07,4.88,30.0,1446,-1,13.44,True,42,True,True,0.75,0.0,0.052,False,False,-0.075,-6.526,101.159,1172,5.95,1446,13.5,1.194,0.781,2,True,False,0.0,False,6.45,5.52,20.0,
53.05,23521,357.036,-888.576,0.07,4.542,30.0,1446,-1,13.67,True,42,True,True,0.75,0.0,0.042,False,False,-0.142,-6.485,101.5,1172,5.95,,,,,2,True,False,0.0,False,6.22,5.44,20.0,
53.1,23522,356.988,-888.361,0.071,4.34,30.0,1172,-1,0.08,False,-1,True,True,0.75,0.0,0.034,False,False,-0.211,-6.45,101.742,1172,5.95,,,,,1,True,False,0.0,False,6.0,5.27,20.0,
53.15,23523,356.945,-888.152,0.067,4.338,30.0,1445,-1,9.89,True,42,True,False,0.75,0.0,0.033,False,False,-0.431,-5.809,101.918,1172,5.95,,,,,1,True,False,0.0,False,5.78,5.17,20.0,
53.2,23524,356.903,-887.943,0.057,4.353,30.0,1445,-1,9.89,True,42,True,False,0.75,0.0,0.036,False,False,-0.906,-4.465,102.067,1172,5.95,,,,,1,True,False,0.0,False,5.57,5.17,20.0,
53.25,23525,356.858,-887.736,0.044,4.368,30.0,1445,-1,9.89,True,42,True,False,0.75,0.0,0.036,False,False,-1.466,-3.025,102.239,1172,5.95,,,,,1,True,False,0.0,False,5.36,5.18,20.0,
53.3,23526,356.806,-887.527,0.035,4.394,30.0,1445,-1,9.89,True,42,True,False,0.75,0.0,0.027,False,False,-1.732,-2.344,102.411,1172,5.95,,,,,1,True,False,0.0,False,5.14,5.18,20.0,
53.35,23527,356.749,-887.314,0.03,4.438,30.0,1445,-1,9.8,True,42,True,False,0.75,0.0,0.127,False,False,-1.819,-2.131,102.76,1172,9.92,,,,,1,True,False,0.0,False,8.85,5.2,20.0,
53.4,23528,356.684,-887.101,0.027,4.493,30.0,1172,-1,1.35,False,-1,True,True,0.75,0.0,0.17,False,False,-1.823,-2.196,103.475,1172,9.92,,,,,1,True,False,0.0,False,8.63,5.22,20.0,
53.45,23529,356.617,-886.885,0.026,4.576,30.0,1172,-1,1.57,False,-1,True,True,0.75,0.0,0.118,False,False,-1.779,-2.196,104.219,1172,9.92,,,,,1,True,False,0.0,False,8.4,5.25,20.0,
53.5,23530,356.548,-886.664,0.026,4.668,30.0,1172,-1,1.8,False,-1,True,True,0.75,0.0,0.091,False,False,-1.718,-2.132,104.844,1172,9.92,,,,,1,True,False,0.0,False,8.17,5.29,20.0,
53.55,23531,356.477,-886.438,0.026,4.765,30.0,1172,-1,2.04,False,-1,True,True,0.75,0.0,0.079,False,False,-1.659,-2.068,105.377,1172,9.92,,,,,1,True,False,0.0,False,7.93,5.33,20.0,
53.6,23532,356.404,-886.209,0.027,4.865,30.0,1172,-1,2.28,False,-1,True,True,0.75,0.0,0.069,False,False,-1.608,-2.02,105.845,1172,9.92,,,,,1,True,False,0.0,False,7.69,5.38,20.0,
53.65,23533,356.329,-885.974,0.027,4.966,30.0,1172,-1,2.52,False,-1,True,True,0.75,0.0,0.058,False,False,-1.568,-1.983,106.253,1172,9.92,,,,,1,True,False,0.0,False,7.44,5.43,20.0,
53.7,23534,356.251,-885.735,0.028,5.069,30.0,1172,-1,2.77,False,-1,True,True,0.75,0.0,0.049,False,False,-1.537,-1.952,106.606,1172,9.92,,,,,1,True,False,0.0,False,7.19,5.48,20.0,
53.75,23535,356.172,-885.491,0.028,5.145,30.0,1172,-1,3.03,False,-1,True,True,0.75,0.0,0.041,False,False,-1.517,-1.931,106.912,1172,9.92,,,,,1,True,False,0.0,False,6.94,5.53,20.0,
53.8,23536,356.093,-885.24,0.025,5.234,30.0,1172,-1,3.29,False,-1,True,True,0.75,0.0,0.034,False,False,-1.307,-1.653,107.137,1172,9.92,,,,,1,True,False,0.0,False,6.67,5.57,20.0,
53.85,23537,356.014,-884.99,0.016,5.17,30.0,1172,-1,3.55,False,-1,True,True,0.75,0.0,0.034,False,False,-0.892,-1.159,107.423,1172,9.92,,,,,1,True,False,0.0,False,6.41,5.62,20.0,
53.9,23538,355.932,-884.742,0.009,5.163,30.0,1172,-1,3.81,False,-1,True,True,0.75,0.0,0.022,False,False,-0.583,-0.82,107.637,1172,9.92,,,,,1,True,False,0.0,False,6.15,5.58,20.0,
53.95,23539,355.85,-884.495,0.003,5.173,30.0,1172,-1,4.06,False,-1,True,True,0.75,0.0,0.019,False,False,-0.36,-0.57,107.822,1172,9.92,,,,,1,True,False,0.0,False,5.89,5.58,20.0,
54.0,23540,355.768,-884.248,-0.001,5.199,30.0,1172,-1,4.32,False,-1,True,True,0.75,0.0,0.014,False,False,-0.201,-0.387,107.948,1172,9.92,,,,,1,True,False,0.0,False,5.63,5.59,20.0,
54.05,23541,355.685,-884.0,-0.004,5.207,30.0,1172,-1,4.58,False,-1,True,True,0.75,0.0,0.014,False,False,-0.092,-0.259,108.07,1172,9.92,,,,,0,False,False,0.0,False,5.37,5.6,20.0,
54.1,23542,355.599,-883.754,-0.006,5.196,30.0,1172,-1,4.84,False,-1,True,True,0.75,0.0,0.114,False,False,-0.03,-0.28,108.316,1172,13.89,,,,,0,False,False,0.0,False,9.06,5.6,20.0,
54.15,23543,355.508,-883.508,-0.007,5.346,30.0,1172,-1,5.1,False,-1,True,True,0.75,0.0,0.085,False,False,0.023,-0.338,108.761,1172,13.89,,,,,0,False,False,0.0,False,8.8,5.6,20.0,
54.2,23544,355.408,-883.243,-0.009,5.821,30.0,1172,-1,5.39,False,-1,True,True,0.75,0.0,0.055,False,False,0.195,-0.326,109.232,1172,13.89,,,,,0,False,False,0.0,False,8.52,5.67,20.0,
54.25,23545,355.301,-882.959,-0.01,6.175,30.0,1172,-1,5.69,False,-1,True,True,0.0,0.3,0.037,False,False,0.365,-0.262,109.616,1172,13.89,,,,,0,False,False,0.0,False,8.21,5.91,20.0,
54.3,23546,355.19,-882.664,-0.011,6.354,30.0,1172,-1,6.0,False,-1,True,True,0.0,0.3,0.031,False,False,0.448,-0.197,109.962,1172,13.89,,,,,0,False,False,0.0,False,7.9,6.09,20.0,
54.35,23547,355.077,-882.366,-0.011,6.371,30.0,1172,-1,6.32,False,-1,True,True,0.0,0.3,0.023,False,False,0.429,-0.137,110.198,1172,13.89,,,,,0,False,False,0.0,False,7.58,6.18,20.0,
54.4,23548,354.965,-882.071,-0.01,6.272,30.0,1172,-1,6.64,False,-1,True,True,0.0,0.3,0.023,False,False,0.334,-0.101,110.451,1172,13.89,,,,,0,False,False,0.0,False,7.27,6.19,20.0,
54.45,23549,354.855,-881.783,-0.009,6.137,30.0,1172,-1,6.94,False,-1,True,True,0.0,0.3,0.014,False,False,0.211,-0.067,110.588,1172,13.89,,,,,0,False,False,0.0,False,6.96,6.14,20.0,
54.5,23550,354.747,-881.503,-0.008,5.971,30.0,1172,-1,7.25,False,-1,True,True,0.0,0.3,0.018,False,False,0.089,-0.052,110.772,1172,13.89,,,,,0,False,False,0.0,False,6.66,6.07,20.0,
54.55,23551,354.641,-881.23,-0.007,5.789,30.0,1172,-1,7.54,False,-1,True,True,0.0,0.3,0.009,False,False,-0.018,-0.033,110.851,1172,13.89,,,,,0,False,False,0.0,False,6.36,5.99,20.0,
54.6,23552,354.54,-880.966,-0.006,5.591,30.0,1172,-1,7.82,False,-1,True,True,0.0,0.3,0.013,False,False,-0.106,-0.027,110.988,1172,13.89,,,,,0,False,False,0.0,False,6.08,5.89,20.0,
54.65,23553,354.441,-880.711,-0.006,5.405,30.0,1172,-1,8.09,False,-1,True,True,0.0,0.167,0.005,False,False,-0.172,-0.016,111.024,1172,13.89,,,,,0,False,False,0.0,False,5.81,5.8,20.0,
54.7,23554,354.345,-880.465,-0.005,5.243,30.0,1172,-1,8.36,False,-1,True,True,0.504,0.0,0.011,False,False,-0.212,-0.015,111.131,1172,13.89,,,,,0,False,False,0.0,False,5.54,5.7,20.0,
54.75,23555,354.248,-880.226,-0.005,5.116,30.0,1172,-1,8.61,False,-1,True,True,0.75,0.0,0.111,False,False,-0.227,-0.121,111.309,1172,17.86,,,,,0,False,False,0.0,False,9.25,5.62,20.0,
54.8,23556,354.149,-879.989,-0.005,5.119,30.0,1172,-1,8.87,False,-1,True,True,0.75,0.0,0.038,False,False,-0.19,-0.171,111.668,1172,17.86,,,,,0,False,False,0.0,False,8.99,5.56,20.0,
54.85,23557,354.052,-879.752,-0.006,5.116,30.0,1172,-1,9.13,False,-1,True,True,0.75,0.0,0.013,False,False,-0.134,-0.12,111.838,1172,17.86,,,,,0,False,False,0.0,False,8.74,5.56,20.0,
54.9,23558,353.961,-879.529,-0.006,4.656,30.0,1172,-1,9.37,False,-1,True,True,0.75,0.0,0.02,False,False,-0.186,-0.079,112.053,1172,17.86,,,,,0,False,False,0.0,False,8.5,5.56,20.0,
54.95,23559,353.876,-879.324,-0.005,4.333,30.0,1172,-1,9.59,False,-1,True,True,0.75,0.0,0.011,False,False,-0.283,-0.047,112.177,1172,17.86,,,,,0,False,False,0.0,False,8.27,5.33,20.0,
55.0,23560,353.796,-879.13,-0.004,4.145,30.0,1172,-1,9.8,False,-1,True,True,0.75,0.0,0.013,False,False,-0.338,-0.029,112.257,1172,17.86,,,,,0,False,False,0.0,False,8.06,5.17,20.0,
55.05,23561,353.717,-878.941,-0.004,4.061,30.0,1172,-1,10.0,False,-1,True,True,0.75,0.0,0.013,False,False,-0.33,-0.022,112.327,1172,17.86,,,,,0,False,False,0.0,False,7.86,5.07,20.0,
55.1,23562,353.638,-878.754,-0.005,4.05,30.0,1172,-1,10.21,False,-1,True,True,0.75,0.0,0.011,False,False,-0.274,-0.017,112.392,1172,17.86,,,,,0,False,False,0.0,False,7.66,5.03,20.0,
55.15,23563,353.559,-878.566,-0.006,4.085,30.0,1172,-1,10.41,False,-1,True,True,0.75,0.0,0.01,False,False,-0.19,-0.013,112.448,1172,17.86,,,,,0,False,False,0.0,False,7.45,5.03,20.0,
55.2,23564,353.479,-878.375,-0.006,4.148,30.0,1172,-1,10.62,False,-1,True,True,0.75,0.0,0.008,False,False,-0.098,-0.009,112.498,1172,17.86,,,,,0,False,False,0.0,False,7.25,5.04,20.0,
55.25,23565,353.398,-878.181,-0.007,4.229,30.0,1172,-1,10.83,False,-1,True,True,0.75,0.0,0.007,False,False,-0.012,-0.006,112.541,1172,17.86,,,,,0,False,False,0.0,False,7.04,5.07,20.0,
55.3,23566,353.315,-877.983,-0.008,4.32,30.0,1172,-1,11.04,False,-1,True,True,0.75,0.0,0.006,False,False,0.061,-0.004,112.579,1172,17.86,,,,,0,False,False,0.0,False,6.82,5.11,20.0,
55.35,23567,353.23,-877.78,-0.008,4.417,30.0,1172,-1,11.26,False,-1,True,True,0.75,0.0,0.005,False,False,0.12,-0.002,112.612,1172,17.86,,,,,0,False,False,0.0,False,6.6,5.16,20.0,
55.4,23568,353.143,-877.574,-0.009,4.518,30.0,1172,-1,11.48,False,-1,True,True,0.75,0.0,0.004,False,False,0.165,-0.001,112.641,1172,17.86,,,,,0,False,False,0.0,False,6.38,5.21,20.0,
55.45,23569,353.054,-877.362,-0.009,4.621,30.0,1172,-1,11.71,False,-1,True,True,0.75,0.0,0.004,False,False,0.199,-0.0,112.666,1172,17.86,,,,,0,False,False,0.0,False,6.15,5.26,20.0,
55.5,23570,352.964,-877.146,-0.009,4.725,30.0,1172,-1,11.95,False,-1,True,True,0.75,0.0,0.003,False,False,0.222,0.0,112.687,1172,17.86,,,,,0,False,False,0.0,False,5.91,5.31,20.0,
55.55,23571,352.871,-876.925,-0.009,4.83,30.0,1172,-1,12.19,False,-1,True,True,0.75,0.0,0.003,False,False,0.238,0.0,112.706,1172,17.86,,,,,0,False,False,0.0,False,5.67,5.36,20.0,
55.6,23572,352.776,-876.7,-0.009,4.934,30.0,1172,-1,12.43,False,-1,True,True,0.75,0.0,0.002,False,False,0.248,0.0,112.722,1172,17.86,,,,,0,False,False,0.0,False,5.43,5.41,20.0,
55.65,23573,352.676,-876.471,-0.009,5.03,30.0,1172,-1,12.68,False,-1,True,True,0.75,0.0,0.08,False,False,0.253,-0.106,112.91,1172,21.83,,,,,0,False,False,0.0,False,9.15,5.47,20.0,
55.7,23574,352.574,-876.238,-0.009,5.136,30.0,1172,-1,12.94,False,-1,True,True,0.75,0.0,0.009,False,False,0.256,-0.112,113.104,1172,21.83,,,,,0,False,False,0.0,False,8.89,5.51,20.0,
55.75,23575,352.471,-876.001,-0.009,5.161,30.0,1172,-1,13.19,False,-1,True,True,0.75,0.0,0.001,False,False,0.244,-0.054,113.211,1172,21.83,,,,,0,False,False,0.0,False,8.63,5.57,20.0,
55.8,23576,352.369,-875.765,-0.009,5.138,30.0,1172,-1,13.45,False,-1,True,True,0.75,0.0,0.005,False,False,0.202,-0.022,113.219,1172,21.83,,,,,0,False,False,0.0,False,8.38,5.58,20.0,
55.85,23577,352.267,-875.53,-0.008,5.13,30.0,1172,-1,13.71,False,-1,True,True,0.75,0.0,0.011,False,False,0.158,-0.02,113.319,1172,21.83,,,,,0,False,False,0.0,False,8.12,5.57,20.0,
55.9,23578,352.165,-875.295,-0.008,5.139,30.0,1172,-1,13.96,False,-1,True,True,0.75,0.0,0.002,False,False,0.128,-0.009,113.321,1172,21.83,,,,,0,False,False,0.0,False,7.86,5.57,20.0,
55.95,23579,352.063,-875.059,-0.008,5.163,30.0,1172,-1,14.22,False,-1,True,True,0.75,0.0,0.008,False,False,0.113,-0.01,113.406,1172,21.83,,,,,0,False,False,0.0,False,7.61,5.57,20.0,
56.0,23580,351.959,-874.822,-0.008,5.18,30.0,1172,-1,14.48,False,-1,True,True,0.75,0.0,0.0,False,False,0.108,-0.002,113.392,1172,21.83,,,,,0,False,False,0.0,False,7.35,5.58,20.0,
56.05,23581,351.856,-874.584,-0.008,5.177,30.0,1172,-1,14.74,False,-1,True,True,0.75,0.0,0.007,False,False,0.098,-0.006,113.463,1172,21.83,,,,,0,False,False,0.0,False,7.09,5.59,20.0,
56.1,23582,351.752,-874.347,-0.008,5.216,30.0,1172,-1,15.0,False,-1,True,True,0.75,0.0,-0.001,False,False,0.092,0.0,113.445,1172,21.83,,,,,0,False,False,0.0,False,6.83,5.59,20.0,
56.15,23583,351.641,-874.092,-0.009,5.719,30.0,1172,-1,15.28,False,-1,True,True,0.75,0.0,0.006,False,False,0.215,-0.005,113.455,1172,21.83,,,,,0,False,False,0.0,False,6.55,5.61,20.0,
56.2,23584,351.521,-873.818,-0.01,6.089,30.0,1172,-1,15.57,False,-1,True,True,0.0,0.3,0.003,False,False,0.37,-0.007,113.456,1172,21.83,,,,,0,False,False,0.0,False,6.25,5.86,20.0,
56.25,23585,351.397,-873.533,-0.011,6.284,30.0,1172,-1,15.89,False,-1,True,True,0.0,0.3,0.004,False,False,0.452,-0.008,113.497,1172,21.83,,,,,0,False,False,0.0,False,5.94,6.04,20.0,
56.3,23586,351.268,-873.245,-0.011,6.309,30.0,1172,-1,16.2,False,-1,True,True,0.0,0.3,0.042,False,False,0.437,-0.08,113.619,1172,25.8,,,,,0,False,False,0.0,False,9.59,6.14,20.0,
56.35,23587,351.141,-872.96,-0.01,6.216,30.0,1172,-1,16.51,False,-1,True,True,0.0,0.3,0.003,False,False,0.344,-0.076,113.795,1172,25.8,,,,,0,False,False,0.0,False,9.28,6.15,20.0,
56.4,23588,351.017,-872.68,-0.009,6.083,30.0,1172,-1,16.82,False,-1,True,True,0.0,0.3,-0.006,False,False,0.22,-0.029,113.812,1172,25.8,,,,,0,False,False,0.0,False,8.98,6.11,20.0,
56.45,23589,350.897,-872.407,-0.008,5.921,30.0,1172,-1,17.12,False,-1,True,True,0.0,0.3,0.005,False,False,0.098,-0.013,113.879,1172,25.8,,,,,0,False,False,0.0,False,8.68,6.04,20.0,
56.5,23590,350.779,-872.142,-0.007,5.74,30.0,1172,-1,17.41,False,-1,True,True,0.0,0.3,-0.001,False,False,-0.01,-0.003,113.86,1172,25.8,,,,,0,False,False,0.0,False,8.39,5.96,20.0,
56.55,23591,350.665,-871.886,-0.006,5.545,30.0,1172,-1,17.69,False,-1,True,True,0.0,0.3,0.006,False,False,-0.099,-0.006,113.921,1172,25.8,,,,,0,False,False,0.0,False,8.11,5.87,20.0,
56.6,23592,350.555,-871.639,-0.006,5.342,30.0,1172,-1,17.96,False,-1,True,True,0.0,0.3,0.006,False,False,-0.169,-0.012,113.914,1172,25.8,,,,,0,False,False,0.0,False,7.84,5.77,20.0,
56.65,23593,350.449,-871.4,-0.005,5.169,30.0,1172,-1,18.22,False,-1,True,True,0.734,0.0,0.003,False,False,-0.217,-0.011,113.983,1172,25.8,,,,,0,False,False,0.0,False,7.58,5.67,20.0,
56.7,23594,350.346,-871.168,-0.005,5.035,30.0,1172,-1,18.47,False,-1,True,True,0.75,0.0,-0.005,False,False,-0.233,0.002,113.946,1172,25.8,,,,,0,False,False,0.0,False,7.32,5.58,20.0,
56.75,23595,350.243,-870.938,-0.005,5.032,30.0,1172,-1,18.73,False,-1,True,True,0.75,0.0,0.004,False,False,-0.201,0.001,114.008,1172,25.8,,,,,0,False,False,0.0,False,7.07,5.52,20.0,
56.8,23596,350.141,-870.708,-0.006,5.029,30.0,1172,-1,18.98,False,-1,True,True,0.75,0.0,-0.005,False,False,-0.144,0.007,113.966,1172,25.8,,,,,0,False,False,0.0,False,6.82,5.52,20.0,
56.85,23597,350.043,-870.487,-0.006,4.659,30.0,1172,-1,19.22,False,-1,True,True,0.75,0.0,-0.005,False,False,-0.164,0.013,113.948,1172,25.8,,,,,0,False,False,0.0,False,6.58,5.51,20.0,
56.9,23598,349.953,-870.285,-0.005,4.32,30.0,1172,-1,19.44,False,-1,True,True,0.75,0.0,0.003,False,False,-0.258,0.007,113.926,1172,25.8,,,,,0,False,False,0.0,False,6.36,5.33,20.0,
56.95,23599,349.868,-870.094,-0.005,4.119,30.0,1172,-1,19.65,False,-1,True,True,0.75,0.0,0.004,False,False,-0.32,-0.002,113.933,1172,25.8,,,,,0,False,False,0.0,False,6.15,5.16,20.0,
57.0,23600,349.786,-869.909,-0.005,4.026,30.0,1172,-1,19.85,False,-1,True,True,0.75,0.0,0.001,False,False,-0.322,-0.004,113.943,1172,25.8,,,,,0,False,False,0.0,False,5.94,5.06,20.0,
57.05,23601,349.704,-869.725,-0.005,4.01,30.0,1172,-1,20.05,False,-1,True,True,0.75,0.0,0.001,False,False,-0.272,-0.003,113.949,1172,25.8,,,,,0,False,False,0.0,False,5.74,5.01,20.0,
57.1,23602,349.622,-869.54,-0.006,4.042,30.0,1172,-1,20.25,False,-1,True,True,0.75,0.0,0.001,False,False,-0.192,-0.002,113.955,1172,25.8,,,,,0,False,False,0.0,False,5.54,5.0,20.0,
57.15,23603,349.539,-869.353,-0.006,4.103,30.0,1172,-1,20.46,False,-1,True,True,0.75,0.0,0.001,False,False,-0.103,-0.002,113.96,1172,25.8,,,,,0,False,False,0.0,False,5.34,5.02,20.0,
57.2,23604,349.454,-869.163,-0.007,4.183,30.0,1172,-1,20.67,False,-1,True,True,0.75,0.0,0.001,False,False,-0.017,-0.001,113.964,1172,25.8,,,,,0,False,False,0.0,False,5.13,5.05,20.0,
57.25,23605,349.368,-868.969,-0.008,4.273,30.0,1172,-1,20.88,False,-1,True,True,0.75,0.0,0.001,False,False,0.057,-0.001,113.968,1172,25.8,,,,,0,False,False,0.0,False,4.92,5.09,20.0,
57.3,23606,349.278,-868.771,-0.008,4.369,30.0,1172,-1,21.1,False,-1,True,True,0.75,0.0,0.03,False,False,0.116,-0.046,114.055,1172,29.76,,,,,0,False,False,0.0,False,8.67,5.14,20.0,
57.35,23607,349.186,-868.569,-0.009,4.47,30.0,1172,-1,21.32,False,-1,True,True,0.75,0.0,0.001,False,False,0.162,-0.039,114.118,1172,29.76,,,,,0,False,False,0.0,False,8.44,5.18,20.0,
57.4,23608,349.093,-868.362,-0.009,4.574,30.0,1172,-1,21.55,False,-1,True,True,0.75,0.0,0.001,False,False,0.196,-0.017,114.138,1172,29.76,,,,,0,False,False,0.0,False,8.22,5.23,20.0,
57.45,23609,348.998,-868.151,-0.009,4.678,30.0,1172,-1,21.78,False,-1,True,True,0.75,0.0,0.003,False,False,0.221,-0.008,114.154,1172,29.76,,,,,0,False,False,0.0,False,7.99,5.29,20.0,
57.5,23610,348.901,-867.934,-0.009,4.783,30.0,1172,-1,22.01,False,-1,True,True,0.75,0.0,0.003,False,False,0.237,-0.005,114.172,1172,29.76,,,,,0,False,False,0.0,False,7.75,5.34,20.0,
57.55,23611,348.801,-867.714,-0.009,4.888,30.0,1172,-1,22.26,False,-1,True,True,0.75,0.0,0.002,False,False,0.248,-0.003,114.188,1172,29.76,,,,,0,False,False,0.0,False,7.51,5.39,20.0,
57.6,23612,348.699,-867.488,-0.009,4.992,30.0,1172,-1,22.5,False,-1,True,True,0.75,0.0,0.002,False,False,0.255,-0.001,114.201,1172,29.76,,,,,0,False,False,0.0,False,7.26,5.44,20.0,
57.65,23613,348.595,-867.257,-0.009,5.096,30.0,1172,-1,22.76,False,-1,True,True,0.75,0.0,0.002,False,False,0.259,-0.0,114.213,1172,29.76,,,,,0,False,False,0.0,False,7.01,5.5,20.0,
57.7,23614,348.489,-867.022,-0.009,5.227,30.0,1172,-1,23.02,False,-1,True,True,0.75,0.0,0.001,False,False,0.263,0.0,114.222,1172,29.76,,,,,0,False,False,0.0,False,6.75,5.55,20.0,
57.75,23615,348.382,-866.783,-0.009,5.26,30.0,1172,-1,23.28,False,-1,True,True,0.75,0.0,0.001,False,False,0.258,0.0,114.231,1172,29.76,,,,,0,False,False,0.0,False,6.48,5.61,20.0,
57.8,23616,348.271,-866.538,-0.009,5.42,30.0,1172,-1,23.55,False,-1,True,True,0.75,0.0,0.001,False,False,0.259,0.001,114.228,1172,29.76,,,,,0,False,False,0.0,False,6.22,5.63,20.0,
57.85,23617,348.161,-866.294,-0.009,5.325,30.0,1172,-1,23.81,False,-1,True,True,0.544,0.0,0.002,False,False,0.223,-0.001,114.263,1172,29.76,,,,,0,False,False,0.0,False,5.95,5.71,20.0,
57.9,23618,348.052,-866.05,-0.009,5.367,30.0,1172,-1,24.08,False,-1,True,True,0.75,0.0,-0.002,False,False,0.178,0.003,114.243,1172,29.76,,,,,0,False,False,0.0,False,5.68,5.66,20.0,
57.95,23619,347.942,-865.809,-0.008,5.286,30.0,1172,-1,24.35,False,-1,True,True,0.718,0.0,0.018,False,False,0.132,-0.025,114.323,1172,33.73,,,,,0,False,False,0.0,False,9.38,5.68,20.0,
58.0,23620,347.832,-865.566,-0.008,5.359,30.0,1172,-1,24.61,False,-1,True,True,0.75,0.0,-0.002,False,False,0.108,-0.019,114.341,1172,33.73,,,,,0,False,False,0.0,False,9.12,5.64,20.0,
58.05,23621,347.722,-865.324,-0.008,5.307,30.0,1172,-1,24.88,False,-1,True,True,0.738,0.0,0.002,False,False,0.092,-0.011,114.392,1172,33.73,,,,,0,False,False,0.0,False,8.85,5.68,20.0,
58.1,23622,347.611,-865.08,-0.008,5.385,30.0,1172,-1,25.15,False,-1,True,True,0.75,0.0,-0.002,False,False,0.092,-0.002,114.379,1172,33.73,,,,,0,False,False,0.0,False,8.58,5.65,20.0,
58.15,23623,347.501,-864.837,-0.008,5.312,30.0,1172,-1,25.41,False,-1,True,True,0.637,0.0,0.003,False,False,0.081,-0.003,114.416,1172,33.73,,,,,0,False,False,0.0,False,8.32,5.69,20.0,
58.2,23624,347.39,-864.591,-0.008,5.533,30.0,1172,-1,25.68,False,-1,True,True,0.75,0.0,-0.002,False,False,0.098,0.0,114.42,1172,33.73,,,,,0,False,False,0.0,False,8.05,5.66,20.0,
58.25,23625,347.27,-864.327,-0.009,5.913,30.0,1172,-1,25.97,False,-1,True,True,0.099,0.0,0.0,False,False,0.234,-0.0,114.445,1172,33.73,,,,,0,False,False,0.0,False,7.76,5.77,20.0,
58.3,23626,347.143,-864.046,-0.01,6.258,30.0,1172,-1,26.28,False,-1,True,True,0.0,0.3,-0.002,False,False,0.369,0.001,114.449,1172,33.73,,,,,0,False,False,0.0,False,7.45,5.96,20.0,
58.35,23627,347.013,-863.76,-0.011,6.269,30.0,1172,-1,26.6,False,-1,True,True,0.0,0.3,-0.001,False,False,0.401,0.001,114.446,1172,33.73,,,,,0,False,False,0.0,False,7.14,6.13,20.0,
58.4,23628,346.883,-863.474,-0.01,6.296,30.0,1172,-1,26.91,False,-1,True,True,0.0,0.3,0.0,False,False,0.355,-0.002,114.444,1172,33.73,,,,,0,False,False,0.0,False,6.82,6.13,20.0,
58.45,23629,346.756,-863.193,-0.009,6.117,30.0,1172,-1,27.22,False,-1,True,True,0.0,0.3,0.0,False,False,0.25,-0.004,114.455,1172,33.73,,,,,0,False,False,0.0,False,6.51,6.15,20.0,
58.5,23630,346.631,-862.918,-0.008,6.014,30.0,1172,-1,27.52,False,-1,True,True,0.0,0.3,-0.001,False,False,0.134,-0.002,114.428,1172,33.73,,,,,0,False,False,0.0,False,6.21,6.06,20.0,
58.55,23631,346.51,-862.652,-0.007,5.77,30.0,1172,-1,27.81,False,-1,True,True,0.0,0.3,0.002,False,False,0.017,-0.006,114.454,1172,33.73,,,,,0,False,False,0.0,False,5.92,6.01,20.0,
58.6,23632,346.392,-862.394,-0.006,5.634,30.0,1172,-1,28.1,False,-1,True,True,0.0,0.3,-0.002,False,False,-0.076,-0.002,114.426,1172,33.73,,,,,0,False,False,0.0,False,5.63,5.88,20.0,
58.65,23633,346.279,-862.146,-0.006,5.367,30.0,1172,-1,28.37,False,-1,True,True,0.0,0.3,0.011,False,False,-0.157,-0.019,114.477,1172,37.7,,,,,0,False,False,0.0,False,9.33,5.82,20.0,
58.7,23634,346.169,-861.905,-0.005,5.256,30.0,1172,-1,28.63,False,-1,True,True,0.648,0.0,-0.002,False,False,-0.207,-0.014,114.471,1172,37.7,,,,,0,False,False,0.0,False,9.06,5.68,20.0,
58.75,23635,346.063,-861.672,-0.005,5.055,30.0,1172,-1,28.89,False,-1,True,True,0.75,0.0,0.002,False,False,-0.231,-0.008,114.516,1172,37.7,,,,,0,False,False,0.0,False,8.81,5.63,20.0,
58.8,23636,345.959,-861.443,-0.005,5.029,30.0,1172,-1,29.14,False,-1,True,True,0.75,0.0,-0.003,False,False,-0.221,0.0,114.524,1172,37.7,,,,,0,False,False,0.0,False,8.56,5.53,20.0,
58.85,23637,345.855,-861.214,-0.006,5.025,30.0,1172,-1,29.39,False,-1,True,True,0.75,0.0,-0.0,False,False,-0.169,0.002,114.521,1172,37.7,,,,,0,False,False,0.0,False,8.31,5.51,20.0,
58.9,23638,345.75,-860.985,-0.006,5.005,30.0,1172,-1,29.64,False,-1,True,True,0.75,0.0,0.001,False,False,-0.11,-0.0,114.536,1172,37.7,,,,,0,False,False,0.0,False,8.05,5.51,20.0,
58.95,23639,345.651,-860.769,-0.006,4.606,30.0,1172,-1,29.88,False,-1,True,True,0.75,0.0,-0.001,False,False,-0.153,0.001,114.455,1172,37.7,,,,,0,False,False,0.0,False,7.82,5.5,20.0,
59.0,23640,345.559,-860.568,-0.005,4.327,30.0,1172,-1,30.1,False,-1,True,True,0.75,0.0,0.008,False,False,-0.239,-0.007,114.449,1172,37.7,,,,,0,False,False,0.0,False,7.6,5.3,20.0,
59.05,23641,345.471,-860.376,-0.005,4.174,30.0,1172,-1,30.31,False,-1,True,True,0.75,0.0,0.003,False,False,-0.284,-0.008,114.463,1172,37.7,,,,,0,False,False,0.0,False,7.38,5.16,20.0,
59.1,23642,345.385,-860.188,-0.005,4.115,30.0,1172,-1,30.52,False,-1,True,True,0.75,0.0,0.001,False,False,-0.273,-0.003,114.472,1172,37.7,,,,,0,False,False,0.0,False,7.18,5.09,20.0,
59.15,23643,345.3,-860.001,-0.005,4.119,30.0,1172,-1,30.73,False,-1,True,True,0.75,0.0,0.001,False,False,-0.218,0.0,114.478,1172,37.7,,,,,0,False,False,0.0,False,6.97,5.06,20.0,
59.2,23644,345.214,-859.812,-0.006,4.163,30.0,1172,-1,30.94,False,-1,True,True,0.75,0.0,0.001,False,False,-0.14,0.001,114.484,1172,37.7,,,,,0,False,False,0.0,False,6.76,5.06,20.0,
59.25,23645,345.126,-859.62,-0.007,4.231,30.0,1172,-1,31.15,False,-1,True,True,0.75,0.0,0.001,False,False,-0.057,0.002,114.49,1172,37.7,,,,,0,False,False,0.0,False,6.55,5.08,20.0,
59.3,23646,345.037,-859.424,-0.007,4.314,30.0,1172,-1,31.36,False,-1,True,True,0.75,0.0,0.001,False,False,0.02,0.002,114.494,1172,37.7,,,,,0,False,False,0.0,False,6.34,5.12,20.0,
59.35,23647,344.946,-859.225,-0.008,4.407,30.0,1172,-1,31.58,False,-1,True,True,0.75,0.0,0.001,False,False,0.085,0.001,114.498,1172,37.7,,,,,0,False,False,0.0,False,6.12,5.16,20.0,
59.4,23648,344.853,-859.022,-0.008,4.504,30.0,1172,-1,31.8,False,-1,True,True,0.75,0.0,0.001,False,False,0.137,0.001,114.502,1172,37.7,,,,,0,False,False,0.0,False,5.9,5.2,20.0,
59.45,23649,344.759,-858.814,-0.009,4.606,30.0,1172,-1,32.03,False,-1,True,True,0.75,0.0,0.0,False,False,0.177,0.001,114.505,1172,37.7,,,,,0,False,False,0.0,False,5.67,5.25,20.0,
59.5,23650,344.662,-858.601,-0.009,4.709,30.0,1172,-1,32.27,False,-1,True,True,0.75,0.0,0.0,False,False,0.206,0.001,114.508,1172,37.7,,,,,0,False,False,0.0,False,5.43,5.3,20.0,
59.55,23651,344.563,-858.384,-0.009,4.812,30.0,1172,-1,32.5,False,-1,True,True,0.75,0.0,0.0,False,False,0.227,0.0,114.51,1172,37.7,,,,,0,False,False,0.0,False,5.19,5.35,20.0,
59.6,23652,344.461,-858.162,-0.009,4.916,30.0,1172,-1,32.75,False,-1,True,True,0.75,0.0,0.008,False,False,0.24,-0.012,114.535,1172,41.67,,,,,0,False,False,0.0,False,8.92,5.41,20.0,
59.65,23653,344.357,-857.936,-0.009,5.02,30.0,1172,-1,33.0,False,-1,True,True,0.75,0.0,0.0,False,False,0.249,-0.01,114.553,1172,41.67,,,,,0,False,False,0.0,False,8.67,5.46,20.0,
59.7,23654,344.252,-857.705,-0.009,5.125,30.0,1172,-1,33.25,False,-1,True,True,0.75,0.0,0.0,False,False,0.256,-0.004,114.559,1172,41.67,,,,,0,False,False,0.0,False,8.41,5.51,20.0,
59.75,23655,344.144,-857.469,-0.009,5.184,30.0,1172,-1,33.51,False,-1,True,True,0.75,0.0,0.001,False,False,0.256,-0.002,114.564,1172,41.67,,,,,0,False,False,0.0,False,8.16,5.56,20.0,
59.8,23656,344.034,-857.229,-0.009,5.35,30.0,1172,-1,33.78,False,-1,True,True,0.75,0.0,0.001,False,False,0.259,-0.001,114.56,1172,41.67,,,,,0,False,False,0.0,False,7.89,5.59,20.0,
59.85,23657,343.924,-856.988,-0.009,5.261,30.0,1172,-1,34.04,False,-1,True,True,0.75,0.0,0.001,False,False,0.226,-0.002,114.59,1172,41.67,,,,,0,False,False,0.0,False,7.63,5.67,20.0,
59.9,23658,343.814,-856.748,-0.009,5.321,30.0,1172,-1,34.3,False,-1,True,True,0.75,0.0,-0.002,False,False,0.185,0.003,114.568,1172,41.67,,,,,0,False,False,0.0,False,7.36,5.63,20.0,
59.95,23659,343.704,-856.508,-0.008,5.256,30.0,1172,-1,34.57,False,-1,True,True,0.75,0.0,0.002,False,False,0.145,-0.001,114.606,1172,41.67,,,,,0,False,False,0.0,False,7.1,5.66,20.0,
60.0,23660,343.594,-856.266,-0.008,5.348,30.0,1172,-1,34.83,False,-1,True,True,0.75,0.0,-0.003,False,False,0.128,0.003,114.585,1172,41.67,,,,,0,False,False,0.0,False,6.83,5.63,20.0,
60.05,23661,343.483,-856.025,-0.008,5.279,30.0,1172,-1,35.1,False,-1,True,True,0.75,0.0,0.002,False,False,0.109,-0.0,114.62,1172,41.67,,,,,0,False,False,0.0,False,6.57,5.67,20.0,
60.1,23662,343.373,-855.783,-0.008,5.346,30.0,1172,-1,35.36,False,-1,True,True,0.75,0.0,-0.003,False,False,0.099,0.003,114.592,1172,41.67,,,,,0,False,False,0.0,False,6.3,5.64,20.0,
60.15,23663,343.261,-855.538,-0.008,5.529,30.0,1172,-1,35.63,False,-1,True,True,0.75,0.0,0.002,False,False,0.125,-0.002,114.629,1172,41.67,,,,,0,False,False,0.0,False,6.03,5.67,20.0,
60.2,23664,343.138,-855.271,-0.01,6.044,30.0,1172,-1,35.93,False,-1,True,True,0.75,0.0,0.002,False,False,0.279,-0.009,114.662,1172,41.67,,,,,0,False,False,0.0,False,5.74,5.76,20.0,
60.25,23665,343.008,-854.987,-0.011,6.301,30.0,1172,-1,36.24,False,-1,True,True,0.0,0.3,0.0,False,False,0.413,-0.01,114.68,1172,45.64,,,,,0,False,False,0.0,False,9.39,6.02,20.0,
60.3,23666,342.874,-854.694,-0.011,6.528,30.0,1172,-1,36.56,False,-1,True,True,0.0,0.3,-0.003,False,False,0.472,-0.003,114.68,1172,45.64,,,,,0,False,False,0.0,False,9.07,6.15,20.0,
60.35,23667,342.738,-854.398,-0.011,6.48,30.0,1172,-1,36.89,False,-1,True,True,0.0,0.3,-0.001,False,False,0.434,-0.0,114.672,1172,45.64,,,,,0,False,False,0.0,False,8.75,6.26,20.0,
60.4,23668,342.604,-854.105,-0.01,6.46,30.0,1172,-1,37.21,False,-1,True,True,0.0,0.3,-0.0,False,False,0.341,-0.001,114.662,1172,45.64,,,,,0,False,False,0.0,False,8.42,6.24,20.0,
60.45,23669,342.472,-853.818,-0.009,6.258,30.0,1172,-1,37.53,False,-1,True,True,0.0,0.3,0.0,False,False,0.213,-0.003,114.673,1172,45.64,,,,,0,False,False,0.0,False,8.11,6.23,20.0,
60.5,23670,342.343,-853.537,-0.008,6.14,30.0,1172,-1,37.84,False,-1,True,True,0.0,0.3,-0.002,False,False,0.089,-0.0,114.644,1172,45.64,,,,,0,False,False,0.0,False,7.8,6.13,20.0,
60.55,23671,342.219,-853.266,-0.007,5.888,30.0,1172,-1,38.13,False,-1,True,True,0.0,0.3,0.002,False,False,-0.026,-0.004,114.667,1172,45.64,,,,,0,False,False,0.0,False,7.5,6.07,20.0,
60.6,23672,342.098,-853.003,-0.006,5.743,30.0,1172,-1,38.42,False,-1,True,True,0.0,0.3,-0.002,False,False,-0.114,-0.001,114.639,1172,45.64,,,,,0,False,False,0.0,False,7.21,5.94,20.0,
60.65,23673,341.982,-852.75,-0.005,5.469,30.0,1172,-1,38.7,False,-1,True,True,0.0,0.3,0.002,False,False,-0.189,-0.003,114.664,1172,45.64,,,,,0,False,False,0.0,False,6.93,5.87,20.0,
60.7,23674,341.869,-852.506,-0.005,5.353,30.0,1172,-1,38.97,False,-1,True,True,0.258,0.0,-0.002,False,False,-0.233,0.001,114.635,1172,45.64,,,,,0,False,False,0.0,False,6.66,5.73,20.0,
60.75,23675,341.76,-852.267,-0.005,5.202,30.0,1172,-1,39.23,False,-1,True,True,0.682,0.0,0.002,False,False,-0.244,-0.001,114.661,1172,45.64,,,,,0,False,False,0.0,False,6.4,5.68,20.0,
60.8,23676,341.651,-852.029,-0.005,5.267,30.0,1172,-1,39.49,False,-1,True,True,0.75,0.0,-0.002,False,False,-0.193,0.002,114.626,1172,45.64,,,,,0,False,False,0.0,False,6.14,5.6,20.0,
60.85,23677,341.542,-851.792,-0.006,5.081,30.0,1172,-1,39.76,False,-1,True,True,0.75,0.0,0.003,False,False,-0.147,-0.001,114.624,1172,45.64,,,,,0,False,False,0.0,False,5.88,5.63,20.0,
60.9,23678,341.442,-851.572,-0.005,4.672,30.0,1172,-1,40.0,False,-1,True,True,0.75,0.0,0.001,False,False,-0.222,-0.002,114.724,1172,45.64,,,,,0,False,False,0.0,False,5.64,5.54,20.0,
60.95,23679,341.349,-851.37,-0.005,4.358,30.0,1172,-1,40.22,False,-1,True,True,0.75,0.0,-0.009,False,False,-0.317,0.008,114.732,1172,45.64,,,,,0,False,False,0.0,False,5.41,5.34,20.0,
61.0,23680,341.261,-851.177,-0.004,4.178,30.0,1172,-1,40.43,False,-1,True,True,0.75,0.0,-0.003,False,False,-0.364,0.008,114.716,1172,45.64,,,,,0,False,False,0.0,False,5.2,5.18,20.0,
61.05,23681,341.175,-850.99,-0.004,4.099,30.0,1172,-1,40.64,False,-1,True,True,0.75,0.0,-0.001,False,False,-0.347,0.002,114.707,1172,45.64,,,,,0,False,False,0.0,False,5.0,5.09,20.0,
61.1,23682,341.09,-850.803,-0.005,4.091,30.0,1172,-1,40.84,False,-1,True,True,0.75,0.0,0.001,False,False,-0.283,-0.005,114.708,1172,49.61,,,,,0,False,False,0.0,False,8.76,5.05,20.0,
61.15,23683,341.004,-850.616,-0.006,4.128,30.0,1172,-1,41.05,False,-1,True,True,0.75,0.0,-0.001,False,False,-0.194,-0.006,114.706,1172,49.61,,,,,0,False,False,0.0,False,8.55,5.05,20.0,
61.2,23684,340.916,-850.426,-0.006,4.191,30.0,1172,-1,41.26,False,-1,True,True,0.75,0.0,-0.001,False,False,-0.1,-0.004,114.702,1172,49.61,,,,,0,False,False,0.0,False,8.35,5.06,20.0,
61.25,23685,340.827,-850.233,-0.007,4.272,30.0,1172,-1,41.47,False,-1,True,True,0.75,0.0,-0.001,False,False,-0.012,-0.003,114.698,1172,49.61,,,,,0,False,False,0.0,False,8.13,5.1,20.0,
61.3,23686,340.737,-850.036,-0.008,4.363,30.0,1172,-1,41.69,False,-1,True,True,0.75,0.0,-0.0,False,False,0.062,-0.002,114.695,1172,49.61,,,,,0,False,False,0.0,False,7.92,5.14,20.0,
61.35,23687,340.644,-849.834,-0.008,4.46,30.0,1172,-1,41.91,False,-1,True,True,0.75,0.0,-0.0,False,False,0.121,-0.002,114.692,1172,49.61,,,,,0,False,False,0.0,False,7.69,5.18,20.0,
61.4,23688,340.55,-849.629,-0.009,4.561,30.0,1172,-1,42.14,False,-1,True,True,0.75,0.0,-0.0,False,False,0.166,-0.001,114.69,1172,49.61,,,,,0,False,False,0.0,False,7.47,5.23,20.0,
61.45,23689,340.453,-849.418,-0.009,4.664,30.0,1172,-1,42.37,False,-1,True,True,0.75,0.0,-0.0,False,False,0.199,-0.001,114.688,1172,49.61,,,,,0,False,False,0.0,False,7.24,5.28,20.0,
61.5,23690,340.354,-849.203,-0.009,4.768,30.0,1172,-1,42.6,False,-1,True,True,0.75,0.0,-0.0,False,False,0.222,-0.001,114.686,1172,49.61,,,,,0,False,False,0.0,False,7.0,5.33,20.0,
61.55,23691,340.254,-848.984,-0.009,4.872,30.0,1172,-1,42.85,False,-1,True,True,0.75,0.0,-0.0,False,False,0.238,-0.0,114.685,1172,49.61,,,,,0,False,False,0.0,False,6.76,5.38,20.0,
61.6,23692,340.151,-848.76,-0.009,4.976,30.0,1172,-1,43.09,False,-1,True,True,0.75,0.0,-0.0,False,False,0.248,-0.0,114.684,1172,49.61,,,,,0,False,False,0.0,False,6.51,5.44,20.0,
61.65,23693,340.045,-848.531,-0.009,5.08,30.0,1172,-1,43.34,False,-1,True,True,0.75,0.0,-0.0,False,False,0.255,-0.0,114.682,1172,49.61,,,,,0,False,False,0.0,False,6.26,5.49,20.0,
61.7,23694,339.938,-848.297,-0.009,5.168,30.0,1172,-1,43.6,False,-1,True,True,0.75,0.0,-0.0,False,False,0.257,-0.0,114.682,1172,49.61,,,,,0,False,False,0.0,False,6.0,5.54,20.0,
61.75,23695,339.829,-848.059,-0.009,5.319,30.0,1172,-1,43.86,False,-1,True,True,0.75,0.0,-0.0,False,False,0.261,-0.0,114.681,1172,49.61,,,,,0,False,False,0.0,False,5.74,5.58,20.0,
61.8,23696,339.717,-847.816,-0.009,5.345,30.0,1172,-1,44.13,False,-1,True,True,0.75,0.0,-0.0,False,False,0.256,-0.0,114.677,1172,49.61,,,,,0,False,False,0.0,False,5.47,5.66,20.0,
61.85,23697,339.604,-847.571,-0.009,5.433,30.0,1172,-1,44.4,False,-1,True,True,0.75,0.0,0.002,False,False,0.243,-0.003,114.697,1172,53.58,,,,,0,False,False,0.0,False,9.17,5.67,20.0,
61.9,23698,339.492,-847.327,-0.009,5.344,30.0,1172,-1,44.67,False,-1,True,True,0.49,0.0,-0.002,False,False,0.196,-0.0,114.665,1172,53.58,,,,,0,False,False,0.0,False,8.9,5.72,20.0,
61.95,23699,339.38,-847.083,-0.008,5.391,30.0,1172,-1,44.94,False,-1,True,True,0.75,0.0,0.003,False,False,0.154,-0.004,114.69,1172,53.58,,,,,0,False,False,0.0,False,8.63,5.67,20.0,
62.0,23700,339.268,-846.841,-0.008,5.31,30.0,1172,-1,45.2,False,-1,True,True,0.627,0.0,-0.002,False,False,0.114,-0.0,114.657,1172,53.58,,,,,0,False,False,0.0,False,8.37,5.7,20.0,
62.05,23701,339.157,-846.598,-0.008,5.377,30.0,1172,-1,45.47,False,-1,True,True,0.75,0.0,0.003,False,False,0.094,-0.004,114.682,1172,53.58,,,,,0,False,False,0.0,False,8.1,5.66,20.0,
62.1,23702,339.045,-846.356,-0.008,5.317,30.0,1172,-1,45.74,False,-1,True,True,0.669,0.0,-0.002,False,False,0.08,0.0,114.65,1172,53.58,,,,,0,False,False,0.0,False,7.83,5.69,20.0,
62.15,23703,338.933,-846.112,-0.008,5.406,30.0,1172,-1,46.01,False,-1,True,True,0.75,0.0,0.003,False,False,0.082,-0.003,114.676,1172,53.58,,,,,0,False,False,0.0,False,7.57,5.66,20.0,
62.2,23704,338.821,-845.868,-0.008,5.331,30.0,1172,-1,46.27,False,-1,True,True,0.558,0.0,-0.002,False,False,0.076,0.001,114.65,1172,53.58,,,,,0,False,False,0.0,False,7.3,5.7,20.0,
62.25,23705,338.709,-845.624,-0.008,5.397,30.0,1172,-1,46.54,False,-1,True,True,0.75,0.0,0.003,False,False,0.076,-0.001,114.682,1172,53.58,,,,,0,False,False,0.0,False,7.03,5.67,20.0,
62.3,23706,338.594,-845.373,-0.008,5.668,30.0,1172,-1,46.82,False,-1,True,True,0.587,0.0,-0.002,False,False,0.135,0.003,114.693,1172,53.58,,,,,0,False,False,0.0,False,6.75,5.7,20.0,
62.35,23707,338.469,-845.102,-0.01,6.102,30.0,1172,-1,47.12,False,-1,True,True,0.0,0.3,-0.001,False,False,0.287,0.005,114.704,1172,53.58,,,,,0,False,False,0.0,False,6.45,5.83,20.0,
62.4,23708,338.34,-844.821,-0.01,6.2,30.0,1172,-1,47.43,False,-1,True,True,0.0,0.3,-0.001,False,False,0.371,0.005,114.704,1172,53.58,,,,,0,False,False,0.0,False,6.14,6.05,20.0,
62.45,23709,338.209,-844.536,-0.01,6.291,30.0,1172,-1,47.74,False,-1,True,True,0.0,0.3,-0.0,False,False,0.371,0.003,114.701,1172,53.58,,,,,0,False,False,0.0,False,5.83,6.1,20.0,
62.5,23710,338.08,-844.255,-0.01,6.148,30.0,1172,-1,48.05,False,-1,True,True,0.0,0.3,0.001,False,False,0.295,-0.001,114.705,1172,57.54,,,,,0,False,False,0.0,False,9.49,6.15,20.0,
62.55,23711,337.953,-843.978,-0.009,6.071,30.0,1172,-1,48.35,False,-1,True,True,0.0,0.3,-0.0,False,False,0.191,-0.002,114.689,1172,57.54,,,,,0,False,False,0.0,False,9.19,6.07,20.0,
62.6,23712,337.829,-843.71,-0.008,5.838,30.0,1172,-1,48.65,False,-1,True,True,0.0,0.3,0.001,False,False,0.073,-0.005,114.715,1172,57.54,,,,,0,False,False,0.0,False,8.89,6.04,20.0,
62.65,23713,337.709,-843.449,-0.007,5.709,30.0,1172,-1,48.94,False,-1,True,True,0.0,0.3,-0.002,False,False,-0.028,-0.001,114.687,1172,57.54,,,,,0,False,False,0.0,False,8.6,5.92,20.0,
62.7,23714,337.593,-843.197,-0.006,5.447,30.0,1172,-1,49.21,False,-1,True,True,0.0,0.3,0.002,False,False,-0.119,-0.004,114.713,1172,57.54,,,,,0,False,False,0.0,False,8.33,5.85,20.0,
62.75,23715,337.481,-842.953,-0.006,5.339,30.0,1172,-1,49.48,False,-1,True,True,0.363,0.0,-0.002,False,False,-0.177,-0.0,114.685,1172,57.54,,,,,0,False,False,0.0,False,8.06,5.72,20.0,
62.8,23716,337.372,-842.717,-0.005,5.14,30.0,1172,-1,49.74,False,-1,True,True,0.75,0.0,0.002,False,False,-0.208,-0.002,114.719,1172,57.54,,,,,0,False,False,0.0,False,7.8,5.67,20.0,
62.85,23717,337.265,-842.484,-0.005,5.106,30.0,1172,-1,50.0,False,-1,True,True,0.75,0.0,-0.003,False,False,-0.205,0.003,114.696,1172,57.54,,,,,0,False,False,0.0,False,7.54,5.57,20.0,
62.9,23718,337.16,-842.255,-0.005,5.005,30.0,1172,-1,50.25,False,-1,True,True,0.75,0.0,0.002,False,False,-0.181,0.001,114.736,1172,57.54,,,,,0,False,False,0.0,False,7.29,5.55,20.0,
62.95,23719,337.055,-842.026,-0.006,5.072,30.0,1172,-1,50.5,False,-1,True,True,0.75,0.0,-0.004,False,False,-0.126,0.005,114.707,1172,57.54,,,,,0,False,False,0.0,False,7.04,5.5,20.0,
63.0,23720,336.951,-841.799,-0.006,4.867,30.0,1172,-1,50.75,False,-1,True,True,0.75,0.0,0.002,False,False,-0.1,0.0,114.734,1172,57.54,,,,,0,False,False,0.0,False,6.79,5.54,20.0,
63.05,23721,336.854,-841.588,-0.006,4.536,30.0,1172,-1,50.99,False,-1,True,True,0.75,0.0,-0.003,False,False,-0.172,0.001,114.729,1172,57.54,,,,,0,False,False,0.0,False,6.56,5.43,20.0,
63.1,23722,336.762,-841.388,-0.005,4.34,30.0,1172,-1,51.21,False,-1,True,True,0.75,0.0,-0.0,False,False,-0.237,0.0,114.723,1172,57.54,,,,,0,False,False,0.0,False,6.34,5.27,20.0,
63.15,23723,336.673,-841.194,-0.005,4.249,30.0,1172,-1,51.42,False,-1,True,True,0.75,0.0,-0.0,False,False,-0.252,-0.001,114.72,1172,57.54,,,,,0,False,False,0.0,False,6.12,5.17,20.0,
63.2,23724,336.584,-841.001,-0.005,4.231,30.0,1172,-1,51.63,False,-1,True,True,0.75,0.0,-0.0,False,False,-0.219,-0.002,114.718,1172,57.54,,,,,0,False,False,0.0,False,5.91,5.12,20.0,
63.25,23725,336.495,-840.808,-0.006,4.26,30.0,1172,-1,51.84,False,-1,True,True,0.75,0.0,-0.0,False,False,-0.155,-0.001,114.716,1172,57.54,,,,,0,False,False,0.0,False,5.7,5.12,20.0,
63.3,23726,336.405,-840.612,-0.007,4.318,30.0,1172,-1,52.06,False,-1,True,True,0.75,0.0,-0.0,False,False,-0.079,-0.001,114.713,1172,57.54,,,,,0,False,False,0.0,False,5.48,5.13,20.0,
63.35,23727,336.314,-840.413,-0.007,4.395,30.0,1172,-1,52.28,False,-1,True,True,0.75,0.0,-0.0,False,False,-0.003,-0.001,114.712,1172,57.54,,,,,0,False,False,0.0,False,5.26,5.16,20.0,
63.4,23728,336.22,-840.211,-0.008,4.482,30.0,1172,-1,52.5,False,-1,True,True,0.75,0.0,-0.0,False,False,0.064,-0.001,114.71,1172,57.54,,,,,0,False,False,0.0,False,5.04,5.2,20.0,
63.45,23729,336.125,-840.004,-0.008,4.577,30.0,1172,-1,52.73,False,-1,True,True,0.75,0.0,0.0,False,False,0.119,-0.001,114.71,1172,61.51,,,,,0,False,False,0.0,False,8.78,5.24,20.0,
63.5,23730,336.028,-839.793,-0.009,4.676,30.0,1172,-1,52.96,False,-1,True,True,0.75,0.0,-0.0,False,False,0.162,-0.001,114.709,1172,61.51,,,,,0,False,False,0.0,False,8.55,5.29,20.0,
63.55,23731,335.929,-839.578,-0.009,4.777,30.0,1172,-1,53.2,False,-1,True,True,0.75,0.0,-0.0,False,False,0.194,-0.0,114.708,1172,61.51,,,,,0,False,False,0.0,False,8.31,5.34,20.0,
63.6,23732,335.828,-839.358,-0.009,4.88,30.0,1172,-1,53.44,False,-1,True,True,0.75,0.0,-0.0,False,False,0.218,-0.0,114.707,1172,61.51,,,,,0,False,False,0.0,False,8.07,5.39,20.0,
63.65,23733,335.725,-839.133,-0.009,4.983,30.0,1172,-1,53.69,False,-1,True,True,0.75,0.0,-0.0,False,False,0.234,-0.0,114.707,1172,61.51,,,,,0,False,False,0.0,False,7.82,5.44,20.0,
63.7,23734,335.619,-838.904,-0.009,5.086,30.0,1172,-1,53.94,False,-1,True,True,0.75,0.0,-0.0,False,False,0.245,-0.0,114.706,1172,61.51,,,,,0,False,False,0.0,False,7.57,5.49,20.0,
63.75,23735,335.511,-838.67,-0.009,5.22,30.0,1172,-1,54.2,False,-1,True,True,0.75,0.0,-0.0,False,False,0.254,-0.0,114.706,1172,61.51,,,,,0,False,False,0.0,False,7.31,5.54,20.0,
63.8,23736,335.402,-838.432,-0.009,5.249,30.0,1172,-1,54.46,False,-1,True,True,0.75,0.0,0.0,False,False,0.252,-0.0,114.705,1172,61.51,,,,,0,False,False,0.0,False,7.05,5.61,20.0,
63.85,23737,335.29,-838.189,-0.009,5.424,30.0,1172,-1,54.73,False,-1,True,True,0.75,0.0,-0.0,False,False,0.258,-0.0,114.709,1172,61.51,,,,,0,False,False,0.0,False,6.78,5.62,20.0,
63.9,23738,335.177,-837.944,-0.009,5.36,30.0,1172,-1,55.0,False,-1,True,True,0.528,0.0,-0.0,False,False,0.236,0.001,114.689,1172,61.51,,,,,0,False,False,0.0,False,6.51,5.71,20.0,
63.95,23739,335.065,-837.7,-0.009,5.396,30.0,1172,-1,55.26,False,-1,True,True,0.75,0.0,0.002,False,False,0.193,-0.003,114.714,1172,61.51,,,,,0,False,False,0.0,False,6.24,5.68,20.0,
64.0,23740,334.953,-837.458,-0.008,5.305,30.0,1172,-1,55.53,False,-1,True,True,0.615,0.0,-0.002,False,False,0.142,0.001,114.679,1172,61.51,,,,,0,False,False,0.0,False,5.98,5.7,20.0,
64.05,23741,334.842,-837.215,-0.008,5.362,30.0,1172,-1,55.8,False,-1,True,True,0.75,0.0,0.003,False,False,0.11,-0.003,114.702,1172,61.51,,,,,0,False,False,0.0,False,5.71,5.65,20.0,
64.1,23742,334.731,-836.974,-0.008,5.295,30.0,1172,-1,56.06,False,-1,True,True,0.727,0.0,-0.002,False,False,0.086,0.0,114.669,1172,61.51,,,,,0,False,False,0.0,False,5.45,5.68,20.0,
64.15,23743,334.619,-836.731,-0.008,5.383,30.0,1172,-1,56.33,False,-1,True,True,0.75,0.0,0.004,False,False,0.083,-0.003,114.694,1172,65.48,,,,,0,False,False,0.0,False,9.15,5.65,20.0,
64.2,23744,334.507,-836.488,-0.008,5.318,30.0,1172,-1,56.6,False,-1,True,True,0.645,0.0,-0.001,False,False,0.078,0.0,114.666,1172,65.48,,,,,0,False,False,0.0,False,8.88,5.69,20.0,
64.25,23745,334.395,-836.245,-0.008,5.385,30.0,1172,-1,56.87,False,-1,True,True,0.75,0.0,0.003,False,False,0.078,-0.002,114.698,1172,65.48,,,,,0,False,False,0.0,False,8.61,5.66,20.0,
64.3,23746,334.283,-836.0,-0.008,5.464,30.0,1172,-1,57.14,False,-1,True,True,0.631,0.0,-0.002,False,False,0.089,0.002,114.697,1172,65.48,,,,,0,False,False,0.0,False,8.34,5.69,20.0,
64.35,23747,334.162,-835.736,-0.009,5.973,30.0,1172,-1,57.43,False,-1,True,True,0.347,0.0,0.0,False,False,0.231,0.003,114.72,1172,65.48,,,,,0,False,False,0.0,False,8.05,5.73,20.0,
64.4,23748,334.034,-835.458,-0.01,6.166,30.0,1172,-1,57.73,False,-1,True,True,0.0,0.3,-0.002,False,False,0.354,0.005,114.723,1172,65.48,,,,,0,False,False,0.0,False,7.75,5.99,20.0,
64.45,23749,333.903,-835.173,-0.011,6.309,30.0,1172,-1,58.05,False,-1,True,True,0.0,0.3,-0.001,False,False,0.393,0.005,114.719,1172,65.48,,,,,0,False,False,0.0,False,7.43,6.08,20.0,
64.5,23750,333.772,-834.89,-0.01,6.198,30.0,1172,-1,58.36,False,-1,True,True,0.0,0.3,-0.0,False,False,0.339,0.002,114.717,1172,65.48,,,,,0,False,False,0.0,False,7.12,6.15,20.0,
64.55,23751,333.644,-834.61,-0.009,6.146,30.0,1172,-1,58.67,False,-1,True,True,0.0,0.3,-0.0,False,False,0.244,-0.0,114.703,1172,65.48,,,,,0,False,False,0.0,False,6.81,6.1,20.0,
64.6,23752,333.519,-834.338,-0.008,5.921,30.0,1172,-1,58.97,False,-1,True,True,0.0,0.3,0.001,False,False,0.123,-0.004,114.726,1172,65.48,,,,,0,False,False,0.0,False,6.51,6.07,20.0,
64.65,23753,333.397,-834.074,-0.007,5.797,30.0,1172,-1,59.26,False,-1,True,True,0.0,0.3,-0.002,False,False,0.015,-0.0,114.697,1172,65.48,,,,,0,False,False,0.0,False,6.22,5.96,20.0,
64.7,23754,333.279,-833.818,-0.006,5.538,30.0,1172,-1,59.54,False,-1,True,True,0.0,0.3,0.002,False,False,-0.084,-0.004,114.722,1172,65.48,,,,,0,False,False,0.0,False,5.94,5.9,20.0,
64.75,23755,333.165,-833.57,-0.006,5.429,30.0,1172,-1,59.81,False,-1,True,True,0.031,0.0,-0.002,False,False,-0.151,-0.0,114.695,1172,65.48,,,,,0,False,False,0.0,False,5.67,5.77,20.0,
64.8,23756,333.055,-833.33,-0.005,5.215,30.0,1172,-1,60.08,False,-1,True,True,0.424,0.0,0.002,False,False,-0.193,-0.002,114.728,1172,69.45,,,,,0,False,False,0.0,False,9.37,5.71,20.0,
64.85,23757,332.946,-833.095,-0.005,5.151,30.0,1172,-1,60.33,False,-1,True,True,0.75,0.0,-0.003,False,False,-0.206,0.003,114.705,1172,69.45,,,,,0,False,False,0.0,False,9.11,5.61,20.0,
64.9,23758,332.841,-832.865,-0.005,4.995,30.0,1172,-1,60.59,False,-1,True,True,0.75,0.0,0.002,False,False,-0.204,0.001,114.743,1172,69.45,,,,,0,False,False,0.0,False,8.86,5.58,20.0,
64.95,23759,332.735,-832.635,-0.006,5.107,30.0,1172,-1,60.84,False,-1,True,True,0.75,0.0,-0.004,False,False,-0.148,0.005,114.738,1172,69.45,,,,,0,False,False,0.0,False,8.61,5.5,20.0,
65.0,23760,332.63,-832.406,-0.006,5.028,30.0,1172,-1,61.09,False,-1,True,True,0.75,0.0,-0.001,False,False,-0.101,0.003,114.746,1172,69.45,,,,,0,False,False,0.0,False,8.35,5.55,20.0,
65.05,23761,332.53,-832.19,-0.006,4.618,30.0,1172,-1,61.33,False,-1,True,True,0.75,0.0,-0.002,False,False,-0.152,0.002,114.707,1172,69.45,,,,,0,False,False,0.0,False,8.12,5.51,20.0,
65.1,23762,332.438,-831.988,-0.005,4.351,30.0,1172,-1,61.55,False,-1,True,True,0.75,0.0,0.003,False,False,-0.237,-0.003,114.701,1172,69.45,,,,,0,False,False,0.0,False,7.89,5.31,20.0,
65.15,23763,332.349,-831.795,-0.005,4.206,30.0,1172,-1,61.76,False,-1,True,True,0.75,0.0,0.001,False,False,-0.279,-0.005,114.704,1172,69.45,,,,,0,False,False,0.0,False,7.68,5.18,20.0,
65.2,23764,332.262,-831.606,-0.005,4.153,30.0,1172,-1,61.97,False,-1,True,True,0.75,0.0,-0.0,False,False,-0.265,-0.003,114.704,1172,69.45,,,,,0,False,False,0.0,False,7.47,5.1,20.0,
65.25,23765,332.175,-831.417,-0.005,4.16,30.0,1172,-1,62.18,False,-1,True,True,0.75,0.0,-0.0,False,False,-0.209,-0.001,114.704,1172,69.45,,,,,0,False,False,0.0,False,7.27,5.08,20.0,
65.3,23766,332.087,-831.226,-0.006,4.206,30.0,1172,-1,62.39,False,-1,True,True,0.75,0.0,0.0,False,False,-0.132,-0.001,114.705,1172,69.45,,,,,0,False,False,0.0,False,7.06,5.08,20.0,
65.35,23767,331.998,-831.032,-0.007,4.275,30.0,1172,-1,62.6,False,-1,True,True,0.75,0.0,0.0,False,False,-0.05,-0.0,114.705,1172,69.45,,,,,0,False,False,0.0,False,6.84,5.1,20.0,
65.4,23768,331.907,-830.835,-0.007,4.358,30.0,1172,-1,62.82,False,-1,True,True,0.75,0.0,0.0,False,False,0.025,-0.0,114.705,1172,69.45,,,,,0,False,False,0.0,False,6.63,5.14,20.0,
65.45,23769,331.815,-830.634,-0.008,4.451,30.0,1172,-1,63.04,False,-1,True,True,0.75,0.0,0.0,False,False,0.089,-0.0,114.705,1172,69.45,,,,,0,False,False,0.0,False,6.4,5.18,20.0,
65.5,23770,331.72,-830.429,-0.008,4.548,30.0,1172,-1,63.27,False,-1,True,True,0.75,0.0,0.0,False,False,0.14,0.0,114.706,1172,69.45,,,,,0,False,False,0.0,False,6.18,5.23,20.0,
65.55,23771,331.624,-830.219,-0.009,4.649,30.0,1172,-1,63.5,False,-1,True,True,0.75,0.0,0.0,False,False,0.179,-0.0,114.706,1172,69.45,,,,,0,False,False,0.0,False,5.95,5.27,20.0,
65.6,23772,331.525,-830.005,-0.009,4.752,30.0,1172,-1,63.73,False,-1,True,True,0.75,0.0,-0.0,False,False,0.207,-0.0,114.706,1172,69.45,,,,,0,False,False,0.0,False,5.71,5.32,20.0,
65.65,23773,331.425,-829.786,-0.009,4.856,30.0,1172,-1,63.98,False,-1,True,True,0.75,0.0,0.0,False,False,0.227,-0.0,114.706,1172,69.45,,,,,0,False,False,0.0,False,5.47,5.38,20.0,
65.7,23774,331.322,-829.563,-0.009,4.959,30.0,1172,-1,64.22,False,-1,True,True,0.75,0.0,-0.0,False,False,0.241,0.0,114.707,1172,69.45,,,,,0,False,False,0.0,False,5.23,5.43,20.0,
65.75,23775,331.217,-829.335,-0.009,5.063,30.0,1172,-1,64.47,False,-1,True,True,0.75,0.0,0.0,False,False,0.25,0.0,114.707,1172,73.42,,,,,0,False,False,0.0,False,8.94,5.48,20.0,
65.8,23776,331.11,-829.102,-0.009,5.148,30.0,1172,-1,64.73,False,-1,True,True,0.75,0.0,0.0,False,False,0.254,-0.0,114.707,1172,73.42,,,,,0,False,False,0.0,False,8.69,5.53,20.0,
65.85,23777,331.0,-828.864,-0.009,5.302,30.0,1172,-1,64.99,False,-1,True,True,0.75,0.0,0.0,False,False,0.259,-0.0,114.707,1172,73.42,,,,,0,False,False,0.0,False,8.42,5.57,20.0,
65.9,23778,330.889,-828.623,-0.009,5.326,30.0,1172,-1,65.26,False,-1,True,True,0.75,0.0,-0.0,False,False,0.255,0.0,114.702,1172,73.42,,,,,0,False,False,0.0,False,8.16,5.65,20.0,
65.95,23779,330.777,-828.378,-0.009,5.404,30.0,1172,-1,65.53,False,-1,True,True,0.75,0.0,0.001,False,False,0.239,-0.001,114.721,1172,73.42,,,,,0,False,False,0.0,False,7.89,5.66,20.0,
66.0,23780,330.665,-828.136,-0.009,5.317,30.0,1172,-1,65.79,False,-1,True,True,0.597,0.0,-0.002,False,False,0.192,0.002,114.687,1172,73.42,,,,,0,False,False,0.0,False,7.62,5.7,20.0,
66.05,23781,330.553,-827.893,-0.008,5.375,30.0,1172,-1,66.06,False,-1,True,True,0.75,0.0,0.003,False,False,0.153,-0.003,114.711,1172,73.42,,,,,0,False,False,0.0,False,7.36,5.66,20.0,
66.1,23782,330.442,-827.651,-0.008,5.308,30.0,1172,-1,66.33,False,-1,True,True,0.686,0.0,-0.002,False,False,0.119,0.0,114.677,1172,73.42,,,,,0,False,False,0.0,False,7.09,5.69,20.0,
66.15,23783,330.33,-827.408,-0.008,5.392,30.0,1172,-1,66.59,False,-1,True,True,0.75,0.0,0.003,False,False,0.106,-0.003,114.701,1172,73.42,,,,,0,False,False,0.0,False,6.82,5.65,20.0,
66.2,23784,330.218,-827.164,-0.008,5.346,30.0,1172,-1,66.86,False,-1,True,True,0.615,0.0,-0.002,False,False,0.097,0.0,114.67,1172,73.42,,,,,0,False,False,0.0,False,6.55,5.7,20.0,
66.25,23785,330.105,-826.919,-0.008,5.427,30.0,1172,-1,67.13,False,-1,True,True,0.75,0.0,0.003,False,False,0.099,-0.003,114.697,1172,73.42,,,,,0,False,False,0.0,False,6.28,5.67,20.0,
66.3,23786,329.992,-826.675,-0.008,5.354,30.0,1172,-1,67.4,False,-1,True,True,0.484,0.0,-0.002,False,False,0.088,0.001,114.671,1172,73.42,,,,,0,False,False,0.0,False,6.01,5.71,20.0,
66.35,23787,329.879,-826.429,-0.008,5.465,30.0,1172,-1,67.67,False,-1,True,True,0.744,0.0,0.003,False,False,0.089,-0.001,114.697,1172,73.42,,,,,0,False,False,0.0,False,5.74,5.68,20.0,
66.4,23788,329.76,-826.169,-0.009,5.865,30.0,1172,-1,67.96,False,-1,True,True,0.341,0.0,-0.002,False,False,0.203,0.002,114.722,1172,73.42,,,,,0,False,False,0.0,False,5.46,5.73,20.0,
66.45,23789,329.632,-825.89,-0.01,6.23,30.0,1172,-1,68.26,False,-1,True,True,0.0,0.3,-0.002,False,False,0.343,0.006,114.725,1172,77.39,,,,,0,False,False,0.0,False,9.12,5.93,20.0,
66.5,23790,329.501,-825.605,-0.01,6.257,30.0,1172,-1,68.58,False,-1,True,True,0.0,0.3,-0.001,False,False,0.387,0.005,114.721,1172,77.39,,,,,0,False,False,0.0,False,8.81,6.11,20.0,
66.55,23791,329.37,-825.32,-0.01,6.297,30.0,1172,-1,68.89,False,-1,True,True,0.0,0.3,-0.0,False,False,0.352,0.002,114.718,1172,77.39,,,,,0,False,False,0.0,False,8.49,6.13,20.0,
66.6,23792,329.241,-825.039,-0.009,6.124,30.0,1172,-1,69.2,False,-1,True,True,0.0,0.3,-0.0,False,False,0.255,-0.001,114.728,1172,77.39,,,,,0,False,False,0.0,False,8.18,6.15,20.0,
66.65,23793,329.114,-824.765,-0.008,6.024,30.0,1172,-1,69.5,False,-1,True,True,0.0,0.3,-0.001,False,False,0.142,0.0,114.7,1172,77.39,,,,,0,False,False,0.0,False,7.88,6.06,20.0,
66.7,23794,328.992,-824.498,-0.007,5.783,30.0,1172,-1,69.8,False,-1,True,True,0.0,0.3,0.002,False,False,0.026,-0.004,114.726,1172,77.39,,,,,0,False,False,0.0,False,7.59,6.01,20.0,
66.75,23795,328.873,-824.24,-0.006,5.649,30.0,1172,-1,70.08,False,-1,True,True,0.0,0.3,-0.002,False,False,-0.069,-0.001,114.698,1172,77.39,,,,,0,False,False,0.0,False,7.3,5.89,20.0,
66.8,23796,328.758,-823.992,-0.006,5.382,30.0,1172,-1,70.35,False,-1,True,True,0.0,0.3,0.002,False,False,-0.151,-0.004,114.725,1172,77.39,,,,,0,False,False,0.0,False,7.03,5.82,20.0,
66.85,23797,328.647,-823.751,-0.005,5.273,30.0,1172,-1,70.62,False,-1,True,True,0.592,0.0,-0.002,False,False,-0.202,0.0,114.696,1172,77.39,,,,,0,False,False,0.0,False,6.76,5.69,20.0,
66.9,23798,328.54,-823.517,-0.005,5.072,30.0,1172,-1,70.88,False,-1,True,True,0.75,0.0,0.002,False,False,-0.226,-0.001,114.73,1172,77.39,,,,,0,False,False,0.0,False,6.51,5.64,20.0,
66.95,23799,328.435,-823.288,-0.005,5.028,30.0,1172,-1,71.13,False,-1,True,True,0.75,0.0,-0.003,False,False,-0.22,0.003,114.737,1172,77.39,,,,,0,False,False,0.0,False,6.25,5.54,20.0,
67.0,23800,328.33,-823.06,-0.006,4.92,30.0,1172,-1,71.38,False,-1,True,True,0.75,0.0,-0.001,False,False,-0.179,0.004,114.738,1172,77.39,,,,,0,False,False,0.0,False,6.0,5.51,20.0,
67.05,23801,328.225,-822.831,-0.006,5.068,30.0,1172,-1,71.63,False,-1,True,True,0.75,0.0,-0.001,False,False,-0.113,0.003,114.735,1172,77.39,,,,,0,False,False,0.0,False,5.75,5.46,20.0,
67.1,23802,328.125,-822.614,-0.006,4.636,30.0,1172,-1,71.87,False,-1,True,True,0.75,0.0,-0.001,False,False,-0.149,0.001,114.728,1172,77.39,,,,,0,False,False,0.0,False,5.51,5.53,20.0,
67.15,23803,328.032,-822.412,-0.005,4.354,30.0,1172,-1,72.09,False,-1,True,True,0.75,0.0,-0.0,False,False,-0.231,-0.001,114.726,1172,77.39,,,,,0,False,False,0.0,False,5.29,5.32,20.0,
67.2,23804,327.943,-822.219,-0.005,4.197,30.0,1172,-1,72.3,False,-1,True,True,0.75,0.0,-0.0,False,False,-0.277,-0.001,114.724,1172,77.39,,,,,0,False,False,0.0,False,5.08,5.18,20.0,
67.25,23805,327.856,-822.03,-0.005,4.136,30.0,1172,-1,72.51,False,-1,True,True,0.75,0.0,-0.001,False,False,-0.268,-0.001,114.722,1172,81.36,,,,,0,False,False,0.0,False,8.84,5.1,20.0,
67.3,23806,327.77,-821.842,-0.005,4.139,30.0,1172,-1,72.72,False,-1,True,True,0.75,0.0,-0.0,False,False,-0.216,-0.001,114.72,1172,81.36,,,,,0,False,False,0.0,False,8.63,5.07,20.0,
67.35,23807,327.682,-821.653,-0.006,4.182,30.0,1172,-1,72.93,False,-1,True,True,0.75,0.0,-0.0,False,False,-0.14,-0.001,114.719,1172,81.36,,,,,0,False,False,0.0,False,8.42,5.07,20.0,
67.4,23808,327.594,-821.46,-0.007,4.249,30.0,1172,-1,73.14,False,-1,True,True,0.75,0.0,-0.0,False,False,-0.058,-0.001,114.717,1172,81.36,,,,,0,False,False,0.0,False,8.21,5.09,20.0,
67.45,23809,327.504,-821.264,-0.007,4.331,30.0,1172,-1,73.36,False,-1,True,True,0.75,0.0,-0.0,False,False,0.018,-0.001,114.716,1172,81.36,,,,,0,False,False,0.0,False,8.0,5.12,20.0,
67.5,23810,327.412,-821.065,-0.008,4.423,30.0,1172,-1,73.58,False,-1,True,True,0.75,0.0,-0.0,False,False,0.084,-0.0,114.715,1172,81.36,,,,,0,False,False,0.0,False,7.78,5.17,20.0,
67.55,23811,327.318,-820.861,-0.008,4.52,30.0,1172,-1,73.8,False,-1,True,True,0.75,0.0,-0.0,False,False,0.136,-0.0,114.714,1172,81.36,,,,,0,False,False,0.0,False,7.55,5.21,20.0,
67.6,23812,327.222,-820.652,-0.009,4.621,30.0,1172,-1,74.03,False,-1,True,True,0.75,0.0,-0.0,False,False,0.176,-0.0,114.714,1172,81.36,,,,,0,False,False,0.0,False,7.32,5.26,20.0,
67.65,23813,327.124,-820.439,-0.009,4.724,30.0,1172,-1,74.26,False,-1,True,True,0.75,0.0,-0.0,False,False,0.205,-0.0,114.713,1172,81.36,,,,,0,False,False,0.0,False,7.09,5.31,20.0,
67.7,23814,327.024,-820.222,-0.009,4.828,30.0,1172,-1,74.5,False,-1,True,True,0.75,0.0,-0.0,False,False,0.226,-0.0,114.712,1172,81.36,,,,,0,False,False,0.0,False,6.85,5.36,20.0,
67.75,23815,326.922,-819.999,-0.009,4.932,30.0,1172,-1,74.75,False,-1,True,True,0.75,0.0,-0.0,False,False,0.24,-0.0,114.712,1172,81.36,,,,,0,False,False,0.0,False,6.6,5.41,20.0,
67.8,23816,326.817,-819.772,-0.009,5.036,30.0,1172,-1,75.0,False,-1,True,True,0.75,0.0,-0.0,False,False,0.249,0.0,114.712,1172,81.36,,,,,0,False,False,0.0,False,6.35,5.47,20.0,
67.85,23817,326.711,-819.541,-0.009,5.136,30.0,1172,-1,75.25,False,-1,True,True,0.75,0.0,-0.0,False,False,0.255,-0.0,114.711,1172,81.36,,,,,0,False,False,0.0,False,6.1,5.52,20.0,
67.9,23818,326.602,-819.305,-0.009,5.274,30.0,1172,-1,75.51,False,-1,True,True,0.75,0.0,-0.0,False,False,0.259,-0.0,114.711,1172,81.36,,,,,0,False,False,0.0,False,5.84,5.57,20.0,
67.95,23819,326.491,-819.064,-0.009,5.3,30.0,1172,-1,75.78,False,-1,True,True,0.75,0.0,-0.0,False,False,0.255,0.0,114.715,1172,81.36,,,,,0,False,False,0.0,False,5.57,5.64,20.0,
68.0,23820,326.379,-818.821,-0.009,5.381,30.0,1172,-1,76.05,False,-1,True,True,0.75,0.0,-0.0,False,False,0.241,0.001,114.696,1172,85.32,,,,,0,False,False,0.0,False,9.27,5.65,20.0,
68.05,23821,326.268,-818.579,-0.009,5.295,30.0,1172,-1,76.31,False,-1,True,True,0.68,0.0,0.002,False,False,0.193,-0.002,114.73,1172,85.32,,,,,0,False,False,0.0,False,9.01,5.69,20.0,
68.1,23822,326.157,-818.337,-0.008,5.36,30.0,1172,-1,76.58,False,-1,True,True,0.75,0.0,-0.003,False,False,0.157,0.003,114.707,1172,85.32,,,,,0,False,False,0.0,False,8.74,5.65,20.0,
68.15,23823,326.046,-818.096,-0.008,5.302,30.0,1172,-1,76.84,False,-1,True,True,0.741,0.0,0.002,False,False,0.125,-0.0,114.74,1172,85.32,,,,,0,False,False,0.0,False,8.48,5.68,20.0,
68.2,23824,325.934,-817.852,-0.008,5.392,30.0,1172,-1,77.11,False,-1,True,True,0.75,0.0,-0.003,False,False,0.115,0.003,114.715,1172,85.32,,,,,0,False,False,0.0,False,8.21,5.65,20.0,
68.25,23825,325.823,-817.61,-0.008,5.317,30.0,1172,-1,77.38,False,-1,True,True,0.617,0.0,0.002,False,False,0.098,-0.0,114.746,1172,85.32,,,,,0,False,False,0.0,False,7.94,5.7,20.0,
68.3,23826,325.711,-817.367,-0.008,5.383,30.0,1172,-1,77.65,False,-1,True,True,0.75,0.0,-0.003,False,False,0.09,0.003,114.715,1172,85.32,,,,,0,False,False,0.0,False,7.67,5.66,20.0,
68.35,23827,325.594,-817.112,-0.009,5.749,30.0,1172,-1,77.93,False,-1,True,True,0.642,0.0,0.002,False,False,0.176,-0.003,114.761,1172,85.32,,,,,0,False,False,0.0,False,7.39,5.69,20.0,
68.4,23828,325.468,-816.837,-0.01,6.176,30.0,1172,-1,78.23,False,-1,True,True,0.0,0.3,-0.005,False,False,0.327,0.003,114.765,1172,85.32,,,,,0,False,False,0.0,False,7.09,5.87,20.0,
68.45,23829,325.337,-816.553,-0.011,6.273,30.0,1172,-1,78.54,False,-1,True,True,0.0,0.3,-0.002,False,False,0.403,0.005,114.753,1172,85.32,,,,,0,False,False,0.0,False,6.78,6.09,20.0,
68.5,23830,325.205,-816.265,-0.011,6.364,30.0,1172,-1,78.86,False,-1,True,True,0.0,0.3,-0.0,False,False,0.395,0.001,114.745,1172,85.32,,,,,0,False,False,0.0,False,6.46,6.14,20.0,
68.55,23831,325.074,-815.98,-0.01,6.221,30.0,1172,-1,79.17,False,-1,True,True,0.0,0.3,-0.0,False,False,0.311,-0.002,114.744,1172,85.32,,,,,0,False,False,0.0,False,6.15,6.18,20.0,
68.6,23832,324.945,-815.701,-0.009,6.143,30.0,1172,-1,79.48,False,-1,True,True,0.0,0.3,-0.001,False,False,0.202,-0.002,114.723,1172,85.32,,,,,0,False,False,0.0,False,5.84,6.11,20.0,
68.65,23833,324.82,-815.429,-0.008,5.909,30.0,1172,-1,79.78,False,-1,True,True,0.0,0.3,0.001,False,False,0.079,-0.005,114.745,1172,89.29,,,,,0,False,False,0.0,False,9.51,6.07,20.0,
68.7,23834,324.698,-815.165,-0.007,5.779,30.0,1172,-1,80.07,False,-1,True,True,0.0,0.3,-0.003,False,False,-0.025,-0.001,114.714,1172,89.29,,,,,0,False,False,0.0,False,9.22,5.95,20.0,
68.75,23835,324.581,-814.91,-0.006,5.516,30.0,1172,-1,80.35,False,-1,True,True,0.0,0.3,0.002,False,False,-0.117,-0.004,114.737,1172,89.29,,,,,0,False,False,0.0,False,8.94,5.89,20.0,
68.8,23836,324.467,-814.664,-0.006,5.406,30.0,1172,-1,80.62,False,-1,True,True,0.106,0.0,-0.003,False,False,-0.177,-0.0,114.708,1172,89.29,,,,,0,False,False,0.0,False,8.67,5.76,20.0,
68.85,23837,324.357,-814.424,-0.005,5.196,30.0,1172,-1,80.89,False,-1,True,True,0.503,0.0,0.002,False,False,-0.211,-0.002,114.741,1172,89.29,,,,,0,False,False,0.0,False,8.4,5.7,20.0,
68.9,23838,324.249,-814.19,-0.005,5.14,30.0,1172,-1,81.14,False,-1,True,True,0.75,0.0,-0.003,False,False,-0.215,0.003,114.717,1172,89.29,,,,,0,False,False,0.0,False,8.14,5.6,20.0,
68.95,23839,324.143,-813.959,-0.005,5.048,30.0,1172,-1,81.4,False,-1,True,True,0.75,0.0,0.001,False,False,-0.192,0.0,114.742,1172,89.29,,,,,0,False,False,0.0,False,7.89,5.57,20.0,
69.0,23840,324.036,-813.727,-0.006,5.116,30.0,1172,-1,81.65,False,-1,True,True,0.75,0.0,-0.003,False,False,-0.134,0.003,114.708,1172,89.29,,,,,0,False,False,0.0,False,7.64,5.52,20.0,
69.05,23841,323.933,-813.502,-0.006,4.811,30.0,1172,-1,81.9,False,-1,True,True,0.75,0.0,0.002,False,False,-0.132,-0.001,114.726,1172,89.29,,,,,0,False,False,0.0,False,7.39,5.56,20.0,
69.1,23842,323.837,-813.294,-0.005,4.466,30.0,1172,-1,82.13,False,-1,True,True,0.75,0.0,-0.002,False,False,-0.218,-0.001,114.741,1172,89.29,,,,,0,False,False,0.0,False,7.16,5.41,20.0,
69.15,23843,323.747,-813.098,-0.005,4.258,30.0,1172,-1,82.35,False,-1,True,True,0.75,0.0,-0.002,False,False,-0.285,0.002,114.739,1172,89.29,,,,,0,False,False,0.0,False,6.94,5.23,20.0,
69.2,23844,323.659,-812.907,-0.005,4.16,30.0,1172,-1,82.55,False,-1,True,True,0.75,0.0,-0.001,False,False,-0.296,0.001,114.734,1172,89.29,,,,,0,False,False,0.0,False,6.73,5.13,20.0,
69.25,23845,323.573,-812.719,-0.005,4.138,30.0,1172,-1,82.76,False,-1,True,True,0.75,0.0,-0.0,False,False,-0.256,-0.0,114.732,1172,89.29,,,,,0,False,False,0.0,False,6.53,5.08,20.0,
69.3,23846,323.486,-812.53,-0.006,4.166,30.0,1172,-1,82.97,False,-1,True,True,0.75,0.0,-0.0,False,False,-0.184,-0.001,114.729,1172,89.29,,,,,0,False,False,0.0,False,6.32,5.07,20.0,
69.35,23847,323.397,-812.339,-0.006,4.223,30.0,1172,-1,83.18,False,-1,True,True,0.75,0.0,-0.0,False,False,-0.1,-0.001,114.727,1172,89.29,,,,,0,False,False,0.0,False,6.11,5.08,20.0,
69.4,23848,323.308,-812.144,-0.007,4.3,30.0,1172,-1,83.4,False,-1,True,True,0.75,0.0,-0.0,False,False,-0.018,-0.001,114.726,1172,89.29,,,,,0,False,False,0.0,False,5.89,5.11,20.0,
69.45,23849,323.217,-811.946,-0.008,4.388,30.0,1172,-1,83.61,False,-1,True,True,0.75,0.0,-0.0,False,False,0.054,-0.001,114.724,1172,89.29,,,,,0,False,False,0.0,False,5.67,5.15,20.0,
69.5,23850,323.124,-811.743,-0.008,4.484,30.0,1172,-1,83.84,False,-1,True,True,0.75,0.0,-0.0,False,False,0.113,-0.0,114.723,1172,89.29,,,,,0,False,False,0.0,False,5.45,5.19,20.0,
69.55,23851,323.028,-811.537,-0.009,4.583,30.0,1172,-1,84.06,False,-1,True,True,0.75,0.0,-0.0,False,False,0.159,-0.0,114.721,1172,89.29,,,,,0,False,False,0.0,False,5.22,5.24,20.0,
69.6,23852,322.931,-811.326,-0.009,4.685,30.0,1172,-1,84.3,False,-1,True,True,0.75,0.0,-0.0,False,False,0.193,0.0,114.719,1172,93.26,,,,,0,False,False,0.0,False,8.96,5.29,20.0,
69.65,23853,322.832,-811.11,-0.009,4.789,30.0,1172,-1,84.53,False,-1,True,True,0.75,0.0,-0.0,False,False,0.217,0.0,114.718,1172,93.26,,,,,0,False,False,0.0,False,8.72,5.34,20.0,
69.7,23854,322.73,-810.889,-0.009,4.892,30.0,1172,-1,84.78,False,-1,True,True,0.75,0.0,-0.0,False,False,0.234,0.0,114.717,1172,93.26,,,,,0,False,False,0.0,False,8.48,5.39,20.0,
69.75,23855,322.627,-810.664,-0.009,4.996,30.0,1172,-1,85.02,False,-1,True,True,0.75,0.0,-0.0,False,False,0.245,0.0,114.716,1172,93.26,,,,,0,False,False,0.0,False,8.23,5.45,20.0,
69.8,23856,322.521,-810.434,-0.009,5.1,30.0,1172,-1,85.28,False,-1,True,True,0.75,0.0,-0.0,False,False,0.253,-0.0,114.715,1172,93.26,,,,,0,False,False,0.0,False,7.98,5.5,20.0,
69.85,23857,322.413,-810.2,-0.009,5.232,30.0,1172,-1,85.54,False,-1,True,True,0.75,0.0,-0.0,False,False,0.259,-0.0,114.715,1172,93.26,,,,,0,False,False,0.0,False,7.72,5.55,20.0,
69.9,23858,322.303,-809.961,-0.009,5.263,30.0,1172,-1,85.8,False,-1,True,True,0.75,0.0,-0.0,False,False,0.255,-0.0,114.714,1172,93.26,,,,,0,False,False,0.0,False,7.46,5.62,20.0,
69.95,23859,322.191,-809.717,-0.009,5.437,30.0,1172,-1,86.07,False,-1,True,True,0.75,0.0,-0.0,False,False,0.26,-0.0,114.718,1172,93.26,,,,,0,False,False,0.0,False,7.19,5.63,20.0,
70.0,23860,322.078,-809.472,-0.009,5.366,30.0,1172,-1,86.34,False,-1,True,True,0.481,0.0,-0.0,False,False,0.235,0.001,114.696,1172,93.26,,,,,0,False,False,0.0,False,6.92,5.72,20.0,
70.05,23861,321.966,-809.228,-0.009,5.399,30.0,1172,-1,86.61,False,-1,True,True,0.728,0.0,0.002,False,False,0.19,-0.003,114.721,1172,93.26,,,,,0,False,False,0.0,False,6.65,5.68,20.0,
70.1,23862,321.854,-808.986,-0.008,5.304,30.0,1172,-1,86.87,False,-1,True,True,0.602,0.0,-0.002,False,False,0.137,0.001,114.685,1172,93.26,,,,,0,False,False,0.0,False,6.39,5.7,20.0,
70.15,23863,321.743,-808.744,-0.008,5.355,30.0,1172,-1,87.14,False,-1,True,True,0.75,0.0,0.003,False,False,0.104,-0.003,114.708,1172,93.26,,,,,0,False,False,0.0,False,6.12,5.65,20.0,
70.2,23864,321.632,-808.503,-0.008,5.284,30.0,1172,-1,87.4,False,-1,True,True,0.75,0.0,-0.002,False,False,0.078,0.0,114.675,1172,93.26,,,,,0,False,False,0.0,False,5.85,5.68,20.0,
70.25,23865,321.52,-808.261,-0.008,5.369,30.0,1172,-1,87.67,False,-1,True,True,0.75,0.0,0.003,False,False,0.076,-0.003,114.7,1172,93.26,,,,,0,False,False,0.0,False,5.59,5.64,20.0,
70.3,23866,321.408,-808.018,-0.008,5.311,30.0,1172,-1,87.94,False,-1,True,True,0.694,0.0,-0.001,False,False,0.074,0.001,114.667,1172,97.23,,,,,0,False,False,0.0,False,9.29,5.68,20.0,
70.35,23867,321.296,-807.775,-0.008,5.378,30.0,1172,-1,88.21,False,-1,True,True,0.75,0.0,0.003,False,False,0.076,-0.002,114.697,1172,97.23,,,,,0,False,False,0.0,False,9.02,5.66,20.0,
70.4,23868,321.185,-807.533,-0.008,5.349,30.0,1172,-1,88.47,False,-1,True,True,0.657,0.0,-0.002,False,False,0.073,0.002,114.675,1172,97.23,,,,,0,False,False,0.0,False,8.75,5.69,20.0,
70.45,23869,321.065,-807.273,-0.009,5.901,30.0,1172,-1,88.76,False,-1,True,True,0.75,0.0,0.002,False,False,0.201,-0.0,114.653,1172,97.23,,,,,0,False,False,0.0,False,8.47,5.67,20.0,
70.5,23870,320.937,-806.996,-0.01,6.182,30.0,1172,-1,89.06,False,-1,True,True,0.0,0.3,0.003,False,False,0.349,-0.004,114.656,1172,97.23,,,,,0,False,False,0.0,False,8.16,5.95,20.0,
70.55,23871,320.804,-806.707,-0.011,6.431,30.0,1172,-1,89.38,False,-1,True,True,0.0,0.3,0.001,False,False,0.432,-0.003,114.666,1172,97.23,,,,,0,False,False,0.0,False,7.85,6.09,20.0,
70.6,23872,320.67,-806.415,-0.011,6.397,30.0,1172,-1,89.7,False,-1,True,True,0.0,0.3,0.0,False,False,0.415,0.001,114.672,1172,97.23,,,,,0,False,False,0.0,False,7.52,6.22,20.0,
70.65,23873,320.536,-806.125,-0.01,6.389,30.0,1172,-1,90.02,False,-1,True,True,0.0,0.3,0.0,False,False,0.337,0.003,114.676,1172,97.23,,,,,0,False,False,0.0,False,7.2,6.2,20.0,
70.7,23874,320.406,-805.841,-0.009,6.193,30.0,1172,-1,90.33,False,-1,True,True,0.0,0.3,0.001,False,False,0.217,0.003,114.691,1172,97.23,,,,,0,False,False,0.0,False,6.89,6.19,20.0,
70.75,23875,320.278,-805.564,-0.008,6.08,30.0,1172,-1,90.64,False,-1,True,True,0.0,0.3,-0.001,False,False,0.098,0.004,114.669,1172,97.23,,,,,0,False,False,0.0,False,6.59,6.1,20.0,
70.8,23876,320.155,-805.295,-0.007,5.83,30.0,1172,-1,90.93,False,-1,True,True,0.0,0.3,0.002,False,False,-0.016,-0.0,114.698,1172,97.23,,,,,0,False,False,0.0,False,6.29,6.04,20.0,
70.85,23877,320.035,-805.035,-0.006,5.688,30.0,1172,-1,91.22,False,-1,True,True,0.0,0.3,-0.002,False,False,-0.105,0.002,114.674,1172,97.23,,,,,0,False,False,0.0,False,6.01,5.91,20.0,
70.9,23878,319.92,-804.785,-0.005,5.416,30.0,1172,-1,91.5,False,-1,True,True,0.0,0.3,0.002,False,False,-0.181,-0.001,114.703,1172,97.23,,,,,0,False,False,0.0,False,5.73,5.84,20.0,
70.95,23879,319.808,-804.542,-0.005,5.302,30.0,1172,-1,91.76,False,-1,True,True,0.458,0.0,-0.002,False,False,-0.226,0.002,114.677,1172,97.23,,,,,0,False,False,0.0,False,5.46,5.71,20.0,
71.0,23880,319.7,-804.307,-0.005,5.098,30.0,1172,-1,92.02,False,-1,True,True,0.75,0.0,0.003,False,False,-0.246,-0.001,114.715,1172,101.2,,,,,0,False,False,0.0,False,9.17,5.65,20.0,
71.05,23881,319.593,-804.074,-0.005,5.165,30.0,1172,-1,92.28,False,-1,True,True,0.75,0.0,-0.003,False,False,-0.208,0.003,114.679,1172,101.2,,,,,0,False,False,0.0,False,8.91,5.55,20.0,
71.1,23882,319.486,-803.841,-0.006,5.091,30.0,1172,-1,92.54,False,-1,True,True,0.75,0.0,0.003,False,False,-0.152,-0.001,114.708,1172,101.2,,,,,0,False,False,0.0,False,8.66,5.58,20.0,
71.15,23883,319.383,-803.616,-0.006,4.751,30.0,1172,-1,92.78,False,-1,True,True,0.75,0.0,-0.002,False,False,-0.171,0.001,114.716,1172,101.2,,,,,0,False,False,0.0,False,8.41,5.55,20.0,
71.2,23884,319.289,-803.411,-0.005,4.403,30.0,1172,-1,93.01,False,-1,True,True,0.75,0.0,-0.001,False,False,-0.266,0.002,114.736,1172,101.2,,,,,0,False,False,0.0,False,8.19,5.38,20.0,
71.25,23885,319.2,-803.218,-0.004,4.194,30.0,1172,-1,93.22,False,-1,True,True,0.75,0.0,-0.002,False,False,-0.329,0.003,114.735,1172,101.2,,,,,0,False,False,0.0,False,7.97,5.2,20.0,
71.3,23886,319.114,-803.03,-0.004,4.095,30.0,1172,-1,93.43,False,-1,True,True,0.75,0.0,-0.001,False,False,-0.333,0.002,114.729,1172,101.2,,,,,0,False,False,0.0,False,7.77,5.1,20.0,
71.35,23887,319.028,-802.845,-0.005,4.073,30.0,1172,-1,93.63,False,-1,True,True,0.75,0.0,-0.0,False,False,-0.284,0.0,114.726,1172,101.2,,,,,0,False,False,0.0,False,7.56,5.05,20.0,
71.4,23888,318.943,-802.658,-0.006,4.101,30.0,1172,-1,93.84,False,-1,True,True,0.75,0.0,-0.0,False,False,-0.204,-0.001,114.724,1172,101.2,,,,,0,False,False,0.0,False,7.36,5.04,20.0,
71.45,23889,318.856,-802.47,-0.006,4.16,30.0,1172,-1,94.04,False,-1,True,True,0.75,0.0,-0.0,False,False,-0.113,-0.001,114.722,1172,101.2,,,,,0,False,False,0.0,False,7.15,5.05,20.0,
71.5,23890,318.768,-802.278,-0.007,4.237,30.0,1172,-1,94.26,False,-1,True,True,0.75,0.0,-0.0,False,False,-0.026,-0.001,114.72,1172,101.2,,,,,0,False,False,0.0,False,6.94,5.08,20.0,
71.55,23891,318.678,-802.083,-0.008,4.326,30.0,1172,-1,94.47,False,-1,True,True,0.75,0.0,-0.0,False,False,0.05,-0.001,114.718,1172,101.2,,,,,0,False,False,0.0,False,6.72,5.12,20.0,
71.6,23892,318.586,-801.883,-0.008,4.422,30.0,1172,-1,94.69,False,-1,True,True,0.75,0.0,-0.0,False,False,0.111,-0.001,114.716,1172,101.2,,,,,0,False,False,0.0,False,6.5,5.16,20.0,
71.65,23893,318.492,-801.679,-0.009,4.523,30.0,1172,-1,94.92,False,-1,True,True,0.75,0.0,-0.0,False,False,0.158,-0.0,114.715,1172,101.2,,,,,0,False,False,0.0,False,6.28,5.21,20.0,
71.7,23894,318.396,-801.471,-0.009,4.625,30.0,1172,-1,95.14,False,-1,True,True,0.75,0.0,-0.0,False,False,0.193,-0.0,114.714,1172,101.2,,,,,0,False,False,0.0,False,6.05,5.26,20.0,
71.75,23895,318.298,-801.257,-0.009,4.729,30.0,1172,-1,95.38,False,-1,True,True,0.75,0.0,-0.0,False,False,0.218,-0.0,114.713,1172,101.2,,,,,0,False,False,0.0,False,5.82,5.31,20.0,
71.8,23896,318.198,-801.04,-0.009,4.834,30.0,1172,-1,95.62,False,-1,True,True,0.75,0.0,-0.0,False,False,0.235,-0.0,114.712,1172,101.2,,,,,0,False,False,0.0,False,5.58,5.36,20.0,
71.85,23897,318.095,-800.817,-0.009,4.938,30.0,1172,-1,95.86,False,-1,True,True,0.75,0.0,-0.0,False,False,0.246,-0.0,114.711,1172,101.2,,,,,0,False,False,0.0,False,5.33,5.42,20.0,
71.9,23898,317.991,-800.59,-0.009,5.042,30.0,1172,-1,96.11,False,-1,True,True,0.75,0.0,-0.0,False,False,0.254,-0.0,114.71,1172,105.17,,,,,0,False,False,0.0,False,9.05,5.47,20.0,
71.95,23899,317.884,-800.358,-0.009,5.152,30.0,1172,-1,96.37,False,-1,True,True,0.75,0.0,-0.0,False,False,0.259,-0.0,114.71,1172,105.17,,,,,0,False,False,0.0,False,8.79,5.52,20.0,
72.0,23900,317.776,-800.122,-0.009,5.205,30.0,1172,-1,96.63,False,-1,True,True,0.75,0.0,-0.0,False,False,0.256,-0.0,114.71,1172,105.17,,,,,0,False,False,0.0,False,8.53,5.58,20.0,
72.05,23901,317.664,-799.88,-0.009,5.384,30.0,1172,-1,96.9,False,-1,True,True,0.75,0.0,-0.0,False,False,0.261,-0.0,114.709,1172,105.17,,,,,0,False,False,0.0,False,8.27,5.6,20.0,
72.1,23902,317.552,-799.635,-0.009,5.406,30.0,1172,-1,97.17,False,-1,True,True,0.678,0.0,-0.0,False,False,0.256,-0.0,114.71,1172,105.17,,,,,0,False,False,0.0,False,8.0,5.69,20.0,
72.15,23903,317.437,-799.386,-0.009,5.53,30.0,1172,-1,97.44,False,-1,True,True,0.59,0.0,-0.0,False,False,0.25,0.0,114.696,1172,105.17,,,,,0,False,False,0.0,False,7.72,5.7,20.0,
72.2,23904,317.323,-799.138,-0.009,5.413,30.0,1172,-1,97.71,False,-1,True,True,0.134,0.0,0.001,False,False,0.203,-0.002,114.729,1172,105.17,,,,,0,False,False,0.0,False,7.45,5.77,20.0,
72.25,23905,317.21,-798.893,-0.008,5.409,30.0,1172,-1,97.98,False,-1,True,True,0.548,0.0,-0.003,False,False,0.145,0.003,114.704,1172,105.17,,,,,0,False,False,0.0,False,7.18,5.71,20.0,
72.3,23906,317.099,-798.652,-0.008,5.264,30.0,1172,-1,98.25,False,-1,True,True,0.558,0.0,0.002,False,False,0.08,-0.0,114.739,1172,105.17,,,,,0,False,False,0.0,False,6.92,5.7,20.0,
72.35,23907,316.99,-798.413,-0.007,5.267,30.0,1172,-1,98.51,False,-1,True,True,0.75,0.0,-0.003,False,False,0.036,0.003,114.715,1172,105.17,,,,,0,False,False,0.0,False,6.65,5.63,20.0,
72.4,23908,316.881,-798.177,-0.007,5.153,30.0,1172,-1,98.77,False,-1,True,True,0.75,0.0,0.001,False,False,0.003,0.0,114.75,1172,105.17,,,,,0,False,False,0.0,False,6.39,5.63,20.0,
72.45,23909,316.773,-797.942,-0.007,5.198,30.0,1172,-1,99.03,False,-1,True,True,0.75,0.0,-0.003,False,False,-0.003,0.003,114.724,1172,105.17,,,,,0,False,False,0.0,False,6.13,5.58,20.0,
72.5,23910,316.666,-797.708,-0.007,5.12,30.0,1172,-1,99.29,False,-1,True,True,0.75,0.0,0.001,False,False,-0.002,-0.001,114.757,1172,105.17,,,,,0,False,False,0.0,False,5.88,5.6,20.0,
72.55,23911,316.558,-797.473,-0.007,5.202,30.0,1172,-1,99.54,False,-1,True,True,0.75,0.0,-0.003,False,False,0.017,0.002,114.73,1172,105.17,,,,,0,False,False,0.0,False,5.62,5.56,20.0,
72.6,23912,316.45,-797.238,-0.007,5.156,30.0,1172,-1,99.8,False,-1,True,True,0.75,0.0,0.001,False,False,0.034,-0.002,114.761,1172,105.17,,,,,0,False,False,0.0,False,5.36,5.6,20.0,
72.65,23913,316.341,-797.001,-0.008,5.237,30.0,1172,-1,100.06,False,-1,True,True,0.75,0.0,-0.004,False,False,0.057,0.002,114.734,1172,109.14,,,,,0,False,False,0.0,False,9.07,5.58,20.0,
72.7,23914,316.232,-796.765,-0.008,5.163,30.0,1172,-1,100.32,False,-1,True,True,0.75,0.0,0.001,False,False,0.061,-0.001,114.761,1172,109.14,,,,,0,False,False,0.0,False,8.81,5.62,20.0,
72.75,23915,316.123,-796.526,-0.008,5.388,30.0,1172,-1,100.59,False,-1,True,True,0.75,0.0,-0.003,False,False,0.086,0.001,114.755,1172,109.14,,,,,0,False,False,0.0,False,8.54,5.58,20.0,
72.8,23916,316.005,-796.269,-0.009,5.782,30.0,1172,-1,100.87,False,-1,True,True,0.635,0.0,-0.001,False,False,0.231,0.001,114.773,1172,109.14,,,,,0,False,False,0.0,False,8.26,5.69,20.0,
72.85,23917,315.878,-795.994,-0.01,6.187,30.0,1172,-1,101.18,False,-1,True,True,0.0,0.3,-0.003,False,False,0.384,0.003,114.77,1172,109.14,,,,,0,False,False,0.0,False,7.96,5.89,20.0,
72.9,23918,315.747,-795.709,-0.011,6.264,30.0,1172,-1,101.49,False,-1,True,True,0.0,0.3,-0.001,False,False,0.442,0.002,114.759,1172,109.14,,,,,0,False,False,0.0,False,7.65,6.09,20.0,
72.95,23919,315.615,-795.422,-0.011,6.34,30.0,1172,-1,101.81,False,-1,True,True,0.0,0.3,-0.0,False,False,0.416,-0.002,114.752,1172,109.14,,,,,0,False,False,0.0,False,7.33,6.13,20.0,
73.0,23920,315.485,-795.139,-0.01,6.187,30.0,1172,-1,102.12,False,-1,True,True,0.0,0.3,-0.0,False,False,0.318,-0.003,114.748,1172,109.14,,,,,0,False,False,0.0,False,7.02,6.17,20.0,
73.05,23921,315.357,-794.861,-0.009,6.107,30.0,1172,-1,102.42,False,-1,True,True,0.0,0.3,-0.001,False,False,0.201,-0.003,114.731,1172,109.14,,,,,0,False,False,0.0,False,6.71,6.09,20.0,
73.1,23922,315.233,-794.591,-0.008,5.87,30.0,1172,-1,102.72,False,-1,True,True,0.0,0.3,0.001,False,False,0.075,-0.006,114.753,1172,109.14,,,,,0,False,False,0.0,False,6.41,6.05,20.0,
73.15,23923,315.112,-794.329,-0.007,5.738,30.0,1172,-1,103.01,False,-1,True,True,0.0,0.3,-0.003,False,False,-0.03,-0.001,114.722,1172,109.14,,,,,0,False,False,0.0,False,6.13,5.94,20.0,
73.2,23924,314.995,-794.077,-0.006,5.474,30.0,1172,-1,103.29,False,-1,True,True,0.0,0.3,0.002,False,False,-0.122,-0.004,114.746,1172,109.14,,,,,0,False,False,0.0,False,5.85,5.87,20.0,
73.25,23925,314.883,-793.832,-0.005,5.364,30.0,1172,-1,103.56,False,-1,True,True,0.26,0.0,-0.003,False,False,-0.181,-0.0,114.716,1172,109.14,,,,,0,False,False,0.0,False,5.58,5.74,20.0,
73.3,23926,314.773,-793.594,-0.005,5.163,30.0,1172,-1,103.82,False,-1,True,True,0.655,0.0,0.002,False,False,-0.212,-0.001,114.747,1172,113.1,,,,,0,False,False,0.0,False,9.29,5.68,20.0,
73.35,23927,314.666,-793.36,-0.005,5.139,30.0,1172,-1,104.08,False,-1,True,True,0.75,0.0,-0.003,False,False,-0.208,0.003,114.719,1172,113.1,,,,,0,False,False,0.0,False,9.03,5.58,20.0,
73.4,23928,314.559,-793.128,-0.006,5.07,30.0,1172,-1,104.33,False,-1,True,True,0.75,0.0,0.002,False,False,-0.17,0.0,114.743,1172,113.1,,,,,0,False,False,0.0,False,8.77,5.57,20.0,
73.45,23929,314.452,-792.896,-0.006,5.138,30.0,1172,-1,104.59,False,-1,True,True,0.75,0.0,-0.002,False,False,-0.111,0.003,114.709,1172,113.1,,,,,0,False,False,0.0,False,8.52,5.53,20.0,
73.5,23930,314.351,-792.677,-0.006,4.683,30.0,1172,-1,104.83,False,-1,True,True,0.75,0.0,0.002,False,False,-0.162,-0.001,114.736,1172,113.1,,,,,0,False,False,0.0,False,8.28,5.57,20.0,
73.55,23931,314.257,-792.473,-0.005,4.399,30.0,1172,-1,105.05,False,-1,True,True,0.75,0.0,-0.002,False,False,-0.247,0.001,114.742,1172,113.1,,,,,0,False,False,0.0,False,8.05,5.34,20.0,
73.6,23932,314.168,-792.278,-0.005,4.242,30.0,1172,-1,105.27,False,-1,True,True,0.75,0.0,-0.001,False,False,-0.292,0.002,114.737,1172,113.1,,,,,0,False,False,0.0,False,7.84,5.2,20.0,
73.65,23933,314.08,-792.087,-0.005,4.179,30.0,1172,-1,105.48,False,-1,True,True,0.75,0.0,-0.0,False,False,-0.281,0.001,114.733,1172,113.1,,,,,0,False,False,0.0,False,7.63,5.12,20.0,
73.7,23934,313.993,-791.897,-0.005,4.18,30.0,1172,-1,105.69,False,-1,True,True,0.75,0.0,-0.0,False,False,-0.226,-0.0,114.731,1172,113.1,,,,,0,False,False,0.0,False,7.42,5.09,20.0,
73.75,23935,313.904,-791.706,-0.006,4.222,30.0,1172,-1,105.9,False,-1,True,True,0.75,0.0,-0.0,False,False,-0.148,-0.001,114.729,1172,113.1,,,,,0,False,False,0.0,False,7.21,5.09,20.0,
73.8,23936,313.815,-791.511,-0.007,4.288,30.0,1172,-1,106.11,False,-1,True,True,0.75,0.0,-0.0,False,False,-0.064,-0.001,114.727,1172,113.1,,,,,0,False,False,0.0,False,6.99,5.11,20.0,
73.85,23937,313.724,-791.314,-0.007,4.37,30.0,1172,-1,106.33,False,-1,True,True,0.75,0.0,-0.0,False,False,0.014,-0.001,114.726,1172,113.1,,,,,0,False,False,0.0,False,6.78,5.14,20.0,
73.9,23938,313.631,-791.112,-0.008,4.461,30.0,1172,-1,106.55,False,-1,True,True,0.75,0.0,-0.0,False,False,0.08,-0.001,114.724,1172,113.1,,,,,0,False,False,0.0,False,6.55,5.18,20.0,
73.95,23939,313.537,-790.907,-0.008,4.558,30.0,1172,-1,106.78,False,-1,True,True,0.75,0.0,-0.0,False,False,0.133,-0.0,114.723,1172,113.1,,,,,0,False,False,0.0,False,6.33,5.23,20.0,
74.0,23940,313.44,-790.697,-0.009,4.659,30.0,1172,-1,107.01,False,-1,True,True,0.75,0.0,-0.0,False,False,0.174,-0.0,114.722,1172,113.1,,,,,0,False,False,0.0,False,6.1,5.28,20.0,
74.05,23941,313.341,-790.482,-0.009,4.761,30.0,1172,-1,107.24,False,-1,True,True,0.75,0.0,-0.0,False,False,0.204,-0.0,114.721,1172,113.1,,,,,0,False,False,0.0,False,5.86,5.33,20.0,
74.1,23942,313.24,-790.263,-0.009,4.864,30.0,1172,-1,107.49,False,-1,True,True,0.75,0.0,-0.0,False,False,0.225,-0.0,114.72,1172,113.1,,,,,0,False,False,0.0,False,5.62,5.38,20.0,
74.15,23943,313.137,-790.039,-0.009,4.968,30.0,1172,-1,107.73,False,-1,True,True,0.75,0.0,-0.0,False,False,0.239,-0.0,114.72,1172,113.1,,,,,0,False,False,0.0,False,5.37,5.43,20.0,
74.2,23944,313.032,-789.81,-0.009,5.072,30.0,1172,-1,107.98,False,-1,True,True,0.75,0.0,-0.0,False,False,0.249,0.001,114.718,1172,117.07,,,,,0,False,False,0.0,False,9.09,5.48,20.0,
74.25,23945,312.925,-789.577,-0.009,5.157,30.0,1172,-1,108.24,False,-1,True,True,0.75,0.0,-0.0,False,False,0.253,0.0,114.717,1172,117.07,,,,,0,False,False,0.0,False,8.83,5.54,20.0,
74.3,23946,312.815,-789.339,-0.009,5.31,30.0,1172,-1,108.5,False,-1,True,True,0.75,0.0,-0.0,False,False,0.258,0.0,114.715,1172,117.07,,,,,0,False,False,0.0,False,8.57,5.58,20.0,
74.35,23947,312.704,-789.098,-0.009,5.317,30.0,1172,-1,108.77,False,-1,True,True,0.75,0.0,-0.0,False,False,0.252,-0.0,114.727,1172,117.07,,,,,0,False,False,0.0,False,8.3,5.65,20.0,
74.4,23948,312.592,-788.855,-0.009,5.367,30.0,1172,-1,109.03,False,-1,True,True,0.75,0.0,-0.001,False,False,0.224,0.002,114.7,1172,117.07,,,,,0,False,False,0.0,False,8.04,5.66,20.0,
74.45,23949,312.482,-788.614,-0.009,5.289,30.0,1172,-1,109.3,False,-1,True,True,0.728,0.0,0.002,False,False,0.176,-0.002,114.735,1172,117.07,,,,,0,False,False,0.0,False,7.77,5.68,20.0,
74.5,23950,312.37,-788.372,-0.008,5.366,30.0,1172,-1,109.57,False,-1,True,True,0.75,0.0,-0.003,False,False,0.146,0.003,114.712,1172,117.07,,,,,0,False,False,0.0,False,7.51,5.64,20.0,
74.55,23951,312.259,-788.13,-0.008,5.317,30.0,1172,-1,109.83,False,-1,True,True,0.72,0.0,0.002,False,False,0.122,-0.0,114.745,1172,117.07,,,,,0,False,False,0.0,False,7.24,5.68,20.0,
74.6,23952,312.147,-787.886,-0.008,5.387,30.0,1172,-1,110.1,False,-1,True,True,0.75,0.0,-0.003,False,False,0.112,0.003,114.716,1172,117.07,,,,,0,False,False,0.0,False,6.97,5.66,20.0,
74.65,23953,312.035,-787.644,-0.008,5.314,30.0,1172,-1,110.37,False,-1,True,True,0.632,0.0,0.002,False,False,0.094,-0.001,114.743,1172,117.07,,,,,0,False,False,0.0,False,6.7,5.69,20.0,
74.7,23954,311.921,-787.396,-0.008,5.638,30.0,1172,-1,110.64,False,-1,True,True,0.75,0.0,-0.003,False,False,0.128,0.002,114.706,1172,117.07,,,,,0,False,False,0.0,False,6.43,5.66,20.0,
74.75,23955,311.798,-787.129,-0.009,5.972,30.0,1172,-1,110.93,False,-1,True,True,0.0,0.277,0.003,False,False,0.267,-0.003,114.688,1172,117.07,,,,,0,False,False,0.0,False,6.14,5.82,20.0,
74.8,23956,311.669,-786.848,-0.01,6.27,30.0,1172,-1,111.24,False,-1,True,True,0.0,0.3,0.002,False,False,0.38,-0.007,114.692,1172,117.07,,,,,0,False,False,0.0,False,5.83,5.99,20.0,
74.85,23957,311.537,-786.563,-0.011,6.27,30.0,1172,-1,111.56,False,-1,True,True,0.0,0.3,0.001,False,False,0.395,-0.006,114.7,1427,1.99,,,,,0,False,False,0.0,False,9.49,6.14,20.0,
74.9,23958,311.406,-786.278,-0.01,6.288,30.0,1172,-1,111.87,False,-1,True,True,0.0,0.3,0.0,False,False,0.341,-0.002,114.706,1427,1.99,,,,,0,False,False,0.0,False,9.17,6.13,20.0,
74.95,23959,311.277,-785.998,-0.009,6.104,30.0,1172,-1,112.18,False,-1,True,True,0.0,0.3,0.0,False,False,0.234,0.001,114.696,1427,1.99,,,,,0,False,False,0.0,False,8.87,6.14,20.0,
75.0,23960,311.151,-785.724,-0.008,5.998,30.0,1172,-1,112.48,False,-1,True,True,0.0,0.3,0.001,False,False,0.119,-0.0,114.725,1427,1.99,,,,,0,False,False,0.0,False,8.56,6.05,20.0,
75.05,23961,311.029,-785.46,-0.007,5.753,30.0,1172,-1,112.77,False,-1,True,True,0.0,0.3,-0.002,False,False,0.005,0.004,114.7,1427,1.99,,,,,0,False,False,0.0,False,8.27,6.0,20.0,
75.1,23962,310.911,-785.203,-0.006,5.617,30.0,1172,-1,113.06,False,-1,True,True,0.0,0.3,0.002,False,False,-0.086,0.001,114.728,1427,1.99,,,,,0,False,False,0.0,False,7.99,5.88,20.0,
75.15,23963,310.797,-784.955,-0.006,5.355,30.0,1172,-1,113.33,False,-1,True,True,0.0,0.253,-0.002,False,False,-0.164,0.004,114.7,1427,1.99,,,,,0,False,False,0.0,False,7.72,5.81,20.0,
75.2,23964,310.687,-784.716,-0.005,5.25,30.0,1172,-1,113.59,False,-1,True,True,0.69,0.0,0.003,False,False,-0.209,-0.001,114.727,1427,1.99,,,,,0,False,False,0.0,False,7.45,5.68,20.0,
75.25,23965,310.58,-784.483,-0.005,5.048,30.0,1172,-1,113.85,False,-1,True,True,0.75,0.0,-0.002,False,False,-0.23,0.001,114.692,1427,1.99,,,,,0,False,False,0.0,False,7.2,5.62,20.0,
75.3,23966,310.474,-784.255,-0.005,5.04,30.0,1172,-1,114.1,False,-1,True,True,0.75,0.0,0.003,False,False,-0.217,-0.004,114.685,1427,1.99,,,,,0,False,False,0.0,False,6.95,5.52,20.0,
75.35,23967,310.369,-784.026,-0.006,4.94,30.0,1172,-1,114.35,False,-1,True,True,0.75,0.0,0.001,False,False,-0.166,-0.005,114.679,1427,1.99,,,,,0,False,False,0.0,False,6.69,5.52,20.0,
75.4,23968,310.264,-783.798,-0.006,4.936,30.0,1172,-1,114.6,False,-1,True,True,0.75,0.0,0.001,False,False,-0.114,-0.003,114.691,1427,1.99,,,,,0,False,False,0.0,False,6.44,5.47,20.0,
75.45,23969,310.167,-783.587,-0.006,4.514,30.0,1172,-1,114.83,False,-1,True,True,0.75,0.0,-0.0,False,False,-0.186,-0.001,114.722,1427,1.99,,,,,0,False,False,0.0,False,6.21,5.47,20.0,
75.5,23970,310.076,-783.39,-0.005,4.26,30.0,1172,-1,115.05,False,-1,True,True,0.75,0.0,-0.002,False,False,-0.268,0.004,114.725,1427,1.99,,,,,0,False,False,0.0,False,5.99,5.26,20.0,
75.55,23971,309.989,-783.201,-0.005,4.127,30.0,1172,-1,115.26,False,-1,True,True,0.75,0.0,-0.0,False,False,-0.3,0.004,114.722,1427,1.99,,,,,0,False,False,0.0,False,5.79,5.13,20.0,
75.6,23972,309.904,-783.015,-0.005,4.082,30.0,1172,-1,115.46,False,-1,True,True,0.75,0.0,0.0,False,False,-0.276,0.002,114.721,1427,1.99,,,,,0,False,False,0.0,False,5.58,5.06,20.0,
75.65,23973,309.818,-782.828,-0.005,4.096,30.0,1172,-1,115.67,False,-1,True,True,0.75,0.0,-0.0,False,False,-0.212,0.001,114.721,1427,1.99,,,,,0,False,False,0.0,False,5.38,5.04,20.0,
75.7,23974,309.731,-782.641,-0.006,4.146,30.0,1172,-1,115.88,False,-1,True,True,0.75,0.0,-0.0,False,False,-0.13,0.0,114.721,1427,1.99,,,,,0,False,False,0.0,False,5.17,5.05,20.0,
75.75,23975,309.644,-782.45,-0.007,4.217,30.0,1172,-1,116.09,False,-1,True,True,0.75,0.0,-0.0,False,False,-0.046,0.0,114.72,1427,1.99,,,,,0,False,False,0.0,False,4.96,5.07,20.0,
75.8,23976,309.553,-782.256,-0.008,4.302,30.0,1172,-1,116.3,False,-1,True,True,0.75,0.0,0.016,False,False,0.031,-0.026,114.768,1427,5.98,,,,,0,False,False,0.0,False,8.71,5.11,20.0,
75.85,23977,309.46,-782.058,-0.008,4.396,30.0,1172,-1,116.52,False,-1,True,True,0.75,0.0,0.016,False,False,0.095,-0.047,114.848,1427,5.98,,,,,0,False,False,0.0,False,8.49,5.15,20.0,
75.9,23978,309.366,-781.856,-0.009,4.495,30.0,1172,-1,116.74,False,-1,True,True,0.75,0.0,-0.006,False,False,0.145,-0.021,114.873,1427,5.98,,,,,0,False,False,0.0,False,8.27,5.2,20.0,
75.95,23979,309.27,-781.649,-0.009,4.597,30.0,1172,-1,116.97,False,-1,True,True,0.75,0.0,-0.002,False,False,0.183,0.0,114.865,1427,5.98,,,,,0,False,False,0.0,False,8.04,5.25,20.0,
76.0,23980,309.172,-781.437,-0.009,4.7,30.0,1172,-1,117.2,False,-1,True,True,0.75,0.0,0.0,False,False,0.211,0.006,114.862,1427,5.98,,,,,0,False,False,0.0,False,7.81,5.3,20.0,
76.05,23981,309.072,-781.221,-0.009,4.805,30.0,1172,-1,117.44,False,-1,True,True,0.75,0.0,0.0,False,False,0.23,0.006,114.862,1427,5.98,,,,,0,False,False,0.0,False,7.57,5.35,20.0,
76.1,23982,308.97,-781.0,-0.009,4.909,30.0,1172,-1,117.69,False,-1,True,True,0.75,0.0,-0.0,False,False,0.243,0.006,114.862,1427,5.98,,,,,0,False,False,0.0,False,7.33,5.4,20.0,
76.15,23983,308.865,-780.774,-0.009,5.013,30.0,1172,-1,117.93,False,-1,True,True,0.75,0.0,-0.0,False,False,0.251,0.005,114.862,1427,5.98,,,,,0,False,False,0.0,False,7.08,5.45,20.0,
76.2,23984,308.758,-780.544,-0.009,5.118,30.0,1172,-1,118.19,False,-1,True,True,0.75,0.0,-0.0,False,False,0.257,0.004,114.862,1427,5.98,,,,,0,False,False,0.0,False,6.82,5.51,20.0,
76.25,23985,308.65,-780.309,-0.009,5.177,30.0,1172,-1,118.45,False,-1,True,True,0.75,0.0,-0.0,False,False,0.257,0.003,114.862,1427,5.98,,,,,0,False,False,0.0,False,6.56,5.56,20.0,
76.3,23986,308.538,-780.07,-0.009,5.352,30.0,1172,-1,118.71,False,-1,True,True,0.75,0.0,-0.0,False,False,0.26,0.002,114.866,1427,5.98,,,,,0,False,False,0.0,False,6.3,5.59,20.0,
76.35,23987,308.427,-779.829,-0.009,5.282,30.0,1172,-1,118.98,False,-1,True,True,0.75,0.0,-0.0,False,False,0.235,0.002,114.844,1427,5.98,,,,,0,False,False,0.0,False,6.03,5.68,20.0,
76.4,23988,308.315,-779.588,-0.009,5.338,30.0,1427,-1,0.18,True,10,True,True,0.75,0.0,0.002,False,False,0.195,-0.002,114.869,1427,5.98,,,,,0,False,False,0.0,False,5.77,5.64,20.0,
76.45,23989,308.204,-779.348,-0.008,5.271,30.0,1427,-1,0.45,True,10,True,True,0.75,0.0,-0.002,False,False,0.153,0.002,114.833,1427,5.98,,,,,0,False,False,0.0,False,5.51,5.67,20.0,
76.5,23990,308.089,-779.108,-0.008,5.356,30.0,1427,-1,0.72,True,10,True,True,0.75,0.0,0.052,False,False,0.131,-0.081,114.986,1427,9.96,,,,,0,False,False,0.0,False,9.19,5.64,20.0,
76.55,23991,307.975,-778.868,-0.008,5.292,30.0,1427,-1,0.98,True,10,True,True,0.75,0.0,0.001,False,False,0.111,-0.072,115.078,1427,9.96,,,,,0,False,False,0.0,False,8.93,5.68,20.0,
76.6,23992,307.862,-778.627,-0.008,5.358,30.0,1427,-1,1.25,True,10,True,True,0.75,0.0,0.002,False,False,0.1,-0.037,115.161,1427,9.96,,,,,0,False,False,0.0,False,8.66,5.65,20.0,
76.65,23993,307.748,-778.385,-0.008,5.439,30.0,1427,-1,1.52,True,10,True,True,0.737,0.0,0.0,False,False,0.103,-0.013,115.186,1427,9.96,,,,,0,False,False,0.0,False,8.39,5.68,20.0,
76.7,23994,307.624,-778.123,-0.009,5.963,30.0,1427,-1,1.8,True,10,True,True,0.443,0.0,0.003,False,False,0.244,-0.008,115.233,1427,9.96,,,,,0,False,False,0.0,False,8.1,5.72,20.0,
76.75,23995,307.493,-777.845,-0.01,6.184,30.0,1427,-1,2.11,True,10,True,True,0.0,0.3,0.0,False,False,0.373,-0.003,115.26,1427,9.96,,,,,0,False,False,0.0,False,7.8,5.98,20.0,
76.8,23996,307.359,-777.56,-0.011,6.354,30.0,1427,-1,2.43,True,10,True,True,0.0,0.3,0.001,False,False,0.419,-0.001,115.275,1427,9.96,,,,,0,False,False,0.0,False,7.48,6.09,20.0,
76.85,23997,307.224,-777.276,-0.01,6.261,30.0,1427,-1,2.74,True,10,True,True,0.0,0.3,0.001,False,False,0.37,-0.002,115.289,1427,9.96,,,,,0,False,False,0.0,False,7.17,6.18,20.0,
76.9,23998,307.091,-776.994,-0.009,6.216,30.0,1427,-1,3.05,True,10,True,True,0.0,0.3,0.001,False,False,0.274,-0.003,115.286,1427,9.96,,,,,0,False,False,0.0,False,6.86,6.13,20.0,
76.95,23999,306.961,-776.72,-0.008,5.996,30.0,1427,-1,3.36,True,10,True,True,0.0,0.3,0.002,False,False,0.15,-0.005,115.321,1427,9.96,,,,,0,False,False,0.0,False,6.55,6.11,20.0,
77.0,24000,306.835,-776.454,-0.007,5.875,30.0,1427,-1,3.65,True,10,True,True,0.0,0.3,-0.001,False,False,0.037,-0.001,115.3,1427,9.96,,,,,0,False,False,0.0,False,6.26,6.0,20.0,
77.05,24001,306.713,-776.196,-0.006,5.619,30.0,1427,-1,3.94,True,10,True,True,0.0,0.3,0.003,False,False,-0.067,-0.004,115.332,1427,9.96,,,,,0,False,False,0.0,False,5.97,5.94,20.0,
77.1,24002,306.595,-775.946,-0.006,5.483,30.0,1427,-1,4.21,True,10,True,True,0.0,0.261,-0.002,False,False,-0.143,-0.001,115.308,1427,9.96,,,,,0,False,False,0.0,False,5.7,5.81,20.0,
77.15,24003,306.478,-775.707,-0.005,5.245,30.0,1427,-1,4.48,True,10,True,True,0.228,0.0,0.052,False,False,-0.201,-0.077,115.465,1427,13.94,,,,,0,False,False,0.0,False,9.41,5.74,20.0,
77.2,24004,306.365,-775.473,-0.005,5.172,30.0,1427,-1,4.74,True,10,True,True,0.75,0.0,0.001,False,False,-0.22,-0.067,115.564,1427,13.94,,,,,0,False,False,0.0,False,9.15,5.62,20.0,
77.25,24005,306.256,-775.245,-0.005,5.007,30.0,1427,-1,4.99,True,10,True,True,0.75,0.0,0.001,False,False,-0.222,-0.033,115.661,1427,13.94,,,,,0,False,False,0.0,False,8.9,5.59,20.0,
77.3,24006,306.146,-775.017,-0.006,5.08,30.0,1427,-1,5.24,True,10,True,True,0.75,0.0,-0.001,False,False,-0.173,-0.01,115.671,1427,13.94,,,,,0,False,False,0.0,False,8.65,5.5,20.0,
77.35,24007,306.037,-774.789,-0.006,5.004,30.0,1427,-1,5.5,True,10,True,True,0.75,0.0,0.005,False,False,-0.121,-0.007,115.725,1427,13.94,,,,,0,False,False,0.0,False,8.39,5.54,20.0,
77.4,24008,305.933,-774.574,-0.006,4.618,30.0,1427,-1,5.74,True,10,True,True,0.75,0.0,-0.0,False,False,-0.164,-0.003,115.72,1427,13.94,,,,,0,False,False,0.0,False,8.16,5.5,20.0,
77.45,24009,305.836,-774.375,-0.005,4.334,30.0,1427,-1,5.96,True,10,True,True,0.75,0.0,0.004,False,False,-0.251,-0.004,115.728,1427,13.94,,,,,0,False,False,0.0,False,7.93,5.31,20.0,
77.5,24010,305.745,-774.185,-0.005,4.177,30.0,1427,-1,6.17,True,10,True,True,0.75,0.0,0.003,False,False,-0.296,-0.005,115.742,1427,13.94,,,,,0,False,False,0.0,False,7.72,5.17,20.0,
77.55,24011,305.654,-773.999,-0.005,4.115,30.0,1427,-1,6.37,True,10,True,True,0.75,0.0,0.002,False,False,-0.283,-0.004,115.754,1427,13.94,,,,,0,False,False,0.0,False,7.52,5.09,20.0,
77.6,24012,305.565,-773.814,-0.005,4.118,30.0,1427,-1,6.58,True,10,True,True,0.75,0.0,0.002,False,False,-0.227,-0.003,115.764,1427,13.94,,,,,0,False,False,0.0,False,7.31,5.06,20.0,
77.65,24013,305.474,-773.627,-0.006,4.161,30.0,1427,-1,6.79,True,10,True,True,0.75,0.0,0.001,False,False,-0.148,-0.002,115.772,1427,13.94,,,,,0,False,False,0.0,False,7.1,5.06,20.0,
77.7,24014,305.383,-773.437,-0.007,4.228,30.0,1427,-1,7.0,True,10,True,True,0.75,0.0,0.001,False,False,-0.064,-0.001,115.78,1427,13.94,,,,,0,False,False,0.0,False,6.89,5.08,20.0,
77.75,24015,305.289,-773.244,-0.007,4.311,30.0,1427,-1,7.21,True,10,True,True,0.75,0.0,0.001,False,False,0.015,-0.001,115.786,1427,13.94,,,,,0,False,False,0.0,False,6.68,5.11,20.0,
77.8,24016,305.194,-773.047,-0.008,4.403,30.0,1427,-1,7.43,True,10,True,True,0.75,0.0,0.001,False,False,0.082,-0.0,115.792,1427,13.94,,,,,0,False,False,0.0,False,6.46,5.16,20.0,
77.85,24017,305.096,-772.845,-0.008,4.5,30.0,1427,-1,7.66,True,10,True,True,0.75,0.0,0.001,False,False,0.135,-0.0,115.797,1427,13.94,,,,,0,False,False,0.0,False,6.23,5.2,20.0,
77.9,24018,304.997,-772.64,-0.009,4.601,30.0,1427,-1,7.88,True,10,True,True,0.75,0.0,0.001,False,False,0.175,-0.0,115.802,1427,13.94,,,,,0,False,False,0.0,False,6.01,5.25,20.0,
77.95,24019,304.895,-772.43,-0.009,4.704,30.0,1427,-1,8.12,True,10,True,True,0.75,0.0,0.001,False,False,0.205,0.0,115.806,1427,13.94,,,,,0,False,False,0.0,False,5.77,5.3,20.0,
78.0,24020,304.791,-772.215,-0.009,4.808,30.0,1427,-1,8.36,True,10,True,True,0.75,0.0,0.0,False,False,0.226,0.0,115.809,1427,13.94,,,,,0,False,False,0.0,False,5.53,5.35,20.0,
78.05,24021,304.685,-771.996,-0.009,4.912,30.0,1427,-1,8.6,True,10,True,True,0.75,0.0,0.0,False,False,0.24,0.0,115.812,1427,13.94,,,,,0,False,False,0.0,False,5.29,5.4,20.0,
78.1,24022,304.575,-771.772,-0.009,5.015,30.0,1427,-1,8.85,True,10,True,True,0.75,0.0,0.025,False,False,0.249,-0.041,115.89,1127,1.69,,,,,0,False,False,0.0,False,8.73,5.46,20.0,
78.15,24023,304.464,-771.544,-0.009,5.119,30.0,1427,-1,9.1,True,10,True,True,0.75,0.0,0.0,False,False,0.255,-0.034,115.941,1127,1.69,,,,,0,False,False,0.0,False,8.48,5.51,20.0,
78.2,24024,304.351,-771.313,-0.009,5.159,30.0,1427,-1,9.36,True,10,True,True,0.75,0.0,0.0,False,False,0.248,-0.014,115.985,1127,1.69,,,,,0,False,False,0.0,False,8.22,5.56,20.0,
78.25,24025,304.238,-771.082,-0.009,5.132,30.0,1427,-1,9.62,True,10,True,True,0.75,0.0,-0.0,False,False,0.207,-0.003,115.952,1127,1.69,,,,,0,False,False,0.0,False,7.96,5.58,20.0,
78.3,24026,304.126,-770.852,-0.008,5.123,30.0,1427,-1,9.87,True,10,True,True,0.75,0.0,0.006,False,False,0.162,-0.007,116.014,1127,1.69,,,,,0,False,False,0.0,False,7.71,5.57,20.0,
78.35,24027,304.013,-770.622,-0.008,5.13,30.0,1427,-1,10.13,True,10,True,True,0.75,0.0,-0.002,False,False,0.13,-0.0,115.981,1127,1.69,,,,,0,False,False,0.0,False,7.45,5.56,20.0,
78.4,24028,303.901,-770.391,-0.008,5.152,30.0,1427,-1,10.39,True,10,True,True,0.75,0.0,0.005,False,False,0.114,-0.004,116.037,1127,1.69,,,,,0,False,False,0.0,False,7.19,5.56,20.0,
78.45,24029,303.787,-770.159,-0.008,5.179,30.0,1427,-1,10.64,True,10,True,True,0.75,0.0,-0.003,False,False,0.109,0.002,116.001,1127,1.69,,,,,0,False,False,0.0,False,6.93,5.58,20.0,
78.5,24030,303.674,-769.927,-0.008,5.173,30.0,1427,-1,10.9,True,10,True,True,0.75,0.0,0.005,False,False,0.1,-0.003,116.057,1127,1.69,,,,,0,False,False,0.0,False,6.67,5.59,20.0,
78.55,24031,303.56,-769.695,-0.008,5.17,30.0,1427,-1,11.16,True,10,True,True,0.75,0.0,-0.003,False,False,0.09,0.003,116.018,1127,1.69,,,,,0,False,False,0.0,False,6.42,5.59,20.0,
78.6,24032,303.441,-769.45,-0.009,5.624,30.0,1427,-1,11.43,True,10,True,True,0.75,0.0,0.004,False,False,0.183,-0.005,116.093,1127,1.69,,,,,0,False,False,0.0,False,6.14,5.58,20.0,
78.65,24033,303.311,-769.185,-0.01,6.013,30.0,1427,-1,11.73,True,10,True,True,0.0,0.213,-0.006,False,False,0.341,0.005,116.087,1127,1.69,,,,,0,False,False,0.0,False,5.85,5.81,20.0,
78.7,24034,303.175,-768.908,-0.011,6.226,30.0,1427,-1,12.09,True,10,True,True,0.0,0.3,0.012,False,False,0.436,-0.019,116.138,1127,5.08,,,,,0,False,False,0.0,False,8.93,6.01,20.0,
78.75,24035,303.037,-768.627,-0.011,6.267,30.0,1427,-1,12.4,True,10,True,True,0.0,0.3,-0.002,False,False,0.433,-0.016,116.141,1127,5.08,,,,,0,False,False,0.0,False,8.61,6.11,20.0,
78.8,24036,302.9,-768.349,-0.01,6.178,30.0,1427,-1,12.71,True,10,True,True,0.0,0.3,0.001,False,False,0.348,-0.012,116.188,1127,5.08,,,,,0,False,False,0.0,False,8.3,6.13,20.0,
78.85,24037,302.766,-768.076,-0.009,6.048,30.0,1427,-1,13.02,True,10,True,True,0.0,0.3,-0.003,False,False,0.227,-0.002,116.151,1127,5.08,,,,,0,False,False,0.0,False,8.0,6.09,20.0,
78.9,24038,302.636,-767.81,-0.008,5.889,30.0,1427,-1,13.32,True,10,True,True,0.0,0.3,0.004,False,False,0.106,-0.006,116.194,1127,5.08,,,,,0,False,False,0.0,False,7.7,6.02,20.0,
78.95,24039,302.508,-767.551,-0.007,5.71,30.0,1427,-1,13.6,True,10,True,True,0.0,0.3,-0.003,False,False,-0.002,-0.001,116.156,1127,5.08,,,,,0,False,False,0.0,False,7.41,5.94,20.0,
79.0,24040,302.385,-767.301,-0.006,5.517,30.0,1427,-1,13.88,True,10,True,True,0.0,0.3,0.004,False,False,-0.092,-0.005,116.2,1127,5.08,,,,,0,False,False,0.0,False,7.14,5.85,20.0,
79.05,24041,302.266,-767.059,-0.006,5.35,30.0,1427,-1,14.15,True,10,True,True,0.111,0.0,-0.003,False,False,-0.158,0.0,116.159,1127,5.08,,,,,0,False,False,0.0,False,6.87,5.76,20.0,
79.1,24042,302.15,-766.823,-0.005,5.21,30.0,1427,-1,14.41,True,10,True,True,0.711,0.0,0.004,False,False,-0.191,-0.004,116.203,1127,5.08,,,,,0,False,False,0.0,False,6.6,5.67,20.0,
79.15,24043,302.037,-766.592,-0.005,5.091,30.0,1427,-1,14.67,True,10,True,True,0.75,0.0,-0.003,False,False,-0.201,0.001,116.159,1127,5.08,,,,,0,False,False,0.0,False,6.35,5.6,20.0,
79.2,24044,301.925,-766.365,-0.006,5.068,30.0,1427,-1,14.93,True,10,True,True,0.75,0.0,0.004,False,False,-0.177,-0.004,116.199,1127,5.08,,,,,0,False,False,0.0,False,6.09,5.55,20.0,
79.25,24045,301.813,-766.137,-0.006,5.065,30.0,1427,-1,15.18,True,10,True,True,0.75,0.0,-0.003,False,False,-0.127,0.001,116.151,1127,5.08,,,,,0,False,False,0.0,False,5.84,5.53,20.0,
79.3,24046,301.703,-765.915,-0.006,4.799,30.0,1427,-1,15.43,True,10,True,True,0.75,0.0,0.004,False,False,-0.123,-0.003,116.185,1127,5.08,,,,,0,False,False,0.0,False,5.59,5.53,20.0,
79.35,24047,301.603,-765.71,-0.005,4.459,30.0,1427,-1,15.66,True,10,True,True,0.75,0.0,-0.002,False,False,-0.21,-0.001,116.198,1127,5.08,,,,,0,False,False,0.0,False,5.36,5.4,20.0,
79.4,24048,301.508,-765.516,-0.005,4.256,30.0,1427,-1,15.87,True,10,True,True,0.75,0.0,-0.001,False,False,-0.277,0.002,116.196,1127,5.08,,,,,0,False,False,0.0,False,5.15,5.23,20.0,
79.45,24049,301.415,-765.328,-0.005,4.161,30.0,1127,-1,0.14,False,-1,True,True,0.75,0.0,0.0,False,False,-0.289,0.002,116.195,1127,5.08,,,,,0,False,False,0.0,False,4.94,5.13,20.0,
79.5,24050,301.323,-765.142,-0.005,4.141,30.0,1127,-1,0.35,False,-1,True,True,0.75,0.0,0.008,False,False,-0.249,-0.012,116.218,1127,8.46,,,,,0,False,False,0.0,False,8.11,5.08,20.0,
79.55,24051,301.231,-764.955,-0.006,4.17,30.0,1127,-1,0.56,False,-1,True,True,0.75,0.0,-0.0,False,False,-0.178,-0.01,116.233,1127,8.46,,,,,0,False,False,0.0,False,7.91,5.07,20.0,
79.6,24052,301.137,-764.766,-0.006,4.229,30.0,1127,-1,0.77,False,-1,True,True,0.75,0.0,0.0,False,False,-0.095,-0.004,116.237,1127,8.46,,,,,0,False,False,0.0,False,7.69,5.08,20.0,
79.65,24053,301.043,-764.574,-0.007,4.306,30.0,1127,-1,0.98,False,-1,True,True,0.75,0.0,0.001,False,False,-0.014,-0.002,116.24,1127,8.46,,,,,0,False,False,0.0,False,7.48,5.11,20.0,
79.7,24054,300.946,-764.378,-0.008,4.394,30.0,1127,-1,1.2,False,-1,True,True,0.75,0.0,0.001,False,False,0.057,-0.001,116.244,1127,8.46,,,,,0,False,False,0.0,False,7.26,5.15,20.0,
79.75,24055,300.847,-764.178,-0.008,4.49,30.0,1127,-1,1.42,False,-1,True,True,0.75,0.0,0.0,False,False,0.115,-0.001,116.247,1127,8.46,,,,,0,False,False,0.0,False,7.04,5.2,20.0,
79.8,24056,300.746,-763.973,-0.009,4.589,30.0,1127,-1,1.65,False,-1,True,True,0.75,0.0,0.0,False,False,0.16,-0.0,116.25,1127,8.46,,,,,0,False,False,0.0,False,6.81,5.24,20.0,
79.85,24057,300.643,-763.765,-0.009,4.691,30.0,1127,-1,1.88,False,-1,True,True,0.75,0.0,0.0,False,False,0.194,-0.0,116.253,1127,8.46,,,,,0,False,False,0.0,False,6.58,5.29,20.0,
79.9,24058,300.538,-763.551,-0.009,4.795,30.0,1127,-1,2.12,False,-1,True,True,0.75,0.0,0.0,False,False,0.218,0.0,116.255,1127,8.46,,,,,0,False,False,0.0,False,6.34,5.35,20.0,
79.95,24059,300.43,-763.333,-0.009,4.899,30.0,1127,-1,2.37,False,-1,True,True,0.75,0.0,0.0,False,False,0.235,0.0,116.257,1127,8.46,,,,,0,False,False,0.0,False,6.1,5.4,20.0,
80.0,24060,300.321,-763.111,-0.009,5.002,30.0,1127,-1,2.61,False,-1,True,True,0.75,0.0,0.0,False,False,0.246,0.0,116.259,1127,8.46,,,,,0,False,False,0.0,False,5.85,5.45,20.0,
80.05,24061,300.209,-762.884,-0.009,5.107,30.0,1127,-1,2.87,False,-1,True,True,0.75,0.0,0.0,False,False,0.253,0.0,116.26,1127,8.46,,,,,0,False,False,0.0,False,5.6,5.5,20.0,
80.1,24062,300.094,-762.652,-0.009,5.166,30.0,1127,-1,3.13,False,-1,True,True,0.75,0.0,0.0,False,False,0.254,0.0,116.262,1127,8.46,,,,,0,False,False,0.0,False,5.34,5.55,20.0,
80.15,24063,299.977,-762.416,-0.009,5.34,30.0,1127,-1,3.39,False,-1,True,True,0.75,0.0,0.005,False,False,0.259,-0.009,116.273,1127,11.85,,,,,0,False,False,0.0,False,8.46,5.58,20.0,
80.2,24064,299.86,-762.179,-0.009,5.268,30.0,1127,-1,3.65,False,-1,True,True,0.75,0.0,0.0,False,False,0.233,-0.008,116.309,1127,11.85,,,,,0,False,False,0.0,False,8.19,5.67,20.0,
80.25,24065,299.743,-761.941,-0.009,5.324,30.0,1127,-1,3.92,False,-1,True,True,0.75,0.0,-0.002,False,False,0.194,0.0,116.289,1127,11.85,,,,,0,False,False,0.0,False,7.93,5.63,20.0,
80.3,24066,299.626,-761.705,-0.008,5.257,30.0,1127,-1,4.18,False,-1,True,True,0.75,0.0,0.002,False,False,0.152,-0.002,116.326,1127,11.85,,,,,0,False,False,0.0,False,7.67,5.66,20.0,
80.35,24067,299.508,-761.467,-0.008,5.345,30.0,1127,-1,4.45,False,-1,True,True,0.75,0.0,-0.003,False,False,0.131,0.003,116.305,1127,11.85,,,,,0,False,False,0.0,False,7.4,5.63,20.0,
80.4,24068,299.391,-761.229,-0.008,5.281,30.0,1127,-1,4.71,False,-1,True,True,0.75,0.0,0.002,False,False,0.112,-0.0,116.336,1127,11.85,,,,,0,False,False,0.0,False,7.14,5.67,20.0,
80.45,24069,299.273,-760.991,-0.008,5.349,30.0,1127,-1,4.98,False,-1,True,True,0.75,0.0,-0.003,False,False,0.101,0.002,116.306,1127,11.85,,,,,0,False,False,0.0,False,6.87,5.64,20.0,
80.5,24070,299.155,-760.751,-0.008,5.429,30.0,1127,-1,5.25,False,-1,True,True,0.75,0.0,0.002,False,False,0.104,-0.002,116.309,1127,11.85,,,,,0,False,False,0.0,False,6.6,5.67,20.0,
80.55,24071,299.026,-760.492,-0.009,5.955,30.0,1127,-1,5.54,False,-1,True,True,0.481,0.0,-0.0,False,False,0.245,-0.003,116.288,1127,11.85,,,,,0,False,False,0.0,False,6.31,5.71,20.0,
80.6,24072,298.89,-760.217,-0.01,6.182,30.0,1127,-1,5.84,False,-1,True,True,0.0,0.3,0.002,False,False,0.375,-0.005,116.286,1127,11.85,,,,,0,False,False,0.0,False,6.01,5.98,20.0,
80.65,24073,298.75,-759.935,-0.011,6.359,30.0,1127,-1,6.16,False,-1,True,True,0.0,0.3,0.004,False,False,0.424,-0.01,116.301,1127,15.23,,,,,0,False,False,0.0,False,9.08,6.09,20.0,
80.7,24074,298.61,-759.652,-0.01,6.272,30.0,1127,-1,6.47,False,-1,True,True,0.0,0.3,0.0,False,False,0.377,-0.006,116.312,1127,15.23,,,,,0,False,False,0.0,False,8.76,6.18,20.0,
80.75,24075,298.472,-759.373,-0.01,6.232,30.0,1127,-1,6.78,False,-1,True,True,0.0,0.3,0.0,False,False,0.282,-0.001,116.326,1127,15.23,,,,,0,False,False,0.0,False,8.45,6.14,20.0,
80.8,24076,298.337,-759.1,-0.008,6.014,30.0,1127,-1,7.09,False,-1,True,True,0.0,0.3,-0.001,False,False,0.158,0.003,116.306,1127,15.23,,,,,0,False,False,0.0,False,8.14,6.12,20.0,
80.85,24077,298.206,-758.835,-0.007,5.893,30.0,1127,-1,7.38,False,-1,True,True,0.0,0.3,0.002,False,False,0.044,-0.0,116.337,1127,15.23,,,,,0,False,False,0.0,False,7.85,6.01,20.0,
80.9,24078,298.079,-758.578,-0.007,5.637,30.0,1127,-1,7.67,False,-1,True,True,0.0,0.3,-0.002,False,False,-0.062,0.003,116.313,1127,15.23,,,,,0,False,False,0.0,False,7.56,5.95,20.0,
80.95,24079,297.956,-758.33,-0.006,5.495,30.0,1127,-1,7.95,False,-1,True,True,0.0,0.3,0.002,False,False,-0.14,0.0,116.343,1127,15.23,,,,,0,False,False,0.0,False,7.29,5.82,20.0,
81.0,24080,297.838,-758.091,-0.005,5.257,30.0,1127,-1,8.21,False,-1,True,True,0.182,0.0,-0.002,False,False,-0.201,0.003,116.314,1127,15.23,,,,,0,False,False,0.0,False,7.02,5.75,20.0,
81.05,24081,297.722,-757.858,-0.005,5.182,30.0,1127,-1,8.47,False,-1,True,True,0.75,0.0,0.003,False,False,-0.221,-0.002,116.337,1127,15.23,,,,,0,False,False,0.0,False,6.76,5.63,20.0,
81.1,24082,297.609,-757.631,-0.005,5.014,30.0,1127,-1,8.73,False,-1,True,True,0.75,0.0,-0.002,False,False,-0.224,-0.001,116.298,1127,15.23,,,,,0,False,False,0.0,False,6.5,5.59,20.0,
81.15,24083,297.497,-757.404,-0.006,5.086,30.0,1127,-1,8.98,False,-1,True,True,0.75,0.0,0.004,False,False,-0.176,-0.005,116.32,1127,15.23,,,,,0,False,False,0.0,False,6.25,5.51,20.0,
81.2,24084,297.385,-757.177,-0.006,5.011,30.0,1127,-1,9.23,False,-1,True,True,0.75,0.0,-0.001,False,False,-0.123,-0.002,116.292,1127,15.23,,,,,0,False,False,0.0,False,6.0,5.54,20.0,
81.25,24085,297.279,-756.963,-0.006,4.617,30.0,1127,-1,9.47,False,-1,True,True,0.75,0.0,0.003,False,False,-0.168,-0.003,116.32,1127,15.23,,,,,0,False,False,0.0,False,5.76,5.51,20.0,
81.3,24086,297.181,-756.765,-0.005,4.325,30.0,1127,-1,9.69,False,-1,True,True,0.75,0.0,-0.001,False,False,-0.257,0.001,116.33,1127,15.23,,,,,0,False,False,0.0,False,5.54,5.31,20.0,
81.35,24087,297.088,-756.577,-0.005,4.163,30.0,1127,-1,9.9,False,-1,True,True,0.75,0.0,-0.0,False,False,-0.303,0.003,116.329,1127,15.23,,,,,0,False,False,0.0,False,5.33,5.16,20.0,
81.4,24088,296.996,-756.392,-0.005,4.097,30.0,1127,-1,10.11,False,-1,True,True,0.75,0.0,0.0,False,False,-0.292,0.002,116.33,1127,15.23,,,,,0,False,False,0.0,False,5.12,5.08,20.0,
81.45,24089,296.905,-756.208,-0.005,4.097,30.0,1127,-1,10.32,False,-1,True,True,0.75,0.0,0.0,False,False,-0.236,0.002,116.33,1127,15.23,,,,,0,False,False,0.0,False,4.92,5.05,20.0,
81.5,24090,296.813,-756.023,-0.006,4.139,30.0,1127,-1,10.52,False,-1,True,True,0.75,0.0,0.002,False,False,-0.156,-0.002,116.337,1127,18.62,,,,,0,False,False,0.0,False,8.1,5.05,20.0,
81.55,24091,296.72,-755.835,-0.007,4.206,30.0,1127,-1,10.73,False,-1,True,True,0.75,0.0,0.0,False,False,-0.07,-0.002,116.341,1127,18.62,,,,,0,False,False,0.0,False,7.89,5.07,20.0,
81.6,24092,296.626,-755.644,-0.007,4.288,30.0,1127,-1,10.95,False,-1,True,True,0.75,0.0,0.0,False,False,0.01,-0.001,116.343,1127,18.62,,,,,0,False,False,0.0,False,7.67,5.1,20.0,
81.65,24093,296.529,-755.449,-0.008,4.38,30.0,1127,-1,11.16,False,-1,True,True,0.75,0.0,0.0,False,False,0.078,-0.0,116.344,1127,18.62,,,,,0,False,False,0.0,False,7.46,5.14,20.0,
81.7,24094,296.43,-755.249,-0.008,4.478,30.0,1127,-1,11.39,False,-1,True,True,0.75,0.0,0.0,False,False,0.132,-0.0,116.346,1127,18.62,,,,,0,False,False,0.0,False,7.23,5.19,20.0,
81.75,24095,296.329,-755.046,-0.009,4.579,30.0,1127,-1,11.61,False,-1,True,True,0.75,0.0,0.0,False,False,0.174,-0.0,116.347,1127,18.62,,,,,0,False,False,0.0,False,7.01,5.24,20.0,
81.8,24096,296.226,-754.838,-0.009,4.682,30.0,1127,-1,11.84,False,-1,True,True,0.75,0.0,0.0,False,False,0.204,0.0,116.348,1127,18.62,,,,,0,False,False,0.0,False,6.77,5.29,20.0,
81.85,24097,296.121,-754.625,-0.009,4.786,30.0,1127,-1,12.08,False,-1,True,True,0.75,0.0,0.0,False,False,0.225,-0.0,116.349,1127,18.62,,,,,0,False,False,0.0,False,6.54,5.34,20.0,
81.9,24098,296.013,-754.407,-0.009,4.89,30.0,1127,-1,12.32,False,-1,True,True,0.75,0.0,0.0,False,False,0.24,-0.0,116.35,1127,18.62,,,,,0,False,False,0.0,False,6.29,5.39,20.0,
81.95,24099,295.903,-754.186,-0.009,4.994,30.0,1127,-1,12.57,False,-1,True,True,0.75,0.0,0.0,False,False,0.249,0.0,116.351,1127,18.62,,,,,0,False,False,0.0,False,6.05,5.45,20.0,
82.0,24100,295.791,-753.959,-0.009,5.098,30.0,1127,-1,12.83,False,-1,True,True,0.75,0.0,0.0,False,False,0.255,0.0,116.351,1127,18.62,,,,,0,False,False,0.0,False,5.79,5.5,20.0,
82.05,24101,295.676,-753.728,-0.009,5.23,30.0,1127,-1,13.08,False,-1,True,True,0.75,0.0,0.0,False,False,0.261,-0.0,116.352,1127,18.62,,,,,0,False,False,0.0,False,5.53,5.55,20.0,
82.1,24102,295.56,-753.492,-0.009,5.261,30.0,1127,-1,13.35,False,-1,True,True,0.75,0.0,0.003,False,False,0.256,-0.005,116.361,1699,1.88,,,,,0,False,False,0.0,False,8.84,5.61,20.0,
82.15,24103,295.44,-753.252,-0.009,5.438,30.0,1127,-1,13.61,False,-1,True,True,0.75,0.0,-0.0,False,False,0.261,-0.004,116.365,1699,1.88,,,,,0,False,False,0.0,False,8.57,5.63,20.0,
82.2,24104,295.32,-753.009,-0.009,5.389,30.0,1127,-1,13.89,False,-1,True,True,0.478,0.0,0.0,False,False,0.242,-0.002,116.383,1699,1.88,,,,,0,False,False,0.0,False,8.3,5.72,20.0,
82.25,24105,295.2,-752.767,-0.009,5.419,30.0,1127,-1,14.16,False,-1,True,True,0.647,0.0,-0.001,False,False,0.199,0.002,116.359,1699,1.88,,,,,0,False,False,0.0,False,8.03,5.69,20.0,
82.3,24106,295.082,-752.528,-0.008,5.315,30.0,1127,-1,14.42,False,-1,True,True,0.532,0.0,0.002,False,False,0.143,-0.002,116.396,1699,1.88,,,,,0,False,False,0.0,False,7.77,5.71,20.0,
82.35,24107,294.963,-752.289,-0.008,5.353,30.0,1127,-1,14.69,False,-1,True,True,0.75,0.0,-0.003,False,False,0.104,0.003,116.374,1699,1.88,,,,,0,False,False,0.0,False,7.5,5.66,20.0,
82.4,24108,294.846,-752.052,-0.008,5.269,30.0,1127,-1,14.95,False,-1,True,True,0.75,0.0,0.002,False,False,0.071,-0.0,116.41,1699,1.88,,,,,0,False,False,0.0,False,7.23,5.68,20.0,
82.45,24109,294.728,-751.814,-0.008,5.341,30.0,1127,-1,15.22,False,-1,True,True,0.75,0.0,-0.003,False,False,0.063,0.003,116.386,1699,1.88,,,,,0,False,False,0.0,False,6.97,5.63,20.0,
82.5,24110,294.61,-751.576,-0.008,5.29,30.0,1127,-1,15.49,False,-1,True,True,0.75,0.0,0.002,False,False,0.06,-0.001,116.418,1699,1.88,,,,,0,False,False,0.0,False,6.7,5.67,20.0,
82.55,24111,294.491,-751.337,-0.008,5.368,30.0,1127,-1,15.75,False,-1,True,True,0.75,0.0,-0.003,False,False,0.071,0.002,116.394,1699,1.88,,,,,0,False,False,0.0,False,6.44,5.65,20.0,
82.6,24112,294.373,-751.098,-0.008,5.295,30.0,1127,-1,16.02,False,-1,True,True,0.694,0.0,0.001,False,False,0.067,-0.001,116.422,1699,1.88,,,,,0,False,False,0.0,False,6.17,5.68,20.0,
82.65,24113,294.254,-750.857,-0.008,5.517,30.0,1127,-1,16.29,False,-1,True,True,0.75,0.0,-0.003,False,False,0.089,0.001,116.418,1699,1.88,,,,,0,False,False,0.0,False,5.9,5.65,20.0,
82.7,24114,294.126,-750.598,-0.009,5.898,30.0,1127,-1,16.58,False,-1,True,True,0.158,0.0,-0.001,False,False,0.229,0.001,116.436,1699,1.88,,,,,0,False,False,0.0,False,5.61,5.76,20.0,
82.75,24115,293.989,-750.323,-0.01,6.245,30.0,1127,-1,16.88,False,-1,True,True,0.0,0.3,-0.001,False,False,0.367,-0.0,116.439,1699,5.64,,,,,0,False,False,0.0,False,9.08,5.95,20.0,
82.8,24116,293.85,-750.042,-0.011,6.256,30.0,1127,-1,17.2,False,-1,True,True,0.0,0.3,-0.001,False,False,0.4,-0.001,116.434,1699,5.64,,,,,0,False,False,0.0,False,8.77,6.12,20.0,
82.85,24117,293.71,-749.761,-0.01,6.284,30.0,1127,-1,17.51,False,-1,True,True,0.0,0.3,-0.001,False,False,0.355,-0.002,116.429,1699,5.64,,,,,0,False,False,0.0,False,8.45,6.13,20.0,
82.9,24118,293.573,-749.485,-0.009,6.105,30.0,1127,-1,17.82,False,-1,True,True,0.0,0.3,-0.0,False,False,0.251,-0.004,116.431,1699,5.64,,,,,0,False,False,0.0,False,8.14,6.14,20.0,
82.95,24119,293.439,-749.215,-0.008,6.006,30.0,1127,-1,18.12,False,-1,True,True,0.0,0.3,-0.001,False,False,0.137,-0.003,116.408,1699,5.64,,,,,0,False,False,0.0,False,7.84,6.05,20.0,
83.0,24120,293.309,-748.953,-0.007,5.762,30.0,1127,-1,18.41,False,-1,True,True,0.0,0.3,0.001,False,False,0.019,-0.006,116.433,1699,5.64,,,,,0,False,False,0.0,False,7.55,6.0,20.0,
83.05,24121,293.183,-748.7,-0.006,5.626,30.0,1127,-1,18.7,False,-1,True,True,0.0,0.3,-0.002,False,False,-0.075,-0.002,116.403,1699,5.64,,,,,0,False,False,0.0,False,7.27,5.88,20.0,
83.1,24122,293.062,-748.455,-0.006,5.36,30.0,1127,-1,18.97,False,-1,True,True,0.0,0.285,0.002,False,False,-0.156,-0.004,116.428,1699,5.64,,,,,0,False,False,0.0,False,6.99,5.81,20.0,
83.15,24123,292.945,-748.219,-0.005,5.252,30.0,1127,-1,19.23,False,-1,True,True,0.671,0.0,-0.003,False,False,-0.205,-0.0,116.4,1699,5.64,,,,,0,False,False,0.0,False,6.73,5.68,20.0,
83.2,24124,292.831,-747.99,-0.005,5.05,30.0,1127,-1,19.49,False,-1,True,True,0.75,0.0,0.002,False,False,-0.229,-0.002,116.434,1699,5.64,,,,,0,False,False,0.0,False,6.47,5.63,20.0,
83.25,24125,292.719,-747.764,-0.005,5.025,30.0,1127,-1,19.74,False,-1,True,True,0.75,0.0,-0.003,False,False,-0.219,0.003,116.436,1699,5.64,,,,,0,False,False,0.0,False,6.22,5.53,20.0,
83.3,24126,292.607,-747.539,-0.006,5.02,30.0,1127,-1,19.99,False,-1,True,True,0.75,0.0,-0.001,False,False,-0.168,0.003,116.428,1699,5.64,,,,,0,False,False,0.0,False,5.97,5.51,20.0,
83.35,24127,292.496,-747.314,-0.006,4.999,30.0,1127,-1,20.24,False,-1,True,True,0.75,0.0,-0.0,False,False,-0.109,0.001,116.438,1699,5.64,,,,,0,False,False,0.0,False,5.72,5.51,20.0,
83.4,24128,292.39,-747.101,-0.006,4.602,30.0,1698,-1,0.17,True,9,True,False,0.75,0.0,-0.002,False,False,-0.154,0.001,116.391,1699,5.64,,,,,0,False,False,0.0,False,5.48,5.5,20.0,
83.45,24129,292.292,-746.904,-0.005,4.323,30.0,1699,-1,0.39,True,9,True,True,0.75,0.0,0.004,False,False,-0.238,-0.004,116.383,1699,5.64,,,,,0,False,False,0.0,False,5.26,5.3,20.0,
83.5,24130,292.198,-746.715,-0.005,4.17,30.0,1699,-1,0.6,True,9,True,True,0.75,0.0,0.001,False,False,-0.283,-0.005,116.388,1699,5.64,,,,,0,False,False,0.0,False,5.05,5.16,20.0,
83.55,24131,292.11,-746.529,-0.005,4.105,30.0,1699,-1,0.81,True,9,True,True,0.75,0.0,-0.077,False,False,-0.274,0.104,116.201,1699,9.4,,,,,0,False,False,0.0,False,8.69,5.09,20.0,
83.6,24132,292.021,-746.343,-0.005,4.11,30.0,1699,-1,1.01,True,9,True,True,0.75,0.0,-0.004,False,False,-0.22,0.098,116.043,1699,9.4,,,,,0,False,False,0.0,False,8.48,5.05,20.0,
83.65,24133,291.931,-746.156,-0.006,4.155,30.0,1699,-1,1.22,True,9,True,True,0.75,0.0,-0.001,False,False,-0.142,0.045,115.998,1699,9.4,,,,,0,False,False,0.0,False,8.28,5.06,20.0,
83.7,24134,291.84,-745.967,-0.007,4.223,30.0,1699,-1,1.43,True,9,True,True,0.75,0.0,-0.008,False,False,-0.058,0.022,115.962,1699,9.4,,,,,0,False,False,0.0,False,8.07,5.08,20.0,
83.75,24135,291.747,-745.774,-0.007,4.307,30.0,1699,-1,1.64,True,9,True,True,0.75,0.0,-0.008,False,False,0.019,0.014,115.92,1699,9.4,,,,,0,False,False,0.0,False,7.85,5.11,20.0,
83.8,24136,291.652,-745.577,-0.008,4.399,30.0,1699,-1,1.86,True,9,True,True,0.75,0.0,-0.006,False,False,0.085,0.008,115.883,1699,9.4,,,,,0,False,False,0.0,False,7.63,5.15,20.0,
83.85,24137,291.555,-745.376,-0.008,4.497,30.0,1699,-1,2.09,True,9,True,True,0.75,0.0,-0.005,False,False,0.137,0.003,115.852,1699,9.4,,,,,0,False,False,0.0,False,7.41,5.2,20.0,
83.9,24138,291.456,-745.17,-0.009,4.599,30.0,1699,-1,2.32,True,9,True,True,0.75,0.0,-0.004,False,False,0.177,0.001,115.824,1699,9.4,,,,,0,False,False,0.0,False,7.18,5.25,20.0,
83.95,24139,291.355,-744.96,-0.009,4.702,30.0,1699,-1,2.55,True,9,True,True,0.75,0.0,-0.004,False,False,0.206,0.0,115.8,1699,9.4,,,,,0,False,False,0.0,False,6.95,5.3,20.0,
84.0,24140,291.251,-744.745,-0.009,4.806,30.0,1699,-1,2.79,True,9,True,True,0.75,0.0,-0.003,False,False,0.227,-0.0,115.779,1699,9.4,,,,,0,False,False,0.0,False,6.71,5.35,20.0,
84.05,24141,291.146,-744.525,-0.009,4.91,30.0,1699,-1,3.03,True,9,True,True,0.75,0.0,-0.003,False,False,0.241,-0.001,115.761,1699,9.4,,,,,0,False,False,0.0,False,6.47,5.4,20.0,
84.1,24142,291.038,-744.301,-0.009,5.014,30.0,1699,-1,3.28,True,9,True,True,0.75,0.0,-0.002,False,False,0.25,-0.001,115.746,1699,9.4,,,,,0,False,False,0.0,False,6.22,5.45,20.0,
84.15,24143,290.928,-744.072,-0.009,5.118,30.0,1699,-1,3.53,True,9,True,True,0.75,0.0,-0.002,False,False,0.256,-0.001,115.733,1699,9.4,,,,,0,False,False,0.0,False,5.96,5.51,20.0,
84.2,24144,290.816,-743.839,-0.009,5.178,30.0,1699,-1,3.79,True,9,True,True,0.75,0.0,-0.002,False,False,0.256,-0.0,115.721,1699,9.4,,,,,0,False,False,0.0,False,5.71,5.56,20.0,
84.25,24145,290.702,-743.601,-0.009,5.323,30.0,1699,-1,4.06,True,9,True,True,0.75,0.0,-0.001,False,False,0.256,-0.001,115.726,1699,9.4,,,,,0,False,False,0.834,False,5.44,5.59,20.0,
84.3,24146,290.591,-743.363,-0.009,5.22,30.0,1699,-1,4.32,True,9,True,True,0.75,0.0,-0.101,False,False,0.214,0.104,115.527,1699,13.17,,,,,0,False,False,0.997,False,8.98,5.66,20.0,
84.35,24147,290.482,-743.125,-0.008,5.282,30.0,1699,-1,4.58,True,9,True,True,0.75,0.0,-0.033,False,False,0.172,0.156,115.271,1699,13.17,,,,,0,False,False,1.17,False,8.72,5.61,20.0,
84.4,24148,290.373,-742.887,-0.008,5.22,30.0,1699,-1,4.84,True,9,True,True,0.75,0.0,-0.019,False,False,0.136,0.126,115.03,1699,13.17,,,,,0,False,False,1.356,False,8.46,5.64,20.0,
84.45,24149,290.263,-742.647,-0.008,5.316,30.0,1699,-1,5.11,True,9,True,True,0.75,0.0,-0.013,False,False,0.122,0.086,114.901,1699,13.17,,,,,0,False,False,1.541,False,8.19,5.61,20.0,
84.5,24150,290.154,-742.407,-0.008,5.247,30.0,1699,-1,5.37,True,9,True,True,0.75,0.0,-0.017,False,False,0.106,0.065,114.742,1699,13.17,,,,,0,False,False,0.0,False,7.93,5.66,20.0,
84.55,24151,290.045,-742.166,-0.008,5.315,30.0,1699,-1,5.63,True,9,True,True,0.75,0.0,-0.01,False,False,0.097,0.045,114.666,1699,13.17,,,,,0,False,False,0.0,False,7.67,5.62,20.0,
84.6,24152,289.934,-741.922,-0.008,5.498,30.0,1699,-1,5.9,True,9,True,True,0.75,0.0,-0.013,False,False,0.124,0.039,114.539,1699,13.17,,,,,0,False,False,0.0,False,7.4,5.66,20.0,
84.65,24153,289.814,-741.656,-0.01,6.006,30.0,1699,-1,6.19,True,9,True,True,0.231,0.0,-0.005,False,False,0.278,0.03,114.442,1699,13.17,,,,,0,False,False,0.0,False,7.11,5.75,20.0,
84.7,24154,289.687,-741.375,-0.011,6.197,30.0,1699,-1,6.5,True,9,True,True,0.0,0.3,-0.004,False,False,0.397,0.02,114.379,1699,13.17,,,,,0,False,False,0.0,False,6.8,6.0,20.0,
84.75,24155,289.558,-741.088,-0.011,6.336,30.0,1699,-1,6.82,True,9,True,True,0.0,0.3,-0.005,False,False,0.425,0.016,114.33,1699,13.17,,,,,0,False,False,0.0,False,6.48,6.1,20.0,
84.8,24156,289.429,-740.803,-0.01,6.224,30.0,1699,-1,7.13,True,9,True,True,0.0,0.3,-0.004,False,False,0.36,0.015,114.285,1699,13.17,,,,,0,False,False,0.0,False,6.17,6.17,20.0,
84.85,24157,289.303,-740.521,-0.009,6.159,30.0,1699,-1,7.44,True,9,True,True,0.0,0.3,-0.003,False,False,0.255,0.012,114.27,1699,13.17,,,,,0,False,False,1.546,False,5.86,6.11,20.0,
84.9,24158,289.183,-740.246,-0.008,5.925,30.0,1703,-1,6.65,True,9,True,False,0.0,0.3,-0.103,False,False,0.125,0.121,114.052,1126,1.88,,,,,0,False,False,1.353,False,9.32,6.08,20.0,
84.95,24159,289.069,-739.978,-0.007,5.802,30.0,1699,-1,8.0,True,9,True,True,0.0,0.3,-0.02,False,False,0.012,0.158,113.791,1126,1.88,,,,,0,False,False,1.17,False,9.03,5.96,20.0,
85.0,24160,288.957,-739.72,-0.006,5.544,30.0,1701,-1,6.42,True,9,True,False,0.0,0.3,-0.007,False,False,-0.087,0.105,113.591,1126,1.88,,,,,0,False,False,1.184,False,8.75,5.9,20.0,
85.05,24161,288.849,-739.469,-0.006,5.435,30.0,1699,-1,8.53,True,9,True,True,0.012,0.0,-0.006,False,False,-0.154,0.058,113.51,1126,1.88,,,,,0,False,False,1.377,False,8.48,5.77,20.0,
85.1,24162,288.744,-739.225,-0.005,5.219,30.0,1699,-1,8.8,True,9,True,True,0.401,0.0,-0.012,False,False,-0.196,0.04,113.392,1126,1.88,,,,,0,False,False,0.679,False,8.21,5.72,20.0,
85.15,24163,288.642,-738.988,-0.005,5.152,30.0,1699,-1,9.05,True,9,True,True,0.75,0.0,-0.005,False,False,-0.208,0.025,113.344,1126,1.88,,,,,0,False,False,0.0,False,7.95,5.61,20.0,
85.2,24164,288.542,-738.755,-0.005,5.019,30.0,1699,-1,9.31,True,9,True,True,0.75,0.0,-0.008,False,False,-0.203,0.021,113.255,1126,1.88,,,,,0,False,False,0.0,False,7.7,5.58,20.0,
85.25,24165,288.443,-738.522,-0.006,5.086,30.0,1699,-1,9.56,True,9,True,True,0.75,0.0,-0.003,False,False,-0.152,0.013,113.241,1126,1.88,,,,,0,False,False,0.0,False,7.45,5.51,20.0,
85.3,24166,288.344,-738.291,-0.006,4.916,30.0,1699,-1,9.81,True,9,True,True,0.75,0.0,-0.008,False,False,-0.112,0.014,113.199,1126,1.88,,,,,0,False,False,0.0,False,7.19,5.54,20.0,
85.35,24167,288.252,-738.075,-0.006,4.56,30.0,1699,-1,10.05,True,9,True,True,0.75,0.0,-0.004,False,False,-0.178,0.011,113.139,1126,1.88,,,,,0,False,False,0.0,False,6.96,5.46,20.0,
85.4,24168,288.166,-737.873,-0.005,4.304,30.0,1699,-1,10.27,True,9,True,True,0.75,0.0,-0.001,False,False,-0.259,0.005,113.114,1126,1.88,,,,,0,False,False,0.0,False,6.74,5.28,20.0,
85.45,24169,288.084,-737.68,-0.005,4.169,30.0,1699,-1,10.48,True,9,True,True,0.75,0.0,-0.003,False,False,-0.293,0.003,113.099,1126,1.88,,,,,0,False,False,0.0,False,6.53,5.15,20.0,
85.5,24170,288.003,-737.489,-0.005,4.122,30.0,1699,-1,10.68,True,9,True,True,0.75,0.0,-0.003,False,False,-0.272,0.003,113.085,1126,1.88,,,,,0,False,False,0.0,False,6.32,5.08,20.0,
85.55,24171,287.922,-737.299,-0.005,4.135,30.0,1699,-1,10.89,True,9,True,True,0.75,0.0,-0.002,False,False,-0.21,0.003,113.071,1126,1.88,,,,,0,False,False,1.719,False,6.12,5.06,20.0,
85.6,24172,287.84,-737.107,-0.006,4.183,30.0,1699,-1,11.04,True,9,True,True,0.75,0.0,-0.002,False,False,-0.129,0.002,113.06,1126,1.88,,,,,0,False,False,1.576,False,5.91,5.07,20.0,
85.65,24173,287.758,-736.911,-0.007,4.254,30.0,1699,-1,11.25,True,9,True,True,0.75,0.0,-0.002,False,False,-0.046,0.002,113.049,1126,1.88,,,,,0,False,False,1.436,False,5.7,5.09,20.0,
85.7,24174,287.673,-736.713,-0.008,4.339,30.0,1699,-1,11.47,True,9,True,True,0.75,0.0,-0.001,False,False,0.03,0.001,113.04,1126,1.88,,,,,0,False,False,1.293,False,5.48,5.13,20.0,
85.75,24175,287.587,-736.51,-0.008,4.432,30.0,1699,-1,11.69,True,9,True,True,0.75,0.0,-0.001,False,False,0.094,0.001,113.033,1126,1.88,,,,,0,False,False,1.149,False,5.26,5.17,20.0,
85.8,24176,287.499,-736.303,-0.009,4.531,30.0,1699,-1,11.91,True,9,True,True,0.75,0.0,-0.001,False,False,0.144,0.0,113.027,1126,1.88,,,,,0,False,False,1.007,False,5.03,5.22,20.0,
85.85,24177,287.413,-736.09,-0.009,4.625,30.0,1699,-1,12.14,True,9,True,True,0.75,0.0,-0.073,False,False,0.18,0.092,112.861,1126,5.63,,,,,0,False,False,0.869,False,8.56,5.27,20.0,
85.9,24178,287.325,-735.873,-0.009,4.729,30.0,1699,-1,12.38,True,9,True,True,0.75,0.0,-0.007,False,False,0.207,0.098,112.692,1126,5.63,,,,,0,False,False,0.727,False,8.32,5.31,20.0,
85.95,24179,287.233,-735.651,-0.009,4.834,30.0,1699,-1,12.62,True,9,True,True,0.75,0.0,-0.001,False,False,0.227,0.051,112.631,1126,5.63,,,,,0,False,False,0.0,False,8.08,5.36,20.0,
86.0,24180,287.14,-735.425,-0.009,4.939,30.0,1699,-1,12.86,True,9,True,True,0.75,0.0,-0.007,False,False,0.241,0.027,112.589,1126,5.63,,,,,0,False,False,0.0,False,7.84,5.42,20.0,
86.05,24181,287.044,-735.193,-0.009,5.043,30.0,1699,-1,13.11,True,9,True,True,0.75,0.0,-0.007,False,False,0.25,0.017,112.544,1126,5.63,,,,,0,False,False,0.0,False,7.59,5.47,20.0,
86.1,24182,286.947,-734.957,-0.009,5.154,30.0,1699,-1,13.37,True,9,True,True,0.75,0.0,-0.005,False,False,0.257,0.01,112.503,1126,5.63,,,,,0,False,False,0.0,False,7.33,5.52,20.0,
86.15,24183,286.849,-734.717,-0.009,5.206,30.0,1699,-1,13.63,True,9,True,True,0.75,0.0,-0.004,False,False,0.255,0.006,112.467,1126,5.63,,,,,0,False,False,0.0,False,7.07,5.58,20.0,
86.2,24184,286.748,-734.472,-0.009,5.333,30.0,1699,-1,13.89,True,9,True,True,0.75,0.0,-0.004,False,False,0.252,0.003,112.453,1126,5.63,,,,,0,False,False,0.0,False,6.81,5.6,20.0,
86.25,24185,286.648,-734.228,-0.009,5.24,30.0,1699,-1,14.16,True,9,True,True,0.75,0.0,-0.005,False,False,0.209,0.003,112.394,1126,5.63,,,,,0,False,False,0.0,False,6.54,5.67,20.0,
86.3,24186,286.548,-733.984,-0.008,5.305,30.0,1699,-1,14.42,True,9,True,True,0.75,0.0,0.0,False,False,0.17,-0.002,112.396,1126,5.63,,,,,0,False,False,0.0,False,6.28,5.62,20.0,
86.35,24187,286.447,-733.741,-0.008,5.246,30.0,1699,-1,14.68,True,9,True,True,0.75,0.0,-0.004,False,False,0.135,0.0,112.344,1126,5.63,,,,,0,False,False,0.0,False,6.02,5.65,20.0,
86.4,24188,286.347,-733.496,-0.008,5.342,30.0,1699,-1,14.95,True,9,True,True,0.75,0.0,0.001,False,False,0.123,-0.003,112.353,1126,5.63,,,,,0,False,False,0.0,False,5.75,5.62,20.0,
86.45,24189,286.246,-733.251,-0.008,5.266,30.0,1126,-1,0.14,False,-1,True,True,0.75,0.0,-0.003,False,False,0.105,0.0,112.313,1126,5.63,,,,,0,False,False,0.0,False,5.49,5.67,20.0,
86.5,24190,286.149,-733.005,-0.008,5.327,30.0,1126,-1,0.41,False,-1,True,True,0.75,0.0,-0.066,False,False,0.094,0.087,112.192,1126,9.38,,,,,0,False,False,0.0,False,8.99,5.63,20.0,
86.55,24191,286.048,-732.751,-0.008,5.608,30.0,1126,-1,0.68,False,-1,True,True,0.75,0.0,-0.011,False,False,0.148,0.099,112.031,1126,9.38,,,,,0,False,False,0.0,False,8.72,5.66,20.0,
86.6,24192,285.938,-732.476,-0.01,6.08,30.0,1126,-1,0.98,False,-1,True,True,0.0,0.167,-0.002,False,False,0.305,0.059,111.955,1126,9.38,,,,,0,False,False,0.0,False,8.42,5.8,20.0,
86.65,24193,285.823,-732.188,-0.011,6.232,30.0,1126,-1,1.29,False,-1,True,True,0.0,0.3,-0.006,False,False,0.405,0.035,111.899,1126,9.38,,,,,0,False,False,0.0,False,8.11,6.04,20.0,
86.7,24194,285.707,-731.894,-0.011,6.36,30.0,1126,-1,1.6,False,-1,True,True,0.0,0.3,-0.006,False,False,0.419,0.024,111.848,1126,9.38,,,,,0,False,False,0.0,False,7.8,6.12,20.0,
86.75,24195,285.59,-731.602,-0.01,6.241,30.0,1126,-1,1.92,False,-1,True,True,0.0,0.3,-0.004,False,False,0.348,0.016,111.798,1126,9.38,,,,,0,False,False,0.0,False,7.48,6.18,20.0,
86.8,24196,285.476,-731.315,-0.009,6.169,30.0,1126,-1,2.23,False,-1,True,True,0.0,0.3,-0.003,False,False,0.24,0.009,111.784,1126,9.38,,,,,0,False,False,0.0,False,7.17,6.12,20.0,
86.85,24197,285.365,-731.035,-0.008,5.944,30.0,1126,-1,2.53,False,-1,True,True,0.0,0.3,-0.005,False,False,0.114,0.009,111.728,1126,9.38,,,,,0,False,False,0.0,False,6.87,6.08,20.0,
86.9,24198,285.257,-730.763,-0.007,5.819,30.0,1126,-1,2.82,False,-1,True,True,0.0,0.3,-0.0,False,False,0.005,0.004,111.731,1126,9.38,,,,,0,False,False,0.0,False,6.58,5.97,20.0,
86.95,24199,285.153,-730.501,-0.006,5.56,30.0,1126,-1,3.1,False,-1,True,True,0.0,0.3,-0.004,False,False,-0.093,0.005,111.685,1126,9.38,,,,,0,False,False,0.0,False,6.3,5.91,20.0,
87.0,24200,285.052,-730.246,-0.006,5.445,30.0,1126,-1,3.38,False,-1,True,True,0.0,0.05,0.0,False,False,-0.159,0.001,111.695,1126,9.38,,,,,0,False,False,0.0,False,6.03,5.78,20.0,
87.05,24201,284.954,-730.0,-0.005,5.226,30.0,1126,-1,3.64,False,-1,True,True,0.362,0.0,-0.004,False,False,-0.202,0.002,111.648,1126,9.38,,,,,0,False,False,0.0,False,5.76,5.72,20.0,
87.1,24202,284.859,-729.759,-0.005,5.157,30.0,1126,-1,3.9,False,-1,True,True,0.75,0.0,0.002,False,False,-0.214,-0.002,111.659,1126,9.38,,,,,0,False,False,0.0,False,5.5,5.61,20.0,
87.15,24203,284.763,-729.524,-0.005,5.04,30.0,1126,-1,4.15,False,-1,True,True,0.75,0.0,0.033,False,False,-0.204,-0.053,111.692,1126,13.13,,,,,0,False,False,0.0,False,8.86,5.58,20.0,
87.2,24204,284.668,-729.288,-0.006,5.106,30.0,1126,-1,4.41,False,-1,True,True,0.75,0.0,0.006,False,False,-0.15,-0.055,111.798,1126,13.13,,,,,0,False,False,0.0,False,8.61,5.52,20.0,
87.25,24205,284.574,-729.056,-0.006,4.838,30.0,1126,-1,4.66,False,-1,True,True,0.75,0.0,-0.003,False,False,-0.128,-0.026,111.819,1126,13.13,,,,,0,False,False,0.0,False,8.36,5.55,20.0,
87.3,24206,284.488,-728.841,-0.005,4.497,30.0,1126,-1,4.89,False,-1,True,True,0.75,0.0,0.003,False,False,-0.208,-0.012,111.868,1126,13.13,,,,,0,False,False,0.0,False,8.13,5.42,20.0,
87.35,24207,284.408,-728.641,-0.005,4.257,30.0,1126,-1,5.11,False,-1,True,True,0.75,0.0,-0.001,False,False,-0.285,-0.002,111.883,1126,13.13,,,,,0,False,False,0.0,False,7.91,5.25,20.0,
87.4,24208,284.33,-728.447,-0.005,4.133,30.0,1126,-1,5.31,False,-1,True,True,0.75,0.0,0.001,False,False,-0.31,0.001,111.89,1126,13.13,,,,,0,False,False,0.0,False,7.7,5.13,20.0,
87.45,24209,284.253,-728.256,-0.005,4.095,30.0,1126,-1,5.52,False,-1,True,True,0.75,0.0,0.002,False,False,-0.279,0.0,111.898,1126,13.13,,,,,0,False,False,0.0,False,7.5,5.07,20.0,
87.5,24210,284.176,-728.066,-0.005,4.113,30.0,1126,-1,5.73,False,-1,True,True,0.75,0.0,0.001,False,False,-0.21,-0.0,111.905,1126,13.13,,,,,0,False,False,0.0,False,7.29,5.05,20.0,
87.55,24211,284.099,-727.873,-0.006,4.165,30.0,1126,-1,5.93,False,-1,True,True,0.75,0.0,0.001,False,False,-0.125,-0.0,111.911,1126,13.13,,,,,0,False,False,0.0,False,7.08,5.06,20.0,
87.6,24212,284.02,-727.677,-0.007,4.238,30.0,1126,-1,6.14,False,-1,True,True,0.75,0.0,0.001,False,False,-0.04,-0.0,111.917,1126,13.13,,,,,0,False,False,0.0,False,6.87,5.08,20.0,
87.65,24213,283.939,-727.478,-0.008,4.325,30.0,1126,-1,6.36,False,-1,True,True,0.75,0.0,0.001,False,False,0.036,0.0,111.921,1126,13.13,,,,,0,False,False,0.0,False,6.66,5.12,20.0,
87.7,24214,283.857,-727.274,-0.008,4.419,30.0,1126,-1,6.58,False,-1,True,True,0.75,0.0,0.001,False,False,0.099,0.0,111.925,1126,13.13,,,,,0,False,False,0.0,False,6.44,5.16,20.0,
87.75,24215,283.773,-727.066,-0.009,4.518,30.0,1126,-1,6.8,False,-1,True,True,0.75,0.0,0.001,False,False,0.149,0.0,111.929,1126,13.13,,,,,0,False,False,0.0,False,6.21,5.21,20.0,
87.8,24216,283.688,-726.853,-0.009,4.62,30.0,1126,-1,7.03,False,-1,True,True,0.75,0.0,0.0,False,False,0.186,0.0,111.932,1126,13.13,,,,,0,False,False,0.0,False,5.98,5.26,20.0,
87.85,24217,283.6,-726.636,-0.009,4.724,30.0,1126,-1,7.27,False,-1,True,True,0.75,0.0,0.0,False,False,0.213,-0.0,111.935,1126,13.13,,,,,0,False,False,0.0,False,5.75,5.31,20.0,
87.9,24218,283.511,-726.414,-0.009,4.828,30.0,1126,-1,7.51,False,-1,True,True,0.75,0.0,0.0,False,False,0.231,-0.0,111.937,1126,13.13,,,,,0,False,False,0.0,False,5.51,5.36,20.0,
87.95,24219,283.419,-726.187,-0.009,4.932,30.0,1126,-1,7.75,False,-1,True,True,0.75,0.0,0.0,False,False,0.244,0.0,111.939,1126,13.13,,,,,0,False,False,0.0,False,5.27,5.41,20.0,
88.0,24220,283.322,-725.957,-0.009,5.024,30.0,1126,-1,8.0,False,-1,True,True,0.75,0.0,0.1,False,False,0.249,-0.119,112.132,1126,16.89,,,,,0,False,False,0.0,False,8.76,5.47,20.0,
88.05,24221,283.221,-725.724,-0.009,5.132,30.0,1126,-1,8.25,False,-1,True,True,0.75,0.0,0.029,False,False,0.253,-0.169,112.413,1126,16.89,,,,,0,False,False,0.0,False,8.51,5.51,20.0,
88.1,24222,283.121,-725.486,-0.009,5.155,30.0,1126,-1,8.51,False,-1,True,True,0.75,0.0,0.013,False,False,0.242,-0.117,112.614,1126,16.89,,,,,0,False,False,0.0,False,8.25,5.57,20.0,
88.15,24223,283.02,-725.25,-0.009,5.133,30.0,1126,-1,8.77,False,-1,True,True,0.75,0.0,0.013,False,False,0.2,-0.073,112.696,1126,16.89,,,,,0,False,False,0.0,False,8.0,5.58,20.0,
88.2,24224,282.919,-725.015,-0.008,5.125,30.0,1126,-1,9.02,False,-1,True,True,0.75,0.0,0.018,False,False,0.157,-0.058,112.856,1126,16.89,,,,,0,False,False,0.0,False,7.74,5.57,20.0,
88.25,24225,282.818,-724.779,-0.008,5.134,30.0,1126,-1,9.28,False,-1,True,True,0.75,0.0,0.008,False,False,0.128,-0.037,112.909,1126,16.89,,,,,0,False,False,0.0,False,7.48,5.56,20.0,
88.3,24226,282.717,-724.543,-0.008,5.158,30.0,1126,-1,9.54,False,-1,True,True,0.75,0.0,0.014,False,False,0.113,-0.031,113.036,1126,16.89,,,,,0,False,False,0.0,False,7.23,5.57,20.0,
88.35,24227,282.615,-724.306,-0.008,5.175,30.0,1126,-1,9.8,False,-1,True,True,0.75,0.0,0.004,False,False,0.108,-0.018,113.058,1126,16.89,,,,,0,False,False,0.0,False,6.97,5.58,20.0,
88.4,24228,282.513,-724.068,-0.008,5.172,30.0,1126,-1,10.05,False,-1,True,True,0.75,0.0,0.011,False,False,0.098,-0.017,113.159,1126,16.89,,,,,0,False,False,0.0,False,6.71,5.59,20.0,
88.45,24229,282.41,-723.83,-0.008,5.211,30.0,1126,-1,10.31,False,-1,True,True,0.75,0.0,0.002,False,False,0.092,-0.008,113.166,1126,16.89,,,,,0,False,False,0.0,False,6.45,5.59,20.0,
88.5,24230,282.3,-723.576,-0.009,5.714,30.0,1126,-1,10.59,False,-1,True,True,0.75,0.0,0.008,False,False,0.215,-0.012,113.198,1126,16.89,,,,,0,False,False,0.0,False,6.17,5.61,20.0,
88.55,24231,282.181,-723.302,-0.01,6.085,30.0,1126,-1,10.89,False,-1,True,True,0.0,0.3,0.005,False,False,0.37,-0.013,113.22,1126,16.89,,,,,0,False,False,0.0,False,5.87,5.86,20.0,
88.6,24232,282.054,-723.018,-0.011,6.27,30.0,1126,-1,11.2,False,-1,True,True,0.0,0.3,0.082,False,False,0.45,-0.132,113.464,1126,20.64,,,,,0,False,False,0.0,False,9.31,6.04,20.0,
88.65,24233,281.924,-722.731,-0.011,6.299,30.0,1126,-1,11.51,False,-1,True,True,0.0,0.3,0.007,False,False,0.434,-0.136,113.698,1126,20.64,,,,,0,False,False,0.0,False,9.0,6.13,20.0,
88.7,24234,281.798,-722.446,-0.01,6.204,30.0,1126,-1,11.82,False,-1,True,True,0.0,0.3,-0.001,False,False,0.341,-0.07,113.853,1126,20.64,,,,,0,False,False,0.0,False,8.69,6.15,20.0,
88.75,24235,281.674,-722.167,-0.009,6.073,30.0,1126,-1,12.19,False,-1,True,True,0.0,0.3,0.001,False,False,0.219,-0.025,113.873,1126,20.64,,,,,0,False,False,0.0,False,8.38,6.1,20.0,
88.8,24236,281.553,-721.895,-0.008,5.91,30.0,1126,-1,12.49,False,-1,True,True,0.0,0.3,0.009,False,False,0.097,-0.019,113.962,1126,20.64,,,,,0,False,False,0.0,False,8.08,6.04,20.0,
88.85,24237,281.435,-721.631,-0.007,5.73,30.0,1126,-1,12.78,False,-1,True,True,0.0,0.3,0.002,False,False,-0.01,-0.01,113.965,1126,20.64,,,,,0,False,False,0.0,False,7.8,5.96,20.0,
88.9,24238,281.321,-721.376,-0.006,5.535,30.0,1126,-1,13.12,False,-1,True,True,0.0,0.3,0.007,False,False,-0.099,-0.011,114.043,1126,20.64,,,,,0,False,False,0.0,False,7.52,5.86,20.0,
88.95,24239,281.21,-721.128,-0.006,5.366,30.0,1126,-1,13.39,False,-1,True,True,0.042,0.0,-0.0,False,False,-0.163,-0.004,114.03,1126,20.64,,,,,0,False,False,0.0,False,7.25,5.77,20.0,
89.0,24240,281.102,-720.888,-0.005,5.219,30.0,1126,-1,13.66,False,-1,True,True,0.651,0.0,0.006,False,False,-0.197,-0.007,114.096,1126,20.64,,,,,0,False,False,0.0,False,6.98,5.68,20.0,
89.05,24241,280.997,-720.654,-0.005,5.09,30.0,1126,-1,13.91,False,-1,True,True,0.75,0.0,-0.001,False,False,-0.21,-0.002,114.071,1126,20.64,,,,,0,False,False,0.0,False,6.72,5.61,20.0,
89.1,24242,280.893,-720.421,-0.005,5.087,30.0,1126,-1,14.17,False,-1,True,True,0.75,0.0,0.006,False,False,-0.179,-0.005,114.145,1126,20.64,,,,,0,False,False,0.0,False,6.47,5.55,20.0,
89.15,24243,280.789,-720.189,-0.006,5.084,30.0,1126,-1,14.42,False,-1,True,True,0.75,0.0,-0.003,False,False,-0.127,0.001,114.114,1126,20.64,,,,,0,False,False,0.0,False,6.22,5.54,20.0,
89.2,24244,280.689,-719.965,-0.006,4.718,30.0,1126,-1,14.67,False,-1,True,True,0.75,0.0,0.005,False,False,-0.151,-0.001,114.128,1126,20.64,,,,,0,False,False,0.0,False,5.97,5.54,20.0,
89.25,24245,280.597,-719.761,-0.005,4.383,30.0,1126,-1,14.89,False,-1,True,True,0.75,0.0,0.001,False,False,-0.246,-0.002,114.123,1126,20.64,,,,,0,False,False,0.0,False,5.75,5.36,20.0,
89.3,24246,280.51,-719.567,-0.005,4.186,30.0,1126,-1,15.11,False,-1,True,True,0.75,0.0,0.003,False,False,-0.31,-0.003,114.13,1126,20.64,,,,,0,False,False,0.0,False,5.53,5.19,20.0,
89.35,24247,280.425,-719.379,-0.005,4.095,30.0,1126,-1,15.31,False,-1,True,True,0.75,0.0,0.002,False,False,-0.313,-0.002,114.139,1126,20.64,,,,,0,False,False,0.0,False,5.33,5.09,20.0,
89.4,24248,280.341,-719.193,-0.005,4.079,30.0,1126,-1,15.52,False,-1,True,True,0.75,0.0,0.001,False,False,-0.265,-0.001,114.146,1126,20.64,,,,,0,False,False,0.0,False,5.12,5.05,20.0,
89.45,24249,280.257,-719.005,-0.006,4.11,30.0,1126,-1,15.72,False,-1,True,True,0.75,0.0,0.001,False,False,-0.187,-0.0,114.152,1126,20.64,,,,,0,False,False,0.0,False,4.92,5.04,20.0,
89.5,24250,280.17,-718.817,-0.006,4.167,30.0,1126,-1,15.93,False,-1,True,True,0.75,0.0,0.052,False,False,-0.1,-0.07,114.282,1126,24.39,,,,,0,False,False,0.0,False,8.46,5.06,20.0,
89.55,24251,280.081,-718.625,-0.007,4.246,30.0,1126,-1,16.14,False,-1,True,True,0.75,0.0,0.004,False,False,-0.017,-0.063,114.386,1126,24.39,,,,,0,False,False,0.0,False,8.25,5.08,20.0,
89.6,24252,279.991,-718.429,-0.008,4.336,30.0,1126,-1,16.36,False,-1,True,True,0.75,0.0,0.002,False,False,0.057,-0.03,114.424,1126,24.39,,,,,0,False,False,0.0,False,8.04,5.12,20.0,
89.65,24253,279.9,-718.229,-0.008,4.433,30.0,1126,-1,16.58,False,-1,True,True,0.75,0.0,0.006,False,False,0.116,-0.015,114.454,1126,24.39,,,,,0,False,False,0.0,False,7.82,5.17,20.0,
89.7,24254,279.806,-718.024,-0.009,4.534,30.0,1126,-1,16.8,False,-1,True,True,0.75,0.0,0.005,False,False,0.162,-0.01,114.486,1126,24.39,,,,,0,False,False,0.0,False,7.59,5.22,20.0,
89.75,24255,279.71,-717.815,-0.009,4.637,30.0,1126,-1,17.03,False,-1,True,True,0.75,0.0,0.004,False,False,0.196,-0.006,114.515,1126,24.39,,,,,0,False,False,0.0,False,7.36,5.27,20.0,
89.8,24256,279.612,-717.601,-0.009,4.741,30.0,1126,-1,17.27,False,-1,True,True,0.75,0.0,0.003,False,False,0.22,-0.003,114.539,1126,24.39,,,,,0,False,False,0.0,False,7.12,5.32,20.0,
89.85,24257,279.511,-717.383,-0.009,4.846,30.0,1126,-1,17.51,False,-1,True,True,0.75,0.0,0.003,False,False,0.237,-0.001,114.561,1126,24.39,,,,,0,False,False,0.0,False,6.88,5.37,20.0,
89.9,24258,279.409,-717.159,-0.009,4.95,30.0,1126,-1,17.75,False,-1,True,True,0.75,0.0,0.003,False,False,0.247,-0.0,114.579,1126,24.39,,,,,0,False,False,0.0,False,6.64,5.42,20.0,
89.95,24259,279.304,-716.932,-0.009,5.054,30.0,1126,-1,18.0,False,-1,True,True,0.75,0.0,0.002,False,False,0.254,0.0,114.595,1126,24.39,,,,,0,False,False,0.0,False,6.39,5.47,20.0,
90.0,24260,279.198,-716.699,-0.009,5.164,30.0,1126,-1,18.26,False,-1,True,True,0.75,0.0,0.002,False,False,0.259,0.0,114.608,1126,24.39,,,,,0,False,False,0.0,False,6.13,5.53,20.0,
90.05,24261,279.089,-716.462,-0.009,5.217,30.0,1126,-1,18.52,False,-1,True,True,0.75,0.0,0.002,False,False,0.257,0.0,114.621,1126,24.39,,,,,0,False,False,0.0,False,5.87,5.58,20.0,
90.1,24262,278.978,-716.221,-0.009,5.36,30.0,1126,-1,18.78,False,-1,True,True,0.75,0.0,0.001,False,False,0.256,0.001,114.616,1126,24.39,,,,,0,False,False,0.0,False,5.61,5.61,20.0,
90.15,24263,278.866,-715.981,-0.009,5.265,30.0,1126,-1,19.05,False,-1,True,True,0.75,0.0,0.029,False,False,0.215,-0.043,114.727,1126,28.14,,,,,0,False,False,0.0,False,9.09,5.68,20.0,
90.2,24264,278.755,-715.741,-0.009,5.329,30.0,1126,-1,19.31,False,-1,True,True,0.75,0.0,-0.001,False,False,0.176,-0.035,114.774,1126,28.14,,,,,0,False,False,0.0,False,8.83,5.63,20.0,
90.25,24265,278.644,-715.501,-0.008,5.268,30.0,1126,-1,19.58,False,-1,True,True,0.75,0.0,0.002,False,False,0.139,-0.019,114.842,1126,28.14,,,,,0,False,False,0.0,False,8.56,5.66,20.0,
90.3,24266,278.532,-715.26,-0.008,5.363,30.0,1126,-1,19.84,False,-1,True,True,0.75,0.0,-0.001,False,False,0.125,-0.005,114.838,1126,28.14,,,,,0,False,False,0.0,False,8.3,5.63,20.0,
90.35,24267,278.42,-715.019,-0.008,5.287,30.0,1126,-1,20.11,False,-1,True,True,0.725,0.0,0.004,False,False,0.106,-0.005,114.882,1126,28.14,,,,,0,False,False,0.0,False,8.03,5.68,20.0,
90.4,24268,278.308,-714.777,-0.008,5.354,30.0,1126,-1,20.38,False,-1,True,True,0.75,0.0,-0.001,False,False,0.096,-0.001,114.866,1126,28.14,,,,,0,False,False,0.0,False,7.77,5.64,20.0,
90.45,24269,278.192,-714.529,-0.008,5.633,30.0,1126,-1,20.65,False,-1,True,True,0.75,0.0,0.004,False,False,0.15,-0.005,114.869,1126,28.14,,,,,0,False,False,0.0,False,7.49,5.68,20.0,
90.5,24270,278.067,-714.259,-0.01,6.1,30.0,1126,-1,20.95,False,-1,True,True,0.0,0.259,0.002,False,False,0.305,-0.008,114.871,1126,28.14,,,,,0,False,False,0.0,False,7.19,5.82,20.0,
90.55,24271,277.936,-713.977,-0.011,6.244,30.0,1126,-1,21.26,False,-1,True,True,0.0,0.3,0.002,False,False,0.402,-0.007,114.882,1126,28.14,,,,,0,False,False,0.0,False,6.88,6.05,20.0,
90.6,24272,277.802,-713.69,-0.011,6.371,30.0,1126,-1,21.58,False,-1,True,True,0.0,0.3,0.001,False,False,0.414,-0.004,114.894,1126,28.14,,,,,0,False,False,0.0,False,6.57,6.12,20.0,
90.65,24273,277.669,-713.404,-0.01,6.251,30.0,1126,-1,21.89,False,-1,True,True,0.0,0.3,0.001,False,False,0.343,-0.001,114.903,1126,28.14,,,,,0,False,False,0.0,False,6.25,6.19,20.0,
90.7,24274,277.539,-713.123,-0.009,6.19,30.0,1126,-1,22.2,False,-1,True,True,0.0,0.3,0.001,False,False,0.239,0.001,114.897,1126,28.14,,,,,0,False,False,0.0,False,5.94,6.13,20.0,
90.75,24275,277.411,-712.85,-0.008,5.962,30.0,1126,-1,22.5,False,-1,True,True,0.0,0.3,0.017,False,False,0.114,-0.027,114.969,1126,31.9,,,,,0,False,False,0.0,False,9.39,6.09,20.0,
90.8,24276,277.286,-712.585,-0.007,5.835,30.0,1126,-1,22.8,False,-1,True,True,0.0,0.3,-0.001,False,False,0.005,-0.021,114.987,1126,31.9,,,,,0,False,False,0.0,False,9.1,5.98,20.0,
90.85,24277,277.166,-712.328,-0.006,5.575,30.0,1126,-1,23.08,False,-1,True,True,0.0,0.3,0.002,False,False,-0.093,-0.013,115.034,1126,31.9,,,,,0,False,False,0.0,False,8.82,5.92,20.0,
90.9,24278,277.05,-712.08,-0.006,5.455,30.0,1126,-1,23.35,False,-1,True,True,0.0,0.105,-0.001,False,False,-0.16,-0.003,115.02,1126,31.9,,,,,0,False,False,0.0,False,8.54,5.79,20.0,
90.95,24279,276.938,-711.839,-0.005,5.233,30.0,1126,-1,23.62,False,-1,True,True,0.325,0.0,0.003,False,False,-0.205,-0.003,115.064,1126,31.9,,,,,0,False,False,0.0,False,8.28,5.73,20.0,
91.0,24280,276.828,-711.604,-0.005,5.163,30.0,1126,-1,23.88,False,-1,True,True,0.75,0.0,-0.002,False,False,-0.218,0.002,115.05,1126,31.9,,,,,0,False,False,0.0,False,8.02,5.62,20.0,
91.05,24281,276.721,-711.373,-0.005,5.048,30.0,1126,-1,24.13,False,-1,True,True,0.75,0.0,0.002,False,False,-0.207,0.0,115.1,1126,31.9,,,,,0,False,False,0.0,False,7.76,5.58,20.0,
91.1,24282,276.613,-711.143,-0.006,5.114,30.0,1126,-1,24.39,False,-1,True,True,0.75,0.0,-0.004,False,False,-0.152,0.005,115.078,1126,31.9,,,,,0,False,False,0.0,False,7.51,5.52,20.0,
91.15,24283,276.507,-710.916,-0.006,4.845,30.0,1126,-1,24.64,False,-1,True,True,0.75,0.0,0.002,False,False,-0.129,0.001,115.094,1126,31.9,,,,,0,False,False,0.0,False,7.26,5.56,20.0,
91.2,24284,276.408,-710.706,-0.005,4.503,30.0,1126,-1,24.87,False,-1,True,True,0.75,0.0,-0.001,False,False,-0.209,0.0,115.062,1126,31.9,,,,,0,False,False,0.0,False,7.03,5.42,20.0,
91.25,24285,276.316,-710.51,-0.005,4.262,30.0,1126,-1,25.09,False,-1,True,True,0.75,0.0,0.003,False,False,-0.287,-0.004,115.061,1126,31.9,,,,,0,False,False,0.0,False,6.81,5.25,20.0,
91.3,24286,276.228,-710.321,-0.005,4.137,30.0,1126,-1,25.29,False,-1,True,True,0.75,0.0,0.001,False,False,-0.311,-0.004,115.066,1126,31.9,,,,,0,False,False,0.0,False,6.6,5.13,20.0,
91.35,24287,276.14,-710.135,-0.005,4.099,30.0,1126,-1,25.5,False,-1,True,True,0.75,0.0,0.0,False,False,-0.28,-0.002,115.07,1126,31.9,,,,,0,False,False,0.0,False,6.4,5.07,20.0,
91.4,24288,276.053,-709.948,-0.005,4.116,30.0,1126,-1,25.71,False,-1,True,True,0.75,0.0,0.0,False,False,-0.212,-0.001,115.073,1126,31.9,,,,,0,False,False,0.0,False,6.19,5.05,20.0,
91.45,24289,275.965,-709.76,-0.006,4.168,30.0,1126,-1,25.91,False,-1,True,True,0.75,0.0,0.0,False,False,-0.127,-0.0,115.075,1126,31.9,,,,,0,False,False,0.0,False,5.98,5.06,20.0,
91.5,24290,275.875,-709.568,-0.007,4.241,30.0,1126,-1,26.13,False,-1,True,True,0.75,0.0,0.0,False,False,-0.041,-0.0,115.077,1126,31.9,,,,,0,False,False,0.0,False,5.77,5.08,20.0,
91.55,24291,275.784,-709.373,-0.008,4.327,30.0,1126,-1,26.34,False,-1,True,True,0.75,0.0,0.0,False,False,0.035,0.0,115.079,1126,31.9,,,,,0,False,False,0.0,False,5.56,5.12,20.0,
91.6,24292,275.691,-709.174,-0.008,4.422,30.0,1126,-1,26.56,False,-1,True,True,0.75,0.0,0.0,False,False,0.099,0.0,115.081,1126,31.9,,,,,0,False,False,0.0,False,5.34,5.16,20.0,
91.65,24293,275.596,-708.971,-0.009,4.521,30.0,1126,-1,26.79,False,-1,True,True,0.75,0.0,0.0,False,False,0.148,0.0,115.082,1126,31.9,,,,,0,False,False,0.0,False,5.11,5.21,20.0,
91.7,24294,275.498,-708.763,-0.009,4.623,30.0,1126,-1,27.01,False,-1,True,True,0.75,0.0,0.01,False,False,0.185,-0.016,115.113,1126,35.65,,,,,0,False,False,0.0,False,8.63,5.26,20.0,
91.75,24295,275.398,-708.551,-0.009,4.726,30.0,1126,-1,27.25,False,-1,True,True,0.75,0.0,0.0,False,False,0.212,-0.014,115.135,1126,35.65,,,,,0,False,False,0.0,False,8.4,5.31,20.0,
91.8,24296,275.296,-708.334,-0.009,4.83,30.0,1126,-1,27.49,False,-1,True,True,0.75,0.0,-0.0,False,False,0.231,-0.006,115.142,1126,35.65,,,,,0,False,False,0.0,False,8.16,5.36,20.0,
91.85,24297,275.192,-708.113,-0.009,4.934,30.0,1126,-1,27.73,False,-1,True,True,0.75,0.0,0.001,False,False,0.244,-0.003,115.147,1126,35.65,,,,,0,False,False,0.0,False,7.91,5.42,20.0,
91.9,24298,275.086,-707.887,-0.009,5.038,30.0,1126,-1,27.98,False,-1,True,True,0.75,0.0,0.001,False,False,0.252,-0.002,115.153,1126,35.65,,,,,0,False,False,0.0,False,7.66,5.47,20.0,
91.95,24299,274.977,-707.656,-0.009,5.139,30.0,1126,-1,28.24,False,-1,True,True,0.75,0.0,0.001,False,False,0.257,-0.001,115.158,1126,35.65,,,,,0,False,False,0.0,False,7.41,5.52,20.0,
92.0,24300,274.866,-707.42,-0.009,5.277,30.0,1126,-1,28.5,False,-1,True,True,0.75,0.0,0.001,False,False,0.26,-0.0,115.163,1126,35.65,,,,,0,False,False,0.0,False,7.15,5.57,20.0,
92.05,24301,274.754,-707.181,-0.009,5.286,30.0,1126,-1,28.76,False,-1,True,True,0.75,0.0,0.0,False,False,0.253,0.0,115.154,1126,35.65,,,,,0,False,False,0.0,False,6.89,5.64,20.0,
92.1,24302,274.641,-706.941,-0.009,5.336,30.0,1126,-1,29.03,False,-1,True,True,0.75,0.0,0.002,False,False,0.225,-0.002,115.183,1126,35.65,,,,,0,False,False,0.0,False,6.62,5.64,20.0,
92.15,24303,274.528,-706.702,-0.009,5.257,30.0,1126,-1,29.29,False,-1,True,True,0.75,0.0,-0.002,False,False,0.177,0.002,115.15,1126,35.65,,,,,0,False,False,0.0,False,6.36,5.67,20.0,
92.2,24304,274.416,-706.463,-0.008,5.335,30.0,1126,-1,29.56,False,-1,True,True,0.75,0.0,0.003,False,False,0.147,-0.002,115.175,1126,35.65,,,,,0,False,False,0.0,False,6.09,5.63,20.0,
92.25,24305,274.303,-706.223,-0.008,5.288,30.0,1126,-1,29.82,False,-1,True,True,0.75,0.0,-0.001,False,False,0.123,0.001,115.143,1126,35.65,,,,,0,False,False,0.0,False,5.83,5.67,20.0,
92.3,24306,274.189,-705.982,-0.008,5.354,30.0,1126,-1,30.09,False,-1,True,True,0.75,0.0,0.003,False,False,0.111,-0.003,115.17,1126,35.65,,,,,0,False,False,0.0,False,5.56,5.64,20.0,
92.35,24307,274.076,-705.742,-0.008,5.28,30.0,1126,-1,30.35,False,-1,True,True,0.75,0.0,0.004,False,False,0.093,-0.008,115.158,1126,39.4,,,,,0,False,False,0.0,False,9.05,5.68,20.0,
92.4,24308,273.959,-705.494,-0.008,5.701,30.0,1126,-1,30.63,False,-1,True,True,0.75,0.0,0.003,False,False,0.154,-0.011,115.165,1126,39.4,,,,,0,False,False,0.0,False,8.77,5.64,20.0,
92.45,24309,273.832,-705.225,-0.01,6.02,30.0,1126,-1,30.93,False,-1,True,True,0.0,0.3,0.002,False,False,0.3,-0.008,115.165,1126,39.4,,,,,0,False,False,0.0,False,8.48,5.85,20.0,
92.5,24310,273.699,-704.944,-0.011,6.304,30.0,1126,-1,31.24,False,-1,True,True,0.0,0.3,0.002,False,False,0.404,-0.005,115.174,1126,39.4,,,,,0,False,False,0.0,False,8.16,6.01,20.0,
92.55,24311,273.565,-704.659,-0.011,6.293,30.0,1126,-1,31.55,False,-1,True,True,0.0,0.3,0.001,False,False,0.408,-0.002,115.185,1126,39.4,,,,,0,False,False,0.0,False,7.85,6.15,20.0,
92.6,24312,273.431,-704.374,-0.01,6.304,30.0,1126,-1,31.87,False,-1,True,True,0.0,0.3,0.001,False,False,0.345,0.001,115.193,1126,39.4,,,,,0,False,False,0.0,False,7.53,6.15,20.0,
92.65,24313,273.299,-704.095,-0.009,6.117,30.0,1126,-1,32.18,False,-1,True,True,0.0,0.3,0.001,False,False,0.233,0.002,115.208,1126,39.4,,,,,0,False,False,0.0,False,7.23,6.15,20.0,
92.7,24314,273.171,-703.822,-0.008,6.01,30.0,1126,-1,32.48,False,-1,True,True,0.0,0.3,-0.0,False,False,0.116,0.004,115.189,1126,39.4,,,,,0,False,False,0.0,False,6.92,6.06,20.0,
92.75,24315,273.046,-703.557,-0.007,5.763,30.0,1126,-1,32.77,False,-1,True,True,0.0,0.3,0.003,False,False,0.001,-0.001,115.221,1126,39.4,,,,,0,False,False,0.0,False,6.63,6.01,20.0,
92.8,24316,272.925,-703.301,-0.006,5.625,30.0,1126,-1,33.05,False,-1,True,True,0.0,0.3,-0.002,False,False,-0.09,0.002,115.197,1126,39.4,,,,,0,False,False,0.0,False,6.35,5.88,20.0,
92.85,24317,272.809,-703.055,-0.006,5.358,30.0,1126,-1,33.32,False,-1,True,True,0.0,0.285,0.003,False,False,-0.168,-0.001,115.228,1126,39.4,,,,,0,False,False,0.0,False,6.08,5.81,20.0,
92.9,24318,272.697,-702.816,-0.005,5.248,30.0,1126,-1,33.59,False,-1,True,True,0.677,0.0,-0.002,False,False,-0.215,0.002,115.203,1126,39.4,,,,,0,False,False,0.0,False,5.81,5.68,20.0,
92.95,24319,272.588,-702.584,-0.005,5.046,30.0,1126,-1,33.84,False,-1,True,True,0.75,0.0,0.002,False,False,-0.236,0.0,115.241,1126,39.4,,,,,0,False,False,0.0,False,5.56,5.62,20.0,
93.0,24320,272.48,-702.355,-0.005,5.068,30.0,1126,-1,34.1,False,-1,True,True,0.75,0.0,-0.003,False,False,-0.211,0.004,115.238,1126,39.4,,,,,0,False,False,0.0,False,5.3,5.52,20.0,
93.05,24321,272.372,-702.127,-0.006,5.05,30.0,1126,-1,34.35,False,-1,True,True,0.75,0.0,0.004,False,False,-0.16,-0.003,115.246,1126,43.15,,,,,0,False,False,0.0,False,8.8,5.53,20.0,
93.1,24322,272.266,-701.901,-0.006,4.868,30.0,1126,-1,34.6,False,-1,True,True,0.75,0.0,0.0,False,False,-0.124,-0.004,115.265,1126,43.15,,,,,0,False,False,0.0,False,8.55,5.53,20.0,
93.15,24323,272.167,-701.693,-0.005,4.477,30.0,1126,-1,34.83,False,-1,True,True,0.75,0.0,-0.001,False,False,-0.204,-0.002,115.294,1126,43.15,,,,,0,False,False,0.0,False,8.32,5.43,20.0,
93.2,24324,272.076,-701.498,-0.005,4.233,30.0,1126,-1,35.05,False,-1,True,True,0.75,0.0,-0.003,False,False,-0.284,0.002,115.293,1126,43.15,,,,,0,False,False,0.0,False,8.11,5.24,20.0,
93.25,24325,271.987,-701.311,-0.005,4.107,30.0,1126,-1,35.25,False,-1,True,True,0.75,0.0,-0.001,False,False,-0.31,0.001,115.288,1126,43.15,,,,,0,False,False,0.0,False,7.9,5.12,20.0,
93.3,24326,271.9,-701.126,-0.005,4.067,30.0,1126,-1,35.46,False,-1,True,True,0.75,0.0,-0.0,False,False,-0.28,-0.001,115.286,1126,43.15,,,,,0,False,False,0.0,False,7.7,5.05,20.0,
93.35,24327,271.813,-700.941,-0.005,4.084,30.0,1126,-1,35.66,False,-1,True,True,0.75,0.0,-0.0,False,False,-0.212,-0.001,115.284,1126,43.15,,,,,0,False,False,0.0,False,7.49,5.03,20.0,
93.4,24328,271.725,-700.754,-0.006,4.136,30.0,1126,-1,35.87,False,-1,True,True,0.75,0.0,-0.0,False,False,-0.128,-0.001,115.282,1126,43.15,,,,,0,False,False,0.0,False,7.29,5.04,20.0,
93.45,24329,271.635,-700.565,-0.007,4.209,30.0,1126,-1,36.08,False,-1,True,True,0.75,0.0,-0.0,False,False,-0.042,-0.001,115.28,1126,43.15,,,,,0,False,False,0.0,False,7.08,5.07,20.0,
93.5,24330,271.544,-700.372,-0.008,4.296,30.0,1126,-1,36.29,False,-1,True,True,0.75,0.0,-0.0,False,False,0.035,-0.001,115.279,1126,43.15,,,,,0,False,False,0.0,False,6.86,5.1,20.0,
93.55,24331,271.451,-700.174,-0.008,4.39,30.0,1126,-1,36.51,False,-1,True,True,0.75,0.0,-0.0,False,False,0.098,-0.001,115.277,1126,43.15,,,,,0,False,False,0.0,False,6.64,5.15,20.0,
93.6,24332,271.356,-699.973,-0.009,4.49,30.0,1126,-1,36.73,False,-1,True,True,0.75,0.0,-0.0,False,False,0.148,-0.001,115.276,1126,43.15,,,,,0,False,False,0.0,False,6.42,5.2,20.0,
93.65,24333,271.259,-699.767,-0.009,4.592,30.0,1126,-1,36.96,False,-1,True,True,0.75,0.0,-0.0,False,False,0.186,-0.0,115.275,1126,43.15,,,,,0,False,False,0.0,False,6.19,5.24,20.0,
93.7,24334,271.159,-699.556,-0.009,4.696,30.0,1126,-1,37.19,False,-1,True,True,0.75,0.0,-0.0,False,False,0.213,-0.0,115.274,1126,43.15,,,,,0,False,False,0.0,False,5.96,5.3,20.0,
93.75,24335,271.057,-699.341,-0.009,4.8,30.0,1126,-1,37.43,False,-1,True,True,0.75,0.0,-0.0,False,False,0.231,-0.0,115.273,1126,43.15,,,,,0,False,False,0.0,False,5.72,5.35,20.0,
93.8,24336,270.954,-699.121,-0.009,4.904,30.0,1126,-1,37.67,False,-1,True,True,0.75,0.0,-0.0,False,False,0.244,-0.0,115.273,1126,43.15,,,,,0,False,False,0.0,False,5.48,5.4,20.0,
93.85,24337,270.848,-698.896,-0.009,5.009,30.0,1126,-1,37.92,False,-1,True,True,0.75,0.0,-0.0,False,False,0.252,-0.0,115.272,1126,43.15,,,,,0,False,False,0.0,False,5.23,5.45,20.0,
93.9,24338,270.739,-698.667,-0.009,5.113,30.0,1126,-1,38.18,False,-1,True,True,0.75,0.0,0.002,False,False,0.257,-0.004,115.279,1126,46.9,,,,,0,False,False,0.0,False,8.73,5.5,20.0,
93.95,24339,270.629,-698.433,-0.009,5.193,30.0,1126,-1,38.43,False,-1,True,True,0.75,0.0,-0.0,False,False,0.258,-0.003,115.271,1126,46.9,,,,,0,False,False,0.0,False,8.47,5.56,20.0,
94.0,24340,270.517,-698.197,-0.009,5.208,30.0,1126,-1,38.7,False,-1,True,True,0.75,0.0,0.001,False,False,0.238,-0.003,115.306,1126,46.9,,,,,0,False,False,0.0,False,8.21,5.6,20.0,
94.05,24341,270.406,-697.963,-0.009,5.19,30.0,1126,-1,38.96,False,-1,True,True,0.75,0.0,-0.003,False,False,0.192,0.003,115.261,1126,46.9,,,,,0,False,False,0.0,False,7.95,5.6,20.0,
94.1,24342,270.296,-697.729,-0.008,5.188,30.0,1126,-1,39.21,False,-1,True,True,0.75,0.0,0.004,False,False,0.151,-0.003,115.308,1126,46.9,,,,,0,False,False,0.0,False,7.69,5.6,20.0,
94.15,24343,270.185,-697.494,-0.008,5.202,30.0,1126,-1,39.47,False,-1,True,True,0.75,0.0,-0.004,False,False,0.125,0.003,115.263,1126,46.9,,,,,0,False,False,0.0,False,7.43,5.59,20.0,
94.2,24344,270.074,-697.258,-0.008,5.231,30.0,1126,-1,39.73,False,-1,True,True,0.75,0.0,0.004,False,False,0.114,-0.003,115.309,1126,46.9,,,,,0,False,False,0.0,False,7.17,5.6,20.0,
94.25,24345,269.962,-697.022,-0.008,5.226,30.0,1126,-1,40.0,False,-1,True,True,0.75,0.0,-0.004,False,False,0.103,0.003,115.267,1126,46.9,,,,,0,False,False,0.0,False,6.91,5.62,20.0,
94.3,24346,269.851,-696.786,-0.008,5.222,30.0,1126,-1,40.26,False,-1,True,True,0.75,0.0,0.003,False,False,0.092,-0.002,115.313,1126,46.9,,,,,0,False,False,0.0,False,6.65,5.61,20.0,
94.35,24347,269.736,-696.542,-0.008,5.577,30.0,1126,-1,40.53,False,-1,True,True,0.75,0.0,-0.004,False,False,0.152,0.004,115.307,1126,46.9,,,,,0,False,False,0.0,False,6.38,5.61,20.0,
94.4,24348,269.611,-696.277,-0.01,5.992,30.0,1126,-1,40.82,False,-1,True,True,0.0,0.049,-0.0,False,False,0.308,0.003,115.334,1126,46.9,,,,,0,False,False,0.0,False,6.09,5.79,20.0,
94.45,24349,269.479,-695.997,-0.011,6.234,30.0,1126,-1,41.13,False,-1,True,True,0.0,0.3,-0.003,False,False,0.421,0.005,115.313,1126,46.9,,,,,0,False,False,0.0,False,5.78,6.0,20.0,
94.5,24350,269.345,-695.713,-0.011,6.285,30.0,1126,-1,41.44,False,-1,True,True,0.0,0.3,0.002,False,False,0.431,-0.002,115.336,1126,50.66,,,,,0,False,False,0.0,False,9.22,6.12,20.0,
94.55,24351,269.212,-695.432,-0.01,6.201,30.0,1126,-1,41.75,False,-1,True,True,0.0,0.3,-0.003,False,False,0.352,-0.0,115.297,1126,50.66,,,,,0,False,False,0.0,False,8.9,6.14,20.0,
94.6,24352,269.081,-695.156,-0.009,6.072,30.0,1126,-1,42.06,False,-1,True,True,0.0,0.3,0.003,False,False,0.234,-0.006,115.335,1126,50.66,,,,,0,False,False,0.0,False,8.6,6.1,20.0,
94.65,24353,268.954,-694.887,-0.008,5.914,30.0,1126,-1,42.36,False,-1,True,True,0.0,0.3,-0.004,False,False,0.113,-0.0,115.293,1126,50.66,,,,,0,False,False,0.0,False,8.3,6.04,20.0,
94.7,24354,268.83,-694.625,-0.007,5.735,30.0,1126,-1,42.65,False,-1,True,True,0.0,0.3,0.003,False,False,0.004,-0.005,115.332,1126,50.66,,,,,0,False,False,0.0,False,8.01,5.96,20.0,
94.75,24355,268.71,-694.372,-0.006,5.543,30.0,1126,-1,42.93,False,-1,True,True,0.0,0.3,-0.004,False,False,-0.088,0.0,115.289,1126,50.66,,,,,0,False,False,0.0,False,7.73,5.87,20.0,
94.8,24356,268.595,-694.127,-0.006,5.373,30.0,1126,-1,43.2,False,-1,True,True,0.018,0.0,0.003,False,False,-0.155,-0.004,115.33,1126,50.66,,,,,0,False,False,0.0,False,7.46,5.77,20.0,
94.85,24357,268.482,-693.888,-0.005,5.225,30.0,1126,-1,43.46,False,-1,True,True,0.627,0.0,-0.004,False,False,-0.191,0.001,115.287,1126,50.66,,,,,0,False,False,0.0,False,7.2,5.69,20.0,
94.9,24358,268.372,-693.656,-0.005,5.094,30.0,1126,-1,43.72,False,-1,True,True,0.75,0.0,0.003,False,False,-0.206,-0.003,115.331,1126,50.66,,,,,0,False,False,0.0,False,6.94,5.61,20.0,
94.95,24359,268.264,-693.427,-0.005,5.05,30.0,1126,-1,43.97,False,-1,True,True,0.75,0.0,-0.004,False,False,-0.192,0.002,115.277,1126,50.66,,,,,0,False,False,0.0,False,6.69,5.55,20.0,
95.0,24360,268.156,-693.199,-0.006,5.045,30.0,1126,-1,44.22,False,-1,True,True,0.75,0.0,0.004,False,False,-0.143,-0.004,115.319,1126,50.66,,,,,0,False,False,0.0,False,6.43,5.53,20.0,
95.05,24361,268.049,-692.973,-0.006,4.861,30.0,1126,-1,44.47,False,-1,True,True,0.75,0.0,-0.003,False,False,-0.117,0.0,115.298,1126,50.66,,,,,0,False,False,0.0,False,6.18,5.52,20.0,
95.1,24362,267.951,-692.765,-0.006,4.482,30.0,1126,-1,44.7,False,-1,True,True,0.75,0.0,0.002,False,False,-0.199,-0.001,115.316,1126,50.66,,,,,0,False,False,0.0,False,5.95,5.43,20.0,
95.15,24363,267.859,-692.57,-0.005,4.248,30.0,1126,-1,44.92,False,-1,True,True,0.75,0.0,-0.002,False,False,-0.276,0.001,115.319,1126,50.66,,,,,0,False,False,0.0,False,5.74,5.24,20.0,
95.2,24364,267.77,-692.381,-0.005,4.129,30.0,1126,-1,45.13,False,-1,True,True,0.75,0.0,-0.001,False,False,-0.3,0.001,115.316,1126,50.66,,,,,0,False,False,0.0,False,5.53,5.12,20.0,
95.25,24365,267.682,-692.196,-0.005,4.094,30.0,1126,-1,45.33,False,-1,True,True,0.75,0.0,-0.0,False,False,-0.27,0.001,115.314,1126,50.66,,,,,0,False,False,0.0,False,5.32,5.06,20.0,
95.3,24366,267.594,-692.01,-0.006,4.114,30.0,1126,-1,45.54,False,-1,True,True,0.75,0.0,-0.0,False,False,-0.202,0.0,115.313,1126,50.66,,,,,0,False,False,0.0,False,5.12,5.05,20.0,
95.35,24367,267.505,-691.822,-0.006,4.167,30.0,1126,-1,45.75,False,-1,True,True,0.75,0.0,-0.0,False,False,-0.118,-0.0,115.312,1126,50.66,,,,,0,False,False,0.0,False,4.91,5.06,20.0,
95.4,24368,267.415,-691.631,-0.007,4.241,30.0,1126,-1,45.96,False,-1,True,True,0.75,0.0,0.0,False,False,-0.035,-0.001,115.312,1126,54.41,,,,,0,False,False,0.0,False,8.45,5.08,20.0,
95.45,24369,267.323,-691.436,-0.008,4.328,30.0,1126,-1,46.17,False,-1,True,True,0.75,0.0,-0.0,False,False,0.04,-0.001,115.312,1126,54.41,,,,,0,False,False,0.0,False,8.24,5.12,20.0,
95.5,24370,267.229,-691.237,-0.008,4.422,30.0,1126,-1,46.39,False,-1,True,True,0.75,0.0,-0.0,False,False,0.102,-0.001,115.312,1126,54.41,,,,,0,False,False,0.0,False,8.02,5.16,20.0,
95.55,24371,267.133,-691.034,-0.009,4.522,30.0,1126,-1,46.62,False,-1,True,True,0.75,0.0,-0.0,False,False,0.151,-0.0,115.312,1126,54.41,,,,,0,False,False,0.0,False,7.79,5.21,20.0,
95.6,24372,267.035,-690.827,-0.009,4.624,30.0,1126,-1,46.85,False,-1,True,True,0.75,0.0,-0.0,False,False,0.188,-0.0,115.311,1126,54.41,,,,,0,False,False,0.0,False,7.56,5.26,20.0,
95.65,24373,266.934,-690.615,-0.009,4.727,30.0,1126,-1,47.08,False,-1,True,True,0.75,0.0,-0.0,False,False,0.214,-0.0,115.311,1126,54.41,,,,,0,False,False,0.0,False,7.33,5.31,20.0,
95.7,24374,266.832,-690.398,-0.009,4.831,30.0,1126,-1,47.32,False,-1,True,True,0.75,0.0,-0.0,False,False,0.232,-0.0,115.311,1126,54.41,,,,,0,False,False,0.0,False,7.09,5.36,20.0,
95.75,24375,266.727,-690.177,-0.009,4.936,30.0,1126,-1,47.57,False,-1,True,True,0.75,0.0,-0.0,False,False,0.244,-0.0,115.31,1126,54.41,,,,,0,False,False,0.0,False,6.84,5.42,20.0,
95.8,24376,266.62,-689.951,-0.009,5.04,30.0,1126,-1,47.82,False,-1,True,True,0.75,0.0,-0.0,False,False,0.252,0.0,115.31,1126,54.41,,,,,0,False,False,0.0,False,6.59,5.47,20.0,
95.85,24377,266.511,-689.72,-0.009,5.141,30.0,1126,-1,48.07,False,-1,True,True,0.75,0.0,0.0,False,False,0.257,-0.0,115.31,1126,54.41,,,,,0,False,False,0.0,False,6.34,5.52,20.0,
95.9,24378,266.4,-689.485,-0.009,5.279,30.0,1126,-1,48.33,False,-1,True,True,0.75,0.0,0.0,False,False,0.261,-0.0,115.31,1126,54.41,,,,,0,False,False,0.0,False,6.08,5.57,20.0,
95.95,24379,266.287,-689.246,-0.009,5.305,30.0,1126,-1,48.6,False,-1,True,True,0.75,0.0,-0.0,False,False,0.256,-0.0,115.314,1126,54.41,,,,,0,False,False,0.0,False,5.81,5.64,20.0,
96.0,24380,266.172,-689.003,-0.009,5.392,30.0,1126,-1,48.86,False,-1,True,True,0.75,0.0,-0.0,False,False,0.243,0.001,115.296,1126,54.41,,,,,0,False,False,0.0,False,5.55,5.65,20.0,
96.05,24381,266.058,-688.762,-0.009,5.304,30.0,1126,-1,49.13,False,-1,True,True,0.642,0.0,0.002,False,False,0.196,-0.002,115.332,1126,58.16,,,,,0,False,False,0.0,False,9.03,5.7,20.0,
96.1,24382,265.944,-688.521,-0.008,5.365,30.0,1126,-1,49.4,False,-1,True,True,0.75,0.0,-0.003,False,False,0.157,0.003,115.309,1126,58.16,,,,,0,False,False,0.0,False,8.77,5.65,20.0,
96.15,24383,265.831,-688.281,-0.008,5.302,30.0,1126,-1,49.66,False,-1,True,True,0.725,0.0,0.002,False,False,0.123,-0.0,115.342,1126,58.16,,,,,0,False,False,0.0,False,8.5,5.68,20.0,
96.2,24384,265.716,-688.039,-0.008,5.392,30.0,1126,-1,49.93,False,-1,True,True,0.75,0.0,-0.003,False,False,0.112,0.003,115.317,1126,58.16,,,,,0,False,False,0.0,False,8.23,5.65,20.0,
96.25,24385,265.602,-687.797,-0.008,5.317,30.0,1126,-1,50.2,False,-1,True,True,0.616,0.0,0.002,False,False,0.096,-0.0,115.344,1126,58.16,,,,,0,False,False,0.0,False,7.96,5.7,20.0,
96.3,24386,265.488,-687.555,-0.008,5.383,30.0,1126,-1,50.47,False,-1,True,True,0.75,0.0,-0.003,False,False,0.089,0.002,115.313,1126,58.16,,,,,0,False,False,0.0,False,7.7,5.66,20.0,
96.35,24387,265.37,-687.306,-0.008,5.656,30.0,1126,-1,50.74,False,-1,True,True,0.641,0.0,0.002,False,False,0.144,-0.003,115.303,1126,58.16,,,,,0,False,False,0.0,False,7.42,5.69,20.0,
96.4,24388,265.242,-687.037,-0.01,6.101,30.0,1126,-1,51.04,False,-1,True,True,0.0,0.3,0.001,False,False,0.295,-0.005,115.293,1126,58.16,,,,,0,False,False,0.0,False,7.12,5.83,20.0,
96.45,24389,265.109,-686.757,-0.01,6.213,30.0,1126,-1,51.35,False,-1,True,True,0.0,0.3,0.001,False,False,0.382,-0.005,115.294,1126,58.16,,,,,0,False,False,0.0,False,6.81,6.05,20.0,
96.5,24390,264.975,-686.473,-0.01,6.316,30.0,1126,-1,51.66,False,-1,True,True,0.0,0.3,0.0,False,False,0.385,-0.003,115.297,1126,58.16,,,,,0,False,False,0.0,False,6.5,6.11,20.0,
96.55,24391,264.842,-686.191,-0.01,6.179,30.0,1126,-1,51.98,False,-1,True,True,0.0,0.3,0.0,False,False,0.31,-0.0,115.298,1126,58.16,,,,,0,False,False,0.0,False,6.19,6.16,20.0,
96.6,24392,264.711,-685.914,-0.009,6.108,30.0,1126,-1,52.28,False,-1,True,True,0.0,0.3,0.0,False,False,0.206,0.001,115.313,1126,58.16,,,,,0,False,False,0.0,False,5.88,6.09,20.0,
96.65,24393,264.584,-685.645,-0.008,5.876,30.0,1126,-1,52.58,False,-1,True,True,0.0,0.3,-0.001,False,False,0.086,0.004,115.289,1726,1.94,,,,,0,False,False,0.0,False,9.4,6.05,20.0,
96.7,24394,264.46,-685.384,-0.007,5.748,30.0,1126,-1,52.87,False,-1,True,True,0.0,0.3,0.002,False,False,-0.018,0.0,115.319,1726,1.94,,,,,0,False,False,0.0,False,9.11,5.94,20.0,
96.75,24395,264.341,-685.132,-0.006,5.486,30.0,1126,-1,53.15,False,-1,True,True,0.0,0.3,-0.002,False,False,-0.111,0.003,115.293,1726,1.94,,,,,0,False,False,0.0,False,8.83,5.87,20.0,
96.8,24396,264.226,-684.888,-0.006,5.378,30.0,1126,-1,53.42,False,-1,True,True,0.22,0.0,0.002,False,False,-0.171,0.0,115.321,1726,1.94,,,,,0,False,False,0.0,False,8.56,5.74,20.0,
96.85,24397,264.113,-684.651,-0.005,5.176,30.0,1126,-1,53.68,False,-1,True,True,0.609,0.0,-0.002,False,False,-0.205,0.002,115.288,1726,1.94,,,,,0,False,False,0.0,False,8.3,5.69,20.0,
96.9,24398,264.004,-684.418,-0.005,5.134,30.0,1126,-1,53.94,False,-1,True,True,0.75,0.0,0.003,False,False,-0.205,-0.003,115.312,1726,1.94,,,,,0,False,False,0.0,False,8.04,5.59,20.0,
96.95,24399,263.895,-684.189,-0.005,5.03,30.0,1126,-1,54.19,False,-1,True,True,0.75,0.0,-0.002,False,False,-0.185,-0.001,115.271,1726,1.94,,,,,0,False,False,0.0,False,7.79,5.57,20.0,
97.0,24400,263.786,-683.96,-0.006,5.097,30.0,1126,-1,54.44,False,-1,True,True,0.75,0.0,0.004,False,False,-0.13,-0.005,115.3,1726,1.94,,,,,0,False,False,0.0,False,7.53,5.52,20.0,
97.05,24401,263.679,-683.734,-0.006,4.844,30.0,1126,-1,54.69,False,-1,True,True,0.75,0.0,-0.002,False,False,-0.109,-0.001,115.284,1726,1.94,,,,,0,False,False,0.0,False,7.28,5.55,20.0,
97.1,24402,263.58,-683.523,-0.006,4.545,30.0,1126,-1,54.93,False,-1,True,True,0.75,0.0,0.002,False,False,-0.18,-0.001,115.3,1726,1.94,,,,,0,False,False,0.0,False,7.05,5.42,20.0,
97.15,24403,263.486,-683.324,-0.005,4.339,30.0,1126,-1,55.15,False,-1,True,True,0.75,0.0,-0.001,False,False,-0.247,0.001,115.304,1726,1.94,,,,,0,False,False,0.0,False,6.83,5.27,20.0,
97.2,24404,263.395,-683.131,-0.005,4.24,30.0,1126,-1,55.36,False,-1,True,True,0.75,0.0,-0.0,False,False,-0.264,0.002,115.304,1726,1.94,,,,,0,False,False,0.0,False,6.62,5.17,20.0,
97.25,24405,263.304,-682.94,-0.005,4.217,30.0,1126,-1,55.57,False,-1,True,True,0.75,0.0,0.0,False,False,-0.232,0.002,115.305,1726,1.94,,,,,0,False,False,0.0,False,6.41,5.12,20.0,
97.3,24406,263.214,-682.748,-0.006,4.244,30.0,1126,-1,55.78,False,-1,True,True,0.75,0.0,0.0,False,False,-0.167,0.001,115.306,1726,1.94,,,,,0,False,False,0.0,False,6.19,5.11,20.0,
97.35,24407,263.122,-682.555,-0.007,4.3,30.0,1126,-1,56.0,False,-1,True,True,0.75,0.0,0.0,False,False,-0.089,0.001,115.306,1726,1.94,,,,,0,False,False,0.0,False,5.98,5.12,20.0,
97.4,24408,263.029,-682.358,-0.007,4.376,30.0,1126,-1,56.22,False,-1,True,True,0.75,0.0,0.0,False,False,-0.012,0.0,115.307,1726,1.94,,,,,0,False,False,0.0,False,5.76,5.15,20.0,
97.45,24409,262.934,-682.157,-0.008,4.463,30.0,1126,-1,56.44,False,-1,True,True,0.75,0.0,0.0,False,False,0.057,0.0,115.307,1726,1.94,,,,,0,False,False,0.0,False,5.54,5.19,20.0,
97.5,24410,262.837,-681.952,-0.008,4.557,30.0,1126,-1,56.66,False,-1,True,True,0.75,0.0,-0.0,False,False,0.114,0.0,115.307,1726,1.94,,,,,0,False,False,0.0,False,5.31,5.23,20.0,
97.55,24411,262.738,-681.743,-0.009,4.656,30.0,1126,-1,56.9,False,-1,True,True,0.75,0.0,0.0,False,False,0.159,0.0,115.308,1726,1.94,,,,,0,False,False,0.0,False,5.08,5.28,20.0,
97.6,24412,262.637,-681.53,-0.009,4.757,30.0,1126,-1,57.13,False,-1,True,True,0.75,0.0,0.0,False,False,0.192,-0.0,115.309,1726,5.82,,,,,0,False,False,0.0,False,8.72,5.33,20.0,
97.65,24413,262.534,-681.312,-0.009,4.86,30.0,1126,-1,57.37,False,-1,True,True,0.75,0.0,0.0,False,False,0.216,-0.0,115.309,1726,5.82,,,,,0,False,False,0.0,False,8.48,5.38,20.0,
97.7,24414,262.429,-681.089,-0.009,4.963,30.0,1126,-1,57.62,False,-1,True,True,0.75,0.0,0.0,False,False,0.233,-0.0,115.31,1726,5.82,,,,,0,False,False,0.0,False,8.24,5.43,20.0,
97.75,24415,262.321,-680.862,-0.009,5.067,30.0,1126,-1,57.87,False,-1,True,True,0.75,0.0,0.0,False,False,0.245,-0.0,115.31,1726,5.82,,,,,0,False,False,0.0,False,7.99,5.48,20.0,
97.8,24416,262.212,-680.63,-0.009,5.15,30.0,1126,-1,58.13,False,-1,True,True,0.75,0.0,0.0,False,False,0.251,-0.0,115.31,1726,5.82,,,,,0,False,False,0.0,False,7.73,5.53,20.0,
97.85,24417,262.1,-680.394,-0.009,5.305,30.0,1126,-1,58.39,False,-1,True,True,0.75,0.0,0.0,False,False,0.256,-0.0,115.311,1726,5.82,,,,,0,False,False,0.0,False,7.47,5.58,20.0,
97.9,24418,261.986,-680.153,-0.009,5.333,30.0,1126,-1,58.65,False,-1,True,True,0.75,0.0,0.0,False,False,0.254,-0.0,115.311,1726,5.82,,,,,0,False,False,0.0,False,7.2,5.65,20.0,
97.95,24419,261.87,-679.908,-0.009,5.491,30.0,1126,-1,58.93,False,-1,True,True,0.75,0.0,0.0,False,False,0.257,-0.0,115.321,1726,5.82,,,,,0,False,False,0.0,False,6.93,5.67,20.0,
98.0,24420,261.754,-679.662,-0.009,5.398,30.0,1126,-1,59.2,False,-1,True,True,0.28,0.0,-0.001,False,False,0.222,0.002,115.293,1726,5.82,,,,,0,False,False,0.0,False,6.66,5.75,20.0,
98.05,24421,261.638,-679.418,-0.009,5.423,30.0,1126,-1,59.47,False,-1,True,True,0.608,0.0,0.002,False,False,0.174,-0.003,115.318,1726,5.82,,,,,0,False,False,0.0,False,6.39,5.7,20.0,
98.1,24422,261.524,-679.176,-0.008,5.308,30.0,1126,-1,59.74,False,-1,True,True,0.511,0.0,-0.002,False,False,0.118,0.0,115.283,1726,5.82,,,,,0,False,False,0.0,False,6.12,5.71,20.0,
98.15,24423,261.41,-678.936,-0.008,5.334,30.0,1126,-1,60.0,False,-1,True,True,0.75,0.0,0.003,False,False,0.078,-0.003,115.307,1726,5.82,,,,,0,False,False,0.0,False,5.85,5.65,20.0,
98.2,24424,261.297,-678.698,-0.007,5.239,30.0,1726,-1,0.23,True,8,True,True,0.75,0.0,-0.002,False,False,0.047,0.0,115.273,1726,5.82,,,,,0,False,False,0.0,False,5.59,5.67,20.0,
98.25,24425,261.185,-678.46,-0.007,5.302,30.0,1726,-1,0.49,True,8,True,True,0.75,0.0,0.004,False,False,0.04,-0.004,115.299,1726,9.69,,,,,0,False,False,0.0,False,9.21,5.62,20.0,
98.3,24426,261.072,-678.222,-0.007,5.241,30.0,1726,-1,0.75,True,8,True,True,0.75,0.0,-0.002,False,False,0.038,0.0,115.269,1726,9.69,,,,,0,False,False,0.0,False,8.94,5.65,20.0,
98.35,24427,260.958,-677.982,-0.008,5.336,30.0,1726,-1,1.02,True,8,True,True,0.75,0.0,0.003,False,False,0.054,-0.003,115.296,1726,9.69,,,,,0,False,False,0.0,False,8.68,5.62,20.0,
98.4,24428,260.845,-677.743,-0.008,5.26,30.0,1726,-1,1.28,True,8,True,True,0.75,0.0,-0.001,False,False,0.058,0.001,115.27,1726,9.69,,,,,0,False,False,0.0,False,8.41,5.67,20.0,
98.45,24429,260.732,-677.504,-0.008,5.327,30.0,1726,-1,1.55,True,8,True,True,0.75,0.0,0.003,False,False,0.065,-0.001,115.303,1726,9.69,,,,,0,False,False,0.0,False,8.15,5.63,20.0,
98.5,24430,260.615,-677.257,-0.008,5.606,30.0,1726,-1,1.82,True,8,True,True,0.75,0.0,-0.002,False,False,0.13,0.004,115.315,1726,9.69,,,,,0,False,False,0.0,False,7.87,5.66,20.0,
98.55,24431,260.489,-676.989,-0.01,6.077,30.0,1726,-1,2.12,True,8,True,True,0.0,0.162,-0.001,False,False,0.294,0.006,115.327,1726,9.69,,,,,0,False,False,0.0,False,7.58,5.8,20.0,
98.6,24432,260.357,-676.708,-0.011,6.228,30.0,1726,-1,2.43,True,8,True,True,0.0,0.3,-0.001,False,False,0.398,0.006,115.326,1726,9.69,,,,,0,False,False,0.0,False,7.27,6.04,20.0,
98.65,24433,260.222,-676.423,-0.011,6.356,30.0,1726,-1,2.74,True,8,True,True,0.0,0.3,-0.0,False,False,0.415,0.003,115.323,1726,9.69,,,,,0,False,False,0.0,False,6.95,6.11,20.0,
98.7,24434,260.087,-676.139,-0.01,6.236,30.0,1726,-1,3.06,True,8,True,True,0.0,0.3,-0.0,False,False,0.345,0.0,115.322,1726,9.69,,,,,0,False,False,0.0,False,6.64,6.18,20.0,
98.75,24435,259.955,-675.859,-0.009,6.176,30.0,1726,-1,3.37,True,8,True,True,0.0,0.3,-0.0,False,False,0.24,-0.001,115.311,1726,9.69,,,,,0,False,False,0.0,False,6.33,6.12,20.0,
98.8,24436,259.826,-675.587,-0.008,5.948,30.0,1726,-1,3.67,True,8,True,True,0.0,0.3,0.001,False,False,0.116,-0.004,115.333,1726,9.69,,,,,0,False,False,0.0,False,6.03,6.09,20.0,
98.85,24437,259.701,-675.323,-0.007,5.822,30.0,1726,-1,3.96,True,8,True,True,0.0,0.3,-0.002,False,False,0.007,-0.0,115.305,1726,9.69,,,,,0,False,False,0.0,False,5.74,5.97,20.0,
98.9,24438,259.58,-675.067,-0.006,5.562,30.0,1726,-1,4.24,True,8,True,True,0.0,0.3,0.003,False,False,-0.092,-0.004,115.332,1726,13.57,,,,,0,False,False,0.89,False,9.33,5.91,20.0,
98.95,24439,259.463,-674.82,-0.006,5.445,30.0,1726,-1,4.52,True,8,True,True,0.0,0.056,-0.002,False,False,-0.159,-0.001,115.306,1726,13.57,,,,,0,False,False,1.057,False,9.06,5.78,20.0,
99.0,24440,259.35,-674.58,-0.005,5.225,30.0,1726,-1,4.78,True,8,True,True,0.361,0.0,0.002,False,False,-0.202,-0.002,115.34,1726,13.57,,,,,0,False,False,1.237,False,8.79,5.72,20.0,
99.05,24441,259.239,-674.346,-0.005,5.156,30.0,1726,-1,5.04,True,8,True,True,0.75,0.0,-0.003,False,False,-0.215,0.003,115.318,1726,13.57,,,,,0,False,False,1.413,False,8.53,5.61,20.0,
99.1,24442,259.131,-674.116,-0.005,5.041,30.0,1726,-1,5.29,True,8,True,True,0.75,0.0,0.002,False,False,-0.204,0.001,115.362,1726,13.57,,,,,0,False,False,1.595,False,8.28,5.58,20.0,
99.15,24443,259.022,-673.886,-0.006,5.107,30.0,1726,-1,5.55,True,8,True,True,0.75,0.0,-0.004,False,False,-0.15,0.005,115.334,1726,13.57,,,,,0,False,False,0.0,False,8.02,5.52,20.0,
99.2,24444,258.915,-673.66,-0.006,4.838,30.0,1726,-1,5.8,True,8,True,True,0.75,0.0,0.001,False,False,-0.128,0.001,115.345,1726,13.57,,,,,0,False,False,0.0,False,7.77,5.55,20.0,
99.25,24445,258.816,-673.451,-0.005,4.497,30.0,1726,-1,6.03,True,8,True,True,0.75,0.0,-0.001,False,False,-0.208,0.0,115.311,1726,13.57,,,,,0,False,False,0.0,False,7.54,5.42,20.0,
99.3,24446,258.724,-673.256,-0.005,4.255,30.0,1726,-1,6.25,True,8,True,True,0.75,0.0,0.003,False,False,-0.286,-0.004,115.306,1726,13.57,,,,,0,False,False,0.0,False,7.33,5.25,20.0,
99.35,24447,258.634,-673.067,-0.005,4.132,30.0,1726,-1,6.45,True,8,True,True,0.75,0.0,0.001,False,False,-0.31,-0.004,115.31,1726,13.57,,,,,0,False,False,0.0,False,7.12,5.13,20.0,
99.4,24448,258.547,-672.882,-0.005,4.093,30.0,1726,-1,6.66,True,8,True,True,0.75,0.0,0.0,False,False,-0.279,-0.002,115.312,1726,13.57,,,,,0,False,False,0.0,False,6.91,5.07,20.0,
99.45,24449,258.459,-672.696,-0.005,4.111,30.0,1726,-1,6.87,True,8,True,True,0.75,0.0,0.0,False,False,-0.211,-0.001,115.312,1726,13.57,,,,,0,False,False,0.0,False,6.71,5.05,20.0,
99.5,24450,258.37,-672.508,-0.006,4.163,30.0,1726,-1,7.07,True,8,True,True,0.75,0.0,0.0,False,False,-0.126,-0.0,115.313,1726,13.57,,,,,0,False,False,0.0,False,6.5,5.06,20.0,
99.55,24451,258.279,-672.317,-0.007,4.236,30.0,1726,-1,7.28,True,8,True,True,0.75,0.0,0.0,False,False,-0.041,-0.0,115.314,1726,13.57,,,,,0,False,False,0.0,False,6.29,5.08,20.0,
99.6,24452,258.188,-672.123,-0.008,4.323,30.0,1726,-1,7.5,True,8,True,True,0.75,0.0,0.0,False,False,0.036,0.0,115.315,1726,13.57,,,,,0,False,False,1.564,False,6.07,5.12,20.0,
99.65,24453,258.094,-671.924,-0.008,4.417,30.0,1726,-1,7.72,True,8,True,True,0.75,0.0,0.0,False,False,0.099,0.0,115.315,1726,13.57,,,,,0,False,False,1.411,False,5.85,5.16,20.0,
99.7,24454,257.998,-671.722,-0.009,4.516,30.0,1726,-1,7.94,True,8,True,True,0.75,0.0,0.0,False,False,0.149,0.0,115.316,1726,13.57,,,,,0,False,False,1.263,False,5.63,5.21,20.0,
99.75,24455,257.9,-671.514,-0.009,4.618,30.0,1726,-1,8.17,True,8,True,True,0.75,0.0,0.0,False,False,0.186,0.0,115.316,1726,13.57,,,,,0,False,False,1.114,False,5.4,5.26,20.0,
99.8,24456,257.799,-671.303,-0.009,4.722,30.0,1726,-1,8.41,True,8,True,True,0.75,0.0,0.0,False,False,0.213,0.0,115.317,1726,13.57,,,,,0,False,False,1.183,False,5.17,5.31,20.0,
99.85,24457,257.697,-671.086,-0.009,4.826,30.0,1726,-1,8.65,True,8,True,True,0.75,0.0,0.0,False,False,0.231,-0.001,115.318,1125,1.96,,,,,0,False,False,1.345,False,8.83,5.36,20.0,
99.9,24458,257.592,-670.865,-0.009,4.93,30.0,1726,-1,8.89,True,8,True,True,0.75,0.0,0.0,False,False,0.244,-0.0,115.319,1125,1.96,,,,,0,False,False,1.516,False,8.58,5.41,20.0,
99.95,24459,257.486,-670.639,-0.009,5.034,30.0,1726,-1,9.14,True,8,True,True,0.75,0.0,0.0,False,False,0.252,-0.0,115.32,1125,1.96,,,,,0,False,False,0.0,False,8.33,5.47,20.0,
100.0,24460,257.377,-670.409,-0.009,5.135,30.0,1726,-1,9.4,True,8,True,True,0.75,0.0,0.0,False,False,0.257,-0.0,115.32,1125,1.96,,,,,0,False,False,0.0,False,8.08,5.52,20.0,
100.05,24461,257.265,-670.174,-0.009,5.273,30.0,1726,-1,9.66,True,8,True,True,0.75,0.0,0.0,False,False,0.261,0.0,115.321,1125,1.96,,,,,0,False,False,0.0,False,7.82,5.57,20.0,
100.1,24462,257.152,-669.935,-0.009,5.301,30.0,1726,-1,9.92,True,8,True,True,0.75,0.0,0.0,False,False,0.256,0.0,115.321,1125,1.96,,,,,0,False,False,0.0,False,7.56,5.64,20.0,
100.15,24463,257.037,-669.69,-0.009,5.478,30.0,1726,-1,10.19,True,8,True,True,0.75,0.0,0.0,False,False,0.261,0.0,115.321,1125,1.96,,,,,0,False,False,0.0,False,7.28,5.65,20.0,
100.2,24464,256.919,-669.443,-0.009,5.478,30.0,1726,-1,10.46,True,8,True,True,0.331,0.0,0.0,False,False,0.252,0.0,115.311,1125,1.96,,,,,0,False,False,0.0,False,7.01,5.74,20.0,
100.25,24465,256.802,-669.195,-0.009,5.495,30.0,1726,-1,10.74,True,8,True,True,0.32,0.0,0.001,False,False,0.216,-0.002,115.334,1125,1.96,,,,,0,False,False,0.0,False,6.74,5.74,20.0,
100.3,24466,256.686,-668.951,-0.008,5.35,30.0,1726,-1,11.01,True,8,True,True,0.252,0.0,-0.002,False,False,0.147,0.002,115.299,1125,1.96,,,,,0,False,False,0.0,False,6.47,5.75,20.0,
100.35,24467,256.573,-668.71,-0.008,5.326,30.0,1726,-1,11.27,True,8,True,True,0.75,0.0,0.003,False,False,0.084,-0.003,115.321,1125,1.96,,,,,0,False,False,1.515,False,6.2,5.68,20.0,
100.4,24468,256.461,-668.474,-0.007,5.177,30.0,1726,-1,11.54,True,8,True,True,0.75,0.0,-0.002,False,False,0.025,0.0,115.286,1125,1.96,,,,,0,False,False,1.335,False,5.94,5.66,20.0,
100.45,24469,256.35,-668.24,-0.007,5.186,30.0,1726,-1,11.79,True,8,True,True,0.75,0.0,0.003,False,False,-0.007,-0.003,115.31,1125,1.96,,,,,0,False,False,1.168,False,5.68,5.59,20.0,
100.5,24470,256.24,-668.009,-0.007,5.078,30.0,1726,-1,12.05,True,8,True,True,0.75,0.0,-0.001,False,False,-0.025,0.0,115.275,1125,1.96,,,,,0,False,False,1.0,False,5.42,5.59,20.0,
100.55,24471,256.131,-667.778,-0.007,5.13,30.0,1726,-1,12.31,True,8,True,True,0.75,0.0,0.004,False,False,-0.019,-0.003,115.303,1125,5.89,,,,,0,False,False,0.84,False,9.1,5.54,20.0,
100.6,24472,256.022,-667.549,-0.007,5.058,30.0,1726,-1,12.56,True,8,True,True,0.75,0.0,-0.001,False,False,-0.009,0.0,115.271,1125,5.89,,,,,0,False,False,0.0,False,8.84,5.57,20.0,
100.65,24473,255.913,-667.317,-0.007,5.145,30.0,1726,-1,12.82,True,8,True,True,0.75,0.0,0.004,False,False,0.016,-0.002,115.298,1125,5.89,,,,,0,False,False,0.0,False,8.59,5.53,20.0,
100.7,24474,255.803,-667.086,-0.007,5.103,30.0,1726,-1,13.07,True,8,True,True,0.75,0.0,-0.001,False,False,0.037,0.002,115.268,1125,5.89,,,,,0,False,False,0.0,False,8.33,5.57,20.0,
100.75,24475,255.692,-666.852,-0.008,5.187,30.0,1726,-1,13.33,True,8,True,True,0.75,0.0,0.004,False,False,0.062,-0.001,115.294,1125,5.89,,,,,0,False,False,0.0,False,8.07,5.55,20.0,
100.8,24476,255.582,-666.62,-0.008,5.112,30.0,1726,-1,13.59,True,8,True,True,0.75,0.0,-0.001,False,False,0.065,0.002,115.267,1125,5.89,,,,,0,False,False,0.0,False,7.82,5.59,20.0,
100.85,24477,255.471,-666.385,-0.008,5.338,30.0,1726,-1,13.85,True,8,True,True,0.75,0.0,0.003,False,False,0.09,-0.001,115.272,1125,5.89,,,,,0,False,False,0.0,False,7.56,5.56,20.0,
100.9,24478,255.351,-666.132,-0.009,5.744,30.0,1726,-1,14.13,True,8,True,True,0.75,0.0,0.001,False,False,0.236,-0.001,115.254,1125,5.89,,,,,0,False,False,0.0,False,7.28,5.67,20.0,
100.95,24479,255.221,-665.858,-0.011,6.174,30.0,1726,-1,14.43,True,8,True,True,0.0,0.3,0.003,False,False,0.396,-0.003,115.258,1125,5.89,,,,,0,False,False,0.0,False,6.97,5.87,20.0,
101.0,24480,255.087,-665.575,-0.011,6.286,30.0,1726,-1,14.74,True,8,True,True,0.0,0.3,0.001,False,False,0.465,-0.002,115.268,1125,5.89,,,,,0,False,False,0.0,False,6.66,6.09,20.0,
101.05,24481,254.951,-665.288,-0.011,6.388,30.0,1726,-1,15.06,True,8,True,True,0.0,0.3,0.0,False,False,0.448,0.002,115.275,1125,5.89,,,,,0,False,False,0.0,False,6.34,6.14,20.0,
101.1,24482,254.817,-665.003,-0.01,6.253,30.0,1729,-1,13.06,True,8,True,False,0.0,0.3,0.001,False,False,0.355,0.003,115.281,1125,5.89,,,,,0,False,False,0.0,False,6.03,6.19,20.0,
101.15,24483,254.684,-664.724,-0.009,6.182,30.0,1125,-1,0.18,False,-1,True,True,0.0,0.3,0.001,False,False,0.236,0.002,115.277,1125,9.82,,,,,0,False,False,0.0,False,9.65,6.13,20.0,
101.2,24484,254.555,-664.451,-0.008,5.951,30.0,1125,-1,0.48,False,-1,True,True,0.0,0.3,0.002,False,False,0.106,-0.001,115.307,1125,9.82,,,,,0,False,False,0.0,False,9.35,6.09,20.0,
101.25,24485,254.43,-664.187,-0.007,5.821,30.0,1125,-1,0.77,False,-1,True,True,0.0,0.3,-0.002,False,False,-0.005,0.003,115.283,1125,9.82,,,,,0,False,False,0.0,False,9.05,5.98,20.0,
101.3,24486,254.31,-663.932,-0.006,5.558,30.0,1125,-1,1.05,False,-1,True,True,0.0,0.3,0.003,False,False,-0.103,-0.001,115.313,1125,9.82,,,,,0,False,False,0.0,False,8.77,5.91,20.0,
101.35,24487,254.192,-663.684,-0.006,5.441,30.0,1125,-1,1.32,False,-1,True,True,0.0,0.046,-0.002,False,False,-0.168,0.002,115.289,1125,9.82,,,,,0,False,False,0.0,False,8.5,5.78,20.0,
101.4,24488,254.079,-663.445,-0.005,5.22,30.0,1125,-1,1.59,False,-1,True,True,0.375,0.0,0.002,False,False,-0.21,0.0,115.325,1125,9.82,,,,,0,False,False,0.0,False,8.23,5.72,20.0,
101.45,24489,253.969,-663.211,-0.005,5.171,30.0,1125,-1,1.85,False,-1,True,True,0.75,0.0,-0.003,False,False,-0.219,0.004,115.302,1125,9.82,,,,,0,False,False,0.0,False,7.97,5.61,20.0,
101.5,24490,253.859,-662.978,-0.005,5.103,30.0,1125,-1,2.11,False,-1,True,True,0.75,0.0,0.002,False,False,-0.185,0.001,115.326,1125,9.82,,,,,0,False,False,0.0,False,7.72,5.59,20.0,
101.55,24491,253.749,-662.745,-0.006,5.171,30.0,1125,-1,2.36,False,-1,True,True,0.75,0.0,-0.002,False,False,-0.125,0.003,115.295,1125,9.82,,,,,0,False,False,0.0,False,7.46,5.55,20.0,
101.6,24492,253.646,-662.527,-0.006,4.671,30.0,1125,-1,2.6,False,-1,True,True,0.75,0.0,0.003,False,False,-0.182,-0.001,115.345,1125,9.82,,,,,0,False,False,0.0,False,7.22,5.59,20.0,
101.65,24493,253.551,-662.326,-0.005,4.345,30.0,1125,-1,2.83,False,-1,True,True,0.75,0.0,-0.004,False,False,-0.282,0.002,115.36,1125,9.82,,,,,0,False,False,0.0,False,7.0,5.34,20.0,
101.7,24494,253.461,-662.136,-0.004,4.155,30.0,1125,-1,3.04,False,-1,True,True,0.75,0.0,-0.002,False,False,-0.338,0.004,115.353,1125,9.82,,,,,0,False,False,0.0,False,6.78,5.17,20.0,
101.75,24495,253.373,-661.95,-0.004,4.069,30.0,1125,-1,3.24,False,-1,True,True,0.75,0.0,-0.001,False,False,-0.332,0.002,115.348,1125,9.82,,,,,0,False,False,0.0,False,6.58,5.08,20.0,
101.8,24496,253.286,-661.767,-0.005,4.056,30.0,1125,-1,3.45,False,-1,True,True,0.75,0.0,-0.0,False,False,-0.277,-0.001,115.344,1125,9.82,,,,,0,False,False,0.0,False,6.38,5.03,20.0,
101.85,24497,253.199,-661.582,-0.006,4.091,30.0,1125,-1,3.65,False,-1,True,True,0.75,0.0,-0.001,False,False,-0.193,-0.001,115.341,1125,9.82,,,,,0,False,False,0.0,False,6.17,5.03,20.0,
101.9,24498,253.11,-661.395,-0.006,4.153,30.0,1125,-1,3.86,False,-1,True,True,0.75,0.0,-0.001,False,False,-0.101,-0.001,115.338,1125,9.82,,,,,0,False,False,0.0,False,5.96,5.05,20.0,
101.95,24499,253.02,-661.204,-0.007,4.233,30.0,1125,-1,4.07,False,-1,True,True,0.75,0.0,-0.0,False,False,-0.015,-0.001,115.335,1125,9.82,,,,,0,False,False,0.0,False,5.75,5.08,20.0,
102.0,24500,252.928,-661.01,-0.008,4.324,30.0,1125,-1,4.28,False,-1,True,True,0.75,0.0,-0.0,False,False,0.059,-0.001,115.333,1125,9.82,,,,,0,False,False,0.0,False,5.54,5.12,20.0,
102.05,24501,252.834,-660.811,-0.008,4.421,30.0,1125,-1,4.5,False,-1,True,True,0.75,0.0,-0.0,False,False,0.119,-0.001,115.331,1125,9.82,,,,,0,False,False,0.0,False,5.32,5.16,20.0,
102.1,24502,252.738,-660.609,-0.009,4.522,30.0,1125,-1,4.73,False,-1,True,True,0.75,0.0,-0.0,False,False,0.164,-0.0,115.329,1125,9.82,,,,,0,False,False,0.0,False,5.1,5.21,20.0,
102.15,24503,252.64,-660.401,-0.009,4.625,30.0,1125,-1,4.96,False,-1,True,True,0.75,0.0,0.0,False,False,0.198,-0.001,115.329,1125,13.75,,,,,0,False,False,0.0,False,8.79,5.26,20.0,
102.2,24504,252.54,-660.189,-0.009,4.729,30.0,1125,-1,5.19,False,-1,True,True,0.75,0.0,-0.0,False,False,0.221,-0.001,115.328,1125,13.75,,,,,0,False,False,0.0,False,8.56,5.31,20.0,
102.25,24505,252.437,-659.972,-0.009,4.833,30.0,1125,-1,5.43,False,-1,True,True,0.75,0.0,-0.0,False,False,0.237,-0.0,115.327,1125,13.75,,,,,0,False,False,0.0,False,8.32,5.36,20.0,
102.3,24506,252.333,-659.751,-0.009,4.938,30.0,1125,-1,5.68,False,-1,True,True,0.75,0.0,-0.0,False,False,0.248,-0.0,115.326,1125,13.75,,,,,0,False,False,0.0,False,8.08,5.42,20.0,
102.35,24507,252.226,-659.525,-0.009,5.042,30.0,1125,-1,5.93,False,-1,True,True,0.75,0.0,-0.0,False,False,0.255,-0.0,115.326,1125,13.75,,,,,0,False,False,0.0,False,7.83,5.47,20.0,
102.4,24508,252.116,-659.294,-0.009,5.152,30.0,1125,-1,6.18,False,-1,True,True,0.75,0.0,-0.0,False,False,0.259,-0.0,115.325,1125,13.75,,,,,0,False,False,0.0,False,7.57,5.52,20.0,
102.45,24509,252.005,-659.059,-0.009,5.205,30.0,1125,-1,6.44,False,-1,True,True,0.75,0.0,-0.0,False,False,0.257,-0.0,115.325,1125,13.75,,,,,0,False,False,0.0,False,7.31,5.58,20.0,
102.5,24510,251.892,-658.819,-0.009,5.384,30.0,1125,-1,6.71,False,-1,True,True,0.75,0.0,-0.0,False,False,0.261,-0.0,115.324,1125,13.75,,,,,0,False,False,0.0,False,7.04,5.6,20.0,
102.55,24511,251.776,-658.575,-0.009,5.386,30.0,1125,-1,6.98,False,-1,True,True,0.678,0.0,0.0,False,False,0.253,-0.0,115.336,1125,13.75,,,,,0,False,False,0.0,False,6.77,5.69,20.0,
102.6,24512,251.661,-658.331,-0.009,5.429,30.0,1125,-1,7.25,False,-1,True,True,0.661,0.0,-0.001,False,False,0.222,0.002,115.309,1125,13.75,,,,,0,False,False,0.0,False,6.5,5.69,20.0,
102.65,24513,251.546,-658.089,-0.008,5.333,30.0,1125,-1,7.51,False,-1,True,True,0.501,0.0,0.002,False,False,0.169,-0.002,115.344,1125,13.75,,,,,0,False,False,0.0,False,6.24,5.71,20.0,
102.7,24514,251.432,-657.847,-0.008,5.375,30.0,1125,-1,7.78,False,-1,True,True,0.75,0.0,-0.003,False,False,0.128,0.002,115.322,1125,13.75,,,,,0,False,False,0.0,False,5.97,5.67,20.0,
102.75,24515,251.318,-657.606,-0.008,5.292,30.0,1125,-1,8.05,False,-1,True,True,0.682,0.0,0.002,False,False,0.091,-0.0,115.356,1125,13.75,,,,,0,False,False,0.0,False,5.7,5.69,20.0,
102.8,24516,251.204,-657.366,-0.008,5.36,30.0,1125,-1,8.31,False,-1,True,True,0.75,0.0,-0.003,False,False,0.077,0.003,115.331,1125,13.75,,,,,0,False,False,0.0,False,5.44,5.65,20.0,
102.85,24517,251.091,-657.125,-0.008,5.304,30.0,1125,-1,8.58,False,-1,True,True,0.727,0.0,0.002,False,False,0.069,-0.001,115.363,1125,17.68,,,,,0,False,False,0.0,False,9.1,5.68,20.0,
102.9,24518,250.976,-656.883,-0.008,5.385,30.0,1125,-1,8.85,False,-1,True,True,0.75,0.0,-0.003,False,False,0.075,0.003,115.335,1125,17.68,,,,,0,False,False,0.0,False,8.83,5.65,20.0,
102.95,24519,250.862,-656.641,-0.008,5.312,30.0,1125,-1,9.12,False,-1,True,True,0.633,0.0,0.002,False,False,0.07,-0.001,115.361,1125,17.68,,,,,0,False,False,0.0,False,8.56,5.69,20.0,
103.0,24520,250.747,-656.399,-0.008,5.423,30.0,1125,-1,9.38,False,-1,True,True,0.75,0.0,-0.003,False,False,0.076,0.001,115.335,1125,17.68,,,,,0,False,False,0.0,False,8.3,5.66,20.0,
103.05,24521,250.625,-656.141,-0.009,5.827,30.0,1125,-1,9.67,False,-1,True,True,0.494,0.0,0.002,False,False,0.195,-0.002,115.309,1125,17.68,,,,,0,False,False,0.0,False,8.01,5.71,20.0,
103.1,24522,250.494,-655.866,-0.01,6.214,30.0,1125,-1,9.97,False,-1,True,True,0.0,0.3,0.002,False,False,0.343,-0.007,115.307,1125,17.68,,,,,0,False,False,0.0,False,7.71,5.91,20.0,
103.15,24523,250.36,-655.583,-0.011,6.265,30.0,1125,-1,10.29,False,-1,True,True,0.0,0.3,0.001,False,False,0.398,-0.006,115.312,1125,17.68,,,,,0,False,False,0.0,False,7.39,6.11,20.0,
103.2,24524,250.225,-655.298,-0.01,6.321,30.0,1125,-1,10.6,False,-1,True,True,0.0,0.3,0.0,False,False,0.372,-0.002,115.315,1125,17.68,,,,,0,False,False,0.0,False,7.08,6.13,20.0,
103.25,24525,250.093,-655.017,-0.01,6.159,30.0,1125,-1,10.91,False,-1,True,True,0.0,0.3,0.0,False,False,0.278,0.001,115.307,1125,17.68,,,,,0,False,False,0.0,False,6.77,6.16,20.0,
103.3,24526,249.962,-654.742,-0.009,6.065,30.0,1125,-1,11.22,False,-1,True,True,0.0,0.3,0.001,False,False,0.165,-0.0,115.332,1125,17.68,,,,,0,False,False,0.0,False,6.46,6.08,20.0,
103.35,24527,249.836,-654.475,-0.007,5.826,30.0,1125,-1,11.51,False,-1,True,True,0.0,0.3,-0.002,False,False,0.045,0.004,115.307,1125,17.68,,,,,0,False,False,0.0,False,6.17,6.03,20.0,
103.4,24528,249.714,-654.216,-0.007,5.694,30.0,1125,-1,11.8,False,-1,True,True,0.0,0.3,0.002,False,False,-0.053,0.001,115.335,1125,17.68,,,,,0,False,False,0.0,False,5.88,5.91,20.0,
103.45,24529,249.596,-653.967,-0.006,5.428,30.0,1125,-1,12.07,False,-1,True,True,0.0,0.3,-0.002,False,False,-0.139,0.004,115.309,1125,17.68,,,,,0,False,False,0.0,False,5.61,5.85,20.0,
103.5,24530,249.481,-653.725,-0.005,5.319,30.0,1125,-1,12.34,False,-1,True,True,0.425,0.0,0.002,False,False,-0.193,-0.0,115.337,1125,21.61,,,,,0,False,False,0.0,False,9.27,5.71,20.0,
103.55,24531,249.37,-653.49,-0.005,5.119,30.0,1125,-1,12.6,False,-1,True,True,0.75,0.0,-0.002,False,False,-0.22,0.001,115.303,1125,21.61,,,,,0,False,False,0.0,False,9.01,5.66,20.0,
103.6,24532,249.261,-653.26,-0.005,5.083,30.0,1125,-1,12.86,False,-1,True,True,0.75,0.0,0.003,False,False,-0.214,-0.003,115.327,1125,21.61,,,,,0,False,False,0.0,False,8.75,5.56,20.0,
103.65,24533,249.153,-653.032,-0.005,5.009,30.0,1125,-1,13.11,False,-1,True,True,0.75,0.0,-0.002,False,False,-0.179,-0.001,115.285,1125,21.61,,,,,0,False,False,0.0,False,8.5,5.54,20.0,
103.7,24534,249.045,-652.803,-0.006,5.079,30.0,1125,-1,13.36,False,-1,True,True,0.75,0.0,0.004,False,False,-0.119,-0.005,115.315,1125,21.61,,,,,0,False,False,0.0,False,8.25,5.5,20.0,
103.75,24535,248.941,-652.583,-0.006,4.712,30.0,1125,-1,13.61,False,-1,True,True,0.75,0.0,-0.002,False,False,-0.137,-0.001,115.307,1125,21.61,,,,,0,False,False,0.0,False,8.0,5.54,20.0,
103.8,24536,248.844,-652.379,-0.005,4.418,30.0,1125,-1,13.83,False,-1,True,True,0.75,0.0,0.001,False,False,-0.22,-0.0,115.316,1125,21.61,,,,,0,False,False,0.0,False,7.78,5.36,20.0,
103.85,24537,248.752,-652.185,-0.005,4.252,30.0,1125,-1,14.05,False,-1,True,True,0.75,0.0,-0.0,False,False,-0.271,0.001,115.319,1125,21.61,,,,,0,False,False,0.0,False,7.56,5.21,20.0,
103.9,24538,248.662,-651.995,-0.005,4.183,30.0,1125,-1,14.26,False,-1,True,True,0.75,0.0,-0.0,False,False,-0.268,0.002,115.319,1125,21.61,,,,,0,False,False,0.0,False,7.35,5.13,20.0,
103.95,24539,248.573,-651.806,-0.005,4.18,30.0,1125,-1,14.47,False,-1,True,True,0.75,0.0,0.0,False,False,-0.219,0.002,115.32,1125,21.61,,,,,0,False,False,0.0,False,7.14,5.09,20.0,
104.0,24540,248.483,-651.616,-0.006,4.219,30.0,1125,-1,14.68,False,-1,True,True,0.75,0.0,0.0,False,False,-0.146,0.001,115.32,1125,21.61,,,,,0,False,False,0.0,False,6.93,5.09,20.0,
104.05,24541,248.391,-651.422,-0.007,4.284,30.0,1125,-1,14.89,False,-1,True,True,0.75,0.0,0.0,False,False,-0.065,0.001,115.321,1125,21.61,,,,,0,False,False,0.0,False,6.72,5.11,20.0,
104.1,24542,248.298,-651.226,-0.007,4.365,30.0,1125,-1,15.11,False,-1,True,True,0.75,0.0,0.0,False,False,0.012,0.001,115.321,1125,21.61,,,,,0,False,False,0.0,False,6.5,5.14,20.0,
104.15,24543,248.204,-651.026,-0.008,4.455,30.0,1125,-1,15.33,False,-1,True,True,0.75,0.0,0.0,False,False,0.078,0.0,115.322,1125,21.61,,,,,0,False,False,0.0,False,6.28,5.18,20.0,
104.2,24544,248.107,-650.822,-0.008,4.552,30.0,1125,-1,15.55,False,-1,True,True,0.75,0.0,0.0,False,False,0.131,0.0,115.322,1125,21.61,,,,,0,False,False,0.0,False,6.05,5.23,20.0,
104.25,24545,248.008,-650.613,-0.009,4.652,30.0,1125,-1,15.79,False,-1,True,True,0.75,0.0,0.0,False,False,0.172,0.0,115.322,1125,21.61,,,,,0,False,False,0.0,False,5.82,5.28,20.0,
104.3,24546,247.907,-650.399,-0.009,4.755,30.0,1125,-1,16.02,False,-1,True,True,0.75,0.0,0.0,False,False,0.202,0.0,115.322,1125,21.61,,,,,0,False,False,0.0,False,5.59,5.33,20.0,
104.35,24547,247.804,-650.182,-0.009,4.858,30.0,1125,-1,16.26,False,-1,True,True,0.75,0.0,0.0,False,False,0.223,0.0,115.322,1125,21.61,,,,,0,False,False,0.0,False,5.35,5.38,20.0,
104.4,24548,247.699,-649.959,-0.009,4.961,30.0,1125,-1,16.51,False,-1,True,True,0.75,0.0,0.0,False,False,0.238,-0.0,115.323,1125,25.54,,,,,0,False,False,0.0,False,9.03,5.43,20.0,
104.45,24549,247.591,-649.732,-0.009,5.065,30.0,1125,-1,16.76,False,-1,True,True,0.75,0.0,0.0,False,False,0.248,-0.0,115.323,1125,25.54,,,,,0,False,False,0.0,False,8.78,5.48,20.0,
104.5,24550,247.482,-649.5,-0.009,5.15,30.0,1125,-1,17.02,False,-1,True,True,0.75,0.0,0.0,False,False,0.253,-0.0,115.324,1125,25.54,,,,,0,False,False,0.0,False,8.52,5.53,20.0,
104.55,24551,247.37,-649.264,-0.009,5.303,30.0,1125,-1,17.28,False,-1,True,True,0.75,0.0,0.0,False,False,0.258,-0.0,115.324,1125,25.54,,,,,0,False,False,0.0,False,8.26,5.57,20.0,
104.6,24552,247.256,-649.023,-0.009,5.327,30.0,1125,-1,17.54,False,-1,True,True,0.75,0.0,0.0,False,False,0.254,-0.0,115.33,1125,25.54,,,,,0,False,False,0.0,False,7.99,5.65,20.0,
104.65,24553,247.141,-648.781,-0.009,5.398,30.0,1125,-1,17.81,False,-1,True,True,0.75,0.0,-0.001,False,False,0.237,0.001,115.311,1125,25.54,,,,,0,False,False,0.0,False,7.73,5.66,20.0,
104.7,24554,247.027,-648.539,-0.009,5.312,30.0,1125,-1,18.08,False,-1,True,True,0.617,0.0,0.002,False,False,0.189,-0.002,115.345,1125,25.54,,,,,0,False,False,0.0,False,7.46,5.7,20.0,
104.75,24555,246.913,-648.298,-0.008,5.373,30.0,1125,-1,18.35,False,-1,True,True,0.75,0.0,-0.003,False,False,0.152,0.003,115.322,1125,25.54,,,,,0,False,False,0.0,False,7.19,5.66,20.0,
104.8,24556,246.799,-648.057,-0.008,5.31,30.0,1125,-1,18.61,False,-1,True,True,0.692,0.0,0.002,False,False,0.119,-0.0,115.355,1125,25.54,,,,,0,False,False,0.0,False,6.93,5.69,20.0,
104.85,24557,246.685,-647.815,-0.008,5.397,30.0,1125,-1,18.88,False,-1,True,True,0.75,0.0,-0.003,False,False,0.108,0.003,115.331,1125,25.54,,,,,0,False,False,0.0,False,6.66,5.65,20.0,
104.9,24558,246.57,-647.573,-0.008,5.328,30.0,1125,-1,19.15,False,-1,True,True,0.599,0.0,0.002,False,False,0.094,-0.0,115.363,1125,25.54,,,,,0,False,False,0.0,False,6.39,5.7,20.0,
104.95,24559,246.455,-647.33,-0.008,5.395,30.0,1125,-1,19.42,False,-1,True,True,0.75,0.0,-0.003,False,False,0.088,0.003,115.334,1125,25.54,,,,,0,False,False,0.0,False,6.12,5.66,20.0,
105.0,24560,246.339,-647.084,-0.008,5.575,30.0,1125,-1,19.69,False,-1,True,True,0.75,0.0,-0.003,False,False,0.117,0.007,115.353,1125,25.54,,,,,0,False,False,0.0,False,5.85,5.7,20.0,
105.05,24561,246.214,-646.817,-0.009,6.065,30.0,1125,-1,19.98,False,-1,True,True,0.0,0.053,-0.002,False,False,0.269,0.006,115.36,1125,25.54,,,,,0,False,False,0.0,False,5.55,5.79,20.0,
105.1,24562,246.081,-646.536,-0.01,6.239,30.0,1125,-1,20.29,False,-1,True,True,0.0,0.3,-0.001,False,False,0.382,0.003,115.355,1125,29.47,,,,,0,False,False,0.0,False,9.17,6.03,20.0,
105.15,24563,245.945,-646.25,-0.011,6.373,30.0,1125,-1,20.61,False,-1,True,True,0.0,0.3,-0.0,False,False,0.408,-0.001,115.351,1125,29.47,,,,,0,False,False,0.0,False,8.86,6.12,20.0,
105.2,24564,245.811,-645.965,-0.01,6.256,30.0,1125,-1,20.93,False,-1,True,True,0.0,0.3,-0.0,False,False,0.344,-0.004,115.349,1125,29.47,,,,,0,False,False,0.0,False,8.54,6.19,20.0,
105.25,24565,245.678,-645.684,-0.009,6.198,30.0,1125,-1,21.24,False,-1,True,True,0.0,0.3,-0.0,False,False,0.243,-0.005,115.359,1125,29.47,,,,,0,False,False,0.0,False,8.23,6.13,20.0,
105.3,24566,245.549,-645.411,-0.008,5.972,30.0,1125,-1,21.54,False,-1,True,True,0.0,0.3,-0.001,False,False,0.12,-0.002,115.334,1125,29.47,,,,,0,False,False,0.0,False,7.93,6.1,20.0,
105.35,24567,245.423,-645.146,-0.007,5.846,30.0,1125,-1,21.83,False,-1,True,True,0.0,0.3,0.002,False,False,0.01,-0.005,115.36,1125,29.47,,,,,0,False,False,0.0,False,7.63,5.99,20.0,
105.4,24568,245.302,-644.889,-0.006,5.586,30.0,1125,-1,22.12,False,-1,True,True,0.0,0.3,-0.002,False,False,-0.089,-0.001,115.333,1125,29.47,,,,,0,False,False,0.0,False,7.35,5.92,20.0,
105.45,24569,245.184,-644.641,-0.006,5.462,30.0,1125,-1,22.39,False,-1,True,True,0.0,0.146,0.002,False,False,-0.158,-0.003,115.358,1125,29.47,,,,,0,False,False,0.0,False,7.08,5.79,20.0,
105.5,24570,245.07,-644.401,-0.005,5.237,30.0,1125,-1,22.66,False,-1,True,True,0.3,0.0,-0.002,False,False,-0.205,-0.001,115.324,1125,29.47,,,,,0,False,False,0.0,False,6.81,5.73,20.0,
105.55,24571,244.959,-644.166,-0.005,5.167,30.0,1125,-1,22.92,False,-1,True,True,0.75,0.0,0.003,False,False,-0.219,-0.005,115.345,1125,29.47,,,,,0,False,False,0.0,False,6.55,5.62,20.0,
105.6,24572,244.85,-643.937,-0.005,5.032,30.0,1125,-1,23.17,False,-1,True,True,0.75,0.0,-0.002,False,False,-0.213,-0.002,115.314,1125,29.47,,,,,0,False,False,0.0,False,6.3,5.58,20.0,
105.65,24573,244.742,-643.707,-0.006,5.099,30.0,1125,-1,23.42,False,-1,True,True,0.75,0.0,0.003,False,False,-0.16,-0.004,115.348,1125,29.47,,,,,0,False,False,0.0,False,6.04,5.52,20.0,
105.7,24574,244.634,-643.479,-0.006,4.927,30.0,1125,-1,23.68,False,-1,True,True,0.75,0.0,-0.003,False,False,-0.118,0.001,115.344,1125,29.47,,,,,0,False,False,0.0,False,5.79,5.55,20.0,
105.75,24575,244.533,-643.267,-0.006,4.567,30.0,1125,-1,23.91,False,-1,True,True,0.75,0.0,0.0,False,False,-0.183,0.002,115.313,1125,29.47,,,,,0,False,False,0.0,False,5.56,5.46,20.0,
105.8,24576,244.439,-643.069,-0.005,4.308,30.0,1125,-1,24.13,False,-1,True,True,0.75,0.0,0.003,False,False,-0.265,-0.002,115.312,1125,29.47,,,,,0,False,False,0.0,False,5.34,5.28,20.0,
105.85,24577,244.349,-642.879,-0.005,4.17,30.0,1125,-1,24.34,False,-1,True,True,0.75,0.0,0.001,False,False,-0.299,-0.002,115.317,1125,29.47,,,,,0,False,False,0.0,False,5.13,5.15,20.0,
105.9,24578,244.26,-642.692,-0.005,4.121,30.0,1125,-1,24.55,False,-1,True,True,0.75,0.0,0.0,False,False,-0.278,-0.0,115.319,1125,29.47,,,,,0,False,False,0.0,False,4.92,5.08,20.0,
105.95,24579,244.172,-642.505,-0.005,4.132,30.0,1125,-1,24.76,False,-1,True,True,0.75,0.0,-0.0,False,False,-0.216,0.001,115.32,1125,33.4,,,,,0,False,False,0.0,False,8.64,5.06,20.0,
106.0,24580,244.083,-642.316,-0.006,4.18,30.0,1125,-1,24.96,False,-1,True,True,0.75,0.0,0.0,False,False,-0.134,0.001,115.321,1125,33.4,,,,,0,False,False,0.0,False,8.43,5.07,20.0,
106.05,24581,243.992,-642.125,-0.007,4.251,30.0,1125,-1,25.18,False,-1,True,True,0.75,0.0,0.0,False,False,-0.05,0.001,115.322,1125,33.4,,,,,0,False,False,0.0,False,8.22,5.09,20.0,
106.1,24582,243.9,-641.93,-0.008,4.335,30.0,1125,-1,25.39,False,-1,True,True,0.75,0.0,0.0,False,False,0.027,0.001,115.324,1125,33.4,,,,,0,False,False,0.0,False,8.0,5.13,20.0,
106.15,24583,243.806,-641.731,-0.008,4.428,30.0,1125,-1,25.61,False,-1,True,True,0.75,0.0,0.0,False,False,0.092,0.001,115.325,1125,33.4,,,,,0,False,False,0.0,False,7.78,5.17,20.0,
106.2,24584,243.709,-641.527,-0.008,4.527,30.0,1125,-1,25.84,False,-1,True,True,0.75,0.0,0.0,False,False,0.143,0.0,115.326,1125,33.4,,,,,0,False,False,0.0,False,7.56,5.21,20.0,
106.25,24585,243.611,-641.32,-0.009,4.628,30.0,1125,-1,26.07,False,-1,True,True,0.75,0.0,0.0,False,False,0.181,0.0,115.326,1125,33.4,,,,,0,False,False,0.0,False,7.33,5.26,20.0,
106.3,24586,243.511,-641.108,-0.009,4.731,30.0,1125,-1,26.3,False,-1,True,True,0.75,0.0,0.0,False,False,0.209,0.0,115.327,1125,33.4,,,,,0,False,False,0.0,False,7.1,5.31,20.0,
106.35,24587,243.408,-640.891,-0.009,4.835,30.0,1125,-1,26.54,False,-1,True,True,0.75,0.0,0.0,False,False,0.229,0.0,115.328,1125,33.4,,,,,0,False,False,0.0,False,6.86,5.37,20.0,
106.4,24588,243.303,-640.669,-0.009,4.939,30.0,1125,-1,26.79,False,-1,True,True,0.75,0.0,0.0,False,False,0.242,0.0,115.328,1125,33.4,,,,,0,False,False,0.0,False,6.61,5.42,20.0,
106.45,24589,243.196,-640.443,-0.009,5.043,30.0,1125,-1,27.04,False,-1,True,True,0.75,0.0,0.0,False,False,0.251,0.0,115.329,1125,33.4,,,,,0,False,False,0.0,False,6.36,5.47,20.0,
106.5,24590,243.087,-640.213,-0.009,5.153,30.0,1125,-1,27.29,False,-1,True,True,0.75,0.0,0.0,False,False,0.257,0.0,115.329,1125,33.4,,,,,0,False,False,0.0,False,6.1,5.52,20.0,
106.55,24591,242.976,-639.978,-0.009,5.206,30.0,1125,-1,27.55,False,-1,True,True,0.75,0.0,0.0,False,False,0.255,0.0,115.329,1125,33.4,,,,,0,False,False,0.0,False,5.84,5.58,20.0,
106.6,24592,242.862,-639.737,-0.009,5.38,30.0,1125,-1,27.82,False,-1,True,True,0.75,0.0,0.0,False,False,0.26,0.0,115.324,1125,33.4,,,,,0,False,False,0.0,False,5.58,5.6,20.0,
106.65,24593,242.748,-639.496,-0.009,5.304,30.0,1125,-1,28.08,False,-1,True,True,0.693,0.0,0.0,False,False,0.233,-0.001,115.346,1125,37.32,,,,,0,False,False,0.0,False,9.24,5.69,20.0,
106.7,24594,242.634,-639.256,-0.009,5.355,30.0,1125,-1,28.35,False,-1,True,True,0.693,0.0,0.0,False,False,0.192,-0.001,115.327,1125,37.32,,,,,0,False,False,0.0,False,8.97,5.65,20.0,
106.75,24595,242.521,-639.016,-0.008,5.28,30.0,1125,-1,28.61,False,-1,True,True,0.75,0.0,0.001,False,False,0.146,-0.003,115.366,1125,37.32,,,,,0,False,False,0.0,False,8.71,5.68,20.0,
106.8,24596,242.407,-638.776,-0.008,5.36,30.0,1125,-1,28.88,False,-1,True,True,0.75,0.0,-0.004,False,False,0.123,0.004,115.341,1125,37.32,,,,,0,False,False,0.0,False,8.44,5.64,20.0,
106.85,24597,242.293,-638.535,-0.008,5.307,30.0,1125,-1,29.15,False,-1,True,True,0.737,0.0,0.001,False,False,0.106,0.001,115.371,1125,37.32,,,,,0,False,False,0.0,False,8.18,5.68,20.0,
106.9,24598,242.179,-638.293,-0.008,5.373,30.0,1125,-1,29.41,False,-1,True,True,0.75,0.0,-0.003,False,False,0.098,0.004,115.338,1125,37.32,,,,,0,False,False,0.0,False,7.91,5.65,20.0,
106.95,24599,242.065,-638.052,-0.008,5.299,30.0,1125,-1,29.68,False,-1,True,True,0.683,0.0,0.002,False,False,0.083,-0.001,115.364,1125,37.32,,,,,0,False,False,0.0,False,7.64,5.69,20.0,
107.0,24600,241.945,-637.799,-0.009,5.812,30.0,1125,-1,29.96,False,-1,True,True,0.75,0.0,-0.003,False,False,0.178,0.003,115.314,1125,37.32,,,,,0,False,False,0.0,False,7.36,5.65,20.0,
107.05,24601,241.816,-637.527,-0.01,6.112,30.0,1125,-1,30.26,False,-1,True,True,0.0,0.3,0.004,False,False,0.327,-0.004,115.304,1125,37.32,,,,,0,False,False,0.0,False,7.06,5.91,20.0,
107.1,24602,241.68,-637.242,-0.011,6.379,30.0,1125,-1,30.58,False,-1,True,True,0.0,0.3,0.001,False,False,0.421,-0.007,115.311,1125,37.32,,,,,0,False,False,0.0,False,6.75,6.06,20.0,
107.15,24603,241.544,-636.954,-0.011,6.357,30.0,1125,-1,30.9,False,-1,True,True,0.0,0.3,-0.0,False,False,0.414,-0.003,115.315,1125,37.32,,,,,0,False,False,0.0,False,6.43,6.19,20.0,
107.2,24604,241.408,-636.667,-0.01,6.358,30.0,1125,-1,31.21,False,-1,True,True,0.0,0.3,0.0,False,False,0.343,0.0,115.318,1125,37.32,,,,,0,False,False,0.0,False,6.11,6.18,20.0,
107.25,24605,241.275,-636.385,-0.009,6.167,30.0,1125,-1,31.53,False,-1,True,True,0.0,0.3,0.0,False,False,0.226,0.002,115.307,1125,41.25,,,,,0,False,False,0.0,False,9.73,6.18,20.0,
107.3,24606,241.145,-636.111,-0.008,6.056,30.0,1125,-1,31.83,False,-1,True,True,0.0,0.3,0.001,False,False,0.108,0.0,115.335,1125,41.25,,,,,0,False,False,0.0,False,9.42,6.08,20.0,
107.35,24607,241.019,-635.845,-0.007,5.807,30.0,1125,-1,32.12,False,-1,True,True,0.0,0.3,-0.002,False,False,-0.008,0.004,115.31,1125,41.25,,,,,0,False,False,0.0,False,9.13,6.03,20.0,
107.4,24608,240.897,-635.586,-0.006,5.667,30.0,1125,-1,32.41,False,-1,True,True,0.0,0.3,0.002,False,False,-0.098,0.001,115.337,1125,41.25,,,,,0,False,False,0.0,False,8.84,5.9,20.0,
107.45,24609,240.78,-635.338,-0.006,5.397,30.0,1125,-1,32.68,False,-1,True,True,0.0,0.3,-0.002,False,False,-0.175,0.003,115.31,1125,41.25,,,,,0,False,False,0.0,False,8.57,5.83,20.0,
107.5,24610,240.666,-635.098,-0.005,5.284,30.0,1125,-1,32.95,False,-1,True,True,0.53,0.0,0.002,False,False,-0.221,-0.0,115.338,1125,41.25,,,,,0,False,False,0.0,False,8.3,5.7,20.0,
107.55,24611,240.556,-634.865,-0.005,5.081,30.0,1125,-1,33.21,False,-1,True,True,0.75,0.0,-0.002,False,False,-0.242,0.001,115.304,1125,41.25,,,,,0,False,False,0.0,False,8.05,5.64,20.0,
107.6,24612,240.447,-634.634,-0.005,5.124,30.0,1125,-1,33.46,False,-1,True,True,0.75,0.0,0.003,False,False,-0.213,-0.003,115.32,1125,41.25,,,,,0,False,False,0.0,False,7.79,5.54,20.0,
107.65,24613,240.337,-634.405,-0.006,5.049,30.0,1125,-1,33.72,False,-1,True,True,0.75,0.0,-0.001,False,False,-0.16,-0.002,115.287,1125,41.25,,,,,0,False,False,0.0,False,7.54,5.56,20.0,
107.7,24614,240.231,-634.18,-0.006,4.803,30.0,1125,-1,33.97,False,-1,True,True,0.75,0.0,0.003,False,False,-0.152,-0.004,115.321,1125,41.25,,,,,0,False,False,0.0,False,7.29,5.52,20.0,
107.75,24615,240.134,-633.974,-0.005,4.436,30.0,1125,-1,34.19,False,-1,True,True,0.75,0.0,-0.002,False,False,-0.24,-0.0,115.354,1125,41.25,,,,,0,False,False,0.0,False,7.06,5.4,20.0,
107.8,24616,240.043,-633.781,-0.005,4.212,30.0,1125,-1,34.41,False,-1,True,True,0.75,0.0,-0.003,False,False,-0.31,0.005,115.353,1125,41.25,,,,,0,False,False,0.0,False,6.85,5.22,20.0,
107.85,24617,239.954,-633.594,-0.005,4.101,30.0,1125,-1,34.61,False,-1,True,True,0.75,0.0,-0.001,False,False,-0.323,0.004,115.347,1125,41.25,,,,,0,False,False,0.0,False,6.64,5.11,20.0,
107.9,24618,239.867,-633.409,-0.005,4.071,30.0,1125,-1,34.82,False,-1,True,True,0.75,0.0,-0.0,False,False,-0.282,0.001,115.345,1125,41.25,,,,,0,False,False,0.0,False,6.43,5.05,20.0,
107.95,24619,239.779,-633.224,-0.006,4.095,30.0,1125,-1,35.02,False,-1,True,True,0.75,0.0,-0.0,False,False,-0.208,0.0,115.343,1125,41.25,,,,,0,False,False,0.0,False,6.23,5.04,20.0,
108.0,24620,239.691,-633.037,-0.006,4.151,30.0,1125,-1,35.23,False,-1,True,True,0.75,0.0,-0.0,False,False,-0.119,-0.0,115.341,1125,41.25,,,,,0,False,False,0.0,False,6.02,5.05,20.0,
108.05,24621,239.601,-632.846,-0.007,4.227,30.0,1125,-1,35.44,False,-1,True,True,0.75,0.0,-0.0,False,False,-0.033,-0.001,115.34,1125,41.25,,,,,0,False,False,0.0,False,5.81,5.08,20.0,
108.1,24622,239.509,-632.652,-0.008,4.315,30.0,1125,-1,35.66,False,-1,True,True,0.75,0.0,-0.0,False,False,0.043,-0.001,115.338,1125,41.25,,,,,0,False,False,0.0,False,5.6,5.11,20.0,
108.15,24623,239.415,-632.454,-0.008,4.41,30.0,1125,-1,35.87,False,-1,True,True,0.75,0.0,-0.0,False,False,0.106,-0.001,115.337,1125,41.25,,,,,0,False,False,0.0,False,5.38,5.16,20.0,
108.2,24624,239.319,-632.252,-0.009,4.51,30.0,1125,-1,36.1,False,-1,True,True,0.75,0.0,-0.0,False,False,0.154,-0.0,115.336,1125,41.25,,,,,0,False,False,0.0,False,5.15,5.2,20.0,
108.25,24625,239.221,-632.045,-0.009,4.612,30.0,1125,-1,36.33,False,-1,True,True,0.75,0.0,-0.0,False,False,0.19,-0.0,115.334,1125,45.18,,,,,0,False,False,0.0,False,8.85,5.25,20.0,
108.3,24626,239.121,-631.834,-0.009,4.716,30.0,1125,-1,36.56,False,-1,True,True,0.75,0.0,-0.0,False,False,0.216,-0.0,115.333,1125,45.18,,,,,0,False,False,0.0,False,8.62,5.31,20.0,
108.35,24627,239.019,-631.618,-0.009,4.82,30.0,1125,-1,36.8,False,-1,True,True,0.75,0.0,-0.0,False,False,0.234,-0.0,115.332,1125,45.18,,,,,0,False,False,0.0,False,8.38,5.36,20.0,
108.4,24628,238.915,-631.397,-0.009,4.925,30.0,1125,-1,37.04,False,-1,True,True,0.75,0.0,-0.0,False,False,0.245,-0.0,115.332,1125,45.18,,,,,0,False,False,0.0,False,8.14,5.41,20.0,
108.45,24629,238.808,-631.171,-0.009,5.029,30.0,1125,-1,37.29,False,-1,True,True,0.75,0.0,-0.0,False,False,0.253,-0.0,115.331,1125,45.18,,,,,0,False,False,0.0,False,7.89,5.46,20.0,
108.5,24630,238.699,-630.941,-0.009,5.13,30.0,1125,-1,37.55,False,-1,True,True,0.75,0.0,-0.0,False,False,0.258,-0.0,115.331,1125,45.18,,,,,0,False,False,0.0,False,7.63,5.51,20.0,
108.55,24631,238.588,-630.706,-0.009,5.268,30.0,1125,-1,37.81,False,-1,True,True,0.75,0.0,-0.0,False,False,0.261,0.0,115.33,1125,45.18,,,,,0,False,False,0.0,False,7.37,5.57,20.0,
108.6,24632,238.475,-630.468,-0.009,5.296,30.0,1125,-1,38.07,False,-1,True,True,0.75,0.0,-0.0,False,False,0.257,0.0,115.33,1125,45.18,,,,,0,False,False,0.0,False,7.11,5.63,20.0,
108.65,24633,238.359,-630.223,-0.009,5.473,30.0,1125,-1,38.34,False,-1,True,True,0.75,0.0,-0.0,False,False,0.261,0.0,115.33,1125,45.18,,,,,0,False,False,0.0,False,6.84,5.65,20.0,
108.7,24634,238.242,-629.976,-0.009,5.441,30.0,1125,-1,38.62,False,-1,True,True,0.351,0.0,-0.0,False,False,0.247,0.0,115.315,1125,45.18,,,,,0,False,False,0.0,False,6.57,5.74,20.0,
108.75,24635,238.126,-629.73,-0.009,5.459,30.0,1125,-1,38.89,False,-1,True,True,0.455,0.0,0.001,False,False,0.203,-0.002,115.34,1125,45.18,,,,,0,False,False,0.0,False,6.29,5.72,20.0,
108.8,24636,238.011,-629.488,-0.008,5.332,30.0,1125,-1,39.16,False,-1,True,True,0.383,0.0,-0.002,False,False,0.14,0.001,115.304,1125,45.18,,,,,0,False,False,0.0,False,6.03,5.73,20.0,
108.85,24637,237.897,-629.247,-0.008,5.335,30.0,1125,-1,39.42,False,-1,True,True,0.75,0.0,0.003,False,False,0.088,-0.003,115.326,1125,45.18,,,,,0,False,False,0.0,False,5.76,5.67,20.0,
108.9,24638,237.784,-629.01,-0.007,5.216,30.0,1125,-1,39.69,False,-1,True,True,0.75,0.0,-0.002,False,False,0.042,0.0,115.291,1125,45.18,,,,,0,False,False,0.0,False,5.5,5.67,20.0,
108.95,24639,237.672,-628.773,-0.007,5.255,30.0,1125,-1,39.95,False,-1,True,True,0.75,0.0,0.003,False,False,0.022,-0.003,115.316,1125,49.11,,,,,0,False,False,0.0,False,9.16,5.61,20.0,
109.0,24640,237.561,-628.538,-0.007,5.173,30.0,1125,-1,40.21,False,-1,True,True,0.75,0.0,-0.002,False,False,0.012,0.0,115.283,1125,49.11,,,,,0,False,False,0.0,False,8.9,5.63,20.0,
109.05,24641,237.449,-628.302,-0.007,5.249,30.0,1125,-1,40.47,False,-1,True,True,0.75,0.0,0.003,False,False,0.023,-0.003,115.309,1125,49.11,,,,,0,False,False,0.0,False,8.64,5.59,20.0,
109.1,24642,237.337,-628.067,-0.007,5.199,30.0,1125,-1,40.73,False,-1,True,True,0.75,0.0,0.003,False,False,0.035,-0.007,115.291,1125,49.11,,,,,0,False,False,0.0,False,8.38,5.62,20.0,
109.15,24643,237.224,-627.829,-0.008,5.286,30.0,1125,-1,40.99,False,-1,True,True,0.75,0.0,0.002,False,False,0.057,-0.006,115.328,1125,49.11,,,,,0,False,False,0.0,False,8.12,5.6,20.0,
109.2,24644,237.112,-627.592,-0.008,5.212,30.0,1125,-1,41.25,False,-1,True,True,0.75,0.0,-0.003,False,False,0.061,0.003,115.3,1125,49.11,,,,,0,False,False,0.0,False,7.86,5.64,20.0,
109.25,24645,236.999,-627.354,-0.008,5.324,30.0,1125,-1,41.52,False,-1,True,True,0.75,0.0,0.002,False,False,0.071,0.002,115.323,1125,49.11,,,,,0,False,False,0.0,False,7.59,5.61,20.0,
109.3,24646,236.88,-627.101,-0.009,5.747,30.0,1125,-1,41.8,False,-1,True,True,0.75,0.0,-0.002,False,False,0.197,0.006,115.348,1125,49.11,,,,,0,False,False,0.0,False,7.31,5.66,20.0,
109.35,24647,236.751,-626.827,-0.01,6.186,30.0,1125,-1,42.1,False,-1,True,True,0.0,0.3,-0.003,False,False,0.36,0.01,115.348,1125,49.11,,,,,0,False,False,0.0,False,7.01,5.87,20.0,
109.4,24648,236.616,-626.543,-0.011,6.306,30.0,1125,-1,42.42,False,-1,True,True,0.0,0.3,-0.001,False,False,0.44,0.008,115.341,1125,49.11,,,,,0,False,False,0.0,False,6.7,6.09,20.0,
109.45,24649,236.48,-626.254,-0.011,6.414,30.0,1125,-1,42.73,False,-1,True,True,0.0,0.3,-0.0,False,False,0.434,0.004,115.337,1125,49.11,,,,,0,False,False,0.0,False,6.38,6.15,20.0,
109.5,24650,236.345,-625.968,-0.01,6.283,30.0,1125,-1,43.05,False,-1,True,True,0.0,0.3,-0.0,False,False,0.348,0.001,115.335,1125,49.11,,,,,0,False,False,0.0,False,6.06,6.21,20.0,
109.55,24651,236.211,-625.687,-0.009,6.214,30.0,1125,-1,43.36,False,-1,True,True,0.0,0.3,-0.0,False,False,0.234,-0.001,115.322,1125,53.04,,,,,0,False,False,0.0,False,9.68,6.14,20.0,
109.6,24652,236.082,-625.413,-0.008,5.984,30.0,1125,-1,43.66,False,-1,True,True,0.0,0.3,0.001,False,False,0.107,-0.004,115.345,1125,53.04,,,,,0,False,False,0.0,False,9.38,6.11,20.0,
109.65,24653,235.956,-625.147,-0.007,5.854,30.0,1125,-1,43.96,False,-1,True,True,0.0,0.3,-0.002,False,False,-0.003,-0.0,115.316,1125,53.04,,,,,0,False,False,0.0,False,9.08,5.99,20.0,
109.7,24654,235.834,-624.891,-0.006,5.592,30.0,1125,-1,44.24,False,-1,True,True,0.0,0.3,0.002,False,False,-0.101,-0.003,115.341,1125,53.04,,,,,0,False,False,0.0,False,8.8,5.93,20.0,
109.75,24655,235.717,-624.642,-0.006,5.463,30.0,1125,-1,44.52,False,-1,True,True,0.0,0.17,-0.002,False,False,-0.169,-0.0,115.313,1125,53.04,,,,,0,False,False,0.0,False,8.52,5.8,20.0,
109.8,24656,235.603,-624.402,-0.005,5.235,30.0,1125,-1,44.78,False,-1,True,True,0.291,0.0,0.002,False,False,-0.215,-0.002,115.344,1125,53.04,,,,,0,False,False,0.0,False,8.26,5.73,20.0,
109.85,24657,235.492,-624.167,-0.005,5.164,30.0,1125,-1,45.04,False,-1,True,True,0.75,0.0,-0.003,False,False,-0.227,0.003,115.321,1125,53.04,,,,,0,False,False,0.0,False,8.0,5.62,20.0,
109.9,24658,235.383,-623.936,-0.005,5.092,30.0,1125,-1,45.3,False,-1,True,True,0.75,0.0,0.002,False,False,-0.2,0.001,115.366,1125,53.04,,,,,0,False,False,0.0,False,7.74,5.58,20.0,
109.95,24659,235.273,-623.703,-0.006,5.16,30.0,1125,-1,45.56,False,-1,True,True,0.75,0.0,-0.004,False,False,-0.139,0.005,115.337,1125,53.04,,,,,0,False,False,0.0,False,7.48,5.55,20.0,
110.0,24660,235.168,-623.481,-0.006,4.748,30.0,1125,-1,45.8,False,-1,True,True,0.75,0.0,0.002,False,False,-0.166,0.002,115.316,1125,53.04,,,,,0,False,False,0.0,False,7.24,5.58,20.0,
110.05,24661,235.071,-623.277,-0.005,4.4,30.0,1125,-1,46.03,False,-1,True,True,0.75,0.0,0.002,False,False,-0.262,-0.002,115.289,1125,53.04,,,,,0,False,False,0.0,False,7.01,5.37,20.0,
110.1,24662,234.98,-623.085,-0.004,4.191,30.0,1125,-1,46.24,False,-1,True,True,0.75,0.0,0.003,False,False,-0.327,-0.005,115.291,1125,53.04,,,,,0,False,False,0.0,False,6.8,5.2,20.0,
110.15,24663,234.891,-622.899,-0.004,4.092,30.0,1125,-1,46.45,False,-1,True,True,0.75,0.0,0.001,False,False,-0.331,-0.004,115.296,1125,53.04,,,,,0,False,False,0.0,False,6.59,5.1,20.0,
110.2,24664,234.804,-622.714,-0.005,4.07,30.0,1125,-1,46.65,False,-1,True,True,0.75,0.0,0.0,False,False,-0.282,-0.001,115.299,1125,53.04,,,,,0,False,False,0.0,False,6.39,5.05,20.0,
110.25,24665,234.717,-622.529,-0.006,4.098,30.0,1125,-1,46.86,False,-1,True,True,0.75,0.0,0.0,False,False,-0.203,0.0,115.301,1125,53.04,,,,,0,False,False,0.0,False,6.18,5.03,20.0,
110.3,24666,234.628,-622.341,-0.006,4.157,30.0,1125,-1,47.06,False,-1,True,True,0.75,0.0,0.0,False,False,-0.112,0.001,115.304,1125,53.04,,,,,0,False,False,0.0,False,5.98,5.05,20.0,
110.35,24667,234.538,-622.151,-0.007,4.235,30.0,1125,-1,47.27,False,-1,True,True,0.75,0.0,0.0,False,False,-0.026,0.001,115.306,1125,53.04,,,,,0,False,False,0.0,False,5.77,5.08,20.0,
110.4,24668,234.446,-621.956,-0.008,4.324,30.0,1125,-1,47.49,False,-1,True,True,0.75,0.0,0.0,False,False,0.05,0.001,115.308,1125,53.04,,,,,0,False,False,0.0,False,5.55,5.12,20.0,
110.45,24669,234.352,-621.758,-0.008,4.42,30.0,1125,-1,47.71,False,-1,True,True,0.75,0.0,0.0,False,False,0.111,0.001,115.309,1125,53.04,,,,,0,False,False,0.0,False,5.33,5.16,20.0,
110.5,24670,234.256,-621.555,-0.009,4.52,30.0,1125,-1,47.93,False,-1,True,True,0.75,0.0,0.0,False,False,0.158,0.0,115.311,1125,53.04,,,,,0,False,False,0.0,False,5.11,5.21,20.0,
110.55,24671,234.158,-621.348,-0.009,4.623,30.0,1125,-1,48.16,False,-1,True,True,0.75,0.0,0.001,False,False,0.193,-0.0,115.313,1125,56.97,,,,,0,False,False,0.0,False,8.81,5.26,20.0,
110.6,24672,234.057,-621.136,-0.009,4.727,30.0,1125,-1,48.4,False,-1,True,True,0.75,0.0,0.0,False,False,0.218,-0.0,115.315,1125,56.97,,,,,0,False,False,0.0,False,8.57,5.31,20.0,
110.65,24673,233.955,-620.919,-0.009,4.831,30.0,1125,-1,48.64,False,-1,True,True,0.75,0.0,0.0,False,False,0.235,-0.0,115.316,1125,56.97,,,,,0,False,False,0.0,False,8.33,5.36,20.0,
110.7,24674,233.85,-620.698,-0.009,4.936,30.0,1125,-1,48.88,False,-1,True,True,0.75,0.0,0.0,False,False,0.246,0.0,115.317,1125,56.97,,,,,0,False,False,0.0,False,8.09,5.42,20.0,
110.75,24675,233.743,-620.472,-0.009,5.04,30.0,1125,-1,49.13,False,-1,True,True,0.75,0.0,0.0,False,False,0.254,0.0,115.318,1125,56.97,,,,,0,False,False,0.0,False,7.84,5.47,20.0,
110.8,24676,233.634,-620.241,-0.009,5.141,30.0,1125,-1,49.39,False,-1,True,True,0.75,0.0,0.0,False,False,0.258,0.0,115.318,1125,56.97,,,,,0,False,False,0.0,False,7.58,5.52,20.0,
110.85,24677,233.523,-620.006,-0.009,5.279,30.0,1125,-1,49.65,False,-1,True,True,0.75,0.0,0.0,False,False,0.261,-0.0,115.319,1125,56.97,,,,,0,False,False,0.0,False,7.32,5.57,20.0,
110.9,24678,233.41,-619.767,-0.009,5.304,30.0,1125,-1,49.91,False,-1,True,True,0.75,0.0,0.0,False,False,0.256,0.0,115.315,1125,56.97,,,,,0,False,False,0.0,False,7.06,5.64,20.0,
110.95,24679,233.295,-619.524,-0.009,5.387,30.0,1125,-1,50.18,False,-1,True,True,0.75,0.0,0.0,False,False,0.242,-0.001,115.334,1125,56.97,,,,,0,False,False,0.0,False,6.79,5.65,20.0,
111.0,24680,233.181,-619.284,-0.009,5.3,30.0,1125,-1,50.45,False,-1,True,True,0.658,0.0,-0.002,False,False,0.194,0.002,115.299,1125,56.97,,,,,0,False,False,0.0,False,6.52,5.69,20.0,
111.05,24681,233.067,-619.043,-0.008,5.363,30.0,1125,-1,50.71,False,-1,True,True,0.75,0.0,0.003,False,False,0.157,-0.003,115.323,1125,56.97,,,,,0,False,False,0.0,False,6.26,5.65,20.0,
111.1,24682,232.953,-618.803,-0.008,5.303,30.0,1125,-1,50.98,False,-1,True,True,0.731,0.0,-0.002,False,False,0.124,0.0,115.29,1125,56.97,,,,,0,False,False,0.0,False,5.99,5.68,20.0,
111.15,24683,232.838,-618.56,-0.008,5.395,30.0,1125,-1,51.25,False,-1,True,True,0.75,0.0,0.003,False,False,0.113,-0.003,115.315,1125,56.97,,,,,0,False,False,0.0,False,5.72,5.65,20.0,
111.2,24684,232.724,-618.319,-0.008,5.32,30.0,1125,-1,51.51,False,-1,True,True,0.605,0.0,-0.002,False,False,0.098,0.0,115.288,1125,56.97,,,,,0,False,False,0.0,False,5.46,5.7,20.0,
111.25,24685,232.609,-618.077,-0.008,5.386,30.0,1125,-1,51.78,False,-1,True,True,0.75,0.0,0.003,False,False,0.09,-0.003,115.32,1733,1.69,,,,,0,False,False,0.0,False,8.84,5.66,20.0,
111.3,24686,232.492,-617.828,-0.008,5.661,30.0,1125,-1,52.06,False,-1,True,True,0.631,0.0,-0.002,False,False,0.145,0.002,115.33,1733,1.69,,,,,0,False,False,0.0,False,8.57,5.69,20.0,
111.35,24687,232.364,-617.558,-0.01,6.106,30.0,1125,-1,52.36,False,-1,True,True,0.0,0.3,-0.001,False,False,0.297,0.005,115.341,1733,1.69,,,,,0,False,False,0.0,False,8.27,5.83,20.0,
111.4,24688,232.232,-617.277,-0.01,6.217,30.0,1125,-1,52.67,False,-1,True,True,0.0,0.3,-0.001,False,False,0.383,0.005,115.34,1733,1.69,,,,,0,False,False,0.0,False,7.96,6.05,20.0,
111.45,24689,232.097,-616.993,-0.01,6.319,30.0,1125,-1,52.98,False,-1,True,True,0.0,0.3,-0.0,False,False,0.386,0.003,115.337,1733,1.69,,,,,0,False,False,0.0,False,7.64,6.11,20.0,
111.5,24690,231.964,-616.712,-0.01,6.181,30.0,1125,-1,53.29,False,-1,True,True,0.0,0.3,-0.0,False,False,0.31,0.0,115.336,1733,1.69,,,,,0,False,False,0.0,False,7.33,6.16,20.0,
111.55,24691,231.833,-616.435,-0.009,6.11,30.0,1125,-1,53.6,False,-1,True,True,0.0,0.3,-0.0,False,False,0.206,-0.001,115.32,1733,1.69,,,,,0,False,False,0.0,False,7.03,6.09,20.0,
111.6,24692,231.706,-616.166,-0.008,5.878,30.0,1125,-1,53.9,False,-1,True,True,0.0,0.3,0.001,False,False,0.085,-0.004,115.345,1733,1.69,,,,,0,False,False,0.0,False,6.73,6.05,20.0,
111.65,24693,231.582,-615.905,-0.007,5.749,30.0,1125,-1,54.18,False,-1,True,True,0.0,0.3,-0.002,False,False,-0.018,-0.001,115.316,1733,1.69,,,,,0,False,False,0.0,False,6.44,5.94,20.0,
111.7,24694,231.463,-615.653,-0.006,5.487,30.0,1125,-1,54.46,False,-1,True,True,0.0,0.3,0.002,False,False,-0.111,-0.004,115.342,1733,1.69,,,,,0,False,False,0.0,False,6.16,5.87,20.0,
111.75,24695,231.347,-615.408,-0.006,5.379,30.0,1125,-1,54.73,False,-1,True,True,0.214,0.0,-0.002,False,False,-0.172,0.0,115.314,1733,1.69,,,,,0,False,False,0.0,False,5.89,5.74,20.0,
111.8,24696,231.235,-615.171,-0.005,5.177,30.0,1125,-1,55.0,False,-1,True,True,0.603,0.0,0.002,False,False,-0.205,-0.001,115.347,1733,1.69,,,,,0,False,False,0.0,False,5.63,5.69,20.0,
111.85,24697,231.125,-614.938,-0.005,5.134,30.0,1125,-1,55.25,False,-1,True,True,0.75,0.0,-0.003,False,False,-0.206,0.003,115.323,1733,1.69,,,,,0,False,False,0.0,False,5.37,5.59,20.0,
111.9,24698,231.017,-614.709,-0.005,5.03,30.0,1125,-1,55.51,False,-1,True,True,0.75,0.0,0.002,False,False,-0.186,0.001,115.364,1733,5.07,,,,,0,False,False,0.0,False,8.5,5.57,20.0,
111.95,24699,230.908,-614.48,-0.006,5.097,30.0,1125,-1,55.76,False,-1,True,True,0.75,0.0,-0.004,False,False,-0.131,0.005,115.335,1733,5.07,,,,,0,False,False,0.0,False,8.25,5.52,20.0,
112.0,24700,230.801,-614.254,-0.006,4.844,30.0,1125,-1,56.01,False,-1,True,True,0.75,0.0,0.002,False,False,-0.109,0.001,115.351,1733,5.07,,,,,0,False,False,0.0,False,8.0,5.55,20.0,
112.05,24701,230.702,-614.043,-0.006,4.544,30.0,1125,-1,56.24,False,-1,True,True,0.75,0.0,-0.002,False,False,-0.181,0.001,115.335,1733,5.07,,,,,0,False,False,0.0,False,7.76,5.42,20.0,
112.1,24702,230.608,-613.844,-0.005,4.337,30.0,1125,-1,56.46,False,-1,True,True,0.75,0.0,0.001,False,False,-0.248,-0.001,115.33,1733,5.07,,,,,0,False,False,0.0,False,7.54,5.27,20.0,
112.15,24703,230.516,-613.652,-0.005,4.238,30.0,1125,-1,56.68,False,-1,True,True,0.75,0.0,0.0,False,False,-0.265,-0.002,115.33,1733,5.07,,,,,0,False,False,0.0,False,7.33,5.17,20.0,
112.2,24704,230.426,-613.461,-0.005,4.214,30.0,1125,-1,56.89,False,-1,True,True,0.75,0.0,-0.0,False,False,-0.233,-0.002,115.33,1733,5.07,,,,,0,False,False,0.0,False,7.12,5.12,20.0,
112.25,24705,230.335,-613.269,-0.006,4.241,30.0,1125,-1,57.1,False,-1,True,True,0.75,0.0,-0.0,False,False,-0.168,-0.001,115.329,1733,5.07,,,,,0,False,False,0.0,False,6.91,5.11,20.0,
112.3,24706,230.244,-613.075,-0.007,4.297,30.0,1125,-1,57.31,False,-1,True,True,0.75,0.0,-0.0,False,False,-0.09,-0.001,115.328,1733,5.07,,,,,0,False,False,0.0,False,6.69,5.12,20.0,
112.35,24707,230.15,-612.879,-0.007,4.373,30.0,1125,-1,57.53,False,-1,True,True,0.75,0.0,-0.0,False,False,-0.012,-0.0,115.328,1733,5.07,,,,,0,False,False,0.0,False,6.48,5.15,20.0,
112.4,24708,230.056,-612.678,-0.008,4.46,30.0,1125,-1,57.75,False,-1,True,True,0.75,0.0,-0.0,False,False,0.057,-0.0,115.327,1733,5.07,,,,,0,False,False,0.0,False,6.25,5.19,20.0,
112.45,24709,229.959,-612.473,-0.008,4.554,30.0,1125,-1,57.98,False,-1,True,True,0.75,0.0,-0.0,False,False,0.114,-0.0,115.327,1733,5.07,,,,,0,False,False,0.0,False,6.03,5.23,20.0,
112.5,24710,229.86,-612.265,-0.009,4.653,30.0,1125,-1,58.21,False,-1,True,True,0.75,0.0,-0.0,False,False,0.159,-0.0,115.327,1733,5.07,,,,,0,False,False,0.0,False,5.8,5.28,20.0,
112.55,24711,229.759,-612.051,-0.009,4.754,30.0,1125,-1,58.45,False,-1,True,True,0.75,0.0,-0.0,False,False,0.192,-0.0,115.327,1733,5.07,,,,,0,False,False,0.0,False,5.56,5.33,20.0,
112.6,24712,229.656,-611.833,-0.009,4.857,30.0,1125,-1,58.69,False,-1,True,True,0.75,0.0,-0.0,False,False,0.216,0.0,115.326,1733,5.07,,,,,0,False,False,0.0,False,5.32,5.38,20.0,
112.65,24713,229.551,-611.611,-0.009,4.96,30.0,1733,-1,0.0,True,7,True,True,0.75,0.0,-0.0,False,False,0.233,0.001,115.325,1733,8.46,,,,,0,False,False,0.0,False,8.46,5.43,20.0,
112.7,24714,229.443,-611.384,-0.009,5.063,30.0,1733,-1,0.25,True,7,True,True,0.75,0.0,0.0,False,False,0.245,0.001,115.324,1733,8.46,,,,,0,False,False,0.0,False,8.21,5.48,20.0,
112.75,24715,229.334,-611.152,-0.009,5.147,30.0,1733,-1,0.51,True,7,True,True,0.75,0.0,-0.0,False,False,0.251,0.0,115.323,1733,8.46,,,,,0,False,False,0.0,False,7.95,5.53,20.0,
112.8,24716,229.222,-610.916,-0.009,5.302,30.0,1733,-1,0.77,True,7,True,True,0.75,0.0,-0.0,False,False,0.256,0.0,115.323,1733,8.46,,,,,0,False,False,0.0,False,7.69,5.57,20.0,
112.85,24717,229.108,-610.676,-0.009,5.311,30.0,1733,-1,1.04,True,7,True,True,0.75,0.0,-0.0,False,False,0.251,0.0,115.311,1733,8.46,,,,,0,False,False,0.0,False,7.42,5.65,20.0,
112.9,24718,228.994,-610.435,-0.009,5.361,30.0,1733,-1,1.3,True,7,True,True,0.75,0.0,0.001,False,False,0.224,-0.002,115.336,1733,8.46,,,,,0,False,False,0.0,False,7.16,5.66,20.0,
112.95,24719,228.88,-610.195,-0.009,5.283,30.0,1733,-1,1.57,True,7,True,True,0.75,0.0,-0.002,False,False,0.177,0.002,115.3,1733,8.46,,,,,0,False,False,0.0,False,6.89,5.68,20.0,
113.0,24720,228.767,-609.955,-0.008,5.361,30.0,1733,-1,1.83,True,7,True,True,0.75,0.0,0.003,False,False,0.147,-0.003,115.322,1733,8.46,,,,,0,False,False,0.0,False,6.62,5.64,20.0,
113.05,24721,228.652,-609.714,-0.008,5.314,30.0,1733,-1,2.1,True,7,True,True,0.736,0.0,-0.002,False,False,0.123,0.0,115.289,1733,8.46,,,,,0,False,False,0.0,False,6.36,5.68,20.0,
113.1,24722,228.538,-609.472,-0.008,5.38,30.0,1733,-1,2.37,True,7,True,True,0.75,0.0,0.003,False,False,0.112,-0.003,115.314,1733,8.46,,,,,0,False,False,0.0,False,6.09,5.66,20.0,
113.15,24723,228.424,-609.231,-0.008,5.307,30.0,1733,-1,2.63,True,7,True,True,0.659,0.0,-0.002,False,False,0.093,0.001,115.286,1733,8.46,,,,,0,False,False,0.869,False,5.82,5.69,20.0,
113.2,24724,228.306,-608.982,-0.008,5.727,30.0,1733,-1,2.91,True,7,True,True,0.75,0.0,0.003,False,False,0.154,-0.002,115.278,1733,8.46,,,,,0,False,False,1.034,False,5.55,5.65,20.0,
113.25,24725,228.178,-608.713,-0.01,6.044,30.0,1733,-1,3.21,True,7,True,True,0.0,0.3,0.001,False,False,0.3,-0.003,115.27,1733,11.84,,,,,0,False,False,1.218,False,8.63,5.86,20.0,
113.3,24726,228.044,-608.43,-0.011,6.326,30.0,1733,-1,3.52,True,7,True,True,0.0,0.3,0.002,False,False,0.403,-0.002,115.274,1733,11.84,,,,,0,False,False,1.413,False,8.32,6.02,20.0,
113.35,24727,227.909,-608.144,-0.011,6.315,30.0,1733,-1,3.84,True,7,True,True,0.0,0.3,0.001,False,False,0.406,-0.0,115.28,1733,11.84,,,,,0,False,False,1.618,False,8.0,6.16,20.0,
113.4,24728,227.774,-607.859,-0.01,6.325,30.0,1733,-1,4.15,True,7,True,True,0.0,0.3,0.0,False,False,0.343,0.002,115.285,1733,11.84,,,,,0,False,False,1.825,False,7.69,6.16,20.0,
113.45,24729,227.641,-607.579,-0.009,6.137,30.0,1733,-1,4.46,True,7,True,True,0.0,0.3,0.0,False,False,0.231,0.003,115.279,1733,11.84,,,,,0,False,False,2.033,False,7.38,6.16,20.0,
113.5,24730,227.512,-607.305,-0.008,6.03,30.0,1733,-1,4.76,True,7,True,True,0.0,0.3,0.001,False,False,0.115,0.002,115.306,1733,11.84,,,,,0,False,False,2.237,False,7.08,6.07,20.0,
113.55,24731,227.387,-607.04,-0.007,5.783,30.0,1733,-1,5.06,True,7,True,True,0.0,0.3,-0.002,False,False,-0.0,0.006,115.282,1733,11.84,,,,,0,False,False,2.439,False,6.78,6.02,20.0,
113.6,24732,227.266,-606.783,-0.006,5.645,30.0,1733,-1,5.34,True,7,True,True,0.0,0.3,0.002,False,False,-0.091,0.002,115.311,1733,11.84,,,,,0,False,False,0.0,False,6.5,5.89,20.0,
113.65,24733,227.149,-606.536,-0.006,5.375,30.0,1733,-1,5.62,True,7,True,True,0.0,0.3,-0.002,False,False,-0.17,0.004,115.285,1733,11.84,,,,,0,False,False,0.0,False,6.22,5.82,20.0,
113.7,24734,227.036,-606.296,-0.005,5.263,30.0,1733,-1,5.88,True,7,True,True,0.612,0.0,0.002,False,False,-0.217,0.0,115.314,1733,11.84,,,,,0,False,False,0.0,False,5.96,5.69,20.0,
113.75,24735,226.926,-606.064,-0.005,5.061,30.0,1733,-1,6.14,True,7,True,True,0.75,0.0,-0.002,False,False,-0.238,0.001,115.281,1733,11.84,,,,,0,False,False,0.0,False,5.7,5.63,20.0,
113.8,24736,226.818,-605.835,-0.005,5.085,30.0,1733,-1,6.39,True,7,True,True,0.75,0.0,0.003,False,False,-0.217,-0.003,115.314,1733,11.84,,,,,0,False,False,0.899,False,5.45,5.53,20.0,
113.85,24737,226.71,-605.607,-0.006,5.008,30.0,1733,-1,6.64,True,7,True,True,0.75,0.0,-0.003,False,False,-0.166,0.001,115.287,1733,15.22,,,,,0,False,False,1.049,False,8.58,5.54,20.0,
113.9,24738,226.603,-605.382,-0.006,4.859,30.0,1733,-1,6.89,True,7,True,True,0.75,0.0,0.002,False,False,-0.134,-0.002,115.306,1733,15.22,,,,,0,False,False,1.204,False,8.33,5.5,20.0,
113.95,24739,226.505,-605.174,-0.005,4.473,30.0,1733,-1,7.12,True,7,True,True,0.75,0.0,-0.001,False,False,-0.212,0.001,115.28,1733,15.22,,,,,0,False,False,1.347,False,8.1,5.43,20.0,
114.0,24740,226.412,-604.979,-0.005,4.233,30.0,1733,-1,7.34,True,7,True,True,0.75,0.0,0.003,False,False,-0.289,-0.002,115.278,1733,15.22,,,,,0,False,False,1.484,False,7.89,5.24,20.0,
114.05,24741,226.324,-604.792,-0.005,4.11,30.0,1733,-1,7.54,True,7,True,True,0.75,0.0,0.001,False,False,-0.311,-0.002,115.283,1733,15.22,,,,,0,False,False,1.619,False,7.68,5.12,20.0,
114.1,24742,226.236,-604.607,-0.005,4.073,30.0,1733,-1,7.75,True,7,True,True,0.75,0.0,0.0,False,False,-0.279,-0.0,115.286,1733,15.22,,,,,0,False,False,1.752,False,7.47,5.06,20.0,
114.15,24743,226.149,-604.422,-0.005,4.091,30.0,1733,-1,7.95,True,7,True,True,0.75,0.0,0.0,False,False,-0.21,0.0,115.288,1733,15.22,,,,,0,False,False,1.888,False,7.27,5.04,20.0,
114.2,24744,226.061,-604.235,-0.006,4.144,30.0,1733,-1,8.16,True,7,True,True,0.75,0.0,0.0,False,False,-0.125,0.001,115.29,1733,15.22,,,,,0,False,False,2.027,False,7.06,5.05,20.0,
114.25,24745,225.971,-604.045,-0.007,4.218,30.0,1733,-1,8.37,True,7,True,True,0.75,0.0,0.0,False,False,-0.04,0.001,115.292,1733,15.22,,,,,0,False,False,2.169,False,6.85,5.07,20.0,
114.3,24746,225.879,-603.852,-0.008,4.305,30.0,1733,-1,8.59,True,7,True,True,0.75,0.0,0.0,False,False,0.037,0.001,115.293,1733,15.22,,,,,0,False,False,2.315,False,6.64,5.11,20.0,
114.35,24747,225.786,-603.654,-0.008,4.399,30.0,1733,-1,8.8,True,7,True,True,0.75,0.0,0.0,False,False,0.1,0.001,115.295,1733,15.22,,,,,0,False,False,2.467,False,6.42,5.15,20.0,
114.4,24748,225.69,-603.452,-0.009,4.499,30.0,1733,-1,9.03,True,7,True,True,0.75,0.0,0.0,False,False,0.149,0.0,115.296,1733,15.22,,,,,0,False,False,0.0,False,6.2,5.2,20.0,
114.45,24749,225.593,-603.245,-0.009,4.601,30.0,1733,-1,9.26,True,7,True,True,0.75,0.0,0.0,False,False,0.187,0.0,115.297,1733,15.22,,,,,0,False,False,0.0,False,5.97,5.25,20.0,
114.5,24750,225.493,-603.035,-0.009,4.704,30.0,1733,-1,9.49,True,7,True,True,0.75,0.0,0.0,False,False,0.213,0.0,115.298,1733,15.22,,,,,0,False,False,0.0,False,5.73,5.3,20.0,
114.55,24751,225.391,-602.819,-0.009,4.809,30.0,1733,-1,9.73,True,7,True,True,0.75,0.0,0.0,False,False,0.232,0.0,115.299,1733,15.22,,,,,0,False,False,0.0,False,5.5,5.35,20.0,
114.6,24752,225.287,-602.599,-0.009,4.913,30.0,1733,-1,9.97,True,7,True,True,0.75,0.0,0.0,False,False,0.244,0.0,115.3,1733,15.22,,,,,0,False,False,0.0,False,5.25,5.4,20.0,
114.65,24753,225.181,-602.374,-0.009,5.017,30.0,1733,-1,10.22,True,7,True,True,0.75,0.0,0.0,False,False,0.252,-0.0,115.3,1124,1.74,,,,,0,False,False,0.0,False,8.44,5.46,20.0,
114.7,24754,225.072,-602.144,-0.009,5.122,30.0,1733,-1,10.47,True,7,True,True,0.75,0.0,0.0,False,False,0.257,-0.0,115.301,1124,1.74,,,,,0,False,False,0.0,False,8.19,5.51,20.0,
114.75,24755,224.961,-601.91,-0.009,5.181,30.0,1733,-1,10.73,True,7,True,True,0.75,0.0,0.0,False,False,0.257,-0.0,115.302,1124,1.74,,,,,0,False,False,0.0,False,7.93,5.56,20.0,
114.8,24756,224.848,-601.671,-0.009,5.353,30.0,1733,-1,11.0,True,7,True,True,0.75,0.0,0.0,False,False,0.26,0.0,115.296,1124,1.74,,,,,0,False,False,0.0,False,7.66,5.59,20.0,
114.85,24757,224.735,-601.431,-0.009,5.274,30.0,1733,-1,11.26,True,7,True,True,0.75,0.0,0.001,False,False,0.231,-0.001,115.319,1124,1.74,,,,,0,False,False,1.245,False,7.4,5.68,20.0,
114.9,24758,224.622,-601.191,-0.009,5.332,30.0,1733,-1,11.53,True,7,True,True,0.75,0.0,-0.002,False,False,0.191,0.003,115.295,1124,1.74,,,,,0,False,False,1.07,False,7.13,5.64,20.0,
114.95,24759,224.509,-600.953,-0.008,5.266,30.0,1733,-1,11.79,True,7,True,True,0.75,0.0,0.002,False,False,0.15,-0.001,115.33,1124,1.74,,,,,0,False,False,0.905,False,6.87,5.67,20.0,
115.0,24760,224.395,-600.712,-0.008,5.356,30.0,1733,-1,12.06,True,7,True,True,0.75,0.0,-0.003,False,False,0.13,0.003,115.307,1124,1.74,,,,,0,False,False,0.748,False,6.6,5.63,20.0,
115.05,24761,224.282,-600.472,-0.008,5.287,30.0,1733,-1,12.32,True,7,True,True,0.75,0.0,0.002,False,False,0.111,-0.0,115.34,1124,1.74,,,,,0,False,False,0.0,False,6.34,5.68,20.0,
115.1,24762,224.168,-600.231,-0.008,5.354,30.0,1733,-1,12.59,True,7,True,True,0.75,0.0,-0.003,False,False,0.099,0.003,115.31,1124,1.74,,,,,0,False,False,0.0,False,6.07,5.64,20.0,
115.15,24763,224.053,-599.987,-0.008,5.536,30.0,1733,-1,12.86,True,7,True,True,0.75,0.0,0.002,False,False,0.125,-0.002,115.345,1124,1.74,,,,,0,False,False,0.0,False,5.8,5.68,20.0,
115.2,24764,223.928,-599.721,-0.009,6.038,30.0,1733,-1,13.15,True,7,True,True,0.094,0.0,-0.003,False,False,0.277,0.002,115.36,1124,1.74,,,,,0,False,False,0.0,False,5.51,5.77,20.0,
115.25,24765,223.793,-599.443,-0.011,6.22,30.0,1733,-1,13.46,True,7,True,True,0.0,0.3,0.043,False,False,0.392,-0.086,115.504,1124,5.23,,,,,0,False,False,0.0,False,8.62,6.02,20.0,
115.3,24766,223.655,-599.158,-0.011,6.356,30.0,1733,-1,13.78,True,7,True,True,0.0,0.3,-0.002,False,False,0.418,-0.074,115.623,1124,5.23,,,,,0,False,False,0.0,False,8.31,6.11,20.0,
115.35,24767,223.52,-598.875,-0.01,6.242,30.0,1733,-1,14.09,True,7,True,True,0.0,0.3,-0.004,False,False,0.354,-0.03,115.66,1124,5.23,,,,,0,False,False,0.0,False,7.99,6.18,20.0,
115.4,24768,223.386,-598.596,-0.009,6.172,30.0,1733,-1,14.4,True,7,True,True,0.0,0.3,0.001,False,False,0.248,-0.013,115.649,1124,5.23,,,,,0,False,False,0.0,False,7.68,6.12,20.0,
115.45,24769,223.255,-598.325,-0.008,5.948,30.0,1733,-1,14.7,True,7,True,True,0.0,0.3,0.005,False,False,0.122,-0.015,115.69,1124,5.23,,,,,0,False,False,0.0,False,7.38,6.09,20.0,
115.5,24770,223.128,-598.062,-0.007,5.825,30.0,1733,-1,15.0,True,7,True,True,0.0,0.3,-0.0,False,False,0.012,-0.01,115.679,1124,5.23,,,,,0,False,False,0.0,False,7.09,5.97,20.0,
115.55,24771,223.005,-597.807,-0.006,5.567,30.0,1733,-1,15.28,True,7,True,True,0.0,0.3,0.003,False,False,-0.087,-0.01,115.718,1124,5.23,,,,,0,False,False,0.0,False,6.81,5.91,20.0,
115.6,24772,222.886,-597.56,-0.006,5.451,30.0,1733,-1,15.55,True,7,True,True,0.0,0.074,-0.001,False,False,-0.154,-0.005,115.702,1124,5.23,,,,,0,False,False,0.0,False,6.53,5.78,20.0,
115.65,24773,222.771,-597.321,-0.005,5.231,30.0,1737,-1,15.17,True,7,True,False,0.342,0.0,0.003,False,False,-0.199,-0.005,115.745,1124,5.23,,,,,0,False,False,0.0,False,6.27,5.73,20.0,
115.7,24774,222.658,-597.087,-0.005,5.162,30.0,1737,-1,15.43,True,7,True,False,0.75,0.0,-0.002,False,False,-0.212,0.001,115.73,1124,5.23,,,,,0,False,False,0.0,False,6.01,5.62,20.0,
115.75,24775,222.548,-596.859,-0.005,5.028,30.0,1737,-1,15.68,True,7,True,False,0.75,0.0,0.002,False,False,-0.207,-0.001,115.767,1124,5.23,,,,,0,False,False,0.0,False,5.75,5.58,20.0,
115.8,24776,222.438,-596.63,-0.006,5.095,30.0,1737,-1,16.01,True,7,True,False,0.75,0.0,-0.002,False,False,-0.156,0.002,115.737,1124,5.23,,,,,0,False,False,0.0,False,5.5,5.51,20.0,
115.85,24777,222.326,-596.405,-0.006,4.918,30.0,1737,-1,16.27,True,7,True,False,0.75,0.0,0.07,False,False,-0.117,-0.095,115.895,1124,8.72,,,,,0,False,False,0.0,False,8.75,5.55,20.0,
115.9,24778,222.221,-596.195,-0.006,4.56,30.0,1124,-1,0.16,False,-1,True,True,0.75,0.0,0.006,False,False,-0.183,-0.093,116.078,1124,8.72,,,,,0,False,False,0.0,False,8.51,5.46,20.0,
115.95,24779,222.124,-595.999,-0.005,4.301,30.0,1124,-1,0.37,False,-1,True,True,0.75,0.0,-0.002,False,False,-0.265,-0.045,116.134,1124,8.72,,,,,0,False,False,0.0,False,8.29,5.28,20.0,
116.0,24780,222.031,-595.81,-0.005,4.164,30.0,1124,-1,0.58,False,-1,True,True,0.75,0.0,0.006,False,False,-0.298,-0.022,116.163,1124,8.72,,,,,0,False,False,0.0,False,8.08,5.15,20.0,
116.05,24781,221.939,-595.625,-0.005,4.117,30.0,1124,-1,0.79,False,-1,True,True,0.75,0.0,0.007,False,False,-0.276,-0.014,116.196,1124,8.72,,,,,0,False,False,0.0,False,7.87,5.08,20.0,
116.1,24782,221.848,-595.44,-0.005,4.128,30.0,1124,-1,1.0,False,-1,True,True,0.75,0.0,0.005,False,False,-0.214,-0.009,116.228,1124,8.72,,,,,0,False,False,0.0,False,7.67,5.06,20.0,
116.15,24783,221.755,-595.253,-0.006,4.176,30.0,1124,-1,1.21,False,-1,True,True,0.75,0.0,0.004,False,False,-0.133,-0.005,116.254,1124,8.72,,,,,0,False,False,0.0,False,7.46,5.06,20.0,
116.2,24784,221.661,-595.064,-0.007,4.247,30.0,1124,-1,1.42,False,-1,True,True,0.75,0.0,0.004,False,False,-0.049,-0.003,116.278,1124,8.72,,,,,0,False,False,0.0,False,7.25,5.09,20.0,
116.25,24785,221.565,-594.871,-0.008,4.332,30.0,1124,-1,1.63,False,-1,True,True,0.75,0.0,0.003,False,False,0.028,-0.001,116.298,1124,8.72,,,,,0,False,False,0.0,False,7.03,5.12,20.0,
116.3,24786,221.467,-594.674,-0.008,4.425,30.0,1124,-1,1.85,False,-1,True,True,0.75,0.0,0.003,False,False,0.092,-0.001,116.316,1124,8.72,,,,,0,False,False,0.0,False,6.81,5.17,20.0,
116.35,24787,221.367,-594.472,-0.008,4.524,30.0,1124,-1,2.08,False,-1,True,True,0.75,0.0,0.002,False,False,0.143,-0.0,116.332,1124,8.72,,,,,0,False,False,0.0,False,6.59,5.21,20.0,
116.4,24788,221.265,-594.267,-0.009,4.625,30.0,1124,-1,2.31,False,-1,True,True,0.75,0.0,0.002,False,False,0.182,0.0,116.345,1124,8.72,,,,,0,False,False,0.0,False,6.36,5.26,20.0,
116.45,24789,221.161,-594.057,-0.009,4.728,30.0,1124,-1,2.54,False,-1,True,True,0.75,0.0,0.002,False,False,0.209,0.0,116.357,1124,8.72,,,,,0,False,False,0.0,False,6.12,5.31,20.0,
116.5,24790,221.054,-593.842,-0.009,4.832,30.0,1124,-1,2.78,False,-1,True,True,0.75,0.0,0.001,False,False,0.229,0.0,116.367,1124,8.72,,,,,0,False,False,0.0,False,5.88,5.36,20.0,
116.55,24791,220.945,-593.623,-0.009,4.936,30.0,1124,-1,3.03,False,-1,True,True,0.75,0.0,0.001,False,False,0.242,0.0,116.376,1124,8.72,,,,,0,False,False,0.0,False,5.64,5.42,20.0,
116.6,24792,220.834,-593.399,-0.009,5.04,30.0,1124,-1,3.28,False,-1,True,True,0.75,0.0,0.001,False,False,0.251,0.0,116.383,1124,8.72,,,,,0,False,False,0.0,False,5.39,5.47,20.0,
116.65,24793,220.718,-593.172,-0.009,5.136,30.0,1124,-1,3.53,False,-1,True,True,0.75,0.0,0.052,False,False,0.255,-0.088,116.535,1826,1.99,,,,,0,False,False,0.0,False,8.81,5.52,20.0,
116.7,24794,220.6,-592.941,-0.009,5.198,30.0,1124,-1,3.79,False,-1,True,True,0.75,0.0,0.002,False,False,0.25,-0.072,116.636,1826,1.99,,,,,0,False,False,0.0,False,8.55,5.57,20.0,
116.75,24795,220.484,-592.71,-0.009,5.169,30.0,1124,-1,4.05,False,-1,True,True,0.75,0.0,0.002,False,False,0.212,-0.036,116.737,1826,1.99,,,,,0,False,False,0.0,False,8.3,5.6,20.0,
116.8,24796,220.368,-592.48,-0.008,5.16,30.0,1124,-1,4.31,False,-1,True,True,0.75,0.0,-0.001,False,False,0.167,-0.01,116.723,1826,1.99,,,,,0,False,False,0.0,False,8.04,5.58,20.0,
116.85,24797,220.251,-592.25,-0.008,5.165,30.0,1124,-1,4.56,False,-1,True,True,0.75,0.0,0.008,False,False,0.134,-0.01,116.796,1826,1.99,,,,,0,False,False,0.0,False,7.78,5.58,20.0,
116.9,24798,220.134,-592.019,-0.008,5.187,30.0,1124,-1,4.82,False,-1,True,True,0.75,0.0,-0.001,False,False,0.116,-0.002,116.775,1826,1.99,,,,,0,False,False,0.0,False,7.52,5.58,20.0,
116.95,24799,220.017,-591.787,-0.008,5.202,30.0,1124,-1,5.15,False,-1,True,True,0.75,0.0,0.006,False,False,0.109,-0.006,116.844,1826,1.99,,,,,0,False,False,0.0,False,7.26,5.59,20.0,
117.0,24800,219.899,-591.556,-0.008,5.199,30.0,1124,-1,5.41,False,-1,True,True,0.75,0.0,-0.002,False,False,0.098,0.001,116.817,1826,1.99,,,,,0,False,False,0.0,False,7.0,5.6,20.0,
117.05,24801,219.782,-591.324,-0.008,5.238,30.0,1124,-1,5.67,False,-1,True,True,0.75,0.0,0.005,False,False,0.092,-0.004,116.872,1826,1.99,,,,,0,False,False,0.0,False,6.74,5.6,20.0,
117.1,24802,219.656,-591.075,-0.009,5.738,30.0,1124,-1,5.95,False,-1,True,True,0.75,0.0,-0.002,False,False,0.213,0.001,116.894,1826,1.99,,,,,0,False,False,0.0,False,6.46,5.62,20.0,
117.15,24803,219.52,-590.807,-0.01,6.106,30.0,1124,-1,6.25,False,-1,True,True,0.0,0.3,-0.0,False,False,0.368,0.003,116.923,1826,1.99,,,,,0,False,False,0.0,False,6.16,5.87,20.0,
117.2,24804,219.379,-590.529,-0.011,6.298,30.0,1124,-1,6.56,False,-1,True,True,0.0,0.3,-0.002,False,False,0.449,0.005,116.907,1826,1.99,,,,,0,False,False,0.0,False,5.85,6.05,20.0,
117.25,24805,219.231,-590.25,-0.011,6.314,30.0,1124,-1,6.87,False,-1,True,True,0.0,0.3,0.098,False,False,0.431,-0.159,117.189,1826,5.98,,,,,0,False,False,0.0,False,9.45,6.15,20.0,
117.3,24806,219.084,-589.975,-0.01,6.221,30.0,1124,-1,7.19,False,-1,True,True,0.0,0.3,0.026,False,False,0.337,-0.205,117.505,1826,5.98,,,,,0,False,False,0.0,False,9.14,6.16,20.0,
117.35,24807,218.94,-589.704,-0.009,6.086,30.0,1124,-1,7.49,False,-1,True,True,0.0,0.3,0.012,False,False,0.215,-0.15,117.771,1826,5.98,,,,,0,False,False,0.0,False,8.83,6.11,20.0,
117.4,24808,218.799,-589.441,-0.008,5.925,30.0,1124,-1,7.79,False,-1,True,True,0.0,0.3,0.008,False,False,0.094,-0.093,117.879,1826,5.98,,,,,0,False,False,0.0,False,8.53,6.04,20.0,
117.45,24809,218.663,-589.186,-0.007,5.742,30.0,1124,-1,8.08,False,-1,True,True,0.0,0.3,0.015,False,False,-0.013,-0.07,118.036,1826,5.98,,,,,0,False,False,0.0,False,8.24,5.96,20.0,
117.5,24810,218.53,-588.939,-0.006,5.548,30.0,1124,-1,8.36,False,-1,True,True,0.0,0.3,0.007,False,False,-0.102,-0.049,118.092,1826,5.98,,,,,0,False,False,0.0,False,7.96,5.87,20.0,
117.55,24811,218.401,-588.7,-0.006,5.376,30.0,1124,-1,8.63,False,-1,True,True,0.0,0.007,0.012,False,False,-0.166,-0.04,118.215,1826,5.98,,,,,0,False,False,0.0,False,7.69,5.77,20.0,
117.6,24812,218.275,-588.467,-0.005,5.225,30.0,1124,-1,8.9,False,-1,True,True,0.614,0.0,0.004,False,False,-0.201,-0.026,118.238,1826,5.98,,,,,0,False,False,0.0,False,7.43,5.69,20.0,
117.65,24813,218.153,-588.241,-0.005,5.09,30.0,1124,-1,9.15,False,-1,True,True,0.75,0.0,0.01,False,False,-0.215,-0.023,118.337,1826,5.98,,,,,0,False,False,0.0,False,7.17,5.61,20.0,
117.7,24814,218.032,-588.018,-0.005,5.087,30.0,1124,-1,9.41,False,-1,True,True,0.75,0.0,0.001,False,False,-0.185,-0.014,118.323,1826,5.98,,,,,0,False,False,0.0,False,6.92,5.54,20.0,
117.75,24815,217.91,-587.794,-0.006,5.084,30.0,1827,-1,0.0,True,6,True,False,0.75,0.0,0.009,False,False,-0.131,-0.016,118.404,1826,5.98,,,,,0,False,False,0.0,False,6.66,5.54,20.0,
117.8,24816,217.794,-587.579,-0.006,4.711,30.0,1827,-1,0.19,True,6,True,False,0.75,0.0,0.0,False,False,-0.155,-0.009,118.434,1826,5.98,,,,,0,False,False,0.0,False,6.42,5.54,20.0,
117.85,24817,217.687,-587.382,-0.005,4.369,30.0,1124,-1,10.13,False,-1,True,True,0.75,0.0,0.003,False,False,-0.253,-0.005,118.471,1826,5.98,,,,,0,False,False,0.0,False,6.19,5.36,20.0,
117.9,24818,217.586,-587.197,-0.005,4.165,30.0,1124,-1,10.34,False,-1,True,True,0.75,0.0,0.001,False,False,-0.318,-0.002,118.487,1826,5.98,,,,,0,False,False,0.0,False,5.98,5.18,20.0,
117.95,24819,217.488,-587.017,-0.005,4.069,30.0,1825,-1,0.08,True,6,True,False,0.75,0.0,0.002,False,False,-0.323,-0.001,118.498,1826,5.98,,,,,0,False,False,0.0,False,5.78,5.08,20.0,
118.0,24820,217.391,-586.838,-0.005,4.05,30.0,1825,-1,0.28,True,6,True,False,0.75,0.0,0.002,False,False,-0.275,-0.002,118.509,1826,5.98,,,,,0,False,False,0.0,False,5.57,5.03,20.0,
118.05,24821,217.294,-586.659,-0.006,4.08,30.0,1825,-1,0.48,True,6,True,False,0.75,0.0,0.002,False,False,-0.196,-0.002,118.518,1826,5.98,,,,,0,False,False,0.0,False,5.37,5.03,20.0,
118.1,24822,217.195,-586.478,-0.006,4.14,30.0,1825,-1,0.69,True,6,True,False,0.75,0.0,0.001,False,False,-0.106,-0.001,118.527,1826,5.98,,,,,0,False,False,0.0,False,5.16,5.04,20.0,
118.15,24823,217.094,-586.293,-0.007,4.219,30.0,1825,-1,1.02,True,6,True,False,0.75,0.0,0.001,False,False,-0.021,-0.001,118.534,1826,5.98,,,,,0,False,False,0.0,False,4.95,5.07,20.0,
118.2,24824,216.996,-586.103,-0.008,4.296,30.0,1825,-1,1.23,True,6,True,False,0.75,0.0,-0.099,False,False,0.05,0.129,118.312,1826,9.97,,,,,0,False,False,0.0,False,9.08,5.11,20.0,
118.25,24825,216.897,-585.909,-0.008,4.393,30.0,1825,-1,1.45,True,6,True,False,0.75,0.0,-0.009,False,False,0.109,0.139,118.081,1826,9.97,,,,,0,False,False,0.0,False,8.87,5.15,20.0,
118.3,24826,216.793,-585.712,-0.009,4.496,30.0,1825,-1,1.67,True,6,True,False,0.75,0.0,-0.0,False,False,0.157,0.07,118.007,1826,9.97,,,,,0,False,False,0.0,False,8.64,5.2,20.0,
118.35,24827,216.687,-585.51,-0.009,4.6,30.0,1825,-1,2.04,True,6,True,False,0.75,0.0,-0.01,False,False,0.193,0.036,117.955,1826,9.97,,,,,0,False,False,0.0,False,8.41,5.25,20.0,
118.4,24828,216.579,-585.303,-0.009,4.705,30.0,1825,-1,2.27,True,6,True,False,0.75,0.0,-0.01,False,False,0.218,0.023,117.898,1826,9.97,,,,,0,False,False,0.0,False,8.18,5.3,20.0,
118.45,24829,216.468,-585.091,-0.009,4.81,30.0,1825,-1,2.5,True,6,True,False,0.75,0.0,-0.007,False,False,0.236,0.014,117.845,1826,9.97,,,,,0,False,False,0.0,False,7.94,5.35,20.0,
118.5,24830,216.355,-584.875,-0.009,4.915,30.0,1825,-1,2.74,True,6,True,False,0.75,0.0,-0.006,False,False,0.248,0.008,117.801,1826,9.97,,,,,0,False,False,0.0,False,7.7,5.41,20.0,
118.55,24831,216.24,-584.655,-0.009,5.02,30.0,1826,-1,2.81,True,6,True,True,0.75,0.0,-0.005,False,False,0.255,0.004,117.763,1826,9.97,,,,,0,False,False,0.0,False,7.45,5.46,20.0,
118.6,24832,216.122,-584.43,-0.009,5.125,30.0,1826,-1,3.06,True,6,True,True,0.75,0.0,-0.004,False,False,0.259,0.001,117.73,1826,9.97,,,,,0,False,False,0.0,False,7.2,5.51,20.0,
118.65,24833,216.002,-584.2,-0.009,5.186,30.0,1826,-1,3.32,True,6,True,True,0.75,0.0,-0.004,False,False,0.258,0.0,117.7,1826,9.97,,,,,0,False,False,0.0,False,6.94,5.56,20.0,
118.7,24834,215.88,-583.967,-0.009,5.294,30.0,1826,-1,3.59,True,6,True,True,0.75,0.0,-0.003,False,False,0.25,-0.001,117.69,1826,9.97,,,,,0,False,False,0.0,False,6.67,5.59,20.0,
118.75,24835,215.759,-583.735,-0.009,5.201,30.0,1826,-1,3.85,True,6,True,True,0.75,0.0,-0.004,False,False,0.204,0.001,117.635,1826,9.97,,,,,0,False,False,0.0,False,6.41,5.65,20.0,
118.8,24836,215.637,-583.503,-0.008,5.268,30.0,1826,-1,4.16,True,6,True,True,0.75,0.0,0.001,False,False,0.166,-0.004,117.642,1826,9.97,,,,,0,False,False,0.694,False,6.15,5.6,20.0,
118.85,24837,215.516,-583.272,-0.008,5.209,30.0,1826,-1,4.42,True,6,True,True,0.75,0.0,-0.004,False,False,0.132,-0.001,117.593,1826,9.97,,,,,0,False,False,0.861,False,5.89,5.63,20.0,
118.9,24838,215.394,-583.039,-0.008,5.307,30.0,1826,-1,4.69,True,6,True,True,0.75,0.0,0.002,False,False,0.121,-0.004,117.605,1826,9.97,,,,,0,False,False,1.037,False,5.63,5.6,20.0,
118.95,24839,215.277,-582.804,-0.008,5.219,30.0,1826,-1,4.95,True,6,True,True,0.75,0.0,-0.098,False,False,0.101,0.123,117.372,1826,13.96,,,,,0,False,False,1.22,False,9.61,5.65,20.0,
119.0,24840,215.167,-582.566,-0.008,5.252,30.0,1826,-1,5.21,True,6,True,True,0.75,0.0,-0.198,False,False,0.081,0.361,116.793,1826,13.96,,,,,0,False,False,1.417,False,9.35,5.61,20.0,
119.05,24841,215.063,-582.319,-0.008,5.517,30.0,1826,-1,5.47,True,6,True,True,0.75,0.0,-0.188,False,False,0.122,0.603,115.805,1826,13.96,,,,,0,False,False,0.0,False,9.08,5.63,20.0,
119.1,24842,214.953,-582.049,-0.01,6.013,30.0,1826,-1,5.76,True,6,True,True,0.166,0.0,-0.126,False,False,0.281,0.664,114.724,1826,13.96,,,,,0,False,False,0.0,False,8.79,5.76,20.0,
119.15,24843,214.838,-581.764,-0.011,6.195,30.0,1826,-1,6.07,True,6,True,True,0.0,0.3,-0.084,False,False,0.397,0.562,113.81,1826,13.96,,,,,0,False,False,0.0,False,8.48,6.01,20.0,
119.2,24844,214.722,-581.472,-0.011,6.328,30.0,1826,-1,6.38,True,6,True,True,0.0,0.3,-0.067,False,False,0.421,0.427,113.093,1826,13.96,,,,,0,False,False,0.0,False,8.17,6.1,20.0,
119.25,24845,214.608,-581.182,-0.01,6.198,30.0,1826,-1,6.69,True,6,True,True,0.0,0.3,-0.058,False,False,0.351,0.318,112.499,1826,13.96,,,,,0,False,False,2.353,False,7.86,6.16,20.0,
119.3,24846,214.497,-580.895,-0.009,6.128,30.0,1826,-1,6.99,True,6,True,True,0.0,0.3,-0.048,False,False,0.24,0.235,112.047,1826,13.96,,,,,0,False,False,2.166,False,7.55,6.1,20.0,
119.35,24847,214.391,-580.616,-0.008,5.905,30.0,1826,-1,7.28,True,6,True,True,0.0,0.3,-0.043,False,False,0.114,0.178,111.622,1826,13.96,,,,,0,False,False,1.982,False,7.25,6.06,20.0,
119.4,24848,214.288,-580.344,-0.007,5.785,30.0,1831,-1,6.23,True,6,True,False,0.0,0.3,-0.032,False,False,0.006,0.129,111.322,1826,13.96,,,,,0,False,False,1.809,False,6.96,5.95,20.0,
119.45,24849,214.189,-580.082,-0.006,5.527,30.0,1831,-1,6.07,True,6,True,False,0.0,0.3,-0.03,False,False,-0.091,0.096,111.027,1826,13.96,,,,,0,False,False,1.643,False,6.68,5.89,20.0,
119.5,24850,214.095,-579.826,-0.006,5.422,30.0,1831,-1,6.0,True,6,True,False,0.072,0.0,-0.021,False,False,-0.155,0.067,110.837,1826,13.96,,,,,0,False,False,1.482,False,6.41,5.76,20.0,
119.55,24851,214.003,-579.579,-0.005,5.211,30.0,1829,-1,7.39,True,6,True,False,0.449,0.0,-0.022,False,False,-0.194,0.05,110.625,1826,13.96,,,,,0,False,False,1.333,False,6.14,5.71,20.0,
119.6,24852,213.914,-579.336,-0.005,5.154,30.0,1829,-1,7.2,True,6,True,False,0.75,0.0,-0.014,False,False,-0.203,0.033,110.502,1826,13.96,,,,,0,False,True,1.185,False,5.89,5.61,20.0,True
119.65,24853,213.826,-579.098,-0.005,5.043,30.0,1829,-1,7.03,True,6,True,False,0.75,0.0,-0.016,False,False,-0.19,0.027,110.34,1826,13.96,,,,,0,False,True,1.048,False,5.63,5.58,20.0,True
119.7,24854,213.739,-578.858,-0.006,5.11,30.0,1829,-1,6.96,True,6,True,False,0.75,0.0,-0.008,False,False,-0.138,0.018,110.269,1826,13.96,,,,,0,False,True,0.908,False,5.38,5.52,20.0,True
119.75,24855,213.656,-578.622,-0.006,4.838,30.0,1829,-1,6.77,True,6,True,False,0.75,0.0,-0.108,False,False,-0.119,0.108,110.033,1123,1.83,,,,,0,False,True,0.782,False,8.95,5.56,20.0,True
119.8,24856,213.587,-578.402,-0.005,4.493,30.0,1826,-1,9.49,True,6,True,True,0.75,0.0,-0.208,False,False,-0.205,0.301,109.485,1123,1.83,,,,,0,False,False,0.69,False,8.72,5.42,20.0,
119.85,24857,213.531,-578.194,-0.005,4.254,30.0,1826,-1,9.7,True,6,True,True,0.75,0.0,-0.19,False,False,-0.289,0.472,108.663,1123,1.83,,,,,0,False,False,0.621,False,8.51,5.25,20.0,
119.9,24858,213.478,-577.992,-0.005,4.143,30.0,1826,-1,9.91,True,6,True,True,0.75,0.0,-0.141,False,False,-0.313,0.484,107.879,1123,1.83,,,,,0,False,False,0.562,False,8.3,5.13,20.0,
119.95,24859,213.428,-577.793,-0.005,4.114,30.0,1826,-1,10.03,True,6,True,True,0.75,0.0,-0.117,False,False,-0.279,0.411,107.213,1123,1.83,,,,,0,False,False,2.515,False,8.09,5.07,20.0,
120.0,24860,213.378,-577.592,-0.006,4.138,30.0,1826,-1,10.24,True,6,True,True,0.75,0.0,-0.104,False,False,-0.208,0.326,106.631,1123,1.83,,,,,0,False,False,2.386,False,7.89,5.06,20.0,
120.05,24861,213.329,-577.389,-0.006,4.195,30.0,1826,-1,10.45,True,6,True,True,0.75,0.0,-0.09,False,False,-0.122,0.247,106.114,1123,1.83,,,,,0,False,False,2.26,False,7.68,5.07,20.0,
120.1,24862,213.28,-577.182,-0.007,4.271,30.0,1826,-1,10.66,True,6,True,True,0.75,0.0,-0.077,False,False,-0.036,0.18,105.656,1123,1.83,,,,,0,False,False,2.134,False,7.46,5.1,20.0,
120.15,24863,213.23,-576.971,-0.008,4.359,30.0,1826,-1,10.88,True,6,True,True,0.75,0.0,-0.066,False,False,0.04,0.127,105.251,1123,1.83,,,,,0,False,False,2.008,False,7.25,5.14,20.0,
120.2,24864,213.179,-576.756,-0.008,4.455,30.0,1826,-1,11.0,True,6,True,True,0.75,0.0,-0.057,False,False,0.103,0.087,104.895,1123,1.83,,,,,0,False,False,1.885,False,7.03,5.18,20.0,
120.25,24865,213.127,-576.536,-0.009,4.555,30.0,1826,-1,11.25,True,6,True,True,0.75,0.0,-0.048,False,False,0.152,0.057,104.584,1123,1.83,,,,,0,False,False,1.76,False,6.8,5.23,20.0,
120.3,24866,213.075,-576.311,-0.009,4.658,30.0,1826,-1,11.48,True,6,True,True,0.75,0.0,-0.041,False,False,0.189,0.037,104.312,1123,1.83,,,,,0,False,False,1.636,False,6.57,5.28,20.0,
120.35,24867,213.021,-576.081,-0.009,4.762,30.0,1826,-1,11.72,True,6,True,True,0.75,0.0,-0.035,False,False,0.215,0.022,104.077,1123,1.83,,,,,0,False,False,1.516,False,6.33,5.33,20.0,
120.4,24868,212.967,-575.846,-0.009,4.866,30.0,1826,-1,11.96,True,6,True,True,0.75,0.0,-0.029,False,False,0.233,0.013,103.873,1123,1.83,,,,,0,False,False,1.395,False,6.09,5.38,20.0,
120.45,24869,212.911,-575.606,-0.009,4.971,30.0,1826,-1,12.14,True,6,True,True,0.75,0.0,-0.025,False,False,0.245,0.008,103.697,1123,1.83,,,,,0,False,False,1.275,False,5.85,5.43,20.0,
120.5,24870,212.855,-575.36,-0.009,5.075,30.0,1826,-1,12.39,True,6,True,True,0.75,0.0,-0.021,False,False,0.253,0.004,103.545,1123,1.83,,,,,0,False,False,1.158,False,5.59,5.49,20.0,
120.55,24871,212.797,-575.11,-0.009,5.161,30.0,1826,-1,12.65,True,6,True,True,0.75,0.0,-0.017,False,False,0.256,0.002,103.416,1123,1.83,,,,,0,False,False,1.04,False,5.34,5.54,20.0,
120.6,24872,212.743,-574.854,-0.009,5.3,30.0,1826,-1,12.91,True,6,True,True,0.75,0.0,-0.117,False,False,0.257,0.136,103.092,1123,5.5,,,,,0,False,False,0.927,False,8.72,5.58,20.0,
120.65,24873,212.696,-574.593,-0.009,5.319,30.0,1826,-1,13.13,True,6,True,True,0.75,0.0,-0.124,False,False,0.246,0.327,102.439,1123,5.5,,,,,0,False,False,0.812,False,8.45,5.65,20.0,
120.7,24874,212.648,-574.328,-0.009,5.425,30.0,1826,-1,13.4,True,6,True,True,0.75,0.0,-0.077,False,False,0.238,0.342,101.776,1123,5.5,,,,,0,False,False,0.702,False,8.18,5.66,20.0,
120.75,24875,212.601,-574.064,-0.009,5.337,30.0,1826,-1,13.66,True,6,True,True,0.519,0.0,-0.055,False,False,0.194,0.274,101.286,1123,5.5,,,,,0,False,False,0.599,False,7.91,5.71,20.0,
120.8,24876,212.555,-573.8,-0.008,5.385,30.0,1826,-1,13.93,True,6,True,True,0.75,0.0,-0.052,False,False,0.154,0.212,100.834,1123,5.5,,,,,0,False,False,0.502,False,7.65,5.67,20.0,
120.85,24877,212.511,-573.537,-0.008,5.309,30.0,1826,-1,14.16,True,6,True,True,0.651,0.0,-0.04,False,False,0.115,0.159,100.509,1123,5.5,,,,,0,False,False,0.415,False,7.38,5.69,20.0,
120.9,24878,212.467,-573.274,-0.008,5.378,30.0,1826,-1,14.43,True,6,True,True,0.75,0.0,-0.038,False,False,0.097,0.124,100.183,1123,5.5,,,,,0,False,False,0.33,False,7.11,5.65,20.0,
120.95,24879,212.424,-573.01,-0.008,5.324,30.0,1826,-1,14.7,True,6,True,True,0.664,0.0,-0.028,False,False,0.083,0.091,99.961,1123,5.5,,,,,0,False,False,0.255,False,6.84,5.69,20.0,
121.0,24880,212.381,-572.745,-0.008,5.409,30.0,1826,-1,14.96,True,6,True,True,0.75,0.0,-0.028,False,False,0.086,0.072,99.723,1123,5.5,,,,,0,False,False,0.18,False,6.58,5.66,20.0,
121.05,24881,212.339,-572.48,-0.008,5.335,30.0,1826,-1,15.23,True,6,True,True,0.548,0.0,-0.019,False,False,0.079,0.051,99.576,1123,5.5,,,,,0,False,False,0.117,False,6.31,5.7,20.0,
121.1,24882,212.297,-572.215,-0.008,5.401,30.0,1826,-1,15.5,True,6,True,True,0.75,0.0,-0.02,False,False,0.077,0.041,99.398,1123,5.5,,,,,0,False,False,0.0,False,6.04,5.67,20.0,
121.15,24883,212.254,-571.937,-0.009,5.761,30.0,1826,-1,15.78,True,6,True,True,0.574,0.0,-0.013,False,False,0.166,0.03,99.315,1123,5.5,,,,,0,False,False,0.0,False,5.76,5.7,20.0,
121.2,24884,212.212,-571.638,-0.01,6.158,30.0,1123,-1,0.07,False,-1,True,True,0.0,0.3,-0.113,False,False,0.313,0.16,99.009,1123,9.17,,,,,0,False,False,0.0,False,9.11,5.88,20.0,
121.25,24885,212.172,-571.329,-0.01,6.238,30.0,1123,-1,0.38,False,-1,True,True,0.0,0.3,-0.06,False,False,0.381,0.252,98.521,1123,9.17,,,,,0,False,False,0.0,False,8.8,6.08,20.0,
121.3,24886,212.131,-571.017,-0.01,6.316,30.0,1123,-1,0.69,False,-1,True,True,0.0,0.3,-0.03,False,False,0.37,0.211,98.13,1123,9.17,,,,,0,False,False,0.0,False,8.49,6.12,20.0,
121.35,24887,212.091,-570.709,-0.01,6.163,30.0,1123,-1,1.0,False,-1,True,True,0.0,0.3,-0.025,False,False,0.286,0.152,97.857,1123,9.17,,,,,0,False,False,0.0,False,8.18,6.16,20.0,
121.4,24888,212.053,-570.407,-0.009,6.073,30.0,1123,-1,1.3,False,-1,True,True,0.0,0.3,-0.025,False,False,0.177,0.114,97.6,1123,9.17,,,,,0,False,False,0.0,False,7.87,6.08,20.0,
121.45,24889,212.016,-570.114,-0.008,5.84,30.0,1123,-1,1.6,False,-1,True,True,0.0,0.3,-0.018,False,False,0.058,0.083,97.434,1123,9.17,,,,,0,False,False,0.0,False,7.58,6.04,20.0,
121.5,24890,211.981,-569.828,-0.007,5.711,30.0,1123,-1,1.89,False,-1,True,True,0.0,0.3,-0.019,False,False,-0.041,0.065,97.249,1123,9.17,,,,,0,False,False,0.0,False,7.29,5.92,20.0,
121.55,24891,211.948,-569.554,-0.006,5.448,30.0,1123,-1,2.16,False,-1,True,True,0.0,0.3,-0.011,False,False,-0.128,0.045,97.146,1123,9.17,,,,,0,False,False,0.0,False,7.01,5.86,20.0,
121.6,24892,211.916,-569.287,-0.005,5.34,30.0,1123,-1,2.43,False,-1,True,True,0.354,0.0,-0.014,False,False,-0.184,0.036,97.013,1123,9.17,,,,,0,False,False,0.0,False,6.75,5.72,20.0,
121.65,24893,211.885,-569.028,-0.005,5.142,30.0,1123,-1,2.69,False,-1,True,True,0.744,0.0,-0.008,False,False,-0.213,0.026,96.961,1123,9.17,,,,,0,False,False,0.0,False,6.48,5.67,20.0,
121.7,24894,211.855,-568.774,-0.005,5.108,30.0,1123,-1,2.95,False,-1,True,True,0.75,0.0,-0.011,False,False,-0.208,0.024,96.867,1123,9.17,,,,,0,False,False,0.0,False,6.23,5.57,20.0,
121.75,24895,211.826,-568.523,-0.005,5.02,30.0,1123,-1,3.2,False,-1,True,True,0.75,0.0,-0.005,False,False,-0.179,0.017,96.837,1123,9.17,,,,,0,False,False,0.0,False,5.98,5.55,20.0,
121.8,24896,211.797,-568.271,-0.006,5.088,30.0,1123,-1,3.45,False,-1,True,True,0.75,0.0,-0.009,False,False,-0.122,0.016,96.756,1123,9.17,,,,,0,False,False,0.0,False,5.72,5.51,20.0,
121.85,24897,211.768,-568.026,-0.006,4.805,30.0,1123,-1,3.7,False,-1,True,True,0.75,0.0,-0.003,False,False,-0.118,0.009,96.734,1123,9.17,,,,,0,False,False,0.0,False,5.48,5.54,20.0,
121.9,24898,211.742,-567.798,-0.006,4.491,30.0,1123,-1,3.93,False,-1,True,True,0.75,0.0,-0.006,False,False,-0.195,0.006,96.716,1123,9.17,,,,,0,False,False,0.0,False,5.25,5.4,20.0,
121.95,24899,211.717,-567.581,-0.005,4.309,30.0,1123,-1,4.15,False,-1,True,True,0.75,0.0,-0.005,False,False,-0.253,0.006,96.69,1123,9.17,,,,,0,False,False,0.0,False,5.03,5.25,20.0,
122.0,24900,211.697,-567.369,-0.005,4.22,30.0,1123,-1,4.36,False,-1,True,True,0.75,0.0,-0.105,False,False,-0.262,0.109,96.49,1123,12.83,,,,,0,False,False,0.0,False,8.81,5.15,20.0,
122.05,24901,211.681,-567.159,-0.005,4.207,30.0,1123,-1,4.57,False,-1,True,True,0.75,0.0,-0.086,False,False,-0.225,0.221,96.088,1123,12.83,,,,,0,False,False,0.0,False,8.6,5.11,20.0,
122.1,24902,211.665,-566.948,-0.006,4.242,30.0,1123,-1,4.78,False,-1,True,True,0.75,0.0,-0.057,False,False,-0.156,0.225,95.725,1123,12.83,,,,,0,False,False,0.0,False,8.39,5.1,20.0,
122.15,24903,211.65,-566.734,-0.007,4.304,30.0,1123,-1,5.0,False,-1,True,True,0.75,0.0,-0.048,False,False,-0.077,0.187,95.427,1123,12.83,,,,,0,False,False,0.0,False,8.17,5.12,20.0,
122.2,24904,211.635,-566.517,-0.007,4.383,30.0,1123,-1,5.21,False,-1,True,True,0.75,0.0,-0.043,False,False,0.001,0.146,95.167,1123,12.83,,,,,0,False,False,0.0,False,7.95,5.15,20.0,
122.25,24905,211.62,-566.295,-0.008,4.473,30.0,1123,-1,5.44,False,-1,True,True,0.75,0.0,-0.037,False,False,0.068,0.11,94.937,1123,12.83,,,,,0,False,False,0.0,False,7.73,5.19,20.0,
122.3,24906,211.604,-566.068,-0.008,4.569,30.0,1123,-1,5.66,False,-1,True,True,0.75,0.0,-0.031,False,False,0.123,0.079,94.734,1123,12.83,,,,,0,False,False,0.0,False,7.51,5.24,20.0,
122.35,24907,211.589,-565.837,-0.009,4.669,30.0,1123,-1,5.89,False,-1,True,True,0.75,0.0,-0.026,False,False,0.166,0.055,94.558,1123,12.83,,,,,0,False,False,0.0,False,7.27,5.28,20.0,
122.4,24908,211.573,-565.601,-0.009,4.771,30.0,1123,-1,6.13,False,-1,True,True,0.75,0.0,-0.022,False,False,0.198,0.038,94.404,1123,12.83,,,,,0,False,False,0.0,False,7.04,5.33,20.0,
122.45,24909,211.558,-565.359,-0.009,4.874,30.0,1123,-1,6.37,False,-1,True,True,0.75,0.0,-0.019,False,False,0.22,0.025,94.271,1123,12.83,,,,,0,False,False,0.0,False,6.79,5.39,20.0,
122.5,24910,211.542,-565.113,-0.009,4.977,30.0,1123,-1,6.62,False,-1,True,True,0.75,0.0,-0.016,False,False,0.236,0.016,94.155,1123,12.83,,,,,0,False,False,0.0,False,6.55,5.44,20.0,
122.55,24911,211.526,-564.862,-0.009,5.081,30.0,1123,-1,6.87,False,-1,True,True,0.75,0.0,-0.013,False,False,0.247,0.009,94.057,1123,12.83,,,,,0,False,False,0.0,False,6.3,5.49,20.0,
122.6,24912,211.509,-564.605,-0.009,5.166,30.0,1123,-1,7.13,False,-1,True,True,0.75,0.0,-0.011,False,False,0.252,0.005,93.973,1123,12.83,,,,,0,False,False,0.0,False,6.04,5.54,20.0,
122.65,24913,211.492,-564.343,-0.009,5.319,30.0,1123,-1,7.39,False,-1,True,True,0.75,0.0,-0.009,False,False,0.257,0.003,93.898,1123,12.83,,,,,0,False,False,0.0,False,5.78,5.58,20.0,
122.7,24914,211.476,-564.078,-0.009,5.298,30.0,1123,-1,7.66,False,-1,True,True,0.75,0.0,-0.008,False,False,0.247,0.001,93.851,1123,12.83,,,,,0,False,False,0.0,False,5.51,5.66,20.0,
122.75,24915,211.462,-563.813,-0.009,5.34,30.0,1123,-1,7.92,False,-1,True,True,0.75,0.0,-0.108,False,False,0.21,0.107,93.612,1123,16.5,,,,,0,False,False,0.0,False,9.2,5.65,20.0,
122.8,24916,211.459,-563.549,-0.008,5.238,30.0,1123,-1,8.19,False,-1,True,True,0.75,0.0,-0.208,False,False,0.154,0.358,93.009,1123,16.5,,,,,0,False,False,0.0,False,8.94,5.67,20.0,
122.85,24917,211.466,-563.287,-0.008,5.291,30.0,1123,-1,8.45,False,-1,True,True,0.75,0.0,-0.259,False,False,0.111,0.65,91.876,1123,16.5,,,,,0,False,False,0.0,False,8.68,5.62,20.0,
122.9,24918,211.479,-563.026,-0.008,5.239,30.0,1123,-1,8.71,False,-1,True,True,0.75,0.0,-0.184,False,False,0.083,0.735,90.66,1123,16.5,,,,,0,False,False,0.0,False,8.42,5.65,20.0,
122.95,24919,211.493,-562.763,-0.008,5.305,30.0,1123,-1,8.97,False,-1,True,True,0.75,0.0,-0.137,False,False,0.075,0.645,89.536,1123,16.5,,,,,0,False,False,0.0,False,8.16,5.62,20.0,
123.0,24920,211.51,-562.501,-0.008,5.239,30.0,1123,-1,9.23,False,-1,True,True,0.75,0.0,-0.108,False,False,0.064,0.507,88.656,1123,16.5,,,,,0,False,False,0.0,False,7.89,5.65,20.0,
123.05,24921,211.53,-562.225,-0.009,5.757,30.0,1123,-1,9.5,False,-1,True,True,0.75,0.0,-0.097,False,False,0.164,0.422,87.813,1123,16.5,,,,,0,False,False,0.0,False,7.62,5.62,20.0,
123.1,24922,211.553,-561.927,-0.01,6.063,30.0,1123,-1,9.8,False,-1,True,True,0.0,0.3,-0.072,False,False,0.318,0.348,87.079,1123,16.5,,,,,0,False,False,0.0,False,7.32,5.88,20.0,
123.15,24923,211.579,-561.615,-0.011,6.336,30.0,1123,-1,10.11,False,-1,True,True,0.0,0.3,-0.056,False,False,0.417,0.268,86.474,1123,16.5,,,,,0,False,False,0.0,False,7.01,6.03,20.0,
123.2,24924,211.607,-561.3,-0.011,6.317,30.0,1123,-1,10.42,False,-1,True,True,0.0,0.3,-0.047,False,False,0.413,0.198,85.982,1123,16.5,,,,,0,False,False,0.0,False,6.69,6.17,20.0,
123.25,24925,211.635,-560.986,-0.01,6.308,30.0,1123,-1,10.73,False,-1,True,True,0.0,0.3,-0.039,False,False,0.342,0.145,85.601,1123,16.5,,,,,0,False,False,0.0,False,6.37,6.16,20.0,
123.3,24926,211.664,-560.679,-0.009,6.11,30.0,1123,-1,11.0,False,-1,True,True,0.0,0.3,-0.034,False,False,0.221,0.11,85.249,1123,16.5,,,,,0,False,False,0.0,False,6.07,6.15,20.0,
123.35,24927,211.693,-560.379,-0.008,6.005,30.0,1123,-1,11.31,False,-1,True,True,0.0,0.3,-0.025,False,False,0.103,0.078,85.008,1123,16.5,,,,,0,False,False,0.0,False,5.76,6.05,20.0,
123.4,24928,211.725,-560.089,-0.007,5.748,30.0,1123,-1,11.6,False,-1,True,True,0.0,0.3,-0.125,False,False,-0.013,0.168,84.6,1123,20.17,,,,,0,False,False,0.0,False,9.05,6.0,20.0,
123.45,24929,211.766,-559.811,-0.006,5.576,30.0,1123,-1,11.88,False,-1,True,True,0.0,0.3,-0.225,False,False,-0.114,0.409,83.84,1123,20.17,,,,,0,False,False,0.0,False,8.77,5.87,20.0,
123.5,24930,211.813,-559.546,-0.005,5.317,30.0,1123,-1,12.11,False,-1,True,True,0.0,0.108,-0.207,False,False,-0.198,0.599,82.715,1123,20.17,,,,,0,False,False,0.0,False,8.5,5.79,20.0,
123.55,24931,211.862,-559.289,-0.005,5.23,30.0,1123,-1,12.37,False,-1,True,True,0.75,0.0,-0.143,False,False,-0.235,0.594,81.658,1123,20.17,,,,,0,False,False,0.0,False,8.24,5.66,20.0,
123.6,24932,211.911,-559.039,-0.005,5.03,30.0,1123,-1,12.62,False,-1,True,True,0.75,0.0,-0.113,False,False,-0.248,0.493,80.704,1123,20.17,,,,,1,False,False,0.0,False,7.98,5.61,20.0,
123.65,24933,211.963,-558.791,-0.005,5.077,30.0,1123,-1,12.88,False,-1,True,True,0.75,0.0,-0.09,False,False,-0.212,0.39,79.949,1123,20.17,,,,,0,False,False,0.015,False,7.73,5.51,20.0,
123.7,24934,212.017,-558.544,-0.006,5.061,30.0,1123,-1,13.0,False,-1,True,True,0.75,0.0,-0.08,False,False,-0.156,0.309,79.346,1123,20.17,,,,,0,False,False,0.01,False,7.48,5.54,20.0,
123.75,24935,212.072,-558.304,-0.006,4.755,30.0,1123,-1,13.26,False,-1,True,True,0.75,0.0,-0.07,False,False,-0.148,0.234,78.887,1123,20.17,,,,,0,False,False,0.0,False,7.23,5.53,20.0,
123.8,24936,212.123,-558.085,-0.005,4.395,30.0,1123,-1,13.48,False,-1,True,True,0.75,0.0,-0.065,False,False,-0.241,0.165,78.525,1123,20.17,,,,,0,False,False,0.0,False,7.0,5.38,20.0,
123.85,24937,212.171,-557.878,-0.005,4.177,30.0,1123,-1,13.69,False,-1,True,True,0.75,0.0,-0.059,False,False,-0.311,0.117,78.203,1123,20.17,,,,,0,False,False,0.0,False,6.79,5.2,20.0,
123.9,24938,212.219,-557.679,-0.005,4.072,30.0,1123,-1,13.9,False,-1,True,True,0.75,0.0,-0.051,False,False,-0.322,0.08,77.921,1123,20.17,,,,,0,False,False,0.0,False,6.59,5.09,20.0,
123.95,24939,212.267,-557.482,-0.005,4.046,30.0,1123,-1,14.08,False,-1,True,True,0.75,0.0,-0.044,False,False,-0.279,0.053,77.674,1123,20.17,,,,,0,False,False,0.018,False,6.38,5.04,20.0,
124.0,24940,212.315,-557.284,-0.006,4.072,30.0,1123,-1,14.29,False,-1,True,True,0.75,0.0,-0.038,False,False,-0.203,0.033,77.458,1123,20.17,,,,,0,False,False,0.047,False,6.18,5.02,20.0,
124.05,24941,212.364,-557.084,-0.006,4.13,30.0,1123,-1,14.49,False,-1,True,True,0.75,0.0,-0.033,False,False,-0.115,0.02,77.267,1123,20.17,,,,,0,False,False,0.068,False,5.97,5.04,20.0,
124.1,24942,212.413,-556.88,-0.007,4.207,30.0,1123,-1,14.7,False,-1,True,True,0.75,0.0,-0.028,False,False,-0.028,0.011,77.1,1123,20.17,,,,,0,False,False,0.087,False,5.77,5.07,20.0,
124.15,24943,212.464,-556.673,-0.008,4.296,30.0,1123,-1,14.92,False,-1,True,True,0.75,0.0,-0.024,False,False,0.047,0.005,76.953,1123,20.17,,,,,0,False,False,0.1,False,5.55,5.1,20.0,
124.2,24944,212.516,-556.461,-0.008,4.392,30.0,1123,-1,15.0,False,-1,True,True,0.75,0.0,-0.021,False,False,0.109,0.002,76.824,1123,20.17,,,,,0,False,False,0.113,False,5.33,5.15,20.0,
124.25,24945,212.569,-556.244,-0.009,4.493,30.0,1123,-1,15.23,False,-1,True,True,0.75,0.0,-0.018,False,False,0.157,-0.0,76.712,1123,20.17,,,,,0,False,False,0.124,False,5.11,5.2,20.0,
124.3,24946,212.624,-556.023,-0.009,4.595,30.0,1123,-1,15.46,False,-1,True,True,0.75,0.0,-0.015,False,False,0.192,-0.001,76.614,1123,20.17,,,,,0,False,False,0.133,False,4.88,5.25,20.0,
124.35,24947,212.68,-555.796,-0.009,4.7,30.0,1123,-1,15.69,False,-1,True,True,0.75,0.0,-0.013,False,False,0.218,-0.001,76.528,1123,20.17,,,,,0,False,False,0.14,False,4.65,5.3,20.0,
124.4,24948,212.737,-555.565,-0.009,4.804,30.0,1123,-1,15.93,False,-1,True,True,0.75,0.0,-0.011,False,False,0.235,-0.001,76.454,1123,20.17,,,,,0,False,False,0.142,False,4.41,5.35,20.0,
124.45,24949,212.795,-555.329,-0.009,4.909,30.0,1123,-1,16.1,False,-1,True,True,0.75,0.0,-0.009,False,False,0.246,-0.001,76.39,1123,20.17,,,,,0,False,False,0.135,False,4.17,5.4,20.0,
124.5,24950,212.855,-555.087,-0.009,5.013,30.0,1123,-1,16.34,False,-1,True,True,0.75,0.0,-0.008,False,False,0.254,-0.001,76.335,1123,20.17,,,,,0,False,False,0.12,False,3.92,5.45,20.0,
124.55,24951,212.916,-554.841,-0.009,5.118,30.0,1123,-1,16.59,False,-1,True,True,0.75,0.0,-0.006,False,False,0.258,-0.0,76.287,1123,20.17,,,,,0,False,False,0.1,False,3.67,5.51,20.0,
124.6,24952,212.978,-554.59,-0.009,5.181,30.0,1123,-1,16.85,False,-1,True,True,0.75,0.0,-0.006,False,False,0.258,0.0,76.242,1123,20.17,,,,,0,False,False,0.074,False,3.41,5.56,20.0,
124.65,24953,213.041,-554.335,-0.009,5.269,30.0,1123,-1,17.11,False,-1,True,True,0.75,0.0,-0.004,False,False,0.246,-0.001,76.222,1123,20.17,,,,,0,False,False,0.046,False,3.14,5.59,20.0,
124.7,24954,213.103,-554.083,-0.009,5.178,30.0,1123,-1,17.36,False,-1,True,True,0.75,0.0,-0.005,False,False,0.197,0.002,76.156,1123,20.17,,,,,1,False,False,0.0,False,2.88,5.63,20.0,
124.75,24955,213.166,-553.83,-0.008,5.247,30.0,1123,-1,17.62,False,-1,True,True,0.75,0.0,-0.0,False,False,0.16,-0.003,76.152,1123,20.17,,,,,0,False,False,0.0,False,2.62,5.59,20.0,
124.8,24956,213.228,-553.577,-0.008,5.189,30.0,1123,-1,17.87,False,-1,True,True,0.75,0.0,-0.005,False,False,0.128,0.001,76.095,1123,20.17,,,,,0,False,False,0.0,False,2.36,5.62,20.0,
124.85,24957,213.292,-553.322,-0.008,5.288,30.0,1123,-1,18.13,False,-1,True,True,0.75,0.0,0.0,False,False,0.119,-0.002,76.098,1123,20.17,,,,,0,False,False,0.0,False,2.1,5.59,20.0,
124.9,24958,213.354,-553.068,-0.008,5.211,30.0,1123,-1,18.39,False,-1,True,True,0.75,0.0,-0.004,False,False,0.103,0.002,76.053,1123,20.17,,,,,0,False,False,0.0,False,1.84,5.64,20.0,
124.95,24959,213.418,-552.813,-0.008,5.279,30.0,1123,-1,18.65,False,-1,True,True,0.75,0.0,0.0,False,False,0.094,0.001,76.068,1123,20.17,,,,,0,False,False,0.0,False,1.58,5.61,20.0,
125.0,24960,213.483,-552.551,-0.008,5.56,30.0,1123,-1,18.91,False,-1,True,True,0.75,0.0,-0.004,False,False,0.15,0.005,76.065,1123,20.17,,,,,0,False,False,0.0,False,1.31,5.64,20.0,
125.05,24961,213.555,-552.265,-0.01,6.053,30.0,1123,-1,19.2,False,-1,True,True,0.011,0.0,-0.002,False,False,0.311,0.007,76.066,1123,20.17,,,,,0,False,False,0.0,False,1.01,5.78,20.0,
125.1,24962,213.63,-551.965,-0.011,6.231,30.0,1123,-1,19.51,False,-1,True,True,0.0,0.3,-0.001,False,False,0.422,0.005,76.058,1123,20.17,,,,,0,False,False,0.0,False,0.7,6.03,20.0,
125.15,24963,213.706,-551.658,-0.011,6.334,30.0,1123,-1,19.82,False,-1,True,True,0.0,1.0,0.0,False,False,0.434,-0.0,76.054,1123,20.17,,,,,0,False,False,0.0,False,0.39,6.12,20.0,
125.2,24964,213.781,-551.357,-0.01,6.135,30.0,1123,-1,20.13,False,-1,True,True,0.0,1.0,0.0,False,False,0.337,-0.003,76.052,1123,20.17,,,,,0,False,False,0.0,False,0.08,6.17,20.0,
125.25,24965,213.853,-551.066,-0.009,5.937,30.0,1123,-1,20.42,False,-1,True,True,0.0,1.0,0.0,False,False,0.183,-0.004,76.068,1123,20.17,,,,,0,False,False,0.0,False,0.22,6.07,20.0,
125.3,24966,213.922,-550.789,-0.007,5.605,30.0,1123,-1,20.7,False,-1,True,True,0.0,1.0,0.0,False,False,0.01,-0.002,76.051,1123,20.17,,,,,0,False,False,0.0,False,0.51,5.97,20.0,
125.35,24967,213.988,-550.526,-0.006,5.346,30.0,1123,-1,20.97,False,-1,True,True,0.0,1.0,0.0,False,False,-0.138,-0.0,76.098,1123,20.17,,,,,0,False,False,0.0,False,0.78,5.8,20.0,
125.4,24968,214.05,-550.278,-0.005,4.989,30.0,1123,-1,21.22,False,-1,True,True,0.0,1.0,0.0,False,False,-0.262,-0.0,76.091,1123,20.17,,,,,0,False,False,0.0,False,1.04,5.67,20.0,
