t,frame,x,y,z,speed_mps,speed_limit_kmh,road_id,lane_id,s,is_junction,junction_id,on_road,in_plan,throttle,brake,steer,hand_brake,reverse,pitch,roll,vehicle_yaw,agent_target_road,agent_target_s,sharp_conn,sharp_s,lat_off_m,body_excess_m,n_corner_offlane,sidewalk,opposite_lane,opposite_depth_m,mesh_out,target_dist_m,min_dist_m,set_speed_kmh,in_plan_lane
0.05,120435,217.846,-1087.414,-0.009,0.038,30.0,1247,-1,0.0,False,-1,True,True,0.0,0.0,0.0,False,False,0.069,-0.008,87.211,1247,0.0,,,,,1,True,False,0.0,False,0.01,,20.0,
0.1,120436,217.846,-1087.414,-0.007,0.019,30.0,1247,-1,0.0,False,-1,True,True,0.75,0.0,0.0,False,False,0.067,-0.005,87.211,1247,5.88,,,,,1,True,False,0.0,False,5.88,3.02,20.0,
0.15,120437,217.846,-1087.414,-0.007,0.007,30.0,1247,-1,0.0,False,-1,True,True,0.75,0.0,0.0,False,False,0.066,-0.003,87.211,1247,5.88,,,,,1,True,False,0.0,False,5.88,3.01,20.0,
0.2,120438,217.846,-1087.414,-0.007,0.001,30.0,1247,-1,0.0,False,-1,True,True,0.75,0.0,0.0,False,False,0.065,-0.002,87.211,1247,5.88,,,,,1,True,False,0.0,False,5.88,3.0,20.0,
0.25,120439,217.846,-1087.414,-0.007,0.003,30.0,1247,-1,0.0,False,-1,True,True,0.75,0.0,0.0,False,False,0.064,-0.001,87.211,1247,5.88,,,,,1,True,False,0.0,False,5.88,3.0,20.0,
0.3,120440,217.846,-1087.414,-0.007,0.004,30.0,1247,-1,0.0,False,-1,True,True,0.75,0.0,0.0,False,False,0.064,-0.001,87.211,1247,5.88,,,,,1,True,False,0.0,False,5.88,3.0,20.0,
0.35,120441,217.846,-1087.414,-0.007,0.004,30.0,1247,-1,0.0,False,-1,True,True,0.75,0.0,0.0,False,False,0.064,-0.0,87.211,1247,5.88,,,,,1,True,False,0.0,False,5.88,3.0,20.0,
0.4,120442,217.846,-1087.414,-0.007,0.001,30.0,1247,-1,0.0,False,-1,True,True,0.75,0.0,0.0,False,False,0.064,-0.0,87.211,1247,5.88,,,,,1,True,False,0.0,False,5.88,3.0,20.0,
0.45,120443,217.846,-1087.414,-0.007,0.002,30.0,1247,-1,0.0,False,-1,True,True,0.75,0.0,0.0,False,False,0.064,-0.0,87.211,1247,5.88,,,,,1,True,False,0.0,False,5.88,3.0,20.0,
0.5,120444,217.846,-1087.414,-0.007,0.002,30.0,1247,-1,0.0,False,-1,True,True,0.75,0.0,0.0,False,False,0.064,-0.0,87.211,1247,5.88,,,,,1,True,False,0.0,False,5.88,3.0,20.0,
0.55,120445,217.846,-1087.414,-0.008,0.002,30.0,1247,-1,0.0,False,-1,True,True,0.75,0.0,0.0,False,False,0.064,-0.0,87.211,1247,5.88,,,,,1,True,False,0.0,False,5.88,3.0,20.0,
0.6,120446,217.846,-1087.414,-0.008,0.002,30.0,1247,-1,0.0,False,-1,True,True,0.75,0.0,0.0,False,False,0.064,-0.0,87.211,1247,5.88,,,,,1,True,False,0.0,False,5.88,3.0,20.0,
0.65,120447,217.846,-1087.414,-0.008,0.001,30.0,1247,-1,0.0,False,-1,True,True,0.75,0.0,0.0,False,False,0.064,-0.0,87.211,1247,5.88,,,,,1,True,False,0.0,False,5.88,3.0,20.0,
0.7,120448,217.846,-1087.414,-0.008,0.001,30.0,1247,-1,0.0,False,-1,True,True,0.75,0.0,0.0,False,False,0.064,-0.0,87.211,1247,5.88,,,,,1,True,False,0.0,False,5.88,3.0,20.0,
0.75,120449,217.846,-1087.414,-0.008,0.001,30.0,1247,-1,0.0,False,-1,True,True,0.75,0.0,0.0,False,False,0.064,-0.0,87.211,1247,5.88,,,,,1,True,False,0.0,False,5.88,3.0,20.0,
0.8,120450,217.846,-1087.408,-0.008,0.342,30.0,1247,-1,0.01,False,-1,True,True,0.75,0.0,0.0,False,False,0.11,0.0,87.211,1247,5.88,,,,,1,True,False,0.0,False,5.88,3.0,20.0,
0.85,120451,217.848,-1087.37,-0.01,0.935,30.0,1247,-1,0.04,False,-1,True,True,0.75,0.0,0.0,False,False,0.314,-0.0,87.211,1247,5.88,,,,,1,True,False,0.0,False,5.84,3.17,20.0,
0.9,120452,217.851,-1087.311,-0.011,1.281,30.0,1247,-1,0.1,False,-1,True,True,0.75,0.0,0.0,False,False,0.48,-0.0,87.211,1247,5.88,,,,,1,True,False,0.0,False,5.78,3.47,20.0,
0.95,120453,217.854,-1087.24,-0.012,1.446,30.0,1247,-1,0.17,False,-1,True,True,0.75,0.0,0.0,False,False,0.547,0.0,87.21,1247,5.88,,,,,1,True,False,0.0,False,5.71,3.64,20.0,
1.0,120454,217.858,-1087.167,-0.012,1.499,30.0,1247,-1,0.25,False,-1,True,True,0.75,0.0,0.0,False,False,0.514,-0.0,87.219,1247,5.88,,,,,1,True,False,0.0,False,5.64,3.72,20.0,
1.05,120455,217.861,-1087.09,-0.011,1.577,30.0,1247,-1,0.32,False,-1,True,True,0.75,0.0,-0.001,False,False,0.45,0.0,87.21,1247,5.88,,,,,1,True,False,0.0,False,5.56,3.75,20.0,
1.1,120456,217.865,-1087.009,-0.011,1.673,30.0,1247,-1,0.41,False,-1,True,True,0.75,0.0,0.001,False,False,0.39,-0.0,87.219,1247,5.88,,,,,1,True,False,0.0,False,5.48,3.79,20.0,
1.15,120457,217.87,-1086.923,-0.01,1.781,30.0,1247,-1,0.49,False,-1,True,True,0.75,0.0,-0.001,False,False,0.346,0.0,87.21,1247,5.88,,,,,0,False,False,0.0,False,5.39,3.84,20.0,
1.2,120458,217.874,-1086.83,-0.01,1.897,30.0,1247,-1,0.58,False,-1,True,True,0.75,0.0,0.001,False,False,0.318,-0.0,87.218,1247,5.88,,,,,0,False,False,0.0,False,5.3,3.89,20.0,
1.25,120459,217.879,-1086.732,-0.01,2.017,30.0,1247,-1,0.68,False,-1,True,True,0.75,0.0,-0.001,False,False,0.302,0.0,87.211,1247,5.88,,,,,0,False,False,0.0,False,5.2,3.95,20.0,
1.3,120460,217.884,-1086.628,-0.01,2.138,30.0,1247,-1,0.79,False,-1,True,True,0.75,0.0,0.001,False,False,0.294,-0.0,87.217,1247,5.88,,,,,0,False,False,0.0,False,5.1,4.01,20.0,
1.35,120461,217.889,-1086.517,-0.01,2.262,30.0,1247,-1,0.9,False,-1,True,True,0.75,0.0,-0.001,False,False,0.292,0.0,87.211,1247,5.88,,,,,0,False,False,0.0,False,4.99,4.07,20.0,
1.4,120462,217.895,-1086.4,-0.01,2.39,30.0,1247,-1,1.01,False,-1,True,True,0.75,0.0,0.0,False,False,0.293,-0.0,87.216,1247,5.88,,,,,0,False,False,0.0,False,4.87,4.13,20.0,
1.45,120463,217.901,-1086.277,-0.01,2.526,30.0,1247,-1,1.14,False,-1,True,True,0.75,0.0,-0.0,False,False,0.297,0.0,87.213,1247,5.88,,,,,0,False,False,0.0,False,4.75,4.2,20.0,
1.5,120464,217.907,-1086.147,-0.01,2.653,30.0,1247,-1,1.27,False,-1,True,True,0.75,0.0,0.0,False,False,0.301,-0.0,87.214,1247,5.88,,,,,0,False,False,0.0,False,4.62,4.26,20.0,
1.55,120465,217.914,-1086.011,-0.01,2.77,30.0,1247,-1,1.4,False,-1,True,True,0.75,0.0,-0.0,False,False,0.301,-0.0,87.214,1247,5.88,,,,,0,False,False,0.0,False,4.48,4.33,20.0,
1.6,120466,217.921,-1085.869,-0.01,2.88,30.0,1247,-1,1.55,False,-1,True,True,0.75,0.0,-0.0,False,False,0.297,0.0,87.213,1247,5.88,,,,,0,False,False,0.0,False,4.34,4.38,20.0,
1.65,120467,217.928,-1085.723,-0.01,2.987,30.0,1247,-1,1.69,False,-1,True,True,0.75,0.0,-0.0,False,False,0.291,0.0,87.213,1247,9.81,,,,,0,False,False,0.0,False,8.11,4.44,20.0,
1.7,120468,217.936,-1085.57,-0.01,3.093,30.0,1247,-1,1.85,False,-1,True,True,0.75,0.0,-0.0,False,False,0.284,0.0,87.213,1247,9.81,,,,,0,False,False,0.0,False,7.96,4.49,20.0,
1.75,120469,217.943,-1085.413,-0.01,3.2,30.0,1247,-1,2.0,False,-1,True,True,0.75,0.0,-0.0,False,False,0.279,0.0,87.213,1247,9.81,,,,,0,False,False,0.0,False,7.8,4.55,20.0,
1.8,120470,217.951,-1085.25,-0.01,3.307,30.0,1247,-1,2.17,False,-1,True,True,0.75,0.0,-0.0,False,False,0.275,-0.0,87.213,1247,9.81,,,,,0,False,False,0.0,False,7.64,4.6,20.0,
1.85,120471,217.959,-1085.081,-0.01,3.415,30.0,1247,-1,2.34,False,-1,True,True,0.75,0.0,-0.0,False,False,0.272,0.0,87.213,1247,9.81,,,,,0,False,False,0.0,False,7.47,4.65,20.0,
1.9,120472,217.968,-1084.907,-0.01,3.525,30.0,1247,-1,2.51,False,-1,True,True,0.75,0.0,-0.0,False,False,0.271,0.0,87.213,1247,9.81,,,,,0,False,False,0.0,False,7.3,4.71,20.0,
1.95,120473,217.977,-1084.728,-0.01,3.635,30.0,1247,-1,2.69,False,-1,True,True,0.75,0.0,-0.0,False,False,0.271,0.0,87.213,1247,9.81,,,,,0,False,False,0.0,False,7.12,4.76,20.0,
2.0,120474,217.986,-1084.543,-0.01,3.746,30.0,1247,-1,2.87,False,-1,True,True,0.75,0.0,-0.0,False,False,0.272,0.0,87.213,1247,9.81,,,,,0,False,False,0.0,False,6.93,4.82,20.0,
2.05,120475,217.995,-1084.353,-0.01,3.857,30.0,1247,-1,3.06,False,-1,True,True,0.75,0.0,-0.0,False,False,0.273,-0.0,87.213,1247,9.81,,,,,0,False,False,0.0,False,6.74,4.87,20.0,
2.1,120476,218.004,-1084.157,-0.01,3.968,30.0,1247,-1,3.26,False,-1,True,True,0.75,0.0,-0.0,False,False,0.273,-0.0,87.213,1247,9.81,,,,,0,False,False,0.0,False,6.54,4.93,20.0,
2.15,120477,218.014,-1083.955,-0.01,4.078,30.0,1247,-1,3.46,False,-1,True,True,0.75,0.0,0.0,False,False,0.274,-0.0,87.213,1247,9.81,,,,,0,False,False,0.0,False,6.34,4.98,20.0,
2.2,120478,218.024,-1083.749,-0.01,4.188,30.0,1247,-1,3.67,False,-1,True,True,0.75,0.0,-0.0,False,False,0.274,-0.0,87.213,1247,9.81,,,,,0,False,False,0.0,False,6.14,5.04,20.0,
2.25,120479,218.035,-1083.536,-0.01,4.297,30.0,1247,-1,3.88,False,-1,True,True,0.75,0.0,-0.0,False,False,0.274,0.0,87.212,1247,9.81,,,,,0,False,False,0.0,False,5.92,5.09,20.0,
2.3,120480,218.045,-1083.318,-0.01,4.406,30.0,1247,-1,4.1,False,-1,True,True,0.75,0.0,-0.0,False,False,0.273,0.0,87.212,1247,9.81,,,,,0,False,False,0.0,False,5.71,5.15,20.0,
2.35,120481,218.056,-1083.095,-0.01,4.514,30.0,1247,-1,4.32,False,-1,True,True,0.75,0.0,0.0,False,False,0.272,-0.0,87.212,1247,9.81,,,,,0,False,False,0.0,False,5.48,5.2,20.0,
2.4,120482,218.067,-1082.866,-0.01,4.621,30.0,1247,-1,4.55,False,-1,True,True,0.75,0.0,-0.0,False,False,0.271,0.0,87.212,1247,9.81,,,,,0,False,False,0.0,False,5.25,5.26,20.0,
2.45,120483,218.079,-1082.632,-0.01,4.727,30.0,1247,-1,4.79,False,-1,True,True,0.75,0.0,-0.0,False,False,0.27,0.0,87.212,1247,13.73,,,,,0,False,False,0.0,False,8.94,5.31,20.0,
2.5,120484,218.09,-1082.393,-0.01,4.833,30.0,1247,-1,5.03,False,-1,True,True,0.75,0.0,0.0,False,False,0.269,0.0,87.212,1247,13.73,,,,,0,False,False,0.0,False,8.7,5.36,20.0,
2.55,120485,218.102,-1082.149,-0.01,4.938,30.0,1247,-1,5.27,False,-1,True,True,0.75,0.0,-0.0,False,False,0.268,0.0,87.212,1247,13.73,,,,,0,False,False,0.0,False,8.46,5.42,20.0,
2.6,120486,218.114,-1081.899,-0.009,5.042,30.0,1247,-1,5.52,False,-1,True,True,0.75,0.0,-0.0,False,False,0.267,0.0,87.212,1247,13.73,,,,,0,False,False,0.0,False,8.21,5.47,20.0,
2.65,120487,218.127,-1081.644,-0.009,5.15,30.0,1247,-1,5.78,False,-1,True,True,0.75,0.0,0.0,False,False,0.266,-0.0,87.212,1247,13.73,,,,,0,False,False,0.0,False,7.95,5.52,20.0,
2.7,120488,218.139,-1081.384,-0.009,5.206,30.0,1247,-1,6.04,False,-1,True,True,0.75,0.0,-0.0,False,False,0.261,-0.0,87.212,1247,13.73,,,,,0,False,False,0.0,False,7.69,5.58,20.0,
2.75,120489,218.152,-1081.119,-0.009,5.382,30.0,1247,-1,6.3,False,-1,True,True,0.75,0.0,0.0,False,False,0.263,-0.0,87.215,1247,13.73,,,,,0,False,False,0.0,False,7.43,5.6,20.0,
2.8,120490,218.165,-1080.852,-0.009,5.322,30.0,1247,-1,6.57,False,-1,True,True,0.684,0.0,-0.0,False,False,0.24,0.001,87.196,1247,13.73,,,,,0,False,False,0.0,False,7.16,5.69,20.0,
2.85,120491,218.178,-1080.585,-0.009,5.372,30.0,1247,-1,6.84,False,-1,True,True,0.75,0.0,0.002,False,False,0.199,-0.003,87.222,1247,13.73,,,,,0,False,False,0.0,False,6.89,5.66,20.0,
2.9,120492,218.191,-1080.319,-0.008,5.297,30.0,1247,-1,7.1,False,-1,True,True,0.707,0.0,-0.002,False,False,0.153,0.001,87.187,1247,13.73,,,,,0,False,False,0.0,False,6.63,5.69,20.0,
2.95,120493,218.204,-1080.053,-0.008,5.376,30.0,1247,-1,7.37,False,-1,True,True,0.75,0.0,0.003,False,False,0.128,-0.003,87.21,1247,13.73,,,,,0,False,False,0.0,False,6.36,5.65,20.0,
3.0,120494,218.217,-1079.786,-0.008,5.327,30.0,1247,-1,7.64,False,-1,True,True,0.68,0.0,-0.002,False,False,0.109,0.0,87.178,1247,13.73,,,,,0,False,False,0.0,False,6.09,5.69,20.0,
3.05,120495,218.23,-1079.517,-0.008,5.404,30.0,1247,-1,7.91,False,-1,True,True,0.75,0.0,0.003,False,False,0.105,-0.003,87.202,1247,13.73,,,,,0,False,False,0.0,False,5.82,5.66,20.0,
3.1,120496,218.243,-1079.25,-0.008,5.331,30.0,1247,-1,8.17,False,-1,True,True,0.571,0.0,-0.001,False,False,0.09,0.001,87.173,1247,13.73,,,,,0,False,False,0.0,False,5.55,5.7,20.0,
3.15,120497,218.256,-1078.979,-0.008,5.551,30.0,1247,-1,8.44,False,-1,True,True,0.75,0.0,0.003,False,False,0.104,-0.002,87.179,1247,17.65,,,,,0,False,False,0.0,False,9.21,5.67,20.0,
3.2,120498,218.27,-1078.689,-0.009,5.928,30.0,1247,-1,8.74,False,-1,True,True,0.034,0.0,0.001,False,False,0.237,-0.002,87.161,1247,17.65,,,,,0,False,False,0.0,False,8.92,5.78,20.0,
3.25,120499,218.284,-1078.38,-0.01,6.272,30.0,1247,-1,9.04,False,-1,True,True,0.0,0.3,0.003,False,False,0.37,-0.003,87.163,1247,17.65,,,,,0,False,False,0.0,False,8.61,5.96,20.0,
3.3,120500,218.3,-1078.066,-0.011,6.28,30.0,1247,-1,9.36,False,-1,True,True,0.0,0.3,0.001,False,False,0.4,-0.002,87.172,1247,17.65,,,,,0,False,False,0.0,False,8.29,6.14,20.0,
3.35,120501,218.315,-1077.752,-0.01,6.306,30.0,1247,-1,9.67,False,-1,True,True,0.0,0.3,0.0,False,False,0.353,0.001,87.178,1247,17.65,,,,,0,False,False,0.0,False,7.98,6.14,20.0,
3.4,120502,218.33,-1077.443,-0.009,6.127,30.0,1247,-1,9.98,False,-1,True,True,0.0,0.3,0.0,False,False,0.248,0.003,87.171,1247,17.65,,,,,0,False,False,0.0,False,7.67,6.15,20.0,
3.45,120503,218.345,-1077.141,-0.008,6.024,30.0,1247,-1,10.29,False,-1,True,True,0.0,0.3,0.001,False,False,0.133,0.002,87.2,1247,17.65,,,,,0,False,False,0.0,False,7.37,6.06,20.0,
3.5,120504,218.359,-1076.849,-0.007,5.78,30.0,1247,-1,10.58,False,-1,True,True,0.0,0.3,-0.002,False,False,0.016,0.006,87.176,1247,17.65,,,,,0,False,False,0.0,False,7.07,6.01,20.0,
3.55,120505,218.373,-1076.565,-0.006,5.644,30.0,1247,-1,10.86,False,-1,True,True,0.0,0.3,0.003,False,False,-0.077,0.002,87.206,1247,17.65,,,,,0,False,False,0.0,False,6.79,5.89,20.0,
3.6,120506,218.387,-1076.292,-0.006,5.376,30.0,1247,-1,11.14,False,-1,True,True,0.0,0.3,-0.002,False,False,-0.158,0.004,87.181,1247,17.65,,,,,0,False,False,0.0,False,6.52,5.82,20.0,
3.65,120507,218.4,-1076.027,-0.005,5.265,30.0,1247,-1,11.4,False,-1,True,True,0.615,0.0,0.003,False,False,-0.208,0.0,87.21,1247,17.65,,,,,0,False,False,0.0,False,6.25,5.69,20.0,
3.7,120508,218.412,-1075.771,-0.005,5.063,30.0,1247,-1,11.66,False,-1,True,True,0.75,0.0,-0.002,False,False,-0.231,0.002,87.177,1247,17.65,,,,,0,False,False,0.0,False,5.99,5.63,20.0,
3.75,120509,218.424,-1075.519,-0.005,5.037,30.0,1247,-1,11.91,False,-1,True,True,0.75,0.0,0.003,False,False,-0.222,-0.003,87.175,1247,17.65,,,,,0,False,False,0.0,False,5.74,5.53,20.0,
3.8,120510,218.436,-1075.268,-0.006,4.92,30.0,1247,-1,12.16,False,-1,True,True,0.75,0.0,0.001,False,False,-0.175,-0.003,87.182,1247,17.65,,,,,0,False,False,0.0,False,5.49,5.52,20.0,
3.85,120511,218.449,-1075.017,-0.006,4.964,30.0,1247,-1,12.41,False,-1,True,True,0.75,0.0,0.0,False,False,-0.121,-0.001,87.184,1247,17.65,,,,,0,False,False,0.0,False,5.24,5.46,20.0,
3.9,120512,218.46,-1074.782,-0.006,4.556,30.0,1247,-1,12.65,False,-1,True,True,0.75,0.0,0.001,False,False,-0.178,-0.0,87.188,1247,21.57,,,,,0,False,False,0.0,False,8.93,5.48,20.0,
3.95,120513,218.471,-1074.564,-0.005,4.294,30.0,1247,-1,12.87,False,-1,True,True,0.75,0.0,0.0,False,False,-0.258,0.0,87.191,1247,21.57,,,,,0,False,False,0.0,False,8.71,5.28,20.0,
4.0,120514,218.481,-1074.354,-0.005,4.154,30.0,1247,-1,13.08,False,-1,True,True,0.75,0.0,0.0,False,False,-0.293,0.001,87.193,1247,21.57,,,,,0,False,False,0.0,False,8.5,5.15,20.0,
4.05,120515,218.491,-1074.149,-0.005,4.104,30.0,1247,-1,13.28,False,-1,True,True,0.75,0.0,0.0,False,False,-0.273,0.001,87.195,1247,21.57,,,,,0,False,False,0.0,False,8.29,5.08,20.0,
4.1,120516,218.501,-1073.943,-0.005,4.115,30.0,1247,-1,13.49,False,-1,True,True,0.75,0.0,0.0,False,False,-0.213,0.001,87.196,1247,21.57,,,,,0,False,False,0.0,False,8.09,5.05,20.0,
4.15,120517,218.511,-1073.736,-0.006,4.162,30.0,1247,-1,13.69,False,-1,True,True,0.75,0.0,0.0,False,False,-0.132,0.001,87.198,1247,21.57,,,,,0,False,False,0.0,False,7.88,5.06,20.0,
4.2,120518,218.521,-1073.525,-0.007,4.233,30.0,1247,-1,13.91,False,-1,True,True,0.75,0.0,0.0,False,False,-0.049,0.0,87.199,1247,21.57,,,,,0,False,False,0.0,False,7.67,5.08,20.0,
4.25,120519,218.532,-1073.31,-0.007,4.317,30.0,1247,-1,14.12,False,-1,True,True,0.75,0.0,0.0,False,False,0.028,0.0,87.2,1247,21.57,,,,,0,False,False,0.0,False,7.45,5.12,20.0,
4.3,120520,218.543,-1073.092,-0.008,4.411,30.0,1247,-1,14.34,False,-1,True,True,0.75,0.0,0.0,False,False,0.092,0.0,87.201,1247,21.57,,,,,0,False,False,0.0,False,7.23,5.16,20.0,
4.35,120521,218.554,-1072.868,-0.008,4.509,30.0,1247,-1,14.56,False,-1,True,True,0.75,0.0,0.0,False,False,0.143,0.0,87.202,1247,21.57,,,,,0,False,False,0.0,False,7.01,5.21,20.0,
4.4,120522,218.565,-1072.639,-0.009,4.611,30.0,1247,-1,14.79,False,-1,True,True,0.75,0.0,0.0,False,False,0.181,0.0,87.202,1247,21.57,,,,,0,False,False,0.0,False,6.78,5.25,20.0,
4.45,120523,218.576,-1072.406,-0.009,4.714,30.0,1247,-1,15.03,False,-1,True,True,0.75,0.0,0.0,False,False,0.209,-0.0,87.203,1247,21.57,,,,,0,False,False,0.0,False,6.55,5.31,20.0,
4.5,120524,218.588,-1072.167,-0.009,4.818,30.0,1247,-1,15.27,False,-1,True,True,0.75,0.0,0.0,False,False,0.229,-0.0,87.204,1247,21.57,,,,,0,False,False,0.0,False,6.31,5.36,20.0,
4.55,120525,218.6,-1071.923,-0.009,4.922,30.0,1247,-1,15.51,False,-1,True,True,0.75,0.0,0.0,False,False,0.242,0.0,87.204,1247,21.57,,,,,0,False,False,0.0,False,6.06,5.41,20.0,
4.6,120526,218.612,-1071.674,-0.009,5.026,30.0,1247,-1,15.76,False,-1,True,True,0.75,0.0,0.0,False,False,0.251,-0.0,87.205,1247,21.57,,,,,0,False,False,0.0,False,5.82,5.46,20.0,
4.65,120527,218.624,-1071.42,-0.009,5.127,30.0,1247,-1,16.01,False,-1,True,True,0.75,0.0,0.0,False,False,0.256,0.0,87.205,1247,21.57,,,,,0,False,False,0.0,False,5.56,5.51,20.0,
4.7,120528,218.637,-1071.161,-0.009,5.265,30.0,1247,-1,16.27,False,-1,True,True,0.75,0.0,0.0,False,False,0.26,-0.0,87.206,1247,25.5,,,,,0,False,False,0.0,False,9.22,5.56,20.0,
4.75,120529,218.65,-1070.897,-0.009,5.29,30.0,1247,-1,16.54,False,-1,True,True,0.75,0.0,0.0,False,False,0.256,-0.0,87.202,1247,25.5,,,,,0,False,False,0.0,False,8.96,5.63,20.0,
4.8,120530,218.663,-1070.63,-0.009,5.372,30.0,1247,-1,16.8,False,-1,True,True,0.75,0.0,0.0,False,False,0.241,-0.001,87.222,1247,25.5,,,,,0,False,False,0.0,False,8.69,5.65,20.0,
4.85,120531,218.676,-1070.365,-0.009,5.286,30.0,1247,-1,17.07,False,-1,True,True,0.715,0.0,-0.002,False,False,0.194,0.002,87.187,1247,25.5,,,,,0,False,False,0.0,False,8.43,5.69,20.0,
4.9,120532,218.689,-1070.099,-0.008,5.355,30.0,1247,-1,17.34,False,-1,True,True,0.75,0.0,0.003,False,False,0.158,-0.003,87.21,1247,25.5,,,,,0,False,False,0.0,False,8.16,5.64,20.0,
4.95,120533,218.701,-1069.834,-0.008,5.3,30.0,1247,-1,17.6,False,-1,True,True,0.75,0.0,-0.002,False,False,0.127,0.0,87.178,1247,25.5,,,,,0,False,False,0.0,False,7.89,5.68,20.0,
5.0,120534,218.714,-1069.566,-0.008,5.382,30.0,1247,-1,17.87,False,-1,True,True,0.75,0.0,0.003,False,False,0.117,-0.003,87.204,1247,25.5,,,,,0,False,False,0.0,False,7.63,5.65,20.0,
5.05,120535,218.727,-1069.3,-0.008,5.309,30.0,1247,-1,18.14,False,-1,True,True,0.655,0.0,-0.002,False,False,0.098,0.001,87.178,1247,25.5,,,,,0,False,False,0.0,False,7.36,5.69,20.0,
5.1,120536,218.74,-1069.032,-0.008,5.42,30.0,1247,-1,18.4,False,-1,True,True,0.75,0.0,0.003,False,False,0.095,-0.002,87.203,1247,25.5,,,,,0,False,False,0.0,False,7.09,5.65,20.0,
5.15,120537,218.754,-1068.748,-0.009,5.827,30.0,1247,-1,18.69,False,-1,True,True,0.509,0.0,-0.002,False,False,0.208,0.002,87.228,1247,25.5,,,,,0,False,False,0.0,False,6.81,5.71,20.0,
5.2,120538,218.769,-1068.443,-0.01,6.217,30.0,1247,-1,18.99,False,-1,True,True,0.0,0.3,-0.002,False,False,0.352,0.006,87.23,1247,25.5,,,,,0,False,False,0.0,False,6.5,5.91,20.0,
5.25,120539,218.785,-1068.13,-0.011,6.273,30.0,1247,-1,19.31,False,-1,True,True,0.0,0.3,-0.001,False,False,0.406,0.005,87.225,1247,25.5,,,,,0,False,False,0.0,False,6.19,6.11,20.0,
5.3,120540,218.8,-1067.814,-0.01,6.332,30.0,1247,-1,19.62,False,-1,True,True,0.0,0.3,-0.0,False,False,0.379,0.002,87.222,1247,25.5,,,,,0,False,False,0.0,False,5.87,6.14,20.0,
5.35,120541,218.816,-1067.504,-0.01,6.172,30.0,1247,-1,19.93,False,-1,True,True,0.0,0.3,-0.0,False,False,0.284,-0.001,87.229,1247,29.42,,,,,0,False,False,0.0,False,9.48,6.17,20.0,
5.4,120542,218.83,-1067.199,-0.009,6.079,30.0,1247,-1,20.24,False,-1,True,True,0.0,0.3,-0.001,False,False,0.17,-0.0,87.204,1247,29.42,,,,,0,False,False,0.0,False,9.18,6.09,20.0,
5.45,120543,218.845,-1066.904,-0.008,5.841,30.0,1247,-1,20.53,False,-1,True,True,0.0,0.3,0.002,False,False,0.05,-0.004,87.229,1247,29.42,,,,,0,False,False,0.0,False,8.88,6.04,20.0,
5.5,120544,218.858,-1066.617,-0.007,5.708,30.0,1247,-1,20.82,False,-1,True,True,0.0,0.3,-0.002,False,False,-0.05,-0.001,87.201,1247,29.42,,,,,0,False,False,0.0,False,8.6,5.92,20.0,
5.55,120545,218.872,-1066.34,-0.006,5.443,30.0,1247,-1,21.1,False,-1,True,True,0.0,0.3,0.002,False,False,-0.136,-0.004,87.227,1247,29.42,,,,,0,False,False,0.0,False,8.32,5.85,20.0,
5.6,120546,218.885,-1066.073,-0.005,5.333,30.0,1247,-1,21.37,False,-1,True,True,0.372,0.0,-0.002,False,False,-0.191,0.0,87.199,1247,29.42,,,,,0,False,False,0.0,False,8.05,5.72,20.0,
5.65,120547,218.898,-1065.812,-0.005,5.133,30.0,1247,-1,21.63,False,-1,True,True,0.75,0.0,0.002,False,False,-0.219,-0.001,87.233,1247,29.42,,,,,0,False,False,0.0,False,7.79,5.67,20.0,
5.7,120548,218.91,-1065.557,-0.005,5.098,30.0,1247,-1,21.88,False,-1,True,True,0.75,0.0,-0.003,False,False,-0.213,0.003,87.209,1247,29.42,,,,,0,False,False,0.0,False,7.54,5.57,20.0,
5.75,120549,218.923,-1065.305,-0.005,5.024,30.0,1247,-1,22.14,False,-1,True,True,0.75,0.0,0.002,False,False,-0.178,0.001,87.251,1247,29.42,,,,,0,False,False,0.0,False,7.28,5.55,20.0,
5.8,120550,218.935,-1065.051,-0.006,5.094,30.0,1247,-1,22.39,False,-1,True,True,0.75,0.0,-0.004,False,False,-0.119,0.005,87.221,1247,29.42,,,,,0,False,False,0.0,False,7.03,5.51,20.0,
5.85,120551,218.947,-1064.808,-0.006,4.723,30.0,1247,-1,22.63,False,-1,True,True,0.75,0.0,0.002,False,False,-0.141,0.001,87.227,1247,29.42,,,,,0,False,False,0.0,False,6.79,5.55,20.0,
5.9,120552,218.958,-1064.582,-0.005,4.428,30.0,1247,-1,22.86,False,-1,True,True,0.75,0.0,-0.001,False,False,-0.222,-0.0,87.217,1247,29.42,,,,,0,False,False,0.0,False,6.56,5.36,20.0,
5.95,120553,218.968,-1064.367,-0.005,4.262,30.0,1247,-1,23.07,False,-1,True,True,0.75,0.0,-0.001,False,False,-0.272,0.0,87.211,1247,29.42,,,,,0,False,False,0.0,False,6.34,5.21,20.0,
6.0,120554,218.979,-1064.156,-0.005,4.193,30.0,1247,-1,23.29,False,-1,True,True,0.75,0.0,0.0,False,False,-0.268,-0.001,87.21,1247,29.42,,,,,0,False,False,0.0,False,6.13,5.13,20.0,
6.05,120555,218.989,-1063.947,-0.005,4.19,30.0,1247,-1,23.5,False,-1,True,True,0.75,0.0,0.0,False,False,-0.22,-0.002,87.211,1247,29.42,,,,,0,False,False,0.0,False,5.92,5.1,20.0,
6.1,120556,218.999,-1063.736,-0.006,4.229,30.0,1247,-1,23.71,False,-1,True,True,0.75,0.0,-0.0,False,False,-0.146,-0.001,87.211,1247,29.42,,,,,0,False,False,0.0,False,5.71,5.1,20.0,
6.15,120557,219.01,-1063.522,-0.007,4.294,30.0,1247,-1,23.92,False,-1,True,True,0.75,0.0,0.0,False,False,-0.065,-0.001,87.211,1247,29.42,,,,,0,False,False,0.0,False,5.5,5.11,20.0,
6.2,120558,219.02,-1063.305,-0.007,4.374,30.0,1247,-1,24.14,False,-1,True,True,0.75,0.0,0.0,False,False,0.012,-0.001,87.212,1247,29.42,,,,,0,False,False,0.0,False,5.28,5.15,20.0,
6.25,120559,219.031,-1063.083,-0.008,4.465,30.0,1247,-1,24.36,False,-1,True,True,0.75,0.0,0.0,False,False,0.078,-0.001,87.212,1247,29.42,,,,,0,False,False,0.0,False,5.06,5.19,20.0,
6.3,120560,219.042,-1062.857,-0.008,4.561,30.0,1247,-1,24.59,False,-1,True,True,0.75,0.0,-0.0,False,False,0.131,-0.0,87.212,1247,33.34,,,,,0,False,False,0.0,False,8.75,5.23,20.0,
6.35,120561,219.053,-1062.625,-0.009,4.661,30.0,1247,-1,24.82,False,-1,True,True,0.75,0.0,0.0,False,False,0.172,-0.0,87.212,1247,33.34,,,,,0,False,False,0.0,False,8.52,5.28,20.0,
6.4,120562,219.065,-1062.389,-0.009,4.763,30.0,1247,-1,25.05,False,-1,True,True,0.75,0.0,0.0,False,False,0.202,-0.0,87.212,1247,33.34,,,,,0,False,False,0.0,False,8.29,5.33,20.0,
6.45,120563,219.076,-1062.148,-0.009,4.867,30.0,1247,-1,25.3,False,-1,True,True,0.75,0.0,0.0,False,False,0.223,-0.0,87.212,1247,33.34,,,,,0,False,False,0.0,False,8.05,5.38,20.0,
6.5,120564,219.088,-1061.902,-0.009,4.97,30.0,1247,-1,25.54,False,-1,True,True,0.75,0.0,0.0,False,False,0.238,-0.0,87.212,1247,33.34,,,,,0,False,False,0.0,False,7.8,5.43,20.0,
6.55,120565,219.101,-1061.651,-0.009,5.074,30.0,1247,-1,25.79,False,-1,True,True,0.75,0.0,0.0,False,False,0.248,-0.0,87.212,1247,33.34,,,,,0,False,False,0.0,False,7.55,5.49,20.0,
6.6,120566,219.113,-1061.394,-0.009,5.159,30.0,1247,-1,26.05,False,-1,True,True,0.75,0.0,-0.0,False,False,0.253,-0.0,87.212,1247,33.34,,,,,0,False,False,0.0,False,7.29,5.54,20.0,
6.65,120567,219.126,-1061.132,-0.009,5.312,30.0,1247,-1,26.31,False,-1,True,True,0.75,0.0,0.0,False,False,0.258,-0.0,87.212,1247,33.34,,,,,0,False,False,0.0,False,7.03,5.58,20.0,
6.7,120568,219.139,-1060.866,-0.009,5.34,30.0,1247,-1,26.58,False,-1,True,True,0.75,0.0,-0.0,False,False,0.255,0.0,87.211,1247,33.34,,,,,0,False,False,0.0,False,6.76,5.66,20.0,
6.75,120569,219.152,-1060.595,-0.009,5.469,30.0,1247,-1,26.85,False,-1,True,True,0.75,0.0,0.0,False,False,0.253,-0.0,87.226,1247,33.34,,,,,0,False,False,0.0,False,6.49,5.67,20.0,
6.8,120570,219.165,-1060.325,-0.009,5.373,30.0,1247,-1,27.12,False,-1,True,True,0.361,0.0,-0.001,False,False,0.21,0.002,87.193,1247,33.34,,,,,0,False,False,0.0,False,6.22,5.73,20.0,
6.85,120571,219.178,-1060.057,-0.008,5.406,30.0,1247,-1,27.39,False,-1,True,True,0.698,0.0,0.003,False,False,0.164,-0.003,87.217,1247,33.34,,,,,0,False,False,0.0,False,5.95,5.69,20.0,
6.9,120572,219.191,-1059.79,-0.008,5.305,30.0,1247,-1,27.66,False,-1,True,True,0.572,0.0,-0.002,False,False,0.114,0.0,87.183,1247,33.34,,,,,0,False,False,0.0,False,5.68,5.7,20.0,
6.95,120573,219.204,-1059.524,-0.008,5.347,30.0,1247,-1,27.92,False,-1,True,True,0.75,0.0,0.003,False,False,0.083,-0.003,87.207,1247,33.34,,,,,0,False,False,0.0,False,5.42,5.65,20.0,
7.0,120574,219.217,-1059.26,-0.008,5.269,30.0,1247,-1,28.19,False,-1,True,True,0.75,0.0,-0.002,False,False,0.059,0.0,87.174,1247,37.26,,,,,0,False,False,0.0,False,9.08,5.67,20.0,
7.05,120575,219.229,-1058.994,-0.008,5.347,30.0,1247,-1,28.45,False,-1,True,True,0.75,0.0,0.003,False,False,0.058,-0.003,87.199,1247,37.26,,,,,0,False,False,0.0,False,8.81,5.63,20.0,
7.1,120576,219.242,-1058.728,-0.008,5.3,30.0,1247,-1,28.72,False,-1,True,True,0.75,0.0,-0.001,False,False,0.06,0.001,87.168,1247,37.26,,,,,0,False,False,0.0,False,8.54,5.67,20.0,
7.15,120577,219.255,-1058.462,-0.008,5.366,30.0,1247,-1,28.99,False,-1,True,True,0.75,0.0,0.003,False,False,0.068,-0.002,87.195,1247,37.26,,,,,0,False,False,0.0,False,8.28,5.65,20.0,
7.2,120578,219.268,-1058.196,-0.008,5.292,30.0,1247,-1,29.25,False,-1,True,True,0.702,0.0,-0.001,False,False,0.065,0.002,87.168,1247,37.26,,,,,0,False,False,0.0,False,8.01,5.68,20.0,
7.25,120579,219.281,-1057.921,-0.008,5.713,30.0,1247,-1,29.53,False,-1,True,True,0.75,0.0,0.003,False,False,0.136,-0.002,87.162,1247,37.26,,,,,0,False,False,0.0,False,7.74,5.65,20.0,
7.3,120580,219.295,-1057.624,-0.01,6.032,30.0,1247,-1,29.83,False,-1,True,True,0.0,0.3,0.002,False,False,0.289,-0.003,87.156,1247,37.26,,,,,0,False,False,0.0,False,7.44,5.86,20.0,
7.35,120581,219.31,-1057.313,-0.011,6.316,30.0,1247,-1,30.14,False,-1,True,True,0.0,0.3,0.002,False,False,0.397,-0.002,87.163,1247,37.26,,,,,0,False,False,0.0,False,7.13,6.02,20.0,
7.4,120582,219.326,-1056.997,-0.011,6.305,30.0,1247,-1,30.45,False,-1,True,True,0.0,0.3,0.001,False,False,0.404,0.0,87.17,1247,37.26,,,,,0,False,False,0.0,False,6.81,6.16,20.0,
7.45,120583,219.341,-1056.682,-0.01,6.316,30.0,1247,-1,30.77,False,-1,True,True,0.0,0.3,0.0,False,False,0.343,0.002,87.175,1247,37.26,,,,,0,False,False,0.0,False,6.5,6.15,20.0,
7.5,120584,219.356,-1056.373,-0.009,6.127,30.0,1247,-1,31.08,False,-1,True,True,0.0,0.3,0.0,False,False,0.231,0.003,87.174,1247,37.26,,,,,0,False,False,0.0,False,6.19,6.16,20.0,
7.55,120585,219.371,-1056.071,-0.008,6.023,30.0,1247,-1,31.38,False,-1,True,True,0.0,0.3,0.001,False,False,0.116,0.003,87.196,1247,37.26,,,,,0,False,False,0.0,False,5.88,6.06,20.0,
7.6,120586,219.385,-1055.778,-0.007,5.776,30.0,1247,-1,31.67,False,-1,True,True,0.0,0.3,-0.001,False,False,0.001,0.005,87.173,1247,41.19,,,,,0,False,False,0.0,False,9.51,6.01,20.0,
7.65,120587,219.399,-1055.495,-0.006,5.638,30.0,1247,-1,31.96,False,-1,True,True,0.0,0.3,0.003,False,False,-0.09,0.001,87.205,1247,41.19,,,,,0,False,False,0.0,False,9.23,5.89,20.0,
7.7,120588,219.413,-1055.222,-0.006,5.368,30.0,1247,-1,32.23,False,-1,True,True,0.0,0.3,-0.002,False,False,-0.169,0.004,87.18,1247,41.19,,,,,0,False,False,0.0,False,8.96,5.82,20.0,
7.75,120589,219.426,-1054.958,-0.005,5.257,30.0,1247,-1,32.49,False,-1,True,True,0.637,0.0,0.003,False,False,-0.216,0.0,87.21,1247,41.19,,,,,0,False,False,0.0,False,8.69,5.68,20.0,
7.8,120590,219.438,-1054.702,-0.005,5.054,30.0,1247,-1,32.75,False,-1,True,True,0.75,0.0,-0.002,False,False,-0.237,0.002,87.177,1247,41.19,,,,,0,False,False,0.0,False,8.43,5.63,20.0,
7.85,120591,219.451,-1054.449,-0.005,5.078,30.0,1247,-1,33.0,False,-1,True,True,0.75,0.0,0.003,False,False,-0.216,-0.003,87.21,1247,41.19,,,,,0,False,False,0.0,False,8.18,5.53,20.0,
7.9,120592,219.463,-1054.198,-0.006,5.001,30.0,1247,-1,33.26,False,-1,True,True,0.75,0.0,-0.002,False,False,-0.166,0.0,87.184,1247,41.19,,,,,0,False,False,0.0,False,7.93,5.54,20.0,
7.95,120593,219.475,-1053.95,-0.006,4.807,30.0,1247,-1,33.5,False,-1,True,True,0.75,0.0,0.002,False,False,-0.145,-0.002,87.254,1247,41.19,,,,,0,False,False,0.0,False,7.68,5.5,20.0,
8.0,120594,219.487,-1053.723,-0.005,4.435,30.0,1247,-1,33.73,False,-1,True,True,0.75,0.0,-0.006,False,False,-0.226,0.003,87.303,1247,41.19,,,,,0,False,False,0.0,False,7.45,5.4,20.0,
8.05,120595,219.498,-1053.509,-0.005,4.205,30.0,1247,-1,33.95,False,-1,True,True,0.75,0.0,-0.006,False,False,-0.298,0.009,87.294,1247,41.19,,,,,0,False,False,0.0,False,7.24,5.22,20.0,
8.1,120596,219.508,-1053.303,-0.005,4.091,30.0,1247,-1,34.15,False,-1,True,True,0.75,0.0,-0.002,False,False,-0.315,0.005,87.28,1247,41.19,,,,,0,False,False,0.0,False,7.03,5.1,20.0,
8.15,120597,219.518,-1053.1,-0.005,4.059,30.0,1247,-1,34.36,False,-1,True,True,0.75,0.0,-0.001,False,False,-0.278,-0.0,87.272,1247,41.19,,,,,0,False,False,0.0,False,6.83,5.05,20.0,
8.2,120598,219.528,-1052.896,-0.006,4.082,30.0,1247,-1,34.56,False,-1,True,True,0.75,0.0,-0.001,False,False,-0.205,-0.002,87.265,1247,41.19,,,,,0,False,False,0.0,False,6.63,5.03,20.0,
8.25,120599,219.538,-1052.69,-0.006,4.137,30.0,1247,-1,34.77,False,-1,True,True,0.75,0.0,-0.001,False,False,-0.119,-0.003,87.258,1247,41.19,,,,,0,False,False,0.0,False,6.42,5.04,20.0,
8.3,120600,219.548,-1052.48,-0.007,4.212,30.0,1247,-1,34.98,False,-1,True,True,0.75,0.0,-0.001,False,False,-0.033,-0.003,87.253,1247,41.19,,,,,0,False,False,0.0,False,6.21,5.07,20.0,
8.35,120601,219.558,-1052.266,-0.008,4.3,30.0,1247,-1,35.19,False,-1,True,True,0.75,0.0,-0.001,False,False,0.042,-0.002,87.248,1247,41.19,,,,,0,False,False,0.0,False,6.0,5.11,20.0,
8.4,120602,219.569,-1052.048,-0.008,4.395,30.0,1247,-1,35.41,False,-1,True,True,0.75,0.0,-0.001,False,False,0.105,-0.002,87.243,1247,41.19,,,,,0,False,False,0.0,False,5.78,5.15,20.0,
8.45,120603,219.58,-1051.826,-0.009,4.495,30.0,1247,-1,35.63,False,-1,True,True,0.75,0.0,-0.001,False,False,0.153,-0.001,87.239,1247,41.19,,,,,0,False,False,0.0,False,5.56,5.2,20.0,
8.5,120604,219.591,-1051.598,-0.009,4.597,30.0,1247,-1,35.86,False,-1,True,True,0.75,0.0,-0.001,False,False,0.189,-0.001,87.236,1247,41.19,,,,,0,False,False,0.0,False,5.33,5.25,20.0,
8.55,120605,219.602,-1051.365,-0.009,4.701,30.0,1247,-1,36.09,False,-1,True,True,0.75,0.0,-0.0,False,False,0.215,-0.001,87.233,1247,41.19,,,,,0,False,False,0.0,False,5.09,5.3,20.0,
8.6,120606,219.614,-1051.127,-0.009,4.806,30.0,1247,-1,36.33,False,-1,True,True,0.75,0.0,-0.001,False,False,0.233,0.0,87.229,1247,45.11,,,,,0,False,False,0.0,False,8.78,5.35,20.0,
8.65,120607,219.625,-1050.883,-0.009,4.91,30.0,1247,-1,36.57,False,-1,True,True,0.75,0.0,-0.0,False,False,0.245,0.0,87.227,1247,45.11,,,,,0,False,False,0.0,False,8.53,5.4,20.0,
8.7,120608,219.637,-1050.635,-0.009,5.014,30.0,1247,-1,36.82,False,-1,True,True,0.75,0.0,-0.0,False,False,0.253,-0.0,87.225,1247,45.11,,,,,0,False,False,0.0,False,8.29,5.46,20.0,
8.75,120609,219.65,-1050.382,-0.009,5.119,30.0,1247,-1,37.08,False,-1,True,True,0.75,0.0,-0.0,False,False,0.258,-0.0,87.223,1247,45.11,,,,,0,False,False,0.0,False,8.03,5.51,20.0,
8.8,120610,219.662,-1050.123,-0.009,5.179,30.0,1247,-1,37.34,False,-1,True,True,0.75,0.0,-0.0,False,False,0.257,-0.0,87.221,1247,45.11,,,,,0,False,False,0.0,False,7.77,5.56,20.0,
8.85,120611,219.675,-1049.859,-0.009,5.356,30.0,1247,-1,37.6,False,-1,True,True,0.75,0.0,-0.0,False,False,0.261,-0.0,87.222,1247,45.11,,,,,0,False,False,0.0,False,7.51,5.59,20.0,
8.9,120612,219.688,-1049.592,-0.009,5.318,30.0,1247,-1,37.87,False,-1,True,True,0.75,0.0,-0.0,False,False,0.245,0.0,87.206,1247,45.11,,,,,0,False,False,0.0,False,7.24,5.68,20.0,
8.95,120613,219.701,-1049.326,-0.009,5.37,30.0,1247,-1,38.13,False,-1,True,True,0.75,0.0,0.001,False,False,0.208,-0.002,87.23,1247,45.11,,,,,0,False,False,0.0,False,6.97,5.66,20.0,
9.0,120614,219.714,-1049.06,-0.008,5.298,30.0,1247,-1,38.4,False,-1,True,True,0.714,0.0,-0.002,False,False,0.163,0.001,87.193,1247,45.11,,,,,0,False,False,0.0,False,6.71,5.69,20.0,
9.05,120615,219.727,-1048.793,-0.008,5.38,30.0,1247,-1,38.67,False,-1,True,True,0.75,0.0,0.003,False,False,0.137,-0.003,87.215,1247,45.11,,,,,0,False,False,0.0,False,6.44,5.65,20.0,
9.1,120616,219.74,-1048.526,-0.008,5.333,30.0,1247,-1,38.93,False,-1,True,True,0.668,0.0,-0.002,False,False,0.117,0.0,87.182,1247,45.11,,,,,0,False,False,0.0,False,6.17,5.69,20.0,
9.15,120617,219.753,-1048.258,-0.008,5.403,30.0,1247,-1,39.2,False,-1,True,True,0.75,0.0,0.003,False,False,0.109,-0.003,87.21,1247,45.11,,,,,0,False,False,0.0,False,5.91,5.67,20.0,
9.2,120618,219.766,-1047.99,-0.008,5.33,30.0,1247,-1,39.47,False,-1,True,True,0.574,0.0,-0.002,False,False,0.093,0.001,87.183,1247,45.11,,,,,0,False,False,0.0,False,5.64,5.7,20.0,
9.25,120619,219.78,-1047.717,-0.008,5.652,30.0,1247,-1,39.74,False,-1,True,True,0.75,0.0,-0.008,False,False,0.127,0.016,87.19,1247,49.03,,,,,0,False,False,0.0,False,9.31,5.66,20.0,
9.3,120620,219.795,-1047.423,-0.009,5.984,30.0,1247,-1,40.04,False,-1,True,True,0.0,0.3,-0.003,False,False,0.266,0.02,87.179,1247,49.03,,,,,0,False,False,0.0,False,9.02,5.83,20.0,
9.35,120621,219.811,-1047.114,-0.01,6.28,30.0,1247,-1,40.35,False,-1,True,True,0.0,0.3,-0.001,False,False,0.377,0.014,87.165,1247,49.03,,,,,0,False,False,0.0,False,8.71,5.99,20.0,
9.4,120622,219.826,-1046.8,-0.011,6.277,30.0,1247,-1,40.66,False,-1,True,True,0.0,0.3,-0.001,False,False,0.392,0.007,87.155,1247,49.03,,,,,0,False,False,0.0,False,8.39,6.14,20.0,
9.45,120623,219.842,-1046.486,-0.01,6.294,30.0,1247,-1,40.98,False,-1,True,True,0.0,0.3,-0.001,False,False,0.338,0.003,87.149,1247,49.03,,,,,0,False,False,0.0,False,8.08,6.14,20.0,
9.5,120624,219.858,-1046.178,-0.009,6.11,30.0,1247,-1,41.29,False,-1,True,True,0.0,0.3,-0.001,False,False,0.232,0.001,87.131,1247,49.03,,,,,0,False,False,0.0,False,7.77,6.15,20.0,
9.55,120625,219.873,-1045.877,-0.008,6.004,30.0,1247,-1,41.59,False,-1,True,True,0.0,0.3,0.001,False,False,0.117,-0.001,87.153,1247,49.03,,,,,0,False,False,0.0,False,7.47,6.06,20.0,
9.6,120626,219.887,-1045.585,-0.007,5.759,30.0,1247,-1,41.88,False,-1,True,True,0.0,0.3,-0.003,False,False,0.003,0.002,87.121,1247,49.03,,,,,0,False,False,0.0,False,7.18,6.0,20.0,
9.65,120627,219.902,-1045.302,-0.006,5.622,30.0,1247,-1,42.16,False,-1,True,True,0.0,0.3,0.002,False,False,-0.088,-0.001,87.144,1247,49.03,,,,,0,False,False,0.0,False,6.89,5.88,20.0,
9.7,120628,219.915,-1045.03,-0.006,5.357,30.0,1247,-1,42.43,False,-1,True,True,0.0,0.274,-0.003,False,False,-0.165,0.002,87.113,1247,49.03,,,,,0,False,False,0.0,False,6.62,5.81,20.0,
9.75,120629,219.929,-1044.767,-0.005,5.25,30.0,1247,-1,42.7,False,-1,True,True,0.68,0.0,0.002,False,False,-0.211,-0.002,87.138,1247,49.03,,,,,0,False,False,0.0,False,6.36,5.68,20.0,
9.8,120630,219.942,-1044.511,-0.005,5.048,30.0,1247,-1,42.95,False,-1,True,True,0.75,0.0,-0.002,False,False,-0.233,-0.0,87.1,1247,49.03,,,,,0,False,False,0.0,False,6.1,5.62,20.0,
9.85,120631,219.954,-1044.26,-0.005,5.039,30.0,1247,-1,43.21,False,-1,True,True,0.75,0.0,0.003,False,False,-0.219,-0.004,87.09,1247,49.03,,,,,0,False,False,0.0,False,5.85,5.52,20.0,
9.9,120632,219.966,-1044.008,-0.006,4.94,30.0,1247,-1,43.46,False,-1,True,True,0.75,0.0,0.001,False,False,-0.168,-0.005,87.082,1247,49.03,,,,,0,False,False,0.0,False,5.6,5.52,20.0,
9.95,120633,219.979,-1043.758,-0.006,4.936,30.0,1247,-1,43.71,False,-1,True,True,0.75,0.0,0.001,False,False,-0.116,-0.004,87.093,1247,49.03,,,,,0,False,False,0.0,False,5.35,5.47,20.0,
10.0,120634,219.993,-1043.526,-0.006,4.511,30.0,1247,-1,43.94,False,-1,True,True,0.75,0.0,-0.051,False,False,-0.187,0.062,87.008,1247,52.95,,,,,0,False,False,0.0,False,9.06,5.47,20.0,
10.05,120635,220.007,-1043.309,-0.005,4.257,30.0,1247,-1,44.16,False,-1,True,True,0.75,0.0,-0.007,False,False,-0.27,0.063,86.914,1247,52.95,,,,,0,False,False,0.0,False,8.84,5.26,20.0,
10.1,120636,220.019,-1043.102,-0.005,4.124,30.0,1247,-1,44.37,False,-1,True,True,0.75,0.0,-0.003,False,False,-0.301,0.035,86.874,1247,52.95,,,,,0,False,False,0.0,False,8.63,5.13,20.0,
10.15,120637,220.03,-1042.897,-0.005,4.079,30.0,1247,-1,44.57,False,-1,True,True,0.75,0.0,-0.006,False,False,-0.277,0.02,86.844,1247,52.95,,,,,0,False,False,0.0,False,8.43,5.06,20.0,
10.2,120638,220.042,-1042.693,-0.005,4.093,30.0,1247,-1,44.77,False,-1,True,True,0.75,0.0,-0.006,False,False,-0.213,0.012,86.814,1247,52.95,,,,,0,False,False,0.0,False,8.22,5.04,20.0,
10.25,120639,220.054,-1042.487,-0.006,4.143,30.0,1247,-1,44.98,False,-1,True,True,0.75,0.0,-0.005,False,False,-0.131,0.007,86.787,1247,52.95,,,,,0,False,False,0.0,False,8.02,5.05,20.0,
10.3,120640,220.067,-1042.277,-0.007,4.215,30.0,1247,-1,45.19,False,-1,True,True,0.75,0.0,-0.004,False,False,-0.046,0.004,86.764,1247,52.95,,,,,0,False,False,0.0,False,7.81,5.07,20.0,
10.35,120641,220.079,-1042.063,-0.008,4.3,30.0,1247,-1,45.41,False,-1,True,True,0.75,0.0,-0.003,False,False,0.031,0.002,86.744,1247,52.95,,,,,0,False,False,0.0,False,7.59,5.11,20.0,
10.4,120642,220.092,-1041.845,-0.008,4.394,30.0,1247,-1,45.62,False,-1,True,True,0.75,0.0,-0.003,False,False,0.095,0.001,86.726,1247,52.95,,,,,0,False,False,0.0,False,7.37,5.15,20.0,
10.45,120643,220.105,-1041.623,-0.009,4.493,30.0,1247,-1,45.85,False,-1,True,True,0.75,0.0,-0.002,False,False,0.145,0.0,86.71,1247,52.95,,,,,0,False,False,0.0,False,7.15,5.2,20.0,
10.5,120644,220.118,-1041.395,-0.009,4.595,30.0,1247,-1,46.08,False,-1,True,True,0.75,0.0,-0.002,False,False,0.183,-0.0,86.696,1247,52.95,,,,,0,False,False,0.0,False,6.92,5.25,20.0,
10.55,120645,220.132,-1041.162,-0.009,4.699,30.0,1247,-1,46.31,False,-1,True,True,0.75,0.0,-0.002,False,False,0.211,-0.0,86.684,1247,52.95,,,,,0,False,False,0.0,False,6.69,5.3,20.0,
10.6,120646,220.146,-1040.924,-0.009,4.803,30.0,1247,-1,46.55,False,-1,True,True,0.75,0.0,-0.001,False,False,0.23,-0.0,86.674,1247,52.95,,,,,0,False,False,0.0,False,6.45,5.35,20.0,
10.65,120647,220.16,-1040.681,-0.009,4.907,30.0,1247,-1,46.79,False,-1,True,True,0.75,0.0,-0.001,False,False,0.243,-0.0,86.665,1247,52.95,,,,,0,False,False,0.0,False,6.21,5.4,20.0,
10.7,120648,220.175,-1040.433,-0.009,5.011,30.0,1247,-1,47.04,False,-1,True,True,0.75,0.0,-0.001,False,False,0.251,-0.0,86.658,1247,52.95,,,,,0,False,False,0.0,False,5.96,5.45,20.0,
10.75,120649,220.19,-1040.18,-0.009,5.116,30.0,1247,-1,47.29,False,-1,True,True,0.75,0.0,-0.001,False,False,0.257,-0.0,86.651,1247,52.95,,,,,0,False,False,0.0,False,5.71,5.51,20.0,
10.8,120650,220.205,-1039.922,-0.009,5.175,30.0,1247,-1,47.55,False,-1,True,True,0.75,0.0,-0.001,False,False,0.257,-0.0,86.645,1247,52.95,,,,,0,False,False,0.0,False,5.45,5.56,20.0,
10.85,120651,220.224,-1039.659,-0.009,5.335,30.0,1247,-1,47.81,False,-1,True,True,0.75,0.0,-0.057,False,False,0.258,0.095,86.495,1247,56.88,,,,,0,False,False,0.0,False,9.12,5.59,20.0,
10.9,120652,220.243,-1039.395,-0.009,5.247,30.0,1247,-1,48.08,False,-1,True,True,0.75,0.0,-0.003,False,False,0.224,0.089,86.314,1247,56.88,,,,,0,False,False,0.0,False,8.86,5.67,20.0,
10.95,120653,220.26,-1039.132,-0.009,5.307,30.0,1247,-1,48.34,False,-1,True,True,0.75,0.0,0.005,False,False,0.184,0.037,86.275,1247,56.88,,,,,0,False,False,0.0,False,8.6,5.62,20.0,
11.0,120654,220.277,-1038.87,-0.008,5.242,30.0,1247,-1,48.61,False,-1,True,True,0.75,0.0,-0.004,False,False,0.144,0.015,86.208,1247,56.88,,,,,0,False,False,0.0,False,8.33,5.65,20.0,
11.05,120655,220.295,-1038.606,-0.008,5.334,30.0,1247,-1,48.87,False,-1,True,True,0.75,0.0,-0.0,False,False,0.127,0.004,86.205,1247,56.88,,,,,0,False,False,0.0,False,8.07,5.62,20.0,
11.1,120656,220.313,-1038.342,-0.008,5.27,30.0,1247,-1,49.13,False,-1,True,True,0.75,0.0,-0.005,False,False,0.11,0.005,86.151,1247,56.88,,,,,0,False,False,0.0,False,7.8,5.67,20.0,
11.15,120657,220.331,-1038.077,-0.008,5.338,30.0,1247,-1,49.4,False,-1,True,True,0.75,0.0,0.001,False,False,0.101,0.001,86.162,1247,56.88,,,,,0,False,False,0.0,False,7.54,5.64,20.0,
11.2,120658,220.349,-1037.811,-0.008,5.419,30.0,1247,-1,49.67,False,-1,True,True,0.75,0.0,-0.004,False,False,0.104,0.004,86.144,1247,56.88,,,,,0,False,False,0.0,False,7.27,5.67,20.0,
11.25,120659,220.369,-1037.523,-0.009,5.948,30.0,1247,-1,49.96,False,-1,True,True,0.518,0.0,-0.002,False,False,0.246,0.005,86.151,1247,56.88,,,,,0,False,False,0.0,False,6.98,5.71,20.0,
11.3,120660,220.39,-1037.217,-0.01,6.183,30.0,1247,-1,50.26,False,-1,True,True,0.0,0.3,-0.003,False,False,0.378,0.007,86.14,1247,56.88,,,,,0,False,False,0.0,False,6.68,5.97,20.0,
11.35,120661,220.412,-1036.902,-0.011,6.369,30.0,1247,-1,50.58,False,-1,True,True,0.0,0.3,-0.002,False,False,0.431,0.006,86.125,1247,56.88,,,,,0,False,False,0.0,False,6.36,6.09,20.0,
11.4,120662,220.433,-1036.587,-0.01,6.288,30.0,1247,-1,50.89,False,-1,True,True,0.0,0.3,-0.001,False,False,0.386,0.002,86.113,1247,56.88,,,,,0,False,False,0.0,False,6.05,6.18,20.0,
11.45,120663,220.459,-1036.275,-0.01,6.247,30.0,1247,-1,51.21,False,-1,True,True,0.0,0.3,-0.064,False,False,0.29,0.105,85.941,1247,60.8,,,,,0,False,False,0.0,False,9.69,6.14,20.0,
11.5,120664,220.483,-1035.971,-0.009,6.032,30.0,1247,-1,51.51,False,-1,True,True,0.0,0.3,-0.004,False,False,0.166,0.105,85.737,1247,60.8,,,,,0,False,False,0.0,False,9.38,6.12,20.0,
11.55,120665,220.506,-1035.675,-0.008,5.913,30.0,1247,-1,51.81,False,-1,True,True,0.0,0.3,0.005,False,False,0.05,0.048,85.683,1247,60.8,,,,,0,False,False,0.0,False,9.09,6.02,20.0,
11.6,120666,220.527,-1035.389,-0.007,5.657,30.0,1247,-1,52.09,False,-1,True,True,0.0,0.3,-0.004,False,False,-0.056,0.023,85.615,1247,60.8,,,,,0,False,False,0.0,False,8.8,5.96,20.0,
11.65,120667,220.549,-1035.112,-0.006,5.515,30.0,1247,-1,52.37,False,-1,True,True,0.0,0.3,-0.002,False,False,-0.136,0.011,85.611,1247,60.8,,,,,0,False,False,0.0,False,8.52,5.83,20.0,
11.7,120668,220.57,-1034.845,-0.005,5.276,30.0,1247,-1,52.64,False,-1,True,True,0.11,0.0,-0.006,False,False,-0.198,0.011,85.553,1247,60.8,,,,,0,False,False,0.0,False,8.25,5.76,20.0,
11.75,120669,220.591,-1034.585,-0.005,5.196,30.0,1247,-1,52.9,False,-1,True,True,0.75,0.0,0.0,False,False,-0.221,0.004,85.551,1247,60.8,,,,,0,False,False,0.0,False,7.99,5.64,20.0,
11.8,120670,220.61,-1034.331,-0.005,5.022,30.0,1247,-1,53.15,False,-1,True,True,0.75,0.0,-0.004,False,False,-0.227,0.004,85.492,1247,60.8,,,,,0,False,False,0.0,False,7.74,5.6,20.0,
11.85,120671,220.63,-1034.078,-0.005,5.094,30.0,1247,-1,53.41,False,-1,True,True,0.75,0.0,0.002,False,False,-0.18,-0.001,85.497,1247,60.8,,,,,0,False,False,0.0,False,7.49,5.51,20.0,
11.9,120672,220.65,-1033.826,-0.006,5.018,30.0,1247,-1,53.66,False,-1,True,True,0.75,0.0,-0.003,False,False,-0.127,0.001,85.455,1247,60.8,,,,,0,False,False,0.0,False,7.23,5.55,20.0,
11.95,120673,220.669,-1033.588,-0.006,4.611,30.0,1247,-1,53.9,False,-1,True,True,0.75,0.0,0.002,False,False,-0.174,-0.001,85.477,1247,60.8,,,,,0,False,False,0.0,False,6.99,5.51,20.0,
12.0,120674,220.686,-1033.369,-0.005,4.308,30.0,1247,-1,54.12,False,-1,True,True,0.75,0.0,-0.003,False,False,-0.267,0.002,85.481,1247,60.8,,,,,0,False,False,0.0,False,6.77,5.31,20.0,
12.05,120675,220.703,-1033.16,-0.005,4.136,30.0,1247,-1,54.33,False,-1,True,True,0.75,0.0,-0.002,False,False,-0.316,0.005,85.473,1247,60.8,,,,,0,False,False,0.0,False,6.56,5.15,20.0,
12.1,120676,220.719,-1032.956,-0.005,4.064,30.0,1247,-1,54.53,False,-1,True,True,0.75,0.0,-0.001,False,False,-0.307,0.004,85.467,1247,60.8,,,,,0,False,False,0.0,False,6.36,5.07,20.0,
12.15,120677,220.736,-1032.754,-0.005,4.061,30.0,1247,-1,54.74,False,-1,True,True,0.75,0.0,-0.001,False,False,-0.25,0.002,85.462,1247,60.8,,,,,0,False,False,0.0,False,6.16,5.03,20.0,
12.2,120678,220.752,-1032.549,-0.006,4.101,30.0,1247,-1,54.94,False,-1,True,True,0.75,0.0,-0.001,False,False,-0.168,0.001,85.459,1247,60.8,,,,,0,False,False,0.0,False,5.95,5.03,20.0,
12.25,120679,220.768,-1032.342,-0.007,4.166,30.0,1247,-1,55.1,False,-1,True,True,0.75,0.0,-0.001,False,False,-0.08,0.001,85.455,1247,60.8,,,,,0,False,False,0.0,False,5.74,5.05,20.0,
12.3,120680,220.785,-1032.131,-0.007,4.248,30.0,1247,-1,55.31,False,-1,True,True,0.75,0.0,-0.001,False,False,0.002,0.0,85.452,1247,60.8,,,,,0,False,False,0.0,False,5.53,5.08,20.0,
12.35,120681,220.802,-1031.916,-0.008,4.34,30.0,1247,-1,55.53,False,-1,True,True,0.75,0.0,-0.0,False,False,0.072,0.0,85.449,1247,60.8,,,,,0,False,False,0.0,False,5.32,5.12,20.0,
12.4,120682,220.82,-1031.696,-0.008,4.438,30.0,1247,-1,55.75,False,-1,True,True,0.75,0.0,-0.0,False,False,0.128,0.0,85.447,1247,60.8,,,,,0,False,False,0.0,False,5.1,5.17,20.0,
12.45,120683,220.841,-1031.473,-0.009,4.531,30.0,1247,-1,55.97,False,-1,True,True,0.75,0.0,-0.078,False,False,0.169,0.096,85.279,1247,64.72,,,,,0,False,False,0.0,False,8.8,5.22,20.0,
12.5,120684,220.864,-1031.244,-0.009,4.635,30.0,1247,-1,56.2,False,-1,True,True,0.75,0.0,-0.008,False,False,0.2,0.105,85.1,1247,64.72,,,,,0,False,False,0.0,False,8.57,5.27,20.0,
12.55,120685,220.885,-1031.01,-0.009,4.741,30.0,1247,-1,56.44,False,-1,True,True,0.75,0.0,-0.001,False,False,0.222,0.055,85.036,1247,64.72,,,,,0,False,False,0.0,False,8.33,5.32,20.0,
12.6,120686,220.907,-1030.77,-0.009,4.846,30.0,1247,-1,56.68,False,-1,True,True,0.75,0.0,-0.008,False,False,0.238,0.029,84.993,1247,64.72,,,,,0,False,False,0.0,False,8.09,5.37,20.0,
12.65,120687,220.929,-1030.526,-0.009,4.951,30.0,1247,-1,56.92,False,-1,True,True,0.75,0.0,-0.008,False,False,0.249,0.019,84.946,1247,64.72,,,,,0,False,False,0.0,False,7.84,5.42,20.0,
12.7,120688,220.952,-1030.276,-0.009,5.056,30.0,1247,-1,57.17,False,-1,True,True,0.75,0.0,-0.006,False,False,0.255,0.012,84.903,1247,64.72,,,,,0,False,False,0.0,False,7.59,5.48,20.0,
12.75,120689,220.976,-1030.021,-0.009,5.166,30.0,1247,-1,57.43,False,-1,True,True,0.75,0.0,-0.005,False,False,0.26,0.006,84.868,1247,64.72,,,,,0,False,False,0.0,False,7.34,5.53,20.0,
12.8,120690,221.0,-1029.762,-0.009,5.219,30.0,1247,-1,57.69,False,-1,True,True,0.75,0.0,-0.004,False,False,0.257,0.003,84.836,1247,64.72,,,,,0,False,False,0.0,False,7.08,5.58,20.0,
12.85,120691,221.024,-1029.497,-0.009,5.348,30.0,1247,-1,57.96,False,-1,True,True,0.75,0.0,-0.003,False,False,0.254,0.001,84.825,1247,64.72,,,,,0,False,False,0.0,False,6.81,5.61,20.0,
12.9,120692,221.048,-1029.234,-0.009,5.255,30.0,1247,-1,58.22,False,-1,True,True,0.75,0.0,-0.004,False,False,0.211,0.003,84.768,1247,64.72,,,,,0,False,False,0.0,False,6.55,5.67,20.0,
12.95,120693,221.073,-1028.971,-0.008,5.32,30.0,1247,-1,58.48,False,-1,True,True,0.75,0.0,0.001,False,False,0.172,-0.003,84.773,1247,64.72,,,,,0,False,False,0.0,False,6.28,5.63,20.0,
13.0,120694,221.097,-1028.708,-0.008,5.261,30.0,1247,-1,58.75,False,-1,True,True,0.75,0.0,-0.004,False,False,0.137,-0.0,84.723,1247,64.72,,,,,0,False,False,0.0,False,6.02,5.66,20.0,
13.05,120695,221.121,-1028.444,-0.008,5.352,30.0,1247,-1,59.01,False,-1,True,True,0.75,0.0,0.001,False,False,0.123,-0.004,84.733,1247,64.72,,,,,0,False,False,0.0,False,5.75,5.63,20.0,
13.1,120696,221.145,-1028.18,-0.008,5.276,30.0,1247,-1,59.28,False,-1,True,True,0.75,0.0,-0.003,False,False,0.104,0.0,84.69,1247,64.72,,,,,0,False,False,0.0,False,5.49,5.68,20.0,
13.15,120697,221.172,-1027.916,-0.008,5.34,30.0,1247,-1,59.54,False,-1,True,True,0.75,0.0,-0.04,False,False,0.093,0.059,84.61,1247,68.64,,,,,0,False,False,0.0,False,9.15,5.64,20.0,
13.2,120698,221.2,-1027.639,-0.009,5.711,30.0,1247,-1,59.82,False,-1,True,True,0.75,0.0,-0.006,False,False,0.178,0.064,84.452,1247,68.64,,,,,0,False,False,0.0,False,8.87,5.67,20.0,
13.25,120699,221.229,-1027.339,-0.01,6.159,30.0,1247,-1,60.12,False,-1,True,True,0.0,0.3,0.005,False,False,0.335,0.028,84.396,1247,68.64,,,,,0,False,False,0.0,False,8.57,5.86,20.0,
13.3,120700,221.26,-1027.027,-0.011,6.287,30.0,1247,-1,60.44,False,-1,True,True,0.0,0.3,-0.001,False,False,0.42,0.011,84.377,1247,68.64,,,,,0,False,False,0.0,False,8.25,6.08,20.0,
13.35,120701,221.291,-1026.711,-0.011,6.402,30.0,1247,-1,60.75,False,-1,True,True,0.0,0.3,-0.003,False,False,0.421,0.011,84.356,1247,68.64,,,,,0,False,False,0.0,False,7.93,6.14,20.0,
13.4,120702,221.322,-1026.396,-0.01,6.275,30.0,1247,-1,61.07,False,-1,True,True,0.0,0.3,-0.002,False,False,0.342,0.011,84.329,1247,68.64,,,,,0,False,False,0.0,False,7.62,6.2,20.0,
13.45,120703,221.353,-1026.087,-0.009,6.199,30.0,1247,-1,61.38,False,-1,True,True,0.0,0.3,-0.001,False,False,0.231,0.008,84.333,1247,68.64,,,,,0,False,False,0.0,False,7.31,6.14,20.0,
13.5,120704,221.383,-1025.786,-0.008,5.971,30.0,1247,-1,61.68,False,-1,True,True,0.0,0.3,-0.003,False,False,0.104,0.01,84.294,1247,68.64,,,,,0,False,False,0.0,False,7.01,6.1,20.0,
13.55,120705,221.413,-1025.494,-0.007,5.844,30.0,1247,-1,61.98,False,-1,True,True,0.0,0.3,0.001,False,False,-0.004,0.005,84.309,1247,68.64,,,,,0,False,False,0.0,False,6.71,5.99,20.0,
13.6,120706,221.441,-1025.212,-0.006,5.583,30.0,1247,-1,62.26,False,-1,True,True,0.0,0.3,-0.003,False,False,-0.101,0.007,84.274,1247,68.64,,,,,0,False,False,0.0,False,6.43,5.92,20.0,
13.65,120707,221.469,-1024.939,-0.006,5.46,30.0,1247,-1,62.54,False,-1,True,True,0.0,0.138,0.001,False,False,-0.167,0.002,84.294,1247,68.64,,,,,0,False,False,0.0,False,6.15,5.79,20.0,
13.7,120708,221.495,-1024.674,-0.005,5.234,30.0,1247,-1,62.8,False,-1,True,True,0.306,0.0,-0.003,False,False,-0.211,0.003,84.254,1247,68.64,,,,,0,False,False,0.0,False,5.89,5.73,20.0,
13.75,120709,221.521,-1024.416,-0.005,5.164,30.0,1247,-1,63.06,False,-1,True,True,0.75,0.0,0.002,False,False,-0.223,-0.002,84.271,1247,68.64,,,,,0,False,False,0.0,False,5.63,5.62,20.0,
13.8,120710,221.546,-1024.162,-0.005,5.07,30.0,1247,-1,63.32,False,-1,True,True,0.75,0.0,-0.002,False,False,-0.204,0.0,84.242,1247,68.64,,,,,0,False,False,0.0,False,5.37,5.58,20.0,
13.85,120711,221.573,-1023.908,-0.006,5.137,30.0,1247,-1,63.57,False,-1,True,True,0.75,0.0,-0.021,False,False,-0.146,0.034,84.212,1247,72.57,,,,,0,False,False,0.0,False,9.04,5.54,20.0,
13.9,120712,221.599,-1023.66,-0.006,4.82,30.0,1247,-1,63.82,False,-1,True,True,0.75,0.0,-0.004,False,False,-0.143,0.036,84.128,1247,72.57,,,,,0,False,False,0.0,False,8.79,5.57,20.0,
13.95,120713,221.623,-1023.433,-0.005,4.453,30.0,1247,-1,64.05,False,-1,True,True,0.75,0.0,0.002,False,False,-0.234,0.017,84.081,1247,72.57,,,,,0,False,False,0.0,False,8.56,5.41,20.0,
14.0,120714,221.645,-1023.219,-0.005,4.227,30.0,1247,-1,64.26,False,-1,True,True,0.75,0.0,0.001,False,False,-0.307,0.005,84.073,1247,72.57,,,,,0,False,False,0.0,False,8.35,5.23,20.0,
14.05,120715,221.666,-1023.013,-0.005,4.116,30.0,1247,-1,64.47,False,-1,True,True,0.75,0.0,-0.001,False,False,-0.322,0.002,84.068,1247,72.57,,,,,0,False,False,0.0,False,8.14,5.11,20.0,
14.1,120716,221.688,-1022.809,-0.005,4.085,30.0,1247,-1,64.68,False,-1,True,True,0.75,0.0,-0.001,False,False,-0.282,0.002,84.061,1247,72.57,,,,,0,False,False,0.0,False,7.94,5.06,20.0,
14.15,120717,221.709,-1022.605,-0.005,4.108,30.0,1247,-1,64.88,False,-1,True,True,0.75,0.0,-0.001,False,False,-0.208,0.002,84.054,1247,72.57,,,,,0,False,False,0.0,False,7.73,5.04,20.0,
14.2,120718,221.731,-1022.398,-0.006,4.164,30.0,1247,-1,65.09,False,-1,True,True,0.75,0.0,-0.001,False,False,-0.12,0.001,84.049,1247,72.57,,,,,0,False,False,0.0,False,7.52,5.05,20.0,
14.25,120719,221.753,-1022.188,-0.007,4.239,30.0,1247,-1,65.3,False,-1,True,True,0.75,0.0,-0.001,False,False,-0.034,0.001,84.045,1247,72.57,,,,,0,False,False,0.0,False,7.31,5.08,20.0,
14.3,120720,221.775,-1021.974,-0.008,4.327,30.0,1247,-1,65.52,False,-1,True,True,0.75,0.0,-0.001,False,False,0.042,0.001,84.04,1247,72.57,,,,,0,False,False,0.0,False,7.1,5.12,20.0,
14.35,120721,221.798,-1021.755,-0.008,4.422,30.0,1247,-1,65.74,False,-1,True,True,0.75,0.0,-0.001,False,False,0.105,0.0,84.037,1247,72.57,,,,,0,False,False,0.0,False,6.88,5.16,20.0,
14.4,120722,221.821,-1021.532,-0.009,4.522,30.0,1247,-1,65.96,False,-1,True,True,0.75,0.0,-0.0,False,False,0.153,0.0,84.034,1247,72.57,,,,,0,False,False,0.0,False,6.65,5.21,20.0,
14.45,120723,221.845,-1021.304,-0.009,4.624,30.0,1247,-1,66.19,False,-1,True,True,0.75,0.0,-0.0,False,False,0.189,0.0,84.031,1247,72.57,,,,,0,False,False,0.0,False,6.42,5.26,20.0,
14.5,120724,221.87,-1021.071,-0.009,4.728,30.0,1247,-1,66.42,False,-1,True,True,0.75,0.0,-0.0,False,False,0.215,0.0,84.029,1247,72.57,,,,,0,False,False,0.0,False,6.19,5.31,20.0,
14.55,120725,221.895,-1020.832,-0.009,4.832,30.0,1247,-1,66.66,False,-1,True,True,0.75,0.0,-0.0,False,False,0.233,0.0,84.027,1247,72.57,,,,,0,False,False,0.0,False,5.95,5.36,20.0,
14.6,120726,221.92,-1020.589,-0.009,4.936,30.0,1247,-1,66.91,False,-1,True,True,0.75,0.0,-0.0,False,False,0.245,-0.0,84.025,1247,72.57,,,,,0,False,False,0.0,False,5.7,5.42,20.0,
14.65,120727,221.946,-1020.34,-0.009,5.04,30.0,1247,-1,67.16,False,-1,True,True,0.75,0.0,-0.0,False,False,0.253,-0.0,84.023,1247,72.57,,,,,0,False,False,0.0,False,5.45,5.47,20.0,
14.7,120728,221.974,-1020.087,-0.009,5.141,30.0,1247,-1,67.41,False,-1,True,True,0.75,0.0,-0.013,False,False,0.257,0.026,83.977,1247,76.49,,,,,0,False,False,0.0,False,9.12,5.52,20.0,
14.75,120729,222.002,-1019.829,-0.009,5.21,30.0,1247,-1,67.67,False,-1,True,True,0.75,0.0,0.0,False,False,0.254,0.018,83.968,1247,76.49,,,,,0,False,False,0.0,False,8.86,5.57,20.0,
14.8,120730,222.029,-1019.571,-0.009,5.181,30.0,1247,-1,67.93,False,-1,True,True,0.75,0.0,-0.002,False,False,0.217,0.011,83.908,1247,76.49,,,,,0,False,False,0.0,False,8.6,5.61,20.0,
14.85,120731,222.056,-1019.314,-0.008,5.17,30.0,1247,-1,68.19,False,-1,True,True,0.75,0.0,0.003,False,False,0.171,-0.001,83.948,1247,76.49,,,,,0,False,False,0.0,False,8.34,5.59,20.0,
14.9,120732,222.084,-1019.057,-0.008,5.175,30.0,1247,-1,68.45,False,-1,True,True,0.75,0.0,-0.005,False,False,0.137,0.003,83.897,1247,76.49,,,,,0,False,False,0.0,False,8.08,5.59,20.0,
14.95,120733,222.111,-1018.8,-0.008,5.196,30.0,1247,-1,68.71,False,-1,True,True,0.75,0.0,0.003,False,False,0.118,-0.002,83.937,1247,76.49,,,,,0,False,False,0.0,False,7.83,5.59,20.0,
15.0,120734,222.139,-1018.541,-0.008,5.211,30.0,1247,-1,68.97,False,-1,True,True,0.75,0.0,-0.004,False,False,0.109,0.003,83.885,1247,76.49,,,,,0,False,False,0.0,False,7.57,5.6,20.0,
15.05,120735,222.167,-1018.282,-0.008,5.208,30.0,1247,-1,69.23,False,-1,True,True,0.75,0.0,0.004,False,False,0.098,-0.003,83.925,1247,76.49,,,,,0,False,False,0.0,False,7.3,5.61,20.0,
15.1,120736,222.194,-1018.022,-0.008,5.247,30.0,1247,-1,69.49,False,-1,True,True,0.75,0.0,-0.004,False,False,0.092,0.003,83.881,1247,76.49,,,,,0,False,False,0.0,False,7.04,5.6,20.0,
15.15,120737,222.224,-1017.745,-0.009,5.745,30.0,1247,-1,69.77,False,-1,True,True,0.75,0.0,0.003,False,False,0.213,-0.003,83.869,1247,76.49,,,,,0,False,False,0.0,False,6.77,5.62,20.0,
15.2,120738,222.255,-1017.446,-0.01,6.112,30.0,1247,-1,70.07,False,-1,True,True,0.0,0.3,0.001,False,False,0.367,-0.004,83.85,1247,76.49,,,,,0,False,False,0.0,False,6.46,5.87,20.0,
15.25,120739,222.289,-1017.135,-0.011,6.304,30.0,1247,-1,70.38,False,-1,True,True,0.0,0.3,0.002,False,False,0.448,-0.006,83.873,1247,76.49,,,,,0,False,False,0.0,False,6.15,6.06,20.0,
15.3,120740,222.322,-1016.821,-0.011,6.329,30.0,1247,-1,70.7,False,-1,True,True,0.0,0.3,-0.001,False,False,0.433,0.001,83.849,1247,76.49,,,,,0,False,False,0.0,False,5.84,6.15,20.0,
15.35,120741,222.36,-1016.51,-0.01,6.224,30.0,1247,-1,71.01,False,-1,True,True,0.0,0.3,-0.101,False,False,0.338,0.12,83.702,1247,80.41,,,,,0,False,False,0.0,False,9.8,6.16,20.0,
15.4,120742,222.399,-1016.207,-0.009,6.091,30.0,1247,-1,71.32,False,-1,True,True,0.0,0.3,-0.047,False,False,0.214,0.201,83.33,1247,80.41,,,,,0,False,False,0.0,False,9.49,6.11,20.0,
15.45,120743,222.437,-1015.91,-0.008,5.93,30.0,1247,-1,71.62,False,-1,True,True,0.0,0.3,-0.018,False,False,0.092,0.167,83.102,1247,80.41,,,,,0,False,False,0.0,False,9.19,6.05,20.0,
15.5,120744,222.474,-1015.623,-0.007,5.747,30.0,1247,-1,71.91,False,-1,True,True,0.0,0.3,-0.021,False,False,-0.015,0.127,82.863,1247,80.41,,,,,0,False,False,0.0,False,8.9,5.96,20.0,
15.55,120745,222.511,-1015.344,-0.006,5.553,30.0,1247,-1,72.19,False,-1,True,True,0.0,0.3,-0.013,False,False,-0.103,0.089,82.748,1247,80.41,,,,,0,False,False,0.0,False,8.62,5.87,20.0,
15.6,120746,222.547,-1015.075,-0.006,5.379,30.0,1247,-1,72.46,False,-1,True,True,0.0,0.026,-0.017,False,False,-0.167,0.071,82.577,1247,80.41,,,,,0,False,False,0.0,False,8.35,5.78,20.0,
15.65,120747,222.583,-1014.814,-0.005,5.228,30.0,1247,-1,72.72,False,-1,True,True,0.601,0.0,-0.008,False,False,-0.202,0.049,82.514,1247,80.41,,,,,0,False,False,0.0,False,8.08,5.69,20.0,
15.7,120748,222.617,-1014.559,-0.005,5.092,30.0,1247,-1,72.98,False,-1,True,True,0.75,0.0,-0.014,False,False,-0.216,0.04,82.382,1247,80.41,,,,,0,False,False,0.0,False,7.83,5.61,20.0,
15.75,120749,222.652,-1014.306,-0.005,5.09,30.0,1247,-1,73.23,False,-1,True,True,0.75,0.0,-0.005,False,False,-0.186,0.027,82.369,1247,80.41,,,,,0,False,False,0.0,False,7.57,5.55,20.0,
15.8,120750,222.687,-1014.054,-0.006,5.087,30.0,1247,-1,73.49,False,-1,True,True,0.75,0.0,-0.012,False,False,-0.132,0.026,82.266,1247,80.41,,,,,0,False,False,0.0,False,7.32,5.55,20.0,
15.85,120751,222.721,-1013.812,-0.006,4.714,30.0,1247,-1,73.73,False,-1,True,True,0.75,0.0,-0.003,False,False,-0.156,0.017,82.217,1247,80.41,,,,,0,False,False,0.0,False,7.07,5.54,20.0,
15.9,120752,222.751,-1013.59,-0.005,4.371,30.0,1247,-1,73.96,False,-1,True,True,0.75,0.0,-0.005,False,False,-0.254,0.01,82.167,1247,80.41,,,,,0,False,False,0.0,False,6.85,5.36,20.0,
15.95,120753,222.781,-1013.38,-0.005,4.167,30.0,1247,-1,74.17,False,-1,True,True,0.75,0.0,-0.003,False,False,-0.319,0.005,82.14,1247,80.41,,,,,0,False,False,0.0,False,6.64,5.19,20.0,
16.0,120754,222.809,-1013.177,-0.005,4.071,30.0,1247,-1,74.37,False,-1,True,True,0.75,0.0,-0.004,False,False,-0.323,0.004,82.119,1247,80.41,,,,,0,False,False,0.0,False,6.43,5.08,20.0,
16.05,120755,222.837,-1012.976,-0.005,4.052,30.0,1247,-1,74.58,False,-1,True,True,0.75,0.0,-0.003,False,False,-0.275,0.003,82.1,1247,80.41,,,,,0,False,False,0.0,False,6.23,5.04,20.0,
16.1,120756,222.866,-1012.774,-0.006,4.082,30.0,1247,-1,74.78,False,-1,True,True,0.75,0.0,-0.003,False,False,-0.196,0.003,82.083,1247,80.41,,,,,0,False,False,0.0,False,6.03,5.03,20.0,
16.15,120757,222.894,-1012.569,-0.006,4.142,30.0,1247,-1,74.99,False,-1,True,True,0.75,0.0,-0.002,False,False,-0.107,0.002,82.069,1247,80.41,,,,,0,False,False,0.0,False,5.82,5.04,20.0,
16.2,120758,222.924,-1012.361,-0.007,4.221,30.0,1247,-1,75.2,False,-1,True,True,0.75,0.0,-0.002,False,False,-0.021,0.001,82.056,1247,80.41,,,,,0,False,False,0.0,False,5.61,5.07,20.0,
16.25,120759,222.954,-1012.149,-0.008,4.31,30.0,1247,-1,75.41,False,-1,True,True,0.75,0.0,-0.002,False,False,0.054,0.001,82.045,1247,80.41,,,,,0,False,False,0.0,False,5.39,5.11,20.0,
16.3,120760,222.984,-1011.932,-0.008,4.407,30.0,1247,-1,75.63,False,-1,True,True,0.75,0.0,-0.002,False,False,0.114,0.0,82.035,1247,80.41,,,,,0,False,False,0.0,False,5.18,5.16,20.0,
16.35,120761,223.019,-1011.711,-0.009,4.496,30.0,1247,-1,75.85,False,-1,True,True,0.75,0.0,-0.102,False,False,0.158,0.108,81.845,1247,84.33,,,,,0,False,False,0.0,False,8.92,5.2,20.0,
16.4,120762,223.064,-1011.489,-0.009,4.571,30.0,1247,-1,76.08,False,-1,True,True,0.75,0.0,-0.202,False,False,0.182,0.354,81.219,1247,84.33,,,,,0,False,False,0.0,False,8.69,5.25,20.0,
16.45,120763,223.116,-1011.264,-0.009,4.674,30.0,1247,-1,76.31,False,-1,True,True,0.75,0.0,-0.156,False,False,0.199,0.513,80.359,1247,84.33,,,,,0,False,False,0.0,False,8.46,5.29,20.0,
16.5,120764,223.17,-1011.033,-0.009,4.784,30.0,1247,-1,76.54,False,-1,True,True,0.75,0.0,-0.11,False,False,0.217,0.496,79.59,1247,84.33,,,,,0,False,False,0.0,False,8.23,5.34,20.0,
16.55,120765,223.226,-1010.798,-0.009,4.894,30.0,1247,-1,76.78,False,-1,True,True,0.75,0.0,-0.091,False,False,0.233,0.41,78.948,1247,84.33,,,,,0,False,False,0.0,False,7.98,5.39,20.0,
16.6,120766,223.285,-1010.557,-0.009,5.002,30.0,1247,-1,77.03,False,-1,True,True,0.75,0.0,-0.079,False,False,0.244,0.321,78.393,1247,84.33,,,,,0,False,False,0.0,False,7.74,5.45,20.0,
16.65,120767,223.345,-1010.311,-0.009,5.108,30.0,1247,-1,77.28,False,-1,True,True,0.75,0.0,-0.067,False,False,0.253,0.236,77.911,1247,84.33,,,,,0,False,False,0.0,False,7.48,5.5,20.0,
16.7,120768,223.408,-1010.06,-0.009,5.24,30.0,1247,-1,77.54,False,-1,True,True,0.75,0.0,-0.057,False,False,0.26,0.17,77.495,1247,84.33,,,,,0,False,False,0.0,False,7.23,5.55,20.0,
16.75,120769,223.472,-1009.805,-0.009,5.275,30.0,1247,-1,77.8,False,-1,True,True,0.75,0.0,-0.048,False,False,0.256,0.12,77.128,1247,84.33,,,,,0,False,False,0.0,False,6.96,5.62,20.0,
16.8,120770,223.538,-1009.546,-0.009,5.384,30.0,1247,-1,78.06,False,-1,True,True,0.75,0.0,-0.039,False,False,0.25,0.082,76.797,1247,84.33,,,,,0,False,False,0.0,False,6.69,5.64,20.0,
16.85,120771,223.603,-1009.288,-0.009,5.295,30.0,1247,-1,78.32,False,-1,True,True,0.674,0.0,-0.031,False,False,0.205,0.051,76.559,1247,84.33,,,,,0,False,False,0.0,False,6.43,5.69,20.0,
16.9,120772,223.669,-1009.03,-0.008,5.356,30.0,1247,-1,78.59,False,-1,True,True,0.75,0.0,-0.03,False,False,0.165,0.037,76.305,1247,84.33,,,,,0,False,False,0.0,False,6.16,5.65,20.0,
16.95,120773,223.735,-1008.773,-0.008,5.296,30.0,1247,-1,78.85,False,-1,True,True,0.75,0.0,-0.02,False,False,0.13,0.022,76.147,1247,84.33,,,,,0,False,False,0.0,False,5.9,5.68,20.0,
17.0,120774,223.802,-1008.514,-0.008,5.382,30.0,1247,-1,79.0,False,-1,True,True,0.75,0.0,-0.022,False,False,0.117,0.018,75.962,1247,84.33,,,,,0,False,False,0.0,False,5.63,5.65,20.0,
17.05,120775,223.873,-1008.258,-0.008,5.295,30.0,1247,-1,79.27,False,-1,True,True,0.654,0.0,-0.122,False,False,0.096,0.127,75.68,1247,88.26,,,,,0,False,False,0.0,False,9.26,5.69,20.0,
17.1,120776,223.949,-1008.003,-0.008,5.354,30.0,1247,-1,79.54,False,-1,True,True,0.75,0.0,-0.117,False,False,0.082,0.279,75.083,1247,88.26,,,,,0,False,False,0.0,False,9.0,5.65,20.0,
17.15,120777,224.031,-1007.736,-0.009,5.724,30.0,1247,-1,79.82,False,-1,True,True,0.748,0.0,-0.074,False,False,0.166,0.323,74.52,1247,88.26,,,,,0,False,False,0.0,False,8.72,5.68,20.0,
17.2,120778,224.121,-1007.448,-0.01,6.17,30.0,1247,-1,80.0,False,-1,True,True,0.0,0.3,-0.058,False,False,0.324,0.301,73.978,1247,88.26,,,,,0,False,False,0.0,False,8.42,5.86,20.0,
17.25,120779,224.214,-1007.149,-0.011,6.297,30.0,1247,-1,80.3,False,-1,True,True,0.0,0.3,-0.042,False,False,0.41,0.242,73.521,1247,88.26,,,,,0,False,False,0.0,False,8.1,6.08,20.0,
17.3,120780,224.31,-1006.845,-0.011,6.41,30.0,1247,-1,80.62,False,-1,True,True,0.0,0.3,-0.033,False,False,0.413,0.179,73.16,1247,88.26,,,,,0,False,False,0.0,False,7.78,6.15,20.0,
17.35,120781,224.406,-1006.544,-0.01,6.274,30.0,1247,-1,80.93,False,-1,True,True,0.0,0.3,-0.029,False,False,0.334,0.132,72.855,1247,88.26,,,,,0,False,False,0.0,False,7.47,6.2,20.0,
17.4,120782,224.501,-1006.249,-0.009,6.196,30.0,1247,-1,81.19,False,-1,True,True,0.0,0.3,-0.023,False,False,0.222,0.096,72.641,1247,88.26,,,,,0,False,False,0.0,False,7.16,6.14,20.0,
17.45,120783,224.594,-1005.962,-0.008,5.969,30.0,1247,-1,81.49,False,-1,True,True,0.0,0.3,-0.022,False,False,0.097,0.075,72.416,1247,88.26,,,,,0,False,False,0.0,False,6.86,6.1,20.0,
17.5,120784,224.685,-1005.682,-0.007,5.844,30.0,1247,-1,81.78,False,-1,True,True,0.0,0.3,-0.014,False,False,-0.009,0.053,72.279,1247,88.26,,,,,0,False,False,0.0,False,6.56,5.98,20.0,
17.55,120785,224.773,-1005.413,-0.006,5.583,30.0,1247,-1,82.0,False,-1,True,True,0.0,0.3,-0.016,False,False,-0.104,0.041,72.12,1247,88.26,,,,,0,False,False,0.0,False,6.28,5.92,20.0,
17.6,120786,224.859,-1005.152,-0.006,5.461,30.0,1247,-1,82.27,False,-1,True,True,0.0,0.138,-0.009,False,False,-0.168,0.027,72.039,1247,88.26,,,,,0,False,False,0.0,False,6.0,5.79,20.0,
17.65,120787,224.942,-1004.899,-0.005,5.236,30.0,1247,-1,82.53,False,-1,True,True,0.301,0.0,-0.012,False,False,-0.212,0.022,71.917,1247,88.26,,,,,0,False,False,0.0,False,5.74,5.73,20.0,
17.7,120788,225.024,-1004.653,-0.005,5.167,30.0,1247,-1,82.79,False,-1,True,True,0.75,0.0,-0.005,False,False,-0.223,0.013,71.867,1247,88.26,,,,,0,False,False,0.0,False,5.48,5.62,20.0,
17.75,120789,225.107,-1004.412,-0.005,5.064,30.0,1247,-1,83.05,False,-1,True,True,0.75,0.0,-0.105,False,False,-0.206,0.112,71.633,1247,92.18,,,,,0,False,False,0.0,False,9.16,5.58,20.0,
17.8,120790,225.193,-1004.171,-0.006,5.129,30.0,1247,-1,83.3,False,-1,True,True,0.75,0.0,-0.057,False,False,-0.15,0.187,71.311,1247,92.18,,,,,0,False,False,0.0,False,8.9,5.53,20.0,
17.85,120791,225.277,-1003.938,-0.006,4.814,30.0,1247,-1,83.55,False,-1,True,True,0.75,0.0,-0.039,False,False,-0.147,0.173,70.976,1247,92.18,,,,,0,False,False,0.0,False,8.65,5.56,20.0,
17.9,120792,225.355,-1003.723,-0.005,4.448,30.0,1247,-1,83.78,False,-1,True,True,0.75,0.0,-0.027,False,False,-0.237,0.128,70.733,1247,92.18,,,,,0,False,False,0.0,False,8.43,5.41,20.0,
17.95,120793,225.428,-1003.521,-0.005,4.224,30.0,1247,-1,83.99,False,-1,True,True,0.75,0.0,-0.026,False,False,-0.308,0.091,70.568,1247,92.18,,,,,0,False,False,0.0,False,8.21,5.22,20.0,
18.0,120794,225.5,-1003.327,-0.005,4.113,30.0,1247,-1,84.2,False,-1,True,True,0.75,0.0,-0.026,False,False,-0.322,0.068,70.428,1247,92.18,,,,,0,False,False,0.0,False,8.0,5.11,20.0,
18.05,120795,225.571,-1003.135,-0.005,4.083,30.0,1247,-1,84.4,False,-1,True,True,0.75,0.0,-0.023,False,False,-0.282,0.052,70.301,1247,92.18,,,,,0,False,False,0.0,False,7.8,5.06,20.0,
18.1,120796,225.642,-1002.942,-0.005,4.106,30.0,1247,-1,84.61,False,-1,True,True,0.75,0.0,-0.019,False,False,-0.207,0.037,70.19,1247,92.18,,,,,0,False,False,0.0,False,7.59,5.04,20.0,
18.15,120797,225.715,-1002.748,-0.006,4.162,30.0,1247,-1,84.82,False,-1,True,True,0.75,0.0,-0.017,False,False,-0.119,0.026,70.093,1247,92.18,,,,,0,False,False,0.0,False,7.39,5.05,20.0,
18.2,120798,225.788,-1002.55,-0.007,4.238,30.0,1247,-1,85.03,False,-1,True,True,0.75,0.0,-0.014,False,False,-0.033,0.017,70.007,1247,92.18,,,,,0,False,False,0.0,False,7.17,5.08,20.0,
18.25,120799,225.863,-1002.348,-0.008,4.325,30.0,1247,-1,85.24,False,-1,True,True,0.75,0.0,-0.012,False,False,0.043,0.011,69.931,1247,92.18,,,,,0,False,False,0.0,False,6.96,5.12,20.0,
18.3,120800,225.94,-1002.142,-0.008,4.421,30.0,1247,-1,85.46,False,-1,True,True,0.75,0.0,-0.01,False,False,0.105,0.007,69.865,1247,92.18,,,,,0,False,False,0.0,False,6.74,5.16,20.0,
18.35,120801,226.019,-1001.932,-0.009,4.521,30.0,1247,-1,85.69,False,-1,True,True,0.75,0.0,-0.009,False,False,0.154,0.004,69.808,1247,92.18,,,,,0,False,False,0.0,False,6.52,5.21,20.0,
18.4,120802,226.099,-1001.717,-0.009,4.623,30.0,1247,-1,85.91,False,-1,True,True,0.75,0.0,-0.007,False,False,0.19,0.002,69.758,1247,92.18,,,,,0,False,False,0.0,False,6.29,5.26,20.0,
18.45,120803,226.181,-1001.497,-0.009,4.727,30.0,1247,-1,86.15,False,-1,True,True,0.75,0.0,-0.006,False,False,0.215,0.001,69.715,1247,92.18,,,,,0,False,False,0.0,False,6.05,5.31,20.0,
18.5,120804,226.265,-1001.273,-0.009,4.831,30.0,1247,-1,86.39,False,-1,True,True,0.75,0.0,-0.005,False,False,0.233,0.0,69.678,1247,92.18,,,,,0,False,False,0.0,False,5.81,5.36,20.0,
18.55,120805,226.35,-1001.044,-0.009,4.935,30.0,1247,-1,86.63,False,-1,True,True,0.75,0.0,-0.004,False,False,0.245,-0.0,69.646,1247,92.18,,,,,0,False,False,0.0,False,5.57,5.42,20.0,
18.6,120806,226.438,-1000.809,-0.009,5.039,30.0,1247,-1,86.88,False,-1,True,True,0.75,0.0,-0.004,False,False,0.253,-0.0,69.618,1247,92.18,,,,,0,False,False,0.0,False,5.32,5.47,20.0,
18.65,120807,226.531,-1000.572,-0.009,5.127,30.0,1247,-1,87.14,False,-1,True,True,0.75,0.0,-0.104,False,False,0.254,0.131,69.388,1247,96.1,,,,,0,False,False,0.0,False,9.4,5.52,20.0,
18.7,120808,226.634,-1000.336,-0.009,5.178,30.0,1247,-1,87.39,False,-1,True,True,0.75,0.0,-0.151,False,False,0.242,0.37,68.765,1247,96.1,,,,,0,False,False,0.0,False,9.15,5.56,20.0,
18.75,120809,226.738,-1000.1,-0.009,5.153,30.0,1247,-1,87.65,False,-1,True,True,0.75,0.0,-0.1,False,False,0.203,0.421,68.006,1247,96.1,,,,,0,False,False,0.0,False,8.89,5.59,20.0,
18.8,120810,226.843,-999.866,-0.008,5.146,30.0,1247,-1,87.91,False,-1,True,True,0.75,0.0,-0.066,False,False,0.16,0.349,67.456,1247,96.1,,,,,0,False,False,0.0,False,8.63,5.58,20.0,
18.85,120811,226.948,-999.632,-0.008,5.15,30.0,1247,-1,88.17,False,-1,True,True,0.75,0.0,-0.063,False,False,0.128,0.275,66.918,1247,96.1,,,,,0,False,False,0.0,False,8.38,5.57,20.0,
18.9,120812,227.055,-999.397,-0.008,5.174,30.0,1247,-1,88.42,False,-1,True,True,0.75,0.0,-0.047,False,False,0.112,0.205,66.547,1247,96.1,,,,,0,False,False,0.0,False,8.12,5.57,20.0,
18.95,120813,227.164,-999.162,-0.008,5.198,30.0,1247,-1,88.68,False,-1,True,True,0.75,0.0,-0.046,False,False,0.107,0.16,66.151,1247,96.1,,,,,0,False,False,0.0,False,7.86,5.59,20.0,
19.0,120814,227.273,-998.926,-0.008,5.195,30.0,1247,-1,88.94,False,-1,True,True,0.75,0.0,-0.032,False,False,0.098,0.114,65.906,1247,96.1,,,,,0,False,False,0.0,False,7.6,5.6,20.0,
19.05,120815,227.383,-998.691,-0.008,5.19,30.0,1247,-1,89.2,False,-1,True,True,0.75,0.0,-0.034,False,False,0.088,0.089,65.615,1247,96.1,,,,,0,False,False,0.0,False,7.34,5.6,20.0,
19.1,120816,227.5,-998.444,-0.009,5.644,30.0,1247,-1,89.47,False,-1,True,True,0.75,0.0,-0.022,False,False,0.181,0.068,65.467,1247,96.1,,,,,0,False,False,0.0,False,7.07,5.6,20.0,
19.15,120817,227.626,-998.177,-0.01,6.031,30.0,1247,-1,89.77,False,-1,True,True,0.0,0.288,-0.026,False,False,0.339,0.068,65.26,1247,96.1,,,,,0,False,False,0.0,False,6.77,5.82,20.0,
19.2,120818,227.759,-997.897,-0.011,6.241,30.0,1247,-1,90.08,False,-1,True,True,0.0,0.3,-0.015,False,False,0.433,0.052,65.103,1247,96.1,,,,,0,False,False,0.0,False,6.46,6.02,20.0,
19.25,120819,227.893,-997.613,-0.011,6.281,30.0,1247,-1,90.39,False,-1,True,True,0.0,0.3,-0.014,False,False,0.43,0.037,64.939,1247,96.1,,,,,0,False,False,0.0,False,6.15,6.12,20.0,
19.3,120820,228.026,-997.332,-0.01,6.194,30.0,1247,-1,90.7,False,-1,True,True,0.0,0.3,-0.008,False,False,0.345,0.02,64.868,1247,96.1,,,,,0,False,False,0.0,False,5.84,6.14,20.0,
19.35,120821,228.16,-997.059,-0.009,6.054,30.0,1247,-1,91.01,False,-1,True,True,0.0,0.3,-0.108,False,False,0.223,0.122,64.579,1247,100.02,,,,,0,False,False,0.0,False,9.6,6.1,20.0,
19.4,120822,228.299,-996.798,-0.008,5.856,30.0,1247,-1,91.3,False,-1,True,True,0.0,0.3,-0.208,False,False,0.09,0.378,63.932,1247,100.02,,,,,0,False,False,0.0,False,9.31,6.03,20.0,
19.45,120823,228.442,-996.553,-0.007,5.63,30.0,1247,-1,91.58,False,-1,True,True,0.0,0.3,-0.3,False,False,-0.04,0.69,62.705,1247,100.02,,,,,0,False,False,0.0,False,9.02,5.93,20.0,
19.5,120824,228.587,-996.321,-0.006,5.428,30.0,1247,-1,91.85,False,-1,True,True,0.0,0.294,-0.219,False,False,-0.143,0.82,61.325,1247,100.02,,,,,0,False,False,0.0,False,8.75,5.82,20.0,
19.55,120825,228.73,-996.098,-0.005,5.267,30.0,1247,-1,92.12,False,-1,True,True,0.433,0.0,-0.162,False,False,-0.204,0.74,60.002,1247,100.02,,,,,0,False,False,0.0,False,8.49,5.71,20.0,
19.6,120826,228.872,-995.882,-0.005,5.15,30.0,1247,-1,92.37,False,-1,True,True,0.75,0.0,-0.124,False,False,-0.225,0.586,58.979,1247,100.02,,,,,0,False,False,0.0,False,8.23,5.63,20.0,
19.65,120827,229.013,-995.671,-0.005,5.049,30.0,1247,-1,92.62,False,-1,True,True,0.75,0.0,-0.112,False,False,-0.219,0.454,58.049,1247,100.02,,,,,0,False,False,0.0,False,7.97,5.57,20.0,
19.7,120828,229.155,-995.464,-0.005,5.038,30.0,1247,-1,92.87,False,-1,True,True,0.75,0.0,-0.089,False,False,-0.183,0.346,57.354,1247,100.02,,,,,1,False,False,0.0,False,7.72,5.52,20.0,
19.75,120829,229.299,-995.257,-0.006,5.031,30.0,1247,-1,93.08,False,-1,True,True,0.75,0.0,-0.082,False,False,-0.129,0.272,56.691,1247,100.02,,,,,0,False,False,0.026,False,7.47,5.52,20.0,
19.8,120830,229.441,-995.055,-0.006,4.791,30.0,1247,-1,93.33,False,-1,True,True,0.75,0.0,-0.063,False,False,-0.119,0.199,56.219,1247,100.02,,,,,0,False,False,0.04,False,7.22,5.52,20.0,
19.85,120831,229.574,-994.869,-0.006,4.484,30.0,1247,-1,93.55,False,-1,True,True,0.75,0.0,-0.06,False,False,-0.194,0.141,55.848,1247,100.02,,,,,0,False,False,0.051,False,7.0,5.4,20.0,
19.9,120832,229.702,-994.693,-0.005,4.307,30.0,1247,-1,93.77,False,-1,True,True,0.75,0.0,-0.055,False,False,-0.25,0.102,55.534,1247,100.02,,,,,0,False,False,0.056,False,6.78,5.24,20.0,
19.95,120833,229.827,-994.521,-0.005,4.231,30.0,1247,-1,93.98,False,-1,True,True,0.75,0.0,-0.048,False,False,-0.255,0.074,55.259,1247,100.02,,,,,0,False,False,0.06,False,6.57,5.15,20.0,
20.0,120834,229.952,-994.35,-0.005,4.222,30.0,1247,-1,94.17,False,-1,True,True,0.75,0.0,-0.041,False,False,-0.214,0.052,55.02,1247,100.02,,,,,0,False,False,0.059,False,6.35,5.12,20.0,
20.05,120835,230.077,-994.178,-0.006,4.258,30.0,1247,-1,94.38,False,-1,True,True,0.75,0.0,-0.035,False,False,-0.145,0.035,54.811,1247,100.02,,,,,0,False,False,0.055,False,6.14,5.11,20.0,
20.1,120836,230.205,-994.004,-0.007,4.321,30.0,1247,-1,94.59,False,-1,True,True,0.75,0.0,-0.03,False,False,-0.067,0.022,54.629,1247,100.02,,,,,0,False,False,0.046,False,5.93,5.13,20.0,
20.15,120837,230.334,-993.828,-0.007,4.4,30.0,1247,-1,94.81,False,-1,True,True,0.75,0.0,-0.03,False,False,0.008,0.021,54.456,1247,100.02,,,,,0,False,False,0.028,False,5.71,5.16,20.0,
20.2,120838,230.467,-993.648,-0.008,4.489,30.0,1247,-1,95.0,False,-1,True,True,0.75,0.0,-0.02,False,False,0.074,0.011,54.312,1247,100.02,,,,,1,False,False,0.0,False,5.48,5.2,20.0,
20.25,120839,230.601,-993.465,-0.008,4.585,30.0,1247,-1,95.14,False,-1,True,True,0.75,0.0,-0.017,False,False,0.127,0.002,54.195,1247,100.02,,,,,0,False,False,0.0,False,5.26,5.24,20.0,
20.3,120840,230.742,-993.28,-0.009,4.672,30.0,1247,-1,95.38,False,-1,True,True,0.75,0.0,-0.117,False,False,0.165,0.11,53.905,1247,103.95,,,,,0,False,False,0.0,False,8.87,5.29,20.0,
20.35,120841,230.893,-993.099,-0.009,4.743,30.0,1247,-1,95.61,False,-1,True,True,0.75,0.0,-0.217,False,False,0.184,0.363,53.176,1247,103.95,,,,,1,False,False,0.0,False,8.64,5.34,20.0,
20.4,120842,231.051,-992.919,-0.009,4.844,30.0,1247,-1,95.85,False,-1,True,True,0.75,0.0,-0.17,False,False,0.197,0.532,52.21,1247,103.95,,,,,0,False,False,0.026,False,8.4,5.37,20.0,
20.45,120843,231.214,-992.736,-0.009,4.954,30.0,1247,-1,96.08,False,-1,True,True,0.75,0.0,-0.12,False,False,0.214,0.518,51.344,1247,103.95,,,,,0,False,False,0.051,False,8.15,5.42,20.0,
20.5,120844,231.382,-992.55,-0.009,5.063,30.0,1247,-1,96.33,False,-1,True,True,0.75,0.0,-0.099,False,False,0.23,0.424,50.624,1247,103.95,,,,,0,False,False,0.078,False,7.9,5.48,20.0,
20.55,120845,231.553,-992.36,-0.009,5.179,30.0,1247,-1,96.59,False,-1,True,True,0.75,0.0,-0.086,False,False,0.243,0.327,50.011,1247,103.95,,,,,0,False,False,0.099,False,7.64,5.53,20.0,
20.6,120846,231.729,-992.167,-0.009,5.213,30.0,1247,-1,96.85,False,-1,True,True,0.75,0.0,-0.073,False,False,0.244,0.246,49.452,1247,103.95,,,,,0,False,False,0.116,False,7.38,5.59,20.0,
20.65,120847,231.906,-991.974,-0.009,5.264,30.0,1247,-1,97.0,False,-1,True,True,0.75,0.0,-0.059,False,False,0.219,0.172,49.006,1247,103.95,,,,,0,False,False,0.132,False,7.12,5.61,20.0,
20.7,120848,232.082,-991.783,-0.008,5.182,30.0,1247,-1,97.25,False,-1,True,True,0.75,0.0,-0.052,False,False,0.172,0.121,48.561,1247,103.95,,,,,0,False,False,0.143,False,6.86,5.63,20.0,
20.75,120849,232.259,-991.591,-0.008,5.262,30.0,1247,-1,97.51,False,-1,True,True,0.75,0.0,-0.038,False,False,0.143,0.078,48.238,1247,103.95,,,,,0,False,False,0.156,False,6.6,5.59,20.0,
20.8,120850,232.437,-991.4,-0.008,5.212,30.0,1247,-1,97.77,False,-1,True,True,0.75,0.0,-0.036,False,False,0.12,0.055,47.913,1247,103.95,,,,,0,False,False,0.168,False,6.34,5.63,20.0,
20.85,120851,232.616,-991.207,-0.008,5.294,30.0,1247,-1,98.0,False,-1,True,True,0.75,0.0,-0.026,False,False,0.114,0.034,47.693,1247,103.95,,,,,0,False,False,0.174,False,6.08,5.61,20.0,
20.9,120852,232.795,-991.015,-0.008,5.219,30.0,1247,-1,98.24,False,-1,True,True,0.75,0.0,-0.026,False,False,0.097,0.027,47.463,1247,103.95,,,,,0,False,False,0.172,False,5.81,5.65,20.0,
20.95,120853,232.976,-990.821,-0.008,5.443,30.0,1247,-1,98.5,False,-1,True,True,0.75,0.0,-0.017,False,False,0.109,0.018,47.297,1247,103.95,,,,,0,False,False,0.162,False,5.55,5.61,20.0,
21.0,120854,233.174,-990.617,-0.009,5.814,30.0,1247,-1,98.78,False,-1,True,True,0.434,0.0,-0.117,False,False,0.239,0.156,46.917,1247,107.87,,,,,0,False,False,0.145,False,9.16,5.72,20.0,
21.05,120855,233.391,-990.404,-0.01,6.178,30.0,1247,-1,99.08,False,-1,True,True,0.0,0.3,-0.109,False,False,0.372,0.342,46.237,1247,107.87,,,,,0,False,False,0.117,False,8.86,5.91,20.0,
21.1,120856,233.613,-990.187,-0.011,6.214,30.0,1247,-1,99.39,False,-1,True,True,0.0,0.3,-0.064,False,False,0.412,0.358,45.581,1247,107.87,,,,,0,False,False,0.088,False,8.55,6.09,20.0,
21.15,120857,233.836,-989.969,-0.01,6.262,30.0,1247,-1,99.7,False,-1,True,True,0.0,0.3,-0.045,False,False,0.373,0.287,45.074,1247,107.87,,,,,0,False,False,0.058,False,8.24,6.11,20.0,
21.2,120858,234.057,-989.755,-0.009,6.092,30.0,1247,-1,100.01,False,-1,True,True,0.0,0.3,-0.039,False,False,0.272,0.219,44.664,1247,107.87,,,,,1,False,False,0.0,False,7.93,6.13,20.0,
21.25,120859,234.274,-989.547,-0.008,5.996,30.0,1247,-1,100.31,False,-1,True,True,0.0,0.3,-0.033,False,False,0.156,0.167,44.362,1247,107.87,,,,,0,False,False,0.0,False,7.63,6.05,20.0,
21.3,120860,234.486,-989.346,-0.007,5.755,30.0,1247,-1,100.6,False,-1,True,True,0.0,0.3,-0.031,False,False,0.036,0.131,44.061,1247,107.87,,,,,0,False,False,0.0,False,7.34,6.0,20.0,
21.35,120861,234.691,-989.152,-0.007,5.624,30.0,1247,-1,100.88,False,-1,True,True,0.0,0.3,-0.021,False,False,-0.061,0.096,43.864,1247,107.87,,,,,0,False,False,0.0,False,7.06,5.88,20.0,
21.4,120862,234.889,-988.965,-0.006,5.361,30.0,1247,-1,101.15,False,-1,True,True,0.0,0.273,-0.022,False,False,-0.144,0.074,43.652,1247,107.87,,,,,0,False,False,0.0,False,6.78,5.81,20.0,
21.45,120863,235.082,-988.784,-0.005,5.257,30.0,1247,-1,101.42,False,-1,True,True,0.672,0.0,-0.014,False,False,-0.195,0.051,43.529,1247,107.87,,,,,0,False,False,0.0,False,6.52,5.68,20.0,
21.5,120864,235.269,-988.609,-0.005,5.055,30.0,1247,-1,101.67,False,-1,True,True,0.75,0.0,-0.016,False,False,-0.22,0.039,43.37,1247,107.87,,,,,0,False,False,0.0,False,6.26,5.63,20.0,
21.55,120865,235.453,-988.436,-0.005,5.031,30.0,1247,-1,101.92,False,-1,True,True,0.75,0.0,-0.009,False,False,-0.213,0.026,43.266,1247,107.87,,,,,0,False,False,0.0,False,6.01,5.53,20.0,
21.6,120866,235.637,-988.265,-0.006,5.027,30.0,1247,-1,102.17,False,-1,True,True,0.75,0.0,-0.009,False,False,-0.163,0.02,43.195,1247,107.87,,,,,0,False,False,0.0,False,5.76,5.52,20.0,
21.65,120867,235.821,-988.093,-0.006,4.999,30.0,1247,-1,102.42,False,-1,True,True,0.75,0.0,-0.009,False,False,-0.106,0.018,43.118,1247,107.87,,,,,0,False,False,0.0,False,5.51,5.51,20.0,
21.7,120868,235.995,-987.932,-0.006,4.606,30.0,1247,-1,102.66,False,-1,True,True,0.75,0.0,-0.006,False,False,-0.152,0.012,43.11,1247,107.87,,,,,0,False,False,0.0,False,5.27,5.5,20.0,
21.75,120869,236.159,-987.784,-0.005,4.322,30.0,1247,-1,102.88,False,-1,True,True,0.75,0.0,-0.106,False,False,-0.239,0.1,42.928,1247,111.79,,,,,0,False,False,0.0,False,8.97,5.3,20.0,
21.8,120870,236.317,-987.645,-0.005,4.17,30.0,1247,-1,103.09,False,-1,True,True,0.75,0.0,-0.057,False,False,-0.285,0.161,42.625,1247,111.79,,,,,0,False,False,0.0,False,8.76,5.16,20.0,
21.85,120871,236.472,-987.509,-0.005,4.112,30.0,1247,-1,103.3,False,-1,True,True,0.75,0.0,-0.037,False,False,-0.274,0.144,42.386,1247,111.79,,,,,0,False,False,0.0,False,8.55,5.08,20.0,
21.9,120872,236.627,-987.373,-0.005,4.118,30.0,1247,-1,103.5,False,-1,True,True,0.75,0.0,-0.034,False,False,-0.218,0.112,42.191,1247,111.79,,,,,0,False,False,0.0,False,8.34,5.06,20.0,
21.95,120873,236.784,-987.236,-0.006,4.162,30.0,1247,-1,103.71,False,-1,True,True,0.75,0.0,-0.03,False,False,-0.14,0.086,42.018,1247,111.79,,,,,0,False,False,0.0,False,8.14,5.06,20.0,
22.0,120874,236.942,-987.098,-0.007,4.231,30.0,1247,-1,103.92,False,-1,True,True,0.75,0.0,-0.026,False,False,-0.057,0.063,41.864,1247,111.79,,,,,0,False,False,0.0,False,7.92,5.08,20.0,
22.05,120875,237.104,-986.957,-0.007,4.314,30.0,1247,-1,104.14,False,-1,True,True,0.75,0.0,-0.022,False,False,0.02,0.044,41.728,1247,111.79,,,,,0,False,False,0.0,False,7.71,5.12,20.0,
22.1,120876,237.269,-986.813,-0.008,4.407,30.0,1247,-1,104.36,False,-1,True,True,0.75,0.0,-0.019,False,False,0.085,0.03,41.609,1247,111.79,,,,,0,False,False,0.0,False,7.49,5.16,20.0,
22.15,120877,237.438,-986.666,-0.008,4.505,30.0,1247,-1,104.58,False,-1,True,True,0.75,0.0,-0.016,False,False,0.138,0.02,41.505,1247,111.79,,,,,0,False,False,0.0,False,7.27,5.2,20.0,
22.2,120878,237.611,-986.516,-0.009,4.606,30.0,1247,-1,104.81,False,-1,True,True,0.75,0.0,-0.014,False,False,0.177,0.013,41.414,1247,111.79,,,,,0,False,False,0.0,False,7.04,5.25,20.0,
22.25,120879,237.787,-986.362,-0.009,4.709,30.0,1247,-1,105.04,False,-1,True,True,0.75,0.0,-0.012,False,False,0.206,0.008,41.335,1247,111.79,,,,,0,False,False,0.0,False,6.81,5.3,20.0,
22.3,120880,237.967,-986.206,-0.009,4.813,30.0,1247,-1,105.28,False,-1,True,True,0.75,0.0,-0.01,False,False,0.227,0.004,41.267,1247,111.79,,,,,0,False,False,0.0,False,6.57,5.35,20.0,
22.35,120881,238.151,-986.046,-0.009,4.917,30.0,1247,-1,105.52,False,-1,True,True,0.75,0.0,-0.008,False,False,0.241,0.002,41.208,1247,111.79,,,,,0,False,False,0.0,False,6.32,5.41,20.0,
22.4,120882,238.339,-985.883,-0.009,5.021,30.0,1247,-1,105.77,False,-1,True,True,0.75,0.0,-0.007,False,False,0.25,0.001,41.157,1247,111.79,,,,,0,False,False,0.0,False,6.07,5.46,20.0,
22.45,120883,238.531,-985.716,-0.009,5.122,30.0,1247,-1,106.03,False,-1,True,True,0.75,0.0,-0.006,False,False,0.256,0.0,41.114,1247,111.79,,,,,0,False,False,0.0,False,5.82,5.51,20.0,
22.5,120884,238.727,-985.546,-0.009,5.26,30.0,1247,-1,106.28,False,-1,True,True,0.75,0.0,-0.005,False,False,0.26,0.0,41.075,1247,111.79,,,,,0,False,False,0.0,False,5.56,5.56,20.0,
22.55,120885,238.928,-985.378,-0.009,5.214,30.0,1247,-1,106.55,False,-1,True,True,0.75,0.0,-0.105,False,False,0.242,0.121,40.867,1247,115.71,,,,,0,False,False,0.0,False,9.22,5.63,20.0,
22.6,120886,239.129,-985.21,-0.009,5.265,30.0,1247,-1,106.81,False,-1,True,True,0.75,0.0,-0.018,False,False,0.204,0.149,40.556,1247,115.71,,,,,0,False,False,0.0,False,8.96,5.61,20.0,
22.65,120887,239.328,-985.042,-0.008,5.191,30.0,1247,-1,107.07,False,-1,True,True,0.75,0.0,-0.0,False,False,0.158,0.079,40.444,1247,115.71,,,,,0,False,False,0.0,False,8.7,5.63,20.0,
22.7,120888,239.528,-984.873,-0.008,5.273,30.0,1247,-1,107.33,False,-1,True,True,0.75,0.0,-0.011,False,False,0.133,0.041,40.332,1247,115.71,,,,,0,False,False,0.0,False,8.43,5.6,20.0,
22.75,120889,239.729,-984.705,-0.008,5.229,30.0,1247,-1,107.59,False,-1,True,True,0.75,0.0,-0.008,False,False,0.115,0.023,40.292,1247,115.71,,,,,0,False,False,0.0,False,8.17,5.64,20.0,
22.8,120890,239.931,-984.535,-0.008,5.295,30.0,1247,-1,107.86,False,-1,True,True,0.75,0.0,-0.011,False,False,0.107,0.019,40.203,1247,115.71,,,,,0,False,False,0.0,False,7.91,5.61,20.0,
22.85,120891,240.132,-984.367,-0.008,5.221,30.0,1247,-1,108.12,False,-1,True,True,0.75,0.0,-0.005,False,False,0.09,0.011,40.178,1247,115.71,,,,,0,False,False,0.0,False,7.65,5.65,20.0,
22.9,120892,240.34,-984.193,-0.008,5.647,30.0,1247,-1,108.39,False,-1,True,True,0.75,0.0,-0.008,False,False,0.154,0.012,40.141,1247,115.71,,,,,0,False,False,0.0,False,7.37,5.61,20.0,
22.95,120893,240.566,-984.004,-0.01,5.97,30.0,1247,-1,108.68,False,-1,True,True,0.0,0.3,-0.006,False,False,0.302,0.013,40.106,1247,115.71,,,,,0,False,False,0.0,False,7.08,5.82,20.0,
23.0,120894,240.803,-983.806,-0.011,6.259,30.0,1247,-1,108.99,False,-1,True,True,0.0,0.3,-0.005,False,False,0.408,0.01,40.066,1247,115.71,,,,,0,False,False,0.0,False,6.77,5.98,20.0,
23.05,120895,241.043,-983.605,-0.011,6.251,30.0,1247,-1,109.31,False,-1,True,True,0.0,0.3,-0.003,False,False,0.413,0.005,40.031,1247,115.71,,,,,0,False,False,0.0,False,6.46,6.13,20.0,
23.1,120896,241.283,-983.404,-0.01,6.265,30.0,1247,-1,109.62,False,-1,True,True,0.0,0.3,-0.003,False,False,0.351,0.001,40.007,1247,115.71,,,,,0,False,False,0.0,False,6.15,6.13,20.0,
23.15,120897,241.518,-983.207,-0.009,6.074,30.0,1247,-1,109.92,False,-1,True,True,0.0,0.3,-0.003,False,False,0.237,0.0,39.97,1247,115.71,,,,,0,False,False,0.0,False,5.84,6.13,20.0,
23.2,120898,241.75,-983.017,-0.008,5.963,30.0,1247,-1,110.22,False,-1,True,True,0.0,0.3,-0.057,False,False,0.118,0.079,39.85,1247,119.64,,,,,0,False,False,0.0,False,9.46,6.04,20.0,
23.25,120899,241.974,-982.834,-0.007,5.718,30.0,1247,-1,110.51,False,-1,True,True,0.0,0.3,-0.009,False,False,0.001,0.086,39.663,1247,119.64,,,,,0,False,False,0.0,False,9.17,5.98,20.0,
23.3,120900,242.191,-982.655,-0.006,5.583,30.0,1247,-1,110.79,False,-1,True,True,0.0,0.3,0.002,False,False,-0.09,0.043,39.608,1247,119.64,,,,,0,False,False,0.0,False,8.89,5.86,20.0,
23.35,120901,242.4,-982.482,-0.006,5.335,30.0,1247,-1,111.07,False,-1,True,True,0.0,0.129,-0.006,False,False,-0.163,0.022,39.531,1247,119.64,,,,,0,False,False,0.0,False,8.62,5.79,20.0,
23.4,120902,242.603,-982.315,-0.005,5.242,30.0,1247,-1,111.33,False,-1,True,True,0.75,0.0,-0.002,False,False,-0.202,0.01,39.518,1247,119.64,,,,,0,False,False,0.0,False,8.36,5.67,20.0,
23.45,120903,242.801,-982.152,-0.005,5.04,30.0,1247,-1,111.59,False,-1,True,True,0.75,0.0,-0.006,False,False,-0.222,0.008,39.45,1247,119.64,,,,,0,False,False,0.0,False,8.1,5.62,20.0,
23.5,120904,242.996,-981.992,-0.005,5.063,30.0,1247,-1,111.84,False,-1,True,True,0.75,0.0,0.0,False,False,-0.198,0.003,39.429,1247,119.64,,,,,0,False,False,0.0,False,7.85,5.52,20.0,
23.55,120905,243.191,-981.832,-0.006,5.045,30.0,1247,-1,112.09,False,-1,True,True,0.75,0.0,-0.002,False,False,-0.15,0.002,39.414,1247,119.64,,,,,0,False,False,0.0,False,7.6,5.53,20.0,
23.6,120906,243.384,-981.674,-0.006,4.864,30.0,1247,-1,112.34,False,-1,True,True,0.75,0.0,-0.002,False,False,-0.117,0.004,39.389,1247,119.64,,,,,0,False,False,0.0,False,7.35,5.52,20.0,
23.65,120907,243.562,-981.528,-0.006,4.474,30.0,1247,-1,112.57,False,-1,True,True,0.75,0.0,-0.001,False,False,-0.199,0.003,39.352,1247,119.64,,,,,0,False,False,0.0,False,7.12,5.43,20.0,
23.7,120908,243.728,-981.391,-0.005,4.23,30.0,1247,-1,112.78,False,-1,True,True,0.75,0.0,0.001,False,False,-0.28,0.0,39.344,1247,119.64,,,,,0,False,False,0.0,False,6.9,5.24,20.0,
23.75,120909,243.888,-981.26,-0.005,4.105,30.0,1247,-1,112.99,False,-1,True,True,0.75,0.0,-0.001,False,False,-0.307,0.0,39.342,1247,119.64,,,,,0,False,False,0.0,False,6.69,5.12,20.0,
23.8,120910,244.046,-981.13,-0.005,4.066,30.0,1247,-1,113.2,False,-1,True,True,0.75,0.0,-0.001,False,False,-0.278,0.002,39.338,1247,119.64,,,,,0,False,False,0.0,False,6.49,5.05,20.0,
23.85,120911,244.204,-981.001,-0.005,4.083,30.0,1247,-1,113.4,False,-1,True,True,0.75,0.0,-0.001,False,False,-0.211,0.002,39.335,1247,119.64,,,,,0,False,False,0.0,False,6.29,5.03,20.0,
23.9,120912,244.363,-980.87,-0.006,4.135,30.0,1247,-1,113.61,False,-1,True,True,0.75,0.0,-0.0,False,False,-0.126,0.002,39.332,1247,119.64,,,,,0,False,False,0.0,False,6.08,5.04,20.0,
23.95,120913,244.526,-980.737,-0.007,4.208,30.0,1247,-1,113.82,False,-1,True,True,0.75,0.0,-0.0,False,False,-0.041,0.002,39.329,1247,119.64,,,,,0,False,False,0.0,False,5.87,5.07,20.0,
24.0,120914,244.691,-980.602,-0.008,4.295,30.0,1247,-1,114.03,False,-1,True,True,0.75,0.0,-0.0,False,False,0.035,0.001,39.327,1247,119.64,,,,,0,False,False,0.0,False,5.66,5.1,20.0,
24.05,120915,244.86,-980.464,-0.008,4.389,30.0,1247,-1,114.25,False,-1,True,True,0.75,0.0,-0.0,False,False,0.099,0.001,39.325,1247,119.64,,,,,0,False,False,0.0,False,5.44,5.15,20.0,
24.1,120916,245.032,-980.323,-0.009,4.489,30.0,1247,-1,114.47,False,-1,True,True,0.75,0.0,-0.0,False,False,0.149,0.001,39.324,1247,119.64,,,,,0,False,False,0.0,False,5.21,5.19,20.0,
24.15,120917,245.21,-980.18,-0.009,4.589,30.0,1247,-1,114.7,False,-1,True,True,0.75,0.0,-0.034,False,False,0.185,0.053,39.227,1247,123.56,,,,,0,False,False,0.0,False,8.91,5.24,20.0,
24.2,120918,245.391,-980.034,-0.009,4.693,30.0,1247,-1,114.93,False,-1,True,True,0.75,0.0,-0.001,False,False,0.212,0.047,39.152,1247,123.56,,,,,0,False,False,0.0,False,8.68,5.29,20.0,
24.25,120919,245.576,-979.884,-0.009,4.797,30.0,1247,-1,115.17,False,-1,True,True,0.75,0.0,-0.0,False,False,0.231,0.022,39.129,1247,123.56,,,,,0,False,False,0.0,False,8.44,5.35,20.0,
24.3,120920,245.764,-979.73,-0.009,4.902,30.0,1247,-1,115.41,False,-1,True,True,0.75,0.0,-0.003,False,False,0.244,0.01,39.112,1247,123.56,,,,,0,False,False,0.0,False,8.19,5.4,20.0,
24.35,120921,245.957,-979.574,-0.009,5.006,30.0,1247,-1,115.66,False,-1,True,True,0.75,0.0,-0.003,False,False,0.252,0.007,39.092,1247,123.56,,,,,0,False,False,0.0,False,7.95,5.45,20.0,
24.4,120922,246.154,-979.415,-0.009,5.111,30.0,1247,-1,115.91,False,-1,True,True,0.75,0.0,-0.002,False,False,0.257,0.004,39.075,1247,123.56,,,,,0,False,False,0.0,False,7.69,5.5,20.0,
24.45,120923,246.355,-979.252,-0.009,5.172,30.0,1247,-1,116.17,False,-1,True,True,0.75,0.0,-0.002,False,False,0.257,0.002,39.058,1247,123.56,,,,,0,False,False,0.0,False,7.43,5.56,20.0,
24.5,120924,246.559,-979.087,-0.009,5.277,30.0,1247,-1,116.43,False,-1,True,True,0.75,0.0,-0.001,False,False,0.249,-0.0,39.06,1247,123.56,,,,,0,False,False,0.0,False,7.17,5.59,20.0,
24.55,120925,246.761,-978.923,-0.009,5.185,30.0,1247,-1,116.7,False,-1,True,True,0.75,0.0,-0.003,False,False,0.203,0.002,39.015,1247,123.56,,,,,0,False,False,0.0,False,6.91,5.64,20.0,
24.6,120926,246.964,-978.759,-0.008,5.251,30.0,1247,-1,116.96,False,-1,True,True,0.75,0.0,0.002,False,False,0.164,-0.003,39.031,1247,123.56,,,,,0,False,False,0.0,False,6.65,5.59,20.0,
24.65,120927,247.166,-978.595,-0.008,5.192,30.0,1247,-1,117.22,False,-1,True,True,0.75,0.0,-0.003,False,False,0.13,-0.0,38.989,1247,123.56,,,,,0,False,False,0.0,False,6.39,5.63,20.0,
24.7,120928,247.37,-978.43,-0.008,5.29,30.0,1247,-1,117.48,False,-1,True,True,0.75,0.0,0.002,False,False,0.12,-0.004,39.007,1247,123.56,,,,,0,False,False,0.0,False,6.13,5.6,20.0,
24.75,120929,247.574,-978.264,-0.008,5.222,30.0,1247,-1,117.74,False,-1,True,True,0.75,0.0,-0.002,False,False,0.106,-0.0,38.969,1247,123.56,,,,,0,False,False,0.0,False,5.87,5.64,20.0,
24.8,120930,247.779,-978.099,-0.008,5.289,30.0,1247,-1,118.0,False,-1,True,True,0.75,0.0,0.003,False,False,0.098,-0.003,38.994,1247,123.56,,,,,0,False,False,0.0,False,5.6,5.61,20.0,
24.85,120931,247.987,-977.932,-0.008,5.474,30.0,1247,-1,118.27,False,-1,True,True,0.75,0.0,-0.021,False,False,0.125,0.034,38.903,1247,127.48,,,,,0,False,False,0.0,False,9.26,5.64,20.0,
24.9,120932,248.213,-977.749,-0.01,5.985,30.0,1247,-1,118.56,False,-1,True,True,0.323,0.0,0.003,False,False,0.28,0.028,38.835,1247,127.48,,,,,0,False,False,0.0,False,8.97,5.74,20.0,
24.95,120933,248.452,-977.556,-0.011,6.183,30.0,1247,-1,118.87,False,-1,True,True,0.0,0.3,0.003,False,False,0.401,0.008,38.824,1247,127.48,,,,,0,False,False,0.0,False,8.66,5.99,20.0,
25.0,120934,248.697,-977.359,-0.011,6.331,30.0,1247,-1,119.18,False,-1,True,True,0.0,0.3,-0.0,False,False,0.432,0.003,38.823,1247,127.48,,,,,0,False,False,0.0,False,8.34,6.09,20.0,
25.05,120935,248.941,-977.163,-0.01,6.224,30.0,1247,-1,119.5,False,-1,True,True,0.0,0.3,-0.001,False,False,0.369,0.005,38.816,1247,127.48,,,,,0,False,False,0.0,False,8.03,6.17,20.0,
25.1,120936,249.182,-976.969,-0.009,6.167,30.0,1247,-1,119.81,False,-1,True,True,0.0,0.3,-0.0,False,False,0.265,0.006,38.825,1247,127.48,,,,,0,False,False,0.0,False,7.72,6.11,20.0,
25.15,120937,249.416,-976.781,-0.008,5.944,30.0,1247,-1,120.11,False,-1,True,True,0.0,0.3,-0.002,False,False,0.138,0.008,38.795,1247,127.48,,,,,0,False,False,0.0,False,7.42,6.08,20.0,
25.2,120938,249.644,-976.598,-0.007,5.821,30.0,1247,-1,120.4,False,-1,True,True,0.0,0.3,0.002,False,False,0.024,0.003,38.82,1247,127.48,,,,,0,False,False,0.0,False,7.13,5.97,20.0,
25.25,120939,249.864,-976.421,-0.006,5.563,30.0,1247,-1,120.68,False,-1,True,True,0.0,0.3,-0.003,False,False,-0.078,0.005,38.791,1247,127.48,,,,,0,False,False,0.0,False,6.85,5.91,20.0,
25.3,120940,250.078,-976.249,-0.006,5.449,30.0,1247,-1,120.96,False,-1,True,True,0.0,0.058,0.002,False,False,-0.147,0.001,38.815,1247,127.48,,,,,0,False,False,0.0,False,6.57,5.78,20.0,
25.35,120941,250.285,-976.083,-0.005,5.23,30.0,1247,-1,121.22,False,-1,True,True,0.353,0.0,-0.002,False,False,-0.194,0.003,38.779,1247,127.48,,,,,0,False,False,0.0,False,6.31,5.72,20.0,
25.4,120942,250.487,-975.92,-0.005,5.161,30.0,1247,-1,121.48,False,-1,True,True,0.75,0.0,0.003,False,False,-0.209,-0.002,38.8,1247,127.48,,,,,0,False,False,0.0,False,6.05,5.61,20.0,
25.45,120943,250.684,-975.761,-0.005,5.026,30.0,1247,-1,121.73,False,-1,True,True,0.75,0.0,-0.002,False,False,-0.205,-0.0,38.768,1247,127.48,,,,,0,False,False,0.0,False,5.8,5.58,20.0,
25.5,120944,250.882,-975.602,-0.006,5.093,30.0,1247,-1,121.99,False,-1,True,True,0.75,0.0,0.003,False,False,-0.154,-0.003,38.801,1247,127.48,,,,,0,False,False,0.0,False,5.54,5.51,20.0,
25.55,120945,251.078,-975.445,-0.006,4.922,30.0,1247,-1,122.24,False,-1,True,True,0.75,0.0,-0.01,False,False,-0.114,0.012,38.78,1247,131.4,,,,,0,False,False,0.0,False,9.21,5.55,20.0,
25.6,120946,251.262,-975.298,-0.006,4.563,30.0,1247,-1,122.47,False,-1,True,True,0.75,0.0,-0.0,False,False,-0.18,0.013,38.733,1247,131.4,,,,,0,False,False,0.0,False,8.98,5.46,20.0,
25.65,120947,251.432,-975.161,-0.005,4.304,30.0,1247,-1,122.69,False,-1,True,True,0.75,0.0,0.003,False,False,-0.262,0.004,38.727,1247,131.4,,,,,0,False,False,0.0,False,8.76,5.28,20.0,
25.7,120948,251.596,-975.029,-0.005,4.167,30.0,1247,-1,122.9,False,-1,True,True,0.75,0.0,0.0,False,False,-0.297,0.001,38.728,1247,131.4,,,,,0,False,False,0.0,False,8.55,5.15,20.0,
25.75,120949,251.758,-974.9,-0.005,4.119,30.0,1247,-1,123.11,False,-1,True,True,0.75,0.0,-0.0,False,False,-0.275,0.001,38.728,1247,131.4,,,,,0,False,False,0.0,False,8.34,5.08,20.0,
25.8,120950,251.919,-974.77,-0.005,4.131,30.0,1247,-1,123.32,False,-1,True,True,0.75,0.0,-0.0,False,False,-0.214,0.001,38.726,1247,131.4,,,,,0,False,False,0.0,False,8.13,5.06,20.0,
25.85,120951,252.082,-974.64,-0.006,4.179,30.0,1247,-1,123.53,False,-1,True,True,0.75,0.0,-0.0,False,False,-0.132,0.001,38.725,1247,131.4,,,,,0,False,False,0.0,False,7.92,5.07,20.0,
25.9,120952,252.247,-974.507,-0.007,4.25,30.0,1247,-1,123.74,False,-1,True,True,0.75,0.0,-0.0,False,False,-0.048,0.001,38.724,1247,131.4,,,,,0,False,False,0.0,False,7.71,5.09,20.0,
25.95,120953,252.415,-974.372,-0.008,4.334,30.0,1247,-1,123.95,False,-1,True,True,0.75,0.0,-0.0,False,False,0.028,0.001,38.724,1247,131.4,,,,,0,False,False,0.0,False,7.5,5.12,20.0,
26.0,120954,252.587,-974.235,-0.008,4.427,30.0,1247,-1,124.17,False,-1,True,True,0.75,0.0,-0.0,False,False,0.092,0.001,38.723,1247,131.4,,,,,0,False,False,0.0,False,7.28,5.17,20.0,
26.05,120955,252.762,-974.094,-0.008,4.526,30.0,1247,-1,124.4,False,-1,True,True,0.75,0.0,-0.0,False,False,0.143,0.0,38.722,1247,131.4,,,,,0,False,False,0.0,False,7.05,5.21,20.0,
26.1,120956,252.941,-973.951,-0.009,4.627,30.0,1247,-1,124.63,False,-1,True,True,0.75,0.0,-0.0,False,False,0.181,0.0,38.722,1247,131.4,,,,,0,False,False,0.0,False,6.82,5.26,20.0,
26.15,120957,253.125,-973.804,-0.009,4.73,30.0,1247,-1,124.86,False,-1,True,True,0.75,0.0,-0.0,False,False,0.209,0.0,38.721,1247,131.4,,,,,0,False,False,0.0,False,6.59,5.31,20.0,
26.2,120958,253.312,-973.654,-0.009,4.834,30.0,1247,-1,125.1,False,-1,True,True,0.75,0.0,-0.0,False,False,0.229,-0.0,38.721,1247,131.4,,,,,0,False,False,0.0,False,6.35,5.37,20.0,
26.25,120959,253.503,-973.501,-0.009,4.938,30.0,1247,-1,125.35,False,-1,True,True,0.75,0.0,-0.0,False,False,0.242,0.0,38.721,1247,131.4,,,,,0,False,False,0.0,False,6.1,5.42,20.0,
26.3,120960,253.698,-973.344,-0.009,5.042,30.0,1247,-1,125.6,False,-1,True,True,0.75,0.0,-0.0,False,False,0.251,0.0,38.72,1247,131.4,,,,,0,False,False,0.0,False,5.85,5.47,20.0,
26.35,120961,253.897,-973.184,-0.009,5.152,30.0,1247,-1,125.85,False,-1,True,True,0.75,0.0,-0.0,False,False,0.257,0.0,38.72,1247,131.4,,,,,0,False,False,0.0,False,5.6,5.52,20.0,
26.4,120962,254.1,-973.022,-0.009,5.205,30.0,1247,-1,126.11,False,-1,True,True,0.75,0.0,0.0,False,False,0.255,0.0,38.72,1247,131.4,,,,,0,False,False,0.0,False,5.34,5.58,20.0,
26.45,120963,254.308,-972.857,-0.009,5.378,30.0,1247,-1,126.38,False,-1,True,True,0.75,0.0,-0.03,False,False,0.259,0.059,38.616,1247,135.32,,,,,0,False,False,0.0,False,9.02,5.6,20.0,
26.5,120964,254.518,-972.692,-0.009,5.309,30.0,1247,-1,126.64,False,-1,True,True,0.699,0.0,0.001,False,False,0.234,0.046,38.558,1247,135.32,,,,,0,False,False,0.0,False,8.75,5.69,20.0,
26.55,120965,254.726,-972.526,-0.009,5.361,30.0,1247,-1,126.91,False,-1,True,True,0.75,0.0,0.0,False,False,0.194,0.021,38.505,1247,135.32,,,,,0,False,False,0.0,False,8.48,5.65,20.0,
26.6,120966,254.934,-972.361,-0.008,5.291,30.0,1247,-1,127.18,False,-1,True,True,0.744,0.0,0.001,False,False,0.15,0.005,38.527,1247,135.32,,,,,0,False,False,0.0,False,8.22,5.68,20.0,
26.65,120967,255.143,-972.195,-0.008,5.375,30.0,1247,-1,127.44,False,-1,True,True,0.75,0.0,-0.005,False,False,0.128,0.005,38.493,1247,135.32,,,,,0,False,False,0.0,False,7.95,5.65,20.0,
26.7,120968,255.353,-972.029,-0.008,5.324,30.0,1247,-1,127.71,False,-1,True,True,0.682,0.0,0.0,False,False,0.112,0.001,38.514,1247,135.32,,,,,0,False,False,0.0,False,7.68,5.69,20.0,
26.75,120969,255.563,-971.862,-0.008,5.389,30.0,1247,-1,127.98,False,-1,True,True,0.75,0.0,-0.004,False,False,0.103,0.004,38.475,1247,135.32,,,,,0,False,False,0.0,False,7.41,5.66,20.0,
26.8,120970,255.772,-971.696,-0.008,5.316,30.0,1247,-1,128.25,False,-1,True,True,0.623,0.0,0.001,False,False,0.087,-0.001,38.494,1247,135.32,,,,,0,False,False,0.0,False,7.15,5.69,20.0,
26.85,120971,255.992,-971.521,-0.009,5.826,30.0,1247,-1,128.53,False,-1,True,True,0.75,0.0,-0.003,False,False,0.18,0.003,38.44,1247,135.32,,,,,0,False,False,0.0,False,6.87,5.66,20.0,
26.9,120972,256.228,-971.333,-0.01,6.123,30.0,1247,-1,128.83,False,-1,True,True,0.0,0.3,0.003,False,False,0.327,-0.004,38.426,1247,135.32,,,,,0,False,False,0.0,False,6.56,5.91,20.0,
26.95,120973,256.476,-971.137,-0.011,6.388,30.0,1247,-1,129.14,False,-1,True,True,0.0,0.3,0.001,False,False,0.419,-0.007,38.429,1247,135.32,,,,,0,False,False,0.0,False,6.25,6.06,20.0,
27.0,120974,256.725,-970.938,-0.011,6.364,30.0,1247,-1,129.46,False,-1,True,True,0.0,0.3,-0.0,False,False,0.412,-0.003,38.43,1247,135.32,,,,,0,False,False,0.0,False,5.93,6.19,20.0,
27.05,120975,256.976,-970.742,-0.01,6.363,30.0,1247,-1,129.78,False,-1,True,True,0.0,0.3,-0.024,False,False,0.34,0.05,38.346,1247,139.25,,,,,0,False,False,0.0,False,9.54,6.18,20.0,
27.1,120976,257.22,-970.549,-0.009,6.171,30.0,1247,-1,130.09,False,-1,True,True,0.0,0.3,0.001,False,False,0.223,0.041,38.267,1247,139.25,,,,,0,False,False,0.0,False,9.23,6.18,20.0,
27.15,120977,257.459,-970.361,-0.008,6.06,30.0,1247,-1,130.4,False,-1,True,True,0.0,0.3,0.003,False,False,0.105,0.016,38.271,1247,139.25,,,,,0,False,False,0.0,False,8.92,6.09,20.0,
27.2,120978,257.691,-970.179,-0.007,5.811,30.0,1247,-1,130.69,False,-1,True,True,0.0,0.3,-0.003,False,False,-0.01,0.01,38.235,1247,139.25,,,,,0,False,False,0.0,False,8.63,6.03,20.0,
27.25,120979,257.915,-970.002,-0.006,5.671,30.0,1247,-1,130.98,False,-1,True,True,0.0,0.3,0.001,False,False,-0.099,0.005,38.252,1247,139.25,,,,,0,False,False,0.0,False,8.34,5.91,20.0,
27.3,120980,258.131,-969.832,-0.006,5.4,30.0,1247,-1,131.25,False,-1,True,True,0.0,0.3,-0.003,False,False,-0.176,0.006,38.217,1247,139.25,,,,,0,False,False,0.0,False,8.07,5.84,20.0,
27.35,120981,258.34,-969.668,-0.005,5.287,30.0,1247,-1,131.52,False,-1,True,True,0.519,0.0,0.002,False,False,-0.222,0.002,38.238,1247,139.25,,,,,0,False,False,0.0,False,7.8,5.7,20.0,
27.4,120982,258.542,-969.508,-0.005,5.084,30.0,1247,-1,131.78,False,-1,True,True,0.75,0.0,-0.003,False,False,-0.242,0.003,38.197,1247,139.25,,,,,0,False,False,0.0,False,7.54,5.64,20.0,
27.45,120983,258.743,-969.35,-0.005,5.127,30.0,1247,-1,132.03,False,-1,True,True,0.75,0.0,0.003,False,False,-0.213,-0.002,38.209,1247,139.25,,,,,0,False,False,0.0,False,7.29,5.54,20.0,
27.5,120984,258.943,-969.193,-0.006,5.052,30.0,1247,-1,132.29,False,-1,True,True,0.75,0.0,-0.001,False,False,-0.16,-0.001,38.172,1247,139.25,,,,,0,False,False,0.0,False,7.03,5.56,20.0,
27.55,120985,259.138,-969.039,-0.006,4.805,30.0,1247,-1,132.53,False,-1,True,True,0.75,0.0,0.003,False,False,-0.152,-0.003,38.203,1247,139.25,,,,,0,False,False,0.0,False,6.78,5.53,20.0,
27.6,120986,259.318,-968.898,-0.005,4.438,30.0,1247,-1,132.76,False,-1,True,True,0.75,0.0,-0.003,False,False,-0.24,0.0,38.233,1247,139.25,,,,,0,False,False,0.0,False,6.56,5.4,20.0,
27.65,120987,259.486,-968.766,-0.005,4.214,30.0,1247,-1,132.98,False,-1,True,True,0.75,0.0,-0.003,False,False,-0.311,0.005,38.23,1247,139.25,,,,,0,False,False,0.0,False,6.34,5.22,20.0,
27.7,120988,259.648,-968.638,-0.005,4.103,30.0,1247,-1,133.12,False,-1,True,True,0.75,0.0,-0.001,False,False,-0.324,0.004,38.223,1247,139.25,,,,,0,False,False,0.0,False,6.14,5.11,20.0,
27.75,120989,259.809,-968.512,-0.005,4.073,30.0,1247,-1,133.32,False,-1,True,True,0.75,0.0,-0.001,False,False,-0.283,0.002,38.219,1247,139.25,,,,,0,False,False,0.0,False,5.93,5.05,20.0,
27.8,120990,259.97,-968.385,-0.006,4.097,30.0,1247,-1,133.52,False,-1,True,True,0.75,0.0,-0.001,False,False,-0.208,0.0,38.215,1247,139.25,,,,,0,False,False,0.0,False,5.73,5.04,20.0,
27.85,120991,260.133,-968.257,-0.006,4.152,30.0,1247,-1,133.73,False,-1,True,True,0.75,0.0,-0.0,False,False,-0.12,-0.0,38.212,1247,139.25,,,,,0,False,False,0.0,False,5.52,5.05,20.0,
27.9,120992,260.298,-968.127,-0.007,4.228,30.0,1247,-1,133.94,False,-1,True,True,0.75,0.0,-0.001,False,False,-0.033,-0.0,38.209,1247,139.25,,,,,0,False,False,0.0,False,5.31,5.08,20.0,
27.95,120993,260.467,-967.994,-0.008,4.316,30.0,1247,-1,134.16,False,-1,True,True,0.75,0.0,-0.0,False,False,0.043,-0.0,38.207,1247,139.25,,,,,0,False,False,0.0,False,5.09,5.11,20.0,
28.0,120994,260.64,-967.859,-0.008,4.41,30.0,1247,-1,134.38,False,-1,True,True,0.75,0.0,-0.024,False,False,0.105,0.037,38.135,1247,143.17,,,,,0,False,False,0.0,False,8.8,5.16,20.0,
28.05,120995,260.817,-967.722,-0.009,4.51,30.0,1247,-1,134.6,False,-1,True,True,0.75,0.0,-0.0,False,False,0.153,0.031,38.085,1247,143.17,,,,,0,False,False,0.0,False,8.58,5.21,20.0,
28.1,120996,260.997,-967.581,-0.009,4.613,30.0,1247,-1,134.83,False,-1,True,True,0.75,0.0,-0.0,False,False,0.19,0.014,38.069,1247,143.17,,,,,0,False,False,0.0,False,8.35,5.26,20.0,
28.15,120997,261.182,-967.437,-0.009,4.717,30.0,1247,-1,135.06,False,-1,True,True,0.75,0.0,-0.002,False,False,0.215,0.006,38.057,1247,143.17,,,,,0,False,False,0.0,False,8.12,5.31,20.0,
28.2,120998,261.37,-967.29,-0.009,4.821,30.0,1247,-1,135.3,False,-1,True,True,0.75,0.0,-0.002,False,False,0.233,0.004,38.043,1247,143.17,,,,,0,False,False,0.0,False,7.88,5.36,20.0,
28.25,120999,261.563,-967.139,-0.009,4.926,30.0,1247,-1,135.55,False,-1,True,True,0.75,0.0,-0.002,False,False,0.245,0.002,38.031,1247,143.17,,,,,0,False,False,0.0,False,7.63,5.41,20.0,
28.3,121000,261.759,-966.986,-0.009,5.03,30.0,1247,-1,135.8,False,-1,True,True,0.75,0.0,-0.001,False,False,0.253,0.001,38.02,1247,143.17,,,,,0,False,False,0.0,False,7.38,5.46,20.0,
28.35,121001,261.96,-966.829,-0.009,5.131,30.0,1247,-1,136.05,False,-1,True,True,0.75,0.0,-0.001,False,False,0.258,-0.0,38.012,1247,143.17,,,,,0,False,False,0.0,False,7.13,5.51,20.0,
28.4,121002,262.165,-966.669,-0.009,5.269,30.0,1247,-1,136.31,False,-1,True,True,0.75,0.0,-0.001,False,False,0.261,-0.0,38.004,1247,143.17,,,,,0,False,False,0.0,False,6.87,5.57,20.0,
28.45,121003,262.373,-966.507,-0.009,5.278,30.0,1247,-1,136.57,False,-1,True,True,0.75,0.0,-0.001,False,False,0.254,-0.001,38.009,1247,143.17,,,,,0,False,False,0.0,False,6.61,5.63,20.0,
28.5,121004,262.582,-966.344,-0.009,5.328,30.0,1247,-1,136.84,False,-1,True,True,0.75,0.0,-0.002,False,False,0.225,0.002,37.978,1247,143.17,,,,,0,False,False,0.0,False,6.34,5.64,20.0,
28.55,121005,262.79,-966.182,-0.009,5.249,30.0,1247,-1,137.1,False,-1,True,True,0.75,0.0,0.002,False,False,0.177,-0.002,38.009,1247,143.17,,,,,0,False,False,0.0,False,6.08,5.66,20.0,
28.6,121006,262.998,-966.019,-0.008,5.326,30.0,1247,-1,137.37,False,-1,True,True,0.75,0.0,-0.004,False,False,0.147,0.002,37.982,1247,143.17,,,,,0,False,False,0.0,False,5.81,5.62,20.0,
28.65,121007,263.207,-965.856,-0.008,5.279,30.0,1247,-1,137.63,False,-1,True,True,0.75,0.0,0.001,False,False,0.123,-0.0,38.012,1247,143.17,,,,,0,False,False,0.0,False,5.55,5.66,20.0,
28.7,121008,263.418,-965.694,-0.008,5.348,30.0,1247,-1,137.9,False,-1,True,True,0.75,0.0,-0.038,False,False,0.112,0.058,37.889,1247,147.09,,,,,0,False,False,0.0,False,9.23,5.64,20.0,
28.75,121009,263.628,-965.533,-0.008,5.274,30.0,1247,-1,138.16,False,-1,True,True,0.75,0.0,0.0,False,False,0.094,0.05,37.827,1247,147.09,,,,,0,False,False,0.0,False,8.96,5.67,20.0,
28.8,121010,263.842,-965.367,-0.008,5.601,30.0,1247,-1,138.43,False,-1,True,True,0.75,0.0,-0.002,False,False,0.128,0.026,37.752,1247,147.09,,,,,0,False,False,0.0,False,8.69,5.64,20.0,
28.85,121011,264.073,-965.188,-0.009,5.945,30.0,1247,-1,138.73,False,-1,True,True,0.0,0.14,0.001,False,False,0.27,0.008,37.714,1247,147.09,,,,,0,False,False,0.0,False,8.4,5.8,20.0,
28.9,121012,264.317,-964.999,-0.01,6.257,30.0,1247,-1,139.03,False,-1,True,True,0.0,0.3,-0.0,False,False,0.388,0.001,37.698,1247,147.09,,,,,0,False,False,0.0,False,8.09,5.97,20.0,
28.95,121013,264.565,-964.808,-0.011,6.258,30.0,1247,-1,139.35,False,-1,True,True,0.0,0.3,-0.001,False,False,0.405,0.001,37.685,1247,147.09,,,,,0,False,False,0.0,False,7.78,6.13,20.0,
29.0,121014,264.814,-964.616,-0.01,6.279,30.0,1247,-1,139.66,False,-1,True,True,0.0,0.3,-0.001,False,False,0.351,0.003,37.677,1247,147.09,,,,,0,False,False,0.0,False,7.46,6.13,20.0,
29.05,121015,265.057,-964.428,-0.009,6.092,30.0,1247,-1,139.97,False,-1,True,True,0.0,0.3,-0.001,False,False,0.242,0.005,37.652,1247,147.09,,,,,0,False,False,0.0,False,7.16,6.14,20.0,
29.1,121016,265.295,-964.245,-0.008,5.988,30.0,1247,-1,140.27,False,-1,True,True,0.0,0.3,0.001,False,False,0.125,0.002,37.671,1247,147.09,,,,,0,False,False,0.0,False,6.86,6.05,20.0,
29.15,121017,265.526,-964.067,-0.007,5.743,30.0,1247,-1,140.56,False,-1,True,True,0.0,0.3,-0.003,False,False,0.009,0.005,37.638,1247,147.09,,,,,0,False,False,0.0,False,6.57,5.99,20.0,
29.2,121018,265.749,-963.895,-0.006,5.608,30.0,1247,-1,140.84,False,-1,True,True,0.0,0.3,0.002,False,False,-0.083,0.002,37.661,1247,147.09,,,,,0,False,False,0.0,False,6.28,5.87,20.0,
29.25,121019,265.965,-963.729,-0.006,5.351,30.0,1247,-1,141.11,False,-1,True,True,0.0,0.22,-0.003,False,False,-0.16,0.004,37.628,1247,147.09,,,,,0,False,False,0.0,False,6.01,5.8,20.0,
29.3,121020,266.174,-963.568,-0.005,5.25,30.0,1247,-1,141.38,False,-1,True,True,0.704,0.0,0.002,False,False,-0.204,-0.001,37.65,1247,147.09,,,,,0,False,False,0.0,False,5.75,5.68,20.0,
29.35,121021,266.376,-963.411,-0.005,5.049,30.0,1247,-1,141.63,False,-1,True,True,0.75,0.0,-0.002,False,False,-0.225,0.001,37.611,1247,147.09,,,,,0,False,False,0.0,False,5.49,5.63,20.0,
29.4,121022,266.577,-963.259,-0.005,5.039,30.0,1247,-1,141.89,False,-1,True,True,0.75,0.0,-0.036,False,False,-0.214,0.051,37.51,1247,151.01,,,,,0,False,False,0.0,False,9.16,5.52,20.0,
29.45,121023,266.777,-963.107,-0.006,4.938,30.0,1247,-1,142.14,False,-1,True,True,0.75,0.0,-0.002,False,False,-0.164,0.045,37.423,1247,151.01,,,,,0,False,False,0.0,False,8.91,5.52,20.0,
29.5,121024,266.976,-962.954,-0.006,4.937,30.0,1247,-1,142.39,False,-1,True,True,0.75,0.0,0.0,False,False,-0.113,0.021,37.402,1247,151.01,,,,,0,False,False,0.0,False,8.66,5.47,20.0,
29.55,121025,267.161,-962.814,-0.006,4.515,30.0,1247,-1,142.62,False,-1,True,True,0.75,0.0,-0.004,False,False,-0.184,0.013,37.415,1247,151.01,,,,,0,False,False,0.0,False,8.43,5.47,20.0,
29.6,121026,267.334,-962.682,-0.005,4.261,30.0,1247,-1,142.84,False,-1,True,True,0.75,0.0,-0.007,False,False,-0.267,0.013,37.397,1247,151.01,,,,,0,False,False,0.0,False,8.21,5.26,20.0,
29.65,121027,267.5,-962.556,-0.005,4.128,30.0,1247,-1,143.05,False,-1,True,True,0.75,0.0,-0.004,False,False,-0.299,0.01,37.375,1247,151.01,,,,,0,False,False,0.0,False,8.0,5.13,20.0,
29.7,121028,267.663,-962.432,-0.005,4.083,30.0,1247,-1,143.25,False,-1,True,True,0.75,0.0,-0.003,False,False,-0.275,0.006,37.358,1247,151.01,,,,,0,False,False,0.0,False,7.8,5.06,20.0,
29.75,121029,267.826,-962.308,-0.005,4.097,30.0,1247,-1,143.46,False,-1,True,True,0.75,0.0,-0.003,False,False,-0.212,0.003,37.343,1247,151.01,,,,,0,False,False,0.0,False,7.59,5.04,20.0,
29.8,121030,267.991,-962.183,-0.006,4.146,30.0,1247,-1,143.66,False,-1,True,True,0.75,0.0,-0.002,False,False,-0.13,0.001,37.33,1247,151.01,,,,,0,False,False,0.0,False,7.38,5.05,20.0,
29.85,121031,268.158,-962.056,-0.007,4.218,30.0,1247,-1,143.87,False,-1,True,True,0.75,0.0,-0.002,False,False,-0.045,0.0,37.318,1247,151.01,,,,,0,False,False,0.0,False,7.17,5.07,20.0,
29.9,121032,268.328,-961.926,-0.008,4.304,30.0,1247,-1,144.09,False,-1,True,True,0.75,0.0,-0.002,False,False,0.031,-0.0,37.308,1247,151.01,,,,,0,False,False,0.0,False,6.96,5.11,20.0,
29.95,121033,268.502,-961.794,-0.008,4.398,30.0,1247,-1,144.31,False,-1,True,True,0.75,0.0,-0.001,False,False,0.095,-0.0,37.299,1247,151.01,,,,,0,False,False,0.0,False,6.74,5.15,20.0,
30.0,121034,268.68,-961.658,-0.009,4.497,30.0,1247,-1,144.53,False,-1,True,True,0.75,0.0,-0.001,False,False,0.145,-0.0,37.292,1247,151.01,,,,,0,False,False,0.0,False,6.52,5.2,20.0,
30.05,121035,268.862,-961.52,-0.009,4.598,30.0,1247,-1,144.76,False,-1,True,True,0.75,0.0,-0.001,False,False,0.183,-0.0,37.285,1247,151.01,,,,,0,False,False,0.0,False,6.29,5.25,20.0,
30.1,121036,269.047,-961.379,-0.009,4.702,30.0,1247,-1,144.99,False,-1,True,True,0.75,0.0,-0.001,False,False,0.211,-0.0,37.279,1247,151.01,,,,,0,False,False,0.0,False,6.06,5.3,20.0,
30.15,121037,269.237,-961.235,-0.009,4.806,30.0,1247,-1,145.23,False,-1,True,True,0.75,0.0,-0.001,False,False,0.23,-0.0,37.274,1247,151.01,,,,,0,False,False,0.0,False,5.82,5.35,20.0,
30.2,121038,269.431,-961.087,-0.009,4.91,30.0,1247,-1,145.47,False,-1,True,True,0.75,0.0,-0.001,False,False,0.243,-0.0,37.27,1247,151.01,,,,,0,False,False,0.0,False,5.57,5.4,20.0,
30.25,121039,269.629,-960.937,-0.009,5.014,30.0,1247,-1,145.72,False,-1,True,True,0.75,0.0,-0.001,False,False,0.251,-0.0,37.266,1247,151.01,,,,,0,False,False,0.0,False,5.33,5.46,20.0,
30.3,121040,269.831,-960.783,-0.009,5.119,30.0,1247,-1,145.98,False,-1,True,True,0.75,0.0,0.002,False,False,0.257,-0.006,37.273,1914,1.07,,,,,0,False,False,0.0,False,8.0,5.51,20.0,
30.35,121041,270.037,-960.626,-0.009,5.21,30.0,1247,-1,146.23,False,-1,True,True,0.75,0.0,-0.0,False,False,0.258,-0.004,37.26,1914,1.07,,,,,0,False,False,0.0,False,7.74,5.56,20.0,
30.4,121042,270.244,-960.469,-0.009,5.2,30.0,1247,-1,146.49,False,-1,True,True,0.75,0.0,0.001,False,False,0.232,-0.004,37.299,1914,1.07,,,,,0,False,False,0.0,False,7.48,5.61,20.0,
30.45,121043,270.45,-960.311,-0.009,5.183,30.0,1247,-1,146.75,False,-1,True,True,0.75,0.0,-0.003,False,False,0.187,0.003,37.253,1914,1.07,,,,,0,False,False,0.0,False,7.22,5.6,20.0,
30.5,121044,270.656,-960.155,-0.008,5.183,30.0,1247,-1,147.01,False,-1,True,True,0.75,0.0,0.004,False,False,0.147,-0.003,37.298,1914,1.07,,,,,0,False,False,0.0,False,6.96,5.59,20.0,
30.55,121045,270.862,-959.998,-0.008,5.199,30.0,1247,-1,147.27,False,-1,True,True,0.75,0.0,-0.004,False,False,0.123,0.003,37.252,1914,1.07,,,,,0,False,False,0.0,False,6.7,5.59,20.0,
30.6,121046,271.07,-959.84,-0.008,5.228,30.0,1247,-1,147.53,False,-1,True,True,0.75,0.0,0.004,False,False,0.113,-0.003,37.297,1914,1.07,,,,,0,False,False,0.0,False,6.44,5.6,20.0,
30.65,121047,271.278,-959.682,-0.008,5.223,30.0,1247,-1,147.79,False,-1,True,True,0.75,0.0,-0.004,False,False,0.103,0.002,37.255,1914,1.07,,,,,0,False,False,0.0,False,6.18,5.61,20.0,
30.7,121048,271.485,-959.524,-0.008,5.22,30.0,1247,-1,148.05,False,-1,True,True,0.75,0.0,0.003,False,False,0.092,-0.002,37.301,1914,1.07,,,,,0,False,False,0.0,False,5.92,5.61,20.0,
30.75,121049,271.7,-959.361,-0.008,5.576,30.0,1247,-1,148.32,False,-1,True,True,0.75,0.0,-0.004,False,False,0.152,0.004,37.295,1914,1.07,,,,,0,False,False,0.0,False,5.65,5.61,20.0,
30.8,121050,271.93,-959.179,-0.01,5.977,30.0,1247,-1,148.62,False,-1,True,True,0.0,0.044,0.096,False,False,0.305,-0.155,37.574,1914,3.22,,,,,0,False,False,0.0,False,7.43,5.79,20.0,
30.85,121051,272.17,-958.987,-0.011,6.223,30.0,1247,-1,148.92,False,-1,True,True,0.0,0.3,0.033,False,False,0.417,-0.217,37.93,1914,3.22,,,,,0,False,False,0.0,False,7.12,5.99,20.0,
30.9,121052,272.415,-958.791,-0.011,6.276,30.0,1247,-1,149.24,False,-1,True,True,0.0,0.3,0.015,False,False,0.429,-0.167,38.206,1914,3.22,,,,,0,False,False,0.0,False,6.81,6.11,20.0,
30.95,121053,272.658,-958.597,-0.01,6.194,30.0,1247,-1,149.55,False,-1,True,True,0.0,0.3,0.013,False,False,0.352,-0.115,38.344,1914,3.22,,,,,0,False,False,0.0,False,6.5,6.14,20.0,
31.0,121054,272.896,-958.407,-0.009,6.065,30.0,1247,-1,149.85,False,-1,True,True,0.0,0.3,0.019,False,False,0.235,-0.092,38.529,1914,3.22,,,,,0,False,False,0.0,False,6.19,6.1,20.0,
31.05,121055,273.128,-958.22,-0.008,5.908,30.0,1247,-1,150.15,False,-1,True,True,0.0,0.3,0.01,False,False,0.113,-0.067,38.612,1914,3.22,,,,,0,False,False,0.0,False,5.9,6.03,20.0,
31.1,121056,273.352,-958.037,-0.007,5.728,30.0,1247,-1,150.44,False,-1,True,True,0.0,0.3,0.037,False,False,0.004,-0.092,38.815,1356,1.85,,,,,0,False,False,0.0,False,8.63,5.95,20.0,
31.15,121057,273.569,-957.86,-0.006,5.537,30.0,1247,-1,150.72,False,-1,True,True,0.0,0.3,0.006,False,False,-0.088,-0.071,38.916,1356,1.85,,,,,0,False,False,0.0,False,8.35,5.86,20.0,
31.2,121058,273.779,-957.689,-0.006,5.367,30.0,1247,-1,150.99,False,-1,True,True,0.04,0.0,0.01,False,False,-0.154,-0.047,39.053,1356,1.85,,,,,0,False,False,0.0,False,8.08,5.77,20.0,
31.25,121059,273.983,-957.522,-0.005,5.222,30.0,1247,-1,151.25,False,-1,True,True,0.648,0.0,0.003,False,False,-0.19,-0.025,39.079,1356,1.85,,,,,0,False,False,0.0,False,7.82,5.68,20.0,
31.3,121060,274.182,-957.36,-0.005,5.094,30.0,1247,-1,151.51,False,-1,True,True,0.75,0.0,0.01,False,False,-0.204,-0.021,39.179,1356,1.85,,,,,0,False,False,0.0,False,7.56,5.61,20.0,
31.35,121061,274.378,-957.2,-0.005,5.052,30.0,1247,-1,151.76,False,-1,True,True,0.75,0.0,0.002,False,False,-0.189,-0.011,39.172,1356,1.85,,,,,0,False,False,0.0,False,7.31,5.55,20.0,
31.4,121062,274.573,-957.039,-0.006,5.046,30.0,1247,-1,152.02,False,-1,True,True,0.75,0.0,0.009,False,False,-0.14,-0.014,39.252,1356,1.85,,,,,0,False,False,0.0,False,7.05,5.53,20.0,
31.45,121063,274.766,-956.881,-0.006,4.865,30.0,1915,-1,0.03,True,1,True,False,0.75,0.0,0.001,False,False,-0.114,-0.007,39.263,1356,1.85,,,,,0,False,False,0.0,False,6.8,5.52,20.0,
31.5,121064,274.945,-956.735,-0.006,4.491,30.0,1915,-1,0.22,True,1,True,False,0.75,0.0,0.005,False,False,-0.195,-0.006,39.303,1356,1.85,,,,,0,False,False,0.0,False,6.57,5.43,20.0,
31.55,121065,275.112,-956.597,-0.005,4.26,30.0,1247,-1,152.71,False,-1,True,True,0.75,0.0,0.002,False,False,-0.272,-0.003,39.324,1356,1.85,,,,,0,False,False,0.0,False,6.36,5.25,20.0,
31.6,121066,275.273,-956.465,-0.005,4.145,30.0,1247,-1,152.92,False,-1,True,True,0.75,0.0,0.002,False,False,-0.295,-0.001,39.337,1356,1.85,,,,,0,False,False,0.0,False,6.15,5.13,20.0,
31.65,121067,275.433,-956.334,-0.005,4.111,30.0,1914,-1,0.12,True,1,True,True,0.75,0.0,0.002,False,False,-0.264,-0.001,39.349,1356,1.85,,,,,0,False,False,0.0,False,5.94,5.07,20.0,
31.7,121068,275.592,-956.203,-0.006,4.132,30.0,1914,-1,0.33,True,1,True,True,0.75,0.0,0.002,False,False,-0.197,-0.001,39.361,1356,1.85,,,,,0,False,False,0.0,False,5.73,5.06,20.0,
31.75,121069,275.754,-956.07,-0.006,4.186,30.0,1914,-1,0.54,True,1,True,True,0.75,0.0,0.002,False,False,-0.114,-0.001,39.37,1356,1.85,,,,,0,False,False,0.0,False,5.53,5.07,20.0,
31.8,121070,275.918,-955.935,-0.007,4.26,30.0,1914,-1,0.75,True,1,True,True,0.75,0.0,0.001,False,False,-0.031,-0.001,39.379,1356,1.85,,,,,0,False,False,0.0,False,5.31,5.09,20.0,
31.85,121071,276.085,-955.798,-0.008,4.347,30.0,1914,-1,1.08,True,1,True,True,0.75,0.0,0.001,False,False,0.043,-0.0,39.386,1356,1.85,,,,,0,False,False,0.0,False,5.1,5.13,20.0,
31.9,121072,276.256,-955.659,-0.008,4.441,30.0,1914,-1,1.3,True,1,True,True,0.75,0.0,-0.01,False,False,0.104,0.018,39.36,1356,5.56,,,,,0,False,False,0.0,False,8.58,5.17,20.0,
31.95,121073,276.43,-955.516,-0.009,4.541,30.0,1914,-1,1.52,True,1,True,True,0.75,0.0,0.001,False,False,0.152,0.015,39.342,1356,5.56,,,,,0,False,False,0.0,False,8.35,5.22,20.0,
32.0,121074,276.608,-955.37,-0.009,4.643,30.0,1914,-1,1.75,True,1,True,True,0.75,0.0,0.001,False,False,0.188,0.006,39.341,1356,5.56,,,,,0,False,False,0.0,False,8.12,5.27,20.0,
32.05,121075,276.791,-955.22,-0.009,4.746,30.0,1914,-1,2.13,True,1,True,True,0.75,0.0,-0.0,False,False,0.214,0.003,39.34,1356,5.56,,,,,0,False,False,0.0,False,7.89,5.32,20.0,
32.1,121076,276.977,-955.068,-0.009,4.85,30.0,1914,-1,2.37,True,1,True,True,0.75,0.0,-0.0,False,False,0.232,0.002,39.338,1356,5.56,,,,,0,False,False,0.0,False,7.65,5.37,20.0,
32.15,121077,277.167,-954.912,-0.009,4.954,30.0,1914,-1,2.62,True,1,True,True,0.75,0.0,-0.0,False,False,0.244,0.001,39.335,1356,5.56,,,,,0,False,False,0.0,False,7.4,5.42,20.0,
32.2,121078,277.361,-954.753,-0.009,5.058,30.0,1914,-1,2.87,True,1,True,True,0.75,0.0,-0.0,False,False,0.252,0.0,39.334,1356,5.56,,,,,0,False,False,0.0,False,7.15,5.48,20.0,
32.25,121079,277.559,-954.591,-0.009,5.168,30.0,1914,-1,3.12,True,1,True,True,0.75,0.0,-0.0,False,False,0.258,0.0,39.332,1356,5.56,,,,,0,False,False,0.0,False,6.89,5.53,20.0,
32.3,121080,277.761,-954.426,-0.009,5.221,30.0,1914,-1,3.38,True,1,True,True,0.75,0.0,-0.0,False,False,0.256,0.0,39.331,1356,5.56,,,,,0,False,False,0.0,False,6.63,5.58,20.0,
32.35,121081,277.967,-954.257,-0.009,5.398,30.0,1914,-1,3.65,True,1,True,True,0.75,0.0,-0.0,False,False,0.26,-0.0,39.327,1356,5.56,,,,,0,False,False,0.0,False,6.37,5.61,20.0,
32.4,121082,278.174,-954.087,-0.009,5.339,30.0,1914,-1,3.92,True,1,True,True,0.627,0.0,0.0,False,False,0.239,-0.001,39.344,1356,5.56,,,,,0,False,False,0.0,False,6.1,5.7,20.0,
32.45,121083,278.382,-953.917,-0.009,5.384,30.0,1914,-1,4.04,True,1,True,True,0.75,0.0,-0.002,False,False,0.198,0.002,39.318,1356,5.56,,,,,0,False,False,0.0,False,5.83,5.67,20.0,
32.5,121084,278.588,-953.749,-0.008,5.303,30.0,1914,-1,4.29,True,1,True,True,0.662,0.0,0.002,False,False,0.15,-0.002,39.353,1356,5.56,,,,,0,False,False,0.0,False,5.56,5.69,20.0,
32.55,121085,278.794,-953.578,-0.008,5.371,30.0,1356,-1,0.26,False,-1,True,True,0.75,0.0,0.014,False,False,0.122,-0.025,39.375,1356,9.26,,,,,0,False,False,0.0,False,9.0,5.65,20.0,
32.6,121086,278.999,-953.409,-0.008,5.315,30.0,1356,-1,0.52,False,-1,True,True,0.695,0.0,0.002,False,False,0.1,-0.026,39.45,1356,9.26,,,,,0,False,False,0.0,False,8.73,5.69,20.0,
32.65,121087,279.207,-953.238,-0.008,5.403,30.0,1356,-1,0.79,False,-1,True,True,0.75,0.0,-0.004,False,False,0.098,-0.009,39.443,1356,9.26,,,,,0,False,False,0.0,False,8.46,5.66,20.0,
32.7,121088,279.414,-953.068,-0.008,5.328,30.0,1356,-1,1.06,False,-1,True,True,0.571,0.0,0.002,False,False,0.086,-0.006,39.483,1356,9.26,,,,,0,False,False,0.0,False,8.2,5.7,20.0,
32.75,121089,279.621,-952.898,-0.008,5.395,30.0,1356,-1,1.33,False,-1,True,True,0.75,0.0,-0.002,False,False,0.083,-0.001,39.459,1356,9.26,,,,,0,False,False,0.0,False,7.93,5.66,20.0,
32.8,121090,279.838,-952.72,-0.009,5.757,30.0,1356,-1,1.61,False,-1,True,True,0.598,0.0,0.003,False,False,0.17,-0.006,39.513,1356,9.26,,,,,0,False,False,0.0,False,7.65,5.7,20.0,
32.85,121091,280.071,-952.527,-0.01,6.175,30.0,1356,-1,1.91,False,-1,True,True,0.0,0.3,-0.004,False,False,0.321,0.001,39.523,1356,9.26,,,,,0,False,False,0.0,False,7.34,5.88,20.0,
32.9,121092,280.313,-952.329,-0.011,6.261,30.0,1356,-1,2.23,False,-1,True,True,0.0,0.3,-0.001,False,False,0.394,0.003,39.517,1356,9.26,,,,,0,False,False,0.0,False,7.03,6.09,20.0,
32.95,121093,280.556,-952.128,-0.01,6.342,30.0,1356,-1,2.54,False,-1,True,True,0.0,0.3,0.0,False,False,0.383,-0.0,39.514,1356,9.26,,,,,0,False,False,0.0,False,6.72,6.13,20.0,
33.0,121094,280.797,-951.929,-0.01,6.194,30.0,1356,-1,2.85,False,-1,True,True,0.0,0.3,0.0,False,False,0.299,-0.003,39.52,1356,9.26,,,,,0,False,False,0.0,False,6.4,6.17,20.0,
33.05,121095,281.034,-951.734,-0.009,6.109,30.0,1356,-1,3.16,False,-1,True,True,0.0,0.3,-0.001,False,False,0.189,-0.003,39.498,1356,9.26,,,,,0,False,False,0.0,False,6.1,6.1,20.0,
33.1,121096,281.263,-951.545,-0.008,5.875,30.0,1356,-1,3.46,False,-1,True,True,0.0,0.3,0.002,False,False,0.068,-0.006,39.524,1356,9.26,,,,,0,False,False,0.0,False,5.8,6.05,20.0,
33.15,121097,281.488,-951.365,-0.007,5.732,30.0,1356,-1,3.75,False,-1,True,True,0.0,0.3,-0.098,False,False,-0.037,0.125,39.294,1356,12.97,,,,,0,False,False,0.0,False,9.51,5.94,20.0,
33.2,121098,281.707,-951.193,-0.006,5.469,30.0,1356,-1,4.02,False,-1,True,True,0.0,0.3,-0.037,False,False,-0.129,0.178,39.008,1356,12.97,,,,,0,False,False,0.0,False,9.23,5.87,20.0,
33.25,121099,281.918,-951.026,-0.005,5.36,30.0,1356,-1,4.29,False,-1,True,True,0.278,0.0,-0.023,False,False,-0.186,0.146,38.738,1356,12.97,,,,,0,False,False,0.0,False,8.96,5.73,20.0,
33.3,121100,282.124,-950.864,-0.005,5.162,30.0,1356,-1,4.55,False,-1,True,True,0.67,0.0,-0.016,False,False,-0.215,0.103,38.59,1356,12.97,,,,,0,False,False,0.0,False,8.7,5.68,20.0,
33.35,121101,282.326,-950.706,-0.005,5.124,30.0,1356,-1,4.81,False,-1,True,True,0.75,0.0,-0.02,False,False,-0.211,0.079,38.42,1356,12.97,,,,,0,False,False,0.0,False,8.44,5.58,20.0,
33.4,121102,282.526,-950.55,-0.005,5.037,30.0,1356,-1,5.06,False,-1,True,True,0.75,0.0,-0.013,False,False,-0.182,0.058,38.327,1356,12.97,,,,,0,False,False,0.0,False,8.19,5.56,20.0,
33.45,121103,282.726,-950.393,-0.006,5.105,30.0,1356,-1,5.32,False,-1,True,True,0.75,0.0,-0.015,False,False,-0.124,0.047,38.193,1356,12.97,,,,,0,False,False,0.0,False,7.93,5.52,20.0,
33.5,121104,282.922,-950.241,-0.006,4.819,30.0,1356,-1,5.57,False,-1,True,True,0.75,0.0,-0.008,False,False,-0.12,0.032,38.127,1356,12.97,,,,,0,False,False,0.0,False,7.69,5.55,20.0,
33.55,121105,283.104,-950.1,-0.006,4.501,30.0,1356,-1,5.8,False,-1,True,True,0.75,0.0,-0.011,False,False,-0.198,0.022,38.076,1356,12.97,,,,,0,False,False,0.0,False,7.46,5.41,20.0,
33.6,121106,283.276,-949.966,-0.005,4.316,30.0,1356,-1,6.02,False,-1,True,True,0.75,0.0,-0.01,False,False,-0.257,0.017,38.023,1356,12.97,,,,,0,False,False,0.0,False,7.24,5.25,20.0,
33.65,121107,283.445,-949.836,-0.005,4.233,30.0,1356,-1,6.23,False,-1,True,True,0.75,0.0,-0.008,False,False,-0.264,0.012,37.976,1356,12.97,,,,,0,False,False,0.0,False,7.03,5.16,20.0,
33.7,121108,283.612,-949.706,-0.005,4.221,30.0,1356,-1,6.44,False,-1,True,True,0.75,0.0,-0.007,False,False,-0.224,0.008,37.936,1356,12.97,,,,,0,False,False,0.0,False,6.81,5.12,20.0,
33.75,121109,283.78,-949.576,-0.006,4.254,30.0,1356,-1,6.65,False,-1,True,True,0.75,0.0,-0.006,False,False,-0.155,0.005,37.901,1356,12.97,,,,,0,False,False,0.0,False,6.6,5.11,20.0,
33.8,121110,283.95,-949.445,-0.007,4.314,30.0,1356,-1,6.87,False,-1,True,True,0.75,0.0,-0.005,False,False,-0.076,0.003,37.871,1356,12.97,,,,,0,False,False,0.0,False,6.39,5.13,20.0,
33.85,121111,284.123,-949.311,-0.007,4.392,30.0,1356,-1,7.09,False,-1,True,True,0.75,0.0,-0.004,False,False,0.001,0.001,37.844,1356,12.97,,,,,0,False,False,0.0,False,6.17,5.16,20.0,
33.9,121112,284.299,-949.175,-0.008,4.481,30.0,1356,-1,7.31,False,-1,True,True,0.75,0.0,-0.004,False,False,0.068,0.0,37.821,1356,12.97,,,,,0,False,False,0.0,False,5.94,5.2,20.0,
33.95,121113,284.479,-949.036,-0.008,4.576,30.0,1356,-1,7.54,False,-1,True,True,0.75,0.0,-0.004,False,False,0.123,0.001,37.8,1356,12.97,,,,,0,False,False,0.0,False,5.72,5.24,20.0,
34.0,121114,284.663,-948.894,-0.009,4.676,30.0,1356,-1,7.77,False,-1,True,True,0.75,0.0,-0.002,False,False,0.165,0.0,37.782,1356,12.97,,,,,0,False,False,0.0,False,5.49,5.29,20.0,
34.05,121115,284.851,-948.748,-0.009,4.777,30.0,1356,-1,8.01,False,-1,True,True,0.75,0.0,-0.002,False,False,0.197,-0.001,37.767,1356,12.97,,,,,0,False,False,0.0,False,5.25,5.34,20.0,
34.1,121116,285.044,-948.604,-0.009,4.868,30.0,1356,-1,8.25,False,-1,True,True,0.75,0.0,-0.102,False,False,0.217,0.11,37.567,1356,16.67,,,,,0,False,False,0.0,False,8.68,5.39,20.0,
34.15,121117,285.246,-948.462,-0.009,4.963,30.0,1356,-1,8.49,False,-1,True,True,0.75,0.0,-0.114,False,False,0.227,0.288,37.046,1356,16.67,,,,,0,False,False,0.0,False,8.44,5.43,20.0,
34.2,121118,285.452,-948.319,-0.009,5.069,30.0,1356,-1,8.74,False,-1,True,True,0.75,0.0,-0.073,False,False,0.237,0.33,36.516,1356,16.67,,,,,0,False,False,0.0,False,8.18,5.48,20.0,
34.25,121119,285.663,-948.173,-0.009,5.182,30.0,1356,-1,9.0,False,-1,True,True,0.75,0.0,-0.054,False,False,0.247,0.279,36.093,1356,16.67,,,,,0,False,False,0.0,False,7.93,5.53,20.0,
34.3,121120,285.877,-948.025,-0.009,5.213,30.0,1356,-1,9.26,False,-1,True,True,0.75,0.0,-0.049,False,False,0.241,0.218,35.704,1356,16.67,,,,,0,False,False,0.0,False,7.67,5.59,20.0,
34.35,121121,286.092,-947.878,-0.009,5.191,30.0,1356,-1,9.52,False,-1,True,True,0.75,0.0,-0.039,False,False,0.202,0.158,35.431,1356,16.67,,,,,0,False,False,0.0,False,7.41,5.61,20.0,
34.4,121122,286.305,-947.732,-0.008,5.183,30.0,1356,-1,9.78,False,-1,True,True,0.75,0.0,-0.038,False,False,0.16,0.119,35.109,1356,16.67,,,,,0,False,False,0.0,False,7.15,5.6,20.0,
34.45,121123,286.519,-947.586,-0.008,5.194,30.0,1356,-1,10.03,False,-1,True,True,0.75,0.0,-0.024,False,False,0.13,0.079,34.92,1356,16.67,,,,,0,False,False,0.0,False,6.89,5.59,20.0,
34.5,121124,286.735,-947.44,-0.008,5.217,30.0,1356,-1,10.29,False,-1,True,True,0.75,0.0,-0.027,False,False,0.115,0.06,34.678,1356,16.67,,,,,0,False,False,0.0,False,6.63,5.6,20.0,
34.55,121125,286.951,-947.294,-0.008,5.228,30.0,1356,-1,10.55,False,-1,True,True,0.75,0.0,-0.016,False,False,0.108,0.038,34.555,1356,16.67,,,,,0,False,False,0.0,False,6.37,5.61,20.0,
34.6,121126,287.167,-947.147,-0.008,5.224,30.0,1356,-1,10.81,False,-1,True,True,0.75,0.0,-0.02,False,False,0.097,0.031,34.372,1356,16.67,,,,,0,False,False,0.0,False,6.11,5.61,20.0,
34.65,121127,287.386,-947.0,-0.008,5.377,30.0,1356,-1,11.08,False,-1,True,True,0.75,0.0,-0.01,False,False,0.105,0.018,34.276,1356,16.67,,,,,0,False,False,0.0,False,5.84,5.61,20.0,
34.7,121128,287.622,-946.841,-0.009,5.846,30.0,1356,-1,11.36,False,-1,True,True,0.675,0.0,-0.013,False,False,0.246,0.02,34.132,1356,16.67,,,,,0,False,False,0.0,False,5.56,5.69,20.0,
34.75,121129,287.877,-946.676,-0.01,6.167,30.0,1356,-1,11.66,False,-1,True,True,0.0,0.3,-0.113,False,False,0.388,0.162,33.825,1356,20.38,,,,,0,False,False,0.0,False,8.95,5.92,20.0,
34.8,121130,288.142,-946.508,-0.011,6.327,30.0,1356,-1,11.97,False,-1,True,True,0.0,0.3,-0.05,False,False,0.448,0.247,33.34,1356,20.38,,,,,0,False,False,0.0,False,8.64,6.08,20.0,
34.85,121131,288.409,-946.338,-0.011,6.323,30.0,1356,-1,12.13,False,-1,True,True,0.0,0.3,-0.02,False,False,0.415,0.193,33.029,1356,20.38,,,,,0,False,False,0.0,False,8.32,6.16,20.0,
34.9,121132,288.673,-946.17,-0.01,6.218,30.0,1356,-1,12.44,False,-1,True,True,0.0,0.3,-0.023,False,False,0.314,0.142,32.746,1356,20.38,,,,,0,False,False,0.0,False,8.01,6.16,20.0,
34.95,121133,288.931,-946.007,-0.009,6.079,30.0,1356,-1,12.75,False,-1,True,True,0.0,0.3,-0.017,False,False,0.19,0.101,32.589,1356,20.38,,,,,0,False,False,0.0,False,7.71,6.11,20.0,
35.0,121134,289.184,-945.849,-0.008,5.91,30.0,1356,-1,13.0,False,-1,True,True,0.0,0.3,-0.02,False,False,0.071,0.082,32.386,1356,20.38,,,,,0,False,False,0.0,False,7.41,6.04,20.0,
35.05,121135,289.429,-945.696,-0.007,5.726,30.0,1356,-1,13.26,False,-1,True,True,0.0,0.3,-0.011,False,False,-0.032,0.058,32.292,1356,20.38,,,,,0,False,False,0.0,False,7.12,5.96,20.0,
35.1,121136,289.666,-945.547,-0.006,5.528,30.0,1356,-1,13.54,False,-1,True,True,0.0,0.3,-0.015,False,False,-0.117,0.047,32.141,1356,20.38,,,,,0,False,False,0.0,False,6.84,5.86,20.0,
35.15,121137,289.896,-945.405,-0.005,5.357,30.0,1356,-1,13.81,False,-1,True,True,0.064,0.0,-0.006,False,False,-0.178,0.031,32.094,1356,20.38,,,,,0,False,False,0.0,False,6.57,5.76,20.0,
35.2,121138,290.119,-945.266,-0.005,5.21,30.0,1356,-1,14.08,False,-1,True,True,0.679,0.0,-0.012,False,False,-0.208,0.027,31.978,1356,20.38,,,,,0,False,False,0.0,False,6.31,5.68,20.0,
35.25,121139,290.337,-945.131,-0.005,5.103,30.0,1356,-1,14.33,False,-1,True,True,0.75,0.0,-0.003,False,False,-0.215,0.017,31.965,1356,20.38,,,,,0,False,False,0.0,False,6.05,5.61,20.0,
35.3,121140,290.554,-944.996,-0.006,5.104,30.0,1356,-1,14.59,False,-1,True,True,0.75,0.0,-0.01,False,False,-0.175,0.018,31.878,1356,20.38,,,,,0,False,False,0.0,False,5.79,5.55,20.0,
35.35,121141,290.772,-944.862,-0.006,5.101,30.0,1356,-1,14.84,False,-1,True,True,0.75,0.0,-0.002,False,False,-0.12,0.011,31.885,1356,20.38,,,,,0,False,False,0.0,False,5.54,5.55,20.0,
35.4,121142,290.978,-944.737,-0.006,4.644,30.0,1356,-1,15.08,False,-1,True,True,0.75,0.0,-0.102,False,False,-0.175,0.086,31.677,1356,24.08,,,,,0,False,False,0.0,False,9.0,5.55,20.0,
35.45,121143,291.168,-944.624,-0.005,4.333,30.0,1356,-1,15.3,False,-1,True,True,0.75,0.0,-0.024,False,False,-0.271,0.116,31.445,1356,24.08,,,,,0,False,False,0.0,False,8.78,5.32,20.0,
35.5,121144,291.349,-944.517,-0.004,4.155,30.0,1356,-1,15.51,False,-1,True,True,0.75,0.0,-0.024,False,False,-0.324,0.095,31.295,1356,24.08,,,,,0,False,False,0.0,False,8.57,5.17,20.0,
35.55,121145,291.525,-944.412,-0.005,4.078,30.0,1356,-1,15.72,False,-1,True,True,0.75,0.0,-0.014,False,False,-0.316,0.062,31.194,1356,24.08,,,,,0,False,False,0.0,False,8.36,5.08,20.0,
35.6,121146,291.701,-944.308,-0.005,4.071,30.0,1356,-1,15.92,False,-1,True,True,0.75,0.0,-0.014,False,False,-0.26,0.039,31.114,1356,24.08,,,,,0,False,False,0.0,False,8.16,5.04,20.0,
35.65,121147,291.877,-944.203,-0.006,4.109,30.0,1356,-1,16.13,False,-1,True,True,0.75,0.0,-0.013,False,False,-0.177,0.025,31.041,1356,24.08,,,,,0,False,False,0.0,False,7.95,5.04,20.0,
35.7,121148,292.056,-944.097,-0.007,4.173,30.0,1356,-1,16.34,False,-1,True,True,0.75,0.0,-0.011,False,False,-0.088,0.016,30.977,1356,24.08,,,,,0,False,False,0.0,False,7.75,5.05,20.0,
35.75,121149,292.238,-943.989,-0.007,4.254,30.0,1356,-1,16.55,False,-1,True,True,0.75,0.0,-0.009,False,False,-0.004,0.01,30.92,1356,24.08,,,,,0,False,False,0.0,False,7.53,5.09,20.0,
35.8,121150,292.424,-943.879,-0.008,4.345,30.0,1356,-1,16.76,False,-1,True,True,0.75,0.0,-0.008,False,False,0.067,0.005,30.87,1356,24.08,,,,,0,False,False,0.0,False,7.32,5.13,20.0,
35.85,121151,292.614,-943.767,-0.008,4.443,30.0,1356,-1,16.99,False,-1,True,True,0.75,0.0,-0.008,False,False,0.125,0.005,30.823,1356,24.08,,,,,0,False,False,0.0,False,7.1,5.17,20.0,
35.9,121152,292.808,-943.652,-0.009,4.544,30.0,1356,-1,17.21,False,-1,True,True,0.75,0.0,-0.005,False,False,0.168,0.002,30.784,1356,24.08,,,,,0,False,False,0.0,False,6.87,5.22,20.0,
35.95,121153,293.007,-943.535,-0.009,4.647,30.0,1356,-1,17.44,False,-1,True,True,0.75,0.0,-0.005,False,False,0.201,-0.0,30.752,1356,24.08,,,,,0,False,False,0.0,False,6.64,5.27,20.0,
36.0,121154,293.21,-943.415,-0.009,4.751,30.0,1356,-1,17.68,False,-1,True,True,0.75,0.0,-0.004,False,False,0.223,-0.001,30.724,1356,24.08,,,,,0,False,False,0.0,False,6.41,5.32,20.0,
36.05,121155,293.417,-943.292,-0.009,4.855,30.0,1356,-1,17.92,False,-1,True,True,0.75,0.0,-0.003,False,False,0.239,-0.001,30.7,1356,24.08,,,,,0,False,False,0.0,False,6.16,5.38,20.0,
36.1,121156,293.629,-943.167,-0.009,4.96,30.0,1356,-1,18.16,False,-1,True,True,0.75,0.0,-0.003,False,False,0.249,-0.001,30.679,1356,24.08,,,,,0,False,False,0.0,False,5.92,5.43,20.0,
36.15,121157,293.845,-943.039,-0.009,5.064,30.0,1356,-1,18.41,False,-1,True,True,0.75,0.0,-0.002,False,False,0.255,-0.001,30.662,1356,24.08,,,,,0,False,False,0.0,False,5.67,5.48,20.0,
36.2,121158,294.065,-942.909,-0.009,5.151,30.0,1356,-1,18.67,False,-1,True,True,0.75,0.0,-0.002,False,False,0.258,-0.001,30.646,1356,24.08,,,,,0,False,False,0.0,False,5.41,5.53,20.0,
36.25,121159,294.292,-942.779,-0.009,5.296,30.0,1356,-1,18.93,False,-1,True,True,0.75,0.0,-0.066,False,False,0.259,0.104,30.466,1356,27.79,,,,,0,False,False,0.0,False,8.86,5.58,20.0,
36.3,121160,294.522,-942.647,-0.009,5.316,30.0,1356,-1,19.2,False,-1,True,True,0.75,0.0,-0.005,False,False,0.253,0.094,30.3,1356,27.79,,,,,0,False,False,0.0,False,8.59,5.65,20.0,
36.35,121161,294.754,-942.512,-0.009,5.376,30.0,1356,-1,19.46,False,-1,True,True,0.75,0.0,-0.0,False,False,0.231,0.044,30.209,1356,27.79,,,,,0,False,False,0.0,False,8.32,5.66,20.0,
36.4,121162,294.984,-942.379,-0.009,5.295,30.0,1356,-1,19.73,False,-1,True,True,0.697,0.0,-0.003,False,False,0.183,0.017,30.199,1356,27.79,,,,,0,False,False,0.0,False,8.06,5.69,20.0,
36.45,121163,295.215,-942.246,-0.008,5.366,30.0,1356,-1,20.0,False,-1,True,True,0.75,0.0,-0.008,False,False,0.15,0.015,30.136,1356,27.79,,,,,0,False,False,0.0,False,7.79,5.65,20.0,
36.5,121164,295.445,-942.113,-0.008,5.312,30.0,1356,-1,20.26,False,-1,True,True,0.72,0.0,-0.002,False,False,0.122,0.008,30.134,1356,27.79,,,,,0,False,False,0.0,False,7.52,5.68,20.0,
36.55,121165,295.678,-941.979,-0.008,5.393,30.0,1356,-1,20.53,False,-1,True,True,0.75,0.0,-0.007,False,False,0.114,0.009,30.077,1356,27.79,,,,,0,False,False,0.0,False,7.26,5.66,20.0,
36.6,121166,295.909,-941.845,-0.008,5.321,30.0,1356,-1,20.8,False,-1,True,True,0.611,0.0,-0.001,False,False,0.096,0.003,30.08,1356,27.79,,,,,0,False,False,0.0,False,6.99,5.7,20.0,
36.65,121167,296.142,-941.711,-0.008,5.432,30.0,1356,-1,21.07,False,-1,True,True,0.75,0.0,-0.005,False,False,0.093,0.005,30.034,1356,27.79,,,,,0,False,False,0.0,False,6.72,5.66,20.0,
36.7,121168,296.389,-941.568,-0.009,5.836,30.0,1356,-1,21.35,False,-1,True,True,0.466,0.0,-0.0,False,False,0.206,0.001,29.991,1356,27.79,,,,,0,False,False,0.0,False,6.43,5.72,20.0,
36.75,121169,296.653,-941.416,-0.01,6.219,30.0,1356,-1,21.66,False,-1,True,True,0.0,0.3,0.001,False,False,0.349,-0.004,29.974,1356,27.79,,,,,0,False,False,0.0,False,6.13,5.92,20.0,
36.8,121170,296.925,-941.259,-0.011,6.266,30.0,1356,-1,21.97,False,-1,True,True,0.0,0.3,-0.0,False,False,0.4,-0.003,29.966,1356,27.79,,,,,0,False,False,0.0,False,5.81,6.11,20.0,
36.85,121171,297.199,-941.104,-0.01,6.317,30.0,1356,-1,22.29,False,-1,True,True,0.0,0.3,-0.037,False,False,0.37,0.069,29.844,1356,31.5,,,,,0,False,False,0.0,False,9.2,6.13,20.0,
36.9,121172,297.469,-940.95,-0.009,6.152,30.0,1356,-1,22.6,False,-1,True,True,0.0,0.3,-0.0,False,False,0.274,0.06,29.733,1356,31.5,,,,,0,False,False,0.0,False,8.89,6.16,20.0,
36.95,121173,297.733,-940.8,-0.008,6.061,30.0,1356,-1,22.9,False,-1,True,True,0.0,0.3,0.003,False,False,0.162,0.025,29.715,1356,31.5,,,,,0,False,False,0.0,False,8.59,6.08,20.0,
37.0,121174,297.989,-940.654,-0.007,5.821,30.0,1356,-1,23.2,False,-1,True,True,0.0,0.3,-0.004,False,False,0.042,0.015,29.668,1356,31.5,,,,,0,False,False,0.0,False,8.3,6.03,20.0,
37.05,121175,298.238,-940.512,-0.007,5.688,30.0,1356,-1,23.48,False,-1,True,True,0.0,0.3,-0.0,False,False,-0.055,0.008,29.678,1356,31.5,,,,,0,False,False,0.0,False,8.01,5.91,20.0,
37.1,121176,298.478,-940.376,-0.006,5.422,30.0,1356,-1,23.76,False,-1,True,True,0.0,0.3,-0.004,False,False,-0.141,0.009,29.634,1356,31.5,,,,,0,False,False,0.0,False,7.73,5.84,20.0,
37.15,121177,298.71,-940.244,-0.005,5.312,30.0,1356,-1,24.02,False,-1,True,True,0.449,0.0,0.001,False,False,-0.194,0.004,29.648,1356,31.5,,,,,0,False,False,0.0,False,7.47,5.71,20.0,
37.2,121178,298.935,-940.116,-0.005,5.112,30.0,1356,-1,24.28,False,-1,True,True,0.75,0.0,-0.004,False,False,-0.221,0.005,29.602,1356,31.5,,,,,0,False,False,0.0,False,7.21,5.66,20.0,
37.25,121179,299.156,-939.99,-0.005,5.076,30.0,1356,-1,24.54,False,-1,True,True,0.75,0.0,0.002,False,False,-0.215,-0.001,29.617,1356,31.5,,,,,0,False,False,0.0,False,6.95,5.56,20.0,
37.3,121180,299.375,-939.866,-0.005,5.002,30.0,1356,-1,24.79,False,-1,True,True,0.75,0.0,-0.003,False,False,-0.179,0.001,29.567,1356,31.5,,,,,0,False,False,0.0,False,6.7,5.54,20.0,
37.35,121181,299.595,-939.741,-0.006,5.061,30.0,1356,-1,25.04,False,-1,True,True,0.75,0.0,0.003,False,False,-0.122,-0.003,29.563,1356,31.5,,,,,0,False,False,0.0,False,6.45,5.5,20.0,
37.4,121182,299.806,-939.621,-0.006,4.701,30.0,1356,-1,25.29,False,-1,True,True,0.75,0.0,0.0,False,False,-0.139,-0.003,29.567,1356,31.5,,,,,0,False,False,0.0,False,6.21,5.53,20.0,
37.45,121183,300.002,-939.51,-0.005,4.408,30.0,1356,-1,25.51,False,-1,True,True,0.75,0.0,-0.0,False,False,-0.221,0.0,29.567,1356,31.5,,,,,0,False,False,0.0,False,5.98,5.35,20.0,
37.5,121184,300.189,-939.404,-0.005,4.243,30.0,1356,-1,25.73,False,-1,True,True,0.75,0.0,-0.0,False,False,-0.272,0.002,29.566,1356,31.5,,,,,0,False,False,0.0,False,5.77,5.2,20.0,
37.55,121185,300.371,-939.3,-0.005,4.175,30.0,1356,-1,25.94,False,-1,True,True,0.75,0.0,-0.0,False,False,-0.268,0.002,29.566,1356,31.5,,,,,0,False,False,0.0,False,5.56,5.12,20.0,
37.6,121186,300.553,-939.197,-0.005,4.174,30.0,1356,-1,26.14,False,-1,True,True,0.75,0.0,-0.0,False,False,-0.219,0.002,29.565,1356,31.5,,,,,0,False,False,0.0,False,5.35,5.09,20.0,
37.65,121187,300.736,-939.093,-0.006,4.213,30.0,1356,-1,26.35,False,-1,True,True,0.75,0.0,0.0,False,False,-0.145,0.002,29.565,1356,31.5,,,,,0,False,False,0.0,False,5.14,5.09,20.0,
37.7,121188,300.921,-938.988,-0.007,4.278,30.0,1356,-1,26.57,False,-1,True,True,0.75,0.0,-0.0,False,False,-0.064,0.001,29.565,1356,31.5,,,,,0,False,False,0.0,False,4.92,5.11,20.0,
37.75,121189,301.111,-938.883,-0.007,4.358,30.0,1356,-1,26.78,False,-1,True,True,0.75,0.0,-0.023,False,False,0.013,0.038,29.497,1356,35.2,,,,,0,False,False,0.0,False,8.41,5.14,20.0,
37.8,121190,301.304,-938.774,-0.008,4.449,30.0,1356,-1,27.01,False,-1,True,True,0.75,0.0,-0.0,False,False,0.078,0.031,29.449,1356,35.2,,,,,0,False,False,0.0,False,8.19,5.18,20.0,
37.85,121191,301.5,-938.663,-0.008,4.546,30.0,1356,-1,27.23,False,-1,True,True,0.75,0.0,-0.0,False,False,0.131,0.014,29.436,1356,35.2,,,,,0,False,False,0.0,False,7.97,5.22,20.0,
37.9,121192,301.702,-938.55,-0.009,4.646,30.0,1356,-1,27.46,False,-1,True,True,0.75,0.0,-0.002,False,False,0.172,0.007,29.425,1356,35.2,,,,,0,False,False,0.0,False,7.73,5.27,20.0,
37.95,121193,301.907,-938.435,-0.009,4.749,30.0,1356,-1,27.7,False,-1,True,True,0.75,0.0,-0.002,False,False,0.202,0.004,29.413,1356,35.2,,,,,0,False,False,0.0,False,7.5,5.32,20.0,
38.0,121194,302.117,-938.317,-0.009,4.852,30.0,1356,-1,27.94,False,-1,True,True,0.75,0.0,-0.002,False,False,0.224,0.002,29.401,1356,35.2,,,,,0,False,False,0.0,False,7.26,5.37,20.0,
38.05,121195,302.331,-938.196,-0.009,4.956,30.0,1356,-1,28.18,False,-1,True,True,0.75,0.0,-0.001,False,False,0.238,0.001,29.392,1356,35.2,,,,,0,False,False,0.0,False,7.01,5.43,20.0,
38.1,121196,302.55,-938.073,-0.009,5.059,30.0,1356,-1,28.44,False,-1,True,True,0.75,0.0,-0.001,False,False,0.248,0.0,29.384,1356,35.2,,,,,0,False,False,0.0,False,6.76,5.48,20.0,
38.15,121197,302.773,-937.948,-0.009,5.17,30.0,1356,-1,28.69,False,-1,True,True,0.75,0.0,-0.001,False,False,0.255,-0.0,29.377,1356,35.2,,,,,0,False,False,0.0,False,6.51,5.53,20.0,
38.2,121198,303.0,-937.82,-0.009,5.222,30.0,1356,-1,28.95,False,-1,True,True,0.75,0.0,-0.001,False,False,0.254,-0.0,29.371,1356,35.2,,,,,0,False,False,0.0,False,6.24,5.58,20.0,
38.25,121199,303.233,-937.689,-0.009,5.394,30.0,1356,-1,29.22,False,-1,True,True,0.75,0.0,-0.001,False,False,0.258,-0.0,29.372,1356,35.2,,,,,0,False,False,0.0,False,5.98,5.61,20.0,
38.3,121200,303.466,-937.558,-0.009,5.312,30.0,1356,-1,29.49,False,-1,True,True,0.642,0.0,-0.001,False,False,0.23,0.001,29.345,1356,35.2,,,,,0,False,False,0.0,False,5.71,5.7,20.0,
38.35,121201,303.698,-937.427,-0.009,5.361,30.0,1356,-1,29.75,False,-1,True,True,0.75,0.0,0.002,False,False,0.188,-0.003,29.366,1356,35.2,,,,,0,False,False,0.0,False,5.44,5.66,20.0,
38.4,121202,303.927,-937.294,-0.008,5.278,30.0,1356,-1,30.02,False,-1,True,True,0.745,0.0,0.102,False,False,0.141,-0.112,29.501,1917,1.48,,,,,0,False,False,0.0,False,7.2,5.68,20.0,
38.45,121203,304.153,-937.154,-0.008,5.348,30.0,1356,-1,30.28,False,-1,True,True,0.75,0.0,0.141,False,False,0.113,-0.322,30.054,1917,1.48,,,,,0,False,False,0.0,False,6.93,5.64,20.0,
38.5,121204,304.377,-937.012,-0.008,5.295,30.0,1356,-1,30.55,False,-1,True,True,0.75,0.0,0.092,False,False,0.094,-0.388,30.656,1917,1.48,,,,,0,False,False,0.0,False,6.67,5.67,20.0,
38.55,121205,304.601,-936.868,-0.008,5.36,30.0,1356,-1,30.81,False,-1,True,True,0.75,0.0,0.069,False,False,0.088,-0.346,31.245,1917,1.48,,,,,0,False,False,0.0,False,6.4,5.65,20.0,
38.6,121206,304.824,-936.724,-0.008,5.29,30.0,1356,-1,31.08,False,-1,True,True,0.729,0.0,0.052,False,False,0.075,-0.27,31.678,1917,1.48,,,,,0,False,False,0.0,False,6.14,5.68,20.0,
38.65,121207,305.059,-936.571,-0.009,5.805,30.0,1356,-1,31.36,False,-1,True,True,0.75,0.0,0.049,False,False,0.173,-0.226,32.127,1917,1.48,,,,,0,False,False,0.0,False,5.86,5.64,20.0,
38.7,121208,305.307,-936.402,-0.01,6.089,30.0,1356,-1,31.66,False,-1,True,True,0.0,0.3,0.149,False,False,0.319,-0.342,32.751,1355,1.87,,,,,0,False,False,0.0,False,9.59,5.9,20.0,
38.75,121209,305.557,-936.216,-0.011,6.312,30.0,1356,-1,31.97,False,-1,True,True,0.0,0.3,0.245,False,False,0.396,-0.639,33.885,1355,1.87,,,,,0,False,False,0.0,False,9.28,6.04,20.0,
38.8,121210,305.801,-936.019,-0.01,6.27,30.0,1356,-1,32.28,False,-1,True,True,0.0,0.3,0.245,False,False,0.372,-0.902,35.459,1355,1.87,,,,,0,False,False,0.0,False,8.96,6.16,20.0,
38.85,121211,306.069,-935.841,0.006,6.295,30.0,1356,-1,32.6,False,-1,True,True,0.0,0.3,0.085,False,False,1.325,2.62,36.869,1355,1.87,,,,,0,False,False,0.0,False,8.65,6.13,20.0,
38.9,121212,306.304,-935.612,0.046,6.187,30.0,1356,-1,32.91,False,-1,True,True,0.0,0.3,0.072,False,False,3.232,-0.284,37.855,1355,1.87,,,,,0,False,False,0.0,False,8.32,6.15,20.0,
38.95,121213,306.539,-935.417,0.066,5.937,30.0,1356,-1,33.21,False,-1,True,True,0.0,0.3,0.037,False,False,3.703,-0.372,38.613,1355,1.87,,,,,0,False,False,0.0,False,8.01,6.09,20.0,
39.0,121214,306.764,-935.23,0.076,5.793,30.0,1356,-1,33.5,False,-1,True,True,0.0,0.3,0.04,False,False,3.793,-0.305,39.158,1355,1.87,,,,,0,False,False,0.0,False,7.72,5.97,20.0,
39.05,121215,306.98,-935.049,0.08,5.552,30.0,1356,-1,33.78,False,-1,True,True,0.0,0.3,0.039,False,False,3.723,-0.235,39.55,1355,1.87,,,,,0,False,False,0.0,False,7.44,5.9,20.0,
39.1,121216,307.188,-934.872,0.081,5.441,30.0,1356,-1,34.04,False,-1,True,True,0.0,0.022,0.037,False,False,3.632,-0.196,39.904,1355,1.87,,,,,1,True,False,0.0,False,7.17,5.78,20.0,
39.15,121217,307.389,-934.7,0.08,5.226,30.0,1356,-1,34.3,False,-1,True,True,0.374,0.0,0.028,False,False,3.548,-0.154,40.142,1355,1.87,,,,,1,True,False,0.0,False,6.9,5.72,20.0,
39.2,121218,307.585,-934.531,0.077,5.156,30.0,1356,-1,34.56,False,-1,True,True,0.75,0.0,0.028,False,False,3.501,-0.132,40.384,1355,1.87,,,,,0,False,False,0.0,False,6.64,5.61,20.0,
39.25,121219,307.777,-934.364,0.075,5.06,30.0,1356,-1,34.81,False,-1,True,True,0.75,0.0,0.02,False,False,3.479,-0.101,40.537,1355,1.87,,,,,0,False,False,0.0,False,6.39,5.58,20.0,
39.3,121220,307.969,-934.218,0.099,5.028,30.0,1356,-1,35.04,False,-1,True,True,0.75,0.0,0.02,False,False,2.18,1.743,40.684,1355,1.87,,,,,0,False,False,0.0,False,6.15,5.53,20.0,
39.35,121221,308.134,-934.051,0.126,4.896,30.0,1356,-1,35.27,False,-1,True,True,0.75,0.0,0.031,False,False,0.497,-0.129,40.946,1355,1.87,,,,,0,False,False,0.0,False,5.91,5.51,20.0,
39.4,121222,308.302,-933.89,0.132,4.877,30.0,1356,-1,35.49,False,-1,True,True,0.75,0.0,-0.013,False,False,-0.778,-2.104,41.35,1355,1.87,,,,,0,False,False,0.0,False,5.68,5.45,20.0,
39.45,121223,308.474,-933.737,0.127,4.645,30.0,1356,-1,35.72,False,-1,True,True,0.75,0.0,-0.036,False,False,-1.717,-3.647,41.437,1355,1.87,,,,,0,False,False,0.0,False,5.45,5.44,20.0,
39.5,121224,308.643,-933.597,0.121,4.4,30.0,1356,-1,35.93,False,-1,True,True,0.75,0.0,-0.012,False,False,-2.188,-4.292,41.406,1355,1.87,,,,,0,False,False,0.0,False,5.23,5.32,20.0,
39.55,121225,308.807,-933.459,0.115,4.264,30.0,1917,-1,0.9,True,107,True,True,0.75,0.0,0.005,False,False,-2.322,-4.578,41.436,1355,1.87,,,,,0,False,False,0.0,False,5.02,5.2,20.0,
39.6,121226,308.972,-933.327,0.107,4.248,30.0,1917,-1,1.09,True,107,True,True,0.75,0.0,-0.095,False,False,-2.454,-4.007,41.272,1355,5.61,,,,,0,False,False,0.0,False,8.53,5.13,20.0,
39.65,121227,309.138,-933.2,0.094,4.273,30.0,1917,-1,1.27,True,107,True,True,0.75,0.0,-0.062,False,False,-2.903,-2.47,40.929,1355,5.61,,,,,0,False,False,0.0,False,8.33,5.12,20.0,
39.7,121228,309.301,-933.065,0.082,4.317,30.0,1917,-1,1.46,True,107,True,True,0.75,0.0,-0.034,False,False,-3.212,-1.493,40.68,1355,5.61,,,,,0,False,False,0.0,False,8.11,5.14,20.0,
39.75,121229,309.466,-932.926,0.075,4.375,30.0,1917,-1,1.65,True,107,True,True,0.75,0.0,-0.037,False,False,-3.352,-0.895,40.472,1355,5.61,,,,,0,False,False,0.0,False,7.9,5.16,20.0,
39.8,121230,309.636,-932.784,0.07,4.449,30.0,1917,-1,1.85,True,107,True,True,0.75,0.0,-0.034,False,False,-3.399,-0.51,40.275,1355,5.61,,,,,0,False,False,0.0,False,7.68,5.19,20.0,
39.85,121231,309.809,-932.641,0.067,4.533,30.0,1917,-1,2.05,True,107,True,True,0.75,0.0,-0.029,False,False,-3.397,-0.273,40.097,1355,5.61,,,,,1,True,False,0.0,False,7.45,5.22,20.0,
39.9,121232,309.986,-932.493,0.063,4.621,30.0,1917,-1,2.26,True,107,True,True,0.75,0.0,-0.024,False,False,-3.234,-0.308,39.934,1355,5.61,,,,,1,True,False,0.0,False,7.22,5.27,20.0,
39.95,121233,310.168,-932.341,0.054,4.705,30.0,1917,-1,2.47,True,107,True,True,0.75,0.0,-0.021,False,False,-2.795,-0.682,39.77,1355,5.61,,,,,1,True,False,0.0,False,6.98,5.31,20.0,
40.0,121234,310.354,-932.186,0.042,4.79,30.0,1917,-1,2.68,True,107,True,True,0.75,0.0,-0.017,False,False,-2.204,-1.234,39.616,1355,5.61,,,,,1,True,False,0.0,False,6.74,5.35,20.0,
40.05,121235,310.545,-932.03,0.032,4.88,30.0,1917,-1,2.9,True,107,True,True,0.75,0.0,-0.013,False,False,-1.724,-1.654,39.488,1355,5.61,,,,,0,False,False,0.0,False,6.5,5.4,20.0,
40.1,121236,310.739,-931.874,0.027,4.986,30.0,1917,-1,2.97,True,107,True,True,0.75,0.0,-0.009,False,False,-1.498,-1.841,39.397,1355,5.61,,,,,0,False,False,0.0,False,6.25,5.44,20.0,
40.15,121237,310.94,-931.716,0.019,5.079,30.0,1916,-1,8.44,True,107,True,False,0.75,0.0,-0.008,False,False,-1.086,-1.552,39.338,1355,5.61,,,,,0,False,False,0.0,False,5.99,5.49,20.0,
40.2,121238,311.144,-931.552,0.01,5.216,30.0,1916,-1,8.67,True,107,True,False,0.75,0.0,-0.005,False,False,-0.654,-1.181,39.288,1355,5.61,,,,,0,False,False,0.0,False,5.73,5.54,20.0,
40.25,121239,311.347,-931.388,0.004,5.14,30.0,1916,-1,9.06,True,107,True,False,0.75,0.0,-0.005,False,False,-0.367,-0.875,39.272,1355,5.61,,,,,0,False,False,0.0,False,5.47,5.61,20.0,
40.3,121240,311.551,-931.226,-0.001,5.193,30.0,1916,-1,9.29,True,107,True,False,0.75,0.0,-0.105,False,False,-0.195,-0.523,39.059,1355,9.35,,,,,0,False,False,0.0,False,8.94,5.57,20.0,
40.35,121241,311.755,-931.067,-0.004,5.119,30.0,1355,-1,0.67,False,-1,True,True,0.75,0.0,-0.031,False,False,-0.096,-0.289,38.808,1355,9.35,,,,,0,False,False,0.0,False,8.68,5.6,20.0,
40.4,121242,311.958,-930.907,-0.006,5.213,30.0,1355,-1,0.92,False,-1,True,True,0.75,0.0,-0.019,False,False,-0.023,-0.186,38.586,1355,9.35,,,,,0,False,False,0.0,False,8.43,5.56,20.0,
40.45,121243,312.163,-930.746,-0.007,5.163,30.0,1355,-1,1.18,False,-1,True,True,0.75,0.0,-0.014,False,False,0.022,-0.127,38.474,1355,9.35,,,,,0,False,False,0.0,False,8.17,5.61,20.0,
40.5,121244,312.368,-930.586,-0.007,5.231,30.0,1355,-1,1.44,False,-1,True,True,0.75,0.0,-0.018,False,False,0.05,-0.075,38.321,1355,9.35,,,,,0,False,False,0.0,False,7.91,5.58,20.0,
40.55,121245,312.572,-930.426,-0.008,5.156,30.0,1355,-1,1.7,False,-1,True,True,0.75,0.0,-0.011,False,False,0.057,-0.046,38.246,1355,9.35,,,,,0,False,False,0.0,False,7.65,5.62,20.0,
40.6,121246,312.788,-930.258,-0.009,5.681,30.0,1355,-1,1.98,False,-1,True,True,0.75,0.0,-0.014,False,False,0.166,-0.017,38.101,1355,9.35,,,,,0,False,False,0.0,False,7.37,5.58,20.0,
40.65,121247,313.021,-930.076,-0.01,5.992,30.0,1355,-1,2.27,False,-1,True,True,0.0,0.3,-0.004,False,False,0.327,-0.008,38.008,1355,9.35,,,,,0,False,False,0.0,False,7.08,5.84,20.0,
40.7,121248,313.265,-929.886,-0.011,6.271,30.0,1355,-1,2.58,False,-1,True,True,0.0,0.3,-0.005,False,False,0.428,-0.004,37.946,1355,9.35,,,,,0,False,False,0.0,False,6.77,6.0,20.0,
40.75,121249,313.513,-929.694,-0.011,6.255,30.0,1355,-1,2.9,False,-1,True,True,0.0,0.3,-0.005,False,False,0.426,0.002,37.895,1355,9.35,,,,,0,False,False,0.0,False,6.45,6.14,20.0,
40.8,121250,313.76,-929.502,-0.01,6.263,30.0,1355,-1,3.21,False,-1,True,True,0.0,0.3,-0.004,False,False,0.356,0.006,37.859,1355,9.35,,,,,0,False,False,0.0,False,6.14,6.13,20.0,
40.85,121251,314.002,-929.315,-0.009,6.067,30.0,1355,-1,3.51,False,-1,True,True,0.0,0.3,-0.004,False,False,0.237,0.009,37.804,1355,9.35,,,,,0,False,False,0.0,False,5.83,6.13,20.0,
40.9,121252,314.241,-929.134,-0.008,5.954,30.0,1355,-1,3.81,False,-1,True,True,0.0,0.3,-0.07,False,False,0.114,0.099,37.656,1355,13.08,,,,,0,False,False,0.0,False,9.27,6.03,20.0,
40.95,121253,314.471,-928.96,-0.007,5.708,30.0,1355,-1,4.1,False,-1,True,True,0.0,0.3,-0.012,False,False,-0.003,0.111,37.43,1355,13.08,,,,,0,False,False,0.0,False,8.98,5.98,20.0,
41.0,121254,314.695,-928.79,-0.006,5.573,30.0,1355,-1,4.38,False,-1,True,True,0.0,0.3,0.001,False,False,-0.093,0.06,37.351,1355,13.08,,,,,0,False,False,0.0,False,8.7,5.85,20.0,
41.05,121255,314.91,-928.626,-0.006,5.329,30.0,1355,-1,4.65,False,-1,True,True,0.0,0.092,-0.007,False,False,-0.166,0.034,37.258,1355,13.08,,,,,0,False,False,0.0,False,8.43,5.79,20.0,
41.1,121256,315.12,-928.468,-0.005,5.238,30.0,1355,-1,4.92,False,-1,True,True,0.75,0.0,-0.003,False,False,-0.202,0.018,37.232,1355,13.08,,,,,0,False,False,0.0,False,8.17,5.66,20.0,
41.15,121257,315.324,-928.313,-0.005,5.036,30.0,1355,-1,5.17,False,-1,True,True,0.75,0.0,-0.007,False,False,-0.221,0.014,37.154,1355,13.08,,,,,0,False,False,0.0,False,7.91,5.62,20.0,
41.2,121258,315.526,-928.161,-0.005,5.079,30.0,1355,-1,5.42,False,-1,True,True,0.75,0.0,-0.001,False,False,-0.195,0.007,37.135,1355,13.08,,,,,0,False,False,0.0,False,7.66,5.52,20.0,
41.25,121259,315.727,-928.009,-0.006,5.004,30.0,1355,-1,5.68,False,-1,True,True,0.75,0.0,-0.004,False,False,-0.146,0.007,37.073,1355,13.08,,,,,0,False,False,0.0,False,7.41,5.54,20.0,
41.3,121260,315.924,-927.86,-0.006,4.759,30.0,1355,-1,5.92,False,-1,True,True,0.75,0.0,0.0,False,False,-0.138,0.003,37.072,1355,13.08,,,,,0,False,False,0.0,False,7.16,5.5,20.0,
41.35,121261,316.104,-927.724,-0.005,4.397,30.0,1355,-1,6.15,False,-1,True,True,0.75,0.0,-0.003,False,False,-0.23,0.003,37.075,1355,13.08,,,,,0,False,False,0.0,False,6.94,5.38,20.0,
41.4,121262,316.273,-927.597,-0.005,4.177,30.0,1355,-1,6.36,False,-1,True,True,0.75,0.0,-0.004,False,False,-0.302,0.006,37.063,1355,13.08,,,,,0,False,False,0.0,False,6.72,5.2,20.0,
41.45,121263,316.437,-927.474,-0.005,4.069,30.0,1355,-1,6.57,False,-1,True,True,0.75,0.0,-0.002,False,False,-0.316,0.005,37.049,1355,13.08,,,,,0,False,False,0.0,False,6.52,5.09,20.0,
41.5,121264,316.599,-927.352,-0.005,4.042,30.0,1355,-1,6.77,False,-1,True,True,0.75,0.0,-0.002,False,False,-0.276,0.003,37.039,1355,13.08,,,,,0,False,False,0.0,False,6.32,5.03,20.0,
41.55,121265,316.762,-927.229,-0.006,4.068,30.0,1355,-1,6.97,False,-1,True,True,0.75,0.0,-0.002,False,False,-0.202,0.002,37.03,1355,13.08,,,,,0,False,False,0.0,False,6.11,5.02,20.0,
41.6,121266,316.926,-927.105,-0.006,4.125,30.0,1355,-1,7.18,False,-1,True,True,0.75,0.0,-0.001,False,False,-0.114,0.001,37.022,1355,13.08,,,,,0,False,False,0.0,False,5.91,5.03,20.0,
41.65,121267,317.093,-926.98,-0.007,4.201,30.0,1355,-1,7.39,False,-1,True,True,0.75,0.0,-0.001,False,False,-0.029,0.001,37.015,1355,13.08,,,,,0,False,False,0.0,False,5.7,5.06,20.0,
41.7,121268,317.264,-926.851,-0.008,4.29,30.0,1355,-1,7.6,False,-1,True,True,0.75,0.0,-0.001,False,False,0.047,0.0,37.009,1355,13.08,,,,,0,False,False,0.0,False,5.48,5.1,20.0,
41.75,121269,317.438,-926.72,-0.008,4.386,30.0,1355,-1,7.82,False,-1,True,True,0.75,0.0,-0.001,False,False,0.108,0.0,37.004,1355,13.08,,,,,0,False,False,0.0,False,5.27,5.15,20.0,
41.8,121270,317.616,-926.586,-0.009,4.486,30.0,1355,-1,8.04,False,-1,True,True,0.75,0.0,-0.001,False,False,0.156,0.0,36.998,1355,13.08,,,,,0,False,False,0.0,False,5.04,5.19,20.0,
41.85,121271,317.799,-926.451,-0.009,4.586,30.0,1355,-1,8.27,False,-1,True,True,0.75,0.0,-0.045,False,False,0.191,0.065,36.878,1355,16.82,,,,,0,False,False,0.0,False,8.55,5.24,20.0,
41.9,121272,317.986,-926.313,-0.009,4.69,30.0,1355,-1,8.5,False,-1,True,True,0.75,0.0,-0.002,False,False,0.216,0.059,36.78,1355,16.82,,,,,0,False,False,0.0,False,8.32,5.29,20.0,
41.95,121273,318.177,-926.171,-0.009,4.795,30.0,1355,-1,8.74,False,-1,True,True,0.75,0.0,-0.001,False,False,0.234,0.028,36.747,1355,16.82,,,,,0,False,False,0.0,False,8.08,5.35,20.0,
42.0,121274,318.372,-926.026,-0.009,4.9,30.0,1355,-1,8.98,False,-1,True,True,0.75,0.0,-0.005,False,False,0.246,0.014,36.723,1355,16.82,,,,,0,False,False,0.0,False,7.84,5.4,20.0,
42.05,121275,318.571,-925.878,-0.009,5.005,30.0,1355,-1,9.23,False,-1,True,True,0.75,0.0,-0.004,False,False,0.253,0.009,36.696,1355,16.82,,,,,0,False,False,0.0,False,7.59,5.45,20.0,
42.1,121276,318.775,-925.727,-0.009,5.109,30.0,1355,-1,9.48,False,-1,True,True,0.75,0.0,-0.003,False,False,0.258,0.005,36.672,1355,16.82,,,,,0,False,False,0.0,False,7.34,5.5,20.0,
42.15,121277,318.982,-925.573,-0.009,5.172,30.0,1355,-1,9.74,False,-1,True,True,0.75,0.0,-0.003,False,False,0.258,0.003,36.648,1355,16.82,,,,,0,False,False,0.0,False,7.08,5.55,20.0,
42.2,121278,319.193,-925.417,-0.009,5.268,30.0,1355,-1,10.0,False,-1,True,True,0.75,0.0,-0.002,False,False,0.248,0.0,36.646,1355,16.82,,,,,0,False,False,0.0,False,6.82,5.59,20.0,
42.25,121279,319.401,-925.262,-0.009,5.177,30.0,1355,-1,10.26,False,-1,True,True,0.75,0.0,-0.003,False,False,0.2,0.002,36.596,1355,16.82,,,,,0,False,False,0.0,False,6.56,5.63,20.0,
42.3,121280,319.611,-925.107,-0.008,5.244,30.0,1355,-1,10.52,False,-1,True,True,0.75,0.0,0.001,False,False,0.162,-0.003,36.608,1355,16.82,,,,,0,False,False,0.0,False,6.3,5.59,20.0,
42.35,121281,319.819,-924.952,-0.008,5.185,30.0,1355,-1,10.78,False,-1,True,True,0.75,0.0,-0.003,False,False,0.129,-0.0,36.563,1355,16.82,,,,,0,False,False,0.0,False,6.04,5.62,20.0,
42.4,121282,320.03,-924.796,-0.008,5.284,30.0,1355,-1,11.05,False,-1,True,True,0.75,0.0,0.002,False,False,0.119,-0.004,36.578,1355,16.82,,,,,0,False,False,0.0,False,5.78,5.59,20.0,
42.45,121283,320.24,-924.639,-0.008,5.216,30.0,1355,-1,11.31,False,-1,True,True,0.75,0.0,-0.002,False,False,0.106,0.0,36.537,1355,16.82,,,,,0,False,False,0.0,False,5.51,5.64,20.0,
42.5,121284,320.452,-924.484,-0.008,5.282,30.0,1355,-1,11.57,False,-1,True,True,0.75,0.0,-0.021,False,False,0.098,0.034,36.499,1355,20.56,,,,,0,False,False,0.0,False,8.99,5.61,20.0,
42.55,121285,320.667,-924.326,-0.008,5.468,30.0,1355,-1,11.84,False,-1,True,True,0.75,0.0,-0.004,False,False,0.125,0.037,36.4,1355,20.56,,,,,0,False,False,0.0,False,8.72,5.64,20.0,
42.6,121286,320.901,-924.153,-0.01,5.98,30.0,1355,-1,12.13,False,-1,True,True,0.345,0.0,0.004,False,False,0.28,0.015,36.358,1355,20.56,,,,,0,False,False,0.0,False,8.43,5.73,20.0,
42.65,121287,321.148,-923.971,-0.011,6.181,30.0,1355,-1,12.44,False,-1,True,True,0.0,0.3,0.001,False,False,0.402,0.003,36.349,1355,20.56,,,,,0,False,False,0.0,False,8.12,5.99,20.0,
42.7,121288,321.401,-923.784,-0.011,6.331,30.0,1355,-1,12.75,False,-1,True,True,0.0,0.3,-0.001,False,False,0.434,0.004,36.342,1355,20.56,,,,,0,False,False,0.0,False,7.81,6.09,20.0,
42.75,121289,321.653,-923.599,-0.01,6.225,30.0,1355,-1,13.06,False,-1,True,True,0.0,0.3,-0.001,False,False,0.372,0.006,36.331,1355,20.56,,,,,0,False,False,0.0,False,7.5,6.17,20.0,
42.8,121290,321.902,-923.416,-0.009,6.171,30.0,1355,-1,13.37,False,-1,True,True,0.0,0.3,-0.001,False,False,0.268,0.006,36.338,1355,20.56,,,,,0,False,False,0.0,False,7.19,6.11,20.0,
42.85,121291,322.145,-923.238,-0.008,5.948,30.0,1355,-1,13.67,False,-1,True,True,0.0,0.3,-0.002,False,False,0.14,0.008,36.306,1355,20.56,,,,,0,False,False,0.0,False,6.89,6.09,20.0,
42.9,121292,322.381,-923.065,-0.007,5.825,30.0,1355,-1,13.97,False,-1,True,True,0.0,0.3,0.002,False,False,0.027,0.003,36.329,1355,20.56,,,,,0,False,False,0.0,False,6.59,5.97,20.0,
42.95,121293,322.609,-922.897,-0.006,5.568,30.0,1355,-1,14.25,False,-1,True,True,0.0,0.3,-0.003,False,False,-0.076,0.006,36.299,1355,20.56,,,,,0,False,False,0.0,False,6.31,5.91,20.0,
43.0,121294,322.829,-922.735,-0.006,5.452,30.0,1355,-1,14.52,False,-1,True,True,0.0,0.074,0.002,False,False,-0.146,0.002,36.322,1355,20.56,,,,,0,False,False,0.0,False,6.04,5.78,20.0,
43.05,121295,323.043,-922.578,-0.005,5.232,30.0,1355,-1,14.79,False,-1,True,True,0.34,0.0,-0.002,False,False,-0.193,0.003,36.286,1355,20.56,,,,,0,False,False,0.0,False,5.77,5.73,20.0,
43.1,121296,323.252,-922.424,-0.005,5.164,30.0,1355,-1,15.05,False,-1,True,True,0.75,0.0,0.003,False,False,-0.209,-0.002,36.306,1355,20.56,,,,,0,False,False,0.0,False,5.51,5.62,20.0,
43.15,121297,323.457,-922.275,-0.005,5.029,30.0,1355,-1,15.3,False,-1,True,True,0.75,0.0,-0.015,False,False,-0.205,0.02,36.24,1355,24.3,,,,,0,False,False,0.0,False,9.0,5.58,20.0,
43.2,121298,323.662,-922.125,-0.006,5.095,30.0,1355,-1,15.55,False,-1,True,True,0.75,0.0,0.002,False,False,-0.155,0.016,36.241,1355,24.3,,,,,0,False,False,0.0,False,8.74,5.51,20.0,
43.25,121299,323.865,-921.976,-0.006,4.924,30.0,1355,-1,15.81,False,-1,True,True,0.75,0.0,-0.003,False,False,-0.114,0.011,36.223,1355,24.3,,,,,0,False,False,0.0,False,8.49,5.55,20.0,
43.3,121300,324.055,-921.837,-0.006,4.565,30.0,1355,-1,16.04,False,-1,True,True,0.75,0.0,-0.001,False,False,-0.18,0.007,36.185,1355,24.3,,,,,0,False,False,0.0,False,8.26,5.46,20.0,
43.35,121301,324.232,-921.708,-0.005,4.307,30.0,1355,-1,16.26,False,-1,True,True,0.75,0.0,0.002,False,False,-0.263,0.001,36.178,1355,24.3,,,,,0,False,False,0.0,False,8.04,5.28,20.0,
43.4,121302,324.402,-921.583,-0.005,4.169,30.0,1355,-1,16.47,False,-1,True,True,0.75,0.0,-0.0,False,False,-0.297,-0.0,36.178,1355,24.3,,,,,0,False,False,0.0,False,7.83,5.15,20.0,
43.45,121303,324.569,-921.461,-0.005,4.121,30.0,1355,-1,16.68,False,-1,True,True,0.75,0.0,-0.001,False,False,-0.276,0.001,36.176,1355,24.3,,,,,0,False,False,0.0,False,7.62,5.08,20.0,
43.5,121304,324.736,-921.339,-0.005,4.133,30.0,1355,-1,16.88,False,-1,True,True,0.75,0.0,-0.0,False,False,-0.214,0.001,36.174,1355,24.3,,,,,0,False,False,0.0,False,7.41,5.06,20.0,
43.55,121305,324.904,-921.216,-0.006,4.181,30.0,1355,-1,17.09,False,-1,True,True,0.75,0.0,-0.0,False,False,-0.133,0.001,36.172,1355,24.3,,,,,0,False,False,0.0,False,7.21,5.07,20.0,
43.6,121306,325.075,-921.091,-0.007,4.251,30.0,1355,-1,17.31,False,-1,True,True,0.75,0.0,-0.0,False,False,-0.049,0.001,36.17,1355,24.3,,,,,0,False,False,0.0,False,6.99,5.09,20.0,
43.65,121307,325.249,-920.964,-0.008,4.336,30.0,1355,-1,17.52,False,-1,True,True,0.75,0.0,-0.0,False,False,0.028,0.001,36.169,1355,24.3,,,,,0,False,False,0.0,False,6.78,5.13,20.0,
43.7,121308,325.427,-920.834,-0.008,4.429,30.0,1355,-1,17.74,False,-1,True,True,0.75,0.0,-0.0,False,False,0.092,0.001,36.168,1355,24.3,,,,,0,False,False,0.0,False,6.56,5.17,20.0,
43.75,121309,325.608,-920.701,-0.008,4.528,30.0,1355,-1,17.97,False,-1,True,True,0.75,0.0,-0.0,False,False,0.143,0.0,36.167,1355,24.3,,,,,0,False,False,0.0,False,6.33,5.21,20.0,
43.8,121310,325.794,-920.566,-0.009,4.629,30.0,1355,-1,18.2,False,-1,True,True,0.75,0.0,-0.0,False,False,0.181,0.0,36.166,1355,24.3,,,,,0,False,False,0.0,False,6.1,5.26,20.0,
43.85,121311,325.984,-920.427,-0.009,4.732,30.0,1355,-1,18.43,False,-1,True,True,0.75,0.0,-0.0,False,False,0.209,0.0,36.165,1355,24.3,,,,,0,False,False,0.0,False,5.87,5.31,20.0,
43.9,121312,326.177,-920.285,-0.009,4.836,30.0,1355,-1,18.67,False,-1,True,True,0.75,0.0,-0.0,False,False,0.229,0.0,36.164,1355,24.3,,,,,0,False,False,0.0,False,5.63,5.37,20.0,
43.95,121313,326.375,-920.141,-0.009,4.94,30.0,1355,-1,18.92,False,-1,True,True,0.75,0.0,-0.0,False,False,0.242,-0.0,36.164,1355,24.3,,,,,0,False,False,0.0,False,5.38,5.42,20.0,
44.0,121314,326.577,-919.994,-0.009,5.044,30.0,1355,-1,19.17,False,-1,True,True,0.75,0.0,-0.008,False,False,0.251,0.014,36.139,1355,28.04,,,,,0,False,False,0.0,False,8.87,5.47,20.0,
44.05,121315,326.784,-919.843,-0.009,5.154,30.0,1355,-1,19.42,False,-1,True,True,0.75,0.0,0.0,False,False,0.257,0.011,36.122,1355,28.04,,,,,0,False,False,0.0,False,8.62,5.52,20.0,
44.1,121316,326.994,-919.69,-0.009,5.191,30.0,1355,-1,19.68,False,-1,True,True,0.75,0.0,0.0,False,False,0.253,0.005,36.104,1355,28.04,,,,,0,False,False,0.0,False,8.36,5.58,20.0,
44.15,121317,327.204,-919.537,-0.009,5.24,30.0,1355,-1,19.94,False,-1,True,True,0.75,0.0,0.001,False,False,0.225,-0.0,36.126,1355,28.04,,,,,0,False,False,0.0,False,8.1,5.6,20.0,
44.2,121318,327.414,-919.384,-0.008,5.157,30.0,1355,-1,20.2,False,-1,True,True,0.75,0.0,-0.003,False,False,0.176,0.003,36.085,1355,28.04,,,,,0,False,False,0.0,False,7.84,5.62,20.0,
44.25,121319,327.624,-919.231,-0.008,5.232,30.0,1355,-1,20.46,False,-1,True,True,0.75,0.0,0.003,False,False,0.144,-0.002,36.104,1355,28.04,,,,,0,False,False,0.0,False,7.58,5.58,20.0,
44.3,121320,327.833,-919.078,-0.008,5.181,30.0,1355,-1,20.72,False,-1,True,True,0.75,0.0,-0.002,False,False,0.119,0.0,36.068,1355,28.04,,,,,0,False,False,0.0,False,7.32,5.62,20.0,
44.35,121321,328.045,-918.923,-0.008,5.278,30.0,1355,-1,20.98,False,-1,True,True,0.75,0.0,0.003,False,False,0.115,-0.003,36.09,1355,28.04,,,,,0,False,False,0.0,False,7.05,5.59,20.0,
44.4,121322,328.256,-918.769,-0.008,5.201,30.0,1355,-1,21.24,False,-1,True,True,0.75,0.0,-0.002,False,False,0.1,0.001,36.056,1355,28.04,,,,,0,False,False,0.0,False,6.79,5.64,20.0,
44.45,121323,328.468,-918.615,-0.008,5.269,30.0,1355,-1,21.51,False,-1,True,True,0.75,0.0,0.003,False,False,0.093,-0.002,36.085,1355,28.04,,,,,0,False,False,0.0,False,6.53,5.6,20.0,
44.5,121324,328.69,-918.453,-0.009,5.647,30.0,1355,-1,21.78,False,-1,True,True,0.75,0.0,-0.002,False,False,0.181,0.003,36.035,1355,28.04,,,,,0,False,False,0.0,False,6.26,5.63,20.0,
44.55,121325,328.931,-918.277,-0.01,6.104,30.0,1355,-1,22.08,False,-1,True,True,0.0,0.3,0.005,False,False,0.341,-0.003,36.03,1355,28.04,,,,,0,False,False,0.0,False,5.96,5.82,20.0,
44.6,121326,329.182,-918.094,-0.011,6.239,30.0,1355,-1,22.39,False,-1,True,True,0.0,0.3,-0.002,False,False,0.428,0.003,36.027,1355,31.77,,,,,0,False,False,0.0,False,9.39,6.05,20.0,
44.65,121327,329.437,-917.908,-0.011,6.359,30.0,1355,-1,22.71,False,-1,True,True,0.0,0.3,0.0,False,False,0.431,0.006,36.023,1355,31.77,,,,,0,False,False,0.0,False,9.07,6.12,20.0,
44.7,121328,329.691,-917.723,-0.01,6.235,30.0,1355,-1,23.02,False,-1,True,True,0.0,0.3,0.001,False,False,0.352,0.005,36.022,1355,31.77,,,,,0,False,False,0.0,False,8.76,6.18,20.0,
44.75,121329,329.941,-917.541,-0.009,6.168,30.0,1355,-1,23.33,False,-1,True,True,0.0,0.3,0.0,False,False,0.241,0.004,36.039,1355,31.77,,,,,0,False,False,0.0,False,8.45,6.12,20.0,
44.8,121330,330.184,-917.365,-0.008,5.94,30.0,1355,-1,23.63,False,-1,True,True,0.0,0.3,-0.001,False,False,0.114,0.007,36.015,1355,31.77,,,,,0,False,False,0.0,False,8.15,6.08,20.0,
44.85,121331,330.42,-917.193,-0.007,5.813,30.0,1355,-1,23.92,False,-1,True,True,0.0,0.3,0.002,False,False,0.003,0.002,36.043,1355,31.77,,,,,0,False,False,0.0,False,7.85,5.97,20.0,
44.9,121332,330.648,-917.027,-0.006,5.552,30.0,1355,-1,24.2,False,-1,True,True,0.0,0.3,-0.002,False,False,-0.095,0.005,36.018,1355,31.77,,,,,0,False,False,0.0,False,7.57,5.91,20.0,
44.95,121333,330.87,-916.866,-0.006,5.439,30.0,1355,-1,24.48,False,-1,True,True,0.0,0.023,0.002,False,False,-0.161,0.001,36.045,1355,31.77,,,,,0,False,False,0.0,False,7.3,5.78,20.0,
45.0,121334,331.084,-916.71,-0.005,5.22,30.0,1355,-1,24.74,False,-1,True,True,0.385,0.0,-0.002,False,False,-0.203,0.002,36.012,1355,31.77,,,,,0,False,False,0.0,False,7.03,5.72,20.0,
45.05,121335,331.293,-916.558,-0.005,5.15,30.0,1355,-1,25.0,False,-1,True,True,0.75,0.0,0.003,False,False,-0.215,-0.002,36.034,1355,31.77,,,,,0,False,False,0.0,False,6.77,5.61,20.0,
45.1,121336,331.499,-916.408,-0.005,5.056,30.0,1355,-1,25.25,False,-1,True,True,0.75,0.0,-0.001,False,False,-0.197,-0.0,36.009,1355,31.77,,,,,0,False,False,0.0,False,6.52,5.58,20.0,
45.15,121337,331.705,-916.258,-0.006,5.124,30.0,1355,-1,25.51,False,-1,True,True,0.75,0.0,0.002,False,False,-0.141,-0.003,36.043,1355,31.77,,,,,0,False,False,0.0,False,6.27,5.53,20.0,
45.2,121338,331.906,-916.112,-0.006,4.806,30.0,1355,-1,25.76,False,-1,True,True,0.75,0.0,-0.003,False,False,-0.14,0.001,36.02,1355,31.77,,,,,0,False,False,0.0,False,6.02,5.56,20.0,
45.25,121339,332.09,-915.978,-0.005,4.44,30.0,1355,-1,25.99,False,-1,True,True,0.75,0.0,0.002,False,False,-0.231,0.001,35.996,1355,31.77,,,,,0,False,False,0.0,False,5.79,5.4,20.0,
45.3,121340,332.263,-915.852,-0.005,4.216,30.0,1355,-1,26.2,False,-1,True,True,0.75,0.0,0.003,False,False,-0.304,-0.002,35.999,1355,31.77,,,,,0,False,False,0.0,False,5.57,5.22,20.0,
45.35,121341,332.43,-915.73,-0.005,4.105,30.0,1355,-1,26.41,False,-1,True,True,0.75,0.0,0.001,False,False,-0.319,-0.002,36.005,1355,31.77,,,,,0,False,False,0.0,False,5.37,5.11,20.0,
45.4,121342,332.596,-915.61,-0.005,4.075,30.0,1355,-1,26.61,False,-1,True,True,0.75,0.0,0.0,False,False,-0.28,0.0,36.008,1355,31.77,,,,,0,False,False,0.0,False,5.16,5.05,20.0,
45.45,121343,332.761,-915.489,-0.006,4.099,30.0,1355,-1,26.82,False,-1,True,True,0.75,0.0,0.001,False,False,-0.206,0.001,36.011,1355,31.77,,,,,0,False,False,0.0,False,4.96,5.04,20.0,
45.5,121344,332.929,-915.367,-0.006,4.155,30.0,1355,-1,27.02,False,-1,True,True,0.75,0.0,-0.002,False,False,-0.118,0.005,36.007,1355,35.51,,,,,0,False,False,0.0,False,8.49,5.05,20.0,
45.55,121345,333.1,-915.244,-0.007,4.23,30.0,1355,-1,27.23,False,-1,True,True,0.75,0.0,0.0,False,False,-0.032,0.004,36.005,1355,35.51,,,,,0,False,False,0.0,False,8.28,5.08,20.0,
45.6,121346,333.273,-915.117,-0.008,4.318,30.0,1355,-1,27.45,False,-1,True,True,0.75,0.0,0.0,False,False,0.043,0.002,36.005,1355,35.51,,,,,0,False,False,0.0,False,8.06,5.12,20.0,
45.65,121347,333.451,-914.988,-0.008,4.413,30.0,1355,-1,27.67,False,-1,True,True,0.75,0.0,-0.0,False,False,0.106,0.001,36.006,1355,35.51,,,,,0,False,False,0.0,False,7.84,5.16,20.0,
45.7,121348,333.632,-914.857,-0.009,4.513,30.0,1355,-1,27.89,False,-1,True,True,0.75,0.0,0.0,False,False,0.154,0.001,36.006,1355,35.51,,,,,0,False,False,0.0,False,7.62,5.21,20.0,
45.75,121349,333.817,-914.722,-0.009,4.616,30.0,1355,-1,28.12,False,-1,True,True,0.75,0.0,0.0,False,False,0.19,0.001,36.006,1355,35.51,,,,,0,False,False,0.0,False,7.39,5.26,20.0,
45.8,121350,334.007,-914.584,-0.009,4.719,30.0,1355,-1,28.36,False,-1,True,True,0.75,0.0,-0.0,False,False,0.216,0.0,36.006,1355,35.51,,,,,0,False,False,0.0,False,7.16,5.31,20.0,
45.85,121351,334.2,-914.444,-0.009,4.824,30.0,1355,-1,28.6,False,-1,True,True,0.75,0.0,0.0,False,False,0.233,0.0,36.006,1355,35.51,,,,,0,False,False,0.0,False,6.92,5.36,20.0,
45.9,121352,334.398,-914.3,-0.009,4.928,30.0,1355,-1,28.84,False,-1,True,True,0.75,0.0,0.0,False,False,0.245,0.0,36.007,1355,35.51,,,,,0,False,False,0.0,False,6.67,5.41,20.0,
45.95,121353,334.6,-914.153,-0.009,5.032,30.0,1355,-1,29.09,False,-1,True,True,0.75,0.0,-0.0,False,False,0.253,0.0,36.007,1355,35.51,,,,,0,False,False,0.0,False,6.42,5.46,20.0,
46.0,121354,334.806,-914.003,-0.009,5.133,30.0,1355,-1,29.34,False,-1,True,True,0.75,0.0,0.0,False,False,0.257,0.0,36.007,1355,35.51,,,,,0,False,False,0.0,False,6.17,5.52,20.0,
46.05,121355,335.016,-913.851,-0.009,5.271,30.0,1355,-1,29.6,False,-1,True,True,0.75,0.0,0.0,False,False,0.261,-0.0,36.007,1355,35.51,,,,,0,False,False,0.0,False,5.91,5.57,20.0,
46.1,121356,335.23,-913.695,-0.009,5.298,30.0,1355,-1,29.87,False,-1,True,True,0.75,0.0,0.0,False,False,0.256,-0.0,36.01,1355,35.51,,,,,0,False,False,0.0,False,5.64,5.64,20.0,
46.15,121357,335.447,-913.538,-0.009,5.389,30.0,1355,-1,30.14,False,-1,True,True,0.75,0.0,-0.002,False,False,0.245,0.003,35.99,1355,39.25,,,,,0,False,False,0.0,False,9.12,5.65,20.0,
46.2,121358,335.663,-913.381,-0.009,5.3,30.0,1355,-1,30.4,False,-1,True,True,0.652,0.0,0.002,False,False,0.198,0.0,36.022,1355,39.25,,,,,0,False,False,0.0,False,8.85,5.69,20.0,
46.25,121359,335.878,-913.225,-0.008,5.362,30.0,1355,-1,30.67,False,-1,True,True,0.75,0.0,-0.003,False,False,0.159,0.004,35.997,1355,39.25,,,,,0,False,False,0.0,False,8.58,5.65,20.0,
46.3,121360,336.093,-913.069,-0.008,5.3,30.0,1355,-1,30.94,False,-1,True,True,0.736,0.0,0.002,False,False,0.125,0.0,36.029,1355,39.25,,,,,0,False,False,0.0,False,8.32,5.68,20.0,
46.35,121361,336.31,-912.911,-0.008,5.391,30.0,1355,-1,31.2,False,-1,True,True,0.75,0.0,-0.003,False,False,0.113,0.003,36.004,1355,39.25,,,,,0,False,False,0.0,False,8.05,5.65,20.0,
46.4,121362,336.526,-912.755,-0.008,5.316,30.0,1355,-1,31.47,False,-1,True,True,0.619,0.0,0.002,False,False,0.097,-0.0,36.03,1355,39.25,,,,,0,False,False,0.0,False,7.78,5.7,20.0,
46.45,121363,336.743,-912.597,-0.008,5.382,30.0,1355,-1,31.74,False,-1,True,True,0.75,0.0,-0.003,False,False,0.09,0.002,35.999,1355,39.25,,,,,0,False,False,0.0,False,7.51,5.66,20.0,
46.5,121364,336.965,-912.435,-0.008,5.657,30.0,1355,-1,32.01,False,-1,True,True,0.645,0.0,0.002,False,False,0.145,-0.003,35.989,1355,39.25,,,,,0,False,False,0.0,False,7.24,5.69,20.0,
46.55,121365,337.207,-912.26,-0.01,6.103,30.0,1355,-1,32.31,False,-1,True,True,0.0,0.3,0.001,False,False,0.297,-0.005,35.978,1355,39.25,,,,,0,False,False,0.0,False,6.94,5.83,20.0,
46.6,121366,337.457,-912.077,-0.01,6.217,30.0,1355,-1,32.62,False,-1,True,True,0.0,0.3,0.001,False,False,0.383,-0.005,35.979,1355,39.25,,,,,0,False,False,0.0,False,6.63,6.05,20.0,
46.65,121367,337.712,-911.892,-0.01,6.321,30.0,1355,-1,32.94,False,-1,True,True,0.0,0.3,0.0,False,False,0.388,-0.003,35.982,1355,39.25,,,,,0,False,False,0.0,False,6.32,6.11,20.0,
46.7,121368,337.964,-911.709,-0.01,6.185,30.0,1355,-1,33.25,False,-1,True,True,0.0,0.3,0.0,False,False,0.313,0.0,35.982,1355,39.25,,,,,0,False,False,0.0,False,6.0,6.16,20.0,
46.75,121369,338.212,-911.529,-0.009,6.115,30.0,1355,-1,33.55,False,-1,True,True,0.0,0.3,-0.003,False,False,0.209,0.008,35.985,1355,42.99,,,,,0,False,False,0.0,False,9.44,6.09,20.0,
46.8,121370,338.453,-911.354,-0.008,5.883,30.0,1355,-1,33.85,False,-1,True,True,0.0,0.3,-0.001,False,False,0.088,0.01,35.949,1355,42.99,,,,,0,False,False,0.0,False,9.14,6.06,20.0,
46.85,121371,338.687,-911.185,-0.007,5.755,30.0,1355,-1,34.14,False,-1,True,True,0.0,0.3,0.003,False,False,-0.016,0.003,35.975,1355,42.99,,,,,0,False,False,0.0,False,8.85,5.94,20.0,
46.9,121372,338.913,-911.021,-0.006,5.493,30.0,1355,-1,34.42,False,-1,True,True,0.0,0.3,-0.002,False,False,-0.11,0.004,35.948,1355,42.99,,,,,0,False,False,0.0,False,8.57,5.88,20.0,
46.95,121373,339.132,-910.862,-0.006,5.385,30.0,1355,-1,34.69,False,-1,True,True,0.193,0.0,0.002,False,False,-0.17,0.001,35.974,1355,42.99,,,,,0,False,False,0.0,False,8.3,5.75,20.0,
47.0,121374,339.345,-910.707,-0.005,5.181,30.0,1355,-1,34.95,False,-1,True,True,0.582,0.0,-0.002,False,False,-0.205,0.002,35.94,1355,42.99,,,,,0,False,False,0.0,False,8.04,5.69,20.0,
47.05,121375,339.553,-910.556,-0.005,5.137,30.0,1355,-1,35.21,False,-1,True,True,0.75,0.0,0.003,False,False,-0.206,-0.003,35.963,1355,42.99,,,,,0,False,False,0.0,False,7.78,5.59,20.0,
47.1,121376,339.758,-910.407,-0.005,5.032,30.0,1355,-1,35.46,False,-1,True,True,0.75,0.0,-0.002,False,False,-0.187,-0.001,35.921,1355,42.99,,,,,0,False,False,0.0,False,7.53,5.57,20.0,
47.15,121377,339.964,-910.258,-0.006,5.098,30.0,1355,-1,35.72,False,-1,True,True,0.75,0.0,0.004,False,False,-0.132,-0.005,35.949,1355,42.99,,,,,0,False,False,0.0,False,7.28,5.52,20.0,
47.2,121378,340.166,-910.111,-0.006,4.844,30.0,1355,-1,35.97,False,-1,True,True,0.75,0.0,-0.002,False,False,-0.111,-0.001,35.933,1355,42.99,,,,,0,False,False,0.0,False,7.03,5.55,20.0,
47.25,121379,340.355,-909.974,-0.006,4.541,30.0,1355,-1,36.2,False,-1,True,True,0.75,0.0,0.002,False,False,-0.183,-0.001,35.949,1355,42.99,,,,,0,False,False,0.0,False,6.79,5.42,20.0,
47.3,121380,340.533,-909.845,-0.005,4.331,30.0,1355,-1,36.42,False,-1,True,True,0.75,0.0,-0.001,False,False,-0.251,0.002,35.953,1355,42.99,,,,,0,False,False,0.0,False,6.57,5.27,20.0,
47.35,121381,340.705,-909.72,-0.005,4.23,30.0,1355,-1,36.63,False,-1,True,True,0.75,0.0,-0.0,False,False,-0.269,0.003,35.953,1355,42.99,,,,,0,False,False,0.0,False,6.36,5.17,20.0,
47.4,121382,340.876,-909.597,-0.005,4.205,30.0,1355,-1,36.84,False,-1,True,True,0.75,0.0,0.0,False,False,-0.237,0.002,35.953,1355,42.99,,,,,0,False,False,0.0,False,6.15,5.11,20.0,
47.45,121383,341.047,-909.473,-0.006,4.231,30.0,1355,-1,37.06,False,-1,True,True,0.75,0.0,0.0,False,False,-0.171,0.001,35.953,1355,42.99,,,,,0,False,False,0.0,False,5.94,5.1,20.0,
47.5,121384,341.22,-909.347,-0.006,4.287,30.0,1355,-1,37.27,False,-1,True,True,0.75,0.0,0.0,False,False,-0.093,0.001,35.954,1355,42.99,,,,,0,False,False,0.0,False,5.72,5.12,20.0,
47.55,121385,341.396,-909.219,-0.007,4.362,30.0,1355,-1,37.49,False,-1,True,True,0.75,0.0,0.0,False,False,-0.014,0.0,35.954,1355,42.99,,,,,0,False,False,0.0,False,5.51,5.14,20.0,
47.6,121386,341.575,-909.09,-0.008,4.449,30.0,1355,-1,37.71,False,-1,True,True,0.75,0.0,0.0,False,False,0.055,0.0,35.954,1355,42.99,,,,,0,False,False,0.0,False,5.29,5.18,20.0,
47.65,121387,341.758,-908.957,-0.008,4.544,30.0,1355,-1,37.93,False,-1,True,True,0.75,0.0,0.0,False,False,0.113,-0.0,35.955,1355,42.99,,,,,0,False,False,0.0,False,5.06,5.22,20.0,
47.7,121388,341.945,-908.822,-0.009,4.642,30.0,1355,-1,38.16,False,-1,True,True,0.75,0.0,-0.007,False,False,0.158,0.011,35.935,1355,46.73,,,,,0,False,False,0.0,False,8.57,5.27,20.0,
47.75,121389,342.135,-908.684,-0.009,4.744,30.0,1355,-1,38.4,False,-1,True,True,0.75,0.0,0.0,False,False,0.191,0.01,35.92,1355,46.73,,,,,0,False,False,0.0,False,8.33,5.32,20.0,
47.8,121390,342.33,-908.543,-0.009,4.846,30.0,1355,-1,38.64,False,-1,True,True,0.75,0.0,0.0,False,False,0.216,0.004,35.916,1355,46.73,,,,,0,False,False,0.0,False,8.09,5.37,20.0,
47.85,121391,342.529,-908.399,-0.009,4.95,30.0,1355,-1,38.89,False,-1,True,True,0.75,0.0,-0.001,False,False,0.233,0.002,35.914,1355,46.73,,,,,0,False,False,0.0,False,7.85,5.42,20.0,
47.9,121392,342.732,-908.252,-0.009,5.053,30.0,1355,-1,39.14,False,-1,True,True,0.75,0.0,-0.001,False,False,0.244,0.001,35.91,1355,46.73,,,,,0,False,False,0.0,False,7.6,5.47,20.0,
47.95,121393,342.939,-908.102,-0.009,5.164,30.0,1355,-1,39.39,False,-1,True,True,0.75,0.0,-0.0,False,False,0.253,0.001,35.907,1355,46.73,,,,,0,False,False,0.0,False,7.34,5.53,20.0,
48.0,121394,343.15,-907.949,-0.009,5.216,30.0,1355,-1,39.65,False,-1,True,True,0.75,0.0,-0.0,False,False,0.252,0.0,35.905,1355,46.73,,,,,0,False,False,0.0,False,7.08,5.58,20.0,
48.05,121395,343.366,-907.793,-0.009,5.393,30.0,1355,-1,39.92,False,-1,True,True,0.75,0.0,-0.0,False,False,0.258,-0.0,35.905,1355,46.73,,,,,0,False,False,0.0,False,6.81,5.61,20.0,
48.1,121396,343.584,-907.636,-0.009,5.345,30.0,1355,-1,40.19,False,-1,True,True,0.643,0.0,-0.001,False,False,0.241,0.001,35.887,1355,46.73,,,,,0,False,False,0.0,False,6.55,5.7,20.0,
48.15,121397,343.801,-907.478,-0.009,5.39,30.0,1355,-1,40.46,False,-1,True,True,0.75,0.0,0.001,False,False,0.201,-0.002,35.911,1355,46.73,,,,,0,False,False,0.0,False,6.28,5.67,20.0,
48.2,121398,344.017,-907.322,-0.008,5.308,30.0,1355,-1,40.72,False,-1,True,True,0.641,0.0,-0.002,False,False,0.153,0.002,35.874,1355,46.73,,,,,0,False,False,0.0,False,6.01,5.69,20.0,
48.25,121399,344.233,-907.165,-0.008,5.375,30.0,1355,-1,40.99,False,-1,True,True,0.75,0.0,0.003,False,False,0.124,-0.003,35.895,1355,46.73,,,,,0,False,False,0.0,False,5.74,5.65,20.0,
48.3,121400,344.449,-907.009,-0.008,5.316,30.0,1355,-1,41.26,False,-1,True,True,0.682,0.0,-0.002,False,False,0.101,0.0,35.862,1355,46.73,,,,,0,False,False,0.0,False,5.48,5.69,20.0,
48.35,121401,344.667,-906.852,-0.008,5.407,30.0,1355,-1,41.53,False,-1,True,True,0.75,0.0,-0.002,False,False,0.097,0.004,35.874,1355,50.47,,,,,0,False,False,0.0,False,8.95,5.66,20.0,
48.4,121402,344.884,-906.694,-0.008,5.331,30.0,1355,-1,41.79,False,-1,True,True,0.559,0.0,-0.002,False,False,0.087,0.007,35.835,1355,50.47,,,,,0,False,False,0.0,False,8.68,5.7,20.0,
48.45,121403,345.102,-906.537,-0.008,5.398,30.0,1355,-1,42.06,False,-1,True,True,0.75,0.0,0.003,False,False,0.083,0.001,35.861,1355,50.47,,,,,0,False,False,0.0,False,8.41,5.67,20.0,
48.5,121404,345.325,-906.375,-0.008,5.67,30.0,1355,-1,42.34,False,-1,True,True,0.586,0.0,-0.002,False,False,0.14,0.004,35.867,1355,50.47,,,,,0,False,False,0.0,False,8.13,5.7,20.0,
48.55,121405,345.568,-906.201,-0.01,6.106,30.0,1355,-1,42.64,False,-1,True,True,0.0,0.3,-0.001,False,False,0.291,0.006,35.875,1355,50.47,,,,,0,False,False,0.0,False,7.83,5.83,20.0,
48.6,121406,345.819,-906.02,-0.01,6.204,30.0,1355,-1,42.95,False,-1,True,True,0.0,0.3,-0.001,False,False,0.374,0.006,35.871,1355,50.47,,,,,0,False,False,0.0,False,7.53,6.05,20.0,
48.65,121407,346.073,-905.836,-0.01,6.297,30.0,1355,-1,43.26,False,-1,True,True,0.0,0.3,-0.001,False,False,0.374,0.003,35.866,1355,50.47,,,,,0,False,False,0.0,False,7.21,6.1,20.0,
48.7,121408,346.324,-905.654,-0.01,6.154,30.0,1355,-1,43.57,False,-1,True,True,0.0,0.3,-0.0,False,False,0.297,0.001,35.864,1355,50.47,,,,,0,False,False,0.0,False,6.9,6.15,20.0,
48.75,121409,346.571,-905.476,-0.009,6.079,30.0,1355,-1,43.87,False,-1,True,True,0.0,0.3,-0.001,False,False,0.193,-0.0,35.846,1355,50.47,,,,,0,False,False,0.0,False,6.6,6.08,20.0,
48.8,121410,346.811,-905.303,-0.008,5.845,30.0,1355,-1,44.17,False,-1,True,True,0.0,0.3,0.001,False,False,0.074,-0.004,35.87,1355,50.47,,,,,0,False,False,0.0,False,6.3,6.04,20.0,
48.85,121411,347.044,-905.134,-0.007,5.716,30.0,1355,-1,44.46,False,-1,True,True,0.0,0.3,-0.003,False,False,-0.027,-0.0,35.839,1355,50.47,,,,,0,False,False,0.0,False,6.01,5.92,20.0,
48.9,121412,347.269,-904.972,-0.006,5.453,30.0,1355,-1,44.74,False,-1,True,True,0.0,0.3,0.002,False,False,-0.118,-0.003,35.864,1355,50.47,,,,,0,False,False,0.0,False,5.74,5.86,20.0,
48.95,121413,347.486,-904.814,-0.006,5.346,30.0,1355,-1,45.0,False,-1,True,True,0.337,0.0,-0.002,False,False,-0.176,0.0,35.835,1355,50.47,,,,,0,False,False,0.0,False,5.47,5.73,20.0,
49.0,121414,347.698,-904.662,-0.005,5.147,30.0,1355,-1,45.26,False,-1,True,True,0.726,0.0,0.004,False,False,-0.208,-0.004,35.873,1355,54.21,,,,,0,False,False,0.0,False,8.94,5.67,20.0,
49.05,121415,347.906,-904.511,-0.005,5.113,30.0,1355,-1,45.52,False,-1,True,True,0.75,0.0,-0.003,False,False,-0.205,0.001,35.853,1355,54.21,,,,,0,False,False,0.0,False,8.69,5.57,20.0,
49.1,121416,348.11,-904.364,-0.005,5.012,30.0,1355,-1,45.77,False,-1,True,True,0.75,0.0,0.002,False,False,-0.181,-0.0,35.894,1355,54.21,,,,,0,False,False,0.0,False,8.44,5.56,20.0,
49.15,121417,348.315,-904.216,-0.006,5.079,30.0,1355,-1,46.03,False,-1,True,True,0.75,0.0,-0.004,False,False,-0.126,0.004,35.866,1355,54.21,,,,,0,False,False,0.0,False,8.18,5.51,20.0,
49.2,121418,348.518,-904.07,-0.006,4.88,30.0,1355,-1,46.28,False,-1,True,True,0.75,0.0,0.002,False,False,-0.099,0.001,35.882,1355,54.21,,,,,0,False,False,0.0,False,7.93,5.54,20.0,
49.25,121419,348.707,-903.933,-0.006,4.547,30.0,1355,-1,46.51,False,-1,True,True,0.75,0.0,-0.002,False,False,-0.17,0.001,35.868,1355,54.21,,,,,0,False,False,0.0,False,7.7,5.44,20.0,
49.3,121420,348.885,-903.804,-0.005,4.349,30.0,1355,-1,46.73,False,-1,True,True,0.75,0.0,0.001,False,False,-0.235,-0.001,35.864,1355,54.21,,,,,0,False,False,0.0,False,7.48,5.27,20.0,
49.35,121421,349.059,-903.679,-0.005,4.256,30.0,1355,-1,46.94,False,-1,True,True,0.75,0.0,0.0,False,False,-0.252,-0.002,35.865,1355,54.21,,,,,0,False,False,0.0,False,7.27,5.17,20.0,
49.4,121422,349.231,-903.554,-0.005,4.237,30.0,1355,-1,47.16,False,-1,True,True,0.75,0.0,-0.0,False,False,-0.22,-0.002,35.865,1355,54.21,,,,,0,False,False,0.0,False,7.05,5.13,20.0,
49.45,121423,349.403,-903.429,-0.006,4.265,30.0,1355,-1,47.37,False,-1,True,True,0.75,0.0,-0.0,False,False,-0.156,-0.001,35.864,1355,54.21,,,,,0,False,False,0.0,False,6.84,5.12,20.0,
49.5,121424,349.578,-903.303,-0.007,4.323,30.0,1355,-1,47.58,False,-1,True,True,0.75,0.0,-0.0,False,False,-0.08,-0.001,35.863,1355,54.21,,,,,0,False,False,0.0,False,6.63,5.13,20.0,
49.55,121425,349.756,-903.175,-0.007,4.399,30.0,1355,-1,47.8,False,-1,True,True,0.75,0.0,0.0,False,False,-0.004,-0.001,35.863,1355,54.21,,,,,0,False,False,0.0,False,6.41,5.16,20.0,
49.6,121426,349.937,-903.044,-0.008,4.487,30.0,1355,-1,48.03,False,-1,True,True,0.75,0.0,-0.0,False,False,0.063,-0.0,35.863,1355,54.21,,,,,0,False,False,0.0,False,6.18,5.2,20.0,
49.65,121427,350.121,-902.911,-0.008,4.581,30.0,1355,-1,48.25,False,-1,True,True,0.75,0.0,0.0,False,False,0.118,-0.0,35.863,1355,54.21,,,,,0,False,False,0.0,False,5.96,5.24,20.0,
49.7,121428,350.309,-902.775,-0.009,4.68,30.0,1355,-1,48.49,False,-1,True,True,0.75,0.0,-0.0,False,False,0.161,-0.0,35.863,1355,54.21,,,,,0,False,False,0.0,False,5.72,5.29,20.0,
49.75,121429,350.502,-902.636,-0.009,4.781,30.0,1355,-1,48.72,False,-1,True,True,0.75,0.0,0.0,False,False,0.194,-0.0,35.863,1355,54.21,,,,,0,False,False,0.0,False,5.49,5.34,20.0,
49.8,121430,350.698,-902.494,-0.009,4.884,30.0,1355,-1,48.97,False,-1,True,True,0.75,0.0,0.0,False,False,0.217,-0.0,35.863,1355,54.21,,,,,0,False,False,0.0,False,5.24,5.39,20.0,
49.85,121431,350.899,-902.349,-0.009,4.987,30.0,1355,-1,49.21,False,-1,True,True,0.75,0.0,-0.002,False,False,0.233,0.004,35.856,1447,1.63,,,,,0,False,False,0.0,False,8.49,5.44,20.0,
49.9,121432,351.103,-902.201,-0.009,5.089,30.0,1355,-1,49.47,False,-1,True,True,0.75,0.0,0.0,False,False,0.245,0.003,35.851,1447,1.63,,,,,0,False,False,0.0,False,8.24,5.49,20.0,
49.95,121433,351.312,-902.05,-0.009,5.224,30.0,1355,-1,49.72,False,-1,True,True,0.75,0.0,0.0,False,False,0.254,0.001,35.85,1447,1.63,,,,,0,False,False,0.0,False,7.98,5.54,20.0,
50.0,121434,351.525,-901.896,-0.009,5.247,30.0,1355,-1,49.99,False,-1,True,True,0.75,0.0,-0.0,False,False,0.251,0.001,35.842,1447,1.63,,,,,0,False,False,0.0,False,7.72,5.61,20.0,
50.05,121435,351.739,-901.742,-0.009,5.313,30.0,1355,-1,50.25,False,-1,True,True,0.75,0.0,0.0,False,False,0.233,-0.001,35.861,1447,1.63,,,,,0,False,False,0.0,False,7.46,5.62,20.0,
50.1,121436,351.952,-901.588,-0.009,5.229,30.0,1355,-1,50.51,False,-1,True,True,0.75,0.0,-0.002,False,False,0.185,0.002,35.824,1447,1.63,,,,,0,False,False,0.0,False,7.2,5.66,20.0,
50.15,121437,352.165,-901.434,-0.008,5.302,30.0,1355,-1,50.78,False,-1,True,True,0.75,0.0,0.003,False,False,0.152,-0.003,35.847,1447,1.63,,,,,0,False,False,0.0,False,6.93,5.61,20.0,
50.2,121438,352.379,-901.279,-0.008,5.25,30.0,1355,-1,51.04,False,-1,True,True,0.75,0.0,-0.002,False,False,0.125,0.0,35.813,1447,1.63,,,,,0,False,False,0.0,False,6.67,5.65,20.0,
50.25,121439,352.594,-901.124,-0.008,5.334,30.0,1355,-1,51.3,False,-1,True,True,0.75,0.0,0.003,False,False,0.117,-0.003,35.839,1447,1.63,,,,,0,False,False,0.0,False,6.4,5.63,20.0,
50.3,121440,352.808,-900.969,-0.008,5.261,30.0,1355,-1,51.57,False,-1,True,True,0.75,0.0,-0.002,False,False,0.099,0.001,35.812,1447,1.63,,,,,0,False,False,0.0,False,6.14,5.67,20.0,
50.35,121441,353.023,-900.814,-0.008,5.372,30.0,1355,-1,51.83,False,-1,True,True,0.75,0.0,0.003,False,False,0.095,-0.002,35.837,1447,1.63,,,,,0,False,False,0.0,False,5.87,5.63,20.0,
50.4,121442,353.253,-900.648,-0.009,5.789,30.0,1355,-1,52.12,False,-1,True,True,0.686,0.0,-0.002,False,False,0.21,0.002,35.863,1447,1.63,,,,,0,False,False,0.0,False,5.59,5.69,20.0,
50.45,121443,353.499,-900.47,-0.01,6.212,30.0,1355,-1,52.42,False,-1,True,True,0.0,0.3,-0.004,False,False,0.363,0.009,35.861,1447,4.89,,,,,0,False,False,0.0,False,8.55,5.89,20.0,
50.5,121444,353.755,-900.286,-0.011,6.312,30.0,1355,-1,52.74,False,-1,True,True,0.0,0.3,-0.001,False,False,0.432,0.007,35.852,1447,4.89,,,,,0,False,False,0.0,False,8.23,6.11,20.0,
50.55,121445,354.013,-900.1,-0.011,6.404,30.0,1355,-1,53.06,False,-1,True,True,0.0,0.3,0.0,False,False,0.418,0.003,35.848,1447,4.89,,,,,0,False,False,0.0,False,7.91,6.16,20.0,
50.6,121446,354.269,-899.915,-0.01,6.262,30.0,1355,-1,53.37,False,-1,True,True,0.0,0.3,-0.0,False,False,0.328,-0.0,35.848,1447,4.89,,,,,0,False,False,0.0,False,7.6,6.2,20.0,
50.65,121447,354.52,-899.733,-0.009,6.184,30.0,1355,-1,53.68,False,-1,True,True,0.0,0.3,-0.001,False,False,0.214,-0.001,35.83,1447,4.89,,,,,0,False,False,0.0,False,7.29,6.13,20.0,
50.7,121448,354.764,-899.557,-0.008,5.952,30.0,1355,-1,53.98,False,-1,True,True,0.0,0.3,0.001,False,False,0.088,-0.004,35.853,1447,4.89,,,,,0,False,False,0.0,False,6.99,6.09,20.0,
50.75,121449,355.002,-899.386,-0.007,5.82,30.0,1355,-1,54.27,False,-1,True,True,0.0,0.3,-0.002,False,False,-0.019,-0.001,35.825,1447,4.89,,,,,0,False,False,0.0,False,6.69,5.98,20.0,
50.8,121450,355.231,-899.22,-0.006,5.557,30.0,1355,-1,54.56,False,-1,True,True,0.0,0.3,0.002,False,False,-0.113,-0.003,35.85,1447,4.89,,,,,0,False,False,0.0,False,6.41,5.91,20.0,
50.85,121451,355.452,-899.06,-0.006,5.44,30.0,1355,-1,54.83,False,-1,True,True,0.0,0.044,-0.002,False,False,-0.176,0.0,35.822,1447,4.89,,,,,0,False,False,0.0,False,6.14,5.78,20.0,
50.9,121452,355.667,-898.905,-0.005,5.218,30.0,1355,-1,55.1,False,-1,True,True,0.378,0.0,0.002,False,False,-0.215,-0.001,35.856,1447,4.89,,,,,0,False,False,0.0,False,5.87,5.72,20.0,
50.95,121453,355.877,-898.754,-0.005,5.147,30.0,1355,-1,55.35,False,-1,True,True,0.75,0.0,-0.003,False,False,-0.225,0.003,35.833,1447,4.89,,,,,0,False,False,0.0,False,5.61,5.61,20.0,
51.0,121454,356.084,-898.605,-0.005,5.075,30.0,1355,-1,55.61,False,-1,True,True,0.75,0.0,0.002,False,False,-0.197,0.001,35.878,1447,4.89,,,,,0,False,False,0.0,False,5.36,5.57,20.0,
51.05,121455,356.292,-898.455,-0.006,5.144,30.0,1355,-1,55.87,False,-1,True,True,0.75,0.0,-0.005,False,False,-0.137,0.007,35.847,1447,8.15,,,,,0,False,False,0.0,False,8.36,5.54,20.0,
51.1,121456,356.491,-898.311,-0.006,4.732,30.0,1448,-1,0.03,True,42,True,False,0.75,0.0,-0.005,False,False,-0.163,0.011,35.808,1447,8.15,,,,,0,False,False,0.0,False,8.12,5.57,20.0,
51.15,121457,356.673,-898.18,-0.005,4.386,30.0,1447,-1,0.26,True,42,True,True,0.75,0.0,0.004,False,False,-0.259,0.003,35.774,1447,8.15,,,,,0,False,False,0.0,False,7.89,5.37,20.0,
51.2,121458,356.845,-898.055,-0.004,4.178,30.0,1447,-1,0.47,True,42,True,True,0.75,0.0,0.004,False,False,-0.324,-0.006,35.779,1447,8.15,,,,,0,False,False,0.0,False,7.68,5.19,20.0,
51.25,121459,357.011,-897.935,-0.004,4.08,30.0,1447,-1,0.67,True,42,True,True,0.75,0.0,0.001,False,False,-0.328,-0.006,35.788,1447,8.15,,,,,0,False,False,0.0,False,7.47,5.09,20.0,
51.3,121460,357.177,-897.816,-0.005,4.059,30.0,1447,-1,0.88,True,42,True,True,0.75,0.0,0.001,False,False,-0.28,-0.004,35.793,1447,8.15,,,,,0,False,False,0.0,False,7.27,5.04,20.0,
51.35,121461,357.342,-897.696,-0.006,4.088,30.0,1447,-1,1.08,True,42,True,True,0.75,0.0,0.001,False,False,-0.201,-0.002,35.797,1447,8.15,,,,,0,False,False,0.0,False,7.06,5.03,20.0,
51.4,121462,357.51,-897.575,-0.006,4.148,30.0,1447,-1,1.29,True,42,True,True,0.75,0.0,0.001,False,False,-0.111,-0.001,35.801,1447,8.15,,,,,0,False,False,0.0,False,6.86,5.04,20.0,
51.45,121463,357.681,-897.452,-0.007,4.225,30.0,1447,-1,1.5,True,42,True,True,0.75,0.0,0.001,False,False,-0.024,-0.001,35.805,1447,8.15,,,,,0,False,False,0.0,False,6.65,5.07,20.0,
51.5,121464,357.855,-897.326,-0.008,4.315,30.0,1447,-1,1.71,True,42,True,True,0.75,0.0,0.0,False,False,0.051,-0.0,35.808,1447,8.15,,,,,0,False,False,0.0,False,6.43,5.11,20.0,
51.55,121465,358.032,-897.198,-0.008,4.411,30.0,1447,-1,1.93,True,42,True,True,0.75,0.0,0.0,False,False,0.112,-0.0,35.811,1447,8.15,,,,,0,False,False,0.0,False,6.21,5.16,20.0,
51.6,121466,358.214,-897.067,-0.009,4.511,30.0,1447,-1,2.16,True,42,True,True,0.75,0.0,0.0,False,False,0.159,0.0,35.813,1447,8.15,,,,,0,False,False,0.0,False,5.99,5.21,20.0,
51.65,121467,358.4,-896.933,-0.009,4.614,30.0,1447,-1,2.39,True,42,True,True,0.75,0.0,0.0,False,False,0.194,0.0,35.815,1447,8.15,,,,,0,False,False,0.0,False,5.76,5.26,20.0,
51.7,121468,358.589,-896.796,-0.009,4.718,30.0,1447,-1,2.62,True,42,True,True,0.75,0.0,0.0,False,False,0.219,0.0,35.816,1447,8.15,,,,,0,False,False,0.0,False,5.53,5.31,20.0,
51.75,121469,358.783,-896.656,-0.009,4.823,30.0,1447,-1,2.86,True,42,True,True,0.75,0.0,0.0,False,False,0.236,0.0,35.818,1447,8.15,,,,,0,False,False,0.0,False,5.29,5.36,20.0,
51.8,121470,358.981,-896.513,-0.009,4.927,30.0,1447,-1,3.1,True,42,True,True,0.75,0.0,-0.0,False,False,0.247,0.001,35.818,1447,11.41,,,,,0,False,False,0.0,False,8.3,5.41,20.0,
51.85,121471,359.184,-896.367,-0.009,5.031,30.0,1447,-1,3.35,True,42,True,True,0.75,0.0,0.0,False,False,0.254,0.001,35.818,1447,11.41,,,,,0,False,False,0.0,False,8.05,5.46,20.0,
51.9,121472,359.39,-896.218,-0.009,5.133,30.0,1447,-1,3.61,True,42,True,True,0.75,0.0,0.0,False,False,0.258,0.0,35.819,1447,11.41,,,,,0,False,False,0.0,False,7.8,5.52,20.0,
51.95,121473,359.601,-896.066,-0.009,5.271,30.0,1447,-1,3.87,True,42,True,True,0.75,0.0,0.0,False,False,0.261,0.0,35.82,1447,11.41,,,,,0,False,False,0.0,False,7.54,5.57,20.0,
52.0,121474,359.815,-895.911,-0.009,5.298,30.0,1447,-1,4.13,True,42,True,True,0.75,0.0,-0.0,False,False,0.257,0.0,35.822,1447,11.41,,,,,0,False,False,0.0,False,7.27,5.64,20.0,
52.05,121475,360.033,-895.753,-0.009,5.407,30.0,1447,-1,4.4,True,42,True,True,0.75,0.0,-0.0,False,False,0.25,0.001,35.808,1447,11.41,,,,,0,False,False,0.0,False,7.0,5.65,20.0,
52.1,121476,360.25,-895.597,-0.009,5.315,30.0,1447,-1,4.67,True,42,True,True,0.587,0.0,0.001,False,False,0.204,-0.002,35.841,1447,11.41,,,,,0,False,False,1.462,False,6.74,5.7,20.0,
52.15,121477,360.466,-895.441,-0.008,5.368,30.0,1447,-1,4.94,True,42,True,True,0.75,0.0,-0.003,False,False,0.162,0.003,35.817,1447,11.41,,,,,0,False,False,1.638,False,6.47,5.66,20.0,
52.2,121478,360.682,-895.286,-0.008,5.297,30.0,1447,-1,5.2,True,42,True,True,0.714,0.0,0.002,False,False,0.124,-0.0,35.851,1447,11.41,,,,,0,False,False,1.816,False,6.2,5.68,20.0,
52.25,121479,360.899,-895.129,-0.008,5.38,30.0,1447,-1,5.47,True,42,True,True,0.75,0.0,-0.003,False,False,0.108,0.003,35.827,1447,11.41,,,,,0,False,False,2.004,False,5.94,5.65,20.0,
52.3,121480,361.116,-894.973,-0.008,5.334,30.0,1447,-1,5.74,True,42,True,True,0.662,0.0,0.002,False,False,0.097,-0.001,35.859,1447,11.41,,,,,0,False,False,0.0,False,5.67,5.69,20.0,
52.35,121481,361.334,-894.816,-0.008,5.404,30.0,1447,-1,6.01,True,42,True,True,0.75,0.0,-0.003,False,False,0.096,0.002,35.831,1447,11.41,,,,,0,False,False,0.0,False,5.4,5.67,20.0,
52.4,121482,361.551,-894.659,-0.008,5.33,30.0,1447,-1,6.27,True,42,True,True,0.567,0.0,0.001,False,False,0.084,-0.001,35.856,1447,14.67,,,,,0,False,False,0.0,False,8.39,5.7,20.0,
52.45,121483,361.773,-894.499,-0.008,5.653,30.0,1447,-1,6.55,True,42,True,True,0.75,0.0,-0.003,False,False,0.121,0.002,35.818,1447,14.67,,,,,0,False,False,0.0,False,8.12,5.67,20.0,
52.5,121484,362.011,-894.326,-0.009,5.985,30.0,1447,-1,6.84,True,42,True,True,0.0,0.3,0.003,False,False,0.263,-0.003,35.8,1447,14.67,,,,,0,False,False,0.0,False,7.83,5.83,20.0,
52.55,121485,362.262,-894.145,-0.01,6.281,30.0,1447,-1,7.15,True,42,True,True,0.0,0.3,0.002,False,False,0.375,-0.007,35.803,1447,14.67,,,,,0,False,False,0.0,False,7.52,5.99,20.0,
52.6,121486,362.517,-893.961,-0.011,6.278,30.0,1447,-1,7.47,True,42,True,True,0.0,0.3,0.0,False,False,0.391,-0.004,35.808,1447,14.67,,,,,0,False,False,0.0,False,7.2,6.14,20.0,
52.65,121487,362.772,-893.777,-0.01,6.296,30.0,1447,-1,7.78,True,42,True,True,0.0,0.3,-0.0,False,False,0.338,-0.001,35.811,1447,14.67,,,,,0,False,False,0.0,False,6.89,6.14,20.0,
52.7,121488,363.022,-893.596,-0.009,6.11,30.0,1447,-1,8.09,True,42,True,True,0.0,0.3,0.0,False,False,0.231,0.001,35.8,1447,14.67,,,,,0,False,False,0.0,False,6.58,6.15,20.0,
52.75,121489,363.267,-893.42,-0.008,6.004,30.0,1447,-1,8.39,True,42,True,True,0.0,0.3,0.001,False,False,0.117,0.0,35.828,1447,14.67,,,,,0,False,False,1.472,False,6.28,6.06,20.0,
52.8,121490,363.504,-893.249,-0.007,5.759,30.0,1447,-1,8.68,True,42,True,True,0.0,0.3,-0.002,False,False,0.003,0.004,35.803,1447,14.67,,,,,0,False,False,1.664,False,5.99,6.0,20.0,
52.85,121491,363.733,-893.083,-0.006,5.622,30.0,1447,-1,8.96,True,42,True,True,0.0,0.3,0.002,False,False,-0.088,0.001,35.83,1447,14.67,,,,,0,False,False,1.855,False,5.7,5.88,20.0,
52.9,121492,363.954,-892.924,-0.006,5.357,30.0,1447,-1,9.24,True,42,True,True,0.0,0.275,-0.002,False,False,-0.165,0.004,35.803,1373,1.88,,,,,0,False,False,2.047,False,8.94,5.81,20.0,
52.95,121493,364.168,-892.769,-0.005,5.25,30.0,1447,-1,9.5,True,42,True,True,0.679,0.0,0.002,False,False,-0.211,-0.0,35.83,1373,1.88,,,,,0,False,False,0.0,False,8.67,5.68,20.0,
53.0,121494,364.376,-892.619,-0.005,5.048,30.0,1447,-1,9.76,True,42,True,True,0.75,0.0,-0.002,False,False,-0.233,0.001,35.795,1373,1.88,,,,,0,False,False,0.0,False,8.42,5.62,20.0,
53.05,121495,364.58,-892.472,-0.005,5.04,30.0,1447,-1,10.01,True,42,True,True,0.75,0.0,0.003,False,False,-0.219,-0.003,35.787,1373,1.88,,,,,0,False,False,0.0,False,8.16,5.52,20.0,
53.1,121496,364.784,-892.324,-0.006,4.94,30.0,1447,-1,10.26,True,42,True,True,0.75,0.0,0.002,False,False,-0.168,-0.005,35.781,1373,1.88,,,,,0,False,False,0.0,False,7.91,5.52,20.0,
53.15,121497,364.987,-892.178,-0.006,4.936,30.0,1447,-1,10.51,True,42,True,True,0.75,0.0,0.002,False,False,-0.116,-0.004,35.793,1373,1.88,,,,,0,False,False,0.0,False,7.66,5.47,20.0,
53.2,121498,365.176,-892.042,-0.006,4.514,30.0,1447,-1,10.74,True,42,True,True,0.75,0.0,-0.0,False,False,-0.187,-0.001,35.824,1373,1.88,,,,,0,False,False,0.0,False,7.43,5.47,20.0,
53.25,121499,365.352,-891.915,-0.005,4.26,30.0,1447,-1,10.96,True,42,True,True,0.75,0.0,-0.002,False,False,-0.269,0.004,35.827,1373,1.88,,,,,0,False,False,0.0,False,7.21,5.26,20.0,
53.3,121500,365.521,-891.793,-0.005,4.127,30.0,1447,-1,11.17,True,42,True,True,0.75,0.0,-0.0,False,False,-0.301,0.004,35.824,1373,1.88,,,,,0,False,False,0.0,False,7.0,5.13,20.0,
53.35,121501,365.687,-891.673,-0.005,4.082,30.0,1447,-1,11.37,True,42,True,True,0.75,0.0,0.0,False,False,-0.276,0.002,35.824,1373,1.88,,,,,0,False,False,0.0,False,6.8,5.06,20.0,
53.4,121502,365.853,-891.553,-0.005,4.096,30.0,1447,-1,11.58,True,42,True,True,0.75,0.0,-0.0,False,False,-0.213,0.001,35.824,1373,1.88,,,,,0,False,False,0.0,False,6.59,5.04,20.0,
53.45,121503,366.021,-891.432,-0.006,4.145,30.0,1447,-1,11.79,True,42,True,True,0.75,0.0,-0.0,False,False,-0.13,0.0,35.823,1373,1.88,,,,,0,False,False,0.0,False,6.39,5.05,20.0,
53.5,121504,366.191,-891.309,-0.007,4.217,30.0,1447,-1,12.0,True,42,True,True,0.75,0.0,-0.0,False,False,-0.046,0.0,35.822,1373,1.88,,,,,0,False,False,0.0,False,6.18,5.07,20.0,
53.55,121505,366.365,-891.184,-0.008,4.303,30.0,1447,-1,12.21,True,42,True,True,0.75,0.0,-0.0,False,False,0.031,0.0,35.822,1373,1.88,,,,,0,False,False,0.0,False,5.96,5.11,20.0,
53.6,121506,366.542,-891.056,-0.008,4.397,30.0,1447,-1,12.43,True,42,True,True,0.75,0.0,-0.0,False,False,0.095,-0.0,35.821,1373,1.88,,,,,0,False,False,0.0,False,5.74,5.15,20.0,
53.65,121507,366.723,-890.925,-0.009,4.496,30.0,1447,-1,12.65,True,42,True,True,0.75,0.0,0.0,False,False,0.145,-0.0,35.821,1373,1.88,,,,,0,False,False,0.0,False,5.52,5.2,20.0,
53.7,121508,366.908,-890.792,-0.009,4.597,30.0,1447,-1,12.88,True,42,True,True,0.75,0.0,-0.0,False,False,0.183,-0.0,35.821,1373,1.88,,,,,0,False,False,0.0,False,5.29,5.25,20.0,
53.75,121509,367.097,-890.656,-0.009,4.701,30.0,1447,-1,13.11,True,42,True,True,0.75,0.0,-0.0,False,False,0.211,-0.0,35.821,1373,5.63,,,,,0,False,False,0.0,False,8.81,5.3,20.0,
53.8,121510,367.29,-890.516,-0.009,4.805,30.0,1447,-1,13.35,True,42,True,True,0.75,0.0,0.0,False,False,0.23,-0.0,35.82,1373,5.63,,,,,0,False,False,0.0,False,8.57,5.35,20.0,
53.85,121511,367.488,-890.373,-0.009,4.909,30.0,1447,-1,13.59,True,42,True,True,0.75,0.0,-0.0,False,False,0.243,-0.0,35.82,1373,5.63,,,,,0,False,False,0.0,False,8.33,5.4,20.0,
53.9,121512,367.689,-890.228,-0.009,5.013,30.0,1447,-1,13.84,True,42,True,True,0.75,0.0,-0.0,False,False,0.251,0.0,35.82,1373,5.63,,,,,0,False,False,0.0,False,8.08,5.45,20.0,
53.95,121513,367.895,-890.079,-0.009,5.118,30.0,1447,-1,14.1,True,42,True,True,0.75,0.0,-0.0,False,False,0.257,0.0,35.82,1373,5.63,,,,,0,False,False,0.0,False,7.83,5.51,20.0,
54.0,121514,368.105,-889.928,-0.009,5.178,30.0,1447,-1,14.36,True,42,True,True,0.75,0.0,-0.0,False,False,0.257,0.0,35.819,1373,5.63,,,,,0,False,False,0.0,False,7.57,5.56,20.0,
54.05,121515,368.319,-889.773,-0.009,5.352,30.0,1447,-1,14.62,True,42,True,True,0.75,0.0,-0.0,False,False,0.26,-0.0,35.824,1373,5.63,,,,,0,False,False,0.0,False,7.31,5.59,20.0,
54.1,121516,368.535,-889.618,-0.009,5.284,30.0,1447,-1,14.89,True,42,True,True,0.75,0.0,-0.0,False,False,0.236,0.001,35.802,1373,5.63,,,,,0,False,False,0.0,False,7.04,5.68,20.0,
54.15,121517,368.75,-889.462,-0.009,5.34,30.0,1447,-1,15.15,True,42,True,True,0.75,0.0,0.002,False,False,0.196,-0.003,35.827,1373,5.63,,,,,0,False,False,0.0,False,6.77,5.64,20.0,
54.2,121518,368.964,-889.307,-0.008,5.273,30.0,1447,-1,15.42,True,42,True,True,0.75,0.0,-0.002,False,False,0.153,0.001,35.792,1373,5.63,,,,,0,False,False,0.0,False,6.51,5.67,20.0,
54.25,121519,369.18,-889.152,-0.008,5.361,30.0,1447,-1,15.68,True,42,True,True,0.75,0.0,0.003,False,False,0.133,-0.003,35.815,1373,5.63,,,,,0,False,False,0.0,False,6.24,5.64,20.0,
54.3,121520,369.396,-888.996,-0.008,5.297,30.0,1447,-1,15.95,True,42,True,True,0.735,0.0,-0.002,False,False,0.113,0.0,35.786,1373,5.63,,,,,0,False,False,0.0,False,5.98,5.68,20.0,
54.35,121521,369.612,-888.84,-0.008,5.365,30.0,1447,-1,16.22,True,42,True,True,0.75,0.0,0.003,False,False,0.102,-0.002,35.817,1373,5.63,,,,,0,False,False,0.0,False,5.71,5.65,20.0,
54.4,121522,369.829,-888.683,-0.008,5.444,30.0,1373,-1,0.19,False,-1,True,True,0.714,0.0,-0.002,False,False,0.105,0.002,35.815,1373,5.63,,,,,0,False,False,0.0,False,5.44,5.68,20.0,
54.45,121523,370.064,-888.513,-0.009,5.966,30.0,1373,-1,0.48,False,-1,True,True,0.423,0.0,0.0,False,False,0.244,0.002,35.837,1373,9.38,,,,,0,False,False,0.0,False,8.91,5.72,20.0,
54.5,121524,370.313,-888.334,-0.01,6.18,30.0,1373,-1,0.78,False,-1,True,True,0.0,0.3,-0.002,False,False,0.37,0.005,35.84,1373,9.38,,,,,0,False,False,0.0,False,8.6,5.98,20.0,
54.55,121525,370.569,-888.15,-0.011,6.344,30.0,1373,-1,1.1,False,-1,True,True,0.0,0.3,-0.001,False,False,0.414,0.004,35.836,1373,9.38,,,,,0,False,False,0.0,False,8.28,6.09,20.0,
54.6,121526,370.824,-887.966,-0.01,6.248,30.0,1373,-1,1.41,False,-1,True,True,0.0,0.3,-0.0,False,False,0.364,0.001,35.833,1373,9.38,,,,,0,False,False,0.0,False,7.97,6.17,20.0,
54.65,121527,371.075,-887.784,-0.009,6.203,30.0,1373,-1,1.72,False,-1,True,True,0.0,0.3,-0.0,False,False,0.268,-0.001,35.825,1373,9.38,,,,,0,False,False,0.0,False,7.66,6.12,20.0,
54.7,121528,371.321,-887.607,-0.008,5.984,30.0,1373,-1,2.03,False,-1,True,True,0.0,0.3,0.0,False,False,0.146,-0.003,35.841,1373,9.38,,,,,0,False,False,0.0,False,7.36,6.1,20.0,
54.75,121529,371.559,-887.435,-0.007,5.861,30.0,1373,-1,2.32,False,-1,True,True,0.0,0.3,-0.002,False,False,0.033,-0.0,35.812,1373,9.38,,,,,0,False,False,0.0,False,7.06,5.99,20.0,
54.8,121530,371.79,-887.268,-0.006,5.604,30.0,1373,-1,2.6,False,-1,True,True,0.0,0.3,0.002,False,False,-0.07,-0.004,35.838,1373,9.38,,,,,0,False,False,0.0,False,6.78,5.93,20.0,
54.85,121531,372.013,-887.107,-0.006,5.475,30.0,1373,-1,2.88,False,-1,True,True,0.0,0.207,-0.002,False,False,-0.144,-0.001,35.809,1373,9.38,,,,,0,False,False,0.0,False,6.5,5.8,20.0,
54.9,121532,372.229,-886.951,-0.005,5.246,30.0,1373,-1,3.15,False,-1,True,True,0.257,0.0,0.002,False,False,-0.197,-0.002,35.84,1373,9.38,,,,,0,False,False,0.0,False,6.24,5.74,20.0,
54.95,121533,372.44,-886.799,-0.005,5.175,30.0,1373,-1,3.41,False,-1,True,True,0.75,0.0,-0.003,False,False,-0.215,0.002,35.817,1373,9.38,,,,,0,False,False,0.0,False,5.98,5.62,20.0,
55.0,121534,372.646,-886.651,-0.005,5.013,30.0,1373,-1,3.66,False,-1,True,True,0.75,0.0,0.002,False,False,-0.216,0.001,35.855,1373,9.38,,,,,0,False,False,0.0,False,5.72,5.59,20.0,
55.05,121535,372.851,-886.503,-0.006,5.085,30.0,1373,-1,3.91,False,-1,True,True,0.75,0.0,-0.004,False,False,-0.168,0.005,35.834,1373,9.38,,,,,0,False,False,0.0,False,5.47,5.51,20.0,
55.1,121536,373.056,-886.355,-0.006,5.009,30.0,1373,-1,4.17,False,-1,True,True,0.75,0.0,0.001,False,False,-0.117,0.002,35.862,1373,13.14,,,,,0,False,False,0.0,False,8.97,5.54,20.0,
55.15,121537,373.25,-886.215,-0.006,4.627,30.0,1373,-1,4.41,False,-1,True,True,0.75,0.0,-0.003,False,False,-0.161,0.003,35.836,1373,13.14,,,,,0,False,False,0.0,False,8.73,5.5,20.0,
55.2,121538,373.43,-886.086,-0.005,4.346,30.0,1373,-1,4.63,False,-1,True,True,0.75,0.0,0.001,False,False,-0.247,-0.0,35.828,1373,13.14,,,,,0,False,False,0.0,False,8.51,5.31,20.0,
55.25,121539,373.601,-885.961,-0.005,4.191,30.0,1373,-1,4.84,False,-1,True,True,0.75,0.0,0.0,False,False,-0.291,-0.003,35.828,1373,13.14,,,,,0,False,False,0.0,False,8.3,5.17,20.0,
55.3,121540,373.77,-885.84,-0.005,4.131,30.0,1373,-1,5.05,False,-1,True,True,0.75,0.0,-0.0,False,False,-0.279,-0.002,35.827,1373,13.14,,,,,0,False,False,0.0,False,8.09,5.1,20.0,
55.35,121541,373.937,-885.719,-0.005,4.134,30.0,1373,-1,5.25,False,-1,True,True,0.75,0.0,-0.0,False,False,-0.223,-0.001,35.826,1373,13.14,,,,,0,False,False,0.0,False,7.88,5.07,20.0,
55.4,121542,374.107,-885.597,-0.006,4.177,30.0,1373,-1,5.46,False,-1,True,True,0.75,0.0,-0.0,False,False,-0.145,-0.001,35.825,1373,13.14,,,,,0,False,False,0.0,False,7.67,5.07,20.0,
55.45,121543,374.278,-885.473,-0.007,4.244,30.0,1373,-1,5.67,False,-1,True,True,0.75,0.0,-0.0,False,False,-0.061,-0.001,35.825,1373,13.14,,,,,0,False,False,0.0,False,7.46,5.09,20.0,
55.5,121544,374.453,-885.347,-0.007,4.327,30.0,1373,-1,5.89,False,-1,True,True,0.75,0.0,-0.0,False,False,0.017,-0.0,35.824,1373,13.14,,,,,0,False,False,0.0,False,7.25,5.12,20.0,
55.55,121545,374.631,-885.218,-0.008,4.419,30.0,1373,-1,6.11,False,-1,True,True,0.75,0.0,-0.0,False,False,0.083,-0.0,35.823,1373,13.14,,,,,0,False,False,0.0,False,7.03,5.16,20.0,
55.6,121546,374.813,-885.087,-0.008,4.517,30.0,1373,-1,6.33,False,-1,True,True,0.75,0.0,-0.0,False,False,0.136,-0.0,35.823,1373,13.14,,,,,0,False,False,0.0,False,6.8,5.21,20.0,
55.65,121547,374.999,-884.953,-0.009,4.618,30.0,1373,-1,6.56,False,-1,True,True,0.75,0.0,-0.0,False,False,0.176,-0.0,35.822,1373,13.14,,,,,0,False,False,0.0,False,6.57,5.26,20.0,
55.7,121548,375.189,-884.816,-0.009,4.72,30.0,1373,-1,6.8,False,-1,True,True,0.75,0.0,-0.0,False,False,0.205,-0.0,35.822,1373,13.14,,,,,0,False,False,0.0,False,6.34,5.31,20.0,
55.75,121549,375.383,-884.676,-0.009,4.824,30.0,1373,-1,7.04,False,-1,True,True,0.75,0.0,-0.0,False,False,0.226,-0.0,35.822,1373,13.14,,,,,0,False,False,0.0,False,6.1,5.36,20.0,
55.8,121550,375.581,-884.533,-0.009,4.928,30.0,1373,-1,7.28,False,-1,True,True,0.75,0.0,-0.0,False,False,0.24,-0.0,35.822,1373,13.14,,,,,0,False,False,0.0,False,5.86,5.41,20.0,
55.85,121551,375.783,-884.387,-0.009,5.032,30.0,1373,-1,7.53,False,-1,True,True,0.75,0.0,0.0,False,False,0.249,-0.0,35.822,1373,13.14,,,,,0,False,False,0.0,False,5.61,5.46,20.0,
55.9,121552,375.99,-884.238,-0.009,5.133,30.0,1373,-1,7.78,False,-1,True,True,0.75,0.0,-0.0,False,False,0.255,-0.0,35.822,1373,13.14,,,,,0,False,False,0.0,False,5.35,5.52,20.0,
55.95,121553,376.201,-884.086,-0.009,5.271,30.0,1373,-1,8.04,False,-1,True,True,0.75,0.0,-0.0,False,False,0.26,0.001,35.821,1373,16.89,,,,,0,False,False,0.0,False,8.85,5.57,20.0,
56.0,121554,376.415,-883.931,-0.009,5.296,30.0,1373,-1,8.31,False,-1,True,True,0.75,0.0,0.0,False,False,0.255,0.0,35.815,1373,16.89,,,,,0,False,False,0.0,False,8.58,5.64,20.0,
56.05,121555,376.632,-883.774,-0.009,5.374,30.0,1373,-1,8.58,False,-1,True,True,0.75,0.0,0.0,False,False,0.24,-0.001,35.834,1373,16.89,,,,,0,False,False,0.0,False,8.31,5.65,20.0,
56.1,121556,376.847,-883.619,-0.009,5.288,30.0,1373,-1,8.84,False,-1,True,True,0.707,0.0,-0.002,False,False,0.192,0.002,35.798,1373,16.89,,,,,0,False,False,0.0,False,8.05,5.69,20.0,
56.15,121557,377.063,-883.463,-0.008,5.357,30.0,1373,-1,9.11,False,-1,True,True,0.75,0.0,0.003,False,False,0.156,-0.003,35.822,1373,16.89,,,,,0,False,False,0.0,False,7.78,5.64,20.0,
56.2,121558,377.278,-883.307,-0.008,5.302,30.0,1373,-1,9.37,False,-1,True,True,0.75,0.0,-0.002,False,False,0.126,0.0,35.788,1373,16.89,,,,,0,False,False,0.0,False,7.52,5.68,20.0,
56.25,121559,377.495,-883.151,-0.008,5.384,30.0,1373,-1,9.64,False,-1,True,True,0.75,0.0,0.003,False,False,0.116,-0.003,35.815,1373,16.89,,,,,0,False,False,0.0,False,7.25,5.65,20.0,
56.3,121560,377.712,-882.994,-0.008,5.311,30.0,1373,-1,9.91,False,-1,True,True,0.647,0.0,-0.002,False,False,0.098,0.001,35.788,1373,16.89,,,,,0,False,False,0.0,False,6.98,5.69,20.0,
56.35,121561,377.929,-882.837,-0.008,5.422,30.0,1373,-1,10.18,False,-1,True,True,0.75,0.0,0.003,False,False,0.094,-0.002,35.813,1373,16.89,,,,,0,False,False,0.0,False,6.71,5.66,20.0,
56.4,121562,378.16,-882.671,-0.009,5.829,30.0,1373,-1,10.46,False,-1,True,True,0.501,0.0,-0.002,False,False,0.207,0.002,35.838,1373,16.89,,,,,0,False,False,0.0,False,6.43,5.71,20.0,
56.45,121563,378.408,-882.492,-0.01,6.218,30.0,1373,-1,10.77,False,-1,True,True,0.0,0.3,-0.002,False,False,0.352,0.006,35.84,1373,16.89,,,,,0,False,False,0.0,False,6.12,5.91,20.0,
56.5,121564,378.662,-882.309,-0.011,6.272,30.0,1373,-1,11.08,False,-1,True,True,0.0,0.3,-0.001,False,False,0.405,0.005,35.835,1373,16.89,,,,,0,False,False,0.0,False,5.81,6.11,20.0,
56.55,121565,378.918,-882.125,-0.01,6.33,30.0,1373,-1,11.4,False,-1,True,True,0.0,0.3,-0.0,False,False,0.377,0.002,35.831,1373,20.64,,,,,0,False,False,0.0,False,9.25,6.14,20.0,
56.6,121566,379.17,-881.943,-0.01,6.169,30.0,1373,-1,11.71,False,-1,True,True,0.0,0.3,-0.0,False,False,0.282,-0.0,35.837,1373,20.64,,,,,0,False,False,0.0,False,8.94,6.17,20.0,
56.65,121567,379.417,-881.764,-0.009,6.076,30.0,1373,-1,12.01,False,-1,True,True,0.0,0.3,-0.001,False,False,0.169,-0.0,35.811,1373,20.64,,,,,0,False,False,0.0,False,8.63,6.08,20.0,
56.7,121568,379.657,-881.591,-0.007,5.837,30.0,1373,-1,12.31,False,-1,True,True,0.0,0.3,0.002,False,False,0.048,-0.004,35.836,1373,20.64,,,,,0,False,False,0.0,False,8.34,6.04,20.0,
56.75,121569,379.89,-881.423,-0.007,5.705,30.0,1373,-1,12.59,False,-1,True,True,0.0,0.3,-0.002,False,False,-0.051,-0.001,35.808,1373,20.64,,,,,0,False,False,0.0,False,8.05,5.92,20.0,
56.8,121570,380.114,-881.261,-0.006,5.439,30.0,1373,-1,12.87,False,-1,True,True,0.0,0.3,0.002,False,False,-0.137,-0.004,35.834,1373,20.64,,,,,0,False,False,0.0,False,7.77,5.85,20.0,
56.85,121571,380.331,-881.104,-0.005,5.33,30.0,1373,-1,13.14,False,-1,True,True,0.385,0.0,-0.002,False,False,-0.192,0.0,35.806,1373,20.64,,,,,0,False,False,0.0,False,7.5,5.72,20.0,
56.9,121572,380.542,-880.952,-0.005,5.129,30.0,1373,-1,13.4,False,-1,True,True,0.75,0.0,0.002,False,False,-0.219,-0.001,35.84,1373,20.64,,,,,0,False,False,0.0,False,7.24,5.66,20.0,
56.95,121573,380.749,-880.803,-0.005,5.094,30.0,1373,-1,13.65,False,-1,True,True,0.75,0.0,-0.003,False,False,-0.214,0.003,35.815,1373,20.64,,,,,0,False,False,0.0,False,6.99,5.56,20.0,
57.0,121574,380.955,-880.655,-0.005,5.02,30.0,1373,-1,13.91,False,-1,True,True,0.75,0.0,0.002,False,False,-0.178,0.001,35.857,1373,20.64,,,,,0,False,False,0.0,False,6.74,5.55,20.0,
57.05,121575,381.16,-880.506,-0.006,5.09,30.0,1373,-1,14.16,False,-1,True,True,0.75,0.0,-0.004,False,False,-0.119,0.005,35.827,1373,20.64,,,,,0,False,False,0.0,False,6.48,5.51,20.0,
57.1,121576,381.358,-880.364,-0.006,4.722,30.0,1373,-1,14.4,False,-1,True,True,0.75,0.0,0.002,False,False,-0.137,0.001,35.836,1373,20.64,,,,,0,False,False,0.0,False,6.24,5.54,20.0,
57.15,121577,381.541,-880.232,-0.005,4.427,30.0,1373,-1,14.63,False,-1,True,True,0.75,0.0,-0.001,False,False,-0.22,0.0,35.826,1373,20.64,,,,,0,False,False,0.0,False,6.01,5.36,20.0,
57.2,121578,381.716,-880.105,-0.005,4.261,30.0,1373,-1,14.85,False,-1,True,True,0.75,0.0,0.0,False,False,-0.271,-0.001,35.824,1373,20.64,,,,,0,False,False,0.0,False,5.8,5.21,20.0,
57.25,121579,381.887,-879.982,-0.005,4.191,30.0,1373,-1,15.06,False,-1,True,True,0.75,0.0,-0.0,False,False,-0.268,-0.002,35.823,1373,20.64,,,,,0,False,False,0.0,False,5.59,5.13,20.0,
57.3,121580,382.057,-879.859,-0.005,4.188,30.0,1373,-1,15.27,False,-1,True,True,0.75,0.0,-0.0,False,False,-0.22,-0.001,35.823,1373,20.64,,,,,0,False,False,0.0,False,5.38,5.1,20.0,
57.35,121581,382.228,-879.736,-0.006,4.227,30.0,1373,-1,15.48,False,-1,True,True,0.75,0.0,-0.0,False,False,-0.147,-0.001,35.822,1373,20.64,,,,,0,False,False,0.0,False,5.17,5.09,20.0,
57.4,121582,382.401,-879.611,-0.007,4.292,30.0,1373,-1,15.69,False,-1,True,True,0.75,0.0,-0.0,False,False,-0.065,-0.001,35.822,1373,20.64,,,,,0,False,False,0.0,False,4.95,5.11,20.0,
57.45,121583,382.578,-879.484,-0.007,4.372,30.0,1373,-1,15.91,False,-1,True,True,0.75,0.0,-0.0,False,False,0.011,0.0,35.82,1373,24.4,,,,,0,False,False,0.0,False,8.49,5.15,20.0,
57.5,121584,382.758,-879.354,-0.008,4.463,30.0,1373,-1,16.13,False,-1,True,True,0.75,0.0,-0.0,False,False,0.077,0.0,35.819,1373,24.4,,,,,0,False,False,0.0,False,8.27,5.19,20.0,
57.55,121585,382.941,-879.221,-0.008,4.559,30.0,1373,-1,16.36,False,-1,True,True,0.75,0.0,-0.0,False,False,0.131,-0.0,35.819,1373,24.4,,,,,0,False,False,0.0,False,8.04,5.23,20.0,
57.6,121586,383.129,-879.086,-0.009,4.659,30.0,1373,-1,16.59,False,-1,True,True,0.75,0.0,-0.0,False,False,0.172,0.0,35.818,1373,24.4,,,,,0,False,False,0.0,False,7.81,5.28,20.0,
57.65,121587,383.321,-878.948,-0.009,4.761,30.0,1373,-1,16.82,False,-1,True,True,0.75,0.0,-0.0,False,False,0.202,-0.0,35.818,1373,24.4,,,,,0,False,False,0.0,False,7.57,5.33,20.0,
57.7,121588,383.516,-878.806,-0.009,4.865,30.0,1373,-1,17.07,False,-1,True,True,0.75,0.0,-0.0,False,False,0.223,-0.0,35.818,1373,24.4,,,,,0,False,False,0.0,False,7.33,5.38,20.0,
57.75,121589,383.716,-878.662,-0.009,4.968,30.0,1373,-1,17.31,False,-1,True,True,0.75,0.0,0.0,False,False,0.238,-0.0,35.818,1373,24.4,,,,,0,False,False,0.0,False,7.08,5.43,20.0,
57.8,121590,383.92,-878.515,-0.009,5.072,30.0,1373,-1,17.56,False,-1,True,True,0.75,0.0,-0.0,False,False,0.248,-0.0,35.817,1373,24.4,,,,,0,False,False,0.0,False,6.83,5.48,20.0,
57.85,121591,384.128,-878.365,-0.009,5.156,30.0,1373,-1,17.82,False,-1,True,True,0.75,0.0,-0.0,False,False,0.253,0.0,35.817,1373,24.4,,,,,0,False,False,0.0,False,6.58,5.54,20.0,
57.9,121592,384.341,-878.211,-0.009,5.31,30.0,1373,-1,18.08,False,-1,True,True,0.75,0.0,0.0,False,False,0.258,-0.0,35.817,1373,24.4,,,,,0,False,False,0.0,False,6.31,5.58,20.0,
57.95,121593,384.557,-878.056,-0.009,5.338,30.0,1373,-1,18.35,False,-1,True,True,0.75,0.0,-0.0,False,False,0.255,-0.0,35.817,1373,24.4,,,,,0,False,False,0.0,False,6.05,5.65,20.0,
58.0,121594,384.777,-877.896,-0.009,5.508,30.0,1373,-1,18.62,False,-1,True,True,0.75,0.0,-0.0,False,False,0.259,0.0,35.811,1373,24.4,,,,,0,False,False,0.0,False,5.78,5.67,20.0,
58.05,121595,384.999,-877.736,-0.009,5.43,30.0,1373,-1,18.89,False,-1,True,True,0.22,0.0,0.001,False,False,0.232,-0.001,35.833,1373,24.4,,,,,0,False,False,0.0,False,5.5,5.75,20.0,
58.1,121596,385.219,-877.577,-0.009,5.451,30.0,1373,-1,19.17,False,-1,True,True,0.492,0.0,-0.002,False,False,0.184,0.003,35.807,1373,28.15,,,,,0,False,False,0.0,False,8.98,5.72,20.0,
58.15,121597,385.437,-877.421,-0.008,5.327,30.0,1373,-1,19.43,False,-1,True,True,0.411,0.0,0.002,False,False,0.123,-0.0,35.842,1373,28.15,,,,,0,False,False,0.0,False,8.72,5.73,20.0,
58.2,121598,385.653,-877.265,-0.008,5.335,30.0,1373,-1,19.7,False,-1,True,True,0.75,0.0,-0.003,False,False,0.076,0.003,35.818,1373,28.15,,,,,0,False,False,0.0,False,8.45,5.66,20.0,
58.25,121599,385.866,-877.111,-0.007,5.221,30.0,1373,-1,19.96,False,-1,True,True,0.75,0.0,0.002,False,False,0.036,0.0,35.852,1373,28.15,,,,,0,False,False,0.0,False,8.19,5.67,20.0,
58.3,121600,386.079,-876.958,-0.007,5.266,30.0,1373,-1,20.23,False,-1,True,True,0.75,0.0,-0.003,False,False,0.022,0.003,35.826,1373,28.15,,,,,0,False,False,0.0,False,7.92,5.61,20.0,
58.35,121601,386.29,-876.805,-0.007,5.189,30.0,1373,-1,20.49,False,-1,True,True,0.75,0.0,0.001,False,False,0.015,-0.0,35.858,1373,28.15,,,,,0,False,False,0.0,False,7.66,5.63,20.0,
58.4,121602,386.503,-876.652,-0.007,5.27,30.0,1373,-1,20.75,False,-1,True,True,0.75,0.0,-0.004,False,False,0.029,0.003,35.832,1373,28.15,,,,,0,False,False,0.0,False,7.4,5.59,20.0,
58.45,121603,386.716,-876.499,-0.007,5.225,30.0,1373,-1,21.01,False,-1,True,True,0.75,0.0,0.001,False,False,0.042,-0.001,35.862,1373,28.15,,,,,0,False,False,0.0,False,7.14,5.64,20.0,
58.5,121604,386.929,-876.344,-0.008,5.298,30.0,1373,-1,21.27,False,-1,True,True,0.75,0.0,-0.003,False,False,0.06,0.002,35.83,1373,28.15,,,,,0,False,False,0.0,False,6.88,5.61,20.0,
58.55,121605,387.143,-876.191,-0.008,5.223,30.0,1373,-1,21.54,False,-1,True,True,0.75,0.0,0.002,False,False,0.06,-0.003,35.856,1373,28.15,,,,,0,False,False,0.0,False,6.61,5.65,20.0,
58.6,121606,387.36,-876.034,-0.008,5.552,30.0,1373,-1,21.8,False,-1,True,True,0.75,0.0,-0.003,False,False,0.108,0.0,35.817,1373,28.15,,,,,0,False,False,0.0,False,6.34,5.61,20.0,
58.65,121607,387.595,-875.864,-0.009,5.916,30.0,1373,-1,22.1,False,-1,True,True,0.036,0.0,0.003,False,False,0.262,-0.004,35.797,1373,28.15,,,,,0,False,False,0.0,False,6.05,5.78,20.0,
58.7,121608,387.845,-875.683,-0.011,6.252,30.0,1373,-1,22.4,False,-1,True,True,0.0,0.3,0.002,False,False,0.395,-0.008,35.8,1373,28.15,,,,,0,False,False,0.0,False,5.75,5.96,20.0,
58.75,121609,388.099,-875.5,-0.011,6.255,30.0,1373,-1,22.72,False,-1,True,True,0.0,0.3,-0.0,False,False,0.419,-0.004,35.803,1373,31.9,,,,,0,False,False,0.0,False,9.19,6.13,20.0,
58.8,121610,388.353,-875.316,-0.01,6.277,30.0,1373,-1,23.03,False,-1,True,True,0.0,0.3,0.0,False,False,0.364,-0.001,35.806,1373,31.9,,,,,0,False,False,0.0,False,8.87,6.13,20.0,
58.85,121611,388.602,-875.136,-0.009,6.094,30.0,1373,-1,23.34,False,-1,True,True,0.0,0.3,0.0,False,False,0.254,0.001,35.794,1373,31.9,,,,,0,False,False,0.0,False,8.56,6.14,20.0,
58.9,121612,388.846,-874.961,-0.008,5.989,30.0,1373,-1,23.64,False,-1,True,True,0.0,0.3,0.001,False,False,0.135,-0.0,35.823,1373,31.9,,,,,0,False,False,0.0,False,8.26,6.05,20.0,
58.95,121613,389.082,-874.79,-0.007,5.745,30.0,1373,-1,23.93,False,-1,True,True,0.0,0.3,-0.002,False,False,0.016,0.005,35.797,1373,31.9,,,,,0,False,False,0.0,False,7.97,5.99,20.0,
59.0,121614,389.311,-874.625,-0.006,5.609,30.0,1373,-1,24.21,False,-1,True,True,0.0,0.3,0.002,False,False,-0.078,0.001,35.825,1373,31.9,,,,,0,False,False,0.0,False,7.69,5.87,20.0,
59.05,121615,389.532,-874.466,-0.006,5.352,30.0,1373,-1,24.48,False,-1,True,True,0.0,0.223,-0.002,False,False,-0.157,0.004,35.796,1373,31.9,,,,,0,False,False,0.0,False,7.42,5.8,20.0,
59.1,121616,389.746,-874.312,-0.005,5.25,30.0,1373,-1,24.75,False,-1,True,True,0.703,0.0,0.003,False,False,-0.202,-0.001,35.822,1373,31.9,,,,,0,False,False,0.0,False,7.15,5.68,20.0,
59.15,121617,389.954,-874.162,-0.005,5.049,30.0,1373,-1,25.0,False,-1,True,True,0.75,0.0,-0.002,False,False,-0.224,0.001,35.786,1373,31.9,,,,,0,False,False,0.0,False,6.9,5.63,20.0,
59.2,121618,390.158,-874.014,-0.005,5.041,30.0,1373,-1,25.26,False,-1,True,True,0.75,0.0,0.003,False,False,-0.213,-0.004,35.778,1373,31.9,,,,,0,False,False,0.0,False,6.65,5.52,20.0,
59.25,121619,390.361,-873.867,-0.006,4.941,30.0,1373,-1,25.51,False,-1,True,True,0.75,0.0,0.001,False,False,-0.163,-0.004,35.772,1373,31.9,,,,,0,False,False,0.0,False,6.4,5.52,20.0,
59.3,121620,390.565,-873.72,-0.006,4.937,30.0,1373,-1,25.76,False,-1,True,True,0.75,0.0,0.001,False,False,-0.112,-0.003,35.784,1373,31.9,,,,,0,False,False,0.0,False,6.14,5.47,20.0,
59.35,121621,390.754,-873.584,-0.006,4.515,30.0,1373,-1,25.99,False,-1,True,True,0.75,0.0,-0.0,False,False,-0.184,-0.001,35.815,1373,31.9,,,,,0,False,False,0.0,False,5.91,5.47,20.0,
59.4,121622,390.93,-873.457,-0.005,4.261,30.0,1373,-1,26.21,False,-1,True,True,0.75,0.0,-0.002,False,False,-0.267,0.004,35.818,1373,31.9,,,,,0,False,False,0.0,False,5.69,5.26,20.0,
59.45,121623,391.099,-873.335,-0.005,4.128,30.0,1373,-1,26.42,False,-1,True,True,0.75,0.0,-0.0,False,False,-0.299,0.004,35.816,1373,31.9,,,,,0,False,False,0.0,False,5.49,5.13,20.0,
59.5,121624,391.265,-873.215,-0.005,4.083,30.0,1373,-1,26.62,False,-1,True,True,0.75,0.0,0.0,False,False,-0.276,0.002,35.815,1373,31.9,,,,,0,False,False,0.0,False,5.28,5.06,20.0,
59.55,121625,391.431,-873.095,-0.005,4.097,30.0,1373,-1,26.83,False,-1,True,True,0.75,0.0,0.0,False,False,-0.212,0.001,35.815,1373,31.9,,,,,0,False,False,0.0,False,5.08,5.04,20.0,
59.6,121626,391.599,-872.974,-0.006,4.147,30.0,1373,-1,27.03,False,-1,True,True,0.75,0.0,-0.0,False,False,-0.13,0.0,35.815,1373,31.9,,,,,0,False,False,0.0,False,4.87,5.05,20.0,
59.65,121627,391.769,-872.851,-0.007,4.219,30.0,1373,-1,27.24,False,-1,True,True,0.75,0.0,-0.0,False,False,-0.045,0.0,35.814,1373,35.65,,,,,0,False,False,0.0,False,8.41,5.07,20.0,
59.7,121628,391.943,-872.726,-0.008,4.304,30.0,1373,-1,27.46,False,-1,True,True,0.75,0.0,-0.0,False,False,0.031,0.0,35.814,1373,35.65,,,,,0,False,False,0.0,False,8.2,5.11,20.0,
59.75,121629,392.12,-872.598,-0.008,4.398,30.0,1373,-1,27.68,False,-1,True,True,0.75,0.0,-0.0,False,False,0.095,0.0,35.813,1373,35.65,,,,,0,False,False,0.0,False,7.98,5.15,20.0,
59.8,121630,392.301,-872.467,-0.009,4.497,30.0,1373,-1,27.9,False,-1,True,True,0.75,0.0,-0.0,False,False,0.145,-0.0,35.813,1373,35.65,,,,,0,False,False,0.0,False,7.76,5.2,20.0,
59.85,121631,392.486,-872.334,-0.009,4.599,30.0,1373,-1,28.13,False,-1,True,True,0.75,0.0,-0.0,False,False,0.183,-0.0,35.812,1373,35.65,,,,,0,False,False,0.0,False,7.53,5.25,20.0,
59.9,121632,392.676,-872.197,-0.009,4.702,30.0,1373,-1,28.36,False,-1,True,True,0.75,0.0,-0.0,False,False,0.211,-0.0,35.812,1373,35.65,,,,,0,False,False,0.0,False,7.29,5.3,20.0,
59.95,121633,392.869,-872.058,-0.009,4.807,30.0,1373,-1,28.6,False,-1,True,True,0.75,0.0,-0.0,False,False,0.23,-0.0,35.812,1373,35.65,,,,,0,False,False,0.0,False,7.06,5.35,20.0,
60.0,121634,393.066,-871.915,-0.009,4.911,30.0,1373,-1,28.84,False,-1,True,True,0.75,0.0,0.0,False,False,0.243,-0.0,35.812,1373,35.65,,,,,0,False,False,0.0,False,6.81,5.4,20.0,
60.05,121635,393.268,-871.77,-0.009,5.015,30.0,1373,-1,29.09,False,-1,True,True,0.75,0.0,-0.0,False,False,0.251,-0.0,35.812,1373,35.65,,,,,0,False,False,0.0,False,6.56,5.46,20.0,
60.1,121636,393.474,-871.621,-0.009,5.119,30.0,1373,-1,29.34,False,-1,True,True,0.75,0.0,0.0,False,False,0.257,-0.0,35.811,1373,35.65,,,,,0,False,False,0.0,False,6.31,5.51,20.0,
60.15,121637,393.684,-871.47,-0.009,5.179,30.0,1373,-1,29.6,False,-1,True,True,0.75,0.0,-0.0,False,False,0.257,-0.0,35.811,1373,35.65,,,,,0,False,False,0.0,False,6.05,5.56,20.0,
60.2,121638,393.898,-871.315,-0.009,5.351,30.0,1373,-1,29.87,False,-1,True,True,0.75,0.0,-0.0,False,False,0.26,-0.0,35.817,1373,35.65,,,,,0,False,False,0.0,False,5.79,5.59,20.0,
60.25,121639,394.113,-871.16,-0.009,5.272,30.0,1373,-1,30.13,False,-1,True,True,0.75,0.0,-0.001,False,False,0.231,0.001,35.794,1373,35.65,,,,,0,False,False,0.0,False,5.52,5.68,20.0,
60.3,121640,394.328,-871.005,-0.009,5.33,30.0,1373,-1,30.4,False,-1,True,True,0.75,0.0,0.002,False,False,0.191,-0.003,35.818,1373,39.41,,,,,0,False,False,0.0,False,9.01,5.64,20.0,
60.35,121641,394.542,-870.85,-0.008,5.264,30.0,1373,-1,30.66,False,-1,True,True,0.75,0.0,-0.002,False,False,0.15,0.001,35.783,1373,39.41,,,,,0,False,False,0.0,False,8.75,5.66,20.0,
60.4,121642,394.758,-870.695,-0.008,5.353,30.0,1373,-1,30.93,False,-1,True,True,0.75,0.0,0.003,False,False,0.13,-0.003,35.807,1373,39.41,,,,,0,False,False,0.0,False,8.48,5.63,20.0,
60.45,121643,394.973,-870.539,-0.008,5.29,30.0,1373,-1,31.19,False,-1,True,True,0.75,0.0,-0.002,False,False,0.112,0.0,35.778,1373,39.41,,,,,0,False,False,0.0,False,8.21,5.68,20.0,
60.5,121644,395.189,-870.383,-0.008,5.357,30.0,1373,-1,31.46,False,-1,True,True,0.75,0.0,0.003,False,False,0.102,-0.003,35.809,1373,39.41,,,,,0,False,False,0.0,False,7.95,5.64,20.0,
60.55,121645,395.406,-870.227,-0.008,5.438,30.0,1373,-1,31.73,False,-1,True,True,0.741,0.0,-0.002,False,False,0.105,0.002,35.808,1373,39.41,,,,,0,False,False,0.0,False,7.68,5.68,20.0,
60.6,121646,395.641,-870.058,-0.009,5.963,30.0,1373,-1,32.02,False,-1,True,True,0.448,0.0,0.0,False,False,0.245,0.003,35.83,1373,39.41,,,,,0,False,False,0.0,False,7.39,5.72,20.0,
60.65,121647,395.89,-869.878,-0.01,6.186,30.0,1373,-1,32.32,False,-1,True,True,0.0,0.3,-0.002,False,False,0.374,0.005,35.832,1373,39.41,,,,,0,False,False,0.0,False,7.08,5.98,20.0,
60.7,121648,396.146,-869.694,-0.011,6.357,30.0,1373,-1,32.64,False,-1,True,True,0.0,0.3,-0.001,False,False,0.421,0.004,35.828,1373,39.41,,,,,0,False,False,0.0,False,6.77,6.09,20.0,
60.75,121649,396.402,-869.509,-0.01,6.266,30.0,1373,-1,32.95,False,-1,True,True,0.0,0.3,-0.0,False,False,0.372,0.001,35.824,1373,39.41,,,,,0,False,False,0.0,False,6.45,6.18,20.0,
60.8,121650,396.654,-869.327,-0.01,6.224,30.0,1373,-1,33.27,False,-1,True,True,0.0,0.3,-0.0,False,False,0.277,-0.001,35.818,1373,39.41,,,,,0,False,False,0.0,False,6.14,6.13,20.0,
60.85,121651,396.9,-869.15,-0.008,6.007,30.0,1373,-1,33.57,False,-1,True,True,0.0,0.3,0.0,False,False,0.154,-0.003,35.833,1373,39.41,,,,,0,False,False,0.0,False,5.84,6.11,20.0,
60.9,121652,397.14,-868.976,-0.007,5.885,30.0,1373,-1,33.87,False,-1,True,True,0.0,0.3,-0.002,False,False,0.04,-0.0,35.803,1373,43.16,,,,,0,False,False,0.0,False,9.3,6.0,20.0,
60.95,121653,397.372,-868.809,-0.006,5.628,30.0,1373,-1,34.15,False,-1,True,True,0.0,0.3,0.002,False,False,-0.065,-0.004,35.829,1373,43.16,,,,,0,False,False,0.0,False,9.01,5.94,20.0,
61.0,121654,397.596,-868.647,-0.006,5.487,30.0,1373,-1,34.43,False,-1,True,True,0.0,0.295,-0.002,False,False,-0.142,-0.001,35.8,1373,43.16,,,,,0,False,False,0.0,False,8.73,5.81,20.0,
61.05,121655,397.812,-868.492,-0.005,5.249,30.0,1373,-1,34.69,False,-1,True,True,0.214,0.0,0.002,False,False,-0.202,-0.003,35.83,1373,43.16,,,,,0,False,False,0.0,False,8.47,5.74,20.0,
61.1,121656,398.023,-868.339,-0.005,5.175,30.0,1373,-1,34.95,False,-1,True,True,0.75,0.0,-0.003,False,False,-0.222,0.002,35.808,1373,43.16,,,,,0,False,False,0.0,False,8.21,5.62,20.0,
61.15,121657,398.228,-868.191,-0.005,5.01,30.0,1373,-1,35.21,False,-1,True,True,0.75,0.0,0.002,False,False,-0.223,0.001,35.847,1373,43.16,,,,,0,False,False,0.0,False,7.95,5.59,20.0,
61.2,121658,398.434,-868.043,-0.006,5.082,30.0,1373,-1,35.46,False,-1,True,True,0.75,0.0,-0.004,False,False,-0.175,0.005,35.825,1373,43.16,,,,,0,False,False,0.0,False,7.7,5.5,20.0,
61.25,121659,398.639,-867.896,-0.006,5.006,30.0,1373,-1,35.71,False,-1,True,True,0.75,0.0,0.001,False,False,-0.122,0.002,35.854,1373,43.16,,,,,0,False,False,0.0,False,7.45,5.54,20.0,
61.3,121660,398.832,-867.756,-0.006,4.618,30.0,1373,-1,35.95,False,-1,True,True,0.75,0.0,-0.003,False,False,-0.166,0.003,35.827,1373,43.16,,,,,0,False,False,0.0,False,7.21,5.5,20.0,
61.35,121661,399.011,-867.627,-0.005,4.331,30.0,1373,-1,36.17,False,-1,True,True,0.75,0.0,0.001,False,False,-0.253,-0.001,35.818,1373,43.16,,,,,0,False,False,0.0,False,6.99,5.31,20.0,
61.4,121662,399.182,-867.503,-0.005,4.172,30.0,1373,-1,36.38,False,-1,True,True,0.75,0.0,0.001,False,False,-0.298,-0.003,35.819,1373,43.16,,,,,0,False,False,0.0,False,6.78,5.17,20.0,
61.45,121663,399.35,-867.383,-0.005,4.109,30.0,1373,-1,36.59,False,-1,True,True,0.75,0.0,-0.0,False,False,-0.287,-0.003,35.819,1373,43.16,,,,,0,False,False,0.0,False,6.57,5.09,20.0,
61.5,121664,399.517,-867.262,-0.005,4.11,30.0,1373,-1,36.8,False,-1,True,True,0.75,0.0,-0.0,False,False,-0.23,-0.002,35.818,1373,43.16,,,,,0,False,False,0.0,False,6.37,5.05,20.0,
61.55,121665,399.685,-867.141,-0.006,4.153,30.0,1373,-1,37.0,False,-1,True,True,0.75,0.0,-0.0,False,False,-0.151,-0.001,35.818,1373,43.16,,,,,0,False,False,0.0,False,6.16,5.06,20.0,
61.6,121666,399.855,-867.018,-0.007,4.22,30.0,1373,-1,37.21,False,-1,True,True,0.75,0.0,-0.0,False,False,-0.066,-0.001,35.817,1373,43.16,,,,,0,False,False,0.0,False,5.95,5.08,20.0,
61.65,121667,400.029,-866.893,-0.007,4.302,30.0,1373,-1,37.43,False,-1,True,True,0.75,0.0,-0.0,False,False,0.013,-0.0,35.817,1373,43.16,,,,,0,False,False,0.0,False,5.73,5.11,20.0,
61.7,121668,400.206,-866.765,-0.008,4.394,30.0,1373,-1,37.65,False,-1,True,True,0.75,0.0,-0.0,False,False,0.08,-0.0,35.817,1373,43.16,,,,,0,False,False,0.0,False,5.52,5.15,20.0,
61.75,121669,400.387,-866.634,-0.008,4.492,30.0,1373,-1,37.87,False,-1,True,True,0.75,0.0,-0.0,False,False,0.134,-0.0,35.816,1373,43.16,,,,,0,False,False,0.0,False,5.29,5.2,20.0,
61.8,121670,400.572,-866.501,-0.009,4.593,30.0,1373,-1,38.1,False,-1,True,True,0.75,0.0,0.0,False,False,0.175,-0.0,35.816,1373,43.16,,,,,0,False,False,0.0,False,5.06,5.25,20.0,
61.85,121671,400.761,-866.364,-0.009,4.696,30.0,1373,-1,38.33,False,-1,True,True,0.75,0.0,-0.0,False,False,0.205,0.0,35.815,1373,46.91,,,,,0,False,False,0.0,False,8.58,5.3,20.0,
61.9,121672,400.954,-866.225,-0.009,4.8,30.0,1373,-1,38.57,False,-1,True,True,0.75,0.0,-0.0,False,False,0.226,0.0,35.814,1373,46.91,,,,,0,False,False,0.0,False,8.35,5.35,20.0,
61.95,121673,401.151,-866.083,-0.009,4.904,30.0,1373,-1,38.81,False,-1,True,True,0.75,0.0,-0.0,False,False,0.24,0.0,35.814,1373,46.91,,,,,0,False,False,0.0,False,8.1,5.4,20.0,
62.0,121674,401.353,-865.937,-0.009,5.008,30.0,1373,-1,39.06,False,-1,True,True,0.75,0.0,-0.0,False,False,0.249,0.0,35.814,1373,46.91,,,,,0,False,False,0.0,False,7.85,5.45,20.0,
62.05,121675,401.558,-865.789,-0.009,5.113,30.0,1373,-1,39.31,False,-1,True,True,0.75,0.0,-0.0,False,False,0.256,0.0,35.813,1373,46.91,,,,,0,False,False,0.0,False,7.6,5.5,20.0,
62.1,121676,401.768,-865.638,-0.009,5.172,30.0,1373,-1,39.57,False,-1,True,True,0.75,0.0,-0.0,False,False,0.256,0.0,35.813,1373,46.91,,,,,0,False,False,0.0,False,7.34,5.56,20.0,
62.15,121677,401.982,-865.483,-0.009,5.349,30.0,1373,-1,39.84,False,-1,True,True,0.75,0.0,0.0,False,False,0.26,-0.0,35.816,1373,46.91,,,,,0,False,False,0.0,False,7.08,5.59,20.0,
62.2,121678,402.198,-865.327,-0.009,5.296,30.0,1373,-1,40.1,False,-1,True,True,0.75,0.0,-0.0,False,False,0.24,0.001,35.798,1373,46.91,,,,,0,False,False,0.0,False,6.81,5.67,20.0,
62.25,121679,402.414,-865.172,-0.009,5.35,30.0,1373,-1,40.37,False,-1,True,True,0.75,0.0,0.002,False,False,0.202,-0.002,35.824,1373,46.91,,,,,0,False,False,0.0,False,6.55,5.65,20.0,
62.3,121680,402.628,-865.017,-0.008,5.281,30.0,1373,-1,40.63,False,-1,True,True,0.75,0.0,-0.002,False,False,0.158,0.002,35.788,1373,46.91,,,,,0,False,False,0.0,False,6.28,5.67,20.0,
62.35,121681,402.844,-864.861,-0.008,5.367,30.0,1373,-1,40.9,False,-1,True,True,0.75,0.0,0.003,False,False,0.135,-0.003,35.811,1373,46.91,,,,,0,False,False,0.0,False,6.01,5.64,20.0,
62.4,121682,403.06,-864.705,-0.008,5.303,30.0,1373,-1,41.17,False,-1,True,True,0.714,0.0,-0.002,False,False,0.114,0.0,35.781,1373,46.91,,,,,0,False,False,0.0,False,5.75,5.68,20.0,
62.45,121683,403.277,-864.549,-0.008,5.37,30.0,1373,-1,41.43,False,-1,True,True,0.75,0.0,0.003,False,False,0.102,-0.003,35.811,1373,46.91,,,,,0,False,False,0.0,False,5.48,5.65,20.0,
62.5,121684,403.494,-864.392,-0.008,5.449,30.0,1373,-1,41.7,False,-1,True,True,0.696,0.0,-0.002,False,False,0.105,0.002,35.809,1373,50.67,,,,,0,False,False,0.0,False,8.97,5.68,20.0,
62.55,121685,403.73,-864.222,-0.009,5.966,30.0,1373,-1,41.99,False,-1,True,True,0.408,0.0,0.0,False,False,0.243,0.002,35.832,1373,50.67,,,,,0,False,False,0.0,False,8.68,5.72,20.0,
62.6,121686,403.978,-864.043,-0.01,6.175,30.0,1373,-1,42.3,False,-1,True,True,0.0,0.3,-0.002,False,False,0.367,0.005,35.834,1373,50.67,,,,,0,False,False,0.0,False,8.37,5.98,20.0,
62.65,121687,404.233,-863.859,-0.011,6.333,30.0,1373,-1,42.61,False,-1,True,True,0.0,0.3,-0.001,False,False,0.409,0.004,35.829,1373,50.67,,,,,0,False,False,0.0,False,8.06,6.09,20.0,
62.7,121688,404.488,-863.676,-0.01,6.232,30.0,1373,-1,42.93,False,-1,True,True,0.0,0.3,-0.0,False,False,0.357,0.001,35.826,1373,50.67,,,,,0,False,False,0.0,False,7.74,6.17,20.0,
62.75,121689,404.739,-863.495,-0.009,6.185,30.0,1373,-1,43.23,False,-1,True,True,0.0,0.3,-0.0,False,False,0.261,-0.001,35.816,1373,50.67,,,,,0,False,False,0.0,False,7.43,6.12,20.0,
62.8,121690,404.983,-863.318,-0.008,5.964,30.0,1373,-1,43.54,False,-1,True,True,0.0,0.3,0.0,False,False,0.139,-0.003,35.835,1373,50.67,,,,,0,False,False,0.0,False,7.13,6.09,20.0,
62.85,121691,405.221,-863.146,-0.007,5.841,30.0,1373,-1,43.83,False,-1,True,True,0.0,0.3,-0.002,False,False,0.028,-0.0,35.806,1373,50.67,,,,,0,False,False,0.0,False,6.84,5.98,20.0,
62.9,121692,405.451,-862.98,-0.006,5.584,30.0,1373,-1,44.11,False,-1,True,True,0.0,0.3,0.002,False,False,-0.074,-0.004,35.831,1373,50.67,,,,,0,False,False,0.0,False,6.55,5.92,20.0,
62.95,121693,405.674,-862.819,-0.006,5.463,30.0,1373,-1,44.39,False,-1,True,True,0.0,0.133,-0.002,False,False,-0.145,-0.0,35.803,1373,50.67,,,,,0,False,False,0.0,False,6.28,5.79,20.0,
63.0,121694,405.89,-862.664,-0.005,5.24,30.0,1373,-1,44.65,False,-1,True,True,0.302,0.0,0.002,False,False,-0.195,-0.002,35.836,1373,50.67,,,,,0,False,False,0.0,False,6.01,5.73,20.0,
63.05,121695,406.1,-862.512,-0.005,5.171,30.0,1373,-1,44.91,False,-1,True,True,0.75,0.0,-0.003,False,False,-0.211,0.003,35.813,1373,50.67,,,,,0,False,False,0.0,False,5.75,5.62,20.0,
63.1,121696,406.306,-862.364,-0.005,5.011,30.0,1373,-1,45.17,False,-1,True,True,0.75,0.0,0.001,False,False,-0.211,0.001,35.851,1373,50.67,,,,,0,False,False,0.0,False,5.5,5.59,20.0,
63.15,121697,406.511,-862.216,-0.006,5.083,30.0,1373,-1,45.42,False,-1,True,True,0.75,0.0,-0.004,False,False,-0.164,0.005,35.828,1373,54.42,,,,,0,False,False,0.0,False,9.0,5.51,20.0,
63.2,121698,406.716,-862.069,-0.006,5.008,30.0,1373,-1,45.67,False,-1,True,True,0.75,0.0,0.001,False,False,-0.113,0.001,35.856,1373,54.42,,,,,0,False,False,0.0,False,8.75,5.54,20.0,
63.25,121699,406.91,-861.929,-0.006,4.632,30.0,1373,-1,45.91,False,-1,True,True,0.75,0.0,-0.003,False,False,-0.156,0.003,35.83,1373,54.42,,,,,0,False,False,0.0,False,8.51,5.5,20.0,
63.3,121700,407.09,-861.799,-0.005,4.356,30.0,1373,-1,46.13,False,-1,True,True,0.75,0.0,0.001,False,False,-0.241,-0.001,35.822,1373,54.42,,,,,0,False,False,0.0,False,8.29,5.32,20.0,
63.35,121701,407.262,-861.674,-0.005,4.205,30.0,1373,-1,46.35,False,-1,True,True,0.75,0.0,0.0,False,False,-0.285,-0.003,35.822,1373,54.42,,,,,0,False,False,0.0,False,8.07,5.18,20.0,
63.4,121702,407.431,-861.552,-0.005,4.147,30.0,1373,-1,46.55,False,-1,True,True,0.75,0.0,-0.0,False,False,-0.272,-0.003,35.821,1373,54.42,,,,,0,False,False,0.0,False,7.87,5.1,20.0,
63.45,121703,407.6,-861.431,-0.005,4.151,30.0,1373,-1,46.76,False,-1,True,True,0.75,0.0,-0.0,False,False,-0.217,-0.002,35.82,1373,54.42,,,,,0,False,False,0.0,False,7.66,5.07,20.0,
63.5,121704,407.769,-861.308,-0.006,4.195,30.0,1373,-1,46.97,False,-1,True,True,0.75,0.0,-0.0,False,False,-0.139,-0.001,35.819,1373,54.42,,,,,0,False,False,0.0,False,7.45,5.08,20.0,
63.55,121705,407.942,-861.184,-0.007,4.263,30.0,1373,-1,47.18,False,-1,True,True,0.75,0.0,-0.0,False,False,-0.057,-0.001,35.818,1373,54.42,,,,,0,False,False,0.0,False,7.24,5.1,20.0,
63.6,121706,408.117,-861.057,-0.007,4.346,30.0,1373,-1,47.4,False,-1,True,True,0.75,0.0,-0.0,False,False,0.02,-0.001,35.818,1373,54.42,,,,,0,False,False,0.0,False,7.02,5.13,20.0,
63.65,121707,408.296,-860.928,-0.008,4.438,30.0,1373,-1,47.62,False,-1,True,True,0.75,0.0,-0.0,False,False,0.085,-0.0,35.817,1373,54.42,,,,,0,False,False,0.0,False,6.8,5.17,20.0,
63.7,121708,408.479,-860.796,-0.008,4.535,30.0,1373,-1,47.85,False,-1,True,True,0.75,0.0,-0.0,False,False,0.137,-0.0,35.816,1373,54.42,,,,,0,False,False,0.0,False,6.57,5.22,20.0,
63.75,121709,408.665,-860.662,-0.009,4.636,30.0,1373,-1,48.08,False,-1,True,True,0.75,0.0,-0.0,False,False,0.177,-0.0,35.816,1373,54.42,,,,,0,False,False,0.0,False,6.34,5.27,20.0,
63.8,121710,408.856,-860.524,-0.009,4.739,30.0,1373,-1,48.31,False,-1,True,True,0.75,0.0,-0.0,False,False,0.206,-0.0,35.816,1373,54.42,,,,,0,False,False,0.0,False,6.11,5.32,20.0,
63.85,121711,409.051,-860.383,-0.009,4.843,30.0,1373,-1,48.55,False,-1,True,True,0.75,0.0,-0.0,False,False,0.226,-0.0,35.815,1373,54.42,,,,,0,False,False,0.0,False,5.87,5.37,20.0,
63.9,121712,409.25,-860.24,-0.009,4.947,30.0,1373,-1,48.8,False,-1,True,True,0.75,0.0,-0.0,False,False,0.24,0.0,35.815,1373,54.42,,,,,0,False,False,0.0,False,5.62,5.42,20.0,
63.95,121713,409.453,-860.093,-0.009,5.05,30.0,1373,-1,49.05,False,-1,True,True,0.75,0.0,0.0,False,False,0.249,-0.0,35.815,1373,54.42,,,,,0,False,False,0.0,False,5.37,5.47,20.0,
64.0,121714,409.66,-859.944,-0.009,5.161,30.0,1373,-1,49.3,False,-1,True,True,0.75,0.0,-0.0,False,False,0.256,0.0,35.814,1373,58.17,,,,,0,False,False,0.0,False,8.87,5.53,20.0,
64.05,121715,409.872,-859.791,-0.009,5.213,30.0,1373,-1,49.56,False,-1,True,True,0.75,0.0,-0.0,False,False,0.255,0.0,35.814,1373,58.17,,,,,0,False,False,0.0,False,8.61,5.58,20.0,
64.1,121716,410.087,-859.636,-0.009,5.377,30.0,1373,-1,49.83,False,-1,True,True,0.75,0.0,-0.0,False,False,0.258,0.0,35.804,1373,58.17,,,,,0,False,False,0.0,False,8.34,5.61,20.0,
64.15,121717,410.303,-859.48,-0.009,5.286,30.0,1373,-1,50.1,False,-1,True,True,0.704,0.0,0.001,False,False,0.224,-0.002,35.831,1373,58.17,,,,,0,False,False,0.0,False,8.08,5.69,20.0,
64.2,121718,410.518,-859.325,-0.009,5.342,30.0,1373,-1,50.36,False,-1,True,True,0.75,0.0,-0.002,False,False,0.183,0.003,35.806,1373,58.17,,,,,0,False,False,0.0,False,7.81,5.64,20.0,
64.25,121719,410.733,-859.17,-0.008,5.276,30.0,1373,-1,50.63,False,-1,True,True,0.75,0.0,0.002,False,False,0.142,-0.001,35.84,1373,58.17,,,,,0,False,False,0.0,False,7.55,5.67,20.0,
64.3,121720,410.949,-859.014,-0.008,5.365,30.0,1373,-1,50.89,False,-1,True,True,0.75,0.0,-0.003,False,False,0.124,0.003,35.817,1373,58.17,,,,,0,False,False,0.0,False,7.28,5.64,20.0,
64.35,121721,411.165,-858.859,-0.008,5.296,30.0,1373,-1,51.16,False,-1,True,True,0.721,0.0,0.002,False,False,0.106,-0.0,35.849,1373,58.17,,,,,0,False,False,0.0,False,7.02,5.68,20.0,
64.4,121722,411.381,-858.703,-0.008,5.363,30.0,1373,-1,51.43,False,-1,True,True,0.75,0.0,-0.003,False,False,0.096,0.003,35.819,1373,58.17,,,,,0,False,False,0.0,False,6.75,5.65,20.0,
64.45,121723,411.601,-858.545,-0.008,5.544,30.0,1373,-1,51.7,False,-1,True,True,0.719,0.0,0.002,False,False,0.122,-0.002,35.854,1373,58.17,,,,,0,False,False,0.0,False,6.48,5.68,20.0,
64.5,121724,411.839,-858.373,-0.009,6.041,30.0,1373,-1,51.99,False,-1,True,True,0.064,0.0,-0.003,False,False,0.274,0.002,35.868,1373,58.17,,,,,0,False,False,0.0,False,6.18,5.77,20.0,
64.55,121725,412.09,-858.192,-0.01,6.22,30.0,1373,-1,52.3,False,-1,True,True,0.0,0.3,-0.002,False,False,0.388,0.005,35.86,1373,58.17,,,,,0,False,False,0.0,False,5.87,6.02,20.0,
64.6,121726,412.346,-858.007,-0.011,6.348,30.0,1373,-1,52.61,False,-1,True,True,0.0,0.3,-0.001,False,False,0.413,0.003,35.85,1673,1.91,,,,,0,False,False,0.0,False,9.35,6.11,20.0,
64.65,121727,412.6,-857.824,-0.01,6.229,30.0,1373,-1,52.93,False,-1,True,True,0.0,0.3,-0.0,False,False,0.346,-0.001,35.844,1673,1.91,,,,,0,False,False,0.0,False,9.04,6.17,20.0,
64.7,121728,412.851,-857.643,-0.009,6.169,30.0,1373,-1,53.24,False,-1,True,True,0.0,0.3,-0.0,False,False,0.243,-0.003,35.833,1673,1.91,,,,,0,False,False,0.0,False,8.73,6.11,20.0,
64.75,121729,413.095,-857.467,-0.008,5.943,30.0,1373,-1,53.54,False,-1,True,True,0.0,0.3,0.0,False,False,0.119,-0.005,35.849,1673,1.91,,,,,0,False,False,0.0,False,8.43,6.08,20.0,
64.8,121730,413.332,-857.296,-0.007,5.817,30.0,1373,-1,53.83,False,-1,True,True,0.0,0.3,-0.002,False,False,0.01,-0.002,35.818,1673,1.91,,,,,0,False,False,0.0,False,8.13,5.97,20.0,
64.85,121731,413.561,-857.131,-0.006,5.557,30.0,1373,-1,54.11,False,-1,True,True,0.0,0.3,0.002,False,False,-0.09,-0.005,35.842,1673,1.91,,,,,0,False,False,0.0,False,7.85,5.91,20.0,
64.9,121732,413.782,-856.971,-0.006,5.442,30.0,1373,-1,54.39,False,-1,True,True,0.0,0.037,-0.002,False,False,-0.157,-0.001,35.814,1673,1.91,,,,,0,False,False,0.0,False,7.58,5.78,20.0,
64.95,121733,413.997,-856.816,-0.005,5.222,30.0,1373,-1,54.65,False,-1,True,True,0.375,0.0,0.002,False,False,-0.2,-0.002,35.846,1673,1.91,,,,,0,False,False,0.0,False,7.31,5.72,20.0,
65.0,121734,414.207,-856.664,-0.005,5.153,30.0,1373,-1,54.91,False,-1,True,True,0.75,0.0,-0.003,False,False,-0.214,0.002,35.823,1673,1.91,,,,,0,False,False,0.0,False,7.05,5.61,20.0,
65.05,121735,414.412,-856.516,-0.005,5.018,30.0,1373,-1,55.16,False,-1,True,True,0.75,0.0,0.001,False,False,-0.208,0.001,35.853,1673,1.91,,,,,0,False,False,0.0,False,6.8,5.58,20.0,
65.1,121736,414.618,-856.368,-0.006,5.085,30.0,1373,-1,55.42,False,-1,True,True,0.75,0.0,-0.003,False,False,-0.157,0.003,35.817,1673,1.91,,,,,0,False,False,0.0,False,6.55,5.51,20.0,
65.15,121737,414.822,-856.221,-0.006,4.913,30.0,1373,-1,55.67,False,-1,True,True,0.75,0.0,0.002,False,False,-0.116,-0.001,35.819,1673,1.91,,,,,0,False,False,0.0,False,6.3,5.54,20.0,
65.2,121738,415.012,-856.084,-0.006,4.554,30.0,1373,-1,55.9,False,-1,True,True,0.75,0.0,-0.0,False,False,-0.181,-0.003,35.848,1673,1.91,,,,,0,False,False,0.0,False,6.06,5.46,20.0,
65.25,121739,415.189,-855.956,-0.005,4.295,30.0,1373,-1,56.12,False,-1,True,True,0.75,0.0,-0.003,False,False,-0.263,0.001,35.849,1673,1.91,,,,,0,False,False,0.0,False,5.84,5.28,20.0,
65.3,121740,415.359,-855.833,-0.005,4.158,30.0,1373,-1,56.33,False,-1,True,True,0.75,0.0,-0.001,False,False,-0.298,0.002,35.843,1673,1.91,,,,,0,False,False,0.0,False,5.63,5.15,20.0,
65.35,121741,415.527,-855.712,-0.005,4.11,30.0,1373,-1,56.54,False,-1,True,True,0.75,0.0,-0.0,False,False,-0.276,0.0,35.84,1673,1.91,,,,,0,False,False,0.0,False,5.43,5.08,20.0,
65.4,121742,415.694,-855.592,-0.005,4.122,30.0,1373,-1,56.74,False,-1,True,True,0.75,0.0,-0.0,False,False,-0.214,-0.001,35.838,1673,1.91,,,,,0,False,False,0.0,False,5.22,5.06,20.0,
65.45,121743,415.863,-855.47,-0.006,4.17,30.0,1373,-1,56.95,False,-1,True,True,0.75,0.0,-0.0,False,False,-0.133,-0.001,35.836,1673,1.91,,,,,0,False,False,0.0,False,5.01,5.06,20.0,
65.5,121744,416.034,-855.346,-0.007,4.241,30.0,1373,-1,57.16,False,-1,True,True,0.75,0.0,-0.001,False,False,-0.048,0.0,35.832,1673,5.74,,,,,0,False,False,0.0,False,8.63,5.09,20.0,
65.55,121745,416.209,-855.22,-0.008,4.326,30.0,1373,-1,57.38,False,-1,True,True,0.75,0.0,-0.0,False,False,0.028,0.0,35.829,1673,5.74,,,,,0,False,False,0.0,False,8.41,5.12,20.0,
65.6,121746,416.387,-855.092,-0.008,4.419,30.0,1373,-1,57.6,False,-1,True,True,0.75,0.0,-0.0,False,False,0.092,-0.0,35.828,1673,5.74,,,,,0,False,False,0.0,False,8.19,5.16,20.0,
65.65,121747,416.569,-854.96,-0.008,4.517,30.0,1373,-1,57.82,False,-1,True,True,0.75,0.0,-0.0,False,False,0.143,-0.0,35.826,1673,5.74,,,,,0,False,False,0.0,False,7.97,5.21,20.0,
65.7,121748,416.755,-854.826,-0.009,4.619,30.0,1373,-1,58.05,False,-1,True,True,0.75,0.0,-0.0,False,False,0.182,-0.0,35.825,1673,5.74,,,,,0,False,False,0.0,False,7.74,5.26,20.0,
65.75,121749,416.945,-854.689,-0.009,4.722,30.0,1373,-1,58.29,False,-1,True,True,0.75,0.0,-0.0,False,False,0.209,-0.0,35.824,1673,5.74,,,,,0,False,False,0.0,False,7.5,5.31,20.0,
65.8,121750,417.139,-854.549,-0.009,4.826,30.0,1373,-1,58.52,False,-1,True,True,0.75,0.0,-0.0,False,False,0.229,-0.0,35.823,1673,5.74,,,,,0,False,False,0.0,False,7.26,5.36,20.0,
65.85,121751,417.337,-854.406,-0.009,4.93,30.0,1373,-1,58.77,False,-1,True,True,0.75,0.0,-0.0,False,False,0.242,-0.0,35.822,1673,5.74,,,,,0,False,False,0.0,False,7.02,5.41,20.0,
65.9,121752,417.539,-854.26,-0.009,5.034,30.0,1373,-1,59.02,False,-1,True,True,0.75,0.0,-0.0,False,False,0.251,-0.0,35.821,1673,5.74,,,,,0,False,False,0.0,False,6.77,5.47,20.0,
65.95,121753,417.746,-854.111,-0.009,5.135,30.0,1373,-1,59.27,False,-1,True,True,0.75,0.0,-0.0,False,False,0.256,0.0,35.82,1673,5.74,,,,,0,False,False,0.0,False,6.51,5.52,20.0,
66.0,121754,417.957,-853.958,-0.009,5.273,30.0,1373,-1,59.53,False,-1,True,True,0.75,0.0,-0.0,False,False,0.26,0.0,35.82,1673,5.74,,,,,0,False,False,0.0,False,6.25,5.57,20.0,
66.05,121755,418.171,-853.804,-0.009,5.301,30.0,1373,-1,59.8,False,-1,True,True,0.75,0.0,-0.0,False,False,0.256,0.0,35.818,1673,5.74,,,,,0,False,False,0.0,False,5.99,5.64,20.0,
66.1,121756,418.39,-853.646,-0.009,5.446,30.0,1673,-1,0.02,True,58,True,True,0.75,0.0,0.0,False,False,0.256,-0.0,35.831,1673,5.74,,,,,0,False,False,0.0,False,5.72,5.65,20.0,
66.15,121757,418.608,-853.488,-0.009,5.348,30.0,1673,-1,0.29,True,58,True,True,0.447,0.0,-0.002,False,False,0.216,0.002,35.797,1673,9.56,,,,,0,False,False,0.0,False,9.28,5.72,20.0,
66.2,121758,418.826,-853.331,-0.008,5.385,30.0,1673,-1,0.55,True,58,True,True,0.75,0.0,0.003,False,False,0.17,-0.003,35.821,1673,9.56,,,,,0,False,False,0.0,False,9.01,5.67,20.0,
66.25,121759,419.041,-853.176,-0.008,5.294,30.0,1673,-1,0.82,True,58,True,True,0.652,0.0,-0.002,False,False,0.122,0.0,35.786,1673,9.56,,,,,0,False,False,0.0,False,8.74,5.69,20.0,
66.3,121760,419.257,-853.02,-0.008,5.352,30.0,1673,-1,1.09,True,58,True,True,0.75,0.0,0.003,False,False,0.095,-0.003,35.81,1673,9.56,,,,,0,False,False,0.0,False,8.48,5.65,20.0,
66.35,121761,419.472,-852.864,-0.008,5.289,30.0,1673,-1,1.35,True,58,True,True,0.75,0.0,-0.002,False,False,0.076,0.0,35.778,1673,9.56,,,,,0,False,False,0.0,False,8.21,5.68,20.0,
66.4,121762,419.689,-852.708,-0.008,5.38,30.0,1673,-1,1.62,True,58,True,True,0.75,0.0,0.003,False,False,0.078,-0.003,35.803,1673,9.56,,,,,0,False,False,0.0,False,7.94,5.64,20.0,
66.45,121763,419.905,-852.552,-0.008,5.305,30.0,1673,-1,1.89,True,58,True,True,0.652,0.0,-0.002,False,False,0.073,0.001,35.777,1673,9.56,,,,,0,False,False,0.0,False,7.68,5.69,20.0,
66.5,121764,420.122,-852.395,-0.008,5.371,30.0,1673,-1,2.15,True,58,True,True,0.75,0.0,0.003,False,False,0.073,-0.001,35.809,1673,9.56,,,,,0,False,False,0.0,False,7.41,5.65,20.0,
66.55,121765,420.345,-852.235,-0.008,5.646,30.0,1673,-1,2.43,True,58,True,True,0.682,0.0,-0.002,False,False,0.134,0.003,35.819,1673,9.56,,,,,0,False,False,0.0,False,7.13,5.69,20.0,
66.6,121766,420.587,-852.061,-0.01,6.099,30.0,1673,-1,2.73,True,58,True,True,0.0,0.3,-0.001,False,False,0.291,0.005,35.83,1673,9.56,,,,,0,False,False,0.0,False,6.84,5.82,20.0,
66.65,121767,420.838,-851.879,-0.01,6.222,30.0,1673,-1,3.04,True,58,True,True,0.0,0.3,-0.001,False,False,0.384,0.005,35.83,1673,9.56,,,,,0,False,False,0.0,False,6.53,6.05,20.0,
66.7,121768,421.094,-851.695,-0.011,6.333,30.0,1673,-1,3.35,True,58,True,True,0.0,0.3,-0.0,False,False,0.393,0.003,35.826,1673,9.56,,,,,0,False,False,0.0,False,6.21,6.11,20.0,
66.75,121769,421.347,-851.512,-0.01,6.201,30.0,1673,-1,3.66,True,58,True,True,0.0,0.3,-0.0,False,False,0.32,0.0,35.825,1673,9.56,,,,,0,False,False,0.0,False,5.9,6.17,20.0,
66.8,121770,421.596,-851.332,-0.009,6.134,30.0,1673,-1,3.97,True,58,True,True,0.0,0.3,-0.0,False,False,0.216,-0.001,35.811,1673,13.39,,,,,0,False,False,0.905,False,9.42,6.1,20.0,
66.85,121771,421.839,-851.157,-0.008,5.903,30.0,1673,-1,4.27,True,58,True,True,0.0,0.3,0.001,False,False,0.095,-0.004,35.836,1673,13.39,,,,,0,False,False,1.094,False,9.12,6.07,20.0,
66.9,121772,422.074,-850.987,-0.007,5.776,30.0,1673,-1,4.56,True,58,True,True,0.0,0.3,-0.002,False,False,-0.01,-0.0,35.807,1673,13.39,,,,,0,False,False,1.284,False,8.83,5.95,20.0,
66.95,121773,422.301,-850.823,-0.006,5.514,30.0,1673,-1,4.84,True,58,True,True,0.0,0.3,0.002,False,False,-0.105,-0.003,35.832,1673,13.39,,,,,0,False,False,1.48,False,8.55,5.89,20.0,
67.0,121774,422.521,-850.664,-0.006,5.405,30.0,1673,-1,5.11,True,58,True,True,0.116,0.0,-0.002,False,False,-0.167,-0.0,35.804,1673,13.39,,,,,0,False,False,0.0,False,8.28,5.76,20.0,
67.05,121775,422.735,-850.51,-0.005,5.197,30.0,1673,-1,5.38,True,58,True,True,0.508,0.0,0.002,False,False,-0.203,-0.002,35.837,1673,13.39,,,,,0,False,False,0.0,False,8.01,5.7,20.0,
67.1,121776,422.944,-850.359,-0.005,5.143,30.0,1673,-1,5.63,True,58,True,True,0.75,0.0,-0.003,False,False,-0.209,0.003,35.814,1673,13.39,,,,,0,False,False,0.0,False,7.75,5.6,20.0,
67.15,121777,423.15,-850.211,-0.005,5.034,30.0,1673,-1,5.89,True,58,True,True,0.75,0.0,0.002,False,False,-0.193,0.001,35.856,1673,13.39,,,,,0,False,False,0.0,False,7.5,5.57,20.0,
67.2,121778,423.356,-850.063,-0.006,5.101,30.0,1673,-1,6.14,True,58,True,True,0.75,0.0,-0.004,False,False,-0.138,0.005,35.828,1673,13.39,,,,,0,False,False,0.0,False,7.25,5.52,20.0,
67.25,121779,423.559,-849.916,-0.006,4.84,30.0,1673,-1,6.39,True,58,True,True,0.75,0.0,0.002,False,False,-0.116,0.001,35.842,1673,13.39,,,,,0,False,False,0.0,False,7.0,5.55,20.0,
67.3,121780,423.747,-849.78,-0.006,4.524,30.0,1673,-1,6.62,True,58,True,True,0.75,0.0,-0.002,False,False,-0.192,0.0,35.824,1673,13.39,,,,,0,False,False,0.0,False,6.76,5.42,20.0,
67.35,121781,423.924,-849.652,-0.005,4.303,30.0,1673,-1,6.84,True,58,True,True,0.75,0.0,0.001,False,False,-0.263,-0.002,35.82,1673,13.39,,,,,0,False,False,1.422,False,6.55,5.26,20.0,
67.4,121782,424.096,-849.529,-0.005,4.194,30.0,1673,-1,7.05,True,58,True,True,0.75,0.0,0.0,False,False,-0.283,-0.002,35.82,1673,13.39,,,,,0,False,False,1.279,False,6.33,5.15,20.0,
67.45,121783,424.265,-849.407,-0.005,4.165,30.0,1673,-1,7.26,True,58,True,True,0.75,0.0,-0.0,False,False,-0.251,-0.002,35.82,1673,13.39,,,,,0,False,False,1.137,False,6.13,5.1,20.0,
67.5,121784,424.435,-849.284,-0.006,4.188,30.0,1673,-1,7.47,True,58,True,True,0.75,0.0,-0.0,False,False,-0.185,-0.001,35.82,1673,13.39,,,,,0,False,False,1.002,False,5.92,5.08,20.0,
67.55,121785,424.607,-849.16,-0.006,4.243,30.0,1670,-1,5.36,True,58,True,False,0.75,0.0,-0.0,False,False,-0.104,-0.001,35.819,1673,13.39,,,,,0,False,False,0.91,False,5.7,5.09,20.0,
67.6,121786,424.781,-849.034,-0.007,4.318,30.0,1673,-1,7.9,True,58,True,True,0.75,0.0,-0.0,False,False,-0.024,-0.0,35.819,1673,13.39,,,,,0,False,False,1.045,False,5.49,5.12,20.0,
67.65,121787,424.959,-848.906,-0.008,4.404,30.0,1673,-1,8.12,True,58,True,True,0.75,0.0,-0.0,False,False,0.048,-0.0,35.819,1673,13.39,,,,,0,False,False,1.186,False,5.27,5.16,20.0,
67.7,121788,425.14,-848.775,-0.008,4.499,30.0,1673,-1,8.34,True,58,True,True,0.75,0.0,-0.0,False,False,0.108,-0.0,35.819,1673,13.39,,,,,0,False,False,1.337,False,5.05,5.2,20.0,
67.75,121789,425.325,-848.642,-0.009,4.598,30.0,1673,-1,8.57,True,58,True,True,0.75,0.0,-0.0,False,False,0.155,0.0,35.818,1374,1.95,,,,,0,False,False,1.497,False,8.68,5.25,20.0,
67.8,121790,425.514,-848.505,-0.009,4.699,30.0,1673,-1,8.8,True,58,True,True,0.75,0.0,0.0,False,False,0.19,0.0,35.817,1374,1.95,,,,,0,False,False,1.658,False,8.44,5.3,20.0,
67.85,121791,425.708,-848.366,-0.009,4.802,30.0,1673,-1,9.04,True,58,True,True,0.75,0.0,0.0,False,False,0.215,-0.0,35.817,1374,1.95,,,,,0,False,False,0.0,False,8.2,5.35,20.0,
67.9,121792,425.905,-848.223,-0.009,4.906,30.0,1673,-1,9.28,True,58,True,True,0.75,0.0,-0.0,False,False,0.232,0.0,35.817,1374,1.95,,,,,0,False,False,0.0,False,7.96,5.4,20.0,
67.95,121793,426.106,-848.078,-0.009,5.009,30.0,1673,-1,9.53,True,58,True,True,0.75,0.0,-0.0,False,False,0.244,0.0,35.817,1374,1.95,,,,,0,False,False,0.0,False,7.71,5.45,20.0,
68.0,121794,426.312,-847.93,-0.009,5.114,30.0,1673,-1,9.79,True,58,True,True,0.75,0.0,-0.0,False,False,0.252,0.0,35.817,1374,1.95,,,,,0,False,False,0.0,False,7.46,5.5,20.0,
68.05,121795,426.522,-847.778,-0.009,5.172,30.0,1673,-1,10.04,True,58,True,True,0.75,0.0,0.0,False,False,0.254,-0.0,35.817,1374,1.95,,,,,0,False,False,0.0,False,7.2,5.56,20.0,
68.1,121796,426.736,-847.624,-0.009,5.351,30.0,1673,-1,10.31,True,58,True,True,0.75,0.0,0.0,False,False,0.259,-0.0,35.816,1374,1.95,,,,,0,False,False,0.0,False,6.94,5.59,20.0,
68.15,121797,426.952,-847.467,-0.009,5.324,30.0,1673,-1,10.58,True,58,True,True,0.75,0.0,-0.0,False,False,0.246,-0.0,35.831,1374,1.95,,,,,0,False,False,1.403,False,6.67,5.68,20.0,
68.2,121798,427.169,-847.311,-0.009,5.375,30.0,1673,-1,10.84,True,58,True,True,0.75,0.0,-0.002,False,False,0.211,0.003,35.806,1374,1.95,,,,,0,False,False,1.222,False,6.4,5.66,20.0,
68.25,121799,427.385,-847.156,-0.008,5.301,30.0,1673,-1,11.11,True,58,True,True,0.699,0.0,0.002,False,False,0.165,-0.001,35.841,1374,1.95,,,,,0,False,False,1.046,False,6.14,5.69,20.0,
68.3,121800,427.602,-846.999,-0.008,5.379,30.0,1673,-1,11.38,True,58,True,True,0.75,0.0,-0.003,False,False,0.138,0.003,35.818,1374,1.95,,,,,0,False,False,0.877,False,5.87,5.65,20.0,
68.35,121801,427.819,-846.843,-0.008,5.33,30.0,1673,-1,11.64,True,58,True,True,0.669,0.0,0.002,False,False,0.117,-0.001,35.851,1374,1.95,,,,,0,False,False,0.0,False,5.6,5.69,20.0,
68.4,121802,428.037,-846.686,-0.008,5.406,30.0,1673,-1,11.91,True,58,True,True,0.75,0.0,-0.003,False,False,0.11,0.003,35.826,1374,5.84,,,,,0,False,False,0.0,False,9.22,5.67,20.0,
68.45,121803,428.254,-846.529,-0.008,5.334,30.0,1673,-1,12.18,True,58,True,True,0.562,0.0,0.001,False,False,0.094,-0.0,35.854,1374,5.84,,,,,0,False,False,0.0,False,8.96,5.7,20.0,
68.5,121804,428.474,-846.371,-0.008,5.553,30.0,1673,-1,12.45,True,58,True,True,0.75,0.0,-0.003,False,False,0.106,0.002,35.849,1374,5.84,,,,,0,False,False,0.0,False,8.68,5.67,20.0,
68.55,121805,428.71,-846.201,-0.009,5.929,30.0,1673,-1,12.74,True,58,True,True,0.026,0.0,-0.0,False,False,0.238,0.001,35.867,1374,5.84,,,,,0,False,False,0.0,False,8.39,5.78,20.0,
68.6,121806,428.96,-846.02,-0.01,6.271,30.0,1673,-1,13.05,True,58,True,True,0.0,0.3,-0.003,False,False,0.37,0.003,35.866,1374,5.84,,,,,0,False,False,0.0,False,8.09,5.96,20.0,
68.65,121807,429.215,-845.836,-0.011,6.279,30.0,1673,-1,13.37,True,58,True,True,0.0,0.3,-0.001,False,False,0.399,0.002,35.857,1374,5.84,,,,,0,False,False,0.0,False,7.77,6.14,20.0,
68.7,121808,429.471,-845.652,-0.01,6.304,30.0,1673,-1,13.68,True,58,True,True,0.0,0.3,-0.0,False,False,0.351,-0.001,35.851,1374,5.84,,,,,0,False,False,0.0,False,7.46,6.14,20.0,
68.75,121809,429.721,-845.471,-0.009,6.124,30.0,1673,-1,13.99,True,58,True,True,0.0,0.3,-0.0,False,False,0.247,-0.003,35.858,1374,5.84,,,,,0,False,False,0.0,False,7.15,6.15,20.0,
68.8,121810,429.966,-845.294,-0.008,6.021,30.0,1673,-1,14.29,True,58,True,True,0.0,0.3,-0.002,False,False,0.132,-0.002,35.829,1374,5.84,,,,,0,False,False,0.0,False,6.84,6.06,20.0,
68.85,121811,430.203,-845.123,-0.007,5.776,30.0,1673,-1,14.58,True,58,True,True,0.0,0.3,0.002,False,False,0.015,-0.006,35.853,1374,5.84,,,,,0,False,False,0.0,False,6.55,6.01,20.0,
68.9,121812,430.433,-844.957,-0.006,5.64,30.0,1673,-1,14.87,True,58,True,True,0.0,0.3,-0.003,False,False,-0.078,-0.002,35.823,1374,5.84,,,,,0,False,False,0.0,False,6.27,5.89,20.0,
68.95,121813,430.655,-844.797,-0.006,5.372,30.0,1673,-1,15.14,True,58,True,True,0.0,0.3,0.002,False,False,-0.159,-0.004,35.848,1374,5.84,,,,,0,False,False,0.0,False,5.99,5.82,20.0,
69.0,121814,430.869,-844.642,-0.005,5.262,30.0,1374,-1,0.11,False,-1,True,True,0.627,0.0,-0.003,False,False,-0.208,-0.0,35.819,1374,5.84,,,,,0,False,False,0.0,False,5.73,5.69,20.0,
69.05,121815,431.078,-844.492,-0.005,5.06,30.0,1374,-1,0.36,False,-1,True,True,0.75,0.0,0.002,False,False,-0.232,-0.001,35.852,1374,5.84,,,,,0,False,False,0.0,False,5.47,5.63,20.0,
69.1,121816,431.282,-844.344,-0.005,5.034,30.0,1374,-1,0.61,False,-1,True,True,0.75,0.0,-0.004,False,False,-0.222,0.004,35.853,1374,9.73,,,,,0,False,False,0.0,False,9.11,5.53,20.0,
69.15,121817,431.486,-844.197,-0.006,5.03,30.0,1374,-1,0.87,False,-1,True,True,0.75,0.0,-0.001,False,False,-0.17,0.004,35.844,1374,9.73,,,,,0,False,False,0.0,False,8.86,5.52,20.0,
69.2,121818,431.69,-844.05,-0.006,5.013,30.0,1374,-1,1.12,False,-1,True,True,0.75,0.0,-0.0,False,False,-0.11,0.001,35.853,1374,9.73,,,,,0,False,False,0.0,False,8.61,5.51,20.0,
69.25,121819,431.883,-843.91,-0.006,4.61,30.0,1374,-1,1.36,False,-1,True,True,0.75,0.0,-0.002,False,False,-0.154,0.002,35.767,1374,9.73,,,,,0,False,False,0.0,False,8.37,5.51,20.0,
69.3,121820,432.062,-843.78,-0.005,4.331,30.0,1374,-1,1.58,False,-1,True,True,0.75,0.0,0.008,False,False,-0.239,-0.007,35.758,1374,9.73,,,,,0,False,False,0.0,False,8.15,5.31,20.0,
69.35,121821,432.233,-843.656,-0.005,4.178,30.0,1374,-1,1.79,False,-1,True,True,0.75,0.0,0.002,False,False,-0.285,-0.008,35.77,1374,9.73,,,,,0,False,False,0.0,False,7.94,5.17,20.0,
69.4,121822,432.401,-843.535,-0.005,4.118,30.0,1374,-1,2.0,False,-1,True,True,0.75,0.0,0.0,False,False,-0.273,-0.003,35.777,1374,9.73,,,,,0,False,False,0.0,False,7.73,5.09,20.0,
69.45,121823,432.568,-843.414,-0.005,4.122,30.0,1374,-1,2.2,False,-1,True,True,0.75,0.0,0.001,False,False,-0.219,0.001,35.782,1374,9.73,,,,,0,False,False,0.0,False,7.52,5.06,20.0,
69.5,121824,432.737,-843.293,-0.006,4.166,30.0,1374,-1,2.41,False,-1,True,True,0.75,0.0,0.001,False,False,-0.141,0.002,35.786,1374,9.73,,,,,0,False,False,0.0,False,7.32,5.06,20.0,
69.55,121825,432.908,-843.169,-0.007,4.234,30.0,1374,-1,2.62,False,-1,True,True,0.75,0.0,0.001,False,False,-0.058,0.002,35.79,1374,9.73,,,,,0,False,False,0.0,False,7.11,5.08,20.0,
69.6,121826,433.082,-843.044,-0.007,4.317,30.0,1374,-1,2.84,False,-1,True,True,0.75,0.0,0.001,False,False,0.019,0.002,35.794,1374,9.73,,,,,0,False,False,0.0,False,6.89,5.12,20.0,
69.65,121827,433.26,-842.915,-0.008,4.409,30.0,1374,-1,3.05,False,-1,True,True,0.75,0.0,0.0,False,False,0.085,0.001,35.797,1374,9.73,,,,,0,False,False,0.0,False,6.67,5.16,20.0,
69.7,121828,433.442,-842.784,-0.008,4.507,30.0,1374,-1,3.28,False,-1,True,True,0.75,0.0,0.0,False,False,0.137,0.001,35.799,1374,9.73,,,,,0,False,False,0.0,False,6.45,5.2,20.0,
69.75,121829,433.627,-842.651,-0.009,4.608,30.0,1374,-1,3.51,False,-1,True,True,0.75,0.0,0.0,False,False,0.177,0.001,35.802,1374,9.73,,,,,0,False,False,0.0,False,6.22,5.25,20.0,
69.8,121830,433.817,-842.514,-0.009,4.711,30.0,1374,-1,3.74,False,-1,True,True,0.75,0.0,0.0,False,False,0.206,0.001,35.804,1374,9.73,,,,,0,False,False,0.0,False,5.99,5.3,20.0,
69.85,121831,434.01,-842.374,-0.009,4.815,30.0,1374,-1,3.98,False,-1,True,True,0.75,0.0,0.0,False,False,0.226,0.0,35.805,1374,9.73,,,,,0,False,False,0.0,False,5.75,5.36,20.0,
69.9,121832,434.208,-842.231,-0.009,4.919,30.0,1374,-1,4.22,False,-1,True,True,0.75,0.0,0.0,False,False,0.24,0.0,35.807,1374,9.73,,,,,0,False,False,0.0,False,5.5,5.41,20.0,
69.95,121833,434.41,-842.085,-0.009,5.023,30.0,1374,-1,4.47,False,-1,True,True,0.75,0.0,0.0,False,False,0.25,0.0,35.808,1374,9.73,,,,,0,False,False,0.0,False,5.25,5.46,20.0,
70.0,121834,434.616,-841.937,-0.009,5.124,30.0,1374,-1,4.73,False,-1,True,True,0.75,0.0,0.0,False,False,0.255,0.0,35.809,1374,13.62,,,,,0,False,False,0.0,False,8.89,5.51,20.0,
70.05,121835,434.827,-841.785,-0.009,5.262,30.0,1374,-1,4.99,False,-1,True,True,0.75,0.0,0.0,False,False,0.26,0.0,35.81,1374,13.62,,,,,0,False,False,0.0,False,8.63,5.56,20.0,
70.1,121836,435.041,-841.63,-0.009,5.275,30.0,1374,-1,5.25,False,-1,True,True,0.75,0.0,0.0,False,False,0.254,0.0,35.801,1374,13.62,,,,,0,False,False,0.0,False,8.37,5.63,20.0,
70.15,121837,435.256,-841.475,-0.009,5.328,30.0,1374,-1,5.52,False,-1,True,True,0.75,0.0,0.001,False,False,0.227,-0.002,35.825,1374,13.62,,,,,0,False,False,0.0,False,8.1,5.64,20.0,
70.2,121838,435.469,-841.321,-0.009,5.247,30.0,1374,-1,5.78,False,-1,True,True,0.75,0.0,-0.002,False,False,0.179,0.002,35.789,1374,13.62,,,,,0,False,False,0.0,False,7.84,5.66,20.0,
70.25,121839,435.684,-841.166,-0.008,5.324,30.0,1374,-1,6.04,False,-1,True,True,0.75,0.0,0.003,False,False,0.148,-0.003,35.813,1374,13.62,,,,,0,False,False,0.0,False,7.57,5.62,20.0,
70.3,121840,435.898,-841.011,-0.008,5.276,30.0,1374,-1,6.31,False,-1,True,True,0.75,0.0,-0.002,False,False,0.123,0.0,35.78,1374,13.62,,,,,0,False,False,0.0,False,7.31,5.66,20.0,
70.35,121841,436.114,-840.856,-0.008,5.347,30.0,1374,-1,6.57,False,-1,True,True,0.75,0.0,0.003,False,False,0.113,-0.003,35.81,1374,13.62,,,,,0,False,False,0.0,False,7.04,5.64,20.0,
70.4,121842,436.328,-840.701,-0.008,5.273,30.0,1374,-1,6.84,False,-1,True,True,0.75,0.0,-0.002,False,False,0.094,0.001,35.783,1374,13.62,,,,,0,False,False,0.0,False,6.78,5.67,20.0,
70.45,121843,436.548,-840.542,-0.008,5.599,30.0,1374,-1,7.11,False,-1,True,True,0.75,0.0,0.003,False,False,0.129,-0.002,35.821,1374,13.62,,,,,0,False,False,0.0,False,6.51,5.64,20.0,
70.5,121844,436.785,-840.372,-0.009,5.943,30.0,1374,-1,7.4,False,-1,True,True,0.0,0.135,-0.003,False,False,0.27,0.003,35.839,1374,13.62,,,,,0,False,False,0.0,False,6.21,5.8,20.0,
70.55,121845,437.035,-840.191,-0.01,6.255,30.0,1374,-1,7.71,False,-1,True,True,0.0,0.3,-0.002,False,False,0.388,0.007,35.835,1374,13.62,,,,,0,False,False,0.0,False,5.91,5.97,20.0,
70.6,121846,437.29,-840.008,-0.011,6.256,30.0,1374,-1,8.02,False,-1,True,True,0.0,0.3,-0.0,False,False,0.405,0.004,35.83,1374,17.51,,,,,0,False,False,0.0,False,9.48,6.13,20.0,
70.65,121847,437.544,-839.825,-0.01,6.276,30.0,1374,-1,8.34,False,-1,True,True,0.0,0.3,-0.0,False,False,0.35,0.001,35.827,1374,17.51,,,,,0,False,False,0.0,False,9.17,6.13,20.0,
70.7,121848,437.793,-839.645,-0.009,6.092,30.0,1374,-1,8.64,False,-1,True,True,0.0,0.3,-0.0,False,False,0.242,-0.002,35.838,1374,17.51,,,,,0,False,False,0.0,False,8.86,6.14,20.0,
70.75,121849,438.037,-839.469,-0.008,5.987,30.0,1374,-1,8.94,False,-1,True,True,0.0,0.3,-0.001,False,False,0.125,-0.0,35.809,1374,17.51,,,,,0,False,False,0.0,False,8.56,6.05,20.0,
70.8,121850,438.273,-839.299,-0.007,5.742,30.0,1374,-1,9.24,False,-1,True,True,0.0,0.3,0.002,False,False,0.009,-0.005,35.834,1374,17.51,,,,,0,False,False,0.0,False,8.27,5.99,20.0,
70.85,121851,438.501,-839.133,-0.006,5.606,30.0,1374,-1,9.52,False,-1,True,True,0.0,0.3,-0.002,False,False,-0.083,-0.001,35.806,1374,17.51,,,,,0,False,False,0.0,False,7.99,5.87,20.0,
70.9,121852,438.722,-838.974,-0.006,5.35,30.0,1374,-1,9.79,False,-1,True,True,0.0,0.214,0.002,False,False,-0.16,-0.004,35.835,1374,17.51,,,,,0,False,False,0.0,False,7.72,5.8,20.0,
70.95,121853,438.936,-838.82,-0.005,5.25,30.0,1374,-1,10.05,False,-1,True,True,0.708,0.0,-0.003,False,False,-0.203,0.001,35.81,1374,17.51,,,,,0,False,False,0.0,False,7.45,5.68,20.0,
71.0,121854,439.144,-838.67,-0.005,5.048,30.0,1374,-1,10.31,False,-1,True,True,0.75,0.0,0.002,False,False,-0.225,-0.001,35.846,1374,17.51,,,,,0,False,False,0.0,False,7.2,5.62,20.0,
71.05,121855,439.348,-838.523,-0.005,5.04,30.0,1374,-1,10.56,False,-1,True,True,0.75,0.0,-0.003,False,False,-0.213,0.004,35.853,1374,17.51,,,,,0,False,False,0.0,False,6.95,5.52,20.0,
71.1,121856,439.552,-838.376,-0.006,4.94,30.0,1374,-1,10.81,False,-1,True,True,0.75,0.0,-0.001,False,False,-0.163,0.005,35.859,1374,17.51,,,,,0,False,False,0.0,False,6.69,5.52,20.0,
71.15,121857,439.756,-838.229,-0.006,4.936,30.0,1374,-1,11.06,False,-1,True,True,0.75,0.0,-0.002,False,False,-0.112,0.003,35.847,1374,17.51,,,,,0,False,False,0.0,False,6.44,5.47,20.0,
71.2,121858,439.944,-838.093,-0.006,4.514,30.0,1374,-1,11.3,False,-1,True,True,0.75,0.0,0.0,False,False,-0.184,0.001,35.815,1374,17.51,,,,,0,False,False,0.0,False,6.21,5.47,20.0,
71.25,121859,440.12,-837.966,-0.005,4.26,30.0,1374,-1,11.51,False,-1,True,True,0.75,0.0,0.002,False,False,-0.267,-0.004,35.812,1374,17.51,,,,,0,False,False,0.0,False,5.99,5.26,20.0,
71.3,121860,440.288,-837.844,-0.005,4.127,30.0,1374,-1,11.72,False,-1,True,True,0.75,0.0,0.0,False,False,-0.299,-0.004,35.815,1374,17.51,,,,,0,False,False,0.0,False,5.79,5.13,20.0,
71.35,121861,440.455,-837.724,-0.005,4.083,30.0,1374,-1,11.93,False,-1,True,True,0.75,0.0,-0.0,False,False,-0.276,-0.002,35.816,1374,17.51,,,,,0,False,False,0.0,False,5.58,5.06,20.0,
71.4,121862,440.621,-837.604,-0.005,4.096,30.0,1374,-1,12.13,False,-1,True,True,0.75,0.0,0.0,False,False,-0.212,-0.001,35.816,1374,17.51,,,,,0,False,False,0.0,False,5.38,5.04,20.0,
71.45,121863,440.789,-837.483,-0.006,4.146,30.0,1374,-1,12.34,False,-1,True,True,0.75,0.0,0.0,False,False,-0.13,-0.0,35.816,1374,17.51,,,,,0,False,False,0.0,False,5.17,5.05,20.0,
71.5,121864,440.959,-837.36,-0.007,4.218,30.0,1374,-1,12.55,False,-1,True,True,0.75,0.0,-0.0,False,False,-0.045,0.0,35.816,1374,17.51,,,,,0,False,False,0.0,False,4.96,5.07,20.0,
71.55,121865,441.133,-837.235,-0.008,4.304,30.0,1374,-1,12.76,False,-1,True,True,0.75,0.0,-0.0,False,False,0.031,0.0,35.816,1374,21.4,,,,,0,False,False,0.0,False,8.63,5.11,20.0,
71.6,121866,441.31,-837.107,-0.008,4.397,30.0,1374,-1,12.98,False,-1,True,True,0.75,0.0,0.0,False,False,0.095,0.0,35.816,1374,21.4,,,,,0,False,False,0.0,False,8.42,5.15,20.0,
71.65,121867,441.491,-836.976,-0.009,4.496,30.0,1374,-1,13.2,False,-1,True,True,0.75,0.0,-0.0,False,False,0.145,0.0,35.816,1374,21.4,,,,,0,False,False,0.0,False,8.19,5.2,20.0,
71.7,121868,441.676,-836.843,-0.009,4.598,30.0,1374,-1,13.43,False,-1,True,True,0.75,0.0,0.0,False,False,0.183,0.0,35.816,1374,21.4,,,,,0,False,False,0.0,False,7.96,5.25,20.0,
71.75,121869,441.865,-836.706,-0.009,4.702,30.0,1374,-1,13.67,False,-1,True,True,0.75,0.0,0.0,False,False,0.211,0.0,35.816,1374,21.4,,,,,0,False,False,0.0,False,7.73,5.3,20.0,
71.8,121870,442.058,-836.567,-0.009,4.806,30.0,1374,-1,13.9,False,-1,True,True,0.75,0.0,-0.0,False,False,0.23,0.0,35.816,1374,21.4,,,,,0,False,False,0.0,False,7.49,5.35,20.0,
71.85,121871,442.256,-836.424,-0.009,4.91,30.0,1374,-1,14.15,False,-1,True,True,0.75,0.0,0.0,False,False,0.243,0.0,35.816,1374,21.4,,,,,0,False,False,0.0,False,7.25,5.4,20.0,
71.9,121872,442.457,-836.279,-0.009,5.014,30.0,1374,-1,14.4,False,-1,True,True,0.75,0.0,-0.0,False,False,0.251,0.0,35.816,1374,21.4,,,,,0,False,False,0.0,False,7.0,5.46,20.0,
71.95,121873,442.663,-836.13,-0.009,5.119,30.0,1374,-1,14.65,False,-1,True,True,0.75,0.0,0.0,False,False,0.257,-0.0,35.816,1374,21.4,,,,,0,False,False,0.0,False,6.75,5.51,20.0,
72.0,121874,442.873,-835.979,-0.009,5.178,30.0,1374,-1,14.91,False,-1,True,True,0.75,0.0,-0.0,False,False,0.257,-0.0,35.816,1374,21.4,,,,,0,False,False,0.0,False,6.49,5.56,20.0,
72.05,121875,443.087,-835.824,-0.009,5.346,30.0,1374,-1,15.17,False,-1,True,True,0.75,0.0,-0.0,False,False,0.259,-0.0,35.824,1374,21.4,,,,,0,False,False,0.0,False,6.22,5.59,20.0,
72.1,121876,443.302,-835.669,-0.009,5.26,30.0,1374,-1,15.44,False,-1,True,True,0.75,0.0,-0.001,False,False,0.228,0.001,35.8,1374,21.4,,,,,0,False,False,0.0,False,5.96,5.67,20.0,
72.15,121877,443.516,-835.515,-0.009,5.319,30.0,1374,-1,15.7,False,-1,True,True,0.75,0.0,0.002,False,False,0.187,-0.003,35.824,1374,21.4,,,,,0,False,False,0.0,False,5.69,5.63,20.0,
72.2,121878,443.73,-835.36,-0.008,5.254,30.0,1374,-1,15.97,False,-1,True,True,0.75,0.0,-0.002,False,False,0.147,0.001,35.789,1374,21.4,,,,,0,False,False,0.0,False,5.43,5.66,20.0,
72.25,121879,443.945,-835.205,-0.008,5.345,30.0,1374,-1,16.23,False,-1,True,True,0.75,0.0,0.003,False,False,0.129,-0.003,35.813,1374,25.29,,,,,0,False,False,0.0,False,9.06,5.63,20.0,
72.3,121880,444.16,-835.05,-0.008,5.276,30.0,1374,-1,16.5,False,-1,True,True,0.75,0.0,-0.002,False,False,0.11,0.0,35.78,1374,25.29,,,,,0,False,False,0.0,False,8.79,5.67,20.0,
72.35,121881,444.375,-834.894,-0.008,5.343,30.0,1374,-1,16.76,False,-1,True,True,0.75,0.0,0.003,False,False,0.099,-0.003,35.81,1374,25.29,,,,,0,False,False,0.0,False,8.53,5.64,20.0,
72.4,121882,444.594,-834.736,-0.008,5.525,30.0,1374,-1,17.03,False,-1,True,True,0.75,0.0,-0.002,False,False,0.125,0.002,35.774,1374,25.29,,,,,0,False,False,0.0,False,8.26,5.67,20.0,
72.45,121883,444.831,-834.564,-0.009,6.029,30.0,1374,-1,17.32,False,-1,True,True,0.132,0.0,0.004,False,False,0.277,-0.002,35.76,1374,25.29,,,,,0,False,False,0.0,False,7.96,5.76,20.0,
72.5,121884,445.082,-834.383,-0.011,6.217,30.0,1374,-1,17.63,False,-1,True,True,0.0,0.3,0.002,False,False,0.394,-0.005,35.769,1374,25.29,,,,,0,False,False,0.0,False,7.65,6.01,20.0,
72.55,121885,445.338,-834.199,-0.011,6.353,30.0,1374,-1,17.95,False,-1,True,True,0.0,0.3,0.001,False,False,0.421,-0.002,35.777,1374,25.29,,,,,0,False,False,0.0,False,7.34,6.11,20.0,
72.6,121886,445.593,-834.015,-0.01,6.239,30.0,1374,-1,18.26,False,-1,True,True,0.0,0.3,0.0,False,False,0.356,0.002,35.783,1374,25.29,,,,,0,False,False,0.0,False,7.02,6.18,20.0,
72.65,121887,445.844,-833.834,-0.009,6.182,30.0,1374,-1,18.57,False,-1,True,True,0.0,0.3,0.0,False,False,0.253,0.003,35.782,1374,25.29,,,,,0,False,False,0.0,False,6.71,6.12,20.0,
72.7,121888,446.088,-833.658,-0.008,5.958,30.0,1374,-1,18.87,False,-1,True,True,0.0,0.3,0.001,False,False,0.128,0.002,35.801,1374,25.29,,,,,0,False,False,0.0,False,6.41,6.09,20.0,
72.75,121889,446.326,-833.486,-0.007,5.833,30.0,1374,-1,19.17,False,-1,True,True,0.0,0.3,-0.001,False,False,0.017,0.003,35.776,1374,25.29,,,,,0,False,False,0.0,False,6.12,5.98,20.0,
72.8,121890,446.555,-833.32,-0.006,5.573,30.0,1374,-1,19.45,False,-1,True,True,0.0,0.3,0.003,False,False,-0.084,-0.001,35.806,1374,25.29,,,,,0,False,False,0.0,False,5.84,5.92,20.0,
72.85,121891,446.778,-833.16,-0.006,5.454,30.0,1374,-1,19.72,False,-1,True,True,0.0,0.096,-0.002,False,False,-0.153,0.002,35.783,1374,25.29,,,,,0,False,False,0.0,False,5.56,5.79,20.0,
72.9,121892,446.993,-833.005,-0.005,5.233,30.0,1374,-1,19.99,False,-1,True,True,0.33,0.0,0.003,False,False,-0.2,-0.0,35.82,1374,29.18,,,,,0,False,False,0.0,False,9.19,5.73,20.0,
72.95,121893,447.204,-832.853,-0.005,5.163,30.0,1374,-1,20.25,False,-1,True,True,0.75,0.0,-0.003,False,False,-0.214,0.004,35.801,1374,29.18,,,,,0,False,False,0.0,False,8.93,5.62,20.0,
73.0,121894,447.409,-832.705,-0.005,5.028,30.0,1374,-1,20.5,False,-1,True,True,0.75,0.0,0.002,False,False,-0.209,0.002,35.834,1374,29.18,,,,,0,False,False,0.0,False,8.67,5.58,20.0,
73.05,121895,447.615,-832.556,-0.006,5.095,30.0,1374,-1,20.76,False,-1,True,True,0.75,0.0,-0.003,False,False,-0.157,0.004,35.8,1374,29.18,,,,,0,False,False,0.0,False,8.42,5.51,20.0,
73.1,121896,447.819,-832.409,-0.006,4.924,30.0,1374,-1,21.01,False,-1,True,True,0.75,0.0,0.003,False,False,-0.116,-0.001,35.803,1374,29.18,,,,,0,False,False,0.0,False,8.17,5.55,20.0,
73.15,121897,448.01,-832.271,-0.006,4.564,30.0,1374,-1,21.24,False,-1,True,True,0.75,0.0,-0.0,False,False,-0.182,-0.002,35.835,1374,29.18,,,,,0,False,False,0.0,False,7.93,5.46,20.0,
73.2,121898,448.188,-832.143,-0.005,4.305,30.0,1374,-1,21.46,False,-1,True,True,0.75,0.0,-0.003,False,False,-0.264,0.001,35.836,1374,29.18,,,,,0,False,False,0.0,False,7.71,5.28,20.0,
73.25,121899,448.359,-832.02,-0.005,4.167,30.0,1374,-1,21.67,False,-1,True,True,0.75,0.0,-0.001,False,False,-0.298,0.002,35.831,1374,29.18,,,,,0,False,False,0.0,False,7.5,5.15,20.0,
73.3,121900,448.526,-831.899,-0.005,4.119,30.0,1374,-1,21.88,False,-1,True,True,0.75,0.0,-0.0,False,False,-0.277,0.0,35.829,1374,29.18,,,,,0,False,False,0.0,False,7.3,5.08,20.0,
73.35,121901,448.694,-831.778,-0.005,4.13,30.0,1374,-1,22.09,False,-1,True,True,0.75,0.0,-0.0,False,False,-0.215,-0.001,35.827,1374,29.18,,,,,0,False,False,0.0,False,7.09,5.06,20.0,
73.4,121902,448.863,-831.656,-0.006,4.178,30.0,1374,-1,22.3,False,-1,True,True,0.75,0.0,-0.0,False,False,-0.133,-0.001,35.825,1374,29.18,,,,,0,False,False,0.0,False,6.88,5.06,20.0,
73.45,121903,449.035,-831.532,-0.007,4.249,30.0,1374,-1,22.51,False,-1,True,True,0.75,0.0,-0.0,False,False,-0.049,-0.001,35.824,1374,29.18,,,,,0,False,False,0.0,False,6.67,5.09,20.0,
73.5,121904,449.209,-831.406,-0.008,4.333,30.0,1374,-1,22.72,False,-1,True,True,0.75,0.0,-0.0,False,False,0.027,-0.001,35.823,1374,29.18,,,,,0,False,False,0.0,False,6.46,5.12,20.0,
73.55,121905,449.388,-831.277,-0.008,4.426,30.0,1374,-1,22.94,False,-1,True,True,0.75,0.0,-0.0,False,False,0.092,-0.001,35.821,1374,29.18,,,,,0,False,False,0.0,False,6.24,5.17,20.0,
73.6,121906,449.57,-831.146,-0.008,4.525,30.0,1374,-1,23.17,False,-1,True,True,0.75,0.0,-0.0,False,False,0.143,-0.0,35.82,1374,29.18,,,,,0,False,False,0.0,False,6.01,5.21,20.0,
73.65,121907,449.756,-831.012,-0.009,4.626,30.0,1374,-1,23.4,False,-1,True,True,0.75,0.0,-0.0,False,False,0.181,-0.0,35.819,1374,29.18,,,,,0,False,False,0.0,False,5.78,5.26,20.0,
73.7,121908,449.946,-830.874,-0.009,4.729,30.0,1374,-1,23.63,False,-1,True,True,0.75,0.0,-0.0,False,False,0.209,-0.0,35.819,1374,29.18,,,,,0,False,False,0.0,False,5.55,5.31,20.0,
73.75,121909,450.141,-830.734,-0.009,4.833,30.0,1374,-1,23.87,False,-1,True,True,0.75,0.0,-0.0,False,False,0.229,-0.0,35.818,1374,29.18,,,,,0,False,False,0.0,False,5.31,5.36,20.0,
73.8,121910,450.339,-830.591,-0.009,4.937,30.0,1374,-1,24.12,False,-1,True,True,0.75,0.0,-0.0,False,False,0.242,-0.0,35.818,1374,33.07,,,,,0,False,False,0.0,False,8.95,5.42,20.0,
73.85,121911,450.542,-830.444,-0.009,5.041,30.0,1374,-1,24.37,False,-1,True,True,0.75,0.0,-0.0,False,False,0.251,-0.0,35.817,1374,33.07,,,,,0,False,False,0.0,False,8.7,5.47,20.0,
73.9,121912,450.749,-830.295,-0.009,5.142,30.0,1374,-1,24.62,False,-1,True,True,0.75,0.0,-0.0,False,False,0.256,-0.0,35.817,1374,33.07,,,,,0,False,False,0.0,False,8.45,5.52,20.0,
73.95,121913,450.96,-830.143,-0.009,5.28,30.0,1374,-1,24.88,False,-1,True,True,0.75,0.0,-0.0,False,False,0.26,0.0,35.816,1374,33.07,,,,,0,False,False,0.0,False,8.19,5.57,20.0,
74.0,121914,451.175,-829.988,-0.009,5.304,30.0,1374,-1,25.15,False,-1,True,True,0.75,0.0,0.0,False,False,0.255,-0.0,35.821,1374,33.07,,,,,0,False,False,0.0,False,7.92,5.64,20.0,
74.05,121915,451.392,-829.831,-0.009,5.38,30.0,1374,-1,25.41,False,-1,True,True,0.75,0.0,-0.001,False,False,0.239,0.001,35.802,1374,33.07,,,,,0,False,False,0.0,False,7.65,5.65,20.0,
74.1,121916,451.608,-829.676,-0.009,5.294,30.0,1374,-1,25.68,False,-1,True,True,0.685,0.0,0.002,False,False,0.191,-0.002,35.837,1374,33.07,,,,,0,False,False,0.0,False,7.39,5.69,20.0,
74.15,121917,451.824,-829.52,-0.008,5.361,30.0,1374,-1,25.95,False,-1,True,True,0.75,0.0,-0.003,False,False,0.155,0.003,35.813,1374,33.07,,,,,0,False,False,0.0,False,7.12,5.65,20.0,
74.2,121918,452.04,-829.364,-0.008,5.305,30.0,1374,-1,26.21,False,-1,True,True,0.737,0.0,0.002,False,False,0.124,-0.0,35.846,1374,33.07,,,,,0,False,False,0.0,False,6.86,5.68,20.0,
74.25,121919,452.257,-829.208,-0.008,5.385,30.0,1374,-1,26.48,False,-1,True,True,0.75,0.0,-0.003,False,False,0.114,0.003,35.82,1374,33.07,,,,,0,False,False,0.0,False,6.59,5.65,20.0,
74.3,121920,452.473,-829.052,-0.008,5.312,30.0,1374,-1,26.75,False,-1,True,True,0.643,0.0,0.002,False,False,0.096,-0.001,35.847,1374,33.07,,,,,0,False,False,0.0,False,6.32,5.69,20.0,
74.35,121921,452.691,-828.895,-0.008,5.423,30.0,1374,-1,27.02,False,-1,True,True,0.75,0.0,-0.003,False,False,0.092,0.002,35.821,1374,33.07,,,,,0,False,False,0.0,False,6.05,5.66,20.0,
74.4,121922,452.922,-828.728,-0.009,5.826,30.0,1374,-1,27.3,False,-1,True,True,0.499,0.0,0.002,False,False,0.205,-0.002,35.796,1374,33.07,,,,,0,False,False,0.0,False,5.77,5.71,20.0,
74.45,121923,453.169,-828.549,-0.01,6.213,30.0,1374,-1,27.61,False,-1,True,True,0.0,0.3,0.002,False,False,0.349,-0.006,35.793,1374,36.96,,,,,0,False,False,0.0,False,9.35,5.91,20.0,
74.5,121924,453.423,-828.365,-0.011,6.265,30.0,1374,-1,27.92,False,-1,True,True,0.0,0.3,0.001,False,False,0.402,-0.005,35.798,1374,36.96,,,,,0,False,False,0.0,False,9.04,6.11,20.0,
74.55,121925,453.678,-828.181,-0.01,6.321,30.0,1374,-1,28.23,False,-1,True,True,0.0,0.3,0.0,False,False,0.374,-0.002,35.802,1374,36.96,,,,,0,False,False,0.0,False,8.72,6.13,20.0,
74.6,121926,453.93,-827.999,-0.01,6.159,30.0,1374,-1,28.54,False,-1,True,True,0.0,0.3,0.0,False,False,0.279,0.001,35.795,1374,36.96,,,,,0,False,False,0.0,False,8.41,6.16,20.0,
74.65,121927,454.177,-827.821,-0.009,6.066,30.0,1374,-1,28.85,False,-1,True,True,0.0,0.3,0.001,False,False,0.166,0.0,35.82,1374,36.96,,,,,0,False,False,0.0,False,8.11,6.08,20.0,
74.7,121928,454.416,-827.649,-0.007,5.827,30.0,1374,-1,29.14,False,-1,True,True,0.0,0.3,-0.002,False,False,0.046,0.004,35.795,1374,36.96,,,,,0,False,False,0.0,False,7.81,6.03,20.0,
74.75,121929,454.649,-827.481,-0.007,5.694,30.0,1374,-1,29.43,False,-1,True,True,0.0,0.3,0.002,False,False,-0.052,0.001,35.823,1374,36.96,,,,,0,False,False,0.0,False,7.53,5.91,20.0,
74.8,121930,454.873,-827.319,-0.006,5.429,30.0,1374,-1,29.71,False,-1,True,True,0.0,0.3,-0.002,False,False,-0.139,0.004,35.797,1374,36.96,,,,,0,False,False,0.0,False,7.25,5.85,20.0,
74.85,121931,455.09,-827.163,-0.005,5.319,30.0,1374,-1,29.97,False,-1,True,True,0.423,0.0,0.002,False,False,-0.193,-0.0,35.825,1374,36.96,,,,,0,False,False,0.0,False,6.98,5.71,20.0,
74.9,121932,455.3,-827.011,-0.005,5.119,30.0,1374,-1,30.23,False,-1,True,True,0.75,0.0,-0.002,False,False,-0.22,0.001,35.791,1374,36.96,,,,,0,False,False,0.0,False,6.72,5.66,20.0,
74.95,121933,455.507,-826.862,-0.005,5.084,30.0,1374,-1,30.49,False,-1,True,True,0.75,0.0,0.003,False,False,-0.214,-0.003,35.816,1374,36.96,,,,,0,False,False,0.0,False,6.47,5.56,20.0,
75.0,121934,455.711,-826.714,-0.005,5.01,30.0,1374,-1,30.74,False,-1,True,True,0.75,0.0,-0.002,False,False,-0.179,-0.001,35.774,1374,36.96,,,,,0,False,False,0.0,False,6.22,5.54,20.0,
75.05,121935,455.916,-826.566,-0.006,5.08,30.0,1374,-1,30.99,False,-1,True,True,0.75,0.0,0.004,False,False,-0.119,-0.005,35.804,1374,36.96,,,,,0,False,False,0.0,False,5.96,5.51,20.0,
75.1,121936,456.114,-826.423,-0.006,4.713,30.0,1374,-1,31.24,False,-1,True,True,0.75,0.0,-0.002,False,False,-0.137,-0.001,35.795,1374,36.96,,,,,0,False,False,0.0,False,5.72,5.54,20.0,
75.15,121937,456.297,-826.291,-0.005,4.418,30.0,1374,-1,31.46,False,-1,True,True,0.75,0.0,0.001,False,False,-0.22,0.0,35.804,1374,36.96,,,,,0,False,False,0.0,False,5.49,5.36,20.0,
75.2,121938,456.471,-826.166,-0.005,4.252,30.0,1374,-1,31.68,False,-1,True,True,0.75,0.0,-0.0,False,False,-0.271,0.002,35.807,1374,36.96,,,,,0,False,False,0.0,False,5.28,5.21,20.0,
75.25,121939,456.642,-826.043,-0.005,4.183,30.0,1374,-1,31.89,False,-1,True,True,0.75,0.0,0.0,False,False,-0.268,0.002,35.807,1374,36.96,,,,,0,False,False,0.0,False,5.07,5.13,20.0,
75.3,121940,456.811,-825.92,-0.005,4.181,30.0,1374,-1,32.1,False,-1,True,True,0.75,0.0,0.0,False,False,-0.219,0.001,35.808,1374,40.85,,,,,0,False,False,0.0,False,8.75,5.09,20.0,
75.35,121941,456.982,-825.797,-0.006,4.22,30.0,1374,-1,32.31,False,-1,True,True,0.75,0.0,0.0,False,False,-0.146,0.001,35.809,1374,40.85,,,,,0,False,False,0.0,False,8.54,5.09,20.0,
75.4,121942,457.155,-825.672,-0.007,4.285,30.0,1374,-1,32.52,False,-1,True,True,0.75,0.0,0.0,False,False,-0.065,0.001,35.809,1374,40.85,,,,,0,False,False,0.0,False,8.33,5.11,20.0,
75.45,121943,457.332,-825.545,-0.007,4.365,30.0,1374,-1,32.74,False,-1,True,True,0.75,0.0,0.0,False,False,0.012,0.001,35.809,1374,40.85,,,,,0,False,False,0.0,False,8.11,5.14,20.0,
75.5,121944,457.511,-825.415,-0.008,4.456,30.0,1374,-1,32.96,False,-1,True,True,0.75,0.0,0.0,False,False,0.078,0.0,35.81,1374,40.85,,,,,0,False,False,0.0,False,7.89,5.18,20.0,
75.55,121945,457.695,-825.283,-0.008,4.552,30.0,1374,-1,33.19,False,-1,True,True,0.75,0.0,0.0,False,False,0.131,0.0,35.81,1374,40.85,,,,,0,False,False,0.0,False,7.66,5.23,20.0,
75.6,121946,457.882,-825.148,-0.009,4.653,30.0,1374,-1,33.42,False,-1,True,True,0.75,0.0,0.0,False,False,0.172,0.0,35.81,1374,40.85,,,,,0,False,False,0.0,False,7.43,5.28,20.0,
75.65,121947,458.073,-825.01,-0.009,4.755,30.0,1374,-1,33.65,False,-1,True,True,0.75,0.0,0.0,False,False,0.202,-0.0,35.811,1374,40.85,,,,,0,False,False,0.0,False,7.2,5.33,20.0,
75.7,121948,458.269,-824.868,-0.009,4.858,30.0,1374,-1,33.89,False,-1,True,True,0.75,0.0,-0.0,False,False,0.223,-0.0,35.811,1374,40.85,,,,,0,False,False,0.0,False,6.95,5.38,20.0,
75.75,121949,458.468,-824.724,-0.009,4.962,30.0,1374,-1,34.14,False,-1,True,True,0.75,0.0,-0.0,False,False,0.238,0.0,35.811,1374,40.85,,,,,0,False,False,0.0,False,6.71,5.43,20.0,
75.8,121950,458.672,-824.577,-0.009,5.065,30.0,1374,-1,34.39,False,-1,True,True,0.75,0.0,0.0,False,False,0.248,0.0,35.811,1374,40.85,,,,,0,False,False,0.0,False,6.46,5.48,20.0,
75.85,121951,458.88,-824.427,-0.009,5.15,30.0,1374,-1,34.65,False,-1,True,True,0.75,0.0,0.0,False,False,0.253,-0.0,35.812,1374,40.85,,,,,0,False,False,0.0,False,6.2,5.53,20.0,
75.9,121952,459.092,-824.274,-0.009,5.304,30.0,1374,-1,34.91,False,-1,True,True,0.75,0.0,-0.0,False,False,0.258,0.0,35.812,1374,40.85,,,,,0,False,False,0.0,False,5.94,5.58,20.0,
75.95,121953,459.308,-824.119,-0.009,5.33,30.0,1374,-1,35.18,False,-1,True,True,0.75,0.0,-0.0,False,False,0.255,0.0,35.808,1374,40.85,,,,,0,False,False,0.0,False,5.67,5.65,20.0,
76.0,121954,459.526,-823.961,-0.009,5.416,30.0,1374,-1,35.45,False,-1,True,True,0.75,0.0,0.0,False,False,0.242,-0.001,35.826,1374,40.85,,,,,0,False,False,0.0,False,5.4,5.66,20.0,
76.05,121955,459.743,-823.804,-0.009,5.327,30.0,1374,-1,35.71,False,-1,True,True,0.553,0.0,-0.002,False,False,0.195,0.002,35.791,1374,44.74,,,,,0,False,False,0.0,False,9.03,5.71,20.0,
76.1,121956,459.96,-823.648,-0.008,5.38,30.0,1374,-1,35.98,False,-1,True,True,0.75,0.0,0.003,False,False,0.155,-0.003,35.815,1374,44.74,,,,,0,False,False,0.0,False,8.76,5.66,20.0,
76.15,121957,460.176,-823.492,-0.008,5.307,30.0,1374,-1,36.25,False,-1,True,True,0.669,0.0,-0.002,False,False,0.117,-0.0,35.782,1374,44.74,,,,,0,False,False,0.0,False,8.49,5.69,20.0,
76.2,121958,460.393,-823.335,-0.008,5.383,30.0,1374,-1,36.51,False,-1,True,True,0.75,0.0,0.003,False,False,0.101,-0.003,35.806,1374,44.74,,,,,0,False,False,0.0,False,8.22,5.65,20.0,
76.25,121959,460.61,-823.178,-0.008,5.332,30.0,1374,-1,36.78,False,-1,True,True,0.646,0.0,-0.002,False,False,0.09,0.0,35.775,1374,44.74,,,,,0,False,False,0.0,False,7.96,5.69,20.0,
76.3,121960,460.829,-823.021,-0.008,5.423,30.0,1374,-1,37.05,False,-1,True,True,0.646,0.0,-0.002,False,False,0.093,0.005,35.787,1374,44.74,,,,,0,False,False,0.0,False,7.69,5.67,20.0,
76.35,121961,461.047,-822.863,-0.008,5.372,30.0,1374,-1,37.32,False,-1,True,True,0.495,0.0,0.0,False,False,0.092,0.005,35.75,1374,44.74,,,,,0,False,False,0.0,False,7.42,5.71,20.0,
76.4,121962,461.267,-822.705,-0.008,5.452,30.0,1374,-1,37.59,False,-1,True,True,0.677,0.0,0.005,False,False,0.095,-0.003,35.778,1374,44.74,,,,,0,False,False,0.0,False,7.15,5.69,20.0,
76.45,121963,461.487,-822.546,-0.008,5.392,30.0,1374,-1,37.86,False,-1,True,True,0.388,0.0,-0.001,False,False,0.09,-0.001,35.753,1374,44.74,,,,,0,False,False,0.0,False,6.88,5.73,20.0,
76.5,121964,461.707,-822.387,-0.008,5.454,30.0,1374,-1,38.13,False,-1,True,True,0.605,0.0,0.004,False,False,0.088,-0.004,35.782,1374,44.74,,,,,0,False,False,0.0,False,6.6,5.7,20.0,
76.55,121965,461.926,-822.229,-0.008,5.371,30.0,1374,-1,38.4,False,-1,True,True,0.382,0.0,-0.001,False,False,0.074,0.0,35.754,1374,44.74,,,,,0,False,False,0.0,False,6.33,5.73,20.0,
76.6,121966,462.144,-822.071,-0.008,5.414,30.0,1374,-1,38.67,False,-1,True,True,0.678,0.0,0.004,False,False,0.065,-0.003,35.783,1374,44.74,,,,,0,False,False,0.0,False,6.06,5.69,20.0,
76.65,121967,462.361,-821.914,-0.007,5.321,30.0,1374,-1,38.94,False,-1,True,True,0.525,0.0,-0.001,False,False,0.048,0.001,35.754,1374,44.74,,,,,0,False,False,0.0,False,5.8,5.71,20.0,
76.7,121968,462.578,-821.758,-0.007,5.367,30.0,1374,-1,39.21,False,-1,True,True,0.75,0.0,0.004,False,False,0.042,-0.002,35.782,1374,44.74,,,,,0,False,False,0.0,False,5.53,5.66,20.0,
76.75,121969,462.794,-821.602,-0.007,5.289,30.0,1374,-1,39.48,False,-1,True,True,0.694,0.0,-0.001,False,False,0.035,0.001,35.753,1374,48.63,,,,,0,False,False,0.0,False,9.16,5.68,20.0,
76.8,121970,463.01,-821.446,-0.007,5.363,30.0,1374,-1,39.74,False,-1,True,True,0.75,0.0,0.004,False,False,0.042,-0.002,35.782,1374,48.63,,,,,0,False,False,0.0,False,8.89,5.64,20.0,
76.85,121971,463.226,-821.29,-0.007,5.312,30.0,1374,-1,40.01,False,-1,True,True,0.709,0.0,-0.001,False,False,0.049,0.001,35.754,1374,48.63,,,,,0,False,False,0.0,False,8.62,5.68,20.0,
76.9,121972,463.444,-821.133,-0.008,5.388,30.0,1374,-1,40.28,False,-1,True,True,0.75,0.0,0.004,False,False,0.064,-0.002,35.782,1374,48.63,,,,,0,False,False,0.0,False,8.35,5.66,20.0,
76.95,121973,463.66,-820.977,-0.008,5.315,30.0,1374,-1,40.54,False,-1,True,True,0.619,0.0,-0.001,False,False,0.064,0.002,35.756,1374,48.63,,,,,0,False,False,0.0,False,8.09,5.69,20.0,
77.0,121974,463.879,-820.819,-0.008,5.536,30.0,1374,-1,40.81,False,-1,True,True,0.75,0.0,0.003,False,False,0.087,-0.001,35.763,1374,48.63,,,,,0,False,False,0.0,False,7.82,5.66,20.0,
77.05,121975,464.114,-820.649,-0.009,5.914,30.0,1374,-1,41.1,False,-1,True,True,0.088,0.0,0.001,False,False,0.226,-0.001,35.748,1374,48.63,,,,,0,False,False,0.0,False,7.53,5.77,20.0,
77.1,121976,464.364,-820.468,-0.01,6.257,30.0,1374,-1,41.41,False,-1,True,True,0.0,0.3,0.003,False,False,0.364,-0.002,35.751,1374,48.63,,,,,0,False,False,0.0,False,7.22,5.96,20.0,
77.15,121977,464.619,-820.284,-0.011,6.266,30.0,1374,-1,41.73,False,-1,True,True,0.0,0.3,0.001,False,False,0.397,-0.001,35.761,1374,48.63,,,,,0,False,False,0.0,False,6.9,6.13,20.0,
77.2,121978,464.873,-820.101,-0.01,6.293,30.0,1374,-1,42.04,False,-1,True,True,0.0,0.3,0.0,False,False,0.351,0.002,35.768,1374,48.63,,,,,0,False,False,0.0,False,6.59,6.13,20.0,
77.25,121979,465.123,-819.92,-0.009,6.114,30.0,1374,-1,42.35,False,-1,True,True,0.0,0.3,0.001,False,False,0.247,0.003,35.763,1374,48.63,,,,,0,False,False,0.0,False,6.28,6.15,20.0,
77.3,121980,465.368,-819.744,-0.008,6.011,30.0,1374,-1,42.65,False,-1,True,True,0.0,0.3,0.001,False,False,0.133,0.002,35.792,1374,48.63,,,,,0,False,False,0.0,False,5.98,6.06,20.0,
77.35,121981,465.606,-819.573,-0.007,5.767,30.0,1374,-1,42.94,False,-1,True,True,0.0,0.3,-0.008,False,False,0.016,0.015,35.753,1374,52.52,,,,,0,False,False,0.0,False,9.58,6.01,20.0,
77.4,121982,465.836,-819.408,-0.006,5.631,30.0,1374,-1,43.23,False,-1,True,True,0.0,0.3,0.002,False,False,-0.077,0.011,35.768,1374,52.52,,,,,0,False,False,0.0,False,9.3,5.88,20.0,
77.45,121983,466.057,-819.248,-0.006,5.363,30.0,1374,-1,43.5,False,-1,True,True,0.0,0.3,-0.002,False,False,-0.158,0.009,35.736,1374,52.52,,,,,0,False,False,0.0,False,9.03,5.82,20.0,
77.5,121984,466.272,-819.094,-0.005,5.253,30.0,1374,-1,43.76,False,-1,True,True,0.661,0.0,0.002,False,False,-0.208,0.002,35.763,1374,52.52,,,,,0,False,False,0.0,False,8.76,5.68,20.0,
77.55,121985,466.48,-818.945,-0.005,5.051,30.0,1374,-1,44.02,False,-1,True,True,0.75,0.0,-0.002,False,False,-0.231,0.003,35.726,1374,52.52,,,,,0,False,False,0.0,False,8.51,5.63,20.0,
77.6,121986,466.684,-818.798,-0.005,5.025,30.0,1374,-1,44.27,False,-1,True,True,0.75,0.0,0.003,False,False,-0.221,-0.002,35.723,1374,52.52,,,,,0,False,False,0.0,False,8.26,5.53,20.0,
77.65,121987,466.888,-818.651,-0.006,5.021,30.0,1374,-1,44.52,False,-1,True,True,0.75,0.0,0.001,False,False,-0.17,-0.003,35.729,1374,52.52,,,,,0,False,False,0.0,False,8.0,5.51,20.0,
77.7,121988,467.092,-818.504,-0.006,5.0,30.0,1374,-1,44.77,False,-1,True,True,0.75,0.0,-0.0,False,False,-0.11,-0.001,35.718,1374,52.52,,,,,0,False,False,0.0,False,7.75,5.51,20.0,
77.75,121989,467.285,-818.365,-0.006,4.602,30.0,1374,-1,45.01,False,-1,True,True,0.75,0.0,0.001,False,False,-0.153,-0.002,35.8,1374,52.52,,,,,0,False,False,0.0,False,7.51,5.5,20.0,
77.8,121990,467.464,-818.237,-0.005,4.323,30.0,1374,-1,45.23,False,-1,True,True,0.75,0.0,-0.007,False,False,-0.239,0.007,35.808,1374,52.52,,,,,0,False,False,0.0,False,7.29,5.3,20.0,
77.85,121991,467.635,-818.114,-0.005,4.171,30.0,1374,-1,45.44,False,-1,True,True,0.75,0.0,-0.002,False,False,-0.284,0.008,35.795,1374,52.52,,,,,0,False,False,0.0,False,7.08,5.16,20.0,
77.9,121992,467.803,-817.993,-0.005,4.112,30.0,1374,-1,45.65,False,-1,True,True,0.75,0.0,-0.001,False,False,-0.273,0.003,35.787,1374,52.52,,,,,0,False,False,0.0,False,6.88,5.09,20.0,
77.95,121993,467.97,-817.873,-0.005,4.116,30.0,1374,-1,45.86,False,-1,True,True,0.75,0.0,-0.001,False,False,-0.218,-0.001,35.783,1374,52.52,,,,,0,False,False,0.0,False,6.67,5.06,20.0,
78.0,121994,468.139,-817.751,-0.006,4.16,30.0,1374,-1,46.06,False,-1,True,True,0.75,0.0,-0.001,False,False,-0.14,-0.002,35.778,1374,52.52,,,,,0,False,False,0.0,False,6.46,5.06,20.0,
78.05,121995,468.31,-817.628,-0.007,4.228,30.0,1374,-1,46.27,False,-1,True,True,0.75,0.0,-0.001,False,False,-0.057,-0.002,35.774,1374,52.52,,,,,0,False,False,0.0,False,6.25,5.08,20.0,
78.1,121996,468.484,-817.503,-0.007,4.312,30.0,1374,-1,46.49,False,-1,True,True,0.75,0.0,-0.001,False,False,0.02,-0.002,35.77,1374,52.52,,,,,0,False,False,0.0,False,6.04,5.11,20.0,
78.15,121997,468.661,-817.375,-0.008,4.404,30.0,1374,-1,46.71,False,-1,True,True,0.75,0.0,-0.0,False,False,0.085,-0.001,35.767,1374,52.52,,,,,0,False,False,0.0,False,5.82,5.16,20.0,
78.2,121998,468.843,-817.244,-0.008,4.502,30.0,1374,-1,46.93,False,-1,True,True,0.75,0.0,-0.0,False,False,0.137,-0.001,35.764,1374,52.52,,,,,0,False,False,0.0,False,5.6,5.2,20.0,
78.25,121999,469.028,-817.111,-0.009,4.603,30.0,1374,-1,47.16,False,-1,True,True,0.75,0.0,-0.0,False,False,0.177,-0.001,35.762,1374,52.52,,,,,0,False,False,0.0,False,5.37,5.25,20.0,
78.3,122000,469.218,-816.974,-0.009,4.706,30.0,1374,-1,47.39,False,-1,True,True,0.75,0.0,-0.0,False,False,0.206,-0.0,35.759,1374,52.52,,,,,0,False,False,0.0,False,5.13,5.3,20.0,
78.35,122001,469.412,-816.836,-0.009,4.81,30.0,1374,-1,47.63,False,-1,True,True,0.75,0.0,-0.009,False,False,0.227,0.014,35.731,1374,56.41,,,,,0,False,False,0.0,False,8.79,5.35,20.0,
78.4,122002,469.61,-816.693,-0.009,4.914,30.0,1374,-1,47.87,False,-1,True,True,0.75,0.0,-0.0,False,False,0.24,0.012,35.711,1374,56.41,,,,,0,False,False,0.0,False,8.54,5.4,20.0,
78.45,122003,469.812,-816.548,-0.009,5.018,30.0,1374,-1,48.12,False,-1,True,True,0.75,0.0,-0.0,False,False,0.249,0.005,35.704,1374,56.41,,,,,0,False,False,0.0,False,8.29,5.46,20.0,
78.5,122004,470.018,-816.4,-0.009,5.122,30.0,1374,-1,48.38,False,-1,True,True,0.75,0.0,-0.001,False,False,0.256,0.002,35.699,1374,56.41,,,,,0,False,False,0.0,False,8.04,5.51,20.0,
78.55,122005,470.229,-816.249,-0.009,5.182,30.0,1374,-1,48.64,False,-1,True,True,0.75,0.0,-0.001,False,False,0.256,0.001,35.696,1374,56.41,,,,,0,False,False,0.0,False,7.78,5.56,20.0,
78.6,122006,470.442,-816.096,-0.009,5.283,30.0,1374,-1,48.9,False,-1,True,True,0.75,0.0,-0.001,False,False,0.247,0.001,35.677,1374,56.41,,,,,0,False,False,0.0,False,7.52,5.59,20.0,
78.65,122007,470.654,-815.944,-0.009,5.192,30.0,1374,-1,49.16,False,-1,True,True,0.75,0.0,0.001,False,False,0.2,-0.001,35.707,1374,56.41,,,,,0,False,False,0.0,False,7.26,5.64,20.0,
78.7,122008,470.866,-815.791,-0.008,5.259,30.0,1374,-1,49.42,False,-1,True,True,0.75,0.0,-0.003,False,False,0.163,0.003,35.679,1374,56.41,,,,,0,False,False,0.0,False,7.0,5.6,20.0,
78.75,122009,471.079,-815.639,-0.008,5.201,30.0,1374,-1,49.68,False,-1,True,True,0.75,0.0,0.001,False,False,0.13,-0.0,35.71,1374,56.41,,,,,0,False,False,0.0,False,6.74,5.63,20.0,
78.8,122010,471.292,-815.486,-0.008,5.299,30.0,1374,-1,49.95,False,-1,True,True,0.75,0.0,-0.003,False,False,0.12,0.003,35.682,1374,56.41,,,,,0,False,False,0.0,False,6.47,5.6,20.0,
78.85,122011,471.505,-815.333,-0.008,5.222,30.0,1374,-1,50.21,False,-1,True,True,0.75,0.0,0.001,False,False,0.103,-0.0,35.707,1374,56.41,,,,,0,False,False,0.0,False,6.21,5.65,20.0,
78.9,122012,471.719,-815.18,-0.008,5.29,30.0,1374,-1,50.47,False,-1,True,True,0.75,0.0,-0.003,False,False,0.095,0.002,35.673,1374,56.41,,,,,0,False,False,0.0,False,5.95,5.61,20.0,
78.95,122013,471.939,-815.022,-0.008,5.57,30.0,1374,-1,50.74,False,-1,True,True,0.75,0.0,0.002,False,False,0.15,-0.003,35.661,1374,56.41,,,,,0,False,False,0.0,False,5.68,5.64,20.0,
79.0,122014,472.179,-814.85,-0.01,6.058,30.0,1374,-1,51.04,False,-1,True,True,0.0,0.027,-0.006,False,False,0.31,0.008,35.626,1374,60.3,,,,,0,False,False,0.0,False,9.27,5.79,20.0,
79.05,122015,472.431,-814.669,-0.011,6.23,30.0,1374,-1,51.35,False,-1,True,True,0.0,0.3,0.001,False,False,0.418,0.006,35.608,1374,60.3,,,,,0,False,False,0.0,False,8.96,6.03,20.0,
79.1,122016,472.688,-814.485,-0.011,6.359,30.0,1374,-1,51.66,False,-1,True,True,0.0,0.3,0.001,False,False,0.434,0.001,35.606,1374,60.3,,,,,0,False,False,0.0,False,8.65,6.12,20.0,
79.15,122017,472.943,-814.302,-0.01,6.239,30.0,1374,-1,51.98,False,-1,True,True,0.0,0.3,-0.0,False,False,0.361,0.001,35.605,1374,60.3,,,,,0,False,False,0.0,False,8.33,6.18,20.0,
79.2,122018,473.195,-814.122,-0.009,6.179,30.0,1374,-1,52.29,False,-1,True,True,0.0,0.3,-0.0,False,False,0.253,0.002,35.616,1374,60.3,,,,,0,False,False,0.0,False,8.02,6.12,20.0,
79.25,122019,473.439,-813.947,-0.008,5.952,30.0,1374,-1,52.59,False,-1,True,True,0.0,0.3,-0.001,False,False,0.125,0.005,35.59,1374,60.3,,,,,0,False,False,0.0,False,7.72,6.09,20.0,
79.3,122020,473.678,-813.776,-0.007,5.825,30.0,1374,-1,52.88,False,-1,True,True,0.0,0.3,0.002,False,False,0.013,0.001,35.617,1374,60.3,,,,,0,False,False,0.0,False,7.43,5.98,20.0,
79.35,122021,473.907,-813.612,-0.006,5.565,30.0,1374,-1,53.16,False,-1,True,True,0.0,0.3,-0.002,False,False,-0.088,0.004,35.59,1374,60.3,,,,,0,False,False,0.0,False,7.15,5.91,20.0,
79.4,122022,474.13,-813.453,-0.006,5.448,30.0,1374,-1,53.44,False,-1,True,True,0.0,0.068,0.002,False,False,-0.156,0.0,35.615,1374,60.3,,,,,0,False,False,0.0,False,6.87,5.78,20.0,
79.45,122023,474.346,-813.298,-0.005,5.228,30.0,1374,-1,53.7,False,-1,True,True,0.351,0.0,-0.002,False,False,-0.201,0.002,35.58,1374,60.3,,,,,0,False,False,0.0,False,6.61,5.72,20.0,
79.5,122024,474.557,-813.147,-0.005,5.158,30.0,1374,-1,53.96,False,-1,True,True,0.75,0.0,0.003,False,False,-0.215,-0.003,35.602,1374,60.3,,,,,0,False,False,0.0,False,6.35,5.61,20.0,
79.55,122025,474.763,-812.999,-0.005,5.043,30.0,1374,-1,54.22,False,-1,True,True,0.75,0.0,-0.002,False,False,-0.204,-0.001,35.558,1374,60.3,,,,,0,False,False,0.0,False,6.09,5.58,20.0,
79.6,122026,474.97,-812.851,-0.006,5.109,30.0,1374,-1,54.47,False,-1,True,True,0.75,0.0,0.004,False,False,-0.15,-0.005,35.585,1374,60.3,,,,,0,False,False,0.0,False,5.84,5.52,20.0,
79.65,122027,475.173,-812.705,-0.006,4.84,30.0,1374,-1,54.72,False,-1,True,True,0.75,0.0,-0.001,False,False,-0.128,-0.001,35.573,1374,60.3,,,,,0,False,False,0.0,False,5.59,5.55,20.0,
79.7,122028,475.362,-812.571,-0.005,4.499,30.0,1374,-1,54.95,False,-1,True,True,0.75,0.0,0.001,False,False,-0.208,-0.0,35.607,1374,60.3,,,,,0,False,False,0.0,False,5.36,5.42,20.0,
79.75,122029,475.538,-812.445,-0.005,4.258,30.0,1374,-1,55.17,False,-1,True,True,0.75,0.0,-0.002,False,False,-0.286,0.003,35.612,1374,60.3,,,,,0,False,False,0.0,False,5.14,5.25,20.0,
79.8,122030,475.707,-812.323,-0.005,4.134,30.0,1374,-1,55.38,False,-1,True,True,0.75,0.0,-0.001,False,False,-0.31,0.004,35.608,1374,60.3,,,,,0,False,False,0.0,False,4.93,5.13,20.0,
79.85,122031,475.875,-812.204,-0.005,4.095,30.0,1374,-1,55.58,False,-1,True,True,0.75,0.0,-0.008,False,False,-0.279,0.014,35.585,1374,64.19,,,,,0,False,False,0.0,False,8.62,5.07,20.0,
79.9,122032,476.042,-812.085,-0.005,4.113,30.0,1374,-1,55.79,False,-1,True,True,0.75,0.0,-0.0,False,False,-0.211,0.01,35.57,1374,64.19,,,,,0,False,False,0.0,False,8.42,5.05,20.0,
79.95,122033,476.211,-811.964,-0.006,4.165,30.0,1374,-1,56.0,False,-1,True,True,0.75,0.0,-0.0,False,False,-0.126,0.004,35.565,1374,64.19,,,,,0,False,False,0.0,False,8.21,5.06,20.0,
80.0,122034,476.383,-811.841,-0.007,4.238,30.0,1374,-1,56.21,False,-1,True,True,0.75,0.0,-0.001,False,False,-0.041,0.002,35.56,1374,64.19,,,,,0,False,False,0.0,False,8.0,5.08,20.0,
80.05,122035,476.558,-811.716,-0.008,4.325,30.0,1374,-1,56.42,False,-1,True,True,0.75,0.0,-0.001,False,False,0.036,0.001,35.555,1374,64.19,,,,,0,False,False,0.0,False,7.78,5.12,20.0,
80.1,122036,476.737,-811.588,-0.008,4.419,30.0,1374,-1,56.64,False,-1,True,True,0.75,0.0,-0.001,False,False,0.099,0.0,35.551,1374,64.19,,,,,0,False,False,0.0,False,7.56,5.16,20.0,
80.15,122037,476.92,-811.458,-0.009,4.518,30.0,1374,-1,56.87,False,-1,True,True,0.75,0.0,-0.001,False,False,0.149,-0.0,35.547,1374,64.19,,,,,0,False,False,0.0,False,7.34,5.21,20.0,
80.2,122038,477.106,-811.325,-0.009,4.62,30.0,1374,-1,57.1,False,-1,True,True,0.75,0.0,-0.001,False,False,0.186,-0.0,35.544,1374,64.19,,,,,0,False,False,0.0,False,7.11,5.26,20.0,
80.25,122039,477.297,-811.188,-0.009,4.723,30.0,1374,-1,57.33,False,-1,True,True,0.75,0.0,-0.0,False,False,0.213,0.0,35.54,1374,64.19,,,,,0,False,False,0.0,False,6.87,5.31,20.0,
80.3,122040,477.492,-811.049,-0.009,4.828,30.0,1374,-1,57.57,False,-1,True,True,0.75,0.0,-0.0,False,False,0.231,-0.0,35.538,1374,64.19,,,,,0,False,False,0.0,False,6.64,5.36,20.0,
80.35,122041,477.691,-810.907,-0.009,4.932,30.0,1374,-1,57.81,False,-1,True,True,0.75,0.0,-0.0,False,False,0.244,-0.0,35.536,1374,64.19,,,,,0,False,False,0.0,False,6.39,5.41,20.0,
80.4,122042,477.894,-810.762,-0.009,5.036,30.0,1374,-1,58.06,False,-1,True,True,0.75,0.0,-0.0,False,False,0.252,-0.0,35.534,1374,64.19,,,,,0,False,False,0.0,False,6.14,5.47,20.0,
80.45,122043,478.102,-810.614,-0.009,5.137,30.0,1374,-1,58.32,False,-1,True,True,0.75,0.0,-0.0,False,False,0.257,-0.0,35.533,1374,64.19,,,,,0,False,False,0.0,False,5.89,5.52,20.0,
80.5,122044,478.313,-810.463,-0.009,5.275,30.0,1374,-1,58.58,False,-1,True,True,0.75,0.0,-0.0,False,False,0.261,-0.0,35.531,1374,64.19,,,,,0,False,False,0.0,False,5.63,5.57,20.0,
80.55,122045,478.529,-810.31,-0.009,5.298,30.0,1374,-1,58.84,False,-1,True,True,0.75,0.0,-0.009,False,False,0.256,0.018,35.505,1374,68.08,,,,,0,False,False,0.0,False,9.25,5.64,20.0,
80.6,122046,478.747,-810.155,-0.009,5.37,30.0,1374,-1,59.11,False,-1,True,True,0.75,0.0,-0.0,False,False,0.237,0.016,35.46,1374,68.08,,,,,0,False,False,0.0,False,8.99,5.65,20.0,
80.65,122047,478.963,-810.001,-0.009,5.286,30.0,1374,-1,59.38,False,-1,True,True,0.722,0.0,0.002,False,False,0.19,0.004,35.485,1374,68.08,,,,,0,False,False,0.0,False,8.72,5.68,20.0,
80.7,122048,479.18,-809.846,-0.008,5.357,30.0,1374,-1,59.64,False,-1,True,True,0.75,0.0,-0.003,False,False,0.155,0.005,35.457,1374,68.08,,,,,0,False,False,0.0,False,8.45,5.64,20.0,
80.75,122049,479.397,-809.692,-0.008,5.304,30.0,1374,-1,59.91,False,-1,True,True,0.75,0.0,0.001,False,False,0.126,0.0,35.486,1374,68.08,,,,,0,False,False,0.0,False,8.19,5.68,20.0,
80.8,122050,479.615,-809.537,-0.008,5.381,30.0,1374,-1,60.18,False,-1,True,True,0.75,0.0,-0.004,False,False,0.115,0.004,35.459,1374,68.08,,,,,0,False,False,0.0,False,7.92,5.65,20.0,
80.85,122051,479.832,-809.383,-0.008,5.308,30.0,1374,-1,60.44,False,-1,True,True,0.656,0.0,0.001,False,False,0.097,-0.0,35.485,1374,68.08,,,,,0,False,False,0.0,False,7.65,5.69,20.0,
80.9,122052,480.052,-809.226,-0.008,5.529,30.0,1374,-1,60.71,False,-1,True,True,0.75,0.0,-0.003,False,False,0.108,0.003,35.478,1374,68.08,,,,,0,False,False,0.0,False,7.38,5.65,20.0,
80.95,122053,480.288,-809.059,-0.009,5.908,30.0,1374,-1,61.0,False,-1,True,True,0.116,0.0,-0.001,False,False,0.24,0.002,35.494,1374,68.08,,,,,0,False,False,0.0,False,7.09,5.76,20.0,
81.0,122054,480.539,-808.88,-0.01,6.254,30.0,1374,-1,61.31,False,-1,True,True,0.0,0.3,-0.003,False,False,0.372,0.003,35.491,1374,68.08,,,,,0,False,False,0.0,False,6.79,5.95,20.0,
81.05,122055,480.795,-808.698,-0.011,6.264,30.0,1374,-1,61.62,False,-1,True,True,0.0,0.3,-0.001,False,False,0.402,0.002,35.481,1374,68.08,,,,,0,False,False,0.0,False,6.47,6.13,20.0,
81.1,122056,481.051,-808.516,-0.01,6.291,30.0,1374,-1,61.94,False,-1,True,True,0.0,0.3,-0.0,False,False,0.355,-0.001,35.474,1374,68.08,,,,,0,False,False,0.0,False,6.16,6.13,20.0,
81.15,122057,481.302,-808.338,-0.009,6.112,30.0,1374,-1,62.25,False,-1,True,True,0.0,0.3,-0.0,False,False,0.25,-0.003,35.48,1374,68.08,,,,,0,False,False,0.0,False,5.85,6.15,20.0,
81.2,122058,481.548,-808.163,-0.008,6.009,30.0,1374,-1,62.55,False,-1,True,True,0.0,0.3,-0.006,False,False,0.135,0.006,35.438,1374,71.97,,,,,0,False,False,0.0,False,9.44,6.06,20.0,
81.25,122059,481.786,-807.994,-0.007,5.765,30.0,1374,-1,62.84,False,-1,True,True,0.0,0.3,0.002,False,False,0.018,0.002,35.448,1374,71.97,,,,,0,False,False,0.0,False,9.15,6.0,20.0,
81.3,122060,482.017,-807.829,-0.006,5.63,30.0,1374,-1,63.12,False,-1,True,True,0.0,0.3,-0.002,False,False,-0.076,0.001,35.413,1374,71.97,,,,,0,False,False,0.0,False,8.86,5.88,20.0,
81.35,122061,482.239,-807.671,-0.006,5.362,30.0,1374,-1,63.4,False,-1,True,True,0.0,0.298,0.002,False,False,-0.157,-0.003,35.435,1374,71.97,,,,,0,False,False,0.0,False,8.59,5.81,20.0,
81.4,122062,482.454,-807.518,-0.005,5.252,30.0,1374,-1,63.66,False,-1,True,True,0.664,0.0,-0.003,False,False,-0.207,0.0,35.404,1374,71.97,,,,,0,False,False,0.0,False,8.32,5.68,20.0,
81.45,122063,482.663,-807.37,-0.005,5.051,30.0,1374,-1,63.92,False,-1,True,True,0.75,0.0,0.002,False,False,-0.23,-0.001,35.435,1374,71.97,,,,,0,False,False,0.0,False,8.07,5.63,20.0,
81.5,122064,482.868,-807.224,-0.005,5.025,30.0,1374,-1,64.17,False,-1,True,True,0.75,0.0,-0.003,False,False,-0.221,0.003,35.435,1374,71.97,,,,,0,False,False,0.0,False,7.82,5.53,20.0,
81.55,122065,483.073,-807.078,-0.006,5.021,30.0,1374,-1,64.42,False,-1,True,True,0.75,0.0,-0.001,False,False,-0.169,0.004,35.426,1374,71.97,,,,,0,False,False,0.0,False,7.57,5.51,20.0,
81.6,122066,483.278,-806.933,-0.006,4.999,30.0,1374,-1,64.67,False,-1,True,True,0.75,0.0,-0.0,False,False,-0.11,0.001,35.435,1374,71.97,,,,,0,False,False,0.0,False,7.31,5.51,20.0,
81.65,122067,483.471,-806.795,-0.006,4.602,30.0,1374,-1,64.91,False,-1,True,True,0.75,0.0,-0.002,False,False,-0.154,0.002,35.386,1374,71.97,,,,,0,False,False,0.0,False,7.08,5.5,20.0,
81.7,122068,483.651,-806.667,-0.005,4.324,30.0,1374,-1,65.13,False,-1,True,True,0.75,0.0,0.004,False,False,-0.239,-0.003,35.378,1374,71.97,,,,,0,False,False,0.0,False,6.86,5.3,20.0,
81.75,122069,483.823,-806.545,-0.005,4.171,30.0,1374,-1,65.34,False,-1,True,True,0.75,0.0,0.001,False,False,-0.283,-0.005,35.383,1374,71.97,,,,,0,False,False,0.0,False,6.65,5.16,20.0,
81.8,122070,483.991,-806.425,-0.005,4.112,30.0,1374,-1,65.55,False,-1,True,True,0.75,0.0,0.0,False,False,-0.272,-0.002,35.385,1374,71.97,,,,,0,False,False,0.0,False,6.44,5.09,20.0,
81.85,122071,484.159,-806.306,-0.005,4.116,30.0,1374,-1,65.75,False,-1,True,True,0.75,0.0,0.0,False,False,-0.217,-0.0,35.386,1374,71.97,,,,,0,False,False,0.0,False,6.23,5.06,20.0,
81.9,122072,484.328,-806.186,-0.006,4.16,30.0,1374,-1,65.96,False,-1,True,True,0.75,0.0,0.0,False,False,-0.14,0.001,35.387,1374,71.97,,,,,0,False,False,0.0,False,6.03,5.06,20.0,
81.95,122073,484.5,-806.064,-0.007,4.229,30.0,1374,-1,66.17,False,-1,True,True,0.75,0.0,0.0,False,False,-0.057,0.001,35.388,1374,71.97,,,,,0,False,False,0.0,False,5.81,5.08,20.0,
82.0,122074,484.675,-805.939,-0.007,4.312,30.0,1374,-1,66.38,False,-1,True,True,0.75,0.0,0.0,False,False,0.02,0.001,35.389,1374,71.97,,,,,0,False,False,0.0,False,5.6,5.11,20.0,
82.05,122075,484.854,-805.813,-0.008,4.404,30.0,1374,-1,66.6,False,-1,True,True,0.75,0.0,0.0,False,False,0.085,0.001,35.39,1374,71.97,,,,,0,False,False,0.0,False,5.38,5.16,20.0,
82.1,122076,485.036,-805.683,-0.008,4.502,30.0,1374,-1,66.83,False,-1,True,True,0.75,0.0,0.0,False,False,0.137,0.001,35.391,1374,71.97,,,,,0,False,False,0.0,False,5.16,5.2,20.0,
82.15,122077,485.222,-805.551,-0.009,4.603,30.0,1374,-1,67.06,False,-1,True,True,0.75,0.0,-0.001,False,False,0.177,0.003,35.387,1374,75.86,,,,,0,False,False,0.0,False,8.82,5.25,20.0,
82.2,122078,485.412,-805.416,-0.009,4.706,30.0,1374,-1,67.29,False,-1,True,True,0.75,0.0,0.0,False,False,0.206,0.002,35.385,1374,75.86,,,,,0,False,False,0.0,False,8.59,5.3,20.0,
82.25,122079,485.607,-805.278,-0.009,4.81,30.0,1374,-1,67.53,False,-1,True,True,0.75,0.0,0.0,False,False,0.227,0.001,35.384,1374,75.86,,,,,0,False,False,0.0,False,8.35,5.35,20.0,
82.3,122080,485.806,-805.136,-0.009,4.914,30.0,1374,-1,67.77,False,-1,True,True,0.75,0.0,0.0,False,False,0.241,0.0,35.384,1374,75.86,,,,,0,False,False,0.0,False,8.1,5.4,20.0,
82.35,122081,486.009,-804.992,-0.009,5.018,30.0,1374,-1,68.02,False,-1,True,True,0.75,0.0,-0.0,False,False,0.25,0.0,35.384,1374,75.86,,,,,0,False,False,0.0,False,7.85,5.46,20.0,
82.4,122082,486.216,-804.845,-0.009,5.122,30.0,1374,-1,68.27,False,-1,True,True,0.75,0.0,-0.0,False,False,0.256,0.0,35.384,1374,75.86,,,,,0,False,False,0.0,False,7.6,5.51,20.0,
82.45,122083,486.427,-804.695,-0.009,5.182,30.0,1374,-1,68.53,False,-1,True,True,0.75,0.0,-0.0,False,False,0.256,0.0,35.383,1374,75.86,,,,,0,False,False,0.0,False,7.34,5.56,20.0,
82.5,122084,486.642,-804.542,-0.009,5.36,30.0,1374,-1,68.8,False,-1,True,True,0.75,0.0,-0.0,False,False,0.26,0.0,35.383,1374,75.86,,,,,0,False,False,0.0,False,7.08,5.59,20.0,
82.55,122085,486.861,-804.387,-0.009,5.373,30.0,1374,-1,69.07,False,-1,True,True,0.75,0.0,0.0,False,False,0.254,-0.0,35.394,1374,75.86,,,,,0,False,False,0.0,False,6.81,5.68,20.0,
82.6,122086,487.082,-804.23,-0.009,5.426,30.0,1374,-1,69.34,False,-1,True,True,0.712,0.0,-0.001,False,False,0.228,0.002,35.37,1374,75.86,,,,,0,False,False,0.0,False,6.54,5.69,20.0,
82.65,122087,487.3,-804.075,-0.009,5.339,30.0,1374,-1,69.6,False,-1,True,True,0.514,0.0,0.002,False,False,0.178,-0.002,35.405,1374,75.86,,,,,0,False,False,0.0,False,6.27,5.71,20.0,
82.7,122088,487.519,-803.92,-0.008,5.39,30.0,1374,-1,69.87,False,-1,True,True,0.75,0.0,-0.003,False,False,0.14,0.003,35.382,1374,75.86,,,,,0,False,False,0.0,False,6.0,5.67,20.0,
82.75,122089,487.737,-803.765,-0.008,5.313,30.0,1374,-1,70.14,False,-1,True,True,0.629,0.0,0.002,False,False,0.105,-0.0,35.416,1374,75.86,,,,,0,False,False,0.0,False,5.74,5.69,20.0,
82.8,122090,487.955,-803.61,-0.008,5.384,30.0,1374,-1,70.41,False,-1,True,True,0.75,0.0,-0.003,False,False,0.09,0.003,35.391,1374,75.86,,,,,0,False,False,0.0,False,5.47,5.66,20.0,
82.85,122091,488.173,-803.456,-0.008,5.327,30.0,1374,-1,70.67,False,-1,True,True,0.642,0.0,-0.001,False,False,0.079,0.004,35.415,1374,79.75,,,,,0,False,False,0.0,False,9.09,5.69,20.0,
82.9,122092,488.392,-803.3,-0.008,5.416,30.0,1374,-1,70.94,False,-1,True,True,0.75,0.0,-0.003,False,False,0.083,0.007,35.382,1374,79.75,,,,,0,False,False,0.0,False,8.82,5.66,20.0,
82.95,122093,488.612,-803.145,-0.008,5.341,30.0,1374,-1,71.21,False,-1,True,True,0.521,0.0,0.002,False,False,0.077,0.001,35.405,1374,79.75,,,,,0,False,False,0.0,False,8.55,5.71,20.0,
83.0,122094,488.831,-802.989,-0.008,5.407,30.0,1374,-1,71.48,False,-1,True,True,0.75,0.0,-0.003,False,False,0.077,0.002,35.372,1374,79.75,,,,,0,False,False,0.0,False,8.28,5.67,20.0,
83.05,122095,489.056,-802.829,-0.008,5.677,30.0,1374,-1,71.76,False,-1,True,True,0.551,0.0,0.002,False,False,0.136,-0.003,35.36,1374,79.75,,,,,0,False,False,0.0,False,8.01,5.7,20.0,
83.1,122096,489.3,-802.656,-0.01,6.105,30.0,1374,-1,72.06,False,-1,True,True,0.0,0.3,0.001,False,False,0.286,-0.005,35.348,1374,79.75,,,,,0,False,False,0.0,False,7.71,5.84,20.0,
83.15,122097,489.552,-802.477,-0.01,6.194,30.0,1374,-1,72.37,False,-1,True,True,0.0,0.3,0.001,False,False,0.367,-0.005,35.347,1374,79.75,,,,,0,False,False,0.0,False,7.4,6.05,20.0,
83.2,122098,489.807,-802.296,-0.01,6.28,30.0,1374,-1,72.68,False,-1,True,True,0.0,0.3,0.0,False,False,0.365,-0.003,35.349,1374,79.75,,,,,0,False,False,0.0,False,7.09,6.1,20.0,
83.25,122099,490.059,-802.117,-0.01,6.133,30.0,1374,-1,72.99,False,-1,True,True,0.0,0.3,-0.0,False,False,0.287,-0.0,35.346,1374,79.75,,,,,0,False,False,0.0,False,6.78,6.14,20.0,
83.3,122100,490.307,-801.941,-0.009,6.053,30.0,1374,-1,73.29,False,-1,True,True,0.0,0.3,0.0,False,False,0.184,0.001,35.364,1374,79.75,,,,,0,False,False,0.0,False,6.47,6.07,20.0,
83.35,122101,490.547,-801.771,-0.008,5.819,30.0,1374,-1,73.59,False,-1,True,True,0.0,0.3,-0.001,False,False,0.066,0.004,35.338,1374,79.75,,,,,0,False,False,0.0,False,6.18,6.03,20.0,
83.4,122102,490.781,-801.605,-0.007,5.69,30.0,1374,-1,73.87,False,-1,True,True,0.0,0.3,0.002,False,False,-0.034,0.001,35.367,1374,79.75,,,,,0,False,False,0.0,False,5.89,5.91,20.0,
83.45,122103,491.006,-801.445,-0.006,5.427,30.0,1374,-1,74.15,False,-1,True,True,0.0,0.3,-0.002,False,False,-0.123,0.004,35.34,1374,79.75,,,,,0,False,False,0.0,False,5.62,5.84,20.0,
83.5,122104,491.224,-801.291,-0.005,5.319,30.0,1374,-1,74.42,False,-1,True,True,0.434,0.0,0.004,False,False,-0.18,-0.002,35.372,1591,1.93,,,,,0,False,False,0.0,False,9.22,5.71,20.0,
83.55,122105,491.435,-801.14,-0.005,5.121,30.0,1374,-1,74.68,False,-1,True,True,0.75,0.0,-0.002,False,False,-0.21,-0.0,35.342,1591,1.93,,,,,0,False,False,0.0,False,8.96,5.66,20.0,
83.6,122106,491.643,-800.993,-0.005,5.087,30.0,1374,-1,74.93,False,-1,True,True,0.75,0.0,0.003,False,False,-0.206,-0.004,35.367,1591,1.93,,,,,0,False,False,0.0,False,8.71,5.56,20.0,
83.65,122107,491.848,-800.847,-0.006,5.041,30.0,1374,-1,75.18,False,-1,True,True,0.75,0.0,-0.002,False,False,-0.178,-0.001,35.328,1591,1.93,,,,,0,False,False,0.0,False,8.45,5.54,20.0,
83.7,122108,492.053,-800.701,-0.006,5.042,30.0,1374,-1,75.43,False,-1,True,True,0.75,0.0,0.004,False,False,-0.127,-0.005,35.329,1591,1.93,,,,,0,False,False,0.0,False,8.2,5.52,20.0,
83.75,122109,492.257,-800.557,-0.006,4.847,30.0,1374,-1,75.68,False,-1,True,True,0.75,0.0,0.001,False,False,-0.098,-0.004,35.352,1591,1.93,,,,,0,False,False,0.0,False,7.95,5.52,20.0,
83.8,122110,492.445,-800.423,-0.006,4.517,30.0,1374,-1,75.91,False,-1,True,True,0.75,0.0,-0.001,False,False,-0.173,0.0,35.374,1591,1.93,,,,,0,False,False,0.0,False,7.72,5.42,20.0,
83.85,122111,492.624,-800.296,-0.005,4.322,30.0,1374,-1,76.13,False,-1,True,True,0.75,0.0,-0.002,False,False,-0.238,0.004,35.374,1591,1.93,,,,,0,False,False,0.0,False,7.5,5.26,20.0,
83.9,122112,492.798,-800.173,-0.005,4.232,30.0,1374,-1,76.35,False,-1,True,True,0.75,0.0,-0.0,False,False,-0.253,0.003,35.372,1591,1.93,,,,,0,False,False,0.0,False,7.29,5.16,20.0,
83.95,122113,492.97,-800.051,-0.005,4.215,30.0,1374,-1,76.56,False,-1,True,True,0.75,0.0,0.0,False,False,-0.219,0.002,35.372,1591,1.93,,,,,0,False,False,0.0,False,7.08,5.12,20.0,
84.0,122114,493.143,-799.928,-0.006,4.245,30.0,1374,-1,76.77,False,-1,True,True,0.75,0.0,-0.0,False,False,-0.155,0.001,35.372,1591,1.93,,,,,0,False,False,0.0,False,6.87,5.11,20.0,
84.05,122115,493.318,-799.804,-0.007,4.304,30.0,1374,-1,76.98,False,-1,True,True,0.75,0.0,-0.0,False,False,-0.078,0.0,35.372,1591,1.93,,,,,0,False,False,0.0,False,6.65,5.12,20.0,
84.1,122116,493.496,-799.678,-0.007,4.381,30.0,1374,-1,77.2,False,-1,True,True,0.75,0.0,0.0,False,False,-0.002,0.0,35.372,1591,1.93,,,,,0,False,False,0.0,False,6.43,5.15,20.0,
84.15,122117,493.677,-799.549,-0.008,4.469,30.0,1374,-1,77.42,False,-1,True,True,0.75,0.0,0.0,False,False,0.065,-0.0,35.372,1591,1.93,,,,,0,False,False,0.0,False,6.21,5.19,20.0,
84.2,122118,493.862,-799.418,-0.008,4.564,30.0,1374,-1,77.65,False,-1,True,True,0.75,0.0,-0.0,False,False,0.12,-0.0,35.372,1591,1.93,,,,,0,False,False,0.0,False,5.98,5.23,20.0,
84.25,122119,494.051,-799.284,-0.009,4.663,30.0,1374,-1,77.88,False,-1,True,True,0.75,0.0,0.0,False,False,0.163,-0.0,35.372,1591,1.93,,,,,0,False,False,0.0,False,5.75,5.28,20.0,
84.3,122120,494.244,-799.147,-0.009,4.765,30.0,1374,-1,78.12,False,-1,True,True,0.75,0.0,-0.0,False,False,0.195,0.0,35.372,1591,1.93,,,,,0,False,False,0.0,False,5.52,5.33,20.0,
84.35,122121,494.441,-799.007,-0.009,4.867,30.0,1374,-1,78.36,False,-1,True,True,0.75,0.0,0.0,False,False,0.218,-0.0,35.371,1591,1.93,,,,,0,False,False,0.0,False,5.27,5.38,20.0,
84.4,122122,494.642,-798.864,-0.009,4.97,30.0,1374,-1,78.61,False,-1,True,True,0.75,0.0,0.001,False,False,0.234,-0.001,35.374,1591,5.78,,,,,0,False,False,0.0,False,8.88,5.43,20.0,
84.45,122123,494.847,-798.718,-0.009,5.074,30.0,1374,-1,78.86,False,-1,True,True,0.75,0.0,0.0,False,False,0.246,-0.001,35.376,1591,5.78,,,,,0,False,False,0.0,False,8.63,5.49,20.0,
84.5,122124,495.056,-798.57,-0.009,5.158,30.0,1374,-1,79.12,False,-1,True,True,0.75,0.0,0.0,False,False,0.251,-0.001,35.376,1591,5.78,,,,,0,False,False,0.0,False,8.37,5.54,20.0,
84.55,122125,495.27,-798.418,-0.009,5.312,30.0,1374,-1,79.38,False,-1,True,True,0.75,0.0,0.0,False,False,0.257,-0.0,35.376,1591,5.78,,,,,0,False,False,0.0,False,8.11,5.58,20.0,
84.6,122126,495.487,-798.264,-0.009,5.31,30.0,1374,-1,79.64,False,-1,True,True,0.75,0.0,0.0,False,False,0.25,-0.0,35.391,1591,5.78,,,,,0,False,False,0.0,False,7.85,5.66,20.0,
84.65,122127,495.704,-798.11,-0.009,5.358,30.0,1374,-1,79.91,False,-1,True,True,0.75,0.0,-0.001,False,False,0.219,0.002,35.363,1591,5.78,,,,,0,False,False,0.0,False,7.58,5.66,20.0,
84.7,122128,495.92,-797.956,-0.008,5.283,30.0,1374,-1,80.18,False,-1,True,True,0.75,0.0,0.002,False,False,0.172,-0.002,35.399,1591,5.78,,,,,0,False,False,0.0,False,7.31,5.68,20.0,
84.75,122129,496.137,-797.802,-0.008,5.362,30.0,1374,-1,80.44,False,-1,True,True,0.75,0.0,-0.003,False,False,0.144,0.003,35.376,1591,5.78,,,,,0,False,False,0.0,False,7.05,5.64,20.0,
84.8,122130,496.355,-797.648,-0.008,5.317,30.0,1374,-1,80.71,False,-1,True,True,0.732,0.0,0.002,False,False,0.122,-0.0,35.409,1591,5.78,,,,,0,False,False,0.0,False,6.78,5.68,20.0,
84.85,122131,496.573,-797.493,-0.008,5.382,30.0,1374,-1,80.98,False,-1,True,True,0.75,0.0,-0.003,False,False,0.111,0.003,35.384,1591,5.78,,,,,0,False,False,0.0,False,6.51,5.66,20.0,
84.9,122132,496.791,-797.339,-0.008,5.309,30.0,1374,-1,81.24,False,-1,True,True,0.651,0.0,0.002,False,False,0.093,-0.001,35.412,1591,5.78,,,,,0,False,False,0.0,False,6.25,5.69,20.0,
84.95,122133,497.016,-797.179,-0.008,5.73,30.0,1374,-1,81.52,False,-1,True,True,0.75,0.0,-0.003,False,False,0.155,0.002,35.42,1591,5.78,,,,,0,False,False,0.0,False,5.97,5.65,20.0,
85.0,122134,497.259,-797.007,-0.01,6.048,30.0,1591,-1,0.11,True,44,True,True,0.0,0.3,-0.002,False,False,0.301,0.003,35.426,1591,5.78,,,,,0,False,False,0.0,False,5.67,5.86,20.0,
85.05,122135,497.514,-796.826,-0.011,6.331,30.0,1591,-1,0.42,True,44,True,True,0.0,0.3,-0.002,False,False,0.404,0.003,35.421,1591,9.63,,,,,0,False,False,0.0,False,9.21,6.02,20.0,
85.1,122136,497.772,-796.642,-0.011,6.32,30.0,1591,-1,0.74,True,44,True,True,0.0,0.3,-0.001,False,False,0.407,0.0,35.413,1591,9.63,,,,,0,False,False,0.0,False,8.9,6.17,20.0,
85.15,122137,498.03,-796.459,-0.01,6.33,30.0,1591,-1,1.05,True,44,True,True,0.0,0.3,-0.0,False,False,0.344,-0.002,35.408,1591,9.63,,,,,0,False,False,0.0,False,8.58,6.16,20.0,
85.2,122138,498.283,-796.28,-0.009,6.143,30.0,1591,-1,1.36,True,44,True,True,0.0,0.3,-0.0,False,False,0.232,-0.003,35.414,1591,9.63,,,,,0,False,False,0.0,False,8.27,6.17,20.0,
85.25,122139,498.53,-796.104,-0.008,6.036,30.0,1591,-1,1.67,True,44,True,True,0.0,0.3,-0.001,False,False,0.116,-0.002,35.386,1591,9.63,,,,,0,False,False,0.0,False,7.97,6.07,20.0,
85.3,122140,498.769,-795.934,-0.007,5.789,30.0,1591,-1,1.96,True,44,True,True,0.0,0.3,0.002,False,False,0.0,-0.006,35.411,1591,9.63,,,,,0,False,False,0.0,False,7.67,6.02,20.0,
85.35,122141,499.001,-795.769,-0.006,5.651,30.0,1591,-1,2.24,True,44,True,True,0.0,0.3,-0.002,False,False,-0.091,-0.002,35.382,1591,9.63,,,,,0,False,False,0.0,False,7.39,5.89,20.0,
85.4,122142,499.224,-795.611,-0.006,5.381,30.0,1591,-1,2.52,True,44,True,True,0.0,0.3,0.002,False,False,-0.169,-0.004,35.407,1591,9.63,,,,,0,False,False,0.0,False,7.12,5.83,20.0,
85.45,122143,499.44,-795.457,-0.005,5.269,30.0,1591,-1,2.78,True,44,True,True,0.591,0.0,-0.002,False,False,-0.216,-0.0,35.378,1591,9.63,,,,,0,False,False,0.0,False,6.85,5.69,20.0,
85.5,122144,499.65,-795.309,-0.005,5.067,30.0,1591,-1,3.04,True,44,True,True,0.75,0.0,0.002,False,False,-0.238,-0.002,35.412,1591,9.63,,,,,0,False,False,0.0,False,6.59,5.63,20.0,
85.55,122145,499.856,-795.162,-0.005,5.091,30.0,1591,-1,3.29,True,44,True,True,0.75,0.0,-0.003,False,False,-0.217,0.003,35.378,1591,9.63,,,,,0,False,False,0.0,False,6.34,5.53,20.0,
85.6,122146,500.062,-795.015,-0.006,5.014,30.0,1591,-1,3.55,True,44,True,True,0.75,0.0,0.002,False,False,-0.166,-0.0,35.405,1591,9.63,,,,,0,False,False,0.0,False,6.09,5.55,20.0,
85.65,122147,500.266,-794.871,-0.006,4.864,30.0,1591,-1,3.8,True,44,True,True,0.75,0.0,-0.002,False,False,-0.134,0.002,35.385,1591,9.63,,,,,0,False,False,0.0,False,5.84,5.51,20.0,
85.7,122148,500.454,-794.737,-0.005,4.478,30.0,1591,-1,4.03,True,44,True,True,0.75,0.0,0.001,False,False,-0.213,-0.0,35.41,1591,9.63,,,,,0,False,False,0.0,False,5.61,5.43,20.0,
85.75,122149,500.63,-794.613,-0.005,4.238,30.0,1591,-1,4.24,True,44,True,True,0.75,0.0,-0.003,False,False,-0.289,0.002,35.412,1591,9.63,,,,,0,False,False,0.0,False,5.39,5.24,20.0,
85.8,122150,500.799,-794.492,-0.005,4.115,30.0,1591,-1,4.45,True,44,True,True,0.75,0.0,-0.001,False,False,-0.312,0.002,35.407,1591,9.63,,,,,0,False,False,0.0,False,5.18,5.12,20.0,
85.85,122151,500.966,-794.374,-0.005,4.077,30.0,1591,-1,4.65,True,44,True,True,0.75,0.0,-0.0,False,False,-0.28,0.0,35.404,1591,9.63,,,,,0,False,False,0.0,False,4.98,5.06,20.0,
85.9,122152,501.133,-794.255,-0.005,4.095,30.0,1591,-1,4.86,True,44,True,True,0.75,0.0,-0.001,False,False,-0.211,0.001,35.399,1591,13.48,,,,,0,False,False,0.0,False,8.63,5.04,20.0,
85.95,122153,501.302,-794.136,-0.006,4.148,30.0,1591,-1,5.07,True,44,True,True,0.75,0.0,-0.0,False,False,-0.125,0.0,35.396,1591,13.48,,,,,0,False,False,0.0,False,8.42,5.05,20.0,
86.0,122154,501.473,-794.014,-0.007,4.222,30.0,1591,-1,5.28,True,44,True,True,0.75,0.0,-0.0,False,False,-0.04,-0.0,35.394,1591,13.48,,,,,0,False,False,0.0,False,8.21,5.07,20.0,
86.05,122155,501.648,-793.89,-0.008,4.308,30.0,1591,-1,5.49,True,44,True,True,0.75,0.0,-0.0,False,False,0.036,-0.001,35.392,1591,13.48,,,,,0,False,False,0.0,False,8.0,5.11,20.0,
86.1,122156,501.826,-793.763,-0.008,4.403,30.0,1591,-1,5.71,True,44,True,True,0.75,0.0,-0.0,False,False,0.1,-0.001,35.39,1591,13.48,,,,,0,False,False,0.0,False,7.78,5.15,20.0,
86.15,122157,502.008,-793.634,-0.009,4.502,30.0,1591,-1,5.93,True,44,True,True,0.75,0.0,-0.0,False,False,0.149,-0.0,35.389,1591,13.48,,,,,0,False,False,0.0,False,7.55,5.2,20.0,
86.2,122158,502.195,-793.501,-0.009,4.604,30.0,1591,-1,6.16,True,44,True,True,0.75,0.0,-0.0,False,False,0.186,-0.0,35.388,1591,13.48,,,,,0,False,False,0.0,False,7.32,5.25,20.0,
86.25,122159,502.385,-793.366,-0.009,4.708,30.0,1591,-1,6.39,True,44,True,True,0.75,0.0,-0.0,False,False,0.213,-0.0,35.386,1591,13.48,,,,,0,False,False,0.0,False,7.09,5.3,20.0,
86.3,122160,502.58,-793.228,-0.009,4.812,30.0,1591,-1,6.63,True,44,True,True,0.75,0.0,-0.0,False,False,0.232,-0.0,35.385,1591,13.48,,,,,0,False,False,0.0,False,6.85,5.35,20.0,
86.35,122161,502.779,-793.087,-0.009,4.917,30.0,1591,-1,6.88,True,44,True,True,0.75,0.0,-0.0,False,False,0.244,-0.0,35.384,1591,13.48,,,,,0,False,False,0.0,False,6.61,5.41,20.0,
86.4,122162,502.982,-792.943,-0.009,5.021,30.0,1591,-1,7.13,True,44,True,True,0.75,0.0,-0.0,False,False,0.252,-0.0,35.384,1591,13.48,,,,,0,False,False,0.0,False,6.36,5.46,20.0,
86.45,122163,503.189,-792.795,-0.009,5.125,30.0,1591,-1,7.38,True,44,True,True,0.75,0.0,-0.0,False,False,0.257,-0.0,35.383,1591,13.48,,,,,0,False,False,0.0,False,6.11,5.51,20.0,
86.5,122164,503.4,-792.645,-0.009,5.185,30.0,1591,-1,7.64,True,44,True,True,0.75,0.0,-0.0,False,False,0.257,-0.0,35.383,1591,13.48,,,,,0,False,False,0.0,False,5.85,5.56,20.0,
86.55,122165,503.616,-792.492,-0.009,5.355,30.0,1591,-1,7.9,True,44,True,True,0.75,0.0,-0.0,False,False,0.26,0.0,35.376,1591,13.48,,,,,0,False,False,0.0,False,5.58,5.59,20.0,
86.6,122166,503.832,-792.339,-0.009,5.275,30.0,1591,-1,8.17,True,44,True,True,0.75,0.0,0.0,False,False,0.23,-0.0,35.397,1375,1.01,,,,,0,False,False,0.0,False,8.25,5.68,20.0,
86.65,122167,504.04,-792.151,0.018,5.352,30.0,1591,-1,8.45,True,44,True,True,0.75,0.0,-0.002,False,False,1.667,-4.019,35.341,1375,1.01,,,,,0,False,False,0.0,False,7.97,5.64,20.0,
86.7,122168,504.286,-792.011,0.041,5.532,30.0,1591,-1,8.73,True,44,True,True,0.75,0.0,-0.019,False,False,2.911,-1.555,35.267,1375,1.01,,,,,0,False,False,0.0,False,7.69,5.68,20.0,
86.75,122169,504.519,-791.855,0.062,5.475,30.0,1591,-1,9.01,True,44,True,True,0.123,0.0,0.022,False,False,3.699,-0.383,35.246,1375,1.01,,,,,0,False,False,0.0,False,7.41,5.77,20.0,
86.8,122170,504.746,-791.693,0.073,5.547,30.0,1591,-1,9.29,True,44,True,True,0.32,0.0,0.011,False,False,3.967,-0.065,35.233,1375,1.01,,,,,0,False,False,0.0,False,7.13,5.74,20.0,
86.85,122171,504.968,-791.532,0.078,5.438,30.0,1591,-1,9.56,True,44,True,True,0.056,0.0,0.006,False,False,3.979,0.032,35.289,1375,1.01,,,,,0,False,False,0.0,False,6.86,5.77,20.0,
86.9,122172,505.188,-791.374,0.079,5.415,30.0,1591,-1,9.83,True,44,True,True,0.444,0.0,-0.002,False,False,3.905,0.083,35.291,1375,1.01,,,,,0,False,False,0.0,False,6.59,5.72,20.0,
86.95,122173,505.403,-791.22,0.078,5.249,30.0,1591,-1,10.1,True,44,True,True,0.521,0.0,0.001,False,False,3.795,0.09,35.335,1375,1.01,,,,,0,False,False,0.0,False,6.32,5.71,20.0,
87.0,122174,505.616,-791.069,0.076,5.225,30.0,1591,-1,10.36,True,44,True,True,0.75,0.0,-0.003,False,False,3.707,0.093,35.317,1375,1.01,,,,,0,False,False,0.0,False,6.06,5.62,20.0,
87.05,122175,505.825,-790.921,0.074,5.083,30.0,1591,-1,10.61,True,44,True,True,0.75,0.0,0.002,False,False,3.632,0.072,35.358,1375,1.01,,,,,0,False,False,0.0,False,5.81,5.61,20.0,
87.1,122176,506.011,-790.77,0.103,5.137,30.0,1591,-1,10.85,True,44,True,True,0.75,0.0,-0.003,False,False,2.058,-1.755,35.339,1375,1.01,,,,,0,False,False,0.0,False,5.57,5.54,20.0,
87.15,122177,506.218,-790.624,0.108,5.087,30.0,1591,-1,11.11,True,44,True,True,0.75,0.0,-0.01,False,False,1.816,-1.801,35.306,1375,3.02,,,,,0,False,False,0.0,False,7.33,5.57,20.0,
87.2,122178,506.422,-790.492,0.135,5.138,30.0,1591,-1,11.35,True,44,True,True,0.75,0.0,0.0,False,False,0.457,-0.351,35.267,1375,3.02,,,,,0,False,False,0.0,False,7.09,5.54,20.0,
87.25,122179,506.626,-790.346,0.148,5.097,30.0,1591,-1,11.6,True,44,True,True,0.75,0.0,0.01,False,False,-0.097,0.015,35.414,1375,3.02,,,,,0,False,False,0.0,False,6.84,5.57,20.0,
87.3,122180,506.828,-790.197,0.151,5.077,30.0,1591,-1,11.85,True,44,True,True,0.75,0.0,-0.014,False,False,-0.406,-0.263,35.467,1375,3.02,,,,,0,False,False,0.0,False,6.59,5.55,20.0,
87.35,122181,507.025,-790.047,0.145,4.994,30.0,1613,-1,43.03,True,43,True,False,0.75,0.0,-0.014,False,False,-0.847,-1.38,35.496,1375,3.02,,,,,0,False,False,0.0,False,6.34,5.54,20.0,
87.4,122182,507.223,-789.898,0.131,5.116,30.0,1591,-1,12.35,True,44,True,True,0.75,0.0,-0.018,False,False,-1.435,-3.014,35.542,1375,3.02,,,,,0,False,False,0.0,False,6.09,5.5,20.0,
87.45,122183,507.45,-789.769,0.139,5.076,30.0,1591,-1,12.61,True,44,True,True,0.75,0.0,-0.023,False,False,-0.525,-0.407,35.418,1375,3.02,,,,,0,False,False,0.0,False,5.83,5.56,20.0,
87.5,122184,507.669,-789.613,0.145,5.404,30.0,1591,-1,12.88,True,44,True,True,0.75,0.0,0.024,False,False,-0.0,0.168,35.3,1375,3.02,,,,,0,False,False,0.0,False,5.56,5.54,20.0,
87.55,122185,507.902,-789.443,0.146,5.895,30.0,1591,-1,13.16,True,44,True,True,0.585,0.0,0.01,False,False,0.342,0.259,35.334,1689,1.91,,,,,0,False,False,0.0,False,8.2,5.7,20.0,
87.6,122186,508.148,-789.266,0.146,6.122,30.0,1591,-1,13.47,True,44,True,True,0.0,0.3,-0.004,False,False,0.521,0.273,35.359,1689,1.91,,,,,0,False,False,0.0,False,7.89,5.95,20.0,
87.65,122187,508.403,-789.084,0.146,6.313,30.0,1591,-1,13.78,True,44,True,True,0.0,0.3,-0.004,False,False,0.564,0.259,35.347,1689,1.91,,,,,0,False,False,0.0,False,7.58,6.06,20.0,
87.7,122188,508.658,-788.902,0.145,6.236,30.0,1591,-1,14.09,True,44,True,True,0.0,0.3,-0.001,False,False,0.493,0.219,35.332,1689,1.91,,,,,0,False,False,0.0,False,7.27,6.16,20.0,
87.75,122189,508.911,-788.721,0.143,6.203,30.0,1591,-1,14.41,True,44,True,True,0.0,0.3,-0.0,False,False,0.515,-0.006,35.331,1689,1.91,,,,,0,False,False,0.0,False,6.96,6.12,20.0,
87.8,122190,509.161,-788.541,0.135,6.033,30.0,1591,-1,14.71,True,44,True,True,0.0,0.3,-0.002,False,False,0.77,-0.489,35.369,1689,1.91,,,,,0,False,False,0.0,False,6.65,6.1,20.0,
87.85,122191,509.401,-788.377,0.139,5.819,30.0,1591,-1,15.0,True,44,True,True,0.0,0.3,-0.008,False,False,0.363,-0.07,35.232,1689,1.91,,,,,0,False,False,0.0,False,6.36,6.02,20.0,
87.9,122192,509.631,-788.215,0.147,5.613,30.0,1591,-1,15.28,True,44,True,True,0.0,0.3,0.015,False,False,-0.121,0.192,35.289,1689,1.91,,,,,0,False,False,0.0,False,6.08,5.91,20.0,
87.95,122193,509.855,-788.053,0.148,5.611,30.0,1375,-1,0.15,False,-1,True,True,0.0,0.234,-0.002,False,False,-0.424,0.084,35.342,1689,1.91,,,,,0,False,False,0.0,False,5.8,5.81,20.0,
88.0,122194,510.075,-787.894,0.136,5.55,30.0,1375,-1,0.42,False,-1,True,True,0.0,0.232,-0.004,False,False,-1.205,-0.074,35.419,1689,5.74,,,,,0,False,False,0.0,False,9.36,5.81,20.0,
88.05,122195,510.29,-787.74,0.11,5.526,30.0,1375,-1,0.69,False,-1,True,True,0.0,0.013,-0.01,False,False,-2.512,-0.138,35.501,1689,5.74,,,,,0,False,False,0.0,False,9.09,5.77,20.0,
88.1,122196,510.505,-787.589,0.087,5.384,30.0,1375,-1,0.95,False,-1,True,True,0.076,0.0,-0.013,False,False,-3.393,-0.054,35.464,1689,5.74,,,,,0,False,False,0.0,False,8.83,5.76,20.0,
88.15,122197,510.723,-787.435,0.073,5.432,30.0,1375,-1,1.21,False,-1,True,True,0.593,0.0,-0.003,False,False,-3.724,-0.02,35.481,1689,5.74,,,,,0,False,False,0.0,False,8.56,5.69,20.0,
88.2,122198,510.935,-787.283,0.066,4.983,30.0,1375,-1,1.47,False,-1,True,True,0.43,0.0,-0.007,False,False,-3.887,-0.02,35.375,1689,5.74,,,,,0,False,False,0.0,False,8.3,5.72,20.0,
88.25,122199,511.124,-787.147,0.065,4.497,30.0,1375,-1,1.71,False,-1,True,True,0.75,0.0,0.004,False,False,-4.098,-0.059,35.123,1689,5.74,,,,,0,False,False,0.0,False,8.07,5.49,20.0,
88.3,122200,511.296,-787.023,0.067,4.126,30.0,1375,-1,1.92,False,-1,True,True,0.75,0.0,0.022,False,False,-4.256,-0.09,35.1,1689,5.74,,,,,0,False,False,0.0,False,7.86,5.25,20.0,
88.35,122201,511.457,-786.908,0.068,3.904,30.0,1375,-1,2.12,False,-1,True,True,0.75,0.0,0.007,False,False,-4.304,-0.079,35.131,1689,5.74,,,,,0,False,False,0.0,False,7.66,5.06,20.0,
88.4,122202,511.614,-786.797,0.069,3.796,30.0,1375,-1,2.31,False,-1,True,True,0.75,0.0,0.002,False,False,-4.249,-0.05,35.15,1689,5.74,,,,,0,False,False,0.0,False,7.47,4.95,20.0,
88.45,122203,511.769,-786.687,0.07,3.77,30.0,1375,-1,2.5,False,-1,True,True,0.75,0.0,0.003,False,False,-4.124,-0.029,35.163,1689,5.74,,,,,0,False,False,0.0,False,7.28,4.9,20.0,
88.5,122204,511.927,-786.576,0.063,3.785,30.0,1375,-1,2.69,False,-1,True,True,0.75,0.0,0.003,False,False,-3.614,-0.074,35.171,1689,5.74,,,,,0,False,False,0.0,False,7.08,4.88,20.0,
88.55,122205,512.09,-786.46,0.041,3.815,30.0,1375,-1,2.89,False,-1,True,True,0.75,0.0,0.002,False,False,-2.402,-0.08,35.176,1689,5.74,,,,,0,False,False,0.0,False,6.88,4.89,20.0,
88.6,122206,512.257,-786.342,0.012,3.851,30.0,1375,-1,3.1,False,-1,True,True,0.75,0.0,0.003,False,False,-0.92,-0.055,35.183,1689,5.74,,,,,0,False,False,0.0,False,6.68,4.91,20.0,
88.65,122207,512.421,-786.226,-0.004,3.944,30.0,1375,-1,3.3,False,-1,True,True,0.75,0.0,0.002,False,False,-0.127,-0.036,35.194,1689,5.74,,,,,0,False,False,0.0,False,6.48,4.93,20.0,
88.7,122208,512.588,-786.108,-0.012,4.062,30.0,1375,-1,3.5,False,-1,True,True,0.75,0.0,0.002,False,False,0.249,-0.022,35.205,1689,5.74,,,,,0,False,False,0.0,False,6.27,4.97,20.0,
88.75,122209,512.758,-785.988,-0.015,4.186,30.0,1375,-1,3.71,False,-1,True,True,0.75,0.0,0.001,False,False,0.405,-0.013,35.213,1689,5.74,,,,,0,False,False,0.0,False,6.07,5.03,20.0,
88.8,122210,512.932,-785.865,-0.016,4.309,30.0,1375,-1,3.92,False,-1,True,True,0.75,0.0,0.001,False,False,0.448,-0.007,35.22,1689,5.74,,,,,0,False,False,0.0,False,5.85,5.09,20.0,
88.85,122211,513.111,-785.738,-0.016,4.428,30.0,1688,-1,0.11,True,59,True,False,0.75,0.0,0.001,False,False,0.439,-0.004,35.226,1689,5.74,,,,,0,False,False,0.0,False,5.63,5.15,20.0,
88.9,122212,513.294,-785.609,-0.014,4.543,30.0,1688,-1,0.34,True,59,True,False,0.75,0.0,0.001,False,False,0.411,-0.002,35.231,1689,5.74,,,,,0,False,False,0.0,False,5.41,5.21,20.0,
88.95,122213,513.482,-785.476,-0.013,4.656,30.0,1689,-1,0.57,True,59,True,True,0.75,0.0,0.001,False,False,0.378,-0.001,35.235,1689,5.74,,,,,0,False,False,0.0,False,5.18,5.27,20.0,
89.0,122214,513.675,-785.339,-0.012,4.765,30.0,1689,-1,0.8,True,59,True,True,0.75,0.0,0.005,False,False,0.348,-0.008,35.254,1689,9.58,,,,,0,False,False,0.0,False,8.77,5.33,20.0,
89.05,122215,513.872,-785.2,-0.011,4.873,30.0,1689,-1,1.04,True,59,True,True,0.75,0.0,0.0,False,False,0.324,-0.006,35.267,1689,9.58,,,,,0,False,False,0.0,False,8.53,5.38,20.0,
89.1,122216,514.073,-785.057,-0.011,4.979,30.0,1689,-1,1.29,True,59,True,True,0.75,0.0,0.0,False,False,0.305,-0.002,35.272,1689,9.58,,,,,0,False,False,0.0,False,8.29,5.44,20.0,
89.15,122217,514.279,-784.912,-0.01,5.083,30.0,1689,-1,1.54,True,59,True,True,0.75,0.0,0.001,False,False,0.29,-0.001,35.277,1689,9.58,,,,,0,False,False,0.0,False,8.03,5.49,20.0,
89.2,122218,514.488,-784.763,-0.01,5.187,30.0,1689,-1,1.8,True,59,True,True,0.75,0.0,0.001,False,False,0.279,-0.0,35.281,1689,9.58,,,,,0,False,False,0.0,False,7.78,5.54,20.0,
89.25,122219,514.703,-784.611,-0.009,5.323,30.0,1689,-1,2.06,True,59,True,True,0.75,0.0,0.0,False,False,0.274,-0.0,35.286,1689,9.58,,,,,0,False,False,0.0,False,7.51,5.59,20.0,
89.3,122220,514.92,-784.458,-0.009,5.303,30.0,1689,-1,2.33,True,59,True,True,0.75,0.0,0.0,False,False,0.256,0.0,35.273,1689,9.58,,,,,0,False,False,0.0,False,7.25,5.66,20.0,
89.35,122221,515.137,-784.304,-0.009,5.352,30.0,1689,-1,2.59,True,59,True,True,0.75,0.0,0.002,False,False,0.218,-0.003,35.303,1689,9.58,,,,,0,False,False,0.0,False,6.98,5.65,20.0,
89.4,122222,515.353,-784.151,-0.008,5.279,30.0,1689,-1,2.86,True,59,True,True,0.75,0.0,-0.002,False,False,0.17,0.002,35.269,1689,9.58,,,,,0,False,False,0.0,False,6.72,5.68,20.0,
89.45,122223,515.57,-783.997,-0.008,5.361,30.0,1689,-1,3.13,True,59,True,True,0.75,0.0,0.003,False,False,0.142,-0.003,35.294,1689,9.58,,,,,0,False,False,0.0,False,6.45,5.64,20.0,
89.5,122224,515.787,-783.843,-0.008,5.309,30.0,1689,-1,3.39,True,59,True,True,0.738,0.0,-0.001,False,False,0.12,0.0,35.264,1689,9.58,,,,,0,False,False,0.0,False,6.18,5.68,20.0,
89.55,122225,516.006,-783.688,-0.008,5.374,30.0,1689,-1,3.66,True,59,True,True,0.75,0.0,0.003,False,False,0.108,-0.003,35.296,1689,9.58,,,,,0,False,False,0.0,False,5.92,5.65,20.0,
89.6,122226,516.223,-783.534,-0.008,5.301,30.0,1689,-1,3.93,True,59,True,True,0.68,0.0,-0.002,False,False,0.09,0.002,35.27,1689,9.58,,,,,0,False,False,0.843,False,5.65,5.69,20.0,
89.65,122227,516.452,-783.372,-0.009,5.814,30.0,1689,-1,4.21,True,59,True,True,0.75,0.0,0.003,False,False,0.183,-0.002,35.32,1689,9.58,,,,,0,False,False,1.017,False,5.37,5.65,20.0,
89.7,122228,516.698,-783.198,-0.01,6.116,30.0,1689,-1,4.51,True,59,True,True,0.0,0.3,-0.001,False,False,0.331,-0.0,35.337,1689,13.41,,,,,0,False,False,1.214,False,8.9,5.91,20.0,
89.75,122229,516.956,-783.016,-0.011,6.383,30.0,1689,-1,4.82,True,59,True,True,0.0,0.3,-0.001,False,False,0.423,0.003,35.338,1689,13.41,,,,,0,False,False,1.426,False,8.58,6.06,20.0,
89.8,122230,517.216,-782.831,-0.011,6.362,30.0,1689,-1,5.14,True,59,True,True,0.0,0.3,-0.0,False,False,0.416,0.002,35.335,1689,13.41,,,,,0,False,False,1.65,False,8.26,6.19,20.0,
89.85,122231,517.475,-782.647,-0.01,6.364,30.0,1689,-1,5.46,True,59,True,True,0.0,0.3,-0.0,False,False,0.345,-0.0,35.332,1689,13.41,,,,,0,False,False,0.0,False,7.95,6.18,20.0,
89.9,122232,517.729,-782.467,-0.009,6.172,30.0,1689,-1,5.77,True,59,True,True,0.0,0.3,0.0,False,False,0.228,-0.002,35.345,1689,13.41,,,,,0,False,False,0.0,False,7.63,6.18,20.0,
89.95,122233,517.978,-782.291,-0.008,6.061,30.0,1689,-1,6.08,True,59,True,True,0.0,0.3,-0.001,False,False,0.108,-0.0,35.317,1689,13.41,,,,,0,False,False,0.0,False,7.33,6.09,20.0,
90.0,122234,518.218,-782.121,-0.007,5.813,30.0,1689,-1,6.37,True,59,True,True,0.0,0.3,0.002,False,False,-0.007,-0.004,35.343,1689,13.41,,,,,0,False,False,0.0,False,7.04,6.03,20.0,
90.05,122235,518.451,-781.956,-0.006,5.673,30.0,1689,-1,6.66,True,59,True,True,0.0,0.3,-0.002,False,False,-0.097,-0.001,35.316,1689,13.41,,,,,0,False,False,0.0,False,6.75,5.91,20.0,
90.1,122236,518.675,-781.797,-0.006,5.402,30.0,1689,-1,6.93,True,59,True,True,0.0,0.3,0.002,False,False,-0.175,-0.003,35.343,1689,13.41,,,,,0,False,False,1.526,False,6.48,5.84,20.0,
90.15,122237,518.892,-781.643,-0.005,5.29,30.0,1689,-1,7.2,True,59,True,True,0.51,0.0,-0.002,False,False,-0.221,0.0,35.315,1689,13.41,,,,,0,False,False,1.34,False,6.21,5.7,20.0,
90.2,122238,519.103,-781.494,-0.005,5.087,30.0,1689,-1,7.46,True,59,True,True,0.75,0.0,0.002,False,False,-0.241,-0.001,35.35,1689,13.41,,,,,0,False,False,1.169,False,5.95,5.64,20.0,
90.25,122239,519.311,-781.346,-0.005,5.129,30.0,1689,-1,7.71,True,59,True,True,0.75,0.0,-0.003,False,False,-0.213,0.003,35.334,1689,13.41,,,,,0,False,False,1.006,False,5.7,5.54,20.0,
90.3,122240,519.519,-781.199,-0.006,5.055,30.0,1689,-1,7.97,True,59,True,True,0.75,0.0,0.001,False,False,-0.16,0.002,35.367,1689,13.41,,,,,0,False,False,1.052,False,5.44,5.56,20.0,
90.35,122241,519.722,-781.055,-0.006,4.808,30.0,1689,-1,8.21,True,59,True,True,0.75,0.0,-0.002,False,False,-0.152,0.002,35.336,1376,1.88,,,,,0,False,False,1.215,False,8.99,5.53,20.0,
90.4,122242,519.908,-780.923,-0.005,4.441,30.0,1689,-1,8.44,True,59,True,True,0.75,0.0,0.002,False,False,-0.24,-0.001,35.306,1376,1.88,,,,,0,False,False,1.364,False,8.76,5.4,20.0,
90.45,122243,520.082,-780.799,-0.005,4.216,30.0,1689,-1,8.66,True,59,True,True,0.75,0.0,0.003,False,False,-0.311,-0.006,35.309,1376,1.88,,,,,0,False,False,1.515,False,8.55,5.22,20.0,
90.5,122244,520.251,-780.679,-0.005,4.105,30.0,1689,-1,8.86,True,59,True,True,0.75,0.0,0.001,False,False,-0.324,-0.005,35.315,1376,1.88,,,,,0,False,False,1.66,False,8.34,5.11,20.0,
90.55,122245,520.418,-780.561,-0.005,4.076,30.0,1689,-1,9.07,True,59,True,True,0.75,0.0,0.0,False,False,-0.283,-0.002,35.319,1376,1.88,,,,,0,False,False,0.0,False,8.14,5.05,20.0,
90.6,122246,520.585,-780.442,-0.006,4.099,30.0,1689,-1,9.27,True,59,True,True,0.75,0.0,0.0,False,False,-0.208,-0.0,35.321,1376,1.88,,,,,0,False,False,0.0,False,7.93,5.04,20.0,
90.65,122247,520.754,-780.322,-0.006,4.155,30.0,1689,-1,9.48,True,59,True,True,0.75,0.0,0.0,False,False,-0.12,0.0,35.324,1376,1.88,,,,,0,False,False,0.0,False,7.72,5.05,20.0,
90.7,122248,520.926,-780.201,-0.007,4.23,30.0,1689,-1,9.69,True,59,True,True,0.75,0.0,0.0,False,False,-0.033,0.001,35.326,1376,1.88,,,,,0,False,False,0.0,False,7.51,5.08,20.0,
90.75,122249,521.102,-780.076,-0.008,4.318,30.0,1689,-1,9.91,True,59,True,True,0.75,0.0,0.0,False,False,0.043,0.001,35.328,1376,1.88,,,,,0,False,False,0.0,False,7.3,5.12,20.0,
90.8,122250,521.281,-779.949,-0.008,4.414,30.0,1689,-1,10.12,True,59,True,True,0.75,0.0,0.0,False,False,0.105,0.0,35.33,1376,1.88,,,,,0,False,False,0.0,False,7.08,5.16,20.0,
90.85,122251,521.463,-779.82,-0.009,4.514,30.0,1689,-1,10.35,True,59,True,True,0.75,0.0,0.0,False,False,0.154,0.0,35.332,1376,1.88,,,,,0,False,False,0.0,False,6.86,5.21,20.0,
90.9,122252,521.65,-779.687,-0.009,4.616,30.0,1689,-1,10.58,True,59,True,True,0.75,0.0,0.0,False,False,0.19,0.0,35.333,1376,1.88,,,,,0,False,False,1.567,False,6.63,5.26,20.0,
90.95,122253,521.841,-779.552,-0.009,4.72,30.0,1689,-1,10.81,True,59,True,True,0.75,0.0,0.0,False,False,0.216,0.0,35.334,1376,1.88,,,,,0,False,False,1.402,False,6.39,5.31,20.0,
91.0,122254,522.036,-779.414,-0.009,4.824,30.0,1689,-1,11.05,True,59,True,True,0.75,0.0,0.0,False,False,0.233,0.0,35.335,1376,1.88,,,,,0,False,False,1.238,False,6.15,5.36,20.0,
91.05,122255,522.236,-779.272,-0.009,4.928,30.0,1689,-1,11.3,True,59,True,True,0.75,0.0,0.0,False,False,0.245,0.0,35.336,1376,1.88,,,,,0,False,False,1.082,False,5.91,5.41,20.0,
91.1,122256,522.439,-779.128,-0.009,5.033,30.0,1689,-1,11.55,True,59,True,True,0.75,0.0,0.0,False,False,0.253,0.0,35.337,1376,1.88,,,,,0,False,False,0.922,False,5.66,5.46,20.0,
91.15,122257,522.647,-778.98,-0.009,5.134,30.0,1689,-1,11.8,True,59,True,True,0.75,0.0,0.0,False,False,0.257,-0.0,35.338,1376,1.88,,,,,0,False,False,0.769,False,5.4,5.52,20.0,
91.2,122258,522.859,-778.83,-0.009,5.272,30.0,1689,-1,12.06,True,59,True,True,0.75,0.0,0.001,False,False,0.261,-0.002,35.341,1376,5.65,,,,,0,False,False,0.0,False,8.91,5.57,20.0,
91.25,122259,523.075,-778.677,-0.009,5.298,30.0,1689,-1,12.32,True,59,True,True,0.75,0.0,0.0,False,False,0.256,-0.001,35.347,1376,5.65,,,,,0,False,False,0.0,False,8.65,5.64,20.0,
91.3,122260,523.294,-778.522,-0.009,5.386,30.0,1689,-1,12.59,True,59,True,True,0.75,0.0,-0.0,False,False,0.244,0.0,35.331,1376,5.65,,,,,0,False,False,0.0,False,8.38,5.65,20.0,
91.35,122261,523.511,-778.368,-0.009,5.298,30.0,1689,-1,12.86,True,59,True,True,0.664,0.0,0.002,False,False,0.196,-0.002,35.368,1376,5.65,,,,,0,False,False,0.0,False,8.11,5.69,20.0,
91.4,122262,523.728,-778.214,-0.008,5.361,30.0,1689,-1,13.12,True,59,True,True,0.75,0.0,-0.003,False,False,0.158,0.003,35.344,1376,5.65,,,,,0,False,False,0.0,False,7.85,5.65,20.0,
91.45,122263,523.945,-778.06,-0.008,5.301,30.0,1689,-1,13.39,True,59,True,True,0.739,0.0,0.002,False,False,0.125,-0.0,35.378,1376,5.65,,,,,0,False,False,0.0,False,7.58,5.68,20.0,
91.5,122264,524.163,-777.906,-0.008,5.388,30.0,1689,-1,13.66,True,59,True,True,0.75,0.0,-0.003,False,False,0.114,0.003,35.355,1376,5.65,,,,,0,False,False,0.0,False,7.31,5.65,20.0,
91.55,122265,524.381,-777.751,-0.008,5.313,30.0,1689,-1,13.93,True,59,True,True,0.631,0.0,0.002,False,False,0.097,-0.0,35.386,1376,5.65,,,,,0,False,False,0.0,False,7.04,5.69,20.0,
91.6,122266,524.599,-777.596,-0.008,5.38,30.0,1689,-1,14.19,True,59,True,True,0.75,0.0,-0.003,False,False,0.089,0.002,35.356,1376,5.65,,,,,0,False,False,0.0,False,6.78,5.66,20.0,
91.65,122267,524.828,-777.435,-0.009,5.743,30.0,1689,-1,14.47,True,59,True,True,0.655,0.0,0.002,False,False,0.174,-0.003,35.402,1376,5.65,,,,,0,False,False,0.0,False,6.5,5.69,20.0,
91.7,122268,525.074,-777.26,-0.01,6.171,30.0,1689,-1,14.78,True,59,True,True,0.0,0.3,-0.005,False,False,0.326,0.003,35.406,1376,5.65,,,,,0,False,False,0.0,False,6.2,5.87,20.0,
91.75,122269,525.33,-777.079,-0.011,6.27,30.0,1689,-1,15.09,True,59,True,True,0.0,0.3,-0.002,False,False,0.402,0.005,35.395,1376,5.65,,,,,0,False,False,0.0,False,5.88,6.09,20.0,
91.8,122270,525.588,-776.896,-0.011,6.362,30.0,1376,-1,0.08,False,-1,True,True,0.0,0.3,-0.0,False,False,0.395,0.001,35.388,1376,9.42,,,,,0,False,False,0.0,False,9.33,6.14,20.0,
91.85,122271,525.844,-776.715,-0.01,6.22,30.0,1376,-1,0.4,False,-1,True,True,0.0,0.3,-0.0,False,False,0.312,-0.003,35.387,1376,9.42,,,,,0,False,False,0.0,False,9.02,6.18,20.0,
91.9,122272,526.095,-776.536,-0.009,6.142,30.0,1376,-1,0.7,False,-1,True,True,0.0,0.3,-0.001,False,False,0.203,-0.003,35.367,1376,9.42,,,,,0,False,False,0.0,False,8.71,6.11,20.0,
91.95,122273,526.339,-776.363,-0.008,5.909,30.0,1376,-1,1.0,False,-1,True,True,0.0,0.3,0.001,False,False,0.08,-0.006,35.389,1376,9.42,,,,,0,False,False,0.0,False,8.41,6.07,20.0,
92.0,122274,526.576,-776.195,-0.007,5.779,30.0,1376,-1,1.29,False,-1,True,True,0.0,0.3,-0.002,False,False,-0.024,-0.002,35.359,1376,9.42,,,,,0,False,False,0.0,False,8.12,5.95,20.0,
92.05,122275,526.804,-776.033,-0.006,5.516,30.0,1376,-1,1.57,False,-1,True,True,0.0,0.3,0.002,False,False,-0.116,-0.004,35.384,1376,9.42,,,,,0,False,False,0.0,False,7.84,5.89,20.0,
92.1,122276,527.026,-775.875,-0.006,5.406,30.0,1376,-1,1.85,False,-1,True,True,0.107,0.0,-0.002,False,False,-0.176,-0.0,35.355,1376,9.42,,,,,0,False,False,0.0,False,7.57,5.76,20.0,
92.15,122277,527.241,-775.723,-0.005,5.196,30.0,1376,-1,2.11,False,-1,True,True,0.503,0.0,0.002,False,False,-0.211,-0.002,35.387,1376,9.42,,,,,0,False,False,0.0,False,7.31,5.7,20.0,
92.2,122278,527.451,-775.574,-0.005,5.14,30.0,1376,-1,2.37,False,-1,True,True,0.75,0.0,-0.003,False,False,-0.215,0.003,35.364,1376,9.42,,,,,0,False,False,0.0,False,7.05,5.6,20.0,
92.25,122279,527.658,-775.427,-0.005,5.048,30.0,1376,-1,2.62,False,-1,True,True,0.75,0.0,0.001,False,False,-0.192,0.0,35.389,1376,9.42,,,,,0,False,False,0.0,False,6.79,5.57,20.0,
92.3,122280,527.866,-775.279,-0.006,5.116,30.0,1376,-1,2.88,False,-1,True,True,0.75,0.0,0.001,False,False,-0.134,-0.004,35.366,1376,9.42,,,,,0,False,False,0.0,False,6.54,5.52,20.0,
92.35,122281,528.068,-775.136,-0.006,4.811,30.0,1376,-1,3.13,False,-1,True,True,0.75,0.0,0.001,False,False,-0.132,-0.005,35.39,1376,9.42,,,,,0,False,False,0.0,False,6.29,5.56,20.0,
92.4,122282,528.255,-775.003,-0.005,4.466,30.0,1376,-1,3.35,False,-1,True,True,0.75,0.0,-0.003,False,False,-0.217,-0.001,35.405,1376,9.42,,,,,0,False,False,0.0,False,6.06,5.41,20.0,
92.45,122283,528.431,-774.878,-0.005,4.259,30.0,1376,-1,3.57,False,-1,True,True,0.75,0.0,-0.002,False,False,-0.284,0.003,35.399,1376,9.42,,,,,0,False,False,0.0,False,5.85,5.23,20.0,
92.5,122284,528.602,-774.757,-0.005,4.161,30.0,1376,-1,3.78,False,-1,True,True,0.75,0.0,-0.001,False,False,-0.296,0.003,35.392,1376,9.42,,,,,0,False,False,0.0,False,5.64,5.13,20.0,
92.55,122285,528.771,-774.637,-0.005,4.139,30.0,1376,-1,3.99,False,-1,True,True,0.75,0.0,-0.0,False,False,-0.256,0.001,35.388,1376,9.42,,,,,0,False,False,0.0,False,5.43,5.08,20.0,
92.6,122286,528.941,-774.516,-0.006,4.166,30.0,1376,-1,4.2,False,-1,True,True,0.75,0.0,-0.001,False,False,-0.184,0.001,35.385,1376,9.42,,,,,0,False,False,0.0,False,5.22,5.07,20.0,
92.65,122287,529.113,-774.394,-0.006,4.224,30.0,1376,-1,4.41,False,-1,True,True,0.75,0.0,-0.001,False,False,-0.1,0.0,35.381,1376,9.42,,,,,0,False,False,0.0,False,5.01,5.08,20.0,
92.7,122288,529.288,-774.27,-0.007,4.301,30.0,1376,-1,4.62,False,-1,True,True,0.75,0.0,-0.001,False,False,-0.018,0.0,35.378,1376,13.18,,,,,0,False,False,0.0,False,8.56,5.11,20.0,
92.75,122289,529.466,-774.144,-0.008,4.389,30.0,1376,-1,4.84,False,-1,True,True,0.75,0.0,-0.0,False,False,0.054,-0.0,35.376,1376,13.18,,,,,0,False,False,0.0,False,8.34,5.15,20.0,
92.8,122290,529.648,-774.015,-0.008,4.484,30.0,1376,-1,5.06,False,-1,True,True,0.75,0.0,-0.0,False,False,0.113,-0.0,35.373,1376,13.18,,,,,0,False,False,0.0,False,8.12,5.19,20.0,
92.85,122291,529.833,-773.883,-0.009,4.584,30.0,1376,-1,5.29,False,-1,True,True,0.75,0.0,-0.0,False,False,0.159,-0.0,35.371,1376,13.18,,,,,0,False,False,0.0,False,7.89,5.24,20.0,
92.9,122292,530.023,-773.749,-0.009,4.686,30.0,1376,-1,5.52,False,-1,True,True,0.75,0.0,-0.0,False,False,0.193,0.0,35.37,1376,13.18,,,,,0,False,False,0.0,False,7.66,5.29,20.0,
92.95,122293,530.217,-773.611,-0.009,4.789,30.0,1376,-1,5.76,False,-1,True,True,0.75,0.0,-0.0,False,False,0.217,0.0,35.368,1376,13.18,,,,,0,False,False,0.0,False,7.42,5.34,20.0,
93.0,122294,530.414,-773.471,-0.009,4.893,30.0,1376,-1,6.0,False,-1,True,True,0.75,0.0,-0.0,False,False,0.234,0.0,35.366,1376,13.18,,,,,0,False,False,0.0,False,7.18,5.39,20.0,
93.05,122295,530.617,-773.327,-0.009,4.997,30.0,1376,-1,6.25,False,-1,True,True,0.75,0.0,-0.0,False,False,0.245,-0.0,35.365,1376,13.18,,,,,0,False,False,0.0,False,6.93,5.45,20.0,
93.1,122296,530.823,-773.181,-0.009,5.1,30.0,1376,-1,6.5,False,-1,True,True,0.75,0.0,-0.0,False,False,0.253,0.0,35.364,1376,13.18,,,,,0,False,False,0.0,False,6.68,5.5,20.0,
93.15,122297,531.034,-773.031,-0.009,5.233,30.0,1376,-1,6.76,False,-1,True,True,0.75,0.0,-0.0,False,False,0.259,0.0,35.363,1376,13.18,,,,,0,False,False,0.0,False,6.42,5.55,20.0,
93.2,122298,531.248,-772.879,-0.009,5.264,30.0,1376,-1,7.02,False,-1,True,True,0.75,0.0,-0.0,False,False,0.255,0.0,35.363,1376,13.18,,,,,0,False,False,0.0,False,6.16,5.62,20.0,
93.25,122299,531.467,-772.724,-0.009,5.44,30.0,1376,-1,7.29,False,-1,True,True,0.75,0.0,-0.0,False,False,0.26,0.0,35.36,1376,13.18,,,,,0,False,False,0.0,False,5.89,5.63,20.0,
93.3,122300,531.688,-772.567,-0.009,5.392,30.0,1376,-1,7.56,False,-1,True,True,0.469,0.0,0.0,False,False,0.242,-0.0,35.374,1376,13.18,,,,,0,False,False,0.0,False,5.62,5.72,20.0,
93.35,122301,531.908,-772.411,-0.009,5.421,30.0,1376,-1,7.83,False,-1,True,True,0.634,0.0,-0.001,False,False,0.199,0.002,35.349,1625,1.91,,,,,0,False,False,0.0,False,9.14,5.7,20.0,
93.4,122302,532.126,-772.256,-0.008,5.316,30.0,1376,-1,8.1,False,-1,True,True,0.523,0.0,0.002,False,False,0.142,-0.002,35.385,1625,1.91,,,,,0,False,False,0.0,False,8.88,5.71,20.0,
93.45,122303,532.344,-772.102,-0.008,5.351,30.0,1376,-1,8.37,False,-1,True,True,0.75,0.0,-0.003,False,False,0.102,0.003,35.361,1625,1.91,,,,,0,False,False,0.0,False,8.61,5.66,20.0,
93.5,122304,532.56,-771.949,-0.008,5.265,30.0,1376,-1,8.63,False,-1,True,True,0.75,0.0,0.002,False,False,0.069,-0.0,35.395,1625,1.91,,,,,0,False,False,0.0,False,8.35,5.68,20.0,
93.55,122305,532.776,-771.795,-0.008,5.335,30.0,1376,-1,8.9,False,-1,True,True,0.75,0.0,-0.003,False,False,0.06,0.003,35.37,1625,1.91,,,,,0,False,False,0.0,False,8.08,5.63,20.0,
93.6,122306,532.992,-771.642,-0.008,5.282,30.0,1376,-1,9.16,False,-1,True,True,0.75,0.0,0.001,False,False,0.057,-0.001,35.401,1625,1.91,,,,,0,False,False,0.0,False,7.82,5.67,20.0,
93.65,122307,533.21,-771.488,-0.008,5.359,30.0,1376,-1,9.43,False,-1,True,True,0.75,0.0,-0.003,False,False,0.067,0.002,35.376,1625,1.91,,,,,0,False,False,0.0,False,7.55,5.64,20.0,
93.7,122308,533.427,-771.334,-0.008,5.286,30.0,1376,-1,9.69,False,-1,True,True,0.726,0.0,0.001,False,False,0.064,-0.001,35.404,1625,1.91,,,,,0,False,False,0.0,False,7.28,5.68,20.0,
93.75,122309,533.646,-771.179,-0.008,5.507,30.0,1376,-1,9.96,False,-1,True,True,0.75,0.0,-0.003,False,False,0.087,0.002,35.398,1625,1.91,,,,,0,False,False,0.0,False,7.01,5.64,20.0,
93.8,122310,533.881,-771.012,-0.009,5.887,30.0,1376,-1,10.25,False,-1,True,True,0.193,0.0,-0.001,False,False,0.227,0.001,35.416,1625,1.91,,,,,0,False,False,0.0,False,6.73,5.75,20.0,
93.85,122311,534.132,-770.835,-0.01,6.233,30.0,1376,-1,10.56,False,-1,True,True,0.0,0.3,-0.003,False,False,0.365,0.002,35.414,1625,1.91,,,,,0,False,False,0.0,False,6.42,5.94,20.0,
93.9,122312,534.387,-770.654,-0.011,6.243,30.0,1376,-1,10.87,False,-1,True,True,0.0,0.3,-0.001,False,False,0.398,0.001,35.406,1625,1.91,,,,,0,False,False,0.0,False,6.11,6.12,20.0,
93.95,122313,534.642,-770.473,-0.01,6.271,30.0,1376,-1,11.18,False,-1,True,True,0.0,0.3,-0.001,False,False,0.353,-0.0,35.397,1625,5.74,,,,,0,False,False,0.0,False,9.62,6.12,20.0,
94.0,122314,534.893,-770.295,-0.009,6.092,30.0,1376,-1,11.49,False,-1,True,True,0.0,0.3,-0.0,False,False,0.249,-0.003,35.403,1625,5.74,,,,,0,False,False,0.0,False,9.31,6.14,20.0,
94.05,122315,535.138,-770.121,-0.008,5.989,30.0,1376,-1,11.79,False,-1,True,True,0.0,0.3,-0.001,False,False,0.134,-0.002,35.372,1625,5.74,,,,,0,False,False,0.0,False,9.01,6.05,20.0,
94.1,122316,535.375,-769.952,-0.007,5.745,30.0,1376,-1,12.08,False,-1,True,True,0.0,0.3,0.002,False,False,0.017,-0.006,35.396,1625,5.74,,,,,0,False,False,0.0,False,8.72,5.99,20.0,
94.15,122317,535.606,-769.788,-0.006,5.61,30.0,1376,-1,12.37,False,-1,True,True,0.0,0.3,-0.003,False,False,-0.076,-0.002,35.366,1625,5.74,,,,,0,False,False,0.0,False,8.44,5.87,20.0,
94.2,122318,535.827,-769.631,-0.006,5.353,30.0,1376,-1,12.64,False,-1,True,True,0.0,0.227,0.002,False,False,-0.155,-0.004,35.392,1625,5.74,,,,,0,False,False,0.0,False,8.17,5.81,20.0,
94.25,122319,536.043,-769.478,-0.005,5.251,30.0,1376,-1,12.9,False,-1,True,True,0.7,0.0,-0.003,False,False,-0.2,0.0,35.365,1625,5.74,,,,,0,False,False,0.0,False,7.9,5.68,20.0,
94.3,122320,536.252,-769.33,-0.005,5.05,30.0,1376,-1,13.16,False,-1,True,True,0.75,0.0,0.002,False,False,-0.223,-0.001,35.399,1625,5.74,,,,,0,False,False,0.0,False,7.65,5.63,20.0,
94.35,122321,536.457,-769.185,-0.005,5.024,30.0,1376,-1,13.41,False,-1,True,True,0.75,0.0,-0.003,False,False,-0.215,0.003,35.401,1625,5.74,,,,,0,False,False,0.0,False,7.39,5.52,20.0,
94.4,122322,536.662,-769.039,-0.006,5.02,30.0,1376,-1,13.66,False,-1,True,True,0.75,0.0,-0.001,False,False,-0.165,0.004,35.392,1625,5.74,,,,,0,False,False,0.0,False,7.14,5.51,20.0,
94.45,122323,536.867,-768.894,-0.006,4.997,30.0,1376,-1,13.91,False,-1,True,True,0.75,0.0,-0.0,False,False,-0.107,0.001,35.402,1625,5.74,,,,,0,False,False,0.0,False,6.89,5.51,20.0,
94.5,122324,537.06,-768.756,-0.006,4.602,30.0,1376,-1,14.15,False,-1,True,True,0.75,0.0,-0.002,False,False,-0.152,0.001,35.354,1625,5.74,,,,,0,False,False,0.0,False,6.65,5.5,20.0,
94.55,122325,537.24,-768.628,-0.005,4.323,30.0,1376,-1,14.37,False,-1,True,True,0.75,0.0,0.004,False,False,-0.237,-0.004,35.346,1625,5.74,,,,,0,False,False,0.0,False,6.43,5.3,20.0,
94.6,122326,537.412,-768.506,-0.005,4.17,30.0,1376,-1,14.58,False,-1,True,True,0.75,0.0,0.001,False,False,-0.282,-0.005,35.35,1625,5.74,,,,,0,False,False,0.0,False,6.22,5.16,20.0,
94.65,122327,537.58,-768.387,-0.005,4.112,30.0,1376,-1,14.79,False,-1,True,True,0.75,0.0,0.0,False,False,-0.271,-0.002,35.353,1625,5.74,,,,,0,False,False,0.0,False,6.02,5.09,20.0,
94.7,122328,537.748,-768.267,-0.005,4.116,30.0,1376,-1,14.99,False,-1,True,True,0.75,0.0,0.0,False,False,-0.217,-0.0,35.354,1625,5.74,,,,,0,False,False,0.0,False,5.81,5.06,20.0,
94.75,122329,537.917,-768.147,-0.006,4.16,30.0,1625,-1,0.14,True,47,True,True,0.75,0.0,0.0,False,False,-0.139,0.0,35.355,1625,5.74,,,,,0,False,False,0.0,False,5.6,5.06,20.0,
94.8,122330,538.089,-768.025,-0.007,4.229,30.0,1625,-1,0.35,True,47,True,True,0.75,0.0,0.0,False,False,-0.057,0.0,35.357,1625,5.74,,,,,0,False,False,0.0,False,5.39,5.08,20.0,
94.85,122331,538.264,-767.901,-0.007,4.312,30.0,1625,-1,0.56,True,47,True,True,0.75,0.0,0.0,False,False,0.02,0.0,35.358,1625,5.74,,,,,0,False,False,0.0,False,5.18,5.11,20.0,
94.9,122332,538.443,-767.775,-0.008,4.404,30.0,1625,-1,0.78,True,47,True,True,0.75,0.0,0.0,False,False,0.085,0.0,35.359,1625,5.74,,,,,0,False,False,0.0,False,4.96,5.16,20.0,
94.95,122333,538.625,-767.645,-0.008,4.502,30.0,1625,-1,1.0,True,47,True,True,0.75,0.0,-0.001,False,False,0.138,0.002,35.358,1625,9.56,,,,,0,False,False,0.0,False,8.56,5.2,20.0,
95.0,122334,538.812,-767.513,-0.009,4.603,30.0,1625,-1,1.23,True,47,True,True,0.75,0.0,0.0,False,False,0.177,0.001,35.357,1625,9.56,,,,,0,False,False,0.0,False,8.33,5.25,20.0,
95.05,122335,539.002,-767.378,-0.009,4.706,30.0,1625,-1,1.47,True,47,True,True,0.75,0.0,0.0,False,False,0.206,0.001,35.357,1625,9.56,,,,,0,False,False,0.0,False,8.1,5.3,20.0,
95.1,122336,539.197,-767.24,-0.009,4.81,30.0,1625,-1,1.7,True,47,True,True,0.75,0.0,0.0,False,False,0.227,0.0,35.357,1625,9.56,,,,,0,False,False,0.0,False,7.86,5.35,20.0,
95.15,122337,539.395,-767.099,-0.009,4.914,30.0,1625,-1,1.95,True,47,True,True,0.75,0.0,-0.0,False,False,0.241,0.0,35.357,1625,9.56,,,,,0,False,False,0.0,False,7.62,5.4,20.0,
95.2,122338,539.598,-766.955,-0.009,5.018,30.0,1625,-1,2.2,True,47,True,True,0.75,0.0,0.0,False,False,0.25,0.0,35.358,1625,9.56,,,,,0,False,False,0.0,False,7.37,5.46,20.0,
95.25,122339,539.806,-766.808,-0.009,5.122,30.0,1625,-1,2.45,True,47,True,True,0.75,0.0,-0.0,False,False,0.256,0.0,35.358,1625,9.56,,,,,0,False,False,0.0,False,7.11,5.51,20.0,
95.3,122340,540.017,-766.658,-0.009,5.182,30.0,1625,-1,2.71,True,47,True,True,0.75,0.0,0.0,False,False,0.256,-0.0,35.358,1625,9.56,,,,,0,False,False,0.0,False,6.86,5.56,20.0,
95.35,122341,540.232,-766.505,-0.009,5.345,30.0,1625,-1,2.97,True,47,True,True,0.75,0.0,-0.0,False,False,0.258,0.0,35.348,1625,9.56,,,,,0,False,False,0.0,False,6.59,5.59,20.0,
95.4,122342,540.448,-766.352,-0.009,5.255,30.0,1625,-1,3.24,True,47,True,True,0.75,0.0,0.001,False,False,0.224,-0.001,35.375,1625,9.56,,,,,0,False,False,0.0,False,6.33,5.67,20.0,
95.45,122343,540.663,-766.199,-0.009,5.315,30.0,1625,-1,3.5,True,47,True,True,0.75,0.0,-0.002,False,False,0.184,0.003,35.349,1625,9.56,,,,,0,False,False,0.0,False,6.06,5.63,20.0,
95.5,122344,540.878,-766.047,-0.008,5.251,30.0,1625,-1,3.77,True,47,True,True,0.75,0.0,0.002,False,False,0.144,-0.001,35.384,1625,9.56,,,,,0,False,False,0.0,False,5.8,5.66,20.0,
95.55,122345,541.094,-765.893,-0.008,5.343,30.0,1625,-1,4.03,True,47,True,True,0.75,0.0,-0.003,False,False,0.127,0.003,35.36,1625,9.56,,,,,0,False,False,0.0,False,5.53,5.63,20.0,
95.6,122346,541.311,-765.74,-0.008,5.274,30.0,1625,-1,4.3,True,47,True,True,0.75,0.0,0.001,False,False,0.109,0.001,35.39,1625,13.39,,,,,0,False,False,0.0,False,9.1,5.67,20.0,
95.65,122347,541.527,-765.586,-0.008,5.341,30.0,1625,-1,4.56,True,47,True,True,0.75,0.0,-0.003,False,False,0.099,0.005,35.358,1625,13.39,,,,,0,False,False,0.0,False,8.83,5.64,20.0,
95.7,122348,541.747,-765.431,-0.008,5.524,30.0,1625,-1,4.83,True,47,True,True,0.75,0.0,0.002,False,False,0.125,-0.001,35.392,1625,13.39,,,,,0,False,False,0.0,False,8.56,5.67,20.0,
95.75,122349,541.987,-765.261,-0.01,6.028,30.0,1625,-1,5.13,True,47,True,True,0.138,0.0,-0.004,False,False,0.277,0.003,35.405,1625,13.39,,,,,0,False,False,0.0,False,8.27,5.76,20.0,
95.8,122350,542.239,-765.083,-0.011,6.217,30.0,1625,-1,5.43,True,47,True,True,0.0,0.3,-0.003,False,False,0.395,0.005,35.396,1625,13.39,,,,,0,False,False,0.0,False,7.96,6.01,20.0,
95.85,122351,542.496,-764.9,-0.011,6.354,30.0,1625,-1,5.75,True,47,True,True,0.0,0.3,-0.001,False,False,0.422,0.002,35.387,1625,13.39,,,,,0,False,False,0.0,False,7.64,6.11,20.0,
95.9,122352,542.753,-764.718,-0.01,6.24,30.0,1625,-1,6.06,True,47,True,True,0.0,0.3,-0.0,False,False,0.357,-0.002,35.381,1625,13.39,,,,,0,False,False,0.0,False,7.33,6.18,20.0,
95.95,122353,543.005,-764.539,-0.009,6.183,30.0,1625,-1,6.37,True,47,True,True,0.0,0.3,-0.0,False,False,0.254,-0.003,35.382,1625,13.39,,,,,0,False,False,0.0,False,7.02,6.12,20.0,
96.0,122354,543.251,-764.365,-0.008,5.96,30.0,1625,-1,6.67,True,47,True,True,0.0,0.3,-0.001,False,False,0.129,-0.002,35.363,1625,13.39,,,,,0,False,False,0.0,False,6.72,6.09,20.0,
96.05,122355,543.49,-764.195,-0.007,5.834,30.0,1625,-1,6.97,True,47,True,True,0.0,0.3,0.001,False,False,0.017,-0.004,35.388,1625,13.39,,,,,0,False,False,0.0,False,6.42,5.98,20.0,
96.1,122356,543.721,-764.031,-0.006,5.575,30.0,1625,-1,7.25,True,47,True,True,0.0,0.3,-0.003,False,False,-0.083,0.001,35.358,1625,13.39,,,,,0,False,False,0.0,False,6.14,5.92,20.0,
96.15,122357,543.945,-763.873,-0.006,5.456,30.0,1625,-1,7.53,True,47,True,True,0.0,0.102,0.002,False,False,-0.153,-0.002,35.382,1625,13.39,,,,,0,False,False,0.0,False,5.87,5.79,20.0,
96.2,122358,544.161,-763.719,-0.005,5.234,30.0,1625,-1,7.79,True,47,True,True,0.326,0.0,-0.002,False,False,-0.2,-0.0,35.345,1625,13.39,,,,,0,False,False,0.0,False,5.6,5.73,20.0,
96.25,122359,544.373,-763.569,-0.005,5.164,30.0,1625,-1,8.05,True,47,True,True,0.75,0.0,0.002,False,False,-0.214,-0.003,35.363,1377,1.89,,,,,0,False,False,0.0,False,9.14,5.62,20.0,
96.3,122360,544.579,-763.422,-0.005,5.029,30.0,1625,-1,8.3,True,47,True,True,0.75,0.0,-0.002,False,False,-0.209,-0.0,35.328,1377,1.89,,,,,0,False,False,0.0,False,8.89,5.58,20.0,
96.35,122361,544.787,-763.276,-0.006,5.096,30.0,1625,-1,8.56,True,47,True,True,0.75,0.0,-0.002,False,False,-0.158,0.004,35.349,1377,1.89,,,,,0,False,False,0.0,False,8.63,5.51,20.0,
96.4,122362,544.992,-763.13,-0.006,4.925,30.0,1625,-1,8.81,True,47,True,True,0.75,0.0,-0.001,False,False,-0.116,0.005,35.338,1377,1.89,,,,,0,False,False,0.0,False,8.38,5.55,20.0,
96.45,122363,545.184,-762.994,-0.006,4.565,30.0,1625,-1,9.04,True,47,True,True,0.75,0.0,0.001,False,False,-0.182,0.002,35.308,1377,1.89,,,,,0,False,False,0.0,False,8.15,5.46,20.0,
96.5,122364,545.363,-762.867,-0.005,4.306,30.0,1625,-1,9.26,True,47,True,True,0.75,0.0,0.003,False,False,-0.264,-0.003,35.31,1377,1.89,,,,,0,False,False,0.0,False,7.93,5.28,20.0,
96.55,122365,545.534,-762.745,-0.005,4.168,30.0,1625,-1,9.47,True,47,True,True,0.75,0.0,0.001,False,False,-0.298,-0.004,35.317,1377,1.89,,,,,0,False,False,0.0,False,7.72,5.15,20.0,
96.6,122366,545.703,-762.626,-0.005,4.119,30.0,1625,-1,9.68,True,47,True,True,0.75,0.0,0.001,False,False,-0.277,-0.002,35.322,1377,1.89,,,,,0,False,False,0.0,False,7.51,5.08,20.0,
96.65,122367,545.872,-762.506,-0.005,4.131,30.0,1625,-1,9.89,True,47,True,True,0.75,0.0,0.001,False,False,-0.215,-0.001,35.325,1377,1.89,,,,,0,False,False,0.0,False,7.3,5.06,20.0,
96.7,122368,546.042,-762.385,-0.006,4.179,30.0,1625,-1,10.1,True,47,True,True,0.75,0.0,0.001,False,False,-0.133,-0.0,35.329,1377,1.89,,,,,0,False,False,0.0,False,7.1,5.07,20.0,
96.75,122369,546.214,-762.263,-0.007,4.249,30.0,1625,-1,10.31,True,47,True,True,0.75,0.0,0.001,False,False,-0.049,-0.0,35.332,1377,1.89,,,,,0,False,False,0.0,False,6.88,5.09,20.0,
96.8,122370,546.39,-762.138,-0.008,4.334,30.0,1625,-1,10.52,True,47,True,True,0.75,0.0,0.0,False,False,0.027,0.0,35.334,1377,1.89,,,,,0,False,False,0.0,False,6.67,5.12,20.0,
96.85,122371,546.57,-762.011,-0.008,4.427,30.0,1625,-1,10.74,True,47,True,True,0.75,0.0,0.0,False,False,0.092,0.0,35.337,1377,1.89,,,,,0,False,False,0.0,False,6.45,5.17,20.0,
96.9,122372,546.753,-761.881,-0.008,4.525,30.0,1625,-1,10.97,True,47,True,True,0.75,0.0,0.0,False,False,0.143,0.0,35.338,1377,1.89,,,,,0,False,False,0.0,False,6.22,5.21,20.0,
96.95,122373,546.94,-761.748,-0.009,4.627,30.0,1625,-1,11.2,True,47,True,True,0.75,0.0,0.0,False,False,0.181,0.0,35.34,1377,1.89,,,,,0,False,False,0.0,False,5.99,5.26,20.0,
97.0,122374,547.132,-761.612,-0.009,4.73,30.0,1625,-1,11.43,True,47,True,True,0.75,0.0,0.0,False,False,0.209,0.0,35.342,1377,1.89,,,,,0,False,False,0.0,False,5.76,5.31,20.0,
97.05,122375,547.327,-761.474,-0.009,4.834,30.0,1625,-1,11.67,True,47,True,True,0.75,0.0,0.0,False,False,0.229,0.0,35.343,1377,1.89,,,,,0,False,False,0.0,False,5.52,5.36,20.0,
97.1,122376,547.527,-761.332,-0.009,4.938,30.0,1625,-1,11.92,True,47,True,True,0.75,0.0,0.0,False,False,0.242,0.0,35.344,1377,1.89,,,,,0,False,False,0.0,False,5.27,5.42,20.0,
97.15,122377,547.731,-761.187,-0.009,5.042,30.0,1625,-1,12.17,True,47,True,True,0.75,0.0,-0.001,False,False,0.251,0.002,35.343,1377,5.66,,,,,0,False,False,0.0,False,8.8,5.47,20.0,
97.2,122378,547.939,-761.039,-0.009,5.152,30.0,1625,-1,12.42,True,47,True,True,0.75,0.0,0.0,False,False,0.257,0.001,35.342,1377,5.66,,,,,0,False,False,0.0,False,8.54,5.52,20.0,
97.25,122379,548.151,-760.889,-0.009,5.204,30.0,1625,-1,12.68,True,47,True,True,0.75,0.0,0.0,False,False,0.255,0.0,35.34,1377,5.66,,,,,0,False,False,0.0,False,8.28,5.58,20.0,
97.3,122380,548.367,-760.736,-0.009,5.324,30.0,1625,-1,12.95,True,47,True,True,0.75,0.0,0.0,False,False,0.251,-0.0,35.356,1377,5.66,,,,,0,False,False,0.0,False,8.02,5.6,20.0,
97.35,122381,548.582,-760.584,-0.009,5.231,30.0,1625,-1,13.21,True,47,True,True,0.75,0.0,-0.001,False,False,0.206,0.002,35.323,1377,5.66,,,,,0,False,False,0.0,False,7.76,5.66,20.0,
97.4,122382,548.796,-760.432,-0.008,5.297,30.0,1625,-1,13.47,True,47,True,True,0.75,0.0,0.003,False,False,0.168,-0.003,35.348,1377,5.66,,,,,0,False,False,0.0,False,7.49,5.62,20.0,
97.45,122383,549.011,-760.28,-0.008,5.239,30.0,1625,-1,13.74,True,47,True,True,0.75,0.0,-0.002,False,False,0.134,0.0,35.314,1377,5.66,,,,,0,False,False,0.0,False,7.23,5.65,20.0,
97.5,122384,549.226,-760.127,-0.008,5.336,30.0,1625,-1,14.0,True,47,True,True,0.75,0.0,0.003,False,False,0.122,-0.003,35.339,1377,5.66,,,,,0,False,False,0.0,False,6.97,5.62,20.0,
97.55,122385,549.442,-759.973,-0.008,5.259,30.0,1625,-1,14.27,True,47,True,True,0.75,0.0,-0.002,False,False,0.105,0.0,35.311,1377,5.66,,,,,0,False,False,0.0,False,6.7,5.67,20.0,
97.6,122386,549.658,-759.82,-0.008,5.326,30.0,1625,-1,14.53,True,47,True,True,0.75,0.0,0.003,False,False,0.096,-0.002,35.343,1377,5.66,,,,,0,False,False,0.0,False,6.44,5.63,20.0,
97.65,122387,549.881,-759.663,-0.008,5.607,30.0,1625,-1,14.8,True,47,True,True,0.75,0.0,-0.002,False,False,0.15,0.003,35.353,1377,5.66,,,,,0,False,False,0.0,False,6.16,5.66,20.0,
97.7,122388,550.123,-759.491,-0.01,6.079,30.0,1625,-1,15.1,True,47,True,True,0.0,0.161,-0.001,False,False,0.307,0.005,35.363,1377,5.66,,,,,0,False,False,0.0,False,5.87,5.8,20.0,
97.75,122389,550.376,-759.312,-0.011,6.232,30.0,1377,-1,0.1,False,-1,True,True,0.0,0.3,-0.002,False,False,0.407,0.006,35.361,1377,9.44,,,,,0,False,False,0.0,False,9.33,6.04,20.0,
97.8,122390,550.634,-759.129,-0.011,6.36,30.0,1624,-1,9.43,True,47,True,False,0.0,0.3,-0.0,False,False,0.42,0.003,35.356,1377,9.44,,,,,0,False,False,0.0,False,9.02,6.12,20.0,
97.85,122391,550.89,-758.948,-0.01,6.24,30.0,1377,-1,0.73,False,-1,True,True,0.0,0.3,-0.0,False,False,0.349,0.0,35.354,1377,9.44,,,,,0,False,False,0.0,False,8.7,6.18,20.0,
97.9,122392,551.142,-758.768,-0.009,6.181,30.0,1377,-1,1.04,False,-1,True,True,0.0,0.3,-0.0,False,False,0.243,-0.001,35.345,1377,9.44,,,,,0,False,False,0.0,False,8.39,6.12,20.0,
97.95,122393,551.388,-758.594,-0.008,5.954,30.0,1377,-1,1.35,False,-1,True,True,0.0,0.3,0.0,False,False,0.118,-0.003,35.363,1377,9.44,,,,,0,False,False,0.0,False,8.09,6.09,20.0,
98.0,122394,551.627,-758.425,-0.007,5.828,30.0,1377,-1,1.64,False,-1,True,True,0.0,0.3,-0.002,False,False,0.009,-0.0,35.333,1377,9.44,,,,,0,False,False,0.0,False,7.8,5.98,20.0,
98.05,122395,551.858,-758.261,-0.006,5.567,30.0,1377,-1,1.92,False,-1,True,True,0.0,0.3,0.002,False,False,-0.091,-0.004,35.359,1377,9.44,,,,,0,False,False,0.0,False,7.52,5.91,20.0,
98.1,122396,552.081,-758.103,-0.006,5.45,30.0,1377,-1,2.2,False,-1,True,True,0.0,0.076,-0.002,False,False,-0.158,-0.0,35.332,1377,9.44,,,,,0,False,False,0.0,False,7.24,5.78,20.0,
98.15,122397,552.298,-757.949,-0.005,5.228,30.0,1377,-1,2.46,False,-1,True,True,0.346,0.0,0.002,False,False,-0.203,-0.002,35.366,1377,9.44,,,,,0,False,False,0.0,False,6.98,5.72,20.0,
98.2,122398,552.509,-757.799,-0.005,5.159,30.0,1377,-1,2.72,False,-1,True,True,0.75,0.0,-0.003,False,False,-0.216,0.003,35.343,1377,9.44,,,,,0,False,False,0.0,False,6.72,5.61,20.0,
98.25,122399,552.716,-757.653,-0.005,5.044,30.0,1377,-1,2.97,False,-1,True,True,0.75,0.0,0.001,False,False,-0.205,0.001,35.386,1377,9.44,,,,,0,False,False,0.0,False,6.46,5.58,20.0,
98.3,122400,552.924,-757.506,-0.006,5.11,30.0,1377,-1,3.23,False,-1,True,True,0.75,0.0,-0.004,False,False,-0.151,0.005,35.359,1377,9.44,,,,,0,False,False,0.0,False,6.21,5.52,20.0,
98.35,122401,553.128,-757.361,-0.006,4.841,30.0,1377,-1,3.48,False,-1,True,True,0.75,0.0,0.001,False,False,-0.128,0.001,35.369,1377,9.44,,,,,0,False,False,0.0,False,5.96,5.55,20.0,
98.4,122402,553.317,-757.227,-0.005,4.499,30.0,1377,-1,3.71,False,-1,True,True,0.75,0.0,-0.001,False,False,-0.208,0.0,35.335,1377,9.44,,,,,0,False,False,0.0,False,5.73,5.42,20.0,
98.45,122403,553.494,-757.101,-0.005,4.258,30.0,1377,-1,3.93,False,-1,True,True,0.75,0.0,0.003,False,False,-0.286,-0.004,35.33,1377,9.44,,,,,0,False,False,0.0,False,5.51,5.25,20.0,
98.5,122404,553.664,-756.981,-0.005,4.134,30.0,1377,-1,4.13,False,-1,True,True,0.75,0.0,0.001,False,False,-0.311,-0.004,35.333,1377,9.44,,,,,0,False,False,0.0,False,5.3,5.13,20.0,
98.55,122405,553.831,-756.862,-0.005,4.096,30.0,1377,-1,4.34,False,-1,True,True,0.75,0.0,-0.0,False,False,-0.28,-0.002,35.335,1377,9.44,,,,,0,False,False,0.0,False,5.1,5.07,20.0,
98.6,122406,553.999,-756.743,-0.005,4.113,30.0,1377,-1,4.55,False,-1,True,True,0.75,0.0,0.0,False,False,-0.211,-0.001,35.336,1377,9.44,,,,,0,False,False,0.0,False,4.89,5.05,20.0,
98.65,122407,554.169,-756.623,-0.006,4.165,30.0,1377,-1,4.75,False,-1,True,True,0.75,0.0,-0.0,False,False,-0.126,-0.0,35.336,1377,13.21,,,,,0,False,False,0.0,False,8.46,5.06,20.0,
98.7,122408,554.341,-756.501,-0.007,4.238,30.0,1377,-1,4.97,False,-1,True,True,0.75,0.0,0.0,False,False,-0.041,0.0,35.337,1377,13.21,,,,,0,False,False,0.0,False,8.25,5.08,20.0,
98.75,122409,554.516,-756.376,-0.008,4.325,30.0,1377,-1,5.18,False,-1,True,True,0.75,0.0,0.0,False,False,0.035,0.0,35.337,1377,13.21,,,,,0,False,False,0.0,False,8.03,5.12,20.0,
98.8,122410,554.696,-756.249,-0.008,4.419,30.0,1377,-1,5.4,False,-1,True,True,0.75,0.0,0.0,False,False,0.099,0.0,35.338,1377,13.21,,,,,0,False,False,0.0,False,7.81,5.16,20.0,
98.85,122411,554.879,-756.119,-0.009,4.518,30.0,1377,-1,5.62,False,-1,True,True,0.75,0.0,0.0,False,False,0.148,0.0,35.338,1377,13.21,,,,,0,False,False,0.0,False,7.59,5.21,20.0,
98.9,122412,555.066,-755.986,-0.009,4.62,30.0,1377,-1,5.85,False,-1,True,True,0.75,0.0,0.0,False,False,0.186,0.0,35.339,1377,13.21,,,,,0,False,False,0.0,False,7.36,5.26,20.0,
98.95,122413,555.257,-755.851,-0.009,4.724,30.0,1377,-1,6.09,False,-1,True,True,0.75,0.0,-0.0,False,False,0.213,0.0,35.339,1377,13.21,,,,,0,False,False,0.0,False,7.12,5.31,20.0,
99.0,122414,555.452,-755.712,-0.009,4.828,30.0,1377,-1,6.33,False,-1,True,True,0.75,0.0,0.0,False,False,0.231,0.0,35.339,1377,13.21,,,,,0,False,False,0.0,False,6.88,5.36,20.0,
99.05,122415,555.652,-755.571,-0.009,4.932,30.0,1377,-1,6.57,False,-1,True,True,0.75,0.0,0.0,False,False,0.244,0.0,35.339,1377,13.21,,,,,0,False,False,0.0,False,6.64,5.41,20.0,
99.1,122416,555.856,-755.426,-0.009,5.036,30.0,1377,-1,6.82,False,-1,True,True,0.75,0.0,0.0,False,False,0.252,0.0,35.339,1377,13.21,,,,,0,False,False,0.0,False,6.39,5.47,20.0,
99.15,122417,556.064,-755.279,-0.009,5.137,30.0,1377,-1,7.08,False,-1,True,True,0.75,0.0,-0.0,False,False,0.257,0.0,35.339,1377,13.21,,,,,0,False,False,0.0,False,6.13,5.52,20.0,
99.2,122418,556.276,-755.129,-0.009,5.275,30.0,1377,-1,7.34,False,-1,True,True,0.75,0.0,0.0,False,False,0.261,-0.0,35.34,1377,13.21,,,,,0,False,False,0.0,False,5.87,5.57,20.0,
99.25,122419,556.492,-754.975,-0.009,5.3,30.0,1377,-1,7.6,False,-1,True,True,0.75,0.0,0.0,False,False,0.256,-0.0,35.336,1377,13.21,,,,,0,False,False,0.0,False,5.61,5.64,20.0,
99.3,122420,556.71,-754.821,-0.009,5.377,30.0,1377,-1,7.87,False,-1,True,True,0.75,0.0,0.0,False,False,0.24,-0.001,35.355,1377,16.99,,,,,0,False,False,0.0,False,9.12,5.65,20.0,
99.35,122421,556.927,-754.667,-0.009,5.292,30.0,1377,-1,8.14,False,-1,True,True,0.695,0.0,-0.002,False,False,0.192,0.002,35.32,1377,16.99,,,,,0,False,False,0.0,False,8.85,5.69,20.0,
99.4,122422,557.144,-754.513,-0.008,5.359,30.0,1377,-1,8.4,False,-1,True,True,0.75,0.0,0.003,False,False,0.156,-0.003,35.344,1377,16.99,,,,,0,False,False,0.0,False,8.58,5.65,20.0,
99.45,122423,557.361,-754.359,-0.008,5.304,30.0,1377,-1,8.67,False,-1,True,True,0.745,0.0,-0.002,False,False,0.126,0.0,35.311,1377,16.99,,,,,0,False,False,0.0,False,8.32,5.68,20.0,
99.5,122424,557.579,-754.204,-0.008,5.384,30.0,1377,-1,8.94,False,-1,True,True,0.75,0.0,0.003,False,False,0.115,-0.003,35.338,1377,16.99,,,,,0,False,False,0.0,False,8.05,5.65,20.0,
99.55,122425,557.797,-754.049,-0.008,5.312,30.0,1377,-1,9.2,False,-1,True,True,0.645,0.0,-0.002,False,False,0.097,0.0,35.311,1377,16.99,,,,,0,False,False,0.0,False,7.78,5.69,20.0,
99.6,122426,558.015,-753.895,-0.008,5.423,30.0,1377,-1,9.47,False,-1,True,True,0.75,0.0,0.003,False,False,0.093,-0.002,35.337,1377,16.99,,,,,0,False,False,0.0,False,7.52,5.66,20.0,
99.65,122427,558.248,-753.73,-0.009,5.828,30.0,1377,-1,9.75,False,-1,True,True,0.5,0.0,-0.002,False,False,0.206,0.002,35.362,1377,16.99,,,,,0,False,False,0.0,False,7.23,5.71,20.0,
99.7,122428,558.497,-753.554,-0.01,6.216,30.0,1377,-1,10.06,False,-1,True,True,0.0,0.3,-0.002,False,False,0.35,0.006,35.364,1377,16.99,,,,,0,False,False,0.0,False,6.93,5.91,20.0,
99.75,122429,558.753,-753.372,-0.011,6.269,30.0,1377,-1,10.37,False,-1,True,True,0.0,0.3,-0.001,False,False,0.404,0.005,35.359,1377,16.99,,,,,0,False,False,0.0,False,6.61,6.11,20.0,
99.8,122430,559.01,-753.19,-0.01,6.326,30.0,1377,-1,10.69,False,-1,True,True,0.0,0.3,-0.0,False,False,0.376,0.002,35.356,1377,16.99,,,,,0,False,False,0.0,False,6.3,6.13,20.0,
99.85,122431,559.263,-753.01,-0.01,6.164,30.0,1377,-1,11.0,False,-1,True,True,0.0,0.3,-0.0,False,False,0.281,-0.001,35.363,1377,16.99,,,,,0,False,False,0.0,False,5.99,6.16,20.0,
99.9,122432,559.512,-752.834,-0.009,6.071,30.0,1377,-1,11.3,False,-1,True,True,0.0,0.3,-0.001,False,False,0.167,0.0,35.337,1377,20.76,,,,,0,False,False,0.0,False,9.46,6.08,20.0,
99.95,122433,559.753,-752.663,-0.007,5.832,30.0,1377,-1,11.6,False,-1,True,True,0.0,0.3,0.002,False,False,0.047,-0.004,35.363,1377,20.76,,,,,0,False,False,0.0,False,9.16,6.04,20.0,
100.0,122434,559.987,-752.497,-0.007,5.7,30.0,1377,-1,11.89,False,-1,True,True,0.0,0.3,-0.002,False,False,-0.052,-0.001,35.334,1377,20.76,,,,,0,False,False,0.0,False,8.87,5.92,20.0,
100.05,122435,560.212,-752.338,-0.006,5.434,30.0,1377,-1,12.16,False,-1,True,True,0.0,0.3,0.002,False,False,-0.138,-0.004,35.361,1377,20.76,,,,,0,False,False,0.0,False,8.6,5.85,20.0,
100.1,122436,560.43,-752.182,-0.005,5.325,30.0,1377,-1,12.43,False,-1,True,True,0.404,0.0,-0.002,False,False,-0.192,0.0,35.333,1377,20.76,,,,,0,False,False,0.0,False,8.33,5.72,20.0,
100.15,122437,560.642,-752.032,-0.005,5.124,30.0,1377,-1,12.69,False,-1,True,True,0.75,0.0,0.002,False,False,-0.22,-0.001,35.367,1377,20.76,,,,,0,False,False,0.0,False,8.07,5.66,20.0,
100.2,122438,560.85,-751.885,-0.005,5.089,30.0,1377,-1,12.95,False,-1,True,True,0.75,0.0,-0.003,False,False,-0.214,0.003,35.342,1377,20.76,,,,,0,False,False,0.0,False,7.82,5.56,20.0,
100.25,122439,561.057,-751.739,-0.005,5.015,30.0,1377,-1,13.2,False,-1,True,True,0.75,0.0,0.002,False,False,-0.178,0.001,35.384,1377,20.76,,,,,0,False,False,0.0,False,7.56,5.54,20.0,
100.3,122440,561.263,-751.592,-0.006,5.085,30.0,1377,-1,13.45,False,-1,True,True,0.75,0.0,-0.004,False,False,-0.119,0.005,35.354,1377,20.76,,,,,0,False,False,0.0,False,7.31,5.51,20.0,
100.35,122441,561.462,-751.451,-0.006,4.718,30.0,1377,-1,13.69,False,-1,True,True,0.75,0.0,0.002,False,False,-0.137,0.002,35.363,1377,20.76,,,,,0,False,False,0.0,False,7.07,5.54,20.0,
100.4,122442,561.646,-751.321,-0.005,4.423,30.0,1377,-1,13.92,False,-1,True,True,0.75,0.0,-0.001,False,False,-0.22,0.0,35.353,1377,20.76,,,,,0,False,False,0.0,False,6.84,5.36,20.0,
100.45,122443,561.822,-751.196,-0.005,4.256,30.0,1377,-1,14.14,False,-1,True,True,0.75,0.0,0.0,False,False,-0.271,-0.001,35.35,1377,20.76,,,,,0,False,False,0.0,False,6.62,5.21,20.0,
100.5,122444,561.993,-751.074,-0.005,4.187,30.0,1377,-1,14.35,False,-1,True,True,0.75,0.0,0.0,False,False,-0.268,-0.002,35.35,1377,20.76,,,,,0,False,False,0.0,False,6.41,5.13,20.0,
100.55,122445,562.164,-750.953,-0.005,4.184,30.0,1377,-1,14.56,False,-1,True,True,0.75,0.0,-0.0,False,False,-0.22,-0.001,35.35,1377,20.76,,,,,0,False,False,0.0,False,6.2,5.09,20.0,
100.6,122446,562.336,-750.831,-0.006,4.223,30.0,1377,-1,14.77,False,-1,True,True,0.75,0.0,-0.0,False,False,-0.146,-0.001,35.349,1377,20.76,,,,,0,False,False,0.0,False,5.99,5.09,20.0,
100.65,122447,562.511,-750.708,-0.007,4.288,30.0,1377,-1,14.98,False,-1,True,True,0.75,0.0,-0.0,False,False,-0.065,-0.001,35.348,1377,20.76,,,,,0,False,False,0.0,False,5.78,5.11,20.0,
100.7,122448,562.688,-750.582,-0.007,4.369,30.0,1377,-1,15.2,False,-1,True,True,0.75,0.0,-0.0,False,False,0.012,-0.001,35.348,1377,20.76,,,,,0,False,False,0.0,False,5.56,5.14,20.0,
100.75,122449,562.869,-750.453,-0.008,4.459,30.0,1377,-1,15.42,False,-1,True,True,0.75,0.0,-0.0,False,False,0.078,-0.0,35.348,1377,20.76,,,,,0,False,False,0.0,False,5.34,5.18,20.0,
100.8,122450,563.054,-750.323,-0.008,4.556,30.0,1377,-1,15.65,False,-1,True,True,0.75,0.0,-0.0,False,False,0.131,-0.0,35.347,1377,20.76,,,,,0,False,False,0.0,False,5.11,5.23,20.0,
100.85,122451,563.242,-750.189,-0.009,4.656,30.0,1377,-1,15.88,False,-1,True,True,0.75,0.0,0.0,False,False,0.172,-0.0,35.348,1377,24.53,,,,,0,False,False,0.0,False,8.66,5.28,20.0,
100.9,122452,563.435,-750.052,-0.009,4.758,30.0,1377,-1,16.11,False,-1,True,True,0.75,0.0,-0.0,False,False,0.202,-0.0,35.348,1377,24.53,,,,,0,False,False,0.0,False,8.42,5.33,20.0,
100.95,122453,563.631,-749.913,-0.009,4.861,30.0,1377,-1,16.35,False,-1,True,True,0.75,0.0,-0.0,False,False,0.223,-0.0,35.348,1377,24.53,,,,,0,False,False,0.0,False,8.18,5.38,20.0,
101.0,122454,563.832,-749.77,-0.009,4.965,30.0,1377,-1,16.6,False,-1,True,True,0.75,0.0,0.0,False,False,0.238,-0.0,35.348,1377,24.53,,,,,0,False,False,0.0,False,7.93,5.43,20.0,
101.05,122455,564.037,-749.625,-0.009,5.069,30.0,1377,-1,16.85,False,-1,True,True,0.75,0.0,-0.0,False,False,0.248,-0.0,35.348,1377,24.53,,,,,0,False,False,0.0,False,7.68,5.48,20.0,
101.1,122456,564.247,-749.476,-0.009,5.153,30.0,1377,-1,17.11,False,-1,True,True,0.75,0.0,-0.0,False,False,0.253,-0.0,35.347,1377,24.53,,,,,0,False,False,0.0,False,7.43,5.53,20.0,
101.15,122457,564.46,-749.325,-0.009,5.307,30.0,1377,-1,17.37,False,-1,True,True,0.75,0.0,-0.0,False,False,0.258,0.0,35.347,1377,24.53,,,,,0,False,False,0.0,False,7.16,5.58,20.0,
101.2,122458,564.677,-749.171,-0.009,5.332,30.0,1377,-1,17.64,False,-1,True,True,0.75,0.0,-0.0,False,False,0.254,0.0,35.352,1377,24.53,,,,,0,False,False,0.0,False,6.9,5.65,20.0,
101.25,122459,564.897,-749.015,-0.009,5.41,30.0,1377,-1,17.91,False,-1,True,True,0.75,0.0,-0.001,False,False,0.239,0.001,35.333,1377,24.53,,,,,0,False,False,0.0,False,6.63,5.67,20.0,
101.3,122460,565.115,-748.861,-0.009,5.323,30.0,1377,-1,18.17,False,-1,True,True,0.573,0.0,0.002,False,False,0.192,-0.002,35.367,1377,24.53,,,,,0,False,False,0.0,False,6.36,5.7,20.0,
101.35,122461,565.333,-748.706,-0.008,5.379,30.0,1377,-1,18.44,False,-1,True,True,0.75,0.0,-0.003,False,False,0.153,0.003,35.344,1377,24.53,,,,,0,False,False,0.0,False,6.09,5.66,20.0,
101.4,122462,565.551,-748.552,-0.008,5.309,30.0,1377,-1,18.71,False,-1,True,True,0.673,0.0,0.002,False,False,0.117,-0.0,35.377,1377,24.53,,,,,0,False,False,0.0,False,5.83,5.69,20.0,
101.45,122463,565.769,-748.397,-0.008,5.389,30.0,1377,-1,18.97,False,-1,True,True,0.75,0.0,-0.003,False,False,0.103,0.003,35.353,1377,24.53,,,,,0,False,False,0.0,False,5.56,5.65,20.0,
101.5,122464,565.988,-748.242,-0.008,5.34,30.0,1377,-1,19.24,False,-1,True,True,0.625,0.0,0.002,False,False,0.093,-0.001,35.386,1377,28.31,,,,,0,False,False,0.0,False,9.07,5.69,20.0,
101.55,122465,566.207,-748.086,-0.008,5.42,30.0,1377,-1,19.51,False,-1,True,True,0.75,0.0,-0.003,False,False,0.095,0.002,35.358,1377,28.31,,,,,0,False,False,0.0,False,8.8,5.67,20.0,
101.6,122466,566.427,-747.931,-0.008,5.347,30.0,1377,-1,19.78,False,-1,True,True,0.509,0.0,0.002,False,False,0.085,-0.001,35.384,1377,28.31,,,,,0,False,False,0.0,False,8.53,5.71,20.0,
101.65,122467,566.647,-747.775,-0.008,5.458,30.0,1377,-1,20.05,False,-1,True,True,0.75,0.0,-0.003,False,False,0.086,0.001,35.358,1377,28.31,,,,,0,False,False,0.0,False,8.26,5.67,20.0,
101.7,122468,566.88,-747.609,-0.009,5.857,30.0,1377,-1,20.34,False,-1,True,True,0.368,0.0,0.002,False,False,0.201,-0.002,35.333,1377,28.31,,,,,0,False,False,0.0,False,7.97,5.73,20.0,
101.75,122469,567.13,-747.431,-0.01,6.225,30.0,1377,-1,20.64,False,-1,True,True,0.0,0.3,0.002,False,False,0.341,-0.007,35.331,1377,28.31,,,,,0,False,False,0.0,False,7.67,5.93,20.0,
101.8,122470,567.385,-747.25,-0.01,6.255,30.0,1377,-1,20.96,False,-1,True,True,0.0,0.3,0.001,False,False,0.387,-0.006,35.336,1377,28.31,,,,,0,False,False,0.0,False,7.35,6.11,20.0,
101.85,122471,567.641,-747.068,-0.01,6.296,30.0,1377,-1,21.27,False,-1,True,True,0.0,0.3,-0.0,False,False,0.354,-0.002,35.339,1377,28.31,,,,,0,False,False,0.0,False,7.04,6.13,20.0,
101.9,122472,567.893,-746.889,-0.009,6.124,30.0,1377,-1,21.58,False,-1,True,True,0.0,0.3,0.0,False,False,0.257,0.001,35.328,1377,28.31,,,,,0,False,False,0.0,False,6.73,6.15,20.0,
101.95,122473,568.14,-746.715,-0.008,6.025,30.0,1377,-1,21.88,False,-1,True,True,0.0,0.3,0.001,False,False,0.144,-0.0,35.356,1377,28.31,,,,,0,False,False,0.0,False,6.43,6.06,20.0,
102.0,122474,568.379,-746.545,-0.007,5.784,30.0,1377,-1,22.17,False,-1,True,True,0.0,0.3,-0.002,False,False,0.027,0.004,35.331,1377,28.31,,,,,0,False,False,0.0,False,6.13,6.01,20.0,
102.05,122475,568.611,-746.381,-0.006,5.65,30.0,1377,-1,22.46,False,-1,True,True,0.0,0.3,0.002,False,False,-0.067,0.001,35.359,1377,28.31,,,,,0,False,False,0.0,False,5.85,5.89,20.0,
102.1,122476,568.834,-746.222,-0.006,5.384,30.0,1377,-1,22.73,False,-1,True,True,0.0,0.3,-0.002,False,False,-0.15,0.004,35.332,1377,28.31,,,,,0,False,False,0.0,False,5.58,5.83,20.0,
102.15,122477,569.051,-746.069,-0.005,5.274,30.0,1377,-1,23.0,False,-1,True,True,0.587,0.0,0.003,False,False,-0.201,-0.0,35.361,1377,32.08,,,,,0,False,False,0.0,False,9.09,5.69,20.0,
102.2,122478,569.26,-745.92,-0.005,5.073,30.0,1377,-1,23.26,False,-1,True,True,0.75,0.0,-0.002,False,False,-0.226,0.001,35.327,1377,32.08,,,,,0,False,False,0.0,False,8.83,5.64,20.0,
102.25,122479,569.466,-745.774,-0.005,5.03,30.0,1377,-1,23.51,False,-1,True,True,0.75,0.0,0.003,False,False,-0.219,-0.003,35.321,1377,32.08,,,,,0,False,False,0.0,False,8.58,5.54,20.0,
102.3,122480,569.671,-745.628,-0.006,4.922,30.0,1377,-1,23.76,False,-1,True,True,0.75,0.0,0.001,False,False,-0.178,-0.004,35.32,1377,32.08,,,,,0,False,False,0.0,False,8.33,5.51,20.0,
102.35,122481,569.876,-745.483,-0.006,5.07,30.0,1377,-1,24.01,False,-1,True,True,0.75,0.0,0.001,False,False,-0.112,-0.003,35.323,1377,32.08,,,,,0,False,False,0.0,False,8.07,5.46,20.0,
102.4,122482,570.071,-745.344,-0.006,4.638,30.0,1377,-1,24.25,False,-1,True,True,0.75,0.0,0.001,False,False,-0.149,-0.001,35.331,1377,32.08,,,,,0,False,False,0.0,False,7.83,5.53,20.0,
102.45,122483,570.253,-745.216,-0.005,4.355,30.0,1377,-1,24.47,False,-1,True,True,0.75,0.0,0.0,False,False,-0.231,0.001,35.333,1377,32.08,,,,,0,False,False,0.0,False,7.61,5.32,20.0,
102.5,122484,570.426,-745.093,-0.005,4.199,30.0,1377,-1,24.68,False,-1,True,True,0.75,0.0,0.0,False,False,-0.277,0.001,35.334,1377,32.08,,,,,0,False,False,0.0,False,7.4,5.18,20.0,
102.55,122485,570.595,-744.972,-0.005,4.138,30.0,1377,-1,24.89,False,-1,True,True,0.75,0.0,0.0,False,False,-0.268,0.002,35.336,1377,32.08,,,,,0,False,False,0.0,False,7.19,5.1,20.0,
102.6,122486,570.764,-744.853,-0.005,4.14,30.0,1377,-1,25.1,False,-1,True,True,0.75,0.0,0.0,False,False,-0.216,0.001,35.337,1377,32.08,,,,,0,False,False,0.0,False,6.98,5.07,20.0,
102.65,122487,570.935,-744.732,-0.006,4.183,30.0,1377,-1,25.31,False,-1,True,True,0.75,0.0,0.0,False,False,-0.14,0.001,35.339,1377,32.08,,,,,0,False,False,0.0,False,6.78,5.07,20.0,
102.7,122488,571.107,-744.609,-0.007,4.25,30.0,1377,-1,25.52,False,-1,True,True,0.75,0.0,0.0,False,False,-0.058,0.001,35.34,1377,32.08,,,,,0,False,False,0.0,False,6.56,5.09,20.0,
102.75,122489,571.283,-744.484,-0.007,4.333,30.0,1377,-1,25.74,False,-1,True,True,0.75,0.0,0.0,False,False,0.018,0.001,35.341,1377,32.08,,,,,0,False,False,0.0,False,6.35,5.13,20.0,
102.8,122490,571.463,-744.357,-0.008,4.424,30.0,1377,-1,25.96,False,-1,True,True,0.75,0.0,0.0,False,False,0.084,0.001,35.341,1377,32.08,,,,,0,False,False,0.0,False,6.13,5.17,20.0,
102.85,122491,571.646,-744.227,-0.008,4.522,30.0,1377,-1,26.18,False,-1,True,True,0.75,0.0,0.0,False,False,0.136,0.0,35.342,1377,32.08,,,,,0,False,False,0.0,False,5.9,5.21,20.0,
102.9,122492,571.833,-744.094,-0.009,4.623,30.0,1377,-1,26.41,False,-1,True,True,0.75,0.0,0.0,False,False,0.176,0.0,35.343,1377,32.08,,,,,0,False,False,0.0,False,5.67,5.26,20.0,
102.95,122493,572.024,-743.959,-0.009,4.725,30.0,1377,-1,26.64,False,-1,True,True,0.75,0.0,0.0,False,False,0.205,0.0,35.344,1377,32.08,,,,,0,False,False,0.0,False,5.44,5.31,20.0,
103.0,122494,572.22,-743.82,-0.009,4.829,30.0,1377,-1,26.88,False,-1,True,True,0.75,0.0,0.0,False,False,0.226,-0.0,35.344,1377,32.08,,,,,0,False,False,0.0,False,5.2,5.36,20.0,
103.05,122495,572.419,-743.679,-0.009,4.933,30.0,1377,-1,27.13,False,-1,True,True,0.75,0.0,0.0,False,False,0.24,-0.001,35.346,1377,35.86,,,,,0,False,False,0.0,False,8.73,5.41,20.0,
103.1,122496,572.623,-743.534,-0.009,5.037,30.0,1377,-1,27.38,False,-1,True,True,0.75,0.0,0.0,False,False,0.249,-0.001,35.347,1377,35.86,,,,,0,False,False,0.0,False,8.48,5.47,20.0,
103.15,122497,572.831,-743.387,-0.009,5.138,30.0,1377,-1,27.63,False,-1,True,True,0.75,0.0,0.0,False,False,0.255,-0.0,35.348,1377,35.86,,,,,0,False,False,0.0,False,8.22,5.52,20.0,
103.2,122498,573.043,-743.236,-0.009,5.276,30.0,1377,-1,27.89,False,-1,True,True,0.75,0.0,0.0,False,False,0.259,-0.0,35.348,1377,35.86,,,,,0,False,False,0.0,False,7.96,5.57,20.0,
103.25,122499,573.259,-743.083,-0.009,5.303,30.0,1377,-1,28.16,False,-1,True,True,0.75,0.0,0.0,False,False,0.255,0.0,35.347,1377,35.86,,,,,0,False,False,0.0,False,7.7,5.64,20.0,
103.3,122500,573.479,-742.927,-0.009,5.414,30.0,1377,-1,28.43,False,-1,True,True,0.75,0.0,0.0,False,False,0.249,-0.001,35.361,1377,35.86,,,,,0,False,False,0.0,False,7.43,5.65,20.0,
103.35,122501,573.697,-742.772,-0.009,5.321,30.0,1377,-1,28.7,False,-1,True,True,0.561,0.0,-0.001,False,False,0.204,0.002,35.328,1377,35.86,,,,,0,False,False,0.0,False,7.16,5.71,20.0,
103.4,122502,573.915,-742.618,-0.008,5.372,30.0,1377,-1,28.96,False,-1,True,True,0.75,0.0,0.003,False,False,0.162,-0.003,35.353,1377,35.86,,,,,0,False,False,0.0,False,6.9,5.66,20.0,
103.45,122503,574.131,-742.464,-0.008,5.298,30.0,1377,-1,29.23,False,-1,True,True,0.7,0.0,-0.002,False,False,0.122,0.0,35.319,1377,35.86,,,,,0,False,False,0.0,False,6.63,5.69,20.0,
103.5,122504,574.349,-742.309,-0.008,5.376,30.0,1377,-1,29.5,False,-1,True,True,0.75,0.0,0.003,False,False,0.105,-0.003,35.344,1377,35.86,,,,,0,False,False,0.0,False,6.36,5.65,20.0,
103.55,122505,574.567,-742.154,-0.008,5.327,30.0,1377,-1,29.76,False,-1,True,True,0.675,0.0,-0.002,False,False,0.093,0.0,35.312,1377,35.86,,,,,0,False,False,0.0,False,6.1,5.69,20.0,
103.6,122506,574.786,-741.999,-0.008,5.403,30.0,1377,-1,30.03,False,-1,True,True,0.75,0.0,0.003,False,False,0.094,-0.002,35.336,1377,35.86,,,,,0,False,False,0.0,False,5.83,5.66,20.0,
103.65,122507,575.005,-741.844,-0.008,5.331,30.0,1377,-1,30.3,False,-1,True,True,0.569,0.0,-0.001,False,False,0.083,0.001,35.308,1377,35.86,,,,,0,False,False,0.0,False,5.56,5.7,20.0,
103.7,122508,575.225,-741.687,-0.008,5.551,30.0,1377,-1,30.57,False,-1,True,True,0.75,0.0,0.004,False,False,0.099,-0.003,35.315,1640,1.91,,,,,0,False,False,0.0,False,9.09,5.67,20.0,
103.75,122509,575.462,-741.518,-0.009,5.927,30.0,1377,-1,30.86,False,-1,True,True,0.035,0.0,0.001,False,False,0.234,-0.002,35.299,1640,1.91,,,,,0,False,False,0.0,False,8.8,5.78,20.0,
103.8,122510,575.714,-741.34,-0.01,6.27,30.0,1377,-1,31.17,False,-1,True,True,0.0,0.3,0.002,False,False,0.367,-0.003,35.302,1640,1.91,,,,,0,False,False,0.0,False,8.49,5.96,20.0,
103.85,122511,575.97,-741.158,-0.011,6.278,30.0,1377,-1,31.48,False,-1,True,True,0.0,0.3,0.001,False,False,0.398,-0.002,35.31,1640,1.91,,,,,0,False,False,0.0,False,8.18,6.13,20.0,
103.9,122512,576.227,-740.976,-0.01,6.303,30.0,1377,-1,31.8,False,-1,True,True,0.0,0.3,0.0,False,False,0.351,0.001,35.317,1640,1.91,,,,,0,False,False,0.0,False,7.86,6.14,20.0,
103.95,122513,576.479,-740.797,-0.009,6.124,30.0,1377,-1,32.11,False,-1,True,True,0.0,0.3,0.0,False,False,0.247,0.003,35.312,1640,1.91,,,,,0,False,False,0.0,False,7.55,6.15,20.0,
104.0,122514,576.726,-740.622,-0.008,6.021,30.0,1377,-1,32.41,False,-1,True,True,0.0,0.3,0.001,False,False,0.132,0.002,35.34,1640,1.91,,,,,0,False,False,0.0,False,7.25,6.06,20.0,
104.05,122515,576.964,-740.453,-0.007,5.777,30.0,1377,-1,32.7,False,-1,True,True,0.0,0.3,-0.002,False,False,0.016,0.006,35.317,1640,1.91,,,,,0,False,False,0.0,False,6.96,6.01,20.0,
104.1,122516,577.196,-740.289,-0.006,5.641,30.0,1377,-1,32.99,False,-1,True,True,0.0,0.3,0.003,False,False,-0.078,0.002,35.346,1640,1.91,,,,,0,False,False,0.0,False,6.67,5.89,20.0,
104.15,122517,577.419,-740.131,-0.006,5.373,30.0,1377,-1,33.26,False,-1,True,True,0.0,0.3,-0.002,False,False,-0.159,0.004,35.321,1640,1.91,,,,,0,False,False,0.0,False,6.4,5.82,20.0,
104.2,122518,577.635,-739.978,-0.005,5.262,30.0,1377,-1,33.52,False,-1,True,True,0.625,0.0,0.002,False,False,-0.208,0.0,35.351,1640,1.91,,,,,0,False,False,0.0,False,6.13,5.69,20.0,
104.25,122519,577.844,-739.829,-0.005,5.061,30.0,1377,-1,33.78,False,-1,True,True,0.75,0.0,-0.002,False,False,-0.231,0.002,35.317,1640,1.91,,,,,0,False,False,0.0,False,5.88,5.63,20.0,
104.3,122520,578.05,-739.683,-0.005,5.035,30.0,1377,-1,34.03,False,-1,True,True,0.75,0.0,0.003,False,False,-0.222,-0.003,35.316,1640,1.91,,,,,0,False,False,0.0,False,5.63,5.53,20.0,
104.35,122521,578.255,-739.538,-0.006,4.917,30.0,1377,-1,34.28,False,-1,True,True,0.75,0.0,0.001,False,False,-0.176,-0.004,35.323,1640,1.91,,,,,0,False,False,0.0,False,5.37,5.52,20.0,
104.4,122522,578.459,-739.393,-0.006,4.962,30.0,1377,-1,34.54,False,-1,True,True,0.75,0.0,0.001,False,False,-0.121,-0.002,35.328,1640,5.74,,,,,0,False,False,0.0,False,8.95,5.46,20.0,
104.45,122523,578.651,-739.257,-0.006,4.553,30.0,1377,-1,34.77,False,-1,True,True,0.75,0.0,0.0,False,False,-0.178,-0.001,35.333,1640,5.74,,,,,0,False,False,0.0,False,8.71,5.48,20.0,
104.5,122524,578.829,-739.13,-0.005,4.291,30.0,1377,-1,34.99,False,-1,True,True,0.75,0.0,0.0,False,False,-0.258,0.0,35.335,1640,5.74,,,,,0,False,False,0.0,False,8.5,5.28,20.0,
104.55,122525,579.0,-739.009,-0.005,4.152,30.0,1377,-1,35.2,False,-1,True,True,0.75,0.0,0.0,False,False,-0.293,0.001,35.337,1640,5.74,,,,,0,False,False,0.0,False,8.29,5.15,20.0,
104.6,122526,579.168,-738.89,-0.005,4.102,30.0,1377,-1,35.4,False,-1,True,True,0.75,0.0,0.0,False,False,-0.273,0.001,35.339,1640,5.74,,,,,0,False,False,0.0,False,8.08,5.08,20.0,
104.65,122527,579.336,-738.771,-0.005,4.113,30.0,1377,-1,35.61,False,-1,True,True,0.75,0.0,0.0,False,False,-0.213,0.001,35.34,1640,5.74,,,,,0,False,False,0.0,False,7.87,5.05,20.0,
104.7,122528,579.505,-738.651,-0.006,4.16,30.0,1377,-1,35.82,False,-1,True,True,0.75,0.0,0.0,False,False,-0.132,0.001,35.342,1640,5.74,,,,,0,False,False,0.0,False,7.67,5.06,20.0,
104.75,122529,579.677,-738.529,-0.007,4.231,30.0,1377,-1,36.03,False,-1,True,True,0.75,0.0,0.0,False,False,-0.049,0.0,35.343,1640,5.74,,,,,0,False,False,0.0,False,7.46,5.08,20.0,
104.8,122530,579.852,-738.404,-0.008,4.315,30.0,1377,-1,36.24,False,-1,True,True,0.75,0.0,0.0,False,False,0.028,0.0,35.344,1640,5.74,,,,,0,False,False,0.0,False,7.24,5.12,20.0,
104.85,122531,580.031,-738.278,-0.008,4.409,30.0,1377,-1,36.46,False,-1,True,True,0.75,0.0,0.0,False,False,0.092,0.0,35.345,1640,5.74,,,,,0,False,False,0.0,False,7.02,5.16,20.0,
104.9,122532,580.214,-738.148,-0.008,4.507,30.0,1377,-1,36.69,False,-1,True,True,0.75,0.0,0.0,False,False,0.143,0.0,35.346,1640,5.74,,,,,0,False,False,0.0,False,6.8,5.2,20.0,
104.95,122533,580.4,-738.016,-0.009,4.609,30.0,1377,-1,36.91,False,-1,True,True,0.75,0.0,0.0,False,False,0.181,-0.0,35.347,1640,5.74,,,,,0,False,False,0.0,False,6.57,5.25,20.0,
105.0,122534,580.591,-737.881,-0.009,4.712,30.0,1377,-1,37.15,False,-1,True,True,0.75,0.0,0.0,False,False,0.209,-0.0,35.348,1640,5.74,,,,,0,False,False,0.0,False,6.34,5.3,20.0,
105.05,122535,580.786,-737.742,-0.009,4.816,30.0,1377,-1,37.39,False,-1,True,True,0.75,0.0,0.0,False,False,0.229,-0.0,35.348,1640,5.74,,,,,0,False,False,0.0,False,6.1,5.36,20.0,
105.1,122536,580.985,-737.601,-0.009,4.92,30.0,1377,-1,37.63,False,-1,True,True,0.75,0.0,0.0,False,False,0.242,-0.0,35.349,1640,5.74,,,,,0,False,False,0.0,False,5.85,5.41,20.0,
105.15,122537,581.188,-737.457,-0.009,5.024,30.0,1640,-1,0.13,True,51,True,True,0.75,0.0,0.0,False,False,0.251,-0.0,35.35,1640,5.74,,,,,0,False,False,0.0,False,5.6,5.46,20.0,
105.2,122538,581.396,-737.31,-0.009,5.125,30.0,1640,-1,0.39,True,51,True,True,0.75,0.0,0.0,False,False,0.256,-0.0,35.35,1640,5.74,,,,,0,False,False,0.0,False,5.35,5.51,20.0,
105.25,122539,581.607,-737.16,-0.009,5.263,30.0,1640,-1,0.65,True,51,True,True,0.75,0.0,0.001,False,False,0.26,-0.001,35.352,1640,9.56,,,,,0,False,False,0.0,False,8.91,5.56,20.0,
105.3,122540,581.823,-737.007,-0.009,5.285,30.0,1640,-1,0.91,True,51,True,True,0.75,0.0,0.0,False,False,0.255,-0.001,35.347,1640,9.56,,,,,0,False,False,0.0,False,8.65,5.63,20.0,
105.35,122541,582.04,-736.853,-0.009,5.352,30.0,1640,-1,1.18,True,51,True,True,0.75,0.0,0.001,False,False,0.235,-0.002,35.367,1640,9.56,,,,,0,False,False,0.0,False,8.38,5.64,20.0,
105.4,122542,582.256,-736.699,-0.009,5.269,30.0,1640,-1,1.44,True,51,True,True,0.75,0.0,-0.002,False,False,0.187,0.002,35.332,1640,9.56,,,,,0,False,False,0.0,False,8.12,5.68,20.0,
105.45,122543,582.472,-736.546,-0.008,5.344,30.0,1640,-1,1.71,True,51,True,True,0.75,0.0,0.003,False,False,0.154,-0.003,35.357,1640,9.56,,,,,0,False,False,0.0,False,7.85,5.63,20.0,
105.5,122544,582.688,-736.392,-0.008,5.293,30.0,1640,-1,1.97,True,51,True,True,0.75,0.0,-0.002,False,False,0.127,0.0,35.324,1640,9.56,,,,,0,False,False,0.0,False,7.59,5.67,20.0,
105.55,122545,582.906,-736.238,-0.008,5.364,30.0,1640,-1,2.24,True,51,True,True,0.75,0.0,0.003,False,False,0.114,-0.003,35.353,1640,9.56,,,,,0,False,False,0.0,False,7.32,5.65,20.0,
105.6,122546,583.123,-736.084,-0.008,5.29,30.0,1640,-1,2.51,True,51,True,True,0.719,0.0,-0.002,False,False,0.095,0.001,35.326,1640,9.56,,,,,0,False,False,0.0,False,7.06,5.68,20.0,
105.65,122547,583.344,-735.927,-0.008,5.615,30.0,1640,-1,2.78,True,51,True,True,0.75,0.0,0.003,False,False,0.129,-0.002,35.363,1640,9.56,,,,,0,False,False,0.0,False,6.78,5.65,20.0,
105.7,122548,583.583,-735.758,-0.009,5.953,30.0,1640,-1,3.07,True,51,True,True,0.0,0.194,-0.003,False,False,0.269,0.003,35.382,1640,9.56,,,,,0,False,False,0.0,False,6.49,5.81,20.0,
105.75,122549,583.835,-735.579,-0.01,6.257,30.0,1640,-1,3.38,True,51,True,True,0.0,0.3,-0.002,False,False,0.383,0.007,35.378,1640,9.56,,,,,0,False,False,0.0,False,6.18,5.98,20.0,
105.8,122550,584.091,-735.398,-0.011,6.257,30.0,1640,-1,3.69,True,51,True,True,0.0,0.3,-0.0,False,False,0.399,0.004,35.373,1640,9.56,,,,,0,False,False,0.0,False,5.87,6.13,20.0,
105.85,122551,584.346,-735.217,-0.01,6.276,30.0,1640,-1,4.01,True,51,True,True,0.0,0.3,0.0,False,False,0.345,0.0,35.37,1640,13.39,,,,,0,False,False,0.0,False,9.38,6.13,20.0,
105.9,122552,584.597,-735.039,-0.009,6.091,30.0,1640,-1,4.31,True,51,True,True,0.0,0.3,-0.0,False,False,0.237,-0.002,35.382,1640,13.39,,,,,0,False,False,0.0,False,9.07,6.14,20.0,
105.95,122553,584.842,-734.865,-0.008,5.986,30.0,1640,-1,4.61,True,51,True,True,0.0,0.3,-0.001,False,False,0.121,-0.0,35.353,1640,13.39,,,,,0,False,False,0.0,False,8.77,6.05,20.0,
106.0,122554,585.079,-734.697,-0.007,5.741,30.0,1640,-1,4.91,True,51,True,True,0.0,0.3,0.002,False,False,0.006,-0.005,35.379,1640,13.39,,,,,0,False,False,0.0,False,8.48,5.99,20.0,
106.05,122555,585.309,-734.533,-0.006,5.605,30.0,1640,-1,5.19,True,51,True,True,0.0,0.3,-0.002,False,False,-0.085,-0.001,35.351,1640,13.39,,,,,0,False,False,0.0,False,8.2,5.87,20.0,
106.1,122556,585.531,-734.376,-0.006,5.349,30.0,1640,-1,5.46,True,51,True,True,0.0,0.211,0.002,False,False,-0.161,-0.004,35.38,1640,13.39,,,,,0,False,False,0.0,False,7.93,5.8,20.0,
106.15,122557,585.746,-734.223,-0.005,5.25,30.0,1640,-1,5.72,True,51,True,True,0.71,0.0,-0.003,False,False,-0.204,0.001,35.354,1640,13.39,,,,,0,False,False,0.0,False,7.66,5.67,20.0,
106.2,122558,585.955,-734.075,-0.005,5.048,30.0,1640,-1,5.98,True,51,True,True,0.75,0.0,0.002,False,False,-0.225,-0.001,35.39,1640,13.39,,,,,0,False,False,0.0,False,7.41,5.62,20.0,
106.25,122559,586.161,-733.929,-0.005,5.039,30.0,1640,-1,6.23,True,51,True,True,0.75,0.0,-0.003,False,False,-0.213,0.004,35.398,1640,13.39,,,,,0,False,False,0.0,False,7.16,5.52,20.0,
106.3,122560,586.366,-733.784,-0.006,4.94,30.0,1640,-1,6.48,True,51,True,True,0.75,0.0,-0.002,False,False,-0.163,0.005,35.403,1640,13.39,,,,,0,False,False,0.0,False,6.9,5.52,20.0,
106.35,122561,586.571,-733.639,-0.006,4.936,30.0,1640,-1,6.73,True,51,True,True,0.75,0.0,-0.002,False,False,-0.112,0.003,35.391,1640,13.39,,,,,0,False,False,0.0,False,6.65,5.47,20.0,
106.4,122562,586.76,-733.504,-0.006,4.514,30.0,1640,-1,6.97,True,51,True,True,0.75,0.0,0.0,False,False,-0.184,0.001,35.359,1640,13.39,,,,,0,False,False,0.0,False,6.42,5.47,20.0,
106.45,122563,586.937,-733.378,-0.005,4.26,30.0,1640,-1,7.18,True,51,True,True,0.75,0.0,0.002,False,False,-0.267,-0.004,35.356,1640,13.39,,,,,0,False,False,0.0,False,6.2,5.26,20.0,
106.5,122564,587.107,-733.258,-0.005,4.127,30.0,1640,-1,7.39,True,51,True,True,0.75,0.0,0.0,False,False,-0.299,-0.004,35.359,1640,13.39,,,,,0,False,False,0.0,False,6.0,5.13,20.0,
106.55,122565,587.274,-733.139,-0.005,4.082,30.0,1640,-1,7.6,True,51,True,True,0.75,0.0,-0.0,False,False,-0.276,-0.002,35.359,1640,13.39,,,,,0,False,False,0.0,False,5.79,5.06,20.0,
106.6,122566,587.441,-733.021,-0.005,4.096,30.0,1640,-1,7.8,True,51,True,True,0.75,0.0,0.0,False,False,-0.212,-0.001,35.36,1640,13.39,,,,,0,False,False,0.0,False,5.59,5.04,20.0,
106.65,122567,587.61,-732.901,-0.006,4.146,30.0,1640,-1,8.01,True,51,True,True,0.75,0.0,0.0,False,False,-0.13,-0.0,35.36,1640,13.39,,,,,0,False,False,0.0,False,5.38,5.05,20.0,
106.7,122568,587.781,-732.779,-0.007,4.218,30.0,1640,-1,8.22,True,51,True,True,0.75,0.0,0.0,False,False,-0.045,-0.0,35.361,1640,13.39,,,,,0,False,False,0.0,False,5.17,5.07,20.0,
106.75,122569,587.956,-732.656,-0.008,4.303,30.0,1640,-1,8.43,True,51,True,True,0.75,0.0,0.0,False,False,0.031,-0.0,35.361,1640,13.39,,,,,0,False,False,0.0,False,4.96,5.11,20.0,
106.8,122570,588.134,-732.529,-0.008,4.397,30.0,1640,-1,8.65,True,51,True,True,0.75,0.0,0.0,False,False,0.095,-0.0,35.362,1378,1.95,,,,,0,False,False,0.0,False,8.6,5.15,20.0,
106.85,122571,588.316,-732.4,-0.009,4.496,30.0,1640,-1,8.87,True,51,True,True,0.75,0.0,0.0,False,False,0.145,0.0,35.362,1378,1.95,,,,,0,False,False,0.0,False,8.38,5.2,20.0,
106.9,122572,588.502,-732.268,-0.009,4.598,30.0,1640,-1,9.1,True,51,True,True,0.75,0.0,-0.0,False,False,0.183,0.0,35.362,1378,1.95,,,,,0,False,False,0.0,False,8.15,5.25,20.0,
106.95,122573,588.692,-732.133,-0.009,4.701,30.0,1640,-1,9.34,True,51,True,True,0.75,0.0,0.0,False,False,0.211,0.0,35.362,1378,1.95,,,,,0,False,False,0.0,False,7.91,5.3,20.0,
107.0,122574,588.887,-731.995,-0.009,4.806,30.0,1640,-1,9.57,True,51,True,True,0.75,0.0,0.0,False,False,0.23,0.0,35.362,1378,1.95,,,,,0,False,False,0.0,False,7.68,5.35,20.0,
107.05,122575,589.085,-731.854,-0.009,4.91,30.0,1640,-1,9.82,True,51,True,True,0.75,0.0,0.0,False,False,0.243,-0.0,35.363,1378,1.95,,,,,0,False,False,0.0,False,7.43,5.4,20.0,
107.1,122576,589.288,-731.71,-0.009,5.014,30.0,1640,-1,10.07,True,51,True,True,0.75,0.0,-0.0,False,False,0.251,0.0,35.363,1378,1.95,,,,,0,False,False,0.0,False,7.18,5.45,20.0,
107.15,122577,589.495,-731.563,-0.009,5.119,30.0,1640,-1,10.32,True,51,True,True,0.75,0.0,0.0,False,False,0.257,0.0,35.363,1378,1.95,,,,,0,False,False,0.0,False,6.93,5.51,20.0,
107.2,122578,589.706,-731.413,-0.009,5.178,30.0,1640,-1,10.58,True,51,True,True,0.75,0.0,-0.0,False,False,0.257,0.0,35.363,1378,1.95,,,,,0,False,False,0.0,False,6.67,5.56,20.0,
107.25,122579,589.922,-731.26,-0.009,5.355,30.0,1640,-1,10.84,True,51,True,True,0.75,0.0,-0.0,False,False,0.261,0.0,35.365,1378,1.95,,,,,0,False,False,0.0,False,6.41,5.59,20.0,
107.3,122580,590.139,-731.106,-0.009,5.309,30.0,1640,-1,11.11,True,51,True,True,0.75,0.0,-0.0,False,False,0.243,0.001,35.349,1378,1.95,,,,,0,False,False,0.0,False,6.14,5.68,20.0,
107.35,122581,590.356,-730.951,-0.009,5.362,30.0,1640,-1,11.38,True,51,True,True,0.75,0.0,0.001,False,False,0.205,-0.002,35.374,1378,1.95,,,,,0,False,False,0.0,False,5.87,5.65,20.0,
107.4,122582,590.573,-730.797,-0.008,5.292,30.0,1640,-1,11.64,True,51,True,True,0.743,0.0,-0.002,False,False,0.16,0.002,35.338,1378,1.95,,,,,0,False,False,0.0,False,5.61,5.68,20.0,
107.45,122583,590.791,-730.643,-0.008,5.377,30.0,1640,-1,11.91,True,51,True,True,0.75,0.0,0.003,False,False,0.137,-0.002,35.361,1378,5.85,,,,,0,False,False,0.0,False,9.24,5.65,20.0,
107.5,122584,591.008,-730.488,-0.008,5.319,30.0,1640,-1,12.18,True,51,True,True,0.676,0.0,-0.002,False,False,0.117,0.001,35.326,1378,5.85,,,,,0,False,False,0.0,False,8.97,5.69,20.0,
107.55,122585,591.227,-730.333,-0.008,5.387,30.0,1640,-1,12.44,True,51,True,True,0.75,0.0,0.003,False,False,0.105,-0.003,35.355,1378,5.85,,,,,0,False,False,0.0,False,8.71,5.66,20.0,
107.6,122586,591.445,-730.178,-0.008,5.358,30.0,1640,-1,12.71,True,51,True,True,0.634,0.0,-0.002,False,False,0.092,0.001,35.332,1378,5.85,,,,,0,False,False,0.0,False,8.44,5.69,20.0,
107.65,122587,591.678,-730.013,-0.009,5.907,30.0,1640,-1,13.0,True,51,True,True,0.735,0.0,0.002,False,False,0.212,-0.001,35.31,1378,5.85,,,,,0,False,False,0.0,False,8.15,5.68,20.0,
107.7,122588,591.927,-729.835,-0.01,6.218,30.0,1640,-1,13.3,True,51,True,True,0.735,0.0,0.002,False,False,0.36,-0.003,35.31,1378,5.85,,,,,0,False,False,0.0,False,7.85,5.95,20.0,
107.75,122589,592.191,-729.648,-0.011,6.561,30.0,1640,-1,13.63,True,51,True,True,0.0,0.3,0.001,False,False,0.469,-0.003,35.318,1378,5.85,,,,,0,False,False,0.0,False,7.52,6.11,20.0,
107.8,122590,592.46,-729.457,-0.011,6.611,30.0,1640,-1,13.96,True,51,True,True,0.0,0.3,0.0,False,False,0.483,0.0,35.325,1378,5.85,,,,,0,False,False,0.0,False,7.19,6.28,20.0,
107.85,122591,592.731,-729.265,-0.011,6.656,30.0,1640,-1,14.29,True,51,True,True,0.0,0.3,0.0,False,False,0.425,0.002,35.329,1378,5.85,,,,,0,False,False,0.0,False,6.86,6.31,20.0,
107.9,122592,592.997,-729.076,-0.01,6.491,30.0,1640,-1,14.62,True,51,True,True,0.0,0.3,0.0,False,False,0.309,0.003,35.334,1378,5.85,,,,,0,False,False,0.0,False,6.54,6.33,20.0,
107.95,122593,593.259,-728.89,-0.009,6.395,30.0,1640,-1,14.94,True,51,True,True,0.0,0.3,0.0,False,False,0.182,0.003,35.325,1378,5.85,,,,,0,False,False,0.0,False,6.21,6.25,20.0,
108.0,122594,593.513,-728.71,-0.008,6.156,30.0,1640,-1,15.25,True,51,True,True,0.0,0.3,0.001,False,False,0.054,-0.0,35.353,1378,5.85,,,,,0,False,False,0.0,False,5.9,6.2,20.0,
108.05,122595,593.76,-728.535,-0.007,6.014,30.0,1378,-1,0.25,False,-1,True,True,0.0,0.3,-0.002,False,False,-0.051,0.003,35.33,1378,9.75,,,,,0,False,False,0.0,False,9.5,6.08,20.0,
108.1,122596,593.998,-728.366,-0.006,5.745,30.0,1378,-1,0.54,False,-1,True,True,0.0,0.3,0.002,False,False,-0.141,-0.001,35.357,1378,9.75,,,,,0,False,False,0.0,False,9.21,6.01,20.0,
108.15,122597,594.228,-728.203,-0.005,5.59,30.0,1378,-1,0.82,False,-1,True,True,0.0,0.3,-0.002,False,False,-0.205,0.001,35.333,1378,9.75,,,,,0,False,False,0.0,False,8.93,5.87,20.0,
108.2,122598,594.449,-728.046,-0.005,5.325,30.0,1378,-1,1.09,False,-1,True,True,0.0,0.187,0.002,False,False,-0.255,-0.001,35.364,1378,9.75,,,,,0,False,False,0.0,False,8.66,5.8,20.0,
108.25,122599,594.667,-727.891,-0.005,5.377,30.0,1378,-1,1.36,False,-1,True,True,0.75,0.0,-0.002,False,False,-0.237,0.002,35.324,1378,9.75,,,,,0,False,False,0.0,False,8.39,5.66,20.0,
108.3,122600,594.885,-727.737,-0.005,5.305,30.0,1378,-1,1.63,False,-1,True,True,0.599,0.0,0.004,False,False,-0.183,-0.002,35.351,1378,9.75,,,,,0,False,False,0.0,False,8.12,5.69,20.0,
108.35,122601,595.094,-727.589,-0.005,4.929,30.0,1378,-1,1.89,False,-1,True,True,0.75,0.0,-0.002,False,False,-0.207,0.001,35.408,1378,9.75,,,,,0,False,False,0.0,False,7.86,5.65,20.0,
108.4,122602,595.285,-727.455,-0.005,4.522,30.0,1378,-1,2.12,False,-1,True,True,0.75,0.0,-0.005,False,False,-0.314,0.006,35.467,1378,9.75,,,,,0,False,False,0.0,False,7.63,5.46,20.0,
108.45,122603,595.462,-727.33,-0.004,4.263,30.0,1378,-1,2.34,False,-1,True,True,0.75,0.0,-0.007,False,False,-0.392,0.011,35.46,1378,9.75,,,,,0,False,False,0.0,False,7.41,5.26,20.0,
108.5,122604,595.632,-727.209,-0.004,4.125,30.0,1378,-1,2.54,False,-1,True,True,0.75,0.0,-0.002,False,False,-0.404,0.006,35.443,1378,9.75,,,,,0,False,False,0.0,False,7.21,5.13,20.0,
108.55,122605,595.799,-727.091,-0.004,4.076,30.0,1378,-1,2.75,False,-1,True,True,0.75,0.0,-0.001,False,False,-0.357,-0.0,35.433,1378,9.75,,,,,0,False,False,0.0,False,7.0,5.06,20.0,
108.6,122606,595.966,-726.972,-0.005,4.088,30.0,1378,-1,2.95,False,-1,True,True,0.75,0.0,-0.002,False,False,-0.272,-0.003,35.424,1378,9.75,,,,,0,False,False,0.0,False,6.8,5.04,20.0,
108.65,122607,596.134,-726.853,-0.006,4.137,30.0,1378,-1,3.16,False,-1,True,True,0.75,0.0,-0.001,False,False,-0.172,-0.004,35.416,1378,9.75,,,,,0,False,False,0.0,False,6.59,5.04,20.0,
108.7,122608,596.306,-726.731,-0.007,4.208,30.0,1378,-1,3.37,False,-1,True,True,0.75,0.0,-0.001,False,False,-0.074,-0.004,35.409,1378,9.75,,,,,0,False,False,0.0,False,6.38,5.07,20.0,
108.75,122609,596.48,-726.608,-0.007,4.294,30.0,1378,-1,3.58,False,-1,True,True,0.75,0.0,-0.001,False,False,0.012,-0.003,35.403,1378,9.75,,,,,0,False,False,0.0,False,6.17,5.1,20.0,
108.8,122610,596.658,-726.481,-0.008,4.388,30.0,1378,-1,3.8,False,-1,True,True,0.75,0.0,-0.001,False,False,0.083,-0.002,35.398,1378,9.75,,,,,0,False,False,0.0,False,5.95,5.15,20.0,
108.85,122611,596.839,-726.352,-0.008,4.487,30.0,1378,-1,4.02,False,-1,True,True,0.75,0.0,-0.001,False,False,0.138,-0.002,35.393,1378,9.75,,,,,0,False,False,0.0,False,5.73,5.19,20.0,
108.9,122612,597.025,-726.221,-0.009,4.589,30.0,1378,-1,4.25,False,-1,True,True,0.75,0.0,-0.001,False,False,0.179,-0.001,35.389,1378,9.75,,,,,0,False,False,0.0,False,5.5,5.24,20.0,
108.95,122613,597.215,-726.086,-0.009,4.692,30.0,1378,-1,4.49,False,-1,True,True,0.75,0.0,-0.001,False,False,0.209,-0.001,35.386,1378,9.75,,,,,0,False,False,0.0,False,5.27,5.29,20.0,
109.0,122614,597.409,-725.948,-0.009,4.797,30.0,1378,-1,4.72,False,-1,True,True,0.75,0.0,-0.002,False,False,0.229,0.002,35.377,1378,13.65,,,,,0,False,False,0.0,False,8.93,5.35,20.0,
109.05,122615,597.607,-725.807,-0.009,4.901,30.0,1378,-1,4.97,False,-1,True,True,0.75,0.0,-0.0,False,False,0.243,0.002,35.371,1378,13.65,,,,,0,False,False,0.0,False,8.69,5.4,20.0,
109.1,122616,597.81,-725.664,-0.009,5.005,30.0,1378,-1,5.21,False,-1,True,True,0.75,0.0,-0.0,False,False,0.251,0.001,35.368,1378,13.65,,,,,0,False,False,0.0,False,8.44,5.45,20.0,
109.15,122617,598.016,-725.517,-0.009,5.11,30.0,1378,-1,5.47,False,-1,True,True,0.75,0.0,-0.0,False,False,0.257,0.0,35.365,1378,13.65,,,,,0,False,False,0.0,False,8.18,5.5,20.0,
109.2,122618,598.227,-725.368,-0.009,5.169,30.0,1378,-1,5.73,False,-1,True,True,0.75,0.0,-0.0,False,False,0.257,0.0,35.363,1378,13.65,,,,,0,False,False,0.0,False,7.93,5.56,20.0,
109.25,122619,598.442,-725.215,-0.009,5.332,30.0,1378,-1,5.99,False,-1,True,True,0.75,0.0,-0.0,False,False,0.259,0.0,35.35,1378,13.65,,,,,0,False,False,0.0,False,7.66,5.58,20.0,
109.3,122620,598.657,-725.062,-0.009,5.241,30.0,1378,-1,6.25,False,-1,True,True,0.75,0.0,0.001,False,False,0.224,-0.001,35.376,1378,13.65,,,,,0,False,False,0.0,False,7.4,5.67,20.0,
109.35,122621,598.872,-724.91,-0.009,5.3,30.0,1378,-1,6.52,False,-1,True,True,0.75,0.0,-0.003,False,False,0.184,0.003,35.349,1378,13.65,,,,,0,False,False,0.0,False,7.14,5.62,20.0,
109.4,122622,599.086,-724.758,-0.008,5.236,30.0,1378,-1,6.78,False,-1,True,True,0.75,0.0,0.002,False,False,0.144,-0.001,35.382,1378,13.65,,,,,0,False,False,0.0,False,6.87,5.65,20.0,
109.45,122623,599.302,-724.606,-0.008,5.328,30.0,1378,-1,7.04,False,-1,True,True,0.75,0.0,-0.003,False,False,0.127,0.003,35.358,1378,13.65,,,,,0,False,False,0.0,False,6.61,5.62,20.0,
109.5,122624,599.518,-724.453,-0.008,5.265,30.0,1378,-1,7.31,False,-1,True,True,0.75,0.0,0.002,False,False,0.11,-0.0,35.386,1378,13.65,,,,,0,False,False,0.0,False,6.34,5.66,20.0,
109.55,122625,599.734,-724.299,-0.008,5.332,30.0,1378,-1,7.57,False,-1,True,True,0.75,0.0,-0.003,False,False,0.101,0.002,35.354,1378,13.65,,,,,0,False,False,0.0,False,6.08,5.63,20.0,
109.6,122626,599.951,-724.145,-0.008,5.413,30.0,1378,-1,7.84,False,-1,True,True,0.75,0.0,0.002,False,False,0.104,-0.002,35.355,1378,13.65,,,,,0,False,False,0.0,False,5.81,5.67,20.0,
109.65,122627,600.186,-723.978,-0.009,5.944,30.0,1378,-1,8.13,False,-1,True,True,0.539,0.0,-0.0,False,False,0.246,-0.003,35.332,1378,13.65,,,,,0,False,False,0.0,False,5.52,5.71,20.0,
109.7,122628,600.436,-723.801,-0.01,6.182,30.0,1378,-1,8.43,False,-1,True,True,0.0,0.3,-0.001,False,False,0.379,0.001,35.319,1378,17.55,,,,,0,False,False,0.0,False,9.12,5.97,20.0,
109.75,122629,600.694,-723.618,-0.011,6.372,30.0,1378,-1,8.75,False,-1,True,True,0.0,0.3,0.001,False,False,0.433,0.001,35.316,1378,17.55,,,,,0,False,False,0.0,False,8.8,6.09,20.0,
109.8,122630,600.952,-723.435,-0.011,6.294,30.0,1378,-1,9.07,False,-1,True,True,0.0,0.3,0.0,False,False,0.389,0.0,35.316,1378,17.55,,,,,0,False,False,0.0,False,8.49,6.19,20.0,
109.85,122631,601.207,-723.254,-0.01,6.26,30.0,1378,-1,9.38,False,-1,True,True,0.0,0.3,0.0,False,False,0.296,0.001,35.325,1378,17.55,,,,,0,False,False,0.0,False,8.17,6.15,20.0,
109.9,122632,601.456,-723.077,-0.009,6.045,30.0,1378,-1,9.69,False,-1,True,True,0.0,0.3,-0.001,False,False,0.171,0.004,35.304,1378,17.55,,,,,0,False,False,0.0,False,7.87,6.13,20.0,
109.95,122633,601.699,-722.906,-0.008,5.925,30.0,1378,-1,9.98,False,-1,True,True,0.0,0.3,0.002,False,False,0.055,0.001,35.332,1378,17.55,,,,,0,False,False,0.0,False,7.57,6.02,20.0,
110.0,122634,601.934,-722.739,-0.007,5.67,30.0,1378,-1,10.27,False,-1,True,True,0.0,0.3,-0.002,False,False,-0.053,0.004,35.306,1378,17.55,,,,,0,False,False,0.0,False,7.28,5.96,20.0,
110.05,122635,602.161,-722.578,-0.006,5.529,30.0,1378,-1,10.55,False,-1,True,True,0.0,0.3,0.002,False,False,-0.133,0.001,35.334,1378,17.55,,,,,0,False,False,0.0,False,7.0,5.84,20.0,
110.1,122636,602.38,-722.423,-0.005,5.289,30.0,1378,-1,10.82,False,-1,True,True,0.061,0.0,-0.002,False,False,-0.196,0.003,35.303,1378,17.55,,,,,0,False,False,0.0,False,6.73,5.76,20.0,
110.15,122637,602.594,-722.272,-0.005,5.205,30.0,1378,-1,11.08,False,-1,True,True,0.75,0.0,0.003,False,False,-0.22,-0.002,35.325,1378,17.55,,,,,0,False,False,0.0,False,6.47,5.64,20.0,
110.2,122638,602.801,-722.124,-0.005,5.026,30.0,1378,-1,11.33,False,-1,True,True,0.75,0.0,-0.002,False,False,-0.229,-0.0,35.285,1378,17.55,,,,,0,False,False,0.0,False,6.22,5.6,20.0,
110.25,122639,603.008,-721.977,-0.005,5.098,30.0,1378,-1,11.59,False,-1,True,True,0.75,0.0,0.004,False,False,-0.183,-0.005,35.305,1378,17.55,,,,,0,False,False,0.0,False,5.96,5.51,20.0,
110.3,122640,603.215,-721.831,-0.006,5.023,30.0,1378,-1,11.84,False,-1,True,True,0.75,0.0,-0.001,False,False,-0.129,-0.002,35.275,1378,17.55,,,,,0,False,False,0.0,False,5.71,5.55,20.0,
110.35,122641,603.41,-721.693,-0.006,4.607,30.0,1378,-1,12.08,False,-1,True,True,0.75,0.0,0.003,False,False,-0.178,-0.003,35.312,1378,17.55,,,,,0,False,False,0.0,False,5.47,5.51,20.0,
110.4,122642,603.589,-721.566,-0.005,4.295,30.0,1378,-1,12.3,False,-1,True,True,0.75,0.0,-0.002,False,False,-0.273,0.002,35.325,1378,17.55,,,,,0,False,False,0.0,False,5.25,5.3,20.0,
110.45,122643,603.759,-721.446,-0.004,4.117,30.0,1378,-1,12.51,False,-1,True,True,0.75,0.0,-0.001,False,False,-0.325,0.004,35.323,1378,17.55,,,,,0,False,False,0.0,False,5.05,5.15,20.0,
110.5,122644,603.925,-721.328,-0.005,4.041,30.0,1378,-1,12.71,False,-1,True,True,0.75,0.0,-0.002,False,False,-0.317,0.006,35.316,1378,21.45,,,,,0,False,False,0.0,False,8.74,5.06,20.0,
110.55,122645,604.09,-721.212,-0.005,4.035,30.0,1378,-1,12.91,False,-1,True,True,0.75,0.0,-0.0,False,False,-0.26,0.004,35.313,1378,21.45,,,,,0,False,False,0.0,False,8.54,5.02,20.0,
110.6,122646,604.256,-721.094,-0.006,4.073,30.0,1378,-1,13.12,False,-1,True,True,0.75,0.0,-0.0,False,False,-0.177,0.002,35.312,1378,21.45,,,,,0,False,False,0.0,False,8.34,5.02,20.0,
110.65,122647,604.424,-720.975,-0.007,4.138,30.0,1378,-1,13.32,False,-1,True,True,0.75,0.0,-0.0,False,False,-0.087,0.001,35.31,1378,21.45,,,,,0,False,False,0.0,False,8.13,5.04,20.0,
110.7,122648,604.596,-720.854,-0.007,4.219,30.0,1378,-1,13.53,False,-1,True,True,0.75,0.0,-0.0,False,False,-0.003,0.0,35.309,1378,21.45,,,,,0,False,False,0.0,False,7.92,5.07,20.0,
110.75,122649,604.771,-720.73,-0.008,4.311,30.0,1378,-1,13.75,False,-1,True,True,0.75,0.0,-0.0,False,False,0.068,0.0,35.308,1378,21.45,,,,,0,False,False,0.0,False,7.71,5.11,20.0,
110.8,122650,604.95,-720.603,-0.008,4.409,30.0,1378,-1,13.97,False,-1,True,True,0.75,0.0,-0.0,False,False,0.126,-0.0,35.307,1378,21.45,,,,,0,False,False,0.0,False,7.49,5.16,20.0,
110.85,122651,605.132,-720.474,-0.009,4.51,30.0,1378,-1,14.19,False,-1,True,True,0.75,0.0,-0.0,False,False,0.169,-0.0,35.307,1378,21.45,,,,,0,False,False,0.0,False,7.26,5.2,20.0,
110.9,122652,605.319,-720.341,-0.009,4.614,30.0,1378,-1,14.42,False,-1,True,True,0.75,0.0,-0.0,False,False,0.201,-0.0,35.306,1378,21.45,,,,,0,False,False,0.0,False,7.03,5.26,20.0,
110.95,122653,605.51,-720.206,-0.009,4.718,30.0,1378,-1,14.65,False,-1,True,True,0.75,0.0,-0.0,False,False,0.224,0.0,35.305,1378,21.45,,,,,0,False,False,0.0,False,6.8,5.31,20.0,
111.0,122654,605.705,-720.068,-0.009,4.823,30.0,1378,-1,14.89,False,-1,True,True,0.75,0.0,-0.0,False,False,0.239,-0.0,35.305,1378,21.45,,,,,0,False,False,0.0,False,6.56,5.36,20.0,
111.05,122655,605.905,-719.927,-0.009,4.928,30.0,1378,-1,15.14,False,-1,True,True,0.75,0.0,-0.0,False,False,0.249,-0.0,35.304,1378,21.45,,,,,0,False,False,0.0,False,6.32,5.41,20.0,
111.1,122656,606.108,-719.783,-0.009,5.032,30.0,1378,-1,15.39,False,-1,True,True,0.75,0.0,-0.0,False,False,0.256,-0.0,35.304,1378,21.45,,,,,0,False,False,0.0,False,6.07,5.46,20.0,
111.15,122657,606.316,-719.635,-0.009,5.133,30.0,1378,-1,15.64,False,-1,True,True,0.75,0.0,-0.0,False,False,0.259,-0.0,35.304,1378,21.45,,,,,0,False,False,0.0,False,5.81,5.52,20.0,
111.2,122658,606.528,-719.485,-0.009,5.271,30.0,1378,-1,15.9,False,-1,True,True,0.75,0.0,-0.0,False,False,0.262,0.0,35.304,1378,21.45,,,,,0,False,False,0.0,False,5.55,5.57,20.0,
111.25,122659,606.744,-719.333,-0.009,5.297,30.0,1378,-1,16.16,False,-1,True,True,0.75,0.0,-0.002,False,False,0.257,0.005,35.292,1378,25.35,,,,,0,False,False,0.0,False,9.19,5.64,20.0,
111.3,122660,606.963,-719.178,-0.009,5.385,30.0,1378,-1,16.43,False,-1,True,True,0.75,0.0,0.0,False,False,0.244,0.003,35.302,1378,25.35,,,,,0,False,False,0.0,False,8.92,5.65,20.0,
111.35,122661,607.18,-719.024,-0.009,5.297,30.0,1378,-1,16.7,False,-1,True,True,0.666,0.0,-0.001,False,False,0.197,0.003,35.265,1378,25.35,,,,,0,False,False,0.0,False,8.66,5.69,20.0,
111.4,122662,607.398,-718.87,-0.008,5.361,30.0,1378,-1,16.97,False,-1,True,True,0.75,0.0,0.003,False,False,0.158,-0.003,35.287,1378,25.35,,,,,0,False,False,0.0,False,8.39,5.65,20.0,
111.45,122663,607.615,-718.716,-0.008,5.301,30.0,1378,-1,17.23,False,-1,True,True,0.74,0.0,-0.002,False,False,0.125,0.0,35.253,1378,25.35,,,,,0,False,False,0.0,False,8.12,5.68,20.0,
111.5,122664,607.833,-718.562,-0.008,5.388,30.0,1378,-1,17.5,False,-1,True,True,0.75,0.0,0.003,False,False,0.114,-0.003,35.276,1378,25.35,,,,,0,False,False,0.0,False,7.86,5.65,20.0,
111.55,122665,608.051,-718.407,-0.008,5.313,30.0,1378,-1,17.77,False,-1,True,True,0.63,0.0,-0.002,False,False,0.097,0.001,35.244,1378,25.35,,,,,0,False,False,0.0,False,7.59,5.69,20.0,
111.6,122666,608.269,-718.253,-0.008,5.38,30.0,1378,-1,18.03,False,-1,True,True,0.75,0.0,0.003,False,False,0.089,-0.002,35.275,1378,25.35,,,,,0,False,False,0.0,False,7.32,5.66,20.0,
111.65,122667,608.498,-718.091,-0.009,5.744,30.0,1378,-1,18.31,False,-1,True,True,0.654,0.0,-0.002,False,False,0.174,0.003,35.228,1378,25.35,,,,,0,False,False,0.0,False,7.04,5.69,20.0,
111.7,122668,608.744,-717.916,-0.01,6.171,30.0,1378,-1,18.62,False,-1,True,True,0.0,0.3,0.004,False,False,0.326,-0.003,35.223,1378,25.35,,,,,0,False,False,0.0,False,6.74,5.87,20.0,
111.75,122669,608.999,-717.735,-0.011,6.271,30.0,1378,-1,18.93,False,-1,True,True,0.0,0.3,0.002,False,False,0.402,-0.005,35.234,1378,25.35,,,,,0,False,False,0.0,False,6.43,6.09,20.0,
111.8,122670,609.258,-717.552,-0.011,6.363,30.0,1378,-1,19.25,False,-1,True,True,0.0,0.3,0.0,False,False,0.395,-0.001,35.242,1378,25.35,,,,,0,False,False,0.0,False,6.11,6.14,20.0,
111.85,122671,609.514,-717.372,-0.01,6.221,30.0,1378,-1,19.56,False,-1,True,True,0.0,0.3,-0.003,False,False,0.312,0.009,35.231,1378,29.25,,,,,0,False,False,0.0,False,9.7,6.18,20.0,
111.9,122672,609.766,-717.194,-0.009,6.143,30.0,1378,-1,19.87,False,-1,True,True,0.0,0.3,0.001,False,False,0.203,0.008,35.241,1378,29.25,,,,,0,False,False,0.0,False,9.39,6.11,20.0,
111.95,122673,610.01,-717.021,-0.008,5.91,30.0,1378,-1,20.17,False,-1,True,True,0.0,0.3,-0.001,False,False,0.08,0.008,35.215,1378,29.25,,,,,0,False,False,0.0,False,9.09,6.07,20.0,
112.0,122674,610.248,-716.854,-0.007,5.78,30.0,1378,-1,20.46,False,-1,True,True,0.0,0.3,0.002,False,False,-0.024,0.002,35.243,1378,29.25,,,,,0,False,False,0.0,False,8.8,5.95,20.0,
112.05,122675,610.476,-716.692,-0.006,5.517,30.0,1378,-1,20.74,False,-1,True,True,0.0,0.3,-0.002,False,False,-0.116,0.005,35.218,1378,29.25,,,,,0,False,False,0.0,False,8.52,5.89,20.0,
112.1,122676,610.698,-716.535,-0.006,5.407,30.0,1378,-1,21.01,False,-1,True,True,0.104,0.0,0.002,False,False,-0.176,0.001,35.245,1378,29.25,,,,,0,False,False,0.0,False,8.25,5.76,20.0,
112.15,122677,610.914,-716.383,-0.005,5.196,30.0,1378,-1,21.27,False,-1,True,True,0.501,0.0,-0.002,False,False,-0.211,0.002,35.212,1378,29.25,,,,,0,False,False,0.0,False,7.98,5.7,20.0,
112.2,122678,611.124,-716.234,-0.005,5.14,30.0,1378,-1,21.53,False,-1,True,True,0.75,0.0,0.003,False,False,-0.215,-0.002,35.235,1378,29.25,,,,,0,False,False,0.0,False,7.73,5.6,20.0,
112.25,122679,611.332,-716.088,-0.005,5.048,30.0,1378,-1,21.78,False,-1,True,True,0.75,0.0,-0.002,False,False,-0.192,-0.0,35.208,1378,29.25,,,,,0,False,False,0.0,False,7.47,5.57,20.0,
112.3,122680,611.54,-715.941,-0.006,5.116,30.0,1378,-1,22.04,False,-1,True,True,0.75,0.0,0.003,False,False,-0.135,-0.003,35.242,1378,29.25,,,,,0,False,False,0.0,False,7.22,5.52,20.0,
112.35,122681,611.743,-715.797,-0.006,4.811,30.0,1378,-1,22.29,False,-1,True,True,0.75,0.0,-0.003,False,False,-0.132,0.001,35.224,1378,29.25,,,,,0,False,False,0.0,False,6.97,5.56,20.0,
112.4,122682,611.93,-715.665,-0.005,4.465,30.0,1378,-1,22.52,False,-1,True,True,0.75,0.0,0.001,False,False,-0.218,0.001,35.207,1378,29.25,,,,,0,False,False,0.0,False,6.74,5.41,20.0,
112.45,122683,612.106,-715.54,-0.005,4.258,30.0,1378,-1,22.73,False,-1,True,True,0.75,0.0,0.002,False,False,-0.285,-0.001,35.209,1378,29.25,,,,,0,False,False,0.0,False,6.52,5.23,20.0,
112.5,122684,612.277,-715.42,-0.005,4.159,30.0,1378,-1,22.94,False,-1,True,True,0.75,0.0,0.0,False,False,-0.296,-0.001,35.213,1378,29.25,,,,,0,False,False,0.0,False,6.31,5.13,20.0,
112.55,122685,612.446,-715.3,-0.005,4.137,30.0,1378,-1,23.15,False,-1,True,True,0.75,0.0,0.0,False,False,-0.257,0.0,35.215,1378,29.25,,,,,0,False,False,0.0,False,6.11,5.08,20.0,
112.6,122686,612.616,-715.18,-0.006,4.164,30.0,1378,-1,23.36,False,-1,True,True,0.75,0.0,0.0,False,False,-0.185,0.001,35.217,1378,29.25,,,,,0,False,False,0.0,False,5.9,5.07,20.0,
112.65,122687,612.788,-715.058,-0.006,4.222,30.0,1378,-1,23.57,False,-1,True,True,0.75,0.0,0.0,False,False,-0.1,0.001,35.219,1378,29.25,,,,,0,False,False,0.0,False,5.69,5.08,20.0,
112.7,122688,612.963,-714.935,-0.007,4.299,30.0,1378,-1,23.78,False,-1,True,True,0.75,0.0,0.0,False,False,-0.018,0.001,35.221,1378,29.25,,,,,0,False,False,0.0,False,5.47,5.11,20.0,
112.75,122689,613.142,-714.809,-0.008,4.387,30.0,1378,-1,24.0,False,-1,True,True,0.75,0.0,0.0,False,False,0.054,0.001,35.222,1378,29.25,,,,,0,False,False,0.0,False,5.26,5.15,20.0,
112.8,122690,613.323,-714.681,-0.008,4.482,30.0,1378,-1,24.22,False,-1,True,True,0.75,0.0,0.0,False,False,0.113,0.001,35.223,1378,29.25,,,,,0,False,False,0.0,False,5.03,5.19,20.0,
112.85,122691,613.509,-714.549,-0.009,4.582,30.0,1378,-1,24.45,False,-1,True,True,0.75,0.0,-0.002,False,False,0.159,0.004,35.217,1378,33.15,,,,,0,False,False,0.0,False,8.71,5.24,20.0,
112.9,122692,613.699,-714.415,-0.009,4.684,30.0,1378,-1,24.68,False,-1,True,True,0.75,0.0,0.0,False,False,0.193,0.003,35.213,1378,33.15,,,,,0,False,False,0.0,False,8.47,5.29,20.0,
112.95,122693,613.893,-714.279,-0.009,4.787,30.0,1378,-1,24.92,False,-1,True,True,0.75,0.0,0.0,False,False,0.217,0.001,35.213,1378,33.15,,,,,0,False,False,0.0,False,8.24,5.34,20.0,
113.0,122694,614.092,-714.139,-0.009,4.891,30.0,1378,-1,25.16,False,-1,True,True,0.75,0.0,-0.0,False,False,0.234,0.001,35.212,1378,33.15,,,,,0,False,False,0.0,False,7.99,5.39,20.0,
113.05,122695,614.294,-713.996,-0.009,4.995,30.0,1378,-1,25.41,False,-1,True,True,0.75,0.0,-0.0,False,False,0.245,0.0,35.212,1378,33.15,,,,,0,False,False,0.0,False,7.74,5.45,20.0,
113.1,122696,614.501,-713.85,-0.009,5.098,30.0,1378,-1,25.66,False,-1,True,True,0.75,0.0,-0.0,False,False,0.253,0.0,35.211,1378,33.15,,,,,0,False,False,0.0,False,7.49,5.5,20.0,
113.15,122697,614.712,-713.701,-0.009,5.231,30.0,1378,-1,25.92,False,-1,True,True,0.75,0.0,-0.0,False,False,0.259,0.0,35.21,1378,33.15,,,,,0,False,False,0.0,False,7.23,5.55,20.0,
113.2,122698,614.926,-713.55,-0.009,5.262,30.0,1378,-1,26.18,False,-1,True,True,0.75,0.0,-0.0,False,False,0.255,-0.0,35.21,1378,33.15,,,,,0,False,False,0.0,False,6.97,5.62,20.0,
113.25,122699,615.145,-713.395,-0.009,5.431,30.0,1378,-1,26.45,False,-1,True,True,0.75,0.0,-0.0,False,False,0.259,0.0,35.203,1378,33.15,,,,,0,False,False,0.0,False,6.7,5.63,20.0,
113.3,122700,615.365,-713.24,-0.009,5.347,30.0,1378,-1,26.72,False,-1,True,True,0.502,0.0,0.001,False,False,0.229,-0.001,35.226,1378,33.15,,,,,0,False,False,0.0,False,6.43,5.72,20.0,
113.35,122701,615.584,-713.086,-0.009,5.384,30.0,1378,-1,26.99,False,-1,True,True,0.75,0.0,-0.002,False,False,0.184,0.002,35.202,1378,33.15,,,,,0,False,False,0.0,False,6.17,5.67,20.0,
113.4,122702,615.802,-712.932,-0.008,5.295,30.0,1378,-1,27.26,False,-1,True,True,0.657,0.0,0.002,False,False,0.134,-0.001,35.237,1378,33.15,,,,,0,False,False,0.0,False,5.9,5.69,20.0,
113.45,122703,616.019,-712.779,-0.008,5.355,30.0,1378,-1,27.52,False,-1,True,True,0.75,0.0,-0.003,False,False,0.105,0.003,35.214,1378,33.15,,,,,0,False,False,0.0,False,5.63,5.65,20.0,
113.5,122704,616.237,-712.626,-0.008,5.294,30.0,1378,-1,27.79,False,-1,True,True,0.75,0.0,0.0,False,False,0.084,0.002,35.243,1378,37.05,,,,,0,False,False,0.0,False,9.27,5.68,20.0,
113.55,122705,616.455,-712.472,-0.008,5.387,30.0,1378,-1,28.05,False,-1,True,True,0.75,0.0,-0.003,False,False,0.085,0.005,35.214,1378,37.05,,,,,0,False,False,0.0,False,9.0,5.65,20.0,
113.6,122706,616.673,-712.318,-0.008,5.311,30.0,1378,-1,28.32,False,-1,True,True,0.63,0.0,0.002,False,False,0.078,0.0,35.238,1378,37.05,,,,,0,False,False,0.0,False,8.73,5.69,20.0,
113.65,122707,616.892,-712.164,-0.008,5.378,30.0,1378,-1,28.59,False,-1,True,True,0.75,0.0,-0.003,False,False,0.077,0.002,35.205,1378,37.05,,,,,0,False,False,0.0,False,8.47,5.66,20.0,
113.7,122708,617.117,-712.005,-0.008,5.653,30.0,1378,-1,28.86,False,-1,True,True,0.659,0.0,0.002,False,False,0.137,-0.003,35.195,1378,37.05,,,,,0,False,False,0.0,False,8.19,5.69,20.0,
113.75,122709,617.36,-711.833,-0.01,6.104,30.0,1378,-1,29.16,False,-1,True,True,0.0,0.3,0.001,False,False,0.293,-0.005,35.183,1378,37.05,,,,,0,False,False,0.0,False,7.89,5.83,20.0,
113.8,122710,617.614,-711.654,-0.01,6.222,30.0,1378,-1,29.47,False,-1,True,True,0.0,0.3,0.001,False,False,0.383,-0.005,35.184,1378,37.05,,,,,0,False,False,0.0,False,7.58,6.05,20.0,
113.85,122711,617.871,-711.472,-0.011,6.329,30.0,1378,-1,29.79,False,-1,True,True,0.0,0.3,0.0,False,False,0.39,-0.003,35.186,1378,37.05,,,,,0,False,False,0.0,False,7.27,6.11,20.0,
113.9,122712,618.126,-711.292,-0.01,6.196,30.0,1378,-1,30.1,False,-1,True,True,0.0,0.3,0.0,False,False,0.317,-0.0,35.187,1378,37.05,,,,,0,False,False,0.0,False,6.96,6.16,20.0,
113.95,122713,618.377,-711.115,-0.009,6.127,30.0,1378,-1,30.41,False,-1,True,True,0.0,0.3,0.0,False,False,0.213,0.001,35.201,1378,37.05,,,,,0,False,False,0.0,False,6.65,6.1,20.0,
114.0,122714,618.621,-710.943,-0.008,5.896,30.0,1378,-1,30.71,False,-1,True,True,0.0,0.3,-0.001,False,False,0.091,0.004,35.176,1378,37.05,,,,,0,False,False,0.0,False,6.35,6.06,20.0,
114.05,122715,618.858,-710.776,-0.007,5.768,30.0,1378,-1,31.0,False,-1,True,True,0.0,0.3,0.002,False,False,-0.013,0.001,35.204,1378,37.05,,,,,0,False,False,0.0,False,6.06,5.95,20.0,
114.1,122716,619.087,-710.615,-0.006,5.506,30.0,1378,-1,31.28,False,-1,True,True,0.0,0.3,-0.002,False,False,-0.107,0.004,35.178,1378,37.05,,,,,0,False,False,0.0,False,5.78,5.88,20.0,
114.15,122717,619.308,-710.459,-0.006,5.398,30.0,1378,-1,31.55,False,-1,True,True,0.145,0.0,0.002,False,False,-0.169,-0.0,35.206,1378,37.05,,,,,0,False,False,0.0,False,5.51,5.75,20.0,
114.2,122718,619.523,-710.307,-0.005,5.191,30.0,1378,-1,31.81,False,-1,True,True,0.536,0.0,-0.003,False,False,-0.204,0.003,35.171,1378,40.95,,,,,0,False,False,0.0,False,9.15,5.7,20.0,
114.25,122719,619.734,-710.158,-0.005,5.141,30.0,1378,-1,32.07,False,-1,True,True,0.75,0.0,0.003,False,False,-0.208,-0.002,35.193,1378,40.95,,,,,0,False,False,0.0,False,8.89,5.6,20.0,
114.3,122720,619.941,-710.012,-0.005,5.033,30.0,1378,-1,32.32,False,-1,True,True,0.75,0.0,-0.002,False,False,-0.19,-0.0,35.15,1378,40.95,,,,,0,False,False,0.0,False,8.63,5.57,20.0,
114.35,122721,620.149,-709.866,-0.006,5.1,30.0,1378,-1,32.58,False,-1,True,True,0.75,0.0,0.004,False,False,-0.136,-0.005,35.178,1378,40.95,,,,,0,False,False,0.0,False,8.38,5.52,20.0,
114.4,122722,620.353,-709.721,-0.006,4.842,30.0,1378,-1,32.83,False,-1,True,True,0.75,0.0,-0.002,False,False,-0.114,-0.001,35.164,1378,40.95,,,,,0,False,False,0.0,False,8.13,5.55,20.0,
114.45,122723,620.543,-709.588,-0.006,4.531,30.0,1378,-1,33.06,False,-1,True,True,0.75,0.0,0.002,False,False,-0.188,-0.001,35.181,1378,40.95,,,,,0,False,False,0.0,False,7.9,5.42,20.0,
114.5,122724,620.722,-709.461,-0.005,4.314,30.0,1378,-1,33.28,False,-1,True,True,0.75,0.0,-0.001,False,False,-0.258,0.002,35.185,1378,40.95,,,,,0,False,False,0.0,False,7.68,5.27,20.0,
114.55,122725,620.895,-709.339,-0.005,4.209,30.0,1378,-1,33.49,False,-1,True,True,0.75,0.0,-0.0,False,False,-0.277,0.003,35.184,1378,40.95,,,,,0,False,False,0.0,False,7.47,5.16,20.0,
114.6,122726,621.067,-709.219,-0.005,4.181,30.0,1378,-1,33.7,False,-1,True,True,0.75,0.0,0.0,False,False,-0.245,0.002,35.185,1378,40.95,,,,,0,False,False,0.0,False,7.26,5.1,20.0,
114.65,122727,621.239,-709.097,-0.006,4.205,30.0,1378,-1,33.91,False,-1,True,True,0.75,0.0,0.0,False,False,-0.18,0.001,35.185,1378,40.95,,,,,0,False,False,0.0,False,7.05,5.09,20.0,
114.7,122728,621.412,-708.975,-0.006,4.261,30.0,1378,-1,34.12,False,-1,True,True,0.75,0.0,0.0,False,False,-0.1,0.001,35.186,1378,40.95,,,,,0,False,False,0.0,False,6.83,5.1,20.0,
114.75,122729,621.589,-708.85,-0.007,4.336,30.0,1378,-1,34.34,False,-1,True,True,0.75,0.0,0.0,False,False,-0.02,0.001,35.186,1378,40.95,,,,,0,False,False,0.0,False,6.62,5.13,20.0,
114.8,122730,621.769,-708.724,-0.008,4.423,30.0,1378,-1,34.56,False,-1,True,True,0.75,0.0,0.0,False,False,0.051,0.0,35.186,1378,40.95,,,,,0,False,False,0.0,False,6.4,5.17,20.0,
114.85,122731,621.952,-708.594,-0.008,4.517,30.0,1378,-1,34.78,False,-1,True,True,0.75,0.0,0.0,False,False,0.11,0.0,35.187,1378,40.95,,,,,0,False,False,0.0,False,6.17,5.21,20.0,
114.9,122732,622.139,-708.462,-0.009,4.616,30.0,1378,-1,35.01,False,-1,True,True,0.75,0.0,0.0,False,False,0.156,0.0,35.187,1378,40.95,,,,,0,False,False,0.0,False,5.94,5.26,20.0,
114.95,122733,622.331,-708.327,-0.009,4.717,30.0,1378,-1,35.25,False,-1,True,True,0.75,0.0,-0.0,False,False,0.19,0.0,35.187,1378,40.95,,,,,0,False,False,0.0,False,5.71,5.31,20.0,
115.0,122734,622.526,-708.19,-0.009,4.82,30.0,1378,-1,35.48,False,-1,True,True,0.75,0.0,0.0,False,False,0.215,-0.0,35.187,1378,40.95,,,,,0,False,False,0.0,False,5.47,5.36,20.0,
115.05,122735,622.726,-708.049,-0.009,4.924,30.0,1378,-1,35.73,False,-1,True,True,0.75,0.0,0.0,False,False,0.232,-0.0,35.187,1378,40.95,,,,,0,False,False,0.0,False,5.23,5.41,20.0,
115.1,122736,622.93,-707.905,-0.009,5.027,30.0,1378,-1,35.98,False,-1,True,True,0.75,0.0,-0.0,False,False,0.244,0.001,35.186,1378,44.85,,,,,0,False,False,0.0,False,8.88,5.46,20.0,
115.15,122737,623.138,-707.758,-0.009,5.128,30.0,1378,-1,36.23,False,-1,True,True,0.75,0.0,0.0,False,False,0.252,0.001,35.185,1378,44.85,,,,,0,False,False,0.0,False,8.62,5.51,20.0,
115.2,122738,623.35,-707.609,-0.009,5.266,30.0,1378,-1,36.49,False,-1,True,True,0.75,0.0,0.0,False,False,0.257,0.0,35.184,1378,44.85,,,,,0,False,False,0.0,False,8.36,5.56,20.0,
115.25,122739,623.565,-707.457,-0.009,5.254,30.0,1378,-1,36.76,False,-1,True,True,0.75,0.0,0.0,False,False,0.248,-0.0,35.201,1378,44.85,,,,,0,False,False,0.0,False,8.1,5.63,20.0,
115.3,122740,623.781,-707.305,-0.009,5.301,30.0,1378,-1,37.02,False,-1,True,True,0.75,0.0,-0.002,False,False,0.215,0.003,35.173,1378,44.85,,,,,0,False,False,0.0,False,7.84,5.63,20.0,
115.35,122741,623.995,-707.154,-0.008,5.224,30.0,1378,-1,37.28,False,-1,True,True,0.75,0.0,0.002,False,False,0.168,-0.002,35.209,1378,44.85,,,,,0,False,False,0.0,False,7.57,5.65,20.0,
115.4,122742,624.21,-707.003,-0.008,5.304,30.0,1378,-1,37.54,False,-1,True,True,0.75,0.0,-0.003,False,False,0.14,0.003,35.186,1378,44.85,,,,,0,False,False,0.0,False,7.31,5.61,20.0,
115.45,122743,624.426,-706.851,-0.008,5.258,30.0,1378,-1,37.81,False,-1,True,True,0.75,0.0,0.002,False,False,0.119,-0.001,35.219,1378,44.85,,,,,0,False,False,0.0,False,7.05,5.65,20.0,
115.5,122744,624.642,-706.698,-0.008,5.325,30.0,1378,-1,38.07,False,-1,True,True,0.75,0.0,-0.003,False,False,0.109,0.003,35.194,1378,44.85,,,,,0,False,False,0.0,False,6.78,5.63,20.0,
115.55,122745,624.858,-706.546,-0.008,5.25,30.0,1378,-1,38.34,False,-1,True,True,0.75,0.0,0.002,False,False,0.092,-0.001,35.222,1378,44.85,,,,,0,False,False,0.0,False,6.52,5.66,20.0,
115.6,122746,625.082,-706.389,-0.008,5.674,30.0,1378,-1,38.61,False,-1,True,True,0.75,0.0,-0.003,False,False,0.154,0.002,35.231,1378,44.85,,,,,0,False,False,0.0,False,6.25,5.63,20.0,
115.65,122747,625.323,-706.219,-0.01,5.994,30.0,1378,-1,38.91,False,-1,True,True,0.0,0.3,-0.002,False,False,0.301,0.003,35.238,1378,44.85,,,,,0,False,False,0.0,False,5.95,5.84,20.0,
115.7,122748,625.577,-706.041,-0.011,6.281,30.0,1378,-1,39.22,False,-1,True,True,0.0,0.3,-0.002,False,False,0.406,0.004,35.23,1378,48.75,,,,,0,False,False,0.0,False,9.54,6.0,20.0,
115.75,122749,625.833,-705.86,-0.011,6.271,30.0,1378,-1,39.53,False,-1,True,True,0.0,0.3,-0.001,False,False,0.41,0.001,35.221,1378,48.75,,,,,0,False,False,0.0,False,9.23,6.14,20.0,
115.8,122750,626.09,-705.679,-0.01,6.284,30.0,1378,-1,39.84,False,-1,True,True,0.0,0.3,-0.0,False,False,0.348,-0.002,35.215,1378,48.75,,,,,0,False,False,0.0,False,8.91,6.14,20.0,
115.85,122751,626.341,-705.502,-0.009,6.097,30.0,1378,-1,40.15,False,-1,True,True,0.0,0.3,-0.0,False,False,0.235,-0.004,35.223,1378,48.75,,,,,0,False,False,0.0,False,8.6,6.14,20.0,
115.9,122752,626.587,-705.328,-0.008,5.99,30.0,1378,-1,40.45,False,-1,True,True,0.0,0.3,-0.002,False,False,0.118,-0.002,35.193,1378,48.75,,,,,0,False,False,0.0,False,8.3,6.05,20.0,
115.95,122753,626.825,-705.16,-0.007,5.743,30.0,1378,-1,40.74,False,-1,True,True,0.0,0.3,0.002,False,False,0.002,-0.006,35.217,1378,48.75,,,,,0,False,False,0.0,False,8.01,5.99,20.0,
116.0,122754,627.056,-704.998,-0.006,5.606,30.0,1378,-1,41.03,False,-1,True,True,0.0,0.3,-0.002,False,False,-0.089,-0.002,35.187,1378,48.75,,,,,0,False,False,0.0,False,7.73,5.87,20.0,
116.05,122755,627.278,-704.841,-0.006,5.349,30.0,1378,-1,41.3,False,-1,True,True,0.0,0.215,0.002,False,False,-0.165,-0.004,35.215,1378,48.75,,,,,0,False,False,0.0,False,7.46,5.8,20.0,
116.1,122756,627.493,-704.689,-0.005,5.248,30.0,1378,-1,41.56,False,-1,True,True,0.711,0.0,-0.003,False,False,-0.208,0.0,35.188,1378,48.75,,,,,0,False,False,0.0,False,7.19,5.67,20.0,
116.15,122757,627.703,-704.542,-0.005,5.046,30.0,1378,-1,41.82,False,-1,True,True,0.75,0.0,0.002,False,False,-0.228,-0.001,35.223,1378,48.75,,,,,0,False,False,0.0,False,6.94,5.62,20.0,
116.2,122758,627.909,-704.396,-0.005,5.068,30.0,1378,-1,42.07,False,-1,True,True,0.75,0.0,-0.003,False,False,-0.204,0.004,35.218,1378,48.75,,,,,0,False,False,0.0,False,6.69,5.52,20.0,
116.25,122759,628.116,-704.251,-0.006,5.05,30.0,1378,-1,42.32,False,-1,True,True,0.75,0.0,-0.0,False,False,-0.155,0.003,35.211,1378,48.75,,,,,0,False,False,0.0,False,6.43,5.53,20.0,
116.3,122760,628.32,-704.107,-0.006,4.867,30.0,1378,-1,42.57,False,-1,True,True,0.75,0.0,-0.0,False,False,-0.12,0.0,35.219,1378,48.75,,,,,0,False,False,0.0,False,6.18,5.52,20.0,
116.35,122761,628.508,-703.974,-0.005,4.477,30.0,1378,-1,42.8,False,-1,True,True,0.75,0.0,-0.001,False,False,-0.202,-0.001,35.241,1378,48.75,,,,,0,False,False,0.0,False,5.95,5.43,20.0,
116.4,122762,628.684,-703.85,-0.005,4.233,30.0,1378,-1,43.02,False,-1,True,True,0.75,0.0,-0.003,False,False,-0.282,0.001,35.239,1378,48.75,,,,,0,False,False,0.0,False,5.74,5.24,20.0,
116.45,122763,628.854,-703.731,-0.005,4.107,30.0,1378,-1,43.23,False,-1,True,True,0.75,0.0,-0.001,False,False,-0.309,0.001,35.232,1378,48.75,,,,,0,False,False,0.0,False,5.53,5.12,20.0,
116.5,122764,629.021,-703.613,-0.005,4.068,30.0,1378,-1,43.43,False,-1,True,True,0.75,0.0,-0.001,False,False,-0.279,-0.001,35.227,1378,48.75,,,,,0,False,False,0.0,False,5.33,5.05,20.0,
116.55,122765,629.188,-703.495,-0.005,4.085,30.0,1378,-1,43.63,False,-1,True,True,0.75,0.0,-0.001,False,False,-0.212,-0.002,35.224,1378,48.75,,,,,0,False,False,0.0,False,5.12,5.03,20.0,
116.6,122766,629.356,-703.376,-0.006,4.137,30.0,1378,-1,43.84,False,-1,True,True,0.75,0.0,-0.001,False,False,-0.127,-0.002,35.221,1378,48.75,,,,,0,False,False,0.0,False,4.92,5.04,20.0,
116.65,122767,629.528,-703.255,-0.007,4.21,30.0,1378,-1,44.05,False,-1,True,True,0.75,0.0,-0.001,False,False,-0.042,0.0,35.215,1378,52.65,,,,,0,False,False,0.0,False,8.61,5.07,20.0,
116.7,122768,629.702,-703.132,-0.008,4.297,30.0,1378,-1,44.26,False,-1,True,True,0.75,0.0,-0.0,False,False,0.035,0.0,35.21,1378,52.65,,,,,0,False,False,0.0,False,8.39,5.11,20.0,
116.75,122769,629.881,-703.006,-0.008,4.391,30.0,1378,-1,44.48,False,-1,True,True,0.75,0.0,-0.0,False,False,0.098,-0.0,35.208,1378,52.65,,,,,0,False,False,0.0,False,8.17,5.15,20.0,
116.8,122770,630.063,-702.878,-0.009,4.49,30.0,1378,-1,44.7,False,-1,True,True,0.75,0.0,-0.0,False,False,0.148,-0.0,35.205,1378,52.65,,,,,0,False,False,0.0,False,7.95,5.2,20.0,
116.85,122771,630.249,-702.747,-0.009,4.593,30.0,1378,-1,44.93,False,-1,True,True,0.75,0.0,-0.0,False,False,0.186,-0.0,35.203,1378,52.65,,,,,0,False,False,0.0,False,7.72,5.25,20.0,
116.9,122772,630.44,-702.612,-0.009,4.696,30.0,1378,-1,45.17,False,-1,True,True,0.75,0.0,-0.0,False,False,0.213,-0.0,35.202,1378,52.65,,,,,0,False,False,0.0,False,7.49,5.3,20.0,
116.95,122773,630.634,-702.475,-0.009,4.801,30.0,1378,-1,45.4,False,-1,True,True,0.75,0.0,-0.0,False,False,0.231,-0.0,35.2,1378,52.65,,,,,0,False,False,0.0,False,7.25,5.35,20.0,
117.0,122774,630.833,-702.335,-0.009,4.905,30.0,1378,-1,45.65,False,-1,True,True,0.75,0.0,-0.0,False,False,0.244,-0.0,35.199,1378,52.65,,,,,0,False,False,0.0,False,7.01,5.4,20.0,
117.05,122775,631.036,-702.192,-0.009,5.009,30.0,1378,-1,45.9,False,-1,True,True,0.75,0.0,-0.0,False,False,0.252,-0.0,35.197,1378,52.65,,,,,0,False,False,0.0,False,6.76,5.45,20.0,
117.1,122776,631.243,-702.046,-0.009,5.114,30.0,1378,-1,46.15,False,-1,True,True,0.75,0.0,-0.0,False,False,0.257,-0.0,35.197,1378,52.65,,,,,0,False,False,0.0,False,6.51,5.5,20.0,
117.15,122777,631.455,-701.897,-0.009,5.173,30.0,1378,-1,46.41,False,-1,True,True,0.75,0.0,-0.0,False,False,0.257,-0.0,35.196,1378,52.65,,,,,0,False,False,0.0,False,6.25,5.56,20.0,
117.2,122778,631.67,-701.745,-0.009,5.34,30.0,1378,-1,46.67,False,-1,True,True,0.75,0.0,-0.0,False,False,0.259,-0.0,35.203,1378,52.65,,,,,0,False,False,0.0,False,5.98,5.59,20.0,
117.25,122779,631.886,-701.592,-0.009,5.253,30.0,1378,-1,46.94,False,-1,True,True,0.75,0.0,-0.001,False,False,0.227,0.002,35.177,1378,52.65,,,,,0,False,False,0.0,False,5.72,5.67,20.0,
117.3,122780,632.102,-701.44,-0.009,5.312,30.0,1378,-1,47.2,False,-1,True,True,0.75,0.0,0.002,False,False,0.187,-0.003,35.201,1378,52.65,,,,,0,False,False,0.0,False,5.46,5.63,20.0,
117.35,122781,632.317,-701.288,-0.008,5.247,30.0,1378,-1,47.46,False,-1,True,True,0.75,0.0,-0.002,False,False,0.146,0.002,35.165,1378,56.55,,,,,0,False,False,0.0,False,9.09,5.66,20.0,
117.4,122782,632.533,-701.136,-0.008,5.337,30.0,1378,-1,47.73,False,-1,True,True,0.75,0.0,0.003,False,False,0.128,-0.002,35.186,1378,56.55,,,,,0,False,False,0.0,False,8.83,5.62,20.0,
117.45,122783,632.75,-700.983,-0.008,5.274,30.0,1378,-1,47.99,False,-1,True,True,0.75,0.0,-0.002,False,False,0.111,0.001,35.156,1378,56.55,,,,,0,False,False,0.0,False,8.56,5.67,20.0,
117.5,122784,632.967,-700.83,-0.008,5.342,30.0,1378,-1,48.26,False,-1,True,True,0.75,0.0,0.003,False,False,0.101,-0.003,35.187,1378,56.55,,,,,0,False,False,0.0,False,8.3,5.64,20.0,
117.55,122785,633.185,-700.676,-0.008,5.422,30.0,1378,-1,48.53,False,-1,True,True,0.75,0.0,-0.002,False,False,0.104,0.002,35.185,1378,56.55,,,,,0,False,False,0.0,False,8.03,5.67,20.0,
117.6,122786,633.421,-700.51,-0.009,5.951,30.0,1378,-1,48.81,False,-1,True,True,0.504,0.0,0.0,False,False,0.246,0.003,35.207,1378,56.55,,,,,0,False,False,0.0,False,7.74,5.71,20.0,
117.65,122787,633.672,-700.333,-0.01,6.184,30.0,1378,-1,49.12,False,-1,True,True,0.0,0.3,-0.002,False,False,0.378,0.005,35.209,1378,56.55,,,,,0,False,False,0.0,False,7.44,5.98,20.0,
117.7,122788,633.93,-700.152,-0.011,6.367,30.0,1378,-1,49.44,False,-1,True,True,0.0,0.3,-0.001,False,False,0.429,0.004,35.204,1378,56.55,,,,,0,False,False,0.0,False,7.12,6.09,20.0,
117.75,122789,634.188,-699.97,-0.01,6.283,30.0,1378,-1,49.75,False,-1,True,True,0.0,0.3,-0.0,False,False,0.383,0.001,35.201,1378,56.55,,,,,0,False,False,0.0,False,6.8,6.18,20.0,
117.8,122790,634.443,-699.789,-0.01,6.246,30.0,1378,-1,50.06,False,-1,True,True,0.0,0.3,-0.0,False,False,0.288,-0.001,35.196,1378,56.55,,,,,0,False,False,0.0,False,6.49,6.14,20.0,
117.85,122791,634.693,-699.614,-0.009,6.032,30.0,1378,-1,50.37,False,-1,True,True,0.0,0.3,-0.0,False,False,0.165,-0.002,35.209,1378,56.55,,,,,0,False,False,0.0,False,6.19,6.12,20.0,
117.9,122792,634.935,-699.443,-0.008,5.911,30.0,1378,-1,50.67,False,-1,True,True,0.0,0.3,-0.002,False,False,0.05,-0.0,35.18,1378,56.55,,,,,0,False,False,0.0,False,5.89,6.02,20.0,
117.95,122793,635.17,-699.277,-0.007,5.655,30.0,1378,-1,50.95,False,-1,True,True,0.0,0.3,0.002,False,False,-0.057,-0.004,35.205,1378,60.45,,,,,0,False,False,0.0,False,9.5,5.96,20.0,
118.0,122794,635.397,-699.117,-0.006,5.513,30.0,1378,-1,51.23,False,-1,True,True,0.0,0.3,-0.002,False,False,-0.137,-0.0,35.176,1378,60.45,,,,,0,False,False,0.0,False,9.22,5.83,20.0,
118.05,122795,635.616,-698.963,-0.005,5.274,30.0,1378,-1,51.5,False,-1,True,True,0.117,0.0,0.002,False,False,-0.198,-0.003,35.205,1378,60.45,,,,,0,False,False,0.0,False,8.96,5.76,20.0,
118.1,122796,635.829,-698.812,-0.005,5.194,30.0,1378,-1,51.76,False,-1,True,True,0.75,0.0,-0.003,False,False,-0.221,0.002,35.183,1378,60.45,,,,,0,False,False,0.0,False,8.7,5.64,20.0,
118.15,122797,636.037,-698.666,-0.005,5.021,30.0,1378,-1,52.01,False,-1,True,True,0.75,0.0,0.001,False,False,-0.227,0.001,35.222,1378,60.45,,,,,0,False,False,0.0,False,8.44,5.6,20.0,
118.2,122798,636.244,-698.52,-0.005,5.093,30.0,1378,-1,52.27,False,-1,True,True,0.75,0.0,-0.004,False,False,-0.18,0.005,35.201,1378,60.45,,,,,0,False,False,0.0,False,8.19,5.51,20.0,
118.25,122799,636.451,-698.375,-0.006,5.017,30.0,1378,-1,52.52,False,-1,True,True,0.75,0.0,0.001,False,False,-0.126,0.002,35.229,1378,60.45,,,,,0,False,False,0.0,False,7.94,5.55,20.0,
118.3,122800,636.646,-698.237,-0.006,4.611,30.0,1378,-1,52.76,False,-1,True,True,0.75,0.0,-0.003,False,False,-0.174,0.003,35.197,1378,60.45,,,,,0,False,False,0.0,False,7.7,5.51,20.0,
118.35,122801,636.826,-698.11,-0.005,4.309,30.0,1378,-1,52.98,False,-1,True,True,0.75,0.0,0.002,False,False,-0.266,-0.001,35.186,1378,60.45,,,,,0,False,False,0.0,False,7.48,5.31,20.0,
118.4,122802,636.997,-697.989,-0.005,4.139,30.0,1378,-1,53.19,False,-1,True,True,0.75,0.0,0.001,False,False,-0.315,-0.004,35.187,1378,60.45,,,,,0,False,False,0.0,False,7.27,5.15,20.0,
118.45,122803,637.164,-697.872,-0.005,4.067,30.0,1378,-1,53.39,False,-1,True,True,0.75,0.0,-0.0,False,False,-0.305,-0.003,35.187,1378,60.45,,,,,0,False,False,0.0,False,7.06,5.07,20.0,
118.5,122804,637.331,-697.754,-0.005,4.064,30.0,1378,-1,53.6,False,-1,True,True,0.75,0.0,-0.0,False,False,-0.249,-0.002,35.187,1378,60.45,,,,,0,False,False,0.0,False,6.86,5.03,20.0,
118.55,122805,637.498,-697.636,-0.006,4.104,30.0,1378,-1,53.8,False,-1,True,True,0.75,0.0,-0.0,False,False,-0.167,-0.001,35.187,1378,60.45,,,,,0,False,False,0.0,False,6.65,5.03,20.0,
118.6,122806,637.668,-697.516,-0.007,4.17,30.0,1378,-1,54.01,False,-1,True,True,0.75,0.0,-0.0,False,False,-0.079,-0.001,35.187,1378,60.45,,,,,0,False,False,0.0,False,6.45,5.05,20.0,
118.65,122807,637.841,-697.394,-0.007,4.252,30.0,1378,-1,54.22,False,-1,True,True,0.75,0.0,-0.0,False,False,0.003,-0.0,35.186,1378,60.45,,,,,0,False,False,0.0,False,6.23,5.08,20.0,
118.7,122808,638.017,-697.27,-0.008,4.344,30.0,1378,-1,54.44,False,-1,True,True,0.75,0.0,0.0,False,False,0.073,-0.0,35.186,1378,60.45,,,,,0,False,False,0.0,False,6.02,5.13,20.0,
118.75,122809,638.198,-697.143,-0.008,4.441,30.0,1378,-1,54.66,False,-1,True,True,0.75,0.0,-0.0,False,False,0.129,-0.0,35.186,1378,60.45,,,,,0,False,False,0.0,False,5.8,5.17,20.0,
118.8,122810,638.382,-697.013,-0.009,4.543,30.0,1378,-1,54.88,False,-1,True,True,0.75,0.0,-0.0,False,False,0.171,0.0,35.186,1378,60.45,,,,,0,False,False,0.0,False,5.57,5.22,20.0,
118.85,122811,638.57,-696.88,-0.009,4.646,30.0,1378,-1,55.11,False,-1,True,True,0.75,0.0,-0.0,False,False,0.203,0.0,35.185,1378,60.45,,,,,0,False,False,0.0,False,5.34,5.27,20.0,
118.9,122812,638.763,-696.744,-0.009,4.75,30.0,1378,-1,55.35,False,-1,True,True,0.75,0.0,-0.0,False,False,0.225,0.0,35.185,1378,60.45,,,,,0,False,False,0.0,False,5.11,5.32,20.0,
118.95,122813,638.96,-696.605,-0.009,4.855,30.0,1378,-1,55.59,False,-1,True,True,0.75,0.0,-0.0,False,False,0.24,0.0,35.184,1378,64.35,,,,,0,False,False,0.0,False,8.77,5.38,20.0,
119.0,122814,639.161,-696.464,-0.009,4.959,30.0,1378,-1,55.84,False,-1,True,True,0.75,0.0,-0.0,False,False,0.249,0.0,35.184,1378,64.35,,,,,0,False,False,0.0,False,8.52,5.43,20.0,
119.05,122815,639.366,-696.319,-0.009,5.063,30.0,1378,-1,56.09,False,-1,True,True,0.75,0.0,-0.0,False,False,0.256,0.0,35.183,1378,64.35,,,,,0,False,False,0.0,False,8.27,5.48,20.0,
119.1,122816,639.575,-696.171,-0.009,5.15,30.0,1378,-1,56.34,False,-1,True,True,0.75,0.0,-0.0,False,False,0.258,0.0,35.183,1378,64.35,,,,,0,False,False,0.0,False,8.01,5.53,20.0,
119.15,122817,639.789,-696.021,-0.009,5.302,30.0,1378,-1,56.61,False,-1,True,True,0.75,0.0,-0.0,False,False,0.261,0.0,35.182,1378,64.35,,,,,0,False,False,0.0,False,7.75,5.58,20.0,
119.2,122818,640.006,-695.867,-0.009,5.325,30.0,1378,-1,56.87,False,-1,True,True,0.75,0.0,-0.0,False,False,0.256,0.0,35.188,1378,64.35,,,,,0,False,False,0.0,False,7.48,5.65,20.0,
119.25,122819,640.226,-695.712,-0.009,5.396,30.0,1378,-1,57.14,False,-1,True,True,0.75,0.0,-0.001,False,False,0.238,0.001,35.169,1378,64.35,,,,,0,False,False,0.0,False,7.22,5.66,20.0,
119.3,122820,640.444,-695.559,-0.009,5.311,30.0,1378,-1,57.41,False,-1,True,True,0.624,0.0,0.002,False,False,0.19,-0.002,35.203,1378,64.35,,,,,0,False,False,0.0,False,6.95,5.7,20.0,
119.35,122821,640.662,-695.405,-0.008,5.372,30.0,1378,-1,57.67,False,-1,True,True,0.75,0.0,-0.003,False,False,0.152,0.003,35.179,1378,64.35,,,,,0,False,False,0.0,False,6.68,5.66,20.0,
119.4,122822,640.88,-695.252,-0.008,5.309,30.0,1378,-1,57.94,False,-1,True,True,0.696,0.0,0.002,False,False,0.12,-0.0,35.212,1378,64.35,,,,,0,False,False,0.0,False,6.42,5.69,20.0,
119.45,122823,641.099,-695.097,-0.008,5.398,30.0,1378,-1,58.21,False,-1,True,True,0.75,0.0,-0.003,False,False,0.109,0.003,35.188,1378,64.35,,,,,0,False,False,0.0,False,6.15,5.65,20.0,
119.5,122824,641.318,-694.943,-0.008,5.329,30.0,1378,-1,58.48,False,-1,True,True,0.595,0.0,0.001,False,False,0.095,-0.0,35.22,1378,64.35,,,,,0,False,False,0.0,False,5.88,5.7,20.0,
119.55,122825,641.538,-694.789,-0.008,5.396,30.0,1378,-1,58.74,False,-1,True,True,0.75,0.0,-0.003,False,False,0.089,0.003,35.19,1378,64.35,,,,,0,False,False,0.0,False,5.61,5.66,20.0,
119.6,122826,641.76,-694.632,-0.008,5.575,30.0,1378,-1,59.02,False,-1,True,True,0.596,0.0,0.002,False,False,0.118,-0.002,35.223,1378,68.25,,,,,0,False,False,0.0,False,9.24,5.7,20.0,
119.65,122827,642.001,-694.462,-0.009,6.046,30.0,1378,-1,59.31,False,-1,True,True,0.0,0.052,-0.003,False,False,0.265,0.002,35.236,1378,68.25,,,,,0,False,False,0.0,False,8.94,5.79,20.0,
119.7,122828,642.254,-694.285,-0.01,6.186,30.0,1378,-1,59.62,False,-1,True,True,0.0,0.3,-0.002,False,False,0.367,0.005,35.228,1378,68.25,,,,,0,False,False,0.0,False,8.64,6.02,20.0,
119.75,122829,642.51,-694.105,-0.01,6.293,30.0,1378,-1,59.93,False,-1,True,True,0.0,0.3,-0.001,False,False,0.382,0.002,35.219,1378,68.25,,,,,0,False,False,0.0,False,8.32,6.09,20.0,
119.8,122830,642.763,-693.926,-0.01,6.158,30.0,1378,-1,60.24,False,-1,True,True,0.0,0.3,-0.0,False,False,0.312,-0.002,35.215,1378,68.25,,,,,0,False,False,0.0,False,8.01,6.15,20.0,
119.85,122831,643.012,-693.75,-0.009,6.089,30.0,1378,-1,60.55,False,-1,True,True,0.0,0.3,-0.001,False,False,0.21,-0.003,35.198,1378,68.25,,,,,0,False,False,0.0,False,7.71,6.08,20.0,
119.9,122832,643.255,-693.579,-0.008,5.857,30.0,1378,-1,60.84,False,-1,True,True,0.0,0.3,0.001,False,False,0.09,-0.006,35.22,1378,68.25,,,,,0,False,False,0.0,False,7.41,6.04,20.0,
119.95,122833,643.49,-693.413,-0.007,5.73,30.0,1378,-1,61.13,False,-1,True,True,0.0,0.3,-0.003,False,False,-0.014,-0.002,35.189,1378,68.25,,,,,0,False,False,0.0,False,7.12,5.93,20.0,
120.0,122834,643.717,-693.253,-0.006,5.468,30.0,1378,-1,61.41,False,-1,True,True,0.0,0.3,0.002,False,False,-0.107,-0.005,35.213,1378,68.25,,,,,0,False,False,0.0,False,6.85,5.86,20.0,
120.05,122835,643.937,-693.097,-0.006,5.361,30.0,1378,-1,61.68,False,-1,True,True,0.285,0.0,-0.003,False,False,-0.169,-0.001,35.184,1378,68.25,,,,,0,False,False,0.0,False,6.58,5.73,20.0,
120.1,122836,644.151,-692.947,-0.005,5.162,30.0,1378,-1,61.94,False,-1,True,True,0.671,0.0,0.002,False,False,-0.202,-0.002,35.217,1378,68.25,,,,,0,False,False,0.0,False,6.31,5.68,20.0,
120.15,122837,644.361,-692.799,-0.005,5.127,30.0,1378,-1,62.2,False,-1,True,True,0.75,0.0,-0.003,False,False,-0.201,0.002,35.192,1378,68.25,,,,,0,False,False,0.0,False,6.06,5.58,20.0,
120.2,122838,644.568,-692.653,-0.005,5.013,30.0,1378,-1,62.45,False,-1,True,True,0.75,0.0,0.002,False,False,-0.182,0.0,35.223,1378,68.25,,,,,0,False,False,0.0,False,5.8,5.56,20.0,
120.25,122839,644.775,-692.507,-0.006,5.081,30.0,1378,-1,62.7,False,-1,True,True,0.75,0.0,-0.003,False,False,-0.13,0.003,35.189,1378,68.25,,,,,0,False,False,0.0,False,5.55,5.51,20.0,
120.3,122840,644.98,-692.362,-0.006,4.925,30.0,1378,-1,62.96,False,-1,True,True,0.75,0.0,0.002,False,False,-0.092,-0.001,35.197,1378,68.25,,,,,0,False,False,0.0,False,5.3,5.54,20.0,
120.35,122841,645.173,-692.226,-0.006,4.613,30.0,1378,-1,63.19,False,-1,True,True,0.75,0.0,-0.001,False,False,-0.148,-0.001,35.213,1378,72.15,,,,,0,False,False,0.0,False,8.97,5.46,20.0,
120.4,122842,645.356,-692.098,-0.005,4.396,30.0,1378,-1,63.42,False,-1,True,True,0.75,0.0,-0.002,False,False,-0.218,0.002,35.21,1378,72.15,,,,,0,False,False,0.0,False,8.75,5.31,20.0,
120.45,122843,645.532,-691.973,-0.005,4.289,30.0,1378,-1,63.63,False,-1,True,True,0.75,0.0,-0.001,False,False,-0.243,0.001,35.205,1378,72.15,,,,,0,False,False,0.0,False,8.53,5.2,20.0,
120.5,122844,645.707,-691.85,-0.005,4.26,30.0,1378,-1,63.84,False,-1,True,True,0.75,0.0,-0.0,False,False,-0.22,-0.0,35.202,1378,72.15,,,,,0,False,False,0.0,False,8.32,5.14,20.0,
120.55,122845,645.882,-691.727,-0.006,4.282,30.0,1378,-1,64.06,False,-1,True,True,0.75,0.0,-0.0,False,False,-0.162,-0.001,35.2,1378,72.15,,,,,0,False,False,0.0,False,8.1,5.13,20.0,
120.6,122846,646.058,-691.603,-0.007,4.336,30.0,1378,-1,64.27,False,-1,True,True,0.75,0.0,-0.0,False,False,-0.089,-0.001,35.198,1378,72.15,,,,,0,False,False,0.0,False,7.89,5.14,20.0,
120.65,122847,646.238,-691.476,-0.007,4.409,30.0,1378,-1,64.49,False,-1,True,True,0.75,0.0,-0.0,False,False,-0.014,-0.001,35.196,1378,72.15,,,,,0,False,False,0.0,False,7.67,5.17,20.0,
120.7,122848,646.421,-691.347,-0.008,4.495,30.0,1378,-1,64.72,False,-1,True,True,0.75,0.0,-0.0,False,False,0.054,-0.001,35.195,1378,72.15,,,,,0,False,False,0.0,False,7.44,5.2,20.0,
120.75,122849,646.607,-691.216,-0.008,4.588,30.0,1378,-1,64.95,False,-1,True,True,0.75,0.0,-0.0,False,False,0.111,-0.0,35.193,1378,72.15,,,,,0,False,False,0.0,False,7.21,5.25,20.0,
120.8,122850,646.797,-691.082,-0.009,4.686,30.0,1378,-1,65.18,False,-1,True,True,0.75,0.0,-0.0,False,False,0.156,-0.0,35.192,1378,72.15,,,,,0,False,False,0.0,False,6.98,5.29,20.0,
120.85,122851,646.992,-690.945,-0.009,4.787,30.0,1378,-1,65.42,False,-1,True,True,0.75,0.0,-0.0,False,False,0.189,-0.0,35.191,1378,72.15,,,,,0,False,False,0.0,False,6.74,5.34,20.0,
120.9,122852,647.19,-690.805,-0.009,4.889,30.0,1378,-1,65.66,False,-1,True,True,0.75,0.0,-0.0,False,False,0.214,-0.0,35.19,1378,72.15,,,,,0,False,False,0.0,False,6.5,5.39,20.0,
120.95,122853,647.392,-690.662,-0.009,4.992,30.0,1378,-1,65.91,False,-1,True,True,0.75,0.0,-0.0,False,False,0.231,-0.0,35.189,1378,72.15,,,,,0,False,False,0.0,False,6.25,5.44,20.0,
121.0,122854,647.599,-690.516,-0.009,5.095,30.0,1378,-1,66.16,False,-1,True,True,0.75,0.0,-0.0,False,False,0.243,0.0,35.188,1378,72.15,,,,,0,False,False,0.0,False,6.0,5.5,20.0,
121.05,122855,647.81,-690.367,-0.009,5.229,30.0,1378,-1,66.42,False,-1,True,True,0.75,0.0,-0.0,False,False,0.253,0.0,35.187,1378,72.15,,,,,0,False,False,0.0,False,5.74,5.55,20.0,
121.1,122856,648.024,-690.216,-0.009,5.257,30.0,1378,-1,66.68,False,-1,True,True,0.75,0.0,-0.0,False,False,0.251,0.0,35.186,1378,72.15,,,,,0,False,False,0.0,False,5.48,5.61,20.0,
121.15,122857,648.243,-690.061,-0.009,5.429,30.0,1378,-1,66.95,False,-1,True,True,0.75,0.0,0.01,False,False,0.257,-0.02,35.224,1378,76.05,,,,,0,False,False,0.0,False,9.1,5.63,20.0,
121.2,122858,648.463,-689.905,-0.009,5.35,30.0,1378,-1,67.22,False,-1,True,True,0.511,0.0,-0.001,False,False,0.23,-0.015,35.228,1378,76.05,,,,,0,False,False,0.0,False,8.83,5.71,20.0,
121.25,122859,648.682,-689.751,-0.009,5.386,30.0,1378,-1,67.49,False,-1,True,True,0.75,0.0,0.001,False,False,0.185,-0.009,35.261,1378,76.05,,,,,0,False,False,0.0,False,8.56,5.67,20.0,
121.3,122860,648.899,-689.597,-0.008,5.297,30.0,1378,-1,67.75,False,-1,True,True,0.65,0.0,-0.002,False,False,0.136,-0.001,35.229,1378,76.05,,,,,0,False,False,0.0,False,8.29,5.69,20.0,
121.35,122861,649.116,-689.443,-0.008,5.357,30.0,1378,-1,68.02,False,-1,True,True,0.75,0.0,0.004,False,False,0.106,-0.004,35.255,1378,76.05,,,,,0,False,False,0.0,False,8.03,5.65,20.0,
121.4,122862,649.333,-689.289,-0.008,5.294,30.0,1378,-1,68.28,False,-1,True,True,0.745,0.0,-0.001,False,False,0.085,-0.0,35.226,1378,76.05,,,,,0,False,False,0.0,False,7.76,5.68,20.0,
121.45,122863,649.552,-689.135,-0.008,5.386,30.0,1378,-1,68.55,False,-1,True,True,0.75,0.0,0.004,False,False,0.085,-0.003,35.254,1378,76.05,,,,,0,False,False,0.0,False,7.49,5.65,20.0,
121.5,122864,649.769,-688.981,-0.008,5.311,30.0,1378,-1,68.82,False,-1,True,True,0.631,0.0,-0.001,False,False,0.077,0.001,35.23,1378,76.05,,,,,0,False,False,0.0,False,7.23,5.69,20.0,
121.55,122865,649.988,-688.826,-0.008,5.377,30.0,1378,-1,69.09,False,-1,True,True,0.75,0.0,0.003,False,False,0.077,-0.002,35.263,1378,76.05,,,,,0,False,False,0.0,False,6.96,5.66,20.0,
121.6,122866,650.213,-688.667,-0.008,5.652,30.0,1378,-1,69.36,False,-1,True,True,0.66,0.0,-0.002,False,False,0.137,0.003,35.275,1378,76.05,,,,,0,False,False,0.0,False,6.68,5.69,20.0,
121.65,122867,650.456,-688.496,-0.01,6.102,30.0,1378,-1,69.66,False,-1,True,True,0.0,0.3,-0.001,False,False,0.292,0.005,35.287,1378,76.05,,,,,0,False,False,0.0,False,6.39,5.83,20.0,
121.7,122868,650.71,-688.317,-0.01,6.22,30.0,1378,-1,69.97,False,-1,True,True,0.0,0.3,-0.001,False,False,0.383,0.005,35.287,1378,76.05,,,,,0,False,False,0.0,False,6.08,6.05,20.0,
121.75,122869,650.967,-688.135,-0.01,6.327,30.0,1378,-1,70.28,False,-1,True,True,0.0,0.3,-0.0,False,False,0.389,0.003,35.285,1378,76.05,,,,,0,False,False,0.0,False,5.76,6.11,20.0,
121.8,122870,651.221,-687.955,-0.01,6.193,30.0,1378,-1,70.6,False,-1,True,True,0.0,0.3,-0.0,False,False,0.316,0.0,35.286,1378,76.05,,,,,0,False,False,0.0,False,5.45,6.16,20.0,
121.85,122871,651.472,-687.777,-0.009,6.123,30.0,1378,-1,70.9,False,-1,True,True,0.0,0.3,-0.0,False,False,0.212,-0.001,35.271,1378,76.05,,,,,0,False,False,0.0,False,5.14,6.1,20.0,
121.9,122872,651.715,-687.605,-0.008,5.892,30.0,1378,-1,71.2,False,-1,True,True,0.0,0.3,0.001,False,False,0.091,-0.004,35.297,1378,76.05,,,,,0,False,False,0.0,False,4.84,6.06,20.0,
121.95,122873,651.952,-687.438,-0.007,5.764,30.0,1378,-1,71.49,False,-1,True,True,0.0,0.3,-0.002,False,False,-0.014,-0.001,35.269,1378,76.05,,,,,0,False,False,0.0,False,4.55,5.95,20.0,
122.0,122874,652.18,-687.276,-0.006,5.503,30.0,1378,-1,71.77,False,-1,True,True,0.0,0.3,0.002,False,False,-0.108,-0.004,35.295,1378,76.05,,,,,0,False,False,0.0,False,4.27,5.88,20.0,
122.05,122875,652.401,-687.12,-0.006,5.36,30.0,1378,-1,72.04,False,-1,True,True,0.0,0.3,0.002,False,False,-0.175,-0.007,35.277,1378,76.05,,,,,0,False,False,0.0,False,4.0,5.75,20.0,
122.1,122876,652.613,-686.97,-0.005,5.119,30.0,1378,-1,72.3,False,-1,True,True,0.673,0.0,0.001,False,False,-0.226,-0.006,35.314,1378,76.05,,,,,0,False,False,0.0,False,3.74,5.68,20.0,
122.15,122877,652.82,-686.823,-0.005,5.05,30.0,1378,-1,72.55,False,-1,True,True,0.75,0.0,-0.004,False,False,-0.238,0.003,35.289,1378,76.05,,,,,0,False,False,0.0,False,3.49,5.56,20.0,
122.2,122878,653.024,-686.68,-0.005,4.994,30.0,1378,-1,72.8,False,-1,True,True,0.75,0.0,0.001,False,False,-0.216,0.002,35.329,1378,76.05,,,,,0,False,False,0.0,False,3.24,5.53,20.0,
122.25,122879,653.228,-686.535,-0.006,4.991,30.0,1378,-1,73.05,False,-1,True,True,0.75,0.0,-0.004,False,False,-0.162,0.006,35.322,1378,76.05,,,,,0,False,False,0.0,False,2.99,5.5,20.0,
122.3,122880,653.428,-686.394,-0.006,4.732,30.0,1378,-1,73.3,False,-1,True,True,0.75,0.0,-0.001,False,False,-0.145,0.005,35.313,1378,76.05,,,,,0,False,False,0.0,False,2.75,5.5,20.0,
122.35,122881,653.611,-686.264,-0.005,4.365,30.0,1378,-1,73.52,False,-1,True,True,0.75,0.0,-0.0,False,False,-0.229,0.002,35.308,1378,76.05,,,,,0,False,False,0.0,False,2.52,5.37,20.0,
122.4,122882,653.783,-686.143,-0.005,4.142,30.0,1378,-1,73.73,False,-1,True,True,0.75,0.0,-0.001,False,False,-0.299,-0.0,35.305,1378,76.05,,,,,0,False,False,0.0,False,2.31,5.18,20.0,
122.45,122883,653.949,-686.025,-0.005,4.032,30.0,1378,-1,73.94,False,-1,True,True,0.75,0.0,-0.001,False,False,-0.314,-0.001,35.302,1378,76.05,,,,,0,False,False,0.0,False,2.11,5.07,20.0,
122.5,122884,654.113,-685.909,-0.005,4.005,30.0,1378,-1,74.14,False,-1,True,True,0.75,0.0,-0.0,False,False,-0.274,-0.001,35.299,1378,76.05,,,,,0,False,False,0.0,False,1.91,5.02,20.0,
122.55,122885,654.277,-685.793,-0.005,4.03,30.0,1378,-1,74.34,False,-1,True,True,0.75,0.0,-0.0,False,False,-0.201,-0.001,35.297,1378,76.05,,,,,0,False,False,0.0,False,1.71,5.0,20.0,
122.6,122886,654.443,-685.675,-0.006,4.087,30.0,1378,-1,74.54,False,-1,True,True,0.75,0.0,-0.0,False,False,-0.114,-0.001,35.295,1378,76.05,,,,,0,False,False,0.0,False,1.5,5.01,20.0,
122.65,122887,654.613,-685.556,-0.007,4.164,30.0,1378,-1,74.75,False,-1,True,True,0.75,0.0,-0.0,False,False,-0.028,-0.001,35.294,1378,76.05,,,,,0,False,False,0.0,False,1.3,5.04,20.0,
122.7,122888,654.785,-685.433,-0.008,4.252,30.0,1378,-1,74.96,False,-1,True,True,0.75,0.0,-0.0,False,False,0.047,-0.001,35.293,1378,76.05,,,,,0,False,False,0.0,False,1.08,5.08,20.0,
122.75,122889,654.962,-685.309,-0.008,4.349,30.0,1378,-1,75.18,False,-1,True,True,0.75,0.0,0.0,False,False,0.108,-0.001,35.292,1378,76.05,,,,,0,False,False,0.0,False,0.87,5.13,20.0,
122.8,122890,655.141,-685.182,-0.009,4.402,30.0,1378,-1,75.4,False,-1,True,True,0.0,1.0,0.0,False,False,0.148,-0.001,35.292,1378,76.05,,,,,0,False,False,0.0,False,0.65,5.17,20.0,
122.85,122891,655.319,-685.056,-0.008,4.324,30.0,1378,-1,75.62,False,-1,True,True,0.0,1.0,0.0,False,False,0.14,-0.001,35.292,1378,76.05,,,,,0,False,False,0.0,False,0.43,5.2,20.0,
122.9,122892,655.491,-684.934,-0.008,4.116,30.0,1378,-1,75.83,False,-1,True,True,0.0,1.0,0.0,False,False,0.071,-0.001,35.292,1378,76.05,,,,,0,False,False,0.0,False,0.22,5.16,20.0,
122.95,122893,655.651,-684.821,-0.007,3.833,30.0,1378,-1,76.02,False,-1,True,True,0.0,1.0,0.0,False,False,-0.04,-0.001,35.292,1378,76.05,,,,,0,False,False,0.0,False,0.02,5.06,20.0,
123.0,122894,655.799,-684.716,-0.006,3.531,30.0,1378,-1,76.2,False,-1,True,True,0.0,1.0,0.0,False,False,-0.158,-0.0,35.292,1378,76.05,,,,,0,False,False,0.0,False,0.16,4.92,20.0,
123.05,122895,655.935,-684.62,-0.005,3.225,30.0,1378,-1,76.37,False,-1,True,True,0.0,1.0,0.0,False,False,-0.263,-0.0,35.292,1378,76.05,,,,,0,False,False,0.0,False,0.32,4.77,20.0,
123.1,122896,656.059,-684.532,-0.004,2.923,30.0,1378,-1,76.52,False,-1,True,True,0.0,1.0,0.0,False,False,-0.345,-0.0,35.292,1378,76.05,,,,,0,False,False,0.0,False,0.48,4.61,20.0,
123.15,122897,656.17,-684.453,-0.004,2.63,30.0,1378,-1,76.66,False,-1,True,True,0.0,1.0,0.0,False,False,-0.401,-0.0,35.292,1378,76.05,,,,,0,False,False,0.0,False,0.61,4.46,20.0,
123.2,122898,656.271,-684.382,-0.003,2.35,30.0,1378,-1,76.78,False,-1,True,True,0.0,1.0,0.0,False,False,-0.435,-0.0,35.292,1378,76.05,,,,,0,False,False,0.0,False,0.74,4.32,20.0,
123.25,122899,656.36,-684.319,-0.003,2.086,30.0,1378,-1,76.89,False,-1,True,True,0.0,1.0,0.0,False,False,-0.449,0.0,35.295,1378,76.05,,,,,0,False,False,0.0,False,0.85,4.17,20.0,
123.3,122900,656.439,-684.263,-0.003,1.831,30.0,1378,-1,76.99,False,-1,True,True,0.0,1.0,0.0,False,False,-0.45,-0.0,35.285,1378,76.05,,,,,0,False,False,0.0,False,0.94,4.04,20.0,
123.35,122901,656.507,-684.215,-0.003,1.572,30.0,1378,-1,77.07,False,-1,True,True,0.0,1.0,0.0,False,False,-0.445,0.0,35.296,1378,76.05,,,,,0,False,False,0.0,False,1.03,3.92,20.0,
123.45,122903,656.575,-684.166,-0.001,0.021,,,,,,,,,0.0,1.0,0.0,True,False,,,35.222,,,,,,,,,,,,,,,
