t,frame,x,y,z,speed_mps,speed_limit_kmh,road_id,lane_id,s,is_junction,junction_id,on_road,in_plan,throttle,brake,steer,hand_brake,reverse,pitch,roll,vehicle_yaw,agent_target_road,agent_target_s,sharp_conn,sharp_s,lat_off_m,body_excess_m,n_corner_offlane,sidewalk,opposite_lane,opposite_depth_m,mesh_out,target_dist_m,min_dist_m,set_speed_kmh,in_plan_lane
0.05,22024,217.846,-1087.414,-0.007,0.001,30.0,1278,-1,0.0,False,-1,True,True,0.0,0.0,0.0,False,False,0.064,-0.0,87.211,1278,0.0,,,,,1,True,False,0.0,False,0.01,,20.0,
0.1,22025,217.846,-1087.414,-0.007,0.003,30.0,1278,-1,0.0,False,-1,True,True,0.0,0.0,0.0,False,False,0.064,-0.0,87.211,1278,5.88,,,,,1,True,False,0.0,False,5.88,3.0,20.0,
0.15,22026,217.846,-1087.414,-0.007,0.0,30.0,1278,-1,0.0,False,-1,True,True,0.75,0.0,0.0,False,False,0.064,-0.0,87.211,1278,5.88,,,,,1,True,False,0.0,False,5.88,3.0,20.0,
0.2,22027,217.846,-1087.414,-0.007,0.002,30.0,1278,-1,0.0,False,-1,True,True,0.75,0.0,0.0,False,False,0.064,-0.0,87.211,1278,5.88,,,,,1,True,False,0.0,False,5.88,3.0,20.0,
0.25,22028,217.846,-1087.414,-0.007,0.003,30.0,1278,-1,0.0,False,-1,True,True,0.75,0.0,0.0,False,False,0.064,-0.0,87.211,1278,5.88,,,,,1,True,False,0.0,False,5.88,3.0,20.0,
0.3,22029,217.846,-1087.414,-0.007,0.003,30.0,1278,-1,0.0,False,-1,True,True,0.75,0.0,0.0,False,False,0.064,-0.0,87.211,1278,5.88,,,,,1,True,False,0.0,False,5.88,3.0,20.0,
0.35,22030,217.846,-1087.414,-0.008,0.002,30.0,1278,-1,0.0,False,-1,True,True,0.75,0.0,0.0,False,False,0.064,-0.0,87.211,1278,5.88,,,,,1,True,False,0.0,False,5.88,3.0,20.0,
0.4,22031,217.846,-1087.414,-0.008,0.002,30.0,1278,-1,0.0,False,-1,True,True,0.75,0.0,0.0,False,False,0.064,-0.0,87.211,1278,5.88,,,,,1,True,False,0.0,False,5.88,3.0,20.0,
0.45,22032,217.846,-1087.414,-0.008,0.001,30.0,1278,-1,0.0,False,-1,True,True,0.75,0.0,0.0,False,False,0.064,-0.0,87.211,1278,5.88,,,,,1,True,False,0.0,False,5.88,3.0,20.0,
0.5,22033,217.846,-1087.414,-0.008,0.001,30.0,1278,-1,0.0,False,-1,True,True,0.75,0.0,0.0,False,False,0.064,-0.0,87.211,1278,5.88,,,,,1,True,False,0.0,False,5.88,3.0,20.0,
0.55,22034,217.846,-1087.414,-0.008,0.001,30.0,1278,-1,0.0,False,-1,True,True,0.75,0.0,0.0,False,False,0.064,-0.0,87.211,1278,5.88,,,,,1,True,False,0.0,False,5.88,3.0,20.0,
0.6,22035,217.846,-1087.414,-0.008,0.0,30.0,1278,-1,0.0,False,-1,True,True,0.75,0.0,0.0,False,False,0.064,-0.0,87.211,1278,5.88,,,,,1,True,False,0.0,False,5.88,3.0,20.0,
0.65,22036,217.846,-1087.414,-0.008,0.0,30.0,1278,-1,0.0,False,-1,True,True,0.75,0.0,0.0,False,False,0.064,-0.0,87.211,1278,5.88,,,,,1,True,False,0.0,False,5.88,3.0,20.0,
0.7,22037,217.846,-1087.414,-0.008,0.0,30.0,1278,-1,0.0,False,-1,True,True,0.75,0.0,0.0,False,False,0.064,-0.0,87.211,1278,5.88,,,,,1,True,False,0.0,False,5.88,3.0,20.0,
0.75,22038,217.846,-1087.414,-0.008,0.0,30.0,1278,-1,0.0,False,-1,True,True,0.75,0.0,0.0,False,False,0.064,-0.0,87.211,1278,5.88,,,,,1,True,False,0.0,False,5.88,3.0,20.0,
0.8,22039,217.846,-1087.414,-0.008,0.0,30.0,1278,-1,0.0,False,-1,True,True,0.75,0.0,0.0,False,False,0.064,-0.0,87.211,1278,5.88,,,,,1,True,False,0.0,False,5.88,3.0,20.0,
0.85,22040,217.846,-1087.408,-0.008,0.342,30.0,1278,-1,0.01,False,-1,True,True,0.75,0.0,0.0,False,False,0.11,0.0,87.211,1278,5.88,,,,,1,True,False,0.0,False,5.88,3.0,20.0,
0.9,22041,217.848,-1087.37,-0.01,0.935,30.0,1278,-1,0.04,False,-1,True,True,0.75,0.0,0.0,False,False,0.314,-0.0,87.211,1278,5.88,,,,,1,True,False,0.0,False,5.84,3.17,20.0,
0.95,22042,217.851,-1087.311,-0.011,1.281,30.0,1278,-1,0.1,False,-1,True,True,0.75,0.0,0.0,False,False,0.48,-0.0,87.211,1278,5.88,,,,,1,True,False,0.0,False,5.78,3.47,20.0,
1.0,22043,217.854,-1087.239,-0.012,1.465,30.0,1278,-1,0.18,False,-1,True,True,0.75,0.0,0.0,False,False,0.55,0.0,87.208,1278,5.88,,,,,1,True,False,0.0,False,5.71,3.64,20.0,
1.05,22044,217.858,-1087.165,-0.012,1.514,30.0,1278,-1,0.25,False,-1,True,True,0.75,0.0,0.0,False,False,0.52,-0.0,87.217,1278,5.88,,,,,1,True,False,0.0,False,5.63,3.73,20.0,
1.1,22045,217.862,-1087.088,-0.011,1.588,30.0,1278,-1,0.33,False,-1,True,True,0.75,0.0,-0.001,False,False,0.454,0.0,87.208,1278,5.88,,,,,1,True,False,0.0,False,5.56,3.76,20.0,
1.15,22046,217.866,-1087.007,-0.011,1.681,30.0,1278,-1,0.41,False,-1,True,True,0.75,0.0,0.001,False,False,0.392,-0.0,87.216,1278,5.88,,,,,1,True,False,0.0,False,5.48,3.79,20.0,
1.2,22047,217.87,-1086.92,-0.01,1.787,30.0,1278,-1,0.49,False,-1,True,True,0.75,0.0,-0.001,False,False,0.346,0.0,87.208,1278,5.88,,,,,0,False,False,0.0,False,5.39,3.84,20.0,
1.25,22048,217.874,-1086.828,-0.01,1.901,30.0,1278,-1,0.59,False,-1,True,True,0.75,0.0,0.001,False,False,0.316,-0.0,87.216,1278,5.88,,,,,0,False,False,0.0,False,5.3,3.89,20.0,
1.3,22049,217.879,-1086.729,-0.01,2.019,30.0,1278,-1,0.69,False,-1,True,True,0.75,0.0,-0.001,False,False,0.3,0.0,87.209,1278,5.88,,,,,0,False,False,0.0,False,5.2,3.95,20.0,
1.35,22050,217.884,-1086.625,-0.01,2.14,30.0,1278,-1,0.79,False,-1,True,True,0.75,0.0,0.001,False,False,0.292,-0.0,87.215,1278,5.88,,,,,0,False,False,0.0,False,5.09,4.01,20.0,
1.4,22051,217.889,-1086.515,-0.01,2.264,30.0,1278,-1,0.9,False,-1,True,True,0.75,0.0,-0.001,False,False,0.29,0.0,87.21,1278,5.88,,,,,0,False,False,0.0,False,4.98,4.07,20.0,
1.45,22052,217.895,-1086.398,-0.01,2.391,30.0,1278,-1,1.02,False,-1,True,True,0.75,0.0,0.0,False,False,0.291,-0.0,87.214,1278,5.88,,,,,0,False,False,0.0,False,4.87,4.13,20.0,
1.5,22053,217.901,-1086.274,-0.01,2.527,30.0,1278,-1,1.14,False,-1,True,True,0.75,0.0,-0.0,False,False,0.296,0.0,87.211,1278,5.88,,,,,0,False,False,0.0,False,4.74,4.2,20.0,
1.55,22054,217.908,-1086.144,-0.01,2.654,30.0,1278,-1,1.27,False,-1,True,True,0.75,0.0,0.0,False,False,0.3,-0.0,87.212,1278,5.88,,,,,0,False,False,0.0,False,4.61,4.26,20.0,
1.6,22055,217.914,-1086.008,-0.01,2.771,30.0,1278,-1,1.41,False,-1,True,True,0.75,0.0,-0.0,False,False,0.3,-0.0,87.212,1278,5.88,,,,,0,False,False,0.0,False,4.48,4.33,20.0,
1.65,22056,217.921,-1085.866,-0.01,2.881,30.0,1278,-1,1.55,False,-1,True,True,0.75,0.0,0.0,False,False,0.296,-0.0,87.212,1278,5.88,,,,,0,False,False,0.0,False,4.33,4.39,20.0,
1.7,22057,217.928,-1085.719,-0.01,2.988,30.0,1278,-1,1.7,False,-1,True,True,0.75,0.0,-0.0,False,False,0.29,0.0,87.212,1278,9.81,,,,,0,False,False,0.0,False,8.11,4.44,20.0,
1.75,22058,217.936,-1085.567,-0.01,3.094,30.0,1278,-1,1.85,False,-1,True,True,0.75,0.0,-0.0,False,False,0.284,0.0,87.212,1278,9.81,,,,,0,False,False,0.0,False,7.96,4.49,20.0,
1.8,22059,217.943,-1085.409,-0.01,3.2,30.0,1278,-1,2.01,False,-1,True,True,0.75,0.0,-0.0,False,False,0.279,0.0,87.212,1278,9.81,,,,,0,False,False,0.0,False,7.8,4.55,20.0,
1.85,22060,217.951,-1085.246,-0.01,3.307,30.0,1278,-1,2.17,False,-1,True,True,0.75,0.0,0.0,False,False,0.275,0.0,87.212,1278,9.81,,,,,0,False,False,0.0,False,7.64,4.6,20.0,
1.9,22061,217.959,-1085.078,-0.01,3.415,30.0,1278,-1,2.34,False,-1,True,True,0.75,0.0,-0.0,False,False,0.272,0.0,87.212,1278,9.81,,,,,0,False,False,0.0,False,7.47,4.65,20.0,
1.95,22062,217.968,-1084.904,-0.01,3.525,30.0,1278,-1,2.51,False,-1,True,True,0.75,0.0,-0.0,False,False,0.271,0.0,87.212,1278,9.81,,,,,0,False,False,0.0,False,7.29,4.71,20.0,
2.0,22063,217.977,-1084.725,-0.01,3.636,30.0,1278,-1,2.69,False,-1,True,True,0.75,0.0,0.0,False,False,0.271,0.0,87.212,1278,9.81,,,,,0,False,False,0.0,False,7.11,4.76,20.0,
2.05,22064,217.986,-1084.54,-0.01,3.747,30.0,1278,-1,2.88,False,-1,True,True,0.75,0.0,-0.0,False,False,0.272,-0.0,87.212,1278,9.81,,,,,0,False,False,0.0,False,6.93,4.82,20.0,
2.1,22065,217.995,-1084.349,-0.01,3.858,30.0,1278,-1,3.07,False,-1,True,True,0.75,0.0,-0.0,False,False,0.273,0.0,87.212,1278,9.81,,,,,0,False,False,0.0,False,6.74,4.87,20.0,
2.15,22066,218.004,-1084.153,-0.01,3.969,30.0,1278,-1,3.26,False,-1,True,True,0.75,0.0,0.0,False,False,0.273,-0.0,87.212,1278,9.81,,,,,0,False,False,0.0,False,6.54,4.93,20.0,
2.2,22067,218.014,-1083.952,-0.01,4.079,30.0,1278,-1,3.47,False,-1,True,True,0.75,0.0,0.0,False,False,0.274,-0.0,87.212,1278,9.81,,,,,0,False,False,0.0,False,6.34,4.98,20.0,
2.25,22068,218.024,-1083.745,-0.01,4.189,30.0,1278,-1,3.67,False,-1,True,True,0.75,0.0,-0.0,False,False,0.274,-0.0,87.212,1278,9.81,,,,,0,False,False,0.0,False,6.13,5.04,20.0,
2.3,22069,218.035,-1083.532,-0.01,4.298,30.0,1278,-1,3.89,False,-1,True,True,0.75,0.0,-0.0,False,False,0.274,0.0,87.212,1278,9.81,,,,,0,False,False,0.0,False,5.92,5.09,20.0,
2.35,22070,218.045,-1083.315,-0.01,4.406,30.0,1278,-1,4.1,False,-1,True,True,0.75,0.0,0.0,False,False,0.273,-0.0,87.212,1278,9.81,,,,,0,False,False,0.0,False,5.7,5.15,20.0,
2.4,22071,218.056,-1083.091,-0.01,4.514,30.0,1278,-1,4.33,False,-1,True,True,0.75,0.0,0.0,False,False,0.272,-0.0,87.212,1278,9.81,,,,,0,False,False,0.0,False,5.48,5.2,20.0,
2.45,22072,218.067,-1082.863,-0.01,4.621,30.0,1278,-1,4.56,False,-1,True,True,0.75,0.0,0.0,False,False,0.271,-0.0,87.212,1278,9.81,,,,,0,False,False,0.0,False,5.25,5.26,20.0,
2.5,22073,218.079,-1082.629,-0.01,4.728,30.0,1278,-1,4.79,False,-1,True,True,0.75,0.0,-0.0,False,False,0.27,0.0,87.212,1278,13.73,,,,,0,False,False,0.0,False,8.94,5.31,20.0,
2.55,22074,218.09,-1082.389,-0.01,4.833,30.0,1278,-1,5.03,False,-1,True,True,0.75,0.0,0.0,False,False,0.269,0.0,87.212,1278,13.73,,,,,0,False,False,0.0,False,8.7,5.36,20.0,
2.6,22075,218.102,-1082.145,-0.01,4.939,30.0,1278,-1,5.28,False,-1,True,True,0.75,0.0,-0.0,False,False,0.268,0.0,87.212,1278,13.73,,,,,0,False,False,0.0,False,8.45,5.42,20.0,
2.65,22076,218.114,-1081.895,-0.009,5.043,30.0,1278,-1,5.53,False,-1,True,True,0.75,0.0,-0.0,False,False,0.267,0.0,87.212,1278,13.73,,,,,0,False,False,0.0,False,8.2,5.47,20.0,
2.7,22077,218.127,-1081.64,-0.009,5.151,30.0,1278,-1,5.78,False,-1,True,True,0.75,0.0,0.0,False,False,0.266,-0.0,87.212,1278,13.73,,,,,0,False,False,0.0,False,7.95,5.52,20.0,
2.75,22078,218.14,-1081.38,-0.009,5.206,30.0,1278,-1,6.04,False,-1,True,True,0.75,0.0,-0.0,False,False,0.261,-0.0,87.212,1278,13.73,,,,,0,False,False,0.0,False,7.69,5.58,20.0,
2.8,22079,218.152,-1081.115,-0.009,5.385,30.0,1278,-1,6.31,False,-1,True,True,0.75,0.0,-0.0,False,False,0.263,-0.0,87.213,1278,13.73,,,,,0,False,False,0.0,False,7.42,5.6,20.0,
2.85,22080,218.165,-1080.846,-0.009,5.378,30.0,1278,-1,6.58,False,-1,True,True,0.675,0.0,-0.0,False,False,0.253,0.0,87.198,1278,13.73,,,,,0,False,False,0.0,False,7.15,5.69,20.0,
2.9,22081,218.179,-1080.577,-0.009,5.419,30.0,1278,-1,6.85,False,-1,True,True,0.693,0.0,0.001,False,False,0.218,-0.002,87.225,1278,13.73,,,,,0,False,False,0.0,False,6.88,5.69,20.0,
2.95,22082,218.192,-1080.309,-0.008,5.328,30.0,1278,-1,7.11,False,-1,True,True,0.535,0.0,-0.002,False,False,0.166,0.002,87.19,1278,13.73,,,,,0,False,False,0.0,False,6.62,5.71,20.0,
3.0,22083,218.205,-1080.042,-0.008,5.378,30.0,1278,-1,7.38,False,-1,True,True,0.75,0.0,0.003,False,False,0.128,-0.002,87.213,1278,13.73,,,,,0,False,False,0.0,False,6.35,5.66,20.0,
3.05,22084,218.217,-1079.776,-0.008,5.301,30.0,1278,-1,7.65,False,-1,True,True,0.672,0.0,-0.002,False,False,0.095,0.0,87.179,1278,13.73,,,,,0,False,False,0.0,False,6.08,5.69,20.0,
3.1,22085,218.23,-1079.509,-0.008,5.376,30.0,1278,-1,7.91,False,-1,True,True,0.75,0.0,0.003,False,False,0.084,-0.003,87.203,1278,13.73,,,,,0,False,False,0.0,False,5.81,5.65,20.0,
3.15,22086,218.243,-1079.242,-0.008,5.323,30.0,1278,-1,8.18,False,-1,True,True,0.671,0.0,-0.002,False,False,0.076,0.001,87.172,1278,13.73,,,,,0,False,False,0.0,False,5.55,5.69,20.0,
3.2,22087,218.256,-1078.974,-0.008,5.402,30.0,1278,-1,8.45,False,-1,True,True,0.75,0.0,0.003,False,False,0.082,-0.003,87.2,1278,17.65,,,,,0,False,False,0.0,False,9.2,5.66,20.0,
3.25,22088,218.269,-1078.706,-0.008,5.33,30.0,1278,-1,8.72,False,-1,True,True,0.57,0.0,-0.002,False,False,0.075,0.001,87.174,1278,17.65,,,,,0,False,False,0.0,False,8.93,5.7,20.0,
3.3,22089,218.282,-1078.438,-0.008,5.441,30.0,1278,-1,8.99,False,-1,True,True,0.75,0.0,0.003,False,False,0.08,-0.001,87.201,1278,17.65,,,,,0,False,False,0.0,False,8.66,5.66,20.0,
3.35,22090,218.296,-1078.152,-0.009,5.841,30.0,1278,-1,9.27,False,-1,True,True,0.431,0.0,-0.002,False,False,0.197,0.002,87.226,1278,17.65,,,,,0,False,False,0.0,False,8.38,5.72,20.0,
3.4,22091,218.311,-1077.847,-0.01,6.217,30.0,1278,-1,9.58,False,-1,True,True,0.0,0.3,-0.002,False,False,0.341,0.007,87.229,1278,17.65,,,,,0,False,False,0.0,False,8.07,5.92,20.0,
3.45,22092,218.327,-1077.534,-0.011,6.257,30.0,1278,-1,9.89,False,-1,True,True,0.0,0.3,-0.001,False,False,0.391,0.006,87.224,1278,17.65,,,,,0,False,False,0.0,False,7.76,6.11,20.0,
3.5,22093,218.342,-1077.22,-0.01,6.305,30.0,1278,-1,10.21,False,-1,True,True,0.0,0.3,-0.0,False,False,0.361,0.002,87.221,1278,17.65,,,,,0,False,False,0.0,False,7.44,6.13,20.0,
3.55,22094,218.357,-1076.911,-0.009,6.137,30.0,1278,-1,10.52,False,-1,True,True,0.0,0.3,-0.0,False,False,0.266,-0.001,87.231,1278,17.65,,,,,0,False,False,0.0,False,7.14,6.15,20.0,
3.6,22095,218.372,-1076.608,-0.008,6.04,30.0,1278,-1,10.82,False,-1,True,True,0.0,0.3,-0.001,False,False,0.153,0.0,87.204,1278,17.65,,,,,0,False,False,0.0,False,6.83,6.07,20.0,
3.65,22096,218.386,-1076.315,-0.007,5.8,30.0,1278,-1,11.11,False,-1,True,True,0.0,0.3,0.002,False,False,0.035,-0.004,87.229,1278,17.65,,,,,0,False,False,0.0,False,6.54,6.02,20.0,
3.7,22097,218.4,-1076.03,-0.007,5.667,30.0,1278,-1,11.4,False,-1,True,True,0.0,0.3,-0.002,False,False,-0.061,-0.001,87.202,1278,17.65,,,,,0,False,False,0.0,False,6.25,5.9,20.0,
3.75,22098,218.413,-1075.755,-0.006,5.401,30.0,1278,-1,11.67,False,-1,True,True,0.0,0.3,0.002,False,False,-0.145,-0.004,87.228,1278,17.65,,,,,0,False,False,0.0,False,5.98,5.83,20.0,
3.8,22099,218.426,-1075.49,-0.005,5.291,30.0,1278,-1,11.94,False,-1,True,True,0.526,0.0,-0.002,False,False,-0.197,0.0,87.199,1278,17.65,,,,,0,False,False,0.0,False,5.71,5.7,20.0,
3.85,22100,218.439,-1075.232,-0.005,5.091,30.0,1278,-1,12.2,False,-1,True,True,0.75,0.0,0.002,False,False,-0.223,-0.001,87.234,1278,17.65,,,,,0,False,False,0.0,False,5.45,5.65,20.0,
3.9,22101,218.451,-1074.979,-0.005,5.056,30.0,1278,-1,12.45,False,-1,True,True,0.75,0.0,-0.003,False,False,-0.216,0.003,87.209,1278,21.57,,,,,0,False,False,0.0,False,9.12,5.55,20.0,
3.95,22102,218.464,-1074.728,-0.006,5.016,30.0,1278,-1,12.7,False,-1,True,True,0.75,0.0,0.002,False,False,-0.174,-0.001,87.254,1278,21.57,,,,,0,False,False,0.0,False,8.87,5.53,20.0,
4.0,22103,218.476,-1074.476,-0.006,5.049,30.0,1278,-1,12.95,False,-1,True,True,0.75,0.0,-0.004,False,False,-0.116,0.005,87.247,1278,21.57,,,,,0,False,False,0.0,False,8.62,5.51,20.0,
4.05,22104,218.488,-1074.234,-0.006,4.679,30.0,1278,-1,13.2,False,-1,True,True,0.75,0.0,-0.001,False,False,-0.138,0.004,87.215,1278,21.57,,,,,0,False,False,0.0,False,8.38,5.52,20.0,
4.1,22105,218.499,-1074.01,-0.005,4.388,30.0,1278,-1,13.42,False,-1,True,True,0.75,0.0,0.002,False,False,-0.222,-0.001,87.205,1278,21.57,,,,,0,False,False,0.0,False,8.15,5.34,20.0,
4.15,22106,218.509,-1073.797,-0.005,4.225,30.0,1278,-1,13.63,False,-1,True,True,0.75,0.0,0.001,False,False,-0.273,-0.004,87.206,1278,21.57,,,,,0,False,False,0.0,False,7.94,5.19,20.0,
4.2,22107,218.519,-1073.588,-0.005,4.159,30.0,1278,-1,13.84,False,-1,True,True,0.75,0.0,-0.0,False,False,-0.268,-0.002,87.208,1278,21.57,,,,,0,False,False,0.0,False,7.73,5.11,20.0,
4.25,22108,218.529,-1073.38,-0.005,4.158,30.0,1278,-1,14.05,False,-1,True,True,0.75,0.0,-0.0,False,False,-0.219,-0.001,87.208,1278,21.57,,,,,0,False,False,0.0,False,7.52,5.08,20.0,
4.3,22109,218.539,-1073.171,-0.006,4.198,30.0,1278,-1,14.26,False,-1,True,True,0.75,0.0,0.0,False,False,-0.144,-0.0,87.208,1278,21.57,,,,,0,False,False,0.0,False,7.31,5.08,20.0,
4.35,22110,218.55,-1072.958,-0.007,4.264,30.0,1278,-1,14.47,False,-1,True,True,0.75,0.0,0.0,False,False,-0.063,-0.0,87.209,1278,21.57,,,,,0,False,False,0.0,False,7.1,5.1,20.0,
4.4,22111,218.56,-1072.742,-0.007,4.346,30.0,1278,-1,14.69,False,-1,True,True,0.75,0.0,0.0,False,False,0.014,0.0,87.209,1278,21.57,,,,,0,False,False,0.0,False,6.88,5.13,20.0,
4.45,22112,218.571,-1072.522,-0.008,4.437,30.0,1278,-1,14.91,False,-1,True,True,0.75,0.0,0.0,False,False,0.08,0.0,87.209,1278,21.57,,,,,0,False,False,0.0,False,6.66,5.17,20.0,
4.5,22113,218.582,-1072.297,-0.008,4.534,30.0,1278,-1,15.13,False,-1,True,True,0.75,0.0,0.0,False,False,0.133,0.0,87.209,1278,21.57,,,,,0,False,False,0.0,False,6.44,5.22,20.0,
4.55,22114,218.593,-1072.068,-0.009,4.634,30.0,1278,-1,15.36,False,-1,True,True,0.75,0.0,0.0,False,False,0.173,0.0,87.209,1278,21.57,,,,,0,False,False,0.0,False,6.21,5.27,20.0,
4.6,22115,218.604,-1071.833,-0.009,4.737,30.0,1278,-1,15.6,False,-1,True,True,0.75,0.0,0.0,False,False,0.203,0.0,87.21,1278,21.57,,,,,0,False,False,0.0,False,5.97,5.32,20.0,
4.65,22116,218.616,-1071.593,-0.009,4.84,30.0,1278,-1,15.84,False,-1,True,True,0.75,0.0,0.0,False,False,0.224,0.0,87.21,1278,21.57,,,,,0,False,False,0.0,False,5.73,5.37,20.0,
4.7,22117,218.628,-1071.348,-0.009,4.944,30.0,1278,-1,16.09,False,-1,True,True,0.75,0.0,0.0,False,False,0.239,0.0,87.21,1278,21.57,,,,,0,False,False,0.0,False,5.49,5.42,20.0,
4.75,22118,218.64,-1071.098,-0.009,5.047,30.0,1278,-1,16.34,False,-1,True,True,0.75,0.0,0.0,False,False,0.249,0.0,87.21,1278,21.57,,,,,0,False,False,0.0,False,5.24,5.47,20.0,
4.8,22119,218.653,-1070.843,-0.009,5.158,30.0,1278,-1,16.59,False,-1,True,True,0.75,0.0,0.0,False,False,0.255,-0.0,87.21,1278,25.5,,,,,0,False,False,0.0,False,8.9,5.52,20.0,
4.85,22120,218.665,-1070.583,-0.009,5.21,30.0,1278,-1,16.85,False,-1,True,True,0.75,0.0,0.0,False,False,0.254,-0.0,87.21,1278,25.5,,,,,0,False,False,0.0,False,8.64,5.58,20.0,
4.9,22121,218.678,-1070.317,-0.009,5.388,30.0,1278,-1,17.12,False,-1,True,True,0.75,0.0,0.0,False,False,0.259,-0.0,87.213,1278,25.5,,,,,0,False,False,0.0,False,8.38,5.61,20.0,
4.95,22122,218.691,-1070.049,-0.009,5.336,30.0,1278,-1,17.39,False,-1,True,True,0.664,0.0,-0.0,False,False,0.241,0.001,87.196,1278,25.5,,,,,0,False,False,0.0,False,8.11,5.69,20.0,
5.0,22123,218.704,-1069.782,-0.009,5.383,30.0,1278,-1,17.65,False,-1,True,True,0.75,0.0,0.002,False,False,0.201,-0.002,87.222,1278,25.5,,,,,0,False,False,0.0,False,7.84,5.67,20.0,
5.05,22124,218.717,-1069.516,-0.008,5.304,30.0,1278,-1,17.92,False,-1,True,True,0.666,0.0,-0.002,False,False,0.154,0.001,87.187,1278,25.5,,,,,0,False,False,0.0,False,7.58,5.69,20.0,
5.1,22125,218.73,-1069.249,-0.008,5.376,30.0,1278,-1,18.19,False,-1,True,True,0.75,0.0,0.003,False,False,0.126,-0.003,87.21,1278,25.5,,,,,0,False,False,0.0,False,7.31,5.65,20.0,
5.15,22126,218.743,-1068.982,-0.008,5.321,30.0,1278,-1,18.45,False,-1,True,True,0.68,0.0,-0.002,False,False,0.105,0.0,87.177,1278,25.5,,,,,0,False,False,0.0,False,7.04,5.69,20.0,
5.2,22127,218.756,-1068.714,-0.008,5.409,30.0,1278,-1,18.72,False,-1,True,True,0.75,0.0,0.003,False,False,0.102,-0.003,87.201,1278,25.5,,,,,0,False,False,0.0,False,6.77,5.66,20.0,
5.25,22128,218.769,-1068.446,-0.008,5.334,30.0,1278,-1,18.99,False,-1,True,True,0.551,0.0,-0.002,False,False,0.089,0.001,87.171,1278,25.5,,,,,0,False,False,0.0,False,6.51,5.7,20.0,
5.3,22129,218.782,-1068.178,-0.008,5.4,30.0,1278,-1,19.26,False,-1,True,True,0.75,0.0,0.003,False,False,0.085,-0.002,87.202,1278,25.5,,,,,0,False,False,0.0,False,6.24,5.67,20.0,
5.35,22130,218.795,-1067.897,-0.009,5.762,30.0,1278,-1,19.54,False,-1,True,True,0.577,0.0,-0.002,False,False,0.172,0.003,87.156,1278,25.5,,,,,0,False,False,0.0,False,5.96,5.7,20.0,
5.4,22131,218.81,-1067.595,-0.01,6.177,30.0,1278,-1,19.84,False,-1,True,True,0.0,0.3,0.005,False,False,0.322,-0.003,87.153,1278,25.5,,,,,0,False,False,0.0,False,5.65,5.88,20.0,
5.45,22132,218.825,-1067.282,-0.011,6.258,30.0,1278,-1,20.16,False,-1,True,True,0.0,0.3,0.002,False,False,0.392,-0.005,87.165,1278,29.42,,,,,0,False,False,0.0,False,9.26,6.09,20.0,
5.5,22133,218.84,-1066.967,-0.01,6.336,30.0,1278,-1,20.47,False,-1,True,True,0.0,0.3,0.0,False,False,0.38,-0.001,87.175,1278,29.42,,,,,0,False,False,0.0,False,8.95,6.13,20.0,
5.55,22134,218.855,-1066.656,-0.01,6.186,30.0,1278,-1,20.78,False,-1,True,True,0.0,0.3,0.0,False,False,0.294,0.002,87.174,1278,29.42,,,,,0,False,False,0.0,False,8.64,6.17,20.0,
5.6,22135,218.87,-1066.35,-0.009,6.102,30.0,1278,-1,21.09,False,-1,True,True,0.0,0.3,0.001,False,False,0.185,0.002,87.197,1278,29.42,,,,,0,False,False,0.0,False,8.33,6.09,20.0,
5.65,22136,218.885,-1066.054,-0.008,5.866,30.0,1278,-1,21.39,False,-1,True,True,0.0,0.3,-0.001,False,False,0.065,0.006,87.174,1278,29.42,,,,,0,False,False,0.0,False,8.03,6.05,20.0,
5.7,22137,218.899,-1065.766,-0.007,5.736,30.0,1278,-1,21.67,False,-1,True,True,0.0,0.3,0.003,False,False,-0.036,0.002,87.204,1278,29.42,,,,,0,False,False,0.0,False,7.74,5.93,20.0,
5.75,22138,218.913,-1065.488,-0.006,5.472,30.0,1278,-1,21.95,False,-1,True,True,0.0,0.3,-0.002,False,False,-0.126,0.004,87.18,1278,29.42,,,,,0,False,False,0.0,False,7.47,5.87,20.0,
5.8,22139,218.926,-1065.219,-0.005,5.363,30.0,1278,-1,22.22,False,-1,True,True,0.268,0.0,0.003,False,False,-0.183,0.0,87.209,1278,29.42,,,,,0,False,False,0.0,False,7.2,5.74,20.0,
5.85,22140,218.939,-1064.957,-0.005,5.162,30.0,1278,-1,22.48,False,-1,True,True,0.661,0.0,-0.002,False,False,-0.213,0.002,87.176,1278,29.42,,,,,0,False,False,0.0,False,6.94,5.68,20.0,
5.9,22141,218.951,-1064.701,-0.005,5.125,30.0,1278,-1,22.74,False,-1,True,True,0.75,0.0,0.003,False,False,-0.21,-0.003,87.201,1278,29.42,,,,,0,False,False,0.0,False,6.68,5.58,20.0,
5.95,22142,218.963,-1064.447,-0.005,5.036,30.0,1278,-1,22.99,False,-1,True,True,0.75,0.0,-0.002,False,False,-0.182,-0.0,87.174,1278,29.42,,,,,0,False,False,0.0,False,6.43,5.56,20.0,
6.0,22143,218.976,-1064.193,-0.006,5.105,30.0,1278,-1,23.25,False,-1,True,True,0.75,0.0,0.003,False,False,-0.124,-0.003,87.208,1278,29.42,,,,,0,False,False,0.0,False,6.17,5.52,20.0,
6.05,22144,218.988,-1063.946,-0.006,4.817,30.0,1278,-1,23.5,False,-1,True,True,0.75,0.0,-0.002,False,False,-0.12,0.001,87.191,1278,29.42,,,,,0,False,False,0.0,False,5.92,5.55,20.0,
6.1,22145,218.999,-1063.716,-0.006,4.498,30.0,1278,-1,23.73,False,-1,True,True,0.75,0.0,-0.002,False,False,-0.199,0.006,87.171,1278,29.42,,,,,0,False,False,0.0,False,5.69,5.41,20.0,
6.15,22146,219.01,-1063.498,-0.005,4.312,30.0,1278,-1,23.94,False,-1,True,True,0.75,0.0,0.003,False,False,-0.259,0.002,87.17,1278,29.42,,,,,0,False,False,0.0,False,5.47,5.25,20.0,
6.2,22147,219.02,-1063.285,-0.005,4.228,30.0,1278,-1,24.16,False,-1,True,True,0.75,0.0,0.001,False,False,-0.266,-0.001,87.176,1278,29.42,,,,,0,False,False,0.0,False,5.26,5.16,20.0,
6.25,22148,219.031,-1063.074,-0.005,4.215,30.0,1278,-1,24.37,False,-1,True,True,0.75,0.0,0.0,False,False,-0.226,-0.001,87.181,1278,29.42,,,,,0,False,False,0.0,False,5.05,5.11,20.0,
6.3,22149,219.041,-1062.862,-0.006,4.247,30.0,1278,-1,24.58,False,-1,True,True,0.75,0.0,0.001,False,False,-0.157,-0.001,87.185,1278,33.34,,,,,0,False,False,0.0,False,8.76,5.11,20.0,
6.35,22150,219.051,-1062.648,-0.007,4.308,30.0,1278,-1,24.8,False,-1,True,True,0.75,0.0,0.0,False,False,-0.077,-0.001,87.188,1278,33.34,,,,,0,False,False,0.0,False,8.55,5.12,20.0,
6.4,22151,219.062,-1062.43,-0.007,4.386,30.0,1278,-1,25.01,False,-1,True,True,0.75,0.0,0.0,False,False,-0.0,-0.001,87.191,1278,33.34,,,,,0,False,False,0.0,False,8.33,5.15,20.0,
6.45,22152,219.073,-1062.208,-0.008,4.474,30.0,1278,-1,25.24,False,-1,True,True,0.75,0.0,0.0,False,False,0.067,-0.0,87.193,1278,33.34,,,,,0,False,False,0.0,False,8.1,5.19,20.0,
6.5,22153,219.084,-1061.981,-0.008,4.57,30.0,1278,-1,25.46,False,-1,True,True,0.75,0.0,0.0,False,False,0.122,-0.0,87.196,1278,33.34,,,,,0,False,False,0.0,False,7.88,5.24,20.0,
6.55,22154,219.095,-1061.749,-0.009,4.669,30.0,1278,-1,25.7,False,-1,True,True,0.75,0.0,0.0,False,False,0.165,-0.0,87.197,1278,33.34,,,,,0,False,False,0.0,False,7.65,5.28,20.0,
6.6,22155,219.107,-1061.513,-0.009,4.771,30.0,1278,-1,25.93,False,-1,True,True,0.75,0.0,0.0,False,False,0.197,-0.0,87.199,1278,33.34,,,,,0,False,False,0.0,False,7.41,5.33,20.0,
6.65,22156,219.119,-1061.271,-0.009,4.873,30.0,1278,-1,26.17,False,-1,True,True,0.75,0.0,0.0,False,False,0.219,-0.0,87.2,1278,33.34,,,,,0,False,False,0.0,False,7.17,5.39,20.0,
6.7,22157,219.131,-1061.025,-0.009,4.977,30.0,1278,-1,26.42,False,-1,True,True,0.75,0.0,0.0,False,False,0.235,0.0,87.201,1278,33.34,,,,,0,False,False,0.0,False,6.92,5.44,20.0,
6.75,22158,219.143,-1060.773,-0.009,5.08,30.0,1278,-1,26.67,False,-1,True,True,0.75,0.0,0.0,False,False,0.246,-0.0,87.203,1278,33.34,,,,,0,False,False,0.0,False,6.67,5.49,20.0,
6.8,22159,219.155,-1060.516,-0.009,5.164,30.0,1278,-1,26.93,False,-1,True,True,0.75,0.0,0.0,False,False,0.251,-0.0,87.203,1278,33.34,,,,,0,False,False,0.0,False,6.41,5.54,20.0,
6.85,22160,219.168,-1060.254,-0.009,5.318,30.0,1278,-1,27.19,False,-1,True,True,0.75,0.0,0.0,False,False,0.257,-0.0,87.204,1278,33.34,,,,,0,False,False,0.0,False,6.15,5.58,20.0,
6.9,22161,219.181,-1059.988,-0.009,5.346,30.0,1278,-1,27.46,False,-1,True,True,0.75,0.0,0.0,False,False,0.254,-0.0,87.205,1278,33.34,,,,,0,False,False,0.0,False,5.88,5.66,20.0,
6.95,22162,219.195,-1059.715,-0.009,5.513,30.0,1278,-1,27.73,False,-1,True,True,0.75,0.0,0.0,False,False,0.258,-0.0,87.213,1278,33.34,,,,,0,False,False,0.0,False,5.61,5.67,20.0,
7.0,22163,219.208,-1059.443,-0.009,5.431,30.0,1278,-1,28.0,False,-1,True,True,0.2,0.0,-0.001,False,False,0.229,0.001,87.191,1278,37.26,,,,,0,False,False,0.0,False,9.26,5.76,20.0,
7.05,22164,219.221,-1059.171,-0.009,5.452,30.0,1278,-1,28.28,False,-1,True,True,0.49,0.0,0.002,False,False,0.181,-0.003,87.216,1278,37.26,,,,,0,False,False,0.0,False,8.99,5.72,20.0,
7.1,22165,219.234,-1058.903,-0.008,5.329,30.0,1278,-1,28.54,False,-1,True,True,0.406,0.0,-0.002,False,False,0.121,0.001,87.181,1278,37.26,,,,,0,False,False,0.0,False,8.72,5.73,20.0,
7.15,22166,219.247,-1058.637,-0.008,5.337,30.0,1278,-1,28.81,False,-1,True,True,0.75,0.0,0.003,False,False,0.075,-0.003,87.205,1278,37.26,,,,,0,False,False,0.0,False,8.45,5.66,20.0,
7.2,22167,219.259,-1058.374,-0.007,5.223,30.0,1278,-1,29.07,False,-1,True,True,0.75,0.0,-0.002,False,False,0.035,0.0,87.17,1278,37.26,,,,,0,False,False,0.0,False,8.19,5.67,20.0,
7.25,22168,219.272,-1058.112,-0.007,5.268,30.0,1278,-1,29.34,False,-1,True,True,0.75,0.0,0.003,False,False,0.021,-0.003,87.196,1278,37.26,,,,,0,False,False,0.0,False,7.93,5.61,20.0,
7.3,22169,219.284,-1057.852,-0.007,5.191,30.0,1278,-1,29.6,False,-1,True,True,0.75,0.0,-0.001,False,False,0.015,0.001,87.163,1278,37.26,,,,,0,False,False,0.0,False,7.67,5.63,20.0,
7.35,22170,219.297,-1057.59,-0.007,5.272,30.0,1278,-1,29.86,False,-1,True,True,0.75,0.0,0.003,False,False,0.028,-0.002,87.19,1278,37.26,,,,,0,False,False,0.0,False,7.4,5.6,20.0,
7.4,22171,219.31,-1057.328,-0.007,5.226,30.0,1278,-1,30.12,False,-1,True,True,0.75,0.0,-0.001,False,False,0.042,0.001,87.159,1278,37.26,,,,,0,False,False,0.0,False,7.14,5.64,20.0,
7.45,22172,219.323,-1057.064,-0.008,5.299,30.0,1278,-1,30.39,False,-1,True,True,0.75,0.0,0.003,False,False,0.059,-0.002,87.191,1278,37.26,,,,,0,False,False,0.0,False,6.88,5.61,20.0,
7.5,22173,219.335,-1056.802,-0.008,5.225,30.0,1278,-1,30.65,False,-1,True,True,0.75,0.0,-0.002,False,False,0.06,0.002,87.165,1278,37.26,,,,,0,False,False,0.0,False,6.62,5.65,20.0,
7.55,22174,219.349,-1056.534,-0.008,5.554,30.0,1278,-1,30.92,False,-1,True,True,0.75,0.0,0.003,False,False,0.108,-0.001,87.205,1278,37.26,,,,,0,False,False,0.0,False,6.35,5.61,20.0,
7.6,22175,219.363,-1056.244,-0.009,5.917,30.0,1278,-1,31.21,False,-1,True,True,0.03,0.0,-0.003,False,False,0.262,0.004,87.224,1278,37.26,,,,,0,False,False,0.0,False,6.06,5.78,20.0,
7.65,22176,219.378,-1055.936,-0.011,6.253,30.0,1278,-1,31.51,False,-1,True,True,0.0,0.3,-0.002,False,False,0.395,0.008,87.222,1278,37.26,,,,,0,False,False,0.0,False,5.75,5.96,20.0,
7.7,22177,219.394,-1055.623,-0.011,6.256,30.0,1278,-1,31.83,False,-1,True,True,0.0,0.3,0.0,False,False,0.418,0.004,87.218,1278,41.19,,,,,0,False,False,0.0,False,9.36,6.13,20.0,
7.75,22178,219.409,-1055.31,-0.01,6.278,30.0,1278,-1,32.14,False,-1,True,True,0.0,0.3,-0.0,False,False,0.364,0.001,87.216,1278,41.19,,,,,0,False,False,0.0,False,9.04,6.13,20.0,
7.8,22179,219.424,-1055.003,-0.009,6.095,30.0,1278,-1,32.45,False,-1,True,True,0.0,0.3,-0.0,False,False,0.254,-0.001,87.228,1278,41.19,,,,,0,False,False,0.0,False,8.74,6.14,20.0,
7.85,22180,219.439,-1054.703,-0.008,5.99,30.0,1278,-1,32.75,False,-1,True,True,0.0,0.3,-0.001,False,False,0.135,0.0,87.199,1278,41.19,,,,,0,False,False,0.0,False,8.44,6.05,20.0,
7.9,22181,219.453,-1054.412,-0.007,5.745,30.0,1278,-1,33.04,False,-1,True,True,0.0,0.3,0.002,False,False,0.016,-0.005,87.225,1278,41.19,,,,,0,False,False,0.0,False,8.14,6.0,20.0,
7.95,22182,219.466,-1054.13,-0.006,5.61,30.0,1278,-1,33.32,False,-1,True,True,0.0,0.3,-0.002,False,False,-0.078,-0.001,87.197,1278,41.19,,,,,0,False,False,0.0,False,7.86,5.87,20.0,
8.0,22183,219.48,-1053.858,-0.006,5.352,30.0,1278,-1,33.6,False,-1,True,True,0.0,0.226,0.002,False,False,-0.157,-0.004,87.226,1278,41.19,,,,,0,False,False,0.0,False,7.59,5.8,20.0,
8.05,22184,219.492,-1053.595,-0.005,5.251,30.0,1278,-1,33.86,False,-1,True,True,0.701,0.0,-0.003,False,False,-0.202,0.001,87.2,1278,41.19,,,,,0,False,False,0.0,False,7.33,5.68,20.0,
8.1,22185,219.505,-1053.339,-0.005,5.049,30.0,1278,-1,34.12,False,-1,True,True,0.75,0.0,0.002,False,False,-0.225,-0.001,87.236,1278,41.19,,,,,0,False,False,0.0,False,7.07,5.63,20.0,
8.15,22186,219.518,-1053.087,-0.005,5.041,30.0,1278,-1,34.37,False,-1,True,True,0.75,0.0,-0.003,False,False,-0.213,0.004,87.243,1278,41.19,,,,,0,False,False,0.0,False,6.82,5.52,20.0,
8.2,22187,219.53,-1052.836,-0.006,4.941,30.0,1278,-1,34.62,False,-1,True,True,0.75,0.0,-0.002,False,False,-0.163,0.005,87.249,1278,41.19,,,,,0,False,False,0.0,False,6.57,5.52,20.0,
8.25,22188,219.542,-1052.585,-0.006,4.937,30.0,1278,-1,34.87,False,-1,True,True,0.75,0.0,-0.001,False,False,-0.112,0.003,87.237,1278,41.19,,,,,0,False,False,0.0,False,6.32,5.47,20.0,
8.3,22189,219.553,-1052.353,-0.006,4.515,30.0,1278,-1,35.1,False,-1,True,True,0.75,0.0,0.0,False,False,-0.184,0.001,87.206,1278,41.19,,,,,0,False,False,0.0,False,6.08,5.47,20.0,
8.35,22190,219.564,-1052.136,-0.005,4.261,30.0,1278,-1,35.32,False,-1,True,True,0.75,0.0,0.002,False,False,-0.267,-0.004,87.203,1278,41.19,,,,,0,False,False,0.0,False,5.87,5.26,20.0,
8.4,22191,219.574,-1051.928,-0.005,4.128,30.0,1278,-1,35.53,False,-1,True,True,0.75,0.0,0.0,False,False,-0.299,-0.004,87.206,1278,41.19,,,,,0,False,False,0.0,False,5.66,5.13,20.0,
8.45,22192,219.584,-1051.724,-0.005,4.083,30.0,1278,-1,35.73,False,-1,True,True,0.75,0.0,-0.0,False,False,-0.276,-0.002,87.206,1278,41.19,,,,,0,False,False,0.0,False,5.45,5.06,20.0,
8.5,22193,219.594,-1051.519,-0.005,4.097,30.0,1278,-1,35.94,False,-1,True,True,0.75,0.0,0.0,False,False,-0.212,-0.001,87.207,1278,41.19,,,,,0,False,False,0.0,False,5.25,5.04,20.0,
8.55,22194,219.604,-1051.312,-0.006,4.147,30.0,1278,-1,36.14,False,-1,True,True,0.75,0.0,0.0,False,False,-0.13,-0.0,87.207,1278,41.19,,,,,0,False,False,0.0,False,5.04,5.05,20.0,
8.6,22195,219.614,-1051.102,-0.007,4.219,30.0,1278,-1,36.35,False,-1,True,True,0.75,0.0,0.0,False,False,-0.045,-0.0,87.208,1278,45.11,,,,,0,False,False,0.0,False,8.75,5.07,20.0,
8.65,22196,219.625,-1050.888,-0.008,4.304,30.0,1278,-1,36.57,False,-1,True,True,0.75,0.0,0.0,False,False,0.031,-0.0,87.208,1278,45.11,,,,,0,False,False,0.0,False,8.54,5.11,20.0,
8.7,22197,219.635,-1050.67,-0.008,4.398,30.0,1278,-1,36.79,False,-1,True,True,0.75,0.0,0.0,False,False,0.095,0.0,87.209,1278,45.11,,,,,0,False,False,0.0,False,8.32,5.15,20.0,
8.75,22198,219.646,-1050.447,-0.009,4.497,30.0,1278,-1,37.01,False,-1,True,True,0.75,0.0,0.0,False,False,0.145,0.0,87.209,1278,45.11,,,,,0,False,False,0.0,False,8.1,5.2,20.0,
8.8,22199,219.657,-1050.219,-0.009,4.599,30.0,1278,-1,37.24,False,-1,True,True,0.75,0.0,0.0,False,False,0.183,0.0,87.209,1278,45.11,,,,,0,False,False,0.0,False,7.87,5.25,20.0,
8.85,22200,219.669,-1049.986,-0.009,4.702,30.0,1278,-1,37.47,False,-1,True,True,0.75,0.0,0.0,False,False,0.211,0.0,87.21,1278,45.11,,,,,0,False,False,0.0,False,7.64,5.3,20.0,
8.9,22201,219.68,-1049.748,-0.009,4.807,30.0,1278,-1,37.71,False,-1,True,True,0.75,0.0,0.0,False,False,0.23,0.0,87.21,1278,45.11,,,,,0,False,False,0.0,False,7.4,5.35,20.0,
8.95,22202,219.692,-1049.505,-0.009,4.911,30.0,1278,-1,37.95,False,-1,True,True,0.75,0.0,0.0,False,False,0.243,0.0,87.21,1278,45.11,,,,,0,False,False,0.0,False,7.15,5.4,20.0,
9.0,22203,219.704,-1049.256,-0.009,5.015,30.0,1278,-1,38.2,False,-1,True,True,0.75,0.0,0.0,False,False,0.251,0.0,87.21,1278,45.11,,,,,0,False,False,0.0,False,6.9,5.46,20.0,
9.05,22204,219.717,-1049.002,-0.009,5.119,30.0,1278,-1,38.46,False,-1,True,True,0.75,0.0,0.0,False,False,0.257,0.0,87.21,1278,45.11,,,,,0,False,False,0.0,False,6.65,5.51,20.0,
9.1,22205,219.729,-1048.744,-0.009,5.179,30.0,1278,-1,38.72,False,-1,True,True,0.75,0.0,0.0,False,False,0.257,0.0,87.21,1278,45.11,,,,,0,False,False,0.0,False,6.39,5.56,20.0,
9.15,22206,219.742,-1048.48,-0.009,5.356,30.0,1278,-1,38.98,False,-1,True,True,0.75,0.0,0.0,False,False,0.261,0.0,87.209,1278,45.11,,,,,0,False,False,0.0,False,6.13,5.59,20.0,
9.2,22207,219.755,-1048.213,-0.009,5.32,30.0,1278,-1,39.25,False,-1,True,True,0.75,0.0,0.0,False,False,0.245,-0.0,87.224,1278,45.11,,,,,0,False,False,0.0,False,5.86,5.68,20.0,
9.25,22208,219.768,-1047.946,-0.009,5.372,30.0,1278,-1,39.51,False,-1,True,True,0.75,0.0,-0.001,False,False,0.208,0.002,87.199,1278,45.11,,,,,0,False,False,0.0,False,5.59,5.66,20.0,
9.3,22209,219.782,-1047.681,-0.008,5.3,30.0,1278,-1,39.78,False,-1,True,True,0.707,0.0,-0.008,False,False,0.163,0.015,87.207,1278,49.03,,,,,0,False,False,0.0,False,9.27,5.69,20.0,
9.35,22210,219.795,-1047.414,-0.008,5.38,30.0,1278,-1,40.05,False,-1,True,True,0.75,0.0,-0.004,False,False,0.137,0.018,87.159,1278,49.03,,,,,0,False,False,0.0,False,9.01,5.65,20.0,
9.4,22211,219.809,-1047.147,-0.008,5.333,30.0,1278,-1,40.31,False,-1,True,True,0.665,0.0,0.002,False,False,0.117,0.007,87.18,1278,49.03,,,,,0,False,False,0.0,False,8.74,5.69,20.0,
9.45,22212,219.822,-1046.878,-0.008,5.409,30.0,1278,-1,40.58,False,-1,True,True,0.75,0.0,-0.004,False,False,0.111,0.006,87.15,1278,49.03,,,,,0,False,False,0.0,False,8.47,5.67,20.0,
9.5,22213,219.836,-1046.61,-0.008,5.336,30.0,1278,-1,40.85,False,-1,True,True,0.552,0.0,0.001,False,False,0.095,0.001,87.173,1278,49.03,,,,,0,False,False,0.0,False,8.2,5.7,20.0,
9.55,22214,219.85,-1046.34,-0.008,5.557,30.0,1278,-1,41.12,False,-1,True,True,0.75,0.0,-0.004,False,False,0.107,0.003,87.164,1278,49.03,,,,,0,False,False,0.0,False,7.93,5.67,20.0,
9.6,22215,219.865,-1046.049,-0.009,5.933,30.0,1278,-1,41.41,False,-1,True,True,0.015,0.0,-0.001,False,False,0.239,0.003,87.177,1278,49.03,,,,,0,False,False,0.0,False,7.64,5.78,20.0,
9.65,22216,219.88,-1045.741,-0.01,6.276,30.0,1278,-1,41.72,False,-1,True,True,0.0,0.3,-0.003,False,False,0.371,0.004,87.172,1278,49.03,,,,,0,False,False,0.0,False,7.33,5.97,20.0,
9.7,22217,219.896,-1045.426,-0.011,6.284,30.0,1278,-1,42.04,False,-1,True,True,0.0,0.3,-0.001,False,False,0.4,0.002,87.161,1278,49.03,,,,,0,False,False,0.0,False,7.02,6.14,20.0,
9.75,22218,219.912,-1045.112,-0.01,6.31,30.0,1278,-1,42.35,False,-1,True,True,0.0,0.3,-0.001,False,False,0.353,-0.001,87.153,1278,49.03,,,,,0,False,False,0.0,False,6.7,6.14,20.0,
9.8,22219,219.928,-1044.803,-0.009,6.13,30.0,1278,-1,42.66,False,-1,True,True,0.0,0.3,-0.001,False,False,0.248,-0.003,87.156,1278,49.03,,,,,0,False,False,0.0,False,6.39,6.15,20.0,
9.85,22220,219.943,-1044.501,-0.008,6.028,30.0,1278,-1,42.96,False,-1,True,True,0.0,0.3,-0.001,False,False,0.133,-0.002,87.127,1278,49.03,,,,,0,False,False,0.0,False,6.09,6.07,20.0,
9.9,22221,219.958,-1044.208,-0.007,5.783,30.0,1278,-1,43.26,False,-1,True,True,0.0,0.3,0.002,False,False,0.016,-0.006,87.15,1278,49.03,,,,,0,False,False,0.0,False,5.8,6.01,20.0,
9.95,22222,219.974,-1043.924,-0.006,5.643,30.0,1278,-1,43.54,False,-1,True,True,0.0,0.3,-0.051,False,False,-0.079,0.074,86.993,1278,52.95,,,,,0,False,False,0.0,False,9.46,5.89,20.0,
10.0,22223,219.991,-1043.651,-0.006,5.374,30.0,1278,-1,43.82,False,-1,True,True,0.0,0.3,-0.001,False,False,-0.161,0.067,86.895,1278,52.95,,,,,0,False,False,0.0,False,9.18,5.82,20.0,
10.05,22224,220.005,-1043.387,-0.005,5.263,30.0,1278,-1,44.08,False,-1,True,True,0.619,0.0,-0.001,False,False,-0.21,0.034,86.81,1278,52.95,,,,,0,False,False,0.0,False,8.92,5.69,20.0,
10.1,22225,220.02,-1043.131,-0.005,5.062,30.0,1278,-1,44.34,False,-1,True,True,0.75,0.0,0.0,False,False,-0.233,0.013,86.814,1278,52.95,,,,,0,False,False,0.0,False,8.66,5.63,20.0,
10.15,22226,220.034,-1042.879,-0.005,5.036,30.0,1278,-1,44.59,False,-1,True,True,0.75,0.0,-0.006,False,False,-0.223,0.011,86.792,1278,52.95,,,,,0,False,False,0.0,False,8.41,5.53,20.0,
10.2,22227,220.049,-1042.628,-0.006,4.919,30.0,1278,-1,44.84,False,-1,True,True,0.75,0.0,-0.004,False,False,-0.176,0.01,86.765,1278,52.95,,,,,0,False,False,0.0,False,8.16,5.52,20.0,
10.25,22228,220.064,-1042.378,-0.006,4.963,30.0,1278,-1,45.09,False,-1,True,True,0.75,0.0,-0.002,False,False,-0.122,0.006,86.746,1278,52.95,,,,,0,False,False,0.0,False,7.91,5.46,20.0,
10.3,22229,220.077,-1042.143,-0.006,4.555,30.0,1278,-1,45.33,False,-1,True,True,0.75,0.0,-0.002,False,False,-0.178,0.003,86.73,1278,52.95,,,,,0,False,False,0.0,False,7.67,5.48,20.0,
10.35,22230,220.09,-1041.925,-0.005,4.293,30.0,1278,-1,45.54,False,-1,True,True,0.75,0.0,-0.002,False,False,-0.258,0.001,86.718,1278,52.95,,,,,0,False,False,0.0,False,7.45,5.28,20.0,
10.4,22231,220.102,-1041.716,-0.005,4.153,30.0,1278,-1,45.75,False,-1,True,True,0.75,0.0,-0.002,False,False,-0.293,0.0,86.708,1278,52.95,,,,,0,False,False,0.0,False,7.24,5.15,20.0,
10.45,22232,220.114,-1041.51,-0.005,4.103,30.0,1278,-1,45.96,False,-1,True,True,0.75,0.0,-0.002,False,False,-0.273,0.0,86.698,1278,52.95,,,,,0,False,False,0.0,False,7.04,5.08,20.0,
10.5,22233,220.126,-1041.305,-0.005,4.114,30.0,1278,-1,46.17,False,-1,True,True,0.75,0.0,-0.001,False,False,-0.213,-0.0,86.69,1278,52.95,,,,,0,False,False,0.0,False,6.83,5.05,20.0,
10.55,22234,220.138,-1041.097,-0.006,4.162,30.0,1278,-1,46.37,False,-1,True,True,0.75,0.0,-0.001,False,False,-0.132,-0.0,86.683,1278,52.95,,,,,0,False,False,0.0,False,6.62,5.06,20.0,
10.6,22235,220.151,-1040.887,-0.007,4.232,30.0,1278,-1,46.58,False,-1,True,True,0.75,0.0,-0.001,False,False,-0.049,-0.0,86.677,1278,52.95,,,,,0,False,False,0.0,False,6.41,5.08,20.0,
10.65,22236,220.163,-1040.672,-0.008,4.317,30.0,1278,-1,46.8,False,-1,True,True,0.75,0.0,-0.001,False,False,0.028,-0.0,86.672,1278,52.95,,,,,0,False,False,0.0,False,6.2,5.12,20.0,
10.7,22237,220.176,-1040.453,-0.008,4.41,30.0,1278,-1,47.02,False,-1,True,True,0.75,0.0,-0.001,False,False,0.092,-0.0,86.667,1278,52.95,,,,,0,False,False,0.0,False,5.98,5.16,20.0,
10.75,22238,220.189,-1040.23,-0.008,4.509,30.0,1278,-1,47.24,False,-1,True,True,0.75,0.0,-0.001,False,False,0.143,-0.0,86.663,1278,52.95,,,,,0,False,False,0.0,False,5.76,5.21,20.0,
10.8,22239,220.203,-1040.001,-0.009,4.61,30.0,1278,-1,47.47,False,-1,True,True,0.75,0.0,-0.001,False,False,0.181,-0.0,86.66,1278,52.95,,,,,0,False,False,0.0,False,5.53,5.25,20.0,
10.85,22240,220.216,-1039.768,-0.009,4.713,30.0,1278,-1,47.71,False,-1,True,True,0.75,0.0,-0.0,False,False,0.209,-0.0,86.657,1278,52.95,,,,,0,False,False,0.0,False,5.29,5.31,20.0,
10.9,22241,220.233,-1039.53,-0.009,4.812,30.0,1278,-1,47.94,False,-1,True,True,0.75,0.0,-0.059,False,False,0.227,0.082,86.509,1278,56.88,,,,,0,False,False,0.0,False,9.0,5.36,20.0,
10.95,22242,220.251,-1039.286,-0.009,4.916,30.0,1278,-1,48.19,False,-1,True,True,0.75,0.0,-0.004,False,False,0.24,0.08,86.376,1278,56.88,,,,,0,False,False,0.0,False,8.75,5.41,20.0,
11.0,22243,220.267,-1039.038,-0.009,5.021,30.0,1278,-1,48.44,False,-1,True,True,0.75,0.0,-0.0,False,False,0.249,0.039,86.33,1278,56.88,,,,,0,False,False,0.0,False,8.5,5.46,20.0,
11.05,22244,220.284,-1038.784,-0.009,5.123,30.0,1278,-1,48.69,False,-1,True,True,0.75,0.0,-0.006,False,False,0.255,0.019,86.297,1278,56.88,,,,,0,False,False,0.0,False,8.25,5.51,20.0,
11.1,22245,220.302,-1038.526,-0.009,5.242,30.0,1278,-1,48.95,False,-1,True,True,0.75,0.0,-0.005,False,False,0.259,0.013,86.27,1278,56.88,,,,,0,False,False,0.0,False,7.99,5.56,20.0,
11.15,22246,220.319,-1038.266,-0.009,5.17,30.0,1278,-1,49.21,False,-1,True,True,0.75,0.0,-0.005,False,False,0.23,0.01,86.213,1278,56.88,,,,,0,False,False,0.0,False,7.73,5.62,20.0,
11.2,22247,220.337,-1038.007,-0.009,5.226,30.0,1278,-1,49.47,False,-1,True,True,0.75,0.0,-0.001,False,False,0.188,0.002,86.213,1278,56.88,,,,,0,False,False,0.0,False,7.47,5.58,20.0,
11.25,22248,220.354,-1037.749,-0.008,5.156,30.0,1278,-1,49.73,False,-1,True,True,0.75,0.0,-0.005,False,False,0.146,0.003,86.155,1278,56.88,,,,,0,False,False,0.0,False,7.21,5.61,20.0,
11.3,22249,220.372,-1037.489,-0.008,5.245,30.0,1278,-1,49.99,False,-1,True,True,0.75,0.0,0.001,False,False,0.126,-0.002,86.159,1278,56.88,,,,,0,False,False,0.0,False,6.95,5.58,20.0,
11.35,22250,220.389,-1037.229,-0.008,5.205,30.0,1278,-1,50.25,False,-1,True,True,0.75,0.0,-0.003,False,False,0.112,0.001,86.11,1278,56.88,,,,,0,False,False,0.0,False,6.69,5.62,20.0,
11.4,22251,220.407,-1036.967,-0.008,5.271,30.0,1278,-1,50.51,False,-1,True,True,0.75,0.0,0.002,False,False,0.107,-0.003,86.122,1278,56.88,,,,,0,False,False,0.0,False,6.43,5.6,20.0,
11.45,22252,220.425,-1036.707,-0.008,5.197,30.0,1278,-1,50.77,False,-1,True,True,0.75,0.0,-0.003,False,False,0.091,0.001,86.082,1278,56.88,,,,,0,False,False,0.0,False,6.17,5.64,20.0,
11.5,22253,220.443,-1036.436,-0.008,5.626,30.0,1278,-1,51.04,False,-1,True,True,0.75,0.0,0.002,False,False,0.156,-0.002,86.064,1278,56.88,,,,,0,False,False,0.0,False,5.89,5.6,20.0,
11.55,22254,220.463,-1036.144,-0.01,5.954,30.0,1278,-1,51.34,False,-1,True,True,0.0,0.226,0.001,False,False,0.306,-0.003,86.049,1278,56.88,,,,,0,False,False,0.0,False,5.6,5.81,20.0,
11.6,22255,220.488,-1035.837,-0.011,6.241,30.0,1278,-1,51.64,False,-1,True,True,0.0,0.3,-0.065,False,False,0.411,0.124,85.839,1278,60.8,,,,,0,False,False,0.0,False,9.25,5.98,20.0,
11.65,22256,220.514,-1035.526,-0.011,6.236,30.0,1278,-1,51.96,False,-1,True,True,0.0,0.3,0.001,False,False,0.416,0.113,85.649,1278,60.8,,,,,0,False,False,0.0,False,8.94,6.12,20.0,
11.7,22257,220.537,-1035.214,-0.01,6.247,30.0,1278,-1,52.27,False,-1,True,True,0.0,0.3,0.006,False,False,0.354,0.046,85.584,1278,60.8,,,,,0,False,False,0.0,False,8.63,6.12,20.0,
11.75,22258,220.561,-1034.91,-0.009,6.051,30.0,1278,-1,52.57,False,-1,True,True,0.0,0.3,-0.002,False,False,0.237,0.017,85.586,1278,60.8,,,,,0,False,False,0.0,False,8.32,6.12,20.0,
11.8,22259,220.584,-1034.612,-0.008,5.948,30.0,1278,-1,52.87,False,-1,True,True,0.0,0.3,-0.006,False,False,0.118,0.016,85.532,1278,60.8,,,,,0,False,False,0.0,False,8.02,6.03,20.0,
11.85,22260,220.607,-1034.324,-0.007,5.705,30.0,1278,-1,53.16,False,-1,True,True,0.0,0.3,-0.001,False,False,0.003,0.011,85.532,1278,60.8,,,,,0,False,False,0.0,False,7.73,5.97,20.0,
11.9,22261,220.629,-1034.044,-0.006,5.571,30.0,1278,-1,53.44,False,-1,True,True,0.0,0.3,-0.004,False,False,-0.087,0.01,85.483,1278,60.8,,,,,0,False,False,0.0,False,7.45,5.85,20.0,
11.95,22262,220.651,-1033.775,-0.006,5.33,30.0,1278,-1,53.71,False,-1,True,True,0.0,0.084,0.0,False,False,-0.16,0.005,85.495,1278,60.8,,,,,0,False,False,0.0,False,7.18,5.79,20.0,
12.0,22263,220.671,-1033.512,-0.005,5.24,30.0,1278,-1,53.98,False,-1,True,True,0.75,0.0,-0.004,False,False,-0.196,0.007,85.458,1278,60.8,,,,,0,False,False,0.0,False,6.92,5.66,20.0,
12.05,22264,220.692,-1033.257,-0.005,5.039,30.0,1278,-1,54.23,False,-1,True,True,0.75,0.0,0.001,False,False,-0.216,0.004,85.482,1278,60.8,,,,,0,False,False,0.0,False,6.66,5.62,20.0,
12.1,22265,220.712,-1033.005,-0.005,5.061,30.0,1278,-1,54.48,False,-1,True,True,0.75,0.0,-0.004,False,False,-0.194,0.007,85.469,1278,60.8,,,,,0,False,False,0.0,False,6.41,5.52,20.0,
12.15,22266,220.733,-1032.754,-0.006,5.043,30.0,1278,-1,54.74,False,-1,True,True,0.75,0.0,-0.001,False,False,-0.147,0.005,85.456,1278,60.8,,,,,0,False,False,0.0,False,6.16,5.53,20.0,
12.2,22267,220.753,-1032.505,-0.006,4.862,30.0,1278,-1,54.99,False,-1,True,True,0.75,0.0,-0.001,False,False,-0.114,0.002,85.457,1278,60.8,,,,,0,False,False,0.0,False,5.91,5.52,20.0,
12.25,22268,220.771,-1032.276,-0.006,4.473,30.0,1278,-1,55.17,False,-1,True,True,0.75,0.0,-0.002,False,False,-0.197,0.001,85.472,1278,60.8,,,,,0,False,False,0.0,False,5.68,5.43,20.0,
12.3,22269,220.788,-1032.062,-0.005,4.23,30.0,1278,-1,55.38,False,-1,True,True,0.75,0.0,-0.003,False,False,-0.278,0.002,85.466,1278,60.8,,,,,0,False,False,0.0,False,5.46,5.24,20.0,
12.35,22270,220.805,-1031.855,-0.005,4.105,30.0,1278,-1,55.59,False,-1,True,True,0.75,0.0,-0.001,False,False,-0.305,0.001,85.457,1278,60.8,,,,,0,False,False,0.0,False,5.26,5.12,20.0,
12.4,22271,220.821,-1031.651,-0.005,4.066,30.0,1278,-1,55.79,False,-1,True,True,0.75,0.0,-0.001,False,False,-0.276,-0.001,85.45,1278,60.8,,,,,0,False,False,0.0,False,5.05,5.05,20.0,
12.45,22272,220.838,-1031.448,-0.005,4.084,30.0,1278,-1,56.0,False,-1,True,True,0.75,0.0,-0.001,False,False,-0.209,-0.001,85.444,1278,60.8,,,,,0,False,False,0.0,False,4.85,5.03,20.0,
12.5,22273,220.858,-1031.243,-0.006,4.129,30.0,1278,-1,56.2,False,-1,True,True,0.75,0.0,-0.08,False,False,-0.127,0.092,85.278,1278,64.72,,,,,0,False,False,0.0,False,8.57,5.04,20.0,
12.55,22274,220.878,-1031.034,-0.007,4.203,30.0,1278,-1,56.41,False,-1,True,True,0.75,0.0,-0.009,False,False,-0.043,0.098,85.107,1278,64.72,,,,,0,False,False,0.0,False,8.36,5.06,20.0,
12.6,22275,220.898,-1030.822,-0.008,4.291,30.0,1278,-1,56.62,False,-1,True,True,0.75,0.0,-0.003,False,False,0.034,0.05,85.045,1278,64.72,,,,,0,False,False,0.0,False,8.14,5.1,20.0,
12.65,22276,220.917,-1030.605,-0.008,4.386,30.0,1278,-1,56.84,False,-1,True,True,0.75,0.0,-0.009,False,False,0.098,0.026,84.998,1278,64.72,,,,,0,False,False,0.0,False,7.92,5.15,20.0,
12.7,22277,220.938,-1030.383,-0.009,4.486,30.0,1278,-1,57.07,False,-1,True,True,0.75,0.0,-0.009,False,False,0.148,0.017,84.948,1278,64.72,,,,,0,False,False,0.0,False,7.7,5.19,20.0,
12.75,22278,220.959,-1030.156,-0.009,4.589,30.0,1278,-1,57.29,False,-1,True,True,0.75,0.0,-0.007,False,False,0.186,0.01,84.903,1278,64.72,,,,,0,False,False,0.0,False,7.47,5.24,20.0,
12.8,22279,220.981,-1029.925,-0.009,4.693,30.0,1278,-1,57.53,False,-1,True,True,0.75,0.0,-0.007,False,False,0.213,0.007,84.861,1278,64.72,,,,,0,False,False,0.0,False,7.24,5.29,20.0,
12.85,22280,221.003,-1029.688,-0.009,4.797,30.0,1278,-1,57.76,False,-1,True,True,0.75,0.0,-0.004,False,False,0.232,0.004,84.826,1278,64.72,,,,,0,False,False,0.0,False,7.0,5.35,20.0,
12.9,22281,221.025,-1029.446,-0.009,4.902,30.0,1278,-1,58.01,False,-1,True,True,0.75,0.0,-0.004,False,False,0.244,0.001,84.799,1278,64.72,,,,,0,False,False,0.0,False,6.76,5.4,20.0,
12.95,22282,221.048,-1029.198,-0.009,5.006,30.0,1278,-1,58.26,False,-1,True,True,0.75,0.0,-0.003,False,False,0.252,-0.0,84.775,1278,64.72,,,,,0,False,False,0.0,False,6.51,5.45,20.0,
13.0,22283,221.072,-1028.946,-0.009,5.111,30.0,1278,-1,58.51,False,-1,True,True,0.75,0.0,-0.003,False,False,0.258,-0.001,84.754,1278,64.72,,,,,0,False,False,0.0,False,6.26,5.5,20.0,
13.05,22284,221.096,-1028.689,-0.009,5.171,30.0,1278,-1,58.77,False,-1,True,True,0.75,0.0,-0.002,False,False,0.257,-0.001,84.735,1278,64.72,,,,,0,False,False,0.0,False,6.0,5.56,20.0,
13.1,22285,221.12,-1028.427,-0.009,5.289,30.0,1278,-1,59.03,False,-1,True,True,0.75,0.0,-0.002,False,False,0.252,-0.001,84.735,1278,64.72,,,,,0,False,False,0.0,False,5.74,5.59,20.0,
13.15,22286,221.144,-1028.167,-0.009,5.195,30.0,1278,-1,59.29,False,-1,True,True,0.75,0.0,-0.003,False,False,0.207,0.001,84.688,1278,64.72,,,,,0,False,False,0.0,False,5.48,5.64,20.0,
13.2,22287,221.171,-1027.907,-0.008,5.258,30.0,1278,-1,59.55,False,-1,True,True,0.75,0.0,-0.039,False,False,0.167,0.056,84.603,1278,68.64,,,,,0,False,False,0.0,False,9.14,5.6,20.0,
13.25,22288,221.197,-1027.648,-0.008,5.199,30.0,1278,-1,59.81,False,-1,True,True,0.75,0.0,-0.006,False,False,0.132,0.058,84.463,1278,68.64,,,,,0,False,False,0.0,False,8.88,5.63,20.0,
13.3,22289,221.223,-1027.386,-0.008,5.296,30.0,1278,-1,60.08,False,-1,True,True,0.75,0.0,0.003,False,False,0.121,0.025,84.436,1278,68.64,,,,,0,False,False,0.0,False,8.61,5.6,20.0,
13.35,22290,221.248,-1027.125,-0.008,5.227,30.0,1278,-1,60.34,False,-1,True,True,0.75,0.0,-0.005,False,False,0.106,0.013,84.372,1278,68.64,,,,,0,False,False,0.0,False,8.35,5.65,20.0,
13.4,22291,221.274,-1026.863,-0.008,5.295,30.0,1278,-1,60.6,False,-1,True,True,0.75,0.0,-0.0,False,False,0.098,0.005,84.376,1278,68.64,,,,,0,False,False,0.0,False,8.09,5.61,20.0,
13.45,22292,221.3,-1026.597,-0.008,5.479,30.0,1278,-1,60.87,False,-1,True,True,0.75,0.0,-0.0,False,False,0.125,-0.001,84.33,1278,68.64,,,,,0,False,False,0.0,False,7.82,5.65,20.0,
13.5,22293,221.329,-1026.307,-0.01,5.99,30.0,1278,-1,61.16,False,-1,True,True,0.302,0.0,-0.0,False,False,0.279,-0.001,84.302,1278,68.64,,,,,0,False,False,0.0,False,7.53,5.74,20.0,
13.55,22294,221.359,-1026.001,-0.011,6.185,30.0,1278,-1,61.47,False,-1,True,True,0.0,0.3,-0.001,False,False,0.4,0.001,84.287,1278,68.64,,,,,0,False,False,0.0,False,7.22,5.99,20.0,
13.6,22295,221.391,-1025.688,-0.011,6.33,30.0,1278,-1,61.78,False,-1,True,True,0.0,0.3,-0.001,False,False,0.429,0.004,84.276,1278,68.64,,,,,0,False,False,0.0,False,6.91,6.09,20.0,
13.65,22296,221.422,-1025.377,-0.01,6.221,30.0,1278,-1,62.1,False,-1,True,True,0.0,0.3,-0.001,False,False,0.366,0.006,84.265,1278,68.64,,,,,0,False,False,0.0,False,6.59,6.17,20.0,
13.7,22297,221.453,-1025.069,-0.009,6.168,30.0,1278,-1,62.4,False,-1,True,True,0.0,0.3,-0.001,False,False,0.263,0.006,84.27,1278,68.64,,,,,0,False,False,0.0,False,6.29,6.11,20.0,
13.75,22298,221.483,-1024.77,-0.008,5.943,30.0,1278,-1,62.7,False,-1,True,True,0.0,0.3,-0.002,False,False,0.136,0.008,84.238,1278,68.64,,,,,0,False,False,0.0,False,5.98,6.08,20.0,
13.8,22299,221.513,-1024.479,-0.007,5.819,30.0,1278,-1,63.0,False,-1,True,True,0.0,0.3,0.002,False,False,0.023,0.004,84.261,1278,68.64,,,,,0,False,False,0.0,False,5.69,5.97,20.0,
13.85,22300,221.542,-1024.199,-0.006,5.56,30.0,1278,-1,63.28,False,-1,True,True,0.0,0.3,-0.025,False,False,-0.079,0.041,84.174,1278,72.57,,,,,0,False,False,0.0,False,9.33,5.91,20.0,
13.9,22301,221.571,-1023.927,-0.006,5.445,30.0,1278,-1,63.55,False,-1,True,True,0.0,0.045,0.001,False,False,-0.149,0.034,84.142,1278,72.57,,,,,0,False,False,0.0,False,9.06,5.78,20.0,
13.95,22302,221.598,-1023.663,-0.005,5.226,30.0,1278,-1,63.82,False,-1,True,True,0.364,0.0,-0.002,False,False,-0.195,0.018,84.08,1278,72.57,,,,,0,False,False,0.0,False,8.79,5.72,20.0,
14.0,22303,221.625,-1023.405,-0.005,5.158,30.0,1278,-1,64.08,False,-1,True,True,0.75,0.0,0.002,False,False,-0.209,0.005,84.087,1278,72.57,,,,,0,False,False,0.0,False,8.53,5.61,20.0,
14.05,22304,221.651,-1023.153,-0.005,5.023,30.0,1278,-1,64.33,False,-1,True,True,0.75,0.0,-0.003,False,False,-0.205,0.004,84.044,1278,72.57,,,,,0,False,False,0.0,False,8.28,5.58,20.0,
14.1,22305,221.677,-1022.901,-0.006,5.09,30.0,1278,-1,64.58,False,-1,True,True,0.75,0.0,0.002,False,False,-0.155,-0.0,84.068,1278,72.57,,,,,0,False,False,0.0,False,8.03,5.51,20.0,
14.15,22306,221.703,-1022.651,-0.006,4.918,30.0,1278,-1,64.84,False,-1,True,True,0.75,0.0,-0.004,False,False,-0.114,0.004,84.057,1278,72.57,,,,,0,False,False,0.0,False,7.78,5.54,20.0,
14.2,22307,221.728,-1022.417,-0.006,4.559,30.0,1278,-1,65.07,False,-1,True,True,0.75,0.0,-0.001,False,False,-0.18,0.004,84.02,1278,72.57,,,,,0,False,False,0.0,False,7.54,5.46,20.0,
14.25,22308,221.75,-1022.2,-0.005,4.301,30.0,1278,-1,65.29,False,-1,True,True,0.75,0.0,0.002,False,False,-0.262,-0.0,84.014,1278,72.57,,,,,0,False,False,0.0,False,7.32,5.28,20.0,
14.3,22309,221.772,-1021.99,-0.005,4.164,30.0,1278,-1,65.5,False,-1,True,True,0.75,0.0,0.0,False,False,-0.297,-0.001,84.015,1278,72.57,,,,,0,False,False,0.0,False,7.11,5.15,20.0,
14.35,22310,221.794,-1021.785,-0.005,4.116,30.0,1278,-1,65.71,False,-1,True,True,0.75,0.0,-0.0,False,False,-0.275,0.0,84.014,1278,72.57,,,,,0,False,False,0.0,False,6.91,5.08,20.0,
14.4,22311,221.815,-1021.58,-0.005,4.128,30.0,1278,-1,65.91,False,-1,True,True,0.75,0.0,-0.0,False,False,-0.214,0.001,84.013,1278,72.57,,,,,0,False,False,0.0,False,6.7,5.06,20.0,
14.45,22312,221.837,-1021.372,-0.006,4.176,30.0,1278,-1,66.12,False,-1,True,True,0.75,0.0,-0.0,False,False,-0.132,0.001,84.012,1278,72.57,,,,,0,False,False,0.0,False,6.49,5.06,20.0,
14.5,22313,221.859,-1021.162,-0.007,4.246,30.0,1278,-1,66.33,False,-1,True,True,0.75,0.0,-0.0,False,False,-0.048,0.001,84.011,1278,72.57,,,,,0,False,False,0.0,False,6.28,5.09,20.0,
14.55,22314,221.882,-1020.947,-0.008,4.331,30.0,1278,-1,66.55,False,-1,True,True,0.75,0.0,-0.0,False,False,0.028,0.001,84.011,1278,72.57,,,,,0,False,False,0.0,False,6.06,5.12,20.0,
14.6,22315,221.905,-1020.729,-0.008,4.424,30.0,1278,-1,66.77,False,-1,True,True,0.75,0.0,-0.0,False,False,0.092,0.001,84.01,1278,72.57,,,,,0,False,False,0.0,False,5.84,5.17,20.0,
14.65,22316,221.928,-1020.505,-0.008,4.523,30.0,1278,-1,66.99,False,-1,True,True,0.75,0.0,-0.0,False,False,0.143,0.0,84.01,1278,72.57,,,,,0,False,False,0.0,False,5.62,5.21,20.0,
14.7,22317,221.952,-1020.277,-0.009,4.624,30.0,1278,-1,67.22,False,-1,True,True,0.75,0.0,-0.0,False,False,0.182,0.0,84.009,1278,72.57,,,,,0,False,False,0.0,False,5.39,5.26,20.0,
14.75,22318,221.977,-1020.044,-0.009,4.727,30.0,1278,-1,67.46,False,-1,True,True,0.75,0.0,-0.0,False,False,0.209,0.0,84.009,1278,72.57,,,,,0,False,False,0.0,False,5.16,5.31,20.0,
14.8,22319,222.002,-1019.806,-0.009,4.831,30.0,1278,-1,67.7,False,-1,True,True,0.75,0.0,-0.013,False,False,0.229,0.022,83.968,1278,76.49,,,,,0,False,False,0.0,False,8.84,5.36,20.0,
14.85,22320,222.029,-1019.562,-0.009,4.935,30.0,1278,-1,67.94,False,-1,True,True,0.75,0.0,0.0,False,False,0.242,0.019,83.938,1278,76.49,,,,,0,False,False,0.0,False,8.59,5.42,20.0,
14.9,22321,222.055,-1019.314,-0.009,5.039,30.0,1278,-1,68.19,False,-1,True,True,0.75,0.0,0.0,False,False,0.251,0.008,83.93,1278,76.49,,,,,0,False,False,0.0,False,8.34,5.47,20.0,
14.95,22322,222.082,-1019.06,-0.009,5.14,30.0,1278,-1,68.45,False,-1,True,True,0.75,0.0,-0.001,False,False,0.256,0.003,83.924,1278,76.49,,,,,0,False,False,0.0,False,8.09,5.52,20.0,
15.0,22323,222.11,-1018.801,-0.009,5.278,30.0,1278,-1,68.71,False,-1,True,True,0.75,0.0,-0.001,False,False,0.26,0.002,83.919,1278,76.49,,,,,0,False,False,0.0,False,7.83,5.57,20.0,
15.05,22324,222.138,-1018.539,-0.009,5.239,30.0,1278,-1,68.97,False,-1,True,True,0.75,0.0,-0.001,False,False,0.244,0.002,83.897,1278,76.49,,,,,0,False,False,0.0,False,7.56,5.64,20.0,
15.1,22325,222.166,-1018.278,-0.009,5.29,30.0,1278,-1,69.23,False,-1,True,True,0.75,0.0,0.001,False,False,0.207,-0.002,83.917,1278,76.49,,,,,0,False,False,0.0,False,7.3,5.62,20.0,
15.15,22326,222.194,-1018.017,-0.008,5.216,30.0,1278,-1,69.49,False,-1,True,True,0.75,0.0,-0.003,False,False,0.161,0.002,83.876,1278,76.49,,,,,0,False,False,0.0,False,7.04,5.64,20.0,
15.2,22327,222.222,-1017.756,-0.008,5.299,30.0,1278,-1,69.76,False,-1,True,True,0.75,0.0,0.003,False,False,0.136,-0.003,83.895,1278,76.49,,,,,0,False,False,0.0,False,6.78,5.61,20.0,
15.25,22328,222.249,-1017.494,-0.008,5.256,30.0,1278,-1,70.02,False,-1,True,True,0.75,0.0,-0.002,False,False,0.117,0.0,83.859,1278,76.49,,,,,0,False,False,0.0,False,6.51,5.65,20.0,
15.3,22329,222.278,-1017.231,-0.008,5.322,30.0,1278,-1,70.29,False,-1,True,True,0.75,0.0,0.003,False,False,0.109,-0.003,83.881,1278,76.49,,,,,0,False,False,0.0,False,6.25,5.63,20.0,
15.35,22330,222.306,-1016.969,-0.008,5.248,30.0,1278,-1,70.55,False,-1,True,True,0.75,0.0,-0.002,False,False,0.092,0.001,83.851,1278,76.49,,,,,0,False,False,0.0,False,5.98,5.66,20.0,
15.4,22331,222.334,-1016.697,-0.008,5.673,30.0,1278,-1,70.82,False,-1,True,True,0.75,0.0,0.003,False,False,0.155,-0.002,83.841,1278,76.49,,,,,0,False,False,0.0,False,5.71,5.62,20.0,
15.45,22332,222.371,-1016.405,-0.01,5.979,30.0,1278,-1,71.12,False,-1,True,True,0.0,0.3,-0.097,False,False,0.298,0.16,83.571,1278,80.41,,,,,0,False,False,0.0,False,9.69,5.84,20.0,
15.5,22333,222.412,-1016.098,-0.011,6.27,30.0,1278,-1,71.43,False,-1,True,True,0.0,0.3,-0.033,False,False,0.402,0.223,83.192,1278,80.41,,,,,0,False,False,0.0,False,9.38,5.99,20.0,
15.55,22334,222.452,-1015.787,-0.011,6.263,30.0,1278,-1,71.74,False,-1,True,True,0.0,0.3,-0.013,False,False,0.408,0.165,82.943,1278,80.41,,,,,0,False,False,0.0,False,9.07,6.13,20.0,
15.6,22335,222.493,-1015.476,-0.01,6.278,30.0,1278,-1,72.05,False,-1,True,True,0.0,0.3,-0.015,False,False,0.347,0.115,82.78,1278,80.41,,,,,0,False,False,0.0,False,8.75,6.13,20.0,
15.65,22336,222.534,-1015.171,-0.009,6.086,30.0,1278,-1,72.36,False,-1,True,True,0.0,0.3,-0.016,False,False,0.235,0.089,82.625,1278,80.41,,,,,0,False,False,0.0,False,8.45,6.14,20.0,
15.7,22337,222.574,-1014.874,-0.008,5.981,30.0,1278,-1,72.66,False,-1,True,True,0.0,0.3,-0.011,False,False,0.117,0.067,82.534,1278,80.41,,,,,0,False,False,0.0,False,8.15,6.04,20.0,
15.75,22338,222.613,-1014.586,-0.007,5.735,30.0,1278,-1,72.95,False,-1,True,True,0.0,0.3,-0.012,False,False,0.002,0.054,82.409,1278,80.41,,,,,0,False,False,0.0,False,7.85,5.99,20.0,
15.8,22339,222.652,-1014.307,-0.006,5.6,30.0,1278,-1,73.23,False,-1,True,True,0.0,0.3,-0.006,False,False,-0.089,0.038,82.355,1278,80.41,,,,,0,False,False,0.0,False,7.57,5.87,20.0,
15.85,22340,222.689,-1014.037,-0.006,5.346,30.0,1278,-1,73.5,False,-1,True,True,0.0,0.192,-0.009,False,False,-0.164,0.03,82.26,1278,80.41,,,,,0,False,False,0.0,False,7.3,5.8,20.0,
15.9,22341,222.725,-1013.776,-0.005,5.248,30.0,1278,-1,73.77,False,-1,True,True,0.721,0.0,-0.003,False,False,-0.205,0.018,82.231,1278,80.41,,,,,0,False,False,0.0,False,7.04,5.67,20.0,
15.95,22342,222.76,-1013.522,-0.005,5.046,30.0,1278,-1,74.02,False,-1,True,True,0.75,0.0,-0.007,False,False,-0.225,0.014,82.151,1278,80.41,,,,,0,False,False,0.0,False,6.78,5.62,20.0,
16.0,22343,222.795,-1013.272,-0.005,5.069,30.0,1278,-1,74.28,False,-1,True,True,0.75,0.0,-0.001,False,False,-0.202,0.007,82.12,1278,80.41,,,,,0,False,False,0.0,False,6.53,5.52,20.0,
16.05,22344,222.83,-1013.022,-0.006,5.051,30.0,1278,-1,74.53,False,-1,True,True,0.75,0.0,-0.003,False,False,-0.152,0.006,82.098,1278,80.41,,,,,0,False,False,0.0,False,6.28,5.53,20.0,
16.1,22345,222.864,-1012.774,-0.006,4.869,30.0,1278,-1,74.78,False,-1,True,True,0.75,0.0,-0.003,False,False,-0.119,0.006,82.065,1278,80.41,,,,,0,False,False,0.0,False,6.03,5.53,20.0,
16.15,22346,222.896,-1012.546,-0.006,4.479,30.0,1278,-1,75.01,False,-1,True,True,0.75,0.0,-0.001,False,False,-0.2,0.005,82.021,1278,80.41,,,,,0,False,False,0.0,False,5.8,5.43,20.0,
16.2,22347,222.926,-1012.333,-0.005,4.235,30.0,1278,-1,75.23,False,-1,True,True,0.75,0.0,-0.001,False,False,-0.281,0.004,82.004,1278,80.41,,,,,0,False,False,0.0,False,5.58,5.24,20.0,
16.25,22348,222.955,-1012.127,-0.005,4.11,30.0,1278,-1,75.43,False,-1,True,True,0.75,0.0,-0.0,False,False,-0.308,0.002,81.997,1278,80.41,,,,,0,False,False,0.0,False,5.37,5.12,20.0,
16.3,22349,222.983,-1011.925,-0.005,4.07,30.0,1278,-1,75.64,False,-1,True,True,0.75,0.0,-0.001,False,False,-0.279,0.002,81.992,1278,80.41,,,,,0,False,False,0.0,False,5.17,5.05,20.0,
16.35,22350,223.012,-1011.722,-0.005,4.087,30.0,1278,-1,75.84,False,-1,True,True,0.75,0.0,-0.001,False,False,-0.211,0.002,81.988,1278,80.41,,,,,0,False,False,0.0,False,4.96,5.03,20.0,
16.4,22351,223.045,-1011.519,-0.006,4.129,30.0,1278,-1,76.05,False,-1,True,True,0.75,0.0,-0.101,False,False,-0.129,0.106,81.807,1278,84.33,,,,,0,False,False,0.0,False,8.73,5.04,20.0,
16.45,22352,223.086,-1011.315,-0.007,4.176,30.0,1278,-1,76.25,False,-1,True,True,0.75,0.0,-0.201,False,False,-0.054,0.34,81.214,1278,84.33,,,,,0,False,False,0.0,False,8.52,5.06,20.0,
16.5,22353,223.135,-1011.109,-0.007,4.261,30.0,1278,-1,76.46,False,-1,True,True,0.75,0.0,-0.163,False,False,0.014,0.492,80.394,1278,84.33,,,,,0,False,False,0.0,False,8.31,5.09,20.0,
16.55,22354,223.185,-1010.899,-0.008,4.361,30.0,1278,-1,76.68,False,-1,True,True,0.75,0.0,-0.118,False,False,0.079,0.476,79.653,1278,84.33,,,,,0,False,False,0.0,False,8.09,5.13,20.0,
16.6,22355,223.237,-1010.684,-0.008,4.465,30.0,1278,-1,76.9,False,-1,True,True,0.75,0.0,-0.1,False,False,0.133,0.393,79.025,1278,84.33,,,,,0,False,False,0.0,False,7.87,5.18,20.0,
16.65,22356,223.291,-1010.464,-0.009,4.57,30.0,1278,-1,77.12,False,-1,True,True,0.75,0.0,-0.087,False,False,0.176,0.307,78.475,1278,84.33,,,,,0,False,False,0.0,False,7.65,5.23,20.0,
16.7,22357,223.348,-1010.239,-0.009,4.677,30.0,1278,-1,77.35,False,-1,True,True,0.75,0.0,-0.074,False,False,0.206,0.231,77.989,1278,84.33,,,,,0,False,False,0.0,False,7.41,5.29,20.0,
16.75,22358,223.406,-1010.01,-0.009,4.783,30.0,1278,-1,77.59,False,-1,True,True,0.75,0.0,-0.063,False,False,0.228,0.168,77.563,1278,84.33,,,,,0,False,False,0.0,False,7.18,5.34,20.0,
16.8,22359,223.466,-1009.775,-0.009,4.889,30.0,1278,-1,77.83,False,-1,True,True,0.75,0.0,-0.053,False,False,0.243,0.118,77.193,1278,84.33,,,,,0,False,False,0.0,False,6.93,5.39,20.0,
16.85,22360,223.527,-1009.535,-0.009,4.995,30.0,1278,-1,78.07,False,-1,True,True,0.75,0.0,-0.045,False,False,0.252,0.082,76.871,1278,84.33,,,,,0,False,False,0.0,False,6.69,5.44,20.0,
16.9,22361,223.59,-1009.29,-0.009,5.099,30.0,1278,-1,78.32,False,-1,True,True,0.75,0.0,-0.038,False,False,0.258,0.052,76.595,1278,84.33,,,,,0,False,False,0.0,False,6.43,5.5,20.0,
16.95,22362,223.655,-1009.04,-0.009,5.231,30.0,1278,-1,78.58,False,-1,True,True,0.75,0.0,-0.032,False,False,0.263,0.033,76.36,1278,84.33,,,,,0,False,False,0.0,False,6.18,5.55,20.0,
17.0,22363,223.721,-1008.786,-0.009,5.251,30.0,1278,-1,78.84,False,-1,True,True,0.75,0.0,-0.027,False,False,0.256,0.021,76.141,1278,84.33,,,,,0,False,False,0.0,False,5.91,5.62,20.0,
17.05,22364,223.787,-1008.531,-0.009,5.304,30.0,1278,-1,79.0,False,-1,True,True,0.75,0.0,-0.021,False,False,0.23,0.01,75.986,1278,84.33,,,,,0,False,False,0.0,False,5.65,5.63,20.0,
17.1,22365,223.857,-1008.278,-0.009,5.215,30.0,1278,-1,79.25,False,-1,True,True,0.75,0.0,-0.121,False,False,0.178,0.112,75.637,1278,88.26,,,,,0,False,False,0.0,False,9.29,5.65,20.0,
17.15,22366,223.932,-1008.027,-0.008,5.284,30.0,1278,-1,79.51,False,-1,True,True,0.75,0.0,-0.113,False,False,0.142,0.257,75.097,1278,88.26,,,,,0,False,False,0.0,False,9.02,5.61,20.0,
17.2,22367,224.009,-1007.776,-0.008,5.236,30.0,1278,-1,79.77,False,-1,True,True,0.75,0.0,-0.08,False,False,0.116,0.292,74.484,1278,88.26,,,,,0,False,False,0.0,False,8.76,5.64,20.0,
17.25,22368,224.087,-1007.524,-0.008,5.318,30.0,1278,-1,80.0,False,-1,True,True,0.75,0.0,-0.055,False,False,0.109,0.247,74.011,1278,88.26,,,,,0,False,False,0.0,False,8.5,5.62,20.0,
17.3,22369,224.165,-1007.272,-0.008,5.243,30.0,1278,-1,80.16,False,-1,True,True,0.75,0.0,-0.05,False,False,0.093,0.196,73.574,1278,88.26,,,,,0,False,False,0.0,False,8.24,5.66,20.0,
17.35,22370,224.246,-1007.018,-0.008,5.468,30.0,1278,-1,80.43,False,-1,True,True,0.75,0.0,-0.038,False,False,0.106,0.15,73.236,1278,88.26,,,,,0,False,False,0.0,False,7.97,5.62,20.0,
17.4,22371,224.333,-1006.745,-0.009,5.852,30.0,1278,-1,80.72,False,-1,True,True,0.342,0.0,-0.034,False,False,0.24,0.129,72.906,1278,88.26,,,,,0,False,False,0.0,False,7.68,5.73,20.0,
17.45,22372,224.428,-1006.454,-0.01,6.246,30.0,1278,-1,81.0,False,-1,True,True,0.342,0.0,-0.034,False,False,0.383,0.124,72.601,1278,88.26,,,,,0,False,False,0.0,False,7.38,5.93,20.0,
17.5,22373,224.526,-1006.153,-0.011,6.344,30.0,1278,-1,81.28,False,-1,True,True,0.0,0.3,-0.015,False,False,0.444,0.089,72.369,1278,88.26,,,,,0,False,False,0.0,False,7.06,6.12,20.0,
17.55,22374,224.625,-1005.849,-0.011,6.41,30.0,1278,-1,81.6,False,-1,True,True,0.0,0.3,-0.013,False,False,0.417,0.055,72.209,1278,88.26,,,,,0,False,False,0.0,False,6.74,6.17,20.0,
17.6,22375,224.723,-1005.55,-0.01,6.249,30.0,1278,-1,81.92,False,-1,True,True,0.0,0.3,-0.013,False,False,0.317,0.039,72.067,1278,88.26,,,,,0,False,False,0.0,False,6.42,6.21,20.0,
17.65,22376,224.82,-1005.257,-0.009,6.157,30.0,1278,-1,82.16,False,-1,True,True,0.0,0.3,-0.01,False,False,0.195,0.028,71.985,1278,88.26,,,,,0,False,False,0.0,False,6.12,6.12,20.0,
17.7,22377,224.914,-1004.972,-0.008,5.922,30.0,1278,-1,82.46,False,-1,True,True,0.0,0.3,-0.011,False,False,0.068,0.025,71.868,1278,88.26,,,,,0,False,False,0.0,False,5.82,6.08,20.0,
17.75,22378,225.009,-1004.697,-0.007,5.777,30.0,1278,-1,82.75,False,-1,True,True,0.0,0.3,-0.111,False,False,-0.039,0.135,71.639,1278,92.18,,,,,0,False,False,0.0,False,9.46,5.96,20.0,
17.8,22379,225.104,-1004.434,-0.006,5.514,30.0,1278,-1,83.03,False,-1,True,True,0.0,0.3,-0.056,False,False,-0.132,0.205,71.227,1278,92.18,,,,,0,False,False,0.0,False,9.18,5.89,20.0,
17.85,22380,225.195,-1004.178,-0.005,5.404,30.0,1278,-1,83.3,False,-1,True,True,0.11,0.0,-0.028,False,False,-0.189,0.171,70.937,1278,92.18,,,,,0,False,False,0.0,False,8.91,5.76,20.0,
17.9,22381,225.284,-1003.93,-0.005,5.193,30.0,1278,-1,83.56,False,-1,True,True,0.506,0.0,-0.028,False,False,-0.221,0.128,70.657,1278,92.18,,,,,0,False,False,0.0,False,8.64,5.7,20.0,
17.95,22382,225.372,-1003.688,-0.005,5.157,30.0,1278,-1,83.82,False,-1,True,True,0.75,0.0,-0.02,False,False,-0.22,0.091,70.485,1278,92.18,,,,,0,False,False,0.0,False,8.39,5.6,20.0,
18.0,22383,225.46,-1003.447,-0.005,5.088,30.0,1278,-1,84.07,False,-1,True,True,0.75,0.0,-0.021,False,False,-0.182,0.072,70.299,1278,92.18,,,,,0,False,False,0.0,False,8.13,5.58,20.0,
18.05,22384,225.548,-1003.206,-0.006,5.157,30.0,1278,-1,84.33,False,-1,True,True,0.75,0.0,-0.014,False,False,-0.121,0.054,70.196,1278,92.18,,,,,0,False,False,0.0,False,7.87,5.54,20.0,
18.1,22385,225.632,-1002.979,-0.006,4.676,30.0,1278,-1,84.57,False,-1,True,True,0.75,0.0,-0.017,False,False,-0.175,0.042,70.05,1278,92.18,,,,,0,False,False,0.0,False,7.63,5.58,20.0,
18.15,22386,225.709,-1002.77,-0.005,4.369,30.0,1278,-1,84.79,False,-1,True,True,0.75,0.0,-0.009,False,False,-0.267,0.026,69.96,1278,92.18,,,,,0,False,False,0.0,False,7.41,5.34,20.0,
18.2,22387,225.783,-1002.57,-0.005,4.193,30.0,1278,-1,85.01,False,-1,True,True,0.75,0.0,-0.01,False,False,-0.318,0.017,69.899,1278,92.18,,,,,0,False,False,0.0,False,7.2,5.18,20.0,
18.25,22388,225.855,-1002.376,-0.005,4.118,30.0,1278,-1,85.21,False,-1,True,True,0.75,0.0,-0.01,False,False,-0.31,0.013,69.845,1278,92.18,,,,,0,False,False,0.0,False,6.99,5.1,20.0,
18.3,22389,225.927,-1002.183,-0.005,4.112,30.0,1278,-1,85.42,False,-1,True,True,0.75,0.0,-0.008,False,False,-0.254,0.01,69.797,1278,92.18,,,,,0,False,False,0.0,False,6.78,5.06,20.0,
18.35,22390,225.999,-1001.989,-0.006,4.149,30.0,1278,-1,85.62,False,-1,True,True,0.75,0.0,-0.007,False,False,-0.173,0.008,69.755,1278,92.18,,,,,0,False,False,0.0,False,6.58,5.06,20.0,
18.4,22391,226.073,-1001.792,-0.007,4.213,30.0,1278,-1,85.83,False,-1,True,True,0.75,0.0,-0.006,False,False,-0.085,0.005,69.719,1278,92.18,,,,,0,False,False,0.0,False,6.37,5.07,20.0,
18.45,22392,226.147,-1001.592,-0.007,4.294,30.0,1278,-1,86.05,False,-1,True,True,0.75,0.0,-0.005,False,False,-0.002,0.003,69.687,1278,92.18,,,,,0,False,False,0.0,False,6.15,5.11,20.0,
18.5,22393,226.224,-1001.388,-0.008,4.385,30.0,1278,-1,86.27,False,-1,True,True,0.75,0.0,-0.004,False,False,0.069,0.002,69.659,1278,92.18,,,,,0,False,False,0.0,False,5.93,5.15,20.0,
18.55,22394,226.302,-1001.179,-0.008,4.482,30.0,1278,-1,86.49,False,-1,True,True,0.75,0.0,-0.004,False,False,0.125,0.001,69.635,1278,92.18,,,,,0,False,False,0.0,False,5.71,5.19,20.0,
18.6,22395,226.381,-1000.966,-0.009,4.583,30.0,1278,-1,86.72,False,-1,True,True,0.75,0.0,-0.003,False,False,0.169,0.0,69.613,1278,92.18,,,,,0,False,False,0.0,False,5.48,5.24,20.0,
18.65,22396,226.463,-1000.748,-0.009,4.686,30.0,1278,-1,86.95,False,-1,True,True,0.75,0.0,-0.003,False,False,0.2,0.0,69.595,1278,92.18,,,,,0,False,False,0.0,False,5.25,5.29,20.0,
18.7,22397,226.549,-1000.527,-0.009,4.778,30.0,1278,-1,87.19,False,-1,True,True,0.75,0.0,-0.103,False,False,0.22,0.11,69.392,1278,96.1,,,,,0,False,False,0.0,False,9.36,5.34,20.0,
18.75,22398,226.646,-1000.306,-0.009,4.863,30.0,1278,-1,87.43,False,-1,True,True,0.75,0.0,-0.153,False,False,0.227,0.332,68.79,1278,96.1,,,,,0,False,False,0.0,False,9.11,5.39,20.0,
18.8,22399,226.747,-1000.082,-0.009,4.971,30.0,1278,-1,87.67,False,-1,True,True,0.75,0.0,-0.103,False,False,0.234,0.416,68.106,1278,96.1,,,,,0,False,False,0.0,False,8.87,5.43,20.0,
18.85,22400,226.851,-999.853,-0.009,5.079,30.0,1278,-1,87.92,False,-1,True,True,0.75,0.0,-0.074,False,False,0.244,0.369,67.537,1278,96.1,,,,,0,False,False,0.0,False,8.62,5.49,20.0,
18.9,22401,226.957,-999.619,-0.009,5.168,30.0,1278,-1,88.18,False,-1,True,True,0.75,0.0,-0.064,False,False,0.249,0.292,67.064,1278,96.1,,,,,0,False,False,0.0,False,8.36,5.54,20.0,
18.95,22402,227.067,-999.381,-0.009,5.291,30.0,1278,-1,88.44,False,-1,True,True,0.75,0.0,-0.055,False,False,0.251,0.222,66.668,1278,96.1,,,,,0,False,False,0.0,False,8.1,5.58,20.0,
19.0,22403,227.176,-999.144,-0.009,5.193,30.0,1278,-1,88.7,False,-1,True,True,0.75,0.0,-0.047,False,False,0.213,0.164,66.269,1278,96.1,,,,,0,False,False,0.0,False,7.84,5.65,20.0,
19.05,22404,227.286,-998.907,-0.008,5.257,30.0,1278,-1,88.96,False,-1,True,True,0.75,0.0,-0.035,False,False,0.174,0.11,65.983,1278,96.1,,,,,0,False,False,0.0,False,7.58,5.6,20.0,
19.1,22405,227.396,-998.671,-0.008,5.194,30.0,1278,-1,89.22,False,-1,True,True,0.75,0.0,-0.033,False,False,0.137,0.078,65.685,1278,96.1,,,,,0,False,False,0.0,False,7.32,5.63,20.0,
19.15,22406,227.507,-998.434,-0.008,5.289,30.0,1278,-1,89.49,False,-1,True,True,0.75,0.0,-0.023,False,False,0.123,0.05,65.488,1278,96.1,,,,,0,False,False,0.0,False,7.05,5.6,20.0,
19.2,22407,227.619,-998.196,-0.008,5.225,30.0,1278,-1,89.75,False,-1,True,True,0.75,0.0,-0.023,False,False,0.109,0.038,65.274,1278,96.1,,,,,0,False,False,0.0,False,6.79,5.64,20.0,
19.25,22408,227.731,-997.958,-0.008,5.295,30.0,1278,-1,90.01,False,-1,True,True,0.75,0.0,-0.015,False,False,0.1,0.024,65.153,1278,96.1,,,,,0,False,False,0.0,False,6.53,5.61,20.0,
19.3,22409,227.845,-997.719,-0.008,5.375,30.0,1278,-1,90.28,False,-1,True,True,0.75,0.0,-0.018,False,False,0.104,0.022,65.024,1278,96.1,,,,,0,False,False,0.0,False,6.26,5.65,20.0,
19.35,22410,227.968,-997.46,-0.009,5.914,30.0,1278,-1,90.56,False,-1,True,True,0.68,0.0,-0.013,False,False,0.248,0.023,64.931,1278,96.1,,,,,0,False,False,0.0,False,5.98,5.69,20.0,
19.4,22411,228.099,-997.184,-0.01,6.177,30.0,1278,-1,90.87,False,-1,True,True,0.0,0.3,-0.012,False,False,0.388,0.024,64.832,1278,96.1,,,,,0,False,False,0.0,False,5.67,5.96,20.0,
19.45,22412,228.24,-996.901,-0.011,6.388,30.0,1278,-1,91.18,False,-1,True,True,0.0,0.3,-0.112,False,False,0.45,0.162,64.523,1278,100.02,,,,,0,False,False,0.0,False,9.42,6.09,20.0,
19.5,22413,228.39,-996.622,-0.011,6.3,30.0,1278,-1,91.5,False,-1,True,True,0.0,0.3,-0.212,False,False,0.403,0.471,63.69,1278,100.02,,,,,0,False,False,0.0,False,9.11,6.19,20.0,
19.55,22414,228.55,-996.355,-0.01,6.23,30.0,1278,-1,91.81,False,-1,True,True,0.0,0.3,-0.285,False,False,0.291,0.828,62.27,1278,100.02,,,,,0,False,False,0.0,False,8.8,6.15,20.0,
19.6,22415,228.713,-996.1,-0.008,6.031,30.0,1278,-1,92.11,False,-1,True,True,0.0,0.3,-0.197,False,False,0.156,0.937,60.696,1278,100.02,,,,,0,False,False,0.0,False,8.5,6.11,20.0,
19.65,22416,228.874,-995.851,-0.007,5.918,30.0,1278,-1,92.4,False,-1,True,True,0.0,0.3,-0.134,False,False,0.042,0.802,59.336,1278,100.02,,,,,0,False,False,0.0,False,8.2,6.02,20.0,
19.7,22417,229.032,-995.611,-0.007,5.677,30.0,1278,-1,92.68,False,-1,True,True,0.0,0.3,-0.106,False,False,-0.061,0.616,58.298,1278,100.02,,,,,0,False,False,0.0,False,7.92,5.96,20.0,
19.75,22418,229.187,-995.38,-0.006,5.536,30.0,1278,-1,92.95,False,-1,True,True,0.0,0.3,-0.096,False,False,-0.139,0.468,57.409,1278,100.02,,,,,0,False,False,0.0,False,7.64,5.84,20.0,
19.8,22419,229.34,-995.159,-0.005,5.304,30.0,1278,-1,93.19,False,-1,True,True,0.035,0.0,-0.078,False,False,-0.2,0.352,56.727,1278,100.02,,,,,1,False,False,0.0,False,7.37,5.77,20.0,
19.85,22420,229.49,-994.944,-0.005,5.216,30.0,1278,-1,93.45,False,-1,True,True,0.75,0.0,-0.071,False,False,-0.223,0.269,56.117,1278,100.02,,,,,0,False,False,0.018,False,7.11,5.65,20.0,
19.9,22421,229.638,-994.737,-0.005,5.041,30.0,1278,-1,93.7,False,-1,True,True,0.75,0.0,-0.056,False,False,-0.231,0.202,55.671,1278,100.02,,,,,0,False,False,0.027,False,6.85,5.61,20.0,
19.95,22422,229.786,-994.53,-0.005,5.111,30.0,1278,-1,93.95,False,-1,True,True,0.75,0.0,-0.052,False,False,-0.185,0.161,55.252,1278,100.02,,,,,0,False,False,0.034,False,6.6,5.52,20.0,
20.0,22423,229.936,-994.325,-0.006,5.038,30.0,1278,-1,94.18,False,-1,True,True,0.75,0.0,-0.04,False,False,-0.131,0.123,54.95,1278,100.02,,,,,0,False,False,0.034,False,6.34,5.56,20.0,
20.05,22424,230.076,-994.132,-0.006,4.62,30.0,1278,-1,94.42,False,-1,True,True,0.75,0.0,-0.038,False,False,-0.182,0.088,54.621,1278,100.02,,,,,0,False,False,0.031,False,6.1,5.52,20.0,
20.1,22425,230.206,-993.954,-0.005,4.305,30.0,1278,-1,94.64,False,-1,True,True,0.75,0.0,-0.026,False,False,-0.276,0.053,54.408,1278,100.02,,,,,0,False,False,0.021,False,5.88,5.31,20.0,
20.15,22426,230.33,-993.786,-0.004,4.123,30.0,1278,-1,94.84,False,-1,True,True,0.75,0.0,-0.027,False,False,-0.328,0.033,54.254,1278,100.02,,,,,1,False,False,0.0,False,5.68,5.15,20.0,
20.2,22427,230.451,-993.622,-0.005,4.044,30.0,1278,-1,95.0,False,-1,True,True,0.75,0.0,-0.025,False,False,-0.32,0.025,54.118,1278,100.02,,,,,0,False,False,0.0,False,5.47,5.06,20.0,
20.25,22428,230.572,-993.46,-0.005,4.037,30.0,1278,-1,95.13,False,-1,True,True,0.75,0.0,-0.022,False,False,-0.264,0.019,53.997,1278,100.02,,,,,0,False,False,0.0,False,5.27,5.02,20.0,
20.3,22429,230.693,-993.297,-0.006,4.074,30.0,1278,-1,95.33,False,-1,True,True,0.75,0.0,-0.018,False,False,-0.181,0.014,53.892,1278,100.02,,,,,0,False,False,0.0,False,5.07,5.02,20.0,
20.35,22430,230.816,-993.131,-0.006,4.138,30.0,1278,-1,95.54,False,-1,True,True,0.75,0.0,-0.016,False,False,-0.09,0.009,53.799,1278,100.02,,,,,0,False,False,0.0,False,4.86,5.04,20.0,
20.4,22431,230.945,-992.965,-0.007,4.208,30.0,1278,-1,95.75,False,-1,True,True,0.75,0.0,-0.116,False,False,-0.009,0.113,53.535,1278,103.95,,,,,1,False,False,0.0,False,8.5,5.07,20.0,
20.45,22432,231.082,-992.803,-0.008,4.271,30.0,1278,-1,95.96,False,-1,True,True,0.75,0.0,-0.216,False,False,0.052,0.351,52.857,1278,103.95,,,,,0,False,False,0.021,False,8.29,5.1,20.0,
20.5,22433,231.227,-992.642,-0.008,4.366,30.0,1278,-1,96.16,False,-1,True,True,0.75,0.0,-0.177,False,False,0.101,0.511,51.946,1278,103.95,,,,,0,False,False,0.036,False,8.07,5.14,20.0,
20.55,22434,231.376,-992.479,-0.009,4.474,30.0,1278,-1,96.38,False,-1,True,True,0.75,0.0,-0.129,False,False,0.146,0.496,51.121,1278,103.95,,,,,0,False,False,0.053,False,7.85,5.18,20.0,
20.6,22435,231.529,-992.311,-0.009,4.582,30.0,1278,-1,96.61,False,-1,True,True,0.75,0.0,-0.108,False,False,0.184,0.412,50.421,1278,103.95,,,,,0,False,False,0.066,False,7.63,5.24,20.0,
20.65,22436,231.686,-992.141,-0.009,4.691,30.0,1278,-1,96.84,False,-1,True,True,0.75,0.0,-0.094,False,False,0.212,0.323,49.81,1278,103.95,,,,,0,False,False,0.077,False,7.39,5.29,20.0,
20.7,22437,231.848,-991.967,-0.009,4.798,30.0,1278,-1,97.0,False,-1,True,True,0.75,0.0,-0.08,False,False,0.232,0.244,49.272,1278,103.95,,,,,0,False,False,0.089,False,7.16,5.35,20.0,
20.75,22438,232.014,-991.789,-0.009,4.905,30.0,1278,-1,97.2,False,-1,True,True,0.75,0.0,-0.068,False,False,0.245,0.178,48.802,1278,103.95,,,,,0,False,False,0.1,False,6.91,5.4,20.0,
20.8,22439,232.184,-991.608,-0.009,5.012,30.0,1278,-1,97.45,False,-1,True,True,0.75,0.0,-0.057,False,False,0.254,0.127,48.394,1278,103.95,,,,,0,False,False,0.113,False,6.67,5.45,20.0,
20.85,22440,232.358,-991.423,-0.009,5.119,30.0,1278,-1,97.7,False,-1,True,True,0.75,0.0,-0.048,False,False,0.26,0.084,48.045,1278,103.95,,,,,0,False,False,0.123,False,6.41,5.51,20.0,
20.9,22441,232.535,-991.235,-0.009,5.197,30.0,1278,-1,97.96,False,-1,True,True,0.75,0.0,-0.041,False,False,0.258,0.056,47.719,1278,103.95,,,,,0,False,False,0.13,False,6.15,5.56,20.0,
20.95,22442,232.713,-991.047,-0.009,5.173,30.0,1278,-1,98.15,False,-1,True,True,0.75,0.0,-0.032,False,False,0.225,0.031,47.499,1278,103.95,,,,,0,False,False,0.135,False,5.89,5.6,20.0,
21.0,22443,232.89,-990.86,-0.009,5.158,30.0,1278,-1,98.41,False,-1,True,True,0.75,0.0,-0.032,False,False,0.178,0.022,47.223,1278,103.95,,,,,0,False,False,0.126,False,5.64,5.59,20.0,
21.05,22444,233.068,-990.673,-0.008,5.163,30.0,1278,-1,98.66,False,-1,True,True,0.75,0.0,-0.019,False,False,0.142,0.007,47.075,1278,103.95,,,,,0,False,False,0.117,False,5.38,5.58,20.0,
21.1,22445,233.248,-990.488,-0.008,5.175,30.0,1278,-1,98.92,False,-1,True,True,0.75,0.0,-0.119,False,False,0.118,0.107,46.718,1278,107.87,,,,,0,False,False,0.096,False,9.02,5.58,20.0,
21.15,22446,233.433,-990.307,-0.008,5.189,30.0,1278,-1,99.18,False,-1,True,True,0.75,0.0,-0.113,False,False,0.105,0.253,46.201,1278,107.87,,,,,0,False,False,0.075,False,8.76,5.59,20.0,
21.2,22447,233.619,-990.127,-0.008,5.185,30.0,1278,-1,99.43,False,-1,True,True,0.75,0.0,-0.083,False,False,0.094,0.289,45.572,1278,107.87,,,,,0,False,False,0.047,False,8.51,5.59,20.0,
21.25,22448,233.806,-989.948,-0.008,5.185,30.0,1278,-1,99.69,False,-1,True,True,0.75,0.0,-0.055,False,False,0.083,0.242,45.124,1278,107.87,,,,,1,False,False,0.0,False,8.25,5.59,20.0,
21.3,22449,234.003,-989.76,-0.009,5.636,30.0,1278,-1,99.96,False,-1,True,True,0.75,0.0,-0.053,False,False,0.177,0.212,44.629,1278,107.87,,,,,0,False,False,0.0,False,7.97,5.59,20.0,
21.35,22450,234.217,-989.557,-0.01,6.023,30.0,1278,-1,100.26,False,-1,True,True,0.0,0.259,-0.034,False,False,0.335,0.172,44.256,1278,107.87,,,,,0,False,False,0.0,False,7.68,5.82,20.0,
21.4,22451,234.442,-989.344,-0.011,6.231,30.0,1278,-1,100.57,False,-1,True,True,0.0,0.3,-0.03,False,False,0.43,0.135,43.925,1278,107.87,,,,,0,False,False,0.0,False,7.37,6.01,20.0,
21.45,22452,234.671,-989.13,-0.011,6.271,30.0,1278,-1,100.88,False,-1,True,True,0.0,0.3,-0.023,False,False,0.427,0.099,43.698,1278,107.87,,,,,0,False,False,0.0,False,7.06,6.12,20.0,
21.5,22453,234.897,-988.918,-0.01,6.181,30.0,1278,-1,101.19,False,-1,True,True,0.0,0.3,-0.023,False,False,0.342,0.078,43.453,1278,107.87,,,,,0,False,False,0.0,False,6.75,6.14,20.0,
21.55,22454,235.12,-988.711,-0.009,6.051,30.0,1278,-1,101.49,False,-1,True,True,0.0,0.3,-0.014,False,False,0.223,0.053,43.323,1278,107.87,,,,,0,False,False,0.0,False,6.44,6.09,20.0,
21.6,22455,235.337,-988.509,-0.008,5.891,30.0,1278,-1,101.79,False,-1,True,True,0.0,0.3,-0.017,False,False,0.102,0.044,43.143,1278,107.87,,,,,0,False,False,0.0,False,6.15,6.03,20.0,
21.65,22456,235.549,-988.313,-0.007,5.712,30.0,1278,-1,102.07,False,-1,True,True,0.0,0.3,-0.008,False,False,-0.005,0.028,43.07,1278,107.87,,,,,0,False,False,0.0,False,5.86,5.95,20.0,
21.7,22457,235.753,-988.123,-0.006,5.518,30.0,1278,-1,102.35,False,-1,True,True,0.0,0.3,-0.013,False,False,-0.094,0.025,42.936,1278,107.87,,,,,0,False,False,0.0,False,5.58,5.86,20.0,
21.75,22458,235.954,-987.943,-0.006,5.338,30.0,1278,-1,102.62,False,-1,True,True,0.105,0.0,-0.113,False,False,-0.162,0.131,42.724,1278,111.79,,,,,0,False,False,0.0,False,9.23,5.76,20.0,
21.8,22459,236.151,-987.77,-0.005,5.2,30.0,1278,-1,102.88,False,-1,True,True,0.75,0.0,-0.051,False,False,-0.197,0.19,42.317,1278,111.79,,,,,0,False,False,0.0,False,8.96,5.67,20.0,
21.85,22460,236.343,-987.6,-0.005,5.082,30.0,1278,-1,103.14,False,-1,True,True,0.75,0.0,-0.023,False,False,-0.207,0.148,42.08,1278,111.79,,,,,0,False,False,0.0,False,8.71,5.6,20.0,
21.9,22461,236.533,-987.432,-0.005,5.058,30.0,1278,-1,103.39,False,-1,True,True,0.75,0.0,-0.027,False,False,-0.182,0.111,41.827,1278,111.79,,,,,0,False,False,0.0,False,8.45,5.54,20.0,
21.95,22462,236.724,-987.266,-0.006,5.056,30.0,1278,-1,103.65,False,-1,True,True,0.75,0.0,-0.018,False,False,-0.13,0.08,41.702,1278,111.79,,,,,0,False,False,0.0,False,8.2,5.53,20.0,
22.0,22463,236.91,-987.103,-0.006,4.789,30.0,1278,-1,103.89,False,-1,True,True,0.75,0.0,-0.023,False,False,-0.126,0.063,41.525,1278,111.79,,,,,0,False,False,0.0,False,7.95,5.53,20.0,
22.05,22464,237.082,-986.953,-0.005,4.449,30.0,1278,-1,104.12,False,-1,True,True,0.75,0.0,-0.014,False,False,-0.212,0.042,41.405,1278,111.79,,,,,0,False,False,0.0,False,7.73,5.39,20.0,
22.1,22465,237.244,-986.812,-0.005,4.246,30.0,1278,-1,104.34,False,-1,True,True,0.75,0.0,-0.014,False,False,-0.279,0.027,41.321,1278,111.79,,,,,0,False,False,0.0,False,7.51,5.22,20.0,
22.15,22466,237.402,-986.676,-0.005,4.151,30.0,1278,-1,104.54,False,-1,True,True,0.75,0.0,-0.013,False,False,-0.29,0.019,41.248,1278,111.79,,,,,0,False,False,0.0,False,7.3,5.12,20.0,
22.2,22467,237.559,-986.54,-0.005,4.131,30.0,1278,-1,104.75,False,-1,True,True,0.75,0.0,-0.011,False,False,-0.25,0.014,41.183,1278,111.79,,,,,0,False,False,0.0,False,7.09,5.08,20.0,
22.25,22468,237.716,-986.404,-0.006,4.16,30.0,1278,-1,104.96,False,-1,True,True,0.75,0.0,-0.01,False,False,-0.179,0.01,41.125,1278,111.79,,,,,0,False,False,0.0,False,6.89,5.07,20.0,
22.3,22469,237.875,-986.266,-0.006,4.219,30.0,1278,-1,105.17,False,-1,True,True,0.75,0.0,-0.008,False,False,-0.095,0.007,41.075,1278,111.79,,,,,0,False,False,0.0,False,6.68,5.08,20.0,
22.35,22470,238.037,-986.127,-0.007,4.296,30.0,1278,-1,105.38,False,-1,True,True,0.75,0.0,-0.007,False,False,-0.014,0.004,41.032,1278,111.79,,,,,0,False,False,0.0,False,6.46,5.11,20.0,
22.4,22471,238.202,-985.984,-0.008,4.385,30.0,1278,-1,105.6,False,-1,True,True,0.75,0.0,-0.006,False,False,0.057,0.002,40.994,1278,111.79,,,,,0,False,False,0.0,False,6.24,5.15,20.0,
22.45,22472,238.371,-985.839,-0.008,4.48,30.0,1278,-1,105.82,False,-1,True,True,0.75,0.0,-0.005,False,False,0.115,0.001,40.961,1278,111.79,,,,,0,False,False,0.0,False,6.02,5.19,20.0,
22.5,22473,238.543,-985.69,-0.009,4.58,30.0,1278,-1,106.05,False,-1,True,True,0.75,0.0,-0.004,False,False,0.161,0.0,40.932,1278,111.79,,,,,0,False,False,0.0,False,5.79,5.24,20.0,
22.55,22474,238.719,-985.538,-0.009,4.682,30.0,1278,-1,106.28,False,-1,True,True,0.75,0.0,-0.004,False,False,0.194,0.0,40.906,1278,111.79,,,,,0,False,False,0.0,False,5.56,5.29,20.0,
22.6,22475,238.898,-985.383,-0.009,4.786,30.0,1278,-1,106.52,False,-1,True,True,0.75,0.0,-0.003,False,False,0.218,-0.0,40.885,1278,111.79,,,,,0,False,False,0.0,False,5.32,5.34,20.0,
22.65,22476,239.084,-985.228,-0.009,4.878,30.0,1278,-1,106.76,False,-1,True,True,0.75,0.0,-0.101,False,False,0.232,0.11,40.679,1278,115.71,,,,,0,False,False,0.0,False,9.0,5.39,20.0,
22.7,22477,239.275,-985.071,-0.009,4.983,30.0,1278,-1,107.01,False,-1,True,True,0.75,0.0,-0.015,False,False,0.242,0.139,40.421,1278,115.71,,,,,0,False,False,0.0,False,8.75,5.44,20.0,
22.75,22478,239.468,-984.908,-0.009,5.088,30.0,1278,-1,107.26,False,-1,True,True,0.75,0.0,-0.002,False,False,0.25,0.07,40.319,1278,115.71,,,,,0,False,False,0.0,False,8.5,5.49,20.0,
22.8,22479,239.665,-984.743,-0.009,5.217,30.0,1278,-1,107.52,False,-1,True,True,0.75,0.0,-0.01,False,False,0.257,0.037,40.256,1278,115.71,,,,,0,False,False,0.0,False,8.24,5.54,20.0,
22.85,22480,239.866,-984.575,-0.009,5.223,30.0,1278,-1,107.78,False,-1,True,True,0.75,0.0,-0.011,False,False,0.25,0.027,40.168,1278,115.71,,,,,0,False,False,0.0,False,7.98,5.61,20.0,
22.9,22481,240.067,-984.407,-0.009,5.27,30.0,1278,-1,108.04,False,-1,True,True,0.75,0.0,-0.006,False,False,0.219,0.015,40.132,1278,115.71,,,,,0,False,False,0.0,False,7.72,5.61,20.0,
22.95,22482,240.267,-984.239,-0.008,5.19,30.0,1278,-1,108.3,False,-1,True,True,0.75,0.0,-0.009,False,False,0.171,0.012,40.042,1278,115.71,,,,,0,False,False,0.0,False,7.46,5.63,20.0,
23.0,22483,240.468,-984.072,-0.008,5.269,30.0,1278,-1,108.56,False,-1,True,True,0.75,0.0,-0.002,False,False,0.142,0.003,40.019,1278,115.71,,,,,0,False,False,0.0,False,7.2,5.6,20.0,
23.05,22484,240.669,-983.904,-0.008,5.221,30.0,1278,-1,108.83,False,-1,True,True,0.75,0.0,-0.006,False,False,0.119,0.004,39.948,1278,115.71,,,,,0,False,False,0.0,False,6.94,5.63,20.0,
23.1,22485,240.871,-983.735,-0.008,5.301,30.0,1278,-1,109.09,False,-1,True,True,0.75,0.0,-0.001,False,False,0.113,-0.001,39.94,1278,115.71,,,,,0,False,False,0.0,False,6.67,5.61,20.0,
23.15,22486,241.072,-983.566,-0.008,5.228,30.0,1278,-1,109.35,False,-1,True,True,0.75,0.0,-0.005,False,False,0.096,0.002,39.884,1278,115.71,,,,,0,False,False,0.0,False,6.41,5.65,20.0,
23.2,22487,241.276,-983.396,-0.008,5.451,30.0,1278,-1,109.62,False,-1,True,True,0.75,0.0,0.0,False,False,0.109,-0.001,39.866,1278,115.71,,,,,0,False,False,0.0,False,6.15,5.61,20.0,
23.25,22488,241.496,-983.213,-0.009,5.838,30.0,1278,-1,109.9,False,-1,True,True,0.404,0.0,-0.002,False,False,0.243,0.0,39.827,1278,115.71,,,,,0,False,False,0.0,False,5.86,5.73,20.0,
23.3,22489,241.732,-983.02,-0.01,6.2,30.0,1278,-1,110.21,False,-1,True,True,0.0,0.3,-0.051,False,False,0.38,0.092,39.66,1278,119.64,,,,,0,False,False,0.0,False,9.48,5.92,20.0,
23.35,22490,241.973,-982.822,-0.011,6.229,30.0,1278,-1,110.52,False,-1,True,True,0.0,0.3,-0.001,False,False,0.417,0.085,39.511,1278,119.64,,,,,0,False,False,0.0,False,9.16,6.1,20.0,
23.4,22491,242.214,-982.623,-0.01,6.27,30.0,1278,-1,110.83,False,-1,True,True,0.0,0.3,0.003,False,False,0.375,0.038,39.453,1278,119.64,,,,,0,False,False,0.0,False,8.85,6.11,20.0,
23.45,22492,242.452,-982.428,-0.009,6.087,30.0,1278,-1,111.14,False,-1,True,True,0.0,0.3,-0.002,False,False,0.269,0.017,39.446,1278,119.64,,,,,0,False,False,0.0,False,8.54,6.13,20.0,
23.5,22493,242.684,-982.238,-0.008,5.99,30.0,1278,-1,111.44,False,-1,True,True,0.0,0.3,-0.006,False,False,0.15,0.016,39.39,1278,119.64,,,,,0,False,False,0.0,False,8.24,6.04,20.0,
23.55,22494,242.909,-982.053,-0.007,5.751,30.0,1278,-1,111.73,False,-1,True,True,0.0,0.3,-0.0,False,False,0.031,0.01,39.391,1278,119.64,,,,,0,False,False,0.0,False,7.95,5.99,20.0,
23.6,22495,243.128,-981.874,-0.006,5.619,30.0,1278,-1,112.01,False,-1,True,True,0.0,0.3,-0.004,False,False,-0.064,0.01,39.343,1278,119.64,,,,,0,False,False,0.0,False,7.67,5.88,20.0,
23.65,22496,243.339,-981.701,-0.006,5.36,30.0,1278,-1,112.29,False,-1,True,True,0.0,0.257,0.001,False,False,-0.146,0.005,39.355,1278,119.64,,,,,0,False,False,0.0,False,7.4,5.81,20.0,
23.7,22497,243.543,-981.534,-0.005,5.257,30.0,1278,-1,112.55,False,-1,True,True,0.675,0.0,-0.004,False,False,-0.195,0.007,39.314,1278,119.64,,,,,0,False,False,0.0,False,7.13,5.68,20.0,
23.75,22498,243.742,-981.372,-0.005,5.057,30.0,1278,-1,112.81,False,-1,True,True,0.75,0.0,0.001,False,False,-0.219,0.004,39.339,1278,119.64,,,,,0,False,False,0.0,False,6.88,5.63,20.0,
23.8,22499,243.937,-981.212,-0.005,5.032,30.0,1278,-1,113.06,False,-1,True,True,0.75,0.0,-0.004,False,False,-0.212,0.007,39.332,1278,119.64,,,,,0,False,False,0.0,False,6.63,5.53,20.0,
23.85,22500,244.132,-981.053,-0.006,5.028,30.0,1278,-1,113.31,False,-1,True,True,0.75,0.0,-0.002,False,False,-0.162,0.006,39.318,1278,119.64,,,,,0,False,False,0.0,False,6.37,5.52,20.0,
23.9,22501,244.327,-980.894,-0.006,5.008,30.0,1278,-1,113.56,False,-1,True,True,0.75,0.0,-0.001,False,False,-0.105,0.003,39.323,1278,119.64,,,,,0,False,False,0.0,False,6.12,5.51,20.0,
23.95,22502,244.511,-980.742,-0.006,4.61,30.0,1278,-1,113.8,False,-1,True,True,0.75,0.0,-0.001,False,False,-0.149,0.002,39.238,1278,119.64,,,,,0,False,False,0.0,False,5.88,5.5,20.0,
24.0,22503,244.681,-980.602,-0.005,4.332,30.0,1278,-1,114.02,False,-1,True,True,0.75,0.0,0.006,False,False,-0.236,-0.006,39.226,1278,119.64,,,,,0,False,False,0.0,False,5.66,5.3,20.0,
24.05,22504,244.845,-980.469,-0.005,4.18,30.0,1278,-1,114.23,False,-1,True,True,0.75,0.0,0.001,False,False,-0.281,-0.006,39.234,1278,119.64,,,,,0,False,False,0.0,False,5.45,5.17,20.0,
24.1,22505,245.005,-980.338,-0.005,4.121,30.0,1278,-1,114.44,False,-1,True,True,0.75,0.0,-0.0,False,False,-0.27,-0.002,39.237,1278,119.64,,,,,0,False,False,0.0,False,5.24,5.09,20.0,
24.15,22506,245.165,-980.207,-0.005,4.126,30.0,1278,-1,114.65,False,-1,True,True,0.75,0.0,0.0,False,False,-0.216,0.001,39.239,1278,119.64,,,,,0,False,False,0.0,False,5.04,5.06,20.0,
24.2,22507,245.327,-980.077,-0.006,4.168,30.0,1278,-1,114.85,False,-1,True,True,0.75,0.0,-0.032,False,False,-0.14,0.052,39.149,1278,123.56,,,,,0,False,False,0.0,False,8.75,5.06,20.0,
24.25,22508,245.492,-979.944,-0.007,4.236,30.0,1278,-1,115.07,False,-1,True,True,0.75,0.0,-0.0,False,False,-0.057,0.043,39.088,1278,123.56,,,,,0,False,False,0.0,False,8.54,5.08,20.0,
24.3,22509,245.659,-979.809,-0.007,4.32,30.0,1278,-1,115.28,False,-1,True,True,0.75,0.0,-0.0,False,False,0.02,0.02,39.072,1278,123.56,,,,,0,False,False,0.0,False,8.33,5.12,20.0,
24.35,22510,245.829,-979.671,-0.008,4.412,30.0,1278,-1,115.5,False,-1,True,True,0.75,0.0,-0.003,False,False,0.085,0.01,39.058,1278,123.56,,,,,0,False,False,0.0,False,8.11,5.16,20.0,
24.4,22511,246.003,-979.53,-0.008,4.51,30.0,1278,-1,115.72,False,-1,True,True,0.75,0.0,-0.003,False,False,0.137,0.006,39.041,1278,123.56,,,,,0,False,False,0.0,False,7.88,5.21,20.0,
24.45,22512,246.181,-979.386,-0.009,4.611,30.0,1278,-1,115.95,False,-1,True,True,0.75,0.0,-0.002,False,False,0.177,0.003,39.027,1278,123.56,,,,,0,False,False,0.0,False,7.65,5.25,20.0,
24.5,22513,246.363,-979.239,-0.009,4.714,30.0,1278,-1,116.19,False,-1,True,True,0.75,0.0,-0.002,False,False,0.206,0.001,39.015,1278,123.56,,,,,0,False,False,0.0,False,7.42,5.31,20.0,
24.55,22514,246.549,-979.089,-0.009,4.818,30.0,1278,-1,116.43,False,-1,True,True,0.75,0.0,-0.002,False,False,0.227,0.0,39.004,1278,123.56,,,,,0,False,False,0.0,False,7.18,5.36,20.0,
24.6,22515,246.739,-978.935,-0.009,4.922,30.0,1278,-1,116.67,False,-1,True,True,0.75,0.0,-0.001,False,False,0.241,0.0,38.995,1278,123.56,,,,,0,False,False,0.0,False,6.94,5.41,20.0,
24.65,22516,246.933,-978.778,-0.009,5.026,30.0,1278,-1,116.92,False,-1,True,True,0.75,0.0,-0.001,False,False,0.25,-0.0,38.987,1278,123.56,,,,,0,False,False,0.0,False,6.69,5.46,20.0,
24.7,22517,247.131,-978.618,-0.009,5.127,30.0,1278,-1,117.17,False,-1,True,True,0.75,0.0,-0.001,False,False,0.255,-0.0,38.98,1278,123.56,,,,,0,False,False,0.0,False,6.43,5.51,20.0,
24.75,22518,247.333,-978.455,-0.009,5.265,30.0,1278,-1,117.43,False,-1,True,True,0.75,0.0,-0.001,False,False,0.26,-0.0,38.974,1278,123.56,,,,,0,False,False,0.0,False,6.17,5.56,20.0,
24.8,22519,247.538,-978.289,-0.009,5.282,30.0,1278,-1,117.7,False,-1,True,True,0.75,0.0,-0.001,False,False,0.254,-0.0,38.979,1278,123.56,,,,,0,False,False,0.0,False,5.91,5.63,20.0,
24.85,22520,247.744,-978.122,-0.009,5.337,30.0,1278,-1,117.96,False,-1,True,True,0.75,0.0,-0.001,False,False,0.23,0.002,38.953,1278,123.56,,,,,0,False,False,0.0,False,5.64,5.64,20.0,
24.9,22521,247.95,-977.957,-0.009,5.256,30.0,1278,-1,118.23,False,-1,True,True,0.75,0.0,-0.015,False,False,0.181,0.025,38.941,1278,127.48,,,,,0,False,False,0.0,False,9.3,5.67,20.0,
24.95,22522,248.157,-977.791,-0.008,5.332,30.0,1278,-1,118.49,False,-1,True,True,0.75,0.0,-0.004,False,False,0.15,0.027,38.873,1278,127.48,,,,,0,False,False,0.0,False,9.04,5.63,20.0,
25.0,22523,248.363,-977.625,-0.008,5.283,30.0,1278,-1,118.76,False,-1,True,True,0.75,0.0,0.002,False,False,0.124,0.012,38.886,1278,127.48,,,,,0,False,False,0.0,False,8.77,5.67,20.0,
25.05,22524,248.571,-977.458,-0.008,5.355,30.0,1278,-1,119.02,False,-1,True,True,0.75,0.0,-0.004,False,False,0.113,0.008,38.845,1278,127.48,,,,,0,False,False,0.0,False,8.51,5.64,20.0,
25.1,22525,248.778,-977.292,-0.008,5.281,30.0,1278,-1,119.29,False,-1,True,True,0.75,0.0,0.001,False,False,0.095,0.002,38.861,1278,127.48,,,,,0,False,False,0.0,False,8.24,5.68,20.0,
25.15,22526,248.989,-977.122,-0.008,5.607,30.0,1278,-1,119.56,False,-1,True,True,0.75,0.0,-0.004,False,False,0.129,0.004,38.815,1278,127.48,,,,,0,False,False,0.0,False,7.97,5.64,20.0,
25.2,22527,249.217,-976.939,-0.009,5.948,30.0,1278,-1,119.85,False,-1,True,True,0.0,0.162,0.002,False,False,0.27,-0.001,38.789,1278,127.48,,,,,0,False,False,0.0,False,7.68,5.8,20.0,
25.25,22528,249.457,-976.746,-0.01,6.256,30.0,1278,-1,120.16,False,-1,True,True,0.0,0.3,0.001,False,False,0.386,-0.006,38.786,1278,127.48,,,,,0,False,False,0.0,False,7.37,5.97,20.0,
25.3,22529,249.701,-976.549,-0.011,6.257,30.0,1278,-1,120.47,False,-1,True,True,0.0,0.3,-0.0,False,False,0.402,-0.003,38.786,1278,127.48,,,,,0,False,False,0.0,False,7.05,6.13,20.0,
25.35,22530,249.945,-976.353,-0.01,6.277,30.0,1278,-1,120.79,False,-1,True,True,0.0,0.3,-0.0,False,False,0.348,-0.0,38.786,1278,127.48,,,,,0,False,False,0.0,False,6.74,6.13,20.0,
25.4,22531,250.185,-976.16,-0.009,6.091,30.0,1278,-1,121.09,False,-1,True,True,0.0,0.3,-0.0,False,False,0.24,0.002,38.77,1278,127.48,,,,,0,False,False,0.0,False,6.43,6.14,20.0,
25.45,22532,250.419,-975.972,-0.008,5.987,30.0,1278,-1,121.4,False,-1,True,True,0.0,0.3,0.001,False,False,0.123,0.0,38.796,1278,127.48,,,,,0,False,False,0.0,False,6.13,6.05,20.0,
25.5,22533,250.646,-975.79,-0.007,5.742,30.0,1278,-1,121.69,False,-1,True,True,0.0,0.3,-0.002,False,False,0.008,0.005,38.768,1278,127.48,,,,,0,False,False,0.0,False,5.84,5.99,20.0,
25.55,22534,250.867,-975.614,-0.006,5.606,30.0,1278,-1,121.97,False,-1,True,True,0.0,0.3,-0.004,False,False,-0.084,0.012,38.778,1278,131.4,,,,,0,False,False,0.0,False,9.48,5.87,20.0,
25.6,22535,251.079,-975.443,-0.006,5.35,30.0,1278,-1,122.24,False,-1,True,True,0.0,0.214,-0.003,False,False,-0.161,0.013,38.732,1278,131.4,,,,,0,False,False,0.0,False,9.21,5.8,20.0,
25.65,22536,251.285,-975.278,-0.005,5.25,30.0,1278,-1,122.5,False,-1,True,True,0.708,0.0,0.003,False,False,-0.204,0.004,38.749,1278,131.4,,,,,0,False,False,0.0,False,8.95,5.68,20.0,
25.7,22537,251.484,-975.118,-0.005,5.048,30.0,1278,-1,122.76,False,-1,True,True,0.75,0.0,-0.002,False,False,-0.225,0.003,38.708,1278,131.4,,,,,0,False,False,0.0,False,8.69,5.62,20.0,
25.75,22538,251.68,-974.96,-0.005,5.04,30.0,1278,-1,123.01,False,-1,True,True,0.75,0.0,0.003,False,False,-0.213,-0.003,38.697,1278,131.4,,,,,0,False,False,0.0,False,8.44,5.52,20.0,
25.8,22539,251.877,-974.802,-0.006,4.94,30.0,1278,-1,123.26,False,-1,True,True,0.75,0.0,0.001,False,False,-0.163,-0.004,38.688,1278,131.4,,,,,0,False,False,0.0,False,8.19,5.52,20.0,
25.85,22540,252.072,-974.645,-0.006,4.937,30.0,1278,-1,123.51,False,-1,True,True,0.75,0.0,0.001,False,False,-0.112,-0.003,38.698,1278,131.4,,,,,0,False,False,0.0,False,7.94,5.47,20.0,
25.9,22541,252.254,-974.5,-0.006,4.514,30.0,1278,-1,123.75,False,-1,True,True,0.75,0.0,-0.0,False,False,-0.184,-0.0,38.727,1278,131.4,,,,,0,False,False,0.0,False,7.7,5.47,20.0,
25.95,22542,252.423,-974.365,-0.005,4.261,30.0,1278,-1,123.96,False,-1,True,True,0.75,0.0,-0.003,False,False,-0.267,0.004,38.728,1278,131.4,,,,,0,False,False,0.0,False,7.49,5.26,20.0,
26.0,22543,252.586,-974.234,-0.005,4.128,30.0,1278,-1,124.17,False,-1,True,True,0.75,0.0,-0.001,False,False,-0.299,0.004,38.724,1278,131.4,,,,,0,False,False,0.0,False,7.28,5.13,20.0,
26.05,22544,252.746,-974.106,-0.005,4.083,30.0,1278,-1,124.38,False,-1,True,True,0.75,0.0,-0.0,False,False,-0.275,0.002,38.722,1278,131.4,,,,,0,False,False,0.0,False,7.07,5.06,20.0,
26.1,22545,252.906,-973.978,-0.005,4.097,30.0,1278,-1,124.58,False,-1,True,True,0.75,0.0,-0.0,False,False,-0.212,0.001,38.721,1278,131.4,,,,,0,False,False,0.0,False,6.87,5.04,20.0,
26.15,22546,253.067,-973.849,-0.006,4.146,30.0,1278,-1,124.79,False,-1,True,True,0.75,0.0,-0.0,False,False,-0.13,0.001,38.72,1278,131.4,,,,,0,False,False,0.0,False,6.66,5.05,20.0,
26.2,22547,253.231,-973.717,-0.007,4.218,30.0,1278,-1,125.0,False,-1,True,True,0.75,0.0,-0.0,False,False,-0.045,0.0,38.719,1278,131.4,,,,,0,False,False,0.0,False,6.45,5.07,20.0,
26.25,22548,253.398,-973.583,-0.008,4.304,30.0,1278,-1,125.21,False,-1,True,True,0.75,0.0,-0.0,False,False,0.031,0.0,38.718,1278,131.4,,,,,0,False,False,0.0,False,6.24,5.11,20.0,
26.3,22549,253.569,-973.447,-0.008,4.398,30.0,1278,-1,125.43,False,-1,True,True,0.75,0.0,-0.0,False,False,0.095,-0.0,38.717,1278,131.4,,,,,0,False,False,0.0,False,6.02,5.15,20.0,
26.35,22550,253.743,-973.307,-0.009,4.497,30.0,1278,-1,125.66,False,-1,True,True,0.75,0.0,-0.0,False,False,0.145,-0.0,38.716,1278,131.4,,,,,0,False,False,0.0,False,5.79,5.2,20.0,
26.4,22551,253.921,-973.164,-0.009,4.599,30.0,1278,-1,125.88,False,-1,True,True,0.75,0.0,-0.0,False,False,0.183,-0.0,38.715,1278,131.4,,,,,0,False,False,0.0,False,5.57,5.25,20.0,
26.45,22552,254.103,-973.018,-0.009,4.702,30.0,1278,-1,126.12,False,-1,True,True,0.75,0.0,-0.0,False,False,0.211,-0.0,38.715,1278,131.4,,,,,0,False,False,0.0,False,5.33,5.3,20.0,
26.5,22553,254.29,-972.871,-0.009,4.805,30.0,1278,-1,126.36,False,-1,True,True,0.75,0.0,-0.03,False,False,0.23,0.048,38.627,1278,135.32,,,,,0,False,False,0.0,False,9.04,5.35,20.0,
26.55,22554,254.481,-972.72,-0.009,4.909,30.0,1278,-1,126.6,False,-1,True,True,0.75,0.0,-0.0,False,False,0.242,0.042,38.56,1278,135.32,,,,,0,False,False,0.0,False,8.79,5.4,20.0,
26.6,22555,254.676,-972.565,-0.009,5.013,30.0,1278,-1,126.85,False,-1,True,True,0.75,0.0,0.0,False,False,0.251,0.019,38.541,1278,135.32,,,,,0,False,False,0.0,False,8.55,5.45,20.0,
26.65,22556,254.875,-972.407,-0.009,5.118,30.0,1278,-1,127.1,False,-1,True,True,0.75,0.0,-0.003,False,False,0.257,0.008,38.527,1278,135.32,,,,,0,False,False,0.0,False,8.29,5.51,20.0,
26.7,22557,255.077,-972.246,-0.009,5.208,30.0,1278,-1,127.36,False,-1,True,True,0.75,0.0,-0.002,False,False,0.258,0.005,38.528,1278,135.32,,,,,0,False,False,0.0,False,8.03,5.56,20.0,
26.75,22558,255.281,-972.084,-0.009,5.196,30.0,1278,-1,127.62,False,-1,True,True,0.75,0.0,-0.003,False,False,0.231,0.006,38.473,1278,135.32,,,,,0,False,False,0.0,False,7.77,5.6,20.0,
26.8,22559,255.484,-971.923,-0.009,5.18,30.0,1278,-1,127.88,False,-1,True,True,0.75,0.0,0.002,False,False,0.186,-0.002,38.508,1278,135.32,,,,,0,False,False,0.0,False,7.51,5.6,20.0,
26.85,22560,255.686,-971.762,-0.008,5.18,30.0,1278,-1,128.14,False,-1,True,True,0.75,0.0,-0.005,False,False,0.147,0.003,38.451,1278,135.32,,,,,0,False,False,0.0,False,7.26,5.59,20.0,
26.9,22561,255.889,-971.602,-0.008,5.196,30.0,1278,-1,128.4,False,-1,True,True,0.75,0.0,0.003,False,False,0.123,-0.003,38.488,1278,135.32,,,,,0,False,False,0.0,False,7.0,5.59,20.0,
26.95,22562,256.093,-971.439,-0.008,5.226,30.0,1278,-1,128.66,False,-1,True,True,0.75,0.0,-0.005,False,False,0.113,0.002,38.436,1278,135.32,,,,,0,False,False,0.0,False,6.74,5.6,20.0,
27.0,22563,256.298,-971.277,-0.008,5.221,30.0,1278,-1,128.92,False,-1,True,True,0.75,0.0,0.003,False,False,0.103,-0.003,38.472,1278,135.32,,,,,0,False,False,0.0,False,6.47,5.61,20.0,
27.05,22564,256.502,-971.115,-0.008,5.217,30.0,1278,-1,129.18,False,-1,True,True,0.75,0.0,-0.004,False,False,0.092,0.002,38.421,1278,135.32,,,,,0,False,False,0.0,False,6.21,5.61,20.0,
27.1,22565,256.713,-970.947,-0.008,5.573,30.0,1278,-1,129.45,False,-1,True,True,0.75,0.0,0.003,False,False,0.152,-0.004,38.423,1278,135.32,,,,,0,False,False,0.0,False,5.94,5.61,20.0,
27.15,22566,256.943,-970.765,-0.01,5.992,30.0,1278,-1,129.74,False,-1,True,True,0.0,0.035,-0.0,False,False,0.31,-0.003,38.393,1278,135.32,,,,,0,False,False,0.0,False,5.65,5.79,20.0,
27.2,22567,257.186,-970.574,-0.011,6.236,30.0,1278,-1,130.05,False,-1,True,True,0.0,0.3,-0.022,False,False,0.423,0.044,38.328,1278,139.25,,,,,0,False,False,0.0,False,9.27,6.0,20.0,
27.25,22568,257.432,-970.38,-0.011,6.289,30.0,1278,-1,130.36,False,-1,True,True,0.0,0.3,-0.0,False,False,0.434,0.041,38.238,1278,139.25,,,,,0,False,False,0.0,False,8.95,6.12,20.0,
27.3,22569,257.677,-970.187,-0.01,6.206,30.0,1278,-1,130.68,False,-1,True,True,0.0,0.3,0.004,False,False,0.356,0.015,38.255,1278,139.25,,,,,0,False,False,0.0,False,8.64,6.14,20.0,
27.35,22570,257.917,-969.998,-0.009,6.077,30.0,1278,-1,130.98,False,-1,True,True,0.0,0.3,-0.004,False,False,0.237,0.012,38.207,1278,139.25,,,,,0,False,False,0.0,False,8.34,6.1,20.0,
27.4,22571,258.151,-969.814,-0.008,5.919,30.0,1278,-1,131.28,False,-1,True,True,0.0,0.3,0.002,False,False,0.115,0.004,38.238,1278,139.25,,,,,0,False,False,0.0,False,8.04,6.04,20.0,
27.45,22572,258.379,-969.634,-0.007,5.74,30.0,1278,-1,131.57,False,-1,True,True,0.0,0.3,-0.004,False,False,0.005,0.008,38.19,1278,139.25,,,,,0,False,False,0.0,False,7.75,5.96,20.0,
27.5,22573,258.599,-969.461,-0.006,5.548,30.0,1278,-1,131.85,False,-1,True,True,0.0,0.3,0.003,False,False,-0.087,0.002,38.225,1278,139.25,,,,,0,False,False,0.0,False,7.47,5.87,20.0,
27.55,22574,258.813,-969.293,-0.006,5.378,30.0,1278,-1,132.12,False,-1,True,True,0.0,0.001,-0.004,False,False,-0.154,0.005,38.177,1278,139.25,,,,,0,False,False,0.0,False,7.2,5.77,20.0,
27.6,22575,259.02,-969.13,-0.005,5.228,30.0,1278,-1,132.39,False,-1,True,True,0.61,0.0,0.003,False,False,-0.191,-0.0,38.215,1278,139.25,,,,,0,False,False,0.0,False,6.93,5.69,20.0,
27.65,22576,259.222,-968.971,-0.005,5.094,30.0,1278,-1,132.64,False,-1,True,True,0.75,0.0,-0.004,False,False,-0.207,0.004,38.167,1278,139.25,,,,,0,False,False,0.0,False,6.68,5.61,20.0,
27.7,22577,259.421,-968.815,-0.005,5.049,30.0,1278,-1,132.9,False,-1,True,True,0.75,0.0,0.003,False,False,-0.194,-0.001,38.219,1278,139.25,,,,,0,False,False,0.0,False,6.42,5.55,20.0,
27.75,22578,259.62,-968.659,-0.006,5.044,30.0,1278,-1,133.08,False,-1,True,True,0.75,0.0,-0.005,False,False,-0.145,0.004,38.174,1278,139.25,,,,,0,False,False,0.0,False,6.17,5.52,20.0,
27.8,22579,259.816,-968.504,-0.006,4.858,30.0,1278,-1,133.33,False,-1,True,True,0.75,0.0,0.003,False,False,-0.119,0.0,38.192,1278,139.25,,,,,0,False,False,0.0,False,5.92,5.52,20.0,
27.85,22580,259.997,-968.362,-0.005,4.476,30.0,1278,-1,133.56,False,-1,True,True,0.75,0.0,-0.002,False,False,-0.201,0.001,38.171,1278,139.25,,,,,0,False,False,0.0,False,5.69,5.43,20.0,
27.9,22581,260.166,-968.229,-0.005,4.238,30.0,1278,-1,133.77,False,-1,True,True,0.75,0.0,0.002,False,False,-0.28,-0.001,38.167,1278,139.25,,,,,0,False,False,0.0,False,5.48,5.24,20.0,
27.95,22582,260.329,-968.1,-0.005,4.117,30.0,1278,-1,133.98,False,-1,True,True,0.75,0.0,0.001,False,False,-0.305,-0.002,38.169,1278,139.25,,,,,0,False,False,0.0,False,5.27,5.12,20.0,
28.0,22583,260.49,-967.974,-0.005,4.08,30.0,1278,-1,134.19,False,-1,True,True,0.75,0.0,-0.0,False,False,-0.274,-0.001,38.17,1278,139.25,,,,,0,False,False,0.0,False,5.06,5.06,20.0,
28.05,22584,260.651,-967.847,-0.006,4.099,30.0,1278,-1,134.39,False,-1,True,True,0.75,0.0,0.0,False,False,-0.206,0.0,38.17,1278,139.25,,,,,0,False,False,0.0,False,4.86,5.04,20.0,
28.1,22585,260.815,-967.72,-0.006,4.151,30.0,1278,-1,134.6,False,-1,True,True,0.75,0.0,-0.023,False,False,-0.122,0.037,38.103,1278,143.17,,,,,0,False,False,0.0,False,8.58,5.05,20.0,
28.15,22586,260.981,-967.591,-0.007,4.225,30.0,1278,-1,134.81,False,-1,True,True,0.75,0.0,-0.0,False,False,-0.038,0.03,38.059,1278,143.17,,,,,0,False,False,0.0,False,8.37,5.08,20.0,
28.2,22587,261.15,-967.459,-0.008,4.312,30.0,1278,-1,135.02,False,-1,True,True,0.75,0.0,-0.0,False,False,0.038,0.013,38.046,1278,143.17,,,,,0,False,False,0.0,False,8.16,5.11,20.0,
28.25,22588,261.323,-967.324,-0.008,4.407,30.0,1278,-1,135.24,False,-1,True,True,0.75,0.0,-0.002,False,False,0.101,0.006,38.036,1278,143.17,,,,,0,False,False,0.0,False,7.94,5.16,20.0,
28.3,22589,261.499,-967.187,-0.009,4.506,30.0,1278,-1,135.47,False,-1,True,True,0.75,0.0,-0.002,False,False,0.15,0.004,38.024,1278,143.17,,,,,0,False,False,0.0,False,7.71,5.2,20.0,
28.35,22590,261.679,-967.046,-0.009,4.609,30.0,1278,-1,135.7,False,-1,True,True,0.75,0.0,-0.002,False,False,0.187,0.002,38.013,1278,143.17,,,,,0,False,False,0.0,False,7.48,5.25,20.0,
28.4,22591,261.864,-966.902,-0.009,4.712,30.0,1278,-1,135.93,False,-1,True,True,0.75,0.0,-0.001,False,False,0.213,0.001,38.004,1278,143.17,,,,,0,False,False,0.0,False,7.25,5.3,20.0,
28.45,22592,262.052,-966.755,-0.009,4.816,30.0,1278,-1,136.17,False,-1,True,True,0.75,0.0,-0.001,False,False,0.232,0.0,37.996,1278,143.17,,,,,0,False,False,0.0,False,7.01,5.36,20.0,
28.5,22593,262.244,-966.605,-0.009,4.921,30.0,1278,-1,136.41,False,-1,True,True,0.75,0.0,-0.001,False,False,0.244,-0.0,37.989,1278,143.17,,,,,0,False,False,0.0,False,6.77,5.41,20.0,
28.55,22594,262.441,-966.452,-0.009,5.025,30.0,1278,-1,136.66,False,-1,True,True,0.75,0.0,-0.001,False,False,0.252,-0.0,37.983,1278,143.17,,,,,0,False,False,0.0,False,6.52,5.46,20.0,
28.6,22595,262.642,-966.296,-0.009,5.126,30.0,1278,-1,136.92,False,-1,True,True,0.75,0.0,-0.001,False,False,0.257,-0.0,37.978,1278,143.17,,,,,0,False,False,0.0,False,6.26,5.51,20.0,
28.65,22596,262.846,-966.136,-0.009,5.264,30.0,1278,-1,137.18,False,-1,True,True,0.75,0.0,-0.0,False,False,0.261,-0.0,37.974,1278,143.17,,,,,0,False,False,0.0,False,6.0,5.56,20.0,
28.7,22597,263.054,-965.973,-0.009,5.29,30.0,1278,-1,137.44,False,-1,True,True,0.75,0.0,-0.001,False,False,0.256,-0.0,37.974,1278,143.17,,,,,0,False,False,0.0,False,5.74,5.63,20.0,
28.75,22598,263.265,-965.809,-0.009,5.374,30.0,1278,-1,137.71,False,-1,True,True,0.75,0.0,-0.001,False,False,0.242,0.001,37.953,1278,143.17,,,,,0,False,False,0.0,False,5.47,5.64,20.0,
28.8,22599,263.476,-965.647,-0.009,5.286,30.0,1278,-1,137.97,False,-1,True,True,0.707,0.0,-0.033,False,False,0.195,0.05,37.9,1278,147.09,,,,,0,False,False,0.0,False,9.15,5.69,20.0,
28.85,22600,263.687,-965.485,-0.008,5.354,30.0,1278,-1,138.24,False,-1,True,True,0.75,0.0,-0.005,False,False,0.158,0.052,37.791,1278,147.09,,,,,0,False,False,0.0,False,8.89,5.64,20.0,
28.9,22601,263.897,-965.323,-0.008,5.299,30.0,1278,-1,138.5,False,-1,True,True,0.75,0.0,0.002,False,False,0.127,0.024,37.785,1278,147.09,,,,,0,False,False,0.0,False,8.62,5.68,20.0,
28.95,22602,264.109,-965.159,-0.008,5.38,30.0,1278,-1,138.77,False,-1,True,True,0.75,0.0,-0.005,False,False,0.116,0.014,37.736,1278,147.09,,,,,0,False,False,0.0,False,8.35,5.65,20.0,
29.0,22603,264.32,-964.996,-0.008,5.307,30.0,1278,-1,139.04,False,-1,True,True,0.662,0.0,-0.001,False,False,0.098,0.006,37.744,1278,147.09,,,,,0,False,False,0.0,False,8.09,5.69,20.0,
29.05,22604,264.532,-964.833,-0.008,5.418,30.0,1278,-1,139.31,False,-1,True,True,0.75,0.0,-0.005,False,False,0.094,0.007,37.702,1278,147.09,,,,,0,False,False,0.0,False,7.82,5.65,20.0,
29.1,22605,264.757,-964.659,-0.009,5.824,30.0,1278,-1,139.59,False,-1,True,True,0.517,0.0,0.0,False,False,0.207,0.002,37.662,1278,147.09,,,,,0,False,False,0.0,False,7.53,5.71,20.0,
29.15,22606,264.999,-964.472,-0.01,6.215,30.0,1278,-1,139.9,False,-1,True,True,0.0,0.3,0.001,False,False,0.352,-0.003,37.647,1278,147.09,,,,,0,False,False,0.0,False,7.23,5.91,20.0,
29.2,22607,265.247,-964.281,-0.011,6.272,30.0,1278,-1,140.21,False,-1,True,True,0.0,0.3,-0.0,False,False,0.406,-0.003,37.642,1278,147.09,,,,,0,False,False,0.0,False,6.92,6.11,20.0,
29.25,22608,265.497,-964.088,-0.01,6.331,30.0,1278,-1,140.52,False,-1,True,True,0.0,0.3,-0.001,False,False,0.379,-0.0,37.637,1278,147.09,,,,,0,False,False,0.0,False,6.6,6.14,20.0,
29.3,22609,265.743,-963.898,-0.01,6.171,30.0,1278,-1,140.84,False,-1,True,True,0.0,0.3,-0.001,False,False,0.285,0.002,37.621,1278,147.09,,,,,0,False,False,0.0,False,6.29,6.17,20.0,
29.35,22610,265.985,-963.712,-0.009,6.077,30.0,1278,-1,141.14,False,-1,True,True,0.0,0.3,0.001,False,False,0.17,0.001,37.642,1278,147.09,,,,,0,False,False,0.0,False,5.98,6.09,20.0,
29.4,22611,266.22,-963.533,-0.007,5.837,30.0,1278,-1,141.44,False,-1,True,True,0.0,0.3,-0.039,False,False,0.049,0.063,37.516,1278,151.01,,,,,0,False,False,0.0,False,9.61,6.04,20.0,
29.45,22612,266.449,-963.359,-0.007,5.705,30.0,1278,-1,141.72,False,-1,True,True,0.0,0.3,0.0,False,False,-0.051,0.056,37.446,1278,151.01,,,,,0,False,False,0.0,False,9.32,5.92,20.0,
29.5,22613,266.668,-963.192,-0.006,5.439,30.0,1278,-1,142.0,False,-1,True,True,0.0,0.3,-0.001,False,False,-0.137,0.03,37.376,1278,151.01,,,,,0,False,False,0.0,False,9.05,5.85,20.0,
29.55,22614,266.881,-963.029,-0.005,5.33,30.0,1278,-1,142.27,False,-1,True,True,0.385,0.0,0.001,False,False,-0.192,0.011,37.381,1278,151.01,,,,,0,False,False,0.0,False,8.78,5.72,20.0,
29.6,22615,267.088,-962.871,-0.005,5.13,30.0,1278,-1,142.53,False,-1,True,True,0.75,0.0,-0.004,False,False,-0.219,0.008,37.328,1278,151.01,,,,,0,False,False,0.0,False,8.52,5.67,20.0,
29.65,22616,267.291,-962.717,-0.005,5.095,30.0,1278,-1,142.78,False,-1,True,True,0.75,0.0,0.001,False,False,-0.213,0.002,37.337,1278,151.01,,,,,0,False,False,0.0,False,8.26,5.57,20.0,
29.7,22617,267.492,-962.563,-0.005,5.021,30.0,1278,-1,143.04,False,-1,True,True,0.75,0.0,-0.003,False,False,-0.178,0.003,37.281,1278,151.01,,,,,0,False,False,0.0,False,8.01,5.55,20.0,
29.75,22618,267.694,-962.41,-0.006,5.091,30.0,1278,-1,143.29,False,-1,True,True,0.75,0.0,0.003,False,False,-0.119,-0.002,37.301,1278,151.01,,,,,0,False,False,0.0,False,7.76,5.51,20.0,
29.8,22619,267.888,-962.262,-0.006,4.724,30.0,1278,-1,143.53,False,-1,True,True,0.75,0.0,-0.003,False,False,-0.137,0.001,37.284,1278,151.01,,,,,0,False,False,0.0,False,7.51,5.55,20.0,
29.85,22620,268.068,-962.125,-0.005,4.429,30.0,1278,-1,143.76,False,-1,True,True,0.75,0.0,0.0,False,False,-0.22,0.001,37.287,1278,151.01,,,,,0,False,False,0.0,False,7.29,5.36,20.0,
29.9,22621,268.24,-961.995,-0.005,4.262,30.0,1278,-1,143.98,False,-1,True,True,0.75,0.0,-0.001,False,False,-0.271,0.002,37.284,1278,151.01,,,,,0,False,False,0.0,False,7.07,5.21,20.0,
29.95,22622,268.407,-961.867,-0.005,4.193,30.0,1278,-1,144.19,False,-1,True,True,0.75,0.0,-0.001,False,False,-0.268,0.003,37.279,1278,151.01,,,,,0,False,False,0.0,False,6.86,5.13,20.0,
30.0,22623,268.574,-961.74,-0.005,4.19,30.0,1278,-1,144.4,False,-1,True,True,0.75,0.0,-0.001,False,False,-0.22,0.002,37.276,1278,151.01,,,,,0,False,False,0.0,False,6.65,5.1,20.0,
30.05,22624,268.742,-961.612,-0.006,4.229,30.0,1278,-1,144.61,False,-1,True,True,0.75,0.0,-0.0,False,False,-0.146,0.001,37.273,1278,151.01,,,,,0,False,False,0.0,False,6.44,5.09,20.0,
30.1,22625,268.913,-961.483,-0.007,4.293,30.0,1278,-1,144.82,False,-1,True,True,0.75,0.0,-0.0,False,False,-0.065,0.001,37.27,1278,151.01,,,,,0,False,False,0.0,False,6.23,5.11,20.0,
30.15,22626,269.086,-961.351,-0.007,4.374,30.0,1278,-1,145.04,False,-1,True,True,0.75,0.0,-0.0,False,False,0.011,0.001,37.268,1278,151.01,,,,,0,False,False,0.0,False,6.01,5.15,20.0,
30.2,22627,269.263,-961.216,-0.008,4.464,30.0,1278,-1,145.26,False,-1,True,True,0.75,0.0,-0.0,False,False,0.077,0.0,37.267,1278,151.01,,,,,0,False,False,0.0,False,5.79,5.19,20.0,
30.25,22628,269.443,-961.079,-0.008,4.56,30.0,1278,-1,145.49,False,-1,True,True,0.75,0.0,-0.0,False,False,0.131,0.0,37.265,1278,151.01,,,,,0,False,False,0.0,False,5.56,5.23,20.0,
30.3,22629,269.627,-960.939,-0.009,4.661,30.0,1278,-1,145.72,False,-1,True,True,0.75,0.0,-0.0,False,False,0.172,0.0,37.264,1278,151.01,,,,,0,False,False,0.0,False,5.33,5.28,20.0,
30.35,22630,269.815,-960.796,-0.009,4.763,30.0,1278,-1,145.95,False,-1,True,True,0.75,0.0,-0.0,False,False,0.202,0.0,37.263,1969,1.07,,,,,0,False,False,0.0,False,8.02,5.33,20.0,
30.4,22631,270.008,-960.65,-0.009,4.866,30.0,1278,-1,146.2,False,-1,True,True,0.75,0.0,0.001,False,False,0.223,-0.002,37.264,1969,1.07,,,,,0,False,False,0.0,False,7.78,5.38,20.0,
30.45,22632,270.204,-960.501,-0.009,4.969,30.0,1278,-1,146.44,False,-1,True,True,0.75,0.0,0.0,False,False,0.238,-0.002,37.267,1969,1.07,,,,,0,False,False,0.0,False,7.53,5.43,20.0,
30.5,22633,270.404,-960.348,-0.009,5.073,30.0,1278,-1,146.69,False,-1,True,True,0.75,0.0,0.0,False,False,0.248,-0.002,37.27,1969,1.07,,,,,0,False,False,0.0,False,7.28,5.48,20.0,
30.55,22634,270.608,-960.193,-0.009,5.158,30.0,1278,-1,146.95,False,-1,True,True,0.75,0.0,0.0,False,False,0.253,-0.002,37.272,1969,1.07,,,,,0,False,False,0.0,False,7.02,5.54,20.0,
30.6,22635,270.817,-960.034,-0.009,5.311,30.0,1278,-1,147.21,False,-1,True,True,0.75,0.0,0.0,False,False,0.258,-0.001,37.273,1969,1.07,,,,,0,False,False,0.0,False,6.76,5.58,20.0,
30.65,22636,271.029,-959.873,-0.009,5.333,30.0,1278,-1,147.48,False,-1,True,True,0.75,0.0,0.0,False,False,0.254,-0.001,37.282,1969,1.07,,,,,0,False,False,0.0,False,6.49,5.66,20.0,
30.7,22637,271.242,-959.71,-0.009,5.4,30.0,1278,-1,147.75,False,-1,True,True,0.75,0.0,-0.001,False,False,0.235,0.001,37.263,1969,1.07,,,,,0,False,False,0.0,False,6.22,5.67,20.0,
30.75,22638,271.455,-959.548,-0.009,5.315,30.0,1278,-1,148.02,False,-1,True,True,0.608,0.0,0.002,False,False,0.187,-0.002,37.299,1969,1.07,,,,,0,False,False,0.0,False,5.96,5.7,20.0,
30.8,22639,271.668,-959.386,-0.008,5.376,30.0,1278,-1,148.28,False,-1,True,True,0.75,0.0,-0.003,False,False,0.15,0.002,37.276,1969,1.07,,,,,0,False,False,0.0,False,5.69,5.66,20.0,
30.85,22640,271.88,-959.225,-0.008,5.312,30.0,1278,-1,148.55,False,-1,True,True,0.681,0.0,0.002,False,False,0.118,-0.001,37.31,1969,1.07,,,,,0,False,False,0.0,False,5.42,5.69,20.0,
30.9,22641,272.09,-959.06,-0.008,5.389,30.0,1278,-1,148.82,False,-1,True,True,0.75,0.0,0.102,False,False,0.104,-0.114,37.467,1969,3.22,,,,,0,False,False,0.0,False,7.23,5.66,20.0,
30.95,22642,272.3,-958.893,-0.008,5.332,30.0,1278,-1,149.08,False,-1,True,True,0.627,0.0,0.048,False,False,0.093,-0.19,37.819,1969,3.22,,,,,0,False,False,0.0,False,6.96,5.69,20.0,
31.0,22643,272.509,-958.725,-0.008,5.4,30.0,1278,-1,149.35,False,-1,True,True,0.75,0.0,0.022,False,False,0.089,-0.161,38.053,1969,3.22,,,,,0,False,False,0.0,False,6.69,5.67,20.0,
31.05,22644,272.719,-958.558,-0.008,5.371,30.0,1278,-1,149.62,False,-1,True,True,0.581,0.0,0.023,False,False,0.081,-0.124,38.275,1969,3.22,,,,,0,False,False,0.0,False,6.43,5.7,20.0,
31.1,22645,272.942,-958.378,-0.009,5.915,30.0,1278,-1,149.91,False,-1,True,True,0.681,0.0,0.017,False,False,0.204,-0.099,38.472,1969,3.22,,,,,0,False,False,0.0,False,6.14,5.69,20.0,
31.15,22646,273.18,-958.186,-0.01,6.179,30.0,1278,-1,150.21,False,-1,True,True,0.0,0.3,0.013,False,False,0.345,-0.078,38.627,1969,3.22,,,,,0,False,False,0.0,False,5.83,5.96,20.0,
31.2,22647,273.425,-957.986,-0.011,6.403,30.0,1278,-1,150.53,False,-1,True,True,0.0,0.3,0.032,False,False,0.419,-0.104,38.822,1393,1.85,,,,,0,False,False,0.0,False,8.54,6.09,20.0,
31.25,22648,273.672,-957.784,-0.011,6.351,30.0,1278,-1,150.85,False,-1,True,True,0.0,0.3,0.008,False,False,0.394,-0.081,38.979,1393,1.85,,,,,0,False,False,0.0,False,8.22,6.2,20.0,
31.3,22649,273.918,-957.584,-0.01,6.332,30.0,1278,-1,151.16,False,-1,True,True,0.0,0.3,0.006,False,False,0.313,-0.047,39.068,1393,1.85,,,,,0,False,False,0.0,False,7.9,6.18,20.0,
31.35,22650,274.157,-957.388,-0.009,6.127,30.0,1278,-1,151.47,False,-1,True,True,0.0,0.3,0.008,False,False,0.193,-0.033,39.155,1393,1.85,,,,,0,False,False,0.0,False,7.6,6.17,20.0,
31.4,22651,274.391,-957.197,-0.008,6.011,30.0,1278,-1,151.78,False,-1,True,True,0.0,0.3,0.005,False,False,0.076,-0.023,39.19,1393,1.85,,,,,0,False,False,0.0,False,7.29,6.06,20.0,
31.45,22652,274.617,-957.012,-0.007,5.759,30.0,1278,-1,152.07,False,-1,True,True,0.0,0.3,0.007,False,False,-0.034,-0.021,39.268,1393,1.85,,,,,0,False,False,0.0,False,7.0,6.01,20.0,
31.5,22653,274.835,-956.832,-0.006,5.618,30.0,1970,-1,0.1,True,1,True,False,0.0,0.3,0.002,False,False,-0.119,-0.013,39.283,1393,1.85,,,,,0,False,False,0.0,False,6.72,5.88,20.0,
31.55,22654,275.046,-956.659,-0.005,5.35,30.0,1970,-1,0.34,True,1,True,False,0.0,0.264,0.006,False,False,-0.19,-0.012,39.345,1393,1.85,,,,,0,False,False,0.0,False,6.45,5.81,20.0,
31.6,22655,275.249,-956.492,-0.005,5.242,30.0,1278,-1,152.89,False,-1,True,True,0.698,0.0,0.001,False,False,-0.23,-0.006,39.346,1393,1.85,,,,,0,False,False,0.0,False,6.18,5.68,20.0,
31.65,22656,275.447,-956.33,-0.005,5.038,30.0,1969,-1,0.14,True,1,True,True,0.75,0.0,0.005,False,False,-0.247,-0.005,39.405,1393,1.85,,,,,0,False,False,0.0,False,5.93,5.62,20.0,
31.7,22657,275.643,-956.168,-0.005,5.105,30.0,1969,-1,0.39,True,1,True,True,0.75,0.0,-0.001,False,False,-0.208,-0.0,39.384,1393,1.85,,,,,0,False,False,0.0,False,5.67,5.52,20.0,
31.75,22658,275.839,-956.007,-0.006,5.03,30.0,1969,-1,0.64,True,1,True,True,0.75,0.0,0.005,False,False,-0.152,-0.004,39.427,1393,1.85,,,,,0,False,False,0.0,False,5.42,5.55,20.0,
31.8,22659,276.028,-955.853,-0.006,4.693,30.0,1969,-1,0.89,True,1,True,True,0.75,0.0,-0.014,False,False,-0.17,0.015,39.414,1393,5.56,,,,,0,False,False,0.0,False,8.88,5.52,20.0,
31.85,22660,276.2,-955.712,-0.005,4.348,30.0,1969,-1,1.22,True,1,True,True,0.75,0.0,-0.001,False,False,-0.264,0.016,39.416,1393,5.56,,,,,0,False,False,0.0,False,8.66,5.35,20.0,
31.9,22661,276.363,-955.579,-0.004,4.143,30.0,1969,-1,1.43,True,1,True,True,0.75,0.0,-0.002,False,False,-0.326,0.01,39.411,1393,5.56,,,,,0,False,False,0.0,False,8.45,5.17,20.0,
31.95,22662,276.52,-955.449,-0.004,4.046,30.0,1969,-1,1.63,True,1,True,True,0.75,0.0,-0.001,False,False,-0.328,0.006,39.405,1393,5.56,,,,,0,False,False,0.0,False,8.24,5.07,20.0,
32.0,22663,276.676,-955.321,-0.005,4.027,30.0,1969,-1,1.84,True,1,True,True,0.75,0.0,-0.001,False,False,-0.279,0.003,39.4,1393,5.56,,,,,0,False,False,0.0,False,8.04,5.02,20.0,
32.05,22664,276.833,-955.193,-0.006,4.057,30.0,1969,-1,2.18,True,1,True,True,0.75,0.0,-0.001,False,False,-0.199,0.001,39.395,1393,5.56,,,,,0,False,False,0.0,False,7.84,5.01,20.0,
32.1,22665,276.992,-955.062,-0.006,4.118,30.0,1969,-1,2.39,True,1,True,True,0.75,0.0,-0.001,False,False,-0.108,-0.0,39.391,1393,5.56,,,,,0,False,False,0.0,False,7.63,5.03,20.0,
32.15,22666,277.154,-954.93,-0.007,4.196,30.0,1969,-1,2.59,True,1,True,True,0.75,0.0,-0.001,False,False,-0.022,-0.001,39.387,1393,5.56,,,,,0,False,False,0.0,False,7.42,5.06,20.0,
32.2,22667,277.318,-954.795,-0.008,4.286,30.0,1969,-1,2.81,True,1,True,True,0.75,0.0,-0.001,False,False,0.053,-0.001,39.384,1393,5.56,,,,,0,False,False,0.0,False,7.21,5.1,20.0,
32.25,22668,277.487,-954.656,-0.008,4.383,30.0,1969,-1,3.02,True,1,True,True,0.75,0.0,-0.0,False,False,0.114,-0.001,39.381,1393,5.56,,,,,0,False,False,0.0,False,6.99,5.14,20.0,
32.3,22669,277.659,-954.515,-0.009,4.484,30.0,1969,-1,3.25,True,1,True,True,0.75,0.0,-0.0,False,False,0.161,-0.001,39.379,1393,5.56,,,,,0,False,False,0.0,False,6.77,5.19,20.0,
32.35,22670,277.835,-954.371,-0.009,4.587,30.0,1969,-1,3.47,True,1,True,True,0.75,0.0,-0.0,False,False,0.195,-0.0,39.376,1393,5.56,,,,,0,False,False,0.0,False,6.54,5.24,20.0,
32.4,22671,278.015,-954.223,-0.009,4.691,30.0,1969,-1,3.71,True,1,True,True,0.75,0.0,-0.0,False,False,0.22,-0.0,39.375,1393,5.56,,,,,0,False,False,0.0,False,6.31,5.29,20.0,
32.45,22672,278.199,-954.072,-0.009,4.796,30.0,1969,-1,3.94,True,1,True,True,0.75,0.0,-0.0,False,False,0.236,-0.0,39.373,1393,5.56,,,,,0,False,False,0.0,False,6.07,5.35,20.0,
32.5,22673,278.386,-953.918,-0.009,4.901,30.0,1969,-1,4.04,True,1,True,True,0.75,0.0,-0.0,False,False,0.247,-0.0,39.372,1393,5.56,,,,,0,False,False,0.0,False,5.83,5.4,20.0,
32.55,22674,278.578,-953.761,-0.009,5.005,30.0,1969,-1,4.29,True,1,True,True,0.75,0.0,-0.0,False,False,0.254,-0.0,39.371,1393,5.56,,,,,0,False,False,0.0,False,5.58,5.45,20.0,
32.6,22675,278.774,-953.6,-0.009,5.11,30.0,1393,-1,0.23,False,-1,True,True,0.75,0.0,-0.0,False,False,0.259,-0.0,39.37,1393,5.56,,,,,0,False,False,0.0,False,5.33,5.5,20.0,
32.65,22676,278.973,-953.435,-0.009,5.169,30.0,1393,-1,0.49,False,-1,True,True,0.75,0.0,0.016,False,False,0.258,-0.032,39.423,1393,9.26,,,,,0,False,False,0.0,False,8.77,5.55,20.0,
32.7,22677,279.176,-953.268,-0.009,5.311,30.0,1393,-1,0.75,False,-1,True,True,0.75,0.0,-0.001,False,False,0.256,-0.023,39.447,1393,9.26,,,,,0,False,False,0.0,False,8.51,5.58,20.0,
32.75,22678,279.379,-953.101,-0.009,5.214,30.0,1393,-1,1.01,False,-1,True,True,0.75,0.0,0.001,False,False,0.215,-0.011,39.494,1393,9.26,,,,,0,False,False,0.0,False,8.24,5.66,20.0,
32.8,22679,279.581,-952.935,-0.008,5.277,30.0,1393,-1,1.28,False,-1,True,True,0.75,0.0,-0.002,False,False,0.175,-0.0,39.477,1393,9.26,,,,,0,False,False,0.0,False,7.98,5.61,20.0,
32.85,22680,279.783,-952.768,-0.008,5.215,30.0,1393,-1,1.54,False,-1,True,True,0.75,0.0,0.003,False,False,0.137,-0.002,39.517,1393,9.26,,,,,0,False,False,0.0,False,7.72,5.64,20.0,
32.9,22681,279.986,-952.601,-0.008,5.309,30.0,1393,-1,1.8,False,-1,True,True,0.75,0.0,-0.002,False,False,0.123,0.002,39.499,1393,9.26,,,,,0,False,False,0.0,False,7.46,5.61,20.0,
32.95,22682,280.189,-952.433,-0.008,5.241,30.0,1393,-1,2.06,False,-1,True,True,0.75,0.0,0.002,False,False,0.107,-0.001,39.536,1393,9.26,,,,,0,False,False,0.0,False,7.19,5.65,20.0,
33.0,22683,280.393,-952.265,-0.008,5.308,30.0,1393,-1,2.33,False,-1,True,True,0.75,0.0,-0.003,False,False,0.098,0.002,39.51,1393,9.26,,,,,0,False,False,0.0,False,6.93,5.62,20.0,
33.05,22684,280.6,-952.095,-0.008,5.492,30.0,1393,-1,2.6,False,-1,True,True,0.75,0.0,0.002,False,False,0.124,-0.002,39.549,1393,9.26,,,,,0,False,False,0.0,False,6.66,5.65,20.0,
33.1,22685,280.825,-951.91,-0.01,6.0,30.0,1393,-1,2.89,False,-1,True,True,0.256,0.0,-0.003,False,False,0.278,0.002,39.566,1393,9.26,,,,,0,False,False,0.0,False,6.37,5.75,20.0,
33.15,22686,281.063,-951.714,-0.011,6.191,30.0,1393,-1,3.2,False,-1,True,True,0.0,0.3,-0.002,False,False,0.397,0.004,39.561,1393,9.26,,,,,0,False,False,0.0,False,6.06,6.0,20.0,
33.2,22687,281.308,-951.518,-0.011,6.317,30.0,1393,-1,3.51,False,-1,True,True,0.0,0.3,-0.102,False,False,0.422,0.141,39.338,1393,12.97,,,,,0,False,False,0.0,False,9.74,6.1,20.0,
33.25,22688,281.554,-951.325,-0.01,6.207,30.0,1393,-1,3.82,False,-1,True,True,0.0,0.3,-0.037,False,False,0.356,0.207,38.978,1393,12.97,,,,,0,False,False,0.0,False,9.43,6.16,20.0,
33.3,22689,281.795,-951.134,-0.009,6.142,30.0,1393,-1,4.13,False,-1,True,True,0.0,0.3,-0.015,False,False,0.251,0.157,38.706,1393,12.97,,,,,0,False,False,0.0,False,9.12,6.1,20.0,
33.35,22690,282.03,-950.949,-0.008,5.919,30.0,1393,-1,4.43,False,-1,True,True,0.0,0.3,-0.013,False,False,0.125,0.104,38.556,1393,12.97,,,,,0,False,False,0.0,False,8.83,6.07,20.0,
33.4,22691,282.259,-950.768,-0.007,5.796,30.0,1393,-1,4.72,False,-1,True,True,0.0,0.3,-0.017,False,False,0.015,0.078,38.388,1393,12.97,,,,,0,False,False,0.0,False,8.53,5.96,20.0,
33.45,22692,282.48,-950.595,-0.006,5.539,30.0,1393,-1,5.0,False,-1,True,True,0.0,0.3,-0.01,False,False,-0.085,0.056,38.297,1393,12.97,,,,,0,False,False,0.0,False,8.25,5.9,20.0,
33.5,22693,282.695,-950.427,-0.006,5.43,30.0,1393,-1,5.27,False,-1,True,True,0.029,0.0,-0.013,False,False,-0.151,0.044,38.174,1393,12.97,,,,,0,False,False,0.0,False,7.98,5.77,20.0,
33.55,22694,282.904,-950.264,-0.005,5.216,30.0,1393,-1,5.54,False,-1,True,True,0.421,0.0,-0.007,False,False,-0.193,0.032,38.129,1393,12.97,,,,,0,False,False,0.0,False,7.72,5.71,20.0,
33.6,22695,283.108,-950.105,-0.005,5.152,30.0,1393,-1,5.8,False,-1,True,True,0.75,0.0,-0.01,False,False,-0.206,0.027,38.043,1393,12.97,,,,,0,False,False,0.0,False,7.46,5.61,20.0,
33.65,22696,283.308,-949.95,-0.005,5.02,30.0,1393,-1,6.05,False,-1,True,True,0.75,0.0,-0.005,False,False,-0.2,0.019,38.02,1393,12.97,,,,,0,False,False,0.0,False,7.2,5.58,20.0,
33.7,22697,283.508,-949.794,-0.006,5.087,30.0,1393,-1,6.3,False,-1,True,True,0.75,0.0,-0.008,False,False,-0.15,0.018,37.942,1393,12.97,,,,,0,False,False,0.0,False,6.95,5.51,20.0,
33.75,22698,283.706,-949.64,-0.006,4.918,30.0,1393,-1,6.55,False,-1,True,True,0.75,0.0,-0.002,False,False,-0.11,0.01,37.91,1393,12.97,,,,,0,False,False,0.0,False,6.7,5.54,20.0,
33.8,22699,283.892,-949.496,-0.006,4.565,30.0,1393,-1,6.79,False,-1,True,True,0.75,0.0,-0.004,False,False,-0.175,0.005,37.909,1393,12.97,,,,,0,False,False,0.0,False,6.46,5.46,20.0,
33.85,22700,284.066,-949.362,-0.005,4.313,30.0,1393,-1,7.01,False,-1,True,True,0.75,0.0,-0.006,False,False,-0.256,0.006,37.889,1393,12.97,,,,,0,False,False,0.0,False,6.24,5.28,20.0,
33.9,22701,284.232,-949.233,-0.005,4.181,30.0,1393,-1,7.22,False,-1,True,True,0.75,0.0,-0.004,False,False,-0.289,0.005,37.867,1393,12.97,,,,,0,False,False,0.0,False,6.03,5.16,20.0,
33.95,22702,284.397,-949.106,-0.005,4.136,30.0,1393,-1,7.43,False,-1,True,True,0.75,0.0,-0.003,False,False,-0.267,0.003,37.848,1393,12.97,,,,,0,False,False,0.0,False,5.83,5.09,20.0,
34.0,22703,284.561,-948.979,-0.006,4.149,30.0,1393,-1,7.64,False,-1,True,True,0.75,0.0,-0.003,False,False,-0.206,0.001,37.833,1393,12.97,,,,,0,False,False,0.0,False,5.62,5.07,20.0,
34.05,22704,284.726,-948.85,-0.006,4.198,30.0,1393,-1,7.84,False,-1,True,True,0.75,0.0,-0.002,False,False,-0.126,0.0,37.819,1393,12.97,,,,,0,False,False,0.0,False,5.41,5.07,20.0,
34.1,22705,284.894,-948.72,-0.007,4.269,30.0,1393,-1,8.06,False,-1,True,True,0.75,0.0,-0.002,False,False,-0.043,0.0,37.807,1393,12.97,,,,,0,False,False,0.0,False,5.2,5.1,20.0,
34.15,22706,285.066,-948.587,-0.008,4.354,30.0,1393,-1,8.27,False,-1,True,True,0.75,0.0,-0.002,False,False,0.032,-0.0,37.796,1393,12.97,,,,,0,False,False,0.0,False,4.98,5.13,20.0,
34.2,22707,285.243,-948.455,-0.008,4.436,30.0,1393,-1,8.49,False,-1,True,True,0.75,0.0,-0.102,False,False,0.093,0.106,37.606,1393,16.67,,,,,0,False,False,0.0,False,8.43,5.18,20.0,
34.25,22708,285.427,-948.327,-0.008,4.526,30.0,1393,-1,8.72,False,-1,True,True,0.75,0.0,-0.119,False,False,0.137,0.281,37.1,1393,16.67,,,,,0,False,False,0.0,False,8.21,5.22,20.0,
34.3,22709,285.616,-948.196,-0.009,4.63,30.0,1393,-1,8.95,False,-1,True,True,0.75,0.0,-0.078,False,False,0.174,0.321,36.582,1393,16.67,,,,,0,False,False,0.0,False,7.98,5.26,20.0,
34.35,22710,285.809,-948.063,-0.009,4.736,30.0,1393,-1,9.18,False,-1,True,True,0.75,0.0,-0.06,False,False,0.203,0.278,36.157,1393,16.67,,,,,0,False,False,0.0,False,7.75,5.32,20.0,
34.4,22711,286.007,-947.927,-0.009,4.842,30.0,1393,-1,9.42,False,-1,True,True,0.75,0.0,-0.053,False,False,0.224,0.222,35.795,1393,16.67,,,,,0,False,False,0.0,False,7.51,5.37,20.0,
34.45,22712,286.21,-947.789,-0.009,4.947,30.0,1393,-1,9.67,False,-1,True,True,0.75,0.0,-0.045,False,False,0.239,0.17,35.478,1393,16.67,,,,,0,False,False,0.0,False,7.26,5.42,20.0,
34.5,22713,286.417,-947.649,-0.009,5.052,30.0,1393,-1,9.92,False,-1,True,True,0.75,0.0,-0.038,False,False,0.249,0.123,35.203,1393,16.67,,,,,0,False,False,0.0,False,7.01,5.47,20.0,
34.55,22714,286.629,-947.505,-0.009,5.163,30.0,1393,-1,10.17,False,-1,True,True,0.75,0.0,-0.032,False,False,0.256,0.086,34.968,1393,16.67,,,,,0,False,False,0.0,False,6.75,5.53,20.0,
34.6,22715,286.845,-947.359,-0.009,5.212,30.0,1393,-1,10.43,False,-1,True,True,0.75,0.0,-0.027,False,False,0.255,0.06,34.754,1393,16.67,,,,,0,False,False,0.0,False,6.49,5.58,20.0,
34.65,22716,287.063,-947.212,-0.009,5.284,30.0,1393,-1,10.69,False,-1,True,True,0.75,0.0,-0.022,False,False,0.237,0.038,34.595,1393,16.67,,,,,0,False,False,0.0,False,6.23,5.61,20.0,
34.7,22717,287.279,-947.066,-0.009,5.198,30.0,1393,-1,10.95,False,-1,True,True,0.75,0.0,-0.021,False,False,0.189,0.026,34.405,1393,16.67,,,,,0,False,False,0.0,False,5.97,5.64,20.0,
34.75,22718,287.496,-946.92,-0.008,5.27,30.0,1393,-1,11.21,False,-1,True,True,0.75,0.0,-0.012,False,False,0.154,0.012,34.298,1393,16.67,,,,,0,False,False,0.0,False,5.71,5.6,20.0,
34.8,22719,287.713,-946.774,-0.008,5.216,30.0,1393,-1,11.47,False,-1,True,True,0.75,0.0,-0.012,False,False,0.125,0.006,34.16,1393,16.67,,,,,0,False,False,0.0,False,5.45,5.64,20.0,
34.85,22720,287.934,-946.631,-0.008,5.3,30.0,1393,-1,11.73,False,-1,True,True,0.75,0.0,-0.115,False,False,0.116,0.116,33.918,1393,20.38,,,,,0,False,False,0.0,False,8.88,5.61,20.0,
34.9,22721,288.156,-946.49,-0.008,5.224,30.0,1393,-1,12.0,False,-1,True,True,0.75,0.0,-0.06,False,False,0.097,0.193,33.487,1393,20.38,,,,,0,False,False,0.0,False,8.62,5.65,20.0,
34.95,22722,288.378,-946.349,-0.008,5.292,30.0,1393,-1,12.1,False,-1,True,True,0.75,0.0,-0.031,False,False,0.089,0.166,33.187,1393,20.38,,,,,0,False,False,0.0,False,8.36,5.61,20.0,
35.0,22723,288.611,-946.201,-0.009,5.668,30.0,1393,-1,12.38,False,-1,True,True,0.75,0.0,-0.031,False,False,0.177,0.14,32.87,1393,20.38,,,,,0,False,False,0.0,False,8.08,5.65,20.0,
35.05,22724,288.864,-946.042,-0.01,6.123,30.0,1393,-1,12.67,False,-1,True,True,0.0,0.3,-0.02,False,False,0.337,0.111,32.628,1393,20.38,,,,,0,False,False,0.0,False,7.78,5.83,20.0,
35.1,22725,289.128,-945.877,-0.011,6.256,30.0,1393,-1,12.99,False,-1,True,True,0.0,0.3,-0.017,False,False,0.425,0.085,32.438,1393,20.38,,,,,0,False,False,0.0,False,7.47,6.06,20.0,
35.15,22726,289.397,-945.709,-0.011,6.375,30.0,1393,-1,13.23,False,-1,True,True,0.0,0.3,-0.015,False,False,0.427,0.066,32.285,1393,20.38,,,,,0,False,False,0.0,False,7.15,6.13,20.0,
35.2,22727,289.663,-945.542,-0.01,6.248,30.0,1393,-1,13.54,False,-1,True,True,0.0,0.3,-0.013,False,False,0.348,0.051,32.148,1393,20.38,,,,,0,False,False,0.0,False,6.84,6.19,20.0,
35.25,22728,289.926,-945.379,-0.009,6.17,30.0,1393,-1,13.85,False,-1,True,True,0.0,0.3,-0.009,False,False,0.235,0.038,32.07,1393,20.38,,,,,0,False,False,0.0,False,6.53,6.12,20.0,
35.3,22729,290.182,-945.22,-0.008,5.944,30.0,1393,-1,14.15,False,-1,True,True,0.0,0.3,-0.011,False,False,0.107,0.033,31.958,1393,20.38,,,,,0,False,False,0.0,False,6.23,6.09,20.0,
35.35,22730,290.43,-945.067,-0.007,5.819,30.0,1393,-1,14.45,False,-1,True,True,0.0,0.3,-0.005,False,False,-0.001,0.022,31.915,1393,20.38,,,,,0,False,False,0.0,False,5.94,5.97,20.0,
35.4,22731,290.67,-944.918,-0.006,5.559,30.0,1393,-1,14.73,False,-1,True,True,0.0,0.3,-0.008,False,False,-0.098,0.019,31.831,1393,20.38,,,,,0,False,False,0.0,False,5.65,5.91,20.0,
35.45,22732,290.905,-944.778,-0.006,5.433,30.0,1393,-1,15.0,False,-1,True,True,0.0,0.048,-0.108,False,False,-0.165,0.125,31.637,1393,24.08,,,,,0,False,False,0.0,False,9.08,5.78,20.0,
35.5,22733,291.133,-944.643,-0.005,5.214,30.0,1393,-1,15.26,False,-1,True,True,0.406,0.0,-0.023,False,False,-0.209,0.156,31.307,1393,24.08,,,,,0,False,False,0.0,False,8.82,5.72,20.0,
35.55,22734,291.354,-944.51,-0.005,5.146,30.0,1393,-1,15.52,False,-1,True,True,0.75,0.0,-0.002,False,False,-0.22,0.088,31.159,1393,24.08,,,,,0,False,False,0.0,False,8.56,5.61,20.0,
35.6,22735,291.572,-944.379,-0.005,5.051,30.0,1393,-1,15.78,False,-1,True,True,0.75,0.0,-0.011,False,False,-0.201,0.048,31.029,1393,24.08,,,,,0,False,False,0.0,False,8.31,5.57,20.0,
35.65,22736,291.792,-944.249,-0.006,5.12,30.0,1393,-1,16.03,False,-1,True,True,0.75,0.0,-0.008,False,False,-0.143,0.029,30.981,1393,24.08,,,,,0,False,False,0.0,False,8.05,5.53,20.0,
35.7,22737,292.005,-944.122,-0.006,4.803,30.0,1393,-1,16.28,False,-1,True,True,0.75,0.0,-0.012,False,False,-0.141,0.025,30.888,1393,24.08,,,,,0,False,False,0.0,False,7.8,5.56,20.0,
35.75,22738,292.201,-944.006,-0.005,4.438,30.0,1393,-1,16.51,False,-1,True,True,0.75,0.0,-0.006,False,False,-0.232,0.016,30.812,1393,24.08,,,,,0,False,False,0.0,False,7.57,5.4,20.0,
35.8,22739,292.385,-943.896,-0.005,4.214,30.0,1393,-1,16.72,False,-1,True,True,0.75,0.0,-0.005,False,False,-0.304,0.008,30.773,1393,24.08,,,,,0,False,False,0.0,False,7.36,5.22,20.0,
35.85,22740,292.563,-943.791,-0.005,4.104,30.0,1393,-1,16.93,False,-1,True,True,0.75,0.0,-0.006,False,False,-0.319,0.006,30.742,1393,24.08,,,,,0,False,False,0.0,False,7.15,5.11,20.0,
35.9,22741,292.739,-943.687,-0.005,4.075,30.0,1393,-1,17.13,False,-1,True,True,0.75,0.0,-0.005,False,False,-0.279,0.005,30.713,1393,24.08,,,,,0,False,False,0.0,False,6.95,5.05,20.0,
35.95,22742,292.915,-943.583,-0.006,4.098,30.0,1393,-1,17.34,False,-1,True,True,0.75,0.0,-0.004,False,False,-0.205,0.005,30.688,1393,24.08,,,,,0,False,False,0.0,False,6.74,5.04,20.0,
36.0,22743,293.094,-943.478,-0.006,4.154,30.0,1393,-1,17.55,False,-1,True,True,0.75,0.0,-0.004,False,False,-0.118,0.003,30.665,1393,24.08,,,,,0,False,False,0.0,False,6.54,5.05,20.0,
36.05,22744,293.275,-943.37,-0.007,4.23,30.0,1393,-1,17.76,False,-1,True,True,0.75,0.0,-0.003,False,False,-0.032,0.002,30.646,1393,24.08,,,,,0,False,False,0.0,False,6.33,5.08,20.0,
36.1,22745,293.46,-943.261,-0.008,4.318,30.0,1393,-1,17.97,False,-1,True,True,0.75,0.0,-0.003,False,False,0.044,0.002,30.629,1393,24.08,,,,,0,False,False,0.0,False,6.11,5.11,20.0,
36.15,22746,293.649,-943.15,-0.008,4.413,30.0,1393,-1,18.19,False,-1,True,True,0.75,0.0,-0.002,False,False,0.106,0.001,30.614,1393,24.08,,,,,0,False,False,0.0,False,5.89,5.16,20.0,
36.2,22747,293.842,-943.036,-0.009,4.513,30.0,1393,-1,18.41,False,-1,True,True,0.75,0.0,-0.002,False,False,0.154,0.001,30.601,1393,24.08,,,,,0,False,False,0.0,False,5.67,5.21,20.0,
36.25,22748,294.04,-942.919,-0.009,4.616,30.0,1393,-1,18.64,False,-1,True,True,0.75,0.0,-0.002,False,False,0.19,0.0,30.59,1393,24.08,,,,,0,False,False,0.0,False,5.44,5.26,20.0,
36.3,22749,294.241,-942.801,-0.009,4.719,30.0,1393,-1,18.88,False,-1,True,True,0.75,0.0,-0.001,False,False,0.216,0.0,30.581,1393,24.08,,,,,0,False,False,0.0,False,5.2,5.31,20.0,
36.35,22750,294.449,-942.682,-0.009,4.818,30.0,1393,-1,19.12,False,-1,True,True,0.75,0.0,-0.065,False,False,0.232,0.087,30.42,1393,27.79,,,,,0,False,False,0.0,False,8.67,5.36,20.0,
36.4,22751,294.661,-942.561,-0.009,4.922,30.0,1393,-1,19.36,False,-1,True,True,0.75,0.0,-0.006,False,False,0.243,0.089,30.265,1393,27.79,,,,,0,False,False,0.0,False,8.43,5.41,20.0,
36.45,22752,294.876,-942.436,-0.009,5.027,30.0,1393,-1,19.61,False,-1,True,True,0.75,0.0,-0.001,False,False,0.251,0.044,30.209,1393,27.79,,,,,0,False,False,0.0,False,8.18,5.46,20.0,
36.5,22753,295.097,-942.308,-0.009,5.129,30.0,1393,-1,19.86,False,-1,True,True,0.75,0.0,-0.006,False,False,0.256,0.022,30.169,1393,27.79,,,,,0,False,False,0.0,False,7.92,5.51,20.0,
36.55,22754,295.322,-942.179,-0.009,5.227,30.0,1393,-1,20.12,False,-1,True,True,0.75,0.0,-0.006,False,False,0.258,0.014,30.142,1393,27.79,,,,,0,False,False,0.0,False,7.66,5.56,20.0,
36.6,22755,295.548,-942.049,-0.009,5.208,30.0,1393,-1,20.38,False,-1,True,True,0.75,0.0,-0.006,False,False,0.231,0.012,30.066,1393,27.79,,,,,0,False,False,0.0,False,7.4,5.61,20.0,
36.65,22756,295.772,-941.919,-0.009,5.193,30.0,1393,-1,20.64,False,-1,True,True,0.75,0.0,-0.0,False,False,0.185,0.002,30.081,1393,27.79,,,,,0,False,False,0.0,False,7.14,5.6,20.0,
36.7,22757,295.997,-941.789,-0.008,5.194,30.0,1393,-1,20.9,False,-1,True,True,0.75,0.0,-0.007,False,False,0.147,0.005,30.009,1393,27.79,,,,,0,False,False,0.0,False,6.88,5.6,20.0,
36.75,22758,296.222,-941.66,-0.008,5.211,30.0,1393,-1,21.16,False,-1,True,True,0.75,0.0,0.001,False,False,0.123,-0.002,30.031,1393,27.79,,,,,0,False,False,0.0,False,6.62,5.6,20.0,
36.8,22759,296.449,-941.529,-0.008,5.233,30.0,1393,-1,21.42,False,-1,True,True,0.75,0.0,-0.006,False,False,0.113,0.003,29.967,1393,27.79,,,,,0,False,False,0.0,False,6.36,5.61,20.0,
36.85,22760,296.675,-941.399,-0.008,5.228,30.0,1393,-1,21.68,False,-1,True,True,0.75,0.0,0.002,False,False,0.101,-0.002,29.999,1393,27.79,,,,,0,False,False,0.0,False,6.1,5.62,20.0,
36.9,22761,296.901,-941.269,-0.008,5.225,30.0,1393,-1,21.95,False,-1,True,True,0.75,0.0,-0.006,False,False,0.09,0.003,29.941,1393,27.79,,,,,0,False,False,0.0,False,5.84,5.61,20.0,
36.95,22762,297.14,-941.132,-0.009,5.674,30.0,1393,-1,22.22,False,-1,True,True,0.75,0.0,0.002,False,False,0.181,-0.004,29.997,1393,27.79,,,,,0,False,False,0.0,False,5.57,5.61,20.0,
37.0,22763,297.399,-940.986,-0.01,6.053,30.0,1393,-1,22.52,False,-1,True,True,0.0,0.3,-0.043,False,False,0.336,0.077,29.859,1393,31.5,,,,,0,False,False,0.0,False,8.97,5.84,20.0,
37.05,22764,297.669,-940.834,-0.011,6.257,30.0,1393,-1,22.83,False,-1,True,True,0.0,0.3,-0.0,False,False,0.427,0.066,29.757,1393,31.5,,,,,0,False,False,0.0,False,8.66,6.03,20.0,
37.1,22765,297.942,-940.678,-0.011,6.294,30.0,1393,-1,23.14,False,-1,True,True,0.0,0.3,0.001,False,False,0.424,0.027,29.689,1393,31.5,,,,,0,False,False,0.0,False,8.35,6.13,20.0,
37.15,22766,298.213,-940.524,-0.01,6.205,30.0,1393,-1,23.45,False,-1,True,True,0.0,0.3,0.0,False,False,0.339,0.005,29.706,1393,31.5,,,,,0,False,False,0.0,False,8.04,6.15,20.0,
37.2,22767,298.478,-940.373,-0.009,6.074,30.0,1393,-1,23.76,False,-1,True,True,0.0,0.3,-0.006,False,False,0.22,0.007,29.644,1393,31.5,,,,,0,False,False,0.0,False,7.73,6.1,20.0,
37.25,22768,298.737,-940.226,-0.008,5.914,30.0,1393,-1,24.06,False,-1,True,True,0.0,0.3,0.001,False,False,0.1,0.001,29.662,1393,31.5,,,,,0,False,False,0.0,False,7.43,6.04,20.0,
37.3,22769,298.989,-940.083,-0.007,5.734,30.0,1393,-1,24.35,False,-1,True,True,0.0,0.3,-0.005,False,False,-0.007,0.004,29.605,1393,31.5,,,,,0,False,False,0.0,False,7.14,5.96,20.0,
37.35,22770,299.233,-939.945,-0.006,5.54,30.0,1393,-1,24.63,False,-1,True,True,0.0,0.3,0.002,False,False,-0.096,-0.001,29.633,1393,31.5,,,,,0,False,False,0.0,False,6.86,5.87,20.0,
37.4,22771,299.468,-939.811,-0.006,5.37,30.0,1393,-1,24.9,False,-1,True,True,0.024,0.0,-0.005,False,False,-0.161,0.003,29.579,1393,31.5,,,,,0,False,False,0.0,False,6.59,5.77,20.0,
37.45,22772,299.698,-939.681,-0.005,5.222,30.0,1393,-1,25.16,False,-1,True,True,0.635,0.0,0.002,False,False,-0.196,-0.002,29.612,1393,31.5,,,,,0,False,False,0.0,False,6.33,5.69,20.0,
37.5,22773,299.921,-939.554,-0.005,5.092,30.0,1393,-1,25.42,False,-1,True,True,0.75,0.0,-0.004,False,False,-0.209,0.002,29.56,1393,31.5,,,,,0,False,False,0.0,False,6.07,5.61,20.0,
37.55,22774,300.142,-939.429,-0.005,5.067,30.0,1393,-1,25.67,False,-1,True,True,0.75,0.0,0.003,False,False,-0.187,-0.003,29.591,1393,31.5,,,,,0,False,False,0.0,False,5.82,5.55,20.0,
37.6,22775,300.362,-939.303,-0.006,5.064,30.0,1393,-1,25.93,False,-1,True,True,0.75,0.0,-0.004,False,False,-0.136,0.002,29.537,1393,31.5,,,,,0,False,False,0.0,False,5.57,5.53,20.0,
37.65,22776,300.578,-939.181,-0.006,4.786,30.0,1393,-1,26.17,False,-1,True,True,0.75,0.0,0.004,False,False,-0.133,-0.003,29.569,1393,31.5,,,,,0,False,False,0.0,False,5.32,5.53,20.0,
37.7,22777,300.776,-939.07,-0.005,4.427,30.0,1393,-1,26.4,False,-1,True,True,0.75,0.0,-0.025,False,False,-0.224,0.029,29.532,1393,35.2,,,,,0,False,False,0.0,False,8.8,5.39,20.0,
37.75,22778,300.962,-938.966,-0.005,4.21,30.0,1393,-1,26.61,False,-1,True,True,0.75,0.0,-0.004,False,False,-0.296,0.029,29.486,1393,35.2,,,,,0,False,False,0.0,False,8.58,5.21,20.0,
37.8,22779,301.142,-938.865,-0.005,4.105,30.0,1393,-1,26.82,False,-1,True,True,0.75,0.0,-0.001,False,False,-0.309,0.016,29.466,1393,35.2,,,,,0,False,False,0.0,False,8.38,5.11,20.0,
37.85,22780,301.321,-938.764,-0.005,4.079,30.0,1393,-1,27.03,False,-1,True,True,0.75,0.0,-0.003,False,False,-0.27,0.008,29.451,1393,35.2,,,,,0,False,False,0.0,False,8.17,5.05,20.0,
37.9,22781,301.5,-938.664,-0.006,4.105,30.0,1393,-1,27.23,False,-1,True,True,0.75,0.0,-0.003,False,False,-0.197,0.005,29.436,1393,35.2,,,,,0,False,False,0.0,False,7.97,5.04,20.0,
37.95,22782,301.681,-938.562,-0.006,4.162,30.0,1393,-1,27.44,False,-1,True,True,0.75,0.0,-0.002,False,False,-0.11,0.003,29.423,1393,35.2,,,,,0,False,False,0.0,False,7.76,5.05,20.0,
38.0,22783,301.865,-938.458,-0.007,4.238,30.0,1393,-1,27.65,False,-1,True,True,0.75,0.0,-0.002,False,False,-0.026,0.001,29.411,1393,35.2,,,,,0,False,False,0.0,False,7.55,5.08,20.0,
38.05,22784,302.052,-938.353,-0.008,4.327,30.0,1393,-1,27.86,False,-1,True,True,0.75,0.0,-0.002,False,False,0.048,0.0,29.401,1393,35.2,,,,,0,False,False,0.0,False,7.33,5.12,20.0,
38.1,22785,302.244,-938.245,-0.008,4.422,30.0,1393,-1,28.08,False,-1,True,True,0.75,0.0,-0.001,False,False,0.109,0.0,29.392,1393,35.2,,,,,0,False,False,0.0,False,7.11,5.16,20.0,
38.15,22786,302.439,-938.135,-0.009,4.522,30.0,1393,-1,28.31,False,-1,True,True,0.75,0.0,-0.001,False,False,0.157,-0.0,29.384,1393,35.2,,,,,0,False,False,0.0,False,6.89,5.21,20.0,
38.2,22787,302.639,-938.022,-0.009,4.625,30.0,1393,-1,28.54,False,-1,True,True,0.75,0.0,-0.001,False,False,0.192,-0.0,29.377,1393,35.2,,,,,0,False,False,0.0,False,6.66,5.26,20.0,
38.25,22788,302.844,-937.907,-0.009,4.729,30.0,1393,-1,28.77,False,-1,True,True,0.75,0.0,-0.001,False,False,0.217,-0.0,29.371,1393,35.2,,,,,0,False,False,0.0,False,6.42,5.31,20.0,
38.3,22789,303.053,-937.79,-0.009,4.833,30.0,1393,-1,29.01,False,-1,True,True,0.75,0.0,-0.001,False,False,0.234,-0.0,29.366,1393,35.2,,,,,0,False,False,0.0,False,6.18,5.36,20.0,
38.35,22790,303.266,-937.67,-0.009,4.937,30.0,1393,-1,29.26,False,-1,True,True,0.75,0.0,-0.001,False,False,0.246,-0.0,29.361,1393,35.2,,,,,0,False,False,0.0,False,5.94,5.42,20.0,
38.4,22791,303.484,-937.547,-0.009,5.041,30.0,1393,-1,29.51,False,-1,True,True,0.75,0.0,-0.001,False,False,0.253,-0.0,29.357,1393,35.2,,,,,0,False,False,0.0,False,5.69,5.47,20.0,
38.45,22792,303.707,-937.422,-0.009,5.142,30.0,1393,-1,29.76,False,-1,True,True,0.75,0.0,-0.001,False,False,0.258,0.0,29.354,1393,35.2,,,,,0,False,False,0.0,False,5.43,5.52,20.0,
38.5,22793,303.931,-937.29,-0.009,5.265,30.0,1393,-1,30.02,False,-1,True,True,0.75,0.0,0.099,False,False,0.257,-0.16,29.611,1972,1.48,,,,,0,False,False,0.0,False,7.19,5.57,20.0,
38.55,22794,304.153,-937.15,-0.009,5.239,30.0,1393,-1,30.28,False,-1,True,True,0.75,0.0,0.128,False,False,0.239,-0.362,30.21,1972,1.48,,,,,0,False,False,0.0,False,6.93,5.63,20.0,
38.6,22795,304.374,-937.009,-0.009,5.288,30.0,1393,-1,30.55,False,-1,True,True,0.75,0.0,0.082,False,False,0.204,-0.385,30.866,1972,1.48,,,,,0,False,False,0.0,False,6.67,5.62,20.0,
38.65,22796,304.595,-936.868,-0.008,5.215,30.0,1393,-1,30.81,False,-1,True,True,0.75,0.0,0.057,False,False,0.158,-0.315,31.351,1972,1.48,,,,,0,False,False,0.0,False,6.41,5.64,20.0,
38.7,22797,304.815,-936.726,-0.008,5.295,30.0,1393,-1,31.07,False,-1,True,True,0.75,0.0,0.054,False,False,0.133,-0.248,31.804,1972,1.48,,,,,0,False,False,0.0,False,6.14,5.61,20.0,
38.75,22798,305.036,-936.582,-0.008,5.253,30.0,1393,-1,31.33,False,-1,True,True,0.75,0.0,0.042,False,False,0.114,-0.188,32.135,1972,1.48,,,,,0,False,False,0.0,False,5.88,5.65,20.0,
38.8,22799,305.257,-936.437,-0.008,5.317,30.0,1393,-1,31.6,False,-1,True,True,0.75,0.0,0.04,False,False,0.106,-0.146,32.466,1972,1.48,,,,,0,False,False,0.0,False,5.62,5.63,20.0,
38.85,22800,305.474,-936.289,-0.008,5.231,30.0,1393,-1,31.86,False,-1,True,True,0.75,0.0,0.14,False,False,0.086,-0.226,32.879,1392,1.87,,,,,0,False,False,0.0,False,9.39,5.66,20.0,
38.9,22801,305.691,-936.127,-0.008,5.611,30.0,1393,-1,32.13,False,-1,True,True,0.75,0.0,0.24,False,False,0.132,-0.505,33.78,1392,1.87,,,,,0,False,False,0.0,False,9.12,5.62,20.0,
38.95,22802,305.919,-935.946,-0.009,5.93,30.0,1393,-1,32.41,False,-1,True,True,0.0,0.176,0.195,False,False,0.267,-0.738,35.083,1392,1.87,,,,,0,False,False,0.0,False,8.83,5.81,20.0,
39.0,22803,306.176,-935.747,0.026,6.215,30.0,1393,-1,32.74,False,-1,True,True,0.0,0.3,0.122,False,False,2.666,0.015,36.375,1392,1.87,,,,,0,False,False,0.0,False,8.5,5.96,20.0,
39.05,22804,306.422,-935.54,0.053,6.278,30.0,1393,-1,33.05,False,-1,True,True,0.0,0.3,0.087,False,False,3.71,-0.455,37.459,1392,1.87,,,,,0,False,False,0.0,False,8.18,6.11,20.0,
39.1,22805,306.662,-935.341,0.069,6.158,30.0,1393,-1,33.36,False,-1,True,True,0.0,0.3,0.06,False,False,4.027,-0.459,38.334,1392,1.87,,,,,0,False,False,0.0,False,7.87,6.14,20.0,
39.15,22806,306.898,-935.145,0.076,6.102,30.0,1393,-1,33.66,False,-1,True,True,0.0,0.3,0.049,False,False,4.03,-0.36,38.963,1392,1.87,,,,,0,False,False,0.0,False,7.56,6.08,20.0,
39.2,22807,307.125,-934.954,0.079,5.892,30.0,1393,-1,33.95,False,-1,True,True,0.0,0.3,0.046,False,False,3.9,-0.286,39.479,1392,1.87,,,,,1,True,False,0.0,False,7.27,6.05,20.0,
39.25,22808,307.346,-934.766,0.079,5.774,30.0,1393,-1,34.23,False,-1,True,True,0.0,0.3,0.038,False,False,3.754,-0.222,39.849,1392,1.87,,,,,1,True,False,0.0,False,6.98,5.95,20.0,
39.3,22809,307.558,-934.583,0.078,5.515,30.0,1393,-1,34.51,False,-1,True,True,0.0,0.3,0.036,False,False,3.61,-0.186,40.199,1392,1.87,,,,,0,False,False,0.0,False,6.7,5.89,20.0,
39.35,22810,307.763,-934.406,0.076,5.409,30.0,1393,-1,34.77,False,-1,True,True,0.119,0.0,0.026,False,False,3.513,-0.143,40.435,1392,1.87,,,,,0,False,False,0.0,False,6.43,5.76,20.0,
39.4,22811,307.962,-934.252,0.096,5.189,30.0,1393,-1,35.02,False,-1,True,True,0.497,0.0,0.026,False,False,2.259,1.554,40.669,1392,1.87,,,,,0,False,False,0.0,False,6.18,5.7,20.0,
39.45,22812,308.141,-934.078,0.123,5.255,30.0,1393,-1,35.26,False,-1,True,True,0.75,0.0,0.033,False,False,0.784,0.232,40.966,1392,1.87,,,,,0,False,False,0.0,False,5.93,5.59,20.0,
39.5,22813,308.319,-933.904,0.134,5.2,30.0,1393,-1,35.5,False,-1,True,True,0.75,0.0,-0.004,False,False,-0.63,-1.834,41.277,1392,1.87,,,,,0,False,False,0.0,False,5.68,5.63,20.0,
39.55,22814,308.504,-933.733,0.129,5.261,30.0,1393,-1,35.75,False,-1,True,True,0.75,0.0,-0.021,False,False,-1.646,-3.674,41.433,1392,1.87,,,,,0,False,False,0.0,False,5.43,5.6,20.0,
39.6,22815,308.698,-933.576,0.121,4.921,30.0,1393,-1,35.99,False,-1,True,True,0.75,0.0,-0.121,False,False,-2.115,-4.194,41.234,1392,5.61,,,,,0,False,False,0.0,False,8.9,5.63,20.0,
39.65,22816,308.88,-933.433,0.116,4.585,30.0,1972,-1,0.96,True,109,True,True,0.75,0.0,-0.053,False,False,-2.367,-4.325,40.922,1392,5.61,,,,,0,False,False,0.0,False,8.67,5.46,20.0,
39.7,22817,309.06,-933.296,0.106,4.592,30.0,1972,-1,1.15,True,109,True,True,0.75,0.0,-0.033,False,False,-2.753,-3.416,40.596,1392,5.61,,,,,0,False,False,0.0,False,8.45,5.29,20.0,
39.75,22818,309.235,-933.159,0.092,4.46,30.0,1972,-1,1.35,True,109,True,True,0.75,0.0,-0.017,False,False,-3.255,-2.11,40.372,1392,5.61,,,,,0,False,False,0.0,False,8.22,5.3,20.0,
39.8,22819,309.401,-933.02,0.082,4.339,30.0,1972,-1,1.54,True,109,True,True,0.75,0.0,-0.017,False,False,-3.551,-1.375,40.257,1392,5.61,,,,,0,False,False,0.0,False,8.01,5.23,20.0,
39.85,22820,309.565,-932.883,0.075,4.295,30.0,1972,-1,1.73,True,109,True,True,0.75,0.0,-0.025,False,False,-3.681,-0.868,40.136,1392,5.61,,,,,0,False,False,0.0,False,7.79,5.17,20.0,
39.9,22821,309.73,-932.746,0.071,4.305,30.0,1972,-1,1.92,True,109,True,True,0.75,0.0,-0.021,False,False,-3.7,-0.527,40.015,1392,5.61,,,,,0,False,False,0.0,False,7.58,5.15,20.0,
39.95,22822,309.897,-932.607,0.068,4.35,30.0,1972,-1,2.12,True,109,True,True,0.75,0.0,-0.017,False,False,-3.643,-0.329,39.909,1392,5.61,,,,,1,True,False,0.0,False,7.36,5.15,20.0,
40.0,22823,310.067,-932.464,0.062,4.409,30.0,1972,-1,2.31,True,109,True,True,0.75,0.0,-0.015,False,False,-3.316,-0.496,39.805,1392,5.61,,,,,1,True,False,0.0,False,7.14,5.18,20.0,
40.05,22824,310.24,-932.318,0.051,4.476,30.0,1972,-1,2.52,True,109,True,True,0.75,0.0,-0.013,False,False,-2.765,-0.925,39.697,1392,5.61,,,,,1,True,False,0.0,False,6.91,5.2,20.0,
40.1,22825,310.418,-932.17,0.038,4.549,30.0,1972,-1,2.72,True,109,True,True,0.75,0.0,-0.01,False,False,-2.111,-1.484,39.595,1392,5.61,,,,,0,False,False,0.0,False,6.68,5.24,20.0,
40.15,22826,310.6,-932.022,0.03,4.642,30.0,1972,-1,2.93,True,109,True,True,0.75,0.0,-0.008,False,False,-1.684,-1.801,39.521,1392,5.61,,,,,0,False,False,0.0,False,6.45,5.27,20.0,
40.2,22827,310.785,-931.873,0.024,4.748,30.0,1971,-1,8.23,True,109,True,False,0.75,0.0,-0.005,False,False,-1.414,-1.845,39.471,1392,5.61,,,,,0,False,False,0.0,False,6.21,5.32,20.0,
40.25,22828,310.976,-931.721,0.015,4.844,30.0,1971,-1,8.45,True,109,True,False,0.75,0.0,-0.003,False,False,-0.941,-1.46,39.443,1392,5.61,,,,,0,False,False,0.0,False,5.97,5.37,20.0,
40.3,22829,311.169,-931.564,0.007,4.946,30.0,1971,-1,8.66,True,109,True,False,0.75,0.0,-0.002,False,False,-0.554,-1.113,39.417,1392,5.61,,,,,0,False,False,0.0,False,5.72,5.42,20.0,
40.35,22830,311.365,-931.404,0.001,5.052,30.0,1971,-1,9.05,True,109,True,False,0.75,0.0,-0.003,False,False,-0.255,-0.799,39.395,1392,5.61,,,,,0,False,False,0.0,False,5.46,5.47,20.0,
40.4,22831,311.567,-931.244,-0.003,5.179,30.0,1971,-1,9.28,True,109,True,False,0.75,0.0,-0.103,False,False,-0.047,-0.42,39.174,1392,9.35,,,,,0,False,False,0.0,False,8.94,5.53,20.0,
40.45,22832,311.771,-931.083,-0.006,5.183,30.0,1392,-1,0.67,False,-1,True,True,0.75,0.0,-0.028,False,False,0.071,-0.203,38.845,1392,9.35,,,,,0,False,False,0.0,False,8.68,5.59,20.0,
40.5,22833,311.976,-930.921,-0.007,5.236,30.0,1392,-1,0.93,False,-1,True,True,0.75,0.0,-0.009,False,False,0.118,-0.139,38.68,1392,9.35,,,,,0,False,False,0.0,False,8.42,5.59,20.0,
40.55,22834,312.179,-930.76,-0.008,5.157,30.0,1392,-1,1.19,False,-1,True,True,0.75,0.0,-0.016,False,False,0.115,-0.091,38.511,1392,9.35,,,,,0,False,False,0.0,False,8.16,5.62,20.0,
40.6,22835,312.384,-930.599,-0.008,5.239,30.0,1392,-1,1.45,False,-1,True,True,0.75,0.0,-0.011,False,False,0.113,-0.057,38.423,1392,9.35,,,,,0,False,False,0.0,False,7.9,5.58,20.0,
40.65,22836,312.589,-930.438,-0.008,5.193,30.0,1392,-1,1.71,False,-1,True,True,0.75,0.0,-0.014,False,False,0.105,-0.027,38.293,1392,9.35,,,,,0,False,False,0.0,False,7.64,5.62,20.0,
40.7,22837,312.795,-930.276,-0.008,5.274,30.0,1392,-1,1.97,False,-1,True,True,0.75,0.0,-0.007,False,False,0.107,-0.014,38.235,1392,9.35,,,,,0,False,False,0.0,False,7.38,5.6,20.0,
40.75,22838,313.001,-930.115,-0.008,5.2,30.0,1392,-1,2.23,False,-1,True,True,0.75,0.0,-0.01,False,False,0.095,-0.001,38.137,1392,9.35,,,,,0,False,False,0.0,False,7.12,5.64,20.0,
40.8,22839,313.209,-929.952,-0.008,5.425,30.0,1392,-1,2.5,False,-1,True,True,0.75,0.0,-0.004,False,False,0.109,0.001,38.083,1392,9.35,,,,,0,False,False,0.0,False,6.85,5.6,20.0,
40.85,22840,313.433,-929.777,-0.009,5.815,30.0,1392,-1,2.78,False,-1,True,True,0.502,0.0,-0.005,False,False,0.244,0.007,38.01,1392,9.35,,,,,0,False,False,0.0,False,6.57,5.71,20.0,
40.9,22841,313.673,-929.589,-0.011,6.198,30.0,1392,-1,3.09,False,-1,True,True,0.0,0.3,-0.002,False,False,0.387,0.007,37.965,1392,9.35,,,,,0,False,False,0.0,False,6.26,5.91,20.0,
40.95,22842,313.919,-929.398,-0.011,6.245,30.0,1392,-1,3.4,False,-1,True,True,0.0,0.3,-0.002,False,False,0.431,0.007,37.936,1392,9.35,,,,,0,False,False,0.0,False,5.95,6.1,20.0,
41.0,22843,314.17,-929.208,-0.011,6.291,30.0,1392,-1,3.71,False,-1,True,True,0.0,0.3,-0.076,False,False,0.391,0.125,37.728,1392,13.08,,,,,0,False,False,0.0,False,9.37,6.12,20.0,
41.05,22844,314.416,-929.022,-0.01,6.127,30.0,1392,-1,4.02,False,-1,True,True,0.0,0.3,-0.007,False,False,0.288,0.13,37.488,1392,13.08,,,,,0,False,False,0.0,False,9.07,6.15,20.0,
41.1,22845,314.657,-928.838,-0.009,6.033,30.0,1392,-1,4.32,False,-1,True,True,0.0,0.3,0.004,False,False,0.17,0.065,37.412,1392,13.08,,,,,0,False,False,0.0,False,8.76,6.06,20.0,
41.15,22846,314.89,-928.661,-0.007,5.794,30.0,1392,-1,4.62,False,-1,True,True,0.0,0.3,-0.006,False,False,0.048,0.036,37.33,1392,13.08,,,,,0,False,False,0.0,False,8.47,6.02,20.0,
41.2,22847,315.117,-928.488,-0.007,5.662,30.0,1392,-1,4.9,False,-1,True,True,0.0,0.3,-0.003,False,False,-0.052,0.022,37.313,1392,13.08,,,,,0,False,False,0.0,False,8.18,5.9,20.0,
41.25,22848,315.335,-928.322,-0.006,5.396,30.0,1392,-1,5.18,False,-1,True,True,0.0,0.3,-0.007,False,False,-0.138,0.019,37.247,1392,13.08,,,,,0,False,False,0.0,False,7.91,5.83,20.0,
41.3,22849,315.547,-928.162,-0.005,5.288,30.0,1392,-1,5.44,False,-1,True,True,0.543,0.0,-0.001,False,False,-0.193,0.012,37.242,1392,13.08,,,,,0,False,False,0.0,False,7.64,5.7,20.0,
41.35,22850,315.753,-928.006,-0.005,5.087,30.0,1392,-1,5.7,False,-1,True,True,0.75,0.0,-0.005,False,False,-0.22,0.01,37.18,1392,13.08,,,,,0,False,False,0.0,False,7.39,5.64,20.0,
41.4,22851,315.955,-927.853,-0.005,5.066,30.0,1392,-1,5.95,False,-1,True,True,0.75,0.0,0.0,False,False,-0.212,0.003,37.184,1392,13.08,,,,,0,False,False,0.0,False,7.13,5.54,20.0,
41.45,22852,316.156,-927.701,-0.006,5.053,30.0,1392,-1,6.2,False,-1,True,True,0.75,0.0,-0.004,False,False,-0.168,0.005,37.14,1392,13.08,,,,,0,False,False,0.0,False,6.88,5.53,20.0,
41.5,22853,316.357,-927.549,-0.006,4.973,30.0,1392,-1,6.46,False,-1,True,True,0.75,0.0,0.001,False,False,-0.121,0.002,37.129,1392,13.08,,,,,0,False,False,0.0,False,6.63,5.53,20.0,
41.55,22854,316.544,-927.407,-0.006,4.568,30.0,1392,-1,6.69,False,-1,True,True,0.75,0.0,-0.001,False,False,-0.18,0.001,37.129,1392,13.08,,,,,0,False,False,0.0,False,6.39,5.49,20.0,
41.6,22855,316.719,-927.275,-0.005,4.309,30.0,1392,-1,6.91,False,-1,True,True,0.75,0.0,-0.002,False,False,-0.259,0.002,37.122,1392,13.08,,,,,0,False,False,0.0,False,6.17,5.28,20.0,
41.65,22856,316.887,-927.148,-0.005,4.172,30.0,1392,-1,7.12,False,-1,True,True,0.75,0.0,-0.001,False,False,-0.293,0.003,37.115,1392,13.08,,,,,0,False,False,0.0,False,5.96,5.15,20.0,
41.7,22857,317.052,-927.023,-0.005,4.123,30.0,1392,-1,7.33,False,-1,True,True,0.75,0.0,-0.001,False,False,-0.272,0.002,37.109,1392,13.08,,,,,0,False,False,0.0,False,5.76,5.09,20.0,
41.75,22858,317.217,-926.898,-0.005,4.135,30.0,1392,-1,7.54,False,-1,True,True,0.75,0.0,-0.001,False,False,-0.211,0.001,37.104,1392,13.08,,,,,0,False,False,0.0,False,5.55,5.06,20.0,
41.8,22859,317.384,-926.772,-0.006,4.183,30.0,1392,-1,7.74,False,-1,True,True,0.75,0.0,-0.001,False,False,-0.131,0.001,37.099,1392,13.08,,,,,0,False,False,0.0,False,5.34,5.07,20.0,
41.85,22860,317.553,-926.644,-0.007,4.253,30.0,1392,-1,7.96,False,-1,True,True,0.75,0.0,-0.001,False,False,-0.047,0.001,37.095,1392,13.08,,,,,0,False,False,0.0,False,5.13,5.09,20.0,
41.9,22861,317.725,-926.514,-0.008,4.338,30.0,1392,-1,8.17,False,-1,True,True,0.75,0.0,-0.001,False,False,0.029,0.001,37.091,1392,13.08,,,,,0,False,False,0.0,False,4.91,5.13,20.0,
41.95,22862,317.903,-926.384,-0.008,4.427,30.0,1392,-1,8.39,False,-1,True,True,0.75,0.0,-0.05,False,False,0.092,0.07,36.964,1392,16.82,,,,,0,False,False,0.0,False,8.43,5.17,20.0,
42.0,22863,318.083,-926.25,-0.008,4.526,30.0,1392,-1,8.62,False,-1,True,True,0.75,0.0,-0.003,False,False,0.142,0.064,36.858,1392,16.82,,,,,0,False,False,0.0,False,8.21,5.21,20.0,
42.05,22864,318.267,-926.113,-0.009,4.628,30.0,1392,-1,8.85,False,-1,True,True,0.75,0.0,-0.001,False,False,0.18,0.031,36.823,1392,16.82,,,,,0,False,False,0.0,False,7.98,5.26,20.0,
42.1,22865,318.456,-925.973,-0.009,4.731,30.0,1392,-1,9.08,False,-1,True,True,0.75,0.0,-0.005,False,False,0.209,0.016,36.795,1392,16.82,,,,,0,False,False,0.0,False,7.74,5.31,20.0,
42.15,22866,318.648,-925.829,-0.009,4.835,30.0,1392,-1,9.32,False,-1,True,True,0.75,0.0,-0.005,False,False,0.228,0.01,36.765,1392,16.82,,,,,0,False,False,0.0,False,7.5,5.37,20.0,
42.2,22867,318.845,-925.683,-0.009,4.94,30.0,1392,-1,9.57,False,-1,True,True,0.75,0.0,-0.004,False,False,0.242,0.006,36.738,1392,16.82,,,,,0,False,False,0.0,False,7.26,5.42,20.0,
42.25,22868,319.046,-925.534,-0.009,5.044,30.0,1392,-1,9.82,False,-1,True,True,0.75,0.0,-0.003,False,False,0.251,0.003,36.716,1392,16.82,,,,,0,False,False,0.0,False,7.01,5.47,20.0,
42.3,22869,319.251,-925.382,-0.009,5.154,30.0,1392,-1,10.07,False,-1,True,True,0.75,0.0,-0.003,False,False,0.257,0.001,36.697,1392,16.82,,,,,0,False,False,0.0,False,6.75,5.52,20.0,
42.35,22870,319.459,-925.227,-0.009,5.207,30.0,1392,-1,10.33,False,-1,True,True,0.75,0.0,-0.002,False,False,0.255,0.001,36.68,1392,16.82,,,,,0,False,False,0.0,False,6.49,5.58,20.0,
42.4,22871,319.672,-925.068,-0.009,5.369,30.0,1392,-1,10.6,False,-1,True,True,0.75,0.0,-0.002,False,False,0.258,-0.0,36.676,1392,16.82,,,,,0,False,False,0.0,False,6.23,5.6,20.0,
42.45,22872,319.885,-924.91,-0.009,5.277,30.0,1392,-1,10.86,False,-1,True,True,0.732,0.0,-0.003,False,False,0.223,0.001,36.635,1392,16.82,,,,,0,False,False,0.0,False,5.96,5.68,20.0,
42.5,22873,320.098,-924.752,-0.009,5.337,30.0,1392,-1,11.13,False,-1,True,True,0.75,0.0,0.001,False,False,0.183,-0.003,36.65,1392,16.82,,,,,0,False,False,0.0,False,5.69,5.64,20.0,
42.55,22874,320.31,-924.594,-0.008,5.273,30.0,1392,-1,11.39,False,-1,True,True,0.75,0.0,-0.003,False,False,0.143,0.0,36.607,1392,16.82,,,,,0,False,False,0.0,False,5.43,5.67,20.0,
42.6,22875,320.525,-924.437,-0.008,5.363,30.0,1392,-1,11.66,False,-1,True,True,0.75,0.0,-0.024,False,False,0.126,0.039,36.554,1392,20.56,,,,,0,False,False,0.0,False,8.9,5.64,20.0,
42.65,22876,320.739,-924.279,-0.008,5.295,30.0,1392,-1,11.92,False,-1,True,True,0.727,0.0,-0.003,False,False,0.108,0.039,36.45,1392,20.56,,,,,0,False,False,0.0,False,8.64,5.68,20.0,
42.7,22877,320.954,-924.12,-0.008,5.362,30.0,1392,-1,12.19,False,-1,True,True,0.75,0.0,0.003,False,False,0.098,0.015,36.447,1392,20.56,,,,,0,False,False,0.0,False,8.37,5.65,20.0,
42.75,22878,321.172,-923.96,-0.008,5.544,30.0,1392,-1,12.46,False,-1,True,True,0.724,0.0,-0.004,False,False,0.124,0.01,36.395,1392,20.56,,,,,0,False,False,0.0,False,8.1,5.68,20.0,
42.8,22879,321.408,-923.785,-0.009,6.044,30.0,1392,-1,12.76,False,-1,True,True,0.064,0.0,0.001,False,False,0.276,0.003,36.364,1392,20.56,,,,,0,False,False,0.0,False,7.8,5.77,20.0,
42.85,22880,321.657,-923.601,-0.011,6.225,30.0,1392,-1,13.07,False,-1,True,True,0.0,0.3,0.001,False,False,0.391,-0.0,36.356,1392,20.56,,,,,0,False,False,0.0,False,7.49,6.02,20.0,
42.9,22881,321.912,-923.414,-0.011,6.356,30.0,1392,-1,13.38,False,-1,True,True,0.0,0.3,-0.001,False,False,0.416,0.001,36.351,1392,20.56,,,,,0,False,False,0.0,False,7.18,6.11,20.0,
42.95,22882,322.165,-923.228,-0.01,6.238,30.0,1392,-1,13.7,False,-1,True,True,0.0,0.3,-0.001,False,False,0.35,0.004,36.345,1392,20.56,,,,,0,False,False,0.0,False,6.86,6.18,20.0,
43.0,22883,322.414,-923.044,-0.009,6.177,30.0,1392,-1,14.0,False,-1,True,True,0.0,0.3,-0.0,False,False,0.246,0.004,36.353,1392,20.56,,,,,0,False,False,0.0,False,6.56,6.12,20.0,
43.05,22884,322.656,-922.866,-0.008,5.95,30.0,1392,-1,14.31,False,-1,True,True,0.0,0.3,-0.002,False,False,0.121,0.007,36.324,1392,20.56,,,,,0,False,False,0.0,False,6.25,6.09,20.0,
43.1,22885,322.892,-922.693,-0.007,5.825,30.0,1392,-1,14.6,False,-1,True,True,0.0,0.3,0.002,False,False,0.011,0.002,36.349,1392,20.56,,,,,0,False,False,0.0,False,5.96,5.98,20.0,
43.15,22886,323.12,-922.525,-0.006,5.565,30.0,1392,-1,14.88,False,-1,True,True,0.0,0.3,-0.002,False,False,-0.089,0.005,36.321,1392,20.56,,,,,0,False,False,0.0,False,5.68,5.91,20.0,
43.2,22887,323.341,-922.364,-0.006,5.448,30.0,1392,-1,15.15,False,-1,True,True,0.0,0.068,-0.012,False,False,-0.156,0.024,36.308,1392,24.3,,,,,0,False,False,0.0,False,9.14,5.78,20.0,
43.25,22888,323.555,-922.207,-0.005,5.228,30.0,1392,-1,15.42,False,-1,True,True,0.351,0.0,-0.003,False,False,-0.201,0.023,36.236,1392,24.3,,,,,0,False,False,0.0,False,8.88,5.72,20.0,
43.3,22889,323.764,-922.054,-0.005,5.159,30.0,1392,-1,15.68,False,-1,True,True,0.75,0.0,0.003,False,False,-0.214,0.008,36.241,1392,24.3,,,,,0,False,False,0.0,False,8.62,5.61,20.0,
43.35,22890,323.969,-921.904,-0.005,5.024,30.0,1392,-1,15.93,False,-1,True,True,0.75,0.0,-0.002,False,False,-0.209,0.004,36.201,1392,24.3,,,,,0,False,False,0.0,False,8.37,5.58,20.0,
43.4,22891,324.173,-921.754,-0.006,5.091,30.0,1392,-1,16.19,False,-1,True,True,0.75,0.0,0.002,False,False,-0.157,-0.001,36.228,1392,24.3,,,,,0,False,False,0.0,False,8.11,5.51,20.0,
43.45,22892,324.376,-921.606,-0.006,4.919,30.0,1392,-1,16.44,False,-1,True,True,0.75,0.0,-0.003,False,False,-0.116,0.003,36.219,1392,24.3,,,,,0,False,False,0.0,False,7.86,5.55,20.0,
43.5,22893,324.566,-921.467,-0.006,4.56,30.0,1392,-1,16.67,False,-1,True,True,0.75,0.0,-0.001,False,False,-0.182,0.004,36.183,1392,24.3,,,,,0,False,False,0.0,False,7.63,5.46,20.0,
43.55,22894,324.742,-921.337,-0.005,4.301,30.0,1392,-1,16.89,False,-1,True,True,0.75,0.0,0.002,False,False,-0.264,-0.0,36.179,1392,24.3,,,,,0,False,False,0.0,False,7.41,5.28,20.0,
43.6,22895,324.912,-921.213,-0.005,4.164,30.0,1392,-1,17.1,False,-1,True,True,0.75,0.0,0.0,False,False,-0.298,-0.001,36.181,1392,24.3,,,,,0,False,False,0.0,False,7.2,5.15,20.0,
43.65,22896,325.079,-921.091,-0.005,4.115,30.0,1392,-1,17.31,False,-1,True,True,0.75,0.0,-0.0,False,False,-0.276,0.0,36.181,1392,24.3,,,,,0,False,False,0.0,False,6.99,5.08,20.0,
43.7,22897,325.245,-920.969,-0.005,4.127,30.0,1392,-1,17.52,False,-1,True,True,0.75,0.0,-0.0,False,False,-0.214,0.001,36.181,1392,24.3,,,,,0,False,False,0.0,False,6.78,5.06,20.0,
43.75,22898,325.414,-920.846,-0.006,4.175,30.0,1392,-1,17.72,False,-1,True,True,0.75,0.0,-0.0,False,False,-0.133,0.001,36.18,1392,24.3,,,,,0,False,False,0.0,False,6.58,5.06,20.0,
43.8,22899,325.584,-920.721,-0.007,4.246,30.0,1392,-1,17.94,False,-1,True,True,0.75,0.0,0.0,False,False,-0.049,0.001,36.18,1392,24.3,,,,,0,False,False,0.0,False,6.36,5.09,20.0,
43.85,22900,325.758,-920.594,-0.008,4.33,30.0,1392,-1,18.15,False,-1,True,True,0.75,0.0,-0.0,False,False,0.028,0.001,36.18,1392,24.3,,,,,0,False,False,0.0,False,6.15,5.12,20.0,
43.9,22901,325.936,-920.464,-0.008,4.423,30.0,1392,-1,18.37,False,-1,True,True,0.75,0.0,-0.0,False,False,0.092,0.001,36.18,1392,24.3,,,,,0,False,False,0.0,False,5.93,5.17,20.0,
43.95,22902,326.117,-920.332,-0.008,4.522,30.0,1392,-1,18.59,False,-1,True,True,0.75,0.0,0.0,False,False,0.143,0.0,36.18,1392,24.3,,,,,0,False,False,0.0,False,5.7,5.21,20.0,
44.0,22903,326.302,-920.196,-0.009,4.623,30.0,1392,-1,18.82,False,-1,True,True,0.75,0.0,-0.0,False,False,0.181,0.0,36.18,1392,24.3,,,,,0,False,False,0.0,False,5.47,5.26,20.0,
44.05,22904,326.492,-920.058,-0.009,4.726,30.0,1392,-1,19.06,False,-1,True,True,0.75,0.0,0.0,False,False,0.209,0.0,36.18,1392,24.3,,,,,0,False,False,0.0,False,5.24,5.31,20.0,
44.1,22905,326.685,-919.917,-0.009,4.83,30.0,1392,-1,19.3,False,-1,True,True,0.75,0.0,-0.009,False,False,0.229,0.015,36.153,1392,28.04,,,,,0,False,False,0.0,False,8.74,5.36,20.0,
44.15,22906,326.883,-919.773,-0.009,4.934,30.0,1392,-1,19.54,False,-1,True,True,0.75,0.0,0.0,False,False,0.242,0.013,36.133,1392,28.04,,,,,0,False,False,0.0,False,8.49,5.42,20.0,
44.2,22907,327.085,-919.625,-0.009,5.038,30.0,1392,-1,19.79,False,-1,True,True,0.75,0.0,0.0,False,False,0.251,0.005,36.128,1392,28.04,,,,,0,False,False,0.0,False,8.24,5.47,20.0,
44.25,22908,327.291,-919.475,-0.009,5.139,30.0,1392,-1,20.05,False,-1,True,True,0.75,0.0,-0.001,False,False,0.256,0.002,36.124,1392,28.04,,,,,0,False,False,0.0,False,7.99,5.52,20.0,
44.3,22909,327.501,-919.322,-0.009,5.277,30.0,1392,-1,20.31,False,-1,True,True,0.75,0.0,-0.001,False,False,0.26,0.001,36.12,1392,28.04,,,,,0,False,False,0.0,False,7.73,5.57,20.0,
44.35,22910,327.714,-919.166,-0.009,5.255,30.0,1392,-1,20.57,False,-1,True,True,0.75,0.0,-0.001,False,False,0.248,0.001,36.1,1392,28.04,,,,,0,False,False,0.0,False,7.46,5.64,20.0,
44.4,22911,327.928,-919.011,-0.009,5.303,30.0,1392,-1,20.84,False,-1,True,True,0.75,0.0,0.001,False,False,0.213,-0.002,36.122,1392,28.04,,,,,0,False,False,0.0,False,7.2,5.63,20.0,
44.45,22912,328.139,-918.856,-0.008,5.228,30.0,1392,-1,21.1,False,-1,True,True,0.75,0.0,-0.002,False,False,0.166,0.002,36.083,1392,28.04,,,,,0,False,False,0.0,False,6.94,5.65,20.0,
44.5,22913,328.352,-918.701,-0.008,5.309,30.0,1392,-1,21.36,False,-1,True,True,0.75,0.0,0.003,False,False,0.139,-0.003,36.104,1392,28.04,,,,,0,False,False,0.0,False,6.67,5.61,20.0,
44.55,22914,328.565,-918.545,-0.008,5.265,30.0,1392,-1,21.63,False,-1,True,True,0.75,0.0,-0.002,False,False,0.119,0.0,36.068,1392,28.04,,,,,0,False,False,0.0,False,6.41,5.65,20.0,
44.6,22915,328.78,-918.389,-0.008,5.331,30.0,1392,-1,21.89,False,-1,True,True,0.75,0.0,0.003,False,False,0.109,-0.003,36.092,1392,28.04,,,,,0,False,False,0.0,False,6.15,5.63,20.0,
44.65,22916,328.993,-918.233,-0.008,5.257,30.0,1392,-1,22.16,False,-1,True,True,0.75,0.0,-0.002,False,False,0.092,0.001,36.062,1392,28.04,,,,,0,False,False,0.0,False,5.88,5.67,20.0,
44.7,22917,329.214,-918.071,-0.008,5.681,30.0,1392,-1,22.43,False,-1,True,True,0.75,0.0,0.003,False,False,0.155,-0.002,36.052,1392,28.04,,,,,0,False,False,0.0,False,5.61,5.63,20.0,
44.75,22918,329.453,-917.897,-0.01,6.002,30.0,1392,-1,22.72,False,-1,True,True,0.0,0.3,-0.003,False,False,0.302,0.006,36.029,1392,31.77,,,,,0,False,False,0.0,False,9.05,5.84,20.0,
44.8,22919,329.704,-917.714,-0.011,6.289,30.0,1392,-1,23.04,False,-1,True,True,0.0,0.3,0.002,False,False,0.407,0.005,36.021,1392,31.77,,,,,0,False,False,0.0,False,8.74,6.0,20.0,
44.85,22920,329.958,-917.529,-0.011,6.281,30.0,1392,-1,23.35,False,-1,True,True,0.0,0.3,0.001,False,False,0.411,0.003,36.023,1392,31.77,,,,,0,False,False,0.0,False,8.43,6.14,20.0,
44.9,22921,330.212,-917.344,-0.01,6.293,30.0,1392,-1,23.66,False,-1,True,True,0.0,0.3,0.0,False,False,0.349,0.003,36.028,1392,31.77,,,,,0,False,False,0.0,False,8.11,6.14,20.0,
44.95,22922,330.462,-917.163,-0.009,6.106,30.0,1392,-1,23.97,False,-1,True,True,0.0,0.3,-0.0,False,False,0.236,0.004,36.017,1392,31.77,,,,,0,False,False,0.0,False,7.8,6.15,20.0,
45.0,22923,330.705,-916.986,-0.008,5.998,30.0,1392,-1,24.27,False,-1,True,True,0.0,0.3,0.001,False,False,0.118,0.003,36.045,1392,31.77,,,,,0,False,False,0.0,False,7.5,6.05,20.0,
45.05,22924,330.941,-916.814,-0.007,5.752,30.0,1392,-1,24.56,False,-1,True,True,0.0,0.3,-0.002,False,False,0.002,0.006,36.019,1392,31.77,,,,,0,False,False,0.0,False,7.21,6.0,20.0,
45.1,22925,331.17,-916.648,-0.006,5.615,30.0,1392,-1,24.85,False,-1,True,True,0.0,0.3,0.002,False,False,-0.089,0.002,36.047,1392,31.77,,,,,0,False,False,0.0,False,6.93,5.88,20.0,
45.15,22926,331.39,-916.488,-0.006,5.353,30.0,1392,-1,25.12,False,-1,True,True,0.0,0.247,-0.002,False,False,-0.166,0.004,36.019,1392,31.77,,,,,0,False,False,0.0,False,6.66,5.81,20.0,
45.2,22927,331.603,-916.333,-0.005,5.249,30.0,1392,-1,25.38,False,-1,True,True,0.694,0.0,0.002,False,False,-0.21,0.0,36.045,1392,31.77,,,,,0,False,False,0.0,False,6.39,5.68,20.0,
45.25,22928,331.81,-916.182,-0.005,5.046,30.0,1392,-1,25.64,False,-1,True,True,0.75,0.0,-0.002,False,False,-0.231,0.001,36.01,1392,31.77,,,,,0,False,False,0.0,False,6.14,5.62,20.0,
45.3,22929,332.015,-916.033,-0.005,5.068,30.0,1392,-1,25.89,False,-1,True,True,0.75,0.0,0.003,False,False,-0.207,-0.003,36.014,1392,31.77,,,,,0,False,False,0.0,False,5.88,5.52,20.0,
45.35,22930,332.219,-915.884,-0.006,5.051,30.0,1392,-1,26.15,False,-1,True,True,0.75,0.0,0.0,False,False,-0.157,-0.003,36.02,1392,31.77,,,,,0,False,False,0.0,False,5.63,5.53,20.0,
45.4,22931,332.421,-915.737,-0.006,4.868,30.0,1392,-1,26.4,False,-1,True,True,0.75,0.0,-0.0,False,False,-0.122,-0.0,36.011,1392,31.77,,,,,0,False,False,0.0,False,5.38,5.53,20.0,
45.45,22932,332.607,-915.601,-0.005,4.478,30.0,1392,-1,26.63,False,-1,True,True,0.75,0.0,-0.001,False,False,-0.203,0.003,35.983,1392,35.51,,,,,0,False,False,0.0,False,8.89,5.43,20.0,
45.5,22933,332.781,-915.475,-0.005,4.234,30.0,1392,-1,26.84,False,-1,True,True,0.75,0.0,0.003,False,False,-0.283,0.001,35.981,1392,35.51,,,,,0,False,False,0.0,False,8.67,5.24,20.0,
45.55,22934,332.949,-915.353,-0.005,4.108,30.0,1392,-1,27.05,False,-1,True,True,0.75,0.0,0.001,False,False,-0.309,0.0,35.986,1392,35.51,,,,,0,False,False,0.0,False,8.46,5.12,20.0,
45.6,22935,333.114,-915.233,-0.005,4.068,30.0,1392,-1,27.25,False,-1,True,True,0.75,0.0,0.0,False,False,-0.28,0.001,35.989,1392,35.51,,,,,0,False,False,0.0,False,8.26,5.05,20.0,
45.65,22936,333.279,-915.113,-0.005,4.086,30.0,1392,-1,27.46,False,-1,True,True,0.75,0.0,0.0,False,False,-0.212,0.002,35.991,1392,35.51,,,,,0,False,False,0.0,False,8.06,5.03,20.0,
45.7,22937,333.446,-914.991,-0.006,4.138,30.0,1392,-1,27.66,False,-1,True,True,0.75,0.0,0.0,False,False,-0.127,0.002,35.993,1392,35.51,,,,,0,False,False,0.0,False,7.85,5.04,20.0,
45.75,22938,333.616,-914.868,-0.007,4.211,30.0,1392,-1,27.87,False,-1,True,True,0.75,0.0,0.0,False,False,-0.042,0.001,35.996,1392,35.51,,,,,0,False,False,0.0,False,7.64,5.07,20.0,
45.8,22939,333.789,-914.742,-0.008,4.297,30.0,1392,-1,28.09,False,-1,True,True,0.75,0.0,0.0,False,False,0.035,0.001,35.997,1392,35.51,,,,,0,False,False,0.0,False,7.43,5.11,20.0,
45.85,22940,333.966,-914.614,-0.008,4.392,30.0,1392,-1,28.31,False,-1,True,True,0.75,0.0,0.0,False,False,0.098,0.001,35.999,1392,35.51,,,,,0,False,False,0.0,False,7.21,5.15,20.0,
45.9,22941,334.146,-914.483,-0.009,4.491,30.0,1392,-1,28.53,False,-1,True,True,0.75,0.0,0.0,False,False,0.148,0.001,36.0,1392,35.51,,,,,0,False,False,0.0,False,6.98,5.2,20.0,
45.95,22942,334.33,-914.349,-0.009,4.593,30.0,1392,-1,28.76,False,-1,True,True,0.75,0.0,0.0,False,False,0.186,0.0,36.001,1392,35.51,,,,,0,False,False,0.0,False,6.76,5.25,20.0,
46.0,22943,334.519,-914.212,-0.009,4.697,30.0,1392,-1,28.99,False,-1,True,True,0.75,0.0,0.0,False,False,0.213,0.0,36.002,1392,35.51,,,,,0,False,False,0.0,False,6.52,5.3,20.0,
46.05,22944,334.712,-914.072,-0.009,4.801,30.0,1392,-1,29.23,False,-1,True,True,0.75,0.0,0.0,False,False,0.231,0.0,36.003,1392,35.51,,,,,0,False,False,0.0,False,6.29,5.35,20.0,
46.1,22945,334.908,-913.929,-0.009,4.906,30.0,1392,-1,29.47,False,-1,True,True,0.75,0.0,0.0,False,False,0.244,0.0,36.004,1392,35.51,,,,,0,False,False,0.0,False,6.04,5.4,20.0,
46.15,22946,335.109,-913.783,-0.009,5.01,30.0,1392,-1,29.72,False,-1,True,True,0.75,0.0,0.0,False,False,0.252,0.0,36.005,1392,35.51,,,,,0,False,False,0.0,False,5.79,5.45,20.0,
46.2,22947,335.315,-913.634,-0.009,5.114,30.0,1392,-1,29.97,False,-1,True,True,0.75,0.0,0.0,False,False,0.257,-0.0,36.005,1392,35.51,,,,,0,False,False,0.0,False,5.54,5.5,20.0,
46.25,22948,335.524,-913.482,-0.009,5.174,30.0,1392,-1,30.23,False,-1,True,True,0.75,0.0,-0.001,False,False,0.257,0.003,36.001,1392,39.25,,,,,0,False,False,0.0,False,9.02,5.56,20.0,
46.3,22949,335.737,-913.327,-0.009,5.351,30.0,1392,-1,30.5,False,-1,True,True,0.75,0.0,0.0,False,False,0.261,0.002,35.996,1392,39.25,,,,,0,False,False,0.0,False,8.76,5.59,20.0,
46.35,22950,335.953,-913.17,-0.009,5.301,30.0,1392,-1,30.76,False,-1,True,True,0.75,0.0,0.0,False,False,0.242,-0.0,36.012,1392,39.25,,,,,0,False,False,0.0,False,8.49,5.68,20.0,
46.4,22951,336.168,-913.014,-0.009,5.355,30.0,1392,-1,31.03,False,-1,True,True,0.75,0.0,-0.002,False,False,0.204,0.003,35.986,1392,39.25,,,,,0,False,False,0.0,False,8.22,5.65,20.0,
46.45,22952,336.383,-912.858,-0.008,5.285,30.0,1392,-1,31.29,False,-1,True,True,0.75,0.0,0.002,False,False,0.159,-0.001,36.021,1392,39.25,,,,,0,False,False,0.0,False,7.96,5.68,20.0,
46.5,22953,336.599,-912.701,-0.008,5.371,30.0,1392,-1,31.56,False,-1,True,True,0.75,0.0,-0.003,False,False,0.136,0.003,35.998,1392,39.25,,,,,0,False,False,0.0,False,7.69,5.64,20.0,
46.55,22954,336.815,-912.545,-0.008,5.314,30.0,1392,-1,31.83,False,-1,True,True,0.698,0.0,0.002,False,False,0.117,-0.0,36.031,1392,39.25,,,,,0,False,False,0.0,False,7.43,5.69,20.0,
46.6,22955,337.031,-912.387,-0.008,5.381,30.0,1392,-1,32.09,False,-1,True,True,0.75,0.0,-0.003,False,False,0.105,0.003,36.003,1392,39.25,,,,,0,False,False,0.0,False,7.16,5.66,20.0,
46.65,22956,337.248,-912.23,-0.008,5.353,30.0,1392,-1,32.36,False,-1,True,True,0.653,0.0,0.002,False,False,0.093,-0.001,36.025,1392,39.25,,,,,0,False,False,0.0,False,6.89,5.69,20.0,
46.7,22957,337.479,-912.063,-0.009,5.906,30.0,1392,-1,32.65,False,-1,True,True,0.75,0.0,-0.002,False,False,0.214,0.001,36.047,1392,39.25,,,,,0,False,False,0.0,False,6.6,5.68,20.0,
46.75,22958,337.727,-911.883,-0.01,6.187,30.0,1392,-1,32.95,False,-1,True,True,0.0,0.3,-0.003,False,False,0.357,0.005,36.045,1392,39.25,,,,,0,False,False,0.0,False,6.3,5.95,20.0,
46.8,22959,337.984,-911.696,-0.011,6.436,30.0,1392,-1,33.27,False,-1,True,True,0.0,0.3,-0.001,False,False,0.438,0.003,36.036,1392,39.25,,,,,0,False,False,0.0,False,5.98,6.09,20.0,
46.85,22960,338.244,-911.508,-0.011,6.403,30.0,1392,-1,33.59,False,-1,True,True,0.0,0.3,-0.004,False,False,0.419,0.008,36.015,1392,42.99,,,,,0,False,False,0.0,False,9.4,6.22,20.0,
46.9,22961,338.503,-911.32,-0.01,6.395,30.0,1392,-1,33.91,False,-1,True,True,0.0,0.3,-0.0,False,False,0.339,0.004,36.002,1392,42.99,,,,,0,False,False,0.0,False,9.08,6.2,20.0,
46.95,22962,338.756,-911.136,-0.009,6.198,30.0,1392,-1,34.22,False,-1,True,True,0.0,0.3,-0.0,False,False,0.218,0.0,35.982,1392,42.99,,,,,0,False,False,0.0,False,8.77,6.2,20.0,
47.0,22963,339.003,-910.957,-0.008,6.084,30.0,1392,-1,34.53,False,-1,True,True,0.0,0.3,0.001,False,False,0.098,-0.003,36.004,1392,42.99,,,,,0,False,False,0.0,False,8.46,6.1,20.0,
47.05,22964,339.242,-910.783,-0.007,5.834,30.0,1392,-1,34.83,False,-1,True,True,0.0,0.3,-0.003,False,False,-0.016,0.001,35.973,1392,42.99,,,,,0,False,False,0.0,False,8.17,6.04,20.0,
47.1,22965,339.475,-910.615,-0.006,5.692,30.0,1392,-1,35.11,False,-1,True,True,0.0,0.3,0.002,False,False,-0.105,-0.001,35.995,1392,42.99,,,,,0,False,False,0.0,False,7.88,5.92,20.0,
47.15,22966,339.698,-910.453,-0.005,5.421,30.0,1392,-1,35.39,False,-1,True,True,0.0,0.3,-0.002,False,False,-0.181,0.001,35.965,1392,42.99,,,,,0,False,False,0.0,False,7.61,5.85,20.0,
47.2,22967,339.914,-910.296,-0.005,5.307,30.0,1392,-1,35.66,False,-1,True,True,0.44,0.0,0.002,False,False,-0.226,-0.002,35.99,1392,42.99,,,,,0,False,False,0.0,False,7.34,5.71,20.0,
47.25,22968,340.123,-910.144,-0.005,5.103,30.0,1392,-1,35.91,False,-1,True,True,0.75,0.0,-0.002,False,False,-0.246,-0.0,35.953,1392,42.99,,,,,0,False,False,0.0,False,7.08,5.65,20.0,
47.3,22969,340.332,-909.993,-0.005,5.17,30.0,1392,-1,36.17,False,-1,True,True,0.75,0.0,0.003,False,False,-0.208,-0.004,35.99,1392,42.99,,,,,0,False,False,0.0,False,6.82,5.55,20.0,
47.35,22970,340.539,-909.842,-0.006,5.096,30.0,1392,-1,36.43,False,-1,True,True,0.75,0.0,-0.003,False,False,-0.152,0.0,35.96,1392,42.99,,,,,0,False,False,0.0,False,6.57,5.58,20.0,
47.4,22971,340.739,-909.697,-0.006,4.756,30.0,1392,-1,36.68,False,-1,True,True,0.75,0.0,0.002,False,False,-0.171,-0.001,35.952,1392,42.99,,,,,0,False,False,0.0,False,6.32,5.55,20.0,
47.45,22972,340.922,-909.564,-0.005,4.408,30.0,1392,-1,36.9,False,-1,True,True,0.75,0.0,0.001,False,False,-0.266,-0.002,35.931,1392,42.99,,,,,0,False,False,0.0,False,6.09,5.38,20.0,
47.5,22973,341.094,-909.439,-0.004,4.198,30.0,1392,-1,37.11,False,-1,True,True,0.75,0.0,0.002,False,False,-0.33,-0.003,35.932,1392,42.99,,,,,0,False,False,0.0,False,5.88,5.2,20.0,
47.55,22974,341.261,-909.317,-0.004,4.099,30.0,1392,-1,37.32,False,-1,True,True,0.75,0.0,0.001,False,False,-0.333,-0.002,35.937,1392,42.99,,,,,0,False,False,0.0,False,5.67,5.1,20.0,
47.6,22975,341.427,-909.197,-0.005,4.077,30.0,1392,-1,37.53,False,-1,True,True,0.75,0.0,0.0,False,False,-0.284,-0.0,35.94,1392,42.99,,,,,0,False,False,0.0,False,5.47,5.05,20.0,
47.65,22976,341.593,-909.077,-0.006,4.105,30.0,1392,-1,37.73,False,-1,True,True,0.75,0.0,0.0,False,False,-0.204,0.001,35.943,1392,42.99,,,,,0,False,False,0.0,False,5.26,5.04,20.0,
47.7,22977,341.761,-908.955,-0.006,4.163,30.0,1392,-1,37.94,False,-1,True,True,0.75,0.0,0.0,False,False,-0.113,0.001,35.945,1392,42.99,,,,,0,False,False,0.0,False,5.06,5.05,20.0,
47.75,22978,341.932,-908.831,-0.007,4.241,30.0,1392,-1,38.15,False,-1,True,True,0.75,0.0,-0.007,False,False,-0.026,0.012,35.927,1392,46.73,,,,,0,False,False,0.0,False,8.58,5.08,20.0,
47.8,22979,342.107,-908.705,-0.008,4.33,30.0,1392,-1,38.36,False,-1,True,True,0.75,0.0,0.0,False,False,0.049,0.01,35.915,1392,46.73,,,,,0,False,False,0.0,False,8.37,5.12,20.0,
47.85,22980,342.285,-908.576,-0.008,4.426,30.0,1392,-1,38.58,False,-1,True,True,0.75,0.0,0.0,False,False,0.111,0.005,35.912,1392,46.73,,,,,0,False,False,0.0,False,8.15,5.16,20.0,
47.9,22981,342.467,-908.444,-0.009,4.526,30.0,1392,-1,38.81,False,-1,True,True,0.75,0.0,-0.001,False,False,0.158,0.002,35.91,1392,46.73,,,,,0,False,False,0.0,False,7.92,5.21,20.0,
47.95,22982,342.653,-908.31,-0.009,4.629,30.0,1392,-1,39.04,False,-1,True,True,0.75,0.0,-0.0,False,False,0.193,0.001,35.908,1392,46.73,,,,,0,False,False,0.0,False,7.69,5.26,20.0,
48.0,22983,342.843,-908.172,-0.009,4.733,30.0,1392,-1,39.27,False,-1,True,True,0.75,0.0,-0.0,False,False,0.218,0.001,35.905,1392,46.73,,,,,0,False,False,0.0,False,7.46,5.31,20.0,
48.05,22984,343.037,-908.031,-0.009,4.837,30.0,1392,-1,39.51,False,-1,True,True,0.75,0.0,-0.0,False,False,0.235,0.0,35.903,1392,46.73,,,,,0,False,False,0.0,False,7.22,5.37,20.0,
48.1,22985,343.236,-907.888,-0.009,4.941,30.0,1392,-1,39.76,False,-1,True,True,0.75,0.0,-0.0,False,False,0.246,0.0,35.902,1392,46.73,,,,,0,False,False,0.0,False,6.97,5.42,20.0,
48.15,22986,343.439,-907.741,-0.009,5.045,30.0,1392,-1,40.01,False,-1,True,True,0.75,0.0,-0.0,False,False,0.254,0.0,35.9,1392,46.73,,,,,0,False,False,0.0,False,6.72,5.47,20.0,
48.2,22987,343.646,-907.591,-0.009,5.155,30.0,1392,-1,40.26,False,-1,True,True,0.75,0.0,-0.0,False,False,0.259,0.0,35.899,1392,46.73,,,,,0,False,False,0.0,False,6.47,5.52,20.0,
48.25,22988,343.856,-907.438,-0.009,5.208,30.0,1392,-1,40.52,False,-1,True,True,0.75,0.0,-0.0,False,False,0.256,0.0,35.898,1392,46.73,,,,,0,False,False,0.0,False,6.21,5.58,20.0,
48.3,22989,344.072,-907.283,-0.009,5.387,30.0,1392,-1,40.79,False,-1,True,True,0.75,0.0,-0.0,False,False,0.261,0.0,35.897,1392,46.73,,,,,0,False,False,0.0,False,5.94,5.6,20.0,
48.35,22990,344.29,-907.124,-0.009,5.395,30.0,1392,-1,41.06,False,-1,True,True,0.667,0.0,-0.0,False,False,0.254,0.0,35.885,1392,46.73,,,,,0,False,False,0.0,False,5.67,5.69,20.0,
48.4,22991,344.51,-906.966,-0.009,5.439,30.0,1392,-1,41.33,False,-1,True,True,0.628,0.0,-0.004,False,False,0.225,0.005,35.896,1392,50.47,,,,,0,False,False,0.0,False,9.14,5.7,20.0,
48.45,22992,344.727,-906.808,-0.008,5.338,30.0,1392,-1,41.6,False,-1,True,True,0.462,0.0,-0.002,False,False,0.17,0.008,35.848,1392,50.47,,,,,0,False,False,0.0,False,8.87,5.72,20.0,
48.5,22993,344.944,-906.652,-0.008,5.371,30.0,1392,-1,41.87,False,-1,True,True,0.75,0.0,0.003,False,False,0.126,0.0,35.866,1392,50.47,,,,,0,False,False,0.0,False,8.6,5.67,20.0,
48.55,22994,345.159,-906.496,-0.008,5.279,30.0,1392,-1,42.13,False,-1,True,True,0.696,0.0,-0.002,False,False,0.086,0.001,35.829,1392,50.47,,,,,0,False,False,0.0,False,8.34,5.69,20.0,
48.6,22995,345.374,-906.341,-0.008,5.341,30.0,1392,-1,42.4,False,-1,True,True,0.75,0.0,0.003,False,False,0.069,-0.003,35.851,1392,50.47,,,,,0,False,False,0.0,False,8.07,5.64,20.0,
48.65,22996,345.589,-906.185,-0.008,5.28,30.0,1392,-1,42.66,False,-1,True,True,0.75,0.0,-0.002,False,False,0.058,0.001,35.817,1392,50.47,,,,,0,False,False,0.0,False,7.81,5.67,20.0,
48.7,22997,345.805,-906.029,-0.008,5.374,30.0,1392,-1,42.93,False,-1,True,True,0.75,0.0,0.003,False,False,0.068,-0.002,35.841,1392,50.47,,,,,0,False,False,0.0,False,7.54,5.64,20.0,
48.75,22998,346.021,-905.873,-0.008,5.298,30.0,1392,-1,43.2,False,-1,True,True,0.673,0.0,-0.002,False,False,0.067,0.001,35.813,1392,50.47,,,,,0,False,False,0.0,False,7.27,5.69,20.0,
48.8,22999,346.237,-905.716,-0.008,5.365,30.0,1392,-1,43.46,False,-1,True,True,0.75,0.0,0.003,False,False,0.07,-0.001,35.844,1392,50.47,,,,,0,False,False,0.0,False,7.01,5.65,20.0,
48.85,23000,346.46,-905.556,-0.008,5.642,30.0,1392,-1,43.74,False,-1,True,True,0.705,0.0,-0.002,False,False,0.133,0.004,35.853,1392,50.47,,,,,0,False,False,0.0,False,6.73,5.68,20.0,
48.9,23001,346.702,-905.381,-0.01,6.101,30.0,1392,-1,44.04,False,-1,True,True,0.0,0.295,-0.001,False,False,0.293,0.006,35.863,1392,50.47,,,,,0,False,False,0.0,False,6.44,5.82,20.0,
48.95,23002,346.954,-905.2,-0.01,6.232,30.0,1392,-1,44.35,False,-1,True,True,0.0,0.3,-0.001,False,False,0.389,0.006,35.862,1392,50.47,,,,,0,False,False,0.0,False,6.12,6.05,20.0,
49.0,23003,347.21,-905.015,-0.011,6.349,30.0,1392,-1,44.66,False,-1,True,True,0.0,0.3,-0.0,False,False,0.4,0.003,35.858,1392,50.47,,,,,0,False,False,0.0,False,5.81,6.12,20.0,
49.05,23004,347.464,-904.831,-0.01,6.221,30.0,1392,-1,44.98,False,-1,True,True,0.0,0.3,0.001,False,False,0.328,-0.003,35.862,1392,54.21,,,,,0,False,False,0.0,False,9.23,6.17,20.0,
49.1,23005,347.714,-904.651,-0.009,6.157,30.0,1392,-1,45.28,False,-1,True,True,0.0,0.3,-0.0,False,False,0.225,-0.003,35.853,1392,54.21,,,,,0,False,False,0.0,False,8.93,6.11,20.0,
49.15,23006,347.957,-904.475,-0.008,5.927,30.0,1392,-1,45.58,False,-1,True,True,0.0,0.3,-0.0,False,False,0.102,-0.003,35.874,1392,54.21,,,,,0,False,False,0.0,False,8.63,6.08,20.0,
49.2,23007,348.193,-904.304,-0.007,5.8,30.0,1392,-1,45.88,False,-1,True,True,0.0,0.3,-0.002,False,False,-0.004,0.0,35.843,1392,54.21,,,,,0,False,False,0.0,False,8.33,5.96,20.0,
49.25,23008,348.421,-904.139,-0.006,5.539,30.0,1392,-1,46.16,False,-1,True,True,0.0,0.3,0.003,False,False,-0.1,-0.004,35.87,1392,54.21,,,,,0,False,False,0.0,False,8.05,5.9,20.0,
49.3,23009,348.642,-903.979,-0.006,5.428,30.0,1392,-1,46.43,False,-1,True,True,0.026,0.0,-0.002,False,False,-0.164,-0.001,35.844,1392,54.21,,,,,0,False,False,0.0,False,7.78,5.77,20.0,
49.35,23010,348.857,-903.825,-0.005,5.211,30.0,1392,-1,46.69,False,-1,True,True,0.426,0.0,0.002,False,False,-0.204,-0.002,35.878,1392,54.21,,,,,0,False,False,0.0,False,7.52,5.71,20.0,
49.4,23011,349.066,-903.673,-0.005,5.145,30.0,1392,-1,46.95,False,-1,True,True,0.75,0.0,-0.003,False,False,-0.214,0.002,35.856,1392,54.21,,,,,0,False,False,0.0,False,7.26,5.61,20.0,
49.45,23012,349.271,-903.525,-0.005,5.032,30.0,1392,-1,47.21,False,-1,True,True,0.75,0.0,0.002,False,False,-0.202,0.0,35.9,1392,54.21,,,,,0,False,False,0.0,False,7.0,5.57,20.0,
49.5,23013,349.477,-903.376,-0.006,5.098,30.0,1392,-1,47.46,False,-1,True,True,0.75,0.0,-0.004,False,False,-0.147,0.005,35.874,1392,54.21,,,,,0,False,False,0.0,False,6.75,5.52,20.0,
49.55,23014,349.68,-903.23,-0.006,4.877,30.0,1392,-1,47.71,False,-1,True,True,0.75,0.0,0.002,False,False,-0.12,0.001,35.892,1392,54.21,,,,,0,False,False,0.0,False,6.5,5.55,20.0,
49.6,23015,349.868,-903.094,-0.005,4.497,30.0,1392,-1,47.94,False,-1,True,True,0.75,0.0,-0.002,False,False,-0.202,0.001,35.87,1392,54.21,,,,,0,False,False,0.0,False,6.27,5.44,20.0,
49.65,23016,350.043,-902.967,-0.005,4.261,30.0,1392,-1,48.16,False,-1,True,True,0.75,0.0,0.001,False,False,-0.28,-0.002,35.865,1392,54.21,,,,,0,False,False,0.0,False,6.05,5.25,20.0,
49.7,23017,350.212,-902.845,-0.005,4.141,30.0,1392,-1,48.37,False,-1,True,True,0.75,0.0,0.0,False,False,-0.304,-0.003,35.866,1392,54.21,,,,,0,False,False,0.0,False,5.84,5.13,20.0,
49.75,23018,350.379,-902.724,-0.005,4.105,30.0,1392,-1,48.57,False,-1,True,True,0.75,0.0,-0.0,False,False,-0.273,-0.002,35.866,1392,54.21,,,,,0,False,False,0.0,False,5.64,5.07,20.0,
49.8,23019,350.546,-902.603,-0.006,4.124,30.0,1392,-1,48.78,False,-1,True,True,0.75,0.0,-0.0,False,False,-0.205,-0.001,35.866,1392,54.21,,,,,0,False,False,0.0,False,5.43,5.05,20.0,
49.85,23020,350.715,-902.481,-0.006,4.177,30.0,1392,-1,48.99,False,-1,True,True,0.75,0.0,0.0,False,False,-0.121,-0.001,35.865,1392,54.21,,,,,0,False,False,0.0,False,5.22,5.06,20.0,
49.9,23021,350.887,-902.357,-0.007,4.251,30.0,1392,-1,49.2,False,-1,True,True,0.75,0.0,0.0,False,False,-0.037,-0.001,35.865,1392,54.21,,,,,0,False,False,0.0,False,5.01,5.09,20.0,
49.95,23022,351.059,-902.228,-0.008,4.329,30.0,1392,-1,49.41,False,-1,True,True,0.75,0.0,0.081,False,False,0.037,-0.098,36.032,1484,1.74,,,,,0,False,False,0.0,False,8.12,5.13,20.0,
50.0,23023,351.235,-902.096,-0.008,4.424,30.0,1392,-1,49.63,False,-1,True,True,0.75,0.0,0.009,False,False,0.098,-0.107,36.212,1484,1.74,,,,,0,False,False,0.0,False,7.9,5.16,20.0,
50.05,23024,351.416,-901.962,-0.009,4.525,30.0,1392,-1,49.86,False,-1,True,True,0.75,0.0,0.001,False,False,0.148,-0.056,36.275,1484,1.74,,,,,0,False,False,0.0,False,7.68,5.21,20.0,
50.1,23025,351.6,-901.826,-0.009,4.627,30.0,1392,-1,50.09,False,-1,True,True,0.75,0.0,0.008,False,False,0.185,-0.029,36.319,1484,1.74,,,,,0,False,False,0.0,False,7.45,5.26,20.0,
50.15,23026,351.789,-901.686,-0.009,4.731,30.0,1392,-1,50.32,False,-1,True,True,0.75,0.0,0.008,False,False,0.213,-0.019,36.368,1484,1.74,,,,,0,False,False,0.0,False,7.21,5.31,20.0,
50.2,23027,351.981,-901.543,-0.009,4.836,30.0,1392,-1,50.56,False,-1,True,True,0.75,0.0,0.006,False,False,0.231,-0.012,36.412,1484,1.74,,,,,0,False,False,0.0,False,6.97,5.37,20.0,
50.25,23028,352.178,-901.397,-0.009,4.94,30.0,1392,-1,50.81,False,-1,True,True,0.75,0.0,0.005,False,False,0.244,-0.007,36.449,1484,1.74,,,,,0,False,False,0.0,False,6.73,5.42,20.0,
50.3,23029,352.379,-901.248,-0.009,5.044,30.0,1392,-1,51.06,False,-1,True,True,0.75,0.0,0.004,False,False,0.252,-0.003,36.48,1484,1.74,,,,,0,False,False,0.0,False,6.48,5.47,20.0,
50.35,23030,352.584,-901.095,-0.009,5.155,30.0,1392,-1,51.31,False,-1,True,True,0.75,0.0,0.004,False,False,0.258,-0.002,36.508,1484,1.74,,,,,0,False,False,0.0,False,6.22,5.52,20.0,
50.4,23031,352.793,-900.94,-0.009,5.208,30.0,1392,-1,51.57,False,-1,True,True,0.75,0.0,0.003,False,False,0.256,-0.001,36.532,1484,1.74,,,,,0,False,False,0.0,False,5.96,5.58,20.0,
50.45,23032,353.005,-900.782,-0.009,5.345,30.0,1392,-1,51.84,False,-1,True,True,0.75,0.0,0.002,False,False,0.255,0.0,36.537,1484,1.74,,,,,0,False,False,0.0,False,5.7,5.6,20.0,
50.5,23033,353.217,-900.625,-0.009,5.251,30.0,1392,-1,52.1,False,-1,True,True,0.75,0.0,0.004,False,False,0.213,-0.002,36.59,1484,1.74,,,,,0,False,False,0.0,False,5.43,5.67,20.0,
50.55,23034,353.427,-900.464,-0.008,5.306,30.0,1392,-1,52.37,False,-1,True,True,0.75,0.0,0.104,False,False,0.172,-0.11,36.755,1484,5.21,,,,,0,False,False,0.0,False,7.77,5.63,20.0,
50.6,23035,353.629,-900.298,-0.008,5.225,30.0,1392,-1,52.63,False,-1,True,True,0.75,0.0,0.204,False,False,0.127,-0.364,37.397,1484,5.21,,,,,0,False,False,0.0,False,7.51,5.65,20.0,
50.65,23036,353.827,-900.125,-0.008,5.306,30.0,1392,-1,52.89,False,-1,True,True,0.75,0.0,0.185,False,False,0.104,-0.568,38.331,1484,5.21,,,,,0,False,False,0.0,False,7.25,5.61,20.0,
50.7,23037,354.023,-899.95,-0.008,5.232,30.0,1392,-1,53.15,False,-1,True,True,0.75,0.0,0.132,False,False,0.084,-0.581,39.32,1484,5.21,,,,,0,False,False,0.0,False,6.98,5.65,20.0,
50.75,23038,354.218,-899.773,-0.008,5.304,30.0,1392,-1,53.41,False,-1,True,True,0.75,0.0,0.097,False,False,0.077,-0.484,40.109,1484,5.21,,,,,0,False,False,0.0,False,6.72,5.62,20.0,
50.8,23039,354.418,-899.59,-0.008,5.582,30.0,1392,-1,53.68,False,-1,True,True,0.75,0.0,0.086,False,False,0.134,-0.403,40.802,1484,5.21,,,,,0,False,False,0.0,False,6.45,5.65,20.0,
50.85,23040,354.633,-899.388,-0.01,6.063,30.0,1392,-1,53.97,False,-1,True,True,0.0,0.072,0.07,False,False,0.295,-0.343,41.434,1484,5.21,,,,,0,False,False,0.0,False,6.16,5.79,20.0,
50.9,23041,354.859,-899.176,-0.011,6.228,30.0,1392,-1,54.28,False,-1,True,True,0.0,0.3,0.054,False,False,0.403,-0.273,41.986,1484,5.21,,,,,0,False,False,0.0,False,5.85,6.03,20.0,
50.95,23042,355.084,-898.956,-0.011,6.339,30.0,1392,-1,54.59,False,-1,True,True,0.0,0.3,0.154,False,False,0.415,-0.356,42.679,1484,8.69,,,,,0,False,False,0.0,False,7.86,6.11,20.0,
51.0,23043,355.298,-898.73,-0.01,6.179,30.0,1392,-1,54.9,False,-1,True,True,0.0,0.3,0.254,False,False,0.328,-0.619,43.846,1484,8.69,,,,,0,False,False,0.0,False,7.56,6.17,20.0,
51.05,23044,355.495,-898.5,-0.009,6.046,30.0,1487,-1,0.0,True,43,True,False,0.0,0.3,0.354,False,False,0.191,-0.924,45.49,1484,8.69,,,,,0,False,False,0.0,False,7.26,6.09,20.0,
51.1,23045,355.676,-898.272,-0.007,5.794,30.0,1487,-1,0.0,True,43,True,False,0.0,0.3,0.328,False,False,0.042,-1.117,47.485,1484,8.69,,,,,1,True,False,0.0,False,6.97,6.02,20.0,
51.15,23046,355.845,-898.045,-0.006,5.679,30.0,1487,-1,0.17,True,43,True,False,0.0,0.3,0.238,False,False,-0.069,-1.076,49.363,1484,8.69,,,,,1,True,False,0.0,False,6.69,5.9,20.0,
51.2,23047,356.007,-897.824,-0.006,5.428,30.0,1392,-1,56.01,False,-1,True,True,0.0,0.3,0.186,False,False,-0.155,-0.89,50.995,1484,8.69,,,,,1,True,False,0.0,False,6.41,5.84,20.0,
51.25,23048,356.143,-897.578,0.018,5.329,30.0,1484,-1,0.22,True,43,True,True,0.432,0.0,0.152,False,False,1.149,-4.471,52.242,1484,8.69,1484,0.25,0.729,0.283,1,True,False,0.0,False,6.13,5.71,20.0,
51.3,23049,356.294,-897.36,0.029,5.19,30.0,1484,-1,0.47,True,43,True,True,0.75,0.0,0.112,False,False,1.574,-4.881,53.285,1484,8.69,1484,0.5,0.804,0.325,1,True,False,0.0,False,5.87,5.66,20.0,
51.35,23050,356.44,-897.147,0.035,5.137,30.0,1484,-1,0.72,True,43,True,True,0.75,0.0,0.113,False,False,1.746,-4.942,54.162,1484,8.69,1484,0.75,0.873,0.35,1,True,False,0.0,False,5.61,5.59,20.0,
51.4,23051,356.581,-896.936,0.037,5.072,30.0,1484,-1,1.2,True,43,True,True,0.75,0.0,0.099,False,False,1.805,-4.93,54.955,1484,8.69,1484,1.25,0.939,0.36,1,True,False,0.0,False,5.36,5.57,20.0,
51.45,23052,356.716,-896.721,0.037,5.084,30.0,1484,-1,1.45,True,43,True,True,0.75,0.0,0.199,False,False,1.825,-4.99,55.788,1484,12.17,1484,1.5,1.004,0.363,1,True,False,0.0,False,7.57,5.54,20.0,
51.5,23053,356.838,-896.506,0.037,4.857,30.0,1484,-1,1.69,True,43,True,True,0.75,0.0,0.299,False,False,1.798,-5.153,56.986,1484,12.17,1484,1.75,1.067,0.372,1,True,False,0.0,False,7.33,5.54,20.0,
51.55,23054,356.939,-896.303,0.036,4.47,30.0,1484,-1,2.21,True,43,True,True,0.75,0.0,0.399,False,False,1.686,-5.338,58.494,1484,12.17,1484,2.25,1.129,0.394,1,True,False,0.0,False,7.11,5.43,20.0,
51.6,23055,357.018,-896.109,0.036,4.196,30.0,1484,-1,2.4,True,43,True,True,0.75,0.0,0.499,False,False,1.571,-5.556,60.389,1484,12.17,1484,2.5,1.195,0.437,1,True,False,0.0,False,6.9,5.24,20.0,
51.65,23056,357.083,-895.919,0.034,4.087,30.0,1484,-1,2.59,True,43,True,True,0.75,0.0,0.416,False,False,1.56,-5.587,62.467,1484,12.17,1484,2.75,1.26,0.492,1,True,False,0.0,False,6.7,5.1,20.0,
51.7,23057,357.135,-895.732,0.053,4.123,30.0,1484,-1,3.14,True,43,True,True,0.75,0.0,0.332,False,False,0.617,-6.64,64.286,1484,12.17,1484,3.25,1.32,0.533,1,True,False,0.0,False,6.51,5.04,20.0,
51.75,23058,357.195,-895.542,0.066,4.176,30.0,1484,-1,3.34,True,43,True,True,0.75,0.0,0.282,False,False,0.055,-7.03,65.871,1484,12.17,1484,3.5,1.377,0.552,1,True,False,0.0,False,6.31,5.06,20.0,
51.8,23059,357.255,-895.346,0.071,4.243,30.0,1484,-1,3.53,True,43,True,True,0.75,0.0,0.253,False,False,-0.143,-7.104,67.291,1484,12.17,1484,3.75,1.427,0.559,2,True,False,0.0,False,6.11,5.09,20.0,
51.85,23060,357.314,-895.143,0.073,4.323,30.0,1484,-1,4.16,True,43,True,True,0.75,0.0,0.22,False,False,-0.165,-7.059,68.552,1484,12.17,1484,4.25,1.478,0.555,2,True,False,0.0,False,5.9,5.12,20.0,
51.9,23061,357.372,-894.934,0.073,4.413,30.0,1484,-1,4.38,True,43,True,True,0.75,0.0,0.19,False,False,-0.111,-6.963,69.668,1484,12.17,1484,4.5,1.521,0.537,2,True,False,0.0,False,5.68,5.16,20.0,
51.95,23062,357.43,-894.719,0.072,4.51,30.0,1484,-1,4.6,True,43,True,True,0.75,0.0,0.163,False,False,-0.033,-6.852,70.655,1484,12.17,1484,5.0,1.556,0.507,2,True,False,0.0,False,5.46,5.21,20.0,
52.0,23063,357.487,-894.499,0.071,4.61,30.0,1484,-1,5.27,True,43,True,True,0.75,0.0,0.139,False,False,0.043,-6.746,71.524,1484,12.17,1484,5.25,1.581,0.466,2,True,False,0.0,False,5.23,5.25,20.0,
52.05,23064,357.54,-894.274,0.07,4.694,30.0,1484,-1,5.5,True,43,False,True,0.75,0.0,0.239,False,False,0.099,-6.782,72.517,1202,1.98,1484,5.75,1.598,0.478,2,True,False,0.0,False,8.15,5.31,20.0,
52.1,23065,357.583,-894.044,0.07,4.756,30.0,1484,-1,6.19,True,43,False,True,0.75,0.0,0.339,False,False,0.124,-6.984,73.916,1202,1.98,1484,6.0,1.609,0.55,2,True,False,0.0,True,7.92,5.35,20.0,
52.15,23066,357.611,-893.811,0.069,4.8,30.0,1484,-1,6.42,True,43,False,True,0.75,0.0,0.439,False,False,0.124,-7.27,75.796,1202,1.98,1484,6.5,1.622,0.61,2,True,False,0.0,False,7.69,5.38,20.0,
52.2,23067,357.624,-893.576,0.069,4.86,30.0,1484,-1,6.65,True,43,False,True,0.75,0.0,0.461,False,False,0.111,-7.537,78.089,1202,1.98,1484,7.0,1.638,0.662,2,True,False,0.0,False,7.45,5.4,20.0,
52.25,23068,357.629,-893.336,0.068,4.98,30.0,1484,-1,7.32,True,43,False,True,0.75,0.0,0.361,False,False,0.122,-7.586,80.372,1202,1.98,1484,7.25,1.656,0.712,2,True,False,0.0,False,7.22,5.43,20.0,
52.3,23069,357.631,-893.088,0.068,5.109,30.0,1484,-1,7.56,True,43,False,True,0.75,0.0,0.278,False,False,0.153,-7.436,82.344,1202,1.98,1484,7.75,1.666,0.767,2,True,False,0.0,False,6.97,5.49,20.0,
52.35,23070,357.631,-892.833,0.067,5.244,30.0,1484,-1,8.2,True,43,False,True,0.75,0.0,0.236,False,False,0.19,-7.205,83.995,1202,1.98,1484,8.25,1.668,0.828,2,True,False,0.0,False,6.71,5.55,20.0,
52.4,23071,357.629,-892.572,0.067,5.301,30.0,1484,-1,8.46,True,43,False,True,0.75,0.0,0.206,False,False,0.212,-7.017,85.483,1202,1.98,1484,8.5,1.659,0.882,2,True,False,0.0,False,6.45,5.62,20.0,
52.45,23072,357.625,-892.31,0.067,5.293,30.0,1484,-1,8.73,True,43,False,True,0.75,0.0,0.169,False,False,0.187,-6.848,86.725,1202,1.98,1484,9.0,1.644,0.929,2,True,False,0.0,False,6.19,5.65,20.0,
52.5,23073,357.62,-892.049,0.068,5.289,30.0,1484,-1,9.32,True,43,False,True,0.75,0.0,0.147,False,False,0.162,-6.727,87.885,1202,1.98,1484,9.25,1.621,0.962,2,True,False,0.0,False,5.93,5.65,20.0,
52.55,23074,357.612,-891.785,0.068,5.311,30.0,1484,-1,9.58,True,43,False,True,0.75,0.0,0.115,False,False,0.136,-6.628,88.794,1202,1.98,1484,9.75,1.59,0.989,2,True,False,0.0,True,5.67,5.64,20.0,
52.6,23075,357.604,-891.521,0.068,5.322,30.0,1484,-1,10.12,True,43,True,True,0.75,0.0,0.103,False,False,0.127,-6.567,89.646,1202,1.98,1484,10.0,1.548,1.001,2,True,False,0.0,False,5.4,5.66,20.0,
52.65,23076,357.589,-891.257,0.068,5.304,30.0,1484,-1,10.38,True,43,True,True,0.75,0.0,0.203,False,False,0.1,-6.644,90.492,1202,5.95,1484,10.5,1.506,1.004,2,True,False,0.0,False,8.95,5.66,20.0,
52.7,23077,357.563,-890.996,0.069,5.318,30.0,1484,-1,10.64,True,43,True,True,0.75,0.0,0.303,False,False,0.075,-6.889,91.781,1202,5.95,1484,10.75,1.467,0.987,2,True,False,0.0,False,8.69,5.65,20.0,
52.75,23078,357.522,-890.723,0.068,5.754,30.0,1484,-1,11.14,True,43,True,True,0.75,0.0,0.307,False,False,0.16,-7.236,93.559,1202,5.95,1484,11.0,1.43,0.957,2,True,False,0.0,False,8.42,5.66,20.0,
52.8,23079,357.472,-890.431,0.067,6.126,30.0,1484,-1,11.43,True,43,True,True,0.0,0.3,0.211,False,False,0.305,-7.343,95.447,1202,5.95,1484,11.5,1.395,0.92,2,True,False,0.0,False,8.12,5.88,20.0,
52.85,23080,357.417,-890.125,0.066,6.327,30.0,1484,-1,11.74,True,43,True,True,0.0,0.3,0.142,False,False,0.394,-7.209,96.988,1202,5.95,1484,11.75,1.354,0.885,2,True,False,0.0,False,7.81,6.06,20.0,
52.9,23081,357.36,-889.814,0.065,6.355,30.0,1484,-1,12.25,True,43,True,True,0.0,0.3,0.118,False,False,0.397,-7.026,98.238,1202,5.95,1484,12.25,1.308,0.849,1,True,False,0.0,False,7.5,6.16,20.0,
52.95,23082,357.299,-889.507,0.066,6.27,30.0,1484,-1,12.56,True,43,True,True,0.0,0.3,0.099,False,False,0.313,-6.872,99.197,1202,5.95,1484,12.5,1.261,0.816,1,True,False,0.0,False,7.18,6.18,20.0,
53.0,23083,357.238,-889.206,0.067,6.134,30.0,1484,-1,12.86,True,43,True,True,0.0,0.3,0.089,False,False,0.205,-6.764,100.067,1202,5.95,1484,13.0,1.208,0.778,1,True,False,0.0,False,6.88,6.14,20.0,
53.05,23084,357.175,-888.913,0.068,5.976,30.0,1484,-1,13.31,True,43,True,True,0.0,0.3,0.067,False,False,0.087,-6.67,100.717,1202,5.95,1484,13.25,1.156,0.74,1,True,False,0.0,False,6.58,6.07,20.0,
53.1,23085,357.113,-888.627,0.069,5.867,30.0,1484,-1,13.59,True,43,True,True,0.0,0.3,0.062,False,False,-0.022,-6.553,101.295,1202,5.95,,,,,1,True,False,0.0,False,6.29,5.99,20.0,
53.15,23086,357.056,-888.347,0.064,5.757,30.0,1202,-1,0.06,False,-1,True,True,0.0,0.3,0.048,False,False,-0.372,-5.661,101.659,1202,5.95,,,,,1,True,False,0.0,False,6.0,5.93,20.0,
53.2,23087,357.001,-888.073,0.053,5.695,30.0,1483,-1,9.8,True,43,True,False,0.0,0.3,0.057,False,False,-0.995,-4.103,101.97,1202,5.95,,,,,1,True,False,0.0,False,5.72,5.88,20.0,
53.25,23088,356.938,-887.811,0.041,5.435,30.0,1483,-1,9.8,True,43,True,False,0.0,0.3,0.157,False,False,-1.68,-2.825,102.434,1202,9.92,,,,,1,True,False,0.0,False,9.38,5.85,20.0,
53.3,23089,356.864,-887.564,0.035,5.155,30.0,1483,-1,9.8,True,43,True,False,0.396,0.0,0.183,False,False,-2.042,-2.532,103.37,1202,9.92,,,,,1,True,False,0.0,False,9.12,5.72,20.0,
53.35,23090,356.788,-887.319,0.031,5.176,30.0,1483,-1,9.89,True,43,True,False,0.75,0.0,0.113,False,False,-2.138,-2.348,104.185,1202,9.92,,,,,1,True,False,0.0,False,8.86,5.58,20.0,
53.4,23091,356.711,-887.073,0.029,5.158,30.0,1202,-1,1.36,False,-1,True,True,0.75,0.0,0.094,False,False,-2.095,-2.186,104.956,1202,9.92,,,,,1,True,False,0.0,False,8.61,5.59,20.0,
53.45,23092,356.638,-886.836,0.029,4.772,30.0,1202,-1,1.61,False,-1,True,True,0.75,0.0,0.073,False,False,-2.103,-2.048,105.591,1202,9.92,,,,,1,True,False,0.0,False,8.36,5.58,20.0,
53.5,23093,356.571,-886.622,0.03,4.355,30.0,1202,-1,1.83,False,-1,True,True,0.75,0.0,0.062,False,False,-2.205,-1.942,106.112,1202,9.92,,,,,1,True,False,0.0,False,8.13,5.39,20.0,
53.55,23094,356.508,-886.423,0.032,4.088,30.0,1202,-1,2.04,False,-1,True,True,0.75,0.0,0.053,False,False,-2.279,-1.884,106.461,1202,9.92,,,,,1,True,False,0.0,False,7.93,5.18,20.0,
53.6,23095,356.446,-886.234,0.033,3.945,30.0,1202,-1,2.24,False,-1,True,True,0.75,0.0,0.053,False,False,-2.282,-1.869,106.745,1202,9.92,,,,,1,True,False,0.0,False,7.73,5.04,20.0,
53.65,23096,356.385,-886.048,0.033,3.894,30.0,1202,-1,2.43,False,-1,True,True,0.75,0.0,0.048,False,False,-2.218,-1.872,106.998,1202,9.92,,,,,1,True,False,0.0,False,7.53,4.97,20.0,
53.7,23097,356.323,-885.862,0.033,3.905,30.0,1202,-1,2.63,False,-1,True,True,0.75,0.0,0.041,False,False,-2.112,-1.876,107.223,1202,9.92,,,,,1,True,False,0.0,False,7.34,4.95,20.0,
53.75,23098,356.262,-885.674,0.031,3.954,30.0,1202,-1,2.82,False,-1,True,True,0.75,0.0,0.036,False,False,-1.93,-1.8,107.422,1202,9.92,,,,,1,True,False,0.0,False,7.14,4.95,20.0,
53.8,23099,356.2,-885.48,0.022,4.009,30.0,1202,-1,3.02,False,-1,True,True,0.75,0.0,0.031,False,False,-1.375,-1.3,107.618,1202,9.92,,,,,1,True,False,0.0,False,6.93,4.98,20.0,
53.85,23100,356.134,-885.283,0.011,4.086,30.0,1202,-1,3.23,False,-1,True,True,0.75,0.0,0.027,False,False,-0.822,-0.862,107.78,1202,9.92,,,,,1,True,False,0.0,False,6.73,5.0,20.0,
53.9,23101,356.067,-885.084,0.004,4.18,30.0,1202,-1,3.44,False,-1,True,True,0.75,0.0,0.022,False,False,-0.434,-0.569,107.916,1202,9.92,,,,,1,True,False,0.0,False,6.52,5.04,20.0,
53.95,23102,355.998,-884.881,-0.002,4.284,30.0,1202,-1,3.65,False,-1,True,True,0.75,0.0,0.019,False,False,-0.169,-0.365,108.034,1202,9.92,,,,,1,True,False,0.0,False,6.3,5.09,20.0,
54.0,23103,355.927,-884.673,-0.005,4.393,30.0,1202,-1,3.87,False,-1,True,True,0.75,0.0,0.016,False,False,0.006,-0.226,108.137,1202,9.92,,,,,1,True,False,0.0,False,6.08,5.14,20.0,
54.05,23104,355.855,-884.461,-0.007,4.503,30.0,1202,-1,4.09,False,-1,True,True,0.75,0.0,0.013,False,False,0.119,-0.134,108.226,1202,9.92,,,,,1,True,False,0.0,False,5.86,5.2,20.0,
54.1,23105,355.782,-884.244,-0.009,4.614,30.0,1202,-1,4.32,False,-1,True,True,0.75,0.0,0.011,False,False,0.188,-0.075,108.302,1202,9.92,,,,,0,False,False,0.0,False,5.63,5.25,20.0,
54.15,23106,355.707,-884.022,-0.01,4.723,30.0,1202,-1,4.55,False,-1,True,True,0.75,0.0,0.01,False,False,0.229,-0.039,108.368,1202,9.92,,,,,0,False,False,0.0,False,5.4,5.31,20.0,
54.2,23107,355.63,-883.795,-0.01,4.832,30.0,1202,-1,4.79,False,-1,True,True,0.75,0.0,0.008,False,False,0.252,-0.018,108.425,1202,9.92,,,,,0,False,False,0.0,False,5.16,5.36,20.0,
54.25,23108,355.548,-883.565,-0.01,4.927,30.0,1202,-1,5.04,False,-1,True,True,0.75,0.0,0.108,False,False,0.261,-0.118,108.664,1202,13.89,,,,,0,False,False,0.0,False,8.87,5.42,20.0,
54.3,23109,355.46,-883.332,-0.01,5.033,30.0,1202,-1,5.29,False,-1,True,True,0.75,0.0,0.077,False,False,0.264,-0.23,109.104,1202,13.89,,,,,0,False,False,0.0,False,8.62,5.46,20.0,
54.35,23110,355.369,-883.093,-0.01,5.141,30.0,1202,-1,5.54,False,-1,True,True,0.75,0.0,0.047,False,False,0.265,-0.225,109.482,1202,13.89,,,,,0,False,False,0.0,False,8.36,5.52,20.0,
54.4,23111,355.278,-882.851,-0.009,5.196,30.0,1202,-1,5.8,False,-1,True,True,0.75,0.0,0.039,False,False,0.258,-0.178,109.819,1202,13.89,,,,,0,False,False,0.0,False,8.11,5.57,20.0,
54.45,23112,355.185,-882.609,-0.009,5.171,30.0,1202,-1,6.06,False,-1,True,True,0.75,0.0,0.032,False,False,0.217,-0.129,110.039,1202,13.89,,,,,0,False,False,0.0,False,7.85,5.6,20.0,
54.5,23113,355.094,-882.369,-0.009,5.16,30.0,1202,-1,6.31,False,-1,True,True,0.75,0.0,0.033,False,False,0.171,-0.1,110.317,1202,13.89,,,,,0,False,False,0.0,False,7.59,5.59,20.0,
54.55,23114,355.001,-882.128,-0.008,5.169,30.0,1202,-1,6.57,False,-1,True,True,0.75,0.0,0.02,False,False,0.137,-0.067,110.468,1202,13.89,,,,,0,False,False,0.0,False,7.33,5.58,20.0,
54.6,23115,354.908,-881.887,-0.008,5.19,30.0,1202,-1,6.83,False,-1,True,True,0.75,0.0,0.023,False,False,0.119,-0.052,110.678,1202,13.89,,,,,0,False,False,0.0,False,7.07,5.58,20.0,
54.65,23116,354.814,-881.644,-0.008,5.207,30.0,1202,-1,7.09,False,-1,True,True,0.75,0.0,0.013,False,False,0.111,-0.033,110.77,1202,13.89,,,,,0,False,False,0.0,False,6.81,5.59,20.0,
54.7,23117,354.72,-881.402,-0.008,5.203,30.0,1202,-1,7.35,False,-1,True,True,0.75,0.0,0.018,False,False,0.099,-0.028,110.929,1202,13.89,,,,,0,False,False,0.0,False,6.55,5.6,20.0,
54.75,23118,354.625,-881.159,-0.008,5.243,30.0,1202,-1,7.61,False,-1,True,True,0.75,0.0,0.008,False,False,0.093,-0.016,110.984,1202,13.89,,,,,0,False,False,0.0,False,6.29,5.6,20.0,
54.8,23119,354.523,-880.899,-0.009,5.742,30.0,1202,-1,7.89,False,-1,True,True,0.75,0.0,0.013,False,False,0.214,-0.02,111.061,1202,13.89,,,,,0,False,False,0.0,False,6.01,5.62,20.0,
54.85,23120,354.413,-880.619,-0.01,6.144,30.0,1202,-1,8.19,False,-1,True,True,0.75,0.0,0.013,False,False,0.374,-0.029,111.135,1202,13.89,,,,,0,False,False,0.0,False,5.71,5.87,20.0,
54.9,23121,354.293,-880.326,-0.011,6.423,30.0,1202,-1,8.5,False,-1,True,True,0.0,0.3,0.109,False,False,0.482,-0.17,111.458,1202,17.86,,,,,0,False,False,0.0,False,9.36,6.07,20.0,
54.95,23122,354.167,-880.025,-0.011,6.555,30.0,1202,-1,8.83,False,-1,True,True,0.0,0.3,0.023,False,False,0.503,-0.207,111.841,1202,17.86,,,,,0,False,False,0.0,False,9.03,6.21,20.0,
55.0,23123,354.043,-879.723,-0.011,6.531,30.0,1202,-1,9.16,False,-1,True,True,0.0,0.3,0.005,False,False,0.44,-0.126,112.086,1202,17.86,,,,,0,False,False,0.0,False,8.71,6.28,20.0,
55.05,23124,353.92,-879.424,-0.01,6.424,30.0,1202,-1,9.48,False,-1,True,True,0.0,0.3,0.008,False,False,0.321,-0.069,112.183,1202,17.86,,,,,0,False,False,0.0,False,8.38,6.27,20.0,
55.1,23125,353.8,-879.133,-0.009,6.275,30.0,1202,-1,9.79,False,-1,True,True,0.0,0.3,0.015,False,False,0.188,-0.054,112.334,1202,17.86,,,,,0,False,False,0.0,False,8.07,6.21,20.0,
55.15,23126,353.681,-878.849,-0.008,6.102,30.0,1202,-1,10.1,False,-1,True,True,0.0,0.3,0.007,False,False,0.064,-0.038,112.395,1202,17.86,,,,,0,False,False,0.0,False,7.76,6.14,20.0,
55.2,23127,353.567,-878.573,-0.007,5.91,30.0,1202,-1,10.4,False,-1,True,True,0.0,0.3,0.011,False,False,-0.042,-0.033,112.514,1202,17.86,,,,,0,False,False,0.0,False,7.46,6.05,20.0,
55.25,23128,353.455,-878.307,-0.006,5.707,30.0,1202,-1,10.69,False,-1,True,True,0.0,0.3,0.003,False,False,-0.128,-0.021,112.539,1202,17.86,,,,,0,False,False,0.0,False,7.17,5.96,20.0,
55.3,23129,353.348,-878.05,-0.005,5.497,30.0,1202,-1,10.97,False,-1,True,True,0.0,0.3,0.009,False,False,-0.195,-0.019,112.633,1202,17.86,,,,,0,False,False,0.0,False,6.9,5.85,20.0,
55.35,23130,353.244,-877.802,-0.005,5.318,30.0,1202,-1,11.23,False,-1,True,True,0.158,0.0,0.001,False,False,-0.239,-0.011,112.632,1202,17.86,,,,,0,False,False,0.0,False,6.63,5.75,20.0,
55.4,23131,353.141,-877.557,-0.005,5.317,30.0,1202,-1,11.5,False,-1,True,True,0.75,0.0,0.007,False,False,-0.218,-0.013,112.724,1202,17.86,,,,,0,False,False,0.0,False,6.36,5.66,20.0,
55.45,23132,353.038,-877.311,-0.006,5.314,30.0,1202,-1,11.77,False,-1,True,True,0.75,0.0,-0.002,False,False,-0.162,-0.005,112.71,1202,17.86,,,,,0,False,False,0.0,False,6.09,5.66,20.0,
55.5,23133,352.939,-877.077,-0.005,4.908,30.0,1202,-1,12.02,False,-1,True,True,0.75,0.0,0.006,False,False,-0.189,-0.007,112.684,1202,17.86,,,,,0,False,False,0.0,False,5.84,5.66,20.0,
55.55,23134,352.848,-876.863,-0.005,4.515,30.0,1202,-1,12.25,False,-1,True,True,0.75,0.0,0.007,False,False,-0.296,-0.01,112.648,1202,17.86,,,,,0,False,False,0.0,False,5.61,5.45,20.0,
55.6,23135,352.764,-876.663,-0.004,4.267,30.0,1202,-1,12.47,False,-1,True,True,0.75,0.0,0.009,False,False,-0.373,-0.012,112.669,1202,17.86,,,,,0,False,False,0.0,False,5.39,5.26,20.0,
55.65,23136,352.683,-876.471,-0.004,4.138,30.0,1202,-1,12.68,False,-1,True,True,0.75,0.0,0.004,False,False,-0.385,-0.007,112.695,1202,17.86,,,,,0,False,False,0.0,False,5.18,5.13,20.0,
55.7,23137,352.603,-876.281,-0.004,4.095,30.0,1202,-1,12.88,False,-1,True,True,0.75,0.0,0.003,False,False,-0.339,-0.001,112.714,1202,17.86,,,,,0,False,False,0.0,False,4.98,5.07,20.0,
55.75,23138,352.52,-876.093,-0.005,4.103,30.0,1202,-1,13.09,False,-1,True,True,0.75,0.0,0.084,False,False,-0.258,-0.093,112.893,1202,21.83,,,,,0,False,False,0.0,False,8.74,5.05,20.0,
55.8,23139,352.436,-875.903,-0.006,4.155,30.0,1202,-1,13.3,False,-1,True,True,0.75,0.0,0.012,False,False,-0.161,-0.098,113.077,1202,21.83,,,,,0,False,False,0.0,False,8.53,5.05,20.0,
55.85,23140,352.352,-875.71,-0.007,4.228,30.0,1202,-1,13.51,False,-1,True,True,0.75,0.0,0.005,False,False,-0.065,-0.049,113.15,1202,21.83,,,,,0,False,False,0.0,False,8.32,5.08,20.0,
55.9,23141,352.266,-875.513,-0.007,4.315,30.0,1202,-1,13.72,False,-1,True,True,0.75,0.0,0.011,False,False,0.019,-0.025,113.206,1202,21.83,,,,,0,False,False,0.0,False,8.1,5.11,20.0,
55.95,23142,352.179,-875.312,-0.008,4.41,30.0,1202,-1,13.94,False,-1,True,True,0.75,0.0,0.01,False,False,0.088,-0.016,113.265,1202,21.83,,,,,0,False,False,0.0,False,7.89,5.16,20.0,
56.0,23143,352.089,-875.106,-0.008,4.509,30.0,1202,-1,14.17,False,-1,True,True,0.75,0.0,0.008,False,False,0.142,-0.009,113.317,1202,21.83,,,,,0,False,False,0.0,False,7.66,5.2,20.0,
56.05,23144,351.998,-874.897,-0.009,4.611,30.0,1202,-1,14.4,False,-1,True,True,0.75,0.0,0.007,False,False,0.182,-0.005,113.362,1202,21.83,,,,,0,False,False,0.0,False,7.43,5.25,20.0,
56.1,23145,351.904,-874.682,-0.009,4.715,30.0,1202,-1,14.63,False,-1,True,True,0.75,0.0,0.006,False,False,0.211,-0.002,113.401,1202,21.83,,,,,0,False,False,0.0,False,7.2,5.31,20.0,
56.15,23146,351.809,-874.463,-0.009,4.819,30.0,1202,-1,14.87,False,-1,True,True,0.75,0.0,0.005,False,False,0.23,-0.001,113.434,1202,21.83,,,,,0,False,False,0.0,False,6.96,5.36,20.0,
56.2,23147,351.711,-874.239,-0.009,4.924,30.0,1202,-1,15.11,False,-1,True,True,0.75,0.0,0.004,False,False,0.243,-0.0,113.463,1202,21.83,,,,,0,False,False,0.0,False,6.72,5.41,20.0,
56.25,23148,351.611,-874.011,-0.009,5.028,30.0,1202,-1,15.36,False,-1,True,True,0.75,0.0,0.003,False,False,0.252,0.0,113.489,1202,21.83,,,,,0,False,False,0.0,False,6.47,5.46,20.0,
56.3,23149,351.509,-873.777,-0.009,5.129,30.0,1202,-1,15.62,False,-1,True,True,0.75,0.0,0.003,False,False,0.257,0.001,113.51,1202,21.83,,,,,0,False,False,0.0,False,6.21,5.51,20.0,
56.35,23150,351.405,-873.539,-0.009,5.267,30.0,1202,-1,15.88,False,-1,True,True,0.75,0.0,0.002,False,False,0.261,0.0,113.529,1202,21.83,,,,,0,False,False,0.0,False,5.95,5.56,20.0,
56.4,23151,351.3,-873.298,-0.009,5.25,30.0,1202,-1,16.14,False,-1,True,True,0.75,0.0,0.002,False,False,0.249,0.001,113.529,1202,21.83,,,,,0,False,False,0.0,False,5.69,5.63,20.0,
56.45,23152,351.194,-873.057,-0.009,5.297,30.0,1202,-1,16.4,False,-1,True,True,0.75,0.0,0.003,False,False,0.214,-0.002,113.569,1202,21.83,,,,,0,False,False,0.0,False,5.43,5.62,20.0,
56.5,23153,351.087,-872.818,-0.008,5.219,30.0,1202,-1,16.66,False,-1,True,True,0.75,0.0,0.042,False,False,0.167,-0.061,113.647,1202,25.8,,,,,0,False,False,0.0,False,9.13,5.65,20.0,
56.55,23154,350.98,-872.577,-0.008,5.3,30.0,1202,-1,16.93,False,-1,True,True,0.75,0.0,0.008,False,False,0.139,-0.063,113.782,1202,25.8,,,,,0,False,False,0.0,False,8.87,5.61,20.0,
56.6,23155,350.873,-872.337,-0.008,5.255,30.0,1202,-1,17.19,False,-1,True,True,0.75,0.0,-0.001,False,False,0.118,-0.03,113.804,1202,25.8,,,,,0,False,False,0.0,False,8.6,5.65,20.0,
56.65,23156,350.766,-872.095,-0.008,5.321,30.0,1202,-1,17.46,False,-1,True,True,0.75,0.0,0.006,False,False,0.109,-0.017,113.862,1202,25.8,,,,,0,False,False,0.0,False,8.34,5.63,20.0,
56.7,23157,350.658,-871.854,-0.008,5.247,30.0,1202,-1,17.72,False,-1,True,True,0.75,0.0,0.002,False,False,0.091,-0.008,113.861,1202,25.8,,,,,0,False,False,0.0,False,8.08,5.66,20.0,
56.75,23158,350.547,-871.605,-0.008,5.671,30.0,1202,-1,17.99,False,-1,True,True,0.75,0.0,0.006,False,False,0.154,-0.009,113.878,1202,25.8,,,,,0,False,False,0.0,False,7.8,5.62,20.0,
56.8,23159,350.427,-871.335,-0.01,5.992,30.0,1202,-1,18.29,False,-1,True,True,0.0,0.3,0.004,False,False,0.302,-0.009,113.895,1202,25.8,,,,,0,False,False,0.0,False,7.51,5.84,20.0,
56.85,23160,350.3,-871.052,-0.011,6.279,30.0,1202,-1,18.6,False,-1,True,True,0.0,0.3,0.004,False,False,0.406,-0.007,113.92,1202,25.8,,,,,0,False,False,0.0,False,7.2,6.0,20.0,
56.9,23161,350.172,-870.765,-0.011,6.27,30.0,1202,-1,18.91,False,-1,True,True,0.0,0.3,0.002,False,False,0.411,-0.003,113.943,1202,25.8,,,,,0,False,False,0.0,False,6.88,6.14,20.0,
56.95,23162,350.045,-870.479,-0.01,6.282,30.0,1202,-1,19.23,False,-1,True,True,0.0,0.3,0.002,False,False,0.348,0.0,113.958,1202,25.8,,,,,0,False,False,0.0,False,6.57,6.13,20.0,
57.0,23163,349.92,-870.198,-0.009,6.094,30.0,1202,-1,19.53,False,-1,True,True,0.0,0.3,0.002,False,False,0.236,0.001,113.985,1202,25.8,,,,,0,False,False,0.0,False,6.26,6.14,20.0,
57.05,23164,349.797,-869.923,-0.008,5.987,30.0,1202,-1,19.83,False,-1,True,True,0.0,0.3,-0.0,False,False,0.118,0.003,113.969,1202,25.8,,,,,0,False,False,0.0,False,5.96,6.05,20.0,
57.1,23165,349.678,-869.658,-0.007,5.74,30.0,1202,-1,20.12,False,-1,True,True,0.0,0.3,0.028,False,False,0.002,-0.041,114.07,1202,29.76,,,,,0,False,False,0.0,False,9.64,5.99,20.0,
57.15,23166,349.561,-869.401,-0.006,5.603,30.0,1202,-1,20.41,False,-1,True,True,0.0,0.3,-0.0,False,False,-0.09,-0.035,114.115,1202,29.76,,,,,0,False,False,0.0,False,9.36,5.87,20.0,
57.2,23167,349.45,-869.153,-0.006,5.347,30.0,1202,-1,20.68,False,-1,True,True,0.0,0.203,0.002,False,False,-0.165,-0.019,114.179,1202,29.76,,,,,0,False,False,0.0,False,9.08,5.8,20.0,
57.25,23168,349.342,-868.912,-0.005,5.248,30.0,1202,-1,20.94,False,-1,True,True,0.717,0.0,-0.001,False,False,-0.207,-0.005,114.174,1202,29.76,,,,,0,False,False,0.0,False,8.82,5.67,20.0,
57.3,23169,349.237,-868.679,-0.005,5.046,30.0,1202,-1,21.2,False,-1,True,True,0.75,0.0,0.004,False,False,-0.227,-0.003,114.226,1202,29.76,,,,,0,False,False,0.0,False,8.56,5.62,20.0,
57.35,23170,349.133,-868.448,-0.005,5.068,30.0,1202,-1,21.45,False,-1,True,True,0.75,0.0,-0.002,False,False,-0.203,0.002,114.235,1202,29.76,,,,,0,False,False,0.0,False,8.31,5.52,20.0,
57.4,23171,349.03,-868.218,-0.006,5.05,30.0,1202,-1,21.7,False,-1,True,True,0.75,0.0,0.001,False,False,-0.154,0.001,114.239,1202,29.76,,,,,0,False,False,0.0,False,8.06,5.53,20.0,
57.45,23172,348.927,-867.99,-0.006,4.868,30.0,1202,-1,21.95,False,-1,True,True,0.75,0.0,0.001,False,False,-0.12,-0.001,114.257,1202,29.76,,,,,0,False,False,0.0,False,7.81,5.53,20.0,
57.5,23173,348.833,-867.78,-0.006,4.478,30.0,1202,-1,22.18,False,-1,True,True,0.75,0.0,-0.0,False,False,-0.201,-0.001,114.287,1202,29.76,,,,,0,False,False,0.0,False,7.58,5.43,20.0,
57.55,23174,348.744,-867.583,-0.005,4.234,30.0,1202,-1,22.4,False,-1,True,True,0.75,0.0,-0.002,False,False,-0.282,0.001,114.29,1202,29.76,,,,,0,False,False,0.0,False,7.36,5.24,20.0,
57.6,23175,348.659,-867.395,-0.005,4.108,30.0,1202,-1,22.61,False,-1,True,True,0.75,0.0,-0.0,False,False,-0.308,0.001,114.288,1202,29.76,,,,,0,False,False,0.0,False,7.16,5.12,20.0,
57.65,23176,348.575,-867.208,-0.005,4.068,30.0,1202,-1,22.81,False,-1,True,True,0.75,0.0,0.0,False,False,-0.279,-0.001,114.287,1202,29.76,,,,,0,False,False,0.0,False,6.95,5.05,20.0,
57.7,23177,348.491,-867.022,-0.005,4.086,30.0,1202,-1,23.02,False,-1,True,True,0.75,0.0,0.0,False,False,-0.212,-0.002,114.287,1202,29.76,,,,,0,False,False,0.0,False,6.75,5.03,20.0,
57.75,23178,348.406,-866.834,-0.006,4.138,30.0,1202,-1,23.22,False,-1,True,True,0.75,0.0,-0.0,False,False,-0.127,-0.002,114.287,1202,29.76,,,,,0,False,False,0.0,False,6.54,5.04,20.0,
57.8,23179,348.32,-866.642,-0.007,4.211,30.0,1202,-1,23.43,False,-1,True,True,0.75,0.0,-0.0,False,False,-0.042,-0.002,114.287,1202,29.76,,,,,0,False,False,0.0,False,6.33,5.07,20.0,
57.85,23180,348.232,-866.448,-0.008,4.297,30.0,1202,-1,23.65,False,-1,True,True,0.75,0.0,-0.0,False,False,0.035,-0.001,114.287,1202,29.76,,,,,0,False,False,0.0,False,6.12,5.11,20.0,
57.9,23181,348.142,-866.249,-0.008,4.392,30.0,1202,-1,23.86,False,-1,True,True,0.75,0.0,-0.0,False,False,0.098,-0.001,114.286,1202,29.76,,,,,0,False,False,0.0,False,5.9,5.15,20.0,
57.95,23182,348.051,-866.045,-0.009,4.491,30.0,1202,-1,24.09,False,-1,True,True,0.75,0.0,0.0,False,False,0.148,-0.001,114.286,1202,29.76,,,,,0,False,False,0.0,False,5.68,5.2,20.0,
58.0,23183,347.957,-865.838,-0.009,4.593,30.0,1202,-1,24.31,False,-1,True,True,0.75,0.0,-0.0,False,False,0.186,-0.001,114.286,1202,29.76,,,,,0,False,False,0.0,False,5.45,5.25,20.0,
58.05,23184,347.861,-865.625,-0.009,4.697,30.0,1202,-1,24.55,False,-1,True,True,0.75,0.0,-0.0,False,False,0.213,-0.0,114.286,1202,29.76,,,,,0,False,False,0.0,False,5.22,5.3,20.0,
58.1,23185,347.762,-865.409,-0.009,4.801,30.0,1202,-1,24.79,False,-1,True,True,0.75,0.0,0.016,False,False,0.231,-0.026,114.334,1202,33.73,,,,,0,False,False,0.0,False,8.95,5.35,20.0,
58.15,23186,347.661,-865.187,-0.009,4.905,30.0,1202,-1,25.03,False,-1,True,True,0.75,0.0,-0.0,False,False,0.244,-0.023,114.369,1202,33.73,,,,,0,False,False,0.0,False,8.7,5.4,20.0,
58.2,23187,347.559,-864.961,-0.009,5.009,30.0,1202,-1,25.28,False,-1,True,True,0.75,0.0,-0.0,False,False,0.252,-0.01,114.379,1202,33.73,,,,,0,False,False,0.0,False,8.45,5.45,20.0,
58.25,23188,347.454,-864.73,-0.009,5.114,30.0,1202,-1,25.53,False,-1,True,True,0.75,0.0,0.001,False,False,0.257,-0.004,114.386,1202,33.73,,,,,0,False,False,0.0,False,8.2,5.5,20.0,
58.3,23189,347.347,-864.495,-0.009,5.183,30.0,1202,-1,25.79,False,-1,True,True,0.75,0.0,0.001,False,False,0.257,-0.002,114.387,1202,33.73,,,,,0,False,False,0.0,False,7.94,5.56,20.0,
58.35,23190,347.239,-864.257,-0.009,5.248,30.0,1202,-1,26.05,False,-1,True,True,0.75,0.0,0.002,False,False,0.24,-0.003,114.416,1202,33.73,,,,,0,False,False,0.0,False,7.68,5.59,20.0,
58.4,23191,347.131,-864.021,-0.009,5.159,30.0,1202,-1,26.31,False,-1,True,True,0.75,0.0,-0.001,False,False,0.191,0.001,114.388,1202,33.73,,,,,0,False,False,0.0,False,7.42,5.62,20.0,
58.45,23192,347.024,-863.784,-0.008,5.229,30.0,1202,-1,26.57,False,-1,True,True,0.75,0.0,-0.001,False,False,0.155,0.005,114.404,1202,33.73,,,,,0,False,False,0.0,False,7.16,5.58,20.0,
58.5,23193,346.917,-863.548,-0.008,5.173,30.0,1202,-1,26.83,False,-1,True,True,0.75,0.0,0.0,False,False,0.125,0.005,114.366,1202,33.73,,,,,0,False,False,0.0,False,6.9,5.61,20.0,
58.55,23194,346.809,-863.31,-0.008,5.273,30.0,1202,-1,27.09,False,-1,True,True,0.75,0.0,0.005,False,False,0.117,-0.004,114.397,1202,33.73,,,,,0,False,False,0.0,False,6.64,5.59,20.0,
58.6,23195,346.701,-863.072,-0.008,5.196,30.0,1202,-1,27.35,False,-1,True,True,0.75,0.0,-0.001,False,False,0.102,-0.002,114.377,1202,33.73,,,,,0,False,False,0.0,False,6.38,5.64,20.0,
58.65,23196,346.592,-862.834,-0.008,5.264,30.0,1202,-1,27.61,False,-1,True,True,0.75,0.0,0.003,False,False,0.094,-0.004,114.415,1202,33.73,,,,,0,False,False,0.0,False,6.12,5.6,20.0,
58.7,23197,346.481,-862.588,-0.008,5.546,30.0,1202,-1,27.88,False,-1,True,True,0.75,0.0,-0.002,False,False,0.15,0.001,114.43,1202,33.73,,,,,0,False,False,0.0,False,5.85,5.63,20.0,
58.75,23198,346.36,-862.32,-0.01,6.041,30.0,1202,-1,28.18,False,-1,True,True,0.063,0.0,-0.001,False,False,0.312,0.003,114.446,1202,33.73,,,,,0,False,False,0.0,False,5.55,5.77,20.0,
58.8,23199,346.231,-862.039,-0.011,6.219,30.0,1202,-1,28.49,False,-1,True,True,0.0,0.3,0.008,False,False,0.423,-0.015,114.479,1202,37.7,,,,,0,False,False,0.0,False,9.21,6.02,20.0,
58.85,23200,346.1,-861.752,-0.011,6.349,30.0,1202,-1,28.8,False,-1,True,True,0.0,0.3,-0.001,False,False,0.44,-0.014,114.503,1202,37.7,,,,,0,False,False,0.0,False,8.9,6.11,20.0,
58.9,23201,345.97,-861.467,-0.01,6.231,30.0,1202,-1,29.12,False,-1,True,True,0.0,0.3,-0.001,False,False,0.367,-0.006,114.513,1202,37.7,,,,,0,False,False,0.0,False,8.58,6.17,20.0,
58.95,23202,345.842,-861.186,-0.009,6.166,30.0,1202,-1,29.42,False,-1,True,True,0.0,0.3,0.0,False,False,0.257,-0.003,114.499,1202,37.7,,,,,0,False,False,0.0,False,8.27,6.12,20.0,
59.0,23203,345.718,-860.912,-0.008,5.94,30.0,1202,-1,29.72,False,-1,True,True,0.0,0.3,0.002,False,False,0.127,-0.007,114.529,1202,37.7,,,,,0,False,False,0.0,False,7.97,6.08,20.0,
59.05,23204,345.596,-860.646,-0.007,5.814,30.0,1202,-1,30.02,False,-1,True,True,0.0,0.3,-0.002,False,False,0.014,-0.003,114.505,1202,37.7,,,,,0,False,False,0.0,False,7.68,5.97,20.0,
59.1,23205,345.479,-860.39,-0.006,5.555,30.0,1202,-1,30.3,False,-1,True,True,0.0,0.3,0.003,False,False,-0.087,-0.005,114.534,1202,37.7,,,,,0,False,False,0.0,False,7.4,5.91,20.0,
59.15,23206,345.365,-860.141,-0.006,5.441,30.0,1202,-1,30.57,False,-1,True,True,0.0,0.03,-0.002,False,False,-0.155,-0.001,114.51,1202,37.7,,,,,0,False,False,0.0,False,7.13,5.78,20.0,
59.2,23207,345.256,-859.9,-0.005,5.223,30.0,1202,-1,30.84,False,-1,True,True,0.377,0.0,0.002,False,False,-0.198,-0.002,114.546,1202,37.7,,,,,0,False,False,0.0,False,6.86,5.72,20.0,
59.25,23208,345.148,-859.664,-0.005,5.153,30.0,1202,-1,31.1,False,-1,True,True,0.75,0.0,-0.003,False,False,-0.212,0.002,114.526,1202,37.7,,,,,0,False,False,0.0,False,6.6,5.61,20.0,
59.3,23209,345.043,-859.434,-0.005,5.039,30.0,1202,-1,31.35,False,-1,True,True,0.75,0.0,0.002,False,False,-0.202,0.001,114.57,1202,37.7,,,,,0,False,False,0.0,False,6.35,5.58,20.0,
59.35,23210,344.937,-859.202,-0.006,5.105,30.0,1202,-1,31.6,False,-1,True,True,0.75,0.0,-0.004,False,False,-0.148,0.005,114.544,1202,37.7,,,,,0,False,False,0.0,False,6.09,5.52,20.0,
59.4,23211,344.834,-858.974,-0.006,4.836,30.0,1202,-1,31.85,False,-1,True,True,0.75,0.0,0.002,False,False,-0.126,0.001,114.556,1202,37.7,,,,,0,False,False,0.0,False,5.84,5.55,20.0,
59.45,23212,344.737,-858.764,-0.005,4.495,30.0,1202,-1,32.09,False,-1,True,True,0.75,0.0,-0.001,False,False,-0.207,0.0,114.523,1202,37.7,,,,,0,False,False,0.0,False,5.61,5.42,20.0,
59.5,23213,344.648,-858.568,-0.005,4.255,30.0,1202,-1,32.3,False,-1,True,True,0.75,0.0,0.003,False,False,-0.285,-0.003,114.519,1202,37.7,,,,,0,False,False,0.0,False,5.4,5.25,20.0,
59.55,23214,344.561,-858.378,-0.005,4.131,30.0,1202,-1,32.51,False,-1,True,True,0.75,0.0,0.001,False,False,-0.309,-0.004,114.523,1202,37.7,,,,,0,False,False,0.0,False,5.19,5.13,20.0,
59.6,23215,344.476,-858.191,-0.005,4.093,30.0,1202,-1,32.72,False,-1,True,True,0.75,0.0,0.0,False,False,-0.278,-0.002,114.525,1202,37.7,,,,,0,False,False,0.0,False,4.98,5.07,20.0,
59.65,23216,344.39,-858.004,-0.005,4.111,30.0,1202,-1,32.92,False,-1,True,True,0.75,0.0,0.007,False,False,-0.21,-0.012,114.546,1202,41.67,,,,,0,False,False,0.0,False,8.75,5.05,20.0,
59.7,23217,344.303,-857.816,-0.006,4.163,30.0,1202,-1,33.13,False,-1,True,True,0.75,0.0,0.0,False,False,-0.125,-0.009,114.56,1202,41.67,,,,,0,False,False,0.0,False,8.54,5.06,20.0,
59.75,23218,344.216,-857.624,-0.007,4.236,30.0,1202,-1,33.34,False,-1,True,True,0.75,0.0,0.0,False,False,-0.04,-0.004,114.565,1202,41.67,,,,,0,False,False,0.0,False,8.33,5.08,20.0,
59.8,23219,344.126,-857.428,-0.008,4.323,30.0,1202,-1,33.56,False,-1,True,True,0.75,0.0,0.001,False,False,0.036,-0.002,114.569,1202,41.67,,,,,0,False,False,0.0,False,8.11,5.12,20.0,
59.85,23220,344.035,-857.229,-0.008,4.417,30.0,1202,-1,33.77,False,-1,True,True,0.75,0.0,0.001,False,False,0.099,-0.001,114.574,1202,41.67,,,,,0,False,False,0.0,False,7.89,5.16,20.0,
59.9,23221,343.941,-857.025,-0.009,4.516,30.0,1202,-1,34.0,False,-1,True,True,0.75,0.0,0.001,False,False,0.149,-0.0,114.578,1202,41.67,,,,,0,False,False,0.0,False,7.67,5.21,20.0,
59.95,23222,343.846,-856.816,-0.009,4.618,30.0,1202,-1,34.23,False,-1,True,True,0.75,0.0,0.001,False,False,0.186,0.0,114.581,1202,41.67,,,,,0,False,False,0.0,False,7.44,5.26,20.0,
60.0,23223,343.748,-856.603,-0.009,4.722,30.0,1202,-1,34.46,False,-1,True,True,0.75,0.0,0.0,False,False,0.213,0.0,114.584,1202,41.67,,,,,0,False,False,0.0,False,7.2,5.31,20.0,
60.05,23224,343.649,-856.385,-0.009,4.826,30.0,1202,-1,34.7,False,-1,True,True,0.75,0.0,0.0,False,False,0.231,0.0,114.587,1202,41.67,,,,,0,False,False,0.0,False,6.96,5.36,20.0,
60.1,23225,343.547,-856.163,-0.009,4.93,30.0,1202,-1,34.95,False,-1,True,True,0.75,0.0,0.0,False,False,0.244,0.0,114.589,1202,41.67,,,,,0,False,False,0.0,False,6.72,5.41,20.0,
60.15,23226,343.443,-855.936,-0.009,5.034,30.0,1202,-1,35.2,False,-1,True,True,0.75,0.0,0.0,False,False,0.252,0.0,114.591,1202,41.67,,,,,0,False,False,0.0,False,6.47,5.47,20.0,
60.2,23227,343.337,-855.704,-0.009,5.135,30.0,1202,-1,35.45,False,-1,True,True,0.75,0.0,0.0,False,False,0.257,0.0,114.592,1202,41.67,,,,,0,False,False,0.0,False,6.22,5.52,20.0,
60.25,23228,343.229,-855.468,-0.009,5.273,30.0,1202,-1,35.71,False,-1,True,True,0.75,0.0,0.0,False,False,0.261,0.0,114.594,1202,41.67,,,,,0,False,False,0.0,False,5.96,5.57,20.0,
60.3,23229,343.119,-855.228,-0.009,5.301,30.0,1202,-1,35.98,False,-1,True,True,0.75,0.0,0.0,False,False,0.256,0.0,114.594,1202,41.67,,,,,0,False,False,0.0,False,5.69,5.64,20.0,
60.35,23230,343.007,-854.982,-0.009,5.437,30.0,1202,-1,36.25,False,-1,True,True,0.75,0.0,0.0,False,False,0.255,-0.0,114.611,1202,41.67,,,,,0,False,False,0.0,False,5.42,5.65,20.0,
60.4,23231,342.894,-854.738,-0.009,5.34,30.0,1202,-1,36.51,False,-1,True,True,0.478,0.0,0.003,False,False,0.213,-0.005,114.59,1202,45.64,,,,,0,False,False,0.0,False,9.12,5.72,20.0,
60.45,23232,342.783,-854.495,-0.008,5.38,30.0,1202,-1,36.78,False,-1,True,True,0.75,0.0,0.003,False,False,0.168,-0.01,114.626,1202,45.64,,,,,0,False,False,0.0,False,8.85,5.67,20.0,
60.5,23233,342.671,-854.253,-0.008,5.294,30.0,1202,-1,37.05,False,-1,True,True,0.668,0.0,-0.002,False,False,0.122,-0.003,114.598,1202,45.64,,,,,0,False,False,0.0,False,8.59,5.69,20.0,
60.55,23234,342.56,-854.011,-0.008,5.359,30.0,1202,-1,37.31,False,-1,True,True,0.75,0.0,0.003,False,False,0.098,-0.005,114.625,1202,45.64,,,,,0,False,False,0.0,False,8.32,5.65,20.0,
60.6,23235,342.449,-853.77,-0.008,5.3,30.0,1202,-1,37.58,False,-1,True,True,0.737,0.0,-0.001,False,False,0.081,-0.001,114.595,1202,45.64,,,,,0,False,False,0.0,False,8.05,5.68,20.0,
60.65,23236,342.338,-853.526,-0.008,5.389,30.0,1202,-1,37.85,False,-1,True,True,0.75,0.0,0.004,False,False,0.084,-0.003,114.623,1202,45.64,,,,,0,False,False,0.0,False,7.79,5.65,20.0,
60.7,23237,342.226,-853.284,-0.008,5.313,30.0,1202,-1,38.11,False,-1,True,True,0.622,0.0,-0.001,False,False,0.076,0.0,114.595,1202,45.64,,,,,0,False,False,0.0,False,7.52,5.69,20.0,
60.75,23238,342.115,-853.04,-0.008,5.38,30.0,1202,-1,38.38,False,-1,True,True,0.75,0.0,0.003,False,False,0.076,-0.002,114.628,1202,45.64,,,,,0,False,False,0.0,False,7.25,5.66,20.0,
60.8,23239,341.998,-852.786,-0.009,5.745,30.0,1202,-1,38.66,False,-1,True,True,0.65,0.0,-0.002,False,False,0.166,0.003,114.583,1202,45.64,,,,,0,False,False,0.0,False,6.97,5.69,20.0,
60.85,23240,341.871,-852.511,-0.01,6.172,30.0,1202,-1,38.96,False,-1,True,True,0.0,0.3,0.005,False,False,0.322,-0.003,114.582,1202,45.64,,,,,0,False,False,0.0,False,6.67,5.87,20.0,
60.9,23241,341.741,-852.227,-0.011,6.272,30.0,1202,-1,39.28,False,-1,True,True,0.0,0.3,0.002,False,False,0.4,-0.005,114.594,1202,45.64,,,,,0,False,False,0.0,False,6.36,6.09,20.0,
60.95,23242,341.609,-851.939,-0.011,6.363,30.0,1202,-1,39.59,False,-1,True,True,0.0,0.3,0.0,False,False,0.394,-0.0,114.603,1202,45.64,,,,,0,False,False,0.0,False,6.04,6.14,20.0,
61.0,23243,341.478,-851.654,-0.01,6.221,30.0,1202,-1,39.91,False,-1,True,True,0.0,0.3,0.003,False,False,0.311,-0.004,114.616,1202,49.61,,,,,0,False,False,0.0,False,9.7,6.18,20.0,
61.05,23244,341.349,-851.374,-0.009,6.144,30.0,1202,-1,40.22,False,-1,True,True,0.0,0.3,0.001,False,False,0.203,-0.002,114.645,1202,49.61,,,,,0,False,False,0.0,False,9.39,6.11,20.0,
61.1,23245,341.224,-851.102,-0.008,5.911,30.0,1202,-1,40.51,False,-1,True,True,0.0,0.3,-0.001,False,False,0.08,0.004,114.626,1202,49.61,,,,,0,False,False,0.0,False,9.09,6.07,20.0,
61.15,23246,341.103,-850.838,-0.007,5.781,30.0,1202,-1,40.81,False,-1,True,True,0.0,0.3,0.003,False,False,-0.024,0.001,114.658,1202,49.61,,,,,0,False,False,0.0,False,8.8,5.96,20.0,
61.2,23247,340.986,-850.583,-0.006,5.518,30.0,1202,-1,41.09,False,-1,True,True,0.0,0.3,-0.002,False,False,-0.116,0.004,114.635,1202,49.61,,,,,0,False,False,0.0,False,8.52,5.89,20.0,
61.25,23248,340.873,-850.336,-0.006,5.407,30.0,1202,-1,41.36,False,-1,True,True,0.101,0.0,0.003,False,False,-0.176,0.0,114.664,1202,49.61,,,,,0,False,False,0.0,False,8.25,5.76,20.0,
61.3,23249,340.763,-850.097,-0.005,5.197,30.0,1202,-1,41.62,False,-1,True,True,0.498,0.0,-0.002,False,False,-0.211,0.002,114.633,1202,49.61,,,,,0,False,False,0.0,False,7.98,5.7,20.0,
61.35,23250,340.655,-849.862,-0.005,5.14,30.0,1202,-1,41.88,False,-1,True,True,0.75,0.0,0.003,False,False,-0.215,-0.003,114.657,1202,49.61,,,,,0,False,False,0.0,False,7.72,5.6,20.0,
61.4,23251,340.549,-849.631,-0.005,5.048,30.0,1202,-1,42.13,False,-1,True,True,0.75,0.0,-0.001,False,False,-0.192,-0.001,114.632,1202,49.61,,,,,0,False,False,0.0,False,7.47,5.57,20.0,
61.45,23252,340.443,-849.4,-0.006,5.116,30.0,1202,-1,42.39,False,-1,True,True,0.75,0.0,0.003,False,False,-0.135,-0.003,114.667,1202,49.61,,,,,0,False,False,0.0,False,7.22,5.52,20.0,
61.5,23253,340.339,-849.174,-0.006,4.811,30.0,1202,-1,42.64,False,-1,True,True,0.75,0.0,-0.002,False,False,-0.132,0.001,114.649,1202,49.61,,,,,0,False,False,0.0,False,6.97,5.56,20.0,
61.55,23254,340.244,-848.966,-0.005,4.464,30.0,1202,-1,42.86,False,-1,True,True,0.75,0.0,0.002,False,False,-0.218,0.001,114.634,1202,49.61,,,,,0,False,False,0.0,False,6.74,5.41,20.0,
61.6,23255,340.153,-848.77,-0.005,4.256,30.0,1202,-1,43.08,False,-1,True,True,0.75,0.0,0.002,False,False,-0.286,-0.002,114.636,1202,49.61,,,,,0,False,False,0.0,False,6.52,5.23,20.0,
61.65,23256,340.066,-848.58,-0.005,4.157,30.0,1202,-1,43.29,False,-1,True,True,0.75,0.0,0.001,False,False,-0.297,-0.001,114.641,1202,49.61,,,,,0,False,False,0.0,False,6.31,5.13,20.0,
61.7,23257,339.98,-848.392,-0.005,4.135,30.0,1202,-1,43.5,False,-1,True,True,0.75,0.0,0.0,False,False,-0.257,0.0,114.644,1202,49.61,,,,,0,False,False,0.0,False,6.11,5.08,20.0,
61.75,23258,339.893,-848.203,-0.006,4.162,30.0,1202,-1,43.71,False,-1,True,True,0.75,0.0,0.0,False,False,-0.185,0.001,114.646,1202,49.61,,,,,0,False,False,0.0,False,5.9,5.07,20.0,
61.8,23259,339.805,-848.011,-0.006,4.22,30.0,1202,-1,43.92,False,-1,True,True,0.75,0.0,0.0,False,False,-0.101,0.001,114.648,1202,49.61,,,,,0,False,False,0.0,False,5.69,5.08,20.0,
61.85,23260,339.716,-847.817,-0.007,4.297,30.0,1202,-1,44.13,False,-1,True,True,0.75,0.0,0.0,False,False,-0.019,0.001,114.65,1202,49.61,,,,,0,False,False,0.0,False,5.47,5.11,20.0,
61.9,23261,339.625,-847.618,-0.008,4.385,30.0,1202,-1,44.35,False,-1,True,True,0.75,0.0,0.0,False,False,0.054,0.001,114.651,1202,49.61,,,,,0,False,False,0.0,False,5.26,5.15,20.0,
61.95,23262,339.532,-847.416,-0.008,4.48,30.0,1202,-1,44.57,False,-1,True,True,0.75,0.0,0.0,False,False,0.113,0.0,114.653,1202,49.61,,,,,0,False,False,0.0,False,5.03,5.19,20.0,
62.0,23263,339.437,-847.21,-0.009,4.58,30.0,1202,-1,44.8,False,-1,True,True,0.75,0.0,0.002,False,False,0.159,-0.003,114.661,1202,53.58,,,,,0,False,False,0.0,False,8.77,5.24,20.0,
62.05,23264,339.34,-846.999,-0.009,4.682,30.0,1202,-1,45.03,False,-1,True,True,0.75,0.0,0.0,False,False,0.193,-0.003,114.666,1202,53.58,,,,,0,False,False,0.0,False,8.54,5.29,20.0,
62.1,23265,339.241,-846.783,-0.009,4.785,30.0,1202,-1,45.27,False,-1,True,True,0.75,0.0,0.0,False,False,0.217,-0.001,114.668,1202,53.58,,,,,0,False,False,0.0,False,8.3,5.34,20.0,
62.15,23266,339.139,-846.562,-0.009,4.889,30.0,1202,-1,45.51,False,-1,True,True,0.75,0.0,0.0,False,False,0.234,-0.0,114.67,1202,53.58,,,,,0,False,False,0.0,False,8.06,5.39,20.0,
62.2,23267,339.036,-846.337,-0.009,4.993,30.0,1202,-1,45.76,False,-1,True,True,0.75,0.0,0.0,False,False,0.245,-0.0,114.672,1202,53.58,,,,,0,False,False,0.0,False,7.81,5.44,20.0,
62.25,23268,338.93,-846.108,-0.009,5.096,30.0,1202,-1,46.01,False,-1,True,True,0.75,0.0,0.0,False,False,0.253,-0.0,114.673,1202,53.58,,,,,0,False,False,0.0,False,7.56,5.5,20.0,
62.3,23269,338.823,-845.873,-0.009,5.229,30.0,1202,-1,46.27,False,-1,True,True,0.75,0.0,0.0,False,False,0.259,-0.0,114.675,1202,53.58,,,,,0,False,False,0.0,False,7.3,5.55,20.0,
62.35,23270,338.713,-845.635,-0.009,5.26,30.0,1202,-1,46.53,False,-1,True,True,0.75,0.0,0.0,False,False,0.255,0.0,114.676,1202,53.58,,,,,0,False,False,0.0,False,7.04,5.61,20.0,
62.4,23271,338.601,-845.391,-0.009,5.435,30.0,1202,-1,46.8,False,-1,True,True,0.75,0.0,0.0,False,False,0.26,0.0,114.674,1202,53.58,,,,,0,False,False,0.0,False,6.77,5.63,20.0,
62.45,23272,338.488,-845.145,-0.009,5.373,30.0,1202,-1,47.07,False,-1,True,True,0.488,0.0,0.0,False,False,0.238,-0.001,114.693,1202,53.58,,,,,0,False,False,0.0,False,6.5,5.72,20.0,
62.5,23273,338.376,-844.901,-0.009,5.406,30.0,1202,-1,47.34,False,-1,True,True,0.703,0.0,-0.002,False,False,0.194,0.003,114.668,1202,53.58,,,,,0,False,False,0.0,False,6.23,5.69,20.0,
62.55,23274,338.264,-844.658,-0.008,5.308,30.0,1202,-1,47.61,False,-1,True,True,0.579,0.0,0.002,False,False,0.14,-0.001,114.704,1202,53.58,,,,,0,False,False,0.0,False,5.97,5.7,20.0,
62.6,23275,338.153,-844.416,-0.008,5.355,30.0,1202,-1,47.87,False,-1,True,True,0.75,0.0,-0.003,False,False,0.105,0.003,114.682,1202,53.58,,,,,0,False,False,0.0,False,5.7,5.65,20.0,
62.65,23276,338.043,-844.175,-0.008,5.281,30.0,1202,-1,48.14,False,-1,True,True,0.75,0.0,0.002,False,False,0.077,-0.0,114.716,1202,53.58,,,,,0,False,False,0.0,False,5.43,5.68,20.0,
62.7,23277,337.931,-843.933,-0.008,5.362,30.0,1202,-1,48.4,False,-1,True,True,0.75,0.0,-0.002,False,False,0.073,0.001,114.694,1202,57.54,,,,,0,False,False,0.0,False,9.14,5.64,20.0,
62.75,23278,337.82,-843.691,-0.008,5.309,30.0,1202,-1,48.67,False,-1,True,True,0.718,0.0,0.002,False,False,0.071,-0.002,114.727,1202,57.54,,,,,0,False,False,0.0,False,8.87,5.68,20.0,
62.8,23279,337.708,-843.448,-0.008,5.375,30.0,1202,-1,48.94,False,-1,True,True,0.75,0.0,-0.003,False,False,0.075,0.002,114.696,1202,57.54,,,,,0,False,False,0.0,False,8.6,5.65,20.0,
62.85,23280,337.597,-843.206,-0.008,5.302,30.0,1202,-1,49.2,False,-1,True,True,0.668,0.0,0.002,False,False,0.068,-0.002,114.723,1202,57.54,,,,,0,False,False,0.0,False,8.34,5.69,20.0,
62.9,23281,337.48,-842.951,-0.009,5.813,30.0,1202,-1,49.49,False,-1,True,True,0.75,0.0,-0.003,False,False,0.168,0.001,114.675,1202,57.54,,,,,0,False,False,0.0,False,8.06,5.65,20.0,
62.95,23282,337.354,-842.677,-0.01,6.112,30.0,1202,-1,49.79,False,-1,True,True,0.0,0.3,0.004,False,False,0.321,-0.005,114.666,1202,57.54,,,,,0,False,False,0.0,False,7.75,5.91,20.0,
63.0,23283,337.222,-842.391,-0.011,6.378,30.0,1202,-1,50.1,False,-1,True,True,0.0,0.3,0.001,False,False,0.416,-0.008,114.674,1202,57.54,,,,,0,False,False,0.0,False,7.44,6.06,20.0,
63.05,23284,337.089,-842.101,-0.011,6.356,30.0,1202,-1,50.42,False,-1,True,True,0.0,0.3,-0.0,False,False,0.411,-0.004,114.679,1202,57.54,,,,,0,False,False,0.0,False,7.12,6.19,20.0,
63.1,23285,336.956,-841.813,-0.01,6.357,30.0,1202,-1,50.74,False,-1,True,True,0.0,0.3,0.0,False,False,0.341,-0.0,114.682,1202,57.54,,,,,0,False,False,0.0,False,6.8,6.18,20.0,
63.15,23286,336.826,-841.53,-0.009,6.165,30.0,1202,-1,51.05,False,-1,True,True,0.0,0.3,0.0,False,False,0.225,0.001,114.672,1202,57.54,,,,,0,False,False,0.0,False,6.49,6.18,20.0,
63.2,23287,336.699,-841.254,-0.008,6.054,30.0,1202,-1,51.35,False,-1,True,True,0.0,0.3,0.001,False,False,0.107,-0.0,114.701,1202,57.54,,,,,0,False,False,0.0,False,6.19,6.08,20.0,
63.25,23288,336.576,-840.986,-0.007,5.806,30.0,1202,-1,51.65,False,-1,True,True,0.0,0.3,-0.002,False,False,-0.008,0.004,114.675,1202,57.54,,,,,0,False,False,0.0,False,5.89,6.03,20.0,
63.3,23289,336.457,-840.727,-0.006,5.666,30.0,1202,-1,51.93,False,-1,True,True,0.0,0.3,0.003,False,False,-0.098,0.0,114.704,1202,61.51,,,,,0,False,False,0.0,False,9.58,5.9,20.0,
63.35,23290,336.342,-840.478,-0.006,5.395,30.0,1202,-1,52.21,False,-1,True,True,0.0,0.3,-0.002,False,False,-0.175,0.003,114.679,1202,61.51,,,,,0,False,False,0.0,False,9.3,5.83,20.0,
63.4,23291,336.231,-840.236,-0.005,5.283,30.0,1202,-1,52.47,False,-1,True,True,0.536,0.0,0.002,False,False,-0.221,-0.001,114.708,1202,61.51,,,,,0,False,False,0.0,False,9.04,5.7,20.0,
63.45,23292,336.124,-840.002,-0.005,5.08,30.0,1202,-1,52.73,False,-1,True,True,0.75,0.0,-0.002,False,False,-0.242,0.001,114.674,1202,61.51,,,,,0,False,False,0.0,False,8.78,5.64,20.0,
63.5,23293,336.017,-839.771,-0.005,5.122,30.0,1202,-1,52.99,False,-1,True,True,0.75,0.0,0.003,False,False,-0.213,-0.003,114.691,1202,61.51,,,,,0,False,False,0.0,False,8.52,5.54,20.0,
63.55,23294,335.91,-839.54,-0.006,5.048,30.0,1202,-1,53.24,False,-1,True,True,0.75,0.0,-0.001,False,False,-0.16,-0.002,114.658,1202,61.51,,,,,0,False,False,0.0,False,8.27,5.56,20.0,
63.6,23295,335.807,-839.314,-0.006,4.801,30.0,1202,-1,53.49,False,-1,True,True,0.75,0.0,0.003,False,False,-0.152,-0.004,114.693,1202,61.51,,,,,0,False,False,0.0,False,8.02,5.52,20.0,
63.65,23296,335.712,-839.107,-0.005,4.434,30.0,1202,-1,53.72,False,-1,True,True,0.75,0.0,-0.002,False,False,-0.24,-0.0,114.725,1202,61.51,,,,,0,False,False,0.0,False,7.79,5.4,20.0,
63.7,23297,335.623,-838.912,-0.005,4.21,30.0,1202,-1,53.93,False,-1,True,True,0.75,0.0,-0.003,False,False,-0.31,0.005,114.724,1202,61.51,,,,,0,False,False,0.0,False,7.58,5.22,20.0,
63.75,23298,335.536,-838.725,-0.005,4.1,30.0,1202,-1,54.14,False,-1,True,True,0.75,0.0,-0.001,False,False,-0.323,0.004,114.719,1202,61.51,,,,,0,False,False,0.0,False,7.37,5.11,20.0,
63.8,23299,335.451,-838.539,-0.005,4.07,30.0,1202,-1,54.34,False,-1,True,True,0.75,0.0,-0.0,False,False,-0.282,0.001,114.717,1202,61.51,,,,,0,False,False,0.0,False,7.17,5.05,20.0,
63.85,23300,335.366,-838.353,-0.006,4.094,30.0,1202,-1,54.55,False,-1,True,True,0.75,0.0,-0.0,False,False,-0.207,0.0,114.715,1202,61.51,,,,,0,False,False,0.0,False,6.96,5.04,20.0,
63.9,23301,335.279,-838.165,-0.006,4.15,30.0,1202,-1,54.75,False,-1,True,True,0.75,0.0,-0.0,False,False,-0.119,-0.0,114.713,1202,61.51,,,,,0,False,False,0.0,False,6.76,5.05,20.0,
63.95,23302,335.191,-837.974,-0.007,4.226,30.0,1202,-1,54.96,False,-1,True,True,0.75,0.0,-0.0,False,False,-0.033,-0.001,114.712,1202,61.51,,,,,0,False,False,0.0,False,6.55,5.07,20.0,
64.0,23303,335.101,-837.779,-0.008,4.314,30.0,1202,-1,55.18,False,-1,True,True,0.75,0.0,-0.0,False,False,0.043,-0.001,114.71,1202,61.51,,,,,0,False,False,0.0,False,6.33,5.11,20.0,
64.05,23304,335.01,-837.58,-0.008,4.409,30.0,1202,-1,55.4,False,-1,True,True,0.75,0.0,-0.0,False,False,0.106,-0.0,114.709,1202,61.51,,,,,0,False,False,0.0,False,6.11,5.16,20.0,
64.1,23305,334.916,-837.377,-0.009,4.509,30.0,1202,-1,55.62,False,-1,True,True,0.75,0.0,-0.0,False,False,0.154,-0.0,114.708,1202,61.51,,,,,0,False,False,0.0,False,5.89,5.2,20.0,
64.15,23306,334.821,-837.169,-0.009,4.611,30.0,1202,-1,55.85,False,-1,True,True,0.75,0.0,-0.0,False,False,0.19,-0.0,114.707,1202,61.51,,,,,0,False,False,0.0,False,5.66,5.25,20.0,
64.2,23307,334.723,-836.956,-0.009,4.715,30.0,1202,-1,56.08,False,-1,True,True,0.75,0.0,-0.0,False,False,0.216,-0.0,114.706,1202,61.51,,,,,0,False,False,0.0,False,5.43,5.31,20.0,
64.25,23308,334.623,-836.739,-0.009,4.82,30.0,1202,-1,56.32,False,-1,True,True,0.75,0.0,-0.0,False,False,0.234,-0.0,114.705,1202,61.51,,,,,0,False,False,0.0,False,5.19,5.36,20.0,
64.3,23309,334.521,-836.517,-0.009,4.924,30.0,1202,-1,56.57,False,-1,True,True,0.75,0.0,0.0,False,False,0.245,-0.001,114.706,1202,65.48,,,,,0,False,False,0.0,False,8.91,5.41,20.0,
64.35,23310,334.417,-836.291,-0.009,5.028,30.0,1202,-1,56.82,False,-1,True,True,0.75,0.0,-0.0,False,False,0.253,-0.0,114.706,1202,65.48,,,,,0,False,False,0.0,False,8.66,5.46,20.0,
64.4,23311,334.31,-836.06,-0.009,5.129,30.0,1202,-1,57.07,False,-1,True,True,0.75,0.0,-0.0,False,False,0.258,-0.0,114.705,1202,65.48,,,,,0,False,False,0.0,False,8.41,5.51,20.0,
64.45,23312,334.202,-835.824,-0.009,5.267,30.0,1202,-1,57.33,False,-1,True,True,0.75,0.0,-0.0,False,False,0.261,-0.0,114.705,1202,65.48,,,,,0,False,False,0.0,False,8.15,5.56,20.0,
64.5,23313,334.091,-835.584,-0.009,5.295,30.0,1202,-1,57.59,False,-1,True,True,0.75,0.0,-0.0,False,False,0.257,0.0,114.705,1202,65.48,,,,,0,False,False,0.0,False,7.88,5.63,20.0,
64.55,23314,333.978,-835.338,-0.009,5.471,30.0,1202,-1,57.86,False,-1,True,True,0.75,0.0,-0.0,False,False,0.261,0.0,114.702,1202,65.48,,,,,0,False,False,0.0,False,7.61,5.65,20.0,
64.6,23315,333.865,-835.091,-0.009,5.422,30.0,1202,-1,58.14,False,-1,True,True,0.356,0.0,0.0,False,False,0.243,-0.001,114.718,1202,65.48,,,,,0,False,False,0.0,False,7.34,5.74,20.0,
64.65,23316,333.751,-834.844,-0.009,5.444,30.0,1202,-1,58.41,False,-1,True,True,0.524,0.0,-0.001,False,False,0.197,0.002,114.692,1202,65.48,,,,,0,False,False,0.0,False,7.07,5.71,20.0,
64.7,23317,333.639,-834.6,-0.008,5.324,30.0,1202,-1,58.68,False,-1,True,True,0.44,0.0,0.002,False,False,0.136,-0.001,114.728,1202,65.48,,,,,0,False,False,0.0,False,6.8,5.72,20.0,
64.75,23318,333.528,-834.359,-0.008,5.338,30.0,1202,-1,58.94,False,-1,True,True,0.75,0.0,-0.003,False,False,0.089,0.003,114.705,1202,65.48,,,,,0,False,False,0.0,False,6.53,5.66,20.0,
64.8,23319,333.418,-834.119,-0.007,5.232,30.0,1202,-1,59.21,False,-1,True,True,0.75,0.0,0.002,False,False,0.049,-0.0,114.74,1202,65.48,,,,,0,False,False,0.0,False,6.27,5.67,20.0,
64.85,23320,333.308,-833.88,-0.007,5.282,30.0,1202,-1,59.47,False,-1,True,True,0.75,0.0,-0.003,False,False,0.034,0.003,114.715,1202,65.48,,,,,0,False,False,0.0,False,6.01,5.62,20.0,
64.9,23321,333.199,-833.642,-0.007,5.212,30.0,1202,-1,59.73,False,-1,True,True,0.75,0.0,0.002,False,False,0.028,-0.001,114.748,1202,65.48,,,,,0,False,False,0.0,False,5.75,5.64,20.0,
64.95,23322,333.089,-833.403,-0.007,5.298,30.0,1202,-1,59.99,False,-1,True,True,0.75,0.0,-0.003,False,False,0.041,0.002,114.722,1202,65.48,,,,,0,False,False,0.0,False,5.48,5.61,20.0,
65.0,23323,332.979,-833.164,-0.008,5.248,30.0,1202,-1,60.26,False,-1,True,True,0.75,0.0,0.001,False,False,0.052,-0.001,114.752,1202,69.45,,,,,0,False,False,0.0,False,9.19,5.65,20.0,
65.05,23324,332.869,-832.924,-0.008,5.314,30.0,1202,-1,60.52,False,-1,True,True,0.75,0.0,-0.003,False,False,0.064,0.002,114.719,1202,69.45,,,,,0,False,False,0.0,False,8.92,5.62,20.0,
65.1,23325,332.759,-832.684,-0.008,5.24,30.0,1202,-1,60.79,False,-1,True,True,0.75,0.0,0.002,False,False,0.062,-0.002,114.744,1202,69.45,,,,,0,False,False,0.0,False,8.66,5.66,20.0,
65.15,23326,332.642,-832.432,-0.009,5.759,30.0,1202,-1,61.06,False,-1,True,True,0.75,0.0,-0.003,False,False,0.167,0.001,114.693,1202,69.45,,,,,0,False,False,0.0,False,8.38,5.62,20.0,
65.2,23327,332.517,-832.16,-0.01,6.065,30.0,1202,-1,61.36,False,-1,True,True,0.0,0.3,0.004,False,False,0.323,-0.006,114.684,1202,69.45,,,,,0,False,False,0.0,False,8.08,5.88,20.0,
65.25,23328,332.386,-831.876,-0.011,6.338,30.0,1202,-1,61.68,False,-1,True,True,0.0,0.3,0.001,False,False,0.422,-0.008,114.691,1202,69.45,,,,,0,False,False,0.0,False,7.77,6.03,20.0,
65.3,23329,332.254,-831.588,-0.011,6.32,30.0,1202,-1,61.99,False,-1,True,True,0.0,0.3,0.0,False,False,0.419,-0.004,114.696,1202,69.45,,,,,0,False,False,0.0,False,7.45,6.17,20.0,
65.35,23330,332.121,-831.301,-0.01,6.325,30.0,1202,-1,62.31,False,-1,True,True,0.0,0.3,0.0,False,False,0.349,-0.001,114.699,1202,69.45,,,,,0,False,False,0.0,False,7.14,6.16,20.0,
65.4,23331,331.992,-831.02,-0.009,6.135,30.0,1202,-1,62.62,False,-1,True,True,0.0,0.3,0.0,False,False,0.233,0.001,114.688,1202,69.45,,,,,0,False,False,0.0,False,6.83,6.16,20.0,
65.45,23332,331.866,-830.745,-0.008,6.026,30.0,1202,-1,62.92,False,-1,True,True,0.0,0.3,0.001,False,False,0.113,-0.0,114.717,1202,69.45,,,,,0,False,False,0.0,False,6.53,6.07,20.0,
65.5,23333,331.743,-830.479,-0.007,5.778,30.0,1202,-1,63.21,False,-1,True,True,0.0,0.3,-0.002,False,False,-0.003,0.004,114.691,1202,69.45,,,,,0,False,False,0.0,False,6.23,6.01,20.0,
65.55,23334,331.625,-830.221,-0.006,5.639,30.0,1202,-1,63.5,False,-1,True,True,0.0,0.3,0.002,False,False,-0.094,0.001,114.719,1202,69.45,,,,,0,False,False,0.0,False,5.95,5.89,20.0,
65.6,23335,331.51,-829.972,-0.006,5.369,30.0,1202,-1,63.77,False,-1,True,True,0.0,0.3,-0.002,False,False,-0.172,0.003,114.692,1202,69.45,,,,,0,False,False,0.0,False,5.68,5.82,20.0,
65.65,23336,331.4,-829.732,-0.005,5.257,30.0,1202,-1,64.03,False,-1,True,True,0.633,0.0,0.002,False,False,-0.218,-0.0,114.721,1202,73.42,,,,,0,False,False,0.0,False,9.38,5.68,20.0,
65.7,23337,331.293,-829.499,-0.005,5.055,30.0,1202,-1,64.29,False,-1,True,True,0.75,0.0,-0.002,False,False,-0.239,0.001,114.686,1202,73.42,,,,,0,False,False,0.0,False,9.12,5.63,20.0,
65.75,23338,331.187,-829.269,-0.005,5.098,30.0,1202,-1,64.55,False,-1,True,True,0.75,0.0,0.003,False,False,-0.211,-0.003,114.702,1202,73.42,,,,,0,False,False,0.0,False,8.87,5.53,20.0,
65.8,23339,331.081,-829.039,-0.006,5.023,30.0,1202,-1,64.8,False,-1,True,True,0.75,0.0,-0.001,False,False,-0.158,-0.002,114.669,1202,73.42,,,,,0,False,False,0.0,False,8.62,5.55,20.0,
65.85,23340,330.977,-828.814,-0.006,4.777,30.0,1202,-1,65.05,False,-1,True,True,0.75,0.0,0.003,False,False,-0.147,-0.005,114.692,1202,73.42,,,,,0,False,False,0.0,False,8.37,5.51,20.0,
65.9,23341,330.883,-828.608,-0.005,4.412,30.0,1202,-1,65.27,False,-1,True,True,0.75,0.0,-0.001,False,False,-0.238,-0.002,114.714,1202,73.42,,,,,0,False,False,0.0,False,8.14,5.39,20.0,
65.95,23342,330.794,-828.415,-0.005,4.19,30.0,1202,-1,65.49,False,-1,True,True,0.75,0.0,-0.002,False,False,-0.309,0.003,114.714,1202,73.42,,,,,0,False,False,0.0,False,7.93,5.21,20.0,
66.0,23343,330.708,-828.228,-0.005,4.081,30.0,1202,-1,65.69,False,-1,True,True,0.75,0.0,-0.0,False,False,-0.321,0.003,114.712,1202,73.42,,,,,0,False,False,0.0,False,7.72,5.1,20.0,
66.05,23344,330.623,-828.043,-0.005,4.053,30.0,1202,-1,65.89,False,-1,True,True,0.75,0.0,0.0,False,False,-0.28,0.002,114.712,1202,73.42,,,,,0,False,False,0.0,False,7.52,5.04,20.0,
66.1,23345,330.537,-827.858,-0.006,4.078,30.0,1202,-1,66.1,False,-1,True,True,0.75,0.0,-0.0,False,False,-0.205,0.001,114.711,1202,73.42,,,,,0,False,False,0.0,False,7.32,5.03,20.0,
66.15,23346,330.451,-827.671,-0.006,4.134,30.0,1202,-1,66.3,False,-1,True,True,0.75,0.0,-0.0,False,False,-0.117,0.001,114.711,1202,73.42,,,,,0,False,False,0.0,False,7.11,5.04,20.0,
66.2,23347,330.364,-827.48,-0.007,4.21,30.0,1202,-1,66.51,False,-1,True,True,0.75,0.0,-0.0,False,False,-0.031,0.0,114.71,1202,73.42,,,,,0,False,False,0.0,False,6.9,5.07,20.0,
66.25,23348,330.274,-827.286,-0.008,4.299,30.0,1202,-1,66.73,False,-1,True,True,0.75,0.0,-0.0,False,False,0.045,0.0,114.71,1202,73.42,,,,,0,False,False,0.0,False,6.69,5.11,20.0,
66.3,23349,330.183,-827.087,-0.008,4.395,30.0,1202,-1,66.95,False,-1,True,True,0.75,0.0,0.0,False,False,0.107,-0.0,114.71,1202,73.42,,,,,0,False,False,0.0,False,6.47,5.15,20.0,
66.35,23350,330.09,-826.885,-0.009,4.495,30.0,1202,-1,67.17,False,-1,True,True,0.75,0.0,-0.0,False,False,0.155,-0.0,114.71,1202,73.42,,,,,0,False,False,0.0,False,6.25,5.2,20.0,
66.4,23351,329.994,-826.677,-0.009,4.597,30.0,1202,-1,67.4,False,-1,True,True,0.75,0.0,-0.0,False,False,0.191,-0.0,114.71,1202,73.42,,,,,0,False,False,0.0,False,6.02,5.25,20.0,
66.45,23352,329.897,-826.466,-0.009,4.701,30.0,1202,-1,67.63,False,-1,True,True,0.75,0.0,-0.0,False,False,0.216,-0.0,114.71,1202,73.42,,,,,0,False,False,0.0,False,5.78,5.3,20.0,
66.5,23353,329.797,-826.249,-0.009,4.806,30.0,1202,-1,67.87,False,-1,True,True,0.75,0.0,-0.0,False,False,0.234,-0.0,114.71,1202,73.42,,,,,0,False,False,0.0,False,5.55,5.35,20.0,
66.55,23354,329.695,-826.028,-0.009,4.91,30.0,1202,-1,68.11,False,-1,True,True,0.75,0.0,-0.0,False,False,0.246,-0.0,114.71,1202,73.42,,,,,0,False,False,0.0,False,5.3,5.4,20.0,
66.6,23355,329.591,-825.802,-0.009,5.014,30.0,1202,-1,68.36,False,-1,True,True,0.75,0.0,-0.0,False,False,0.253,0.0,114.709,1202,77.39,,,,,0,False,False,0.0,False,9.02,5.46,20.0,
66.65,23356,329.485,-825.571,-0.009,5.119,30.0,1202,-1,68.62,False,-1,True,True,0.75,0.0,-0.0,False,False,0.258,0.0,114.709,1202,77.39,,,,,0,False,False,0.0,False,8.77,5.51,20.0,
66.7,23357,329.377,-825.336,-0.009,5.179,30.0,1202,-1,68.87,False,-1,True,True,0.75,0.0,0.0,False,False,0.257,0.0,114.709,1202,77.39,,,,,0,False,False,0.0,False,8.51,5.56,20.0,
66.75,23358,329.267,-825.096,-0.009,5.355,30.0,1202,-1,69.14,False,-1,True,True,0.75,0.0,-0.0,False,False,0.261,-0.0,114.712,1202,77.39,,,,,0,False,False,0.0,False,8.25,5.59,20.0,
66.8,23359,329.155,-824.854,-0.009,5.3,30.0,1202,-1,69.4,False,-1,True,True,0.75,0.0,-0.0,False,False,0.24,0.001,114.693,1202,77.39,,,,,0,False,False,0.0,False,7.98,5.68,20.0,
66.85,23360,329.044,-824.612,-0.009,5.355,30.0,1202,-1,69.67,False,-1,True,True,0.75,0.0,0.002,False,False,0.202,-0.003,114.719,1202,77.39,,,,,0,False,False,0.0,False,7.71,5.65,20.0,
66.9,23361,328.933,-824.371,-0.008,5.286,30.0,1202,-1,69.94,False,-1,True,True,0.75,0.0,-0.002,False,False,0.158,0.001,114.684,1202,77.39,,,,,0,False,False,0.0,False,7.45,5.68,20.0,
66.95,23362,328.821,-824.129,-0.008,5.372,30.0,1202,-1,70.2,False,-1,True,True,0.75,0.0,0.003,False,False,0.135,-0.003,114.707,1202,77.39,,,,,0,False,False,0.0,False,7.18,5.64,20.0,
67.0,23363,328.71,-823.887,-0.008,5.308,30.0,1202,-1,70.47,False,-1,True,True,0.694,0.0,-0.002,False,False,0.114,0.0,114.677,1202,77.39,,,,,0,False,False,0.0,False,6.91,5.69,20.0,
67.05,23364,328.598,-823.644,-0.008,5.375,30.0,1202,-1,70.74,False,-1,True,True,0.75,0.0,0.003,False,False,0.103,-0.003,114.708,1202,77.39,,,,,0,False,False,0.0,False,6.65,5.65,20.0,
67.1,23365,328.486,-823.4,-0.008,5.454,30.0,1202,-1,71.01,False,-1,True,True,0.675,0.0,-0.002,False,False,0.105,0.002,114.706,1202,77.39,,,,,0,False,False,0.0,False,6.38,5.69,20.0,
67.15,23366,328.365,-823.136,-0.009,5.969,30.0,1202,-1,71.3,False,-1,True,True,0.388,0.0,0.0,False,False,0.242,0.002,114.728,1202,77.39,,,,,0,False,False,0.0,False,6.09,5.73,20.0,
67.2,23367,328.237,-822.858,-0.01,6.172,30.0,1202,-1,71.6,False,-1,True,True,0.0,0.3,-0.002,False,False,0.365,0.005,114.731,1202,77.39,,,,,0,False,False,0.0,False,5.78,5.98,20.0,
67.25,23368,328.106,-822.573,-0.011,6.326,30.0,1202,-1,71.92,False,-1,True,True,0.0,0.3,-0.001,False,False,0.405,0.004,114.726,1202,81.36,,,,,0,False,False,0.0,False,9.44,6.09,20.0,
67.3,23369,327.975,-822.288,-0.01,6.221,30.0,1202,-1,72.23,False,-1,True,True,0.0,0.3,-0.0,False,False,0.352,0.001,114.723,1202,81.36,,,,,0,False,False,0.0,False,9.12,6.16,20.0,
67.35,23370,327.846,-822.007,-0.009,6.173,30.0,1202,-1,72.54,False,-1,True,True,0.0,0.3,-0.0,False,False,0.256,-0.001,114.712,1202,81.36,,,,,0,False,False,0.0,False,8.81,6.11,20.0,
67.4,23371,327.72,-821.734,-0.008,5.95,30.0,1202,-1,72.84,False,-1,True,True,0.0,0.3,0.001,False,False,0.134,-0.003,114.733,1202,81.36,,,,,0,False,False,0.0,False,8.51,6.09,20.0,
67.45,23372,327.598,-821.468,-0.007,5.827,30.0,1202,-1,73.13,False,-1,True,True,0.0,0.3,-0.002,False,False,0.024,-0.0,114.704,1202,81.36,,,,,0,False,False,0.0,False,8.22,5.98,20.0,
67.5,23373,327.479,-821.211,-0.006,5.569,30.0,1202,-1,73.41,False,-1,True,True,0.0,0.3,0.002,False,False,-0.077,-0.004,114.729,1202,81.36,,,,,0,False,False,0.0,False,7.94,5.91,20.0,
67.55,23374,327.365,-820.962,-0.006,5.453,30.0,1202,-1,73.69,False,-1,True,True,0.0,0.079,-0.002,False,False,-0.147,-0.0,114.702,1202,81.36,,,,,0,False,False,0.0,False,7.66,5.78,20.0,
67.6,23375,327.254,-820.721,-0.005,5.233,30.0,1202,-1,73.95,False,-1,True,True,0.337,0.0,0.002,False,False,-0.194,-0.002,114.736,1202,81.36,,,,,0,False,False,0.0,False,7.4,5.73,20.0,
67.65,23376,327.145,-820.485,-0.005,5.164,30.0,1202,-1,74.21,False,-1,True,True,0.75,0.0,-0.003,False,False,-0.209,0.003,114.713,1202,81.36,,,,,0,False,False,0.0,False,7.14,5.62,20.0,
67.7,23377,327.04,-820.255,-0.005,5.005,30.0,1202,-1,74.47,False,-1,True,True,0.75,0.0,0.001,False,False,-0.209,0.001,114.752,1202,81.36,,,,,0,False,False,0.0,False,6.88,5.58,20.0,
67.75,23378,326.934,-820.025,-0.006,5.077,30.0,1202,-1,74.72,False,-1,True,True,0.75,0.0,-0.004,False,False,-0.162,0.005,114.729,1202,81.36,,,,,0,False,False,0.0,False,6.63,5.5,20.0,
67.8,23379,326.829,-819.796,-0.006,5.001,30.0,1202,-1,74.97,False,-1,True,True,0.75,0.0,0.001,False,False,-0.112,0.001,114.757,1202,81.36,,,,,0,False,False,0.0,False,6.38,5.54,20.0,
67.85,23380,326.729,-819.579,-0.006,4.626,30.0,1202,-1,75.21,False,-1,True,True,0.75,0.0,-0.003,False,False,-0.156,0.002,114.732,1202,81.36,,,,,0,False,False,0.0,False,6.14,5.5,20.0,
67.9,23381,326.636,-819.378,-0.005,4.35,30.0,1202,-1,75.43,False,-1,True,True,0.75,0.0,0.001,False,False,-0.24,-0.001,114.723,1202,81.36,,,,,0,False,False,0.0,False,5.92,5.31,20.0,
67.95,23382,326.548,-819.185,-0.005,4.199,30.0,1202,-1,75.64,False,-1,True,True,0.75,0.0,0.0,False,False,-0.284,-0.003,114.723,1202,81.36,,,,,0,False,False,0.0,False,5.71,5.17,20.0,
68.0,23383,326.461,-818.996,-0.005,4.141,30.0,1202,-1,75.85,False,-1,True,True,0.75,0.0,-0.0,False,False,-0.272,-0.003,114.722,1202,81.36,,,,,0,False,False,0.0,False,5.5,5.1,20.0,
68.05,23384,326.374,-818.807,-0.005,4.146,30.0,1202,-1,76.06,False,-1,True,True,0.75,0.0,-0.0,False,False,-0.216,-0.002,114.721,1202,81.36,,,,,0,False,False,0.0,False,5.29,5.07,20.0,
68.1,23385,326.286,-818.617,-0.006,4.19,30.0,1202,-1,76.27,False,-1,True,True,0.75,0.0,-0.0,False,False,-0.139,-0.001,114.72,1202,81.36,,,,,0,False,False,0.0,False,5.08,5.07,20.0,
68.15,23386,326.198,-818.425,-0.007,4.258,30.0,1202,-1,76.48,False,-1,True,True,0.75,0.0,-0.0,False,False,-0.056,-0.0,114.718,1202,85.32,,,,,0,False,False,0.0,False,8.84,5.1,20.0,
68.2,23387,326.107,-818.228,-0.007,4.341,30.0,1202,-1,76.7,False,-1,True,True,0.75,0.0,-0.0,False,False,0.02,-0.0,114.717,1202,85.32,,,,,0,False,False,0.0,False,8.62,5.13,20.0,
68.25,23388,326.015,-818.028,-0.008,4.433,30.0,1202,-1,76.92,False,-1,True,True,0.75,0.0,-0.0,False,False,0.086,-0.0,114.717,1202,85.32,,,,,0,False,False,0.0,False,8.4,5.17,20.0,
68.3,23389,325.921,-817.824,-0.008,4.531,30.0,1202,-1,77.14,False,-1,True,True,0.75,0.0,-0.0,False,False,0.138,-0.0,114.716,1202,85.32,,,,,0,False,False,0.0,False,8.18,5.22,20.0,
68.35,23390,325.825,-817.615,-0.009,4.632,30.0,1202,-1,77.37,False,-1,True,True,0.75,0.0,-0.0,False,False,0.177,-0.0,114.715,1202,85.32,,,,,0,False,False,0.0,False,7.95,5.27,20.0,
68.4,23391,325.727,-817.401,-0.009,4.735,30.0,1202,-1,77.61,False,-1,True,True,0.75,0.0,-0.0,False,False,0.206,-0.0,114.715,1202,85.32,,,,,0,False,False,0.0,False,7.71,5.32,20.0,
68.45,23392,325.626,-817.183,-0.009,4.838,30.0,1202,-1,77.85,False,-1,True,True,0.75,0.0,-0.0,False,False,0.226,-0.0,114.715,1202,85.32,,,,,0,False,False,0.0,False,7.47,5.37,20.0,
68.5,23393,325.524,-816.961,-0.009,4.942,30.0,1202,-1,78.09,False,-1,True,True,0.75,0.0,-0.0,False,False,0.24,-0.0,114.714,1202,85.32,,,,,0,False,False,0.0,False,7.23,5.42,20.0,
68.55,23394,325.419,-816.733,-0.009,5.046,30.0,1202,-1,78.34,False,-1,True,True,0.75,0.0,-0.0,False,False,0.25,-0.0,114.714,1202,85.32,,,,,0,False,False,0.0,False,6.98,5.47,20.0,
68.6,23395,325.312,-816.501,-0.009,5.156,30.0,1202,-1,78.6,False,-1,True,True,0.75,0.0,-0.0,False,False,0.256,0.0,114.714,1202,85.32,,,,,0,False,False,0.0,False,6.72,5.52,20.0,
68.65,23396,325.204,-816.265,-0.009,5.209,30.0,1202,-1,78.86,False,-1,True,True,0.75,0.0,-0.0,False,False,0.255,0.0,114.713,1202,85.32,,,,,0,False,False,0.0,False,6.46,5.58,20.0,
68.7,23397,325.092,-816.023,-0.009,5.386,30.0,1202,-1,79.13,False,-1,True,True,0.75,0.0,-0.0,False,False,0.26,0.0,114.71,1202,85.32,,,,,0,False,False,0.0,False,6.2,5.6,20.0,
68.75,23398,324.981,-815.78,-0.009,5.329,30.0,1202,-1,79.39,False,-1,True,True,0.671,0.0,0.0,False,False,0.239,-0.001,114.728,1202,85.32,,,,,0,False,False,0.0,False,5.93,5.69,20.0,
68.8,23399,324.869,-815.537,-0.009,5.377,30.0,1202,-1,79.66,False,-1,True,True,0.75,0.0,-0.002,False,False,0.199,0.002,114.702,1202,85.32,,,,,0,False,False,0.0,False,5.66,5.66,20.0,
68.85,23400,324.758,-815.295,-0.008,5.3,30.0,1202,-1,79.93,False,-1,True,True,0.688,0.0,0.002,False,False,0.153,-0.001,114.737,1202,89.29,,,,,0,False,False,0.0,False,9.36,5.69,20.0,
68.9,23401,324.646,-815.053,-0.008,5.375,30.0,1202,-1,80.19,False,-1,True,True,0.75,0.0,-0.003,False,False,0.126,0.003,114.713,1202,89.29,,,,,0,False,False,0.0,False,9.09,5.65,20.0,
68.95,23402,324.535,-814.81,-0.008,5.324,30.0,1202,-1,80.46,False,-1,True,True,0.682,0.0,0.002,False,False,0.107,-0.0,114.745,1202,89.29,,,,,0,False,False,0.0,False,8.83,5.69,20.0,
69.0,23403,324.422,-814.566,-0.008,5.404,30.0,1202,-1,80.73,False,-1,True,True,0.75,0.0,-0.003,False,False,0.103,0.003,114.718,1202,89.29,,,,,0,False,False,0.0,False,8.56,5.66,20.0,
69.05,23404,324.31,-814.322,-0.008,5.331,30.0,1202,-1,81.0,False,-1,True,True,0.569,0.0,0.002,False,False,0.09,-0.001,114.744,1202,89.29,,,,,0,False,False,0.0,False,8.29,5.7,20.0,
69.1,23405,324.198,-814.078,-0.008,5.443,30.0,1202,-1,81.27,False,-1,True,True,0.75,0.0,-0.003,False,False,0.089,0.002,114.718,1202,89.29,,,,,0,False,False,0.0,False,8.02,5.67,20.0,
69.15,23406,324.078,-813.818,-0.009,5.845,30.0,1202,-1,81.55,False,-1,True,True,0.425,0.0,0.002,False,False,0.203,-0.002,114.693,1202,89.29,,,,,0,False,False,0.0,False,7.74,5.72,20.0,
69.2,23407,323.95,-813.541,-0.01,6.222,30.0,1202,-1,81.86,False,-1,True,True,0.0,0.3,0.002,False,False,0.346,-0.007,114.691,1202,89.29,,,,,0,False,False,0.0,False,7.43,5.92,20.0,
69.25,23408,323.819,-813.256,-0.011,6.262,30.0,1202,-1,82.17,False,-1,True,True,0.0,0.3,0.001,False,False,0.395,-0.005,114.696,1202,89.29,,,,,0,False,False,0.0,False,7.12,6.11,20.0,
69.3,23409,323.687,-812.97,-0.01,6.31,30.0,1202,-1,82.49,False,-1,True,True,0.0,0.3,0.0,False,False,0.363,-0.002,114.699,1202,89.29,,,,,0,False,False,0.0,False,6.8,6.13,20.0,
69.35,23410,323.558,-812.689,-0.009,6.143,30.0,1202,-1,82.8,False,-1,True,True,0.0,0.3,0.0,False,False,0.268,0.001,114.69,1202,89.29,,,,,0,False,False,0.0,False,6.49,6.16,20.0,
69.4,23411,323.431,-812.413,-0.008,6.046,30.0,1202,-1,83.1,False,-1,True,True,0.0,0.3,0.001,False,False,0.154,0.0,114.716,1202,89.29,,,,,0,False,False,0.0,False,6.19,6.07,20.0,
69.45,23412,323.308,-812.146,-0.007,5.806,30.0,1202,-1,83.39,False,-1,True,True,0.0,0.3,-0.002,False,False,0.036,0.004,114.691,1202,89.29,,,,,0,False,False,0.0,False,5.9,6.02,20.0,
69.5,23413,323.189,-811.887,-0.007,5.673,30.0,1202,-1,83.68,False,-1,True,True,0.0,0.3,0.002,False,False,-0.06,0.001,114.719,1202,93.26,,,,,0,False,False,0.0,False,9.58,5.9,20.0,
69.55,23414,323.074,-811.637,-0.006,5.407,30.0,1202,-1,83.95,False,-1,True,True,0.0,0.3,-0.002,False,False,-0.145,0.004,114.692,1202,93.26,,,,,0,False,False,0.0,False,9.3,5.84,20.0,
69.6,23415,322.963,-811.395,-0.005,5.297,30.0,1202,-1,84.22,False,-1,True,True,0.503,0.0,0.002,False,False,-0.197,-0.0,114.72,1202,93.26,,,,,0,False,False,0.0,False,9.04,5.7,20.0,
69.65,23416,322.855,-811.16,-0.005,5.097,30.0,1202,-1,84.48,False,-1,True,True,0.75,0.0,-0.002,False,False,-0.223,0.001,114.686,1202,93.26,,,,,0,False,False,0.0,False,8.78,5.65,20.0,
69.7,23417,322.749,-810.93,-0.005,5.061,30.0,1202,-1,84.73,False,-1,True,True,0.75,0.0,0.003,False,False,-0.216,-0.003,114.71,1202,93.26,,,,,0,False,False,0.0,False,8.53,5.55,20.0,
69.75,23418,322.643,-810.701,-0.006,5.022,30.0,1202,-1,84.98,False,-1,True,True,0.75,0.0,-0.002,False,False,-0.174,0.001,114.665,1202,93.26,,,,,0,False,False,0.0,False,8.27,5.53,20.0,
69.8,23419,322.537,-810.472,-0.006,5.055,30.0,1202,-1,85.24,False,-1,True,True,0.75,0.0,0.004,False,False,-0.116,-0.005,114.672,1202,93.26,,,,,0,False,False,0.0,False,8.02,5.51,20.0,
69.85,23420,322.436,-810.251,-0.006,4.685,30.0,1202,-1,85.48,False,-1,True,True,0.75,0.0,0.001,False,False,-0.138,-0.004,114.704,1202,93.26,,,,,0,False,False,0.0,False,7.78,5.53,20.0,
69.9,23421,322.343,-810.048,-0.005,4.394,30.0,1202,-1,85.7,False,-1,True,True,0.75,0.0,-0.002,False,False,-0.223,0.001,114.714,1202,93.26,,,,,0,False,False,0.0,False,7.55,5.34,20.0,
69.95,23422,322.253,-809.853,-0.005,4.23,30.0,1202,-1,85.92,False,-1,True,True,0.75,0.0,-0.001,False,False,-0.273,0.004,114.712,1202,93.26,,,,,0,False,False,0.0,False,7.34,5.2,20.0,
70.0,23423,322.166,-809.663,-0.005,4.163,30.0,1202,-1,86.13,False,-1,True,True,0.75,0.0,0.0,False,False,-0.269,0.002,114.711,1202,93.26,,,,,0,False,False,0.0,False,7.13,5.12,20.0,
70.05,23424,322.079,-809.474,-0.005,4.162,30.0,1202,-1,86.33,False,-1,True,True,0.75,0.0,0.0,False,False,-0.219,0.001,114.711,1202,93.26,,,,,0,False,False,0.0,False,6.92,5.08,20.0,
70.1,23425,321.991,-809.283,-0.006,4.202,30.0,1202,-1,86.54,False,-1,True,True,0.75,0.0,-0.0,False,False,-0.145,0.0,114.711,1202,93.26,,,,,0,False,False,0.0,False,6.71,5.08,20.0,
70.15,23426,321.902,-809.09,-0.007,4.268,30.0,1202,-1,86.76,False,-1,True,True,0.75,0.0,-0.0,False,False,-0.063,0.0,114.711,1202,93.26,,,,,0,False,False,0.0,False,6.5,5.1,20.0,
70.2,23427,321.812,-808.893,-0.007,4.349,30.0,1202,-1,86.97,False,-1,True,True,0.75,0.0,0.0,False,False,0.013,-0.0,114.711,1202,93.26,,,,,0,False,False,0.0,False,6.28,5.13,20.0,
70.25,23428,321.719,-808.693,-0.008,4.44,30.0,1202,-1,87.19,False,-1,True,True,0.75,0.0,-0.0,False,False,0.079,-0.0,114.711,1202,93.26,,,,,0,False,False,0.0,False,6.06,5.17,20.0,
70.3,23429,321.625,-808.488,-0.008,4.537,30.0,1202,-1,87.42,False,-1,True,True,0.75,0.0,0.0,False,False,0.132,-0.0,114.711,1202,93.26,,,,,0,False,False,0.0,False,5.84,5.22,20.0,
70.35,23430,321.529,-808.279,-0.009,4.638,30.0,1202,-1,87.65,False,-1,True,True,0.75,0.0,-0.0,False,False,0.173,-0.0,114.711,1202,93.26,,,,,0,False,False,0.0,False,5.61,5.27,20.0,
70.4,23431,321.431,-808.065,-0.009,4.74,30.0,1202,-1,87.89,False,-1,True,True,0.75,0.0,-0.0,False,False,0.203,-0.0,114.711,1202,93.26,,,,,0,False,False,0.0,False,5.37,5.32,20.0,
70.45,23432,321.33,-807.847,-0.009,4.843,30.0,1202,-1,88.13,False,-1,True,True,0.75,0.0,-0.0,False,False,0.224,-0.0,114.71,1202,93.26,,,,,0,False,False,0.0,False,5.13,5.37,20.0,
70.5,23433,321.228,-807.624,-0.009,4.947,30.0,1202,-1,88.37,False,-1,True,True,0.75,0.0,-0.0,False,False,0.239,0.0,114.71,1202,97.23,,,,,0,False,False,0.0,False,8.86,5.42,20.0,
70.55,23434,321.123,-807.396,-0.009,5.051,30.0,1202,-1,88.62,False,-1,True,True,0.75,0.0,-0.0,False,False,0.248,0.0,114.71,1202,97.23,,,,,0,False,False,0.0,False,8.6,5.47,20.0,
70.6,23435,321.016,-807.164,-0.009,5.161,30.0,1202,-1,88.88,False,-1,True,True,0.75,0.0,-0.0,False,False,0.255,0.0,114.71,1202,97.23,,,,,0,False,False,0.0,False,8.35,5.53,20.0,
70.65,23436,320.907,-806.927,-0.009,5.214,30.0,1202,-1,89.14,False,-1,True,True,0.75,0.0,0.0,False,False,0.254,-0.0,114.71,1202,97.23,,,,,0,False,False,0.0,False,8.09,5.58,20.0,
70.7,23437,320.796,-806.686,-0.009,5.392,30.0,1202,-1,89.4,False,-1,True,True,0.75,0.0,-0.0,False,False,0.259,-0.0,114.71,1202,97.23,,,,,0,False,False,0.0,False,7.82,5.61,20.0,
70.75,23438,320.683,-806.44,-0.009,5.395,30.0,1202,-1,89.67,False,-1,True,True,0.648,0.0,-0.0,False,False,0.252,0.0,114.698,1202,97.23,,,,,0,False,False,0.0,False,7.55,5.7,20.0,
70.8,23439,320.57,-806.194,-0.009,5.435,30.0,1202,-1,89.94,False,-1,True,True,0.627,0.0,0.001,False,False,0.221,-0.002,114.723,1202,97.23,,,,,0,False,False,0.0,False,7.28,5.7,20.0,
70.85,23440,320.457,-805.951,-0.008,5.334,30.0,1202,-1,90.21,False,-1,True,True,0.475,0.0,-0.002,False,False,0.167,0.002,114.687,1202,97.23,,,,,0,False,False,0.0,False,7.01,5.72,20.0,
70.9,23441,320.346,-805.708,-0.008,5.368,30.0,1202,-1,90.48,False,-1,True,True,0.75,0.0,0.003,False,False,0.123,-0.003,114.71,1202,97.23,,,,,0,False,False,0.0,False,6.75,5.67,20.0,
70.95,23442,320.235,-805.467,-0.008,5.278,30.0,1202,-1,90.75,False,-1,True,True,0.707,0.0,-0.002,False,False,0.084,0.0,114.676,1202,97.23,,,,,0,False,False,0.0,False,6.48,5.68,20.0,
71.0,23443,320.124,-805.226,-0.008,5.341,30.0,1202,-1,91.01,False,-1,True,True,0.75,0.0,0.003,False,False,0.068,-0.003,114.7,1202,97.23,,,,,0,False,False,0.0,False,6.22,5.64,20.0,
71.05,23444,320.013,-804.985,-0.008,5.282,30.0,1202,-1,91.28,False,-1,True,True,0.75,0.0,-0.002,False,False,0.059,0.001,114.668,1202,97.23,,,,,0,False,False,0.0,False,5.95,5.67,20.0,
71.1,23445,319.901,-804.743,-0.008,5.372,30.0,1202,-1,91.54,False,-1,True,True,0.75,0.0,0.003,False,False,0.069,-0.002,114.693,1202,97.23,,,,,0,False,False,0.0,False,5.68,5.64,20.0,
71.15,23446,319.789,-804.501,-0.008,5.296,30.0,1202,-1,91.81,False,-1,True,True,0.68,0.0,-0.001,False,False,0.067,0.001,114.663,1202,101.2,,,,,0,False,False,0.0,False,9.39,5.69,20.0,
71.2,23447,319.678,-804.258,-0.008,5.363,30.0,1202,-1,92.08,False,-1,True,True,0.75,0.0,0.003,False,False,0.07,-0.002,114.696,1202,101.2,,,,,0,False,False,0.0,False,9.12,5.65,20.0,
71.25,23448,319.561,-804.005,-0.009,5.732,30.0,1202,-1,92.36,False,-1,True,True,0.711,0.0,-0.002,False,False,0.163,0.003,114.65,1202,101.2,,,,,0,False,False,0.0,False,8.84,5.68,20.0,
71.3,23449,319.435,-803.731,-0.01,6.172,30.0,1202,-1,92.66,False,-1,True,True,0.0,0.3,0.005,False,False,0.323,-0.003,114.647,1202,101.2,,,,,0,False,False,0.0,False,8.54,5.87,20.0,
71.35,23450,319.303,-803.446,-0.011,6.288,30.0,1202,-1,92.97,False,-1,True,True,0.0,0.3,0.002,False,False,0.408,-0.005,114.659,1202,101.2,,,,,0,False,False,0.0,False,8.22,6.09,20.0,
71.4,23451,319.17,-803.157,-0.011,6.393,30.0,1202,-1,93.29,False,-1,True,True,0.0,0.3,0.0,False,False,0.408,-0.001,114.668,1202,101.2,,,,,0,False,False,0.0,False,7.91,6.14,20.0,
71.45,23452,319.039,-802.871,-0.01,6.259,30.0,1202,-1,93.6,False,-1,True,True,0.0,0.3,0.0,False,False,0.328,0.002,114.672,1202,101.2,,,,,0,False,False,0.0,False,7.59,6.2,20.0,
71.5,23453,318.909,-802.589,-0.009,6.189,30.0,1202,-1,93.91,False,-1,True,True,0.0,0.3,0.001,False,False,0.22,0.003,114.688,1202,101.2,,,,,0,False,False,0.0,False,7.28,6.13,20.0,
71.55,23454,318.783,-802.315,-0.008,5.958,30.0,1202,-1,94.22,False,-1,True,True,0.0,0.3,-0.001,False,False,0.096,0.005,114.666,1202,101.2,,,,,0,False,False,0.0,False,6.98,6.09,20.0,
71.6,23455,318.661,-802.049,-0.007,5.828,30.0,1202,-1,94.51,False,-1,True,True,0.0,0.3,0.003,False,False,-0.011,0.001,114.697,1202,101.2,,,,,0,False,False,0.0,False,6.69,5.98,20.0,
71.65,23456,318.543,-801.792,-0.006,5.566,30.0,1202,-1,94.79,False,-1,True,True,0.0,0.3,-0.002,False,False,-0.106,0.004,114.673,1202,101.2,,,,,0,False,False,0.0,False,6.4,5.91,20.0,
71.7,23457,318.429,-801.543,-0.006,5.447,30.0,1202,-1,95.07,False,-1,True,True,0.0,0.075,0.002,False,False,-0.17,0.0,114.702,1202,101.2,,,,,0,False,False,0.0,False,6.13,5.78,20.0,
71.75,23458,318.318,-801.302,-0.005,5.211,30.0,1202,-1,95.33,False,-1,True,True,0.0,0.075,0.002,False,False,-0.215,-0.005,114.682,1202,101.2,,,,,0,False,False,0.0,False,5.86,5.72,20.0,
71.8,23459,318.21,-801.068,-0.005,5.117,30.0,1202,-1,95.59,False,-1,True,True,0.75,0.0,0.002,False,False,-0.233,-0.006,114.713,1202,101.2,,,,,0,False,False,0.0,False,5.61,5.61,20.0,
71.85,23460,318.104,-800.839,-0.005,5.018,30.0,1202,-1,95.84,False,-1,True,True,0.75,0.0,-0.003,False,False,-0.219,0.001,114.69,1202,101.2,,,,,0,False,False,0.0,False,5.35,5.56,20.0,
71.9,23461,317.998,-800.609,-0.006,5.086,30.0,1202,-1,96.09,False,-1,True,True,0.75,0.0,0.002,False,False,-0.16,-0.001,114.723,1202,105.17,,,,,0,False,False,0.0,False,9.07,5.51,20.0,
71.95,23462,317.895,-800.385,-0.006,4.751,30.0,1202,-1,96.34,False,-1,True,True,0.75,0.0,-0.003,False,False,-0.158,0.003,114.686,1202,105.17,,,,,0,False,False,0.0,False,8.82,5.54,20.0,
72.0,23463,317.801,-800.182,-0.005,4.348,30.0,1202,-1,96.56,False,-1,True,True,0.75,0.0,0.003,False,False,-0.257,0.001,114.637,1202,105.17,,,,,0,False,False,0.0,False,8.6,5.38,20.0,
72.05,23464,317.714,-799.993,-0.004,4.094,30.0,1202,-1,96.77,False,-1,True,True,0.75,0.0,0.005,False,False,-0.339,-0.005,114.64,1202,105.17,,,,,0,False,False,0.0,False,8.39,5.17,20.0,
72.1,23465,317.63,-799.811,-0.004,3.962,30.0,1202,-1,96.97,False,-1,True,True,0.75,0.0,0.002,False,False,-0.36,-0.003,114.65,1202,105.17,,,,,0,False,False,0.0,False,8.19,5.05,20.0,
72.15,23466,317.548,-799.632,-0.005,3.919,30.0,1202,-1,97.17,False,-1,True,True,0.75,0.0,0.001,False,False,-0.321,0.0,114.656,1202,105.17,,,,,0,False,False,0.0,False,7.99,4.98,20.0,
72.2,23467,317.466,-799.453,-0.005,3.935,30.0,1202,-1,97.37,False,-1,True,True,0.75,0.0,0.001,False,False,-0.244,0.002,114.661,1202,105.17,,,,,0,False,False,0.0,False,7.8,4.96,20.0,
72.25,23468,317.383,-799.272,-0.006,3.988,30.0,1202,-1,97.57,False,-1,True,True,0.75,0.0,0.001,False,False,-0.15,0.002,114.665,1202,105.17,,,,,0,False,False,0.0,False,7.6,4.97,20.0,
72.3,23469,317.298,-799.088,-0.007,4.063,30.0,1202,-1,97.77,False,-1,True,True,0.75,0.0,0.001,False,False,-0.057,0.002,114.669,1202,105.17,,,,,0,False,False,0.0,False,7.4,4.99,20.0,
72.35,23470,317.212,-798.901,-0.007,4.15,30.0,1202,-1,97.97,False,-1,True,True,0.75,0.0,0.001,False,False,0.025,0.002,114.673,1202,105.17,,,,,0,False,False,0.0,False,7.19,5.03,20.0,
72.4,23471,317.124,-798.709,-0.008,4.246,30.0,1202,-1,98.19,False,-1,True,True,0.75,0.0,0.0,False,False,0.093,0.001,114.676,1202,105.17,,,,,0,False,False,0.0,False,6.98,5.08,20.0,
72.45,23472,317.034,-798.513,-0.009,4.347,30.0,1202,-1,98.4,False,-1,True,True,0.75,0.0,0.0,False,False,0.146,0.001,114.679,1202,105.17,,,,,0,False,False,0.0,False,6.76,5.12,20.0,
72.5,23473,316.941,-798.312,-0.009,4.451,30.0,1202,-1,98.62,False,-1,True,True,0.75,0.0,0.0,False,False,0.185,0.001,114.681,1202,105.17,,,,,0,False,False,0.0,False,6.54,5.17,20.0,
72.55,23474,316.847,-798.107,-0.009,4.556,30.0,1202,-1,98.85,False,-1,True,True,0.75,0.0,0.0,False,False,0.214,0.0,114.683,1202,105.17,,,,,0,False,False,0.0,False,6.32,5.23,20.0,
72.6,23475,316.75,-797.897,-0.009,4.661,30.0,1202,-1,99.08,False,-1,True,True,0.75,0.0,0.0,False,False,0.233,0.0,114.685,1202,105.17,,,,,0,False,False,0.0,False,6.08,5.28,20.0,
72.65,23476,316.652,-797.682,-0.009,4.767,30.0,1202,-1,99.32,False,-1,True,True,0.75,0.0,0.0,False,False,0.246,0.0,114.687,1202,105.17,,,,,0,False,False,0.0,False,5.85,5.33,20.0,
72.7,23477,316.551,-797.463,-0.009,4.872,30.0,1202,-1,99.56,False,-1,True,True,0.75,0.0,0.0,False,False,0.254,0.0,114.688,1202,105.17,,,,,0,False,False,0.0,False,5.61,5.38,20.0,
72.75,23478,316.448,-797.239,-0.01,4.977,30.0,1202,-1,99.8,False,-1,True,True,0.75,0.0,0.0,False,False,0.259,0.0,114.689,1202,105.17,,,,,0,False,False,0.0,False,5.36,5.44,20.0,
72.8,23479,316.342,-797.01,-0.009,5.081,30.0,1202,-1,100.06,False,-1,True,True,0.75,0.0,0.001,False,False,0.262,-0.001,114.692,1202,109.14,,,,,0,False,False,0.0,False,9.08,5.49,20.0,
72.85,23480,316.235,-796.776,-0.009,5.171,30.0,1202,-1,100.31,False,-1,True,True,0.75,0.0,0.0,False,False,0.262,-0.001,114.694,1202,109.14,,,,,0,False,False,0.0,False,8.82,5.54,20.0,
72.9,23481,316.125,-796.538,-0.009,5.319,30.0,1202,-1,100.58,False,-1,True,True,0.75,0.0,0.0,False,False,0.263,-0.0,114.696,1202,109.14,,,,,0,False,False,0.0,False,8.56,5.59,20.0,
72.95,23482,316.014,-796.296,-0.009,5.315,30.0,1202,-1,100.84,False,-1,True,True,0.75,0.0,0.0,False,False,0.253,0.0,114.681,1202,109.14,,,,,0,False,False,0.0,False,8.29,5.66,20.0,
73.0,23483,315.903,-796.053,-0.009,5.364,30.0,1202,-1,101.11,False,-1,True,True,0.75,0.0,0.002,False,False,0.221,-0.003,114.71,1202,109.14,,,,,0,False,False,0.0,False,8.02,5.66,20.0,
73.05,23484,315.791,-795.812,-0.008,5.288,30.0,1202,-1,101.38,False,-1,True,True,0.74,0.0,-0.002,False,False,0.173,0.002,114.675,1202,109.14,,,,,0,False,False,0.0,False,7.76,5.68,20.0,
73.1,23485,315.68,-795.57,-0.008,5.368,30.0,1202,-1,101.64,False,-1,True,True,0.75,0.0,0.003,False,False,0.144,-0.003,114.699,1202,109.14,,,,,0,False,False,0.0,False,7.49,5.64,20.0,
73.15,23486,315.568,-795.328,-0.008,5.321,30.0,1202,-1,101.91,False,-1,True,True,0.713,0.0,-0.002,False,False,0.122,0.0,114.666,1202,109.14,,,,,0,False,False,0.0,False,7.22,5.68,20.0,
73.2,23487,315.457,-795.085,-0.008,5.386,30.0,1202,-1,102.18,False,-1,True,True,0.75,0.0,0.003,False,False,0.111,-0.003,114.691,1202,109.14,,,,,0,False,False,0.0,False,6.96,5.66,20.0,
73.25,23488,315.345,-794.842,-0.008,5.313,30.0,1202,-1,102.45,False,-1,True,True,0.636,0.0,-0.002,False,False,0.092,0.001,114.664,1202,109.14,,,,,0,False,False,0.0,False,6.69,5.69,20.0,
73.3,23489,315.229,-794.592,-0.008,5.732,30.0,1202,-1,102.72,False,-1,True,True,0.75,0.0,0.003,False,False,0.154,-0.002,114.656,1202,109.14,,,,,0,False,False,0.0,False,6.41,5.66,20.0,
73.35,23490,315.104,-794.321,-0.01,6.048,30.0,1202,-1,103.02,False,-1,True,True,0.0,0.3,0.002,False,False,0.299,-0.003,114.65,1202,109.14,,,,,0,False,False,0.0,False,6.12,5.87,20.0,
73.4,23491,314.974,-794.037,-0.011,6.329,30.0,1202,-1,103.33,False,-1,True,True,0.0,0.3,0.002,False,False,0.402,-0.003,114.655,1202,109.14,,,,,0,False,False,0.0,False,5.8,6.02,20.0,
73.45,23492,314.841,-793.75,-0.011,6.317,30.0,1202,-1,103.65,False,-1,True,True,0.0,0.3,0.001,False,False,0.405,-0.002,114.664,1202,113.1,,,,,0,False,False,0.0,False,9.46,6.16,20.0,
73.5,23493,314.709,-793.462,-0.01,6.326,30.0,1202,-1,103.96,False,-1,True,True,0.0,0.3,0.0,False,False,0.342,0.001,114.671,1202,113.1,,,,,0,False,False,0.0,False,9.14,6.16,20.0,
73.55,23494,314.58,-793.181,-0.009,6.135,30.0,1202,-1,104.27,False,-1,True,True,0.0,0.3,0.0,False,False,0.229,0.003,114.674,1202,113.1,,,,,0,False,False,0.0,False,8.83,6.16,20.0,
73.6,23495,314.453,-792.906,-0.008,6.03,30.0,1202,-1,104.58,False,-1,True,True,0.0,0.3,0.0,False,False,0.113,0.003,114.687,1202,113.1,,,,,0,False,False,0.0,False,8.53,6.07,20.0,
73.65,23496,314.331,-792.64,-0.007,5.783,30.0,1202,-1,104.87,False,-1,True,True,0.0,0.3,-0.001,False,False,-0.002,0.004,114.666,1202,113.1,,,,,0,False,False,0.0,False,8.23,6.02,20.0,
73.7,23497,314.212,-792.382,-0.006,5.645,30.0,1202,-1,105.15,False,-1,True,True,0.0,0.3,0.002,False,False,-0.092,0.001,114.697,1202,113.1,,,,,0,False,False,0.0,False,7.95,5.89,20.0,
73.75,23498,314.098,-792.133,-0.006,5.375,30.0,1202,-1,105.43,False,-1,True,True,0.0,0.3,-0.002,False,False,-0.17,0.004,114.672,1202,113.1,,,,,0,False,False,0.0,False,7.68,5.82,20.0,
73.8,23499,313.988,-791.893,-0.005,5.263,30.0,1202,-1,105.69,False,-1,True,True,0.613,0.0,0.003,False,False,-0.217,0.0,114.701,1202,113.1,,,,,0,False,False,0.0,False,7.41,5.69,20.0,
73.85,23500,313.88,-791.659,-0.005,5.061,30.0,1202,-1,105.95,False,-1,True,True,0.75,0.0,-0.002,False,False,-0.238,0.002,114.667,1202,113.1,,,,,0,False,False,0.0,False,7.16,5.63,20.0,
73.9,23501,313.775,-791.429,-0.005,5.085,30.0,1202,-1,106.2,False,-1,True,True,0.75,0.0,0.003,False,False,-0.217,-0.003,114.701,1202,113.1,,,,,0,False,False,0.0,False,6.9,5.53,20.0,
73.95,23502,313.669,-791.2,-0.006,5.008,30.0,1202,-1,106.45,False,-1,True,True,0.75,0.0,-0.002,False,False,-0.166,0.001,114.674,1202,113.1,,,,,0,False,False,0.0,False,6.65,5.54,20.0,
74.0,23503,313.565,-790.973,-0.006,4.859,30.0,1202,-1,106.7,False,-1,True,True,0.75,0.0,0.002,False,False,-0.134,-0.002,114.694,1202,113.1,,,,,0,False,False,0.0,False,6.4,5.5,20.0,
74.05,23504,313.469,-790.764,-0.005,4.473,30.0,1202,-1,106.93,False,-1,True,True,0.75,0.0,-0.001,False,False,-0.212,0.001,114.669,1202,113.1,,,,,0,False,False,0.0,False,6.17,5.43,20.0,
74.1,23505,313.379,-790.569,-0.005,4.233,30.0,1202,-1,107.15,False,-1,True,True,0.75,0.0,0.003,False,False,-0.289,-0.001,114.667,1202,113.1,,,,,0,False,False,0.0,False,5.95,5.24,20.0,
74.15,23506,313.292,-790.38,-0.005,4.111,30.0,1202,-1,107.36,False,-1,True,True,0.75,0.0,0.001,False,False,-0.311,-0.002,114.672,1202,113.1,,,,,0,False,False,0.0,False,5.75,5.12,20.0,
74.2,23507,313.206,-790.195,-0.005,4.073,30.0,1202,-1,107.56,False,-1,True,True,0.75,0.0,0.0,False,False,-0.279,-0.0,114.675,1202,113.1,,,,,0,False,False,0.0,False,5.54,5.06,20.0,
74.25,23508,313.121,-790.009,-0.005,4.091,30.0,1202,-1,107.77,False,-1,True,True,0.75,0.0,0.0,False,False,-0.21,0.001,114.677,1202,113.1,,,,,0,False,False,0.0,False,5.34,5.04,20.0,
74.3,23509,313.035,-789.821,-0.006,4.144,30.0,1202,-1,107.97,False,-1,True,True,0.75,0.0,0.0,False,False,-0.125,0.001,114.679,1202,113.1,,,,,0,False,False,0.0,False,5.13,5.05,20.0,
74.35,23510,312.947,-789.63,-0.007,4.218,30.0,1202,-1,108.18,False,-1,True,True,0.75,0.0,0.0,False,False,-0.04,0.001,114.681,1202,113.1,,,,,0,False,False,0.0,False,4.92,5.07,20.0,
74.4,23511,312.857,-789.436,-0.008,4.305,30.0,1202,-1,108.4,False,-1,True,True,0.75,0.0,0.001,False,False,0.037,-0.0,114.685,1202,117.07,,,,,0,False,False,0.0,False,8.68,5.11,20.0,
74.45,23512,312.766,-789.237,-0.008,4.399,30.0,1202,-1,108.62,False,-1,True,True,0.75,0.0,0.0,False,False,0.1,-0.0,114.688,1202,117.07,,,,,0,False,False,0.0,False,8.46,5.15,20.0,
74.5,23513,312.673,-789.034,-0.009,4.499,30.0,1202,-1,108.84,False,-1,True,True,0.75,0.0,0.0,False,False,0.15,0.0,114.689,1202,117.07,,,,,0,False,False,0.0,False,8.23,5.2,20.0,
74.55,23514,312.577,-788.826,-0.009,4.601,30.0,1202,-1,109.07,False,-1,True,True,0.75,0.0,0.0,False,False,0.187,0.0,114.691,1202,117.07,,,,,0,False,False,0.0,False,8.0,5.25,20.0,
74.6,23515,312.48,-788.614,-0.009,4.705,30.0,1202,-1,109.3,False,-1,True,True,0.75,0.0,0.0,False,False,0.213,0.0,114.692,1202,117.07,,,,,0,False,False,0.0,False,7.77,5.3,20.0,
74.65,23516,312.38,-788.398,-0.009,4.809,30.0,1202,-1,109.54,False,-1,True,True,0.75,0.0,0.0,False,False,0.232,0.0,114.693,1202,117.07,,,,,0,False,False,0.0,False,7.53,5.35,20.0,
74.7,23517,312.278,-788.176,-0.009,4.913,30.0,1202,-1,109.78,False,-1,True,True,0.75,0.0,0.0,False,False,0.244,0.0,114.694,1202,117.07,,,,,0,False,False,0.0,False,7.29,5.4,20.0,
74.75,23518,312.174,-787.95,-0.009,5.017,30.0,1202,-1,110.03,False,-1,True,True,0.75,0.0,0.0,False,False,0.252,0.0,114.695,1202,117.07,,,,,0,False,False,0.0,False,7.04,5.46,20.0,
74.8,23519,312.068,-787.719,-0.009,5.122,30.0,1202,-1,110.29,False,-1,True,True,0.75,0.0,0.0,False,False,0.257,0.0,114.696,1202,117.07,,,,,0,False,False,0.0,False,6.79,5.51,20.0,
74.85,23520,311.96,-787.484,-0.009,5.182,30.0,1202,-1,110.54,False,-1,True,True,0.75,0.0,0.0,False,False,0.257,-0.0,114.696,1202,117.07,,,,,0,False,False,0.0,False,6.53,5.56,20.0,
74.9,23521,311.849,-787.244,-0.009,5.359,30.0,1202,-1,110.81,False,-1,True,True,0.75,0.0,0.0,False,False,0.261,-0.0,114.699,1202,117.07,,,,,0,False,False,0.0,False,6.26,5.59,20.0,
74.95,23522,311.738,-787.001,-0.009,5.325,30.0,1202,-1,111.08,False,-1,True,True,0.75,0.0,-0.0,False,False,0.246,0.0,114.684,1202,117.07,,,,,0,False,False,0.0,False,6.0,5.68,20.0,
75.0,23523,311.626,-786.758,-0.009,5.377,30.0,1202,-1,111.34,False,-1,True,True,0.75,0.0,0.001,False,False,0.209,-0.002,114.709,1202,117.07,,,,,0,False,False,0.0,False,5.73,5.66,20.0,
75.05,23524,311.514,-786.516,-0.008,5.304,30.0,1202,-1,111.61,False,-1,True,True,0.689,0.0,-0.002,False,False,0.164,0.002,114.674,1202,117.07,,,,,0,False,False,0.0,False,5.46,5.69,20.0,
75.1,23525,311.406,-786.272,-0.008,5.374,30.0,1202,-1,111.88,False,-1,True,True,0.75,0.0,-0.102,False,False,0.135,0.114,114.517,1466,1.78,,,,,0,False,False,0.0,False,9.4,5.65,20.0,
75.15,23526,311.301,-786.027,-0.008,5.327,30.0,1202,-1,112.14,False,-1,True,True,0.689,0.0,-0.048,False,False,0.113,0.188,114.168,1466,1.78,,,,,0,False,False,0.0,False,9.13,5.69,20.0,
75.2,23527,311.194,-785.781,-0.008,5.398,30.0,1202,-1,112.41,False,-1,True,True,0.75,0.0,-0.022,False,False,0.105,0.159,113.939,1466,1.78,,,,,0,False,False,0.0,False,8.86,5.66,20.0,
75.25,23528,311.088,-785.535,-0.008,5.324,30.0,1202,-1,112.68,False,-1,True,True,0.592,0.0,-0.023,False,False,0.089,0.122,113.715,1466,1.78,,,,,0,False,False,0.0,False,8.59,5.7,20.0,
75.3,23529,310.981,-785.284,-0.008,5.647,30.0,1202,-1,112.95,False,-1,True,True,0.75,0.0,-0.016,False,False,0.124,0.091,113.589,1466,1.78,,,,,0,False,False,0.0,False,8.32,5.66,20.0,
75.35,23530,310.866,-785.013,-0.009,5.98,30.0,1202,-1,113.25,False,-1,True,True,0.0,0.3,-0.019,False,False,0.264,0.08,113.457,1466,1.78,,,,,0,False,False,0.0,False,8.03,5.82,20.0,
75.4,23531,310.745,-784.728,-0.01,6.276,30.0,1202,-1,113.56,False,-1,True,True,0.0,0.3,-0.014,False,False,0.376,0.067,113.325,1466,1.78,,,,,0,False,False,0.0,False,7.72,5.99,20.0,
75.45,23532,310.622,-784.439,-0.011,6.274,30.0,1202,-1,113.87,False,-1,True,True,0.0,0.3,-0.01,False,False,0.392,0.048,113.216,1466,1.78,,,,,0,False,False,0.0,False,7.4,6.14,20.0,
75.5,23533,310.5,-784.15,-0.01,6.29,30.0,1202,-1,114.18,False,-1,True,True,0.0,0.3,-0.008,False,False,0.338,0.032,113.137,1466,1.78,,,,,0,False,False,0.0,False,7.09,6.14,20.0,
75.55,23534,310.38,-783.866,-0.009,6.097,30.0,1202,-1,114.49,False,-1,True,True,0.0,0.3,-0.008,False,False,0.229,0.024,113.048,1466,1.78,,,,,0,False,False,0.0,False,6.78,6.15,20.0,
75.6,23535,310.263,-783.589,-0.008,5.993,30.0,1202,-1,114.79,False,-1,True,True,0.0,0.3,-0.004,False,False,0.114,0.014,113.018,1466,1.78,,,,,0,False,False,0.0,False,6.48,6.05,20.0,
75.65,23536,310.15,-783.321,-0.007,5.749,30.0,1202,-1,115.08,False,-1,True,True,0.0,0.3,-0.007,False,False,0.001,0.013,112.944,1466,1.78,,,,,0,False,False,0.0,False,6.19,6.0,20.0,
75.7,23537,310.04,-783.06,-0.006,5.614,30.0,1202,-1,115.37,False,-1,True,True,0.0,0.3,-0.002,False,False,-0.089,0.007,112.933,1466,1.78,,,,,0,False,False,0.0,False,5.9,5.87,20.0,
75.75,23538,309.935,-782.809,-0.006,5.354,30.0,1202,-1,115.64,False,-1,True,True,0.0,0.243,-0.006,False,False,-0.164,0.007,112.873,1466,1.78,,,,,0,False,False,0.0,False,5.63,5.81,20.0,
75.8,23539,309.836,-782.565,-0.005,5.239,30.0,1202,-1,115.9,False,-1,True,True,0.693,0.0,-0.106,False,False,-0.211,0.113,112.703,1466,5.34,,,,,0,False,False,0.0,False,9.39,5.68,20.0,
75.85,23540,309.748,-782.326,-0.005,5.01,30.0,1202,-1,116.16,False,-1,True,True,0.75,0.0,-0.206,False,False,-0.242,0.348,112.08,1466,5.34,,,,,0,False,False,0.0,False,9.14,5.62,20.0,
75.9,23541,309.675,-782.089,-0.005,4.95,30.0,1202,-1,116.4,False,-1,True,True,0.75,0.0,-0.306,False,False,-0.246,0.656,110.957,1466,5.34,,,,,0,False,False,0.0,False,8.89,5.51,20.0,
75.95,23542,309.615,-781.851,-0.005,4.909,30.0,1202,-1,116.64,False,-1,True,True,0.75,0.0,-0.312,False,False,-0.224,0.927,109.413,1466,5.34,,,,,0,False,False,0.0,False,8.65,5.47,20.0,
76.0,23543,309.562,-781.616,-0.006,4.752,30.0,1202,-1,116.88,False,-1,True,True,0.75,0.0,-0.229,False,False,-0.195,0.938,107.919,1466,5.34,,,,,0,False,False,0.0,False,8.4,5.45,20.0,
76.05,23544,309.514,-781.397,-0.005,4.376,30.0,1202,-1,117.1,False,-1,True,True,0.75,0.0,-0.183,False,False,-0.258,0.736,106.788,1466,5.34,,,,,0,False,False,0.0,False,8.18,5.38,20.0,
76.1,23545,309.471,-781.192,-0.005,4.143,30.0,1202,-1,117.3,False,-1,True,True,0.75,0.0,-0.172,False,False,-0.322,0.542,105.868,1466,5.34,,,,,0,False,False,0.0,False,7.97,5.19,20.0,
76.15,23546,309.432,-780.993,-0.004,4.027,30.0,1202,-1,117.5,False,-1,True,True,0.75,0.0,-0.156,False,False,-0.335,0.397,105.058,1466,5.34,,,,,0,False,False,0.0,False,7.77,5.07,20.0,
76.2,23547,309.396,-780.797,-0.005,3.996,30.0,1202,-1,117.69,False,-1,True,True,0.75,0.0,-0.136,False,False,-0.294,0.286,104.335,1466,5.34,,,,,0,False,False,0.0,False,7.57,5.01,20.0,
76.25,23548,309.359,-780.6,-0.005,4.02,30.0,1202,-1,117.89,False,-1,True,True,0.75,0.0,-0.118,False,False,-0.218,0.2,103.693,1466,5.34,,,,,0,False,False,0.0,False,7.37,5.0,20.0,
76.3,23549,309.324,-780.4,-0.006,4.077,30.0,1202,-1,118.08,False,-1,True,True,0.75,0.0,-0.102,False,False,-0.128,0.136,103.123,1466,5.34,,,,,0,False,False,0.0,False,7.17,5.01,20.0,
76.35,23550,309.287,-780.197,-0.007,4.154,30.0,1202,-1,118.28,False,-1,True,True,0.75,0.0,-0.088,False,False,-0.039,0.089,102.618,1466,5.34,,,,,0,False,False,0.0,False,6.96,5.04,20.0,
76.4,23551,309.251,-779.989,-0.008,4.244,30.0,1467,-1,0.56,True,11,True,False,0.75,0.0,-0.075,False,False,0.04,0.056,102.173,1466,5.34,,,,,0,False,False,0.0,False,6.75,5.08,20.0,
76.45,23552,309.214,-779.777,-0.008,4.341,30.0,1467,-1,0.77,True,11,True,False,0.75,0.0,-0.064,False,False,0.104,0.034,101.781,1466,5.34,,,,,0,False,False,0.0,False,6.53,5.12,20.0,
76.5,23553,309.176,-779.56,-0.009,4.443,30.0,1467,-1,1.13,True,11,True,False,0.75,0.0,-0.055,False,False,0.154,0.019,101.437,1466,5.34,,,,,0,False,False,0.0,False,6.31,5.17,20.0,
76.55,23554,309.138,-779.337,-0.009,4.547,30.0,1467,-1,1.35,True,11,True,False,0.75,0.0,-0.047,False,False,0.191,0.01,101.136,1466,5.34,,,,,0,False,False,0.0,False,6.09,5.22,20.0,
76.6,23555,309.099,-779.11,-0.009,4.652,30.0,1467,-1,1.57,True,11,True,False,0.75,0.0,-0.04,False,False,0.218,0.004,100.874,1466,5.34,1466,0.25,-0.891,0.25,0,False,False,0.0,False,5.86,5.27,20.0,
76.65,23556,309.059,-778.878,-0.009,4.757,30.0,1467,-1,1.79,True,11,True,False,0.75,0.0,-0.033,False,False,0.236,0.001,100.646,1466,5.34,1466,0.5,-0.94,0.241,0,False,False,0.0,False,5.62,5.33,20.0,
76.7,23557,309.018,-778.64,-0.009,4.863,30.0,1467,-1,2.21,True,11,True,False,0.75,0.0,-0.028,False,False,0.248,0.0,100.448,1466,5.34,1466,0.75,-0.983,0.225,0,False,False,0.0,False,5.38,5.38,20.0,
76.75,23558,308.982,-778.397,-0.009,4.954,30.0,1467,-1,2.44,True,11,True,False,0.75,0.0,-0.128,False,False,0.251,0.116,100.079,1466,8.9,1466,1.0,-1.02,0.209,0,False,False,0.753,False,8.7,5.43,20.0,
76.8,23559,308.955,-778.149,-0.009,5.024,30.0,1467,-1,2.67,True,11,True,False,0.75,0.0,-0.228,False,False,0.242,0.382,99.261,1466,8.9,1466,1.0,-1.059,0.208,0,False,False,0.855,False,8.46,5.48,20.0,
76.85,23560,308.941,-777.898,-0.009,5.067,30.0,1467,-1,3.17,True,11,True,False,0.75,0.0,-0.328,False,False,0.217,0.761,97.896,1466,8.9,1466,1.25,-1.102,0.234,0,False,False,0.985,False,8.21,5.51,20.0,
76.9,23561,308.943,-777.646,-0.008,5.102,30.0,1467,-1,3.39,True,11,True,False,0.75,0.0,-0.42,False,False,0.178,1.114,95.977,1466,8.9,1466,1.5,-1.149,0.282,0,False,False,1.142,False,7.96,5.53,20.0,
76.95,23562,308.953,-777.393,-0.008,5.138,30.0,1467,-1,4.02,True,11,True,False,0.75,0.0,-0.32,False,False,0.151,1.202,93.824,1466,8.9,1466,1.75,-1.2,0.341,0,False,False,1.312,False,7.7,5.55,20.0,
77.0,23563,308.966,-777.139,-0.008,5.141,30.0,1467,-1,5.0,True,11,True,False,0.75,0.0,-0.229,False,False,0.12,1.018,92.02,1466,8.9,1466,2.0,-1.252,0.383,0,False,False,1.474,False,7.45,5.57,20.0,
77.05,23564,308.983,-776.885,-0.008,5.138,30.0,1467,-1,5.0,True,11,True,False,0.75,0.0,-0.229,False,False,0.095,0.834,90.369,1466,8.9,1466,2.25,-1.294,0.414,0,False,False,1.635,False,7.2,5.57,20.0,
77.1,23565,309.004,-776.63,-0.008,5.172,30.0,1467,-1,5.0,True,11,True,False,0.75,0.0,-0.153,False,False,0.084,0.628,89.058,1466,8.9,1466,2.5,-1.334,0.432,0,False,False,1.792,False,6.94,5.57,20.0,
77.15,23566,309.026,-776.373,-0.008,5.189,30.0,1467,-1,5.0,True,11,True,False,0.75,0.0,-0.134,False,False,0.085,0.452,87.916,1466,8.9,1466,2.75,-1.366,0.433,0,False,False,1.946,False,6.68,5.59,20.0,
77.2,23567,309.051,-776.115,-0.008,5.196,30.0,1472,-1,12.93,True,11,True,False,0.75,0.0,-0.11,False,False,0.081,0.32,87.056,1466,8.9,1466,3.0,-1.388,0.424,0,False,True,2.096,False,6.42,5.59,20.0,True
77.25,23568,309.077,-775.857,-0.008,5.188,30.0,1472,-1,12.71,True,11,True,False,0.75,0.0,-0.101,False,False,0.076,0.238,86.247,1466,8.9,1466,3.25,-1.407,0.404,0,False,True,2.246,False,6.17,5.6,20.0,True
77.3,23569,309.108,-775.586,-0.009,5.642,30.0,1472,-1,12.48,True,11,True,False,0.75,0.0,-0.078,False,False,0.171,0.196,85.636,1466,8.9,1466,3.5,-1.414,0.415,0,False,True,2.401,False,5.89,5.59,20.0,True
77.35,23570,309.142,-775.293,-0.01,6.027,30.0,1472,-1,12.23,True,11,True,False,0.0,0.28,-0.071,False,False,0.331,0.182,85.006,1466,8.9,1466,3.75,-1.415,0.476,0,False,True,2.57,False,5.6,5.82,20.0,True
77.4,23571,309.184,-774.987,-0.011,6.216,30.0,1472,-1,11.97,True,11,True,False,0.0,0.3,-0.171,False,False,0.42,0.315,84.221,1466,12.46,1466,4.0,-1.409,0.528,0,False,True,2.754,False,8.8,6.01,20.0,True
77.45,23572,309.239,-774.682,-0.011,6.22,30.0,1472,-1,11.72,True,11,True,False,0.0,0.3,-0.271,False,False,0.401,0.617,82.913,1466,12.46,1466,4.5,-1.402,0.56,0,False,True,2.959,False,8.49,6.11,20.0,True
77.5,23573,309.308,-774.385,-0.01,6.074,30.0,1472,-1,11.48,True,11,True,False,0.0,0.3,-0.371,False,False,0.29,0.95,81.139,1466,12.46,1466,4.75,-1.396,0.577,0,False,True,1.703,False,8.19,6.11,20.0,True
77.55,23574,309.385,-774.099,-0.008,5.931,30.0,1472,-1,11.26,True,11,True,False,0.0,0.3,-0.294,False,False,0.155,1.099,79.091,1466,12.46,1466,5.0,-1.397,0.578,0,False,True,1.23,False,7.89,6.04,20.0,True
77.6,23575,309.465,-773.821,-0.007,5.785,30.0,1472,-1,11.04,True,11,True,False,0.0,0.3,-0.208,False,False,0.037,1.004,77.302,1466,12.46,1466,5.25,-1.395,0.585,0,False,True,1.358,False,7.61,5.97,20.0,True
77.65,23576,309.547,-773.552,-0.007,5.607,30.0,1472,-1,10.84,True,11,True,False,0.0,0.3,-0.169,False,False,-0.059,0.811,75.753,1466,12.46,1466,5.5,-1.393,0.586,0,False,True,1.491,False,7.32,5.89,20.0,True
77.7,23577,309.631,-773.291,-0.006,5.443,30.0,1472,-1,10.64,True,11,True,False,0.0,0.205,-0.137,False,False,-0.132,0.62,74.561,1466,12.46,1466,5.75,-1.386,0.595,0,False,True,1.635,False,7.05,5.8,20.0,True
77.75,23578,309.715,-773.039,-0.005,5.285,30.0,1472,-1,10.45,True,11,True,False,0.381,0.0,-0.123,False,False,-0.181,0.476,73.494,1466,12.46,1466,6.0,-1.377,0.599,0,False,True,1.781,False,6.79,5.72,20.0,True
77.8,23579,309.8,-772.793,-0.005,5.167,30.0,1472,-1,10.26,True,11,True,False,0.75,0.0,-0.098,False,False,-0.201,0.358,72.686,1466,12.46,1466,6.25,-1.365,0.61,0,False,True,1.934,False,6.53,5.64,20.0,True
77.85,23580,309.885,-772.553,-0.005,5.065,30.0,1472,-1,10.08,True,11,True,False,0.75,0.0,-0.09,False,False,-0.199,0.276,71.93,1466,12.46,1466,6.5,-1.349,0.611,0,False,True,2.087,False,6.27,5.58,20.0,True
77.9,23581,309.972,-772.316,-0.006,5.053,30.0,1469,-1,6.1,True,11,True,False,0.75,0.0,-0.069,False,False,-0.167,0.21,71.38,1466,12.46,1466,6.75,-1.33,0.618,0,False,False,2.247,False,6.02,5.53,20.0,
77.95,23582,310.06,-772.079,-0.006,5.047,30.0,1469,-1,6.0,True,11,True,False,0.75,0.0,-0.065,False,False,-0.117,0.167,70.841,1466,12.46,1466,7.0,-1.308,0.617,0,False,False,2.409,False,5.77,5.53,20.0,
78.0,23583,310.147,-771.847,-0.006,4.805,30.0,1469,-1,6.0,True,11,True,False,0.75,0.0,-0.048,False,False,-0.111,0.121,70.474,1466,12.46,1466,7.25,-1.283,0.618,0,False,False,2.574,False,5.52,5.52,20.0,
78.05,23584,310.229,-771.633,-0.006,4.496,30.0,1469,-1,6.0,True,11,True,False,0.75,0.0,-0.048,False,False,-0.188,0.085,70.183,1466,12.46,1466,7.5,-1.257,0.615,0,False,False,1.134,False,5.29,5.4,20.0,
78.1,23585,310.308,-771.429,-0.005,4.319,30.0,1469,-1,6.0,True,11,True,False,0.75,0.0,-0.043,False,False,-0.247,0.063,69.935,1466,12.46,1466,7.75,-1.229,0.611,0,False,False,0.995,False,5.07,5.25,20.0,
78.15,23586,310.389,-771.232,-0.005,4.23,30.0,1469,-1,5.89,True,11,True,False,0.75,0.0,-0.143,False,False,-0.257,0.154,69.533,1271,1.97,1466,8.0,-1.204,0.601,0,False,False,0.872,False,8.54,5.16,20.0,
78.2,23587,310.477,-771.042,-0.005,4.192,30.0,1469,-1,5.75,True,11,True,False,0.75,0.0,-0.243,False,False,-0.23,0.381,68.734,1271,1.97,1466,8.25,-1.182,0.585,0,False,False,0.778,False,8.33,5.12,20.0,
78.25,23588,310.575,-770.858,-0.006,4.193,30.0,1469,-1,5.6,True,11,True,False,0.75,0.0,-0.296,False,False,-0.185,0.64,67.521,1271,1.97,1466,8.25,-1.17,0.562,0,False,False,0.709,False,8.13,5.1,20.0,
78.3,23589,310.678,-770.674,-0.006,4.26,30.0,1469,-1,5.45,True,11,True,False,0.75,0.0,-0.224,False,False,-0.114,0.706,66.263,1271,1.97,1466,8.5,-1.163,0.539,0,False,False,0.647,False,7.92,5.1,20.0,
78.35,23590,310.784,-770.487,-0.007,4.348,30.0,1469,-1,5.3,True,11,True,False,0.75,0.0,-0.178,False,False,-0.033,0.615,65.183,1271,1.97,1466,8.75,-1.154,0.521,0,False,False,0.587,False,7.7,5.13,20.0,
78.4,23591,310.894,-770.297,-0.008,4.444,30.0,1469,-1,5.14,True,11,True,False,0.75,0.0,-0.156,False,False,0.043,0.491,64.243,1271,1.97,1466,9.0,-1.147,0.505,0,False,True,0.521,False,7.48,5.17,20.0,True
78.45,23592,311.007,-770.102,-0.008,4.546,30.0,1469,-1,5.0,True,11,True,False,0.75,0.0,-0.135,False,False,0.106,0.376,63.411,1271,1.97,1466,9.25,-1.136,0.491,0,False,True,0.453,False,7.26,5.22,20.0,True
78.5,23593,311.124,-769.904,-0.009,4.65,30.0,1469,-1,4.87,True,11,True,False,0.75,0.0,-0.115,False,False,0.155,0.278,62.675,1271,1.97,1466,9.5,-1.125,0.478,0,False,True,0.0,False,7.03,5.27,20.0,True
78.55,23594,311.244,-769.701,-0.009,4.756,30.0,1466,-1,9.7,True,11,True,True,0.75,0.0,-0.097,False,False,0.192,0.2,62.03,1271,1.97,1466,9.75,-1.11,0.465,0,False,False,2.375,False,6.79,5.32,20.0,
78.6,23595,311.368,-769.494,-0.009,4.862,30.0,1466,-1,9.94,True,11,True,True,0.75,0.0,-0.083,False,False,0.218,0.141,61.466,1271,1.97,1466,10.0,-1.093,0.452,0,False,False,2.211,False,6.55,5.38,20.0,
78.65,23596,311.494,-769.283,-0.009,4.968,30.0,1466,-1,10.15,True,11,True,True,0.75,0.0,-0.069,False,False,0.236,0.097,60.976,1271,1.97,1466,10.0,-1.073,0.438,0,False,False,2.053,False,6.3,5.43,20.0,
78.7,23597,311.624,-769.067,-0.009,5.074,30.0,1466,-1,10.4,True,11,True,True,0.75,0.0,-0.058,False,False,0.249,0.063,60.555,1271,1.97,1466,10.25,-1.052,0.425,0,False,False,1.893,False,6.05,5.48,20.0,
78.75,23598,311.757,-768.848,-0.009,5.158,30.0,1466,-1,10.66,True,11,True,True,0.75,0.0,-0.049,False,False,0.254,0.04,60.192,1271,1.97,1466,10.5,-1.024,0.407,0,False,False,1.736,False,5.79,5.54,20.0,
78.8,23599,311.892,-768.623,-0.009,5.306,30.0,1466,-1,10.92,True,11,True,True,0.75,0.0,-0.041,False,False,0.259,0.025,59.871,1271,1.97,1466,10.75,-0.997,0.39,0,False,False,1.581,False,5.53,5.58,20.0,
78.85,23600,312.032,-768.401,-0.009,5.213,30.0,1466,-1,11.15,True,11,True,True,0.75,0.0,-0.141,False,False,0.226,0.129,59.437,1271,5.9,1466,11.25,-0.968,0.37,0,False,False,1.437,False,9.15,5.65,20.0,
78.9,23601,312.178,-768.185,-0.008,5.251,30.0,1466,-1,11.41,True,11,True,True,0.75,0.0,-0.196,False,False,0.176,0.351,58.606,1271,5.9,1466,11.25,-0.943,0.342,0,False,False,1.292,False,8.89,5.61,20.0,
78.95,23602,312.326,-767.972,-0.008,5.184,30.0,1466,-1,11.67,True,11,True,True,0.75,0.0,-0.139,False,False,0.13,0.44,57.721,1271,5.9,1466,11.75,-0.923,0.313,0,False,False,1.16,False,8.63,5.63,20.0,
79.0,23603,312.477,-767.759,-0.008,5.274,30.0,1466,-1,11.93,True,11,True,True,0.75,0.0,-0.106,False,False,0.112,0.405,56.875,1271,5.9,1466,12.0,-0.904,0.284,0,False,False,1.03,False,8.37,5.59,20.0,
79.05,23604,312.63,-767.546,-0.008,5.222,30.0,1470,-1,6.09,True,11,True,False,0.75,0.0,-0.081,False,False,0.1,0.324,56.218,1271,5.9,1466,12.25,-0.884,0.26,0,False,False,0.908,False,8.11,5.64,20.0,
79.1,23605,312.783,-767.333,-0.008,5.288,30.0,1470,-1,6.29,True,11,True,False,0.75,0.0,-0.073,False,False,0.094,0.253,55.617,1271,5.9,1466,12.5,-0.862,0.237,0,False,False,0.798,False,7.85,5.61,20.0,
79.15,23606,312.938,-767.121,-0.008,5.258,30.0,1470,-1,6.48,True,11,True,False,0.75,0.0,-0.058,False,False,0.084,0.19,55.159,1271,5.9,1466,12.75,-0.842,0.216,0,False,False,0.695,False,7.58,5.64,20.0,
79.2,23607,313.106,-766.895,-0.009,5.826,30.0,1470,-1,7.11,True,11,True,False,0.75,0.0,-0.052,False,False,0.21,0.165,54.749,1271,5.9,1466,13.0,-0.817,0.194,0,False,False,0.594,False,7.3,5.63,20.0,
79.25,23608,313.286,-766.653,-0.01,6.118,30.0,1470,-1,7.36,True,11,True,False,0.0,0.3,-0.042,False,False,0.36,0.145,54.358,1271,5.9,1466,13.25,-0.789,0.173,0,False,False,0.0,False,7.0,5.91,20.0,
79.3,23609,313.475,-766.4,-0.011,6.378,30.0,1470,-1,7.63,True,11,True,False,0.0,0.3,-0.031,False,False,0.445,0.111,54.025,1271,5.9,1466,13.5,-0.759,0.146,0,False,False,0.0,False,6.69,6.06,20.0,
79.35,23610,313.665,-766.145,-0.011,6.351,30.0,1470,-1,8.18,True,11,True,False,0.0,0.3,-0.024,False,False,0.429,0.077,53.757,1271,5.9,1466,13.75,-0.724,0.12,0,False,False,0.0,False,6.37,6.19,20.0,
79.4,23611,313.855,-765.891,-0.01,6.341,30.0,1470,-1,8.46,True,11,True,False,0.0,0.3,-0.02,False,False,0.35,0.053,53.559,1271,5.9,,,,,0,False,False,0.0,False,6.05,6.18,20.0,
79.45,23612,314.045,-765.646,-0.009,6.129,30.0,1470,-1,8.74,True,11,True,False,0.0,0.3,-0.12,False,False,0.222,0.155,53.184,1271,9.84,,,,,0,False,False,0.0,False,9.66,6.17,20.0,
79.5,23613,314.233,-765.41,-0.008,6.017,30.0,1470,-1,9.2,True,11,True,False,0.0,0.3,-0.087,False,False,0.097,0.265,52.662,1271,9.84,,,,,0,False,False,0.0,False,9.36,6.06,20.0,
79.55,23614,314.417,-765.183,-0.007,5.771,30.0,1271,-1,0.79,False,-1,True,True,0.0,0.3,-0.059,False,False,-0.018,0.266,52.119,1271,9.84,,,,,0,False,False,0.0,False,9.07,6.01,20.0,
79.6,23615,314.595,-764.962,-0.006,5.635,30.0,1271,-1,1.07,False,-1,True,True,0.0,0.3,-0.04,False,False,-0.105,0.211,51.728,1271,9.84,,,,,0,False,False,0.0,False,8.78,5.89,20.0,
79.65,23616,314.768,-764.751,-0.005,5.365,30.0,1271,-1,1.35,False,-1,True,True,0.0,0.3,-0.038,False,False,-0.18,0.162,51.365,1271,9.84,,,,,0,False,False,0.0,False,8.51,5.82,20.0,
79.7,23617,314.935,-764.546,-0.005,5.256,30.0,1271,-1,1.61,False,-1,True,True,0.646,0.0,-0.028,False,False,-0.224,0.119,51.12,1271,9.84,,,,,0,False,False,0.0,False,8.25,5.68,20.0,
79.75,23618,315.099,-764.349,-0.005,5.052,30.0,1271,-1,1.86,False,-1,True,True,0.75,0.0,-0.028,False,False,-0.243,0.091,50.86,1271,9.84,,,,,0,False,False,0.0,False,7.99,5.63,20.0,
79.8,23619,315.262,-764.153,-0.005,5.12,30.0,1271,-1,2.12,False,-1,True,True,0.75,0.0,-0.019,False,False,-0.205,0.066,50.715,1271,9.84,,,,,0,False,False,0.0,False,7.73,5.53,20.0,
79.85,23620,315.424,-763.957,-0.006,5.046,30.0,1271,-1,2.37,False,-1,True,True,0.75,0.0,-0.022,False,False,-0.15,0.056,50.535,1271,9.84,,,,,0,False,False,0.0,False,7.48,5.56,20.0,
79.9,23621,315.581,-763.77,-0.006,4.71,30.0,1271,-1,2.62,False,-1,True,True,0.75,0.0,-0.014,False,False,-0.168,0.04,50.404,1271,9.84,,,,,0,False,False,0.0,False,7.24,5.52,20.0,
79.95,23622,315.725,-763.598,-0.005,4.366,30.0,1271,-1,2.84,False,-1,True,True,0.75,0.0,-0.013,False,False,-0.262,0.026,50.294,1271,9.84,,,,,0,False,False,0.0,False,7.01,5.35,20.0,
80.0,23623,315.86,-763.437,-0.004,4.16,30.0,1271,-1,3.05,False,-1,True,True,0.75,0.0,-0.01,False,False,-0.325,0.016,50.223,1271,9.84,,,,,0,False,False,0.0,False,6.8,5.18,20.0,
80.05,23624,315.992,-763.28,-0.004,4.064,30.0,1271,-1,3.25,False,-1,True,True,0.75,0.0,-0.011,False,False,-0.328,0.012,50.165,1271,9.84,,,,,0,False,False,0.0,False,6.6,5.08,20.0,
80.1,23625,316.123,-763.125,-0.005,4.044,30.0,1271,-1,3.46,False,-1,True,True,0.75,0.0,-0.009,False,False,-0.278,0.01,50.113,1271,9.84,,,,,0,False,False,0.0,False,6.39,5.03,20.0,
80.15,23626,316.254,-762.969,-0.006,4.074,30.0,1271,-1,3.66,False,-1,True,True,0.75,0.0,-0.008,False,False,-0.199,0.007,50.066,1271,9.84,,,,,0,False,False,0.0,False,6.19,5.02,20.0,
80.2,23627,316.387,-762.812,-0.006,4.134,30.0,1271,-1,3.87,False,-1,True,True,0.75,0.0,-0.007,False,False,-0.108,0.005,50.026,1271,9.84,,,,,0,False,False,0.0,False,5.98,5.04,20.0,
80.25,23628,316.523,-762.651,-0.007,4.212,30.0,1271,-1,4.07,False,-1,True,True,0.75,0.0,-0.006,False,False,-0.022,0.003,49.991,1271,9.84,,,,,0,False,False,0.0,False,5.77,5.07,20.0,
80.3,23629,316.661,-762.488,-0.008,4.302,30.0,1271,-1,4.29,False,-1,True,True,0.75,0.0,-0.005,False,False,0.053,0.002,49.96,1271,9.84,,,,,0,False,False,0.0,False,5.56,5.11,20.0,
80.35,23630,316.802,-762.321,-0.008,4.398,30.0,1271,-1,4.51,False,-1,True,True,0.75,0.0,-0.004,False,False,0.114,0.001,49.933,1271,9.84,,,,,0,False,False,0.0,False,5.34,5.15,20.0,
80.4,23631,316.946,-762.15,-0.009,4.499,30.0,1271,-1,4.73,False,-1,True,True,0.75,0.0,-0.004,False,False,0.16,0.001,49.91,1271,9.84,,,,,0,False,False,0.0,False,5.12,5.2,20.0,
80.45,23632,317.096,-761.979,-0.009,4.591,30.0,1271,-1,4.96,False,-1,True,True,0.75,0.0,-0.104,False,False,0.192,0.109,49.705,1271,13.77,,,,,0,False,False,0.0,False,8.82,5.25,20.0,
80.5,23633,317.251,-761.805,-0.009,4.697,30.0,1271,-1,5.19,False,-1,True,True,0.75,0.0,-0.039,False,False,0.215,0.165,49.401,1271,13.77,,,,,0,False,False,0.0,False,8.59,5.3,20.0,
80.55,23634,317.409,-761.627,-0.009,4.803,30.0,1271,-1,5.43,False,-1,True,True,0.75,0.0,-0.021,False,False,0.233,0.131,49.199,1271,13.77,,,,,0,False,False,0.0,False,8.35,5.35,20.0,
80.6,23635,317.571,-761.445,-0.009,4.909,30.0,1271,-1,5.67,False,-1,True,True,0.75,0.0,-0.022,False,False,0.245,0.096,49.044,1271,13.77,,,,,0,False,False,0.0,False,8.1,5.4,20.0,
80.65,23636,317.736,-761.259,-0.009,5.014,30.0,1271,-1,5.92,False,-1,True,True,0.75,0.0,-0.02,False,False,0.253,0.073,48.905,1271,13.77,,,,,0,False,False,0.0,False,7.86,5.45,20.0,
80.7,23637,317.904,-761.069,-0.009,5.119,30.0,1271,-1,6.17,False,-1,True,True,0.75,0.0,-0.017,False,False,0.258,0.051,48.783,1271,13.77,,,,,0,False,False,0.0,False,7.6,5.51,20.0,
80.75,23638,318.077,-760.876,-0.009,5.211,30.0,1271,-1,6.43,False,-1,True,True,0.75,0.0,-0.014,False,False,0.259,0.036,48.661,1271,13.77,,,,,0,False,False,0.0,False,7.34,5.56,20.0,
80.8,23639,318.25,-760.682,-0.009,5.2,30.0,1271,-1,6.69,False,-1,True,True,0.75,0.0,-0.01,False,False,0.233,0.021,48.609,1271,13.77,,,,,0,False,False,0.0,False,7.08,5.61,20.0,
80.85,23640,318.422,-760.488,-0.009,5.183,30.0,1271,-1,6.95,False,-1,True,True,0.75,0.0,-0.013,False,False,0.187,0.018,48.483,1271,13.77,,,,,0,False,False,0.0,False,6.82,5.6,20.0,
80.9,23641,318.595,-760.296,-0.008,5.183,30.0,1271,-1,7.21,False,-1,True,True,0.75,0.0,-0.004,False,False,0.148,0.007,48.462,1271,13.77,,,,,0,False,False,0.0,False,6.57,5.59,20.0,
80.95,23642,318.767,-760.102,-0.008,5.199,30.0,1271,-1,7.47,False,-1,True,True,0.75,0.0,-0.01,False,False,0.123,0.008,48.36,1271,13.77,,,,,0,False,False,0.0,False,6.31,5.59,20.0,
81.0,23643,318.941,-759.908,-0.008,5.229,30.0,1271,-1,7.73,False,-1,True,True,0.75,0.0,-0.002,False,False,0.113,0.001,48.358,1271,13.77,,,,,0,False,False,0.0,False,6.05,5.6,20.0,
81.05,23644,319.115,-759.713,-0.008,5.224,30.0,1271,-1,7.99,False,-1,True,True,0.75,0.0,-0.008,False,False,0.104,0.005,48.277,1271,13.77,,,,,0,False,False,0.0,False,5.78,5.61,20.0,
81.1,23645,319.289,-759.519,-0.008,5.22,30.0,1271,-1,8.25,False,-1,True,True,0.75,0.0,-0.001,False,False,0.092,-0.001,48.29,1271,13.77,,,,,0,False,False,0.0,False,5.52,5.61,20.0,
81.15,23646,319.472,-759.321,-0.008,5.566,30.0,1271,-1,8.52,False,-1,True,True,0.75,0.0,-0.093,False,False,0.15,0.116,48.088,1271,17.7,,,,,0,False,False,0.0,False,9.19,5.61,20.0,
81.2,23647,319.671,-759.106,-0.01,5.988,30.0,1271,-1,8.81,False,-1,True,True,0.0,0.008,-0.013,False,False,0.306,0.149,47.838,1271,17.7,,,,,0,False,False,0.0,False,8.89,5.78,20.0,
81.25,23648,319.88,-758.878,-0.011,6.238,30.0,1271,-1,9.12,False,-1,True,True,0.0,0.3,-0.001,False,False,0.422,0.082,47.69,1271,17.7,,,,,0,False,False,0.0,False,8.59,5.99,20.0,
81.3,23649,320.092,-758.647,-0.011,6.292,30.0,1271,-1,9.43,False,-1,True,True,0.0,0.3,-0.004,False,False,0.435,0.035,47.645,1271,17.7,,,,,0,False,False,0.0,False,8.27,6.12,20.0,
81.35,23650,320.303,-758.417,-0.01,6.209,30.0,1271,-1,9.75,False,-1,True,True,0.0,0.3,-0.01,False,False,0.357,0.025,47.547,1271,17.7,,,,,0,False,False,0.0,False,7.96,6.15,20.0,
81.4,23651,320.51,-758.192,-0.009,6.081,30.0,1271,-1,10.05,False,-1,True,True,0.0,0.3,-0.003,False,False,0.239,0.013,47.53,1271,17.7,,,,,0,False,False,0.0,False,7.65,6.1,20.0,
81.45,23652,320.712,-757.973,-0.008,5.922,30.0,1271,-1,10.35,False,-1,True,True,0.0,0.3,-0.008,False,False,0.116,0.014,47.443,1271,17.7,,,,,0,False,False,0.0,False,7.36,6.04,20.0,
81.5,23653,320.909,-757.76,-0.007,5.744,30.0,1271,-1,10.64,False,-1,True,True,0.0,0.3,-0.001,False,False,0.006,0.005,47.445,1271,17.7,,,,,0,False,False,0.0,False,7.07,5.96,20.0,
81.55,23654,321.099,-757.553,-0.006,5.551,30.0,1271,-1,10.92,False,-1,True,True,0.0,0.3,-0.007,False,False,-0.086,0.007,47.372,1271,17.7,,,,,0,False,False,0.0,False,6.79,5.87,20.0,
81.6,23655,321.283,-757.354,-0.006,5.381,30.0,1271,-1,11.19,False,-1,True,True,0.0,0.014,0.001,False,False,-0.153,0.001,47.389,1271,17.7,,,,,0,False,False,0.0,False,6.51,5.78,20.0,
81.65,23656,321.462,-757.159,-0.005,5.23,30.0,1271,-1,11.46,False,-1,True,True,0.599,0.0,-0.006,False,False,-0.191,0.005,47.326,1271,17.7,,,,,0,False,False,0.0,False,6.25,5.69,20.0,
81.7,23657,321.637,-756.971,-0.005,5.097,30.0,1271,-1,11.71,False,-1,True,True,0.75,0.0,0.001,False,False,-0.208,-0.0,47.353,1271,17.7,,,,,0,False,False,0.0,False,5.99,5.61,20.0,
81.75,23658,321.808,-756.785,-0.005,5.052,30.0,1271,-1,11.97,False,-1,True,True,0.75,0.0,-0.005,False,False,-0.194,0.004,47.285,1271,17.7,,,,,0,False,False,0.0,False,5.74,5.55,20.0,
81.8,23659,321.979,-756.599,-0.006,5.046,30.0,1271,-1,12.22,False,-1,True,True,0.75,0.0,0.003,False,False,-0.145,-0.002,47.316,1271,17.7,,,,,0,False,False,0.0,False,5.49,5.53,20.0,
81.85,23660,322.151,-756.417,-0.006,4.856,30.0,1271,-1,12.47,False,-1,True,True,0.75,0.0,-0.053,False,False,-0.12,0.069,47.17,1271,21.64,,,,,0,False,False,0.0,False,9.17,5.52,20.0,
81.9,23661,322.308,-756.25,-0.005,4.474,30.0,1271,-1,12.7,False,-1,True,True,0.75,0.0,-0.003,False,False,-0.203,0.061,47.086,1271,21.64,,,,,0,False,False,0.0,False,8.94,5.43,20.0,
81.95,23662,322.455,-756.093,-0.005,4.236,30.0,1271,-1,12.91,False,-1,True,True,0.75,0.0,-0.004,False,False,-0.282,0.033,47.047,1271,21.64,,,,,0,False,False,0.0,False,8.73,5.24,20.0,
82.0,23663,322.597,-755.942,-0.005,4.116,30.0,1271,-1,13.12,False,-1,True,True,0.75,0.0,-0.006,False,False,-0.306,0.019,47.015,1271,21.64,,,,,0,False,False,0.0,False,8.52,5.12,20.0,
82.05,23664,322.737,-755.792,-0.005,4.079,30.0,1271,-1,13.33,False,-1,True,True,0.75,0.0,-0.006,False,False,-0.275,0.011,46.983,1271,21.64,,,,,0,False,False,0.0,False,8.31,5.06,20.0,
82.1,23665,322.878,-755.643,-0.006,4.099,30.0,1271,-1,13.53,False,-1,True,True,0.75,0.0,-0.005,False,False,-0.206,0.006,46.955,1271,21.64,,,,,0,False,False,0.0,False,8.11,5.04,20.0,
82.15,23666,323.02,-755.492,-0.006,4.152,30.0,1271,-1,13.74,False,-1,True,True,0.75,0.0,-0.004,False,False,-0.122,0.003,46.931,1271,21.64,,,,,0,False,False,0.0,False,7.9,5.05,20.0,
82.2,23667,323.164,-755.338,-0.007,4.226,30.0,1271,-1,13.95,False,-1,True,True,0.75,0.0,-0.004,False,False,-0.037,0.001,46.91,1271,21.64,,,,,0,False,False,0.0,False,7.69,5.08,20.0,
82.25,23668,323.31,-755.182,-0.008,4.312,30.0,1271,-1,14.16,False,-1,True,True,0.75,0.0,-0.003,False,False,0.038,0.0,46.891,1271,21.64,,,,,0,False,False,0.0,False,7.48,5.11,20.0,
82.3,23669,323.46,-755.022,-0.008,4.407,30.0,1271,-1,14.38,False,-1,True,True,0.75,0.0,-0.003,False,False,0.101,-0.0,46.874,1271,21.64,,,,,0,False,False,0.0,False,7.26,5.16,20.0,
82.35,23670,323.614,-754.859,-0.009,4.506,30.0,1271,-1,14.61,False,-1,True,True,0.75,0.0,-0.002,False,False,0.15,-0.0,46.86,1271,21.64,,,,,0,False,False,0.0,False,7.03,5.2,20.0,
82.4,23671,323.77,-754.693,-0.009,4.609,30.0,1271,-1,14.83,False,-1,True,True,0.75,0.0,-0.002,False,False,0.187,-0.001,46.848,1271,21.64,,,,,0,False,False,0.0,False,6.8,5.25,20.0,
82.45,23672,323.93,-754.522,-0.009,4.712,30.0,1271,-1,15.07,False,-1,True,True,0.75,0.0,-0.002,False,False,0.214,-0.0,46.837,1271,21.64,,,,,0,False,False,0.0,False,6.57,5.3,20.0,
82.5,23673,324.094,-754.348,-0.009,4.816,30.0,1271,-1,15.31,False,-1,True,True,0.75,0.0,-0.001,False,False,0.232,-0.0,46.827,1271,21.64,,,,,0,False,False,0.0,False,6.33,5.36,20.0,
82.55,23674,324.261,-754.17,-0.009,4.921,30.0,1271,-1,15.55,False,-1,True,True,0.75,0.0,-0.001,False,False,0.244,-0.0,46.819,1271,21.64,,,,,0,False,False,0.0,False,6.09,5.41,20.0,
82.6,23675,324.432,-753.989,-0.009,5.025,30.0,1271,-1,15.8,False,-1,True,True,0.75,0.0,-0.001,False,False,0.252,-0.0,46.813,1271,21.64,,,,,0,False,False,0.0,False,5.84,5.46,20.0,
82.65,23676,324.606,-753.803,-0.009,5.126,30.0,1271,-1,16.05,False,-1,True,True,0.75,0.0,-0.001,False,False,0.257,-0.0,46.807,1271,21.64,,,,,0,False,False,0.0,False,5.58,5.51,20.0,
82.7,23677,324.783,-753.614,-0.009,5.264,30.0,1271,-1,16.31,False,-1,True,True,0.75,0.0,-0.001,False,False,0.261,0.0,46.801,1271,21.64,,,,,0,False,False,0.0,False,5.32,5.56,20.0,
82.75,23678,324.966,-753.423,-0.009,5.29,30.0,1271,-1,16.58,False,-1,True,True,0.75,0.0,-0.029,False,False,0.256,0.055,46.703,1271,25.57,,,,,0,False,False,0.0,False,8.99,5.63,20.0,
82.8,23679,325.151,-753.227,-0.009,5.463,30.0,1271,-1,16.85,False,-1,True,True,0.75,0.0,0.0,False,False,0.26,0.041,46.635,1271,25.57,,,,,0,False,False,0.0,False,8.72,5.65,20.0,
82.85,23680,325.338,-753.03,-0.009,5.388,30.0,1271,-1,17.12,False,-1,True,True,0.387,0.0,0.0,False,False,0.233,0.016,46.589,1271,25.57,,,,,0,False,False,0.0,False,8.45,5.73,20.0,
82.9,23681,325.523,-752.835,-0.009,5.415,30.0,1271,-1,17.39,False,-1,True,True,0.649,0.0,-0.0,False,False,0.187,0.003,46.599,1271,25.57,,,,,0,False,False,0.0,False,8.18,5.69,20.0,
82.95,23682,325.707,-752.641,-0.008,5.308,30.0,1271,-1,17.66,False,-1,True,True,0.543,0.0,-0.004,False,False,0.131,0.005,46.548,1271,25.57,,,,,0,False,False,0.0,False,7.92,5.71,20.0,
83.0,23683,325.89,-752.448,-0.008,5.343,30.0,1271,-1,17.92,False,-1,True,True,0.75,0.0,0.002,False,False,0.092,-0.0,46.559,1271,25.57,,,,,0,False,False,0.0,False,7.65,5.65,20.0,
83.05,23684,326.071,-752.256,-0.008,5.257,30.0,1271,-1,18.19,False,-1,True,True,0.75,0.0,-0.003,False,False,0.062,0.002,46.514,1271,25.57,,,,,0,False,False,0.0,False,7.39,5.67,20.0,
83.1,23685,326.254,-752.063,-0.008,5.328,30.0,1271,-1,18.45,False,-1,True,True,0.75,0.0,0.002,False,False,0.055,-0.002,46.53,1271,25.57,,,,,0,False,False,0.0,False,7.12,5.63,20.0,
83.15,23686,326.436,-751.871,-0.008,5.275,30.0,1271,-1,18.72,False,-1,True,True,0.75,0.0,-0.002,False,False,0.054,0.002,46.491,1271,25.57,,,,,0,False,False,0.0,False,6.86,5.66,20.0,
83.2,23687,326.619,-751.678,-0.008,5.352,30.0,1271,-1,18.98,False,-1,True,True,0.75,0.0,0.002,False,False,0.065,-0.001,46.51,1271,25.57,,,,,0,False,False,0.0,False,6.59,5.64,20.0,
83.25,23688,326.801,-751.485,-0.008,5.279,30.0,1271,-1,19.25,False,-1,True,True,0.75,0.0,-0.002,False,False,0.063,0.002,46.476,1271,25.57,,,,,0,False,False,0.0,False,6.33,5.68,20.0,
83.3,23689,326.986,-751.29,-0.008,5.5,30.0,1271,-1,19.52,False,-1,True,True,0.75,0.0,0.002,False,False,0.086,-0.001,46.477,1271,25.57,,,,,0,False,False,0.0,False,6.06,5.64,20.0,
83.35,23690,327.184,-751.081,-0.009,5.88,30.0,1271,-1,19.8,False,-1,True,True,0.218,0.0,0.0,False,False,0.226,-0.0,46.455,1271,25.57,,,,,0,False,False,0.0,False,5.77,5.75,20.0,
83.4,23691,327.396,-750.859,-0.01,6.227,30.0,1271,-1,20.11,False,-1,True,True,0.0,0.3,-0.013,False,False,0.365,0.028,46.403,1271,29.51,,,,,0,False,False,0.0,False,9.4,5.94,20.0,
83.45,23692,327.612,-750.633,-0.011,6.237,30.0,1271,-1,20.42,False,-1,True,True,0.0,0.3,0.002,False,False,0.398,0.024,46.368,1271,29.51,,,,,0,False,False,0.0,False,9.08,6.11,20.0,
83.5,23693,327.827,-750.407,-0.01,6.265,30.0,1271,-1,20.74,False,-1,True,True,0.0,0.3,0.001,False,False,0.353,0.011,46.357,1271,29.51,,,,,0,False,False,0.0,False,8.77,6.12,20.0,
83.55,23694,328.039,-750.185,-0.009,6.079,30.0,1271,-1,21.04,False,-1,True,True,0.0,0.3,-0.0,False,False,0.248,0.005,46.371,1271,29.51,,,,,0,False,False,0.0,False,8.46,6.13,20.0,
83.6,23695,328.246,-749.967,-0.008,5.977,30.0,1271,-1,21.34,False,-1,True,True,0.0,0.3,-0.002,False,False,0.132,0.007,46.34,1271,29.51,,,,,0,False,False,0.0,False,8.16,6.04,20.0,
83.65,23696,328.447,-749.757,-0.007,5.734,30.0,1271,-1,21.63,False,-1,True,True,0.0,0.3,0.002,False,False,0.016,0.002,46.363,1271,29.51,,,,,0,False,False,0.0,False,7.87,5.99,20.0,
83.7,23697,328.641,-749.553,-0.006,5.601,30.0,1271,-1,21.91,False,-1,True,True,0.0,0.3,-0.002,False,False,-0.077,0.004,46.332,1271,29.51,,,,,0,False,False,0.0,False,7.59,5.87,20.0,
83.75,23698,328.829,-749.357,-0.006,5.348,30.0,1271,-1,22.19,False,-1,True,True,0.0,0.192,0.002,False,False,-0.154,0.001,46.36,1271,29.51,,,,,0,False,False,0.0,False,7.32,5.8,20.0,
83.8,23699,329.011,-749.166,-0.005,5.251,30.0,1271,-1,22.45,False,-1,True,True,0.716,0.0,-0.003,False,False,-0.197,0.004,46.334,1271,29.51,,,,,0,False,False,0.0,False,7.06,5.67,20.0,
83.85,23700,329.188,-748.981,-0.005,5.05,30.0,1271,-1,22.71,False,-1,True,True,0.75,0.0,0.002,False,False,-0.22,0.002,46.369,1271,29.51,,,,,0,False,False,0.0,False,6.8,5.63,20.0,
83.9,23701,329.362,-748.799,-0.005,5.025,30.0,1271,-1,22.96,False,-1,True,True,0.75,0.0,-0.003,False,False,-0.211,0.005,46.37,1271,29.51,,,,,0,False,False,0.0,False,6.55,5.53,20.0,
83.95,23702,329.535,-748.617,-0.006,5.021,30.0,1271,-1,23.21,False,-1,True,True,0.75,0.0,-0.001,False,False,-0.162,0.005,46.362,1271,29.51,,,,,0,False,False,0.0,False,6.3,5.51,20.0,
84.0,23703,329.709,-748.435,-0.006,4.998,30.0,1271,-1,23.46,False,-1,True,True,0.75,0.0,-0.0,False,False,-0.105,0.002,46.371,1271,29.51,,,,,0,False,False,0.0,False,6.05,5.51,20.0,
84.05,23704,329.873,-748.263,-0.006,4.603,30.0,1271,-1,23.7,False,-1,True,True,0.75,0.0,-0.002,False,False,-0.15,0.002,46.324,1271,29.51,,,,,0,False,False,0.0,False,5.81,5.5,20.0,
84.1,23705,330.025,-748.103,-0.005,4.324,30.0,1271,-1,23.92,False,-1,True,True,0.75,0.0,0.004,False,False,-0.236,-0.003,46.315,1271,29.51,,,,,0,False,False,0.0,False,5.59,5.3,20.0,
84.15,23706,330.17,-747.951,-0.005,4.172,30.0,1271,-1,24.13,False,-1,True,True,0.75,0.0,0.001,False,False,-0.281,-0.005,46.32,1271,29.51,,,,,0,False,False,0.0,False,5.38,5.16,20.0,
84.2,23707,330.313,-747.801,-0.005,4.113,30.0,1271,-1,24.34,False,-1,True,True,0.75,0.0,-0.0,False,False,-0.27,-0.002,46.322,1271,29.51,,,,,0,False,False,0.0,False,5.17,5.09,20.0,
84.25,23708,330.455,-747.652,-0.005,4.118,30.0,1271,-1,24.54,False,-1,True,True,0.75,0.0,0.0,False,False,-0.216,-0.001,46.324,1271,29.51,,,,,0,False,False,0.0,False,4.96,5.06,20.0,
84.3,23709,330.599,-747.502,-0.006,4.162,30.0,1271,-1,24.75,False,-1,True,True,0.75,0.0,-0.009,False,False,-0.139,0.015,46.298,1271,33.44,,,,,0,False,False,0.0,False,8.69,5.06,20.0,
84.35,23710,330.745,-747.35,-0.007,4.23,30.0,1271,-1,24.96,False,-1,True,True,0.75,0.0,0.0,False,False,-0.056,0.012,46.281,1271,33.44,,,,,0,False,False,0.0,False,8.48,5.08,20.0,
84.4,23711,330.894,-747.195,-0.007,4.313,30.0,1271,-1,25.18,False,-1,True,True,0.75,0.0,0.0,False,False,0.02,0.006,46.277,1271,33.44,,,,,0,False,False,0.0,False,8.26,5.12,20.0,
84.45,23712,331.045,-747.037,-0.008,4.406,30.0,1271,-1,25.39,False,-1,True,True,0.75,0.0,-0.001,False,False,0.086,0.003,46.274,1271,33.44,,,,,0,False,False,0.0,False,8.05,5.16,20.0,
84.5,23713,331.2,-746.875,-0.008,4.504,30.0,1271,-1,25.62,False,-1,True,True,0.75,0.0,-0.001,False,False,0.138,0.002,46.27,1271,33.44,,,,,0,False,False,0.0,False,7.82,5.2,20.0,
84.55,23714,331.358,-746.71,-0.009,4.605,30.0,1271,-1,25.85,False,-1,True,True,0.75,0.0,-0.001,False,False,0.177,0.001,46.266,1271,33.44,,,,,0,False,False,0.0,False,7.59,5.25,20.0,
84.6,23715,331.519,-746.541,-0.009,4.708,30.0,1271,-1,26.08,False,-1,True,True,0.75,0.0,-0.0,False,False,0.206,0.001,46.263,1271,33.44,,,,,0,False,False,0.0,False,7.36,5.3,20.0,
84.65,23716,331.684,-746.369,-0.009,4.812,30.0,1271,-1,26.32,False,-1,True,True,0.75,0.0,-0.0,False,False,0.227,0.0,46.26,1271,33.44,,,,,0,False,False,0.0,False,7.12,5.35,20.0,
84.7,23717,331.853,-746.193,-0.009,4.916,30.0,1271,-1,26.56,False,-1,True,True,0.75,0.0,-0.0,False,False,0.241,-0.0,46.258,1271,33.44,,,,,0,False,False,0.0,False,6.88,5.41,20.0,
84.75,23718,332.025,-746.013,-0.009,5.02,30.0,1271,-1,26.81,False,-1,True,True,0.75,0.0,-0.0,False,False,0.25,-0.0,46.256,1271,33.44,,,,,0,False,False,0.0,False,6.63,5.46,20.0,
84.8,23719,332.201,-745.829,-0.009,5.124,30.0,1271,-1,27.07,False,-1,True,True,0.75,0.0,-0.0,False,False,0.256,-0.0,46.254,1271,33.44,,,,,0,False,False,0.0,False,6.37,5.51,20.0,
84.85,23720,332.38,-745.642,-0.009,5.183,30.0,1271,-1,27.33,False,-1,True,True,0.75,0.0,-0.0,False,False,0.256,-0.0,46.252,1271,33.44,,,,,0,False,False,0.0,False,6.11,5.56,20.0,
84.9,23721,332.563,-745.452,-0.009,5.343,30.0,1271,-1,27.59,False,-1,True,True,0.75,0.0,-0.0,False,False,0.258,-0.0,46.262,1271,33.44,,,,,0,False,False,0.0,False,5.85,5.59,20.0,
84.95,23722,332.745,-745.261,-0.009,5.25,30.0,1271,-1,27.85,False,-1,True,True,0.75,0.0,-0.001,False,False,0.222,0.002,46.231,1271,33.44,,,,,0,False,False,0.0,False,5.59,5.67,20.0,
85.0,23723,332.928,-745.07,-0.009,5.31,30.0,1271,-1,28.12,False,-1,True,True,0.75,0.0,-0.002,False,False,0.182,0.005,46.243,1271,37.37,,,,,0,False,False,0.0,False,9.26,5.62,20.0,
85.05,23724,333.11,-744.88,-0.008,5.247,30.0,1271,-1,28.38,False,-1,True,True,0.75,0.0,-0.002,False,False,0.143,0.007,46.196,1271,37.37,,,,,0,False,False,0.0,False,8.99,5.66,20.0,
85.1,23725,333.293,-744.689,-0.008,5.34,30.0,1271,-1,28.65,False,-1,True,True,0.75,0.0,0.003,False,False,0.126,0.0,46.214,1271,37.37,,,,,0,False,False,0.0,False,8.73,5.62,20.0,
85.15,23726,333.476,-744.498,-0.008,5.271,30.0,1271,-1,28.91,False,-1,True,True,0.75,0.0,-0.002,False,False,0.109,0.002,46.178,1271,37.37,,,,,0,False,False,0.0,False,8.46,5.67,20.0,
85.2,23727,333.66,-744.306,-0.008,5.338,30.0,1271,-1,29.18,False,-1,True,True,0.75,0.0,0.003,False,False,0.099,-0.002,46.206,1271,37.37,,,,,0,False,False,0.0,False,8.2,5.64,20.0,
85.25,23728,333.847,-744.111,-0.008,5.521,30.0,1271,-1,29.45,False,-1,True,True,0.75,0.0,-0.002,False,False,0.125,0.002,46.168,1271,37.37,,,,,0,False,False,0.0,False,7.93,5.67,20.0,
85.3,23729,334.049,-743.9,-0.01,6.027,30.0,1271,-1,29.74,False,-1,True,True,0.147,0.0,0.003,False,False,0.278,-0.002,46.151,1271,37.37,,,,,0,False,False,0.0,False,7.64,5.76,20.0,
85.35,23730,334.263,-743.676,-0.011,6.215,30.0,1271,-1,30.05,False,-1,True,True,0.0,0.3,0.002,False,False,0.396,-0.005,46.158,1271,37.37,,,,,0,False,False,0.0,False,7.33,6.01,20.0,
85.4,23731,334.481,-743.448,-0.011,6.353,30.0,1271,-1,30.36,False,-1,True,True,0.0,0.3,0.0,False,False,0.423,-0.002,46.165,1271,37.37,,,,,0,False,False,0.0,False,7.01,6.11,20.0,
85.45,23732,334.699,-743.222,-0.01,6.239,30.0,1271,-1,30.68,False,-1,True,True,0.0,0.3,0.0,False,False,0.358,0.002,46.168,1271,37.37,,,,,0,False,False,0.0,False,6.7,6.18,20.0,
85.5,23733,334.913,-742.998,-0.009,6.182,30.0,1271,-1,30.99,False,-1,True,True,0.0,0.3,0.0,False,False,0.254,0.003,46.171,1271,37.37,,,,,0,False,False,0.0,False,6.39,6.12,20.0,
85.55,23734,335.122,-742.781,-0.008,5.958,30.0,1271,-1,31.29,False,-1,True,True,0.0,0.3,0.0,False,False,0.129,0.003,46.183,1271,37.37,,,,,0,False,False,0.0,False,6.09,6.09,20.0,
85.6,23735,335.325,-742.569,-0.007,5.834,30.0,1271,-1,31.58,False,-1,True,True,0.0,0.3,-0.001,False,False,0.018,0.004,46.161,1271,37.37,,,,,0,False,False,0.0,False,5.79,5.98,20.0,
85.65,23736,335.522,-742.366,-0.006,5.573,30.0,1271,-1,31.86,False,-1,True,True,0.0,0.3,-0.02,False,False,-0.083,0.035,46.131,1271,41.31,,,,,0,False,False,0.0,False,9.48,5.92,20.0,
85.7,23737,335.712,-742.169,-0.006,5.455,30.0,1271,-1,32.14,False,-1,True,True,0.0,0.097,-0.003,False,False,-0.153,0.036,46.049,1271,41.31,,,,,0,False,False,0.0,False,9.2,5.79,20.0,
85.75,23738,335.897,-741.978,-0.005,5.234,30.0,1271,-1,32.4,False,-1,True,True,0.328,0.0,0.003,False,False,-0.199,0.016,46.06,1271,41.31,,,,,0,False,False,0.0,False,8.94,5.73,20.0,
85.8,23739,336.077,-741.791,-0.005,5.164,30.0,1271,-1,32.66,False,-1,True,True,0.75,0.0,-0.004,False,False,-0.214,0.011,46.026,1271,41.31,,,,,0,False,False,0.0,False,8.68,5.62,20.0,
85.85,23740,336.253,-741.609,-0.005,5.029,30.0,1271,-1,32.92,False,-1,True,True,0.75,0.0,0.0,False,False,-0.209,0.005,46.047,1271,41.31,,,,,0,False,False,0.0,False,8.43,5.58,20.0,
85.9,23741,336.429,-741.426,-0.006,5.096,30.0,1271,-1,33.17,False,-1,True,True,0.75,0.0,-0.004,False,False,-0.157,0.007,46.003,1271,41.31,,,,,0,False,False,0.0,False,8.17,5.51,20.0,
85.95,23742,336.604,-741.245,-0.006,4.924,30.0,1271,-1,33.42,False,-1,True,True,0.75,0.0,0.002,False,False,-0.116,0.001,45.999,1271,41.31,,,,,0,False,False,0.0,False,7.92,5.55,20.0,
86.0,23743,336.768,-741.076,-0.006,4.565,30.0,1271,-1,33.66,False,-1,True,True,0.75,0.0,-0.001,False,False,-0.182,-0.001,46.024,1271,41.31,,,,,0,False,False,0.0,False,7.69,5.46,20.0,
86.05,23744,336.92,-740.919,-0.005,4.306,30.0,1271,-1,33.88,False,-1,True,True,0.75,0.0,-0.004,False,False,-0.264,0.002,46.021,1271,41.31,,,,,0,False,False,0.0,False,7.47,5.28,20.0,
86.1,23745,337.067,-740.767,-0.005,4.168,30.0,1271,-1,34.09,False,-1,True,True,0.75,0.0,-0.002,False,False,-0.298,0.002,46.012,1271,41.31,,,,,0,False,False,0.0,False,7.26,5.15,20.0,
86.15,23746,337.21,-740.619,-0.005,4.119,30.0,1271,-1,34.29,False,-1,True,True,0.75,0.0,-0.001,False,False,-0.277,0.001,46.005,1271,41.31,,,,,0,False,False,0.0,False,7.05,5.08,20.0,
86.2,23747,337.354,-740.47,-0.005,4.131,30.0,1271,-1,34.5,False,-1,True,True,0.75,0.0,-0.001,False,False,-0.215,-0.0,46.0,1271,41.31,,,,,0,False,False,0.0,False,6.84,5.06,20.0,
86.25,23748,337.499,-740.32,-0.006,4.179,30.0,1271,-1,34.71,False,-1,True,True,0.75,0.0,-0.001,False,False,-0.133,-0.001,45.996,1271,41.31,,,,,0,False,False,0.0,False,6.63,5.07,20.0,
86.3,23749,337.646,-740.168,-0.007,4.249,30.0,1271,-1,34.92,False,-1,True,True,0.75,0.0,-0.001,False,False,-0.049,-0.001,45.992,1271,41.31,,,,,0,False,False,0.0,False,6.42,5.09,20.0,
86.35,23750,337.796,-740.013,-0.008,4.334,30.0,1271,-1,35.14,False,-1,True,True,0.75,0.0,-0.001,False,False,0.028,-0.001,45.988,1271,41.31,,,,,0,False,False,0.0,False,6.21,5.12,20.0,
86.4,23751,337.949,-739.855,-0.008,4.427,30.0,1271,-1,35.36,False,-1,True,True,0.75,0.0,-0.0,False,False,0.092,-0.0,45.985,1271,41.31,,,,,0,False,False,0.0,False,5.99,5.17,20.0,
86.45,23752,338.105,-739.693,-0.008,4.525,30.0,1271,-1,35.58,False,-1,True,True,0.75,0.0,-0.0,False,False,0.143,-0.0,45.983,1271,41.31,,,,,0,False,False,0.0,False,5.76,5.21,20.0,
86.5,23753,338.265,-739.528,-0.009,4.627,30.0,1271,-1,35.81,False,-1,True,True,0.75,0.0,-0.0,False,False,0.181,-0.0,45.98,1271,41.31,,,,,0,False,False,0.0,False,5.53,5.26,20.0,
86.55,23754,338.428,-739.359,-0.009,4.73,30.0,1271,-1,36.05,False,-1,True,True,0.75,0.0,-0.0,False,False,0.209,-0.0,45.978,1271,41.31,,,,,0,False,False,0.0,False,5.3,5.31,20.0,
86.6,23755,338.597,-739.19,-0.009,4.827,30.0,1271,-1,36.29,False,-1,True,True,0.75,0.0,-0.067,False,False,0.227,0.089,45.822,1271,45.24,,,,,0,False,False,0.0,False,9.02,5.36,20.0,
86.65,23756,338.769,-739.016,-0.009,4.932,30.0,1271,-1,36.53,False,-1,True,True,0.75,0.0,-0.005,False,False,0.24,0.093,45.666,1271,45.24,,,,,0,False,False,0.0,False,8.77,5.41,20.0,
86.7,23757,338.945,-738.838,-0.009,5.037,30.0,1271,-1,36.78,False,-1,True,True,0.75,0.0,-0.0,False,False,0.249,0.046,45.612,1271,45.24,,,,,0,False,False,0.0,False,8.52,5.47,20.0,
86.75,23758,339.123,-738.656,-0.009,5.138,30.0,1271,-1,37.03,False,-1,True,True,0.75,0.0,-0.006,False,False,0.255,0.023,45.575,1271,45.24,,,,,0,False,False,0.0,False,8.27,5.52,20.0,
86.8,23759,339.306,-738.471,-0.009,5.236,30.0,1271,-1,37.29,False,-1,True,True,0.75,0.0,-0.006,False,False,0.257,0.015,45.551,1271,45.24,,,,,0,False,False,0.0,False,8.01,5.57,20.0,
86.85,23760,339.489,-738.285,-0.009,5.217,30.0,1271,-1,37.56,False,-1,True,True,0.75,0.0,-0.006,False,False,0.23,0.012,45.477,1271,45.24,,,,,0,False,False,0.0,False,7.74,5.62,20.0,
86.9,23761,339.672,-738.101,-0.009,5.202,30.0,1271,-1,37.82,False,-1,True,True,0.75,0.0,-0.0,False,False,0.184,0.002,45.494,1271,45.24,,,,,0,False,False,0.0,False,7.48,5.61,20.0,
86.95,23762,339.855,-737.916,-0.008,5.203,30.0,1271,-1,38.08,False,-1,True,True,0.75,0.0,-0.007,False,False,0.146,0.005,45.423,1271,45.24,,,,,0,False,False,0.0,False,7.23,5.6,20.0,
87.0,23763,340.038,-737.73,-0.008,5.22,30.0,1271,-1,38.34,False,-1,True,True,0.75,0.0,0.001,False,False,0.123,-0.002,45.447,1271,45.24,,,,,0,False,False,0.0,False,6.96,5.6,20.0,
87.05,23764,340.222,-737.544,-0.008,5.243,30.0,1271,-1,38.6,False,-1,True,True,0.75,0.0,-0.006,False,False,0.113,0.003,45.384,1271,45.24,,,,,0,False,False,0.0,False,6.7,5.61,20.0,
87.1,23765,340.406,-737.358,-0.008,5.238,30.0,1271,-1,38.86,False,-1,True,True,0.75,0.0,0.002,False,False,0.101,-0.002,45.417,1271,45.24,,,,,0,False,False,0.0,False,6.44,5.62,20.0,
87.15,23766,340.589,-737.172,-0.008,5.235,30.0,1271,-1,39.12,False,-1,True,True,0.75,0.0,-0.005,False,False,0.09,0.003,45.36,1271,45.24,,,,,0,False,False,0.0,False,6.18,5.62,20.0,
87.2,23767,340.783,-736.976,-0.009,5.684,30.0,1271,-1,39.4,False,-1,True,True,0.75,0.0,0.002,False,False,0.181,-0.003,45.416,1271,45.24,,,,,0,False,False,0.0,False,5.9,5.62,20.0,
87.25,23768,340.993,-736.765,-0.01,6.066,30.0,1271,-1,39.69,False,-1,True,True,0.0,0.3,-0.007,False,False,0.337,0.006,45.396,1271,45.24,,,,,0,False,False,0.0,False,5.61,5.84,20.0,
87.3,23769,341.214,-736.547,-0.011,6.262,30.0,1271,-1,40.0,False,-1,True,True,0.0,0.3,-0.07,False,False,0.427,0.124,45.206,1271,49.18,,,,,0,False,False,0.0,False,9.25,6.03,20.0,
87.35,23770,341.438,-736.326,-0.011,6.302,30.0,1271,-1,40.32,False,-1,True,True,0.0,0.3,-0.005,False,False,0.422,0.122,44.966,1271,49.18,,,,,0,False,False,0.0,False,8.94,6.13,20.0,
87.4,23771,341.66,-736.106,-0.01,6.214,30.0,1271,-1,40.63,False,-1,True,True,0.0,0.3,0.007,False,False,0.338,0.052,44.919,1271,49.18,,,,,0,False,False,0.0,False,8.63,6.15,20.0,
87.45,23772,341.876,-735.89,-0.009,6.082,30.0,1271,-1,40.94,False,-1,True,True,0.0,0.3,-0.006,False,False,0.22,0.025,44.837,1271,49.18,,,,,0,False,False,0.0,False,8.32,6.11,20.0,
87.5,23773,342.088,-735.68,-0.008,5.922,30.0,1271,-1,41.24,False,-1,True,True,0.0,0.3,-0.001,False,False,0.1,0.01,44.841,1271,49.18,,,,,0,False,False,0.0,False,8.02,6.04,20.0,
87.55,23774,342.294,-735.476,-0.007,5.741,30.0,1271,-1,41.52,False,-1,True,True,0.0,0.3,-0.007,False,False,-0.007,0.012,44.768,1271,49.18,,,,,0,False,False,0.0,False,7.73,5.96,20.0,
87.6,23775,342.494,-735.279,-0.006,5.548,30.0,1271,-1,41.81,False,-1,True,True,0.0,0.3,0.0,False,False,-0.096,0.005,44.782,1271,49.18,,,,,0,False,False,0.0,False,7.45,5.87,20.0,
87.65,23776,342.686,-735.088,-0.006,5.377,30.0,1271,-1,42.08,False,-1,True,True,0.0,0.004,-0.006,False,False,-0.161,0.007,44.717,1271,49.18,,,,,0,False,False,0.0,False,7.18,5.77,20.0,
87.7,23777,342.874,-734.902,-0.005,5.226,30.0,1271,-1,42.34,False,-1,True,True,0.611,0.0,0.002,False,False,-0.197,0.001,44.742,1271,49.18,,,,,0,False,False,0.0,False,6.92,5.69,20.0,
87.75,23778,343.057,-734.722,-0.005,5.092,30.0,1271,-1,42.6,False,-1,True,True,0.75,0.0,-0.005,False,False,-0.212,0.005,44.682,1271,49.18,,,,,0,False,False,0.0,False,6.66,5.61,20.0,
87.8,23779,343.237,-734.544,-0.005,5.067,30.0,1271,-1,42.85,False,-1,True,True,0.75,0.0,0.002,False,False,-0.19,-0.001,44.707,1271,49.18,,,,,0,False,False,0.0,False,6.41,5.55,20.0,
87.85,23780,343.418,-734.365,-0.006,5.063,30.0,1271,-1,43.1,False,-1,True,True,0.75,0.0,-0.004,False,False,-0.139,0.003,44.648,1271,49.18,,,,,0,False,False,0.0,False,6.15,5.53,20.0,
87.9,23781,343.594,-734.191,-0.006,4.782,30.0,1271,-1,43.35,False,-1,True,True,0.75,0.0,0.003,False,False,-0.135,-0.002,44.678,1271,49.18,,,,,0,False,False,0.0,False,5.9,5.53,20.0,
87.95,23782,343.755,-734.032,-0.005,4.42,30.0,1271,-1,43.58,False,-1,True,True,0.75,0.0,-0.004,False,False,-0.228,0.001,44.692,1271,49.18,,,,,0,False,False,0.0,False,5.68,5.39,20.0,
88.0,23783,343.907,-733.882,-0.005,4.199,30.0,1271,-1,43.79,False,-1,True,True,0.75,0.0,-0.003,False,False,-0.3,0.004,44.684,1271,49.18,,,,,0,False,False,0.0,False,5.46,5.21,20.0,
88.05,23784,344.054,-733.737,-0.005,4.091,30.0,1271,-1,44.0,False,-1,True,True,0.75,0.0,-0.001,False,False,-0.315,0.003,44.677,1271,49.18,,,,,0,False,False,0.0,False,5.26,5.1,20.0,
88.1,23785,344.199,-733.594,-0.005,4.063,30.0,1271,-1,44.15,False,-1,True,True,0.75,0.0,-0.001,False,False,-0.276,0.001,44.672,1271,49.18,,,,,0,False,False,0.0,False,5.05,5.05,20.0,
88.15,23786,344.344,-733.451,-0.006,4.088,30.0,1271,-1,44.36,False,-1,True,True,0.75,0.0,-0.001,False,False,-0.202,0.0,44.667,1271,49.18,,,,,0,False,False,0.0,False,4.85,5.03,20.0,
88.2,23787,344.494,-733.308,-0.006,4.135,30.0,1271,-1,44.56,False,-1,True,True,0.75,0.0,-0.095,False,False,-0.117,0.101,44.49,1271,53.11,,,,,0,False,False,0.0,False,8.62,5.04,20.0,
88.25,23788,344.646,-733.164,-0.007,4.212,30.0,1271,-1,44.77,False,-1,True,True,0.75,0.0,-0.013,False,False,-0.033,0.119,44.283,1271,53.11,,,,,0,False,False,0.0,False,8.41,5.07,20.0,
88.3,23789,344.8,-733.016,-0.008,4.302,30.0,1271,-1,44.99,False,-1,True,True,0.75,0.0,-0.003,False,False,0.043,0.064,44.204,1271,53.11,,,,,0,False,False,0.0,False,8.19,5.11,20.0,
88.35,23790,344.958,-732.864,-0.008,4.398,30.0,1271,-1,45.21,False,-1,True,True,0.75,0.0,-0.011,False,False,0.106,0.034,44.147,1271,53.11,,,,,0,False,False,0.0,False,7.97,5.15,20.0,
88.4,23791,345.119,-732.71,-0.009,4.499,30.0,1271,-1,45.43,False,-1,True,True,0.75,0.0,-0.01,False,False,0.155,0.023,44.087,1271,53.11,,,,,0,False,False,0.0,False,7.75,5.2,20.0,
88.45,23792,345.284,-732.552,-0.009,4.602,30.0,1271,-1,45.66,False,-1,True,True,0.75,0.0,-0.008,False,False,0.191,0.014,44.032,1271,53.11,,,,,0,False,False,0.0,False,7.52,5.25,20.0,
88.5,23793,345.452,-732.39,-0.009,4.706,30.0,1271,-1,45.89,False,-1,True,True,0.75,0.0,-0.007,False,False,0.217,0.008,43.986,1271,53.11,,,,,0,False,False,0.0,False,7.29,5.3,20.0,
88.55,23794,345.625,-732.225,-0.009,4.811,30.0,1271,-1,46.13,False,-1,True,True,0.75,0.0,-0.006,False,False,0.234,0.004,43.946,1271,53.11,,,,,0,False,False,0.0,False,7.05,5.35,20.0,
88.6,23795,345.801,-732.056,-0.009,4.916,30.0,1271,-1,46.37,False,-1,True,True,0.75,0.0,-0.005,False,False,0.246,0.002,43.911,1271,53.11,,,,,0,False,False,0.0,False,6.81,5.41,20.0,
88.65,23796,345.98,-731.884,-0.009,5.02,30.0,1271,-1,46.62,False,-1,True,True,0.75,0.0,-0.004,False,False,0.254,0.001,43.881,1271,53.11,,,,,0,False,False,0.0,False,6.56,5.46,20.0,
88.7,23797,346.164,-731.708,-0.009,5.124,30.0,1271,-1,46.88,False,-1,True,True,0.75,0.0,-0.003,False,False,0.258,0.0,43.855,1271,53.11,,,,,0,False,False,0.0,False,6.3,5.51,20.0,
88.75,23798,346.351,-731.529,-0.009,5.185,30.0,1271,-1,47.14,False,-1,True,True,0.75,0.0,-0.003,False,False,0.258,0.0,43.831,1271,53.11,,,,,0,False,False,0.0,False,6.04,5.56,20.0,
88.8,23799,346.541,-731.347,-0.009,5.298,30.0,1271,-1,47.4,False,-1,True,True,0.75,0.0,-0.002,False,False,0.251,-0.001,43.826,1271,53.11,,,,,0,False,False,0.0,False,5.78,5.59,20.0,
88.85,23800,346.73,-731.166,-0.009,5.205,30.0,1271,-1,47.66,False,-1,True,True,0.75,0.0,-0.003,False,False,0.205,0.001,43.777,1271,53.11,,,,,0,False,False,0.0,False,5.52,5.65,20.0,
88.9,23801,346.921,-730.988,-0.008,5.265,30.0,1271,-1,47.92,False,-1,True,True,0.75,0.0,-0.077,False,False,0.165,0.094,43.633,1271,57.04,,,,,0,False,False,0.0,False,9.19,5.6,20.0,
88.95,23802,347.115,-730.812,-0.008,5.205,30.0,1271,-1,48.18,False,-1,True,True,0.75,0.0,-0.077,False,False,0.129,0.207,43.242,1271,57.04,,,,,0,False,False,0.0,False,8.93,5.63,20.0,
89.0,23803,347.308,-730.634,-0.008,5.3,30.0,1271,-1,48.45,False,-1,True,True,0.75,0.0,0.02,False,False,0.117,0.128,43.038,1271,57.04,,,,,0,False,False,0.0,False,8.67,5.6,20.0,
89.05,23804,347.5,-730.455,-0.008,5.22,30.0,1271,-1,48.71,False,-1,True,True,0.75,0.0,0.014,False,False,0.1,0.022,42.975,1271,57.04,,,,,0,False,False,0.0,False,8.41,5.65,20.0,
89.1,23805,347.692,-730.276,-0.008,5.289,30.0,1271,-1,48.97,False,-1,True,True,0.75,0.0,0.005,False,False,0.092,-0.021,43.017,1271,57.04,,,,,0,False,False,0.0,False,8.14,5.61,20.0,
89.15,23806,347.89,-730.091,-0.008,5.569,30.0,1271,-1,49.24,False,-1,True,True,0.75,0.0,-0.004,False,False,0.147,-0.02,43.03,1271,57.04,,,,,0,False,False,0.0,False,7.87,5.64,20.0,
89.2,23807,348.106,-729.89,-0.01,6.057,30.0,1271,-1,49.54,False,-1,True,True,0.0,0.021,-0.002,False,False,0.308,-0.013,43.036,1271,57.04,,,,,0,False,False,0.0,False,7.58,5.78,20.0,
89.25,23808,348.333,-729.679,-0.011,6.23,30.0,1271,-1,49.85,False,-1,True,True,0.0,0.3,-0.002,False,False,0.417,-0.01,43.031,1271,57.04,,,,,0,False,False,0.0,False,7.27,6.03,20.0,
89.3,23809,348.565,-729.464,-0.011,6.358,30.0,1271,-1,50.16,False,-1,True,True,0.0,0.3,-0.001,False,False,0.434,-0.01,43.024,1271,57.04,,,,,0,False,False,0.0,False,6.95,6.12,20.0,
89.35,23810,348.794,-729.25,-0.01,6.238,30.0,1271,-1,50.48,False,-1,True,True,0.0,0.3,-0.0,False,False,0.361,-0.01,43.02,1271,57.04,,,,,0,False,False,0.0,False,6.64,6.18,20.0,
89.4,23811,349.021,-729.039,-0.009,6.179,30.0,1271,-1,50.79,False,-1,True,True,0.0,0.3,-0.0,False,False,0.252,-0.009,43.027,1271,57.04,,,,,0,False,False,0.0,False,6.33,6.12,20.0,
89.45,23812,349.241,-728.833,-0.008,5.951,30.0,1271,-1,51.09,False,-1,True,True,0.0,0.3,-0.001,False,False,0.125,-0.005,43.001,1271,57.04,,,,,0,False,False,0.0,False,6.03,6.09,20.0,
89.5,23813,349.455,-728.634,-0.007,5.825,30.0,1271,-1,51.38,False,-1,True,True,0.0,0.3,0.002,False,False,0.013,-0.007,43.027,1271,57.04,,,,,0,False,False,0.0,False,5.73,5.98,20.0,
89.55,23814,349.663,-728.443,-0.006,5.561,30.0,1271,-1,51.66,False,-1,True,True,0.0,0.3,-0.049,False,False,-0.089,0.071,42.879,1271,60.98,,,,,0,False,False,0.0,False,9.38,5.91,20.0,
89.6,23815,349.865,-728.258,-0.006,5.445,30.0,1271,-1,51.94,False,-1,True,True,0.0,0.053,-0.0,False,False,-0.158,0.063,42.788,1271,60.98,,,,,0,False,False,0.0,False,9.11,5.78,20.0,
89.65,23816,350.06,-728.078,-0.005,5.224,30.0,1271,-1,52.14,False,-1,True,True,0.365,0.0,-0.001,False,False,-0.202,0.031,42.699,1271,60.98,,,,,0,False,False,0.0,False,8.85,5.72,20.0,
89.7,23817,350.25,-727.903,-0.005,5.155,30.0,1271,-1,52.4,False,-1,True,True,0.75,0.0,0.001,False,False,-0.215,0.009,42.692,1271,60.98,,,,,0,False,False,0.0,False,8.59,5.61,20.0,
89.75,23818,350.437,-727.731,-0.005,5.04,30.0,1271,-1,52.66,False,-1,True,True,0.75,0.0,-0.004,False,False,-0.204,0.006,42.625,1271,60.98,,,,,0,False,False,0.0,False,8.33,5.58,20.0,
89.8,23819,350.624,-727.558,-0.006,5.106,30.0,1271,-1,52.91,False,-1,True,True,0.75,0.0,0.002,False,False,-0.15,-0.0,42.633,1271,60.98,,,,,0,False,False,0.0,False,8.08,5.52,20.0,
89.85,23820,350.808,-727.389,-0.006,4.837,30.0,1271,-1,53.16,False,-1,True,True,0.75,0.0,-0.004,False,False,-0.128,0.002,42.605,1271,60.98,,,,,0,False,False,0.0,False,7.83,5.55,20.0,
89.9,23821,350.979,-727.233,-0.005,4.496,30.0,1271,-1,53.39,False,-1,True,True,0.75,0.0,-0.0,False,False,-0.208,0.002,42.626,1271,60.98,,,,,0,False,False,0.0,False,7.6,5.42,20.0,
89.95,23822,351.138,-727.087,-0.005,4.255,30.0,1271,-1,53.61,False,-1,True,True,0.75,0.0,-0.004,False,False,-0.286,0.005,42.621,1271,60.98,,,,,0,False,False,0.0,False,7.38,5.25,20.0,
90.0,23823,351.292,-726.946,-0.005,4.132,30.0,1271,-1,53.82,False,-1,True,True,0.75,0.0,-0.002,False,False,-0.31,0.005,42.609,1271,60.98,,,,,0,False,False,0.0,False,7.17,5.13,20.0,
90.05,23824,351.443,-726.807,-0.005,4.093,30.0,1271,-1,54.02,False,-1,True,True,0.75,0.0,-0.001,False,False,-0.279,0.003,42.6,1271,60.98,,,,,0,False,False,0.0,False,6.97,5.07,20.0,
90.1,23825,351.594,-726.668,-0.005,4.111,30.0,1271,-1,54.23,False,-1,True,True,0.75,0.0,-0.001,False,False,-0.211,0.001,42.593,1271,60.98,,,,,0,False,False,0.0,False,6.76,5.05,20.0,
90.15,23826,351.747,-726.527,-0.006,4.163,30.0,1271,-1,54.44,False,-1,True,True,0.75,0.0,-0.001,False,False,-0.126,0.001,42.586,1271,60.98,,,,,0,False,False,0.0,False,6.55,5.06,20.0,
90.2,23827,351.903,-726.385,-0.007,4.237,30.0,1271,-1,54.65,False,-1,True,True,0.75,0.0,-0.001,False,False,-0.04,0.0,42.581,1271,60.98,,,,,0,False,False,0.0,False,6.34,5.08,20.0,
90.25,23828,352.061,-726.239,-0.008,4.323,30.0,1271,-1,54.86,False,-1,True,True,0.75,0.0,-0.001,False,False,0.036,-0.0,42.576,1271,60.98,,,,,0,False,False,0.0,False,6.13,5.12,20.0,
90.3,23829,352.223,-726.091,-0.008,4.417,30.0,1271,-1,55.08,False,-1,True,True,0.75,0.0,-0.001,False,False,0.099,-0.0,42.571,1271,60.98,,,,,0,False,False,0.0,False,5.91,5.16,20.0,
90.35,23830,352.388,-725.939,-0.009,4.516,30.0,1271,-1,55.31,False,-1,True,True,0.75,0.0,-0.001,False,False,0.149,-0.0,42.568,1271,60.98,,,,,0,False,False,0.0,False,5.68,5.21,20.0,
90.4,23831,352.557,-725.784,-0.009,4.618,30.0,1271,-1,55.54,False,-1,True,True,0.75,0.0,-0.001,False,False,0.186,-0.0,42.564,1271,60.98,,,,,0,False,False,0.0,False,5.45,5.26,20.0,
90.45,23832,352.73,-725.626,-0.009,4.722,30.0,1271,-1,55.77,False,-1,True,True,0.75,0.0,-0.0,False,False,0.213,-0.0,42.561,1271,60.98,,,,,0,False,False,0.0,False,5.22,5.31,20.0,
90.5,23833,352.907,-725.465,-0.009,4.824,30.0,1271,-1,56.01,False,-1,True,True,0.75,0.0,-0.029,False,False,0.231,0.046,42.474,1271,64.91,,,,,0,False,False,0.0,False,8.91,5.36,20.0,
90.55,23834,353.088,-725.301,-0.009,4.929,30.0,1271,-1,56.25,False,-1,True,True,0.75,0.0,-0.0,False,False,0.243,0.04,42.408,1271,64.91,,,,,0,False,False,0.0,False,8.67,5.41,20.0,
90.6,23835,353.273,-725.133,-0.009,5.033,30.0,1271,-1,56.5,False,-1,True,True,0.75,0.0,0.0,False,False,0.251,0.017,42.389,1271,64.91,,,,,0,False,False,0.0,False,8.42,5.46,20.0,
90.65,23836,353.461,-724.961,-0.009,5.134,30.0,1271,-1,56.76,False,-1,True,True,0.75,0.0,-0.003,False,False,0.257,0.007,42.375,1271,64.91,,,,,0,False,False,0.0,False,8.17,5.52,20.0,
90.7,23837,353.654,-724.786,-0.009,5.271,30.0,1271,-1,57.02,False,-1,True,True,0.75,0.0,-0.002,False,False,0.26,0.005,42.361,1271,64.91,,,,,0,False,False,0.0,False,7.91,5.57,20.0,
90.75,23838,353.847,-724.61,-0.009,5.204,30.0,1271,-1,57.28,False,-1,True,True,0.75,0.0,-0.002,False,False,0.237,0.003,42.327,1271,64.91,,,,,0,False,False,0.0,False,7.64,5.64,20.0,
90.8,23839,354.041,-724.434,-0.009,5.258,30.0,1271,-1,57.54,False,-1,True,True,0.75,0.0,0.0,False,False,0.197,-0.002,42.34,1271,64.91,,,,,0,False,False,0.0,False,7.38,5.6,20.0,
90.85,23840,354.233,-724.259,-0.008,5.187,30.0,1271,-1,57.8,False,-1,True,True,0.75,0.0,-0.003,False,False,0.152,0.001,42.294,1271,64.91,,,,,0,False,False,0.0,False,7.12,5.63,20.0,
90.9,23841,354.427,-724.083,-0.008,5.273,30.0,1271,-1,58.06,False,-1,True,True,0.75,0.0,0.002,False,False,0.13,-0.003,42.309,1271,64.91,,,,,0,False,False,0.0,False,6.86,5.59,20.0,
90.95,23842,354.62,-723.906,-0.008,5.231,30.0,1271,-1,58.33,False,-1,True,True,0.75,0.0,-0.002,False,False,0.115,0.0,42.269,1271,64.91,,,,,0,False,False,0.0,False,6.6,5.64,20.0,
91.0,23843,354.815,-723.729,-0.008,5.298,30.0,1271,-1,58.59,False,-1,True,True,0.75,0.0,0.002,False,False,0.108,-0.003,42.288,1271,64.91,,,,,0,False,False,0.0,False,6.33,5.62,20.0,
91.05,23844,355.009,-723.552,-0.008,5.223,30.0,1271,-1,58.85,False,-1,True,True,0.75,0.0,-0.002,False,False,0.092,0.001,42.255,1271,64.91,,,,,0,False,False,0.0,False,6.07,5.65,20.0,
91.1,23845,355.21,-723.369,-0.008,5.651,30.0,1271,-1,59.12,False,-1,True,True,0.75,0.0,0.002,False,False,0.155,-0.002,42.242,1271,64.91,,,,,0,False,False,0.0,False,5.8,5.61,20.0,
91.15,23846,355.429,-723.172,-0.01,5.976,30.0,1271,-1,59.42,False,-1,True,True,0.0,0.3,-0.014,False,False,0.304,0.027,42.182,1271,68.85,,,,,0,False,False,0.0,False,9.44,5.83,20.0,
91.2,23847,355.658,-722.964,-0.011,6.267,30.0,1271,-1,59.73,False,-1,True,True,0.0,0.3,0.002,False,False,0.41,0.023,42.142,1271,68.85,,,,,0,False,False,0.0,False,9.13,5.99,20.0,
91.25,23848,355.89,-722.753,-0.011,6.26,30.0,1271,-1,60.04,False,-1,True,True,0.0,0.3,0.002,False,False,0.416,0.009,42.135,1271,68.85,,,,,0,False,False,0.0,False,8.82,6.13,20.0,
91.3,23849,356.123,-722.543,-0.01,6.275,30.0,1271,-1,60.35,False,-1,True,True,0.0,0.3,-0.0,False,False,0.353,0.006,42.138,1271,68.85,,,,,0,False,False,0.0,False,8.5,6.13,20.0,
91.35,23850,356.351,-722.337,-0.009,6.084,30.0,1271,-1,60.66,False,-1,True,True,0.0,0.3,-0.001,False,False,0.24,0.007,42.118,1271,68.85,,,,,0,False,False,0.0,False,8.2,6.14,20.0,
91.4,23851,356.573,-722.136,-0.008,5.978,30.0,1271,-1,60.96,False,-1,True,True,0.0,0.3,0.001,False,False,0.12,0.004,42.142,1271,68.85,,,,,0,False,False,0.0,False,7.9,6.04,20.0,
91.45,23852,356.789,-721.941,-0.007,5.733,30.0,1271,-1,61.25,False,-1,True,True,0.0,0.3,-0.003,False,False,0.004,0.007,42.112,1271,68.85,,,,,0,False,False,0.0,False,7.61,5.99,20.0,
91.5,23853,356.998,-721.752,-0.006,5.597,30.0,1271,-1,61.53,False,-1,True,True,0.0,0.3,0.002,False,False,-0.087,0.003,42.137,1271,68.85,,,,,0,False,False,0.0,False,7.32,5.87,20.0,
91.55,23854,357.199,-721.57,-0.006,5.345,30.0,1271,-1,61.81,False,-1,True,True,0.0,0.181,-0.002,False,False,-0.163,0.005,42.105,1271,68.85,,,,,0,False,False,0.0,False,7.05,5.8,20.0,
91.6,23855,357.395,-721.393,-0.005,5.247,30.0,1271,-1,62.07,False,-1,True,True,0.727,0.0,0.002,False,False,-0.204,-0.0,42.128,1271,68.85,,,,,0,False,False,0.0,False,6.79,5.67,20.0,
91.65,23856,357.585,-721.221,-0.005,5.046,30.0,1271,-1,62.33,False,-1,True,True,0.75,0.0,-0.002,False,False,-0.224,0.001,42.09,1271,68.85,,,,,0,False,False,0.0,False,6.53,5.62,20.0,
91.7,23857,357.772,-721.051,-0.005,5.068,30.0,1271,-1,62.58,False,-1,True,True,0.75,0.0,0.003,False,False,-0.201,-0.003,42.093,1271,68.85,,,,,0,False,False,0.0,False,6.28,5.52,20.0,
91.75,23858,357.959,-720.882,-0.006,5.05,30.0,1271,-1,62.83,False,-1,True,True,0.75,0.0,0.0,False,False,-0.152,-0.003,42.098,1271,68.85,,,,,0,False,False,0.0,False,6.03,5.53,20.0,
91.8,23859,358.145,-720.714,-0.006,4.868,30.0,1271,-1,63.08,False,-1,True,True,0.75,0.0,-0.0,False,False,-0.118,-0.0,42.089,1271,68.85,,,,,0,False,False,0.0,False,5.78,5.52,20.0,
91.85,23860,358.316,-720.56,-0.006,4.478,30.0,1271,-1,63.31,False,-1,True,True,0.75,0.0,0.001,False,False,-0.2,0.001,42.066,1271,68.85,,,,,0,False,False,0.0,False,5.55,5.43,20.0,
91.9,23861,358.475,-720.415,-0.005,4.234,30.0,1271,-1,63.53,False,-1,True,True,0.75,0.0,0.003,False,False,-0.281,-0.001,42.068,1271,68.85,,,,,0,False,False,0.0,False,5.33,5.24,20.0,
91.95,23862,358.629,-720.276,-0.005,4.109,30.0,1271,-1,63.73,False,-1,True,True,0.75,0.0,0.001,False,False,-0.308,-0.001,42.074,1271,68.85,,,,,0,False,False,0.0,False,5.12,5.12,20.0,
92.0,23863,358.781,-720.139,-0.005,4.069,30.0,1271,-1,63.94,False,-1,True,True,0.75,0.0,0.0,False,False,-0.278,0.001,42.078,1271,68.85,,,,,0,False,False,0.0,False,4.92,5.05,20.0,
92.05,23864,358.932,-720.002,-0.005,4.086,30.0,1271,-1,64.14,False,-1,True,True,0.75,0.0,0.0,False,False,-0.211,0.002,42.08,1271,72.78,,,,,0,False,False,0.0,False,8.65,5.03,20.0,
92.1,23865,359.086,-719.864,-0.006,4.138,30.0,1271,-1,64.35,False,-1,True,True,0.75,0.0,-0.003,False,False,-0.127,0.007,42.074,1271,72.78,,,,,0,False,False,0.0,False,8.44,5.04,20.0,
92.15,23866,359.241,-719.723,-0.007,4.212,30.0,1271,-1,64.56,False,-1,True,True,0.75,0.0,-0.002,False,False,-0.041,0.009,42.064,1271,72.78,,,,,0,False,False,0.0,False,8.23,5.07,20.0,
92.2,23867,359.4,-719.58,-0.008,4.298,30.0,1271,-1,64.77,False,-1,True,True,0.75,0.0,-0.001,False,False,0.035,0.008,42.056,1271,72.78,,,,,0,False,False,0.0,False,8.02,5.11,20.0,
92.25,23868,359.562,-719.434,-0.008,4.393,30.0,1271,-1,64.99,False,-1,True,True,0.75,0.0,-0.001,False,False,0.099,0.006,42.05,1271,72.78,,,,,0,False,False,0.0,False,7.8,5.15,20.0,
92.3,23869,359.728,-719.285,-0.009,4.492,30.0,1271,-1,65.21,False,-1,True,True,0.75,0.0,-0.001,False,False,0.148,0.005,42.044,1271,72.78,,,,,0,False,False,0.0,False,7.58,5.2,20.0,
92.35,23870,359.897,-719.132,-0.009,4.594,30.0,1271,-1,65.44,False,-1,True,True,0.75,0.0,-0.001,False,False,0.186,0.004,42.039,1271,72.78,,,,,0,False,False,0.0,False,7.35,5.25,20.0,
92.4,23871,360.071,-718.976,-0.009,4.698,30.0,1271,-1,65.67,False,-1,True,True,0.75,0.0,-0.001,False,False,0.213,0.002,42.035,1271,72.78,,,,,0,False,False,0.0,False,7.12,5.3,20.0,
92.45,23872,360.248,-718.817,-0.009,4.802,30.0,1271,-1,65.91,False,-1,True,True,0.75,0.0,-0.001,False,False,0.231,0.002,42.031,1271,72.78,,,,,0,False,False,0.0,False,6.88,5.35,20.0,
92.5,23873,360.428,-718.654,-0.009,4.906,30.0,1271,-1,66.16,False,-1,True,True,0.75,0.0,-0.0,False,False,0.244,0.001,42.028,1271,72.78,,,,,0,False,False,0.0,False,6.64,5.4,20.0,
92.55,23874,360.613,-718.488,-0.009,5.011,30.0,1271,-1,66.4,False,-1,True,True,0.75,0.0,-0.0,False,False,0.252,0.001,42.025,1271,72.78,,,,,0,False,False,0.0,False,6.39,5.45,20.0,
92.6,23875,360.802,-718.318,-0.009,5.115,30.0,1271,-1,66.66,False,-1,True,True,0.75,0.0,-0.0,False,False,0.257,0.0,42.023,1271,72.78,,,,,0,False,False,0.0,False,6.13,5.51,20.0,
92.65,23876,360.994,-718.145,-0.009,5.175,30.0,1271,-1,66.92,False,-1,True,True,0.75,0.0,-0.0,False,False,0.257,0.0,42.021,1271,72.78,,,,,0,False,False,0.0,False,5.87,5.56,20.0,
92.7,23877,361.19,-717.968,-0.009,5.353,30.0,1271,-1,67.18,False,-1,True,True,0.75,0.0,-0.0,False,False,0.261,0.0,42.018,1271,72.78,,,,,0,False,False,0.0,False,5.61,5.59,20.0,
92.75,23878,361.389,-717.789,-0.009,5.336,30.0,1271,-1,67.45,False,-1,True,True,0.75,0.0,-0.005,False,False,0.25,0.008,42.018,1271,76.72,,,,,0,False,False,0.0,False,9.28,5.68,20.0,
92.8,23879,361.588,-717.61,-0.009,5.386,30.0,1271,-1,67.72,False,-1,True,True,0.75,0.0,-0.002,False,False,0.216,0.01,41.978,1271,76.72,,,,,0,False,False,0.0,False,9.01,5.67,20.0,
92.85,23880,361.786,-717.432,-0.008,5.31,30.0,1271,-1,67.98,False,-1,True,True,0.657,0.0,0.002,False,False,0.169,0.001,42.008,1271,76.72,,,,,0,False,False,0.0,False,8.74,5.69,20.0,
92.9,23881,361.985,-717.253,-0.008,5.383,30.0,1271,-1,68.25,False,-1,True,True,0.75,0.0,-0.003,False,False,0.139,0.004,41.982,1271,76.72,,,,,0,False,False,0.0,False,8.48,5.65,20.0,
92.95,23882,362.184,-717.074,-0.008,5.328,30.0,1271,-1,68.52,False,-1,True,True,0.656,0.0,0.001,False,False,0.115,0.0,42.012,1271,76.72,,,,,0,False,False,0.0,False,8.21,5.69,20.0,
93.0,23883,362.384,-716.894,-0.008,5.415,30.0,1271,-1,68.79,False,-1,True,True,0.75,0.0,-0.003,False,False,0.109,0.003,41.986,1271,76.72,,,,,0,False,False,0.0,False,7.94,5.66,20.0,
93.05,23884,362.584,-716.715,-0.008,5.34,30.0,1271,-1,69.06,False,-1,True,True,0.531,0.0,0.001,False,False,0.094,-0.0,42.014,1271,76.72,,,,,0,False,False,0.0,False,7.67,5.71,20.0,
93.1,23885,362.784,-716.535,-0.008,5.407,30.0,1271,-1,69.32,False,-1,True,True,0.75,0.0,-0.003,False,False,0.088,0.002,41.981,1271,76.72,,,,,0,False,False,0.0,False,7.4,5.67,20.0,
93.15,23886,362.993,-716.347,-0.009,5.766,30.0,1271,-1,69.61,False,-1,True,True,0.555,0.0,0.002,False,False,0.173,-0.003,42.025,1271,76.72,,,,,0,False,False,0.0,False,7.12,5.7,20.0,
93.2,23887,363.218,-716.145,-0.01,6.175,30.0,1271,-1,69.91,False,-1,True,True,0.0,0.3,-0.005,False,False,0.321,0.003,42.028,1271,76.72,,,,,0,False,False,0.0,False,6.82,5.88,20.0,
93.25,23888,363.45,-715.936,-0.01,6.25,30.0,1271,-1,70.22,False,-1,True,True,0.0,0.3,-0.002,False,False,0.388,0.005,42.016,1271,76.72,,,,,0,False,False,0.0,False,6.51,6.09,20.0,
93.3,23889,363.685,-715.726,-0.01,6.323,30.0,1271,-1,70.54,False,-1,True,True,0.0,0.3,-0.0,False,False,0.374,0.001,42.007,1271,76.72,,,,,0,False,False,0.0,False,6.19,6.12,20.0,
93.35,23890,363.916,-715.518,-0.01,6.171,30.0,1271,-1,70.85,False,-1,True,True,0.0,0.3,-0.0,False,False,0.288,-0.003,42.009,1271,76.72,,,,,0,False,False,0.0,False,5.88,6.16,20.0,
93.4,23891,364.143,-715.314,-0.009,6.083,30.0,1271,-1,71.15,False,-1,True,True,0.0,0.3,-0.004,False,False,0.179,0.003,41.974,1271,80.65,,,,,0,False,False,0.0,False,9.51,6.09,20.0,
93.45,23892,364.363,-715.116,-0.008,5.848,30.0,1271,-1,71.45,False,-1,True,True,0.0,0.3,0.001,False,False,0.059,-0.001,41.989,1271,80.65,,,,,0,False,False,0.0,False,9.21,6.04,20.0,
93.5,23893,364.577,-714.923,-0.007,5.717,30.0,1271,-1,71.74,False,-1,True,True,0.0,0.3,-0.002,False,False,-0.041,0.0,41.956,1271,80.65,,,,,0,False,False,0.0,False,8.93,5.92,20.0,
93.55,23894,364.783,-714.738,-0.006,5.453,30.0,1271,-1,72.01,False,-1,True,True,0.0,0.3,0.002,False,False,-0.129,-0.004,41.979,1271,80.65,,,,,0,False,False,0.0,False,8.65,5.86,20.0,
93.6,23895,364.982,-714.558,-0.005,5.344,30.0,1271,-1,72.28,False,-1,True,True,0.338,0.0,-0.003,False,False,-0.185,0.0,41.948,1271,80.65,,,,,0,False,False,0.0,False,8.38,5.73,20.0,
93.65,23896,365.177,-714.384,-0.005,5.144,30.0,1271,-1,72.54,False,-1,True,True,0.73,0.0,0.002,False,False,-0.214,-0.001,41.98,1271,80.65,,,,,0,False,False,0.0,False,8.12,5.67,20.0,
93.7,23897,365.367,-714.213,-0.005,5.11,30.0,1271,-1,72.8,False,-1,True,True,0.75,0.0,-0.003,False,False,-0.21,0.003,41.954,1271,80.65,,,,,0,False,False,0.0,False,7.86,5.57,20.0,
93.75,23898,365.555,-714.044,-0.005,5.022,30.0,1271,-1,73.05,False,-1,True,True,0.75,0.0,0.001,False,False,-0.18,0.001,41.981,1271,80.65,,,,,0,False,False,0.0,False,7.61,5.55,20.0,
93.8,23899,365.744,-713.875,-0.006,5.091,30.0,1271,-1,73.3,False,-1,True,True,0.75,0.0,-0.003,False,False,-0.123,0.003,41.947,1271,80.65,,,,,0,False,False,0.0,False,7.36,5.51,20.0,
93.85,23900,365.928,-713.709,-0.006,4.806,30.0,1271,-1,73.55,False,-1,True,True,0.75,0.0,0.002,False,False,-0.119,-0.001,41.963,1271,80.65,,,,,0,False,False,0.0,False,7.11,5.55,20.0,
93.9,23901,366.099,-713.556,-0.006,4.492,30.0,1271,-1,73.78,False,-1,True,True,0.75,0.0,-0.002,False,False,-0.196,-0.001,41.973,1271,80.65,,,,,0,False,False,0.0,False,6.88,5.4,20.0,
93.95,23902,366.261,-713.41,-0.005,4.309,30.0,1271,-1,74.0,False,-1,True,True,0.75,0.0,-0.001,False,False,-0.254,0.001,41.97,1271,80.65,,,,,0,False,False,0.0,False,6.66,5.25,20.0,
94.0,23903,366.419,-713.268,-0.005,4.228,30.0,1271,-1,74.21,False,-1,True,True,0.75,0.0,-0.0,False,False,-0.261,0.001,41.967,1271,80.65,,,,,0,False,False,0.0,False,6.45,5.15,20.0,
94.05,23904,366.576,-713.127,-0.005,4.217,30.0,1271,-1,74.42,False,-1,True,True,0.75,0.0,-0.0,False,False,-0.221,-0.0,41.964,1271,80.65,,,,,0,False,False,0.0,False,6.24,5.11,20.0,
94.1,23905,366.734,-712.985,-0.006,4.25,30.0,1271,-1,74.64,False,-1,True,True,0.75,0.0,-0.0,False,False,-0.152,-0.0,41.962,1271,80.65,,,,,0,False,False,0.0,False,6.03,5.11,20.0,
94.15,23906,366.894,-712.841,-0.007,4.311,30.0,1271,-1,74.85,False,-1,True,True,0.75,0.0,-0.0,False,False,-0.073,-0.001,41.96,1271,80.65,,,,,0,False,False,0.0,False,5.81,5.13,20.0,
94.2,23907,367.056,-712.695,-0.007,4.39,30.0,1271,-1,75.07,False,-1,True,True,0.75,0.0,-0.0,False,False,0.003,-0.0,41.958,1271,80.65,,,,,0,False,False,0.0,False,5.59,5.16,20.0,
94.25,23908,367.222,-712.546,-0.008,4.478,30.0,1271,-1,75.29,False,-1,True,True,0.75,0.0,-0.0,False,False,0.07,-0.0,41.956,1271,80.65,,,,,0,False,False,0.0,False,5.37,5.19,20.0,
94.3,23909,367.391,-712.394,-0.008,4.574,30.0,1271,-1,75.52,False,-1,True,True,0.75,0.0,-0.0,False,False,0.124,-0.0,41.955,1271,80.65,,,,,0,False,False,0.0,False,5.14,5.24,20.0,
94.35,23910,367.564,-712.239,-0.009,4.673,30.0,1271,-1,75.75,False,-1,True,True,0.75,0.0,-0.002,False,False,0.166,0.003,41.948,1271,84.58,,,,,0,False,False,0.0,False,8.84,5.29,20.0,
94.4,23911,367.74,-712.081,-0.009,4.775,30.0,1271,-1,75.99,False,-1,True,True,0.75,0.0,-0.0,False,False,0.198,0.002,41.943,1271,84.58,,,,,0,False,False,0.0,False,8.61,5.34,20.0,
94.45,23912,367.92,-711.919,-0.009,4.878,30.0,1271,-1,76.23,False,-1,True,True,0.75,0.0,-0.0,False,False,0.22,0.001,41.942,1271,84.58,,,,,0,False,False,0.0,False,8.36,5.39,20.0,
94.5,23913,368.104,-711.754,-0.009,4.981,30.0,1271,-1,76.48,False,-1,True,True,0.75,0.0,-0.0,False,False,0.235,0.0,41.94,1271,84.58,,,,,0,False,False,0.0,False,8.12,5.44,20.0,
94.55,23914,368.292,-711.585,-0.009,5.084,30.0,1271,-1,76.73,False,-1,True,True,0.75,0.0,-0.0,False,False,0.247,0.0,41.939,1271,84.58,,,,,0,False,False,0.0,False,7.86,5.49,20.0,
94.6,23915,368.483,-711.413,-0.009,5.218,30.0,1271,-1,76.99,False,-1,True,True,0.75,0.0,-0.0,False,False,0.255,0.0,41.937,1271,84.58,,,,,0,False,False,0.0,False,7.61,5.54,20.0,
94.65,23916,368.678,-711.238,-0.009,5.247,30.0,1271,-1,77.25,False,-1,True,True,0.75,0.0,-0.0,False,False,0.252,0.0,41.936,1271,84.58,,,,,0,False,False,0.0,False,7.35,5.61,20.0,
94.7,23917,368.877,-711.059,-0.009,5.42,30.0,1271,-1,77.52,False,-1,True,True,0.75,0.0,-0.0,False,False,0.258,0.0,41.93,1271,84.58,,,,,0,False,False,0.0,False,7.08,5.62,20.0,
94.75,23918,369.077,-710.88,-0.009,5.345,30.0,1271,-1,77.79,False,-1,True,True,0.542,0.0,0.0,False,False,0.232,-0.001,41.951,1271,84.58,,,,,0,False,False,0.0,False,6.81,5.71,20.0,
94.8,23919,369.277,-710.7,-0.009,5.384,30.0,1271,-1,78.05,False,-1,True,True,0.75,0.0,-0.002,False,False,0.188,0.002,41.926,1271,84.58,,,,,0,False,False,0.0,False,6.54,5.67,20.0,
94.85,23920,369.475,-710.523,-0.008,5.297,30.0,1271,-1,78.32,False,-1,True,True,0.659,0.0,0.002,False,False,0.139,-0.001,41.961,1271,84.58,,,,,0,False,False,0.0,False,6.27,5.69,20.0,
94.9,23921,369.673,-710.345,-0.008,5.36,30.0,1271,-1,78.59,False,-1,True,True,0.75,0.0,-0.003,False,False,0.11,0.003,41.937,1271,84.58,,,,,0,False,False,0.0,False,6.01,5.65,20.0,
94.95,23922,369.871,-710.167,-0.008,5.3,30.0,1271,-1,78.85,False,-1,True,True,0.734,0.0,0.002,False,False,0.089,-0.0,41.969,1271,84.58,,,,,0,False,False,0.0,False,5.74,5.68,20.0,
95.0,23923,370.07,-709.988,-0.008,5.388,30.0,1271,-1,79.12,False,-1,True,True,0.75,0.0,-0.003,False,False,0.088,0.003,41.944,1271,84.58,,,,,0,False,False,0.0,False,5.47,5.65,20.0,
95.05,23924,370.269,-709.81,-0.008,5.312,30.0,1271,-1,79.39,False,-1,True,True,0.627,0.0,0.0,False,False,0.079,0.001,41.971,1271,88.52,,,,,0,False,False,0.0,False,9.14,5.69,20.0,
95.1,23925,370.468,-709.632,-0.008,5.379,30.0,1271,-1,79.65,False,-1,True,True,0.75,0.0,-0.003,False,False,0.077,0.004,41.937,1271,88.52,,,,,0,False,False,0.0,False,8.87,5.66,20.0,
95.15,23926,370.677,-709.445,-0.009,5.743,30.0,1271,-1,79.93,False,-1,True,True,0.654,0.0,0.002,False,False,0.167,-0.003,41.981,1271,88.52,,,,,0,False,False,0.0,False,8.59,5.69,20.0,
95.2,23927,370.902,-709.243,-0.01,6.17,30.0,1271,-1,80.24,False,-1,True,True,0.0,0.3,-0.005,False,False,0.322,0.003,41.984,1271,88.52,,,,,0,False,False,0.0,False,8.29,5.87,20.0,
95.25,23928,371.134,-709.034,-0.011,6.269,30.0,1271,-1,80.55,False,-1,True,True,0.0,0.3,-0.002,False,False,0.399,0.005,41.971,1271,88.52,,,,,0,False,False,0.0,False,7.98,6.08,20.0,
95.3,23929,371.37,-708.823,-0.011,6.361,30.0,1271,-1,80.87,False,-1,True,True,0.0,0.3,-0.0,False,False,0.393,0.001,41.962,1271,88.52,,,,,0,False,False,0.0,False,7.66,6.13,20.0,
95.35,23930,371.603,-708.613,-0.01,6.219,30.0,1271,-1,81.18,False,-1,True,True,0.0,0.3,-0.0,False,False,0.311,-0.002,41.96,1271,88.52,,,,,0,False,False,0.0,False,7.35,6.18,20.0,
95.4,23931,371.832,-708.407,-0.009,6.141,30.0,1271,-1,81.49,False,-1,True,True,0.0,0.3,-0.001,False,False,0.202,-0.003,41.939,1271,88.52,,,,,0,False,False,0.0,False,7.04,6.11,20.0,
95.45,23932,372.055,-708.207,-0.008,5.908,30.0,1271,-1,81.79,False,-1,True,True,0.0,0.3,0.001,False,False,0.08,-0.006,41.962,1271,88.52,,,,,0,False,False,0.0,False,6.74,6.07,20.0,
95.5,23933,372.271,-708.013,-0.007,5.778,30.0,1271,-1,82.08,False,-1,True,True,0.0,0.3,-0.003,False,False,-0.024,-0.002,41.931,1271,88.52,,,,,0,False,False,0.0,False,6.45,5.95,20.0,
95.55,23934,372.479,-707.826,-0.006,5.515,30.0,1271,-1,82.36,False,-1,True,True,0.0,0.3,-0.003,False,False,-0.116,0.003,41.943,1271,88.52,,,,,0,False,False,0.0,False,6.17,5.89,20.0,
95.6,23935,372.681,-707.645,-0.006,5.405,30.0,1271,-1,82.63,False,-1,True,True,0.11,0.0,-0.001,False,False,-0.176,0.003,41.907,1271,88.52,,,,,0,False,False,0.0,False,5.9,5.76,20.0,
95.65,23936,372.878,-707.469,-0.005,5.195,30.0,1271,-1,82.89,False,-1,True,True,0.506,0.0,0.003,False,False,-0.21,-0.003,41.941,1271,88.52,,,,,0,False,False,0.0,False,5.64,5.7,20.0,
95.7,23937,373.07,-707.296,-0.005,5.14,30.0,1271,-1,83.15,False,-1,True,True,0.75,0.0,-0.003,False,False,-0.215,0.0,41.921,1271,88.52,,,,,0,False,False,0.0,False,5.38,5.6,20.0,
95.75,23938,373.259,-707.127,-0.005,5.048,30.0,1271,-1,83.4,False,-1,True,True,0.75,0.0,0.001,False,False,-0.191,-0.0,41.947,1271,92.45,,,,,0,False,False,0.0,False,9.06,5.57,20.0,
95.8,23939,373.448,-706.956,-0.006,5.116,30.0,1271,-1,83.66,False,-1,True,True,0.75,0.0,-0.002,False,False,-0.134,0.003,41.912,1271,92.45,,,,,0,False,False,0.0,False,8.8,5.52,20.0,
95.85,23940,373.633,-706.791,-0.006,4.812,30.0,1271,-1,83.91,False,-1,True,True,0.75,0.0,0.003,False,False,-0.131,-0.002,41.931,1271,92.45,,,,,0,False,False,0.0,False,8.56,5.56,20.0,
95.9,23941,373.804,-706.638,-0.005,4.467,30.0,1271,-1,84.14,False,-1,True,True,0.75,0.0,-0.001,False,False,-0.217,-0.001,41.947,1271,92.45,,,,,0,False,False,0.0,False,8.33,5.41,20.0,
95.95,23942,373.964,-706.493,-0.005,4.261,30.0,1271,-1,84.35,False,-1,True,True,0.75,0.0,-0.002,False,False,-0.284,0.001,41.946,1271,92.45,,,,,0,False,False,0.0,False,8.11,5.23,20.0,
96.0,23943,374.12,-706.353,-0.005,4.162,30.0,1271,-1,84.56,False,-1,True,True,0.75,0.0,-0.001,False,False,-0.295,0.001,41.942,1271,92.45,,,,,0,False,False,0.0,False,7.9,5.13,20.0,
96.05,23944,374.275,-706.215,-0.005,4.141,30.0,1271,-1,84.77,False,-1,True,True,0.75,0.0,-0.0,False,False,-0.255,-0.0,41.94,1271,92.45,,,,,0,False,False,0.0,False,7.69,5.08,20.0,
96.1,23945,374.43,-706.075,-0.006,4.168,30.0,1271,-1,84.98,False,-1,True,True,0.75,0.0,-0.0,False,False,-0.183,-0.001,41.938,1271,92.45,,,,,0,False,False,0.0,False,7.48,5.07,20.0,
96.15,23946,374.587,-705.935,-0.006,4.226,30.0,1271,-1,85.19,False,-1,True,True,0.75,0.0,-0.0,False,False,-0.099,-0.001,41.936,1271,92.45,,,,,0,False,False,0.0,False,7.27,5.08,20.0,
96.2,23947,374.746,-705.791,-0.007,4.303,30.0,1271,-1,85.4,False,-1,True,True,0.75,0.0,-0.0,False,False,-0.018,-0.001,41.935,1271,92.45,,,,,0,False,False,0.0,False,7.06,5.11,20.0,
96.25,23948,374.909,-705.646,-0.008,4.391,30.0,1271,-1,85.62,False,-1,True,True,0.75,0.0,-0.0,False,False,0.054,-0.001,41.934,1271,92.45,,,,,0,False,False,0.0,False,6.84,5.15,20.0,
96.3,23949,375.074,-705.497,-0.008,4.487,30.0,1271,-1,85.84,False,-1,True,True,0.75,0.0,-0.0,False,False,0.113,-0.001,41.933,1271,92.45,,,,,0,False,False,0.0,False,6.62,5.2,20.0,
96.35,23950,375.244,-705.345,-0.009,4.586,30.0,1271,-1,86.07,False,-1,True,True,0.75,0.0,-0.0,False,False,0.159,-0.0,41.932,1271,92.45,,,,,0,False,False,0.0,False,6.39,5.24,20.0,
96.4,23951,375.417,-705.189,-0.009,4.688,30.0,1271,-1,86.3,False,-1,True,True,0.75,0.0,-0.0,False,False,0.193,-0.0,41.932,1271,92.45,,,,,0,False,False,0.0,False,6.16,5.29,20.0,
96.45,23952,375.594,-705.03,-0.009,4.792,30.0,1271,-1,86.54,False,-1,True,True,0.75,0.0,-0.0,False,False,0.217,-0.0,41.931,1271,92.45,,,,,0,False,False,0.0,False,5.92,5.34,20.0,
96.5,23953,375.774,-704.868,-0.009,4.895,30.0,1271,-1,86.79,False,-1,True,True,0.75,0.0,-0.0,False,False,0.234,-0.0,41.93,1271,92.45,,,,,0,False,False,0.0,False,5.68,5.4,20.0,
96.55,23954,375.959,-704.702,-0.009,4.999,30.0,1271,-1,87.03,False,-1,True,True,0.75,0.0,-0.0,False,False,0.245,-0.0,41.93,1271,92.45,,,,,0,False,False,0.0,False,5.43,5.45,20.0,
96.6,23955,376.147,-704.533,-0.009,5.102,30.0,1271,-1,87.29,False,-1,True,True,0.75,0.0,-0.001,False,False,0.253,0.002,41.927,1271,96.39,,,,,0,False,False,0.0,False,9.11,5.5,20.0,
96.65,23956,376.34,-704.36,-0.009,5.235,30.0,1271,-1,87.54,False,-1,True,True,0.75,0.0,-0.0,False,False,0.259,0.001,41.924,1271,96.39,,,,,0,False,False,0.0,False,8.85,5.55,20.0,
96.7,23957,376.535,-704.185,-0.009,5.266,30.0,1271,-1,87.81,False,-1,True,True,0.75,0.0,-0.0,False,False,0.255,0.0,41.923,1271,96.39,,,,,0,False,False,0.0,False,8.59,5.62,20.0,
96.75,23958,376.735,-704.006,-0.009,5.443,30.0,1271,-1,88.08,False,-1,True,True,0.75,0.0,-0.0,False,False,0.26,0.0,41.924,1271,96.39,,,,,0,False,False,0.0,False,8.32,5.63,20.0,
96.8,23959,376.937,-703.824,-0.009,5.402,30.0,1271,-1,88.35,False,-1,True,True,0.46,0.0,-0.0,False,False,0.244,0.0,41.909,1271,96.39,,,,,0,False,False,0.0,False,8.05,5.72,20.0,
96.85,23960,377.138,-703.643,-0.009,5.429,30.0,1271,-1,88.62,False,-1,True,True,0.598,0.0,0.001,False,False,0.201,-0.002,41.933,1271,96.39,,,,,0,False,False,0.0,False,7.78,5.7,20.0,
96.9,23961,377.337,-703.464,-0.008,5.32,30.0,1271,-1,88.89,False,-1,True,True,0.494,0.0,-0.002,False,False,0.144,0.002,41.896,1271,96.39,,,,,0,False,False,0.0,False,7.51,5.71,20.0,
96.95,23962,377.535,-703.286,-0.008,5.348,30.0,1271,-1,89.15,False,-1,True,True,0.75,0.0,0.003,False,False,0.101,-0.003,41.919,1271,96.39,,,,,0,False,False,0.0,False,7.24,5.66,20.0,
97.0,23963,377.732,-703.11,-0.008,5.256,30.0,1271,-1,89.42,False,-1,True,True,0.75,0.0,-0.002,False,False,0.065,0.0,41.885,1271,96.39,,,,,0,False,False,0.0,False,6.98,5.67,20.0,
97.05,23964,377.929,-702.933,-0.008,5.32,30.0,1271,-1,89.68,False,-1,True,True,0.75,0.0,0.003,False,False,0.054,-0.003,41.909,1271,96.39,,,,,0,False,False,0.0,False,6.72,5.63,20.0,
97.1,23965,378.125,-702.756,-0.007,5.261,30.0,1271,-1,89.94,False,-1,True,True,0.75,0.0,-0.001,False,False,0.049,0.001,41.877,1271,96.39,,,,,0,False,False,0.0,False,6.45,5.66,20.0,
97.15,23966,378.323,-702.579,-0.008,5.352,30.0,1271,-1,90.21,False,-1,True,True,0.75,0.0,0.003,False,False,0.062,-0.002,41.903,1271,96.39,,,,,0,False,False,0.0,False,6.19,5.63,20.0,
97.2,23967,378.52,-702.401,-0.008,5.276,30.0,1271,-1,90.48,False,-1,True,True,0.75,0.0,-0.001,False,False,0.062,0.001,41.873,1271,96.39,,,,,0,False,False,0.0,False,5.92,5.68,20.0,
97.25,23968,378.718,-702.224,-0.008,5.343,30.0,1271,-1,90.74,False,-1,True,True,0.75,0.0,0.003,False,False,0.067,-0.002,41.905,1271,96.39,,,,,0,False,False,0.0,False,5.65,5.64,20.0,
97.3,23969,378.925,-702.038,-0.008,5.714,30.0,1271,-1,91.02,False,-1,True,True,0.75,0.0,-0.002,False,False,0.162,0.004,41.858,1271,100.32,,,,,0,False,False,0.0,False,9.31,5.67,20.0,
97.35,23970,379.149,-701.836,-0.01,6.162,30.0,1271,-1,91.32,False,-1,True,True,0.0,0.3,0.005,False,False,0.325,-0.003,41.855,1271,100.32,,,,,0,False,False,0.0,False,9.01,5.86,20.0,
97.4,23971,379.382,-701.627,-0.011,6.29,30.0,1271,-1,91.63,False,-1,True,True,0.0,0.3,0.002,False,False,0.414,-0.005,41.867,1271,100.32,,,,,0,False,False,0.0,False,8.7,6.08,20.0,
97.45,23972,379.619,-701.414,-0.011,6.404,30.0,1271,-1,91.95,False,-1,True,True,0.0,0.3,0.0,False,False,0.418,-0.001,41.876,1271,100.32,,,,,0,False,False,0.0,False,8.38,6.14,20.0,
97.5,23973,379.854,-701.203,-0.01,6.277,30.0,1271,-1,92.27,False,-1,True,True,0.0,0.3,0.0,False,False,0.34,0.003,41.88,1271,100.32,,,,,0,False,False,0.0,False,8.06,6.2,20.0,
97.55,23974,380.086,-700.995,-0.009,6.211,30.0,1271,-1,92.58,False,-1,True,True,0.0,0.3,0.001,False,False,0.232,0.003,41.894,1271,100.32,,,,,0,False,False,0.0,False,7.75,6.14,20.0,
97.6,23975,380.311,-700.793,-0.008,5.982,30.0,1271,-1,92.88,False,-1,True,True,0.0,0.3,-0.001,False,False,0.107,0.005,41.874,1271,100.32,,,,,0,False,False,0.0,False,7.45,6.11,20.0,
97.65,23976,380.53,-700.597,-0.007,5.853,30.0,1271,-1,93.18,False,-1,True,True,0.0,0.3,-0.001,False,False,-0.002,0.006,41.896,1271,100.32,,,,,0,False,False,0.0,False,7.15,5.99,20.0,
97.7,23977,380.742,-700.407,-0.006,5.591,30.0,1271,-1,93.46,False,-1,True,True,0.0,0.3,-0.001,False,False,-0.099,0.007,41.868,1271,100.32,,,,,0,False,False,0.0,False,6.87,5.93,20.0,
97.75,23978,380.947,-700.224,-0.006,5.464,30.0,1271,-1,93.74,False,-1,True,True,0.0,0.166,0.003,False,False,-0.167,-0.0,41.899,1271,100.32,,,,,0,False,False,0.0,False,6.59,5.8,20.0,
97.8,23979,381.144,-700.046,-0.005,5.236,30.0,1271,-1,94.0,False,-1,True,True,0.292,0.0,-0.001,False,False,-0.213,0.0,41.871,1271,100.32,,,,,0,False,False,0.0,False,6.33,5.73,20.0,
97.85,23980,381.337,-699.873,-0.005,5.165,30.0,1271,-1,94.26,False,-1,True,True,0.75,0.0,0.003,False,False,-0.226,-0.004,41.896,1271,100.32,,,,,0,False,False,0.0,False,6.07,5.62,20.0,
97.9,23981,381.527,-699.703,-0.005,5.07,30.0,1271,-1,94.52,False,-1,True,True,0.75,0.0,-0.001,False,False,-0.206,-0.002,41.874,1271,100.32,,,,,0,False,False,0.0,False,5.81,5.58,20.0,
97.95,23982,381.718,-699.532,-0.006,5.138,30.0,1271,-1,94.77,False,-1,True,True,0.75,0.0,0.003,False,False,-0.148,-0.004,41.91,1271,100.32,,,,,0,False,False,0.0,False,5.56,5.54,20.0,
98.0,23983,381.903,-699.365,-0.006,4.82,30.0,1271,-1,95.02,False,-1,True,True,0.75,0.0,-0.003,False,False,-0.145,0.001,41.888,1271,104.25,,,,,0,False,False,0.0,False,9.24,5.57,20.0,
98.05,23984,382.073,-699.212,-0.005,4.451,30.0,1271,-1,95.25,False,-1,True,True,0.75,0.0,0.002,False,False,-0.236,0.0,41.865,1271,104.25,,,,,0,False,False,0.0,False,9.01,5.41,20.0,
98.1,23985,382.233,-699.069,-0.005,4.225,30.0,1271,-1,95.47,False,-1,True,True,0.75,0.0,0.003,False,False,-0.309,-0.003,41.868,1271,104.25,,,,,0,False,False,0.0,False,8.8,5.23,20.0,
98.15,23986,382.387,-698.93,-0.005,4.112,30.0,1271,-1,95.67,False,-1,True,True,0.75,0.0,0.001,False,False,-0.323,-0.002,41.875,1271,104.25,,,,,0,False,False,0.0,False,8.59,5.11,20.0,
98.2,23987,382.539,-698.793,-0.005,4.082,30.0,1271,-1,95.88,False,-1,True,True,0.75,0.0,0.0,False,False,-0.284,0.0,41.879,1271,104.25,,,,,0,False,False,0.0,False,8.39,5.06,20.0,
98.25,23988,382.692,-698.656,-0.005,4.104,30.0,1271,-1,96.08,False,-1,True,True,0.75,0.0,0.001,False,False,-0.209,0.001,41.882,1271,104.25,,,,,0,False,False,0.0,False,8.18,5.04,20.0,
98.3,23989,382.847,-698.518,-0.006,4.159,30.0,1271,-1,96.29,False,-1,True,True,0.75,0.0,0.001,False,False,-0.121,0.001,41.885,1271,104.25,,,,,0,False,False,0.0,False,7.97,5.05,20.0,
98.35,23990,383.004,-698.377,-0.007,4.235,30.0,1271,-1,96.5,False,-1,True,True,0.75,0.0,0.0,False,False,-0.035,0.001,41.888,1271,104.25,,,,,0,False,False,0.0,False,7.76,5.08,20.0,
98.4,23991,383.164,-698.233,-0.008,4.322,30.0,1271,-1,96.72,False,-1,True,True,0.75,0.0,0.0,False,False,0.042,0.001,41.89,1271,104.25,,,,,0,False,False,0.0,False,7.55,5.12,20.0,
98.45,23992,383.327,-698.087,-0.008,4.418,30.0,1271,-1,96.94,False,-1,True,True,0.75,0.0,0.0,False,False,0.104,0.001,41.892,1271,104.25,,,,,0,False,False,0.0,False,7.33,5.16,20.0,
98.5,23993,383.494,-697.937,-0.009,4.517,30.0,1271,-1,97.16,False,-1,True,True,0.75,0.0,0.0,False,False,0.153,0.0,41.894,1271,104.25,,,,,0,False,False,0.0,False,7.1,5.21,20.0,
98.55,23994,383.665,-697.784,-0.009,4.62,30.0,1271,-1,97.39,False,-1,True,True,0.75,0.0,0.0,False,False,0.189,0.0,41.896,1271,104.25,,,,,0,False,False,0.0,False,6.88,5.26,20.0,
98.6,23995,383.839,-697.627,-0.009,4.723,30.0,1271,-1,97.62,False,-1,True,True,0.75,0.0,0.0,False,False,0.215,0.0,41.897,1271,104.25,,,,,0,False,False,0.0,False,6.64,5.31,20.0,
98.65,23996,384.017,-697.467,-0.009,4.828,30.0,1271,-1,97.86,False,-1,True,True,0.75,0.0,0.0,False,False,0.233,0.0,41.899,1271,104.25,,,,,0,False,False,0.0,False,6.4,5.36,20.0,
98.7,23997,384.199,-697.304,-0.009,4.932,30.0,1271,-1,98.11,False,-1,True,True,0.75,0.0,0.0,False,False,0.245,0.0,41.9,1271,104.25,,,,,0,False,False,0.0,False,6.16,5.41,20.0,
98.75,23998,384.385,-697.137,-0.009,5.036,30.0,1271,-1,98.36,False,-1,True,True,0.75,0.0,0.0,False,False,0.253,0.0,41.901,1271,104.25,,,,,0,False,False,0.0,False,5.91,5.47,20.0,
98.8,23999,384.575,-696.967,-0.009,5.137,30.0,1271,-1,98.61,False,-1,True,True,0.75,0.0,0.0,False,False,0.257,0.0,41.902,1271,104.25,,,,,0,False,False,0.0,False,5.65,5.52,20.0,
98.85,24000,384.769,-696.793,-0.009,5.275,30.0,1271,-1,98.87,False,-1,True,True,0.75,0.0,0.0,False,False,0.261,-0.0,41.902,1271,104.25,,,,,0,False,False,0.0,False,5.39,5.57,20.0,
98.9,24001,384.965,-696.616,-0.009,5.303,30.0,1271,-1,99.14,False,-1,True,True,0.75,0.0,0.0,False,False,0.256,-0.0,41.904,1271,108.19,,,,,0,False,False,0.0,False,9.06,5.64,20.0,
98.95,24002,385.166,-696.436,-0.009,5.451,30.0,1271,-1,99.41,False,-1,True,True,0.75,0.0,0.0,False,False,0.257,0.0,41.891,1271,108.19,,,,,0,False,False,0.0,False,8.79,5.65,20.0,
99.0,24003,385.367,-696.256,-0.009,5.353,30.0,1271,-1,99.68,False,-1,True,True,0.428,0.0,0.001,False,False,0.218,-0.002,41.925,1271,108.19,,,,,0,False,False,0.0,False,8.52,5.73,20.0,
99.05,24004,385.567,-696.077,-0.008,5.389,30.0,1271,-1,99.94,False,-1,True,True,0.75,0.0,-0.003,False,False,0.171,0.003,41.901,1271,108.19,,,,,0,False,False,0.0,False,8.26,5.68,20.0,
99.1,24005,385.765,-695.9,-0.008,5.295,30.0,1271,-1,100.21,False,-1,True,True,0.638,0.0,0.002,False,False,0.122,-0.0,41.935,1271,108.19,,,,,0,False,False,0.0,False,7.99,5.69,20.0,
99.15,24006,385.963,-695.722,-0.008,5.349,30.0,1271,-1,100.48,False,-1,True,True,0.75,0.0,-0.003,False,False,0.093,0.003,41.911,1271,108.19,,,,,0,False,False,0.0,False,7.72,5.65,20.0,
99.2,24007,386.16,-695.545,-0.008,5.283,30.0,1271,-1,100.74,False,-1,True,True,0.75,0.0,0.002,False,False,0.073,-0.0,41.944,1271,108.19,,,,,0,False,False,0.0,False,7.46,5.67,20.0,
99.25,24008,386.359,-695.367,-0.008,5.371,30.0,1271,-1,101.01,False,-1,True,True,0.75,0.0,-0.003,False,False,0.074,0.003,41.919,1271,108.19,,,,,0,False,False,0.0,False,7.19,5.64,20.0,
99.3,24009,386.557,-695.189,-0.008,5.303,30.0,1271,-1,101.28,False,-1,True,True,0.685,0.0,0.001,False,False,0.071,-0.001,41.95,1271,108.19,,,,,0,False,False,0.0,False,6.92,5.69,20.0,
99.35,24010,386.756,-695.01,-0.008,5.369,30.0,1271,-1,101.54,False,-1,True,True,0.75,0.0,-0.003,False,False,0.073,0.002,41.92,1271,108.19,,,,,0,False,False,0.0,False,6.66,5.65,20.0,
99.4,24011,386.958,-694.83,-0.008,5.549,30.0,1271,-1,101.81,False,-1,True,True,0.689,0.0,0.002,False,False,0.107,-0.003,41.955,1271,108.19,,,,,0,False,False,0.0,False,6.39,5.68,20.0,
99.45,24012,387.177,-694.633,-0.009,6.043,30.0,1271,-1,102.11,False,-1,True,True,0.038,0.0,-0.004,False,False,0.263,0.002,41.968,1271,108.19,,,,,0,False,False,0.0,False,6.09,5.77,20.0,
99.5,24013,387.408,-694.427,-0.01,6.213,30.0,1271,-1,102.42,False,-1,True,True,0.0,0.3,-0.002,False,False,0.379,0.004,41.96,1271,108.19,,,,,0,False,False,0.0,False,5.78,6.02,20.0,
99.55,24014,387.642,-694.216,-0.011,6.336,30.0,1271,-1,102.73,False,-1,True,True,0.0,0.3,-0.001,False,False,0.403,0.003,41.949,1271,112.12,,,,,0,False,False,0.0,False,9.4,6.11,20.0,
99.6,24015,387.875,-694.008,-0.01,6.212,30.0,1271,-1,103.04,False,-1,True,True,0.0,0.3,-0.0,False,False,0.337,-0.001,41.943,1271,112.12,,,,,0,False,False,0.0,False,9.09,6.17,20.0,
99.65,24016,388.104,-693.802,-0.009,6.15,30.0,1271,-1,103.35,False,-1,True,True,0.0,0.3,-0.0,False,False,0.234,-0.003,41.928,1271,112.12,,,,,0,False,False,0.0,False,8.78,6.11,20.0,
99.7,24017,388.327,-693.601,-0.008,5.922,30.0,1271,-1,103.65,False,-1,True,True,0.0,0.3,0.001,False,False,0.111,-0.005,41.948,1271,112.12,,,,,0,False,False,0.0,False,8.48,6.08,20.0,
99.75,24018,388.544,-693.406,-0.007,5.795,30.0,1271,-1,103.94,False,-1,True,True,0.0,0.3,-0.003,False,False,0.003,-0.002,41.917,1271,112.12,,,,,0,False,False,0.0,False,8.19,5.96,20.0,
99.8,24019,388.753,-693.219,-0.006,5.535,30.0,1271,-1,104.23,False,-1,True,True,0.0,0.3,0.002,False,False,-0.094,-0.004,41.94,1271,112.12,,,,,0,False,False,0.0,False,7.91,5.9,20.0,
99.85,24020,388.956,-693.036,-0.006,5.424,30.0,1271,-1,104.5,False,-1,True,True,0.043,0.0,-0.003,False,False,-0.16,-0.001,41.911,1271,112.12,,,,,0,False,False,0.0,False,7.64,5.77,20.0,
99.9,24021,389.152,-692.86,-0.005,5.21,30.0,1271,-1,104.76,False,-1,True,True,0.439,0.0,0.002,False,False,-0.2,-0.002,41.943,1271,112.12,,,,,0,False,False,0.0,False,7.37,5.71,20.0,
99.95,24022,389.345,-692.687,-0.005,5.147,30.0,1271,-1,105.02,False,-1,True,True,0.75,0.0,-0.003,False,False,-0.21,0.002,41.919,1271,112.12,,,,,0,False,False,0.0,False,7.11,5.61,20.0,
100.0,24023,389.533,-692.519,-0.005,5.015,30.0,1271,-1,105.27,False,-1,True,True,0.75,0.0,0.001,False,False,-0.203,0.001,41.949,1271,112.12,,,,,0,False,False,0.0,False,6.86,5.57,20.0,
100.05,24024,389.721,-692.349,-0.006,5.082,30.0,1271,-1,105.53,False,-1,True,True,0.75,0.0,-0.003,False,False,-0.151,0.003,41.913,1271,112.12,,,,,0,False,False,0.0,False,6.61,5.51,20.0,
100.1,24025,389.908,-692.182,-0.006,4.914,30.0,1271,-1,105.78,False,-1,True,True,0.75,0.0,0.002,False,False,-0.111,-0.001,41.916,1271,112.12,,,,,0,False,False,0.0,False,6.36,5.54,20.0,
100.15,24026,390.083,-692.025,-0.006,4.563,30.0,1271,-1,106.01,False,-1,True,True,0.75,0.0,-0.0,False,False,-0.175,-0.003,41.942,1271,112.12,,,,,0,False,False,0.0,False,6.12,5.46,20.0,
100.2,24027,390.247,-691.878,-0.005,4.313,30.0,1271,-1,106.23,False,-1,True,True,0.75,0.0,-0.003,False,False,-0.255,0.001,41.942,1271,112.12,,,,,0,False,False,0.0,False,5.9,5.28,20.0,
100.25,24028,390.404,-691.737,-0.005,4.181,30.0,1271,-1,106.44,False,-1,True,True,0.75,0.0,-0.001,False,False,-0.287,0.001,41.937,1271,112.12,,,,,0,False,False,0.0,False,5.69,5.16,20.0,
100.3,24029,390.558,-691.599,-0.005,4.137,30.0,1271,-1,106.65,False,-1,True,True,0.75,0.0,-0.0,False,False,-0.265,0.0,41.935,1271,112.12,,,,,0,False,False,0.0,False,5.48,5.09,20.0,
100.35,24030,390.713,-691.46,-0.006,4.151,30.0,1271,-1,106.86,False,-1,True,True,0.75,0.0,-0.0,False,False,-0.204,-0.001,41.932,1271,112.12,,,,,0,False,False,0.0,False,5.28,5.07,20.0,
100.4,24031,390.869,-691.32,-0.006,4.201,30.0,1271,-1,107.07,False,-1,True,True,0.75,0.0,-0.0,False,False,-0.124,-0.001,41.93,1271,112.12,,,,,0,False,False,0.0,False,5.07,5.08,20.0,
100.45,24032,391.027,-691.178,-0.007,4.272,30.0,1271,-1,107.28,False,-1,True,True,0.75,0.0,-0.001,False,False,-0.042,0.0,41.927,1271,116.06,,,,,0,False,False,0.0,False,8.79,5.1,20.0,
100.5,24033,391.188,-691.033,-0.008,4.357,30.0,1271,-1,107.5,False,-1,True,True,0.75,0.0,-0.0,False,False,0.033,-0.0,41.925,1271,116.06,,,,,0,False,False,0.0,False,8.57,5.14,20.0,
100.55,24034,391.353,-690.885,-0.008,4.45,30.0,1271,-1,107.72,False,-1,True,True,0.75,0.0,-0.0,False,False,0.096,-0.0,41.923,1271,116.06,,,,,0,False,False,0.0,False,8.35,5.18,20.0,
100.6,24035,391.521,-690.734,-0.009,4.549,30.0,1271,-1,107.94,False,-1,True,True,0.75,0.0,-0.0,False,False,0.146,-0.0,41.922,1271,116.06,,,,,0,False,False,0.0,False,8.12,5.23,20.0,
100.65,24036,391.693,-690.58,-0.009,4.65,30.0,1271,-1,108.18,False,-1,True,True,0.75,0.0,-0.0,False,False,0.183,-0.0,41.92,1271,116.06,,,,,0,False,False,0.0,False,7.89,5.27,20.0,
100.7,24037,391.868,-690.422,-0.009,4.753,30.0,1271,-1,108.41,False,-1,True,True,0.75,0.0,-0.0,False,False,0.21,-0.0,41.919,1271,116.06,,,,,0,False,False,0.0,False,7.66,5.33,20.0,
100.75,24038,392.048,-690.262,-0.009,4.857,30.0,1271,-1,108.65,False,-1,True,True,0.75,0.0,-0.0,False,False,0.229,-0.0,41.918,1271,116.06,,,,,0,False,False,0.0,False,7.42,5.38,20.0,
100.8,24039,392.231,-690.097,-0.009,4.961,30.0,1271,-1,108.9,False,-1,True,True,0.75,0.0,-0.0,False,False,0.242,-0.0,41.917,1271,116.06,,,,,0,False,False,0.0,False,7.17,5.43,20.0,
100.85,24040,392.418,-689.929,-0.009,5.064,30.0,1271,-1,109.15,False,-1,True,True,0.75,0.0,-0.0,False,False,0.251,-0.0,41.917,1271,116.06,,,,,0,False,False,0.0,False,6.92,5.48,20.0,
100.9,24041,392.608,-689.758,-0.009,5.15,30.0,1271,-1,109.41,False,-1,True,True,0.75,0.0,-0.0,False,False,0.255,-0.0,41.916,1271,116.06,,,,,0,False,False,0.0,False,6.66,5.53,20.0,
100.95,24042,392.803,-689.583,-0.009,5.303,30.0,1271,-1,109.67,False,-1,True,True,0.75,0.0,-0.0,False,False,0.259,-0.0,41.915,1271,116.06,,,,,0,False,False,0.0,False,6.4,5.58,20.0,
101.0,24043,393.001,-689.406,-0.009,5.33,30.0,1271,-1,109.93,False,-1,True,True,0.75,0.0,-0.0,False,False,0.256,-0.0,41.917,1271,116.06,,,,,0,False,False,0.0,False,6.13,5.65,20.0,
101.05,24044,393.202,-689.225,-0.009,5.438,30.0,1271,-1,110.2,False,-1,True,True,0.75,0.0,-0.0,False,False,0.249,0.001,41.903,1271,116.06,,,,,0,False,False,0.0,False,5.86,5.67,20.0,
101.1,24045,393.402,-689.046,-0.009,5.346,30.0,1271,-1,110.47,False,-1,True,True,0.473,0.0,0.001,False,False,0.203,-0.002,41.936,1271,116.06,,,,,0,False,False,0.0,False,5.6,5.72,20.0,
101.15,24046,393.601,-688.865,-0.008,5.388,30.0,1271,-1,110.74,False,-1,True,True,0.75,0.0,0.026,False,False,0.159,-0.043,41.987,1271,119.99,,,,,0,False,False,0.0,False,9.13,5.67,20.0,
101.2,24047,393.798,-688.686,-0.008,5.304,30.0,1271,-1,111.01,False,-1,True,True,0.639,0.0,0.003,False,False,0.116,-0.043,42.092,1271,119.99,,,,,0,False,False,0.0,False,8.87,5.69,20.0,
101.25,24048,393.996,-688.508,-0.008,5.368,30.0,1271,-1,111.27,False,-1,True,True,0.75,0.0,-0.004,False,False,0.094,-0.017,42.099,1271,119.99,,,,,0,False,False,0.0,False,8.6,5.65,20.0,
101.3,24049,394.194,-688.329,-0.008,5.307,30.0,1271,-1,111.54,False,-1,True,True,0.703,0.0,0.003,False,False,0.078,-0.009,42.148,1271,119.99,,,,,0,False,False,0.0,False,8.33,5.68,20.0,
101.35,24050,394.392,-688.149,-0.008,5.397,30.0,1271,-1,111.81,False,-1,True,True,0.75,0.0,-0.001,False,False,0.081,-0.002,42.136,1271,119.99,,,,,0,False,False,0.0,False,8.07,5.65,20.0,
101.4,24051,394.591,-687.97,-0.008,5.322,30.0,1271,-1,112.08,False,-1,True,True,0.589,0.0,0.003,False,False,0.075,-0.004,42.175,1271,119.99,,,,,0,False,False,0.0,False,7.8,5.7,20.0,
101.45,24052,394.789,-687.79,-0.008,5.388,30.0,1271,-1,112.34,False,-1,True,True,0.75,0.0,-0.002,False,False,0.075,-0.001,42.153,1271,119.99,,,,,0,False,False,0.0,False,7.53,5.66,20.0,
101.5,24053,394.993,-687.604,-0.008,5.661,30.0,1271,-1,112.62,False,-1,True,True,0.619,0.0,0.003,False,False,0.135,-0.005,42.152,1271,119.99,,,,,0,False,False,0.0,False,7.25,5.69,20.0,
101.55,24054,395.214,-687.404,-0.01,6.103,30.0,1271,-1,112.92,False,-1,True,True,0.0,0.3,0.002,False,False,0.289,-0.007,42.15,1271,119.99,,,,,0,False,False,0.0,False,6.96,5.83,20.0,
101.6,24055,395.444,-687.196,-0.01,6.209,30.0,1271,-1,113.23,False,-1,True,True,0.0,0.3,0.002,False,False,0.376,-0.007,42.157,1271,119.99,,,,,0,False,False,0.0,False,6.65,6.05,20.0,
101.65,24056,395.676,-686.984,-0.01,6.308,30.0,1271,-1,113.54,False,-1,True,True,0.0,0.3,0.001,False,False,0.379,-0.004,42.165,1271,119.99,,,,,0,False,False,0.0,False,6.33,6.1,20.0,
101.7,24057,395.907,-686.776,-0.01,6.168,30.0,1271,-1,113.85,False,-1,True,True,0.0,0.3,0.0,False,False,0.304,-0.001,42.171,1271,119.99,,,,,0,False,False,0.0,False,6.02,6.15,20.0,
101.75,24058,396.13,-686.567,-0.009,6.088,30.0,1271,-1,114.16,False,-1,True,True,0.0,0.3,0.1,False,False,0.198,-0.131,42.384,1271,123.93,,,,,0,False,False,0.0,False,9.5,6.08,20.0,
101.8,24059,396.343,-686.362,-0.008,5.853,30.0,1271,-1,114.45,False,-1,True,True,0.0,0.3,0.076,False,False,0.077,-0.254,42.809,1271,123.93,,,,,0,False,False,0.0,False,9.21,6.04,20.0,
101.85,24060,396.55,-686.162,-0.007,5.724,30.0,1271,-1,114.74,False,-1,True,True,0.0,0.3,0.046,False,False,-0.026,-0.251,43.256,1271,123.93,,,,,0,False,False,0.0,False,8.92,5.93,20.0,
101.9,24061,396.749,-685.969,-0.006,5.463,30.0,1271,-1,115.02,False,-1,True,True,0.0,0.3,0.031,False,False,-0.117,-0.195,43.561,1271,123.93,,,,,0,False,False,0.0,False,8.64,5.86,20.0,
101.95,24062,396.942,-685.781,-0.006,5.354,30.0,1271,-1,115.29,False,-1,True,True,0.301,0.0,0.031,False,False,-0.176,-0.148,43.854,1271,123.93,,,,,0,False,False,0.0,False,8.37,5.73,20.0,
102.0,24063,397.128,-685.598,-0.005,5.157,30.0,1271,-1,115.55,False,-1,True,True,0.694,0.0,0.022,False,False,-0.208,-0.11,44.037,1271,123.93,,,,,0,False,False,0.0,False,8.11,5.68,20.0,
102.05,24064,397.311,-685.417,-0.005,5.122,30.0,1271,-1,115.81,False,-1,True,True,0.75,0.0,0.024,False,False,-0.205,-0.087,44.24,1271,123.93,,,,,0,False,False,0.0,False,7.86,5.58,20.0,
102.1,24065,397.491,-685.239,-0.005,5.022,30.0,1271,-1,116.06,False,-1,True,True,0.75,0.0,0.016,False,False,-0.181,-0.065,44.348,1271,123.93,,,,,0,False,False,0.0,False,7.6,5.56,20.0,
102.15,24066,397.67,-685.061,-0.006,5.089,30.0,1271,-1,116.31,False,-1,True,True,0.75,0.0,0.019,False,False,-0.126,-0.054,44.499,1271,123.93,,,,,0,False,False,0.0,False,7.35,5.51,20.0,
102.2,24067,397.847,-684.884,-0.006,4.842,30.0,1271,-1,116.56,False,-1,True,True,0.75,0.0,0.011,False,False,-0.104,-0.038,44.583,1271,123.93,,,,,0,False,False,0.0,False,7.1,5.54,20.0,
102.25,24068,398.012,-684.72,-0.006,4.554,30.0,1271,-1,116.79,False,-1,True,True,0.75,0.0,0.013,False,False,-0.173,-0.026,44.676,1271,123.93,,,,,0,False,False,0.0,False,6.87,5.42,20.0,
102.3,24069,398.168,-684.564,-0.005,4.356,30.0,1271,-1,117.01,False,-1,True,True,0.75,0.0,0.009,False,False,-0.237,-0.017,44.742,1271,123.93,,,,,0,False,False,0.0,False,6.65,5.28,20.0,
102.35,24070,398.32,-684.412,-0.005,4.263,30.0,1271,-1,117.23,False,-1,True,True,0.75,0.0,0.009,False,False,-0.252,-0.011,44.794,1271,123.93,,,,,0,False,False,0.0,False,6.43,5.18,20.0,
102.4,24071,398.47,-684.261,-0.005,4.244,30.0,1271,-1,117.44,False,-1,True,True,0.75,0.0,0.008,False,False,-0.22,-0.007,44.841,1271,123.93,,,,,0,False,False,0.0,False,6.22,5.13,20.0,
102.45,24072,398.621,-684.11,-0.006,4.273,30.0,1271,-1,117.65,False,-1,True,True,0.75,0.0,0.007,False,False,-0.156,-0.005,44.882,1271,123.93,,,,,0,False,False,0.0,False,6.01,5.12,20.0,
102.5,24073,398.774,-683.957,-0.007,4.33,30.0,1271,-1,117.87,False,-1,True,True,0.75,0.0,0.006,False,False,-0.08,-0.003,44.918,1271,123.93,,,,,0,False,False,0.0,False,5.79,5.14,20.0,
102.55,24074,398.928,-683.802,-0.007,4.406,30.0,1271,-1,118.09,False,-1,True,True,0.75,0.0,0.005,False,False,-0.004,-0.002,44.949,1271,123.93,,,,,0,False,False,0.0,False,5.57,5.17,20.0,
102.6,24075,399.086,-683.644,-0.008,4.494,30.0,1271,-1,118.31,False,-1,True,True,0.75,0.0,0.004,False,False,0.063,-0.001,44.976,1271,123.93,,,,,0,False,False,0.0,False,5.35,5.2,20.0,
102.65,24076,399.247,-683.482,-0.008,4.588,30.0,1271,-1,118.54,False,-1,True,True,0.75,0.0,0.004,False,False,0.118,-0.001,45.0,1271,123.93,,,,,0,False,False,0.0,False,5.12,5.25,20.0,
102.7,24077,399.408,-683.315,-0.009,4.675,30.0,1271,-1,118.77,False,-1,True,True,0.75,0.0,0.104,False,False,0.159,-0.11,45.206,1271,127.86,,,,,0,False,False,0.0,False,8.82,5.29,20.0,
102.75,24078,399.57,-683.141,-0.009,4.777,30.0,1271,-1,119.01,False,-1,True,True,0.75,0.0,0.07,False,False,0.189,-0.213,45.595,1271,127.86,,,,,0,False,False,0.0,False,8.59,5.34,20.0,
102.8,24079,399.734,-682.964,-0.009,4.881,30.0,1271,-1,119.25,False,-1,True,True,0.75,0.0,0.043,False,False,0.212,-0.21,45.931,1271,127.86,,,,,0,False,False,0.0,False,8.34,5.39,20.0,
102.85,24080,399.903,-682.783,-0.009,4.986,30.0,1271,-1,119.49,False,-1,True,True,0.75,0.0,0.036,False,False,0.23,-0.171,46.198,1271,127.86,,,,,0,False,False,0.0,False,8.1,5.44,20.0,
102.9,24081,400.074,-682.597,-0.009,5.089,30.0,1271,-1,119.75,False,-1,True,True,0.75,0.0,0.032,False,False,0.243,-0.13,46.426,1271,127.86,,,,,0,False,False,0.0,False,7.84,5.49,20.0,
102.95,24082,400.249,-682.408,-0.009,5.224,30.0,1271,-1,120.15,False,-1,True,True,0.75,0.0,0.027,False,False,0.253,-0.097,46.626,1271,127.86,,,,,0,False,False,0.0,False,7.59,5.54,20.0,
103.0,24083,400.426,-682.215,-0.009,5.253,30.0,1271,-1,120.41,False,-1,True,True,0.75,0.0,0.023,False,False,0.251,-0.07,46.803,1271,127.86,,,,,0,False,False,0.0,False,7.32,5.61,20.0,
103.05,24084,400.607,-682.018,-0.009,5.378,30.0,1271,-1,120.68,False,-1,True,True,0.75,0.0,0.018,False,False,0.25,-0.048,46.94,1271,127.86,,,,,0,False,False,0.0,False,7.06,5.63,20.0,
103.1,24085,400.786,-681.823,-0.009,5.284,30.0,1271,-1,121.01,False,-1,True,True,0.696,0.0,0.017,False,False,0.207,-0.035,47.103,1271,127.86,,,,,0,False,False,0.0,False,6.79,5.69,20.0,
103.15,24086,400.966,-681.627,-0.008,5.347,30.0,1271,-1,121.28,False,-1,True,True,0.75,0.0,0.01,False,False,0.168,-0.019,47.189,1271,127.86,,,,,0,False,False,0.0,False,6.53,5.64,20.0,
103.2,24087,401.145,-681.431,-0.008,5.285,30.0,1271,-1,121.54,False,-1,True,True,0.75,0.0,0.013,False,False,0.133,-0.015,47.315,1271,127.86,,,,,0,False,False,0.0,False,6.26,5.67,20.0,
103.25,24088,401.325,-681.234,-0.008,5.378,30.0,1271,-1,121.81,False,-1,True,True,0.75,0.0,0.006,False,False,0.12,-0.007,47.368,1271,127.86,,,,,0,False,False,0.0,False,5.99,5.64,20.0,
103.3,24089,401.505,-681.038,-0.008,5.302,30.0,1271,-1,122.08,False,-1,True,True,0.669,0.0,0.009,False,False,0.102,-0.007,47.459,1271,127.86,,,,,0,False,False,0.0,False,5.73,5.69,20.0,
103.35,24090,401.685,-680.841,-0.008,5.369,30.0,1271,-1,122.34,False,-1,True,True,0.75,0.0,0.004,False,False,0.093,-0.003,47.481,1271,127.86,,,,,0,False,False,0.0,False,5.46,5.65,20.0,
103.4,24091,401.871,-680.638,-0.008,5.646,30.0,1271,-1,122.62,False,-1,True,True,0.694,0.0,-0.008,False,False,0.148,0.021,47.47,1271,131.79,,,,,0,False,False,0.0,False,9.28,5.68,20.0,
103.45,24092,402.072,-680.418,-0.01,6.102,30.0,1271,-1,122.92,False,-1,True,True,0.0,0.3,0.005,False,False,0.301,0.015,47.456,1271,131.79,,,,,0,False,False,0.0,False,8.98,5.82,20.0,
103.5,24093,402.281,-680.189,-0.011,6.229,30.0,1271,-1,123.29,False,-1,True,True,0.0,0.3,0.006,False,False,0.392,0.001,47.477,1271,131.79,,,,,0,False,False,0.0,False,8.67,6.05,20.0,
103.55,24094,402.494,-679.956,-0.011,6.343,30.0,1271,-1,123.6,False,-1,True,True,0.0,0.3,0.002,False,False,0.4,-0.002,47.502,1271,131.79,,,,,0,False,False,0.0,False,8.35,6.11,20.0,
103.6,24095,402.705,-679.725,-0.01,6.214,30.0,1271,-1,123.91,False,-1,True,True,0.0,0.3,0.001,False,False,0.327,-0.0,47.518,1271,131.79,,,,,0,False,False,0.0,False,8.04,6.17,20.0,
103.65,24096,402.913,-679.498,-0.009,6.149,30.0,1271,-1,124.22,False,-1,True,True,0.0,0.3,0.001,False,False,0.222,0.001,47.543,1271,131.79,,,,,0,False,False,0.0,False,7.73,6.11,20.0,
103.7,24097,403.115,-679.277,-0.008,5.919,30.0,1271,-1,124.52,False,-1,True,True,0.0,0.3,-0.0,False,False,0.1,0.004,47.529,1271,131.79,,,,,0,False,False,0.0,False,7.43,6.07,20.0,
103.75,24098,403.312,-679.062,-0.007,5.791,30.0,1271,-1,124.81,False,-1,True,True,0.0,0.3,0.003,False,False,-0.006,0.0,47.565,1271,131.79,,,,,0,False,False,0.0,False,7.14,5.96,20.0,
103.8,24099,403.501,-678.855,-0.006,5.53,30.0,1271,-1,125.09,False,-1,True,True,0.0,0.3,-0.002,False,False,-0.102,0.003,47.546,1271,131.79,,,,,0,False,False,0.0,False,6.86,5.9,20.0,
103.85,24100,403.685,-678.654,-0.006,5.42,30.0,1271,-1,125.36,False,-1,True,True,0.059,0.0,0.003,False,False,-0.165,-0.001,47.579,1271,131.79,,,,,0,False,False,0.0,False,6.59,5.76,20.0,
103.9,24101,403.863,-678.459,-0.005,5.206,30.0,1271,-1,125.63,False,-1,True,True,0.455,0.0,-0.002,False,False,-0.204,0.001,47.55,1271,131.79,,,,,0,False,False,0.0,False,6.32,5.71,20.0,
103.95,24102,404.037,-678.268,-0.005,5.145,30.0,1271,-1,125.89,False,-1,True,True,0.75,0.0,0.003,False,False,-0.212,-0.003,47.576,1271,131.79,,,,,0,False,False,0.0,False,6.07,5.6,20.0,
104.0,24103,404.208,-678.081,-0.005,5.033,30.0,1271,-1,126.14,False,-1,True,True,0.75,0.0,-0.001,False,False,-0.198,-0.001,47.536,1271,131.79,,,,,0,False,False,0.0,False,5.81,5.57,20.0,
104.05,24104,404.379,-677.893,-0.006,5.1,30.0,1271,-1,126.39,False,-1,True,True,0.75,0.0,0.004,False,False,-0.144,-0.005,47.566,1271,131.79,,,,,0,False,False,0.0,False,5.56,5.52,20.0,
104.1,24105,404.548,-677.708,-0.006,4.835,30.0,1271,-1,126.64,False,-1,True,True,0.75,0.0,-0.001,False,False,-0.122,-0.001,47.555,1271,131.79,,,,,0,False,False,0.0,False,5.31,5.55,20.0,
104.15,24106,404.706,-677.54,-0.005,4.501,30.0,1271,-1,126.87,False,-1,True,True,0.75,0.0,-0.101,False,False,-0.201,0.092,47.42,1271,135.73,,,,,0,False,False,0.0,False,9.01,5.42,20.0,
104.2,24107,404.856,-677.383,-0.005,4.271,30.0,1271,-1,127.09,False,-1,True,True,0.75,0.0,-0.027,False,False,-0.276,0.131,47.2,1271,135.73,,,,,0,False,False,0.0,False,8.79,5.25,20.0,
104.25,24108,405.0,-677.231,-0.005,4.156,30.0,1271,-1,127.3,False,-1,True,True,0.75,0.0,-0.013,False,False,-0.298,0.094,47.077,1271,135.73,,,,,0,False,False,0.0,False,8.58,5.14,20.0,
104.3,24109,405.142,-677.081,-0.005,4.123,30.0,1271,-1,127.51,False,-1,True,True,0.75,0.0,-0.017,False,False,-0.266,0.064,46.986,1271,135.73,,,,,0,False,False,0.0,False,8.37,5.08,20.0,
104.35,24110,405.285,-676.931,-0.006,4.143,30.0,1271,-1,127.71,False,-1,True,True,0.75,0.0,-0.016,False,False,-0.198,0.046,46.899,1271,135.73,,,,,0,False,False,0.0,False,8.17,5.06,20.0,
104.4,24111,405.429,-676.779,-0.006,4.197,30.0,1271,-1,127.92,False,-1,True,True,0.75,0.0,-0.013,False,False,-0.115,0.033,46.821,1271,135.73,,,,,0,False,False,0.0,False,7.96,5.07,20.0,
104.45,24112,405.576,-676.625,-0.007,4.271,30.0,1271,-1,128.13,False,-1,True,True,0.75,0.0,-0.011,False,False,-0.032,0.022,46.753,1271,135.73,,,,,0,False,False,0.0,False,7.75,5.1,20.0,
104.5,24113,405.726,-676.468,-0.008,4.358,30.0,1271,-1,128.35,False,-1,True,True,0.75,0.0,-0.01,False,False,0.042,0.014,46.694,1271,135.73,,,,,0,False,False,0.0,False,7.53,5.14,20.0,
104.55,24114,405.878,-676.307,-0.008,4.453,30.0,1271,-1,128.57,False,-1,True,True,0.75,0.0,-0.008,False,False,0.104,0.009,46.641,1271,135.73,,,,,0,False,False,0.0,False,7.31,5.18,20.0,
104.6,24115,406.034,-676.144,-0.009,4.552,30.0,1271,-1,128.8,False,-1,True,True,0.75,0.0,-0.007,False,False,0.152,0.005,46.596,1271,135.73,,,,,0,False,False,0.0,False,7.08,5.23,20.0,
104.65,24116,406.193,-675.976,-0.009,4.654,30.0,1271,-1,129.03,False,-1,True,True,0.75,0.0,-0.006,False,False,0.188,0.003,46.556,1271,135.73,,,,,0,False,False,0.0,False,6.85,5.28,20.0,
104.7,24117,406.356,-675.806,-0.009,4.757,30.0,1271,-1,129.26,False,-1,True,True,0.75,0.0,-0.005,False,False,0.214,0.002,46.521,1271,135.73,,,,,0,False,False,0.0,False,6.61,5.33,20.0,
104.75,24118,406.523,-675.631,-0.009,4.861,30.0,1271,-1,129.5,False,-1,True,True,0.75,0.0,-0.004,False,False,0.232,0.001,46.492,1271,135.73,,,,,0,False,False,0.0,False,6.37,5.38,20.0,
104.8,24119,406.693,-675.453,-0.009,4.965,30.0,1271,-1,129.75,False,-1,True,True,0.75,0.0,-0.003,False,False,0.244,0.0,46.466,1271,135.73,,,,,0,False,False,0.0,False,6.13,5.43,20.0,
104.85,24120,406.866,-675.271,-0.009,5.069,30.0,1271,-1,130.0,False,-1,True,True,0.75,0.0,-0.003,False,False,0.252,-0.0,46.444,1271,135.73,,,,,0,False,False,0.0,False,5.88,5.48,20.0,
104.9,24121,407.043,-675.085,-0.009,5.155,30.0,1271,-1,130.18,False,-1,True,True,0.75,0.0,-0.002,False,False,0.256,-0.0,46.426,1271,135.73,,,,,0,False,False,0.0,False,5.62,5.53,20.0,
104.95,24122,407.224,-674.896,-0.009,5.307,30.0,1271,-1,130.45,False,-1,True,True,0.75,0.0,-0.002,False,False,0.26,-0.0,46.41,1271,135.73,,,,,0,False,False,0.0,False,5.36,5.58,20.0,
105.0,24123,407.41,-674.706,-0.009,5.326,30.0,1271,-1,130.71,False,-1,True,True,0.75,0.0,-0.072,False,False,0.254,0.11,46.224,1271,139.66,,,,,0,False,False,0.0,False,9.03,5.65,20.0,
105.05,24124,407.599,-674.514,-0.009,5.412,30.0,1271,-1,130.98,False,-1,True,True,0.75,0.0,-0.006,False,False,0.24,0.111,46.003,1271,139.66,,,,,0,False,False,0.0,False,8.76,5.66,20.0,
105.1,24125,407.785,-674.322,-0.009,5.324,30.0,1271,-1,131.17,False,-1,True,True,0.567,0.0,0.004,False,False,0.193,0.05,45.949,1271,139.66,,,,,0,False,False,0.0,False,8.49,5.71,20.0,
105.15,24126,407.972,-674.13,-0.008,5.378,30.0,1271,-1,131.44,False,-1,True,True,0.75,0.0,-0.007,False,False,0.154,0.024,45.878,1271,139.66,,,,,0,False,False,0.0,False,8.22,5.66,20.0,
105.2,24127,408.158,-673.94,-0.008,5.308,30.0,1271,-1,131.71,False,-1,True,True,0.674,0.0,-0.003,False,False,0.117,0.011,45.871,1271,139.66,,,,,0,False,False,0.0,False,7.95,5.69,20.0,
105.25,24128,408.344,-673.748,-0.008,5.387,30.0,1271,-1,131.98,False,-1,True,True,0.75,0.0,-0.007,False,False,0.103,0.011,45.812,1271,139.66,,,,,0,False,False,0.0,False,7.69,5.65,20.0,
105.3,24129,408.532,-673.557,-0.008,5.337,30.0,1271,-1,132.24,False,-1,True,True,0.634,0.0,-0.002,False,False,0.092,0.005,45.814,1271,139.66,,,,,0,False,False,0.0,False,7.42,5.69,20.0,
105.35,24130,408.72,-673.364,-0.008,5.417,30.0,1271,-1,132.51,False,-1,True,True,0.75,0.0,-0.006,False,False,0.094,0.007,45.762,1271,139.66,,,,,0,False,False,0.0,False,7.15,5.67,20.0,
105.4,24131,408.908,-673.172,-0.008,5.344,30.0,1271,-1,132.78,False,-1,True,True,0.519,0.0,-0.001,False,False,0.084,0.002,45.767,1271,139.66,,,,,0,False,False,0.0,False,6.88,5.71,20.0,
105.45,24132,409.096,-672.979,-0.008,5.455,30.0,1271,-1,133.05,False,-1,True,True,0.75,0.0,-0.005,False,False,0.086,0.003,45.725,1271,139.66,,,,,0,False,False,0.0,False,6.61,5.67,20.0,
105.5,24133,409.296,-672.774,-0.009,5.855,30.0,1271,-1,133.34,False,-1,True,True,0.378,0.0,-0.0,False,False,0.201,0.0,45.684,1271,139.66,,,,,0,False,False,0.0,False,6.33,5.73,20.0,
105.55,24134,409.51,-672.555,-0.01,6.223,30.0,1271,-1,133.64,False,-1,True,True,0.0,0.3,0.001,False,False,0.342,-0.004,45.669,1271,139.66,,,,,0,False,False,0.0,False,6.02,5.93,20.0,
105.6,24135,409.73,-672.333,-0.01,6.252,30.0,1271,-1,133.96,False,-1,True,True,0.0,0.3,-0.038,False,False,0.387,0.072,45.536,1271,143.6,,,,,0,False,False,0.0,False,9.64,6.11,20.0,
105.65,24136,409.951,-672.11,-0.01,6.293,30.0,1271,-1,134.27,False,-1,True,True,0.0,0.3,0.001,False,False,0.353,0.06,45.433,1271,143.6,,,,,0,False,False,0.0,False,9.33,6.13,20.0,
105.7,24137,410.168,-671.89,-0.009,6.111,30.0,1271,-1,134.58,False,-1,True,True,0.0,0.3,0.002,False,False,0.254,0.027,45.379,1271,143.6,,,,,0,False,False,0.0,False,9.02,6.15,20.0,
105.75,24138,410.38,-671.675,-0.008,6.014,30.0,1271,-1,134.88,False,-1,True,True,0.0,0.3,-0.0,False,False,0.141,0.01,45.389,1271,143.6,,,,,0,False,False,0.0,False,8.72,6.06,20.0,
105.8,24139,410.586,-671.467,-0.007,5.775,30.0,1271,-1,135.17,False,-1,True,True,0.0,0.3,-0.005,False,False,0.025,0.011,45.345,1271,143.6,,,,,0,False,False,0.0,False,8.42,6.01,20.0,
105.85,24140,410.786,-671.266,-0.006,5.643,30.0,1271,-1,135.46,False,-1,True,True,0.0,0.3,0.0,False,False,-0.068,0.007,45.355,1271,143.6,,,,,0,False,False,0.0,False,8.14,5.89,20.0,
105.9,24141,410.978,-671.071,-0.006,5.378,30.0,1271,-1,135.73,False,-1,True,True,0.0,0.3,-0.004,False,False,-0.15,0.008,45.314,1271,143.6,,,,,0,False,False,0.0,False,7.87,5.82,20.0,
105.95,24142,411.164,-670.883,-0.005,5.269,30.0,1271,-1,136.0,False,-1,True,True,0.61,0.0,0.001,False,False,-0.2,0.003,45.332,1271,143.6,,,,,0,False,False,0.0,False,7.6,5.69,20.0,
106.0,24143,411.345,-670.7,-0.005,5.069,30.0,1271,-1,136.25,False,-1,True,True,0.75,0.0,-0.003,False,False,-0.225,0.003,45.288,1271,143.6,,,,,0,False,False,0.0,False,7.34,5.63,20.0,
106.05,24144,411.522,-670.521,-0.005,5.026,30.0,1271,-1,136.5,False,-1,True,True,0.75,0.0,0.002,False,False,-0.218,-0.002,45.273,1271,143.6,,,,,0,False,False,0.0,False,7.09,5.53,20.0,
106.1,24145,411.699,-670.342,-0.006,5.021,30.0,1271,-1,136.76,False,-1,True,True,0.75,0.0,0.001,False,False,-0.172,-0.003,45.267,1271,143.6,,,,,0,False,False,0.0,False,6.84,5.51,20.0,
106.15,24146,411.876,-670.163,-0.006,5.019,30.0,1271,-1,137.01,False,-1,True,True,0.75,0.0,0.0,False,False,-0.116,-0.001,45.266,1271,143.6,,,,,0,False,False,0.0,False,6.59,5.51,20.0,
106.2,24147,412.046,-669.992,-0.006,4.663,30.0,1271,-1,137.25,False,-1,True,True,0.75,0.0,-0.0,False,False,-0.138,0.0,45.266,1271,143.6,,,,,0,False,False,0.0,False,6.35,5.51,20.0,
106.25,24148,412.203,-669.833,-0.005,4.373,30.0,1271,-1,137.47,False,-1,True,True,0.75,0.0,-0.0,False,False,-0.222,0.001,45.265,1271,143.6,,,,,0,False,False,0.0,False,6.12,5.33,20.0,
106.3,24149,412.353,-669.682,-0.005,4.211,30.0,1271,-1,137.68,False,-1,True,True,0.75,0.0,-0.0,False,False,-0.272,0.002,45.265,1271,143.6,,,,,0,False,False,0.0,False,5.91,5.19,20.0,
106.35,24150,412.499,-669.534,-0.005,4.145,30.0,1271,-1,137.89,False,-1,True,True,0.75,0.0,-0.0,False,False,-0.267,0.002,45.264,1271,143.6,,,,,0,False,False,0.0,False,5.7,5.11,20.0,
106.4,24151,412.645,-669.387,-0.005,4.144,30.0,1271,-1,138.1,False,-1,True,True,0.75,0.0,-0.0,False,False,-0.217,0.001,45.264,1271,143.6,,,,,0,False,False,0.0,False,5.5,5.07,20.0,
106.45,24152,412.792,-669.239,-0.006,4.185,30.0,1271,-1,138.31,False,-1,True,True,0.75,0.0,0.0,False,False,-0.143,0.001,45.264,1271,143.6,,,,,0,False,False,0.0,False,5.29,5.07,20.0,
106.5,24153,412.941,-669.088,-0.007,4.251,30.0,1271,-1,138.52,False,-1,True,True,0.75,0.0,-0.0,False,False,-0.062,0.001,45.264,1271,143.6,,,,,0,False,False,0.0,False,5.07,5.09,20.0,
106.55,24154,413.094,-668.936,-0.007,4.332,30.0,1271,-1,138.74,False,-1,True,True,0.75,0.0,-0.024,False,False,0.015,0.039,45.192,1271,147.53,,,,,0,False,False,0.0,False,8.79,5.13,20.0,
106.6,24155,413.25,-668.78,-0.008,4.423,30.0,1271,-1,138.96,False,-1,True,True,0.75,0.0,-0.0,False,False,0.08,0.032,45.143,1271,147.53,,,,,0,False,False,0.0,False,8.57,5.17,20.0,
106.65,24156,413.408,-668.621,-0.008,4.521,30.0,1271,-1,139.18,False,-1,True,True,0.75,0.0,-0.0,False,False,0.133,0.014,45.13,1271,147.53,,,,,0,False,False,0.0,False,8.35,5.21,20.0,
106.7,24157,413.571,-668.459,-0.009,4.621,30.0,1271,-1,139.41,False,-1,True,True,0.75,0.0,-0.002,False,False,0.174,0.007,45.118,1271,147.53,,,,,0,False,False,0.0,False,8.12,5.26,20.0,
106.75,24158,413.736,-668.293,-0.009,4.724,30.0,1271,-1,139.65,False,-1,True,True,0.75,0.0,-0.002,False,False,0.204,0.004,45.105,1271,147.53,,,,,0,False,False,0.0,False,7.88,5.31,20.0,
106.8,24159,413.905,-668.124,-0.009,4.828,30.0,1271,-1,139.88,False,-1,True,True,0.75,0.0,-0.002,False,False,0.225,0.002,45.093,1271,147.53,,,,,0,False,False,0.0,False,7.65,5.36,20.0,
106.85,24160,414.078,-667.95,-0.009,4.932,30.0,1271,-1,140.13,False,-1,True,True,0.75,0.0,-0.001,False,False,0.239,0.001,45.083,1271,147.53,,,,,0,False,False,0.0,False,7.4,5.41,20.0,
106.9,24161,414.255,-667.774,-0.009,5.035,30.0,1271,-1,140.38,False,-1,True,True,0.75,0.0,-0.001,False,False,0.249,0.0,45.075,1271,147.53,,,,,0,False,False,0.0,False,7.15,5.47,20.0,
106.95,24162,414.435,-667.593,-0.009,5.136,30.0,1271,-1,140.63,False,-1,True,True,0.75,0.0,-0.001,False,False,0.255,-0.0,45.068,1271,147.53,,,,,0,False,False,0.0,False,6.9,5.52,20.0,
107.0,24163,414.619,-667.409,-0.009,5.274,30.0,1271,-1,140.89,False,-1,True,True,0.75,0.0,-0.001,False,False,0.259,-0.0,45.061,1271,147.53,,,,,0,False,False,0.0,False,6.64,5.57,20.0,
107.05,24164,414.805,-667.222,-0.009,5.281,30.0,1271,-1,141.16,False,-1,True,True,0.75,0.0,-0.001,False,False,0.252,-0.0,45.067,1271,147.53,,,,,0,False,False,0.0,False,6.37,5.64,20.0,
107.1,24165,414.993,-667.035,-0.009,5.33,30.0,1271,-1,141.42,False,-1,True,True,0.75,0.0,-0.002,False,False,0.224,0.002,45.036,1271,147.53,,,,,0,False,False,0.0,False,6.11,5.64,20.0,
107.15,24166,415.179,-666.848,-0.009,5.252,30.0,1271,-1,141.69,False,-1,True,True,0.75,0.0,0.002,False,False,0.176,-0.002,45.068,1271,147.53,,,,,0,False,False,0.0,False,5.84,5.67,20.0,
107.2,24167,415.366,-666.661,-0.008,5.33,30.0,1271,-1,141.95,False,-1,True,True,0.75,0.0,-0.003,False,False,0.146,0.002,45.043,1271,147.53,,,,,0,False,False,0.0,False,5.58,5.63,20.0,
107.25,24168,415.554,-666.474,-0.008,5.282,30.0,1271,-1,142.22,False,-1,True,True,0.75,0.0,-0.013,False,False,0.122,0.023,45.034,1734,1.89,,,,,0,False,False,0.0,False,9.18,5.66,20.0,
107.3,24169,415.743,-666.287,-0.008,5.348,30.0,1271,-1,142.48,False,-1,True,True,0.75,0.0,-0.004,False,False,0.111,0.025,44.969,1734,1.89,,,,,0,False,False,0.0,False,8.91,5.64,20.0,
107.35,24170,415.93,-666.1,-0.008,5.275,30.0,1271,-1,142.75,False,-1,True,True,0.75,0.0,0.002,False,False,0.092,0.01,44.98,1734,1.89,,,,,0,False,False,0.0,False,8.64,5.67,20.0,
107.4,24171,416.125,-665.906,-0.008,5.696,30.0,1271,-1,143.02,False,-1,True,True,0.75,0.0,-0.004,False,False,0.154,0.007,44.979,1734,1.89,,,,,0,False,False,0.0,False,8.37,5.64,20.0,
107.45,24172,416.335,-665.697,-0.01,6.015,30.0,1271,-1,143.32,False,-1,True,True,0.0,0.3,-0.003,False,False,0.3,0.007,44.976,1734,1.89,,,,,0,False,False,0.0,False,8.07,5.85,20.0,
107.5,24173,416.555,-665.478,-0.011,6.299,30.0,1271,-1,143.63,False,-1,True,True,0.0,0.3,-0.003,False,False,0.404,0.006,44.962,1734,1.89,,,,,0,False,False,0.0,False,7.76,6.01,20.0,
107.55,24174,416.779,-665.255,-0.011,6.288,30.0,1271,-1,143.94,False,-1,True,True,0.0,0.3,-0.001,False,False,0.408,0.002,44.949,1734,1.89,,,,,0,False,False,0.0,False,7.45,6.15,20.0,
107.6,24175,417.002,-665.033,-0.01,6.299,30.0,1271,-1,144.26,False,-1,True,True,0.0,0.3,-0.001,False,False,0.345,-0.001,44.939,1734,1.89,,,,,0,False,False,0.0,False,7.13,6.14,20.0,
107.65,24176,417.22,-664.815,-0.009,6.112,30.0,1271,-1,144.57,False,-1,True,True,0.0,0.3,-0.001,False,False,0.233,-0.002,44.922,1734,1.89,,,,,0,False,False,0.0,False,6.82,6.15,20.0,
107.7,24177,417.434,-664.603,-0.008,6.006,30.0,1271,-1,144.87,False,-1,True,True,0.0,0.3,0.0,False,False,0.116,-0.004,44.94,1734,1.89,,,,,0,False,False,0.0,False,6.52,6.06,20.0,
107.75,24178,417.64,-664.396,-0.007,5.759,30.0,1271,-1,145.16,False,-1,True,True,0.0,0.3,-0.003,False,False,0.001,0.001,44.907,1734,1.89,,,,,0,False,False,0.0,False,6.23,6.0,20.0,
107.8,24179,417.841,-664.197,-0.006,5.621,30.0,1271,-1,145.44,False,-1,True,True,0.0,0.3,0.002,False,False,-0.09,-0.002,44.929,1734,1.89,,,,,0,False,False,0.0,False,5.95,5.88,20.0,
107.85,24180,418.034,-664.005,-0.006,5.356,30.0,1271,-1,145.72,False,-1,True,True,0.0,0.27,-0.003,False,False,-0.168,0.001,44.897,1734,1.89,,,,,0,False,False,0.0,False,5.68,5.81,20.0,
107.9,24181,418.221,-663.819,-0.005,5.248,30.0,1271,-1,145.98,False,-1,True,True,0.684,0.0,-0.012,False,False,-0.213,0.02,44.884,1734,5.67,,,,,0,False,False,0.0,False,9.18,5.68,20.0,
107.95,24182,418.403,-663.639,-0.005,5.046,30.0,1271,-1,146.24,False,-1,True,True,0.75,0.0,-0.003,False,False,-0.234,0.02,44.811,1734,5.67,,,,,0,False,False,0.0,False,8.93,5.62,20.0,
108.0,24183,418.582,-663.46,-0.005,5.068,30.0,1271,-1,146.49,False,-1,True,True,0.75,0.0,0.003,False,False,-0.21,0.005,44.798,1734,5.67,,,,,0,False,False,0.0,False,8.68,5.52,20.0,
108.05,24184,418.762,-663.283,-0.006,5.05,30.0,1271,-1,146.74,False,-1,True,True,0.75,0.0,-0.001,False,False,-0.159,0.001,44.795,1734,5.67,,,,,0,False,False,0.0,False,8.42,5.53,20.0,
108.1,24185,418.939,-663.106,-0.006,4.868,30.0,1271,-1,146.99,False,-1,True,True,0.75,0.0,-0.001,False,False,-0.123,0.002,44.779,1734,5.67,,,,,0,False,False,0.0,False,8.17,5.52,20.0,
108.15,24186,419.102,-662.944,-0.005,4.477,30.0,1271,-1,147.22,False,-1,True,True,0.75,0.0,0.0,False,False,-0.204,0.001,44.75,1734,5.67,,,,,0,False,False,0.0,False,7.94,5.43,20.0,
108.2,24187,419.255,-662.792,-0.005,4.233,30.0,1271,-1,147.44,False,-1,True,True,0.75,0.0,0.002,False,False,-0.284,-0.001,44.746,1734,5.67,,,,,0,False,False,0.0,False,7.73,5.24,20.0,
108.25,24188,419.402,-662.646,-0.005,4.107,30.0,1271,-1,147.64,False,-1,True,True,0.75,0.0,0.0,False,False,-0.31,-0.001,44.748,1734,5.67,,,,,0,False,False,0.0,False,7.52,5.12,20.0,
108.3,24189,419.547,-662.503,-0.005,4.067,30.0,1271,-1,147.85,False,-1,True,True,0.75,0.0,-0.0,False,False,-0.28,0.001,44.748,1734,5.67,,,,,0,False,False,0.0,False,7.32,5.05,20.0,
108.35,24190,419.692,-662.359,-0.005,4.084,30.0,1271,-1,148.05,False,-1,True,True,0.75,0.0,0.0,False,False,-0.212,0.001,44.748,1734,5.67,,,,,0,False,False,0.0,False,7.11,5.03,20.0,
108.4,24191,419.839,-662.213,-0.006,4.136,30.0,1271,-1,148.26,False,-1,True,True,0.75,0.0,-0.0,False,False,-0.128,0.001,44.748,1734,5.67,,,,,0,False,False,0.0,False,6.9,5.04,20.0,
108.45,24192,419.988,-662.066,-0.007,4.209,30.0,1271,-1,148.47,False,-1,True,True,0.75,0.0,-0.0,False,False,-0.042,0.001,44.747,1734,5.67,,,,,0,False,False,0.0,False,6.7,5.07,20.0,
108.5,24193,420.14,-661.915,-0.008,4.296,30.0,1271,-1,148.68,False,-1,True,True,0.75,0.0,-0.0,False,False,0.035,0.001,44.747,1734,5.67,,,,,0,False,False,0.0,False,6.48,5.1,20.0,
108.55,24194,420.295,-661.762,-0.008,4.39,30.0,1271,-1,148.9,False,-1,True,True,0.75,0.0,0.0,False,False,0.098,0.001,44.747,1734,5.67,,,,,0,False,False,0.0,False,6.26,5.15,20.0,
108.6,24195,420.453,-661.605,-0.009,4.49,30.0,1736,-1,0.42,True,61,True,False,0.75,0.0,-0.0,False,False,0.148,0.001,44.747,1734,5.67,,,,,0,False,False,0.0,False,6.04,5.2,20.0,
108.65,24196,420.615,-661.445,-0.009,4.592,30.0,1271,-1,149.35,False,-1,True,True,0.75,0.0,0.0,False,False,0.186,0.0,44.747,1734,5.67,,,,,0,False,False,0.0,False,5.81,5.24,20.0,
108.7,24197,420.78,-661.281,-0.009,4.696,30.0,1735,-1,0.09,True,61,True,False,0.75,0.0,0.0,False,False,0.213,0.0,44.747,1734,5.67,,,,,0,False,False,0.0,False,5.58,5.3,20.0,
108.75,24198,420.949,-661.113,-0.009,4.8,30.0,1735,-1,0.33,True,61,True,False,0.75,0.0,0.0,False,False,0.231,0.0,44.747,1734,5.67,,,,,0,False,False,0.0,False,5.34,5.35,20.0,
108.8,24199,421.12,-660.94,-0.009,4.899,30.0,1735,-1,0.57,True,61,True,False,0.75,0.0,0.056,False,False,0.243,-0.081,44.89,1734,9.45,,,,,0,False,False,0.0,False,8.8,5.4,20.0,
108.85,24200,421.294,-660.763,-0.009,5.004,30.0,1734,-1,0.82,True,61,True,True,0.75,0.0,0.003,False,False,0.25,-0.078,45.017,1734,9.45,,,,,0,False,False,0.0,False,8.55,5.45,20.0,
108.9,24201,421.473,-660.583,-0.009,5.109,30.0,1734,-1,1.07,True,61,True,True,0.75,0.0,-0.0,False,False,0.256,-0.035,45.056,1734,9.45,,,,,0,False,False,0.0,False,8.3,5.5,20.0,
108.95,24202,421.655,-660.4,-0.009,5.201,30.0,1734,-1,1.33,True,61,True,True,0.75,0.0,-0.0,False,False,0.257,-0.008,45.083,1734,9.45,,,,,0,False,False,0.0,False,8.04,5.55,20.0,
109.0,24203,421.838,-660.216,-0.009,5.187,30.0,1734,-1,1.59,True,61,True,True,0.75,0.0,0.006,False,False,0.231,-0.004,45.067,1734,9.45,,,,,0,False,False,0.0,False,7.78,5.6,20.0,
109.05,24204,422.02,-660.033,-0.009,5.17,30.0,1734,-1,1.85,True,61,True,True,0.75,0.0,0.009,False,False,0.185,-0.013,45.146,1734,9.45,,,,,0,False,False,0.0,False,7.52,5.59,20.0,
109.1,24205,422.201,-659.849,-0.008,5.17,30.0,1734,-1,2.1,True,61,True,True,0.75,0.0,-0.0,False,False,0.146,-0.006,45.13,1734,9.45,,,,,0,False,False,0.0,False,7.26,5.59,20.0,
109.15,24206,422.384,-659.666,-0.008,5.186,30.0,1734,-1,2.36,True,61,True,True,0.75,0.0,0.007,False,False,0.122,-0.009,45.2,1734,9.45,,,,,0,False,False,0.0,False,7.0,5.59,20.0,
109.2,24207,422.567,-659.481,-0.008,5.216,30.0,1734,-1,2.62,True,61,True,True,0.75,0.0,-0.001,False,False,0.113,-0.001,45.176,1734,9.45,,,,,0,False,False,0.0,False,6.74,5.59,20.0,
109.25,24208,422.75,-659.296,-0.008,5.211,30.0,1734,-1,2.88,True,61,True,True,0.75,0.0,0.006,False,False,0.103,-0.005,45.236,1734,9.45,,,,,0,False,False,0.0,False,6.48,5.61,20.0,
109.3,24209,422.933,-659.111,-0.008,5.208,30.0,1734,-1,3.14,True,61,True,True,0.75,0.0,-0.002,False,False,0.092,0.0,45.204,1734,9.45,,,,,0,False,False,0.0,False,6.22,5.61,20.0,
109.35,24210,423.122,-658.919,-0.008,5.564,30.0,1734,-1,3.41,True,61,True,True,0.75,0.0,0.005,False,False,0.152,-0.006,45.223,1734,9.45,,,,,0,False,False,0.0,False,5.95,5.6,20.0,
109.4,24211,423.328,-658.711,-0.01,5.987,30.0,1734,-1,3.71,True,61,True,True,0.001,0.0,0.001,False,False,0.311,-0.005,45.208,1734,9.45,,,,,0,False,False,0.0,False,5.66,5.78,20.0,
109.45,24212,423.542,-658.489,-0.011,6.226,30.0,1734,-1,4.01,True,61,True,True,0.0,0.3,0.101,False,False,0.424,-0.137,45.437,1734,13.23,,,,,0,False,False,0.0,False,9.08,5.99,20.0,
109.5,24213,423.758,-658.261,-0.011,6.28,30.0,1734,-1,4.33,True,61,True,True,0.0,0.3,0.026,False,False,0.434,-0.188,45.751,1734,13.23,,,,,0,False,False,0.0,False,8.76,6.11,20.0,
109.55,24214,423.973,-658.036,-0.01,6.196,30.0,1734,-1,4.64,True,61,True,True,0.0,0.3,0.009,False,False,0.356,-0.131,45.994,1734,13.23,,,,,0,False,False,0.0,False,8.45,6.14,20.0,
109.6,24215,424.184,-657.816,-0.009,6.07,30.0,1734,-1,4.94,True,61,True,True,0.0,0.3,0.007,False,False,0.238,-0.076,46.086,1734,13.23,,,,,0,False,False,0.0,False,8.15,6.1,20.0,
109.65,24216,424.389,-657.601,-0.008,5.911,30.0,1734,-1,5.24,True,61,True,True,0.0,0.3,0.014,False,False,0.115,-0.057,46.231,1734,13.23,,,,,0,False,False,0.0,False,7.85,6.03,20.0,
109.7,24217,424.588,-657.391,-0.007,5.733,30.0,1734,-1,5.53,True,61,True,True,0.0,0.3,0.006,False,False,0.006,-0.039,46.279,1734,13.23,,,,,0,False,False,0.0,False,7.56,5.96,20.0,
109.75,24218,424.781,-657.188,-0.006,5.54,30.0,1734,-1,5.81,True,61,True,True,0.0,0.3,0.011,False,False,-0.086,-0.033,46.394,1734,13.23,,,,,0,False,False,0.0,False,7.28,5.87,20.0,
109.8,24219,424.967,-656.991,-0.006,5.372,30.0,1734,-1,6.08,True,61,True,True,0.026,0.0,0.003,False,False,-0.153,-0.02,46.41,1734,13.23,,,,,0,False,False,0.0,False,7.01,5.77,20.0,
109.85,24220,425.149,-656.799,-0.005,5.224,30.0,1734,-1,6.35,True,61,True,True,0.631,0.0,0.009,False,False,-0.19,-0.019,46.502,1734,13.23,,,,,0,False,False,0.0,False,6.75,5.69,20.0,
109.9,24221,425.325,-656.612,-0.005,5.095,30.0,1734,-1,6.6,True,61,True,True,0.75,0.0,0.001,False,False,-0.205,-0.01,46.498,1734,13.23,,,,,0,False,False,0.0,False,6.49,5.61,20.0,
109.95,24222,425.499,-656.429,-0.005,5.051,30.0,1734,-1,6.86,True,61,True,True,0.75,0.0,0.008,False,False,-0.19,-0.012,46.584,1734,13.23,,,,,0,False,False,0.0,False,6.24,5.55,20.0,
110.0,24223,425.672,-656.245,-0.006,5.046,30.0,1734,-1,7.11,True,61,True,True,0.75,0.0,-0.001,False,False,-0.142,-0.004,46.569,1734,13.23,,,,,0,False,False,0.0,False,5.98,5.53,20.0,
110.05,24224,425.844,-656.063,-0.006,4.863,30.0,1734,-1,7.36,True,61,True,True,0.75,0.0,0.006,False,False,-0.116,-0.006,46.612,1734,13.23,,,,,0,False,False,0.0,False,5.73,5.52,20.0,
110.1,24225,426.002,-655.895,-0.006,4.486,30.0,1734,-1,7.59,True,61,True,True,0.75,0.0,0.001,False,False,-0.197,-0.003,46.611,1734,13.23,,,,,0,False,False,0.0,False,5.5,5.43,20.0,
110.15,24226,426.15,-655.738,-0.005,4.253,30.0,1734,-1,7.8,True,61,True,True,0.75,0.0,0.004,False,False,-0.274,-0.004,46.622,1734,13.23,,,,,0,False,False,0.0,False,5.29,5.24,20.0,
110.2,24227,426.293,-655.586,-0.005,4.136,30.0,1734,-1,8.01,True,61,True,True,0.75,0.0,0.002,False,False,-0.298,-0.003,46.635,1734,13.23,,,,,0,False,False,0.0,False,5.08,5.13,20.0,
110.25,24228,426.434,-655.436,-0.005,4.101,30.0,1734,-1,8.22,True,61,True,True,0.75,0.0,0.002,False,False,-0.267,-0.002,46.646,1734,13.23,,,,,0,False,False,0.0,False,4.87,5.07,20.0,
110.3,24229,426.573,-655.284,-0.006,4.112,30.0,1734,-1,8.42,True,61,True,True,0.75,0.0,0.102,False,False,-0.202,-0.105,46.832,1270,1.95,,,,,0,False,False,0.0,False,8.49,5.05,20.0,
110.35,24230,426.711,-655.129,-0.006,4.167,30.0,1734,-1,8.63,True,61,True,True,0.75,0.0,0.025,False,False,-0.12,-0.136,47.074,1270,1.95,,,,,0,False,False,0.0,False,8.29,5.06,20.0,
110.4,24231,426.854,-654.973,-0.007,4.242,30.0,1734,-1,8.84,True,61,True,True,0.75,0.0,0.012,False,False,-0.036,-0.089,47.2,1270,1.95,,,,,0,False,False,0.0,False,8.07,5.08,20.0,
110.45,24232,426.998,-654.814,-0.008,4.33,30.0,1734,-1,9.14,True,61,True,True,0.75,0.0,0.017,False,False,0.039,-0.058,47.297,1270,1.95,,,,,0,False,False,0.0,False,7.86,5.12,20.0,
110.5,24233,427.146,-654.651,-0.008,4.425,30.0,1734,-1,9.36,True,61,True,True,0.75,0.0,0.016,False,False,0.102,-0.042,47.391,1270,1.95,,,,,0,False,False,0.0,False,7.64,5.17,20.0,
110.55,24234,427.297,-654.484,-0.009,4.525,30.0,1734,-1,9.59,True,61,True,True,0.75,0.0,0.013,False,False,0.151,-0.029,47.475,1270,1.95,,,,,0,False,False,0.0,False,7.41,5.21,20.0,
110.6,24235,427.451,-654.314,-0.009,4.627,30.0,1734,-1,9.82,True,61,True,True,0.75,0.0,0.011,False,False,0.188,-0.019,47.547,1270,1.95,,,,,0,False,False,0.0,False,7.19,5.26,20.0,
110.65,24236,427.608,-654.14,-0.009,4.731,30.0,1734,-1,10.05,True,61,True,True,0.75,0.0,0.009,False,False,0.214,-0.012,47.61,1270,1.95,,,,,0,False,False,0.0,False,6.95,5.31,20.0,
110.7,24237,427.769,-653.962,-0.009,4.835,30.0,1734,-1,10.29,True,61,True,True,0.75,0.0,0.008,False,False,0.232,-0.007,47.665,1270,1.95,,,,,0,False,False,0.0,False,6.71,5.37,20.0,
110.75,24238,427.933,-653.78,-0.009,4.939,30.0,1734,-1,10.53,True,61,True,True,0.75,0.0,0.007,False,False,0.245,-0.005,47.712,1270,1.95,,,,,0,False,False,0.0,False,6.47,5.42,20.0,
110.8,24239,428.101,-653.594,-0.009,5.043,30.0,1734,-1,10.78,True,61,True,True,0.75,0.0,0.006,False,False,0.253,-0.003,47.753,1270,1.95,,,,,0,False,False,0.0,False,6.22,5.47,20.0,
110.85,24240,428.272,-653.405,-0.009,5.154,30.0,1734,-1,11.04,True,61,True,True,0.75,0.0,0.005,False,False,0.258,-0.001,47.787,1270,1.95,,,,,0,False,False,0.0,False,5.96,5.52,20.0,
110.9,24241,428.446,-653.212,-0.009,5.206,30.0,1734,-1,11.3,True,61,True,True,0.75,0.0,0.004,False,False,0.256,-0.001,47.819,1270,1.95,,,,,0,False,False,0.0,False,5.7,5.58,20.0,
110.95,24242,428.623,-653.016,-0.009,5.314,30.0,1734,-1,11.56,True,61,True,True,0.75,0.0,0.003,False,False,0.248,0.001,47.831,1270,1.95,,,,,0,False,False,0.0,False,5.44,5.6,20.0,
111.0,24243,428.797,-652.819,-0.009,5.219,30.0,1734,-1,11.83,True,61,True,True,0.75,0.0,0.072,False,False,0.201,-0.086,48.02,1270,5.84,,,,,0,False,False,0.0,False,9.07,5.66,20.0,
111.05,24244,428.97,-652.622,-0.008,5.286,30.0,1734,-1,12.09,True,61,True,True,0.75,0.0,0.008,False,False,0.163,-0.093,48.179,1270,5.84,,,,,0,False,False,0.0,False,8.81,5.61,20.0,
111.1,24245,429.144,-652.426,-0.008,5.228,30.0,1734,-1,12.35,True,61,True,True,0.75,0.0,0.004,False,False,0.13,-0.054,48.311,1270,5.84,,,,,0,False,False,0.0,False,8.54,5.64,20.0,
111.15,24246,429.32,-652.228,-0.008,5.327,30.0,1734,-1,12.62,True,61,True,True,0.75,0.0,0.003,False,False,0.12,-0.024,48.348,1270,5.84,,,,,0,False,False,0.0,False,8.28,5.61,20.0,
111.2,24247,429.495,-652.031,-0.008,5.25,30.0,1734,-1,12.88,True,61,True,True,0.75,0.0,0.008,False,False,0.104,-0.017,48.425,1270,5.84,,,,,0,False,False,0.0,False,8.01,5.66,20.0,
111.25,24248,429.669,-651.832,-0.008,5.317,30.0,1734,-1,13.2,True,61,True,True,0.75,0.0,0.003,False,False,0.095,-0.01,48.437,1270,5.84,,,,,0,False,False,0.0,False,7.75,5.62,20.0,
111.3,24249,429.849,-651.628,-0.008,5.598,30.0,1734,-1,13.48,True,61,True,True,0.75,0.0,0.007,False,False,0.15,-0.012,48.464,1270,5.84,,,,,0,False,False,0.0,False,7.48,5.66,20.0,
111.35,24250,430.045,-651.406,-0.01,6.074,30.0,1734,-1,13.77,True,61,True,True,0.0,0.129,0.005,False,False,0.308,-0.014,48.488,1270,5.84,,,,,0,False,False,0.0,False,7.18,5.8,20.0,
111.4,24251,430.25,-651.173,-0.011,6.231,30.0,1734,-1,14.08,True,61,True,True,0.0,0.3,0.004,False,False,0.41,-0.012,48.518,1270,5.84,,,,,0,False,False,0.0,False,6.87,6.04,20.0,
111.45,24252,430.459,-650.936,-0.011,6.36,30.0,1734,-1,14.4,True,61,True,True,0.0,0.3,0.003,False,False,0.424,-0.008,48.545,1270,5.84,,,,,0,False,False,0.0,False,6.56,6.12,20.0,
111.5,24253,430.667,-650.7,-0.01,6.241,30.0,1734,-1,14.71,True,61,True,True,0.0,0.3,0.002,False,False,0.352,-0.004,48.569,1270,5.84,,,,,0,False,False,0.0,False,6.24,6.18,20.0,
111.55,24254,430.871,-650.468,-0.009,6.177,30.0,1734,-1,15.02,True,61,True,True,0.0,0.3,0.001,False,False,0.245,-0.001,48.57,1270,5.84,,,,,0,False,False,0.0,False,5.93,6.12,20.0,
111.6,24255,431.069,-650.241,-0.008,5.948,30.0,1270,-1,0.21,False,-1,True,True,0.0,0.3,0.04,False,False,0.118,-0.06,48.701,1270,9.74,,,,,0,False,False,0.0,False,9.53,6.09,20.0,
111.65,24256,431.261,-650.02,-0.007,5.823,30.0,1270,-1,0.5,False,-1,True,True,0.0,0.3,0.001,False,False,0.007,-0.055,48.781,1270,9.74,,,,,0,False,False,0.0,False,9.23,5.97,20.0,
111.7,24257,431.446,-649.807,-0.006,5.563,30.0,1270,-1,0.79,False,-1,True,True,0.0,0.3,0.002,False,False,-0.091,-0.03,48.861,1270,9.74,,,,,0,False,False,0.0,False,8.95,5.91,20.0,
111.75,24258,431.626,-649.6,-0.006,5.447,30.0,1270,-1,1.06,False,-1,True,True,0.0,0.059,0.0,False,False,-0.158,-0.012,48.865,1270,9.74,,,,,0,False,False,0.0,False,8.68,5.78,20.0,
111.8,24259,431.801,-649.4,-0.005,5.227,30.0,1270,-1,1.33,False,-1,True,True,0.355,0.0,0.005,False,False,-0.202,-0.008,48.924,1270,9.74,,,,,0,False,False,0.0,False,8.41,5.72,20.0,
111.85,24260,431.971,-649.205,-0.005,5.158,30.0,1270,-1,1.58,False,-1,True,True,0.75,0.0,-0.001,False,False,-0.215,-0.002,48.923,1270,9.74,,,,,0,False,False,0.0,False,8.15,5.61,20.0,
111.9,24261,432.138,-649.014,-0.005,5.043,30.0,1270,-1,1.84,False,-1,True,True,0.75,0.0,0.004,False,False,-0.204,-0.003,48.983,1270,9.74,,,,,0,False,False,0.0,False,7.9,5.58,20.0,
111.95,24262,432.305,-648.822,-0.006,5.109,30.0,1270,-1,2.09,False,-1,True,True,0.75,0.0,-0.003,False,False,-0.15,0.002,48.97,1270,9.74,,,,,0,False,False,0.0,False,7.64,5.52,20.0,
112.0,24263,432.469,-648.633,-0.006,4.84,30.0,1270,-1,2.34,False,-1,True,True,0.75,0.0,0.003,False,False,-0.127,-0.001,48.993,1270,9.74,,,,,0,False,False,0.0,False,7.39,5.55,20.0,
112.05,24264,432.621,-648.458,-0.005,4.499,30.0,1270,-1,2.57,False,-1,True,True,0.75,0.0,-0.0,False,False,-0.208,-0.001,48.967,1270,9.74,,,,,0,False,False,0.0,False,7.16,5.42,20.0,
112.1,24265,432.763,-648.294,-0.005,4.258,30.0,1270,-1,2.79,False,-1,True,True,0.75,0.0,0.004,False,False,-0.286,-0.005,48.97,1270,9.74,,,,,0,False,False,0.0,False,6.95,5.25,20.0,
112.15,24266,432.899,-648.137,-0.005,4.134,30.0,1270,-1,3.0,False,-1,True,True,0.75,0.0,0.002,False,False,-0.31,-0.005,48.979,1270,9.74,,,,,0,False,False,0.0,False,6.74,5.13,20.0,
112.2,24267,433.034,-647.982,-0.005,4.096,30.0,1270,-1,3.21,False,-1,True,True,0.75,0.0,0.001,False,False,-0.279,-0.003,48.986,1270,9.74,,,,,0,False,False,0.0,False,6.53,5.07,20.0,
112.25,24268,433.169,-647.826,-0.005,4.114,30.0,1270,-1,3.41,False,-1,True,True,0.75,0.0,0.001,False,False,-0.211,-0.001,48.991,1270,9.74,,,,,0,False,False,0.0,False,6.33,5.05,20.0,
112.3,24269,433.305,-647.669,-0.006,4.166,30.0,1270,-1,3.62,False,-1,True,True,0.75,0.0,0.001,False,False,-0.126,-0.001,48.995,1270,9.74,,,,,0,False,False,0.0,False,6.12,5.06,20.0,
112.35,24270,433.444,-647.51,-0.007,4.239,30.0,1270,-1,3.83,False,-1,True,True,0.75,0.0,0.001,False,False,-0.041,0.0,48.999,1270,9.74,,,,,0,False,False,0.0,False,5.91,5.08,20.0,
112.4,24271,433.585,-647.348,-0.008,4.325,30.0,1270,-1,4.05,False,-1,True,True,0.75,0.0,0.001,False,False,0.036,0.0,49.003,1270,9.74,,,,,0,False,False,0.0,False,5.69,5.12,20.0,
112.45,24272,433.729,-647.182,-0.008,4.42,30.0,1270,-1,4.27,False,-1,True,True,0.75,0.0,0.0,False,False,0.099,0.0,49.006,1270,9.74,,,,,0,False,False,0.0,False,5.47,5.16,20.0,
112.5,24273,433.876,-647.012,-0.009,4.519,30.0,1270,-1,4.49,False,-1,True,True,0.75,0.0,0.0,False,False,0.149,0.0,49.009,1270,9.74,,,,,0,False,False,0.0,False,5.25,5.21,20.0,
112.55,24274,434.025,-646.838,-0.009,4.62,30.0,1270,-1,4.72,False,-1,True,True,0.75,0.0,0.024,False,False,0.185,-0.037,49.08,1270,13.63,,,,,0,False,False,0.0,False,8.91,5.26,20.0,
112.6,24275,434.178,-646.661,-0.009,4.723,30.0,1270,-1,4.95,False,-1,True,True,0.75,0.0,0.0,False,False,0.212,-0.032,49.132,1270,13.63,,,,,0,False,False,0.0,False,8.68,5.31,20.0,
112.65,24276,434.335,-646.479,-0.009,4.827,30.0,1270,-1,5.19,False,-1,True,True,0.75,0.0,0.0,False,False,0.231,-0.014,49.147,1270,13.63,,,,,0,False,False,0.0,False,8.44,5.36,20.0,
112.7,24277,434.494,-646.294,-0.009,4.932,30.0,1270,-1,5.44,False,-1,True,True,0.75,0.0,0.002,False,False,0.243,-0.006,49.159,1270,13.63,,,,,0,False,False,0.0,False,8.19,5.41,20.0,
112.75,24278,434.658,-646.105,-0.009,5.036,30.0,1270,-1,5.69,False,-1,True,True,0.75,0.0,0.002,False,False,0.252,-0.004,49.173,1270,13.63,,,,,0,False,False,0.0,False,7.94,5.47,20.0,
112.8,24279,434.824,-645.912,-0.009,5.137,30.0,1270,-1,5.94,False,-1,True,True,0.75,0.0,0.002,False,False,0.257,-0.002,49.184,1270,13.63,,,,,0,False,False,0.0,False,7.69,5.52,20.0,
112.85,24280,434.994,-645.715,-0.009,5.275,30.0,1270,-1,6.2,False,-1,True,True,0.75,0.0,0.001,False,False,0.261,-0.001,49.195,1270,13.63,,,,,0,False,False,0.0,False,7.43,5.57,20.0,
112.9,24281,435.166,-645.515,-0.009,5.247,30.0,1270,-1,6.47,False,-1,True,True,0.75,0.0,0.001,False,False,0.247,0.0,49.188,1270,13.63,,,,,0,False,False,0.0,False,7.17,5.64,20.0,
112.95,24282,435.338,-645.316,-0.009,5.296,30.0,1270,-1,6.73,False,-1,True,True,0.75,0.0,0.002,False,False,0.211,-0.002,49.221,1270,13.63,,,,,0,False,False,0.0,False,6.9,5.62,20.0,
113.0,24283,435.509,-645.117,-0.008,5.221,30.0,1270,-1,6.99,False,-1,True,True,0.75,0.0,-0.001,False,False,0.164,0.002,49.191,1270,13.63,,,,,0,False,False,0.0,False,6.64,5.65,20.0,
113.05,24284,435.681,-644.918,-0.008,5.303,30.0,1270,-1,7.25,False,-1,True,True,0.75,0.0,0.004,False,False,0.138,-0.003,49.219,1270,13.63,,,,,0,False,False,0.0,False,6.38,5.61,20.0,
113.1,24285,435.853,-644.718,-0.008,5.259,30.0,1270,-1,7.52,False,-1,True,True,0.75,0.0,-0.001,False,False,0.118,0.0,49.191,1270,13.63,,,,,0,False,False,0.0,False,6.11,5.65,20.0,
113.15,24286,436.026,-644.517,-0.008,5.325,30.0,1270,-1,7.78,False,-1,True,True,0.75,0.0,0.004,False,False,0.109,-0.003,49.22,1270,13.63,,,,,0,False,False,0.0,False,5.85,5.63,20.0,
113.2,24287,436.198,-644.317,-0.008,5.251,30.0,1270,-1,8.05,False,-1,True,True,0.75,0.0,-0.001,False,False,0.092,0.001,49.195,1270,13.63,,,,,0,False,False,0.0,False,5.58,5.66,20.0,
113.25,24288,436.375,-644.109,-0.008,5.675,30.0,1270,-1,8.32,False,-1,True,True,0.75,0.0,0.016,False,False,0.154,-0.026,49.228,1270,17.53,,,,,0,False,False,0.0,False,9.21,5.63,20.0,
113.3,24289,436.567,-643.885,-0.01,5.997,30.0,1270,-1,8.62,False,-1,True,True,0.0,0.3,0.002,False,False,0.302,-0.025,49.261,1270,17.53,,,,,0,False,False,0.0,False,8.91,5.84,20.0,
113.35,24290,436.769,-643.65,-0.011,6.285,30.0,1270,-1,8.93,False,-1,True,True,0.0,0.3,0.001,False,False,0.407,-0.012,49.28,1270,17.53,,,,,0,False,False,0.0,False,8.6,6.0,20.0,
113.4,24291,436.974,-643.411,-0.011,6.276,30.0,1270,-1,9.24,False,-1,True,True,0.0,0.3,0.001,False,False,0.412,-0.004,49.294,1270,17.53,,,,,0,False,False,0.0,False,8.29,6.14,20.0,
113.45,24292,437.179,-643.173,-0.01,6.289,30.0,1270,-1,9.55,False,-1,True,True,0.0,0.3,0.001,False,False,0.349,-0.0,49.302,1270,17.53,,,,,0,False,False,0.0,False,7.97,6.14,20.0,
113.5,24293,437.379,-642.939,-0.009,6.098,30.0,1270,-1,9.86,False,-1,True,True,0.0,0.3,0.001,False,False,0.236,0.0,49.328,1270,17.53,,,,,0,False,False,0.0,False,7.66,6.14,20.0,
113.55,24294,437.575,-642.711,-0.008,5.991,30.0,1270,-1,10.16,False,-1,True,True,0.0,0.3,-0.001,False,False,0.117,0.003,49.309,1270,17.53,,,,,0,False,False,0.0,False,7.36,6.05,20.0,
113.6,24295,437.765,-642.49,-0.007,5.746,30.0,1270,-1,10.45,False,-1,True,True,0.0,0.3,0.003,False,False,0.002,-0.001,49.343,1270,17.53,,,,,0,False,False,0.0,False,7.07,6.0,20.0,
113.65,24296,437.949,-642.276,-0.006,5.609,30.0,1270,-1,10.74,False,-1,True,True,0.0,0.3,-0.002,False,False,-0.089,0.002,49.321,1270,17.53,,,,,0,False,False,0.0,False,6.79,5.87,20.0,
113.7,24297,438.126,-642.069,-0.006,5.351,30.0,1270,-1,11.01,False,-1,True,True,0.0,0.226,0.003,False,False,-0.165,-0.001,49.356,1270,17.53,,,,,0,False,False,0.0,False,6.52,5.8,20.0,
113.75,24298,438.298,-641.869,-0.005,5.249,30.0,1270,-1,11.27,False,-1,True,True,0.704,0.0,-0.002,False,False,-0.208,0.003,49.334,1270,17.53,,,,,0,False,False,0.0,False,6.25,5.68,20.0,
113.8,24299,438.465,-641.675,-0.005,5.047,30.0,1270,-1,11.53,False,-1,True,True,0.75,0.0,0.002,False,False,-0.229,0.001,49.374,1270,17.53,,,,,0,False,False,0.0,False,6.0,5.62,20.0,
113.85,24300,438.629,-641.484,-0.005,5.059,30.0,1270,-1,11.78,False,-1,True,True,0.75,0.0,-0.003,False,False,-0.211,0.004,49.371,1270,17.53,,,,,0,False,False,0.0,False,5.75,5.52,20.0,
113.9,24301,438.794,-641.292,-0.006,4.956,30.0,1270,-1,12.03,False,-1,True,True,0.75,0.0,0.0,False,False,-0.157,0.003,49.373,1270,17.53,,,,,0,False,False,0.0,False,5.49,5.53,20.0,
113.95,24302,438.956,-641.102,-0.006,4.845,30.0,1270,-1,12.28,False,-1,True,True,0.75,0.0,-0.0,False,False,-0.126,0.001,49.371,1270,17.53,,,,,0,False,False,0.0,False,5.24,5.48,20.0,
114.0,24303,439.105,-640.928,-0.005,4.462,30.0,1270,-1,12.51,False,-1,True,True,0.75,0.0,0.008,False,False,-0.209,-0.01,49.389,1270,21.42,,,,,0,False,False,0.0,False,8.91,5.42,20.0,
114.05,24304,439.245,-640.765,-0.005,4.223,30.0,1270,-1,12.73,False,-1,True,True,0.75,0.0,0.001,False,False,-0.287,-0.01,49.403,1270,21.42,,,,,0,False,False,0.0,False,8.69,5.23,20.0,
114.1,24305,439.38,-640.608,-0.005,4.101,30.0,1270,-1,12.93,False,-1,True,True,0.75,0.0,0.0,False,False,-0.31,-0.006,49.409,1270,21.42,,,,,0,False,False,0.0,False,8.49,5.11,20.0,
114.15,24306,439.512,-640.453,-0.005,4.065,30.0,1270,-1,13.14,False,-1,True,True,0.75,0.0,0.001,False,False,-0.278,-0.004,49.413,1270,21.42,,,,,0,False,False,0.0,False,8.28,5.05,20.0,
114.2,24307,439.645,-640.298,-0.005,4.084,30.0,1270,-1,13.34,False,-1,True,True,0.75,0.0,0.001,False,False,-0.209,-0.003,49.417,1270,21.42,,,,,0,False,False,0.0,False,8.08,5.03,20.0,
114.25,24308,439.779,-640.141,-0.006,4.137,30.0,1270,-1,13.55,False,-1,True,True,0.75,0.0,0.001,False,False,-0.124,-0.002,49.421,1270,21.42,,,,,0,False,False,0.0,False,7.87,5.04,20.0,
114.3,24309,439.916,-639.982,-0.007,4.211,30.0,1270,-1,13.76,False,-1,True,True,0.75,0.0,0.0,False,False,-0.039,-0.001,49.424,1270,21.42,,,,,0,False,False,0.0,False,7.66,5.07,20.0,
114.35,24310,440.055,-639.819,-0.008,4.298,30.0,1270,-1,13.97,False,-1,True,True,0.75,0.0,0.0,False,False,0.038,-0.001,49.427,1270,21.42,,,,,0,False,False,0.0,False,7.45,5.11,20.0,
114.4,24311,440.197,-639.653,-0.008,4.392,30.0,1270,-1,14.19,False,-1,True,True,0.75,0.0,0.0,False,False,0.101,-0.0,49.429,1270,21.42,,,,,0,False,False,0.0,False,7.23,5.15,20.0,
114.45,24312,440.342,-639.484,-0.009,4.492,30.0,1270,-1,14.41,False,-1,True,True,0.75,0.0,0.0,False,False,0.15,-0.0,49.431,1270,21.42,,,,,0,False,False,0.0,False,7.01,5.2,20.0,
114.5,24313,440.49,-639.311,-0.009,4.594,30.0,1270,-1,14.64,False,-1,True,True,0.75,0.0,0.0,False,False,0.187,-0.0,49.433,1270,21.42,,,,,0,False,False,0.0,False,6.78,5.25,20.0,
114.55,24314,440.641,-639.133,-0.009,4.698,30.0,1270,-1,14.87,False,-1,True,True,0.75,0.0,0.0,False,False,0.214,0.0,49.435,1270,21.42,,,,,0,False,False,0.0,False,6.55,5.3,20.0,
114.6,24315,440.796,-638.952,-0.009,4.802,30.0,1270,-1,15.11,False,-1,True,True,0.75,0.0,0.0,False,False,0.232,0.0,49.436,1270,21.42,,,,,0,False,False,0.0,False,6.31,5.35,20.0,
114.65,24316,440.955,-638.768,-0.009,4.907,30.0,1270,-1,15.36,False,-1,True,True,0.75,0.0,0.0,False,False,0.244,0.0,49.437,1270,21.42,,,,,0,False,False,0.0,False,6.07,5.4,20.0,
114.7,24317,441.116,-638.579,-0.009,5.011,30.0,1270,-1,15.6,False,-1,True,True,0.75,0.0,0.0,False,False,0.252,0.0,49.438,1270,21.42,,,,,0,False,False,0.0,False,5.82,5.45,20.0,
114.75,24318,441.281,-638.386,-0.009,5.116,30.0,1270,-1,15.86,False,-1,True,True,0.75,0.0,0.0,False,False,0.257,-0.0,49.439,1270,21.42,,,,,0,False,False,0.0,False,5.56,5.51,20.0,
114.8,24319,441.449,-638.19,-0.009,5.175,30.0,1270,-1,16.12,False,-1,True,True,0.75,0.0,0.0,False,False,0.257,0.0,49.439,1270,21.42,,,,,0,False,False,0.0,False,5.3,5.56,20.0,
114.85,24320,441.625,-637.993,-0.009,5.336,30.0,1270,-1,16.38,False,-1,True,True,0.75,0.0,-0.1,False,False,0.257,0.161,49.176,1270,25.32,,,,,0,False,False,0.0,False,9.09,5.59,20.0,
114.9,24321,441.802,-637.795,-0.009,5.282,30.0,1270,-1,16.65,False,-1,True,True,0.75,0.0,-0.012,False,False,0.234,0.175,48.889,1270,25.32,,,,,0,False,False,0.0,False,8.83,5.67,20.0,
114.95,24322,441.978,-637.596,-0.009,5.336,30.0,1270,-1,16.91,False,-1,True,True,0.75,0.0,-0.001,False,False,0.196,0.096,48.719,1270,25.32,,,,,0,False,False,0.0,False,8.56,5.64,20.0,
115.0,24323,442.153,-637.399,-0.008,5.269,30.0,1270,-1,17.18,False,-1,True,True,0.75,0.0,-0.004,False,False,0.154,0.044,48.674,1270,25.32,,,,,0,False,False,0.0,False,8.3,5.67,20.0,
115.05,24324,442.329,-637.2,-0.008,5.355,30.0,1270,-1,17.44,False,-1,True,True,0.75,0.0,-0.011,False,False,0.133,0.03,48.584,1270,25.32,,,,,0,False,False,0.0,False,8.03,5.63,20.0,
115.1,24325,442.506,-637.001,-0.008,5.292,30.0,1270,-1,17.71,False,-1,True,True,0.75,0.0,-0.005,False,False,0.113,0.019,48.555,1270,25.32,,,,,0,False,False,0.0,False,7.77,5.68,20.0,
115.15,24326,442.683,-636.802,-0.008,5.359,30.0,1270,-1,17.97,False,-1,True,True,0.75,0.0,-0.009,False,False,0.102,0.017,48.475,1270,25.32,,,,,0,False,False,0.0,False,7.5,5.65,20.0,
115.2,24327,442.861,-636.602,-0.008,5.439,30.0,1270,-1,18.24,False,-1,True,True,0.736,0.0,-0.003,False,False,0.104,0.009,48.436,1270,25.32,,,,,0,False,False,0.0,False,7.23,5.68,20.0,
115.25,24328,443.054,-636.386,-0.009,5.962,30.0,1270,-1,18.53,False,-1,True,True,0.444,0.0,-0.004,False,False,0.244,0.007,48.377,1270,25.32,,,,,0,False,False,0.0,False,6.94,5.72,20.0,
115.3,24329,443.257,-636.157,-0.01,6.182,30.0,1270,-1,18.84,False,-1,True,True,0.0,0.3,-0.001,False,False,0.372,0.003,48.342,1270,25.32,,,,,0,False,False,0.0,False,6.64,5.98,20.0,
115.35,24330,443.467,-635.921,-0.011,6.351,30.0,1270,-1,19.15,False,-1,True,True,0.0,0.3,-0.002,False,False,0.418,0.002,48.321,1270,25.32,,,,,0,False,False,0.0,False,6.32,6.09,20.0,
115.4,24331,443.676,-635.687,-0.01,6.258,30.0,1270,-1,19.47,False,-1,True,True,0.0,0.3,-0.002,False,False,0.369,0.003,48.302,1270,25.32,,,,,0,False,False,0.0,False,6.01,6.18,20.0,
115.45,24332,443.887,-635.458,-0.009,6.201,30.0,1270,-1,19.78,False,-1,True,True,0.0,0.3,-0.102,False,False,0.271,0.133,48.099,1270,29.21,,,,,0,False,False,0.0,False,9.67,6.13,20.0,
115.5,24333,444.094,-635.238,-0.008,5.98,30.0,1270,-1,20.08,False,-1,True,True,0.0,0.3,-0.067,False,False,0.144,0.24,47.661,1270,29.21,,,,,0,False,False,0.0,False,9.37,6.1,20.0,
115.55,24334,444.296,-635.024,-0.007,5.861,30.0,1270,-1,20.37,False,-1,True,True,0.0,0.3,-0.035,False,False,0.031,0.224,47.315,1270,29.21,,,,,0,False,False,0.0,False,9.07,5.99,20.0,
115.6,24335,444.492,-634.817,-0.006,5.604,30.0,1270,-1,20.66,False,-1,True,True,0.0,0.3,-0.03,False,False,-0.071,0.178,46.995,1270,29.21,,,,,0,False,False,0.0,False,8.79,5.93,20.0,
115.65,24336,444.682,-634.618,-0.006,5.477,30.0,1270,-1,20.93,False,-1,True,True,0.0,0.207,-0.022,False,False,-0.144,0.131,46.789,1270,29.21,,,,,0,False,False,0.0,False,8.51,5.8,20.0,
115.7,24337,444.866,-634.425,-0.005,5.248,30.0,1270,-1,21.2,False,-1,True,True,0.248,0.0,-0.024,False,False,-0.197,0.101,46.566,1270,29.21,,,,,0,False,False,0.0,False,8.25,5.74,20.0,
115.75,24338,445.046,-634.238,-0.005,5.178,30.0,1270,-1,21.46,False,-1,True,True,0.75,0.0,-0.015,False,False,-0.215,0.072,46.432,1270,29.21,,,,,0,False,False,0.0,False,7.99,5.62,20.0,
115.8,24339,445.222,-634.055,-0.005,5.015,30.0,1270,-1,21.71,False,-1,True,True,0.75,0.0,-0.017,False,False,-0.215,0.055,46.263,1270,29.21,,,,,0,False,False,0.0,False,7.73,5.59,20.0,
115.85,24340,445.398,-633.873,-0.006,5.088,30.0,1270,-1,21.96,False,-1,True,True,0.75,0.0,-0.009,False,False,-0.168,0.038,46.178,1270,29.21,,,,,0,False,False,0.0,False,7.48,5.51,20.0,
115.9,24341,445.574,-633.692,-0.006,5.012,30.0,1270,-1,22.22,False,-1,True,True,0.75,0.0,-0.012,False,False,-0.117,0.031,46.061,1270,29.21,,,,,0,False,False,0.0,False,7.23,5.54,20.0,
115.95,24342,445.741,-633.52,-0.006,4.629,30.0,1270,-1,22.45,False,-1,True,True,0.75,0.0,-0.006,False,False,-0.161,0.021,46.017,1270,29.21,,,,,0,False,False,0.0,False,6.99,5.51,20.0,
116.0,24343,445.895,-633.361,-0.005,4.347,30.0,1270,-1,22.68,False,-1,True,True,0.75,0.0,-0.01,False,False,-0.247,0.016,45.974,1270,29.21,,,,,0,False,False,0.0,False,6.76,5.31,20.0,
116.05,24344,446.043,-633.21,-0.005,4.191,30.0,1270,-1,22.89,False,-1,True,True,0.75,0.0,-0.008,False,False,-0.292,0.014,45.93,1270,29.21,,,,,0,False,False,0.0,False,6.55,5.17,20.0,
116.1,24345,446.188,-633.061,-0.005,4.13,30.0,1270,-1,23.04,False,-1,True,True,0.75,0.0,-0.006,False,False,-0.28,0.01,45.891,1270,29.21,,,,,0,False,False,0.0,False,6.35,5.1,20.0,
116.15,24346,446.333,-632.913,-0.005,4.133,30.0,1270,-1,23.25,False,-1,True,True,0.75,0.0,-0.006,False,False,-0.224,0.007,45.859,1270,29.21,,,,,0,False,False,0.0,False,6.14,5.07,20.0,
116.2,24347,446.478,-632.764,-0.006,4.176,30.0,1270,-1,23.46,False,-1,True,True,0.75,0.0,-0.005,False,False,-0.146,0.005,45.83,1270,29.21,,,,,0,False,False,0.0,False,5.93,5.07,20.0,
116.25,24348,446.626,-632.612,-0.007,4.243,30.0,1270,-1,23.67,False,-1,True,True,0.75,0.0,-0.004,False,False,-0.062,0.003,45.806,1270,29.21,,,,,0,False,False,0.0,False,5.72,5.09,20.0,
116.3,24349,446.777,-632.458,-0.007,4.326,30.0,1270,-1,23.88,False,-1,True,True,0.75,0.0,-0.004,False,False,0.016,0.002,45.784,1270,29.21,,,,,0,False,False,0.0,False,5.5,5.12,20.0,
116.35,24350,446.93,-632.301,-0.008,4.418,30.0,1270,-1,24.1,False,-1,True,True,0.75,0.0,-0.003,False,False,0.082,0.001,45.765,1270,29.21,,,,,0,False,False,0.0,False,5.28,5.16,20.0,
116.4,24351,447.087,-632.141,-0.008,4.515,30.0,1270,-1,24.33,False,-1,True,True,0.75,0.0,-0.003,False,False,0.135,0.0,45.748,1270,29.21,,,,,0,False,False,0.0,False,5.06,5.21,20.0,
116.45,24352,447.249,-631.98,-0.009,4.605,30.0,1270,-1,24.56,False,-1,True,True,0.75,0.0,-0.103,False,False,0.173,0.109,45.549,1270,33.1,,,,,0,False,False,0.0,False,8.81,5.26,20.0,
116.5,24353,447.419,-631.819,-0.009,4.706,30.0,1270,-1,24.79,False,-1,True,True,0.75,0.0,-0.083,False,False,0.199,0.232,45.13,1270,33.1,,,,,0,False,False,0.0,False,8.57,5.3,20.0,
116.55,24354,447.592,-631.656,-0.009,4.812,30.0,1270,-1,25.0,False,-1,True,True,0.75,0.0,-0.052,False,False,0.22,0.241,44.747,1270,33.1,,,,,0,False,False,0.0,False,8.34,5.35,20.0,
116.6,24355,447.77,-631.489,-0.009,4.918,30.0,1270,-1,25.2,False,-1,True,True,0.75,0.0,-0.052,False,False,0.236,0.217,44.408,1270,33.1,,,,,0,False,False,0.0,False,8.09,5.41,20.0,
116.65,24356,447.952,-631.318,-0.009,5.023,30.0,1270,-1,25.45,False,-1,True,True,0.75,0.0,-0.033,False,False,0.246,0.166,44.133,1270,33.1,,,,,0,False,False,0.0,False,7.84,5.46,20.0,
116.7,24357,448.137,-631.145,-0.009,5.128,30.0,1270,-1,25.7,False,-1,True,True,0.75,0.0,-0.029,False,False,0.254,0.112,43.916,1270,33.1,,,,,0,False,False,0.0,False,7.59,5.51,20.0,
116.75,24358,448.327,-630.968,-0.009,5.219,30.0,1270,-1,25.96,False,-1,True,True,0.75,0.0,-0.026,False,False,0.256,0.078,43.708,1270,33.1,,,,,0,False,False,0.0,False,7.33,5.56,20.0,
116.8,24359,448.517,-630.79,-0.009,5.206,30.0,1270,-1,26.22,False,-1,True,True,0.75,0.0,-0.02,False,False,0.23,0.05,43.579,1270,33.1,,,,,0,False,False,0.0,False,7.07,5.61,20.0,
116.85,24360,448.707,-630.613,-0.009,5.189,30.0,1270,-1,26.48,False,-1,True,True,0.75,0.0,-0.021,False,False,0.185,0.037,43.388,1270,33.1,,,,,0,False,False,0.0,False,6.81,5.6,20.0,
116.9,24361,448.897,-630.437,-0.008,5.191,30.0,1270,-1,26.74,False,-1,True,True,0.75,0.0,-0.011,False,False,0.147,0.019,43.31,1270,33.1,,,,,0,False,False,0.0,False,6.55,5.59,20.0,
116.95,24362,449.087,-630.26,-0.008,5.207,30.0,1270,-1,27.0,False,-1,True,True,0.75,0.0,-0.016,False,False,0.123,0.016,43.161,1270,33.1,,,,,0,False,False,0.0,False,6.29,5.6,20.0,
117.0,24363,449.279,-630.082,-0.008,5.231,30.0,1270,-1,27.26,False,-1,True,True,0.75,0.0,-0.006,False,False,0.113,0.006,43.119,1270,33.1,,,,,0,False,False,0.0,False,6.03,5.6,20.0,
117.05,24364,449.47,-629.905,-0.008,5.225,30.0,1270,-1,27.52,False,-1,True,True,0.75,0.0,-0.012,False,False,0.101,0.008,43.0,1270,33.1,,,,,0,False,False,0.0,False,5.77,5.62,20.0,
117.1,24365,449.662,-629.728,-0.008,5.222,30.0,1270,-1,27.78,False,-1,True,True,0.75,0.0,-0.003,False,False,0.09,0.001,42.985,1270,33.1,,,,,0,False,False,0.0,False,5.51,5.61,20.0,
117.15,24366,449.865,-629.544,-0.009,5.658,30.0,1270,-1,28.0,False,-1,True,True,0.75,0.0,-0.103,False,False,0.178,0.128,42.686,1270,37.0,,,,,0,False,False,0.0,False,9.25,5.61,20.0,
117.2,24367,450.09,-629.352,-0.01,6.031,30.0,1270,-1,28.29,False,-1,True,True,0.0,0.3,-0.104,False,False,0.328,0.323,42.104,1270,37.0,,,,,0,False,False,0.0,False,8.95,5.83,20.0,
117.25,24368,450.326,-629.152,-0.011,6.24,30.0,1270,-1,28.6,False,-1,True,True,0.0,0.3,-0.063,False,False,0.42,0.36,41.473,1270,37.0,,,,,0,False,False,0.0,False,8.64,6.02,20.0,
117.3,24369,450.566,-628.95,-0.011,6.281,30.0,1270,-1,28.91,False,-1,True,True,0.0,0.3,-0.04,False,False,0.419,0.292,41.018,1270,37.0,,,,,0,False,False,0.0,False,8.33,6.12,20.0,
117.35,24370,450.804,-628.75,-0.01,6.19,30.0,1270,-1,29.22,False,-1,True,True,0.0,0.3,-0.038,False,False,0.335,0.226,40.606,1270,37.0,,,,,0,False,False,0.0,False,8.02,6.14,20.0,
117.4,24371,451.038,-628.555,-0.009,6.062,30.0,1270,-1,29.53,False,-1,True,True,0.0,0.3,-0.028,False,False,0.218,0.167,40.34,1270,37.0,,,,,0,False,False,0.0,False,7.72,6.09,20.0,
117.45,24372,451.267,-628.365,-0.008,5.9,30.0,1270,-1,29.83,False,-1,True,True,0.0,0.3,-0.029,False,False,0.099,0.131,40.047,1270,37.0,,,,,0,False,False,0.0,False,7.42,6.03,20.0,
117.5,24373,451.49,-628.181,-0.007,5.722,30.0,1270,-1,30.12,False,-1,True,True,0.0,0.3,-0.018,False,False,-0.008,0.095,39.879,1270,37.0,,,,,0,False,False,0.0,False,7.13,5.95,20.0,
117.55,24374,451.706,-628.004,-0.006,5.528,30.0,1270,-1,30.39,False,-1,True,True,0.0,0.3,-0.021,False,False,-0.096,0.074,39.668,1270,37.0,,,,,0,False,False,0.0,False,6.85,5.86,20.0,
117.6,24375,451.915,-627.834,-0.006,5.327,30.0,1270,-1,30.66,False,-1,True,True,0.0,0.3,-0.021,False,False,-0.166,0.065,39.547,1270,37.0,,,,,0,False,False,0.0,False,6.58,5.76,20.0,
117.65,24376,452.117,-627.669,-0.005,5.155,30.0,1270,-1,30.92,False,-1,True,True,0.75,0.0,-0.013,False,False,-0.214,0.049,39.374,1270,37.0,,,,,0,False,False,0.0,False,6.32,5.66,20.0,
117.7,24377,452.313,-627.509,-0.005,5.022,30.0,1270,-1,31.12,False,-1,True,True,0.75,0.0,-0.004,False,False,-0.23,0.024,39.329,1270,37.0,,,,,0,False,False,0.0,False,6.07,5.58,20.0,
117.75,24378,452.508,-627.351,-0.005,4.991,30.0,1270,-1,31.38,False,-1,True,True,0.75,0.0,-0.011,False,False,-0.201,0.021,39.22,1270,37.0,,,,,0,False,False,0.0,False,5.82,5.51,20.0,
117.8,24379,452.703,-627.193,-0.006,5.022,30.0,1270,-1,31.63,False,-1,True,True,0.75,0.0,-0.004,False,False,-0.142,0.011,39.172,1270,37.0,,,,,0,False,False,0.0,False,5.56,5.5,20.0,
117.85,24380,452.894,-627.039,-0.006,4.738,30.0,1270,-1,31.87,False,-1,True,True,0.75,0.0,-0.006,False,False,-0.134,0.007,39.192,1270,37.0,,,,,0,False,False,0.0,False,5.32,5.51,20.0,
117.9,24381,453.071,-626.9,-0.005,4.367,30.0,1270,-1,32.1,False,-1,True,True,0.75,0.0,-0.106,False,False,-0.228,0.091,39.057,1270,40.89,,,,,0,False,False,0.0,False,8.97,5.37,20.0,
117.95,24382,453.239,-626.774,-0.005,4.142,30.0,1270,-1,32.31,False,-1,True,True,0.75,0.0,-0.092,False,False,-0.304,0.199,38.689,1270,40.89,,,,,0,False,False,0.0,False,8.76,5.18,20.0,
118.0,24383,453.402,-626.652,-0.005,4.034,30.0,1270,-1,32.51,False,-1,True,True,0.75,0.0,-0.061,False,False,-0.32,0.209,38.336,1270,40.89,,,,,0,False,False,0.0,False,8.56,5.07,20.0,
118.05,24384,453.563,-626.532,-0.005,4.007,30.0,1270,-1,32.71,False,-1,True,True,0.75,0.0,-0.051,False,False,-0.28,0.174,38.045,1270,40.89,,,,,0,False,False,0.0,False,8.36,5.02,20.0,
118.1,24385,453.725,-626.412,-0.006,4.033,30.0,1270,-1,32.91,False,-1,True,True,0.75,0.0,-0.046,False,False,-0.205,0.135,37.792,1270,40.89,,,,,0,False,False,0.0,False,8.16,5.0,20.0,
118.15,24386,453.889,-626.291,-0.006,4.091,30.0,1270,-1,33.08,False,-1,True,True,0.75,0.0,-0.04,False,False,-0.117,0.101,37.567,1270,40.89,,,,,0,False,False,0.0,False,7.96,5.02,20.0,
118.2,24387,454.056,-626.168,-0.007,4.168,30.0,1270,-1,33.28,False,-1,True,True,0.75,0.0,-0.034,False,False,-0.03,0.073,37.367,1270,40.89,,,,,0,False,False,0.0,False,7.75,5.05,20.0,
118.25,24388,454.227,-626.043,-0.008,4.257,30.0,1270,-1,33.5,False,-1,True,True,0.75,0.0,-0.029,False,False,0.046,0.05,37.191,1270,40.89,,,,,0,False,False,0.0,False,7.54,5.08,20.0,
118.3,24389,454.401,-625.915,-0.008,4.354,30.0,1270,-1,33.71,False,-1,True,True,0.75,0.0,-0.025,False,False,0.108,0.034,37.035,1270,40.89,,,,,0,False,False,0.0,False,7.32,5.13,20.0,
118.35,24390,454.579,-625.784,-0.009,4.455,30.0,1270,-1,33.93,False,-1,True,True,0.75,0.0,-0.021,False,False,0.156,0.022,36.899,1270,40.89,,,,,0,False,False,0.0,False,7.1,5.18,20.0,
118.4,24391,454.762,-625.65,-0.009,4.558,30.0,1270,-1,34.16,False,-1,True,True,0.75,0.0,-0.018,False,False,0.192,0.014,36.78,1270,40.89,,,,,0,False,False,0.0,False,6.87,5.23,20.0,
118.45,24392,454.948,-625.513,-0.009,4.662,30.0,1270,-1,34.39,False,-1,True,True,0.75,0.0,-0.015,False,False,0.218,0.008,36.677,1270,40.89,,,,,0,False,False,0.0,False,6.64,5.28,20.0,
118.5,24393,455.139,-625.374,-0.009,4.767,30.0,1270,-1,34.63,False,-1,True,True,0.75,0.0,-0.013,False,False,0.235,0.004,36.587,1270,40.89,,,,,0,False,False,0.0,False,6.4,5.33,20.0,
118.55,24394,455.334,-625.231,-0.009,4.872,30.0,1270,-1,34.87,False,-1,True,True,0.75,0.0,-0.011,False,False,0.247,0.002,36.51,1270,40.89,,,,,0,False,False,0.0,False,6.16,5.38,20.0,
118.6,24395,455.533,-625.085,-0.009,4.977,30.0,1270,-1,35.05,False,-1,True,True,0.75,0.0,-0.009,False,False,0.254,0.001,36.443,1270,40.89,,,,,0,False,False,0.0,False,5.92,5.44,20.0,
118.65,24396,455.737,-624.937,-0.009,5.081,30.0,1270,-1,35.3,False,-1,True,True,0.75,0.0,-0.008,False,False,0.259,0.0,36.386,1270,40.89,,,,,0,False,False,0.0,False,5.66,5.49,20.0,
118.7,24397,455.944,-624.785,-0.009,5.169,30.0,1270,-1,35.55,False,-1,True,True,0.75,0.0,-0.006,False,False,0.26,-0.0,36.337,1270,40.89,,,,,0,False,False,0.0,False,5.41,5.54,20.0,
118.75,24398,456.158,-624.634,-0.009,5.306,30.0,1270,-1,35.82,False,-1,True,True,0.75,0.0,-0.106,False,False,0.259,0.133,36.088,1270,44.79,,,,,0,False,False,0.0,False,9.04,5.58,20.0,
118.8,24399,456.377,-624.482,-0.009,5.334,30.0,1270,-1,36.02,False,-1,True,True,0.75,0.0,-0.034,False,False,0.252,0.179,35.744,1270,44.79,,,,,0,False,False,0.0,False,8.77,5.65,20.0,
118.85,24400,456.597,-624.328,-0.009,5.411,30.0,1270,-1,36.29,False,-1,True,True,0.75,0.0,-0.015,False,False,0.236,0.124,35.5,1270,44.79,,,,,0,False,False,0.0,False,8.5,5.67,20.0,
118.9,24401,456.817,-624.174,-0.009,5.326,30.0,1270,-1,36.56,False,-1,True,True,0.569,0.0,-0.015,False,False,0.19,0.078,35.372,1270,44.79,,,,,0,False,False,0.0,False,8.23,5.71,20.0,
118.95,24402,457.036,-624.021,-0.008,5.381,30.0,1270,-1,36.83,False,-1,True,True,0.75,0.0,-0.019,False,False,0.151,0.06,35.212,1270,44.79,,,,,0,False,False,0.0,False,7.97,5.66,20.0,
119.0,24403,457.255,-623.869,-0.008,5.312,30.0,1270,-1,37.09,False,-1,True,True,0.663,0.0,-0.012,False,False,0.117,0.043,35.13,1270,44.79,,,,,0,False,False,0.0,False,7.7,5.69,20.0,
119.05,24404,457.475,-623.716,-0.008,5.391,30.0,1270,-1,37.36,False,-1,True,True,0.75,0.0,-0.014,False,False,0.102,0.036,35.008,1270,44.79,,,,,0,False,False,0.0,False,7.43,5.66,20.0,
119.1,24405,457.696,-623.564,-0.008,5.342,30.0,1270,-1,37.63,False,-1,True,True,0.618,0.0,-0.008,False,False,0.092,0.024,34.957,1270,44.79,,,,,0,False,False,0.0,False,7.16,5.7,20.0,
119.15,24406,457.917,-623.411,-0.008,5.429,30.0,1270,-1,37.9,False,-1,True,True,0.75,0.0,-0.011,False,False,0.095,0.021,34.864,1270,44.79,,,,,0,False,False,0.0,False,6.89,5.67,20.0,
119.2,24407,458.139,-623.258,-0.008,5.354,30.0,1270,-1,38.17,False,-1,True,True,0.475,0.0,-0.005,False,False,0.086,0.012,34.837,1270,44.79,,,,,0,False,False,0.0,False,6.62,5.71,20.0,
119.25,24408,458.361,-623.104,-0.008,5.421,30.0,1270,-1,38.44,False,-1,True,True,0.742,0.0,-0.009,False,False,0.083,0.012,34.759,1270,44.79,,,,,0,False,False,0.0,False,6.35,5.68,20.0,
119.3,24409,458.593,-622.945,-0.009,5.779,30.0,1270,-1,38.72,False,-1,True,True,0.503,0.0,-0.003,False,False,0.17,0.006,34.763,1270,44.79,,,,,0,False,False,0.0,False,6.07,5.71,20.0,
119.35,24410,458.843,-622.773,-0.01,6.181,30.0,1270,-1,39.02,False,-1,True,True,0.0,0.3,-0.008,False,False,0.317,0.011,34.73,1270,44.79,,,,,0,False,False,0.0,False,5.77,5.89,20.0,
119.4,24411,459.102,-622.6,-0.01,6.234,30.0,1270,-1,39.33,False,-1,True,True,0.0,0.3,-0.086,False,False,0.379,0.139,34.487,1270,48.68,,,,,0,False,False,0.0,False,9.35,6.09,20.0,
119.45,24412,459.363,-622.426,-0.01,6.3,30.0,1270,-1,39.65,False,-1,True,True,0.0,0.3,-0.008,False,False,0.36,0.143,34.215,1270,48.68,,,,,0,False,False,0.0,False,9.04,6.12,20.0,
119.5,24413,459.62,-622.252,-0.009,6.139,30.0,1270,-1,39.96,False,-1,True,True,0.0,0.3,0.003,False,False,0.273,0.064,34.094,1270,48.68,,,,,0,False,False,0.0,False,8.73,6.15,20.0,
119.55,24414,459.871,-622.083,-0.009,6.048,30.0,1270,-1,40.26,False,-1,True,True,0.0,0.3,-0.004,False,False,0.163,0.026,34.063,1270,48.68,,,,,0,False,False,0.0,False,8.42,6.07,20.0,
119.6,24415,460.116,-621.919,-0.007,5.812,30.0,1270,-1,40.56,False,-1,True,True,0.0,0.3,-0.009,False,False,0.046,0.021,33.982,1270,48.68,,,,,0,False,False,0.0,False,8.13,6.02,20.0,
119.65,24416,460.353,-621.76,-0.007,5.682,30.0,1270,-1,40.84,False,-1,True,True,0.0,0.3,-0.003,False,False,-0.05,0.015,33.96,1270,48.68,,,,,0,False,False,0.0,False,7.84,5.91,20.0,
119.7,24417,460.582,-621.606,-0.006,5.418,30.0,1270,-1,41.12,False,-1,True,True,0.0,0.3,-0.007,False,False,-0.135,0.013,33.892,1270,48.68,,,,,0,False,False,0.0,False,7.57,5.84,20.0,
119.75,24418,460.804,-621.458,-0.005,5.31,30.0,1270,-1,41.38,False,-1,True,True,0.464,0.0,-0.001,False,False,-0.189,0.007,33.886,1270,48.68,,,,,0,False,False,0.0,False,7.3,5.71,20.0,
119.8,24419,461.019,-621.314,-0.005,5.111,30.0,1270,-1,41.64,False,-1,True,True,0.75,0.0,-0.005,False,False,-0.217,0.006,33.825,1270,48.68,,,,,0,False,False,0.0,False,7.04,5.66,20.0,
119.85,24420,461.231,-621.172,-0.005,5.077,30.0,1270,-1,41.9,False,-1,True,True,0.75,0.0,0.0,False,False,-0.211,0.0,33.826,1270,48.68,,,,,0,False,False,0.0,False,6.79,5.56,20.0,
119.9,24421,461.44,-621.032,-0.006,5.019,30.0,1270,-1,42.15,False,-1,True,True,0.75,0.0,-0.004,False,False,-0.175,0.004,33.776,1270,48.68,,,,,0,False,False,0.0,False,6.54,5.54,20.0,
119.95,24422,461.65,-620.892,-0.006,5.057,30.0,1270,-1,42.4,False,-1,True,True,0.75,0.0,0.001,False,False,-0.119,-0.0,33.77,1270,48.68,,,,,0,False,False,0.0,False,6.28,5.51,20.0,
120.0,24423,461.855,-620.754,-0.006,4.795,30.0,1270,-1,42.65,False,-1,True,True,0.75,0.0,-0.002,False,False,-0.11,0.0,33.74,1270,48.68,,,,,0,False,False,0.0,False,6.04,5.53,20.0,
120.05,24424,462.046,-620.627,-0.006,4.477,30.0,1270,-1,42.88,False,-1,True,True,0.75,0.0,0.001,False,False,-0.189,-0.0,33.716,1270,48.68,,,,,0,False,False,0.0,False,5.81,5.4,20.0,
120.1,24425,462.226,-620.506,-0.005,4.292,30.0,1270,-1,43.09,False,-1,True,True,0.75,0.0,0.001,False,False,-0.25,-0.002,33.713,1270,48.68,,,,,0,False,False,0.0,False,5.59,5.24,20.0,
120.15,24426,462.402,-620.389,-0.005,4.209,30.0,1270,-1,43.31,False,-1,True,True,0.75,0.0,-0.0,False,False,-0.259,0.0,33.714,1270,48.68,,,,,0,False,False,0.0,False,5.38,5.15,20.0,
120.2,24427,462.577,-620.272,-0.005,4.197,30.0,1270,-1,43.52,False,-1,True,True,0.75,0.0,-0.0,False,False,-0.221,0.002,33.713,1270,48.68,,,,,0,False,False,0.0,False,5.17,5.1,20.0,
120.25,24428,462.745,-620.123,0.018,4.225,30.0,1270,-1,43.74,False,-1,True,True,0.75,0.0,-0.0,False,False,1.2,-3.822,33.669,1270,48.68,,,,,0,False,False,0.0,False,4.95,5.1,20.0,
120.3,24429,462.927,-620.006,0.027,4.267,30.0,1270,-1,43.95,False,-1,True,True,0.75,0.0,-0.07,False,False,1.622,-4.221,33.537,1464,1.74,,,,,0,False,False,0.0,False,8.43,5.11,20.0,
120.35,24430,463.111,-619.89,0.032,4.344,30.0,1270,-1,44.17,False,-1,True,True,0.75,0.0,-0.008,False,False,1.839,-4.408,33.385,1464,1.74,,,,,0,False,False,0.0,False,8.21,5.13,20.0,
120.4,24431,463.296,-619.77,0.035,4.437,30.0,1270,-1,44.39,False,-1,True,True,0.75,0.0,-0.001,False,False,1.947,-4.526,33.321,1464,1.74,,,,,0,False,False,0.0,False,7.99,5.17,20.0,
120.45,24432,463.485,-619.647,0.035,4.539,30.0,1270,-1,44.62,False,-1,True,True,0.75,0.0,-0.006,False,False,1.997,-4.572,33.282,1464,1.74,,,,,0,False,False,0.0,False,7.77,5.22,20.0,
120.5,24433,463.678,-619.521,0.034,4.643,30.0,1270,-1,44.85,False,-1,True,True,0.75,0.0,-0.006,False,False,2.018,-4.579,33.244,1464,1.74,,,,,0,False,False,0.0,False,7.54,5.27,20.0,
120.55,24434,463.875,-619.392,0.033,4.749,30.0,1270,-1,45.08,False,-1,True,True,0.75,0.0,-0.005,False,False,2.024,-4.567,33.207,1464,1.74,,,,,0,False,False,0.0,False,7.3,5.32,20.0,
120.6,24435,464.076,-619.26,0.032,4.854,30.0,1270,-1,45.32,False,-1,True,True,0.75,0.0,-0.004,False,False,2.023,-4.552,33.173,1464,1.74,,,,,0,False,False,0.0,False,7.06,5.37,20.0,
120.65,24436,464.282,-619.126,0.031,4.958,30.0,1270,-1,45.57,False,-1,True,True,0.75,0.0,-0.004,False,False,2.02,-4.535,33.141,1464,1.74,,,,,0,False,False,0.0,False,6.81,5.43,20.0,
120.7,24437,464.492,-618.988,0.03,5.063,30.0,1270,-1,45.82,False,-1,True,True,0.75,0.0,-0.003,False,False,2.016,-4.521,33.113,1464,1.74,,,,,0,False,False,0.0,False,6.56,5.48,20.0,
120.75,24438,464.707,-618.848,0.03,5.17,30.0,1270,-1,46.08,False,-1,True,True,0.75,0.0,-0.003,False,False,2.013,-4.511,33.091,1464,1.74,,,,,0,False,False,0.0,False,6.31,5.53,20.0,
120.8,24439,464.91,-618.703,0.056,5.263,30.0,1270,-1,46.33,False,-1,True,True,0.75,0.0,-0.003,False,False,0.698,-6.018,33.007,1464,1.74,,,,,0,False,False,0.0,False,6.06,5.58,20.0,
120.85,24440,465.127,-618.563,0.068,5.247,30.0,1270,-1,46.59,False,-1,True,True,0.75,0.0,-0.006,False,False,0.159,-6.362,32.941,1464,1.74,,,,,0,False,False,0.0,False,5.8,5.63,20.0,
120.9,24441,465.346,-618.424,0.073,5.223,30.0,1270,-1,46.84,False,-1,True,True,0.75,0.0,0.003,False,False,-0.06,-6.472,32.838,1464,1.74,,,,,0,False,False,0.0,False,5.54,5.62,20.0,
120.95,24442,465.567,-618.285,0.074,5.229,30.0,1270,-1,47.11,False,-1,True,True,0.75,0.0,-0.04,False,False,-0.109,-6.435,32.736,1464,5.23,,,,,0,False,False,0.0,False,8.81,5.61,20.0,
121.0,24443,465.789,-618.145,0.074,5.244,30.0,1270,-1,47.37,False,-1,True,True,0.75,0.0,-0.003,False,False,-0.097,-6.432,32.571,1464,5.23,,,,,0,False,False,0.0,False,8.54,5.61,20.0,
121.05,24444,466.011,-618.004,0.073,5.261,30.0,1270,-1,47.63,False,-1,True,True,0.75,0.0,0.007,False,False,-0.053,-6.455,32.566,1464,5.23,,,,,0,False,False,0.0,False,8.28,5.62,20.0,
121.1,24445,466.233,-617.862,0.072,5.254,30.0,1270,-1,47.89,False,-1,True,True,0.75,0.0,-0.005,False,False,-0.023,-6.449,32.502,1464,5.23,,,,,0,False,False,0.0,False,8.02,5.63,20.0,
121.15,24446,466.455,-617.721,0.071,5.297,30.0,1270,-1,48.16,False,-1,True,True,0.75,0.0,0.001,False,False,0.011,-6.441,32.525,1464,5.23,,,,,0,False,False,0.0,False,7.76,5.63,20.0,
121.2,24447,466.692,-617.57,0.069,5.787,30.0,1270,-1,48.44,False,-1,True,True,0.75,0.0,-0.005,False,False,0.16,-6.421,32.503,1464,5.23,,,,,0,False,False,0.0,False,7.47,5.65,20.0,
121.25,24448,466.948,-617.407,0.067,6.152,30.0,1270,-1,48.74,False,-1,True,True,0.0,0.3,-0.001,False,False,0.334,-6.41,32.489,1464,5.23,,,,,0,False,False,0.0,False,7.17,5.89,20.0,
121.3,24449,467.212,-617.242,0.064,6.252,30.0,1270,-1,49.05,False,-1,True,True,0.0,0.3,-0.001,False,False,0.331,-6.151,32.475,1464,5.23,,,,,0,False,False,0.0,False,6.86,6.08,20.0,
121.35,24450,467.475,-617.083,0.058,6.19,30.0,1270,-1,49.36,False,-1,True,True,0.0,0.3,0.001,False,False,-0.099,-5.088,32.488,1464,5.23,,,,,0,False,False,0.0,False,6.55,6.13,20.0,
121.4,24451,467.734,-616.928,0.046,6.183,30.0,1270,-1,49.66,False,-1,True,True,0.0,0.3,0.004,False,False,-0.837,-3.436,32.466,1464,5.23,,,,,0,False,False,0.0,False,6.25,6.1,20.0,
121.45,24452,467.986,-616.766,0.035,6.03,30.0,1270,-1,49.96,False,-1,True,True,0.0,0.3,0.01,False,False,-1.457,-2.352,32.509,1464,5.23,,,,,0,False,False,0.0,False,5.95,6.09,20.0,
121.5,24453,468.235,-616.608,0.029,5.896,30.0,1270,-1,50.26,False,-1,True,True,0.0,0.3,-0.09,False,False,-1.77,-1.822,32.347,1464,8.72,,,,,0,False,False,0.0,False,9.23,6.02,20.0,
121.55,24454,468.477,-616.456,0.027,5.651,30.0,1270,-1,50.54,False,-1,True,True,0.0,0.3,-0.025,False,False,-1.935,-1.628,32.028,1464,8.72,,,,,0,False,False,0.0,False,8.94,5.95,20.0,
121.6,24455,468.712,-616.308,0.027,5.53,30.0,1464,-1,0.19,True,85,True,True,0.0,0.3,-0.004,False,False,-2.015,-1.635,31.856,1464,8.72,,,,,0,False,False,0.0,False,8.66,5.83,20.0,
121.65,24456,468.94,-616.165,0.028,5.296,30.0,1464,-1,0.46,True,85,True,True,0.062,0.0,-0.009,False,False,-2.059,-1.677,31.689,1464,8.72,,,,,0,False,False,0.0,False,8.39,5.76,20.0,
121.7,24457,469.164,-616.027,0.029,5.23,30.0,1464,-1,0.72,True,85,True,True,0.75,0.0,-0.004,False,False,-2.064,-1.721,31.591,1464,8.72,,,,,0,False,False,0.0,False,8.13,5.65,20.0,
121.75,24458,469.385,-615.892,0.025,5.073,30.0,1464,-1,0.98,True,85,True,True,0.75,0.0,-0.006,False,False,-1.78,-1.424,31.416,1464,8.72,,,,,0,False,False,0.0,False,7.87,5.61,20.0,
121.8,24459,469.607,-615.759,0.015,5.063,30.0,1464,-1,1.24,True,85,True,True,0.75,0.0,0.007,False,False,-1.2,-0.905,31.42,1464,8.72,,,,,0,False,False,0.0,False,7.61,5.54,20.0,
121.85,24460,469.826,-615.624,0.007,5.065,30.0,1464,-1,1.5,True,85,True,True,0.75,0.0,-0.005,False,False,-0.761,-0.592,31.362,1464,8.72,,,,,0,False,False,0.0,False,7.35,5.53,20.0,
121.9,24461,470.036,-615.496,0.002,4.705,30.0,1464,-1,1.74,True,85,True,True,0.75,0.0,-0.0,False,False,-0.554,-0.4,31.353,1464,8.72,,,,,0,False,False,0.0,False,7.11,5.53,20.0,
121.95,24462,470.228,-615.378,-0.001,4.378,30.0,1464,-1,1.97,True,85,True,True,0.75,0.0,-0.004,False,False,-0.502,-0.259,31.326,1464,8.72,,,,,0,False,False,0.0,False,6.88,5.35,20.0,
122.0,24463,470.41,-615.267,-0.002,4.188,30.0,1464,-1,2.18,True,85,True,True,0.75,0.0,-0.002,False,False,-0.465,-0.16,31.31,1464,8.72,,,,,0,False,False,0.0,False,6.67,5.19,20.0,
122.05,24464,470.587,-615.16,-0.003,4.104,30.0,1464,-1,2.39,True,85,True,True,0.75,0.0,-0.002,False,False,-0.402,-0.095,31.299,1464,8.72,,,,,0,False,False,0.0,False,6.46,5.09,20.0,
122.1,24465,470.762,-615.053,-0.005,4.093,30.0,1464,-1,2.59,True,85,True,True,0.75,0.0,-0.002,False,False,-0.313,-0.052,31.289,1464,8.72,,,,,0,False,False,0.0,False,6.26,5.05,20.0,
122.15,24466,470.939,-614.946,-0.006,4.128,30.0,1464,-1,2.8,True,85,True,True,0.75,0.0,-0.002,False,False,-0.209,-0.027,31.281,1464,8.72,,,,,0,False,False,0.0,False,6.05,5.05,20.0,
122.2,24467,471.117,-614.837,-0.007,4.191,30.0,1464,-1,3.01,True,85,True,True,0.75,0.0,-0.001,False,False,-0.107,-0.012,31.273,1464,8.72,,,,,0,False,False,0.0,False,5.84,5.06,20.0,
122.25,24468,471.299,-614.727,-0.007,4.272,30.0,1464,-1,3.22,True,85,True,True,0.75,0.0,-0.001,False,False,-0.015,-0.004,31.266,1464,8.72,,,,,0,False,False,0.0,False,5.63,5.1,20.0,
122.3,24469,471.485,-614.614,-0.008,4.363,30.0,1464,-1,3.44,True,85,True,True,0.75,0.0,-0.001,False,False,0.061,0.0,31.26,1464,8.72,,,,,0,False,False,0.0,False,5.41,5.14,20.0,
122.35,24470,471.674,-614.499,-0.009,4.46,30.0,1464,-1,3.66,True,85,True,True,0.75,0.0,-0.001,False,False,0.121,0.002,31.255,1464,8.72,,,,,0,False,False,0.0,False,5.19,5.18,20.0,
122.4,24471,471.87,-614.385,-0.009,4.55,30.0,1464,-1,3.89,True,85,True,True,0.75,0.0,-0.101,False,False,0.164,0.11,31.068,1464,12.2,,,,,0,False,False,0.0,False,8.49,5.23,20.0,
122.45,24472,472.07,-614.271,-0.009,4.655,30.0,1464,-1,4.12,True,85,True,True,0.75,0.0,-0.043,False,False,0.195,0.174,30.768,1464,12.2,,,,,0,False,False,0.769,False,8.26,5.27,20.0,
122.5,24473,472.275,-614.154,-0.009,4.76,30.0,1464,-1,4.35,True,85,True,True,0.75,0.0,-0.024,False,False,0.219,0.148,30.554,1464,12.2,,,,,0,False,False,0.906,False,8.02,5.33,20.0,
122.55,24474,472.485,-614.034,-0.009,4.866,30.0,1464,-1,4.59,True,85,True,True,0.75,0.0,-0.024,False,False,0.236,0.112,30.386,1464,12.2,,,,,0,False,False,1.055,False,7.78,5.38,20.0,
122.6,24475,472.699,-613.912,-0.009,4.971,30.0,1464,-1,4.84,True,85,True,True,0.75,0.0,-0.022,False,False,0.247,0.086,30.237,1464,12.2,,,,,0,False,False,1.209,False,7.53,5.43,20.0,
122.65,24476,472.918,-613.788,-0.009,5.075,30.0,1464,-1,5.09,True,85,True,True,0.75,0.0,-0.018,False,False,0.255,0.062,30.106,1464,12.2,,,,,0,False,False,1.371,False,7.28,5.49,20.0,
122.7,24477,473.141,-613.661,-0.009,5.162,30.0,1464,-1,5.35,True,85,True,True,0.75,0.0,-0.015,False,False,0.258,0.043,29.994,1464,12.2,,,,,0,False,False,1.544,False,7.02,5.54,20.0,
122.75,24478,473.369,-613.532,-0.009,5.308,30.0,1464,-1,5.61,True,85,True,True,0.75,0.0,-0.013,False,False,0.26,0.03,29.89,1464,12.2,,,,,0,False,False,1.721,False,6.76,5.58,20.0,
122.8,24479,473.598,-613.402,-0.009,5.228,30.0,1464,-1,5.87,True,85,True,True,0.75,0.0,-0.01,False,False,0.231,0.018,29.827,1464,12.2,,,,,0,False,False,1.907,False,6.5,5.65,20.0,
122.85,24480,473.826,-613.273,-0.009,5.284,30.0,1464,-1,6.08,True,85,True,True,0.75,0.0,-0.011,False,False,0.191,0.015,29.73,1464,12.2,,,,,0,False,False,0.0,False,6.24,5.61,20.0,
122.9,24481,474.054,-613.144,-0.008,5.217,30.0,1464,-1,6.34,True,85,True,True,0.75,0.0,-0.005,False,False,0.148,0.007,29.704,1464,12.2,,,,,0,False,False,0.0,False,5.97,5.64,20.0,
122.95,24482,474.283,-613.014,-0.008,5.306,30.0,1464,-1,6.6,True,85,True,True,0.75,0.0,-0.009,False,False,0.129,0.008,29.629,1464,12.2,,,,,0,False,False,0.0,False,5.71,5.61,20.0,
123.0,24483,474.513,-612.885,-0.008,5.25,30.0,1464,-1,6.87,True,85,True,True,0.75,0.0,-0.003,False,False,0.113,0.003,29.62,1464,12.2,,,,,0,False,False,1.397,False,5.45,5.65,20.0,
123.05,24484,474.745,-612.758,-0.008,5.309,30.0,1464,-1,7.13,True,85,True,True,0.75,0.0,-0.103,False,False,0.101,0.105,29.405,1464,15.69,,,,,0,False,False,1.233,False,8.66,5.62,20.0,
123.1,24485,474.976,-612.633,-0.008,5.276,30.0,1464,-1,7.39,True,85,True,True,0.75,0.0,-0.024,False,False,0.087,0.143,29.148,1464,15.69,,,,,0,False,False,1.078,False,8.39,5.65,20.0,
123.15,24486,475.224,-612.498,-0.009,5.842,30.0,1460,-1,9.18,True,85,True,False,0.75,0.0,-0.012,False,False,0.211,0.102,28.993,1464,15.69,,,,,0,False,False,0.912,False,8.11,5.64,20.0,
123.2,24487,475.491,-612.354,-0.01,6.132,30.0,1462,-1,10.5,True,85,True,False,0.0,0.3,-0.014,False,False,0.36,0.073,28.863,1464,15.69,,,,,0,False,False,0.905,False,7.81,5.92,20.0,
123.25,24488,475.768,-612.203,-0.011,6.391,30.0,1462,-1,10.3,True,85,True,False,0.0,0.3,-0.012,False,False,0.445,0.054,28.745,1464,15.69,,,,,0,False,False,1.094,False,7.49,6.07,20.0,
123.3,24489,476.043,-612.024,0.003,6.379,30.0,1464,-1,8.62,True,85,True,True,0.0,0.3,-0.009,False,False,1.311,-2.906,28.623,1464,15.69,,,,,0,False,False,1.279,False,7.17,6.2,20.0,
123.35,24490,476.325,-611.867,0.019,6.345,30.0,1464,-1,8.94,True,85,True,True,0.0,0.3,-0.027,False,False,1.904,-4.072,28.452,1464,15.69,,,,,0,False,False,1.486,False,6.84,6.19,20.0,
123.4,24491,476.602,-611.721,0.029,6.168,30.0,1464,-1,9.19,True,85,True,True,0.0,0.3,-0.008,False,False,2.05,-4.405,28.296,1464,15.69,,,,,0,False,False,1.699,False,6.53,6.17,20.0,
123.45,24492,476.872,-611.579,0.034,6.055,30.0,1464,-1,9.49,True,85,True,True,0.0,0.3,0.001,False,False,2.018,-4.542,28.255,1464,15.69,,,,,0,False,False,0.0,False,6.23,6.08,20.0,
123.5,24493,477.133,-611.441,0.036,5.82,30.0,1464,-1,9.79,True,85,True,True,0.0,0.3,-0.005,False,False,1.909,-4.588,28.206,1464,15.69,,,,,0,False,False,0.0,False,5.93,6.03,20.0,
123.55,24494,477.385,-611.308,0.037,5.672,30.0,1464,-1,10.07,True,85,True,True,0.0,0.3,-0.003,False,False,1.803,-4.602,28.233,1464,15.69,,,,,0,False,False,0.0,False,5.64,5.91,20.0,
123.6,24495,477.653,-611.2,0.06,5.455,30.0,1464,-1,10.36,True,85,True,True,0.0,0.3,-0.05,False,False,3.092,-0.785,28.154,1269,1.91,,,,,0,False,False,1.538,False,9.0,5.84,20.0,
123.65,24496,477.891,-611.073,0.071,5.276,30.0,1464,-1,10.63,True,85,True,True,0.321,0.0,0.007,False,False,3.45,-0.116,28.068,1269,1.91,,,,,0,False,False,1.357,False,8.73,5.73,20.0,
123.7,24497,478.12,-610.947,0.077,5.151,30.0,1464,-1,10.89,True,85,True,True,0.75,0.0,-0.004,False,False,3.565,0.091,28.018,1269,1.91,,,,,0,False,False,1.193,False,8.47,5.64,20.0,
123.75,24498,478.327,-610.817,0.105,5.225,30.0,1464,-1,11.13,True,85,True,True,0.75,0.0,-0.007,False,False,2.189,-1.589,27.988,1269,1.91,,,,,0,False,False,1.027,False,8.23,5.58,20.0,
123.8,24499,478.55,-610.697,0.113,5.052,30.0,1464,-1,11.39,True,85,True,True,0.75,0.0,-0.019,False,False,1.879,-1.648,27.914,1269,1.91,,,,,0,False,False,0.877,False,7.97,5.61,20.0,
123.85,24500,478.769,-610.581,0.116,4.796,30.0,1464,-1,11.63,True,85,True,True,0.75,0.0,-0.006,False,False,1.712,-1.696,27.846,1269,1.91,,,,,0,False,False,0.747,False,7.73,5.53,20.0,
123.9,24501,478.973,-610.47,0.114,4.689,30.0,1464,-1,11.87,True,85,True,True,0.75,0.0,-0.004,False,False,1.436,-2.249,27.849,1269,1.91,,,,,0,False,False,0.623,False,7.49,5.4,20.0,
123.95,24502,479.172,-610.357,0.103,4.706,30.0,1464,-1,12.1,True,85,True,True,0.75,0.0,-0.011,False,False,0.881,-3.741,27.894,1269,1.91,,,,,0,False,False,0.0,False,7.27,5.34,20.0,
124.0,24503,479.368,-610.253,0.09,4.461,30.0,1464,-1,12.32,True,85,True,True,0.75,0.0,-0.021,False,False,0.327,-4.954,27.842,1269,1.91,,,,,0,False,False,0.0,False,7.04,5.35,20.0,
124.05,24504,479.576,-610.173,0.089,4.32,30.0,1464,-1,12.54,True,85,True,True,0.75,0.0,-0.008,False,False,0.711,-3.223,27.744,1269,1.91,,,,,0,False,False,0.0,False,6.82,5.23,20.0,
124.1,24505,479.77,-610.085,0.126,4.307,30.0,1464,-1,12.75,True,85,True,True,0.75,0.0,0.02,False,False,0.54,-1.76,27.675,1269,1.91,,,,,0,False,False,0.0,False,6.61,5.16,20.0,
124.15,24506,479.958,-609.988,0.149,4.269,30.0,1464,-1,12.96,True,85,True,True,0.75,0.0,0.018,False,False,0.438,-1.246,27.676,1269,1.91,,,,,0,False,False,0.0,False,6.4,5.15,20.0,
124.2,24507,480.146,-609.888,0.16,4.299,30.0,1464,-1,13.18,True,85,True,True,0.75,0.0,0.006,False,False,0.346,-0.878,27.709,1269,1.91,,,,,0,False,False,0.0,False,6.19,5.13,20.0,
124.25,24508,480.337,-609.786,0.163,4.361,30.0,1464,-1,13.39,True,85,True,True,0.75,0.0,0.002,False,False,0.282,-0.597,27.733,1269,1.91,,,,,0,False,False,0.0,False,5.97,5.15,20.0,
124.3,24509,480.531,-609.683,0.161,4.44,30.0,1464,-1,13.61,True,85,True,True,0.75,0.0,0.001,False,False,0.244,-0.39,27.746,1269,1.91,,,,,0,False,False,0.0,False,5.75,5.18,20.0,
124.35,24510,480.729,-609.578,0.158,4.528,30.0,1464,-1,13.84,True,85,True,True,0.75,0.0,0.001,False,False,0.227,-0.247,27.756,1269,1.91,,,,,0,False,False,0.0,False,5.53,5.22,20.0,
124.4,24511,480.931,-609.47,0.155,4.622,30.0,1464,-1,14.07,True,85,True,True,0.75,0.0,0.001,False,False,0.222,-0.15,27.765,1269,1.91,,,,,0,False,False,0.0,False,5.3,5.26,20.0,
124.45,24512,481.139,-609.362,0.15,4.715,30.0,1464,-1,14.3,True,85,True,True,0.75,0.0,-0.031,False,False,0.309,-0.142,27.673,1269,5.73,,,,,0,False,False,0.0,False,8.88,5.31,20.0,
124.5,24513,481.353,-609.248,0.14,4.806,30.0,1464,-1,14.54,True,85,True,True,0.75,0.0,0.001,False,False,0.676,-0.52,27.589,1269,5.73,,,,,0,False,False,0.0,False,8.64,5.36,20.0,
124.55,24514,481.571,-609.131,0.126,4.895,30.0,1464,-1,14.79,True,85,True,True,0.75,0.0,0.002,False,False,1.228,-1.101,27.545,1269,5.73,,,,,0,False,False,0.0,False,8.39,5.4,20.0,
124.6,24515,481.794,-609.019,0.117,4.99,30.0,1464,-1,15.04,True,85,True,True,0.75,0.0,-0.001,False,False,1.532,-1.145,27.523,1269,5.73,,,,,0,False,False,0.0,False,8.14,5.45,20.0,
124.65,24516,482.008,-608.907,0.143,5.16,30.0,1464,-1,15.28,True,85,True,True,0.75,0.0,0.002,False,False,0.103,-1.009,27.554,1269,5.73,,,,,0,False,False,0.0,False,7.9,5.49,20.0,
124.7,24517,482.235,-608.789,0.157,5.251,30.0,1464,-1,15.54,True,85,True,True,0.75,0.0,-0.004,False,False,-0.479,-0.851,27.514,1269,5.73,,,,,0,False,False,0.0,False,7.64,5.58,20.0,
124.75,24518,482.467,-608.669,0.16,5.221,30.0,1464,-1,15.8,True,85,True,True,0.75,0.0,0.002,False,False,-0.581,-0.654,27.536,1269,5.73,,,,,0,False,False,0.0,False,7.38,5.63,20.0,
124.8,24519,482.699,-608.548,0.159,5.203,30.0,1464,-1,16.06,True,85,True,True,0.75,0.0,-0.002,False,False,-0.511,-0.478,27.487,1269,5.73,,,,,0,False,False,0.0,False,7.12,5.61,20.0,
124.85,24520,482.93,-608.428,0.157,5.199,30.0,1464,-1,16.32,True,85,True,True,0.75,0.0,0.004,False,False,-0.387,-0.345,27.53,1269,5.73,,,,,0,False,False,0.0,False,6.86,5.6,20.0,
124.9,24521,483.162,-608.307,0.154,5.213,30.0,1464,-1,16.58,True,85,True,True,0.75,0.0,-0.004,False,False,-0.261,-0.236,27.484,1269,5.73,,,,,0,False,False,0.0,False,6.6,5.6,20.0,
124.95,24522,483.394,-608.185,0.151,5.24,30.0,1464,-1,16.84,True,85,True,True,0.75,0.0,0.003,False,False,-0.152,-0.163,27.527,1269,5.73,,,,,0,False,False,0.0,False,6.34,5.61,20.0,
125.0,24523,483.627,-608.064,0.149,5.236,30.0,1464,-1,17.11,True,85,True,True,0.75,0.0,-0.004,False,False,-0.074,-0.103,27.481,1269,5.73,,,,,0,False,False,0.0,False,6.07,5.62,20.0,
125.05,24524,483.86,-607.943,0.147,5.232,30.0,1464,-1,17.37,True,85,True,True,0.75,0.0,0.003,False,False,-0.023,-0.07,27.524,1269,5.73,,,,,0,False,False,0.0,False,5.81,5.62,20.0,
125.1,24525,484.1,-607.818,0.146,5.587,30.0,1269,-1,0.19,False,-1,True,True,0.75,0.0,-0.004,False,False,0.079,-0.038,27.513,1269,5.73,,,,,0,False,False,0.0,False,5.54,5.62,20.0,
125.15,24526,484.361,-607.684,0.144,5.996,30.0,1269,-1,0.48,False,-1,True,True,0.0,0.084,-0.017,False,False,0.263,0.012,27.48,1269,9.54,,,,,0,False,False,0.0,False,9.06,5.79,20.0,
125.2,24527,484.635,-607.542,0.142,6.232,30.0,1269,-1,0.79,False,-1,True,True,0.0,0.3,-0.003,False,False,0.391,0.02,27.408,1269,9.54,,,,,0,False,False,0.0,False,8.75,6.0,20.0,
125.25,24528,484.914,-607.398,0.142,6.283,30.0,1269,-1,1.1,False,-1,True,True,0.0,0.3,0.002,False,False,0.412,0.003,27.413,1269,9.54,,,,,0,False,False,0.0,False,8.44,6.12,20.0,
125.3,24529,485.191,-607.254,0.142,6.199,30.0,1269,-1,1.42,False,-1,True,True,0.0,0.3,-0.003,False,False,0.34,0.002,27.364,1269,9.54,,,,,0,False,False,0.0,False,8.13,6.14,20.0,
125.35,24530,485.462,-607.114,0.143,6.07,30.0,1269,-1,1.72,False,-1,True,True,0.0,0.3,0.002,False,False,0.227,-0.003,27.394,1269,9.54,,,,,0,False,False,0.0,False,7.82,6.1,20.0,
125.4,24531,485.726,-606.977,0.144,5.912,30.0,1269,-1,2.02,False,-1,True,True,0.0,0.3,-0.004,False,False,0.108,0.002,27.344,1269,9.54,,,,,0,False,False,0.0,False,7.53,6.04,20.0,
125.45,24532,485.983,-606.846,0.145,5.705,30.0,1269,-1,2.31,False,-1,True,True,0.0,0.3,0.002,False,False,-0.052,0.147,27.358,1269,9.54,,,,,0,False,False,0.0,False,7.24,5.96,20.0,
125.5,24533,486.234,-606.724,0.139,5.649,30.0,1269,-1,2.59,False,-1,True,True,0.0,0.3,-0.001,False,False,-0.479,1.168,27.266,1269,9.54,,,,,0,False,False,0.0,False,6.96,5.85,20.0,
125.55,24534,486.481,-606.605,0.128,5.581,30.0,1269,-1,2.86,False,-1,True,True,0.0,0.3,0.014,False,False,-1.147,2.825,27.191,1269,9.54,,,,,0,False,False,0.0,False,6.68,5.82,20.0,
125.6,24535,486.715,-606.482,0.117,5.334,30.0,1269,-1,3.12,False,-1,True,True,0.0,0.124,0.019,False,False,-1.711,3.855,27.196,1269,9.54,,,,,0,False,False,0.0,False,6.42,5.79,20.0,
125.65,24536,486.941,-606.359,0.11,5.098,30.0,1269,-1,3.38,False,-1,True,True,0.75,0.0,0.007,False,False,-1.993,4.276,27.281,1269,9.54,,,,,0,False,False,0.0,False,6.16,5.67,20.0,
125.7,24537,487.162,-606.24,0.106,5.052,30.0,1269,-1,3.63,False,-1,True,True,0.75,0.0,-0.005,False,False,-2.083,4.494,27.213,1269,9.54,,,,,0,False,False,0.0,False,5.91,5.55,20.0,
125.75,24538,487.385,-606.122,0.105,5.027,30.0,1269,-1,3.88,False,-1,True,True,0.75,0.0,0.007,False,False,-2.055,4.586,27.248,1269,9.54,,,,,0,False,False,0.0,False,5.66,5.53,20.0,
125.8,24539,487.605,-606.005,0.104,4.836,30.0,1269,-1,4.13,False,-1,True,True,0.75,0.0,-0.002,False,False,-2.016,4.618,27.223,1269,9.54,,,,,0,False,False,0.0,False,5.41,5.51,20.0,
125.85,24540,487.806,-605.901,0.106,4.395,30.0,1269,-1,4.36,False,-1,True,True,0.75,0.0,-0.007,False,False,-2.116,4.636,27.274,1269,13.36,,,,,0,False,False,0.0,False,9.0,5.42,20.0,
125.9,24541,487.992,-605.804,0.108,4.105,30.0,1269,-1,4.57,False,-1,True,True,0.75,0.0,-0.006,False,False,-2.212,4.631,27.26,1269,13.36,,,,,0,False,False,0.0,False,8.79,5.2,20.0,
125.95,24542,488.172,-605.713,0.105,3.939,30.0,1269,-1,4.77,False,-1,True,True,0.75,0.0,-0.001,False,False,-2.068,4.811,27.246,1269,13.36,,,,,0,False,False,0.0,False,8.59,5.05,20.0,
126.0,24543,488.349,-605.624,0.096,3.86,30.0,1269,-1,4.97,False,-1,True,True,0.75,0.0,0.0,False,False,-1.53,5.316,27.26,1269,13.36,,,,,0,False,False,0.0,False,8.39,4.97,20.0,
126.05,24544,488.524,-605.533,0.087,3.854,30.0,1269,-1,5.17,False,-1,True,True,0.75,0.0,-0.001,False,False,-1.019,5.694,27.256,1269,13.36,,,,,0,False,False,0.0,False,8.19,4.93,20.0,
126.1,24545,488.699,-605.442,0.08,3.9,30.0,1269,-1,5.36,False,-1,True,True,0.75,0.0,-0.001,False,False,-0.634,5.944,27.249,1269,13.36,,,,,0,False,False,0.0,False,8.0,4.93,20.0,
126.15,24546,488.876,-605.35,0.075,3.975,30.0,1269,-1,5.56,False,-1,True,True,0.75,0.0,-0.001,False,False,-0.348,6.114,27.244,1269,13.36,,,,,0,False,False,0.0,False,7.8,4.95,20.0,
126.2,24547,489.057,-605.256,0.071,4.066,30.0,1269,-1,5.77,False,-1,True,True,0.75,0.0,-0.002,False,False,-0.142,6.228,27.24,1269,13.36,,,,,0,False,False,0.0,False,7.59,4.99,20.0,
126.25,24548,489.241,-605.161,0.069,4.166,30.0,1269,-1,5.97,False,-1,True,True,0.75,0.0,-0.001,False,False,0.002,6.301,27.237,1269,13.36,,,,,0,False,False,0.0,False,7.39,5.03,20.0,
126.3,24549,489.43,-605.064,0.068,4.271,30.0,1269,-1,6.19,False,-1,True,True,0.75,0.0,-0.001,False,False,0.101,6.346,27.234,1269,13.36,,,,,0,False,False,0.0,False,7.17,5.08,20.0,
126.35,24550,489.623,-604.965,0.067,4.378,30.0,1269,-1,6.4,False,-1,True,True,0.75,0.0,-0.001,False,False,0.167,6.372,27.231,1269,13.36,,,,,0,False,False,0.0,False,6.96,5.14,20.0,
126.4,24551,489.821,-604.863,0.067,4.486,30.0,1269,-1,6.63,False,-1,True,True,0.75,0.0,-0.001,False,False,0.209,6.386,27.228,1269,13.36,,,,,0,False,False,0.0,False,6.73,5.19,20.0,
126.45,24552,490.023,-604.759,0.066,4.594,30.0,1269,-1,6.85,False,-1,True,True,0.75,0.0,-0.001,False,False,0.235,6.393,27.226,1269,13.36,,,,,0,False,False,0.0,False,6.51,5.24,20.0,
126.5,24553,490.231,-604.652,0.066,4.701,30.0,1269,-1,7.09,False,-1,True,True,0.75,0.0,-0.001,False,False,0.251,6.395,27.224,1269,13.36,,,,,0,False,False,0.0,False,6.27,5.3,20.0,
126.55,24554,490.443,-604.544,0.066,4.808,30.0,1269,-1,7.33,False,-1,True,True,0.75,0.0,-0.001,False,False,0.259,6.395,27.222,1269,13.36,,,,,0,False,False,0.0,False,6.03,5.35,20.0,
126.6,24555,490.66,-604.432,0.066,4.913,30.0,1269,-1,7.57,False,-1,True,True,0.75,0.0,-0.001,False,False,0.263,6.394,27.221,1269,13.36,,,,,0,False,False,0.0,False,5.79,5.4,20.0,
126.65,24556,490.881,-604.319,0.067,5.018,30.0,1269,-1,7.82,False,-1,True,True,0.75,0.0,-0.001,False,False,0.265,6.393,27.221,1269,13.36,,,,,0,False,False,0.0,False,5.54,5.46,20.0,
126.7,24557,491.107,-604.203,0.067,5.123,30.0,1269,-1,8.07,False,-1,True,True,0.75,0.0,-0.001,False,False,0.265,6.392,27.221,1269,13.36,,,,,0,False,False,0.0,False,5.29,5.51,20.0,
126.75,24558,491.338,-604.085,0.067,5.186,30.0,1269,-1,8.33,False,-1,True,True,0.75,0.0,-0.006,False,False,0.262,6.4,27.203,1269,17.18,,,,,0,False,False,0.0,False,8.85,5.56,20.0,
126.8,24559,491.572,-603.965,0.067,5.311,30.0,1269,-1,8.59,False,-1,True,True,0.75,0.0,-0.0,False,False,0.254,6.396,27.207,1269,17.18,,,,,0,False,False,0.0,False,8.58,5.59,20.0,
126.85,24560,491.806,-603.845,0.067,5.217,30.0,1269,-1,8.86,False,-1,True,True,0.75,0.0,-0.002,False,False,0.212,6.394,27.169,1269,17.18,,,,,0,False,False,0.0,False,8.32,5.66,20.0,
126.9,24561,492.039,-603.726,0.068,5.28,30.0,1269,-1,9.12,False,-1,True,True,0.75,0.0,0.002,False,False,0.17,6.386,27.195,1269,17.18,,,,,0,False,False,0.0,False,8.06,5.61,20.0,
126.95,24562,492.272,-603.606,0.068,5.222,30.0,1269,-1,9.38,False,-1,True,True,0.75,0.0,-0.003,False,False,0.137,6.388,27.163,1269,17.18,,,,,0,False,False,0.0,False,7.8,5.64,20.0,
127.0,24563,492.507,-603.486,0.068,5.316,30.0,1269,-1,9.64,False,-1,True,True,0.75,0.0,0.002,False,False,0.121,6.384,27.189,1269,17.18,,,,,0,False,False,0.0,False,7.53,5.61,20.0,
127.05,24564,492.741,-603.365,0.068,5.249,30.0,1269,-1,9.91,False,-1,True,True,0.75,0.0,-0.003,False,False,0.109,6.388,27.157,1269,17.18,,,,,0,False,False,0.0,False,7.27,5.66,20.0,
127.1,24565,492.977,-603.245,0.068,5.315,30.0,1269,-1,10.17,False,-1,True,True,0.75,0.0,0.002,False,False,0.097,6.384,27.183,1269,17.18,,,,,0,False,False,0.0,False,7.01,5.62,20.0,
127.15,24566,493.215,-603.122,0.068,5.499,30.0,1269,-1,10.44,False,-1,True,True,0.75,0.0,-0.003,False,False,0.127,6.388,27.148,1269,17.18,,,,,0,False,False,0.0,False,6.74,5.66,20.0,
127.2,24567,493.475,-602.989,0.067,6.008,30.0,1269,-1,10.73,False,-1,True,True,0.229,0.0,0.003,False,False,0.282,6.384,27.148,1269,17.18,,,,,0,False,False,0.0,False,6.44,5.75,20.0,
127.25,24568,493.75,-602.848,0.066,6.2,30.0,1269,-1,11.04,False,-1,True,True,0.0,0.3,0.0,False,False,0.4,6.385,27.165,1269,17.18,,,,,0,False,False,0.0,False,6.14,6.0,20.0,
127.3,24569,494.03,-602.705,0.065,6.341,30.0,1269,-1,11.36,False,-1,True,True,0.0,0.3,-0.001,False,False,0.427,6.39,27.172,1269,17.18,,,,,0,False,False,0.0,False,5.82,6.1,20.0,
127.35,24570,494.309,-602.562,0.066,6.229,30.0,1269,-1,11.67,False,-1,True,True,0.0,0.3,-0.004,False,False,0.361,6.398,27.166,1269,21.0,,,,,0,False,False,0.0,False,9.33,6.17,20.0,
127.4,24571,494.584,-602.422,0.067,6.16,30.0,1269,-1,11.98,False,-1,True,True,0.0,0.3,-0.001,False,False,0.256,6.397,27.129,1269,21.0,,,,,0,False,False,0.0,False,9.02,6.11,20.0,
127.45,24572,494.851,-602.285,0.068,5.936,30.0,1269,-1,12.28,False,-1,True,True,0.0,0.3,0.003,False,False,0.126,6.388,27.147,1269,21.0,,,,,0,False,False,0.0,False,8.72,6.08,20.0,
127.5,24573,495.111,-602.151,0.069,5.815,30.0,1269,-1,12.57,False,-1,True,True,0.0,0.3,-0.002,False,False,0.017,6.388,27.116,1269,21.0,,,,,0,False,False,0.0,False,8.42,5.97,20.0,
127.55,24574,495.362,-602.023,0.07,5.556,30.0,1269,-1,12.85,False,-1,True,True,0.0,0.3,0.003,False,False,-0.086,6.384,27.138,1269,21.0,,,,,0,False,False,0.0,False,8.14,5.91,20.0,
127.6,24575,495.606,-601.898,0.071,5.445,30.0,1269,-1,13.13,False,-1,True,True,0.0,0.032,-0.002,False,False,-0.151,6.387,27.108,1269,21.0,,,,,0,False,False,0.0,False,7.87,5.78,20.0,
127.65,24576,495.842,-601.777,0.071,5.226,30.0,1269,-1,13.39,False,-1,True,True,0.367,0.0,0.003,False,False,-0.199,6.385,27.141,1269,21.0,,,,,0,False,False,0.0,False,7.6,5.72,20.0,
127.7,24577,496.072,-601.659,0.071,5.158,30.0,1269,-1,13.65,False,-1,True,True,0.75,0.0,-0.002,False,False,-0.21,6.391,27.119,1269,21.0,,,,,0,False,False,0.0,False,7.34,5.61,20.0,
127.75,24578,496.298,-601.543,0.071,5.022,30.0,1269,-1,13.9,False,-1,True,True,0.75,0.0,0.002,False,False,-0.209,6.39,27.151,1269,21.0,,,,,0,False,False,0.0,False,7.09,5.58,20.0,
127.8,24579,496.523,-601.427,0.071,5.091,30.0,1269,-1,14.16,False,-1,True,True,0.75,0.0,-0.003,False,False,-0.155,6.393,27.12,1269,21.0,,,,,0,False,False,0.0,False,6.84,5.51,20.0,
127.85,24580,496.747,-601.313,0.07,4.919,30.0,1269,-1,14.41,False,-1,True,True,0.75,0.0,0.003,False,False,-0.114,6.389,27.124,1269,21.0,,,,,0,False,False,0.0,False,6.59,5.55,20.0,
127.9,24581,496.956,-601.206,0.071,4.561,30.0,1269,-1,14.64,False,-1,True,True,0.75,0.0,-0.0,False,False,-0.182,6.387,27.143,1269,21.0,,,,,0,False,False,2.56,False,6.35,5.46,20.0,
127.95,24582,497.151,-601.106,0.071,4.303,30.0,1269,-1,14.86,False,-1,True,True,0.75,0.0,-0.002,False,False,-0.265,6.39,27.135,1269,21.0,,,,,0,False,False,2.551,False,6.13,5.28,20.0,
128.0,24583,497.338,-601.01,0.072,4.166,30.0,1269,-1,15.07,False,-1,True,True,0.75,0.0,-0.002,False,False,-0.299,6.392,27.121,1269,21.0,,,,,0,False,False,2.543,False,5.92,5.15,20.0,
128.05,24584,497.522,-600.915,0.071,4.118,30.0,1269,-1,15.28,False,-1,True,True,0.75,0.0,0.001,False,False,-0.276,6.388,27.117,1269,21.0,,,,,0,False,False,2.534,False,5.71,5.08,20.0,
128.1,24585,497.706,-600.821,0.071,4.129,30.0,1269,-1,15.49,False,-1,True,True,0.75,0.0,0.001,False,False,-0.214,6.386,27.12,1269,21.0,,,,,0,False,False,2.525,False,5.51,5.06,20.0,
128.15,24586,497.892,-600.726,0.07,4.178,30.0,1269,-1,15.7,False,-1,True,True,0.75,0.0,-0.0,False,False,-0.133,6.387,27.123,1269,21.0,,,,,0,False,False,2.516,False,5.3,5.06,20.0,
128.2,24587,498.08,-600.629,0.069,4.248,30.0,1269,-1,15.91,False,-1,True,True,0.75,0.0,-0.0,False,False,-0.049,6.388,27.125,1269,21.0,,,,,0,False,False,2.506,False,5.09,5.09,20.0,
128.25,24588,498.272,-600.531,0.069,4.333,30.0,1269,-1,16.12,False,-1,True,True,0.75,0.0,-0.002,False,False,0.027,6.392,27.122,1269,24.81,,,,,0,False,False,2.497,False,8.69,5.12,20.0,
128.3,24589,498.468,-600.431,0.068,4.426,30.0,1269,-1,16.34,False,-1,True,True,0.75,0.0,-0.0,False,False,0.091,6.392,27.121,1269,24.81,,,,,0,False,False,2.488,False,8.47,5.17,20.0,
128.35,24590,498.668,-600.329,0.068,4.525,30.0,1269,-1,16.57,False,-1,True,True,0.75,0.0,-0.0,False,False,0.142,6.391,27.123,1269,24.81,,,,,0,False,False,2.478,False,8.24,5.21,20.0,
128.4,24591,498.872,-600.224,0.067,4.626,30.0,1269,-1,16.8,False,-1,True,True,0.75,0.0,-0.0,False,False,0.18,6.39,27.124,1269,24.81,,,,,0,False,False,2.469,False,8.01,5.26,20.0,
128.45,24592,499.081,-600.117,0.067,4.729,30.0,1269,-1,17.03,False,-1,True,True,0.75,0.0,-0.001,False,False,0.208,6.39,27.125,1269,24.81,,,,,0,False,False,2.459,False,7.78,5.31,20.0,
128.5,24593,499.295,-600.008,0.067,4.833,30.0,1269,-1,17.27,False,-1,True,True,0.75,0.0,-0.0,False,False,0.227,6.39,27.127,1269,24.81,,,,,0,False,False,2.449,False,7.54,5.36,20.0,
128.55,24594,499.513,-599.897,0.067,4.937,30.0,1269,-1,17.52,False,-1,True,True,0.75,0.0,-0.0,False,False,0.24,6.389,27.128,1269,24.81,,,,,0,False,False,2.438,False,7.3,5.42,20.0,
128.6,24595,499.735,-599.783,0.067,5.041,30.0,1269,-1,17.77,False,-1,True,True,0.75,0.0,-0.0,False,False,0.249,6.389,27.129,1269,24.81,,,,,0,False,False,2.428,False,7.05,5.47,20.0,
128.65,24596,499.963,-599.667,0.067,5.142,30.0,1269,-1,18.02,False,-1,True,True,0.75,0.0,-0.0,False,False,0.254,6.389,27.131,1269,24.81,,,,,0,False,False,2.417,False,6.79,5.52,20.0,
128.7,24597,500.194,-599.548,0.067,5.279,30.0,1269,-1,18.28,False,-1,True,True,0.75,0.0,-0.0,False,False,0.258,6.389,27.134,1269,24.81,,,,,0,False,False,2.406,False,6.53,5.57,20.0,
128.75,24598,500.429,-599.428,0.067,5.247,30.0,1269,-1,18.55,False,-1,True,True,0.75,0.0,-0.001,False,False,0.245,6.389,27.12,1269,24.81,,,,,0,False,False,2.554,False,6.27,5.64,20.0,
128.8,24599,500.664,-599.308,0.067,5.296,30.0,1269,-1,18.81,False,-1,True,True,0.75,0.0,0.001,False,False,0.206,6.386,27.147,1269,24.81,,,,,0,False,False,2.544,False,6.0,5.62,20.0,
128.85,24600,500.897,-599.189,0.068,5.223,30.0,1269,-1,19.07,False,-1,True,True,0.75,0.0,-0.003,False,False,0.163,6.389,27.115,1269,24.81,,,,,0,False,False,2.531,False,5.74,5.65,20.0,
128.9,24601,501.131,-599.069,0.068,5.304,30.0,1269,-1,19.33,False,-1,True,True,0.75,0.0,-0.003,False,False,0.135,6.392,27.13,1269,24.81,,,,,0,False,False,2.521,False,5.48,5.61,20.0,
128.95,24602,501.366,-598.949,0.068,5.262,30.0,1269,-1,19.6,False,-1,True,True,0.75,0.0,-0.002,False,False,0.119,6.394,27.09,1269,28.63,,,,,0,False,False,2.509,False,9.03,5.65,20.0,
129.0,24603,501.602,-598.829,0.068,5.326,30.0,1269,-1,19.86,False,-1,True,True,0.75,0.0,0.004,False,False,0.107,6.386,27.115,1269,28.63,,,,,0,False,False,2.499,False,8.77,5.63,20.0,
129.05,24604,501.837,-598.708,0.068,5.253,30.0,1269,-1,20.13,False,-1,True,True,0.75,0.0,-0.002,False,False,0.093,6.386,27.088,1269,28.63,,,,,0,False,False,2.486,False,8.5,5.66,20.0,
129.1,24605,502.08,-598.584,0.068,5.677,30.0,1269,-1,20.4,False,-1,True,True,0.75,0.0,0.003,False,False,0.157,6.381,27.088,1269,28.63,,,,,0,False,False,2.475,False,8.23,5.63,20.0,
129.15,24606,502.343,-598.449,0.066,5.999,30.0,1269,-1,20.7,False,-1,True,True,0.0,0.3,0.001,False,False,0.305,6.381,27.098,1269,28.63,,,,,0,False,False,2.462,False,7.93,5.84,20.0,
129.2,24607,502.62,-598.308,0.066,6.287,30.0,1269,-1,21.01,False,-1,True,True,0.0,0.3,-0.0,False,False,0.409,6.386,27.113,1269,28.63,,,,,0,False,False,2.45,False,7.62,6.0,20.0,
129.25,24608,502.9,-598.165,0.066,6.279,30.0,1269,-1,21.32,False,-1,True,True,0.0,0.3,-0.001,False,False,0.413,6.39,27.12,1269,28.63,,,,,0,False,False,2.437,False,7.31,6.14,20.0,
129.3,24609,503.18,-598.022,0.066,6.289,30.0,1269,-1,21.64,False,-1,True,True,0.0,0.3,-0.0,False,False,0.351,6.391,27.109,1269,28.63,,,,,0,False,False,2.424,False,6.99,6.14,20.0,
129.35,24610,503.454,-597.882,0.067,6.092,30.0,1269,-1,21.94,False,-1,True,True,0.0,0.3,0.001,False,False,0.232,6.387,27.128,1269,28.63,,,,,0,False,False,2.411,False,6.69,6.14,20.0,
129.4,24611,503.721,-597.745,0.068,5.988,30.0,1269,-1,22.24,False,-1,True,True,0.0,0.3,-0.001,False,False,0.116,6.389,27.098,1269,28.63,,,,,0,False,False,2.397,False,6.39,6.05,20.0,
129.45,24612,503.98,-597.612,0.069,5.743,30.0,1269,-1,22.53,False,-1,True,True,0.0,0.3,0.003,False,False,-0.002,6.384,27.121,1269,28.63,,,,,0,False,False,2.386,False,6.1,5.99,20.0,
129.5,24613,504.231,-597.483,0.07,5.608,30.0,1269,-1,22.82,False,-1,True,True,0.0,0.3,-0.001,False,False,-0.09,6.386,27.091,1269,28.63,,,,,0,False,False,2.373,False,5.81,5.87,20.0,
129.55,24614,504.473,-597.359,0.071,5.35,30.0,1269,-1,23.09,False,-1,True,True,0.0,0.222,0.003,False,False,-0.169,6.383,27.118,1269,28.63,,,,,0,False,False,2.362,False,5.54,5.8,20.0,
129.6,24615,504.708,-597.239,0.071,5.25,30.0,1269,-1,23.35,False,-1,True,True,0.708,0.0,-0.003,False,False,-0.208,6.39,27.088,1269,32.45,,,,,0,False,False,2.35,False,9.09,5.67,20.0,
129.65,24616,504.936,-597.122,0.071,5.047,30.0,1269,-1,23.61,False,-1,True,True,0.75,0.0,0.003,False,False,-0.233,6.389,27.121,1269,32.45,,,,,0,False,False,2.34,False,8.84,5.62,20.0,
129.7,24617,505.161,-597.007,0.071,5.073,30.0,1269,-1,23.86,False,-1,True,True,0.75,0.0,-0.003,False,False,-0.209,6.393,27.09,1269,32.45,,,,,0,False,False,2.328,False,8.59,5.52,20.0,
129.75,24618,505.386,-596.892,0.071,5.026,30.0,1269,-1,24.11,False,-1,True,True,0.75,0.0,0.003,False,False,-0.156,6.388,27.123,1269,32.45,,,,,0,False,False,2.318,False,8.33,5.54,20.0,
129.8,24619,505.606,-596.78,0.07,4.781,30.0,1269,-1,24.36,False,-1,True,True,0.75,0.0,-0.003,False,False,-0.145,6.39,27.112,1269,32.45,,,,,0,False,False,2.307,False,8.09,5.51,20.0,
129.85,24620,505.807,-596.676,0.071,4.415,30.0,1269,-1,24.59,False,-1,True,True,0.75,0.0,0.001,False,False,-0.229,6.39,27.092,1269,32.45,,,,,0,False,False,2.297,False,7.86,5.39,20.0,
129.9,24621,505.997,-596.579,0.072,4.192,30.0,1269,-1,24.8,False,-1,True,True,0.75,0.0,0.002,False,False,-0.298,6.387,27.083,1269,32.45,,,,,0,False,False,2.287,False,7.65,5.21,20.0,
129.95,24622,506.18,-596.485,0.072,4.082,30.0,1269,-1,25.01,False,-1,True,True,0.75,0.0,0.001,False,False,-0.312,6.385,27.082,1269,32.45,,,,,0,False,False,2.278,False,7.44,5.1,20.0,
130.0,24623,506.361,-596.392,0.071,4.054,30.0,1269,-1,25.21,False,-1,True,True,0.75,0.0,0.001,False,False,-0.273,6.386,27.084,1269,32.45,,,,,0,False,False,2.27,False,7.24,5.04,20.0,
130.05,24624,506.542,-596.299,0.071,4.078,30.0,1269,-1,25.41,False,-1,True,True,0.75,0.0,0.0,False,False,-0.201,6.387,27.086,1269,32.45,,,,,0,False,False,2.261,False,7.03,5.03,20.0,
130.1,24625,506.726,-596.205,0.07,4.134,30.0,1269,-1,25.62,False,-1,True,True,0.75,0.0,0.0,False,False,-0.114,6.389,27.089,1269,32.45,,,,,0,False,False,2.252,False,6.83,5.04,20.0,
130.15,24626,506.912,-596.11,0.069,4.21,30.0,1269,-1,25.83,False,-1,True,True,0.75,0.0,0.0,False,False,-0.03,6.39,27.092,1269,32.45,,,,,0,False,False,2.243,False,6.62,5.07,20.0,
130.2,24627,507.103,-596.012,0.069,4.299,30.0,1269,-1,26.04,False,-1,True,True,0.75,0.0,-0.0,False,False,0.045,6.39,27.095,1269,32.45,,,,,0,False,False,2.234,False,6.4,5.11,20.0,
130.25,24628,507.297,-595.913,0.068,4.394,30.0,1269,-1,26.26,False,-1,True,True,0.75,0.0,-0.0,False,False,0.107,6.391,27.098,1269,32.45,,,,,0,False,False,2.225,False,6.19,5.15,20.0,
130.3,24629,507.496,-595.811,0.068,4.494,30.0,1269,-1,26.48,False,-1,True,True,0.75,0.0,-0.0,False,False,0.154,6.391,27.101,1269,32.45,,,,,0,False,False,2.216,False,5.96,5.2,20.0,
130.35,24630,507.699,-595.707,0.067,4.597,30.0,1269,-1,26.71,False,-1,True,True,0.75,0.0,-0.0,False,False,0.19,6.39,27.104,1269,32.45,,,,,0,False,False,2.207,False,5.73,5.25,20.0,
130.4,24631,507.907,-595.601,0.067,4.701,30.0,1269,-1,26.95,False,-1,True,True,0.75,0.0,-0.0,False,False,0.215,6.39,27.106,1269,32.45,,,,,0,False,False,2.197,False,5.5,5.3,20.0,
130.45,24632,508.119,-595.493,0.067,4.805,30.0,1269,-1,27.18,False,-1,True,True,0.75,0.0,-0.0,False,False,0.233,6.39,27.109,1269,32.45,,,,,0,False,False,2.187,False,5.26,5.35,20.0,
130.5,24633,508.336,-595.382,0.067,4.91,30.0,1269,-1,27.43,False,-1,True,True,0.75,0.0,-0.001,False,False,0.244,6.391,27.109,1601,1.93,,,,,0,False,False,2.177,False,8.85,5.4,20.0,
130.55,24634,508.557,-595.269,0.067,5.014,30.0,1269,-1,27.68,False,-1,True,True,0.75,0.0,-0.0,False,False,0.252,6.39,27.109,1601,1.93,,,,,0,False,False,2.167,False,8.61,5.45,20.0,
130.6,24635,508.783,-595.154,0.067,5.119,30.0,1269,-1,27.93,False,-1,True,True,0.75,0.0,-0.0,False,False,0.256,6.39,27.111,1601,1.93,,,,,0,False,False,2.156,False,8.35,5.51,20.0,
130.65,24636,509.014,-595.036,0.067,5.178,30.0,1269,-1,28.19,False,-1,True,True,0.75,0.0,-0.0,False,False,0.256,6.389,27.112,1601,1.93,,,,,0,False,False,2.145,False,8.09,5.56,20.0,
130.7,24637,509.248,-594.916,0.067,5.314,30.0,1269,-1,28.45,False,-1,True,True,0.75,0.0,-0.0,False,False,0.252,6.388,27.129,1601,1.93,,,,,0,False,False,2.135,False,7.83,5.59,20.0,
130.75,24638,509.482,-594.797,0.067,5.219,30.0,1269,-1,28.71,False,-1,True,True,0.75,0.0,-0.002,False,False,0.213,6.39,27.096,1601,1.93,,,,,0,False,False,2.123,False,7.57,5.66,20.0,
130.8,24639,509.716,-594.677,0.068,5.281,30.0,1269,-1,28.98,False,-1,True,True,0.75,0.0,0.003,False,False,0.171,6.385,27.124,1601,1.93,,,,,0,False,False,2.113,False,7.3,5.61,20.0,
130.85,24640,509.949,-594.558,0.068,5.221,30.0,1269,-1,29.24,False,-1,True,True,0.75,0.0,-0.003,False,False,0.137,6.388,27.095,1601,1.93,,,,,0,False,False,2.101,False,7.04,5.64,20.0,
130.9,24641,510.184,-594.438,0.068,5.315,30.0,1269,-1,29.5,False,-1,True,True,0.75,0.0,0.002,False,False,0.121,6.384,27.124,1601,1.93,,,,,0,False,False,2.091,False,6.78,5.61,20.0,
130.95,24642,510.418,-594.318,0.068,5.248,30.0,1269,-1,29.77,False,-1,True,True,0.75,0.0,-0.002,False,False,0.108,6.387,27.094,1601,1.93,,,,,0,False,False,2.078,False,6.51,5.66,20.0,
131.0,24643,510.654,-594.198,0.068,5.314,30.0,1269,-1,30.03,False,-1,True,True,0.75,0.0,0.002,False,False,0.096,6.384,27.122,1601,1.93,,,,,0,False,False,2.068,False,6.25,5.62,20.0,
131.05,24644,510.892,-594.075,0.068,5.497,30.0,1269,-1,30.3,False,-1,True,True,0.75,0.0,-0.002,False,False,0.126,6.388,27.089,1601,1.93,,,,,0,False,False,2.056,False,5.98,5.66,20.0,
131.1,24645,511.152,-593.942,0.067,6.006,30.0,1269,-1,30.59,False,-1,True,True,0.236,0.0,0.003,False,False,0.281,6.384,27.09,1601,1.93,,,,,0,False,False,2.044,False,5.69,5.75,20.0,
131.15,24646,511.427,-593.802,0.066,6.197,30.0,1269,-1,30.9,False,-1,True,True,0.0,0.3,-0.001,False,False,0.399,6.386,27.106,1601,5.78,,,,,0,False,False,2.033,False,9.24,6.0,20.0,
131.2,24647,511.707,-593.659,0.065,6.337,30.0,1269,-1,31.21,False,-1,True,True,0.0,0.3,-0.001,False,False,0.426,6.392,27.111,1601,5.78,,,,,0,False,False,2.022,False,8.92,6.1,20.0,
131.25,24648,511.986,-593.516,0.066,6.225,30.0,1269,-1,31.53,False,-1,True,True,0.0,0.3,-0.001,False,False,0.361,6.393,27.116,1601,5.78,,,,,0,False,False,2.012,False,8.61,6.17,20.0,
131.3,24649,512.261,-593.376,0.067,6.156,30.0,1269,-1,31.84,False,-1,True,True,0.0,0.3,-0.001,False,False,0.256,6.392,27.088,1601,5.78,,,,,0,False,False,2.0,False,8.3,6.11,20.0,
131.35,24650,512.528,-593.239,0.068,5.932,30.0,1269,-1,32.14,False,-1,True,True,0.0,0.3,0.002,False,False,0.125,6.386,27.11,1601,5.78,,,,,0,False,False,1.991,False,8.0,6.08,20.0,
131.4,24651,512.788,-593.106,0.069,5.811,30.0,1269,-1,32.43,False,-1,True,True,0.0,0.3,-0.002,False,False,0.016,6.387,27.079,1601,5.78,,,,,0,False,False,1.98,False,7.71,5.97,20.0,
131.45,24652,513.039,-592.978,0.07,5.552,30.0,1269,-1,32.71,False,-1,True,True,0.0,0.3,0.003,False,False,-0.087,6.383,27.102,1601,5.78,,,,,0,False,False,1.972,False,7.42,5.91,20.0,
131.5,24653,513.282,-592.853,0.071,5.441,30.0,1269,-1,32.98,False,-1,True,True,0.0,0.017,-0.002,False,False,-0.151,6.387,27.074,1601,5.78,,,,,0,False,False,1.962,False,7.15,5.78,20.0,
131.55,24654,513.518,-592.732,0.071,5.223,30.0,1269,-1,33.25,False,-1,True,True,0.378,0.0,0.003,False,False,-0.199,6.385,27.106,1601,5.78,,,,,0,False,False,1.955,False,6.89,5.72,20.0,
131.6,24655,513.748,-592.614,0.071,5.154,30.0,1269,-1,33.51,False,-1,True,True,0.378,0.0,0.003,False,False,-0.21,6.382,27.098,1601,5.78,,,,,0,False,False,1.947,False,6.63,5.61,20.0,
131.65,24656,513.974,-592.499,0.071,5.013,30.0,1269,-1,33.76,False,-1,True,True,0.75,0.0,0.0,False,False,-0.211,6.385,27.138,1601,5.78,,,,,0,False,False,1.941,False,6.37,5.58,20.0,
131.7,24657,514.199,-592.383,0.071,5.082,30.0,1269,-1,34.01,False,-1,True,True,0.75,0.0,-0.004,False,False,-0.157,6.393,27.103,1601,5.78,,,,,0,False,False,1.932,False,6.12,5.51,20.0,
131.75,24658,514.422,-592.269,0.07,4.904,30.0,1269,-1,34.26,False,-1,True,True,0.75,0.0,0.002,False,False,-0.117,6.391,27.101,1601,5.78,,,,,0,False,False,1.924,False,5.87,5.54,20.0,
131.8,24659,514.63,-592.163,0.071,4.529,30.0,1601,-1,0.14,True,37,True,True,0.75,0.0,-0.0,False,False,-0.19,6.389,27.129,1601,5.78,,,,,0,False,False,1.919,False,5.64,5.45,20.0,
131.85,24660,514.823,-592.064,0.071,4.255,30.0,1601,-1,0.36,True,37,True,True,0.75,0.0,-0.003,False,False,-0.279,6.392,27.119,1601,5.78,,,,,0,False,False,1.912,False,5.42,5.26,20.0,
131.9,24661,515.008,-591.969,0.072,4.106,30.0,1601,-1,0.57,True,37,True,True,0.75,0.0,-0.0,False,False,-0.317,6.391,27.107,1601,5.78,,,,,0,False,False,1.906,False,5.21,5.13,20.0,
131.95,24662,515.189,-591.876,0.072,4.051,30.0,1601,-1,0.77,True,37,True,True,0.75,0.0,0.0,False,False,-0.297,6.388,27.103,1601,5.78,,,,,0,False,False,1.9,False,5.01,5.05,20.0,
132.0,24663,515.37,-591.784,0.071,4.058,30.0,1601,-1,0.97,True,37,True,True,0.75,0.0,-0.001,False,False,-0.234,6.388,27.1,1601,9.63,,,,,0,False,False,1.895,False,8.66,5.03,20.0,
132.05,24664,515.552,-591.69,0.07,4.104,30.0,1601,-1,1.18,True,37,True,True,0.75,0.0,-0.0,False,False,-0.15,6.389,27.099,1601,9.63,,,,,0,False,False,1.889,False,8.45,5.03,20.0,
132.1,24665,515.737,-591.596,0.07,4.174,30.0,1601,-1,1.39,True,37,True,True,0.75,0.0,-0.0,False,False,-0.062,6.389,27.099,1601,9.63,,,,,0,False,False,1.884,False,8.25,5.05,20.0,
132.15,24666,515.926,-591.499,0.069,4.259,30.0,1601,-1,1.6,True,37,True,True,0.75,0.0,-0.0,False,False,0.017,6.389,27.099,1601,9.63,,,,,0,False,False,1.879,False,8.03,5.09,20.0,
132.2,24667,516.119,-591.401,0.068,4.352,30.0,1601,-1,1.81,True,37,True,True,0.75,0.0,-0.0,False,False,0.084,6.39,27.1,1601,9.63,,,,,0,False,False,1.873,False,7.82,5.13,20.0,
132.25,24668,516.315,-591.3,0.068,4.451,30.0,1601,-1,2.04,True,37,True,True,0.75,0.0,-0.001,False,False,0.137,6.39,27.101,1601,9.63,,,,,0,False,False,1.868,False,7.6,5.18,20.0,
132.3,24669,516.517,-591.197,0.067,4.553,30.0,1601,-1,2.26,True,37,True,True,0.75,0.0,-0.001,False,False,0.177,6.39,27.102,1601,9.63,,,,,0,False,False,1.863,False,7.37,5.23,20.0,
132.35,24670,516.722,-591.092,0.067,4.656,30.0,1601,-1,2.49,True,37,True,True,0.75,0.0,-0.0,False,False,0.207,6.39,27.103,1601,9.63,,,,,0,False,False,1.857,False,7.14,5.28,20.0,
132.4,24671,516.933,-590.985,0.067,4.761,30.0,1601,-1,2.73,True,37,True,True,0.75,0.0,-0.0,False,False,0.227,6.39,27.104,1601,9.63,,,,,0,False,False,1.852,False,6.9,5.33,20.0,
132.45,24672,517.148,-590.875,0.067,4.865,30.0,1601,-1,2.97,True,37,True,True,0.75,0.0,-0.001,False,False,0.24,6.389,27.105,1601,9.63,,,,,0,False,False,1.846,False,6.66,5.38,20.0,
132.5,24673,517.367,-590.763,0.067,4.969,30.0,1601,-1,3.22,True,37,True,True,0.75,0.0,-0.001,False,False,0.249,6.389,27.106,1601,9.63,,,,,0,False,False,1.841,False,6.42,5.43,20.0,
132.55,24674,517.591,-590.648,0.067,5.074,30.0,1601,-1,3.47,True,37,True,True,0.75,0.0,-0.0,False,False,0.255,6.389,27.107,1601,9.63,,,,,0,False,False,1.835,False,6.16,5.48,20.0,
132.6,24675,517.82,-590.532,0.067,5.161,30.0,1601,-1,3.72,True,37,True,True,0.75,0.0,-0.0,False,False,0.257,6.389,27.108,1601,9.63,,,,,0,False,False,1.83,False,5.91,5.54,20.0,
132.65,24676,518.053,-590.412,0.067,5.305,30.0,1601,-1,3.99,True,37,True,True,0.75,0.0,-0.0,False,False,0.258,6.388,27.117,1601,9.63,,,,,0,False,False,1.825,False,5.65,5.58,20.0,
132.7,24677,518.287,-590.293,0.067,5.223,30.0,1601,-1,4.25,True,37,True,True,0.75,0.0,-0.002,False,False,0.23,6.391,27.093,1601,13.48,,,,,0,False,False,1.818,False,9.24,5.65,20.0,
132.75,24678,518.521,-590.174,0.068,5.279,30.0,1601,-1,4.51,True,37,True,True,0.75,0.0,0.002,False,False,0.187,6.386,27.118,1601,13.48,,,,,0,False,False,1.814,False,8.97,5.61,20.0,
132.8,24679,518.754,-590.055,0.068,5.213,30.0,1601,-1,4.77,True,37,True,True,0.75,0.0,-0.003,False,False,0.148,6.389,27.086,1601,13.48,,,,,0,False,False,1.808,False,8.71,5.64,20.0,
132.85,24680,518.988,-589.935,0.068,5.3,30.0,1601,-1,5.04,True,37,True,True,0.75,0.0,0.002,False,False,0.126,6.384,27.115,1601,13.48,,,,,0,False,False,1.804,False,8.45,5.61,20.0,
132.9,24681,519.222,-589.815,0.068,5.245,30.0,1601,-1,5.3,True,37,True,True,0.75,0.0,-0.003,False,False,0.114,6.388,27.085,1601,13.48,,,,,0,False,False,1.797,False,8.19,5.65,20.0,
132.95,24682,519.458,-589.695,0.068,5.312,30.0,1601,-1,5.56,True,37,True,True,0.75,0.0,0.002,False,False,0.101,6.384,27.112,1601,13.48,,,,,0,False,False,1.794,False,7.92,5.62,20.0,
133.0,24683,519.692,-589.575,0.068,5.283,30.0,1601,-1,5.83,True,37,True,True,0.75,0.0,-0.002,False,False,0.092,6.388,27.087,1601,13.48,,,,,0,False,False,1.788,False,7.66,5.66,20.0,
133.05,24684,519.944,-589.446,0.067,5.846,30.0,1601,-1,6.11,True,37,True,True,0.75,0.0,0.002,False,False,0.218,6.385,27.075,1601,13.48,,,,,0,False,False,1.782,False,7.37,5.64,20.0,
133.1,24685,520.214,-589.308,0.066,6.136,30.0,1601,-1,6.41,True,37,True,True,0.0,0.3,0.001,False,False,0.365,6.383,27.092,1601,13.48,,,,,0,False,False,1.778,False,7.07,5.92,20.0,
133.15,24686,520.495,-589.164,0.065,6.394,30.0,1601,-1,6.73,True,37,True,True,0.0,0.3,-0.001,False,False,0.447,6.388,27.106,1601,13.48,,,,,0,False,False,1.773,False,6.76,6.07,20.0,
133.2,24687,520.779,-589.019,0.065,6.366,30.0,1601,-1,7.05,True,37,True,True,0.0,0.3,-0.001,False,False,0.429,6.393,27.109,1601,13.48,,,,,0,False,False,1.769,False,6.44,6.2,20.0,
133.25,24688,521.062,-588.875,0.066,6.359,30.0,1601,-1,7.37,True,37,True,True,0.0,0.3,-0.0,False,False,0.35,6.393,27.094,1601,13.48,,,,,0,False,False,1.763,False,6.12,6.18,20.0,
133.3,24689,521.339,-588.733,0.067,6.157,30.0,1601,-1,7.68,True,37,True,True,0.0,0.3,0.0,False,False,0.223,6.389,27.11,1268,1.98,,,,,0,False,False,1.76,False,9.71,6.18,20.0,
133.35,24690,521.61,-588.595,0.068,6.047,30.0,1601,-1,7.98,True,37,True,True,0.0,0.3,-0.002,False,False,0.104,6.39,27.077,1268,1.98,,,,,0,False,False,1.755,False,9.41,6.08,20.0,
133.4,24691,521.871,-588.461,0.069,5.798,30.0,1601,-1,8.27,True,37,True,True,0.0,0.3,0.003,False,False,-0.014,6.384,27.097,1268,1.98,,,,,0,False,False,1.752,False,9.11,6.02,20.0,
133.45,24692,522.125,-588.331,0.07,5.66,30.0,1601,-1,8.56,True,37,True,True,0.0,0.3,-0.001,False,False,-0.101,6.386,27.067,1268,1.98,,,,,0,False,False,1.748,False,8.83,5.9,20.0,
133.5,24693,522.369,-588.206,0.071,5.389,30.0,1601,-1,8.83,True,37,True,True,0.0,0.3,0.003,False,False,-0.181,6.383,27.09,1268,1.98,,,,,0,False,False,1.745,False,8.56,5.83,20.0,
133.55,24694,522.605,-588.085,0.071,5.278,30.0,1601,-1,9.1,True,37,True,True,0.559,0.0,-0.002,False,False,-0.223,6.387,27.06,1268,1.98,,,,,0,False,False,1.742,False,8.29,5.69,20.0,
133.6,24695,522.834,-587.968,0.071,5.074,30.0,1601,-1,9.36,True,37,True,True,0.75,0.0,0.003,False,False,-0.247,6.386,27.096,1268,1.98,,,,,0,False,False,1.741,False,8.03,5.64,20.0,
133.65,24696,523.062,-587.851,0.071,5.142,30.0,1601,-1,9.61,True,37,True,True,0.75,0.0,-0.003,False,False,-0.205,6.392,27.06,1268,1.98,,,,,0,False,False,1.738,False,7.78,5.54,20.0,
133.7,24697,523.29,-587.735,0.071,5.066,30.0,1601,-1,9.87,True,37,True,True,0.75,0.0,0.003,False,False,-0.153,6.388,27.091,1268,1.98,,,,,0,False,False,1.738,False,7.52,5.57,20.0,
133.75,24698,523.508,-587.623,0.071,4.729,30.0,1601,-1,10.11,True,37,True,True,0.75,0.0,-0.002,False,False,-0.172,6.39,27.091,1268,1.98,,,,,0,False,False,1.737,False,7.28,5.53,20.0,
133.8,24699,523.708,-587.521,0.071,4.384,30.0,1601,-1,10.34,True,37,True,True,0.75,0.0,-0.0,False,False,-0.269,6.39,27.097,1268,1.98,,,,,0,False,False,1.736,False,7.05,5.36,20.0,
133.85,24700,523.897,-587.424,0.072,4.177,30.0,1601,-1,10.55,True,37,True,True,0.75,0.0,-0.001,False,False,-0.332,6.39,27.089,1268,1.98,,,,,0,False,False,1.734,False,6.84,5.19,20.0,
133.9,24701,524.08,-587.331,0.072,4.079,30.0,1601,-1,10.76,True,37,True,True,0.75,0.0,0.0,False,False,-0.333,6.388,27.084,1268,1.98,,,,,0,False,False,1.733,False,6.63,5.09,20.0,
133.95,24702,524.261,-587.238,0.071,4.058,30.0,1601,-1,10.96,True,37,True,True,0.75,0.0,0.0,False,False,-0.283,6.387,27.084,1268,1.98,,,,,0,False,False,1.732,False,6.43,5.04,20.0,
134.0,24703,524.443,-587.145,0.071,4.087,30.0,1601,-1,11.16,True,37,True,True,0.75,0.0,-0.0,False,False,-0.203,6.387,27.085,1268,1.98,,,,,0,False,False,1.731,False,6.23,5.03,20.0,
134.05,24704,524.627,-587.05,0.07,4.147,30.0,1601,-1,11.37,True,37,True,True,0.75,0.0,-0.0,False,False,-0.112,6.388,27.086,1268,1.98,,,,,0,False,False,1.73,False,6.02,5.04,20.0,
134.1,24705,524.814,-586.954,0.069,4.225,30.0,1601,-1,11.58,True,37,True,True,0.75,0.0,-0.0,False,False,-0.025,6.389,27.087,1268,1.98,,,,,0,False,False,1.729,False,5.81,5.07,20.0,
134.15,24706,525.005,-586.857,0.069,4.314,30.0,1601,-1,11.8,True,37,True,True,0.75,0.0,-0.0,False,False,0.05,6.39,27.089,1268,1.98,,,,,0,False,False,1.728,False,5.59,5.11,20.0,
134.2,24707,525.2,-586.757,0.068,4.411,30.0,1601,-1,12.01,True,37,True,True,0.75,0.0,-0.0,False,False,0.111,6.39,27.091,1268,1.98,,,,,0,False,False,1.727,False,5.38,5.16,20.0,
134.25,24708,525.4,-586.655,0.068,4.511,30.0,1601,-1,12.24,True,37,True,True,0.75,0.0,-0.0,False,False,0.158,6.391,27.092,1268,1.98,,,,,0,False,False,1.726,False,5.15,5.21,20.0,
134.3,24709,525.602,-586.55,0.067,4.582,30.0,1601,-1,12.47,True,37,True,True,0.75,0.0,-0.0,False,False,0.147,6.26,27.089,1268,5.93,,,,,0,False,False,1.723,False,8.88,5.26,20.0,
134.35,24710,525.801,-586.443,0.061,4.592,30.0,1601,-1,12.69,True,37,True,True,0.75,0.0,-0.001,False,False,-0.183,5.36,27.101,1268,5.93,,,,,0,False,False,1.716,False,8.65,5.29,20.0,
134.4,24711,525.998,-586.335,0.049,4.608,30.0,1601,-1,12.92,True,37,True,True,0.75,0.0,-0.005,False,False,-0.798,3.851,27.116,1268,5.93,,,,,0,False,False,1.708,False,8.43,5.3,20.0,
134.45,24712,526.204,-586.227,0.031,4.779,30.0,1601,-1,13.15,True,37,True,True,0.75,0.0,-0.008,False,False,-0.983,2.214,27.09,1268,5.93,,,,,0,False,False,1.702,False,8.2,5.3,20.0,
134.5,24713,526.423,-586.118,0.012,4.912,30.0,1601,-1,13.39,True,37,True,True,0.75,0.0,-0.004,False,False,-0.651,1.133,27.056,1268,5.93,,,,,0,False,False,1.702,False,7.95,5.39,20.0,
134.55,24714,526.647,-586.019,0.016,5.037,30.0,1601,-1,13.64,True,37,True,True,0.75,0.0,0.001,False,False,-1.196,1.715,27.026,1268,5.93,,,,,0,False,False,1.714,False,7.71,5.46,20.0,
134.6,24715,526.891,-585.926,0.039,5.179,30.0,1601,-1,13.9,True,37,True,True,0.75,0.0,0.011,False,False,-0.758,4.745,27.08,1268,5.93,,,,,0,False,False,1.745,False,7.45,5.52,20.0,
134.65,24716,527.125,-585.81,0.059,5.164,30.0,1596,-1,12.24,True,37,True,False,0.75,0.0,0.019,False,False,-0.23,6.027,27.241,1268,5.93,,,,,0,False,False,1.754,False,7.18,5.59,20.0,
134.7,24717,527.358,-585.685,0.069,5.268,30.0,1596,-1,12.5,True,37,True,False,0.75,0.0,-0.005,False,False,0.035,6.391,27.319,1268,5.93,,,,,0,False,False,1.751,False,6.92,5.58,20.0,
134.75,24718,527.598,-585.569,0.082,5.27,30.0,1596,-1,12.77,True,37,True,False,0.75,0.0,-0.008,False,False,0.588,7.836,27.392,1268,5.93,,,,,0,False,False,1.76,False,6.65,5.63,20.0,
134.8,24719,527.834,-585.441,0.087,5.384,30.0,1596,-1,13.0,True,37,True,False,0.75,0.0,-0.002,False,False,0.789,8.015,27.414,1268,5.93,,,,,0,False,False,1.753,False,6.39,5.64,20.0,
134.85,24720,528.072,-585.312,0.087,5.427,30.0,1596,-1,13.19,True,37,True,False,0.666,0.0,-0.008,False,False,0.753,7.805,27.409,1268,5.93,,,,,0,False,False,1.745,False,6.12,5.69,20.0,
134.9,24721,528.311,-585.186,0.084,5.442,30.0,1268,-1,0.09,False,-1,True,True,0.505,0.0,-0.007,False,False,0.623,7.534,27.397,1268,5.93,,,,,0,False,False,1.739,False,5.85,5.71,20.0,
134.95,24722,528.546,-585.06,0.078,5.379,30.0,1268,-1,0.35,False,-1,True,True,0.441,0.0,-0.006,False,False,0.319,6.844,27.373,1268,5.93,,,,,0,False,False,1.731,False,5.58,5.72,20.0,
135.0,24723,528.776,-584.933,0.066,5.369,30.0,1268,-1,0.62,False,-1,True,True,0.664,0.0,-0.013,False,False,-0.286,5.374,27.328,1268,9.89,,,,,0,False,False,1.718,False,9.27,5.69,20.0,
135.05,24724,529.006,-584.805,0.047,5.418,30.0,1268,-1,0.88,False,-1,True,True,0.695,0.0,-0.008,False,False,-1.03,3.242,27.298,1268,9.89,,,,,0,False,False,1.704,False,9.01,5.68,20.0,
135.1,24725,529.248,-584.679,0.021,5.474,30.0,1268,-1,1.15,False,-1,True,True,0.515,0.0,-0.011,False,False,-0.997,1.348,27.2,1268,9.89,,,,,0,False,False,1.697,False,8.74,5.71,20.0,
135.15,24726,529.492,-584.56,0.002,5.386,30.0,1268,-1,1.43,False,-1,True,True,0.31,0.0,-0.0,False,False,-0.695,0.466,27.067,1268,9.89,,,,,0,False,False,1.696,False,8.46,5.74,20.0,
135.2,24727,529.734,-584.441,-0.007,5.324,30.0,1268,-1,1.69,False,-1,True,True,0.628,0.0,0.011,False,False,-0.476,0.058,27.046,1268,9.89,,,,,0,False,False,1.698,False,8.19,5.69,20.0,
135.25,24728,529.972,-584.322,-0.011,5.284,30.0,1268,-1,1.96,False,-1,True,True,0.75,0.0,0.005,False,False,-0.321,-0.119,27.041,1268,9.89,,,,,0,False,False,1.7,False,7.93,5.66,20.0,
135.3,24729,530.209,-584.204,-0.013,5.271,30.0,1268,-1,2.23,False,-1,True,True,0.75,0.0,0.004,False,False,-0.206,-0.178,27.07,1268,9.89,,,,,0,False,False,1.701,False,7.66,5.64,20.0,
135.35,24730,530.44,-584.104,0.017,5.313,30.0,1268,-1,2.48,False,-1,True,True,0.75,0.0,0.001,False,False,-1.598,1.65,27.07,1268,9.89,,,,,0,False,False,1.717,False,7.41,5.64,20.0,
135.4,24731,530.68,-583.981,0.024,5.481,30.0,1268,-1,2.75,False,-1,True,True,0.75,0.0,0.016,False,False,-1.734,1.669,27.15,1268,9.89,,,,,0,False,False,1.718,False,7.14,5.66,20.0,
135.45,24732,530.926,-583.854,0.028,5.57,30.0,1268,-1,3.02,False,-1,True,True,0.287,0.0,-0.002,False,False,-1.729,1.724,27.203,1268,9.89,,,,,0,False,False,1.717,False,6.86,5.74,20.0,
135.5,24733,531.173,-583.727,0.03,5.511,30.0,1268,-1,3.3,False,-1,True,True,0.0,0.038,-0.002,False,False,-1.729,1.781,27.255,1268,9.89,,,,,0,False,False,1.717,False,6.59,5.79,20.0,
135.55,24734,531.416,-583.602,0.031,5.423,30.0,1268,-1,3.57,False,-1,True,True,0.176,0.0,-0.003,False,False,-1.729,1.792,27.264,1268,9.89,,,,,0,False,False,1.715,False,6.31,5.76,20.0,
135.6,24735,531.655,-583.489,0.05,5.388,30.0,1268,-1,3.84,False,-1,True,True,0.489,0.0,-0.001,False,False,-2.638,2.858,27.441,1268,9.89,,,,,0,False,False,1.728,False,6.05,5.71,20.0,
135.65,24736,531.891,-583.367,0.054,5.291,30.0,1268,-1,4.1,False,-1,True,True,0.619,0.0,-0.009,False,False,-2.841,2.893,27.587,1268,9.89,,,,,0,False,False,1.73,False,5.78,5.69,20.0,
135.7,24737,532.125,-583.246,0.052,5.236,30.0,1268,-1,4.37,False,-1,True,True,0.75,0.0,-0.019,False,False,-2.694,2.826,27.713,1268,9.89,,,,,0,False,False,1.733,False,5.52,5.65,20.0,
135.75,24738,532.359,-583.127,0.045,5.163,30.0,1268,-1,4.63,False,-1,True,True,0.75,0.0,-0.032,False,False,-2.39,2.792,27.665,1268,13.84,,,,,0,False,False,1.73,False,9.21,5.62,20.0,
135.8,24739,532.589,-583.009,0.04,5.134,30.0,1268,-1,4.89,False,-1,True,True,0.75,0.0,-0.011,False,False,-2.176,2.623,27.677,1268,13.84,,,,,0,False,False,1.729,False,8.95,5.58,20.0,
135.85,24740,532.817,-582.891,0.037,5.105,30.0,1268,-1,5.15,False,-1,True,True,0.75,0.0,-0.015,False,False,-2.028,2.442,27.602,1268,13.84,,,,,0,False,False,1.724,False,8.7,5.57,20.0,
135.9,24741,533.046,-582.774,0.034,5.117,30.0,1268,-1,5.4,False,-1,True,True,0.75,0.0,-0.007,False,False,-1.925,2.29,27.625,1268,13.84,,,,,0,False,False,1.723,False,8.44,5.55,20.0,
135.95,24742,533.274,-582.657,0.033,5.122,30.0,1268,-1,5.66,False,-1,True,True,0.75,0.0,-0.014,False,False,-1.845,2.177,27.56,1268,13.84,,,,,0,False,False,1.719,False,8.18,5.56,20.0,
136.0,24743,533.503,-582.54,0.032,5.165,30.0,1268,-1,5.92,False,-1,True,True,0.75,0.0,-0.006,False,False,-1.785,2.091,27.587,1268,13.84,,,,,0,False,False,1.719,False,7.93,5.56,20.0,
136.05,24744,533.733,-582.421,0.031,5.155,30.0,1268,-1,6.17,False,-1,True,True,0.75,0.0,-0.013,False,False,-1.744,2.031,27.516,1268,13.84,,,,,0,False,False,1.715,False,7.67,5.58,20.0,
136.1,24745,533.963,-582.304,0.031,5.161,30.0,1268,-1,6.43,False,-1,True,True,0.75,0.0,-0.004,False,False,-1.726,1.982,27.52,1268,13.84,,,,,0,False,False,1.713,False,7.41,5.58,20.0,
136.15,24746,534.196,-582.183,0.03,5.4,30.0,1268,-1,6.7,False,-1,True,True,0.75,0.0,-0.009,False,False,-1.669,1.949,27.422,1268,13.84,,,,,0,False,False,1.707,False,7.15,5.58,20.0,
136.2,24747,534.45,-582.047,0.022,5.82,30.0,1268,-1,6.98,False,-1,True,True,0.593,0.0,0.001,False,False,-1.159,1.505,27.34,1268,13.84,,,,,0,False,False,1.698,False,6.86,5.7,20.0,
136.25,24748,534.723,-581.904,0.011,6.198,30.0,1268,-1,7.29,False,-1,True,True,0.0,0.3,-0.001,False,False,-0.527,1.025,27.324,1268,13.84,,,,,0,False,False,1.693,False,6.55,5.91,20.0,
136.3,24749,535.003,-581.76,0.003,6.249,30.0,1268,-1,7.61,False,-1,True,True,0.0,0.3,-0.004,False,False,-0.142,0.725,27.302,1268,13.84,,,,,0,False,False,1.69,False,6.24,6.1,20.0,
136.35,24750,535.285,-581.616,-0.002,6.315,30.0,1268,-1,7.92,False,-1,True,True,0.0,0.3,-0.002,False,False,0.045,0.505,27.285,1268,13.84,,,,,0,False,False,1.688,False,5.92,6.12,20.0,
136.4,24751,535.562,-581.474,-0.005,6.142,30.0,1268,-1,8.23,False,-1,True,True,0.0,0.3,-0.006,False,False,0.082,0.353,27.238,1268,17.8,,,,,0,False,False,1.685,False,9.56,6.16,20.0,
136.45,24752,535.833,-581.336,-0.006,6.055,30.0,1268,-1,8.54,False,-1,True,True,0.0,0.3,0.001,False,False,0.049,0.234,27.241,1268,17.8,,,,,0,False,False,1.684,False,9.26,6.07,20.0,
136.5,24753,536.096,-581.202,-0.006,5.817,30.0,1268,-1,8.83,False,-1,True,True,0.0,0.3,-0.003,False,False,-0.021,0.153,27.201,1268,17.8,,,,,0,False,False,1.681,False,8.96,6.03,20.0,
136.55,24754,536.351,-581.071,-0.006,5.69,30.0,1268,-1,9.12,False,-1,True,True,0.0,0.3,0.002,False,False,-0.09,0.093,27.221,1268,17.8,,,,,0,False,False,1.68,False,8.68,5.91,20.0,
136.6,24755,536.597,-580.945,-0.006,5.426,30.0,1268,-1,9.4,False,-1,True,True,0.0,0.3,-0.003,False,False,-0.158,0.058,27.187,1268,17.8,,,,,0,False,False,1.678,False,8.4,5.85,20.0,
136.65,24756,536.835,-580.823,-0.006,5.32,30.0,1268,-1,9.66,False,-1,True,True,0.433,0.0,0.002,False,False,-0.201,0.031,27.211,1268,17.8,,,,,0,False,False,1.677,False,8.13,5.71,20.0,
136.7,24757,537.066,-580.705,-0.005,5.121,30.0,1268,-1,9.92,False,-1,True,True,0.75,0.0,-0.003,False,False,-0.223,0.018,27.172,1268,17.8,,,,,0,False,False,1.674,False,7.87,5.66,20.0,
136.75,24758,537.293,-580.588,-0.005,5.124,30.0,1268,-1,10.18,False,-1,True,True,0.75,0.0,0.003,False,False,-0.209,0.005,27.187,1268,17.8,,,,,0,False,False,1.673,False,7.62,5.56,20.0,
136.8,24759,537.519,-580.472,-0.006,5.049,30.0,1268,-1,10.43,False,-1,True,True,0.75,0.0,-0.001,False,False,-0.164,0.001,27.149,1268,17.8,,,,,0,False,False,1.67,False,7.36,5.56,20.0,
136.85,24760,537.745,-580.356,-0.006,5.021,30.0,1268,-1,10.69,False,-1,True,True,0.75,0.0,0.003,False,False,-0.114,-0.005,27.154,1268,17.8,,,,,0,False,False,1.668,False,7.11,5.52,20.0,
136.9,24761,537.955,-580.248,-0.006,4.591,30.0,1268,-1,10.92,False,-1,True,True,0.75,0.0,0.0,False,False,-0.184,-0.005,27.185,1268,17.8,,,,,0,False,False,1.668,False,6.87,5.51,20.0,
136.95,24762,538.151,-580.147,-0.005,4.334,30.0,1268,-1,11.14,False,-1,True,True,0.75,0.0,-0.003,False,False,-0.264,0.001,27.186,1268,17.8,,,,,0,False,False,1.667,False,6.65,5.3,20.0,
137.0,24763,538.34,-580.051,-0.005,4.197,30.0,1268,-1,11.36,False,-1,True,True,0.75,0.0,-0.0,False,False,-0.297,0.002,27.182,1268,17.8,,,,,0,False,False,1.665,False,6.44,5.17,20.0,
137.05,24764,538.525,-579.956,-0.005,4.149,30.0,1268,-1,11.56,False,-1,True,True,0.75,0.0,0.0,False,False,-0.275,0.0,27.181,1268,17.8,,,,,0,False,False,1.664,False,6.23,5.1,20.0,
137.1,24765,538.711,-579.86,-0.005,4.161,30.0,1268,-1,11.77,False,-1,True,True,0.75,0.0,-0.0,False,False,-0.213,-0.0,27.18,1268,17.8,,,,,0,False,False,1.663,False,6.03,5.07,20.0,
137.15,24766,538.897,-579.765,-0.006,4.209,30.0,1268,-1,11.98,False,-1,True,True,0.75,0.0,-0.0,False,False,-0.132,-0.0,27.179,1268,17.8,,,,,0,False,False,1.661,False,5.82,5.08,20.0,
137.2,24767,539.087,-579.667,-0.007,4.279,30.0,1268,-1,12.2,False,-1,True,True,0.75,0.0,-0.0,False,False,-0.048,-0.0,27.178,1268,17.8,,,,,0,False,False,1.66,False,5.6,5.1,20.0,
137.25,24768,539.28,-579.568,-0.008,4.363,30.0,1268,-1,12.41,False,-1,True,True,0.75,0.0,-0.0,False,False,0.028,-0.0,27.178,1268,17.8,,,,,0,False,False,1.659,False,5.39,5.14,20.0,
137.3,24769,539.477,-579.467,-0.008,4.456,30.0,1268,-1,12.63,False,-1,True,True,0.75,0.0,-0.0,False,False,0.092,-0.0,27.177,1268,17.8,,,,,0,False,False,1.657,False,5.16,5.18,20.0,
137.35,24770,539.679,-579.364,-0.008,4.554,30.0,1268,-1,12.86,False,-1,True,True,0.75,0.0,-0.004,False,False,0.143,0.006,27.165,1268,21.75,,,,,0,False,False,1.656,False,8.89,5.23,20.0,
137.4,24771,539.884,-579.258,-0.009,4.655,30.0,1268,-1,13.09,False,-1,True,True,0.75,0.0,-0.0,False,False,0.181,0.005,27.156,1268,21.75,,,,,0,False,False,1.654,False,8.66,5.28,20.0,
137.45,24772,540.094,-579.151,-0.009,4.758,30.0,1268,-1,13.33,False,-1,True,True,0.75,0.0,-0.0,False,False,0.209,0.002,27.153,1268,21.75,,,,,0,False,False,1.653,False,8.43,5.33,20.0,
137.5,24773,540.309,-579.041,-0.009,4.862,30.0,1268,-1,13.57,False,-1,True,True,0.75,0.0,-0.0,False,False,0.228,0.001,27.151,1268,21.75,,,,,0,False,False,1.651,False,8.18,5.38,20.0,
137.55,24774,540.528,-578.928,-0.009,4.966,30.0,1268,-1,13.81,False,-1,True,True,0.75,0.0,-0.0,False,False,0.241,0.001,27.149,1268,21.75,,,,,0,False,False,1.65,False,7.94,5.43,20.0,
137.6,24775,540.752,-578.814,-0.009,5.069,30.0,1268,-1,14.07,False,-1,True,True,0.75,0.0,-0.0,False,False,0.251,0.0,27.147,1268,21.75,,,,,0,False,False,1.648,False,7.69,5.48,20.0,
137.65,24776,540.98,-578.697,-0.009,5.155,30.0,1268,-1,14.32,False,-1,True,True,0.75,0.0,-0.0,False,False,0.254,0.0,27.145,1268,21.75,,,,,0,False,False,1.647,False,7.43,5.53,20.0,
137.7,24777,541.213,-578.577,-0.009,5.308,30.0,1268,-1,14.58,False,-1,True,True,0.75,0.0,-0.0,False,False,0.259,-0.0,27.143,1268,21.75,,,,,0,False,False,1.645,False,7.17,5.58,20.0,
137.75,24778,541.45,-578.456,-0.009,5.336,30.0,1268,-1,14.85,False,-1,True,True,0.75,0.0,-0.0,False,False,0.255,0.0,27.142,1268,21.75,,,,,0,False,False,1.643,False,6.9,5.65,20.0,
137.8,24779,541.692,-578.332,-0.009,5.51,30.0,1268,-1,15.12,False,-1,True,True,0.75,0.0,-0.0,False,False,0.26,0.0,27.138,1268,21.75,,,,,0,False,False,1.642,False,6.63,5.67,20.0,
137.85,24780,541.936,-578.207,-0.009,5.448,30.0,1268,-1,15.4,False,-1,True,True,0.213,0.0,0.0,False,False,0.238,-0.001,27.155,1268,21.75,,,,,0,False,False,1.641,False,6.36,5.75,20.0,
137.9,24781,542.179,-578.082,-0.009,5.466,30.0,1268,-1,15.67,False,-1,True,True,0.427,0.0,-0.002,False,False,0.191,0.002,27.129,1268,21.75,,,,,0,False,False,1.638,False,6.08,5.72,20.0,
137.95,24782,542.418,-577.96,-0.008,5.336,30.0,1268,-1,15.94,False,-1,True,True,0.355,0.0,0.002,False,False,0.128,-0.001,27.164,1268,21.75,,,,,0,False,False,1.638,False,5.81,5.73,20.0,
138.0,24783,542.655,-577.838,-0.008,5.334,30.0,1268,-1,16.2,False,-1,True,True,0.75,0.0,-0.003,False,False,0.076,0.003,27.141,1268,21.75,,,,,0,False,False,1.636,False,5.55,5.67,20.0,
138.05,24784,542.889,-577.719,-0.007,5.21,30.0,1268,-1,16.47,False,-1,True,True,0.75,0.0,-0.001,False,False,0.031,0.003,27.17,1268,25.71,,,,,0,False,False,1.636,False,9.24,5.67,20.0,
138.1,24785,543.121,-577.6,-0.007,5.243,30.0,1268,-1,16.73,False,-1,True,True,0.75,0.0,-0.004,False,False,0.011,0.007,27.138,1268,25.71,,,,,0,False,False,1.633,False,8.98,5.6,20.0,
138.15,24786,543.352,-577.482,-0.007,5.157,30.0,1268,-1,16.99,False,-1,True,True,0.75,0.0,0.001,False,False,0.002,0.001,27.169,1268,25.71,,,,,0,False,False,1.633,False,8.72,5.62,20.0,
138.2,24787,543.584,-577.363,-0.007,5.228,30.0,1268,-1,17.25,False,-1,True,True,0.75,0.0,0.001,False,False,0.013,-0.005,27.155,1268,25.71,,,,,0,False,False,1.631,False,8.46,5.58,20.0,
138.25,24788,543.815,-577.245,-0.007,5.175,30.0,1268,-1,17.51,False,-1,True,True,0.75,0.0,-0.0,False,False,0.025,-0.005,27.192,1268,25.71,,,,,0,False,False,1.631,False,8.2,5.61,20.0,
138.3,24789,544.048,-577.125,-0.008,5.271,30.0,1268,-1,17.77,False,-1,True,True,0.75,0.0,-0.005,False,False,0.05,0.003,27.161,1268,25.71,,,,,0,False,False,1.628,False,7.94,5.59,20.0,
138.35,24790,544.281,-577.007,-0.008,5.194,30.0,1268,-1,18.03,False,-1,True,True,0.75,0.0,-0.005,False,False,0.057,0.01,27.171,1268,25.71,,,,,0,False,False,1.628,False,7.68,5.64,20.0,
138.4,24791,544.514,-576.888,-0.008,5.262,30.0,1268,-1,18.29,False,-1,True,True,0.75,0.0,-0.002,False,False,0.065,0.009,27.126,1268,25.71,,,,,0,False,False,1.625,False,7.41,5.6,20.0,
138.45,24792,544.758,-576.763,-0.008,5.638,30.0,1268,-1,18.57,False,-1,True,True,0.75,0.0,0.003,False,False,0.162,-0.003,27.173,1268,25.71,,,,,0,False,False,1.625,False,7.14,5.63,20.0,
138.5,24793,545.024,-576.627,-0.01,6.094,30.0,1268,-1,18.86,False,-1,True,True,0.0,0.27,-0.005,False,False,0.329,0.001,27.179,1268,25.71,,,,,0,False,False,1.624,False,6.84,5.82,20.0,
138.55,24794,545.3,-576.486,-0.011,6.228,30.0,1268,-1,19.18,False,-1,True,True,0.0,0.3,-0.002,False,False,0.421,0.003,27.167,1268,25.71,,,,,0,False,False,1.622,False,6.53,6.05,20.0,
138.6,24795,545.581,-576.342,-0.011,6.348,30.0,1268,-1,19.49,False,-1,True,True,0.0,0.3,-0.0,False,False,0.426,-0.001,27.158,1268,25.71,,,,,0,False,False,1.62,False,6.22,6.11,20.0,
138.65,24796,545.859,-576.199,-0.01,6.222,30.0,1268,-1,19.8,False,-1,True,True,0.0,0.3,-0.0,False,False,0.348,-0.004,27.154,1268,25.71,,,,,0,False,False,1.618,False,5.9,6.17,20.0,
138.7,24797,546.134,-576.059,-0.009,6.159,30.0,1268,-1,20.11,False,-1,True,True,0.0,0.3,-0.002,False,False,0.239,-0.001,27.134,1268,29.66,,,,,0,False,False,1.616,False,9.55,6.11,20.0,
138.75,24798,546.401,-575.922,-0.008,5.931,30.0,1268,-1,20.41,False,-1,True,True,0.0,0.3,0.001,False,False,0.113,-0.003,27.149,1268,29.66,,,,,0,False,False,1.615,False,9.25,6.08,20.0,
138.8,24799,546.661,-575.789,-0.007,5.803,30.0,1268,-1,20.7,False,-1,True,True,0.0,0.3,-0.002,False,False,0.003,-0.001,27.116,1268,29.66,,,,,0,False,False,1.612,False,8.96,5.97,20.0,
138.85,24800,546.911,-575.661,-0.006,5.542,30.0,1268,-1,20.99,False,-1,True,True,0.0,0.3,0.002,False,False,-0.095,-0.005,27.14,1268,29.66,,,,,0,False,False,1.612,False,8.68,5.9,20.0,
138.9,24801,547.154,-575.536,-0.006,5.431,30.0,1268,-1,21.26,False,-1,True,True,0.014,0.0,-0.003,False,False,-0.161,-0.001,27.111,1268,29.66,,,,,0,False,False,1.609,False,8.4,5.77,20.0,
138.95,24802,547.39,-575.415,-0.005,5.213,30.0,1268,-1,21.52,False,-1,True,True,0.415,0.0,0.002,False,False,-0.202,-0.002,27.142,1268,29.66,,,,,0,False,False,1.609,False,8.14,5.72,20.0,
139.0,24803,547.62,-575.298,-0.005,5.146,30.0,1268,-1,21.78,False,-1,True,True,0.75,0.0,-0.003,False,False,-0.213,0.002,27.118,1268,29.66,,,,,0,False,False,1.607,False,7.88,5.61,20.0,
139.05,24804,547.846,-575.182,-0.005,5.052,30.0,1268,-1,22.04,False,-1,True,True,0.75,0.0,0.001,False,False,-0.195,0.0,27.143,1268,29.66,,,,,0,False,False,1.607,False,7.63,5.57,20.0,
139.1,24805,548.073,-575.066,-0.006,5.12,30.0,1268,-1,22.29,False,-1,True,True,0.75,0.0,-0.003,False,False,-0.139,0.003,27.107,1268,29.66,,,,,0,False,False,1.604,False,7.37,5.53,20.0,
139.15,24806,548.294,-574.953,-0.006,4.804,30.0,1268,-1,22.54,False,-1,True,True,0.75,0.0,0.003,False,False,-0.138,-0.001,27.129,1268,29.66,,,,,0,False,False,1.604,False,7.12,5.56,20.0,
139.2,24807,548.497,-574.849,-0.005,4.441,30.0,1268,-1,22.77,False,-1,True,True,0.75,0.0,-0.002,False,False,-0.229,-0.001,27.151,1268,29.66,,,,,0,False,False,1.604,False,6.9,5.4,20.0,
139.25,24808,548.688,-574.751,-0.005,4.219,30.0,1268,-1,22.98,False,-1,True,True,0.75,0.0,-0.003,False,False,-0.301,0.002,27.148,1268,29.66,,,,,0,False,False,1.603,False,6.68,5.22,20.0,
139.3,24809,548.872,-574.657,-0.005,4.11,30.0,1268,-1,23.19,False,-1,True,True,0.75,0.0,-0.001,False,False,-0.316,0.002,27.142,1268,29.66,,,,,0,False,False,1.602,False,6.48,5.11,20.0,
139.35,24810,549.054,-574.564,-0.005,4.081,30.0,1268,-1,23.39,False,-1,True,True,0.75,0.0,-0.0,False,False,-0.276,-0.0,27.138,1268,29.66,,,,,0,False,False,1.601,False,6.27,5.05,20.0,
139.4,24811,549.237,-574.47,-0.006,4.105,30.0,1268,-1,23.6,False,-1,True,True,0.75,0.0,-0.0,False,False,-0.203,-0.001,27.136,1268,29.66,,,,,0,False,False,1.6,False,6.07,5.04,20.0,
139.45,24812,549.422,-574.376,-0.006,4.162,30.0,1268,-1,23.81,False,-1,True,True,0.75,0.0,-0.001,False,False,-0.116,-0.001,27.133,1268,29.66,,,,,0,False,False,1.599,False,5.86,5.05,20.0,
139.5,24813,549.61,-574.279,-0.007,4.237,30.0,1268,-1,24.02,False,-1,True,True,0.75,0.0,-0.0,False,False,-0.03,-0.001,27.131,1268,29.66,,,,,0,False,False,1.598,False,5.65,5.08,20.0,
139.55,24814,549.801,-574.181,-0.008,4.325,30.0,1268,-1,24.23,False,-1,True,True,0.75,0.0,-0.0,False,False,0.045,-0.001,27.129,1268,29.66,,,,,0,False,False,1.597,False,5.43,5.12,20.0,
139.6,24815,549.997,-574.081,-0.008,4.421,30.0,1268,-1,24.45,False,-1,True,True,0.75,0.0,-0.0,False,False,0.107,-0.001,27.127,1268,29.66,,,,,0,False,False,1.596,False,5.21,5.16,20.0,
139.65,24816,550.196,-573.979,-0.009,4.521,30.0,1268,-1,24.68,False,-1,True,True,0.75,0.0,-0.0,False,False,0.155,-0.0,27.125,1268,29.66,,,,,0,False,False,1.595,False,4.99,5.21,20.0,
139.7,24817,550.401,-573.874,-0.009,4.623,30.0,1268,-1,24.91,False,-1,True,True,0.75,0.0,-0.001,False,False,0.19,0.001,27.121,1268,33.62,,,,,0,False,False,1.594,False,8.71,5.26,20.0,
139.75,24818,550.609,-573.768,-0.009,4.727,30.0,1268,-1,25.14,False,-1,True,True,0.75,0.0,-0.0,False,False,0.216,0.001,27.117,1268,33.62,,,,,0,False,False,1.592,False,8.48,5.31,20.0,
139.8,24819,550.823,-573.658,-0.009,4.831,30.0,1268,-1,25.38,False,-1,True,True,0.75,0.0,-0.0,False,False,0.234,0.001,27.115,1268,33.62,,,,,0,False,False,1.591,False,8.24,5.36,20.0,
139.85,24820,551.04,-573.547,-0.009,4.935,30.0,1268,-1,25.62,False,-1,True,True,0.75,0.0,-0.0,False,False,0.245,0.0,27.114,1268,33.62,,,,,0,False,False,1.59,False,7.99,5.42,20.0,
139.9,24821,551.263,-573.433,-0.009,5.039,30.0,1268,-1,25.87,False,-1,True,True,0.75,0.0,-0.0,False,False,0.253,0.0,27.113,1268,33.62,,,,,0,False,False,1.589,False,7.74,5.47,20.0,
139.95,24822,551.49,-573.317,-0.009,5.14,30.0,1268,-1,26.13,False,-1,True,True,0.75,0.0,-0.0,False,False,0.257,0.0,27.112,1268,33.62,,,,,0,False,False,1.588,False,7.49,5.52,20.0,
140.0,24823,551.722,-573.198,-0.009,5.278,30.0,1268,-1,26.39,False,-1,True,True,0.75,0.0,-0.0,False,False,0.261,0.0,27.11,1268,33.62,,,,,0,False,False,1.587,False,7.23,5.57,20.0,
140.05,24824,551.957,-573.078,-0.009,5.305,30.0,1268,-1,26.65,False,-1,True,True,0.75,0.0,-0.0,False,False,0.256,-0.0,27.112,1268,33.62,,,,,0,False,False,1.586,False,6.96,5.64,20.0,
140.1,24825,552.197,-572.955,-0.009,5.405,30.0,1268,-1,26.92,False,-1,True,True,0.75,0.0,-0.0,False,False,0.247,0.001,27.097,1268,33.62,,,,,0,False,False,1.584,False,6.7,5.65,20.0,
140.15,24826,552.435,-572.833,-0.009,5.315,30.0,1268,-1,27.19,False,-1,True,True,0.592,0.0,0.001,False,False,0.201,-0.002,27.13,1268,33.62,,,,,0,False,False,1.585,False,6.43,5.7,20.0,
140.2,24827,552.672,-572.712,-0.008,5.37,30.0,1268,-1,27.46,False,-1,True,True,0.75,0.0,-0.003,False,False,0.16,0.003,27.106,1268,33.62,,,,,0,False,False,1.583,False,6.16,5.66,20.0,
140.25,24828,552.909,-572.591,-0.008,5.3,30.0,1268,-1,27.72,False,-1,True,True,0.708,0.0,0.002,False,False,0.123,-0.0,27.139,1268,33.62,,,,,0,False,False,1.583,False,5.89,5.68,20.0,
140.3,24829,553.147,-572.469,-0.008,5.383,30.0,1268,-1,27.99,False,-1,True,True,0.75,0.0,-0.003,False,False,0.108,0.003,27.114,1268,33.62,,,,,0,False,False,1.581,False,5.63,5.65,20.0,
140.35,24830,553.385,-572.347,-0.008,5.337,30.0,1268,-1,28.26,False,-1,True,True,0.648,0.0,0.001,False,False,0.097,0.001,27.143,1268,37.57,,,,,0,False,False,1.581,False,9.32,5.69,20.0,
140.4,24831,553.625,-572.225,-0.008,5.408,30.0,1268,-1,28.53,False,-1,True,True,0.75,0.0,-0.003,False,False,0.096,0.003,27.112,1268,37.57,,,,,0,False,False,1.579,False,9.05,5.67,20.0,
140.45,24832,553.864,-572.103,-0.008,5.334,30.0,1268,-1,28.8,False,-1,True,True,0.554,0.0,0.002,False,False,0.084,-0.001,27.137,1268,37.57,,,,,0,False,False,1.579,False,8.78,5.7,20.0,
140.5,24833,554.107,-571.978,-0.008,5.656,30.0,1268,-1,29.07,False,-1,True,True,0.75,0.0,-0.003,False,False,0.122,0.002,27.1,1268,37.57,,,,,0,False,False,1.577,False,8.5,5.67,20.0,
140.55,24834,554.369,-571.843,-0.009,5.987,30.0,1268,-1,29.36,False,-1,True,True,0.0,0.3,0.003,False,False,0.262,-0.003,27.081,1268,37.57,,,,,0,False,False,1.575,False,8.21,5.83,20.0,
140.6,24835,554.645,-571.702,-0.01,6.281,30.0,1268,-1,29.67,False,-1,True,True,0.0,0.3,0.002,False,False,0.375,-0.007,27.084,1268,37.57,,,,,0,False,False,1.573,False,7.9,5.99,20.0,
140.65,24836,554.925,-571.559,-0.011,6.278,30.0,1268,-1,29.99,False,-1,True,True,0.0,0.3,0.0,False,False,0.39,-0.004,27.088,1268,37.57,,,,,0,False,False,1.572,False,7.59,6.14,20.0,
140.7,24837,555.205,-571.415,-0.01,6.295,30.0,1268,-1,30.3,False,-1,True,True,0.0,0.3,0.0,False,False,0.336,-0.001,27.092,1268,37.57,,,,,0,False,False,1.571,False,7.27,6.14,20.0,
140.75,24838,555.479,-571.275,-0.009,6.109,30.0,1268,-1,30.61,False,-1,True,True,0.0,0.3,-0.0,False,False,0.23,0.001,27.08,1268,37.57,,,,,0,False,False,1.57,False,6.96,6.15,20.0,
140.8,24839,555.748,-571.138,-0.008,6.003,30.0,1268,-1,30.91,False,-1,True,True,0.0,0.3,0.001,False,False,0.116,-0.0,27.108,1268,37.57,,,,,0,False,False,1.57,False,6.66,6.05,20.0,
140.85,24840,556.008,-571.005,-0.007,5.757,30.0,1268,-1,31.2,False,-1,True,True,0.0,0.3,-0.002,False,False,0.002,0.004,27.083,1268,37.57,,,,,0,False,False,1.568,False,6.37,6.0,20.0,
140.9,24841,556.26,-570.876,-0.006,5.621,30.0,1268,-1,31.49,False,-1,True,True,0.0,0.3,0.002,False,False,-0.089,0.001,27.111,1268,37.57,,,,,0,False,False,1.568,False,6.09,5.88,20.0,
140.95,24842,556.502,-570.752,-0.006,5.352,30.0,1268,-1,31.76,False,-1,True,True,0.0,0.3,0.002,False,False,-0.167,-0.003,27.096,1268,37.57,,,,,0,False,False,1.566,False,5.81,5.81,20.0,
141.0,24843,556.736,-570.632,-0.005,5.242,30.0,1268,-1,32.02,False,-1,True,True,0.698,0.0,0.001,False,False,-0.214,-0.004,27.131,1268,37.57,,,,,0,False,False,1.567,False,5.55,5.68,20.0,
141.05,24844,556.964,-570.515,-0.005,5.04,30.0,1268,-1,32.28,False,-1,True,True,0.75,0.0,-0.004,False,False,-0.235,0.003,27.094,1268,41.53,,,,,0,False,False,1.564,False,9.25,5.62,20.0,
141.1,24845,557.188,-570.4,-0.005,5.038,30.0,1268,-1,32.53,False,-1,True,True,0.75,0.0,0.003,False,False,-0.216,-0.001,27.081,1268,41.53,,,,,0,False,False,1.563,False,9.0,5.52,20.0,
141.15,24846,557.412,-570.285,-0.006,5.026,30.0,1268,-1,32.78,False,-1,True,True,0.75,0.0,0.001,False,False,-0.166,-0.003,27.087,1268,41.53,,,,,0,False,False,1.562,False,8.75,5.52,20.0,
141.2,24847,557.635,-570.171,-0.006,4.923,30.0,1268,-1,33.03,False,-1,True,True,0.75,0.0,-0.0,False,False,-0.118,0.0,27.095,1268,41.53,,,,,0,False,False,1.562,False,8.5,5.51,20.0,
141.25,24848,557.842,-570.065,-0.006,4.519,30.0,1268,-1,33.27,False,-1,True,True,0.75,0.0,-0.001,False,False,-0.184,0.003,27.059,1268,41.53,,,,,0,False,False,1.56,False,8.26,5.46,20.0,
141.3,24849,558.035,-569.966,-0.005,4.262,30.0,1268,-1,33.48,False,-1,True,True,0.75,0.0,0.003,False,False,-0.266,-0.001,27.057,1268,41.53,,,,,0,False,False,1.559,False,8.05,5.26,20.0,
141.35,24850,558.22,-569.871,-0.005,4.126,30.0,1268,-1,33.69,False,-1,True,True,0.75,0.0,0.001,False,False,-0.299,-0.001,27.064,1268,41.53,,,,,0,False,False,1.558,False,7.84,5.13,20.0,
141.4,24851,558.403,-569.778,-0.005,4.079,30.0,1268,-1,33.9,False,-1,True,True,0.75,0.0,0.0,False,False,-0.276,0.001,27.068,1268,41.53,,,,,0,False,False,1.558,False,7.63,5.06,20.0,
141.45,24852,558.585,-569.685,-0.005,4.092,30.0,1268,-1,34.1,False,-1,True,True,0.75,0.0,0.0,False,False,-0.213,0.002,27.07,1268,41.53,,,,,0,False,False,1.558,False,7.43,5.04,20.0,
141.5,24853,558.769,-569.591,-0.006,4.141,30.0,1268,-1,34.31,False,-1,True,True,0.75,0.0,0.0,False,False,-0.131,0.002,27.073,1268,41.53,,,,,0,False,False,1.557,False,7.22,5.05,20.0,
141.55,24854,558.956,-569.495,-0.007,4.213,30.0,1268,-1,34.52,False,-1,True,True,0.75,0.0,0.0,False,False,-0.047,0.001,27.075,1268,41.53,,,,,0,False,False,1.557,False,7.01,5.07,20.0,
141.6,24855,559.146,-569.398,-0.008,4.298,30.0,1268,-1,34.73,False,-1,True,True,0.75,0.0,0.0,False,False,0.03,0.001,27.077,1268,41.53,,,,,0,False,False,1.556,False,6.8,5.11,20.0,
141.65,24856,559.341,-569.298,-0.008,4.392,30.0,1268,-1,34.95,False,-1,True,True,0.75,0.0,0.0,False,False,0.094,0.001,27.079,1268,41.53,,,,,0,False,False,1.556,False,6.58,5.15,20.0,
141.7,24857,559.539,-569.197,-0.009,4.491,30.0,1268,-1,35.17,False,-1,True,True,0.75,0.0,0.0,False,False,0.144,0.001,27.081,1268,41.53,,,,,0,False,False,1.555,False,6.36,5.2,20.0,
141.75,24858,559.742,-569.093,-0.009,4.593,30.0,1268,-1,35.4,False,-1,True,True,0.75,0.0,0.0,False,False,0.183,0.0,27.082,1268,41.53,,,,,0,False,False,1.555,False,6.13,5.25,20.0,
141.8,24859,559.95,-568.987,-0.009,4.696,30.0,1268,-1,35.63,False,-1,True,True,0.75,0.0,0.0,False,False,0.21,0.0,27.083,1268,41.53,,,,,0,False,False,1.554,False,5.9,5.3,20.0,
141.85,24860,560.162,-568.878,-0.009,4.8,30.0,1268,-1,35.87,False,-1,True,True,0.75,0.0,0.0,False,False,0.23,0.0,27.084,1268,41.53,,,,,0,False,False,1.553,False,5.66,5.35,20.0,
141.9,24861,560.378,-568.768,-0.009,4.905,30.0,1268,-1,36.11,False,-1,True,True,0.75,0.0,0.0,False,False,0.243,0.0,27.085,1268,41.53,,,,,0,False,False,1.553,False,5.41,5.4,20.0,
141.95,24862,560.599,-568.654,-0.009,5.009,30.0,1268,-1,36.36,False,-1,True,True,0.75,0.0,0.0,False,False,0.251,-0.0,27.086,1268,45.48,,,,,0,False,False,1.552,False,9.12,5.45,20.0,
142.0,24863,560.825,-568.539,-0.009,5.113,30.0,1268,-1,36.62,False,-1,True,True,0.75,0.0,0.0,False,False,0.257,-0.0,27.087,1268,45.48,,,,,0,False,False,1.551,False,8.87,5.5,20.0,
142.05,24864,561.055,-568.421,-0.009,5.173,30.0,1268,-1,36.87,False,-1,True,True,0.75,0.0,0.0,False,False,0.257,-0.0,27.088,1268,45.48,,,,,0,False,False,1.551,False,8.61,5.56,20.0,
142.1,24865,561.29,-568.301,-0.009,5.332,30.0,1268,-1,37.14,False,-1,True,True,0.75,0.0,0.0,False,False,0.258,0.0,27.078,1268,45.48,,,,,0,False,False,1.55,False,8.35,5.59,20.0,
142.15,24866,561.525,-568.181,-0.009,5.239,30.0,1268,-1,37.4,False,-1,True,True,0.75,0.0,0.001,False,False,0.222,-0.002,27.108,1268,45.48,,,,,0,False,False,1.55,False,8.08,5.67,20.0,
142.2,24867,561.759,-568.061,-0.009,5.299,30.0,1268,-1,37.67,False,-1,True,True,0.75,0.0,-0.003,False,False,0.182,0.003,27.084,1268,45.48,,,,,0,False,False,1.548,False,7.82,5.62,20.0,
142.25,24868,561.993,-567.942,-0.008,5.235,30.0,1268,-1,37.93,False,-1,True,True,0.75,0.0,0.002,False,False,0.142,-0.0,27.118,1268,45.48,,,,,0,False,False,1.549,False,7.56,5.65,20.0,
142.3,24869,562.228,-567.822,-0.008,5.328,30.0,1268,-1,38.19,False,-1,True,True,0.75,0.0,-0.003,False,False,0.126,0.003,27.095,1268,45.48,,,,,0,False,False,1.548,False,7.29,5.62,20.0,
142.35,24870,562.464,-567.701,-0.008,5.259,30.0,1268,-1,38.46,False,-1,True,True,0.75,0.0,0.002,False,False,0.108,-0.0,27.128,1268,45.48,,,,,0,False,False,1.548,False,7.03,5.66,20.0,
142.4,24871,562.7,-567.581,-0.008,5.326,30.0,1268,-1,38.72,False,-1,True,True,0.75,0.0,-0.003,False,False,0.098,0.003,27.098,1268,45.48,,,,,0,False,False,1.547,False,6.76,5.63,20.0,
142.45,24872,562.939,-567.459,-0.008,5.509,30.0,1268,-1,38.99,False,-1,True,True,0.75,0.0,0.002,False,False,0.124,-0.002,27.134,1268,45.48,,,,,0,False,False,1.547,False,6.49,5.66,20.0,
142.5,24873,563.2,-567.326,-0.01,6.015,30.0,1268,-1,39.28,False,-1,True,True,0.192,0.0,-0.004,False,False,0.278,0.002,27.148,1268,45.48,,,,,0,False,False,1.547,False,6.2,5.75,20.0,
142.55,24874,563.474,-567.185,-0.011,6.204,30.0,1268,-1,39.59,False,-1,True,True,0.0,0.3,-0.002,False,False,0.395,0.005,27.141,1268,45.48,,,,,0,False,False,1.546,False,5.89,6.01,20.0,
142.6,24875,563.755,-567.042,-0.011,6.342,30.0,1268,-1,39.91,False,-1,True,True,0.0,0.3,-0.001,False,False,0.423,0.003,27.131,1268,49.44,,,,,0,False,False,1.545,False,9.53,6.1,20.0,
142.65,24876,564.034,-566.899,-0.01,6.228,30.0,1268,-1,40.22,False,-1,True,True,0.0,0.3,-0.0,False,False,0.358,-0.001,27.125,1268,49.44,,,,,0,False,False,1.544,False,9.22,6.17,20.0,
142.7,24877,564.309,-566.758,-0.009,6.171,30.0,1268,-1,40.53,False,-1,True,True,0.0,0.3,-0.0,False,False,0.254,-0.003,27.118,1268,49.44,,,,,0,False,False,1.543,False,8.91,6.11,20.0,
142.75,24878,564.577,-566.621,-0.008,5.948,30.0,1268,-1,40.83,False,-1,True,True,0.0,0.3,-0.0,False,False,0.129,-0.004,27.129,1268,49.44,,,,,0,False,False,1.543,False,8.61,6.09,20.0,
142.8,24879,564.837,-566.488,-0.007,5.823,30.0,1268,-1,41.12,False,-1,True,True,0.0,0.3,-0.002,False,False,0.018,-0.001,27.099,1268,49.44,,,,,0,False,False,1.54,False,8.32,5.97,20.0,
142.85,24880,565.089,-566.359,-0.006,5.563,30.0,1268,-1,41.4,False,-1,True,True,0.0,0.3,0.002,False,False,-0.083,-0.005,27.123,1268,49.44,,,,,0,False,False,1.541,False,8.03,5.91,20.0,
142.9,24881,565.333,-566.234,-0.006,5.448,30.0,1268,-1,41.68,False,-1,True,True,0.0,0.061,-0.002,False,False,-0.152,-0.001,27.095,1268,49.44,,,,,0,False,False,1.539,False,7.76,5.78,20.0,
142.95,24882,565.569,-566.114,-0.005,5.227,30.0,1268,-1,41.94,False,-1,True,True,0.355,0.0,0.002,False,False,-0.197,-0.002,27.128,1268,49.44,,,,,0,False,False,1.539,False,7.49,5.72,20.0,
143.0,24883,565.799,-565.996,-0.005,5.158,30.0,1268,-1,42.2,False,-1,True,True,0.75,0.0,-0.003,False,False,-0.212,0.002,27.105,1268,49.44,,,,,0,False,False,1.538,False,7.24,5.61,20.0,
143.05,24884,566.025,-565.88,-0.005,5.023,30.0,1268,-1,42.46,False,-1,True,True,0.75,0.0,0.001,False,False,-0.207,0.0,27.134,1268,49.44,,,,,0,False,False,1.538,False,6.98,5.58,20.0,
143.1,24885,566.251,-565.765,-0.006,5.09,30.0,1268,-1,42.71,False,-1,True,True,0.75,0.0,-0.003,False,False,-0.156,0.003,27.098,1268,49.44,,,,,0,False,False,1.536,False,6.73,5.51,20.0,
143.15,24886,566.475,-565.65,-0.006,4.919,30.0,1268,-1,42.96,False,-1,True,True,0.75,0.0,0.002,False,False,-0.115,-0.001,27.1,1268,49.44,,,,,0,False,False,1.535,False,6.48,5.55,20.0,
143.2,24887,566.684,-565.543,-0.006,4.559,30.0,1268,-1,43.2,False,-1,True,True,0.75,0.0,-0.0,False,False,-0.181,-0.003,27.13,1268,49.44,,,,,0,False,False,1.536,False,6.24,5.46,20.0,
143.25,24888,566.879,-565.444,-0.005,4.3,30.0,1268,-1,43.42,False,-1,True,True,0.75,0.0,-0.003,False,False,-0.263,0.001,27.131,1268,49.44,,,,,0,False,False,1.535,False,6.02,5.28,20.0,
143.3,24889,567.066,-565.348,-0.005,4.163,30.0,1268,-1,43.63,False,-1,True,True,0.75,0.0,-0.001,False,False,-0.298,0.002,27.125,1268,49.44,,,,,0,False,False,1.535,False,5.81,5.15,20.0,
143.35,24890,567.25,-565.254,-0.005,4.115,30.0,1268,-1,43.83,False,-1,True,True,0.75,0.0,-0.0,False,False,-0.276,0.0,27.122,1268,49.44,,,,,0,False,False,1.534,False,5.61,5.08,20.0,
143.4,24891,567.434,-565.16,-0.005,4.126,30.0,1268,-1,44.04,False,-1,True,True,0.75,0.0,-0.0,False,False,-0.214,-0.001,27.119,1268,49.44,,,,,0,False,False,1.533,False,5.4,5.06,20.0,
143.45,24892,567.619,-565.065,-0.006,4.175,30.0,1268,-1,44.25,False,-1,True,True,0.75,0.0,-0.0,False,False,-0.133,-0.001,27.117,1268,49.44,,,,,0,False,False,1.532,False,5.19,5.06,20.0,
143.5,24893,567.807,-564.969,-0.007,4.245,30.0,1268,-1,44.46,False,-1,True,True,0.75,0.0,-0.0,False,False,-0.049,-0.001,27.115,1268,49.44,,,,,0,False,False,1.532,False,4.98,5.09,20.0,
143.55,24894,567.999,-564.87,-0.008,4.33,30.0,1268,-1,44.67,False,-1,True,True,0.75,0.0,-0.001,False,False,0.028,0.0,27.111,1268,53.4,,,,,0,False,False,1.531,False,8.72,5.12,20.0,
143.6,24895,568.195,-564.77,-0.008,4.423,30.0,1268,-1,44.89,False,-1,True,True,0.75,0.0,-0.0,False,False,0.092,0.0,27.108,1268,53.4,,,,,0,False,False,1.53,False,8.5,5.16,20.0,
143.65,24896,568.395,-564.668,-0.008,4.522,30.0,1268,-1,45.12,False,-1,True,True,0.75,0.0,-0.0,False,False,0.143,0.0,27.106,1268,53.4,,,,,0,False,False,1.53,False,8.28,5.21,20.0,
143.7,24897,568.599,-564.563,-0.009,4.623,30.0,1268,-1,45.35,False,-1,True,True,0.75,0.0,-0.0,False,False,0.181,-0.0,27.105,1268,53.4,,,,,0,False,False,1.529,False,8.05,5.26,20.0,
143.75,24898,568.808,-564.457,-0.009,4.726,30.0,1268,-1,45.58,False,-1,True,True,0.75,0.0,-0.0,False,False,0.209,-0.0,27.103,1268,53.4,,,,,0,False,False,1.528,False,7.81,5.31,20.0,
143.8,24899,569.021,-564.348,-0.009,4.83,30.0,1268,-1,45.82,False,-1,True,True,0.75,0.0,-0.0,False,False,0.229,-0.0,27.102,1268,53.4,,,,,0,False,False,1.527,False,7.57,5.36,20.0,
143.85,24900,569.239,-564.236,-0.009,4.934,30.0,1268,-1,46.07,False,-1,True,True,0.75,0.0,-0.0,False,False,0.242,-0.0,27.101,1268,53.4,,,,,0,False,False,1.527,False,7.33,5.42,20.0,
143.9,24901,569.461,-564.122,-0.009,5.038,30.0,1268,-1,46.32,False,-1,True,True,0.75,0.0,-0.0,False,False,0.251,-0.0,27.1,1268,53.4,,,,,0,False,False,1.526,False,7.08,5.47,20.0,
143.95,24902,569.688,-564.006,-0.009,5.139,30.0,1268,-1,46.57,False,-1,True,True,0.75,0.0,-0.0,False,False,0.256,-0.0,27.099,1268,53.4,,,,,0,False,False,1.525,False,6.82,5.52,20.0,
144.0,24903,569.92,-563.888,-0.009,5.277,30.0,1268,-1,46.83,False,-1,True,True,0.75,0.0,-0.0,False,False,0.26,-0.0,27.099,1268,53.4,,,,,0,False,False,1.524,False,6.56,5.57,20.0,
144.05,24904,570.156,-563.767,-0.009,5.305,30.0,1268,-1,47.1,False,-1,True,True,0.75,0.0,-0.0,False,False,0.256,-0.0,27.098,1268,53.4,,,,,0,False,False,1.524,False,6.3,5.64,20.0,
144.1,24905,570.397,-563.644,-0.009,5.479,30.0,1268,-1,47.37,False,-1,True,True,0.75,0.0,-0.0,False,False,0.26,-0.0,27.101,1268,53.4,,,,,0,False,False,1.523,False,6.03,5.65,20.0,
144.15,24906,570.639,-563.52,-0.009,5.416,30.0,1268,-1,47.64,False,-1,True,True,0.325,0.0,-0.0,False,False,0.238,0.001,27.082,1268,53.4,,,,,0,False,False,1.521,False,5.76,5.74,20.0,
144.2,24907,570.88,-563.396,-0.009,5.438,30.0,1268,-1,47.91,False,-1,True,True,0.544,0.0,0.002,False,False,0.191,-0.003,27.107,1268,53.4,,,,,0,False,False,1.522,False,5.48,5.71,20.0,
144.25,24908,571.119,-563.274,-0.008,5.32,30.0,1268,-1,48.18,False,-1,True,True,0.459,0.0,-0.002,False,False,0.131,0.002,27.07,1268,57.35,,,,,0,False,False,1.519,False,9.17,5.72,20.0,
144.3,24909,571.356,-563.153,-0.008,5.337,30.0,1268,-1,48.44,False,-1,True,True,0.75,0.0,0.003,False,False,0.086,-0.002,27.092,1268,57.35,,,,,0,False,False,1.519,False,8.91,5.66,20.0,
144.35,24910,571.59,-563.033,-0.007,5.233,30.0,1268,-1,48.71,False,-1,True,True,0.75,0.0,-0.002,False,False,0.048,0.0,27.057,1268,57.35,,,,,0,False,False,1.517,False,8.64,5.67,20.0,
144.4,24911,571.824,-562.913,-0.007,5.287,30.0,1268,-1,48.97,False,-1,True,True,0.75,0.0,0.003,False,False,0.035,-0.003,27.082,1268,57.35,,,,,0,False,False,1.517,False,8.38,5.62,20.0,
144.45,24912,572.057,-562.793,-0.007,5.219,30.0,1268,-1,49.23,False,-1,True,True,0.75,0.0,-0.002,False,False,0.03,0.001,27.049,1268,57.35,,,,,0,False,False,1.515,False,8.12,5.64,20.0,
144.5,24913,572.292,-562.673,-0.007,5.307,30.0,1268,-1,49.5,False,-1,True,True,0.75,0.0,0.003,False,False,0.044,-0.002,27.074,1268,57.35,,,,,0,False,False,1.515,False,7.85,5.61,20.0,
144.55,24914,572.527,-562.552,-0.008,5.251,30.0,1268,-1,49.76,False,-1,True,True,0.75,0.0,-0.001,False,False,0.055,0.001,27.042,1268,57.35,,,,,0,False,False,1.513,False,7.59,5.65,20.0,
144.6,24915,572.763,-562.432,-0.008,5.319,30.0,1268,-1,50.03,False,-1,True,True,0.75,0.0,0.003,False,False,0.065,-0.002,27.072,1268,57.35,,,,,0,False,False,1.514,False,7.32,5.63,20.0,
144.65,24916,572.998,-562.312,-0.008,5.289,30.0,1268,-1,50.29,False,-1,True,True,0.75,0.0,-0.002,False,False,0.067,0.002,27.05,1268,57.35,,,,,0,False,False,1.512,False,7.06,5.66,20.0,
144.7,24917,573.25,-562.182,-0.009,5.853,30.0,1268,-1,50.57,False,-1,True,True,0.75,0.0,0.002,False,False,0.2,-0.0,27.027,1268,57.35,,,,,0,False,False,1.51,False,6.78,5.64,20.0,
144.75,24918,573.52,-562.044,-0.01,6.142,30.0,1268,-1,50.88,False,-1,True,True,0.0,0.3,0.003,False,False,0.353,-0.004,27.031,1268,57.35,,,,,0,False,False,1.509,False,6.47,5.93,20.0,
144.8,24919,573.801,-561.9,-0.011,6.4,30.0,1268,-1,51.19,False,-1,True,True,0.0,0.3,0.001,False,False,0.44,-0.003,27.041,1268,57.35,,,,,0,False,False,1.509,False,6.16,6.07,20.0,
144.85,24920,574.086,-561.754,-0.011,6.371,30.0,1268,-1,51.51,False,-1,True,True,0.0,0.3,0.001,False,False,0.425,0.0,27.049,1268,61.31,,,,,0,False,False,1.508,False,9.79,6.2,20.0,
144.9,24921,574.369,-561.61,-0.01,6.368,30.0,1268,-1,51.83,False,-1,True,True,0.0,0.3,0.0,False,False,0.347,0.002,27.053,1268,61.31,,,,,0,False,False,1.507,False,9.48,6.19,20.0,
144.95,24922,574.646,-561.468,-0.009,6.174,30.0,1268,-1,52.14,False,-1,True,True,0.0,0.3,0.001,False,False,0.227,0.003,27.069,1268,61.31,,,,,0,False,False,1.507,False,9.16,6.18,20.0,
145.0,24923,574.917,-561.329,-0.008,6.062,30.0,1268,-1,52.45,False,-1,True,True,0.0,0.3,-0.001,False,False,0.106,0.004,27.046,1268,61.31,,,,,0,False,False,1.506,False,8.86,6.09,20.0,
145.05,24924,575.18,-561.195,-0.007,5.813,30.0,1268,-1,52.74,False,-1,True,True,0.0,0.3,0.003,False,False,-0.01,-0.001,27.076,1268,61.31,,,,,0,False,False,1.506,False,8.56,6.03,20.0,
145.1,24925,575.434,-561.065,-0.006,5.672,30.0,1268,-1,53.03,False,-1,True,True,0.0,0.3,-0.002,False,False,-0.1,0.002,27.052,1268,61.31,,,,,0,False,False,1.504,False,8.28,5.91,20.0,
145.15,24926,575.679,-560.94,-0.005,5.401,30.0,1268,-1,53.3,False,-1,True,True,0.0,0.3,0.002,False,False,-0.177,-0.001,27.081,1268,61.31,,,,,0,False,False,1.505,False,8.0,5.84,20.0,
145.2,24927,575.915,-560.819,-0.005,5.288,30.0,1268,-1,53.57,False,-1,True,True,0.515,0.0,-0.002,False,False,-0.223,0.002,27.056,1268,61.31,,,,,0,False,False,1.503,False,7.74,5.7,20.0,
145.25,24928,576.145,-560.702,-0.005,5.084,30.0,1268,-1,53.82,False,-1,True,True,0.75,0.0,0.002,False,False,-0.243,0.0,27.093,1268,61.31,,,,,0,False,False,1.504,False,7.48,5.64,20.0,
145.3,24929,576.374,-560.585,-0.005,5.151,30.0,1268,-1,54.08,False,-1,True,True,0.75,0.0,-0.003,False,False,-0.206,0.004,27.055,1268,61.31,,,,,0,False,False,1.502,False,7.22,5.54,20.0,
145.35,24930,576.602,-560.468,-0.006,5.077,30.0,1268,-1,54.34,False,-1,True,True,0.75,0.0,0.003,False,False,-0.151,-0.0,27.084,1268,61.31,,,,,0,False,False,1.502,False,6.97,5.58,20.0,
145.4,24931,576.82,-560.357,-0.006,4.738,30.0,1268,-1,54.58,False,-1,True,True,0.75,0.0,-0.002,False,False,-0.17,0.001,27.092,1268,61.31,,,,,0,False,False,1.502,False,6.72,5.54,20.0,
145.45,24932,577.021,-560.254,-0.005,4.391,30.0,1268,-1,54.81,False,-1,True,True,0.75,0.0,-0.001,False,False,-0.265,0.002,27.112,1268,61.31,,,,,0,False,False,1.502,False,6.5,5.37,20.0,
145.5,24933,577.21,-560.158,-0.004,4.183,30.0,1268,-1,55.02,False,-1,True,True,0.75,0.0,-0.002,False,False,-0.328,0.003,27.11,1268,61.31,,,,,0,False,False,1.502,False,6.28,5.2,20.0,
145.55,24934,577.393,-560.064,-0.004,4.084,30.0,1268,-1,55.23,False,-1,True,True,0.75,0.0,-0.001,False,False,-0.331,0.002,27.105,1268,61.31,,,,,0,False,False,1.501,False,6.08,5.09,20.0,
145.6,24935,577.575,-559.971,-0.005,4.063,30.0,1268,-1,55.43,False,-1,True,True,0.75,0.0,-0.0,False,False,-0.282,0.0,27.102,1268,61.31,,,,,0,False,False,1.5,False,5.88,5.04,20.0,
145.65,24936,577.757,-559.878,-0.006,4.092,30.0,1268,-1,55.63,False,-1,True,True,0.75,0.0,-0.0,False,False,-0.202,-0.001,27.1,1268,61.31,,,,,0,False,False,1.5,False,5.67,5.03,20.0,
145.7,24937,577.941,-559.784,-0.006,4.151,30.0,1268,-1,55.84,False,-1,True,True,0.75,0.0,-0.0,False,False,-0.112,-0.001,27.097,1268,61.31,,,,,0,False,False,1.499,False,5.46,5.05,20.0,
145.75,24938,578.129,-559.688,-0.007,4.229,30.0,1268,-1,56.05,False,-1,True,True,0.75,0.0,-0.0,False,False,-0.025,-0.001,27.095,1268,61.31,,,,,0,False,False,1.499,False,5.25,5.08,20.0,
145.8,24939,578.32,-559.59,-0.008,4.318,30.0,1268,-1,56.27,False,-1,True,True,0.75,0.0,-0.0,False,False,0.051,-0.001,27.093,1268,61.31,,,,,0,False,False,1.498,False,5.04,5.11,20.0,
145.85,24940,578.515,-559.49,-0.008,4.415,30.0,1268,-1,56.49,False,-1,True,True,0.75,0.0,-0.0,False,False,0.112,-0.001,27.092,1268,65.26,,,,,0,False,False,1.497,False,8.77,5.16,20.0,
145.9,24941,578.715,-559.388,-0.009,4.515,30.0,1268,-1,56.71,False,-1,True,True,0.75,0.0,-0.0,False,False,0.159,-0.0,27.09,1268,65.26,,,,,0,False,False,1.497,False,8.55,5.21,20.0,
145.95,24942,578.919,-559.284,-0.009,4.618,30.0,1268,-1,56.94,False,-1,True,True,0.75,0.0,-0.0,False,False,0.194,-0.0,27.089,1268,65.26,,,,,0,False,False,1.496,False,8.32,5.26,20.0,
146.0,24943,579.127,-559.177,-0.009,4.722,30.0,1268,-1,57.17,False,-1,True,True,0.75,0.0,-0.0,False,False,0.218,-0.0,27.088,1268,65.26,,,,,0,False,False,1.495,False,8.09,5.31,20.0,
146.05,24944,579.34,-559.068,-0.009,4.826,30.0,1268,-1,57.41,False,-1,True,True,0.75,0.0,-0.0,False,False,0.235,-0.0,27.087,1268,65.26,,,,,0,False,False,1.495,False,7.85,5.36,20.0,
146.1,24945,579.558,-558.957,-0.009,4.931,30.0,1268,-1,57.66,False,-1,True,True,0.75,0.0,-0.0,False,False,0.247,-0.0,27.086,1268,65.26,,,,,0,False,False,1.494,False,7.6,5.41,20.0,
146.15,24946,579.78,-558.844,-0.009,5.035,30.0,1268,-1,57.91,False,-1,True,True,0.75,0.0,-0.0,False,False,0.254,-0.0,27.085,1268,65.26,,,,,0,False,False,1.494,False,7.35,5.47,20.0,
146.2,24947,580.007,-558.727,-0.009,5.136,30.0,1268,-1,58.16,False,-1,True,True,0.75,0.0,-0.0,False,False,0.258,-0.0,27.085,1268,65.26,,,,,0,False,False,1.493,False,7.1,5.52,20.0,
146.25,24948,580.239,-558.609,-0.009,5.274,30.0,1268,-1,58.42,False,-1,True,True,0.75,0.0,-0.0,False,False,0.261,-0.0,27.084,1268,65.26,,,,,0,False,False,1.492,False,6.84,5.57,20.0,
146.3,24949,580.474,-558.489,-0.009,5.3,30.0,1268,-1,58.69,False,-1,True,True,0.75,0.0,-0.0,False,False,0.257,-0.0,27.088,1268,65.26,,,,,0,False,False,1.492,False,6.57,5.64,20.0,
146.35,24950,580.713,-558.366,-0.009,5.386,30.0,1268,-1,58.95,False,-1,True,True,0.75,0.0,-0.0,False,False,0.243,0.001,27.07,1268,65.26,,,,,0,False,False,1.49,False,6.31,5.65,20.0,
146.4,24951,580.95,-558.245,-0.009,5.298,30.0,1268,-1,59.22,False,-1,True,True,0.662,0.0,0.002,False,False,0.196,-0.002,27.105,1268,65.26,,,,,0,False,False,1.491,False,6.04,5.69,20.0,
146.45,24952,581.187,-558.124,-0.008,5.362,30.0,1268,-1,59.49,False,-1,True,True,0.75,0.0,-0.003,False,False,0.158,0.003,27.081,1268,65.26,,,,,0,False,False,1.489,False,5.77,5.65,20.0,
146.5,24953,581.424,-558.003,-0.008,5.301,30.0,1268,-1,59.75,False,-1,True,True,0.737,0.0,0.002,False,False,0.125,-0.0,27.114,1268,65.26,,,,,0,False,False,1.49,False,5.51,5.68,20.0,
146.55,24954,581.663,-557.881,-0.008,5.389,30.0,1268,-1,60.02,False,-1,True,True,0.75,0.0,-0.003,False,False,0.114,0.003,27.09,1268,69.21,,,,,0,False,False,1.489,False,9.19,5.65,20.0,
146.6,24955,581.9,-557.76,-0.008,5.314,30.0,1268,-1,60.29,False,-1,True,True,0.629,0.0,0.002,False,False,0.096,-0.0,27.12,1268,69.21,,,,,0,False,False,1.489,False,8.93,5.69,20.0,
146.65,24956,582.139,-557.638,-0.008,5.38,30.0,1268,-1,60.56,False,-1,True,True,0.75,0.0,-0.003,False,False,0.089,0.003,27.089,1268,69.21,,,,,0,False,False,1.487,False,8.66,5.66,20.0,
146.7,24957,582.388,-557.511,-0.009,5.744,30.0,1268,-1,60.84,False,-1,True,True,0.653,0.0,0.002,False,False,0.174,-0.003,27.135,1268,69.21,,,,,0,False,False,1.488,False,8.38,5.69,20.0,
146.75,24958,582.657,-557.374,-0.01,6.17,30.0,1268,-1,61.14,False,-1,True,True,0.0,0.3,-0.005,False,False,0.326,0.003,27.139,1268,69.21,,,,,0,False,False,1.488,False,8.08,5.87,20.0,
146.8,24959,582.936,-557.232,-0.011,6.269,30.0,1268,-1,61.45,False,-1,True,True,0.0,0.3,-0.002,False,False,0.402,0.005,27.127,1268,69.21,,,,,0,False,False,1.487,False,7.76,6.09,20.0,
146.85,24960,583.218,-557.087,-0.011,6.36,30.0,1268,-1,61.77,False,-1,True,True,0.0,0.3,-0.0,False,False,0.394,0.001,27.119,1268,69.21,,,,,0,False,False,1.486,False,7.45,6.13,20.0,
146.9,24961,583.497,-556.945,-0.01,6.218,30.0,1268,-1,62.08,False,-1,True,True,0.0,0.3,-0.0,False,False,0.311,-0.002,27.118,1268,69.21,,,,,0,False,False,1.485,False,7.13,6.18,20.0,
146.95,24962,583.771,-556.804,-0.009,6.14,30.0,1268,-1,62.39,False,-1,True,True,0.0,0.3,-0.001,False,False,0.202,-0.003,27.097,1268,69.21,,,,,0,False,False,1.483,False,6.83,6.11,20.0,
147.0,24963,584.037,-556.668,-0.008,5.907,30.0,1268,-1,62.69,False,-1,True,True,0.0,0.3,0.001,False,False,0.08,-0.006,27.12,1268,69.21,,,,,0,False,False,1.483,False,6.53,6.07,20.0,
147.05,24964,584.295,-556.536,-0.007,5.777,30.0,1268,-1,62.98,False,-1,True,True,0.0,0.3,-0.002,False,False,-0.024,-0.002,27.09,1268,69.21,,,,,0,False,False,1.481,False,6.24,5.95,20.0,
147.1,24965,584.545,-556.408,-0.006,5.514,30.0,1268,-1,63.26,False,-1,True,True,0.0,0.3,0.002,False,False,-0.116,-0.004,27.114,1268,69.21,,,,,0,False,False,1.481,False,5.96,5.89,20.0,
147.15,24966,584.786,-556.284,-0.006,5.404,30.0,1268,-1,63.53,False,-1,True,True,0.115,0.0,-0.002,False,False,-0.176,-0.0,27.085,1268,69.21,,,,,0,False,False,1.479,False,5.69,5.76,20.0,
147.2,24967,585.021,-556.164,-0.005,5.194,30.0,1268,-1,63.79,False,-1,True,True,0.511,0.0,0.002,False,False,-0.211,-0.001,27.116,1268,73.17,,,,,0,False,False,1.48,False,9.38,5.7,20.0,
147.25,24968,585.251,-556.047,-0.005,5.14,30.0,1268,-1,64.05,False,-1,True,True,0.75,0.0,-0.003,False,False,-0.214,0.003,27.091,1268,73.17,,,,,0,False,False,1.478,False,9.12,5.6,20.0,
147.3,24969,585.477,-555.932,-0.005,5.048,30.0,1268,-1,64.3,False,-1,True,True,0.75,0.0,0.001,False,False,-0.191,0.001,27.117,1268,73.17,,,,,0,False,False,1.479,False,8.86,5.57,20.0,
147.35,24970,585.704,-555.815,-0.006,5.116,30.0,1268,-1,64.56,False,-1,True,True,0.75,0.0,-0.003,False,False,-0.134,0.003,27.082,1268,73.17,,,,,0,False,False,1.477,False,8.61,5.52,20.0,
147.4,24971,585.925,-555.702,-0.006,4.812,30.0,1268,-1,64.81,False,-1,True,True,0.75,0.0,0.002,False,False,-0.131,-0.001,27.1,1268,73.17,,,,,0,False,False,1.477,False,8.36,5.56,20.0,
147.45,24972,586.129,-555.598,-0.005,4.469,30.0,1268,-1,65.04,False,-1,True,True,0.75,0.0,-0.002,False,False,-0.216,-0.001,27.115,1268,73.17,,,,,0,False,False,1.477,False,8.13,5.41,20.0,
147.5,24973,586.321,-555.5,-0.005,4.263,30.0,1268,-1,65.25,False,-1,True,True,0.75,0.0,-0.002,False,False,-0.283,0.002,27.112,1268,73.17,,,,,0,False,False,1.476,False,7.92,5.23,20.0,
147.55,24974,586.508,-555.404,-0.005,4.165,30.0,1268,-1,65.46,False,-1,True,True,0.75,0.0,-0.001,False,False,-0.294,0.001,27.108,1268,73.17,,,,,0,False,False,1.476,False,7.71,5.13,20.0,
147.6,24975,586.693,-555.31,-0.005,4.144,30.0,1268,-1,65.67,False,-1,True,True,0.75,0.0,-0.0,False,False,-0.254,-0.0,27.105,1268,73.17,,,,,0,False,False,1.475,False,7.5,5.08,20.0,
147.65,24976,586.879,-555.215,-0.006,4.171,30.0,1268,-1,65.88,False,-1,True,True,0.75,0.0,-0.0,False,False,-0.182,-0.001,27.103,1268,73.17,,,,,0,False,False,1.474,False,7.29,5.07,20.0,
147.7,24977,587.066,-555.119,-0.006,4.23,30.0,1268,-1,66.09,False,-1,True,True,0.75,0.0,-0.0,False,False,-0.099,-0.001,27.101,1268,73.17,,,,,0,False,False,1.474,False,7.08,5.09,20.0,
147.75,24978,587.257,-555.021,-0.007,4.306,30.0,1268,-1,66.3,False,-1,True,True,0.75,0.0,-0.0,False,False,-0.017,-0.001,27.099,1268,73.17,,,,,0,False,False,1.473,False,6.87,5.11,20.0,
147.8,24979,587.452,-554.922,-0.008,4.394,30.0,1268,-1,66.52,False,-1,True,True,0.75,0.0,-0.0,False,False,0.055,-0.001,27.098,1268,73.17,,,,,0,False,False,1.472,False,6.65,5.15,20.0,
147.85,24980,587.65,-554.82,-0.008,4.49,30.0,1268,-1,66.75,False,-1,True,True,0.75,0.0,-0.0,False,False,0.114,-0.0,27.096,1268,73.17,,,,,0,False,False,1.472,False,6.42,5.2,20.0,
147.9,24981,587.853,-554.716,-0.009,4.589,30.0,1268,-1,66.97,False,-1,True,True,0.75,0.0,-0.0,False,False,0.159,-0.0,27.095,1268,73.17,,,,,0,False,False,1.471,False,6.2,5.24,20.0,
147.95,24982,588.061,-554.61,-0.009,4.691,30.0,1268,-1,67.21,False,-1,True,True,0.75,0.0,-0.0,False,False,0.193,-0.0,27.094,1268,73.17,,,,,0,False,False,1.47,False,5.96,5.29,20.0,
148.0,24983,588.272,-554.502,-0.009,4.795,30.0,1268,-1,67.44,False,-1,True,True,0.75,0.0,-0.0,False,False,0.217,-0.0,27.093,1268,73.17,,,,,0,False,False,1.47,False,5.73,5.35,20.0,
148.05,24984,588.489,-554.391,-0.009,4.898,30.0,1268,-1,67.69,False,-1,True,True,0.75,0.0,-0.0,False,False,0.234,-0.0,27.092,1268,73.17,,,,,0,False,False,1.469,False,5.48,5.4,20.0,
148.1,24985,588.71,-554.278,-0.009,5.002,30.0,1268,-1,67.94,False,-1,True,True,0.75,0.0,-0.0,False,False,0.245,-0.0,27.092,1268,73.17,,,,,0,False,False,1.468,False,5.23,5.45,20.0,
148.15,24986,588.935,-554.163,-0.009,5.107,30.0,1268,-1,68.19,False,-1,True,True,0.75,0.0,-0.0,False,False,0.253,0.0,27.09,1268,77.12,,,,,0,False,False,1.468,False,8.94,5.5,20.0,
148.2,24987,589.165,-554.046,-0.009,5.166,30.0,1268,-1,68.45,False,-1,True,True,0.75,0.0,-0.0,False,False,0.254,0.0,27.09,1268,77.12,,,,,0,False,False,1.467,False,8.68,5.55,20.0,
148.25,24988,589.399,-553.926,-0.009,5.318,30.0,1268,-1,68.71,False,-1,True,True,0.75,0.0,-0.0,False,False,0.256,0.0,27.076,1268,77.12,,,,,0,False,False,1.466,False,8.41,5.58,20.0,
148.3,24989,589.633,-553.806,-0.009,5.222,30.0,1268,-1,68.97,False,-1,True,True,0.75,0.0,0.001,False,False,0.217,-0.002,27.109,1268,77.12,,,,,0,False,False,1.466,False,8.15,5.66,20.0,
148.35,24990,589.867,-553.687,-0.009,5.283,30.0,1268,-1,69.24,False,-1,True,True,0.75,0.0,-0.003,False,False,0.178,0.003,27.084,1268,77.12,,,,,0,False,False,1.465,False,7.89,5.61,20.0,
148.4,24991,590.1,-553.568,-0.008,5.22,30.0,1268,-1,69.5,False,-1,True,True,0.75,0.0,0.002,False,False,0.139,-0.0,27.118,1268,77.12,,,,,0,False,False,1.465,False,7.63,5.64,20.0,
148.45,24992,590.335,-553.448,-0.008,5.313,30.0,1268,-1,69.76,False,-1,True,True,0.75,0.0,-0.003,False,False,0.124,0.003,27.093,1268,77.12,,,,,0,False,False,1.464,False,7.36,5.61,20.0,
148.5,24993,590.57,-553.328,-0.008,5.245,30.0,1268,-1,70.02,False,-1,True,True,0.75,0.0,0.002,False,False,0.107,-0.0,27.126,1268,77.12,,,,,0,False,False,1.465,False,7.1,5.66,20.0,
148.55,24994,590.805,-553.207,-0.008,5.312,30.0,1268,-1,70.29,False,-1,True,True,0.75,0.0,-0.003,False,False,0.098,0.003,27.096,1268,77.12,,,,,0,False,False,1.463,False,6.84,5.62,20.0,
148.6,24995,591.044,-553.085,-0.008,5.495,30.0,1268,-1,70.56,False,-1,True,True,0.75,0.0,0.002,False,False,0.124,-0.002,27.131,1268,77.12,,,,,0,False,False,1.463,False,6.57,5.66,20.0,
148.65,24996,591.304,-552.953,-0.01,6.002,30.0,1268,-1,70.85,False,-1,True,True,0.243,0.0,-0.004,False,False,0.278,0.002,27.145,1268,77.12,,,,,0,False,False,1.463,False,6.28,5.75,20.0,
148.7,24997,591.578,-552.813,-0.011,6.192,30.0,1268,-1,71.16,False,-1,True,True,0.0,0.3,-0.003,False,False,0.396,0.005,27.137,1268,77.12,,,,,0,False,False,1.463,False,5.97,6.0,20.0,
148.75,24998,591.858,-552.67,-0.011,6.331,30.0,1268,-1,71.47,False,-1,True,True,0.0,0.3,-0.001,False,False,0.424,0.003,27.126,1268,81.08,,,,,0,False,False,1.461,False,9.61,6.1,20.0,
148.8,24999,592.137,-552.527,-0.01,6.217,30.0,1268,-1,71.78,False,-1,True,True,0.0,0.3,-0.0,False,False,0.359,-0.001,27.119,1268,81.08,,,,,0,False,False,1.46,False,9.3,6.17,20.0,
148.85,25000,592.411,-552.387,-0.009,6.161,30.0,1268,-1,72.09,False,-1,True,True,0.0,0.3,-0.0,False,False,0.255,-0.003,27.112,1268,81.08,,,,,0,False,False,1.459,False,8.99,6.11,20.0,
148.9,25001,592.679,-552.25,-0.008,5.938,30.0,1268,-1,72.39,False,-1,True,True,0.0,0.3,-0.0,False,False,0.13,-0.004,27.122,1268,81.08,,,,,0,False,False,1.459,False,8.69,6.08,20.0,
148.95,25002,592.939,-552.117,-0.007,5.813,30.0,1268,-1,72.69,False,-1,True,True,0.0,0.3,-0.002,False,False,0.019,-0.001,27.091,1268,81.08,,,,,0,False,False,1.457,False,8.4,5.97,20.0,
149.0,25003,593.19,-551.988,-0.006,5.554,30.0,1268,-1,72.97,False,-1,True,True,0.0,0.3,0.002,False,False,-0.082,-0.005,27.116,1268,81.08,,,,,0,False,False,1.457,False,8.11,5.91,20.0,
149.05,25004,593.433,-551.864,-0.006,5.441,30.0,1268,-1,73.24,False,-1,True,True,0.0,0.025,-0.003,False,False,-0.151,-0.001,27.087,1268,81.08,,,,,0,False,False,1.455,False,7.84,5.78,20.0,
149.1,25005,593.669,-551.743,-0.005,5.222,30.0,1268,-1,73.51,False,-1,True,True,0.381,0.0,0.002,False,False,-0.196,-0.002,27.12,1268,81.08,,,,,0,False,False,1.455,False,7.58,5.72,20.0,
149.15,25006,593.899,-551.625,-0.005,5.153,30.0,1268,-1,73.76,False,-1,True,True,0.75,0.0,-0.003,False,False,-0.21,0.002,27.096,1268,81.08,,,,,0,False,False,1.454,False,7.32,5.61,20.0,
149.2,25007,594.125,-551.51,-0.005,5.018,30.0,1268,-1,74.02,False,-1,True,True,0.75,0.0,0.001,False,False,-0.206,0.0,27.126,1268,81.08,,,,,0,False,False,1.454,False,7.06,5.58,20.0,
149.25,25008,594.35,-551.395,-0.006,5.085,30.0,1268,-1,74.27,False,-1,True,True,0.75,0.0,-0.003,False,False,-0.155,0.003,27.09,1268,81.08,,,,,0,False,False,1.452,False,6.81,5.51,20.0,
149.3,25009,594.574,-551.28,-0.006,4.913,30.0,1268,-1,74.52,False,-1,True,True,0.75,0.0,0.002,False,False,-0.115,-0.001,27.092,1268,81.08,,,,,0,False,False,1.452,False,6.56,5.54,20.0,
149.35,25010,594.783,-551.174,-0.006,4.554,30.0,1268,-1,74.76,False,-1,True,True,0.75,0.0,-0.0,False,False,-0.18,-0.003,27.122,1268,81.08,,,,,0,False,False,1.452,False,6.32,5.46,20.0,
149.4,25011,594.978,-551.074,-0.005,4.296,30.0,1268,-1,74.98,False,-1,True,True,0.75,0.0,-0.003,False,False,-0.263,0.001,27.122,1268,81.08,,,,,0,False,False,1.452,False,6.11,5.28,20.0,
149.45,25012,595.165,-550.979,-0.005,4.159,30.0,1268,-1,75.19,False,-1,True,True,0.75,0.0,-0.001,False,False,-0.297,0.002,27.117,1268,81.08,,,,,0,False,False,1.451,False,5.9,5.15,20.0,
149.5,25013,595.349,-550.885,-0.005,4.111,30.0,1268,-1,75.39,False,-1,True,True,0.75,0.0,-0.0,False,False,-0.275,0.0,27.113,1268,81.08,,,,,0,False,False,1.451,False,5.69,5.08,20.0,
149.55,25014,595.532,-550.791,-0.005,4.123,30.0,1268,-1,75.6,False,-1,True,True,0.75,0.0,-0.0,False,False,-0.214,-0.001,27.111,1268,81.08,,,,,0,False,False,1.45,False,5.48,5.06,20.0,
149.6,25015,595.717,-550.696,-0.006,4.171,30.0,1268,-1,75.81,False,-1,True,True,0.75,0.0,-0.0,False,False,-0.132,-0.001,27.109,1268,81.08,,,,,0,False,False,1.449,False,5.27,5.06,20.0,
149.65,25016,595.906,-550.599,-0.007,4.242,30.0,1268,-1,76.02,False,-1,True,True,0.75,0.0,-0.0,False,False,-0.048,-0.001,27.107,1268,81.08,,,,,0,False,False,1.448,False,5.06,5.09,20.0,
149.7,25017,596.097,-550.501,-0.008,4.327,30.0,1268,-1,76.23,False,-1,True,True,0.75,0.0,-0.0,False,False,0.028,-0.0,27.105,1268,85.04,,,,,0,False,False,1.448,False,8.8,5.12,20.0,
149.75,25018,596.293,-550.401,-0.008,4.42,30.0,1268,-1,76.45,False,-1,True,True,0.75,0.0,-0.0,False,False,0.092,-0.0,27.103,1268,85.04,,,,,0,False,False,1.447,False,8.58,5.16,20.0,
149.8,25019,596.493,-550.299,-0.008,4.518,30.0,1268,-1,76.68,False,-1,True,True,0.75,0.0,-0.0,False,False,0.143,0.0,27.101,1268,85.04,,,,,0,False,False,1.446,False,8.36,5.21,20.0,
149.85,25020,596.697,-550.195,-0.009,4.62,30.0,1268,-1,76.91,False,-1,True,True,0.75,0.0,-0.0,False,False,0.182,0.0,27.099,1268,85.04,,,,,0,False,False,1.446,False,8.13,5.26,20.0,
149.9,25021,596.905,-550.088,-0.009,4.723,30.0,1268,-1,77.14,False,-1,True,True,0.75,0.0,-0.0,False,False,0.209,0.0,27.097,1268,85.04,,,,,0,False,False,1.445,False,7.9,5.31,20.0,
149.95,25022,597.119,-549.979,-0.009,4.827,30.0,1268,-1,77.38,False,-1,True,True,0.75,0.0,-0.0,False,False,0.229,0.0,27.096,1268,85.04,,,,,0,False,False,1.444,False,7.66,5.36,20.0,
150.0,25023,597.336,-549.868,-0.009,4.931,30.0,1268,-1,77.62,False,-1,True,True,0.75,0.0,-0.0,False,False,0.242,0.0,27.095,1268,85.04,,,,,0,False,False,1.444,False,7.41,5.41,20.0,
150.05,25024,597.559,-549.754,-0.009,5.035,30.0,1268,-1,77.87,False,-1,True,True,0.75,0.0,-0.0,False,False,0.251,0.0,27.094,1268,85.04,,,,,0,False,False,1.443,False,7.16,5.47,20.0,
150.1,25025,597.786,-549.638,-0.009,5.136,30.0,1268,-1,78.13,False,-1,True,True,0.75,0.0,-0.0,False,False,0.256,0.0,27.093,1268,85.04,,,,,0,False,False,1.442,False,6.91,5.52,20.0,
150.15,25026,598.017,-549.519,-0.009,5.274,30.0,1268,-1,78.39,False,-1,True,True,0.75,0.0,-0.0,False,False,0.26,0.0,27.092,1268,85.04,,,,,0,False,False,1.441,False,6.65,5.57,20.0,
150.2,25027,598.253,-549.399,-0.009,5.302,30.0,1268,-1,78.65,False,-1,True,True,0.75,0.0,-0.0,False,False,0.256,0.0,27.093,1268,85.04,,,,,0,False,False,1.441,False,6.38,5.64,20.0,
150.25,25028,598.492,-549.276,-0.009,5.423,30.0,1268,-1,78.92,False,-1,True,True,0.75,0.0,-0.0,False,False,0.252,0.001,27.077,1268,85.04,,,,,0,False,False,1.44,False,6.11,5.65,20.0,
150.3,25029,598.731,-549.154,-0.009,5.328,30.0,1268,-1,79.19,False,-1,True,True,0.529,0.0,0.001,False,False,0.208,-0.002,27.11,1268,85.04,,,,,0,False,False,1.44,False,5.84,5.71,20.0,
150.35,25030,598.969,-549.033,-0.008,5.375,30.0,1268,-1,79.46,False,-1,True,True,0.75,0.0,-0.003,False,False,0.164,0.003,27.085,1268,85.04,,,,,0,False,False,1.438,False,5.58,5.66,20.0,
150.4,25031,599.206,-548.912,-0.008,5.296,30.0,1268,-1,79.72,False,-1,True,True,0.689,0.0,0.001,False,False,0.122,0.0,27.118,1268,88.99,,,,,0,False,False,1.439,False,9.27,5.69,20.0,
150.45,25032,599.443,-548.79,-0.008,5.369,30.0,1268,-1,79.99,False,-1,True,True,0.75,0.0,-0.003,False,False,0.102,0.004,27.093,1268,88.99,,,,,0,False,False,1.437,False,9.0,5.65,20.0,
150.5,25033,599.681,-548.669,-0.008,5.317,30.0,1268,-1,80.26,False,-1,True,True,0.699,0.0,0.002,False,False,0.088,0.0,27.124,1268,88.99,,,,,0,False,False,1.438,False,8.73,5.68,20.0,
150.55,25034,599.92,-548.547,-0.008,5.397,30.0,1268,-1,80.53,False,-1,True,True,0.75,0.0,-0.003,False,False,0.09,0.003,27.096,1268,88.99,,,,,0,False,False,1.436,False,8.46,5.66,20.0,
150.6,25035,600.158,-548.425,-0.008,5.325,30.0,1268,-1,80.79,False,-1,True,True,0.59,0.0,0.002,False,False,0.081,-0.001,27.122,1268,88.99,,,,,0,False,False,1.437,False,8.2,5.7,20.0,
150.65,25036,600.397,-548.303,-0.008,5.436,30.0,1268,-1,81.06,False,-1,True,True,0.75,0.0,-0.003,False,False,0.083,0.001,27.096,1268,88.99,,,,,0,False,False,1.435,False,7.93,5.66,20.0,
150.7,25037,600.652,-548.172,-0.009,5.84,30.0,1268,-1,81.35,False,-1,True,True,0.448,0.0,0.002,False,False,0.2,-0.002,27.07,1268,88.99,,,,,0,False,False,1.433,False,7.64,5.72,20.0,
150.75,25038,600.924,-548.033,-0.01,6.255,30.0,1268,-1,81.65,False,-1,True,True,0.448,0.0,0.002,False,False,0.351,-0.005,27.065,1268,88.99,,,,,0,False,False,1.432,False,7.34,5.92,20.0,
150.8,25039,601.207,-547.888,-0.011,6.387,30.0,1268,-1,81.97,False,-1,True,True,0.0,0.3,0.001,False,False,0.431,-0.005,27.068,1268,88.99,,,,,0,False,False,1.431,False,7.02,6.13,20.0,
150.85,25040,601.495,-547.741,-0.011,6.482,30.0,1268,-1,82.3,False,-1,True,True,0.0,0.3,0.0,False,False,0.424,-0.002,27.071,1268,88.99,,,,,0,False,False,1.43,False,6.7,6.19,20.0,
150.9,25041,601.779,-547.595,-0.01,6.344,30.0,1268,-1,82.61,False,-1,True,True,0.0,0.3,0.0,False,False,0.337,-0.0,27.073,1268,88.99,,,,,0,False,False,1.429,False,6.38,6.24,20.0,
150.95,25042,602.059,-547.452,-0.009,6.27,30.0,1268,-1,82.93,False,-1,True,True,0.0,0.3,0.0,False,False,0.223,0.001,27.086,1268,88.99,,,,,0,False,False,1.429,False,6.06,6.17,20.0,
151.0,25043,602.331,-547.313,-0.008,6.038,30.0,1268,-1,83.23,False,-1,True,True,0.0,0.3,-0.001,False,False,0.096,0.003,27.064,1268,92.95,,,,,0,False,False,1.428,False,9.71,6.13,20.0,
151.05,25044,602.595,-547.178,-0.007,5.905,30.0,1268,-1,83.53,False,-1,True,True,0.0,0.3,0.002,False,False,-0.013,0.0,27.092,1268,92.95,,,,,0,False,False,1.428,False,9.41,6.02,20.0,
151.1,25045,602.85,-547.047,-0.006,5.641,30.0,1268,-1,83.82,False,-1,True,True,0.0,0.3,-0.002,False,False,-0.109,0.003,27.067,1268,92.95,,,,,0,False,False,1.426,False,9.13,5.95,20.0,
151.15,25046,603.097,-546.922,-0.005,5.494,30.0,1268,-1,84.1,False,-1,True,True,0.0,0.3,0.002,False,False,-0.179,0.0,27.095,1268,92.95,,,,,0,False,False,1.427,False,8.85,5.82,20.0,
151.2,25047,603.335,-546.8,-0.005,5.251,30.0,1268,-1,84.36,False,-1,True,True,0.177,0.0,-0.002,False,False,-0.231,0.002,27.064,1268,92.95,,,,,0,False,False,1.425,False,8.58,5.75,20.0,
151.25,25048,603.566,-546.682,-0.005,5.173,30.0,1268,-1,84.62,False,-1,True,True,0.75,0.0,0.003,False,False,-0.244,-0.002,27.087,1268,92.95,,,,,0,False,False,1.425,False,8.32,5.63,20.0,
151.3,25049,603.795,-546.564,-0.005,5.102,30.0,1268,-1,84.88,False,-1,True,True,0.75,0.0,-0.002,False,False,-0.215,-0.0,27.041,1268,92.95,,,,,0,False,False,1.422,False,8.07,5.59,20.0,
151.35,25050,604.024,-546.447,-0.006,5.17,30.0,1268,-1,85.14,False,-1,True,True,0.75,0.0,0.004,False,False,-0.151,-0.006,27.07,1268,92.95,,,,,0,False,False,1.423,False,7.81,5.55,20.0,
151.4,25051,604.243,-546.335,-0.006,4.749,30.0,1268,-1,85.38,False,-1,True,True,0.75,0.0,-0.002,False,False,-0.176,-0.002,27.096,1268,92.95,,,,,0,False,False,1.423,False,7.56,5.59,20.0,
151.45,25052,604.444,-546.233,-0.005,4.389,30.0,1268,-1,85.61,False,-1,True,True,0.75,0.0,-0.002,False,False,-0.274,0.002,27.127,1268,92.95,,,,,0,False,False,1.424,False,7.34,5.37,20.0,
151.5,25053,604.632,-546.137,-0.004,4.17,30.0,1268,-1,85.82,False,-1,True,True,0.75,0.0,-0.003,False,False,-0.341,0.006,27.125,1268,92.95,,,,,0,False,False,1.423,False,7.13,5.19,20.0,
151.55,25054,604.815,-546.043,-0.004,4.063,30.0,1268,-1,86.02,False,-1,True,True,0.75,0.0,-0.001,False,False,-0.346,0.004,27.118,1268,92.95,,,,,0,False,False,1.422,False,6.92,5.08,20.0,
151.6,25055,604.995,-545.951,-0.005,4.037,30.0,1268,-1,86.23,False,-1,True,True,0.75,0.0,-0.001,False,False,-0.298,0.001,27.114,1268,92.95,,,,,0,False,False,1.422,False,6.72,5.03,20.0,
151.65,25056,605.176,-545.859,-0.005,4.063,30.0,1268,-1,86.43,False,-1,True,True,0.75,0.0,-0.001,False,False,-0.217,-0.0,27.11,1268,92.95,,,,,0,False,False,1.421,False,6.52,5.02,20.0,
151.7,25057,605.359,-545.765,-0.006,4.12,30.0,1268,-1,86.64,False,-1,True,True,0.75,0.0,-0.0,False,False,-0.124,-0.001,27.107,1268,92.95,,,,,0,False,False,1.42,False,6.31,5.03,20.0,
151.75,25058,605.545,-545.67,-0.007,4.197,30.0,1268,-1,86.84,False,-1,True,True,0.75,0.0,-0.001,False,False,-0.035,-0.001,27.104,1268,92.95,,,,,0,False,False,1.419,False,6.1,5.06,20.0,
151.8,25059,605.735,-545.573,-0.008,4.286,30.0,1268,-1,87.06,False,-1,True,True,0.75,0.0,-0.0,False,False,0.043,-0.001,27.102,1268,92.95,,,,,0,False,False,1.418,False,5.89,5.1,20.0,
151.85,25060,605.929,-545.474,-0.008,4.382,30.0,1268,-1,87.28,False,-1,True,True,0.75,0.0,-0.0,False,False,0.107,-0.001,27.1,1268,92.95,,,,,0,False,False,1.418,False,5.67,5.14,20.0,
151.9,25061,606.127,-545.372,-0.009,4.483,30.0,1268,-1,87.5,False,-1,True,True,0.75,0.0,-0.0,False,False,0.155,-0.001,27.098,1268,92.95,,,,,0,False,False,1.417,False,5.45,5.19,20.0,
151.95,25062,606.33,-545.269,-0.009,4.585,30.0,1268,-1,87.73,False,-1,True,True,0.75,0.0,-0.0,False,False,0.191,-0.0,27.096,1268,92.95,,,,,0,False,False,1.416,False,5.22,5.24,20.0,
152.0,25063,606.537,-545.163,-0.009,4.69,30.0,1268,-1,87.96,False,-1,True,True,0.75,0.0,-0.0,False,False,0.217,0.0,27.094,1268,96.9,,,,,0,False,False,1.415,False,8.94,5.29,20.0,
152.05,25064,606.748,-545.055,-0.009,4.794,30.0,1268,-1,88.2,False,-1,True,True,0.75,0.0,-0.0,False,False,0.235,0.0,27.092,1268,96.9,,,,,0,False,False,1.414,False,8.7,5.34,20.0,
152.1,25065,606.965,-544.944,-0.009,4.899,30.0,1268,-1,88.44,False,-1,True,True,0.75,0.0,-0.0,False,False,0.246,-0.0,27.091,1268,96.9,,,,,0,False,False,1.413,False,8.46,5.4,20.0,
152.15,25066,607.186,-544.831,-0.009,5.003,30.0,1268,-1,88.69,False,-1,True,True,0.75,0.0,-0.0,False,False,0.254,-0.0,27.09,1268,96.9,,,,,0,False,False,1.412,False,8.21,5.45,20.0,
152.2,25067,607.411,-544.716,-0.009,5.108,30.0,1268,-1,88.94,False,-1,True,True,0.75,0.0,-0.0,False,False,0.258,-0.0,27.09,1268,96.9,,,,,0,False,False,1.411,False,7.96,5.5,20.0,
152.25,25068,607.641,-544.598,-0.009,5.167,30.0,1268,-1,89.2,False,-1,True,True,0.75,0.0,-0.0,False,False,0.258,-0.0,27.089,1268,96.9,,,,,0,False,False,1.41,False,7.7,5.55,20.0,
152.3,25069,607.876,-544.478,-0.009,5.341,30.0,1268,-1,89.46,False,-1,True,True,0.75,0.0,-0.0,False,False,0.261,-0.0,27.093,1268,96.9,,,,,0,False,False,1.409,False,7.44,5.58,20.0,
152.35,25070,608.112,-544.357,-0.009,5.267,30.0,1268,-1,89.73,False,-1,True,True,0.75,0.0,-0.001,False,False,0.234,0.001,27.07,1268,96.9,,,,,0,False,False,1.407,False,7.17,5.67,20.0,
152.4,25071,608.347,-544.237,-0.009,5.324,30.0,1268,-1,89.99,False,-1,True,True,0.75,0.0,0.002,False,False,0.194,-0.003,27.095,1268,96.9,,,,,0,False,False,1.407,False,6.91,5.63,20.0,
152.45,25072,608.582,-544.117,-0.008,5.257,30.0,1268,-1,90.26,False,-1,True,True,0.75,0.0,-0.002,False,False,0.151,0.001,27.059,1268,96.9,,,,,0,False,False,1.404,False,6.65,5.66,20.0,
152.5,25073,608.818,-543.996,-0.008,5.345,30.0,1268,-1,90.52,False,-1,True,True,0.75,0.0,0.003,False,False,0.131,-0.003,27.082,1268,96.9,,,,,0,False,False,1.404,False,6.38,5.63,20.0,
152.55,25074,609.054,-543.875,-0.008,5.281,30.0,1268,-1,90.79,False,-1,True,True,0.75,0.0,-0.002,False,False,0.112,0.0,27.053,1268,96.9,,,,,0,False,False,1.401,False,6.11,5.67,20.0,
152.6,25075,609.291,-543.754,-0.008,5.349,30.0,1268,-1,91.05,False,-1,True,True,0.75,0.0,0.003,False,False,0.101,-0.002,27.083,1268,96.9,,,,,0,False,False,1.401,False,5.85,5.64,20.0,
152.65,25076,609.529,-543.632,-0.008,5.429,30.0,1268,-1,91.32,False,-1,True,True,0.75,0.0,-0.002,False,False,0.104,0.002,27.082,1268,96.9,,,,,0,False,False,1.4,False,5.58,5.67,20.0,
152.7,25077,609.787,-543.501,-0.009,5.955,30.0,1268,-1,91.61,False,-1,True,True,0.481,0.0,-0.0,False,False,0.245,0.004,27.102,1268,100.86,,,,,0,False,False,1.4,False,9.25,5.71,20.0,
152.75,25078,610.06,-543.361,-0.01,6.183,30.0,1268,-1,91.92,False,-1,True,True,0.0,0.3,-0.002,False,False,0.375,0.006,27.104,1268,100.86,,,,,0,False,False,1.399,False,8.95,5.98,20.0,
152.8,25079,610.341,-543.218,-0.011,6.36,30.0,1268,-1,92.23,False,-1,True,True,0.0,0.3,-0.001,False,False,0.424,0.005,27.098,1268,100.86,,,,,0,False,False,1.397,False,8.63,6.09,20.0,
152.85,25080,610.622,-543.074,-0.01,6.273,30.0,1268,-1,92.55,False,-1,True,True,0.0,0.3,-0.0,False,False,0.377,0.002,27.095,1268,100.86,,,,,0,False,False,1.396,False,8.32,6.18,20.0,
152.9,25081,610.899,-542.932,-0.01,6.233,30.0,1268,-1,92.86,False,-1,True,True,0.0,0.3,-0.0,False,False,0.282,-0.001,27.09,1268,100.86,,,,,0,False,False,1.394,False,8.0,6.14,20.0,
152.95,25082,611.17,-542.794,-0.008,6.018,30.0,1268,-1,93.16,False,-1,True,True,0.0,0.3,-0.0,False,False,0.159,-0.002,27.102,1268,100.86,,,,,0,False,False,1.393,False,7.7,6.12,20.0,
153.0,25083,611.434,-542.659,-0.007,5.897,30.0,1268,-1,93.46,False,-1,True,True,0.0,0.3,-0.002,False,False,0.045,0.0,27.073,1268,100.86,,,,,0,False,False,1.391,False,7.4,6.01,20.0,
153.05,25084,611.689,-542.529,-0.007,5.64,30.0,1268,-1,93.74,False,-1,True,True,0.0,0.3,0.002,False,False,-0.061,-0.004,27.099,1268,100.86,,,,,0,False,False,1.39,False,7.12,5.95,20.0,
153.1,25085,611.935,-542.402,-0.006,5.498,30.0,1268,-1,94.02,False,-1,True,True,0.0,0.3,-0.002,False,False,-0.14,-0.001,27.07,1268,100.86,,,,,0,False,False,1.388,False,6.84,5.82,20.0,
153.15,25086,612.173,-542.281,-0.005,5.259,30.0,1268,-1,94.29,False,-1,True,True,0.172,0.0,0.002,False,False,-0.2,-0.003,27.101,1268,100.86,,,,,0,False,False,1.388,False,6.57,5.75,20.0,
153.2,25087,612.405,-542.162,-0.005,5.183,30.0,1268,-1,94.55,False,-1,True,True,0.75,0.0,-0.003,False,False,-0.221,0.002,27.078,1268,100.86,,,,,0,False,False,1.386,False,6.31,5.63,20.0,
153.25,25088,612.631,-542.047,-0.005,5.015,30.0,1268,-1,94.8,False,-1,True,True,0.75,0.0,0.002,False,False,-0.225,0.0,27.117,1268,100.86,,,,,0,False,False,1.386,False,6.06,5.59,20.0,
153.3,25089,612.857,-541.932,-0.006,5.087,30.0,1268,-1,95.06,False,-1,True,True,0.75,0.0,-0.004,False,False,-0.177,0.005,27.095,1268,100.86,,,,,0,False,False,1.384,False,5.81,5.51,20.0,
153.35,25090,613.082,-541.817,-0.006,5.011,30.0,1268,-1,95.31,False,-1,True,True,0.75,0.0,0.001,False,False,-0.124,0.002,27.125,1268,100.86,,,,,0,False,False,1.384,False,5.55,5.54,20.0,
153.4,25091,613.294,-541.708,-0.006,4.615,30.0,1268,-1,95.55,False,-1,True,True,0.75,0.0,-0.003,False,False,-0.169,0.003,27.096,1268,100.86,,,,,0,False,False,1.382,False,5.32,5.51,20.0,
153.45,25092,613.491,-541.608,-0.005,4.322,30.0,1268,-1,95.77,False,-1,True,True,0.75,0.0,0.002,False,False,-0.258,-0.001,27.087,1268,100.86,,,,,0,False,False,1.381,False,5.09,5.31,20.0,
153.5,25093,613.678,-541.513,-0.005,4.158,30.0,1268,-1,95.98,False,-1,True,True,0.75,0.0,-0.025,False,False,-0.306,0.034,27.019,1268,104.81,,,,,0,False,False,1.379,False,8.85,5.16,20.0,
153.55,25094,613.862,-541.42,-0.005,4.091,30.0,1268,-1,96.18,False,-1,True,True,0.75,0.0,-0.001,False,False,-0.295,0.028,26.972,1268,104.81,,,,,0,False,False,1.377,False,8.64,5.08,20.0,
153.6,25095,614.045,-541.328,-0.005,4.091,30.0,1268,-1,96.39,False,-1,True,True,0.75,0.0,-0.001,False,False,-0.238,0.012,26.957,1268,104.81,,,,,0,False,False,1.377,False,8.44,5.05,20.0,
153.65,25096,614.229,-541.235,-0.006,4.132,30.0,1268,-1,96.6,False,-1,True,True,0.75,0.0,-0.003,False,False,-0.158,0.006,26.944,1268,104.81,,,,,0,False,False,1.376,False,8.23,5.05,20.0,
153.7,25097,614.416,-541.14,-0.007,4.199,30.0,1268,-1,96.8,False,-1,True,True,0.75,0.0,-0.003,False,False,-0.071,0.004,26.929,1268,104.81,,,,,0,False,False,1.375,False,8.02,5.07,20.0,
153.75,25098,614.606,-541.044,-0.007,4.281,30.0,1268,-1,97.02,False,-1,True,True,0.75,0.0,-0.002,False,False,0.009,0.002,26.916,1268,104.81,,,,,0,False,False,1.375,False,7.81,5.1,20.0,
153.8,25099,614.799,-540.945,-0.008,4.373,30.0,1268,-1,97.24,False,-1,True,True,0.75,0.0,-0.002,False,False,0.077,0.001,26.905,1268,104.81,,,,,0,False,False,1.374,False,7.59,5.14,20.0,
153.85,25100,614.998,-540.845,-0.008,4.471,30.0,1268,-1,97.46,False,-1,True,True,0.75,0.0,-0.002,False,False,0.132,0.0,26.896,1268,104.81,,,,,0,False,False,1.373,False,7.37,5.19,20.0,
153.9,25101,615.2,-540.743,-0.009,4.572,30.0,1268,-1,97.68,False,-1,True,True,0.75,0.0,-0.001,False,False,0.173,0.0,26.887,1268,104.81,,,,,0,False,False,1.373,False,7.14,5.24,20.0,
153.95,25102,615.407,-540.638,-0.009,4.675,30.0,1268,-1,97.92,False,-1,True,True,0.75,0.0,-0.001,False,False,0.204,-0.0,26.88,1268,104.81,,,,,0,False,False,1.372,False,6.91,5.29,20.0,
154.0,25103,615.619,-540.531,-0.009,4.779,30.0,1268,-1,98.15,False,-1,True,True,0.75,0.0,-0.001,False,False,0.225,-0.0,26.874,1268,104.81,,,,,0,False,False,1.372,False,6.67,5.34,20.0,
154.05,25104,615.835,-540.422,-0.009,4.883,30.0,1268,-1,98.4,False,-1,True,True,0.75,0.0,-0.001,False,False,0.24,-0.0,26.868,1268,104.81,,,,,0,False,False,1.372,False,6.43,5.39,20.0,
154.1,25105,616.055,-540.31,-0.009,4.988,30.0,1268,-1,98.64,False,-1,True,True,0.75,0.0,-0.001,False,False,0.249,-0.0,26.863,1268,104.81,,,,,0,False,False,1.371,False,6.18,5.44,20.0,
154.15,25106,616.281,-540.196,-0.009,5.091,30.0,1268,-1,98.9,False,-1,True,True,0.75,0.0,-0.001,False,False,0.256,-0.0,26.86,1268,104.81,,,,,0,False,False,1.371,False,5.93,5.49,20.0,
154.2,25107,616.511,-540.079,-0.009,5.223,30.0,1268,-1,99.15,False,-1,True,True,0.75,0.0,-0.0,False,False,0.261,-0.0,26.856,1268,104.81,,,,,0,False,False,1.371,False,5.67,5.55,20.0,
154.25,25108,616.745,-539.961,-0.009,5.255,30.0,1268,-1,99.42,False,-1,True,True,0.75,0.0,-0.0,False,False,0.256,-0.0,26.853,1268,104.81,,,,,0,False,False,1.37,False,5.41,5.61,20.0,
154.3,25109,616.983,-539.838,-0.009,5.409,30.0,1268,-1,99.68,False,-1,True,True,0.75,0.0,0.033,False,False,0.257,-0.065,26.971,1268,108.77,,,,,0,False,False,1.371,False,9.0,5.63,20.0,
154.35,25110,617.22,-539.715,-0.009,5.313,30.0,1268,-1,99.95,False,-1,True,True,0.584,0.0,-0.002,False,False,0.22,-0.052,27.03,1268,108.77,,,,,0,False,False,1.37,False,8.74,5.7,20.0,
154.4,25111,617.457,-539.594,-0.009,5.36,30.0,1268,-1,100.22,False,-1,True,True,0.75,0.0,-0.0,False,False,0.176,-0.025,27.085,1268,108.77,,,,,0,False,False,1.369,False,8.47,5.66,20.0,
154.45,25112,617.694,-539.473,-0.008,5.285,30.0,1268,-1,100.48,False,-1,True,True,0.747,0.0,-0.001,False,False,0.132,-0.006,27.062,1268,108.77,,,,,0,False,False,1.365,False,8.21,5.68,20.0,
154.5,25113,617.931,-539.352,-0.008,5.364,30.0,1268,-1,100.75,False,-1,True,True,0.75,0.0,0.005,False,False,0.112,-0.006,27.097,1268,108.77,,,,,0,False,False,1.363,False,7.94,5.64,20.0,
154.55,25114,618.168,-539.23,-0.008,5.318,30.0,1268,-1,101.01,False,-1,True,True,0.719,0.0,-0.0,False,False,0.099,-0.001,27.075,1268,108.77,,,,,0,False,False,1.359,False,7.67,5.68,20.0,
154.6,25115,618.406,-539.108,-0.008,5.384,30.0,1268,-1,101.27,False,-1,True,True,0.75,0.0,0.004,False,False,0.095,-0.004,27.109,1268,108.77,,,,,0,False,False,1.356,False,7.4,5.66,20.0,
154.65,25116,618.644,-538.986,-0.008,5.311,30.0,1268,-1,101.54,False,-1,True,True,0.64,0.0,-0.001,False,False,0.082,0.001,27.088,1268,108.77,,,,,0,False,False,1.352,False,7.14,5.69,20.0,
154.7,25117,618.889,-538.859,-0.008,5.731,30.0,1268,-1,101.82,False,-1,True,True,0.75,0.0,0.004,False,False,0.147,-0.002,27.087,1268,108.77,,,,,0,False,False,1.348,False,6.86,5.66,20.0,
154.75,25118,619.154,-538.723,-0.01,6.048,30.0,1268,-1,102.12,False,-1,True,True,0.0,0.3,0.002,False,False,0.296,-0.004,27.086,1268,108.77,,,,,0,False,False,1.343,False,6.56,5.87,20.0,
154.8,25119,619.432,-538.58,-0.011,6.33,30.0,1268,-1,102.43,False,-1,True,True,0.0,0.3,0.002,False,False,0.4,-0.003,27.096,1268,108.77,,,,,0,False,False,1.339,False,6.25,6.02,20.0,
154.85,25120,619.714,-538.436,-0.011,6.319,30.0,1268,-1,102.74,False,-1,True,True,0.0,0.3,0.001,False,False,0.405,-0.0,27.106,1268,108.77,,,,,0,False,False,1.335,False,5.93,6.17,20.0,
154.9,25121,619.993,-538.288,-0.01,6.317,30.0,1268,-1,103.06,False,-1,True,True,0.0,0.3,0.101,False,False,0.34,-0.134,27.324,1268,112.72,,,,,0,False,False,1.333,False,9.56,6.16,20.0,
154.95,25122,620.265,-538.141,-0.009,6.13,30.0,1268,-1,103.37,False,-1,True,True,0.0,0.3,0.018,False,False,0.226,-0.17,27.628,1268,112.72,,,,,0,False,False,1.332,False,9.26,6.16,20.0,
155.0,25123,620.533,-538.0,-0.008,6.024,30.0,1268,-1,103.67,False,-1,True,True,0.0,0.3,0.001,False,False,0.111,-0.099,27.805,1268,112.72,,,,,0,False,False,1.33,False,8.95,6.06,20.0,
155.05,25124,620.791,-537.862,-0.007,5.778,30.0,1268,-1,103.96,False,-1,True,True,0.0,0.3,0.005,False,False,-0.003,-0.051,27.871,1268,112.72,,,,,0,False,False,1.323,False,8.66,6.01,20.0,
155.1,25125,621.042,-537.729,-0.006,5.639,30.0,1268,-1,104.25,False,-1,True,True,0.0,0.3,0.011,False,False,-0.093,-0.037,27.973,1268,112.72,,,,,0,False,False,1.318,False,8.38,5.89,20.0,
155.15,25126,621.283,-537.6,-0.006,5.37,30.0,1268,-1,104.52,False,-1,True,True,0.0,0.3,0.005,False,False,-0.171,-0.025,28.011,1268,112.72,,,,,0,False,False,1.311,False,8.1,5.82,20.0,
155.2,25127,621.516,-537.475,-0.005,5.258,30.0,1268,-1,104.79,False,-1,True,True,0.631,0.0,0.008,False,False,-0.217,-0.022,28.092,1268,112.72,,,,,0,False,False,1.305,False,7.84,5.69,20.0,
155.25,25128,621.742,-537.354,-0.005,5.056,30.0,1268,-1,105.04,False,-1,True,True,0.75,0.0,0.003,False,False,-0.238,-0.015,28.101,1268,112.72,,,,,0,False,False,1.297,False,7.58,5.63,20.0,
155.3,25129,621.965,-537.234,-0.005,5.08,30.0,1268,-1,105.3,False,-1,True,True,0.75,0.0,0.007,False,False,-0.217,-0.015,28.169,1268,112.72,,,,,0,False,False,1.291,False,7.33,5.53,20.0,
155.35,25130,622.187,-537.115,-0.006,5.003,30.0,1268,-1,105.55,False,-1,True,True,0.75,0.0,0.001,False,False,-0.166,-0.009,28.171,1268,112.72,,,,,0,False,False,1.283,False,7.08,5.54,20.0,
155.4,25131,622.406,-536.997,-0.006,4.854,30.0,1268,-1,105.8,False,-1,True,True,0.75,0.0,0.005,False,False,-0.134,-0.009,28.215,1268,112.72,,,,,0,False,False,1.276,False,6.83,5.5,20.0,
155.45,25132,622.609,-536.888,-0.005,4.469,30.0,1268,-1,106.03,False,-1,True,True,0.75,0.0,0.001,False,False,-0.212,-0.004,28.207,1268,112.72,,,,,0,False,False,1.269,False,6.6,5.43,20.0,
155.5,25133,622.798,-536.785,-0.005,4.229,30.0,1268,-1,106.24,False,-1,True,True,0.75,0.0,0.005,False,False,-0.288,-0.005,28.219,1268,112.72,,,,,0,False,False,1.262,False,6.38,5.23,20.0,
155.55,25134,622.98,-536.687,-0.005,4.107,30.0,1268,-1,106.45,False,-1,True,True,0.75,0.0,0.003,False,False,-0.311,-0.004,28.235,1268,112.72,,,,,0,False,False,1.256,False,6.18,5.11,20.0,
155.6,25135,623.16,-536.59,-0.005,4.069,30.0,1268,-1,106.65,False,-1,True,True,0.75,0.0,0.002,False,False,-0.279,-0.002,28.249,1268,112.72,,,,,0,False,False,1.25,False,5.97,5.05,20.0,
155.65,25136,623.34,-536.493,-0.005,4.088,30.0,1268,-1,106.86,False,-1,True,True,0.75,0.0,0.002,False,False,-0.21,-0.0,28.26,1268,112.72,,,,,0,False,False,1.244,False,5.77,5.03,20.0,
155.7,25137,623.522,-536.395,-0.006,4.141,30.0,1268,-1,107.06,False,-1,True,True,0.75,0.0,0.002,False,False,-0.125,0.0,28.269,1268,112.72,,,,,0,False,False,1.238,False,5.56,5.04,20.0,
155.75,25138,623.707,-536.296,-0.007,4.215,30.0,1268,-1,107.27,False,-1,True,True,0.75,0.0,0.001,False,False,-0.039,0.0,28.278,1268,112.72,,,,,0,False,False,1.231,False,5.35,5.07,20.0,
155.8,25139,623.895,-536.194,-0.008,4.302,30.0,1268,-1,107.49,False,-1,True,True,0.75,0.0,0.001,False,False,0.037,0.0,28.286,1268,112.72,,,,,0,False,False,1.225,False,5.14,5.11,20.0,
155.85,25140,624.086,-536.087,-0.008,4.389,30.0,1268,-1,107.71,False,-1,True,True,0.75,0.0,0.075,False,False,0.099,-0.091,28.452,1268,116.68,,,,,0,False,False,1.221,False,8.87,5.15,20.0,
155.9,25141,624.28,-535.979,-0.009,4.489,30.0,1268,-1,107.93,False,-1,True,True,0.75,0.0,0.008,False,False,0.147,-0.097,28.62,1268,116.68,,,,,0,False,False,1.216,False,8.65,5.19,20.0,
155.95,25142,624.479,-535.868,-0.009,4.593,30.0,1268,-1,108.16,False,-1,True,True,0.75,0.0,0.002,False,False,0.185,-0.05,28.682,1268,116.68,,,,,0,False,False,1.209,False,8.42,5.24,20.0,
156.0,25143,624.683,-535.756,-0.009,4.697,30.0,1268,-1,108.39,False,-1,True,True,0.75,0.0,0.008,False,False,0.212,-0.026,28.727,1268,116.68,,,,,0,False,False,1.202,False,8.19,5.3,20.0,
156.05,25144,624.892,-535.64,-0.009,4.802,30.0,1268,-1,108.63,False,-1,True,True,0.75,0.0,0.008,False,False,0.231,-0.017,28.774,1268,116.68,,,,,0,False,False,1.194,False,7.95,5.35,20.0,
156.1,25145,625.105,-535.522,-0.009,4.907,30.0,1268,-1,108.87,False,-1,True,True,0.75,0.0,0.006,False,False,0.244,-0.011,28.817,1268,116.68,,,,,0,False,False,1.187,False,7.71,5.4,20.0,
156.15,25146,625.322,-535.402,-0.009,5.011,30.0,1268,-1,109.22,False,-1,True,True,0.75,0.0,0.005,False,False,0.252,-0.006,28.853,1268,116.68,,,,,0,False,False,1.179,False,7.46,5.45,20.0,
156.2,25147,625.544,-535.279,-0.009,5.116,30.0,1268,-1,109.47,False,-1,True,True,0.75,0.0,0.004,False,False,0.258,-0.003,28.884,1268,116.68,,,,,0,False,False,1.171,False,7.2,5.51,20.0,
156.25,25148,625.77,-535.153,-0.009,5.177,30.0,1268,-1,109.73,False,-1,True,True,0.75,0.0,0.004,False,False,0.257,-0.001,28.912,1268,116.68,,,,,0,False,False,1.162,False,6.95,5.56,20.0,
156.3,25149,626.0,-535.026,-0.009,5.29,30.0,1268,-1,109.99,False,-1,True,True,0.75,0.0,0.003,False,False,0.251,0.0,28.921,1268,116.68,,,,,0,False,False,1.154,False,6.68,5.59,20.0,
156.35,25150,626.228,-534.899,-0.009,5.197,30.0,1268,-1,110.26,False,-1,True,True,0.75,0.0,0.004,False,False,0.205,-0.002,28.974,1268,116.68,,,,,0,False,False,1.147,False,6.42,5.65,20.0,
156.4,25151,626.457,-534.772,-0.008,5.263,30.0,1268,-1,110.52,False,-1,True,True,0.75,0.0,-0.001,False,False,0.167,0.004,28.966,1268,116.68,,,,,0,False,False,1.139,False,6.16,5.6,20.0,
156.45,25152,626.685,-534.646,-0.008,5.203,30.0,1268,-1,110.78,False,-1,True,True,0.75,0.0,0.003,False,False,0.132,0.0,29.014,1268,116.68,,,,,0,False,False,1.133,False,5.9,5.63,20.0,
156.5,25153,626.915,-534.518,-0.008,5.3,30.0,1268,-1,111.04,False,-1,True,True,0.75,0.0,-0.002,False,False,0.121,0.004,29.002,1268,116.68,,,,,0,False,False,1.126,False,5.64,5.6,20.0,
156.55,25154,627.144,-534.389,-0.008,5.23,30.0,1268,-1,111.3,False,-1,True,True,0.75,0.0,0.042,False,False,0.106,-0.061,29.146,1268,120.63,,,,,0,False,False,1.122,False,9.33,5.65,20.0,
156.6,25155,627.373,-534.26,-0.008,5.296,30.0,1268,-1,111.57,False,-1,True,True,0.75,0.0,-0.0,False,False,0.097,-0.054,29.221,1268,120.63,,,,,0,False,False,1.116,False,9.07,5.61,20.0,
156.65,25156,627.607,-534.129,-0.008,5.481,30.0,1268,-1,111.83,False,-1,True,True,0.75,0.0,0.002,False,False,0.124,-0.029,29.304,1268,120.63,,,,,0,False,False,1.113,False,8.8,5.65,20.0,
156.7,25157,627.861,-533.986,-0.01,5.992,30.0,1268,-1,112.13,False,-1,True,True,0.295,0.0,-0.001,False,False,0.279,-0.011,29.345,1268,120.63,,,,,0,False,False,1.108,False,8.51,5.74,20.0,
156.75,25158,628.129,-533.836,-0.011,6.188,30.0,1268,-1,112.43,False,-1,True,True,0.0,0.3,0.001,False,False,0.4,-0.004,29.363,1268,120.63,,,,,0,False,False,1.103,False,8.2,6.0,20.0,
156.8,25159,628.403,-533.681,-0.011,6.333,30.0,1268,-1,112.75,False,-1,True,True,0.0,0.3,0.002,False,False,0.429,-0.005,29.378,1268,120.63,,,,,0,False,False,1.099,False,7.88,6.09,20.0,
156.85,25160,628.676,-533.528,-0.01,6.223,30.0,1268,-1,113.06,False,-1,True,True,0.0,0.3,0.001,False,False,0.366,-0.007,29.393,1268,120.63,,,,,0,False,False,1.095,False,7.57,6.17,20.0,
156.9,25161,628.945,-533.376,-0.009,6.166,30.0,1268,-1,113.37,False,-1,True,True,0.0,0.3,0.001,False,False,0.262,-0.006,29.389,1268,120.63,,,,,0,False,False,1.091,False,7.26,6.11,20.0,
156.95,25162,629.206,-533.228,-0.008,5.942,30.0,1268,-1,113.67,False,-1,True,True,0.0,0.3,0.002,False,False,0.135,-0.008,29.424,1268,120.63,,,,,0,False,False,1.089,False,6.96,6.08,20.0,
157.0,25163,629.461,-533.084,-0.007,5.819,30.0,1268,-1,113.96,False,-1,True,True,0.0,0.3,-0.001,False,False,0.022,-0.004,29.404,1268,120.63,,,,,0,False,False,1.086,False,6.67,5.97,20.0,
157.05,25164,629.707,-532.946,-0.006,5.56,30.0,1268,-1,114.24,False,-1,True,True,0.0,0.3,0.003,False,False,-0.079,-0.006,29.436,1268,120.63,,,,,0,False,False,1.084,False,6.39,5.91,20.0,
157.1,25165,629.945,-532.811,-0.006,5.418,30.0,1268,-1,114.52,False,-1,True,True,0.0,0.3,0.003,False,False,-0.154,-0.009,29.423,1268,120.63,,,,,0,False,False,1.081,False,6.11,5.78,20.0,
157.15,25166,630.174,-532.682,-0.005,5.18,30.0,1268,-1,114.78,False,-1,True,True,0.461,0.0,0.001,False,False,-0.211,-0.008,29.465,1268,120.63,,,,,0,False,False,1.08,False,5.85,5.71,20.0,
157.2,25167,630.397,-532.556,-0.005,5.111,30.0,1268,-1,115.04,False,-1,True,True,0.75,0.0,-0.004,False,False,-0.227,0.002,29.444,1268,120.63,,,,,0,False,False,1.078,False,5.59,5.59,20.0,
157.25,25168,630.616,-532.432,-0.005,5.031,30.0,1268,-1,115.29,False,-1,True,True,0.75,0.0,0.001,False,False,-0.215,0.002,29.476,1268,120.63,,,,,0,False,False,1.078,False,5.34,5.56,20.0,
157.3,25169,630.834,-532.308,-0.006,5.032,30.0,1268,-1,115.54,False,-1,True,True,0.75,0.0,0.02,False,False,-0.167,-0.036,29.54,1268,124.59,,,,,0,False,False,1.077,False,9.05,5.52,20.0,
157.35,25170,631.051,-532.184,-0.006,4.866,30.0,1268,-1,115.79,False,-1,True,True,0.75,0.0,-0.0,False,False,-0.128,-0.028,29.584,1268,124.59,,,,,0,False,False,1.077,False,8.8,5.52,20.0,
157.4,25171,631.251,-532.07,-0.006,4.478,30.0,1268,-1,116.02,False,-1,True,True,0.75,0.0,-0.0,False,False,-0.202,-0.013,29.595,1268,124.59,,,,,0,False,False,1.076,False,8.57,5.43,20.0,
157.45,25172,631.438,-531.964,-0.005,4.235,30.0,1268,-1,116.24,False,-1,True,True,0.75,0.0,0.002,False,False,-0.279,-0.006,29.602,1268,124.59,,,,,0,False,False,1.077,False,8.35,5.24,20.0,
157.5,25173,631.619,-531.861,-0.005,4.109,30.0,1268,-1,116.44,False,-1,True,True,0.75,0.0,0.002,False,False,-0.304,-0.003,29.61,1268,124.59,,,,,0,False,False,1.078,False,8.14,5.12,20.0,
157.55,25174,631.796,-531.76,-0.005,4.07,30.0,1268,-1,116.65,False,-1,True,True,0.75,0.0,0.001,False,False,-0.275,-0.002,29.618,1268,124.59,,,,,0,False,False,1.079,False,7.94,5.05,20.0,
157.6,25175,631.974,-531.659,-0.005,4.088,30.0,1268,-1,116.85,False,-1,True,True,0.75,0.0,0.001,False,False,-0.208,-0.001,29.624,1268,124.59,,,,,0,False,False,1.081,False,7.74,5.04,20.0,
157.65,25176,632.153,-531.557,-0.006,4.14,30.0,1268,-1,117.06,False,-1,True,True,0.75,0.0,0.001,False,False,-0.124,0.0,29.63,1268,124.59,,,,,0,False,False,1.083,False,7.53,5.04,20.0,
157.7,25177,632.336,-531.453,-0.007,4.213,30.0,1268,-1,117.27,False,-1,True,True,0.75,0.0,0.001,False,False,-0.04,0.0,29.635,1268,124.59,,,,,0,False,False,1.085,False,7.32,5.07,20.0,
157.75,25178,632.521,-531.347,-0.008,4.3,30.0,1268,-1,117.48,False,-1,True,True,0.75,0.0,0.001,False,False,0.036,0.0,29.639,1268,124.59,,,,,0,False,False,1.087,False,7.11,5.11,20.0,
157.8,25179,632.711,-531.239,-0.008,4.394,30.0,1268,-1,117.7,False,-1,True,True,0.75,0.0,0.001,False,False,0.099,0.0,29.643,1268,124.59,,,,,0,False,False,1.089,False,6.89,5.15,20.0,
157.85,25180,632.905,-531.128,-0.009,4.494,30.0,1268,-1,117.92,False,-1,True,True,0.75,0.0,0.001,False,False,0.149,0.0,29.646,1268,124.59,,,,,0,False,False,1.093,False,6.66,5.2,20.0,
157.9,25181,633.103,-531.016,-0.009,4.596,30.0,1268,-1,118.15,False,-1,True,True,0.75,0.0,0.0,False,False,0.186,0.0,29.649,1268,124.59,,,,,0,False,False,1.096,False,6.44,5.25,20.0,
157.95,25182,633.306,-530.9,-0.009,4.7,30.0,1268,-1,118.38,False,-1,True,True,0.75,0.0,0.0,False,False,0.213,0.0,29.651,1268,124.59,,,,,0,False,False,1.1,False,6.2,5.3,20.0,
158.0,25183,633.513,-530.782,-0.009,4.804,30.0,1268,-1,118.62,False,-1,True,True,0.75,0.0,0.0,False,False,0.232,0.0,29.654,1268,124.59,,,,,0,False,False,1.104,False,5.96,5.35,20.0,
158.05,25184,633.725,-530.662,-0.009,4.908,30.0,1268,-1,118.87,False,-1,True,True,0.75,0.0,0.0,False,False,0.244,0.0,29.656,1268,124.59,,,,,0,False,False,1.108,False,5.72,5.4,20.0,
158.1,25185,633.941,-530.539,-0.009,5.012,30.0,1268,-1,119.11,False,-1,True,True,0.75,0.0,0.0,False,False,0.252,0.0,29.657,1268,124.59,,,,,0,False,False,1.113,False,5.47,5.45,20.0,
158.15,25186,634.161,-530.412,-0.009,5.116,30.0,1268,-1,119.37,False,-1,True,True,0.75,0.0,0.013,False,False,0.257,-0.026,29.704,1268,128.54,,,,,0,False,False,1.116,False,9.17,5.51,20.0,
158.2,25187,634.385,-530.284,-0.009,5.18,30.0,1268,-1,119.63,False,-1,True,True,0.75,0.0,-0.001,False,False,0.253,-0.018,29.71,1268,128.54,,,,,0,False,False,1.122,False,8.92,5.56,20.0,
158.25,25188,634.608,-530.156,-0.009,5.15,30.0,1268,-1,119.88,False,-1,True,True,0.75,0.0,0.002,False,False,0.215,-0.011,29.771,1268,128.54,,,,,0,False,False,1.126,False,8.66,5.59,20.0,
158.3,25189,634.831,-530.029,-0.008,5.138,30.0,1268,-1,120.14,False,-1,True,True,0.75,0.0,-0.003,False,False,0.17,0.001,29.731,1268,128.54,,,,,0,False,False,1.134,False,8.4,5.57,20.0,
158.35,25190,635.054,-529.901,-0.008,5.143,30.0,1268,-1,120.4,False,-1,True,True,0.75,0.0,0.005,False,False,0.135,-0.003,29.782,1268,128.54,,,,,0,False,False,1.14,False,8.14,5.57,20.0,
158.4,25191,635.277,-529.773,-0.008,5.163,30.0,1268,-1,120.66,False,-1,True,True,0.75,0.0,-0.003,False,False,0.116,0.002,29.743,1268,128.54,,,,,0,False,False,1.15,False,7.89,5.57,20.0,
158.45,25192,635.502,-529.645,-0.008,5.188,30.0,1268,-1,120.91,False,-1,True,True,0.75,0.0,0.004,False,False,0.11,-0.003,29.792,1268,128.54,,,,,0,False,False,1.157,False,7.63,5.58,20.0,
158.5,25193,635.727,-529.516,-0.008,5.183,30.0,1268,-1,121.17,False,-1,True,True,0.75,0.0,-0.003,False,False,0.1,0.002,29.747,1268,128.54,,,,,0,False,False,1.168,False,7.37,5.59,20.0,
158.55,25194,635.952,-529.387,-0.008,5.179,30.0,1268,-1,121.43,False,-1,True,True,0.75,0.0,0.004,False,False,0.09,-0.003,29.796,1268,128.54,,,,,0,False,False,1.176,False,7.11,5.59,20.0,
158.6,25195,636.188,-529.252,-0.009,5.632,30.0,1268,-1,121.7,False,-1,True,True,0.75,0.0,-0.003,False,False,0.182,0.004,29.73,1268,128.54,,,,,0,False,False,1.191,False,6.84,5.59,20.0,
158.65,25196,636.444,-529.105,-0.01,6.018,30.0,1268,-1,122.0,False,-1,True,True,0.0,0.242,0.006,False,False,0.339,-0.006,29.743,1268,128.54,,,,,0,False,False,1.204,False,6.54,5.82,20.0,
158.7,25197,636.712,-528.951,-0.011,6.228,30.0,1268,-1,122.31,False,-1,True,True,0.0,0.3,0.0,False,False,0.433,-0.005,29.738,1268,128.54,,,,,0,False,False,1.221,False,6.23,6.01,20.0,
158.75,25198,636.984,-528.796,-0.011,6.268,30.0,1268,-1,122.62,False,-1,True,True,0.0,0.3,0.002,False,False,0.43,-0.004,29.773,1268,128.54,,,,,0,False,False,1.239,False,5.92,6.11,20.0,
158.8,25199,637.253,-528.641,-0.01,6.178,30.0,1268,-1,122.93,False,-1,True,True,0.0,0.3,0.005,False,False,0.344,-0.009,29.761,1457,2.0,,,,,0,False,False,1.26,False,9.58,6.13,20.0,
158.85,25200,637.517,-528.49,-0.009,6.048,30.0,1268,-1,123.24,False,-1,True,True,0.0,0.3,0.004,False,False,0.225,-0.013,29.825,1457,2.0,,,,,0,False,False,1.278,False,9.28,6.09,20.0,
158.9,25201,637.774,-528.342,-0.008,5.888,30.0,1268,-1,123.53,False,-1,True,True,0.0,0.3,-0.003,False,False,0.104,-0.001,29.797,1457,2.0,,,,,0,False,False,1.299,False,8.98,6.02,20.0,
158.95,25202,638.024,-528.199,-0.007,5.709,30.0,1268,-1,123.82,False,-1,True,True,0.0,0.3,0.004,False,False,-0.004,-0.003,29.845,1457,2.0,,,,,0,False,False,1.316,False,8.7,5.94,20.0,
159.0,25203,638.266,-528.06,-0.006,5.516,30.0,1268,-1,124.1,False,-1,True,True,0.0,0.3,-0.003,False,False,-0.094,0.003,29.809,1457,2.0,,,,,0,False,False,1.336,False,8.42,5.85,20.0,
159.05,25204,638.5,-527.926,-0.006,5.349,30.0,1268,-1,124.37,False,-1,True,True,0.114,0.0,0.004,False,False,-0.158,-0.002,29.857,1457,2.0,,,,,0,False,False,1.353,False,8.15,5.76,20.0,
159.1,25205,638.728,-527.795,-0.005,5.209,30.0,1268,-1,124.63,False,-1,True,True,0.714,0.0,-0.003,False,False,-0.191,0.003,29.818,1457,2.0,,,,,0,False,False,1.371,False,7.88,5.67,20.0,
159.15,25206,638.951,-527.667,-0.005,5.09,30.0,1268,-1,124.89,False,-1,True,True,0.75,0.0,0.004,False,False,-0.201,-0.002,29.866,1457,2.0,,,,,0,False,False,1.387,False,7.63,5.6,20.0,
159.2,25207,639.171,-527.541,-0.005,5.068,30.0,1268,-1,125.14,False,-1,True,True,0.75,0.0,-0.003,False,False,-0.177,0.003,29.83,1457,2.0,,,,,0,False,False,1.405,False,7.37,5.55,20.0,
159.25,25208,639.391,-527.415,-0.006,5.065,30.0,1268,-1,125.4,False,-1,True,True,0.75,0.0,0.003,False,False,-0.127,-0.001,29.881,1457,2.0,,,,,0,False,False,1.42,False,7.12,5.53,20.0,
159.3,25209,639.606,-527.292,-0.006,4.799,30.0,1268,-1,125.64,False,-1,True,True,0.75,0.0,-0.004,False,False,-0.123,0.003,29.849,1457,2.0,,,,,0,False,False,1.438,False,6.87,5.53,20.0,
159.35,25210,639.804,-527.178,-0.005,4.459,30.0,1268,-1,125.87,False,-1,True,True,0.75,0.0,0.003,False,False,-0.21,0.0,29.838,1457,2.0,,,,,0,False,False,1.453,False,6.64,5.4,20.0,
159.4,25211,639.991,-527.07,-0.005,4.257,30.0,1268,-1,126.09,False,-1,True,True,0.75,0.0,0.001,False,False,-0.277,-0.003,29.841,1457,2.0,,,,,0,False,False,1.467,False,6.43,5.23,20.0,
159.45,25212,640.173,-526.966,-0.005,4.162,30.0,1268,-1,126.3,False,-1,True,True,0.75,0.0,0.0,False,False,-0.288,-0.002,29.845,1457,2.0,,,,,0,False,False,1.481,False,6.22,5.13,20.0,
159.5,25213,640.353,-526.862,-0.005,4.142,30.0,1268,-1,126.51,False,-1,True,True,0.75,0.0,0.0,False,False,-0.249,-0.001,29.846,1457,2.0,,,,,0,False,False,1.495,False,6.01,5.08,20.0,
159.55,25214,640.534,-526.759,-0.006,4.171,30.0,1268,-1,126.71,False,-1,True,True,0.75,0.0,0.0,False,False,-0.178,-0.0,29.848,1457,2.0,,,,,0,False,False,1.509,False,5.8,5.07,20.0,
159.6,25215,640.716,-526.654,-0.006,4.23,30.0,1268,-1,126.93,False,-1,True,True,0.75,0.0,0.0,False,False,-0.095,0.0,29.849,1457,2.0,,,,,0,False,False,1.522,False,5.59,5.09,20.0,
159.65,25216,640.903,-526.547,-0.007,4.307,30.0,1268,-1,127.14,False,-1,True,True,0.75,0.0,0.0,False,False,-0.014,0.0,29.85,1457,2.0,,,,,0,False,False,1.537,False,5.38,5.12,20.0,
159.7,25217,641.092,-526.438,-0.008,4.396,30.0,1268,-1,127.36,False,-1,True,True,0.75,0.0,0.0,False,False,0.057,0.0,29.851,1457,2.0,,,,,0,False,False,1.551,False,5.16,5.15,20.0,
159.75,25218,641.285,-526.326,-0.008,4.49,30.0,1268,-1,127.58,False,-1,True,True,0.75,0.0,0.018,False,False,0.115,-0.029,29.907,1457,5.99,,,,,0,False,False,1.563,False,8.9,5.2,20.0,
159.8,25219,641.482,-526.212,-0.009,4.59,30.0,1268,-1,127.81,False,-1,True,True,0.75,0.0,0.0,False,False,0.16,-0.025,29.946,1457,5.99,,,,,0,False,False,1.576,False,8.67,5.25,20.0,
159.85,25220,641.684,-526.095,-0.009,4.692,30.0,1268,-1,128.04,False,-1,True,True,0.75,0.0,0.0,False,False,0.194,-0.011,29.957,1457,5.99,,,,,0,False,False,1.59,False,8.44,5.3,20.0,
159.9,25221,641.89,-525.976,-0.009,4.796,30.0,1268,-1,128.28,False,-1,True,True,0.75,0.0,0.002,False,False,0.218,-0.005,29.966,1457,5.99,,,,,0,False,False,1.605,False,8.2,5.35,20.0,
159.95,25222,642.1,-525.855,-0.009,4.9,30.0,1268,-1,128.52,False,-1,True,True,0.75,0.0,0.002,False,False,0.235,-0.003,29.976,1457,5.99,,,,,0,False,False,1.62,False,7.96,5.4,20.0,
160.0,25223,642.315,-525.731,-0.009,5.003,30.0,1268,-1,128.77,False,-1,True,True,0.75,0.0,0.001,False,False,0.246,-0.002,29.985,1457,5.99,,,,,0,False,False,1.636,False,7.71,5.45,20.0,
160.05,25224,642.535,-525.604,-0.009,5.108,30.0,1268,-1,129.03,False,-1,True,True,0.75,0.0,0.001,False,False,0.253,-0.0,29.993,1457,5.99,,,,,0,False,False,1.657,False,7.46,5.5,20.0,
160.1,25225,642.758,-525.475,-0.009,5.167,30.0,1268,-1,129.28,False,-1,True,True,0.75,0.0,0.001,False,False,0.254,-0.0,30.0,1457,5.99,,,,,0,False,False,1.668,False,7.2,5.55,20.0,
160.15,25226,642.986,-525.343,-0.009,5.316,30.0,1268,-1,129.55,False,-1,True,True,0.75,0.0,0.001,False,False,0.255,0.0,29.992,1457,5.99,,,,,0,False,False,1.679,False,6.94,5.58,20.0,
160.2,25227,643.214,-525.212,-0.009,5.219,30.0,1268,-1,129.81,False,-1,True,True,0.75,0.0,0.002,False,False,0.216,-0.002,30.031,1457,5.99,,,,,0,False,False,1.689,False,6.67,5.66,20.0,
160.25,25228,643.441,-525.08,-0.009,5.281,30.0,1458,-1,0.34,True,107,True,False,0.75,0.0,-0.002,False,False,0.176,0.003,30.011,1457,5.99,,,,,0,False,False,1.7,False,6.41,5.61,20.0,
160.3,25229,643.667,-524.95,-0.008,5.219,30.0,1268,-1,130.33,False,-1,True,True,0.75,0.0,0.002,False,False,0.139,0.0,30.048,1457,5.99,,,,,0,False,False,1.71,False,6.15,5.64,20.0,
160.35,25230,643.896,-524.818,-0.008,5.312,30.0,1456,-1,0.08,True,107,True,False,0.75,0.0,-0.003,False,False,0.124,0.004,30.027,1457,5.99,,,,,0,False,False,1.718,False,5.89,5.61,20.0,
160.4,25231,644.124,-524.686,-0.008,5.244,30.0,1456,-1,0.34,True,107,True,False,0.75,0.0,0.002,False,False,0.107,-0.0,30.062,1457,5.99,,,,,0,False,False,1.723,False,5.62,5.66,20.0,
160.45,25232,644.379,-524.576,0.016,5.328,30.0,1457,-1,0.62,True,107,True,True,0.75,0.0,-0.003,False,False,1.476,3.89,30.058,1457,5.99,,,,,0,False,False,1.763,False,5.35,5.62,20.0,
160.5,25233,644.608,-524.415,0.036,5.586,30.0,1457,-1,0.89,True,107,True,True,0.75,0.0,0.097,False,False,2.577,1.993,30.265,1457,9.99,,,,,0,False,False,1.732,False,8.96,5.66,20.0,
160.55,25234,644.855,-524.251,0.058,5.803,30.0,1456,-1,1.19,True,107,True,False,0.0,0.086,0.01,False,False,3.635,0.355,30.582,1457,9.99,,,,,0,False,False,1.704,False,8.66,5.79,20.0,
160.6,25235,645.114,-524.097,0.071,6.055,30.0,1456,-1,1.49,True,107,True,False,0.0,0.3,-0.008,False,False,4.045,-0.039,30.822,1457,9.99,,,,,0,False,False,1.69,False,8.36,5.9,20.0,
160.65,25236,645.377,-523.942,0.076,6.107,30.0,1456,-1,1.8,True,107,True,False,0.0,0.3,-0.005,False,False,4.123,-0.113,30.911,1457,9.99,,,,,0,False,False,1.678,False,8.06,6.03,20.0,
160.7,25237,645.641,-523.786,0.078,6.159,30.0,1457,-1,2.1,True,107,True,True,0.0,0.3,0.005,False,False,4.056,-0.137,30.97,1457,9.99,,,,,0,False,False,1.664,False,7.75,6.05,20.0,
160.75,25238,645.9,-523.631,0.077,5.988,30.0,1457,-1,2.41,True,107,True,True,0.0,0.3,0.005,False,False,3.912,-0.136,31.007,1457,9.99,,,,,0,False,False,1.67,False,7.45,6.08,20.0,
160.8,25239,646.153,-523.479,0.076,5.895,30.0,1457,-1,2.7,True,107,True,True,0.0,0.3,0.006,False,False,3.767,-0.129,31.081,1457,9.99,,,,,0,False,False,1.681,False,7.15,5.99,20.0,
160.85,25240,646.398,-523.331,0.075,5.656,30.0,1457,-1,2.99,True,107,True,True,0.0,0.3,0.001,False,False,3.627,-0.1,31.088,1457,9.99,,,,,0,False,False,1.688,False,6.87,5.95,20.0,
160.9,25241,646.636,-523.187,0.074,5.528,30.0,1457,-1,3.27,True,107,True,True,0.0,0.3,0.005,False,False,3.524,-0.086,31.144,1457,9.99,,,,,0,False,False,1.696,False,6.59,5.83,20.0,
160.95,25242,646.846,-523.061,0.119,5.358,30.0,1457,-1,3.51,True,107,True,True,0.075,0.0,0.0,False,False,1.031,-0.024,31.132,1457,9.99,,,,,0,False,False,1.701,False,6.34,5.76,20.0,
161.0,25243,647.063,-522.931,0.141,5.155,30.0,1457,-1,3.76,True,107,True,True,0.689,0.0,0.005,False,False,-0.042,0.1,31.136,1457,9.99,,,,,0,False,False,1.704,False,6.09,5.68,20.0,
161.05,25244,647.281,-522.806,0.146,5.175,30.0,1457,-1,4.01,True,107,True,True,0.75,0.0,0.005,False,False,-0.752,1.066,31.078,1457,9.99,,,,,0,False,False,1.709,False,5.84,5.58,20.0,
161.1,25245,647.499,-522.682,0.138,5.081,30.0,1457,-1,4.27,True,107,True,True,0.75,0.0,0.017,False,False,-1.414,2.613,31.054,1457,9.99,,,,,0,False,False,1.717,False,5.59,5.59,20.0,
161.15,25246,647.713,-522.548,0.122,5.244,30.0,1457,-1,4.52,True,107,True,True,0.75,0.0,0.019,False,False,-2.072,3.229,31.134,1457,9.99,,,,,0,False,False,1.714,False,5.34,5.54,20.0,
161.2,25247,647.917,-522.403,0.102,5.109,30.0,1457,-1,4.77,True,107,True,True,0.75,0.0,0.119,False,False,-2.85,1.848,31.417,1457,13.98,,,,,0,False,False,1.699,False,9.03,5.62,20.0,
161.25,25248,648.117,-522.271,0.086,4.734,30.0,1457,-1,5.01,True,107,True,True,0.75,0.0,0.03,False,False,-3.476,0.905,31.643,1457,13.98,,,,,0,False,False,1.941,False,8.79,5.55,20.0,
161.3,25249,648.306,-522.152,0.077,4.428,30.0,1457,-1,5.23,True,107,True,True,0.75,0.0,0.029,False,False,-3.84,0.511,31.815,1457,13.98,,,,,0,False,False,1.944,False,8.57,5.37,20.0,
161.35,25250,648.486,-522.037,0.071,4.254,30.0,1457,-1,5.44,True,107,True,True,0.75,0.0,0.03,False,False,-4.011,0.272,31.976,1457,13.98,,,,,0,False,False,1.948,False,8.36,5.21,20.0,
161.4,25251,648.663,-521.924,0.068,4.177,30.0,1457,-1,5.65,True,107,True,True,0.75,0.0,0.025,False,False,-4.036,0.13,32.123,1457,13.98,,,,,0,False,False,1.951,False,8.15,5.13,20.0,
161.45,25252,648.839,-521.811,0.067,4.169,30.0,1457,-1,5.86,True,107,True,True,0.75,0.0,0.022,False,False,-3.967,0.052,32.25,1457,13.98,,,,,0,False,False,1.955,False,7.94,5.09,20.0,
161.5,25253,649.016,-521.697,0.066,4.203,30.0,1457,-1,6.07,True,107,True,True,0.75,0.0,0.019,False,False,-3.852,0.011,32.361,1457,13.98,,,,,0,False,False,1.959,False,7.73,5.08,20.0,
161.55,25254,649.196,-521.582,0.065,4.263,30.0,1457,-1,6.29,True,107,True,True,0.75,0.0,0.016,False,False,-3.64,0.099,32.46,1457,13.98,,,,,0,False,False,1.965,False,7.51,5.1,20.0,
161.6,25255,649.381,-521.465,0.057,4.33,30.0,1457,-1,6.5,True,107,True,True,0.75,0.0,0.015,False,False,-3.16,0.497,32.561,1457,13.98,,,,,0,False,False,1.972,False,7.3,5.13,20.0,
161.65,25256,649.57,-521.344,0.046,4.406,30.0,1452,-1,8.73,True,107,True,False,0.75,0.0,0.012,False,False,-2.521,1.063,32.662,1457,13.98,,,,,0,False,False,1.98,False,7.07,5.16,20.0,
161.7,25257,649.762,-521.218,0.03,4.481,30.0,1457,-1,6.96,True,107,True,True,0.75,0.0,0.009,False,False,-1.641,1.308,32.762,1457,13.98,,,,,0,False,False,1.985,False,6.84,5.2,20.0,
161.75,25258,649.956,-521.088,0.012,4.564,30.0,1457,-1,7.19,True,107,True,True,0.75,0.0,0.004,False,False,-0.777,1.001,32.823,1457,13.98,,,,,0,False,False,1.99,False,6.61,5.24,20.0,
161.8,25259,650.154,-520.959,0.001,4.67,30.0,1457,-1,7.43,True,107,True,True,0.75,0.0,0.002,False,False,-0.264,0.762,32.859,1457,13.98,,,,,0,False,False,1.999,False,6.37,5.28,20.0,
161.85,25260,650.355,-520.829,-0.005,4.785,30.0,1457,-1,7.67,True,107,True,True,0.75,0.0,0.004,False,False,0.025,0.558,32.887,1457,13.98,,,,,0,False,False,1.878,False,6.13,5.34,20.0,
161.9,25261,650.559,-520.696,-0.009,4.9,30.0,1457,-1,7.91,True,107,True,True,0.75,0.0,0.004,False,False,0.181,0.393,32.914,1457,13.98,,,,,0,False,False,1.884,False,5.89,5.39,20.0,
161.95,25262,650.768,-520.56,-0.011,5.015,30.0,1457,-1,8.25,True,107,True,True,0.75,0.0,0.004,False,False,0.259,0.267,32.939,1457,13.98,,,,,0,False,False,0.0,False,5.64,5.45,20.0,
162.0,25263,650.982,-520.422,-0.011,5.13,30.0,1457,-1,8.5,True,107,True,True,0.75,0.0,0.003,False,False,0.296,0.167,32.961,1457,13.98,,,,,0,False,False,1.558,False,5.38,5.51,20.0,
162.05,25264,651.197,-520.277,-0.011,5.175,30.0,1457,-1,8.76,True,107,True,True,0.75,0.0,0.103,False,False,0.298,-0.027,33.189,1250,1.87,,,,,0,False,False,1.907,False,8.99,5.56,20.0,
162.1,25265,651.412,-520.13,-0.011,5.254,30.0,1457,-1,9.02,True,107,True,True,0.75,0.0,0.022,False,False,0.274,-0.1,33.481,1250,1.87,,,,,0,False,False,1.918,False,8.73,5.59,20.0,
162.15,25266,651.628,-519.985,-0.01,5.169,30.0,1457,-1,9.28,True,107,True,True,0.75,0.0,0.007,False,False,0.218,-0.063,33.691,1250,1.87,,,,,0,False,False,1.928,False,8.47,5.63,20.0,
162.2,25267,651.844,-519.84,-0.009,5.243,30.0,1455,-1,0.84,True,107,True,False,0.75,0.0,0.007,False,False,0.176,-0.029,33.777,1250,1.87,,,,,0,False,False,1.935,False,8.21,5.58,20.0,
162.25,25268,652.084,-519.714,0.009,5.209,30.0,1457,-1,9.81,True,107,True,True,0.75,0.0,0.013,False,False,1.238,3.404,33.954,1250,1.87,,,,,0,False,False,1.976,False,7.94,5.62,20.0,
162.3,25269,652.309,-519.563,0.023,5.391,30.0,1457,-1,10.14,True,107,True,True,0.75,0.0,0.024,False,False,1.781,4.195,34.103,1250,1.87,,,,,0,False,False,1.987,False,7.67,5.6,20.0,
162.35,25270,652.525,-519.384,0.043,5.495,30.0,1457,-1,10.42,True,107,True,True,0.632,0.0,0.007,False,False,2.895,1.695,34.218,1250,1.87,,,,,0,False,False,1.967,False,7.39,5.7,20.0,
162.4,25271,652.748,-519.223,0.063,5.324,30.0,1457,-1,10.7,True,107,True,True,0.249,0.0,-0.017,False,False,3.648,0.407,34.258,1250,1.87,,,,,0,False,False,1.966,False,7.11,5.75,20.0,
162.45,25272,652.977,-519.07,0.074,5.636,30.0,1457,-1,10.97,True,107,True,True,0.75,0.0,-0.005,False,False,3.934,0.047,34.301,1250,1.87,,,,,0,False,False,1.978,False,6.84,5.66,20.0,
162.5,25273,653.22,-518.907,0.077,5.929,30.0,1457,-1,11.26,True,107,True,True,0.0,0.268,-0.0,False,False,4.05,-0.072,34.309,1250,1.87,,,,,0,False,False,2.013,False,6.55,5.82,20.0,
162.55,25274,653.473,-518.737,0.077,6.178,30.0,1457,-1,11.57,True,107,True,True,0.0,0.3,0.003,False,False,4.062,-0.123,34.324,1250,1.87,,,,,0,False,False,2.048,False,6.24,5.96,20.0,
162.6,25275,653.728,-518.565,0.076,6.145,30.0,1457,-1,11.88,True,107,True,True,0.0,0.3,0.002,False,False,3.981,-0.137,34.347,1250,1.87,,,,,0,False,False,2.076,False,5.93,6.09,20.0,
162.65,25276,653.979,-518.39,0.075,6.126,30.0,1454,-1,4.63,True,107,True,False,0.0,0.3,0.065,False,False,3.869,-0.223,34.547,1250,5.62,,,,,0,False,False,2.092,False,9.37,6.07,20.0,
162.7,25277,654.22,-518.241,0.103,5.933,30.0,1454,-1,5.03,True,107,True,False,0.0,0.3,0.002,False,False,2.203,1.688,34.696,1250,5.62,,,,,0,False,False,2.123,False,9.09,6.06,20.0,
162.75,25278,654.457,-518.075,0.109,5.783,30.0,1454,-1,5.32,True,107,True,False,0.0,0.3,0.011,False,False,1.861,1.713,34.872,1250,5.62,,,,,0,False,False,2.133,False,8.8,5.97,20.0,
162.8,25279,654.674,-517.911,0.132,5.602,30.0,1454,-1,5.59,True,107,True,False,0.0,0.3,-0.003,False,False,0.587,0.449,34.881,1250,5.62,,,,,0,False,False,2.138,False,8.53,5.89,20.0,
162.85,25280,654.894,-517.759,0.147,5.408,30.0,1454,-1,5.85,True,107,True,False,0.0,0.192,0.001,False,False,-0.21,0.093,34.829,1250,5.62,,,,,0,False,False,2.154,False,8.26,5.8,20.0,
162.9,25281,655.114,-517.615,0.149,5.329,30.0,1454,-1,6.2,True,107,True,False,0.507,0.0,0.013,False,False,-0.78,0.853,34.743,1250,5.62,,,,,0,False,False,2.175,False,8.0,5.7,20.0,
162.95,25282,655.335,-517.472,0.139,5.4,30.0,1454,-1,6.47,True,107,True,False,0.75,0.0,0.024,False,False,-1.362,2.306,34.698,1250,5.62,,,,,0,False,False,2.196,False,7.74,5.66,20.0,
163.0,25283,655.547,-517.327,0.126,5.168,30.0,1454,-1,6.72,True,107,True,False,0.54,0.0,0.026,False,False,-1.901,3.586,34.737,1250,5.62,,,,,0,False,False,2.207,False,7.48,5.7,20.0,
163.05,25284,655.753,-517.177,0.117,5.146,30.0,1454,-1,7.05,True,107,True,False,0.75,0.0,0.016,False,False,-2.108,4.08,34.854,1250,5.62,,,,,0,False,False,2.206,False,7.23,5.58,20.0,
163.1,25285,655.958,-517.027,0.11,5.062,30.0,1454,-1,7.3,True,107,True,False,0.75,0.0,0.002,False,False,-2.115,4.345,34.87,1250,5.62,,,,,0,False,False,2.14,False,6.97,5.57,20.0,
163.15,25286,656.165,-516.878,0.107,5.035,30.0,1454,-1,7.56,True,107,True,False,0.75,0.0,0.007,False,False,-2.055,4.48,34.897,1250,5.62,,,,,0,False,False,2.026,False,6.72,5.53,20.0,
163.2,25287,656.357,-516.741,0.106,4.594,30.0,1454,-1,7.79,True,107,True,False,0.75,0.0,0.005,False,False,-2.115,4.543,34.947,1250,5.62,,,,,0,False,False,2.026,False,6.48,5.52,20.0,
163.25,25288,656.537,-516.613,0.107,4.331,30.0,1454,-1,8.01,True,107,True,False,0.75,0.0,0.002,False,False,-2.183,4.575,34.961,1250,5.62,,,,,0,False,False,2.047,False,6.26,5.3,20.0,
163.3,25289,656.71,-516.49,0.108,4.189,30.0,1454,-1,8.22,True,107,True,False,0.75,0.0,0.004,False,False,-2.198,4.578,34.974,1250,5.62,,,,,0,False,False,2.222,False,6.05,5.17,20.0,
163.35,25290,656.88,-516.37,0.108,4.137,30.0,1454,-1,8.43,True,107,True,False,0.75,0.0,0.003,False,False,-2.132,4.594,34.989,1250,5.62,,,,,0,False,False,2.226,False,5.84,5.09,20.0,
163.4,25291,657.053,-516.251,0.101,4.133,30.0,1454,-1,8.64,True,107,True,False,0.75,0.0,0.003,False,False,-1.691,4.988,35.018,1250,5.62,,,,,0,False,False,2.233,False,5.63,5.07,20.0,
163.45,25292,657.227,-516.129,0.09,4.164,30.0,1250,-1,0.21,False,-1,True,True,0.75,0.0,0.003,False,False,-1.096,5.467,35.048,1250,5.62,,,,,0,False,False,2.239,False,5.42,5.07,20.0,
163.5,25293,657.402,-516.005,0.082,4.231,30.0,1453,-1,9.47,True,107,True,False,0.75,0.0,0.002,False,False,-0.656,5.777,35.062,1250,5.62,,,,,0,False,False,2.243,False,5.2,5.08,20.0,
163.55,25294,657.579,-515.88,0.076,4.317,30.0,1453,-1,9.66,True,107,True,False,0.75,0.0,0.001,False,False,-0.341,5.995,35.072,1250,5.62,,,,,0,False,False,2.248,False,4.98,5.12,20.0,
163.6,25295,657.758,-515.751,0.072,4.413,30.0,1250,-1,0.86,False,-1,True,True,0.75,0.0,0.039,False,False,-0.122,6.088,35.185,1250,9.37,,,,,0,False,False,2.247,False,8.51,5.16,20.0,
163.65,25296,657.941,-515.619,0.07,4.516,30.0,1250,-1,1.08,False,-1,True,True,0.75,0.0,0.002,False,False,0.025,6.195,35.272,1250,9.37,,,,,0,False,False,2.248,False,8.28,5.21,20.0,
163.7,25297,658.128,-515.486,0.068,4.622,30.0,1250,-1,1.31,False,-1,True,True,0.75,0.0,0.0,False,False,0.121,6.287,35.303,1250,9.37,,,,,0,False,False,2.252,False,8.05,5.26,20.0,
163.75,25298,658.319,-515.35,0.067,4.73,30.0,1250,-1,1.55,False,-1,True,True,0.75,0.0,0.004,False,False,0.183,6.338,35.328,1250,9.37,,,,,0,False,False,2.255,False,7.82,5.31,20.0,
163.8,25299,658.515,-515.21,0.067,4.837,30.0,1250,-1,1.79,False,-1,True,True,0.75,0.0,0.003,False,False,0.221,6.366,35.354,1250,9.37,,,,,0,False,False,2.259,False,7.58,5.36,20.0,
163.85,25300,658.715,-515.068,0.066,4.944,30.0,1250,-1,2.03,False,-1,True,True,0.75,0.0,0.002,False,False,0.243,6.382,35.377,1250,9.37,,,,,0,False,False,2.263,False,7.33,5.42,20.0,
163.9,25301,658.919,-514.923,0.066,5.049,30.0,1250,-1,2.28,False,-1,True,True,0.75,0.0,0.002,False,False,0.256,6.39,35.398,1250,9.37,,,,,0,False,False,2.268,False,7.08,5.47,20.0,
163.95,25302,659.127,-514.775,0.067,5.162,30.0,1250,-1,2.54,False,-1,True,True,0.75,0.0,0.001,False,False,0.263,6.394,35.415,1250,9.37,,,,,0,False,False,2.272,False,6.83,5.52,20.0,
164.0,25303,659.339,-514.624,0.067,5.213,30.0,1250,-1,2.8,False,-1,True,True,0.75,0.0,0.001,False,False,0.26,6.395,35.426,1250,9.37,,,,,0,False,False,2.277,False,6.57,5.58,20.0,
164.05,25304,659.554,-514.471,0.067,5.302,30.0,1250,-1,3.06,False,-1,True,True,0.75,0.0,0.001,False,False,0.245,6.393,35.455,1250,9.37,,,,,0,False,False,2.282,False,6.3,5.61,20.0,
164.1,25305,659.768,-514.319,0.067,5.215,30.0,1250,-1,3.32,False,-1,True,True,0.75,0.0,-0.001,False,False,0.2,6.394,35.432,1250,9.37,,,,,0,False,False,2.287,False,6.04,5.65,20.0,
164.15,25306,659.981,-514.167,0.068,5.284,30.0,1250,-1,3.59,False,-1,True,True,0.75,0.0,0.003,False,False,0.16,6.388,35.468,1250,9.37,,,,,0,False,False,2.291,False,5.78,5.61,20.0,
164.2,25307,660.195,-514.015,0.068,5.23,30.0,1250,-1,3.85,False,-1,True,True,0.75,0.0,-0.002,False,False,0.131,6.39,35.447,1250,9.37,,,,,0,False,False,2.297,False,5.52,5.64,20.0,
164.25,25308,660.41,-513.86,0.068,5.321,30.0,1250,-1,4.11,False,-1,True,True,0.75,0.0,0.024,False,False,0.119,6.353,35.538,1250,13.11,,,,,0,False,False,2.298,False,9.0,5.61,20.0,
164.3,25309,660.624,-513.706,0.068,5.246,30.0,1250,-1,4.38,False,-1,True,True,0.75,0.0,-0.001,False,False,0.104,6.359,35.564,1250,13.11,,,,,0,False,False,2.301,False,8.74,5.66,20.0,
164.35,25310,660.839,-513.553,0.068,5.311,30.0,1250,-1,4.64,False,-1,True,True,0.75,0.0,0.002,False,False,0.092,6.371,35.618,1250,13.11,,,,,0,False,False,2.304,False,8.47,5.62,20.0,
164.4,25311,661.063,-513.391,0.068,5.685,30.0,1250,-1,4.92,False,-1,True,True,0.75,0.0,-0.001,False,False,0.182,6.383,35.593,1250,13.11,,,,,0,False,False,2.309,False,8.19,5.66,20.0,
164.45,25312,661.307,-513.216,0.066,6.137,30.0,1250,-1,5.22,False,-1,True,True,0.0,0.3,0.005,False,False,0.34,6.38,35.618,1250,13.11,,,,,0,False,False,2.313,False,7.89,5.84,20.0,
164.5,25313,661.561,-513.034,0.065,6.269,30.0,1250,-1,5.53,False,-1,True,True,0.0,0.3,0.001,False,False,0.425,6.383,35.649,1250,13.11,,,,,0,False,False,2.317,False,7.58,6.07,20.0,
164.55,25314,661.819,-512.85,0.065,6.386,30.0,1250,-1,5.85,False,-1,True,True,0.0,0.3,-0.0,False,False,0.426,6.389,35.664,1250,13.11,,,,,0,False,False,2.322,False,7.26,6.13,20.0,
164.6,25315,662.075,-512.666,0.066,6.259,30.0,1250,-1,6.16,False,-1,True,True,0.0,0.3,0.0,False,False,0.345,6.39,35.679,1250,13.11,,,,,0,False,False,2.327,False,6.95,6.19,20.0,
164.65,25316,662.327,-512.485,0.067,6.181,30.0,1250,-1,6.47,False,-1,True,True,0.0,0.3,0.0,False,False,0.234,6.39,35.656,1250,13.11,,,,,0,False,False,2.333,False,6.64,6.13,20.0,
164.7,25317,662.572,-512.31,0.068,5.954,30.0,1250,-1,6.77,False,-1,True,True,0.0,0.3,0.003,False,False,0.104,6.384,35.683,1250,13.11,,,,,0,False,False,2.337,False,6.34,6.09,20.0,
164.75,25318,662.809,-512.139,0.069,5.829,30.0,1250,-1,7.07,False,-1,True,True,0.0,0.3,-0.001,False,False,-0.002,6.385,35.659,1250,13.11,,,,,0,False,False,2.342,False,6.05,5.98,20.0,
164.8,25319,663.039,-511.974,0.07,5.567,30.0,1250,-1,7.35,False,-1,True,True,0.0,0.3,0.003,False,False,-0.102,6.382,35.685,1250,13.11,,,,,0,False,False,2.345,False,5.76,5.91,20.0,
164.85,25320,663.261,-511.813,0.071,5.451,30.0,1250,-1,7.62,False,-1,True,True,0.0,0.079,0.01,False,False,-0.164,6.367,35.69,1250,16.86,,,,,0,False,False,2.349,False,9.24,5.78,20.0,
164.9,25321,663.476,-511.658,0.071,5.229,30.0,1250,-1,7.89,False,-1,True,True,0.339,0.0,0.004,False,False,-0.21,6.367,35.755,1250,16.86,,,,,0,False,False,2.35,False,8.97,5.73,20.0,
164.95,25322,663.687,-511.506,0.071,5.161,30.0,1250,-1,8.15,False,-1,True,True,0.75,0.0,-0.003,False,False,-0.22,6.382,35.748,1250,16.86,,,,,0,False,False,2.354,False,8.71,5.61,20.0,
165.0,25323,663.893,-511.357,0.071,5.065,30.0,1250,-1,8.4,False,-1,True,True,0.75,0.0,0.003,False,False,-0.204,6.385,35.784,1250,16.86,,,,,0,False,False,2.356,False,8.46,5.58,20.0,
165.05,25324,664.101,-511.207,0.07,5.135,30.0,1250,-1,8.66,False,-1,True,True,0.75,0.0,-0.001,False,False,-0.143,6.389,35.76,1250,16.86,,,,,0,False,False,2.36,False,8.2,5.53,20.0,
165.1,25325,664.303,-511.062,0.07,4.817,30.0,1250,-1,8.91,False,-1,True,True,0.75,0.0,0.003,False,False,-0.143,6.387,35.787,1250,16.86,,,,,0,False,False,2.363,False,7.95,5.57,20.0,
165.15,25326,664.488,-510.928,0.071,4.45,30.0,1250,-1,9.14,False,-1,True,True,0.75,0.0,-0.001,False,False,-0.237,6.388,35.802,1250,16.86,,,,,0,False,False,2.366,False,7.72,5.41,20.0,
165.2,25327,664.662,-510.803,0.072,4.225,30.0,1250,-1,9.35,False,-1,True,True,0.75,0.0,-0.001,False,False,-0.309,6.389,35.796,1250,16.86,,,,,0,False,False,2.369,False,7.51,5.23,20.0,
165.25,25328,664.83,-510.681,0.072,4.114,30.0,1250,-1,9.56,False,-1,True,True,0.75,0.0,0.001,False,False,-0.324,6.387,35.793,1250,16.86,,,,,0,False,False,2.371,False,7.3,5.11,20.0,
165.3,25329,664.996,-510.561,0.071,4.084,30.0,1250,-1,9.76,False,-1,True,True,0.75,0.0,0.001,False,False,-0.283,6.386,35.794,1250,16.86,,,,,0,False,False,2.374,False,7.1,5.06,20.0,
165.35,25330,665.163,-510.441,0.071,4.107,30.0,1250,-1,9.97,False,-1,True,True,0.75,0.0,0.0,False,False,-0.209,6.386,35.798,1250,16.86,,,,,0,False,False,2.376,False,6.89,5.04,20.0,
165.4,25331,665.331,-510.319,0.07,4.162,30.0,1250,-1,10.18,False,-1,True,True,0.75,0.0,0.0,False,False,-0.121,6.388,35.801,1250,16.86,,,,,0,False,False,2.379,False,6.68,5.05,20.0,
165.45,25332,665.502,-510.196,0.069,4.238,30.0,1250,-1,10.39,False,-1,True,True,0.75,0.0,0.0,False,False,-0.034,6.389,35.804,1250,16.86,,,,,0,False,False,2.382,False,6.47,5.08,20.0,
165.5,25333,665.677,-510.07,0.069,4.326,30.0,1250,-1,10.6,False,-1,True,True,0.75,0.0,-0.0,False,False,0.042,6.39,35.808,1250,16.86,,,,,0,False,False,2.384,False,6.26,5.12,20.0,
165.55,25334,665.855,-509.941,0.068,4.421,30.0,1250,-1,10.82,False,-1,True,True,0.75,0.0,-0.0,False,False,0.104,6.39,35.811,1250,16.86,,,,,0,False,False,2.387,False,6.04,5.16,20.0,
165.6,25335,666.037,-509.81,0.068,4.521,30.0,1250,-1,11.05,False,-1,True,True,0.75,0.0,-0.0,False,False,0.152,6.39,35.814,1250,16.86,,,,,0,False,False,2.39,False,5.81,5.21,20.0,
165.65,25336,666.223,-509.676,0.067,4.623,30.0,1250,-1,11.28,False,-1,True,True,0.75,0.0,-0.0,False,False,0.188,6.39,35.817,1250,16.86,,,,,0,False,False,2.394,False,5.58,5.26,20.0,
165.7,25337,666.413,-509.539,0.067,4.727,30.0,1250,-1,11.51,False,-1,True,True,0.75,0.0,-0.0,False,False,0.214,6.39,35.819,1250,16.86,,,,,0,False,False,2.397,False,5.35,5.31,20.0,
165.75,25338,666.607,-509.398,0.067,4.831,30.0,1250,-1,11.75,False,-1,True,True,0.75,0.0,0.007,False,False,0.232,6.377,35.845,1250,20.6,,,,,0,False,False,2.399,False,8.85,5.36,20.0,
165.8,25339,666.806,-509.255,0.067,4.935,30.0,1250,-1,12.0,False,-1,True,True,0.75,0.0,-0.0,False,False,0.244,6.379,35.863,1250,20.6,,,,,0,False,False,2.401,False,8.61,5.42,20.0,
165.85,25340,667.008,-509.109,0.067,5.039,30.0,1250,-1,12.24,False,-1,True,True,0.75,0.0,-0.001,False,False,0.251,6.385,35.87,1250,20.6,,,,,0,False,False,2.404,False,8.36,5.47,20.0,
165.9,25341,667.215,-508.959,0.067,5.14,30.0,1250,-1,12.5,False,-1,True,True,0.75,0.0,0.0,False,False,0.256,6.387,35.875,1250,20.6,,,,,0,False,False,2.407,False,8.1,5.52,20.0,
165.95,25342,667.426,-508.807,0.067,5.278,30.0,1250,-1,12.76,False,-1,True,True,0.75,0.0,0.0,False,False,0.259,6.387,35.882,1250,20.6,,,,,0,False,False,2.41,False,7.84,5.57,20.0,
166.0,25343,667.64,-508.652,0.067,5.278,30.0,1250,-1,13.02,False,-1,True,True,0.75,0.0,-0.0,False,False,0.252,6.388,35.873,1250,20.6,,,,,0,False,False,2.414,False,7.58,5.64,20.0,
166.05,25344,667.855,-508.497,0.067,5.325,30.0,1250,-1,13.29,False,-1,True,True,0.75,0.0,0.001,False,False,0.218,6.385,35.906,1250,20.6,,,,,0,False,False,2.417,False,7.32,5.64,20.0,
166.1,25345,668.069,-508.343,0.068,5.249,30.0,1250,-1,13.55,False,-1,True,True,0.75,0.0,-0.003,False,False,0.174,6.389,35.876,1250,20.6,,,,,0,False,False,2.421,False,7.05,5.66,20.0,
166.15,25346,668.283,-508.188,0.068,5.327,30.0,1250,-1,13.82,False,-1,True,True,0.75,0.0,0.003,False,False,0.142,6.385,35.906,1250,20.6,,,,,0,False,False,2.423,False,6.79,5.62,20.0,
166.2,25347,668.498,-508.033,0.068,5.281,30.0,1250,-1,14.08,False,-1,True,True,0.75,0.0,-0.002,False,False,0.122,6.388,35.88,1250,20.6,,,,,0,False,False,2.427,False,6.52,5.66,20.0,
166.25,25348,668.713,-507.877,0.068,5.345,30.0,1250,-1,14.35,False,-1,True,True,0.75,0.0,0.002,False,False,0.108,6.384,35.908,1250,20.6,,,,,0,False,False,2.43,False,6.26,5.64,20.0,
166.3,25349,668.927,-507.721,0.068,5.273,30.0,1250,-1,14.61,False,-1,True,True,0.75,0.0,-0.002,False,False,0.094,6.388,35.88,1250,20.6,,,,,0,False,False,2.434,False,5.99,5.67,20.0,
166.35,25350,669.15,-507.561,0.068,5.694,30.0,1250,-1,14.89,False,-1,True,True,0.75,0.0,0.002,False,False,0.156,6.384,35.878,1250,20.6,,,,,0,False,False,2.437,False,5.72,5.64,20.0,
166.4,25351,669.39,-507.387,0.067,6.013,30.0,1250,-1,15.18,False,-1,True,True,0.0,0.3,0.004,False,False,0.303,6.376,35.899,1250,24.35,,,,,0,False,False,2.44,False,9.17,5.85,20.0,
166.45,25352,669.641,-507.204,0.066,6.299,30.0,1250,-1,15.49,False,-1,True,True,0.0,0.3,-0.0,False,False,0.406,6.381,35.924,1250,24.35,,,,,0,False,False,2.443,False,8.86,6.01,20.0,
166.5,25353,669.897,-507.02,0.066,6.289,30.0,1250,-1,15.81,False,-1,True,True,0.0,0.3,-0.001,False,False,0.41,6.389,35.932,1250,24.35,,,,,0,False,False,2.446,False,8.54,6.15,20.0,
166.55,25354,670.152,-506.835,0.066,6.297,30.0,1250,-1,16.12,False,-1,True,True,0.0,0.3,-0.0,False,False,0.347,6.392,35.921,1250,24.35,,,,,0,False,False,2.451,False,8.23,6.14,20.0,
166.6,25355,670.401,-506.655,0.067,6.099,30.0,1250,-1,16.43,False,-1,True,True,0.0,0.3,0.001,False,False,0.229,6.388,35.941,1250,24.35,,,,,0,False,False,2.454,False,7.92,6.15,20.0,
166.65,25356,670.645,-506.478,0.068,5.995,30.0,1250,-1,16.73,False,-1,True,True,0.0,0.3,-0.001,False,False,0.113,6.389,35.911,1250,24.35,,,,,0,False,False,2.458,False,7.62,6.05,20.0,
166.7,25357,670.881,-506.307,0.069,5.749,30.0,1250,-1,17.02,False,-1,True,True,0.0,0.3,0.003,False,False,-0.005,6.383,35.935,1250,24.35,,,,,0,False,False,2.461,False,7.33,6.0,20.0,
166.75,25358,671.109,-506.141,0.07,5.614,30.0,1250,-1,17.31,False,-1,True,True,0.0,0.3,-0.001,False,False,-0.092,6.386,35.906,1250,24.35,,,,,0,False,False,2.465,False,7.04,5.87,20.0,
166.8,25359,671.33,-505.981,0.071,5.352,30.0,1250,-1,17.58,False,-1,True,True,0.0,0.245,0.003,False,False,-0.171,6.383,35.932,1250,24.35,,,,,0,False,False,2.467,False,6.77,5.81,20.0,
166.85,25360,671.543,-505.826,0.071,5.249,30.0,1250,-1,17.84,False,-1,True,True,0.697,0.0,-0.002,False,False,-0.211,6.388,35.906,1250,24.35,,,,,0,False,False,2.47,False,6.51,5.68,20.0,
166.9,25361,671.751,-505.676,0.071,5.047,30.0,1250,-1,18.1,False,-1,True,True,0.75,0.0,0.003,False,False,-0.236,6.387,35.942,1250,24.35,,,,,0,False,False,2.472,False,6.25,5.62,20.0,
166.95,25362,671.955,-505.528,0.071,5.073,30.0,1250,-1,18.35,False,-1,True,True,0.75,0.0,-0.003,False,False,-0.211,6.392,35.913,1250,24.35,,,,,0,False,False,2.476,False,6.0,5.52,20.0,
167.0,25363,672.16,-505.38,0.071,5.025,30.0,1250,-1,18.6,False,-1,True,True,0.75,0.0,0.003,False,False,-0.158,6.388,35.947,1250,24.35,,,,,0,False,False,2.478,False,5.75,5.54,20.0,
167.05,25364,672.359,-505.235,0.07,4.78,30.0,1250,-1,18.85,False,-1,True,True,0.75,0.0,-0.003,False,False,-0.146,6.39,35.937,1250,24.35,,,,,0,False,False,2.481,False,5.5,5.51,20.0,
167.1,25365,672.543,-505.101,0.071,4.415,30.0,1250,-1,19.08,False,-1,True,True,0.75,0.0,0.001,False,False,-0.23,6.39,35.917,1250,24.35,,,,,0,False,False,2.484,False,5.27,5.39,20.0,
167.15,25366,672.715,-504.976,0.072,4.192,30.0,1250,-1,19.29,False,-1,True,True,0.75,0.0,0.002,False,False,-0.299,6.387,35.909,1250,24.35,,,,,0,False,False,2.486,False,5.06,5.21,20.0,
167.2,25367,672.882,-504.855,0.072,4.082,30.0,1250,-1,19.5,False,-1,True,True,0.75,0.0,0.003,False,False,-0.313,6.382,35.915,1250,28.1,,,,,0,False,False,2.488,False,8.6,5.1,20.0,
167.25,25368,673.046,-504.736,0.071,4.053,30.0,1250,-1,19.7,False,-1,True,True,0.75,0.0,0.001,False,False,-0.274,6.383,35.921,1250,28.1,,,,,0,False,False,2.49,False,8.4,5.04,20.0,
167.3,25369,673.211,-504.616,0.071,4.077,30.0,1250,-1,19.9,False,-1,True,True,0.75,0.0,0.001,False,False,-0.201,6.386,35.925,1250,28.1,,,,,0,False,False,2.492,False,8.19,5.03,20.0,
167.35,25370,673.378,-504.495,0.07,4.134,30.0,1250,-1,20.11,False,-1,True,True,0.75,0.0,0.001,False,False,-0.114,6.388,35.929,1250,28.1,,,,,0,False,False,2.494,False,7.99,5.04,20.0,
167.4,25371,673.548,-504.372,0.069,4.21,30.0,1250,-1,20.32,False,-1,True,True,0.75,0.0,0.0,False,False,-0.03,6.389,35.934,1250,28.1,,,,,0,False,False,2.496,False,7.78,5.07,20.0,
167.45,25372,673.721,-504.246,0.069,4.298,30.0,1250,-1,20.53,False,-1,True,True,0.75,0.0,0.0,False,False,0.045,6.39,35.939,1250,28.1,,,,,0,False,False,2.498,False,7.56,5.1,20.0,
167.5,25373,673.897,-504.118,0.068,4.394,30.0,1250,-1,20.75,False,-1,True,True,0.75,0.0,0.0,False,False,0.107,6.391,35.943,1250,28.1,,,,,0,False,False,2.501,False,7.35,5.15,20.0,
167.55,25374,674.078,-503.987,0.068,4.494,30.0,1250,-1,20.97,False,-1,True,True,0.75,0.0,-0.0,False,False,0.154,6.391,35.947,1250,28.1,,,,,0,False,False,2.503,False,7.12,5.2,20.0,
167.6,25375,674.263,-503.853,0.067,4.597,30.0,1250,-1,21.2,False,-1,True,True,0.75,0.0,-0.0,False,False,0.19,6.391,35.95,1250,28.1,,,,,0,False,False,2.506,False,6.9,5.25,20.0,
167.65,25376,674.452,-503.717,0.067,4.7,30.0,1250,-1,21.44,False,-1,True,True,0.75,0.0,-0.0,False,False,0.215,6.39,35.953,1250,28.1,,,,,0,False,False,2.508,False,6.66,5.3,20.0,
167.7,25377,674.645,-503.577,0.067,4.805,30.0,1250,-1,21.67,False,-1,True,True,0.75,0.0,-0.0,False,False,0.233,6.39,35.956,1250,28.1,,,,,0,False,False,2.511,False,6.42,5.35,20.0,
167.75,25378,674.842,-503.434,0.067,4.909,30.0,1250,-1,21.92,False,-1,True,True,0.75,0.0,-0.0,False,False,0.244,6.389,35.959,1250,28.1,,,,,0,False,False,2.514,False,6.18,5.4,20.0,
167.8,25379,675.043,-503.288,0.067,5.014,30.0,1250,-1,22.17,False,-1,True,True,0.75,0.0,-0.0,False,False,0.252,6.389,35.962,1250,28.1,,,,,0,False,False,2.517,False,5.93,5.45,20.0,
167.85,25380,675.249,-503.139,0.067,5.118,30.0,1250,-1,22.42,False,-1,True,True,0.75,0.0,-0.0,False,False,0.256,6.389,35.965,1250,28.1,,,,,0,False,False,2.52,False,5.68,5.51,20.0,
167.9,25381,675.458,-502.987,0.067,5.178,30.0,1250,-1,22.68,False,-1,True,True,0.75,0.0,-0.0,False,False,0.256,6.388,35.967,1250,28.1,,,,,0,False,False,2.522,False,5.42,5.56,20.0,
167.95,25382,675.672,-502.833,0.067,5.329,30.0,1250,-1,22.94,False,-1,True,True,0.75,0.0,0.001,False,False,0.255,6.386,35.987,1250,31.84,,,,,0,False,False,2.525,False,8.9,5.59,20.0,
168.0,25383,675.885,-502.678,0.067,5.234,30.0,1250,-1,23.21,False,-1,True,True,0.75,0.0,-0.002,False,False,0.219,6.388,35.958,1250,31.84,,,,,0,False,False,2.529,False,8.64,5.66,20.0,
168.05,25384,676.098,-502.524,0.068,5.295,30.0,1250,-1,23.47,False,-1,True,True,0.75,0.0,0.002,False,False,0.176,6.384,35.987,1250,31.84,,,,,0,False,False,2.531,False,8.38,5.62,20.0,
168.1,25385,676.31,-502.37,0.068,5.234,30.0,1250,-1,23.73,False,-1,True,True,0.75,0.0,-0.002,False,False,0.141,6.388,35.959,1250,31.84,,,,,0,False,False,2.534,False,8.11,5.65,20.0,
168.15,25386,676.524,-502.215,0.068,5.326,30.0,1250,-1,24.0,False,-1,True,True,0.75,0.0,0.002,False,False,0.123,6.384,35.989,1250,31.84,,,,,0,False,False,2.537,False,7.85,5.62,20.0,
168.2,25387,676.738,-502.059,0.068,5.258,30.0,1250,-1,24.26,False,-1,True,True,0.75,0.0,-0.002,False,False,0.109,6.388,35.96,1250,31.84,,,,,0,False,False,2.54,False,7.59,5.66,20.0,
168.25,25388,676.953,-501.904,0.068,5.324,30.0,1250,-1,24.52,False,-1,True,True,0.75,0.0,0.003,False,False,0.097,6.384,35.989,1250,31.84,,,,,0,False,False,2.542,False,7.32,5.63,20.0,
168.3,25389,677.17,-501.746,0.068,5.507,30.0,1250,-1,24.79,False,-1,True,True,0.75,0.0,-0.002,False,False,0.126,6.388,35.956,1250,31.84,,,,,0,False,False,2.546,False,7.05,5.66,20.0,
168.35,25390,677.407,-501.574,0.067,6.014,30.0,1250,-1,25.09,False,-1,True,True,0.2,0.0,0.003,False,False,0.281,6.384,35.957,1250,31.84,,,,,0,False,False,2.549,False,6.76,5.75,20.0,
168.4,25391,677.656,-501.393,0.066,6.204,30.0,1250,-1,25.39,False,-1,True,True,0.0,0.3,0.0,False,False,0.398,6.384,35.976,1250,31.84,,,,,0,False,False,2.552,False,6.45,6.01,20.0,
168.45,25392,677.912,-501.208,0.065,6.343,30.0,1250,-1,25.71,False,-1,True,True,0.0,0.3,-0.001,False,False,0.425,6.39,35.984,1250,31.84,,,,,0,False,False,2.556,False,6.14,6.1,20.0,
168.5,25393,678.166,-501.024,0.066,6.229,30.0,1250,-1,26.02,False,-1,True,True,0.0,0.3,-0.0,False,False,0.359,6.391,35.991,1250,35.59,,,,,0,False,False,2.559,False,9.57,6.17,20.0,
168.55,25394,678.415,-500.843,0.067,6.16,30.0,1250,-1,26.33,False,-1,True,True,0.0,0.3,-0.001,False,False,0.254,6.391,35.965,1250,35.59,,,,,0,False,False,2.563,False,9.26,6.11,20.0,
168.6,25395,678.659,-500.667,0.068,5.936,30.0,1250,-1,26.63,False,-1,True,True,0.0,0.3,0.003,False,False,0.123,6.385,35.987,1250,35.59,,,,,0,False,False,2.527,False,8.96,6.08,20.0,
168.65,25396,678.895,-500.495,0.069,5.814,30.0,1250,-1,26.92,False,-1,True,True,0.0,0.3,-0.002,False,False,0.015,6.387,35.958,1250,35.59,,,,,0,False,False,2.529,False,8.67,5.97,20.0,
168.7,25397,679.123,-500.329,0.07,5.555,30.0,1250,-1,27.21,False,-1,True,True,0.0,0.3,0.003,False,False,-0.087,6.383,35.981,1250,35.59,,,,,0,False,False,2.533,False,8.38,5.91,20.0,
168.75,25398,679.344,-500.168,0.071,5.444,30.0,1250,-1,27.48,False,-1,True,True,0.0,0.03,-0.002,False,False,-0.152,6.387,35.953,1250,35.59,,,,,0,False,False,2.535,False,8.11,5.78,20.0,
168.8,25399,679.559,-500.013,0.071,5.225,30.0,1250,-1,27.75,False,-1,True,True,0.369,0.0,0.003,False,False,-0.2,6.385,35.986,1250,35.59,,,,,0,False,False,2.539,False,7.85,5.72,20.0,
168.85,25400,679.769,-499.86,0.071,5.157,30.0,1250,-1,28.0,False,-1,True,True,0.75,0.0,-0.002,False,False,-0.211,6.39,35.966,1250,35.59,,,,,0,False,False,2.541,False,7.59,5.61,20.0,
168.9,25401,679.974,-499.712,0.071,5.022,30.0,1250,-1,28.26,False,-1,True,True,0.75,0.0,0.002,False,False,-0.209,6.389,35.999,1250,35.59,,,,,0,False,False,2.545,False,7.33,5.58,20.0,
168.95,25402,680.179,-499.563,0.071,5.091,30.0,1250,-1,28.51,False,-1,True,True,0.75,0.0,-0.003,False,False,-0.155,6.393,35.968,1250,35.59,,,,,0,False,False,2.546,False,7.08,5.51,20.0,
169.0,25403,680.382,-499.415,0.07,4.919,30.0,1250,-1,28.76,False,-1,True,True,0.75,0.0,0.003,False,False,-0.114,6.389,35.972,1250,35.59,,,,,0,False,False,2.549,False,6.83,5.55,20.0,
169.05,25404,680.572,-499.277,0.071,4.56,30.0,1250,-1,29.0,False,-1,True,True,0.75,0.0,-0.0,False,False,-0.182,6.387,35.992,1250,35.59,,,,,0,False,False,2.552,False,6.59,5.46,20.0,
169.1,25405,680.749,-499.148,0.071,4.302,30.0,1250,-1,29.22,False,-1,True,True,0.75,0.0,-0.002,False,False,-0.265,6.39,35.984,1250,35.59,,,,,0,False,False,2.554,False,6.37,5.28,20.0,
169.15,25406,680.92,-499.024,0.072,4.165,30.0,1250,-1,29.43,False,-1,True,True,0.75,0.0,0.001,False,False,-0.299,6.388,35.976,1250,35.59,,,,,0,False,False,2.556,False,6.16,5.15,20.0,
169.2,25407,681.087,-498.903,0.071,4.117,30.0,1250,-1,29.63,False,-1,True,True,0.75,0.0,0.001,False,False,-0.276,6.387,35.975,1250,35.59,,,,,0,False,False,2.558,False,5.96,5.08,20.0,
169.25,25408,681.254,-498.781,0.071,4.129,30.0,1250,-1,29.84,False,-1,True,True,0.75,0.0,0.0,False,False,-0.214,6.387,35.976,1250,35.59,,,,,0,False,False,2.56,False,5.75,5.06,20.0,
169.3,25409,681.422,-498.659,0.07,4.177,30.0,1250,-1,30.05,False,-1,True,True,0.75,0.0,-0.0,False,False,-0.133,6.388,35.977,1250,35.59,,,,,0,False,False,2.562,False,5.54,5.06,20.0,
169.35,25410,681.594,-498.534,0.069,4.248,30.0,1250,-1,30.26,False,-1,True,True,0.75,0.0,-0.0,False,False,-0.049,6.389,35.978,1250,35.59,,,,,0,False,False,2.564,False,5.33,5.09,20.0,
169.4,25411,681.768,-498.408,0.069,4.332,30.0,1250,-1,30.48,False,-1,True,True,0.75,0.0,-0.0,False,False,0.027,6.39,35.98,1250,35.59,,,,,0,False,False,0.0,False,5.12,5.12,20.0,
169.45,25412,681.946,-498.279,0.068,4.426,30.0,1250,-1,30.7,False,-1,True,True,0.75,0.0,-0.0,False,False,0.091,6.39,35.983,1250,39.34,,,,,0,False,False,0.0,False,8.64,5.17,20.0,
169.5,25413,682.128,-498.147,0.068,4.524,30.0,1250,-1,30.92,False,-1,True,True,0.75,0.0,-0.0,False,False,0.142,6.39,35.985,1250,39.34,,,,,0,False,False,0.0,False,8.42,5.21,20.0,
169.55,25414,682.314,-498.012,0.067,4.625,30.0,1250,-1,31.15,False,-1,True,True,0.75,0.0,-0.0,False,False,0.18,6.39,35.987,1250,39.34,,,,,0,False,False,0.0,False,8.19,5.26,20.0,
169.6,25415,682.504,-497.874,0.067,4.729,30.0,1250,-1,31.38,False,-1,True,True,0.75,0.0,-0.0,False,False,0.208,6.39,35.99,1250,39.34,,,,,0,False,False,0.0,False,7.95,5.31,20.0,
169.65,25416,682.698,-497.733,0.067,4.832,30.0,1250,-1,31.62,False,-1,True,True,0.75,0.0,-0.0,False,False,0.227,6.39,35.992,1250,39.34,,,,,0,False,False,0.0,False,7.71,5.36,20.0,
169.7,25417,682.896,-497.59,0.067,4.936,30.0,1250,-1,31.87,False,-1,True,True,0.75,0.0,-0.0,False,False,0.24,6.389,35.993,1250,39.34,,,,,0,False,False,0.0,False,7.47,5.42,20.0,
169.75,25418,683.099,-497.443,0.067,5.04,30.0,1250,-1,32.12,False,-1,True,True,0.75,0.0,-0.0,False,False,0.249,6.389,35.995,1250,39.34,,,,,0,False,False,0.0,False,7.22,5.47,20.0,
169.8,25419,683.305,-497.293,0.067,5.141,30.0,1250,-1,32.37,False,-1,True,True,0.75,0.0,-0.0,False,False,0.254,6.389,35.997,1250,39.34,,,,,0,False,False,0.0,False,6.96,5.52,20.0,
169.85,25420,683.516,-497.14,0.067,5.279,30.0,1250,-1,32.63,False,-1,True,True,0.75,0.0,-0.0,False,False,0.258,6.389,36.001,1250,39.34,,,,,0,False,False,0.0,False,6.7,5.57,20.0,
169.9,25421,683.729,-496.986,0.067,5.246,30.0,1250,-1,32.9,False,-1,True,True,0.75,0.0,-0.001,False,False,0.245,6.389,35.987,1250,39.34,,,,,0,False,False,0.0,False,6.44,5.64,20.0,
169.95,25422,683.942,-496.831,0.067,5.295,30.0,1250,-1,33.16,False,-1,True,True,0.75,0.0,0.001,False,False,0.206,6.386,36.014,1250,39.34,,,,,0,False,False,0.0,False,6.18,5.62,20.0,
170.0,25423,684.154,-496.677,0.068,5.222,30.0,1250,-1,33.42,False,-1,True,True,0.75,0.0,-0.003,False,False,0.163,6.389,35.982,1250,39.34,,,,,0,False,False,0.0,False,5.91,5.65,20.0,
170.05,25424,684.367,-496.522,0.068,5.303,30.0,1250,-1,33.69,False,-1,True,True,0.75,0.0,0.002,False,False,0.135,6.385,36.011,1250,39.34,,,,,0,False,False,0.0,False,5.65,5.61,20.0,
170.1,25425,684.581,-496.367,0.068,5.261,30.0,1250,-1,33.95,False,-1,True,True,0.75,0.0,-0.003,False,False,0.119,6.388,35.981,1250,43.08,,,,,0,False,False,0.0,False,9.13,5.65,20.0,
170.15,25426,684.795,-496.212,0.068,5.325,30.0,1250,-1,34.22,False,-1,True,True,0.75,0.0,0.002,False,False,0.107,6.385,36.007,1250,43.08,,,,,0,False,False,0.0,False,8.87,5.63,20.0,
170.2,25427,685.009,-496.057,0.068,5.252,30.0,1250,-1,34.48,False,-1,True,True,0.75,0.0,-0.002,False,False,0.093,6.388,35.977,1250,43.08,,,,,0,False,False,0.0,False,8.61,5.66,20.0,
170.25,25428,685.23,-495.896,0.068,5.676,30.0,1250,-1,34.75,False,-1,True,True,0.75,0.0,0.002,False,False,0.157,6.384,35.973,1250,43.08,,,,,0,False,False,0.0,False,8.33,5.63,20.0,
170.3,25429,685.469,-495.723,0.066,5.998,30.0,1250,-1,35.05,False,-1,True,True,0.0,0.3,0.001,False,False,0.305,6.383,35.982,1250,43.08,,,,,0,False,False,0.0,False,8.04,5.84,20.0,
170.35,25430,685.72,-495.541,0.066,6.286,30.0,1250,-1,35.36,False,-1,True,True,0.0,0.3,-0.0,False,False,0.409,6.387,35.995,1250,43.08,,,,,0,False,False,0.0,False,7.73,6.0,20.0,
170.4,25431,685.975,-495.356,0.066,6.278,30.0,1250,-1,35.67,False,-1,True,True,0.0,0.3,-0.001,False,False,0.413,6.392,36.0,1250,43.08,,,,,0,False,False,0.0,False,7.41,6.14,20.0,
170.45,25432,686.229,-495.172,0.066,6.289,30.0,1250,-1,35.99,False,-1,True,True,0.0,0.3,-0.0,False,False,0.351,6.392,35.988,1250,43.08,,,,,0,False,False,0.0,False,7.1,6.14,20.0,
170.5,25433,686.478,-494.991,0.067,6.092,30.0,1250,-1,36.29,False,-1,True,True,0.0,0.3,0.001,False,False,0.232,6.388,36.006,1250,43.08,,,,,0,False,False,0.0,False,6.79,6.14,20.0,
170.55,25434,686.721,-494.814,0.068,5.988,30.0,1250,-1,36.59,False,-1,True,True,0.0,0.3,-0.001,False,False,0.116,6.389,35.975,1250,43.08,,,,,0,False,False,0.0,False,6.49,6.05,20.0,
170.6,25435,686.957,-494.643,0.069,5.742,30.0,1250,-1,36.89,False,-1,True,True,0.0,0.3,0.003,False,False,-0.002,6.384,35.997,1250,43.08,,,,,0,False,False,0.0,False,6.2,5.99,20.0,
170.65,25436,687.185,-494.477,0.07,5.608,30.0,1250,-1,37.17,False,-1,True,True,0.0,0.3,-0.002,False,False,-0.09,6.386,35.966,1250,43.08,,,,,0,False,False,0.0,False,5.92,5.87,20.0,
170.7,25437,687.405,-494.318,0.071,5.349,30.0,1250,-1,37.44,False,-1,True,True,0.0,0.22,0.003,False,False,-0.168,6.384,35.993,1250,43.08,,,,,0,False,False,0.0,False,5.64,5.8,20.0,
170.75,25438,687.618,-494.162,0.071,5.25,30.0,1250,-1,37.7,False,-1,True,True,0.709,0.0,-0.002,False,False,-0.208,6.389,35.965,1250,46.83,,,,,0,False,False,0.0,False,9.13,5.67,20.0,
170.8,25439,687.826,-494.012,0.071,5.047,30.0,1250,-1,37.96,False,-1,True,True,0.75,0.0,0.003,False,False,-0.232,6.388,36.0,1250,46.83,,,,,0,False,False,0.0,False,8.87,5.62,20.0,
170.85,25440,688.03,-493.863,0.071,5.073,30.0,1250,-1,38.21,False,-1,True,True,0.75,0.0,-0.003,False,False,-0.209,6.393,35.97,1250,46.83,,,,,0,False,False,0.0,False,8.62,5.52,20.0,
170.9,25441,688.234,-493.715,0.071,5.025,30.0,1250,-1,38.47,False,-1,True,True,0.75,0.0,-0.003,False,False,-0.156,6.397,35.988,1250,46.83,,,,,0,False,False,0.0,False,8.37,5.54,20.0,
170.95,25442,688.434,-493.57,0.07,4.78,30.0,1250,-1,38.71,False,-1,True,True,0.75,0.0,-0.001,False,False,-0.145,6.396,35.969,1250,46.83,,,,,0,False,False,0.0,False,8.12,5.51,20.0,
171.0,25443,688.617,-493.437,0.071,4.415,30.0,1250,-1,38.94,False,-1,True,True,0.75,0.0,0.002,False,False,-0.229,6.389,35.952,1250,46.83,,,,,0,False,False,0.0,False,7.89,5.39,20.0,
171.05,25444,688.789,-493.312,0.072,4.192,30.0,1250,-1,39.15,False,-1,True,True,0.75,0.0,0.002,False,False,-0.298,6.384,35.948,1250,46.83,,,,,0,False,False,0.0,False,7.68,5.21,20.0,
171.1,25445,688.956,-493.191,0.072,4.082,30.0,1250,-1,39.36,False,-1,True,True,0.75,0.0,0.002,False,False,-0.312,6.383,35.95,1250,46.83,,,,,0,False,False,0.0,False,7.47,5.1,20.0,
171.15,25446,689.12,-493.071,0.071,4.054,30.0,1250,-1,39.56,False,-1,True,True,0.75,0.0,0.001,False,False,-0.273,6.384,35.953,1250,46.83,,,,,0,False,False,0.0,False,7.27,5.04,20.0,
171.2,25447,689.285,-492.951,0.071,4.078,30.0,1250,-1,39.76,False,-1,True,True,0.75,0.0,0.001,False,False,-0.201,6.385,35.958,1250,46.83,,,,,0,False,False,0.0,False,7.07,5.03,20.0,
171.25,25448,689.452,-492.83,0.07,4.134,30.0,1250,-1,39.97,False,-1,True,True,0.75,0.0,0.0,False,False,-0.114,6.387,35.963,1250,46.83,,,,,0,False,False,0.0,False,6.86,5.04,20.0,
171.3,25449,689.622,-492.707,0.069,4.21,30.0,1250,-1,40.18,False,-1,True,True,0.75,0.0,0.0,False,False,-0.029,6.388,35.968,1250,46.83,,,,,0,False,False,0.0,False,6.65,5.07,20.0,
171.35,25450,689.795,-492.581,0.069,4.299,30.0,1250,-1,40.39,False,-1,True,True,0.75,0.0,0.0,False,False,0.045,6.389,35.973,1250,46.83,,,,,0,False,False,0.0,False,6.44,5.11,20.0,
171.4,25451,689.971,-492.453,0.068,4.394,30.0,1250,-1,40.61,False,-1,True,True,0.75,0.0,-0.0,False,False,0.107,6.39,35.977,1250,46.83,,,,,0,False,False,0.0,False,6.22,5.15,20.0,
171.45,25452,690.152,-492.322,0.068,4.494,30.0,1250,-1,40.84,False,-1,True,True,0.75,0.0,-0.0,False,False,0.154,6.39,35.981,1250,46.83,,,,,0,False,False,0.0,False,5.99,5.2,20.0,
171.5,25453,690.337,-492.188,0.067,4.597,30.0,1250,-1,41.06,False,-1,True,True,0.75,0.0,-0.0,False,False,0.19,6.39,35.984,1250,46.83,,,,,0,False,False,0.0,False,5.77,5.25,20.0,
171.55,25454,690.525,-492.051,0.067,4.701,30.0,1250,-1,41.3,False,-1,True,True,0.75,0.0,-0.0,False,False,0.215,6.39,35.987,1250,46.83,,,,,0,False,False,0.0,False,5.53,5.3,20.0,
171.6,25455,690.718,-491.911,0.067,4.805,30.0,1250,-1,41.54,False,-1,True,True,0.75,0.0,-0.0,False,False,0.233,6.39,35.99,1250,46.83,,,,,0,False,False,0.0,False,5.29,5.35,20.0,
171.65,25456,690.916,-491.768,0.067,4.91,30.0,1250,-1,41.78,False,-1,True,True,0.75,0.0,-0.0,False,False,0.244,6.39,35.993,1250,50.58,,,,,0,False,False,0.0,False,8.8,5.4,20.0,
171.7,25457,691.117,-491.622,0.067,5.014,30.0,1250,-1,42.03,False,-1,True,True,0.75,0.0,-0.0,False,False,0.252,6.389,35.995,1250,50.58,,,,,0,False,False,0.0,False,8.55,5.45,20.0,
171.75,25458,691.322,-491.473,0.067,5.119,30.0,1250,-1,42.28,False,-1,True,True,0.75,0.0,-0.0,False,False,0.256,6.389,35.997,1250,50.58,,,,,0,False,False,0.0,False,8.3,5.51,20.0,
171.8,25459,691.532,-491.321,0.067,5.178,30.0,1250,-1,42.54,False,-1,True,True,0.75,0.0,-0.0,False,False,0.256,6.389,35.998,1250,50.58,,,,,0,False,False,0.0,False,8.04,5.56,20.0,
171.85,25460,691.745,-491.167,0.067,5.309,30.0,1250,-1,42.8,False,-1,True,True,0.75,0.0,-0.0,False,False,0.251,6.388,36.016,1250,50.58,,,,,0,False,False,0.0,False,7.77,5.59,20.0,
171.9,25461,691.957,-491.012,0.067,5.214,30.0,1250,-1,43.07,False,-1,True,True,0.75,0.0,-0.002,False,False,0.211,6.39,35.984,1250,50.58,,,,,0,False,False,0.0,False,7.51,5.65,20.0,
171.95,25462,692.169,-490.859,0.068,5.277,30.0,1250,-1,43.33,False,-1,True,True,0.75,0.0,0.003,False,False,0.169,6.385,36.012,1250,50.58,,,,,0,False,False,0.0,False,7.25,5.61,20.0,
172.0,25463,692.381,-490.705,0.068,5.218,30.0,1250,-1,43.59,False,-1,True,True,0.75,0.0,-0.002,False,False,0.136,6.388,35.984,1250,50.58,,,,,0,False,False,0.0,False,6.99,5.64,20.0,
172.05,25464,692.595,-490.55,0.068,5.312,30.0,1250,-1,43.85,False,-1,True,True,0.75,0.0,0.002,False,False,0.12,6.384,36.013,1250,50.58,,,,,0,False,False,0.0,False,6.72,5.61,20.0,
172.1,25465,692.808,-490.395,0.068,5.245,30.0,1250,-1,44.12,False,-1,True,True,0.75,0.0,-0.003,False,False,0.108,6.387,35.983,1250,50.58,,,,,0,False,False,0.0,False,6.46,5.66,20.0,
172.15,25466,693.022,-490.24,0.068,5.31,30.0,1250,-1,44.38,False,-1,True,True,0.75,0.0,-0.003,False,False,0.096,6.392,35.999,1250,50.58,,,,,0,False,False,0.0,False,6.2,5.62,20.0,
172.2,25467,693.239,-490.083,0.068,5.494,30.0,1250,-1,44.65,False,-1,True,True,0.75,0.0,-0.001,False,False,0.126,6.391,35.958,1250,50.58,,,,,0,False,False,0.0,False,5.93,5.66,20.0,
172.25,25468,693.475,-489.911,0.067,6.004,30.0,1250,-1,44.94,False,-1,True,True,0.246,0.0,0.004,False,False,0.282,6.381,35.964,1250,50.58,,,,,0,False,False,0.0,False,5.64,5.75,20.0,
172.3,25469,693.724,-489.73,0.066,6.195,30.0,1250,-1,45.25,False,-1,True,True,0.0,0.3,-0.0,False,False,0.4,6.382,35.985,1828,1.91,,,,,0,False,False,0.0,False,9.11,6.0,20.0,
172.35,25470,693.979,-489.546,0.065,6.336,30.0,1250,-1,45.56,False,-1,True,True,0.0,0.3,-0.001,False,False,0.427,6.389,35.994,1828,1.91,,,,,0,False,False,0.0,False,8.8,6.1,20.0,
172.4,25471,694.233,-489.362,0.066,6.223,30.0,1250,-1,45.88,False,-1,True,True,0.0,0.3,-0.0,False,False,0.361,6.391,36.001,1828,1.91,,,,,0,False,False,0.0,False,8.49,6.17,20.0,
172.45,25472,694.482,-489.181,0.067,6.155,30.0,1250,-1,46.19,False,-1,True,True,0.0,0.3,-0.0,False,False,0.256,6.39,35.975,1828,1.91,,,,,0,False,False,0.0,False,8.18,6.11,20.0,
172.5,25473,694.725,-489.005,0.068,5.931,30.0,1250,-1,46.48,False,-1,True,True,0.0,0.3,0.003,False,False,0.125,6.384,35.999,1828,1.91,,,,,0,False,False,0.0,False,7.88,6.08,20.0,
172.55,25474,694.961,-488.833,0.069,5.809,30.0,1250,-1,46.78,False,-1,True,True,0.0,0.3,-0.001,False,False,0.017,6.386,35.97,1828,1.91,,,,,0,False,False,0.0,False,7.59,5.97,20.0,
172.6,25475,695.189,-488.667,0.07,5.55,30.0,1250,-1,47.06,False,-1,True,True,0.0,0.3,0.003,False,False,-0.086,6.383,35.994,1828,1.91,,,,,0,False,False,0.0,False,7.3,5.9,20.0,
172.65,25476,695.41,-488.507,0.071,5.441,30.0,1250,-1,47.33,False,-1,True,True,0.0,0.012,-0.001,False,False,-0.151,6.386,35.967,1828,1.91,,,,,0,False,False,0.0,False,7.03,5.78,20.0,
172.7,25477,695.625,-488.351,0.071,5.223,30.0,1250,-1,47.6,False,-1,True,True,0.382,0.0,0.003,False,False,-0.198,6.385,36.0,1828,1.91,,,,,0,False,False,0.0,False,6.76,5.72,20.0,
172.75,25478,695.834,-488.199,0.071,5.155,30.0,1250,-1,47.86,False,-1,True,True,0.75,0.0,-0.002,False,False,-0.21,6.39,35.98,1828,1.91,,,,,0,False,False,0.0,False,6.51,5.61,20.0,
172.8,25479,696.039,-488.05,0.071,5.019,30.0,1250,-1,48.11,False,-1,True,True,0.75,0.0,0.002,False,False,-0.208,6.389,36.013,1828,1.91,,,,,0,False,False,0.0,False,6.25,5.58,20.0,
172.85,25480,696.244,-487.901,0.071,5.088,30.0,1250,-1,48.36,False,-1,True,True,0.75,0.0,-0.003,False,False,-0.154,6.393,35.982,1828,1.91,,,,,0,False,False,0.0,False,6.0,5.51,20.0,
172.9,25481,696.447,-487.753,0.07,4.916,30.0,1250,-1,48.61,False,-1,True,True,0.75,0.0,0.003,False,False,-0.114,6.389,35.987,1828,1.91,,,,,0,False,False,0.0,False,5.75,5.54,20.0,
172.95,25482,696.637,-487.615,0.071,4.558,30.0,1250,-1,48.85,False,-1,True,True,0.75,0.0,0.0,False,False,-0.182,6.387,36.006,1828,1.91,,,,,0,False,False,0.0,False,5.51,5.46,20.0,
173.0,25483,696.814,-487.486,0.071,4.3,30.0,1250,-1,49.07,False,-1,True,True,0.75,0.0,-0.002,False,False,-0.264,6.389,35.998,1828,1.91,,,,,0,False,False,0.0,False,5.29,5.28,20.0,
173.05,25484,696.984,-487.363,0.072,4.163,30.0,1250,-1,49.28,False,-1,True,True,0.75,0.0,0.0,False,False,-0.298,6.388,35.991,1828,1.91,,,,,0,False,False,0.0,False,5.08,5.15,20.0,
173.1,25485,697.151,-487.241,0.071,4.116,30.0,1250,-1,49.48,False,-1,True,True,0.75,0.0,0.001,False,False,-0.276,6.387,35.989,1828,1.91,,,,,0,False,False,0.0,False,4.88,5.08,20.0,
173.15,25486,697.318,-487.12,0.071,4.127,30.0,1250,-1,49.69,False,-1,True,True,0.75,0.0,-0.001,False,False,-0.214,6.388,35.988,1828,5.74,,,,,0,False,False,0.0,False,8.5,5.06,20.0,
173.2,25487,697.487,-486.997,0.07,4.176,30.0,1250,-1,49.9,False,-1,True,True,0.75,0.0,-0.0,False,False,-0.133,6.388,35.988,1828,5.74,,,,,0,False,False,0.0,False,8.29,5.06,20.0,
173.25,25488,697.658,-486.873,0.069,4.246,30.0,1250,-1,50.11,False,-1,True,True,0.75,0.0,-0.0,False,False,-0.049,6.389,35.99,1828,5.74,,,,,0,False,False,0.0,False,8.08,5.09,20.0,
173.3,25489,697.832,-486.746,0.069,4.331,30.0,1250,-1,50.33,False,-1,True,True,0.75,0.0,-0.0,False,False,0.028,6.389,35.992,1828,5.74,,,,,0,False,False,0.0,False,7.86,5.12,20.0,
173.35,25490,698.01,-486.617,0.068,4.424,30.0,1250,-1,50.55,False,-1,True,True,0.75,0.0,-0.0,False,False,0.092,6.39,35.994,1828,5.74,,,,,0,False,False,0.0,False,7.64,5.17,20.0,
173.4,25491,698.192,-486.485,0.068,4.523,30.0,1250,-1,50.77,False,-1,True,True,0.75,0.0,-0.0,False,False,0.142,6.39,35.995,1828,5.74,,,,,0,False,False,0.0,False,7.42,5.21,20.0,
173.45,25492,698.378,-486.35,0.067,4.624,30.0,1250,-1,51.0,False,-1,True,True,0.75,0.0,-0.0,False,False,0.18,6.39,35.997,1828,5.74,,,,,0,False,False,0.0,False,7.19,5.26,20.0,
173.5,25493,698.567,-486.213,0.067,4.727,30.0,1250,-1,51.23,False,-1,True,True,0.75,0.0,-0.0,False,False,0.208,6.39,35.999,1828,5.74,,,,,0,False,False,0.0,False,6.95,5.31,20.0,
173.55,25494,698.761,-486.072,0.067,4.831,30.0,1250,-1,51.47,False,-1,True,True,0.75,0.0,-0.001,False,False,0.227,6.39,36.0,1828,5.74,,,,,0,False,False,0.0,False,6.71,5.36,20.0,
173.6,25495,698.96,-485.928,0.067,4.935,30.0,1250,-1,51.72,False,-1,True,True,0.75,0.0,-0.0,False,False,0.241,6.39,36.002,1828,5.74,,,,,0,False,False,0.0,False,6.47,5.42,20.0,
173.65,25496,699.162,-485.781,0.067,5.039,30.0,1250,-1,51.97,False,-1,True,True,0.75,0.0,-0.0,False,False,0.249,6.389,36.003,1828,5.74,,,,,0,False,False,0.0,False,6.22,5.47,20.0,
173.7,25497,699.369,-485.632,0.067,5.14,30.0,1250,-1,52.22,False,-1,True,True,0.75,0.0,-0.0,False,False,0.254,6.389,36.005,1828,5.74,,,,,0,False,False,0.0,False,5.96,5.52,20.0,
173.75,25498,699.579,-485.479,0.067,5.278,30.0,1828,-1,0.03,True,78,True,True,0.75,0.0,-0.0,False,False,0.258,6.388,36.009,1828,5.74,,,,,0,False,False,0.0,False,5.7,5.57,20.0,
173.8,25499,699.792,-485.324,0.067,5.247,30.0,1828,-1,0.3,True,78,True,True,0.75,0.0,-0.001,False,False,0.246,6.389,35.995,1828,5.74,,,,,0,False,False,0.0,False,5.44,5.64,20.0,
173.85,25500,699.995,-485.138,0.083,5.303,30.0,1827,-1,0.57,True,78,True,False,0.75,0.0,-0.0,False,False,1.331,2.925,36.089,1828,9.56,,,,,0,False,False,0.0,False,8.99,5.62,20.0,
173.9,25501,700.212,-484.979,0.097,5.331,30.0,1827,-1,0.84,True,78,True,False,0.75,0.0,-0.031,False,False,1.83,2.207,35.974,1828,9.56,,,,,0,False,False,0.0,False,8.72,5.65,20.0,
173.95,25502,700.433,-484.823,0.106,5.381,30.0,1827,-1,1.11,True,78,True,False,0.75,0.0,0.0,False,False,2.018,1.962,35.929,1828,9.56,,,,,0,False,False,0.0,False,8.45,5.67,20.0,
174.0,25503,700.653,-484.667,0.11,5.392,30.0,1827,-1,1.38,True,78,True,False,0.669,0.0,-0.0,False,False,2.058,1.857,35.871,1828,9.56,,,,,0,False,False,0.0,False,8.18,5.69,20.0,
174.05,25504,700.873,-484.511,0.112,5.428,30.0,1828,-1,1.65,True,78,True,True,0.621,0.0,0.003,False,False,2.038,1.802,35.925,1828,9.56,,,,,0,False,False,0.0,False,7.91,5.7,20.0,
174.1,25505,701.094,-484.353,0.112,5.428,30.0,1828,-1,1.92,True,78,True,True,0.488,0.0,-0.006,False,False,1.999,1.8,35.905,1828,9.56,,,,,0,False,False,0.0,False,7.64,5.71,20.0,
174.15,25506,701.315,-484.196,0.111,5.436,30.0,1828,-1,2.19,True,78,True,True,0.484,0.0,-0.0,False,False,1.956,1.799,35.968,1828,9.56,,,,,0,False,False,0.0,False,7.37,5.71,20.0,
174.2,25507,701.535,-484.038,0.11,5.408,30.0,1828,-1,2.46,True,78,True,True,0.449,0.0,-0.008,False,False,1.915,1.821,35.944,1828,9.56,,,,,0,False,False,0.0,False,7.1,5.72,20.0,
174.25,25508,701.754,-483.881,0.109,5.394,30.0,1828,-1,2.73,True,78,True,True,0.547,0.0,-0.001,False,False,1.879,1.826,36.005,1828,9.56,,,,,0,False,False,0.0,False,6.83,5.7,20.0,
174.3,25509,701.967,-483.723,0.115,5.378,30.0,1828,-1,3.0,True,78,True,True,0.597,0.0,-0.008,False,False,1.496,1.346,35.965,1828,9.56,,,,,0,False,False,0.0,False,6.56,5.7,20.0,
174.35,25510,702.173,-483.567,0.136,5.373,30.0,1828,-1,3.26,True,78,True,True,0.656,0.0,-0.004,False,False,0.394,0.231,35.898,1828,9.56,,,,,0,False,False,0.0,False,6.31,5.69,20.0,
174.4,25511,702.385,-483.419,0.143,5.313,30.0,1828,-1,3.52,True,78,True,True,0.673,0.0,-0.003,False,False,-0.302,0.349,35.741,1828,9.56,,,,,0,False,False,0.0,False,6.05,5.69,20.0,
174.45,25512,702.595,-483.273,0.132,5.292,30.0,1828,-1,3.77,True,78,True,True,0.75,0.0,0.017,False,False,-1.291,0.514,35.573,1828,9.56,,,,,0,False,False,0.0,False,5.79,5.66,20.0,
174.5,25513,702.802,-483.126,0.108,5.346,30.0,1828,-1,4.02,True,78,True,True,0.75,0.0,0.025,False,False,-2.633,0.379,35.441,1828,9.56,,,,,0,False,False,0.0,False,5.54,5.65,20.0,
174.55,25514,703.009,-482.975,0.086,5.262,30.0,1828,-1,4.28,True,78,True,True,0.75,0.0,0.029,False,False,-3.419,0.042,35.438,1828,13.39,,,,,0,False,False,0.0,False,9.11,5.67,20.0,
174.6,25515,703.221,-482.822,0.073,5.315,30.0,1828,-1,4.54,True,78,True,True,0.75,0.0,0.016,False,False,-3.707,-0.062,35.566,1828,13.39,,,,,0,False,False,0.0,False,8.84,5.63,20.0,
174.65,25516,703.445,-482.661,0.065,5.68,30.0,1828,-1,4.82,True,78,True,True,0.75,0.0,0.003,False,False,-3.643,-0.08,35.571,1828,13.39,,,,,0,False,False,0.0,False,8.57,5.66,20.0,
174.7,25517,703.689,-482.485,0.06,6.139,30.0,1828,-1,5.12,True,78,True,True,0.0,0.3,0.012,False,False,-3.398,-0.088,35.622,1828,13.39,,,,,0,False,False,0.0,False,8.27,5.84,20.0,
174.75,25518,703.943,-482.302,0.058,6.262,30.0,1828,-1,5.43,True,78,True,True,0.0,0.3,0.007,False,False,-3.209,-0.08,35.686,1828,13.39,,,,,0,False,False,0.0,False,7.96,6.07,20.0,
174.8,25519,704.2,-482.116,0.059,6.38,30.0,1828,-1,5.75,True,78,True,True,0.0,0.3,0.004,False,False,-3.137,-0.059,35.736,1828,13.39,,,,,0,False,False,0.0,False,7.64,6.13,20.0,
174.85,25520,704.459,-481.93,0.056,6.306,30.0,1828,-1,6.07,True,78,True,True,0.0,0.3,0.003,False,False,-2.926,0.03,35.82,1828,13.39,,,,,0,False,False,1.028,False,7.32,6.19,20.0,
174.9,25521,704.718,-481.744,0.039,6.204,30.0,1828,-1,6.39,True,78,True,True,0.0,0.3,-0.001,False,False,-2.075,0.077,35.891,1828,13.39,,,,,0,False,False,0.0,False,7.0,6.15,20.0,
174.95,25522,704.972,-481.562,0.015,5.943,30.0,1828,-1,6.7,True,78,True,True,0.0,0.3,-0.002,False,False,-0.942,0.073,35.958,1828,13.39,,,,,0,False,False,0.0,False,6.69,6.1,20.0,
175.0,25523,705.212,-481.388,0.002,5.759,30.0,1828,-1,7.0,True,78,True,True,0.0,0.3,-0.004,False,False,-0.404,0.054,35.906,1828,13.39,,,,,0,False,False,0.0,False,6.39,5.97,20.0,
175.05,25524,705.442,-481.221,-0.005,5.562,30.0,1828,-1,7.28,True,78,True,True,0.0,0.3,0.006,False,False,-0.203,0.027,35.954,1828,13.39,,,,,0,False,False,0.0,False,6.11,5.88,20.0,
175.1,25525,705.663,-481.061,-0.008,5.386,30.0,1828,-1,7.55,True,78,True,True,0.0,0.059,-0.002,False,False,-0.15,0.017,35.916,1828,13.39,,,,,0,False,False,0.0,False,5.83,5.78,20.0,
175.15,25526,705.877,-480.906,-0.008,5.234,30.0,1828,-1,7.82,True,78,True,True,0.574,0.0,0.005,False,False,-0.148,0.004,35.967,1828,13.39,,,,,0,False,False,0.0,False,5.57,5.69,20.0,
175.2,25527,706.085,-480.754,-0.008,5.101,30.0,1828,-1,8.08,True,78,True,True,0.75,0.0,-0.003,False,False,-0.158,0.005,35.927,1249,1.76,,,,,0,False,False,0.0,False,8.99,5.62,20.0,
175.25,25528,706.291,-480.605,-0.008,5.076,30.0,1828,-1,8.33,True,78,True,True,0.75,0.0,0.004,False,False,-0.144,-0.002,35.968,1249,1.76,,,,,0,False,False,0.0,False,8.73,5.55,20.0,
175.3,25529,706.497,-480.456,-0.008,5.073,30.0,1828,-1,8.58,True,78,True,True,0.75,0.0,-0.003,False,False,-0.103,0.001,35.921,1249,1.76,,,,,0,False,False,0.0,False,8.48,5.54,20.0,
175.35,25530,706.697,-480.31,-0.007,4.793,30.0,1828,-1,8.83,True,78,True,True,0.75,0.0,0.005,False,False,-0.109,-0.004,35.961,1249,1.76,,,,,0,False,False,0.0,False,8.23,5.54,20.0,
175.4,25531,706.881,-480.177,-0.006,4.432,30.0,1828,-1,9.06,True,78,True,True,0.75,0.0,-0.002,False,False,-0.208,-0.001,35.982,1249,1.76,,,,,0,False,False,0.0,False,8.0,5.4,20.0,
175.45,25532,707.055,-480.052,-0.005,4.212,30.0,1828,-1,9.27,True,78,True,True,0.75,0.0,-0.002,False,False,-0.286,0.002,35.981,1249,1.76,,,,,0,False,False,0.0,False,7.79,5.22,20.0,
175.5,25533,707.222,-479.93,-0.005,4.104,30.0,1828,-1,9.48,True,78,True,True,0.75,0.0,-0.0,False,False,-0.305,0.002,35.979,1249,1.76,,,,,0,False,False,0.82,False,7.58,5.11,20.0,
175.55,25534,707.387,-479.81,-0.005,4.076,30.0,1828,-1,9.68,True,78,True,True,0.75,0.0,0.0,False,False,-0.269,0.0,35.978,1249,1.76,,,,,0,False,False,0.963,False,7.38,5.05,20.0,
175.6,25535,707.553,-479.69,-0.006,4.101,30.0,1828,-1,9.89,True,78,True,True,0.75,0.0,-0.0,False,False,-0.197,-0.001,35.978,1249,1.76,,,,,0,False,False,1.124,False,7.17,5.04,20.0,
175.65,25536,707.721,-479.568,-0.006,4.158,30.0,1828,-1,10.1,True,78,True,True,0.75,0.0,-0.0,False,False,-0.112,-0.001,35.977,1249,1.76,,,,,0,False,False,0.0,False,6.97,5.05,20.0,
175.7,25537,707.892,-479.444,-0.007,4.234,30.0,1828,-1,10.31,True,78,True,True,0.75,0.0,-0.0,False,False,-0.028,-0.001,35.977,1249,1.76,,,,,0,False,False,0.0,False,6.76,5.08,20.0,
175.75,25538,708.066,-479.318,-0.008,4.322,30.0,1828,-1,10.52,True,78,True,True,0.75,0.0,-0.0,False,False,0.047,-0.001,35.976,1249,1.76,,,,,0,False,False,0.0,False,6.54,5.12,20.0,
175.8,25539,708.244,-479.189,-0.008,4.417,30.0,1828,-1,10.74,True,78,True,True,0.75,0.0,-0.0,False,False,0.108,-0.001,35.976,1249,1.76,,,,,0,False,False,0.0,False,6.32,5.16,20.0,
175.85,25540,708.425,-479.057,-0.009,4.517,30.0,1828,-1,10.97,True,78,True,True,0.75,0.0,0.0,False,False,0.155,-0.001,35.976,1249,1.76,,,,,0,False,False,0.0,False,6.1,5.21,20.0,
175.9,25541,708.611,-478.922,-0.009,4.62,30.0,1828,-1,11.2,True,78,True,True,0.75,0.0,0.0,False,False,0.191,-0.001,35.976,1249,1.76,,,,,0,False,False,0.0,False,5.87,5.26,20.0,
175.95,25542,708.8,-478.785,-0.009,4.723,30.0,1828,-1,11.43,True,78,True,True,0.75,0.0,0.0,False,False,0.216,-0.0,35.976,1249,1.76,,,,,0,False,False,0.0,False,5.63,5.31,20.0,
176.0,25543,708.994,-478.644,-0.009,4.828,30.0,1828,-1,11.67,True,78,True,True,0.75,0.0,-0.0,False,False,0.234,-0.0,35.976,1249,1.76,,,,,0,False,False,0.0,False,5.39,5.36,20.0,
176.05,25544,709.192,-478.501,-0.009,4.932,30.0,1828,-1,11.91,True,78,True,True,0.75,0.0,-0.0,False,False,0.245,0.001,35.975,1249,5.29,,,,,0,False,False,0.0,False,8.68,5.41,20.0,
176.1,25545,709.394,-478.354,-0.009,5.036,30.0,1828,-1,12.16,True,78,True,True,0.75,0.0,0.0,False,False,0.253,0.001,35.974,1249,5.29,,,,,0,False,False,0.0,False,8.43,5.47,20.0,
176.15,25546,709.601,-478.204,-0.009,5.137,30.0,1828,-1,12.42,True,78,True,True,0.75,0.0,-0.0,False,False,0.258,0.0,35.973,1249,5.29,,,,,0,False,False,0.0,False,8.17,5.52,20.0,
176.2,25547,709.811,-478.051,-0.009,5.275,30.0,1828,-1,12.68,True,78,True,True,0.75,0.0,-0.0,False,False,0.261,0.0,35.973,1249,5.29,,,,,0,False,False,0.0,False,7.91,5.57,20.0,
176.25,25548,710.025,-477.896,-0.009,5.301,30.0,1828,-1,12.94,True,78,True,True,0.75,0.0,-0.0,False,False,0.256,0.0,35.969,1249,5.29,,,,,0,False,False,0.0,False,7.65,5.64,20.0,
176.3,25549,710.242,-477.738,-0.009,5.391,30.0,1828,-1,13.21,True,78,True,True,0.75,0.0,0.0,False,False,0.244,-0.001,35.986,1249,5.29,,,,,0,False,False,0.0,False,7.38,5.65,20.0,
176.35,25550,710.458,-477.582,-0.009,5.302,30.0,1828,-1,13.48,True,78,True,True,0.646,0.0,-0.002,False,False,0.197,0.002,35.951,1249,5.29,,,,,0,False,False,0.0,False,7.11,5.7,20.0,
176.4,25551,710.674,-477.425,-0.008,5.363,30.0,1828,-1,13.74,True,78,True,True,0.75,0.0,0.003,False,False,0.158,-0.003,35.975,1249,5.29,,,,,0,False,False,0.0,False,6.85,5.65,20.0,
176.45,25552,710.889,-477.269,-0.008,5.301,30.0,1828,-1,14.01,True,78,True,True,0.731,0.0,-0.002,False,False,0.124,0.0,35.941,1249,5.29,,,,,0,False,False,0.0,False,6.58,5.68,20.0,
176.5,25553,711.105,-477.112,-0.008,5.392,30.0,1828,-1,14.28,True,78,True,True,0.75,0.0,0.003,False,False,0.113,-0.003,35.966,1249,5.29,,,,,0,False,False,0.0,False,6.31,5.65,20.0,
176.55,25554,711.321,-476.954,-0.008,5.316,30.0,1828,-1,14.54,True,78,True,True,0.618,0.0,-0.002,False,False,0.096,0.0,35.939,1249,5.29,,,,,0,False,False,0.0,False,6.05,5.7,20.0,
176.6,25555,711.538,-476.797,-0.008,5.383,30.0,1828,-1,14.81,True,78,True,True,0.75,0.0,0.003,False,False,0.089,-0.002,35.97,1249,5.29,,,,,0,False,False,0.0,False,5.78,5.66,20.0,
176.65,25556,711.761,-476.636,-0.008,5.656,30.0,1828,-1,15.09,True,78,True,True,0.643,0.0,-0.002,False,False,0.144,0.003,35.979,1249,5.29,,,,,0,False,False,0.0,False,5.5,5.69,20.0,
176.7,25557,712.003,-476.461,-0.01,6.102,30.0,1249,-1,0.09,False,-1,True,True,0.0,0.3,-0.001,False,False,0.296,0.005,35.99,1249,8.82,,,,,0,False,False,0.0,False,8.73,5.83,20.0,
176.75,25558,712.254,-476.279,-0.01,6.215,30.0,1249,-1,0.4,False,-1,True,True,0.0,0.3,-0.001,False,False,0.382,0.005,35.988,1249,8.82,,,,,0,False,False,0.0,False,8.42,6.05,20.0,
176.8,25559,712.508,-476.094,-0.01,6.318,30.0,1249,-1,0.71,False,-1,True,True,0.0,0.3,-0.0,False,False,0.387,0.003,35.984,1249,8.82,,,,,0,False,False,0.0,False,8.11,6.11,20.0,
176.85,25560,712.76,-475.911,-0.01,6.182,30.0,1249,-1,1.02,False,-1,True,True,0.0,0.3,-0.0,False,False,0.312,0.0,35.983,1249,8.82,,,,,0,False,False,0.0,False,7.8,6.16,20.0,
176.9,25561,713.008,-475.731,-0.009,6.111,30.0,1249,-1,1.33,False,-1,True,True,0.0,0.3,-0.0,False,False,0.207,-0.001,35.967,1249,8.82,,,,,0,False,False,0.0,False,7.49,6.09,20.0,
176.95,25562,713.249,-475.556,-0.008,5.879,30.0,1249,-1,1.63,False,-1,True,True,0.0,0.3,0.001,False,False,0.087,-0.004,35.992,1249,8.82,,,,,0,False,False,0.0,False,7.19,6.06,20.0,
177.0,25563,713.483,-475.386,-0.007,5.751,30.0,1249,-1,1.92,False,-1,True,True,0.0,0.3,-0.002,False,False,-0.017,-0.001,35.963,1249,8.82,,,,,0,False,False,0.0,False,6.9,5.94,20.0,
177.05,25564,713.709,-475.223,-0.006,5.489,30.0,1249,-1,2.19,False,-1,True,True,0.0,0.3,0.002,False,False,-0.11,-0.003,35.988,1249,8.82,,,,,0,False,False,0.0,False,6.62,5.88,20.0,
177.1,25565,713.927,-475.064,-0.006,5.381,30.0,1249,-1,2.46,False,-1,True,True,0.208,0.0,-0.002,False,False,-0.171,0.0,35.96,1249,8.82,,,,,0,False,False,0.0,False,6.35,5.74,20.0,
177.15,25566,714.14,-474.91,-0.005,5.178,30.0,1249,-1,2.73,False,-1,True,True,0.596,0.0,0.002,False,False,-0.205,-0.001,35.993,1249,8.82,,,,,0,False,False,0.0,False,6.09,5.69,20.0,
177.2,25567,714.348,-474.758,-0.005,5.135,30.0,1249,-1,2.99,False,-1,True,True,0.75,0.0,-0.003,False,False,-0.206,0.003,35.969,1249,8.82,,,,,0,False,False,0.0,False,5.83,5.59,20.0,
177.25,25568,714.554,-474.61,-0.005,5.031,30.0,1249,-1,3.24,False,-1,True,True,0.75,0.0,0.002,False,False,-0.186,0.001,36.01,1249,8.82,,,,,0,False,False,0.0,False,5.58,5.57,20.0,
177.3,25569,714.759,-474.461,-0.006,5.098,30.0,1249,-1,3.49,False,-1,True,True,0.75,0.0,-0.004,False,False,-0.131,0.005,35.982,1249,8.82,,,,,0,False,False,0.0,False,5.33,5.52,20.0,
177.35,25570,714.961,-474.313,-0.006,4.844,30.0,1249,-1,3.74,False,-1,True,True,0.75,0.0,0.014,False,False,-0.11,-0.017,36.027,1249,12.35,,,,,0,False,False,0.0,False,8.59,5.55,20.0,
177.4,25571,715.149,-474.176,-0.006,4.543,30.0,1249,-1,3.98,False,-1,True,True,0.75,0.0,-0.001,False,False,-0.181,-0.015,36.035,1249,12.35,,,,,0,False,False,0.0,False,8.36,5.42,20.0,
177.45,25572,715.327,-474.047,-0.005,4.335,30.0,1249,-1,4.2,False,-1,True,True,0.75,0.0,0.001,False,False,-0.249,-0.009,36.039,1249,12.35,,,,,0,False,False,0.0,False,8.14,5.27,20.0,
177.5,25573,715.499,-473.921,-0.005,4.235,30.0,1249,-1,4.41,False,-1,True,True,0.75,0.0,0.001,False,False,-0.266,-0.006,36.046,1249,12.35,,,,,0,False,False,0.0,False,7.93,5.17,20.0,
177.55,25574,715.67,-473.797,-0.005,4.212,30.0,1249,-1,4.62,False,-1,True,True,0.75,0.0,0.001,False,False,-0.234,-0.004,36.051,1249,12.35,,,,,0,False,False,0.0,False,7.71,5.12,20.0,
177.6,25575,715.841,-473.672,-0.006,4.238,30.0,1249,-1,4.83,False,-1,True,True,0.75,0.0,0.001,False,False,-0.169,-0.003,36.057,1249,12.35,,,,,0,False,False,0.0,False,7.5,5.11,20.0,
177.65,25576,716.014,-473.546,-0.007,4.295,30.0,1249,-1,5.05,False,-1,True,True,0.75,0.0,0.001,False,False,-0.091,-0.001,36.061,1249,12.35,,,,,0,False,False,0.0,False,7.29,5.12,20.0,
177.7,25577,716.19,-473.418,-0.007,4.37,30.0,1249,-1,5.26,False,-1,True,True,0.75,0.0,0.001,False,False,-0.013,-0.001,36.065,1249,12.35,,,,,0,False,False,0.0,False,7.07,5.15,20.0,
177.75,25578,716.369,-473.287,-0.008,4.457,30.0,1249,-1,5.48,False,-1,True,True,0.75,0.0,0.001,False,False,0.056,-0.0,36.068,1249,12.35,,,,,0,False,False,0.0,False,6.85,5.18,20.0,
177.8,25579,716.552,-473.154,-0.008,4.551,30.0,1249,-1,5.71,False,-1,True,True,0.75,0.0,0.001,False,False,0.114,-0.0,36.071,1249,12.35,,,,,0,False,False,0.0,False,6.62,5.23,20.0,
177.85,25580,716.739,-473.018,-0.009,4.65,30.0,1249,-1,5.94,False,-1,True,True,0.75,0.0,0.0,False,False,0.158,-0.0,36.074,1249,12.35,,,,,0,False,False,0.0,False,6.39,5.28,20.0,
177.9,25581,716.929,-472.879,-0.009,4.751,30.0,1249,-1,6.18,False,-1,True,True,0.75,0.0,0.0,False,False,0.192,-0.0,36.076,1249,12.35,,,,,0,False,False,0.0,False,6.16,5.33,20.0,
177.95,25582,717.124,-472.737,-0.009,4.854,30.0,1249,-1,6.42,False,-1,True,True,0.75,0.0,0.0,False,False,0.216,0.0,36.078,1249,12.35,,,,,0,False,False,0.0,False,5.92,5.38,20.0,
178.0,25583,717.323,-472.592,-0.009,4.957,30.0,1249,-1,6.66,False,-1,True,True,0.75,0.0,0.0,False,False,0.233,0.0,36.08,1249,12.35,,,,,0,False,False,0.0,False,5.67,5.43,20.0,
178.05,25584,717.526,-472.444,-0.009,5.061,30.0,1249,-1,6.92,False,-1,True,True,0.75,0.0,0.0,False,False,0.244,0.0,36.081,1249,12.35,,,,,0,False,False,0.0,False,5.42,5.48,20.0,
178.1,25585,717.732,-472.292,-0.009,5.169,30.0,1249,-1,7.17,False,-1,True,True,0.75,0.0,0.019,False,False,0.252,-0.038,36.148,1249,15.88,,,,,0,False,False,0.0,False,8.68,5.53,20.0,
178.15,25586,717.941,-472.138,-0.009,5.207,30.0,1249,-1,7.43,False,-1,True,True,0.75,0.0,-0.001,False,False,0.248,-0.027,36.168,1249,15.88,,,,,0,False,False,0.0,False,8.42,5.58,20.0,
178.2,25587,718.151,-471.985,-0.009,5.192,30.0,1249,-1,7.69,False,-1,True,True,0.75,0.0,-0.001,False,False,0.211,-0.011,36.222,1249,15.88,,,,,0,False,False,0.0,False,8.16,5.6,20.0,
178.25,25588,718.36,-471.832,-0.008,5.183,30.0,1249,-1,7.95,False,-1,True,True,0.75,0.0,-0.002,False,False,0.167,0.001,36.183,1249,15.88,,,,,0,False,False,0.0,False,7.9,5.6,20.0,
178.3,25589,718.569,-471.679,-0.008,5.189,30.0,1249,-1,8.21,False,-1,True,True,0.75,0.0,0.006,False,False,0.134,-0.005,36.238,1249,15.88,,,,,0,False,False,0.0,False,7.64,5.59,20.0,
178.35,25590,718.778,-471.525,-0.008,5.211,30.0,1249,-1,8.47,False,-1,True,True,0.75,0.0,-0.002,False,False,0.117,0.001,36.204,1249,15.88,,,,,0,False,False,0.0,False,7.38,5.59,20.0,
178.4,25591,718.989,-471.371,-0.008,5.227,30.0,1249,-1,8.73,False,-1,True,True,0.75,0.0,0.005,False,False,0.109,-0.004,36.259,1249,15.88,,,,,0,False,False,0.0,False,7.12,5.61,20.0,
178.45,25592,719.2,-471.216,-0.008,5.224,30.0,1249,-1,8.99,False,-1,True,True,0.75,0.0,-0.003,False,False,0.099,0.002,36.223,1249,15.88,,,,,0,False,False,0.0,False,6.86,5.61,20.0,
178.5,25593,719.411,-471.062,-0.008,5.264,30.0,1249,-1,9.25,False,-1,True,True,0.75,0.0,0.004,False,False,0.092,-0.003,36.269,1249,15.88,,,,,0,False,False,0.0,False,6.6,5.61,20.0,
178.55,25594,719.636,-470.896,-0.009,5.762,30.0,1249,-1,9.53,False,-1,True,True,0.75,0.0,-0.003,False,False,0.214,0.002,36.284,1249,15.88,,,,,0,False,False,0.0,False,6.32,5.63,20.0,
178.6,25595,719.879,-470.718,-0.01,6.13,30.0,1249,-1,9.83,False,-1,True,True,0.0,0.3,-0.001,False,False,0.368,0.003,36.305,1249,15.88,,,,,0,False,False,0.0,False,6.02,5.88,20.0,
178.65,25596,720.131,-470.532,-0.011,6.321,30.0,1249,-1,10.15,False,-1,True,True,0.0,0.3,0.017,False,False,0.449,-0.034,36.349,1249,19.4,,,,,0,False,False,0.0,False,9.23,6.06,20.0,
178.7,25597,720.387,-470.343,-0.011,6.349,30.0,1249,-1,10.47,False,-1,True,True,0.0,0.3,0.001,False,False,0.434,-0.034,36.427,1249,19.4,,,,,0,False,False,0.0,False,8.91,6.16,20.0,
178.75,25598,720.639,-470.157,-0.01,6.255,30.0,1249,-1,10.78,False,-1,True,True,0.0,0.3,-0.004,False,False,0.341,-0.013,36.406,1249,19.4,,,,,0,False,False,0.0,False,8.6,6.17,20.0,
178.8,25599,720.887,-469.974,-0.009,6.121,30.0,1249,-1,11.09,False,-1,True,True,0.0,0.3,0.004,False,False,0.219,-0.011,36.452,1249,19.4,,,,,0,False,False,0.0,False,8.29,6.13,20.0,
178.85,25600,721.129,-469.796,-0.008,5.958,30.0,1249,-1,11.39,False,-1,True,True,0.0,0.3,-0.002,False,False,0.097,-0.004,36.419,1249,19.4,,,,,0,False,False,0.0,False,7.99,6.06,20.0,
178.9,25601,721.363,-469.623,-0.007,5.776,30.0,1249,-1,11.68,False,-1,True,True,0.0,0.3,0.004,False,False,-0.011,-0.007,36.465,1249,19.4,,,,,0,False,False,0.0,False,7.7,5.98,20.0,
178.95,25602,721.59,-469.455,-0.006,5.581,30.0,1249,-1,11.96,False,-1,True,True,0.0,0.3,-0.003,False,False,-0.101,-0.001,36.429,1249,19.4,,,,,0,False,False,0.0,False,7.41,5.89,20.0,
179.0,25603,721.81,-469.293,-0.006,5.399,30.0,1249,-1,12.23,False,-1,True,True,0.0,0.126,0.004,False,False,-0.167,-0.005,36.475,1249,19.4,,,,,0,False,False,0.0,False,7.14,5.79,20.0,
179.05,25604,722.022,-469.135,-0.005,5.241,30.0,1249,-1,12.5,False,-1,True,True,0.528,0.0,-0.003,False,False,-0.206,0.0,36.435,1249,19.4,,,,,0,False,False,0.0,False,6.88,5.7,20.0,
179.1,25605,722.23,-468.982,-0.005,5.106,30.0,1249,-1,12.76,False,-1,True,True,0.75,0.0,0.004,False,False,-0.221,-0.004,36.482,1249,19.4,,,,,0,False,False,0.0,False,6.62,5.62,20.0,
179.15,25606,722.435,-468.83,-0.005,5.103,30.0,1249,-1,13.01,False,-1,True,True,0.75,0.0,-0.003,False,False,-0.19,0.001,36.426,1249,19.4,,,,,0,False,False,0.0,False,6.36,5.55,20.0,
179.2,25607,722.641,-468.678,-0.006,5.101,30.0,1249,-1,13.27,False,-1,True,True,0.75,0.0,0.005,False,False,-0.135,-0.005,36.473,1249,19.4,,,,,0,False,False,0.0,False,6.11,5.55,20.0,
179.25,25608,722.838,-468.532,-0.006,4.727,30.0,1249,-1,13.51,False,-1,True,True,0.75,0.0,0.005,False,False,-0.158,-0.012,36.495,1249,19.4,,,,,0,False,False,0.0,False,5.86,5.55,20.0,
179.3,25609,723.018,-468.399,-0.005,4.383,30.0,1249,-1,13.74,False,-1,True,True,0.75,0.0,-0.003,False,False,-0.256,-0.005,36.52,1249,19.4,,,,,0,False,False,0.0,False,5.64,5.36,20.0,
179.35,25610,723.189,-468.273,-0.005,4.178,30.0,1249,-1,13.95,False,-1,True,True,0.75,0.0,-0.003,False,False,-0.321,0.004,36.514,1249,19.4,,,,,0,False,False,0.0,False,5.43,5.19,20.0,
179.4,25611,723.354,-468.151,-0.004,4.081,30.0,1249,-1,14.15,False,-1,True,True,0.75,0.0,-0.001,False,False,-0.325,0.005,36.506,1249,19.4,,,,,0,False,False,0.0,False,5.22,5.09,20.0,
179.45,25612,723.518,-468.03,-0.005,4.061,30.0,1249,-1,14.36,False,-1,True,True,0.75,0.0,-0.001,False,False,-0.277,0.004,36.501,1249,19.4,,,,,0,False,False,0.0,False,5.02,5.04,20.0,
179.5,25613,723.681,-467.907,-0.006,4.09,30.0,1249,-1,14.56,False,-1,True,True,0.75,0.0,0.026,False,False,-0.198,-0.04,36.574,1249,22.93,,,,,0,False,False,0.0,False,8.33,5.03,20.0,
179.55,25614,723.847,-467.783,-0.006,4.149,30.0,1249,-1,14.77,False,-1,True,True,0.75,0.0,-0.0,False,False,-0.109,-0.032,36.622,1249,22.93,,,,,0,False,False,0.0,False,8.12,5.04,20.0,
179.6,25615,724.016,-467.657,-0.007,4.228,30.0,1249,-1,14.98,False,-1,True,True,0.75,0.0,0.0,False,False,-0.022,-0.013,36.633,1249,22.93,,,,,0,False,False,0.0,False,7.91,5.07,20.0,
179.65,25616,724.188,-467.529,-0.008,4.317,30.0,1249,-1,15.2,False,-1,True,True,0.75,0.0,0.002,False,False,0.052,-0.006,36.643,1249,22.93,,,,,0,False,False,0.0,False,7.7,5.11,20.0,
179.7,25617,724.364,-467.398,-0.008,4.414,30.0,1249,-1,15.41,False,-1,True,True,0.75,0.0,0.002,False,False,0.113,-0.004,36.655,1249,22.93,,,,,0,False,False,0.0,False,7.48,5.16,20.0,
179.75,25618,724.544,-467.264,-0.009,4.514,30.0,1249,-1,15.64,False,-1,True,True,0.75,0.0,0.002,False,False,0.16,-0.002,36.666,1249,22.93,,,,,0,False,False,0.0,False,7.25,5.21,20.0,
179.8,25619,724.727,-467.127,-0.009,4.617,30.0,1249,-1,15.87,False,-1,True,True,0.75,0.0,0.001,False,False,0.194,-0.001,36.676,1249,22.93,,,,,0,False,False,0.0,False,7.02,5.26,20.0,
179.85,25620,724.915,-466.987,-0.009,4.721,30.0,1249,-1,16.1,False,-1,True,True,0.75,0.0,0.001,False,False,0.219,0.0,36.684,1249,22.93,,,,,0,False,False,0.0,False,6.79,5.31,20.0,
179.9,25621,725.107,-466.844,-0.009,4.826,30.0,1249,-1,16.34,False,-1,True,True,0.75,0.0,0.001,False,False,0.236,0.0,36.69,1249,22.93,,,,,0,False,False,0.0,False,6.55,5.36,20.0,
179.95,25622,725.303,-466.697,-0.009,4.93,30.0,1249,-1,16.59,False,-1,True,True,0.75,0.0,0.001,False,False,0.247,0.0,36.696,1249,22.93,,,,,0,False,False,0.0,False,6.3,5.41,20.0,
180.0,25623,725.503,-466.548,-0.009,5.034,30.0,1249,-1,16.84,False,-1,True,True,0.75,0.0,0.001,False,False,0.254,0.0,36.702,1249,22.93,,,,,0,False,False,0.0,False,6.05,5.47,20.0,
180.05,25624,725.707,-466.396,-0.009,5.136,30.0,1249,-1,17.09,False,-1,True,True,0.75,0.0,0.001,False,False,0.258,0.0,36.706,1249,22.93,,,,,0,False,False,0.0,False,5.8,5.52,20.0,
180.1,25625,725.916,-466.24,-0.009,5.274,30.0,1249,-1,17.35,False,-1,True,True,0.75,0.0,0.001,False,False,0.261,0.0,36.71,1249,22.93,,,,,0,False,False,0.0,False,5.54,5.57,20.0,
180.15,25626,726.126,-466.081,-0.009,5.292,30.0,1249,-1,17.61,False,-1,True,True,0.75,0.0,0.026,False,False,0.255,-0.05,36.789,1619,1.94,,,,,0,False,False,0.0,False,8.98,5.64,20.0,
180.2,25627,726.339,-465.92,-0.009,5.353,30.0,1249,-1,17.88,False,-1,True,True,0.75,0.0,0.0,False,False,0.233,-0.042,36.881,1619,1.94,,,,,0,False,False,0.0,False,8.71,5.65,20.0,
180.25,25628,726.551,-465.761,-0.009,5.272,30.0,1249,-1,18.15,False,-1,True,True,0.75,0.0,-0.003,False,False,0.185,-0.014,36.872,1619,1.94,,,,,0,False,False,0.0,False,8.45,5.68,20.0,
180.3,25629,726.763,-465.602,-0.008,5.347,30.0,1249,-1,18.41,False,-1,True,True,0.75,0.0,0.004,False,False,0.152,-0.008,36.908,1619,1.94,,,,,0,False,False,0.0,False,8.18,5.64,20.0,
180.35,25630,726.975,-465.442,-0.008,5.298,30.0,1249,-1,18.68,False,-1,True,True,0.75,0.0,-0.0,False,False,0.126,-0.001,36.886,1619,1.94,,,,,0,False,False,0.0,False,7.92,5.67,20.0,
180.4,25631,727.188,-465.281,-0.008,5.369,30.0,1249,-1,18.94,False,-1,True,True,0.75,0.0,0.004,False,False,0.114,-0.004,36.924,1619,1.94,,,,,0,False,False,0.0,False,7.65,5.65,20.0,
180.45,25632,727.401,-465.121,-0.008,5.295,30.0,1249,-1,19.21,False,-1,True,True,0.701,0.0,-0.001,False,False,0.095,0.001,36.905,1619,1.94,,,,,0,False,False,0.0,False,7.39,5.68,20.0,
180.5,25633,727.618,-464.958,-0.008,5.621,30.0,1249,-1,19.48,False,-1,True,True,0.75,0.0,0.003,False,False,0.129,-0.002,36.949,1619,1.94,,,,,0,False,False,0.0,False,7.11,5.65,20.0,
180.55,25634,727.853,-464.782,-0.009,5.958,30.0,1249,-1,19.77,False,-1,True,True,0.0,0.214,-0.002,False,False,0.269,0.002,36.974,1619,1.94,,,,,0,False,False,0.0,False,6.82,5.81,20.0,
180.6,25635,728.1,-464.597,-0.01,6.262,30.0,1249,-1,20.08,False,-1,True,True,0.0,0.3,-0.001,False,False,0.383,0.006,36.976,1619,1.94,,,,,0,False,False,0.0,False,6.51,5.98,20.0,
180.65,25636,728.35,-464.408,-0.011,6.263,30.0,1249,-1,20.4,False,-1,True,True,0.0,0.3,0.0,False,False,0.399,0.004,36.975,1619,1.94,,,,,0,False,False,0.0,False,6.2,6.13,20.0,
180.7,25637,728.601,-464.219,-0.01,6.282,30.0,1249,-1,20.71,False,-1,True,True,0.0,0.3,0.0,False,False,0.345,0.0,36.974,1619,1.94,,,,,0,False,False,0.0,False,5.88,6.13,20.0,
180.75,25638,728.846,-464.034,-0.009,6.097,30.0,1249,-1,21.02,False,-1,True,True,0.0,0.3,0.01,False,False,0.237,-0.02,37.019,1619,5.82,,,,,0,False,False,0.0,False,9.47,6.14,20.0,
180.8,25639,729.086,-463.852,-0.008,5.992,30.0,1249,-1,21.32,False,-1,True,True,0.0,0.3,-0.001,False,False,0.122,-0.016,37.018,1619,5.82,,,,,0,False,False,0.0,False,9.17,6.05,20.0,
180.85,25640,729.319,-463.677,-0.007,5.747,30.0,1249,-1,21.61,False,-1,True,True,0.0,0.3,0.002,False,False,0.006,-0.011,37.055,1619,5.82,,,,,0,False,False,0.0,False,8.88,6.0,20.0,
180.9,25641,729.544,-463.507,-0.006,5.611,30.0,1249,-1,21.89,False,-1,True,True,0.0,0.3,-0.002,False,False,-0.085,-0.004,37.033,1619,5.82,,,,,0,False,False,0.0,False,8.6,5.87,20.0,
180.95,25642,729.761,-463.343,-0.006,5.352,30.0,1249,-1,22.17,False,-1,True,True,0.0,0.232,0.003,False,False,-0.162,-0.005,37.065,1619,5.82,,,,,0,False,False,0.0,False,8.32,5.81,20.0,
181.0,25643,729.972,-463.184,-0.005,5.25,30.0,1249,-1,22.43,False,-1,True,True,0.699,0.0,-0.002,False,False,-0.206,-0.0,37.043,1619,5.82,,,,,0,False,False,0.0,False,8.06,5.68,20.0,
181.05,25644,730.176,-463.029,-0.005,5.048,30.0,1249,-1,22.69,False,-1,True,True,0.75,0.0,0.002,False,False,-0.227,-0.001,37.082,1619,5.82,,,,,0,False,False,0.0,False,7.8,5.62,20.0,
181.1,25645,730.377,-462.878,-0.005,5.04,30.0,1249,-1,22.94,False,-1,True,True,0.75,0.0,-0.003,False,False,-0.215,0.003,37.092,1619,5.82,,,,,0,False,False,0.0,False,7.55,5.52,20.0,
181.15,25646,730.578,-462.726,-0.006,4.94,30.0,1249,-1,23.19,False,-1,True,True,0.75,0.0,-0.001,False,False,-0.164,0.004,37.1,1619,5.82,,,,,0,False,False,0.0,False,7.3,5.52,20.0,
181.2,25647,730.779,-462.575,-0.006,4.937,30.0,1249,-1,23.44,False,-1,True,True,0.75,0.0,-0.001,False,False,-0.113,0.003,37.089,1619,5.82,,,,,0,False,False,0.0,False,7.05,5.47,20.0,
181.25,25648,730.964,-462.435,-0.006,4.514,30.0,1249,-1,23.67,False,-1,True,True,0.75,0.0,0.0,False,False,-0.185,0.0,37.059,1619,5.82,,,,,0,False,False,0.0,False,6.82,5.47,20.0,
181.3,25649,731.137,-462.304,-0.005,4.261,30.0,1249,-1,23.89,False,-1,True,True,0.75,0.0,0.002,False,False,-0.267,-0.004,37.057,1619,5.82,,,,,0,False,False,0.0,False,6.6,5.26,20.0,
181.35,25650,731.303,-462.178,-0.005,4.128,30.0,1249,-1,24.1,False,-1,True,True,0.75,0.0,0.001,False,False,-0.3,-0.004,37.061,1619,5.82,,,,,0,False,False,0.0,False,6.39,5.13,20.0,
181.4,25651,731.467,-462.055,-0.005,4.083,30.0,1249,-1,24.3,False,-1,True,True,0.75,0.0,-0.0,False,False,-0.276,-0.002,37.062,1619,5.82,,,,,0,False,False,0.0,False,6.19,5.06,20.0,
181.45,25652,731.63,-461.931,-0.005,4.097,30.0,1249,-1,24.51,False,-1,True,True,0.75,0.0,0.0,False,False,-0.212,-0.001,37.063,1619,5.82,,,,,0,False,False,0.0,False,5.98,5.04,20.0,
181.5,25653,731.795,-461.807,-0.006,4.146,30.0,1619,-1,0.06,True,41,True,True,0.75,0.0,0.0,False,False,-0.13,-0.0,37.064,1619,5.82,,,,,0,False,False,0.0,False,5.77,5.05,20.0,
181.55,25654,731.963,-461.68,-0.007,4.218,30.0,1619,-1,0.27,True,41,True,True,0.75,0.0,0.0,False,False,-0.045,-0.0,37.065,1619,5.82,,,,,0,False,False,0.0,False,5.56,5.07,20.0,
181.6,25655,732.134,-461.551,-0.008,4.304,30.0,1619,-1,0.48,True,41,True,True,0.75,0.0,0.0,False,False,0.031,0.0,37.065,1619,5.82,,,,,0,False,False,0.0,False,5.35,5.11,20.0,
181.65,25656,732.308,-461.419,-0.008,4.398,30.0,1619,-1,0.7,True,41,True,True,0.75,0.0,0.0,False,False,0.095,0.0,37.066,1619,5.82,,,,,0,False,False,0.0,False,5.13,5.15,20.0,
181.7,25657,732.488,-461.286,-0.009,4.495,30.0,1619,-1,0.93,True,41,True,True,0.75,0.0,-0.032,False,False,0.145,0.052,36.971,1619,9.7,,,,,0,False,False,0.0,False,8.83,5.2,20.0,
181.75,25658,732.671,-461.15,-0.009,4.596,30.0,1619,-1,1.15,True,41,True,True,0.75,0.0,-0.0,False,False,0.183,0.044,36.903,1619,9.7,,,,,0,False,False,0.0,False,8.6,5.25,20.0,
181.8,25659,732.857,-461.01,-0.009,4.7,30.0,1619,-1,1.39,True,41,True,True,0.75,0.0,0.0,False,False,0.21,0.019,36.885,1619,9.7,,,,,0,False,False,0.0,False,8.36,5.3,20.0,
181.85,25660,733.048,-460.867,-0.009,4.805,30.0,1619,-1,1.63,True,41,True,True,0.75,0.0,-0.003,False,False,0.23,0.009,36.871,1619,9.7,,,,,0,False,False,0.0,False,8.13,5.35,20.0,
181.9,25661,733.243,-460.722,-0.009,4.909,30.0,1619,-1,1.87,True,41,True,True,0.75,0.0,-0.003,False,False,0.243,0.005,36.854,1619,9.7,,,,,0,False,False,0.0,False,7.88,5.4,20.0,
181.95,25662,733.442,-460.573,-0.009,5.013,30.0,1619,-1,2.12,True,41,True,True,0.75,0.0,-0.002,False,False,0.251,0.003,36.838,1619,9.7,,,,,0,False,False,0.0,False,7.63,5.45,20.0,
182.0,25663,733.646,-460.421,-0.009,5.118,30.0,1619,-1,2.37,True,41,True,True,0.75,0.0,-0.002,False,False,0.257,0.001,36.826,1619,9.7,,,,,0,False,False,0.0,False,7.38,5.51,20.0,
182.05,25664,733.853,-460.266,-0.009,5.178,30.0,1619,-1,2.63,True,41,True,True,0.75,0.0,-0.001,False,False,0.257,0.0,36.814,1619,9.7,,,,,0,False,False,0.0,False,7.12,5.56,20.0,
182.1,25665,734.064,-460.108,-0.009,5.312,30.0,1619,-1,2.89,True,41,True,True,0.75,0.0,-0.001,False,False,0.254,-0.001,36.821,1619,9.7,,,,,0,False,False,0.0,False,6.86,5.59,20.0,
182.15,25666,734.274,-459.951,-0.009,5.216,30.0,1619,-1,3.16,True,41,True,True,0.75,0.0,-0.002,False,False,0.212,0.002,36.778,1619,9.7,,,,,0,False,False,0.0,False,6.6,5.66,20.0,
182.2,25667,734.484,-459.794,-0.008,5.28,30.0,1619,-1,3.42,True,41,True,True,0.75,0.0,0.002,False,False,0.172,-0.003,36.795,1619,9.7,,,,,0,False,False,0.0,False,6.33,5.61,20.0,
182.25,25668,734.693,-459.637,-0.008,5.219,30.0,1619,-1,3.68,True,41,True,True,0.75,0.0,-0.003,False,False,0.136,-0.0,36.755,1619,9.7,,,,,0,False,False,0.0,False,6.07,5.64,20.0,
182.3,25669,734.905,-459.479,-0.008,5.314,30.0,1619,-1,3.94,True,41,True,True,0.75,0.0,0.003,False,False,0.123,-0.004,36.774,1619,9.7,,,,,0,False,False,0.0,False,5.81,5.61,20.0,
182.35,25670,735.116,-459.321,-0.008,5.246,30.0,1619,-1,4.21,True,41,True,True,0.75,0.0,-0.002,False,False,0.107,-0.0,36.737,1619,9.7,,,,,0,False,False,0.0,False,5.54,5.66,20.0,
182.4,25671,735.329,-459.165,-0.008,5.308,30.0,1619,-1,4.47,True,41,True,True,0.75,0.0,-0.053,False,False,0.097,0.075,36.637,1619,13.59,,,,,0,False,False,0.0,False,9.17,5.62,20.0,
182.45,25672,735.545,-459.007,-0.008,5.493,30.0,1619,-1,4.74,True,41,True,True,0.75,0.0,-0.007,False,False,0.123,0.082,36.463,1619,13.59,,,,,0,False,False,0.0,False,8.91,5.65,20.0,
182.5,25673,735.78,-458.834,-0.01,6.002,30.0,1619,-1,5.03,True,41,True,True,0.251,0.0,0.004,False,False,0.278,0.04,36.385,1619,13.59,,,,,0,False,False,0.0,False,8.61,5.75,20.0,
182.55,25674,736.028,-458.651,-0.011,6.193,30.0,1619,-1,5.34,True,41,True,True,0.0,0.3,-0.001,False,False,0.397,0.017,36.355,1619,13.59,,,,,0,False,False,0.0,False,8.31,6.0,20.0,
182.6,25675,736.282,-458.465,-0.011,6.334,30.0,1619,-1,5.65,True,41,True,True,0.0,0.3,-0.003,False,False,0.425,0.014,36.329,1619,13.59,,,,,0,False,False,0.0,False,7.99,6.1,20.0,
182.65,25676,736.534,-458.28,-0.01,6.222,30.0,1619,-1,5.97,True,41,True,True,0.0,0.3,-0.003,False,False,0.361,0.014,36.299,1619,13.59,,,,,0,False,False,0.0,False,7.68,6.17,20.0,
182.7,25677,736.783,-458.098,-0.009,6.158,30.0,1619,-1,6.28,True,41,True,True,0.0,0.3,-0.002,False,False,0.256,0.011,36.295,1619,13.59,,,,,0,False,False,0.0,False,7.37,6.11,20.0,
182.75,25678,737.025,-457.92,-0.008,5.934,30.0,1619,-1,6.58,True,41,True,True,0.0,0.3,-0.003,False,False,0.129,0.012,36.252,1619,13.59,,,,,0,False,False,0.0,False,7.07,6.08,20.0,
182.8,25679,737.261,-457.748,-0.007,5.811,30.0,1619,-1,6.87,True,41,True,True,0.0,0.3,0.001,False,False,0.017,0.006,36.266,1619,13.59,,,,,0,False,False,0.0,False,6.78,5.97,20.0,
182.85,25680,737.488,-457.581,-0.006,5.553,30.0,1619,-1,7.15,True,41,True,True,0.0,0.3,-0.003,False,False,-0.083,0.007,36.228,1619,13.59,,,,,0,False,False,0.0,False,6.5,5.91,20.0,
182.9,25681,737.709,-457.42,-0.006,5.441,30.0,1619,-1,7.42,True,41,True,True,0.0,0.021,0.001,False,False,-0.151,0.003,36.246,1619,13.59,,,,,0,False,False,0.0,False,6.22,5.78,20.0,
182.95,25682,737.923,-457.263,-0.005,5.223,30.0,1619,-1,7.69,True,41,True,True,0.381,0.0,-0.003,False,False,-0.195,0.003,36.205,1619,13.59,,,,,0,False,False,0.0,False,5.96,5.72,20.0,
183.0,25683,738.132,-457.11,-0.005,5.155,30.0,1619,-1,7.95,True,41,True,True,0.75,0.0,0.002,False,False,-0.209,-0.001,36.221,1619,13.59,,,,,0,False,False,0.0,False,5.7,5.61,20.0,
183.05,25684,738.336,-456.96,-0.005,5.02,30.0,1619,-1,8.2,True,41,True,True,0.75,0.0,-0.002,False,False,-0.205,0.0,36.185,1619,13.59,,,,,0,False,False,0.0,False,5.45,5.58,20.0,
183.1,25685,738.541,-456.812,-0.006,5.084,30.0,1619,-1,8.45,True,41,True,True,0.75,0.0,-0.037,False,False,-0.155,0.056,36.12,1254,1.92,,,,,0,False,False,0.0,False,9.05,5.51,20.0,
183.15,25686,738.745,-456.666,-0.006,4.914,30.0,1619,-1,8.7,True,41,True,True,0.75,0.0,-0.006,False,False,-0.115,0.058,36.019,1254,1.92,,,,,0,False,False,0.0,False,8.8,5.54,20.0,
183.2,25687,738.935,-456.528,-0.006,4.555,30.0,1619,-1,8.94,True,41,True,True,0.75,0.0,0.0,False,False,-0.18,0.032,35.946,1254,1.92,,,,,0,False,False,0.0,False,8.57,5.46,20.0,
183.25,25688,739.112,-456.399,-0.005,4.298,30.0,1619,-1,9.16,True,41,True,True,0.75,0.0,0.0,False,False,-0.262,0.012,35.926,1254,1.92,,,,,0,False,False,0.0,False,8.35,5.28,20.0,
183.3,25689,739.283,-456.276,-0.005,4.161,30.0,1619,-1,9.37,True,41,True,True,0.75,0.0,-0.003,False,False,-0.297,0.005,35.913,1254,1.92,,,,,0,False,False,0.0,False,8.14,5.15,20.0,
183.35,25690,739.45,-456.155,-0.005,4.113,30.0,1619,-1,9.57,True,41,True,True,0.75,0.0,-0.003,False,False,-0.275,0.004,35.898,1254,1.92,,,,,0,False,False,0.0,False,7.93,5.08,20.0,
183.4,25691,739.617,-456.035,-0.005,4.125,30.0,1619,-1,9.78,True,41,True,True,0.75,0.0,-0.002,False,False,-0.213,0.003,35.885,1254,1.92,,,,,0,False,False,0.0,False,7.72,5.06,20.0,
183.45,25692,739.786,-455.913,-0.006,4.173,30.0,1619,-1,9.99,True,41,True,True,0.75,0.0,-0.002,False,False,-0.132,0.002,35.874,1254,1.92,,,,,0,False,False,0.0,False,7.52,5.06,20.0,
183.5,25693,739.958,-455.789,-0.007,4.244,30.0,1619,-1,10.2,True,41,True,True,0.75,0.0,-0.002,False,False,-0.048,0.001,35.864,1254,1.92,,,,,0,False,False,0.0,False,7.3,5.09,20.0,
183.55,25694,740.133,-455.663,-0.008,4.329,30.0,1619,-1,10.42,True,41,True,True,0.75,0.0,-0.001,False,False,0.029,0.001,35.855,1254,1.92,,,,,0,False,False,0.0,False,7.09,5.12,20.0,
183.6,25695,740.311,-455.534,-0.008,4.422,30.0,1619,-1,10.64,True,41,True,True,0.75,0.0,-0.001,False,False,0.093,0.0,35.848,1254,1.92,,,,,0,False,False,0.0,False,6.87,5.16,20.0,
183.65,25696,740.493,-455.403,-0.009,4.521,30.0,1619,-1,10.86,True,41,True,True,0.75,0.0,-0.001,False,False,0.143,0.0,35.841,1254,1.92,,,,,0,False,False,0.0,False,6.64,5.21,20.0,
183.7,25697,740.679,-455.269,-0.009,4.622,30.0,1619,-1,11.04,True,41,True,True,0.75,0.0,-0.001,False,False,0.182,0.0,35.835,1254,1.92,,,,,0,False,False,0.0,False,6.42,5.26,20.0,
183.75,25698,740.869,-455.132,-0.009,4.725,30.0,1619,-1,11.27,True,41,True,True,0.75,0.0,-0.001,False,False,0.21,0.0,35.83,1254,1.92,,,,,0,False,False,0.0,False,6.18,5.31,20.0,
183.8,25699,741.063,-454.991,-0.009,4.829,30.0,1619,-1,11.51,True,41,True,True,0.75,0.0,-0.001,False,False,0.229,-0.0,35.826,1254,1.92,,,,,0,False,False,0.0,False,5.94,5.36,20.0,
183.85,25700,741.262,-454.848,-0.009,4.933,30.0,1619,-1,11.76,True,41,True,True,0.75,0.0,-0.001,False,False,0.242,-0.0,35.822,1254,1.92,,,,,0,False,False,0.0,False,5.7,5.41,20.0,
183.9,25701,741.464,-454.702,-0.009,5.037,30.0,1619,-1,12.01,True,41,True,True,0.75,0.0,-0.0,False,False,0.251,-0.0,35.819,1254,1.92,,,,,0,False,False,0.0,False,5.45,5.47,20.0,
183.95,25702,741.672,-454.554,-0.009,5.137,30.0,1619,-1,12.26,True,41,True,True,0.75,0.0,-0.023,False,False,0.256,0.044,35.738,1254,5.76,,,,,0,False,False,0.0,False,9.03,5.52,20.0,
184.0,25703,741.883,-454.404,-0.009,5.189,30.0,1619,-1,12.52,True,41,True,True,0.75,0.0,0.001,False,False,0.25,0.032,35.708,1254,5.76,,,,,0,False,False,0.0,False,8.77,5.57,20.0,
184.05,25704,742.092,-454.253,-0.009,5.161,30.0,1619,-1,12.78,True,41,True,True,0.75,0.0,-0.002,False,False,0.209,0.017,35.64,1254,5.76,,,,,0,False,False,0.0,False,8.51,5.59,20.0,
184.1,25705,742.302,-454.103,-0.008,5.152,30.0,1619,-1,13.04,True,41,True,True,0.75,0.0,0.003,False,False,0.165,0.001,35.674,1254,5.76,,,,,0,False,False,0.0,False,8.25,5.58,20.0,
184.15,25706,742.511,-453.953,-0.008,5.158,30.0,1619,-1,13.29,True,41,True,True,0.75,0.0,-0.005,False,False,0.133,0.005,35.618,1254,5.76,,,,,0,False,False,0.0,False,8.0,5.58,20.0,
184.2,25707,742.721,-453.803,-0.008,5.18,30.0,1619,-1,13.55,True,41,True,True,0.75,0.0,0.003,False,False,0.115,-0.002,35.653,1254,5.76,,,,,0,False,False,0.0,False,7.74,5.58,20.0,
184.25,25708,742.932,-453.652,-0.008,5.196,30.0,1619,-1,13.81,True,41,True,True,0.75,0.0,-0.005,False,False,0.108,0.003,35.597,1254,5.76,,,,,0,False,False,0.0,False,7.48,5.59,20.0,
184.3,25709,743.143,-453.501,-0.008,5.193,30.0,1619,-1,14.07,True,41,True,True,0.75,0.0,0.003,False,False,0.098,-0.003,35.634,1254,5.76,,,,,0,False,False,0.0,False,7.22,5.6,20.0,
184.35,25710,743.354,-453.35,-0.008,5.232,30.0,1614,-1,11.7,True,41,True,False,0.75,0.0,-0.004,False,False,0.092,0.003,35.587,1254,5.76,,,,,0,False,False,0.0,False,6.96,5.6,20.0,
184.4,25711,743.58,-453.187,-0.009,5.732,30.0,1614,-1,11.97,True,41,True,False,0.75,0.0,0.003,False,False,0.214,-0.003,35.573,1254,5.76,,,,,0,False,False,0.0,False,6.68,5.62,20.0,
184.45,25712,743.824,-453.013,-0.01,6.101,30.0,1614,-1,12.12,True,41,True,False,0.0,0.3,0.001,False,False,0.369,-0.004,35.551,1254,5.76,,,,,0,False,False,0.0,False,6.38,5.87,20.0,
184.5,25713,744.078,-452.831,-0.011,6.294,30.0,1614,-1,12.44,True,41,True,False,0.0,0.3,0.002,False,False,0.45,-0.005,35.572,1254,5.76,,,,,0,False,False,0.0,False,6.07,6.05,20.0,
184.55,25714,744.335,-452.647,-0.011,6.32,30.0,1254,-1,0.0,False,-1,True,True,0.0,0.3,-0.008,False,False,0.435,0.015,35.525,1254,9.59,,,,,0,False,False,0.0,False,9.57,6.15,20.0,
184.6,25715,744.59,-452.466,-0.01,6.226,30.0,1618,-1,9.33,True,41,True,False,0.0,0.3,0.003,False,False,0.342,0.011,35.545,1254,9.59,,,,,0,False,False,0.0,False,9.26,6.16,20.0,
184.65,25716,744.839,-452.288,-0.009,6.092,30.0,1254,-1,0.62,False,-1,True,True,0.0,0.3,-0.002,False,False,0.219,0.01,35.499,1254,9.59,,,,,0,False,False,0.0,False,8.95,6.11,20.0,
184.7,25717,745.082,-452.114,-0.008,5.93,30.0,1254,-1,0.92,False,-1,True,True,0.0,0.3,0.003,False,False,0.097,0.002,35.537,1254,9.59,,,,,0,False,False,0.0,False,8.66,6.05,20.0,
184.75,25718,745.318,-451.946,-0.007,5.748,30.0,1254,-1,1.21,False,-1,True,True,0.0,0.3,-0.004,False,False,-0.011,0.005,35.495,1254,9.59,,,,,0,False,False,0.0,False,8.37,5.97,20.0,
184.8,25719,745.547,-451.783,-0.006,5.554,30.0,1254,-1,1.49,False,-1,True,True,0.0,0.3,0.003,False,False,-0.1,0.0,35.535,1254,9.59,,,,,0,False,False,0.0,False,8.08,5.87,20.0,
184.85,25720,745.768,-451.625,-0.006,5.38,30.0,1254,-1,1.76,False,-1,True,True,0.0,0.026,-0.004,False,False,-0.165,0.004,35.492,1254,9.59,,,,,0,False,False,0.0,False,7.81,5.78,20.0,
184.9,25721,745.983,-451.472,-0.005,5.228,30.0,1254,-1,2.03,False,-1,True,True,0.597,0.0,0.003,False,False,-0.201,-0.001,35.533,1254,9.59,,,,,0,False,False,0.0,False,7.55,5.69,20.0,
184.95,25722,746.192,-451.322,-0.005,5.093,30.0,1254,-1,2.28,False,-1,True,True,0.75,0.0,-0.004,False,False,-0.215,0.003,35.488,1254,9.59,,,,,0,False,False,0.0,False,7.29,5.61,20.0,
185.0,25723,746.4,-451.174,-0.005,5.09,30.0,1254,-1,2.54,False,-1,True,True,0.75,0.0,0.004,False,False,-0.185,-0.002,35.546,1254,9.59,,,,,0,False,False,0.0,False,7.04,5.55,20.0,
185.05,25724,746.607,-451.026,-0.006,5.088,30.0,1254,-1,2.79,False,-1,True,True,0.75,0.0,-0.005,False,False,-0.132,0.004,35.501,1254,9.59,,,,,0,False,False,0.0,False,6.78,5.55,20.0,
185.1,25725,746.806,-450.884,-0.006,4.714,30.0,1254,-1,3.04,False,-1,True,True,0.75,0.0,0.003,False,False,-0.156,0.001,35.5,1254,9.59,,,,,0,False,False,0.0,False,6.54,5.54,20.0,
185.15,25726,746.988,-450.754,-0.005,4.372,30.0,1254,-1,3.26,False,-1,True,True,0.75,0.0,0.0,False,False,-0.253,-0.001,35.485,1254,9.59,,,,,0,False,False,0.0,False,6.31,5.36,20.0,
185.2,25727,747.16,-450.631,-0.005,4.167,30.0,1254,-1,3.47,False,-1,True,True,0.75,0.0,0.002,False,False,-0.319,-0.002,35.486,1254,9.59,,,,,0,False,False,0.0,False,6.1,5.19,20.0,
185.25,25728,747.327,-450.512,-0.005,4.072,30.0,1254,-1,3.68,False,-1,True,True,0.75,0.0,0.001,False,False,-0.323,-0.002,35.489,1254,9.59,,,,,0,False,False,0.0,False,5.9,5.08,20.0,
185.3,25729,747.492,-450.394,-0.005,4.053,30.0,1254,-1,3.88,False,-1,True,True,0.75,0.0,0.0,False,False,-0.275,-0.0,35.491,1254,9.59,,,,,0,False,False,0.0,False,5.69,5.04,20.0,
185.35,25730,747.659,-450.275,-0.006,4.083,30.0,1254,-1,4.08,False,-1,True,True,0.75,0.0,0.0,False,False,-0.196,0.001,35.493,1254,9.59,,,,,0,False,False,0.0,False,5.49,5.03,20.0,
185.4,25731,747.827,-450.155,-0.006,4.143,30.0,1254,-1,4.29,False,-1,True,True,0.75,0.0,0.0,False,False,-0.107,0.001,35.494,1254,9.59,,,,,0,False,False,0.0,False,5.28,5.04,20.0,
185.45,25732,747.998,-450.033,-0.007,4.221,30.0,1254,-1,4.5,False,-1,True,True,0.75,0.0,0.0,False,False,-0.021,0.001,35.496,1254,9.59,,,,,0,False,False,0.0,False,5.07,5.07,20.0,
185.5,25733,748.171,-449.907,-0.008,4.308,30.0,1254,-1,4.72,False,-1,True,True,0.75,0.0,0.036,False,False,0.053,-0.053,35.594,1254,13.43,,,,,0,False,False,0.0,False,8.67,5.11,20.0,
185.55,25734,748.348,-449.778,-0.008,4.405,30.0,1254,-1,4.93,False,-1,True,True,0.75,0.0,0.001,False,False,0.113,-0.046,35.668,1254,13.43,,,,,0,False,False,0.0,False,8.45,5.15,20.0,
185.6,25735,748.53,-449.648,-0.009,4.506,30.0,1254,-1,5.16,False,-1,True,True,0.75,0.0,0.001,False,False,0.16,-0.021,35.692,1254,13.43,,,,,0,False,False,0.0,False,8.23,5.2,20.0,
185.65,25736,748.715,-449.514,-0.009,4.609,30.0,1254,-1,5.39,False,-1,True,True,0.75,0.0,0.004,False,False,0.195,-0.01,35.711,1254,13.43,,,,,0,False,False,0.0,False,8.0,5.25,20.0,
185.7,25737,748.905,-449.377,-0.009,4.713,30.0,1254,-1,5.62,False,-1,True,True,0.75,0.0,0.003,False,False,0.219,-0.007,35.732,1254,13.43,,,,,0,False,False,0.0,False,7.76,5.3,20.0,
185.75,25738,749.099,-449.237,-0.009,4.818,30.0,1254,-1,5.86,False,-1,True,True,0.75,0.0,0.003,False,False,0.236,-0.004,35.751,1254,13.43,,,,,0,False,False,0.0,False,7.52,5.36,20.0,
185.8,25739,749.296,-449.094,-0.009,4.923,30.0,1254,-1,6.1,False,-1,True,True,0.75,0.0,0.002,False,False,0.247,-0.002,35.766,1254,13.43,,,,,0,False,False,0.0,False,7.28,5.41,20.0,
185.85,25740,749.498,-448.948,-0.009,5.027,30.0,1254,-1,6.35,False,-1,True,True,0.75,0.0,0.002,False,False,0.254,-0.001,35.78,1254,13.43,,,,,0,False,False,0.0,False,7.03,5.46,20.0,
185.9,25741,749.705,-448.799,-0.009,5.128,30.0,1254,-1,6.61,False,-1,True,True,0.75,0.0,0.002,False,False,0.258,0.0,35.791,1254,13.43,,,,,0,False,False,0.0,False,6.78,5.51,20.0,
185.95,25742,749.915,-448.647,-0.009,5.266,30.0,1254,-1,6.87,False,-1,True,True,0.75,0.0,0.001,False,False,0.262,0.0,35.802,1254,13.43,,,,,0,False,False,0.0,False,6.52,5.56,20.0,
186.0,25743,750.129,-448.493,-0.009,5.269,30.0,1254,-1,7.13,False,-1,True,True,0.75,0.0,0.001,False,False,0.253,0.001,35.796,1254,13.43,,,,,0,False,False,0.0,False,6.25,5.63,20.0,
186.05,25744,750.344,-448.338,-0.009,5.317,30.0,1254,-1,7.4,False,-1,True,True,0.75,0.0,0.002,False,False,0.222,-0.002,35.832,1254,13.43,,,,,0,False,False,0.0,False,5.99,5.63,20.0,
186.1,25745,750.557,-448.184,-0.008,5.238,30.0,1254,-1,7.66,False,-1,True,True,0.75,0.0,-0.002,False,False,0.174,0.002,35.802,1254,13.43,,,,,0,False,False,0.0,False,5.73,5.66,20.0,
186.15,25746,750.771,-448.029,-0.008,5.317,30.0,1254,-1,7.92,False,-1,True,True,0.75,0.0,0.004,False,False,0.144,-0.002,35.83,1254,13.43,,,,,0,False,False,0.0,False,5.46,5.62,20.0,
186.2,25747,750.983,-447.872,-0.008,5.265,30.0,1254,-1,8.19,False,-1,True,True,0.75,0.0,0.063,False,False,0.12,-0.088,35.942,1254,17.26,,,,,0,False,False,0.0,False,8.99,5.66,20.0,
186.25,25748,751.196,-447.714,-0.008,5.337,30.0,1254,-1,8.45,False,-1,True,True,0.75,0.0,0.01,False,False,0.11,-0.094,36.13,1254,17.26,,,,,0,False,False,0.0,False,8.73,5.63,20.0,
186.3,25749,751.409,-447.557,-0.008,5.263,30.0,1254,-1,8.72,False,-1,True,True,0.75,0.0,-0.002,False,False,0.093,-0.047,36.179,1254,17.26,,,,,0,False,False,0.0,False,8.46,5.67,20.0,
186.35,25750,751.627,-447.397,-0.008,5.591,30.0,1254,-1,8.99,False,-1,True,True,0.75,0.0,0.007,False,False,0.128,-0.026,36.26,1254,17.26,,,,,0,False,False,0.0,False,8.19,5.63,20.0,
186.4,25751,751.862,-447.224,-0.009,5.939,30.0,1254,-1,9.28,False,-1,True,True,0.0,0.103,0.002,False,False,0.271,-0.014,36.317,1254,17.26,,,,,0,False,False,0.0,False,7.9,5.8,20.0,
186.45,25752,752.11,-447.041,-0.011,6.256,30.0,1254,-1,9.59,False,-1,True,True,0.0,0.3,0.002,False,False,0.391,-0.006,36.35,1254,17.26,,,,,0,False,False,0.0,False,7.59,5.97,20.0,
186.5,25753,752.363,-446.855,-0.011,6.258,30.0,1254,-1,9.9,False,-1,True,True,0.0,0.3,0.002,False,False,0.409,-0.005,36.375,1254,17.26,,,,,0,False,False,0.0,False,7.28,6.13,20.0,
186.55,25754,752.615,-446.669,-0.01,6.279,30.0,1254,-1,10.21,False,-1,True,True,0.0,0.3,0.002,False,False,0.354,-0.005,36.393,1254,17.26,,,,,0,False,False,0.0,False,6.97,6.13,20.0,
186.6,25755,752.862,-446.487,-0.009,6.09,30.0,1254,-1,10.52,False,-1,True,True,0.0,0.3,0.002,False,False,0.244,-0.006,36.426,1254,17.26,,,,,0,False,False,0.0,False,6.66,6.14,20.0,
186.65,25756,753.104,-446.308,-0.008,5.987,30.0,1254,-1,10.82,False,-1,True,True,0.0,0.3,0.0,False,False,0.126,-0.003,36.413,1254,17.26,,,,,0,False,False,0.0,False,6.36,6.05,20.0,
186.7,25757,753.338,-446.135,-0.007,5.742,30.0,1254,-1,11.11,False,-1,True,True,0.0,0.3,0.003,False,False,0.01,-0.007,36.451,1254,17.26,,,,,0,False,False,0.0,False,6.07,5.99,20.0,
186.75,25758,753.565,-445.967,-0.006,5.607,30.0,1254,-1,11.4,False,-1,True,True,0.0,0.3,-0.001,False,False,-0.082,-0.003,36.433,1254,17.26,,,,,0,False,False,0.0,False,5.78,5.87,20.0,
186.8,25759,753.781,-445.802,-0.006,5.34,30.0,1254,-1,11.67,False,-1,True,True,0.0,0.218,0.099,False,False,-0.163,-0.127,36.664,1609,1.94,,,,,0,False,False,0.0,False,9.32,5.8,20.0,
186.85,25760,753.989,-445.642,-0.005,5.24,30.0,1254,-1,11.93,False,-1,True,True,0.746,0.0,0.018,False,False,-0.208,-0.15,36.908,1609,1.94,,,,,0,False,False,0.0,False,9.06,5.67,20.0,
186.9,25761,754.192,-445.487,-0.005,5.038,30.0,1254,-1,12.19,False,-1,True,True,0.75,0.0,0.008,False,False,-0.229,-0.094,37.103,1609,1.94,,,,,0,False,False,0.0,False,8.8,5.62,20.0,
186.95,25762,754.393,-445.334,-0.005,5.036,30.0,1254,-1,12.44,False,-1,True,True,0.75,0.0,0.006,False,False,-0.21,-0.05,37.211,1609,1.94,,,,,0,False,False,0.0,False,8.55,5.52,20.0,
187.0,25763,754.592,-445.181,-0.006,5.024,30.0,1254,-1,12.69,False,-1,True,True,0.75,0.0,0.009,False,False,-0.162,-0.032,37.275,1609,1.94,,,,,0,False,False,0.0,False,8.3,5.52,20.0,
187.05,25764,754.79,-445.029,-0.006,4.898,30.0,1254,-1,12.94,False,-1,True,True,0.75,0.0,0.01,False,False,-0.118,-0.027,37.336,1609,1.94,,,,,0,False,False,0.0,False,8.05,5.51,20.0,
187.1,25765,754.974,-444.888,-0.006,4.5,30.0,1254,-1,13.17,False,-1,True,True,0.75,0.0,0.008,False,False,-0.189,-0.02,37.408,1609,1.94,,,,,0,False,False,0.0,False,7.82,5.45,20.0,
187.15,25766,755.146,-444.756,-0.005,4.25,30.0,1254,-1,13.39,False,-1,True,True,0.75,0.0,0.005,False,False,-0.269,-0.012,37.449,1609,1.94,,,,,0,False,False,0.0,False,7.6,5.25,20.0,
187.2,25767,755.31,-444.629,-0.005,4.119,30.0,1254,-1,13.59,False,-1,True,True,0.75,0.0,0.005,False,False,-0.3,-0.008,37.479,1609,1.94,,,,,0,False,False,0.0,False,7.39,5.12,20.0,
187.25,25768,755.472,-444.504,-0.005,4.076,30.0,1254,-1,13.8,False,-1,True,True,0.75,0.0,0.005,False,False,-0.274,-0.006,37.507,1609,1.94,,,,,0,False,False,0.0,False,7.19,5.06,20.0,
187.3,25769,755.634,-444.379,-0.005,4.091,30.0,1254,-1,14.0,False,-1,True,True,0.75,0.0,0.004,False,False,-0.21,-0.005,37.532,1609,1.94,,,,,0,False,False,0.0,False,6.98,5.04,20.0,
187.35,25770,755.798,-444.253,-0.006,4.142,30.0,1254,-1,14.21,False,-1,True,True,0.75,0.0,0.004,False,False,-0.128,-0.003,37.553,1609,1.94,,,,,0,False,False,0.0,False,6.78,5.05,20.0,
187.4,25771,755.964,-444.125,-0.007,4.214,30.0,1254,-1,14.42,False,-1,True,True,0.75,0.0,0.003,False,False,-0.043,-0.002,37.572,1609,1.94,,,,,0,False,False,0.0,False,6.57,5.07,20.0,
187.45,25772,756.133,-443.994,-0.008,4.3,30.0,1254,-1,14.63,False,-1,True,True,0.75,0.0,0.003,False,False,0.033,-0.001,37.589,1609,1.94,,,,,0,False,False,0.0,False,6.35,5.11,20.0,
187.5,25773,756.306,-443.861,-0.008,4.394,30.0,1254,-1,14.85,False,-1,True,True,0.75,0.0,0.002,False,False,0.097,-0.001,37.603,1609,1.94,,,,,0,False,False,0.0,False,6.14,5.15,20.0,
187.55,25774,756.483,-443.724,-0.009,4.493,30.0,1254,-1,15.14,False,-1,True,True,0.75,0.0,0.002,False,False,0.147,-0.0,37.616,1609,1.94,,,,,0,False,False,0.0,False,5.91,5.2,20.0,
187.6,25775,756.663,-443.585,-0.009,4.595,30.0,1254,-1,15.36,False,-1,True,True,0.75,0.0,0.002,False,False,0.184,-0.0,37.626,1609,1.94,,,,,0,False,False,0.0,False,5.68,5.25,20.0,
187.65,25776,756.848,-443.442,-0.009,4.699,30.0,1254,-1,15.6,False,-1,True,True,0.75,0.0,0.001,False,False,0.212,0.0,37.636,1609,1.94,,,,,0,False,False,0.0,False,5.45,5.3,20.0,
187.7,25777,757.036,-443.297,-0.009,4.803,30.0,1254,-1,15.83,False,-1,True,True,0.75,0.0,0.001,False,False,0.231,0.0,37.644,1609,1.94,,,,,0,False,False,0.0,False,5.21,5.35,20.0,
187.75,25778,757.227,-443.146,-0.009,4.901,30.0,1254,-1,16.08,False,-1,True,True,0.75,0.0,0.067,False,False,0.242,-0.089,37.806,1609,5.81,,,,,0,False,False,0.0,False,8.88,5.4,20.0,
187.8,25779,757.421,-442.991,-0.009,5.005,30.0,1254,-1,16.33,False,-1,True,True,0.75,0.0,0.006,False,False,0.249,-0.093,37.966,1609,5.81,,,,,0,False,False,0.0,False,8.63,5.45,20.0,
187.85,25780,757.62,-442.834,-0.009,5.111,30.0,1254,-1,16.58,False,-1,True,True,0.75,0.0,0.0,False,False,0.255,-0.042,38.019,1609,5.81,,,,,0,False,False,0.0,False,8.38,5.5,20.0,
187.9,25781,757.823,-442.675,-0.009,5.195,30.0,1254,-1,16.84,False,-1,True,True,0.75,0.0,0.007,False,False,0.256,-0.022,38.077,1609,5.81,,,,,0,False,False,0.0,False,8.12,5.56,20.0,
187.95,25782,758.026,-442.514,-0.009,5.171,30.0,1254,-1,17.1,False,-1,True,True,0.75,0.0,0.005,False,False,0.224,-0.012,38.076,1609,5.81,,,,,0,False,False,0.0,False,7.86,5.6,20.0,
188.0,25783,758.229,-442.355,-0.009,5.156,30.0,1254,-1,17.35,False,-1,True,True,0.75,0.0,0.009,False,False,0.179,-0.013,38.163,1609,5.81,,,,,0,False,False,0.0,False,7.61,5.59,20.0,
188.05,25784,758.431,-442.195,-0.008,5.159,30.0,1254,-1,17.61,False,-1,True,True,0.75,0.0,-0.0,False,False,0.142,-0.003,38.15,1609,5.81,,,,,0,False,False,0.0,False,7.35,5.58,20.0,
188.1,25785,758.634,-442.036,-0.008,5.176,30.0,1254,-1,17.87,False,-1,True,True,0.75,0.0,0.007,False,False,0.12,-0.006,38.222,1609,5.81,,,,,0,False,False,0.0,False,7.09,5.58,20.0,
188.15,25786,758.837,-441.874,-0.008,5.208,30.0,1254,-1,18.13,False,-1,True,True,0.75,0.0,-0.001,False,False,0.112,0.001,38.2,1609,5.81,,,,,0,False,False,0.0,False,6.83,5.59,20.0,
188.2,25787,759.041,-441.714,-0.008,5.202,30.0,1611,-1,0.06,True,39,True,False,0.75,0.0,0.006,False,False,0.103,-0.003,38.26,1609,5.81,,,,,0,False,False,0.0,False,6.57,5.6,20.0,
188.25,25788,759.245,-441.552,-0.008,5.199,30.0,1611,-1,0.29,True,39,True,False,0.75,0.0,-0.002,False,False,0.092,0.002,38.23,1609,5.81,,,,,0,False,False,0.0,False,6.31,5.6,20.0,
188.3,25789,759.456,-441.386,-0.008,5.556,30.0,1254,-1,18.92,False,-1,True,True,0.75,0.0,0.005,False,False,0.153,-0.005,38.249,1609,5.81,,,,,0,False,False,0.0,False,6.04,5.6,20.0,
188.35,25790,759.685,-441.204,-0.01,5.981,30.0,1609,-1,0.11,True,39,True,True,0.029,0.0,0.001,False,False,0.312,-0.004,38.234,1609,5.81,,,,,0,False,False,0.0,False,5.75,5.78,20.0,
188.4,25791,759.929,-441.016,-0.011,6.228,30.0,1609,-1,0.41,True,39,True,True,0.0,0.3,-0.052,False,False,0.427,0.104,38.08,1609,9.69,,,,,0,False,False,0.0,False,9.39,5.99,20.0,
188.45,25792,760.177,-440.824,-0.011,6.283,30.0,1609,-1,0.73,True,39,True,True,0.0,0.3,0.001,False,False,0.439,0.092,37.914,1609,9.69,,,,,0,False,False,0.0,False,9.08,6.11,20.0,
188.5,25793,760.423,-440.633,-0.01,6.201,30.0,1609,-1,1.04,True,39,True,True,0.0,0.3,0.008,False,False,0.36,0.037,37.91,1609,9.69,,,,,0,False,False,0.0,False,8.76,6.14,20.0,
188.55,25794,760.664,-440.445,-0.009,6.072,30.0,1609,-1,1.34,True,39,True,True,0.0,0.3,-0.004,False,False,0.241,0.02,37.856,1609,9.69,,,,,0,False,False,0.0,False,8.46,6.1,20.0,
188.6,25795,760.899,-440.262,-0.008,5.914,30.0,1609,-1,1.64,True,39,True,True,0.0,0.3,0.001,False,False,0.118,0.009,37.881,1609,9.69,,,,,0,False,False,0.0,False,8.16,6.04,20.0,
188.65,25796,761.128,-440.085,-0.007,5.736,30.0,1609,-1,1.93,True,39,True,True,0.0,0.3,-0.005,False,False,0.007,0.012,37.826,1609,9.69,,,,,0,False,False,0.0,False,7.87,5.96,20.0,
188.7,25797,761.349,-439.913,-0.006,5.543,30.0,1609,-1,2.21,True,39,True,True,0.0,0.3,0.002,False,False,-0.085,0.005,37.855,1609,9.69,,,,,0,False,False,0.0,False,7.59,5.87,20.0,
188.75,25798,761.563,-439.747,-0.006,5.374,30.0,1609,-1,2.48,True,39,True,True,0.015,0.0,-0.004,False,False,-0.153,0.007,37.802,1609,9.69,,,,,0,False,False,0.0,False,7.32,5.77,20.0,
188.8,25799,761.772,-439.585,-0.005,5.226,30.0,1609,-1,2.75,True,39,True,True,0.624,0.0,0.003,False,False,-0.19,0.001,37.837,1609,9.69,,,,,0,False,False,0.0,False,7.06,5.69,20.0,
188.85,25800,761.975,-439.427,-0.005,5.094,30.0,1609,-1,3.0,True,39,True,True,0.75,0.0,-0.004,False,False,-0.205,0.004,37.786,1609,9.69,,,,,0,False,False,0.0,False,6.8,5.61,20.0,
188.9,25801,762.175,-439.273,-0.005,5.051,30.0,1609,-1,3.26,True,39,True,True,0.75,0.0,0.003,False,False,-0.191,-0.001,37.834,1609,9.69,,,,,0,False,False,0.0,False,6.55,5.55,20.0,
188.95,25802,762.375,-439.118,-0.006,5.045,30.0,1609,-1,3.51,True,39,True,True,0.75,0.0,-0.005,False,False,-0.143,0.005,37.787,1609,9.69,,,,,0,False,False,0.0,False,6.29,5.53,20.0,
189.0,25803,762.572,-438.965,-0.006,4.861,30.0,1609,-1,3.76,True,39,True,True,0.75,0.0,0.003,False,False,-0.117,0.0,37.804,1609,9.69,,,,,0,False,False,0.0,False,6.04,5.52,20.0,
189.05,25804,762.754,-438.824,-0.006,4.482,30.0,1609,-1,3.99,True,39,True,True,0.75,0.0,-0.002,False,False,-0.199,0.001,37.783,1609,9.69,,,,,0,False,False,0.0,False,5.81,5.43,20.0,
189.1,25805,762.924,-438.691,-0.005,4.246,30.0,1609,-1,4.21,True,39,True,True,0.75,0.0,0.001,False,False,-0.277,-0.001,37.778,1609,9.69,,,,,0,False,False,0.0,False,5.6,5.24,20.0,
189.15,25806,763.089,-438.564,-0.005,4.127,30.0,1609,-1,4.41,True,39,True,True,0.75,0.0,0.0,False,False,-0.301,-0.001,37.779,1609,9.69,,,,,0,False,False,0.0,False,5.39,5.12,20.0,
189.2,25807,763.251,-438.438,-0.005,4.092,30.0,1609,-1,4.62,True,39,True,True,0.75,0.0,-0.0,False,False,-0.27,-0.0,37.779,1609,9.69,,,,,0,False,False,0.0,False,5.18,5.06,20.0,
189.25,25808,763.414,-438.312,-0.006,4.112,30.0,1609,-1,4.82,True,39,True,True,0.75,0.0,-0.0,False,False,-0.203,0.0,37.778,1609,9.69,,,,,0,False,False,0.0,False,4.98,5.05,20.0,
189.3,25809,763.58,-438.188,-0.006,4.155,30.0,1609,-1,5.03,True,39,True,True,0.75,0.0,-0.1,False,False,-0.121,0.105,37.602,1609,13.56,,,,,0,False,False,0.0,False,8.66,5.06,20.0,
189.35,25810,763.749,-438.063,-0.007,4.231,30.0,1609,-1,5.24,True,39,True,True,0.75,0.0,-0.016,False,False,-0.039,0.129,37.38,1609,13.56,,,,,0,False,False,0.0,False,8.45,5.08,20.0,
189.4,25811,763.921,-437.934,-0.008,4.319,30.0,1609,-1,5.46,True,39,True,True,0.75,0.0,-0.005,False,False,0.037,0.073,37.291,1609,13.56,,,,,0,False,False,0.0,False,8.23,5.12,20.0,
189.45,25812,764.096,-437.802,-0.008,4.414,30.0,1609,-1,5.68,True,39,True,True,0.75,0.0,-0.012,False,False,0.1,0.042,37.227,1609,13.56,,,,,0,False,False,0.0,False,8.01,5.16,20.0,
189.5,25813,764.276,-437.667,-0.009,4.514,30.0,1609,-1,5.9,True,39,True,True,0.75,0.0,-0.012,False,False,0.15,0.028,37.16,1609,13.56,,,,,0,False,False,0.0,False,7.79,5.21,20.0,
189.55,25814,764.459,-437.53,-0.009,4.617,30.0,1609,-1,6.13,True,39,True,True,0.75,0.0,-0.009,False,False,0.187,0.019,37.099,1609,13.56,,,,,0,False,False,0.0,False,7.56,5.26,20.0,
189.6,25815,764.646,-437.39,-0.009,4.721,30.0,1609,-1,6.36,True,39,True,True,0.75,0.0,-0.007,False,False,0.214,0.011,37.048,1609,13.56,,,,,0,False,False,0.0,False,7.32,5.31,20.0,
189.65,25816,764.838,-437.246,-0.009,4.825,30.0,1609,-1,6.6,True,39,True,True,0.75,0.0,-0.006,False,False,0.232,0.007,37.003,1609,13.56,,,,,0,False,False,0.0,False,7.09,5.36,20.0,
189.7,25817,765.034,-437.1,-0.009,4.929,30.0,1609,-1,6.85,True,39,True,True,0.75,0.0,-0.005,False,False,0.245,0.004,36.965,1609,13.56,,,,,0,False,False,0.0,False,6.84,5.41,20.0,
189.75,25818,765.234,-436.95,-0.009,5.034,30.0,1609,-1,7.03,True,39,True,True,0.75,0.0,-0.005,False,False,0.253,0.002,36.931,1609,13.56,,,,,0,False,False,0.0,False,6.59,5.46,20.0,
189.8,25819,765.438,-436.798,-0.009,5.135,30.0,1609,-1,7.29,True,39,True,True,0.75,0.0,-0.004,False,False,0.257,0.001,36.903,1609,13.56,,,,,0,False,False,0.0,False,6.34,5.52,20.0,
189.85,25820,765.646,-436.642,-0.009,5.273,30.0,1609,-1,7.55,True,39,True,True,0.75,0.0,-0.003,False,False,0.261,0.0,36.877,1609,13.56,,,,,0,False,False,0.0,False,6.08,5.57,20.0,
189.9,25821,765.857,-436.484,-0.009,5.25,30.0,1609,-1,7.81,True,39,True,True,0.75,0.0,-0.003,False,False,0.248,-0.0,36.872,1609,13.56,,,,,0,False,False,0.0,False,5.81,5.64,20.0,
189.95,25822,766.068,-436.326,-0.009,5.298,30.0,1609,-1,8.07,True,39,True,True,0.75,0.0,-0.004,False,False,0.213,0.002,36.828,1609,13.56,,,,,0,False,False,0.0,False,5.55,5.63,20.0,
190.0,25823,766.28,-436.172,-0.008,5.219,30.0,1609,-1,8.34,True,39,True,True,0.75,0.0,-0.055,False,False,0.165,0.075,36.725,1253,1.96,,,,,0,False,False,0.0,False,9.18,5.65,20.0,
190.05,25824,766.492,-436.016,-0.008,5.301,30.0,1609,-1,8.6,True,39,True,True,0.75,0.0,-0.01,False,False,0.138,0.08,36.557,1253,1.96,,,,,0,False,False,0.0,False,8.92,5.61,20.0,
190.1,25825,766.705,-435.86,-0.008,5.257,30.0,1609,-1,8.86,True,39,True,True,0.75,0.0,0.0,False,False,0.118,0.04,36.517,1253,1.96,,,,,0,False,False,0.0,False,8.65,5.65,20.0,
190.15,25826,766.918,-435.703,-0.008,5.323,30.0,1609,-1,9.13,True,39,True,True,0.75,0.0,-0.007,False,False,0.108,0.023,36.448,1253,1.96,,,,,0,False,False,0.0,False,8.39,5.63,20.0,
190.2,25827,767.13,-435.547,-0.008,5.249,30.0,1609,-1,9.39,True,39,True,True,0.75,0.0,-0.003,False,False,0.091,0.011,36.439,1253,1.96,,,,,0,False,False,0.0,False,8.13,5.66,20.0,
190.25,25828,767.351,-435.386,-0.008,5.673,30.0,1609,-1,9.66,True,39,True,True,0.75,0.0,-0.007,False,False,0.154,0.012,36.414,1253,1.96,,,,,0,False,False,0.0,False,7.85,5.62,20.0,
190.3,25829,767.589,-435.212,-0.01,5.995,30.0,1609,-1,9.96,True,39,True,True,0.0,0.3,-0.005,False,False,0.302,0.012,36.389,1253,1.96,,,,,0,False,False,0.0,False,7.56,5.84,20.0,
190.35,25830,767.839,-435.028,-0.011,6.282,30.0,1609,-1,10.22,True,39,True,True,0.0,0.3,-0.004,False,False,0.407,0.009,36.357,1253,1.96,,,,,0,False,False,0.0,False,7.25,6.0,20.0,
190.4,25831,768.093,-434.843,-0.011,6.273,30.0,1609,-1,10.53,True,39,True,True,0.0,0.3,-0.003,False,False,0.411,0.004,36.329,1253,1.96,,,,,0,False,False,0.0,False,6.93,6.14,20.0,
190.45,25832,768.346,-434.657,-0.01,6.286,30.0,1609,-1,10.85,True,39,True,True,0.0,0.3,-0.002,False,False,0.349,0.0,36.31,1253,1.96,,,,,0,False,False,0.0,False,6.62,6.14,20.0,
190.5,25833,768.594,-434.475,-0.009,6.097,30.0,1609,-1,11.15,True,39,True,True,0.0,0.3,-0.002,False,False,0.236,-0.0,36.279,1253,1.96,,,,,0,False,False,0.0,False,6.31,6.14,20.0,
190.55,25834,768.837,-434.297,-0.008,5.99,30.0,1609,-1,11.46,True,39,True,True,0.0,0.3,-0.0,False,False,0.118,-0.003,36.292,1253,1.96,,,,,0,False,False,0.0,False,6.01,6.05,20.0,
190.6,25835,769.072,-434.125,-0.007,5.744,30.0,1609,-1,11.75,True,39,True,True,0.0,0.3,-0.004,False,False,0.002,0.001,36.253,1253,1.96,,,,,0,False,False,0.0,False,5.72,6.0,20.0,
190.65,25836,769.3,-433.96,-0.006,5.606,30.0,1609,-1,12.03,True,39,True,True,0.0,0.3,-0.029,False,False,-0.089,0.047,36.19,1253,5.88,,,,,0,False,False,0.0,False,9.36,5.87,20.0,
190.7,25837,769.521,-433.8,-0.006,5.349,30.0,1609,-1,12.3,True,39,True,True,0.0,0.214,-0.005,False,False,-0.165,0.046,36.076,1253,5.88,,,,,0,False,False,0.0,False,9.09,5.8,20.0,
190.75,25838,769.734,-433.645,-0.005,5.249,30.0,1609,-1,12.56,True,39,True,True,0.709,0.0,0.003,False,False,-0.208,0.019,36.06,1253,5.88,,,,,0,False,False,0.0,False,8.82,5.67,20.0,
190.8,25839,769.941,-433.495,-0.005,5.046,30.0,1609,-1,12.82,True,39,True,True,0.75,0.0,-0.004,False,False,-0.228,0.008,36.0,1253,5.88,,,,,0,False,False,0.0,False,8.57,5.62,20.0,
190.85,25840,770.146,-433.346,-0.005,5.069,30.0,1609,-1,13.07,True,39,True,True,0.75,0.0,0.001,False,False,-0.204,0.001,35.986,1253,5.88,,,,,0,False,False,0.0,False,8.31,5.52,20.0,
190.9,25841,770.35,-433.198,-0.006,5.051,30.0,1609,-1,13.33,True,39,True,True,0.75,0.0,-0.002,False,False,-0.155,0.0,35.977,1253,5.88,,,,,0,False,False,0.0,False,8.06,5.53,20.0,
190.95,25842,770.552,-433.051,-0.006,4.869,30.0,1609,-1,13.58,True,39,True,True,0.75,0.0,-0.002,False,False,-0.12,0.002,35.955,1253,5.88,,,,,0,False,False,0.0,False,7.81,5.53,20.0,
191.0,25843,770.739,-432.915,-0.006,4.479,30.0,1605,-1,11.23,True,39,True,False,0.75,0.0,-0.0,False,False,-0.201,0.002,35.922,1253,5.88,,,,,0,False,False,0.0,False,7.58,5.43,20.0,
191.05,25844,770.913,-432.789,-0.005,4.235,30.0,1605,-1,11.45,True,39,True,False,0.75,0.0,0.002,False,False,-0.282,-0.001,35.917,1253,5.88,,,,,0,False,False,0.0,False,7.36,5.24,20.0,
191.1,25845,771.081,-432.667,-0.005,4.109,30.0,1605,-1,11.65,True,39,True,False,0.75,0.0,-0.0,False,False,-0.308,-0.0,35.917,1253,5.88,,,,,0,False,False,0.0,False,7.16,5.12,20.0,
191.15,25846,771.246,-432.547,-0.005,4.069,30.0,1605,-1,11.86,True,39,True,False,0.75,0.0,-0.0,False,False,-0.279,0.001,35.915,1253,5.88,,,,,0,False,False,0.0,False,6.95,5.05,20.0,
191.2,25847,771.412,-432.428,-0.005,4.086,30.0,1605,-1,12.0,True,39,True,False,0.75,0.0,-0.0,False,False,-0.212,0.002,35.914,1253,5.88,,,,,0,False,False,0.0,False,6.75,5.03,20.0,
191.25,25848,771.579,-432.306,-0.006,4.138,30.0,1605,-1,12.12,True,39,True,False,0.75,0.0,-0.0,False,False,-0.127,0.002,35.913,1253,5.88,,,,,0,False,False,0.0,False,6.54,5.04,20.0,
191.3,25849,771.749,-432.183,-0.007,4.211,30.0,1605,-1,12.33,True,39,True,False,0.75,0.0,-0.0,False,False,-0.042,0.001,35.912,1253,5.88,,,,,0,False,False,0.0,False,6.33,5.07,20.0,
191.35,25850,771.922,-432.058,-0.008,4.298,30.0,1605,-1,12.55,True,39,True,False,0.75,0.0,-0.0,False,False,0.035,0.001,35.911,1253,5.88,,,,,0,False,False,0.0,False,6.12,5.11,20.0,
191.4,25851,772.099,-431.93,-0.008,4.392,30.0,1605,-1,12.69,True,39,True,False,0.75,0.0,-0.0,False,False,0.098,0.001,35.91,1253,5.88,,,,,0,False,False,0.0,False,5.9,5.15,20.0,
191.45,25852,772.28,-431.799,-0.009,4.492,30.0,1253,-1,0.2,False,-1,True,True,0.75,0.0,-0.0,False,False,0.148,0.001,35.909,1253,5.88,,,,,0,False,False,0.0,False,5.68,5.2,20.0,
191.5,25853,772.464,-431.666,-0.009,4.594,30.0,1253,-1,0.43,False,-1,True,True,0.75,0.0,-0.0,False,False,0.186,0.0,35.909,1253,5.88,,,,,0,False,False,0.0,False,5.45,5.25,20.0,
191.55,25854,772.653,-431.529,-0.009,4.698,30.0,1253,-1,0.66,False,-1,True,True,0.75,0.0,-0.0,False,False,0.213,0.0,35.908,1253,5.88,,,,,0,False,False,0.0,False,5.22,5.3,20.0,
191.6,25855,772.847,-431.39,-0.009,4.801,30.0,1253,-1,0.9,False,-1,True,True,0.75,0.0,-0.018,False,False,0.231,0.031,35.852,1253,9.8,,,,,0,False,False,0.0,False,8.9,5.35,20.0,
191.65,25856,773.044,-431.248,-0.009,4.905,30.0,1253,-1,1.15,False,-1,True,True,0.75,0.0,0.0,False,False,0.244,0.026,35.811,1253,9.8,,,,,0,False,False,0.0,False,8.65,5.4,20.0,
191.7,25857,773.246,-431.103,-0.009,5.01,30.0,1253,-1,1.39,False,-1,True,True,0.75,0.0,0.0,False,False,0.252,0.012,35.8,1253,9.8,,,,,0,False,False,0.0,False,8.41,5.45,20.0,
191.75,25858,773.452,-430.955,-0.009,5.114,30.0,1253,-1,1.65,False,-1,True,True,0.75,0.0,-0.002,False,False,0.257,0.005,35.791,1253,9.8,,,,,0,False,False,0.0,False,8.15,5.5,20.0,
191.8,25859,773.662,-430.804,-0.009,5.187,30.0,1253,-1,1.91,False,-1,True,True,0.75,0.0,-0.002,False,False,0.257,0.003,35.79,1253,9.8,,,,,0,False,False,0.0,False,7.89,5.56,20.0,
191.85,25860,773.873,-430.651,-0.009,5.244,30.0,1253,-1,2.17,False,-1,True,True,0.75,0.0,-0.002,False,False,0.239,0.003,35.757,1253,9.8,,,,,0,False,False,0.0,False,7.63,5.59,20.0,
191.9,25861,774.084,-430.5,-0.009,5.156,30.0,1253,-1,2.43,False,-1,True,True,0.75,0.0,0.001,False,False,0.189,-0.001,35.784,1253,9.8,,,,,0,False,False,0.0,False,7.37,5.62,20.0,
191.95,25862,774.294,-430.349,-0.008,5.226,30.0,1253,-1,2.69,False,-1,True,True,0.75,0.0,-0.004,False,False,0.153,0.002,35.754,1253,9.8,,,,,0,False,False,0.0,False,7.11,5.58,20.0,
192.0,25863,774.505,-430.197,-0.008,5.17,30.0,1253,-1,2.95,False,-1,True,True,0.75,0.0,0.001,False,False,0.124,-0.001,35.783,1253,9.8,,,,,0,False,False,0.0,False,6.86,5.61,20.0,
192.05,25864,774.717,-430.045,-0.008,5.271,30.0,1253,-1,3.21,False,-1,True,True,0.75,0.0,-0.004,False,False,0.117,0.003,35.755,1253,9.8,,,,,0,False,False,0.0,False,6.59,5.59,20.0,
192.1,25865,774.929,-429.892,-0.008,5.194,30.0,1253,-1,3.47,False,-1,True,True,0.75,0.0,0.001,False,False,0.102,-0.001,35.778,1253,9.8,,,,,0,False,False,0.0,False,6.33,5.64,20.0,
192.15,25866,775.142,-429.739,-0.008,5.262,30.0,1253,-1,3.73,False,-1,True,True,0.75,0.0,-0.003,False,False,0.094,0.002,35.744,1253,9.8,,,,,0,False,False,0.0,False,6.07,5.6,20.0,
192.2,25867,775.36,-429.582,-0.008,5.544,30.0,1253,-1,4.0,False,-1,True,True,0.75,0.0,0.002,False,False,0.15,-0.003,35.73,1253,9.8,,,,,0,False,False,0.0,False,5.8,5.63,20.0,
192.25,25868,775.599,-429.41,-0.01,6.039,30.0,1253,-1,4.29,False,-1,True,True,0.07,0.0,0.001,False,False,0.312,-0.005,35.717,1253,9.8,,,,,0,False,False,0.0,False,5.51,5.77,20.0,
192.3,25869,775.85,-429.23,-0.011,6.218,30.0,1253,-1,4.6,False,-1,True,True,0.0,0.3,-0.009,False,False,0.423,0.016,35.682,1253,13.72,,,,,0,False,False,0.0,False,9.12,6.02,20.0,
192.35,25870,776.107,-429.046,-0.011,6.348,30.0,1253,-1,4.92,False,-1,True,True,0.0,0.3,0.001,False,False,0.44,0.014,35.656,1253,13.72,,,,,0,False,False,0.0,False,8.8,6.11,20.0,
192.4,25871,776.361,-428.863,-0.01,6.23,30.0,1253,-1,5.23,False,-1,True,True,0.0,0.3,0.001,False,False,0.367,0.006,35.647,1253,13.72,,,,,0,False,False,0.0,False,8.49,6.17,20.0,
192.45,25872,776.612,-428.683,-0.009,6.165,30.0,1253,-1,5.54,False,-1,True,True,0.0,0.3,-0.0,False,False,0.257,0.003,35.661,1253,13.72,,,,,0,False,False,0.0,False,8.18,6.12,20.0,
192.5,25873,776.856,-428.508,-0.008,5.939,30.0,1253,-1,5.84,False,-1,True,True,0.0,0.3,-0.002,False,False,0.127,0.006,35.631,1253,13.72,,,,,0,False,False,0.0,False,7.88,6.08,20.0,
192.55,25874,777.094,-428.338,-0.007,5.814,30.0,1253,-1,6.13,False,-1,True,True,0.0,0.3,0.002,False,False,0.014,0.002,35.655,1253,13.72,,,,,0,False,False,0.0,False,7.59,5.97,20.0,
192.6,25875,777.323,-428.173,-0.006,5.554,30.0,1253,-1,6.41,False,-1,True,True,0.0,0.3,-0.003,False,False,-0.086,0.005,35.626,1253,13.72,,,,,0,False,False,0.0,False,7.31,5.91,20.0,
192.65,25876,777.545,-428.014,-0.006,5.441,30.0,1253,-1,6.69,False,-1,True,True,0.0,0.027,0.002,False,False,-0.154,0.001,35.65,1253,13.72,,,,,0,False,False,0.0,False,7.03,5.78,20.0,
192.7,25877,777.761,-427.86,-0.005,5.222,30.0,1253,-1,6.95,False,-1,True,True,0.379,0.0,-0.002,False,False,-0.198,0.002,35.614,1253,13.72,,,,,0,False,False,0.0,False,6.77,5.72,20.0,
192.75,25878,777.971,-427.709,-0.005,5.153,30.0,1253,-1,7.21,False,-1,True,True,0.75,0.0,0.003,False,False,-0.212,-0.002,35.635,1253,13.72,,,,,0,False,False,0.0,False,6.51,5.61,20.0,
192.8,25879,778.177,-427.561,-0.005,5.039,30.0,1253,-1,7.47,False,-1,True,True,0.75,0.0,-0.002,False,False,-0.202,-0.001,35.59,1253,13.72,,,,,0,False,False,0.0,False,6.25,5.58,20.0,
192.85,25880,778.384,-427.413,-0.006,5.105,30.0,1253,-1,7.72,False,-1,True,True,0.75,0.0,0.004,False,False,-0.148,-0.005,35.616,1253,13.72,,,,,0,False,False,0.0,False,6.0,5.52,20.0,
192.9,25881,778.587,-427.267,-0.006,4.836,30.0,1253,-1,7.97,False,-1,True,True,0.75,0.0,-0.002,False,False,-0.126,-0.001,35.604,1253,13.72,,,,,0,False,False,0.0,False,5.75,5.55,20.0,
192.95,25882,778.775,-427.132,-0.005,4.495,30.0,1253,-1,8.2,False,-1,True,True,0.75,0.0,0.001,False,False,-0.207,-0.0,35.637,1253,13.72,,,,,0,False,False,0.0,False,5.52,5.42,20.0,
193.0,25883,778.951,-427.007,-0.005,4.254,30.0,1253,-1,8.42,False,-1,True,True,0.75,0.0,-0.003,False,False,-0.285,0.004,35.641,1253,13.72,,,,,0,False,False,0.0,False,5.3,5.25,20.0,
193.05,25884,779.12,-426.885,-0.005,4.131,30.0,1253,-1,8.63,False,-1,True,True,0.75,0.0,-0.001,False,False,-0.309,0.004,35.637,1253,13.72,,,,,0,False,False,0.0,False,5.09,5.13,20.0,
193.1,25885,779.287,-426.766,-0.005,4.093,30.0,1253,-1,8.83,False,-1,True,True,0.75,0.0,-0.0,False,False,-0.278,0.002,35.635,1253,13.72,,,,,0,False,False,0.0,False,4.89,5.07,20.0,
193.15,25886,779.455,-426.646,-0.005,4.111,30.0,1253,-1,9.04,False,-1,True,True,0.75,0.0,-0.006,False,False,-0.21,0.011,35.616,1253,17.64,,,,,0,False,False,0.0,False,8.6,5.05,20.0,
193.2,25887,779.624,-426.525,-0.006,4.163,30.0,1253,-1,9.24,False,-1,True,True,0.75,0.0,-0.0,False,False,-0.125,0.008,35.604,1253,17.64,,,,,0,False,False,0.0,False,8.4,5.06,20.0,
193.25,25888,779.795,-426.403,-0.007,4.236,30.0,1253,-1,9.46,False,-1,True,True,0.75,0.0,-0.0,False,False,-0.04,0.003,35.599,1253,17.64,,,,,0,False,False,0.0,False,8.18,5.08,20.0,
193.3,25889,779.97,-426.277,-0.008,4.323,30.0,1253,-1,9.67,False,-1,True,True,0.75,0.0,-0.001,False,False,0.036,0.001,35.596,1253,17.64,,,,,0,False,False,0.0,False,7.97,5.12,20.0,
193.35,25890,780.149,-426.15,-0.008,4.417,30.0,1253,-1,9.89,False,-1,True,True,0.75,0.0,-0.001,False,False,0.099,0.001,35.591,1253,17.64,,,,,0,False,False,0.0,False,7.75,5.16,20.0,
193.4,25891,780.331,-426.019,-0.009,4.516,30.0,1253,-1,10.11,False,-1,True,True,0.75,0.0,-0.001,False,False,0.149,0.0,35.588,1253,17.64,,,,,0,False,False,0.0,False,7.53,5.21,20.0,
193.45,25892,780.518,-425.886,-0.009,4.618,30.0,1253,-1,10.34,False,-1,True,True,0.75,0.0,-0.0,False,False,0.186,-0.0,35.585,1253,17.64,,,,,0,False,False,0.0,False,7.3,5.26,20.0,
193.5,25893,780.708,-425.75,-0.009,4.722,30.0,1253,-1,10.58,False,-1,True,True,0.75,0.0,-0.0,False,False,0.213,-0.0,35.582,1253,17.64,,,,,0,False,False,0.0,False,7.06,5.31,20.0,
193.55,25894,780.903,-425.61,-0.009,4.826,30.0,1253,-1,10.82,False,-1,True,True,0.75,0.0,-0.0,False,False,0.231,-0.0,35.579,1253,17.64,,,,,0,False,False,0.0,False,6.82,5.36,20.0,
193.6,25895,781.102,-425.468,-0.009,4.93,30.0,1253,-1,11.06,False,-1,True,True,0.75,0.0,-0.0,False,False,0.244,-0.0,35.577,1253,17.64,,,,,0,False,False,0.0,False,6.58,5.41,20.0,
193.65,25896,781.305,-425.323,-0.009,5.034,30.0,1253,-1,11.31,False,-1,True,True,0.75,0.0,-0.0,False,False,0.252,-0.0,35.575,1253,17.64,,,,,0,False,False,0.0,False,6.33,5.47,20.0,
193.7,25897,781.512,-425.175,-0.009,5.135,30.0,1253,-1,11.57,False,-1,True,True,0.75,0.0,-0.0,False,False,0.257,-0.0,35.574,1253,17.64,,,,,0,False,False,0.0,False,6.07,5.52,20.0,
193.75,25898,781.724,-425.023,-0.009,5.273,30.0,1253,-1,11.83,False,-1,True,True,0.75,0.0,-0.0,False,False,0.261,-0.0,35.572,1253,17.64,,,,,0,False,False,0.0,False,5.81,5.57,20.0,
193.8,25899,781.939,-424.87,-0.009,5.297,30.0,1253,-1,12.09,False,-1,True,True,0.75,0.0,-0.0,False,False,0.256,-0.0,35.577,1253,17.64,,,,,0,False,False,0.0,False,5.55,5.64,20.0,
193.85,25900,782.158,-424.717,-0.009,5.364,30.0,1253,-1,12.36,False,-1,True,True,0.75,0.0,-0.1,False,False,0.237,0.111,35.386,1253,21.56,,,,,0,False,False,0.0,False,9.31,5.65,20.0,
193.9,25901,782.377,-424.568,-0.009,5.281,30.0,1253,-1,12.62,False,-1,True,True,0.742,0.0,-0.018,False,False,0.188,0.145,35.166,1253,21.56,,,,,0,False,False,0.0,False,9.05,5.68,20.0,
193.95,25902,782.595,-424.416,-0.008,5.353,30.0,1253,-1,12.89,False,-1,True,True,0.75,0.0,-0.007,False,False,0.154,0.095,34.998,1253,21.56,,,,,0,False,False,0.0,False,8.78,5.64,20.0,
194.0,25903,782.814,-424.265,-0.008,5.302,30.0,1253,-1,13.15,False,-1,True,True,0.75,0.0,-0.006,False,False,0.126,0.053,34.94,1253,21.56,,,,,0,False,False,0.0,False,8.52,5.68,20.0,
194.05,25904,783.034,-424.113,-0.008,5.373,30.0,1253,-1,13.42,False,-1,True,True,0.75,0.0,-0.012,False,False,0.114,0.039,34.837,1253,21.56,,,,,0,False,False,0.0,False,8.25,5.65,20.0,
194.1,25905,783.253,-423.962,-0.008,5.299,30.0,1253,-1,13.69,False,-1,True,True,0.688,0.0,-0.006,False,False,0.094,0.025,34.801,1253,21.56,,,,,0,False,False,0.0,False,7.98,5.69,20.0,
194.15,25906,783.476,-423.807,-0.008,5.623,30.0,1253,-1,13.96,False,-1,True,True,0.75,0.0,-0.009,False,False,0.128,0.022,34.709,1253,21.56,,,,,0,False,False,0.0,False,7.71,5.65,20.0,
194.2,25907,783.718,-423.641,-0.009,5.959,30.0,1253,-1,14.25,False,-1,True,True,0.0,0.224,-0.002,False,False,0.268,0.014,34.642,1253,21.56,,,,,0,False,False,0.0,False,7.42,5.81,20.0,
194.25,25908,783.972,-423.466,-0.01,6.26,30.0,1253,-1,14.56,False,-1,True,True,0.0,0.3,-0.002,False,False,0.381,0.006,34.603,1253,21.56,,,,,0,False,False,0.0,False,7.11,5.98,20.0,
194.3,25909,784.23,-423.288,-0.011,6.259,30.0,1253,-1,14.87,False,-1,True,True,0.0,0.3,-0.003,False,False,0.396,0.005,34.574,1253,21.56,,,,,0,False,False,0.0,False,6.8,6.13,20.0,
194.35,25910,784.489,-423.11,-0.01,6.277,30.0,1253,-1,15.19,False,-1,True,True,0.0,0.3,-0.003,False,False,0.342,0.006,34.554,1253,21.56,,,,,0,False,False,0.0,False,6.48,6.13,20.0,
194.4,25911,784.742,-422.936,-0.009,6.087,30.0,1253,-1,15.5,False,-1,True,True,0.0,0.3,-0.002,False,False,0.234,0.007,34.517,1253,21.56,,,,,0,False,False,0.0,False,6.17,6.14,20.0,
194.45,25912,784.99,-422.766,-0.008,5.983,30.0,1253,-1,15.8,False,-1,True,True,0.0,0.3,-0.0,False,False,0.118,0.004,34.528,1253,21.56,,,,,0,False,False,0.0,False,5.87,6.04,20.0,
194.5,25913,785.231,-422.604,-0.007,5.73,30.0,1253,-1,16.09,False,-1,True,True,0.0,0.3,-0.094,False,False,0.001,0.107,34.337,1253,25.48,,,,,0,False,False,0.0,False,9.44,5.99,20.0,
194.55,25914,785.466,-422.449,-0.006,5.595,30.0,1253,-1,16.37,False,-1,True,True,0.0,0.3,-0.013,False,False,-0.09,0.133,34.123,1253,25.48,,,,,0,False,False,0.0,False,9.16,5.86,20.0,
194.6,25915,785.691,-422.298,-0.006,5.343,30.0,1253,-1,16.64,False,-1,True,True,0.0,0.173,-0.004,False,False,-0.165,0.081,33.961,1253,25.48,,,,,0,False,False,0.0,False,8.89,5.8,20.0,
194.65,25916,785.911,-422.151,-0.005,5.248,30.0,1253,-1,16.9,False,-1,True,True,0.733,0.0,-0.003,False,False,-0.204,0.039,33.908,1253,25.48,,,,,0,False,False,0.0,False,8.62,5.67,20.0,
194.7,25917,786.123,-422.009,-0.005,5.046,30.0,1253,-1,17.16,False,-1,True,True,0.75,0.0,-0.009,False,False,-0.224,0.025,33.812,1253,25.48,,,,,0,False,False,0.0,False,8.37,5.62,20.0,
194.75,25918,786.333,-421.869,-0.005,5.044,30.0,1253,-1,17.41,False,-1,True,True,0.75,0.0,-0.003,False,False,-0.206,0.014,33.754,1253,25.48,,,,,0,False,False,0.0,False,8.12,5.52,20.0,
194.8,25919,786.543,-421.729,-0.006,5.032,30.0,1253,-1,17.66,False,-1,True,True,0.75,0.0,-0.004,False,False,-0.158,0.009,33.724,1253,25.48,,,,,0,False,False,0.0,False,7.86,5.52,20.0,
194.85,25920,786.751,-421.59,-0.006,4.928,30.0,1253,-1,17.91,False,-1,True,True,0.75,0.0,-0.005,False,False,-0.113,0.01,33.699,1253,25.48,,,,,0,False,False,0.0,False,7.61,5.52,20.0,
194.9,25921,786.945,-421.461,-0.006,4.525,30.0,1253,-1,18.15,False,-1,True,True,0.75,0.0,-0.004,False,False,-0.18,0.01,33.639,1253,25.48,,,,,0,False,False,0.0,False,7.38,5.46,20.0,
194.95,25922,787.126,-421.341,-0.005,4.268,30.0,1253,-1,18.36,False,-1,True,True,0.75,0.0,0.0,False,False,-0.263,0.004,33.618,1253,25.48,,,,,0,False,False,0.0,False,7.16,5.26,20.0,
195.0,25923,787.3,-421.226,-0.005,4.133,30.0,1253,-1,18.57,False,-1,True,True,0.75,0.0,-0.002,False,False,-0.297,0.002,33.608,1253,25.48,,,,,0,False,False,0.0,False,6.95,5.13,20.0,
195.05,25924,787.471,-421.112,-0.005,4.086,30.0,1253,-1,18.78,False,-1,True,True,0.75,0.0,-0.002,False,False,-0.275,0.003,33.598,1253,25.48,,,,,0,False,False,0.0,False,6.75,5.07,20.0,
195.1,25925,787.642,-420.999,-0.005,4.099,30.0,1253,-1,18.98,False,-1,True,True,0.75,0.0,-0.002,False,False,-0.212,0.003,33.588,1253,25.48,,,,,0,False,False,0.0,False,6.54,5.04,20.0,
195.15,25926,787.814,-420.885,-0.006,4.148,30.0,1253,-1,19.13,False,-1,True,True,0.75,0.0,-0.001,False,False,-0.131,0.003,33.58,1253,25.48,,,,,0,False,False,0.0,False,6.34,5.05,20.0,
195.2,25927,787.99,-420.768,-0.007,4.219,30.0,1253,-1,19.34,False,-1,True,True,0.75,0.0,-0.001,False,False,-0.047,0.002,33.573,1253,25.48,,,,,0,False,False,0.0,False,6.13,5.07,20.0,
195.25,25928,788.168,-420.65,-0.008,4.305,30.0,1253,-1,19.56,False,-1,True,True,0.75,0.0,-0.001,False,False,0.03,0.001,33.567,1253,25.48,,,,,0,False,False,0.0,False,5.91,5.11,20.0,
195.3,25929,788.35,-420.529,-0.008,4.398,30.0,1253,-1,19.78,False,-1,True,True,0.75,0.0,-0.001,False,False,0.094,0.001,33.561,1253,25.48,,,,,0,False,False,0.0,False,5.7,5.15,20.0,
195.35,25930,788.536,-420.406,-0.009,4.497,30.0,1253,-1,20.0,False,-1,True,True,0.75,0.0,-0.001,False,False,0.144,0.001,33.556,1253,25.48,,,,,0,False,False,0.0,False,5.47,5.2,20.0,
195.4,25931,788.727,-420.28,-0.009,4.599,30.0,1253,-1,20.23,False,-1,True,True,0.75,0.0,-0.001,False,False,0.183,0.0,33.552,1253,25.48,,,,,0,False,False,0.0,False,5.24,5.25,20.0,
195.45,25932,788.918,-420.147,-0.009,4.689,30.0,1253,-1,20.46,False,-1,True,True,0.75,0.0,0.099,False,False,0.207,-0.134,33.785,1253,29.4,,,,,0,False,False,0.0,False,8.64,5.3,20.0,
195.5,25933,789.112,-420.01,-0.009,4.795,30.0,1253,-1,20.7,False,-1,True,True,0.75,0.0,0.027,False,False,0.225,-0.172,34.073,1253,29.4,,,,,0,False,False,0.0,False,8.4,5.34,20.0,
195.55,25934,789.312,-419.872,-0.009,4.901,30.0,1253,-1,20.94,False,-1,True,True,0.75,0.0,0.013,False,False,0.239,-0.121,34.233,1253,29.4,,,,,0,False,False,0.0,False,8.16,5.4,20.0,
195.6,25935,789.516,-419.73,-0.009,5.007,30.0,1253,-1,21.19,False,-1,True,True,0.75,0.0,0.017,False,False,0.249,-0.083,34.352,1253,29.4,,,,,0,False,False,0.0,False,7.91,5.45,20.0,
195.65,25936,789.724,-419.585,-0.009,5.112,30.0,1253,-1,21.44,False,-1,True,True,0.75,0.0,0.016,False,False,0.256,-0.059,34.463,1253,29.4,,,,,0,False,False,0.0,False,7.66,5.5,20.0,
195.7,25937,789.936,-419.437,-0.009,5.174,30.0,1253,-1,21.7,False,-1,True,True,0.75,0.0,0.013,False,False,0.256,-0.042,34.564,1253,29.4,,,,,0,False,False,0.0,False,7.4,5.56,20.0,
195.75,25938,790.152,-419.286,-0.009,5.31,30.0,1253,-1,21.96,False,-1,True,True,0.75,0.0,0.011,False,False,0.255,-0.028,34.634,1253,29.4,,,,,0,False,False,0.0,False,7.14,5.59,20.0,
195.8,25939,790.367,-419.136,-0.009,5.213,30.0,1253,-1,22.22,False,-1,True,True,0.75,0.0,0.011,False,False,0.213,-0.02,34.743,1253,29.4,,,,,0,False,False,0.0,False,6.88,5.65,20.0,
195.85,25940,790.581,-418.986,-0.008,5.277,30.0,1253,-1,22.49,False,-1,True,True,0.75,0.0,0.005,False,False,0.173,-0.009,34.782,1253,29.4,,,,,0,False,False,0.0,False,6.61,5.61,20.0,
195.9,25941,790.796,-418.836,-0.008,5.216,30.0,1253,-1,22.75,False,-1,True,True,0.75,0.0,0.008,False,False,0.137,-0.007,34.869,1253,29.4,,,,,0,False,False,0.0,False,6.35,5.64,20.0,
195.95,25942,791.012,-418.685,-0.008,5.311,30.0,1253,-1,23.01,False,-1,True,True,0.75,0.0,0.002,False,False,0.123,-0.001,34.89,1253,29.4,,,,,0,False,False,0.0,False,6.09,5.61,20.0,
196.0,25943,791.227,-418.534,-0.008,5.243,30.0,1253,-1,23.27,False,-1,True,True,0.75,0.0,0.006,False,False,0.107,-0.003,34.96,1253,29.4,,,,,0,False,False,0.0,False,5.83,5.66,20.0,
196.05,25944,791.444,-418.383,-0.008,5.31,30.0,1253,-1,23.54,False,-1,True,True,0.75,0.0,0.0,False,False,0.098,0.001,34.96,1253,29.4,,,,,0,False,False,0.0,False,5.56,5.62,20.0,
196.1,25945,791.661,-418.226,-0.008,5.483,30.0,1253,-1,23.81,False,-1,True,True,0.75,0.0,0.1,False,False,0.122,-0.117,35.19,1253,33.32,,,,,0,False,False,0.0,False,8.85,5.66,20.0,
196.15,25946,791.889,-418.047,-0.009,5.95,30.0,1253,-1,24.09,False,-1,True,True,0.287,0.0,0.2,False,False,0.263,-0.432,35.94,1253,33.32,,,,,0,False,False,0.0,False,8.56,5.74,20.0,
196.2,25947,792.124,-417.854,-0.01,6.142,30.0,1253,-1,24.4,False,-1,True,True,0.0,0.3,0.153,False,False,0.373,-0.644,37.024,1253,33.32,,,,,0,False,False,0.0,False,8.26,5.98,20.0,
196.25,25948,792.364,-417.654,-0.011,6.292,30.0,1253,-1,24.71,False,-1,True,True,0.0,0.3,0.093,False,False,0.405,-0.608,38.003,1253,33.32,,,,,0,False,False,0.0,False,7.95,6.07,20.0,
196.3,25949,792.602,-417.454,-0.01,6.182,30.0,1253,-1,25.01,False,-1,True,True,0.0,0.3,0.069,False,False,0.346,-0.478,38.775,1253,33.32,,,,,0,False,False,0.0,False,7.64,6.15,20.0,
196.35,25950,792.835,-417.256,-0.009,6.117,30.0,1253,-1,25.32,False,-1,True,True,0.0,0.3,0.06,False,False,0.243,-0.363,39.357,1253,33.32,,,,,0,False,False,0.0,False,7.33,6.09,20.0,
196.4,25951,793.061,-417.061,-0.008,5.895,30.0,1253,-1,25.61,False,-1,True,True,0.0,0.3,0.055,False,False,0.12,-0.281,39.889,1253,33.32,,,,,0,False,False,0.0,False,7.03,6.06,20.0,
196.45,25952,793.28,-416.871,-0.007,5.778,30.0,1253,-1,25.9,False,-1,True,True,0.0,0.3,0.042,False,False,0.012,-0.21,40.28,1253,33.32,,,,,0,False,False,0.0,False,6.74,5.95,20.0,
196.5,25953,793.49,-416.686,-0.006,5.521,30.0,1253,-1,26.18,False,-1,True,True,0.0,0.3,0.039,False,False,-0.085,-0.159,40.651,1253,33.32,,,,,0,False,False,0.0,False,6.46,5.89,20.0,
196.55,25954,793.694,-416.506,-0.006,5.418,30.0,1253,-1,26.45,False,-1,True,True,0.097,0.0,0.029,False,False,-0.15,-0.115,40.906,1253,33.32,,,,,0,False,False,0.0,False,6.19,5.76,20.0,
196.6,25955,793.892,-416.33,-0.005,5.209,30.0,1253,-1,26.71,False,-1,True,True,0.468,0.0,0.028,False,False,-0.19,-0.087,41.172,1253,33.32,,,,,0,False,False,0.0,False,5.93,5.71,20.0,
196.65,25956,794.085,-416.158,-0.005,5.156,30.0,1253,-1,27.07,False,-1,True,True,0.75,0.0,0.019,False,False,-0.199,-0.06,41.339,1253,33.32,,,,,0,False,False,0.0,False,5.67,5.6,20.0,
196.7,25957,794.274,-415.989,-0.005,5.03,30.0,1253,-1,27.32,False,-1,True,True,0.75,0.0,0.02,False,False,-0.19,-0.047,41.527,1253,33.32,,,,,0,False,False,0.0,False,5.41,5.58,20.0,
196.75,25958,794.46,-415.817,-0.006,5.086,30.0,1253,-1,27.58,False,-1,True,True,0.75,0.0,0.12,False,False,-0.143,-0.147,41.798,1253,37.24,,,,,0,False,False,0.0,False,9.04,5.52,20.0,
196.8,25959,794.638,-415.642,-0.006,4.898,30.0,1253,-1,27.82,False,-1,True,True,0.75,0.0,0.155,False,False,-0.121,-0.323,42.41,1253,37.24,,,,,0,False,False,0.0,False,8.79,5.54,20.0,
196.85,25960,794.801,-415.477,-0.006,4.529,30.0,1253,-1,28.15,False,-1,True,True,0.75,0.0,0.11,False,False,-0.194,-0.36,42.99,1253,37.24,,,,,0,False,False,0.0,False,8.56,5.45,20.0,
196.9,25961,794.954,-415.321,-0.005,4.303,30.0,1253,-1,28.36,False,-1,True,True,0.75,0.0,0.092,False,False,-0.267,-0.322,43.509,1253,37.24,,,,,0,False,False,0.0,False,8.34,5.26,20.0,
196.95,25962,795.1,-415.169,-0.005,4.191,30.0,1253,-1,28.57,False,-1,True,True,0.75,0.0,0.079,False,False,-0.289,-0.26,43.958,1253,37.24,,,,,0,False,False,0.0,False,8.13,5.15,20.0,
197.0,25963,795.245,-415.018,-0.005,4.16,30.0,1253,-1,28.78,False,-1,True,True,0.75,0.0,0.069,False,False,-0.258,-0.199,44.351,1253,37.24,,,,,0,False,False,0.0,False,7.92,5.1,20.0,
197.05,25964,795.389,-414.867,-0.006,4.182,30.0,1253,-1,29.13,False,-1,True,True,0.75,0.0,0.06,False,False,-0.192,-0.147,44.696,1253,37.24,,,,,0,False,False,0.0,False,7.72,5.08,20.0,
197.1,25965,795.534,-414.714,-0.006,4.236,30.0,1253,-1,29.34,False,-1,True,True,0.75,0.0,0.052,False,False,-0.11,-0.104,45.0,1253,37.24,,,,,0,False,False,0.0,False,7.5,5.09,20.0,
197.15,25966,795.682,-414.558,-0.007,4.311,30.0,1253,-1,29.56,False,-1,True,True,0.75,0.0,0.044,False,False,-0.028,-0.072,45.269,1253,37.24,,,,,0,False,False,0.0,False,7.29,5.12,20.0,
197.2,25967,795.832,-414.399,-0.008,4.398,30.0,1253,-1,29.78,False,-1,True,True,0.75,0.0,0.038,False,False,0.045,-0.048,45.505,1253,37.24,,,,,0,False,False,0.0,False,7.07,5.16,20.0,
197.25,25968,795.985,-414.237,-0.008,4.492,30.0,1253,-1,30.23,False,-1,True,True,0.75,0.0,0.032,False,False,0.106,-0.031,45.712,1253,37.24,,,,,0,False,False,0.0,False,6.85,5.2,20.0,
197.3,25969,796.142,-414.071,-0.009,4.591,30.0,1253,-1,30.46,False,-1,True,True,0.75,0.0,0.027,False,False,0.153,-0.019,45.892,1253,37.24,,,,,0,False,False,0.0,False,6.62,5.25,20.0,
197.35,25970,796.301,-413.902,-0.009,4.693,30.0,1253,-1,30.69,False,-1,True,True,0.75,0.0,0.023,False,False,0.189,-0.011,46.048,1253,37.24,,,,,0,False,False,0.0,False,6.39,5.3,20.0,
197.4,25971,796.465,-413.728,-0.009,4.796,30.0,1253,-1,31.12,False,-1,True,True,0.75,0.0,0.02,False,False,0.214,-0.006,46.184,1253,37.24,,,,,0,False,False,0.0,False,6.15,5.35,20.0,
197.45,25972,796.631,-413.551,-0.009,4.9,30.0,1253,-1,31.36,False,-1,True,True,0.75,0.0,0.017,False,False,0.232,-0.003,46.301,1253,37.24,,,,,0,False,False,0.0,False,5.91,5.4,20.0,
197.5,25973,796.801,-413.37,-0.009,5.004,30.0,1253,-1,31.61,False,-1,True,True,0.75,0.0,0.014,False,False,0.244,-0.001,46.401,1253,37.24,,,,,0,False,False,0.0,False,5.66,5.45,20.0,
197.55,25974,796.974,-413.185,-0.009,5.109,30.0,1253,-1,31.86,False,-1,True,True,0.75,0.0,0.012,False,False,0.252,-0.0,46.487,1253,37.24,,,,,0,False,False,0.0,False,5.4,5.5,20.0,
197.6,25975,797.148,-412.994,-0.009,5.177,30.0,1253,-1,32.12,False,-1,True,True,0.75,0.0,0.112,False,False,0.252,-0.133,46.779,1822,1.73,,,,,0,False,False,0.0,False,8.84,5.55,20.0,
197.65,25976,797.319,-412.8,-0.009,5.188,30.0,1253,-1,32.38,False,-1,True,True,0.75,0.0,0.066,False,False,0.229,-0.218,47.186,1822,1.73,,,,,0,False,False,0.0,False,8.58,5.59,20.0,
197.7,25977,797.491,-412.606,-0.009,5.17,30.0,1253,-1,32.64,False,-1,True,True,0.75,0.0,0.044,False,False,0.184,-0.198,47.604,1822,1.73,,,,,0,False,False,0.0,False,8.32,5.59,20.0,
197.75,25978,797.661,-412.412,-0.008,5.172,30.0,1253,-1,32.89,False,-1,True,True,0.75,0.0,0.03,False,False,0.146,-0.145,47.855,1822,1.73,,,,,0,False,False,0.0,False,8.06,5.59,20.0,
197.8,25979,797.832,-412.218,-0.008,5.185,30.0,1253,-1,33.15,False,-1,True,True,0.75,0.0,0.033,False,False,0.121,-0.113,48.147,1822,1.73,,,,,0,False,False,0.0,False,7.8,5.59,20.0,
197.85,25980,798.003,-412.022,-0.008,5.215,30.0,1253,-1,33.41,False,-1,True,True,0.75,0.0,0.021,False,False,0.111,-0.081,48.31,1822,1.73,,,,,0,False,False,0.0,False,7.54,5.59,20.0,
197.9,25981,798.174,-411.826,-0.008,5.209,30.0,1253,-1,33.67,False,-1,True,True,0.75,0.0,0.025,False,False,0.102,-0.065,48.527,1822,1.73,,,,,0,False,False,0.0,False,7.28,5.61,20.0,
197.95,25982,798.344,-411.629,-0.008,5.206,30.0,1253,-1,33.93,False,-1,True,True,0.75,0.0,0.014,False,False,0.091,-0.044,48.627,1822,1.73,,,,,0,False,False,0.0,False,7.02,5.6,20.0,
198.0,25983,798.52,-411.426,-0.008,5.561,30.0,1253,-1,34.2,False,-1,True,True,0.75,0.0,0.019,False,False,0.151,-0.041,48.758,1822,1.73,,,,,0,False,False,0.0,False,6.75,5.6,20.0,
198.05,25984,798.711,-411.204,-0.01,5.984,30.0,1253,-1,34.49,False,-1,True,True,0.011,0.0,0.012,False,False,0.31,-0.037,48.847,1822,1.73,,,,,0,False,False,0.0,False,6.46,5.78,20.0,
198.1,25985,798.912,-410.97,-0.011,6.235,30.0,1253,-1,34.8,False,-1,True,True,0.0,0.3,0.012,False,False,0.426,-0.033,48.965,1822,1.73,,,,,0,False,False,0.0,False,6.15,5.99,20.0,
198.15,25986,799.117,-410.732,-0.011,6.287,30.0,1253,-1,35.11,False,-1,True,True,0.0,0.3,0.006,False,False,0.438,-0.019,49.024,1822,1.73,,,,,0,False,False,0.0,False,5.84,6.12,20.0,
198.2,25987,799.318,-410.495,-0.01,6.199,30.0,1253,-1,35.42,False,-1,True,True,0.0,0.3,0.063,False,False,0.357,-0.095,49.255,1822,5.18,,,,,0,False,False,0.0,False,9.09,6.14,20.0,
198.25,25988,799.515,-410.262,-0.009,6.07,30.0,1253,-1,35.73,False,-1,True,True,0.0,0.3,0.006,False,False,0.238,-0.088,49.412,1822,5.18,,,,,0,False,False,0.0,False,8.79,6.1,20.0,
198.3,25989,799.708,-410.035,-0.008,5.911,30.0,1253,-1,36.02,False,-1,True,True,0.0,0.3,0.006,False,False,0.115,-0.051,49.562,1822,5.18,,,,,0,False,False,0.0,False,8.49,6.04,20.0,
198.35,25990,799.895,-409.814,-0.007,5.733,30.0,1253,-1,36.31,False,-1,True,True,0.0,0.3,0.002,False,False,0.005,-0.022,49.592,1822,5.18,,,,,0,False,False,0.0,False,8.2,5.96,20.0,
198.4,25991,800.076,-409.6,-0.006,5.54,30.0,1253,-1,36.59,False,-1,True,True,0.0,0.3,0.01,False,False,-0.087,-0.017,49.689,1822,5.18,,,,,0,False,False,0.0,False,7.92,5.87,20.0,
198.45,25992,800.251,-409.393,-0.006,5.372,30.0,1253,-1,36.86,False,-1,True,True,0.026,0.0,0.002,False,False,-0.154,-0.009,49.693,1822,5.18,,,,,0,False,False,0.0,False,7.65,5.77,20.0,
198.5,25993,800.421,-409.192,-0.005,5.224,30.0,1253,-1,37.13,False,-1,True,True,0.632,0.0,0.008,False,False,-0.19,-0.011,49.774,1822,5.18,,,,,0,False,False,0.0,False,7.39,5.69,20.0,
198.55,25994,800.586,-408.995,-0.005,5.094,30.0,1253,-1,37.38,False,-1,True,True,0.75,0.0,0.0,False,False,-0.205,-0.004,49.761,1822,5.18,,,,,0,False,False,0.0,False,7.13,5.61,20.0,
198.6,25995,800.75,-408.802,-0.005,5.051,30.0,1253,-1,37.64,False,-1,True,True,0.75,0.0,0.007,False,False,-0.191,-0.007,49.841,1822,5.18,,,,,0,False,False,0.0,False,6.88,5.55,20.0,
198.65,25996,800.912,-408.609,-0.006,5.046,30.0,1253,-1,37.89,False,-1,True,True,0.75,0.0,-0.002,False,False,-0.142,-0.001,49.82,1822,5.18,,,,,0,False,False,0.0,False,6.62,5.53,20.0,
198.7,25997,801.073,-408.418,-0.006,4.862,30.0,1253,-1,38.14,False,-1,True,True,0.75,0.0,0.006,False,False,-0.116,-0.004,49.858,1822,5.18,,,,,0,False,False,0.0,False,6.37,5.52,20.0,
198.75,25998,801.222,-408.241,-0.006,4.486,30.0,1253,-1,38.37,False,-1,True,True,0.75,0.0,0.0,False,False,-0.197,-0.002,49.853,1822,5.18,,,,,0,False,False,0.0,False,6.14,5.43,20.0,
198.8,25999,801.361,-408.076,-0.005,4.253,30.0,1253,-1,38.59,False,-1,True,True,0.75,0.0,0.003,False,False,-0.275,-0.003,49.86,1822,5.18,,,,,0,False,False,0.0,False,5.93,5.24,20.0,
198.85,26000,801.495,-407.916,-0.005,4.135,30.0,1253,-1,38.79,False,-1,True,True,0.75,0.0,0.002,False,False,-0.298,-0.003,49.872,1822,5.18,,,,,0,False,False,0.0,False,5.72,5.13,20.0,
198.9,26001,801.627,-407.759,-0.005,4.101,30.0,1253,-1,39.0,False,-1,True,True,0.75,0.0,0.002,False,False,-0.267,-0.002,49.881,1822,5.18,,,,,0,False,False,0.0,False,5.51,5.07,20.0,
198.95,26002,801.76,-407.601,-0.006,4.121,30.0,1821,-1,0.01,True,86,True,False,0.75,0.0,0.001,False,False,-0.2,-0.001,49.889,1822,5.18,,,,,0,False,False,0.0,False,5.31,5.05,20.0,
199.0,26003,801.894,-407.442,-0.006,4.174,30.0,1821,-1,0.22,True,86,True,False,0.75,0.0,0.001,False,False,-0.117,-0.0,49.896,1822,5.18,,,,,0,False,False,0.0,False,5.1,5.06,20.0,
199.05,26004,802.03,-407.28,-0.007,4.248,30.0,1821,-1,0.43,True,86,True,False,0.75,0.0,0.001,False,False,-0.033,-0.0,49.902,1822,5.18,,,,,0,False,False,0.0,False,4.89,5.09,20.0,
199.1,26005,802.173,-407.118,-0.008,4.323,30.0,1821,-1,0.64,True,86,True,False,0.75,0.0,-0.099,False,False,0.038,0.13,49.678,1822,8.64,,,,,0,False,False,0.0,False,8.36,5.12,20.0,
199.15,26006,802.32,-406.956,-0.008,4.418,30.0,1821,-1,1.03,True,86,True,False,0.75,0.0,-0.067,False,False,0.098,0.219,49.309,1822,8.64,,,,,0,False,False,0.0,False,8.14,5.16,20.0,
199.2,26007,802.471,-406.79,-0.009,4.52,30.0,1821,-1,1.25,True,86,True,False,0.75,0.0,-0.043,False,False,0.147,0.208,48.999,1822,8.64,,,,,0,False,False,0.0,False,7.92,5.21,20.0,
199.25,26008,802.625,-406.62,-0.009,4.623,30.0,1822,-1,1.31,True,86,True,True,0.75,0.0,-0.038,False,False,0.184,0.168,48.747,1822,8.64,,,,,0,False,False,0.0,False,7.69,5.26,20.0,
199.3,26009,802.783,-406.447,-0.009,4.727,30.0,1822,-1,1.54,True,86,True,True,0.75,0.0,-0.033,False,False,0.212,0.131,48.525,1822,8.64,,,,,0,False,False,0.0,False,7.45,5.31,20.0,
199.35,26010,802.945,-406.27,-0.009,4.832,30.0,1822,-1,1.78,True,86,True,True,0.75,0.0,-0.028,False,False,0.231,0.098,48.331,1822,8.64,,,,,0,False,False,0.0,False,7.22,5.36,20.0,
199.4,26011,803.11,-406.09,-0.009,4.937,30.0,1822,-1,2.03,True,86,True,True,0.75,0.0,-0.024,False,False,0.244,0.071,48.161,1822,8.64,,,,,0,False,False,0.0,False,6.97,5.42,20.0,
199.45,26012,803.279,-405.905,-0.009,5.041,30.0,1822,-1,2.27,True,86,True,True,0.75,0.0,-0.02,False,False,0.252,0.049,48.015,1822,8.64,,,,,0,False,False,0.0,False,6.72,5.47,20.0,
199.5,26013,803.452,-405.717,-0.009,5.143,30.0,1822,-1,2.53,True,86,True,True,0.75,0.0,-0.017,False,False,0.257,0.033,47.89,1822,8.64,,,,,0,False,False,0.0,False,6.46,5.52,20.0,
199.55,26014,803.628,-405.526,-0.009,5.276,30.0,1822,-1,2.79,True,86,True,True,0.75,0.0,-0.014,False,False,0.26,0.022,47.775,1822,8.64,,,,,0,False,False,0.666,False,6.2,5.57,20.0,
199.6,26015,803.805,-405.333,-0.009,5.197,30.0,1822,-1,3.05,True,86,True,True,0.75,0.0,-0.011,False,False,0.232,0.012,47.702,1822,8.64,,,,,0,False,False,0.825,False,5.94,5.64,20.0,
199.65,26016,803.982,-405.141,-0.009,5.252,30.0,1822,-1,3.31,True,86,True,True,0.75,0.0,-0.012,False,False,0.191,0.01,47.596,1822,8.64,,,,,0,False,False,0.996,False,5.68,5.6,20.0,
199.7,26017,804.158,-404.95,-0.008,5.183,30.0,1822,-1,3.57,True,86,True,True,0.75,0.0,-0.006,False,False,0.148,0.003,47.563,1822,8.64,,,,,0,False,False,1.164,False,5.42,5.63,20.0,
199.75,26018,804.338,-404.76,-0.008,5.264,30.0,1822,-1,3.83,True,86,True,True,0.75,0.0,-0.106,False,False,0.126,0.107,47.328,1822,12.1,,,,,0,False,False,1.344,False,8.65,5.59,20.0,
199.8,26019,804.522,-404.575,-0.008,5.204,30.0,1822,-1,4.03,True,86,True,True,0.75,0.0,-0.116,False,False,0.106,0.274,46.853,1822,12.1,,,,,0,False,False,1.538,False,8.39,5.63,20.0,
199.85,26020,804.708,-404.391,-0.008,5.271,30.0,1822,-1,4.3,True,86,True,True,0.75,0.0,-0.082,False,False,0.096,0.318,46.261,1822,12.1,,,,,0,False,False,1.737,False,8.13,5.6,20.0,
199.9,26021,804.894,-404.208,-0.008,5.199,30.0,1822,-1,4.56,True,86,True,True,0.75,0.0,-0.054,False,False,0.081,0.271,45.809,1822,12.1,,,,,0,False,False,0.0,False,7.87,5.64,20.0,
199.95,26022,805.091,-404.015,-0.009,5.721,30.0,1822,-1,4.83,True,86,True,True,0.75,0.0,-0.05,False,False,0.178,0.231,45.347,1822,12.1,,,,,0,False,False,0.0,False,7.59,5.6,20.0,
200.0,26023,805.304,-403.808,-0.01,6.029,30.0,1822,-1,5.13,True,86,True,True,0.0,0.3,-0.034,False,False,0.331,0.187,44.968,1822,12.1,,,,,0,False,False,0.0,False,7.3,5.86,20.0,
200.05,26024,805.528,-403.591,-0.011,6.305,30.0,1822,-1,5.44,True,86,True,True,0.0,0.3,-0.028,False,False,0.428,0.143,44.663,1822,12.1,,,,,0,False,False,0.0,False,6.99,6.01,20.0,
200.1,26025,805.755,-403.373,-0.011,6.288,30.0,1822,-1,5.75,True,86,True,True,0.0,0.3,-0.024,False,False,0.423,0.108,44.414,1822,12.1,,,,,0,False,False,0.0,False,6.67,6.15,20.0,
200.15,26026,805.981,-403.155,-0.01,6.286,30.0,1822,-1,6.0,True,86,True,True,0.0,0.3,-0.02,False,False,0.351,0.08,44.226,1822,12.1,,,,,0,False,False,0.0,False,6.36,6.14,20.0,
200.2,26027,806.203,-402.942,-0.009,6.087,30.0,1819,-1,6.0,True,86,True,False,0.0,0.3,-0.018,False,False,0.23,0.063,44.034,1822,12.1,,,,,0,False,False,1.221,False,6.05,6.14,20.0,
200.25,26028,806.421,-402.735,-0.008,5.982,30.0,1819,-1,6.0,True,86,True,False,0.0,0.3,-0.012,False,False,0.11,0.044,43.925,1822,12.1,,,,,0,False,False,1.023,False,5.75,6.04,20.0,
200.3,26029,806.633,-402.538,-0.007,5.726,30.0,1816,-1,6.72,True,86,True,False,0.0,0.3,-0.112,False,False,-0.008,0.141,43.628,1252,1.75,,,,,0,False,False,1.017,False,8.98,5.99,20.0,
200.35,26030,806.842,-402.349,-0.006,5.589,30.0,1816,-1,6.55,True,86,True,False,0.0,0.3,-0.075,False,False,-0.1,0.234,43.206,1252,1.75,,,,,0,False,False,1.203,False,8.7,5.86,20.0,
200.4,26031,807.044,-402.168,-0.006,5.34,30.0,1822,-1,7.36,True,86,True,True,0.0,0.152,-0.051,False,False,-0.173,0.229,42.755,1252,1.75,,,,,0,False,False,0.571,False,8.43,5.79,20.0,
200.45,26032,807.241,-401.993,-0.005,5.247,30.0,1822,-1,7.62,True,86,True,True,0.743,0.0,-0.035,False,False,-0.209,0.178,42.435,1252,1.75,,,,,0,False,False,0.0,False,8.16,5.67,20.0,
200.5,26033,807.432,-401.823,-0.005,5.044,30.0,1822,-1,7.87,True,86,True,True,0.75,0.0,-0.034,False,False,-0.228,0.136,42.12,1252,1.75,,,,,0,False,False,0.0,False,7.91,5.62,20.0,
200.55,26034,807.622,-401.655,-0.005,5.089,30.0,1822,-1,8.07,True,86,True,True,0.75,0.0,-0.024,False,False,-0.2,0.099,41.908,1252,1.75,,,,,0,False,False,0.0,False,7.65,5.52,20.0,
200.6,26035,807.811,-401.488,-0.006,5.013,30.0,1822,-1,8.33,True,86,True,True,0.75,0.0,-0.024,False,False,-0.15,0.078,41.685,1252,1.75,,,,,0,False,False,0.0,False,7.4,5.54,20.0,
200.65,26036,807.997,-401.326,-0.006,4.768,30.0,1822,-1,8.57,True,86,True,True,0.75,0.0,-0.017,False,False,-0.141,0.056,41.551,1252,1.75,,,,,0,False,False,0.0,False,7.15,5.51,20.0,
200.7,26037,808.168,-401.177,-0.005,4.405,30.0,1822,-1,8.8,True,86,True,True,0.75,0.0,-0.018,False,False,-0.233,0.04,41.456,1252,1.75,,,,,0,False,False,0.0,False,6.93,5.38,20.0,
200.75,26038,808.328,-401.038,-0.005,4.185,30.0,1822,-1,9.01,True,86,True,True,0.75,0.0,-0.018,False,False,-0.304,0.032,41.364,1252,1.75,,,,,0,False,False,0.0,False,6.72,5.2,20.0,
200.8,26039,808.484,-400.904,-0.005,4.077,30.0,1822,-1,9.22,True,86,True,True,0.75,0.0,-0.015,False,False,-0.318,0.024,41.282,1252,1.75,,,,,0,False,False,0.0,False,6.51,5.09,20.0,
200.85,26040,808.638,-400.771,-0.005,4.05,30.0,1822,-1,9.42,True,86,True,True,0.75,0.0,-0.012,False,False,-0.277,0.017,41.211,1252,1.75,,,,,0,False,False,1.583,False,6.31,5.04,20.0,
200.9,26041,808.792,-400.637,-0.006,4.075,30.0,1822,-1,9.62,True,86,True,True,0.75,0.0,-0.011,False,False,-0.202,0.011,41.149,1252,1.75,,,,,0,False,False,1.448,False,6.1,5.03,20.0,
200.95,26042,808.948,-400.503,-0.006,4.132,30.0,1822,-1,9.83,True,86,True,True,0.75,0.0,-0.009,False,False,-0.115,0.007,41.095,1252,1.75,,,,,0,False,False,1.318,False,5.9,5.04,20.0,
201.0,26043,809.106,-400.366,-0.007,4.209,30.0,1822,-1,10.0,True,86,True,True,0.75,0.0,-0.008,False,False,-0.029,0.004,41.047,1252,1.75,,,,,0,False,False,1.184,False,5.69,5.07,20.0,
201.05,26044,809.268,-400.226,-0.008,4.297,30.0,1822,-1,10.18,True,86,True,True,0.75,0.0,-0.007,False,False,0.046,0.002,41.005,1252,1.75,,,,,0,False,False,1.054,False,5.47,5.1,20.0,
201.1,26045,809.433,-400.083,-0.008,4.393,30.0,1822,-1,10.4,True,86,True,True,0.75,0.0,-0.006,False,False,0.108,0.001,40.969,1252,1.75,,,,,0,False,False,0.927,False,5.26,5.15,20.0,
201.15,26046,809.602,-399.938,-0.009,4.493,30.0,1822,-1,10.62,True,86,True,True,0.75,0.0,-0.005,False,False,0.156,0.0,40.937,1252,1.75,,,,,0,False,False,0.797,False,5.03,5.2,20.0,
201.2,26047,809.777,-399.792,-0.009,4.584,30.0,1822,-1,10.85,True,86,True,True,0.75,0.0,-0.105,False,False,0.189,0.108,40.725,1252,5.26,,,,,0,False,False,0.671,False,8.32,5.25,20.0,
201.25,26048,809.958,-399.646,-0.009,4.689,30.0,1822,-1,11.08,True,86,True,True,0.75,0.0,-0.064,False,False,0.212,0.199,40.354,1252,5.26,,,,,0,False,False,0.553,False,8.09,5.29,20.0,
201.3,26049,810.143,-399.497,-0.009,4.796,30.0,1822,-1,11.32,True,86,True,True,0.75,0.0,-0.039,False,False,0.23,0.19,40.046,1252,5.26,,,,,0,False,False,0.433,False,7.85,5.34,20.0,
201.35,26050,810.332,-399.344,-0.009,4.902,30.0,1822,-1,11.56,True,86,True,True,0.75,0.0,-0.034,False,False,0.243,0.152,39.801,1252,5.26,,,,,0,False,False,0.0,False,7.61,5.4,20.0,
201.4,26051,810.526,-399.188,-0.009,5.007,30.0,1822,-1,11.81,True,86,True,True,0.75,0.0,-0.03,False,False,0.252,0.118,39.588,1252,5.26,,,,,0,False,False,0.0,False,7.36,5.45,20.0,
201.45,26052,810.724,-399.03,-0.009,5.112,30.0,1822,-1,12.06,True,86,True,True,0.75,0.0,-0.026,False,False,0.257,0.086,39.404,1252,5.26,,,,,0,False,False,0.0,False,7.11,5.5,20.0,
201.5,26053,810.925,-398.868,-0.009,5.201,30.0,1822,-1,12.32,True,86,True,True,0.75,0.0,-0.022,False,False,0.258,0.062,39.225,1252,5.26,,,,,0,False,False,0.0,False,6.85,5.56,20.0,
201.55,26054,811.128,-398.706,-0.009,5.184,30.0,1822,-1,12.58,True,86,True,True,0.75,0.0,-0.016,False,False,0.23,0.039,39.125,1252,5.26,,,,,0,False,False,0.0,False,6.59,5.6,20.0,
201.6,26055,811.33,-398.545,-0.009,5.167,30.0,1822,-1,12.84,True,86,True,True,0.75,0.0,-0.018,False,False,0.184,0.031,38.956,1252,5.26,,,,,0,False,False,0.0,False,6.33,5.59,20.0,
201.65,26056,811.531,-398.384,-0.008,5.169,30.0,1822,-1,13.1,True,86,True,True,0.75,0.0,-0.008,False,False,0.145,0.015,38.899,1252,5.26,,,,,0,False,False,0.0,False,6.08,5.58,20.0,
201.7,26057,811.733,-398.223,-0.008,5.185,30.0,1822,-1,13.36,True,86,True,True,0.75,0.0,-0.014,False,False,0.122,0.014,38.767,1252,5.26,,,,,0,False,False,0.0,False,5.82,5.58,20.0,
201.75,26058,811.937,-398.061,-0.008,5.216,30.0,1817,-1,8.61,True,86,True,False,0.75,0.0,-0.005,False,False,0.113,0.005,38.74,1252,5.26,,,,,0,False,False,0.0,False,5.56,5.59,20.0,
201.8,26059,812.142,-397.902,-0.008,5.203,30.0,1817,-1,8.83,True,86,True,False,0.75,0.0,-0.105,False,False,0.101,0.102,38.494,1252,8.76,,,,,0,False,False,0.0,False,8.78,5.61,20.0,
201.85,26060,812.349,-397.744,-0.008,5.197,30.0,1817,-1,9.21,True,86,True,False,0.75,0.0,-0.029,False,False,0.088,0.144,38.24,1252,8.76,,,,,0,False,False,0.0,False,8.52,5.6,20.0,
201.9,26061,812.562,-397.581,-0.008,5.554,30.0,1252,-1,0.57,False,-1,True,True,0.75,0.0,-0.019,False,False,0.148,0.113,38.026,1252,8.76,,,,,0,False,False,0.0,False,8.26,5.6,20.0,
201.95,26062,812.794,-397.403,-0.01,5.979,30.0,1252,-1,0.86,False,-1,True,True,0.038,0.0,-0.015,False,False,0.308,0.082,37.894,1252,8.76,,,,,0,False,False,0.0,False,7.96,5.78,20.0,
202.0,26063,813.039,-397.216,-0.011,6.232,30.0,1252,-1,1.17,False,-1,True,True,0.0,0.3,-0.017,False,False,0.426,0.067,37.737,1252,8.76,,,,,0,False,False,0.0,False,7.65,5.99,20.0,
202.05,26064,813.289,-397.025,-0.011,6.286,30.0,1252,-1,1.48,False,-1,True,True,0.0,0.3,-0.01,False,False,0.439,0.046,37.644,1252,8.76,,,,,0,False,False,0.0,False,7.34,6.12,20.0,
202.1,26065,813.536,-396.836,-0.01,6.202,30.0,1252,-1,1.79,False,-1,True,True,0.0,0.3,-0.011,False,False,0.36,0.035,37.512,1252,8.76,,,,,0,False,False,0.0,False,7.03,6.14,20.0,
202.15,26066,813.779,-396.651,-0.009,6.074,30.0,1252,-1,2.05,False,-1,True,True,0.0,0.3,-0.005,False,False,0.241,0.019,37.474,1252,8.76,,,,,0,False,False,0.0,False,6.72,6.1,20.0,
202.2,26067,814.016,-396.471,-0.008,5.916,30.0,1252,-1,2.34,False,-1,True,True,0.0,0.3,-0.01,False,False,0.118,0.017,37.37,1252,8.76,,,,,0,False,False,0.0,False,6.43,6.04,20.0,
202.25,26068,814.247,-396.296,-0.007,5.738,30.0,1252,-1,2.63,False,-1,True,True,0.0,0.3,-0.002,False,False,0.007,0.008,37.357,1252,8.76,,,,,0,False,False,0.0,False,6.14,5.96,20.0,
202.3,26069,814.47,-396.126,-0.006,5.545,30.0,1252,-1,2.91,False,-1,True,True,0.0,0.3,-0.008,False,False,-0.085,0.01,37.273,1252,8.76,,,,,0,False,False,0.0,False,5.86,5.87,20.0,
202.35,26070,814.686,-395.962,-0.006,5.376,30.0,1252,-1,3.18,False,-1,True,True,0.01,0.0,-0.0,False,False,-0.153,0.003,37.281,1252,8.76,,,,,0,False,False,0.0,False,5.59,5.77,20.0,
202.4,26071,814.898,-395.805,-0.005,5.222,30.0,1252,-1,3.45,False,-1,True,True,0.618,0.0,-0.07,False,False,-0.191,0.082,37.093,1252,12.26,,,,,0,False,False,0.0,False,8.82,5.69,20.0,
202.45,26072,815.104,-395.652,-0.005,5.089,30.0,1252,-1,3.71,False,-1,True,True,0.75,0.0,-0.008,False,False,-0.208,0.087,36.965,1252,12.26,,,,,0,False,False,0.0,False,8.57,5.61,20.0,
202.5,26073,815.307,-395.501,-0.005,5.044,30.0,1252,-1,3.96,False,-1,True,True,0.75,0.0,-0.007,False,False,-0.194,0.053,36.814,1252,12.26,,,,,0,False,False,0.0,False,8.32,5.54,20.0,
202.55,26074,815.509,-395.351,-0.006,5.04,30.0,1252,-1,4.21,False,-1,True,True,0.75,0.0,-0.001,False,False,-0.145,0.024,36.797,1252,12.26,,,,,0,False,False,0.0,False,8.06,5.52,20.0,
202.6,26075,815.709,-395.202,-0.006,4.854,30.0,1252,-1,4.46,False,-1,True,True,0.75,0.0,-0.01,False,False,-0.119,0.018,36.728,1252,12.26,,,,,0,False,False,0.0,False,7.81,5.52,20.0,
202.65,26076,815.894,-395.065,-0.006,4.475,30.0,1252,-1,4.69,False,-1,True,True,0.75,0.0,-0.004,False,False,-0.201,0.011,36.709,1252,12.26,,,,,0,False,False,0.0,False,7.58,5.43,20.0,
202.7,26077,816.067,-394.937,-0.005,4.239,30.0,1252,-1,4.9,False,-1,True,True,0.75,0.0,-0.007,False,False,-0.278,0.009,36.681,1252,12.26,,,,,0,False,False,0.0,False,7.37,5.24,20.0,
202.75,26078,816.234,-394.813,-0.005,4.12,30.0,1252,-1,5.11,False,-1,True,True,0.75,0.0,-0.005,False,False,-0.302,0.007,36.652,1252,12.26,,,,,0,False,False,0.0,False,7.16,5.12,20.0,
202.8,26079,816.399,-394.691,-0.005,4.085,30.0,1252,-1,5.32,False,-1,True,True,0.75,0.0,-0.004,False,False,-0.271,0.004,36.627,1252,12.26,,,,,0,False,False,0.0,False,6.96,5.06,20.0,
202.85,26080,816.564,-394.569,-0.006,4.104,30.0,1252,-1,5.52,False,-1,True,True,0.75,0.0,-0.004,False,False,-0.203,0.002,36.606,1252,12.26,,,,,0,False,False,0.0,False,6.75,5.04,20.0,
202.9,26081,816.731,-394.446,-0.006,4.158,30.0,1252,-1,5.73,False,-1,True,True,0.75,0.0,-0.003,False,False,-0.119,0.001,36.587,1252,12.26,,,,,0,False,False,0.0,False,6.54,5.05,20.0,
202.95,26082,816.9,-394.32,-0.007,4.232,30.0,1252,-1,5.94,False,-1,True,True,0.75,0.0,-0.003,False,False,-0.035,0.0,36.571,1252,12.26,,,,,0,False,False,0.0,False,6.33,5.08,20.0,
203.0,26083,817.073,-394.193,-0.008,4.319,30.0,1252,-1,6.16,False,-1,True,True,0.75,0.0,-0.002,False,False,0.04,0.0,36.557,1252,12.26,,,,,0,False,False,0.0,False,6.12,5.12,20.0,
203.05,26084,817.249,-394.062,-0.008,4.413,30.0,1252,-1,6.37,False,-1,True,True,0.75,0.0,-0.002,False,False,0.102,-0.0,36.544,1252,12.26,,,,,0,False,False,0.0,False,5.9,5.16,20.0,
203.1,26085,817.429,-393.929,-0.009,4.513,30.0,1252,-1,6.6,False,-1,True,True,0.75,0.0,-0.002,False,False,0.151,-0.0,36.533,1252,12.26,,,,,0,False,False,0.0,False,5.67,5.21,20.0,
203.15,26086,817.614,-393.793,-0.009,4.615,30.0,1252,-1,6.83,False,-1,True,True,0.75,0.0,-0.001,False,False,0.187,-0.0,36.523,1252,12.26,,,,,0,False,False,0.0,False,5.44,5.26,20.0,
203.2,26087,817.802,-393.654,-0.009,4.719,30.0,1252,-1,7.06,False,-1,True,True,0.75,0.0,-0.001,False,False,0.214,-0.0,36.515,1252,12.26,,,,,0,False,False,0.0,False,5.21,5.31,20.0,
203.25,26088,817.995,-393.514,-0.009,4.82,30.0,1252,-1,7.3,False,-1,True,True,0.75,0.0,-0.04,False,False,0.231,0.06,36.4,1252,15.77,,,,,0,False,False,0.0,False,8.48,5.36,20.0,
203.3,26089,818.193,-393.37,-0.009,4.924,30.0,1252,-1,7.54,False,-1,True,True,0.75,0.0,-0.002,False,False,0.243,0.055,36.306,1252,15.77,,,,,0,False,False,0.0,False,8.23,5.41,20.0,
203.35,26090,818.394,-393.223,-0.009,5.029,30.0,1252,-1,7.79,False,-1,True,True,0.75,0.0,-0.002,False,False,0.251,0.028,36.269,1252,15.77,,,,,0,False,False,0.0,False,7.98,5.46,20.0,
203.4,26091,818.6,-393.073,-0.009,5.13,30.0,1252,-1,8.05,False,-1,True,True,0.75,0.0,-0.003,False,False,0.257,0.013,36.244,1252,15.77,,,,,0,False,False,0.0,False,7.73,5.51,20.0,
203.45,26092,818.81,-392.919,-0.009,5.269,30.0,1252,-1,8.31,False,-1,True,True,0.75,0.0,-0.004,False,False,0.261,0.007,36.221,1252,15.77,,,,,0,False,False,0.0,False,7.47,5.57,20.0,
203.5,26093,819.022,-392.764,-0.009,5.247,30.0,1252,-1,8.57,False,-1,True,True,0.75,0.0,-0.003,False,False,0.248,0.004,36.183,1252,15.77,,,,,0,False,False,0.0,False,7.2,5.63,20.0,
203.55,26094,819.235,-392.609,-0.009,5.296,30.0,1252,-1,8.84,False,-1,True,True,0.75,0.0,-0.001,False,False,0.213,-0.001,36.191,1252,15.77,,,,,0,False,False,0.0,False,6.94,5.62,20.0,
203.6,26095,819.447,-392.454,-0.008,5.22,30.0,1252,-1,9.1,False,-1,True,True,0.75,0.0,-0.004,False,False,0.166,0.002,36.139,1252,15.77,,,,,0,False,False,0.0,False,6.68,5.65,20.0,
203.65,26096,819.659,-392.299,-0.008,5.301,30.0,1252,-1,9.36,False,-1,True,True,0.75,0.0,0.002,False,False,0.139,-0.003,36.149,1252,15.77,,,,,0,False,False,0.0,False,6.42,5.61,20.0,
203.7,26097,819.872,-392.144,-0.008,5.256,30.0,1252,-1,9.62,False,-1,True,True,0.75,0.0,-0.003,False,False,0.119,0.0,36.105,1252,15.77,,,,,0,False,False,0.0,False,6.15,5.65,20.0,
203.75,26098,820.086,-391.988,-0.008,5.322,30.0,1252,-1,9.89,False,-1,True,True,0.75,0.0,0.002,False,False,0.109,-0.003,36.12,1252,15.77,,,,,0,False,False,0.0,False,5.89,5.63,20.0,
203.8,26099,820.299,-391.832,-0.008,5.248,30.0,1252,-1,10.15,False,-1,True,True,0.75,0.0,-0.003,False,False,0.092,0.001,36.084,1252,15.77,,,,,0,False,False,0.0,False,5.62,5.66,20.0,
203.85,26100,820.52,-391.672,-0.008,5.672,30.0,1252,-1,10.43,False,-1,True,True,0.75,0.0,-0.02,False,False,0.154,0.038,36.003,1252,19.27,,,,,0,False,False,0.0,False,8.85,5.62,20.0,
203.9,26101,820.76,-391.5,-0.01,6.026,30.0,1252,-1,10.72,False,-1,True,True,0.75,0.0,-0.02,False,False,0.307,0.076,35.859,1252,19.27,,,,,0,False,False,0.0,False,8.56,5.84,20.0,
203.95,26102,821.015,-391.316,-0.011,6.41,30.0,1252,-1,11.04,False,-1,True,True,0.0,0.3,0.011,False,False,0.441,0.034,35.804,1252,19.27,,,,,0,False,False,0.0,False,8.24,6.01,20.0,
204.0,26103,821.278,-391.126,-0.011,6.492,30.0,1252,-1,11.36,False,-1,True,True,0.0,0.3,0.006,False,False,0.481,-0.004,35.822,1252,19.27,,,,,0,False,False,0.0,False,7.92,6.21,20.0,
204.05,26104,821.543,-390.934,-0.011,6.566,30.0,1252,-1,11.69,False,-1,True,True,0.0,0.3,0.0,False,False,0.441,-0.01,35.841,1252,19.27,,,,,0,False,False,0.0,False,7.59,6.25,20.0,
204.1,26105,821.804,-390.745,-0.01,6.417,30.0,1252,-1,12.01,False,-1,True,True,0.0,0.3,-0.0,False,False,0.335,-0.005,35.839,1252,19.27,,,,,0,False,False,0.0,False,7.27,6.28,20.0,
204.15,26106,822.062,-390.559,-0.009,6.325,30.0,1252,-1,12.33,False,-1,True,True,0.0,0.3,0.001,False,False,0.21,-0.005,35.867,1252,19.27,,,,,0,False,False,0.0,False,6.95,6.21,20.0,
204.2,26107,822.311,-390.378,-0.008,6.091,30.0,1252,-1,12.63,False,-1,True,True,0.0,0.3,-0.001,False,False,0.079,-0.0,35.846,1252,19.27,,,,,0,False,False,0.0,False,6.64,6.16,20.0,
204.25,26108,822.554,-390.203,-0.007,5.956,30.0,1252,-1,12.93,False,-1,True,True,0.0,0.3,0.003,False,False,-0.029,-0.003,35.875,1252,19.27,,,,,0,False,False,0.0,False,6.35,6.05,20.0,
204.3,26109,822.788,-390.034,-0.006,5.69,30.0,1252,-1,13.22,False,-1,True,True,0.0,0.3,-0.002,False,False,-0.123,0.0,35.853,1252,19.27,,,,,0,False,False,0.0,False,6.06,5.98,20.0,
204.35,26110,823.015,-389.87,-0.005,5.54,30.0,1252,-1,13.5,False,-1,True,True,0.0,0.3,0.002,False,False,-0.19,-0.002,35.883,1252,19.27,,,,,0,False,False,0.0,False,5.78,5.85,20.0,
204.4,26111,823.232,-389.712,-0.005,5.293,30.0,1252,-1,13.77,False,-1,True,True,0.003,0.0,-0.002,False,False,-0.24,0.001,35.855,1252,19.27,,,,,0,False,False,0.0,False,5.51,5.77,20.0,
204.45,26112,823.447,-389.559,-0.005,5.296,30.0,1252,-1,14.04,False,-1,True,True,0.75,0.0,-0.011,False,False,-0.238,0.019,35.852,1252,22.78,,,,,0,False,False,0.0,False,8.75,5.65,20.0,
204.5,26113,823.66,-389.405,-0.005,5.223,30.0,1252,-1,14.3,False,-1,True,True,0.75,0.0,-0.003,False,False,-0.191,0.021,35.793,1252,22.78,,,,,0,False,False,0.0,False,8.49,5.65,20.0,
204.55,26114,823.871,-389.253,-0.006,5.082,30.0,1252,-1,14.56,False,-1,True,True,0.75,0.0,0.003,False,False,-0.157,0.008,35.785,1252,22.78,,,,,0,False,False,0.0,False,8.23,5.61,20.0,
204.6,26115,824.063,-389.114,-0.005,4.592,30.0,1252,-1,14.8,False,-1,True,True,0.75,0.0,-0.001,False,False,-0.255,0.003,35.675,1252,22.78,,,,,0,False,False,0.0,False,7.99,5.54,20.0,
204.65,26116,824.24,-388.986,-0.004,4.283,30.0,1252,-1,15.01,False,-1,True,True,0.75,0.0,0.009,False,False,-0.353,-0.008,35.665,1252,22.78,,,,,0,False,False,0.0,False,7.77,5.3,20.0,
204.7,26117,824.409,-388.864,-0.004,4.107,30.0,1252,-1,15.22,False,-1,True,True,0.75,0.0,0.003,False,False,-0.393,-0.008,35.68,1252,22.78,,,,,0,False,False,0.0,False,7.56,5.14,20.0,
204.75,26118,824.574,-388.745,-0.004,4.032,30.0,1252,-1,15.43,False,-1,True,True,0.75,0.0,0.001,False,False,-0.368,-0.001,35.688,1252,22.78,,,,,0,False,False,0.0,False,7.36,5.05,20.0,
204.8,26119,824.738,-388.627,-0.005,4.027,30.0,1252,-1,15.63,False,-1,True,True,0.75,0.0,0.001,False,False,-0.296,0.003,35.693,1252,22.78,,,,,0,False,False,0.0,False,7.16,5.02,20.0,
204.85,26120,824.903,-388.509,-0.006,4.066,30.0,1252,-1,15.83,False,-1,True,True,0.75,0.0,0.001,False,False,-0.201,0.004,35.698,1252,22.78,,,,,0,False,False,0.0,False,6.95,5.01,20.0,
204.9,26121,825.07,-388.388,-0.006,4.132,30.0,1252,-1,16.04,False,-1,True,True,0.75,0.0,0.001,False,False,-0.103,0.004,35.703,1252,22.78,,,,,0,False,False,0.0,False,6.75,5.03,20.0,
204.95,26122,825.24,-388.266,-0.007,4.214,30.0,1252,-1,16.25,False,-1,True,True,0.75,0.0,0.001,False,False,-0.013,0.003,35.707,1252,22.78,,,,,0,False,False,0.0,False,6.54,5.07,20.0,
205.0,26123,825.414,-388.141,-0.008,4.306,30.0,1252,-1,16.46,False,-1,True,True,0.75,0.0,0.001,False,False,0.063,0.002,35.711,1252,22.78,,,,,0,False,False,0.0,False,6.32,5.11,20.0,
205.05,26124,825.591,-388.013,-0.008,4.404,30.0,1252,-1,16.68,False,-1,True,True,0.75,0.0,0.0,False,False,0.123,0.002,35.714,1252,22.78,,,,,0,False,False,0.0,False,6.1,5.15,20.0,
205.1,26125,825.773,-387.882,-0.009,4.506,30.0,1252,-1,16.9,False,-1,True,True,0.75,0.0,0.0,False,False,0.168,0.001,35.716,1252,22.78,,,,,0,False,False,0.0,False,5.88,5.2,20.0,
205.15,26126,825.959,-387.749,-0.009,4.609,30.0,1252,-1,17.13,False,-1,True,True,0.75,0.0,0.0,False,False,0.201,0.001,35.719,1252,22.78,,,,,0,False,False,0.0,False,5.65,5.25,20.0,
205.2,26127,826.148,-387.612,-0.009,4.714,30.0,1252,-1,17.37,False,-1,True,True,0.75,0.0,0.0,False,False,0.224,0.001,35.721,1252,22.78,,,,,0,False,False,0.0,False,5.42,5.3,20.0,
205.25,26128,826.342,-387.473,-0.009,4.819,30.0,1252,-1,17.6,False,-1,True,True,0.75,0.0,0.0,False,False,0.24,0.0,35.723,1252,22.78,,,,,0,False,False,0.0,False,5.18,5.36,20.0,
205.3,26129,826.541,-387.331,-0.009,4.923,30.0,1252,-1,17.85,False,-1,True,True,0.75,0.0,-0.008,False,False,0.25,0.015,35.698,1252,26.28,,,,,0,False,False,0.0,False,8.44,5.41,20.0,
205.35,26130,826.744,-387.185,-0.009,5.027,30.0,1252,-1,18.1,False,-1,True,True,0.75,0.0,0.0,False,False,0.256,0.012,35.681,1252,26.28,,,,,0,False,False,0.0,False,8.19,5.46,20.0,
205.4,26131,826.95,-387.037,-0.009,5.129,30.0,1252,-1,18.35,False,-1,True,True,0.75,0.0,0.0,False,False,0.259,0.005,35.677,1252,26.28,,,,,0,False,False,0.0,False,7.94,5.51,20.0,
205.45,26132,827.161,-386.886,-0.009,5.267,30.0,1252,-1,18.61,False,-1,True,True,0.75,0.0,-0.001,False,False,0.262,0.002,35.675,1252,26.28,,,,,0,False,False,0.0,False,7.68,5.56,20.0,
205.5,26133,827.376,-386.732,-0.009,5.286,30.0,1252,-1,18.88,False,-1,True,True,0.75,0.0,-0.001,False,False,0.256,0.002,35.662,1252,26.28,,,,,0,False,False,0.0,False,7.41,5.63,20.0,
205.55,26134,827.592,-386.577,-0.009,5.344,30.0,1252,-1,19.14,False,-1,True,True,0.75,0.0,0.0,False,False,0.232,-0.0,35.679,1252,26.28,,,,,0,False,False,0.0,False,7.15,5.64,20.0,
205.6,26135,827.807,-386.422,-0.009,5.263,30.0,1252,-1,19.41,False,-1,True,True,0.75,0.0,-0.002,False,False,0.184,0.002,35.641,1252,26.28,,,,,0,False,False,0.0,False,6.88,5.67,20.0,
205.65,26136,828.022,-386.268,-0.008,5.339,30.0,1252,-1,19.67,False,-1,True,True,0.75,0.0,0.003,False,False,0.151,-0.003,35.662,1252,26.28,,,,,0,False,False,0.0,False,6.62,5.63,20.0,
205.7,26137,828.237,-386.113,-0.008,5.289,30.0,1252,-1,19.94,False,-1,True,True,0.75,0.0,-0.002,False,False,0.125,0.0,35.627,1252,26.28,,,,,0,False,False,0.0,False,6.35,5.67,20.0,
205.75,26138,828.454,-385.958,-0.008,5.361,30.0,1252,-1,20.2,False,-1,True,True,0.75,0.0,0.003,False,False,0.114,-0.003,35.654,1252,26.28,,,,,0,False,False,0.0,False,6.08,5.64,20.0,
205.8,26139,828.67,-385.803,-0.008,5.287,30.0,1252,-1,20.47,False,-1,True,True,0.732,0.0,-0.002,False,False,0.095,0.001,35.626,1252,26.28,,,,,0,False,False,0.0,False,5.82,5.68,20.0,
205.85,26140,828.89,-385.645,-0.008,5.612,30.0,1252,-1,20.74,False,-1,True,True,0.75,0.0,0.002,False,False,0.129,-0.002,35.661,1252,26.28,,,,,0,False,False,0.0,False,5.55,5.64,20.0,
205.9,26141,829.128,-385.475,-0.009,5.951,30.0,1252,-1,21.03,False,-1,True,True,0.0,0.183,-0.008,False,False,0.269,0.013,35.663,1860,1.84,,,,,0,False,False,0.0,False,8.84,5.81,20.0,
205.95,26142,829.379,-385.295,-0.01,6.257,30.0,1252,-1,21.34,False,-1,True,True,0.0,0.3,-0.002,False,False,0.384,0.015,35.645,1860,1.84,,,,,0,False,False,0.0,False,8.53,5.98,20.0,
206.0,26143,829.634,-385.113,-0.011,6.258,30.0,1252,-1,21.65,False,-1,True,True,0.0,0.3,0.0,False,False,0.401,0.007,35.635,1860,1.84,,,,,0,False,False,0.0,False,8.22,6.13,20.0,
206.05,26144,829.889,-384.93,-0.01,6.278,30.0,1252,-1,21.97,False,-1,True,True,0.0,0.3,-0.0,False,False,0.346,0.002,35.629,1860,1.84,,,,,0,False,False,0.0,False,7.91,6.13,20.0,
206.1,26145,830.139,-384.751,-0.009,6.095,30.0,1252,-1,22.28,False,-1,True,True,0.0,0.3,-0.0,False,False,0.239,-0.0,35.636,1860,1.84,,,,,0,False,False,0.0,False,7.6,6.14,20.0,
206.15,26146,830.384,-384.576,-0.008,5.991,30.0,1252,-1,22.58,False,-1,True,True,0.0,0.3,-0.002,False,False,0.124,0.001,35.607,1860,1.84,,,,,0,False,False,0.0,False,7.3,6.05,20.0,
206.2,26147,830.62,-384.406,-0.007,5.745,30.0,1252,-1,22.87,False,-1,True,True,0.0,0.3,0.002,False,False,0.008,-0.004,35.631,1860,1.84,,,,,0,False,False,0.0,False,7.01,6.0,20.0,
206.25,26148,830.85,-384.242,-0.006,5.609,30.0,1252,-1,23.15,False,-1,True,True,0.0,0.3,-0.003,False,False,-0.084,-0.001,35.601,1860,1.84,,,,,0,False,False,0.0,False,6.73,5.87,20.0,
206.3,26149,831.071,-384.083,-0.006,5.351,30.0,1252,-1,23.42,False,-1,True,True,0.0,0.225,0.002,False,False,-0.161,-0.003,35.628,1860,1.84,,,,,0,False,False,0.0,False,6.45,5.8,20.0,
206.35,26150,831.286,-383.93,-0.005,5.249,30.0,1252,-1,23.69,False,-1,True,True,0.704,0.0,-0.003,False,False,-0.205,0.001,35.601,1860,1.84,,,,,0,False,False,0.0,False,6.19,5.68,20.0,
206.4,26151,831.494,-383.781,-0.005,5.048,30.0,1252,-1,23.94,False,-1,True,True,0.75,0.0,0.002,False,False,-0.227,-0.001,35.636,1860,1.84,,,,,0,False,False,0.0,False,5.93,5.62,20.0,
206.45,26152,831.699,-383.634,-0.005,5.039,30.0,1252,-1,24.19,False,-1,True,True,0.75,0.0,-0.003,False,False,-0.214,0.004,35.642,1860,1.84,,,,,0,False,False,0.0,False,5.68,5.52,20.0,
206.5,26153,831.904,-383.488,-0.006,4.94,30.0,1252,-1,24.45,False,-1,True,True,0.75,0.0,-0.002,False,False,-0.164,0.004,35.648,1860,1.84,,,,,0,False,False,0.0,False,5.43,5.52,20.0,
206.55,26154,832.108,-383.342,-0.006,4.936,30.0,1252,-1,24.7,False,-1,True,True,0.75,0.0,-0.003,False,False,-0.113,0.006,35.631,1860,5.51,,,,,0,False,False,0.0,False,8.85,5.47,20.0,
206.6,26155,832.297,-383.207,-0.006,4.513,30.0,1252,-1,24.93,False,-1,True,True,0.75,0.0,0.0,False,False,-0.185,0.003,35.596,1860,5.51,,,,,0,False,False,0.0,False,8.62,5.47,20.0,
206.65,26156,832.473,-383.08,-0.005,4.26,30.0,1252,-1,25.15,False,-1,True,True,0.75,0.0,0.002,False,False,-0.267,-0.003,35.592,1860,5.51,,,,,0,False,False,0.0,False,8.4,5.26,20.0,
206.7,26157,832.642,-382.959,-0.005,4.126,30.0,1252,-1,25.35,False,-1,True,True,0.75,0.0,0.0,False,False,-0.3,-0.004,35.594,1860,5.51,,,,,0,False,False,0.0,False,8.19,5.13,20.0,
206.75,26158,832.809,-382.84,-0.005,4.082,30.0,1252,-1,25.56,False,-1,True,True,0.75,0.0,-0.0,False,False,-0.276,-0.002,35.594,1860,5.51,,,,,0,False,False,0.0,False,7.99,5.06,20.0,
206.8,26159,832.975,-382.721,-0.005,4.095,30.0,1252,-1,25.76,False,-1,True,True,0.75,0.0,-0.0,False,False,-0.212,-0.001,35.593,1860,5.51,,,,,0,False,False,0.0,False,7.78,5.04,20.0,
206.85,26160,833.144,-382.6,-0.006,4.145,30.0,1252,-1,25.97,False,-1,True,True,0.75,0.0,-0.0,False,False,-0.13,-0.0,35.593,1860,5.51,,,,,0,False,False,0.0,False,7.58,5.05,20.0,
206.9,26161,833.314,-382.478,-0.007,4.217,30.0,1252,-1,26.18,False,-1,True,True,0.75,0.0,-0.0,False,False,-0.046,-0.0,35.593,1860,5.51,,,,,0,False,False,0.0,False,7.37,5.07,20.0,
206.95,26162,833.489,-382.353,-0.008,4.303,30.0,1252,-1,26.39,False,-1,True,True,0.75,0.0,-0.0,False,False,0.031,0.0,35.593,1860,5.51,,,,,0,False,False,0.0,False,7.15,5.11,20.0,
207.0,26163,833.666,-382.226,-0.008,4.397,30.0,1252,-1,26.61,False,-1,True,True,0.75,0.0,0.0,False,False,0.095,0.0,35.592,1860,5.51,,,,,0,False,False,0.0,False,6.93,5.15,20.0,
207.05,26164,833.848,-382.096,-0.009,4.495,30.0,1252,-1,26.84,False,-1,True,True,0.75,0.0,0.0,False,False,0.145,-0.0,35.593,1860,5.51,,,,,0,False,False,0.0,False,6.71,5.2,20.0,
207.1,26165,834.033,-381.963,-0.009,4.597,30.0,1252,-1,27.06,False,-1,True,True,0.75,0.0,0.0,False,False,0.183,-0.0,35.593,1860,5.51,,,,,0,False,False,0.0,False,6.48,5.25,20.0,
207.15,26166,834.223,-381.828,-0.009,4.701,30.0,1252,-1,27.3,False,-1,True,True,0.75,0.0,-0.0,False,False,0.211,0.0,35.593,1860,5.51,,,,,0,False,False,0.0,False,6.25,5.3,20.0,
207.2,26167,834.417,-381.689,-0.009,4.805,30.0,1252,-1,27.54,False,-1,True,True,0.75,0.0,-0.0,False,False,0.23,0.0,35.593,1860,5.51,,,,,0,False,False,0.0,False,6.01,5.35,20.0,
207.25,26168,834.615,-381.547,-0.009,4.909,30.0,1252,-1,27.78,False,-1,True,True,0.75,0.0,-0.0,False,False,0.243,0.0,35.592,1860,5.51,,,,,0,False,False,0.0,False,5.77,5.4,20.0,
207.3,26169,834.817,-381.402,-0.009,5.013,30.0,1252,-1,28.03,False,-1,True,True,0.75,0.0,0.0,False,False,0.251,0.0,35.592,1860,5.51,,,,,0,False,False,0.0,False,5.52,5.45,20.0,
207.35,26170,835.023,-381.255,-0.009,5.118,30.0,1861,-1,0.24,True,83,True,False,0.75,0.0,-0.0,False,False,0.257,0.0,35.592,1860,5.51,,,,,0,False,False,0.0,False,5.26,5.51,20.0,
207.4,26171,835.234,-381.104,-0.009,5.177,30.0,1860,-1,0.5,True,83,True,True,0.75,0.0,0.003,False,False,0.257,-0.006,35.602,1860,9.18,,,,,0,False,False,0.0,False,8.68,5.56,20.0,
207.45,26172,835.448,-380.95,-0.009,5.351,30.0,1860,-1,0.77,True,83,True,True,0.75,0.0,-0.0,False,False,0.26,-0.004,35.603,1860,9.18,,,,,0,False,False,0.0,False,8.41,5.59,20.0,
207.5,26173,835.664,-380.796,-0.009,5.277,30.0,1860,-1,1.03,True,83,True,True,0.75,0.0,0.0,False,False,0.234,-0.002,35.627,1860,9.18,,,,,0,False,False,0.0,False,8.15,5.68,20.0,
207.55,26174,835.88,-380.641,-0.009,5.334,30.0,1860,-1,1.3,True,83,True,True,0.75,0.0,-0.002,False,False,0.194,0.002,35.604,1860,9.18,,,,,0,False,False,0.0,False,7.88,5.64,20.0,
207.6,26175,836.095,-380.487,-0.008,5.268,30.0,1860,-1,1.56,True,83,True,True,0.75,0.0,0.002,False,False,0.152,-0.001,35.64,1860,9.18,,,,,0,False,False,0.0,False,7.62,5.67,20.0,
207.65,26176,836.311,-380.333,-0.008,5.356,30.0,1860,-1,1.83,True,83,True,True,0.75,0.0,-0.003,False,False,0.131,0.003,35.618,1860,9.18,,,,,0,False,False,0.0,False,7.35,5.63,20.0,
207.7,26177,836.527,-380.178,-0.008,5.293,30.0,1860,-1,2.09,True,83,True,True,0.75,0.0,0.002,False,False,0.113,-0.0,35.648,1860,9.18,,,,,0,False,False,0.0,False,7.09,5.68,20.0,
207.75,26178,836.744,-380.023,-0.008,5.36,30.0,1860,-1,2.36,True,83,True,True,0.75,0.0,-0.003,False,False,0.102,0.002,35.618,1860,9.18,,,,,0,False,False,0.0,False,6.82,5.65,20.0,
207.8,26179,836.962,-379.867,-0.008,5.44,30.0,1860,-1,2.63,True,83,True,True,0.731,0.0,0.002,False,False,0.105,-0.002,35.62,1860,9.18,,,,,0,False,False,0.0,False,6.55,5.68,20.0,
207.85,26180,837.197,-379.698,-0.009,5.964,30.0,1860,-1,2.92,True,83,True,True,0.438,0.0,-0.0,False,False,0.245,-0.003,35.599,1860,9.18,,,,,0,False,False,0.0,False,6.26,5.72,20.0,
207.9,26181,837.446,-379.519,-0.01,6.184,30.0,1860,-1,3.22,True,83,True,True,0.0,0.3,0.002,False,False,0.373,-0.005,35.596,1860,9.18,,,,,0,False,False,0.0,False,5.96,5.98,20.0,
207.95,26182,837.702,-379.335,-0.011,6.352,30.0,1860,-1,3.54,True,83,True,True,0.0,0.3,0.008,False,False,0.418,-0.019,35.627,1860,12.86,,,,,0,False,False,0.0,False,9.31,6.09,20.0,
208.0,26183,837.957,-379.151,-0.01,6.259,30.0,1860,-1,3.85,True,83,True,True,0.0,0.3,0.008,False,False,0.369,-0.03,35.678,1860,12.86,,,,,0,False,False,0.0,False,8.99,6.18,20.0,
208.05,26184,838.21,-378.969,-0.009,6.212,30.0,1860,-1,4.16,True,83,True,True,0.0,0.3,-0.004,False,False,0.273,-0.012,35.712,1860,12.86,,,,,0,False,False,0.0,False,8.68,6.13,20.0,
208.1,26185,838.456,-378.792,-0.008,5.992,30.0,1860,-1,4.47,True,83,True,True,0.0,0.3,-0.003,False,False,0.149,0.005,35.683,1860,12.86,,,,,0,False,False,0.0,False,8.38,6.11,20.0,
208.15,26186,838.695,-378.62,-0.007,5.871,30.0,1860,-1,4.76,True,83,True,True,0.0,0.3,0.002,False,False,0.036,0.005,35.706,1860,12.86,,,,,0,False,False,0.0,False,8.09,6.0,20.0,
208.2,26187,838.927,-378.454,-0.006,5.615,30.0,1860,-1,5.05,True,83,True,True,0.0,0.3,-0.002,False,False,-0.068,0.007,35.677,1860,12.86,,,,,0,False,False,0.0,False,7.8,5.94,20.0,
208.25,26188,839.151,-378.293,-0.006,5.481,30.0,1860,-1,5.32,True,83,True,True,0.0,0.247,0.002,False,False,-0.143,0.003,35.704,1860,12.86,,,,,0,False,False,0.0,False,7.52,5.81,20.0,
208.3,26189,839.367,-378.138,-0.005,5.248,30.0,1860,-1,5.59,True,83,True,True,0.234,0.0,-0.002,False,False,-0.199,0.004,35.671,1860,12.86,,,,,0,False,False,0.0,False,7.26,5.74,20.0,
208.35,26190,839.579,-377.986,-0.005,5.177,30.0,1860,-1,5.85,True,83,True,True,0.75,0.0,0.003,False,False,-0.218,-0.001,35.692,1860,12.86,,,,,0,False,False,0.0,False,7.0,5.62,20.0,
208.4,26191,839.784,-377.838,-0.005,5.013,30.0,1860,-1,6.1,True,83,True,True,0.75,0.0,-0.002,False,False,-0.219,0.001,35.652,1860,12.86,,,,,0,False,False,0.0,False,6.74,5.59,20.0,
208.45,26192,839.99,-377.69,-0.006,5.085,30.0,1860,-1,6.36,True,83,True,True,0.75,0.0,0.004,False,False,-0.171,-0.004,35.673,1860,12.86,,,,,0,False,False,0.0,False,6.49,5.51,20.0,
208.5,26193,840.195,-377.543,-0.006,5.009,30.0,1860,-1,6.61,True,83,True,True,0.75,0.0,-0.001,False,False,-0.119,-0.001,35.643,1860,12.86,,,,,0,False,False,1.68,False,6.24,5.54,20.0,
208.55,26194,840.389,-377.403,-0.006,4.624,30.0,1860,-1,6.85,True,83,True,True,0.75,0.0,0.003,False,False,-0.163,-0.002,35.668,1860,12.86,,,,,0,False,False,1.563,False,6.0,5.5,20.0,
208.6,26195,840.569,-377.274,-0.005,4.34,30.0,1860,-1,7.07,True,83,True,True,0.75,0.0,-0.001,False,False,-0.249,0.001,35.676,1860,12.86,,,,,0,False,False,1.459,False,5.78,5.31,20.0,
208.65,26196,840.741,-377.151,-0.005,4.183,30.0,1854,-1,18.0,True,83,True,False,0.75,0.0,-0.001,False,False,-0.294,0.003,35.675,1860,12.86,,,,,0,False,False,1.366,False,5.57,5.17,20.0,
208.7,26197,840.909,-377.03,-0.005,4.122,30.0,1860,-1,7.49,True,83,True,True,0.75,0.0,0.0,False,False,-0.283,0.003,35.674,1860,12.86,,,,,0,False,False,1.275,False,5.36,5.09,20.0,
208.75,26198,841.076,-376.91,-0.005,4.124,30.0,1860,-1,7.69,True,83,True,True,0.75,0.0,0.0,False,False,-0.227,0.002,35.675,1860,12.86,,,,,0,False,False,1.19,False,5.15,5.06,20.0,
208.8,26199,841.245,-376.788,-0.006,4.167,30.0,1860,-1,7.9,True,83,True,True,0.75,0.0,-0.0,False,False,-0.148,0.001,35.675,1860,12.86,,,,,0,False,False,1.108,False,4.95,5.06,20.0,
208.85,26200,841.416,-376.665,-0.007,4.234,30.0,1860,-1,8.11,True,83,True,True,0.75,0.0,0.012,False,False,-0.063,-0.017,35.709,1860,16.53,,,,,0,False,False,1.026,False,8.41,5.08,20.0,
208.9,26201,841.591,-376.539,-0.007,4.317,30.0,1860,-1,8.33,True,83,True,True,0.75,0.0,0.0,False,False,0.015,-0.014,35.731,1860,16.53,,,,,0,False,False,0.947,False,8.19,5.12,20.0,
208.95,26202,841.768,-376.411,-0.008,4.408,30.0,1860,-1,8.55,True,83,True,True,0.75,0.0,0.0,False,False,0.082,-0.006,35.738,1860,16.53,,,,,0,False,False,0.0,False,7.97,5.16,20.0,
209.0,26203,841.95,-376.28,-0.008,4.506,30.0,1860,-1,8.77,True,83,True,True,0.75,0.0,0.001,False,False,0.135,-0.003,35.743,1860,16.53,,,,,0,False,False,0.0,False,7.75,5.2,20.0,
209.05,26204,842.136,-376.146,-0.009,4.607,30.0,1860,-1,9.0,True,83,True,True,0.75,0.0,0.001,False,False,0.175,-0.002,35.75,1860,16.53,,,,,0,False,False,0.0,False,7.52,5.25,20.0,
209.1,26205,842.325,-376.01,-0.009,4.71,30.0,1860,-1,9.23,True,83,True,True,0.75,0.0,0.001,False,False,0.205,-0.001,35.755,1860,16.53,,,,,0,False,False,0.0,False,7.29,5.3,20.0,
209.15,26206,842.519,-375.87,-0.009,4.814,30.0,1860,-1,9.47,True,83,True,True,0.75,0.0,0.001,False,False,0.226,-0.0,35.76,1860,16.53,,,,,0,False,False,0.0,False,7.05,5.36,20.0,
209.2,26207,842.717,-375.728,-0.009,4.918,30.0,1860,-1,9.72,True,83,True,True,0.75,0.0,0.001,False,False,0.24,-0.0,35.764,1860,16.53,,,,,0,False,False,0.0,False,6.8,5.41,20.0,
209.25,26208,842.919,-375.582,-0.009,5.022,30.0,1860,-1,9.96,True,83,True,True,0.75,0.0,0.0,False,False,0.249,0.0,35.768,1860,16.53,,,,,0,False,False,0.0,False,6.55,5.46,20.0,
209.3,26209,843.125,-375.433,-0.009,5.123,30.0,1860,-1,10.22,True,83,True,True,0.75,0.0,0.0,False,False,0.255,0.0,35.771,1860,16.53,,,,,0,False,False,1.724,False,6.3,5.51,20.0,
209.35,26210,843.336,-375.282,-0.009,5.261,30.0,1857,-1,4.25,True,83,True,False,0.75,0.0,0.0,False,False,0.26,0.0,35.774,1860,16.53,,,,,0,False,False,1.595,False,6.04,5.56,20.0,
209.4,26211,843.55,-375.127,-0.009,5.288,30.0,1860,-1,10.74,True,83,True,True,0.75,0.0,0.0,False,False,0.256,0.0,35.773,1860,16.53,,,,,0,False,False,1.471,False,5.78,5.63,20.0,
209.45,26212,843.767,-374.971,-0.009,5.382,30.0,1860,-1,11.01,True,83,True,True,0.75,0.0,0.0,False,False,0.245,-0.001,35.79,1860,16.53,,,,,0,False,False,1.352,False,5.51,5.64,20.0,
209.5,26213,843.983,-374.815,-0.009,5.294,30.0,1860,-1,11.28,True,83,True,True,0.677,0.0,0.006,False,False,0.199,-0.01,35.777,1860,20.2,,,,,0,False,False,1.237,False,8.92,5.69,20.0,
209.55,26214,844.198,-374.659,-0.008,5.357,30.0,1860,-1,11.54,True,83,True,True,0.75,0.0,0.004,False,False,0.16,-0.014,35.821,1860,20.2,,,,,0,False,False,1.13,False,8.65,5.65,20.0,
209.6,26215,844.414,-374.503,-0.008,5.298,30.0,1860,-1,11.81,True,83,True,True,0.75,0.0,-0.002,False,False,0.127,-0.005,35.797,1860,20.2,,,,,0,False,False,1.026,False,8.38,5.68,20.0,
209.65,26216,844.63,-374.346,-0.008,5.386,30.0,1860,-1,12.08,True,83,True,True,0.75,0.0,0.004,False,False,0.116,-0.006,35.827,1860,20.2,,,,,0,False,False,0.0,False,8.12,5.65,20.0,
209.7,26217,844.846,-374.19,-0.008,5.311,30.0,1860,-1,12.34,True,83,True,True,0.638,0.0,-0.001,False,False,0.098,-0.001,35.801,1860,20.2,,,,,0,False,False,0.0,False,7.85,5.69,20.0,
209.75,26218,845.063,-374.033,-0.008,5.378,30.0,1860,-1,12.61,True,83,True,True,0.75,0.0,0.004,False,False,0.09,-0.003,35.835,1860,20.2,,,,,0,False,False,0.0,False,7.58,5.66,20.0,
209.8,26219,845.29,-373.869,-0.009,5.743,30.0,1860,-1,12.89,True,83,True,True,0.662,0.0,-0.002,False,False,0.175,0.002,35.793,1860,20.2,,,,,0,False,False,0.0,False,7.3,5.69,20.0,
209.85,26220,845.535,-373.692,-0.01,6.173,30.0,1860,-1,13.19,True,83,True,True,0.0,0.3,0.005,False,False,0.328,-0.004,35.792,1860,20.2,,,,,0,False,False,0.0,False,7.0,5.87,20.0,
209.9,26221,845.788,-373.508,-0.011,6.276,30.0,1860,-1,13.51,True,83,True,True,0.0,0.3,0.002,False,False,0.405,-0.005,35.806,1860,20.2,,,,,0,False,False,0.0,False,6.69,6.09,20.0,
209.95,26222,846.045,-373.323,-0.011,6.37,30.0,1860,-1,13.82,True,83,True,True,0.0,0.3,0.0,False,False,0.398,-0.001,35.816,1860,20.2,,,,,0,False,False,0.0,False,6.37,6.14,20.0,
210.0,26223,846.3,-373.139,-0.01,6.229,30.0,1860,-1,14.14,True,83,True,True,0.0,0.3,0.0,False,False,0.316,0.002,35.82,1860,20.2,,,,,0,False,False,0.0,False,6.06,6.18,20.0,
210.05,26224,846.55,-372.958,-0.009,6.153,30.0,1860,-1,14.44,True,83,True,True,0.0,0.3,0.005,False,False,0.207,-0.005,35.852,1860,23.88,,,,,0,False,False,0.0,False,9.42,6.11,20.0,
210.1,26225,846.792,-372.782,-0.008,5.921,30.0,1860,-1,14.74,True,83,True,True,0.0,0.3,-0.001,False,False,0.084,-0.001,35.841,1860,23.88,,,,,0,False,False,0.0,False,9.12,6.08,20.0,
210.15,26226,847.028,-372.612,-0.007,5.79,30.0,1860,-1,15.04,True,83,True,True,0.0,0.3,0.002,False,False,-0.021,-0.001,35.876,1860,23.88,,,,,0,False,False,0.0,False,8.83,5.96,20.0,
210.2,26227,847.256,-372.447,-0.006,5.528,30.0,1860,-1,15.32,True,83,True,True,0.0,0.3,-0.002,False,False,-0.114,0.003,35.854,1860,23.88,,,,,0,False,False,0.0,False,8.55,5.9,20.0,
210.25,26228,847.476,-372.288,-0.006,5.416,30.0,1860,-1,15.59,True,83,True,True,0.065,0.0,0.003,False,False,-0.175,0.0,35.885,1860,23.88,,,,,0,False,False,0.0,False,8.28,5.76,20.0,
210.3,26229,847.69,-372.133,-0.005,5.203,30.0,1860,-1,15.85,True,83,True,True,0.465,0.0,-0.002,False,False,-0.211,0.001,35.854,1860,23.88,,,,,0,False,False,0.0,False,8.02,5.71,20.0,
210.35,26230,847.899,-371.982,-0.005,5.141,30.0,1860,-1,16.11,True,83,True,True,0.75,0.0,0.003,False,False,-0.217,-0.003,35.879,1860,23.88,,,,,0,False,False,0.0,False,7.76,5.6,20.0,
210.4,26231,848.105,-371.833,-0.005,5.048,30.0,1860,-1,16.36,True,83,True,True,0.75,0.0,-0.001,False,False,-0.195,-0.001,35.855,1860,23.88,,,,,0,False,False,0.0,False,7.5,5.57,20.0,
210.45,26232,848.312,-371.683,-0.006,5.117,30.0,1860,-1,16.62,True,83,True,True,0.75,0.0,0.003,False,False,-0.138,-0.003,35.89,1860,23.88,,,,,0,False,False,0.0,False,7.25,5.52,20.0,
210.5,26233,848.513,-371.538,-0.006,4.807,30.0,1860,-1,16.87,True,83,True,True,0.75,0.0,-0.002,False,False,-0.136,0.001,35.872,1860,23.88,,,,,0,False,False,0.0,False,7.0,5.56,20.0,
210.55,26234,848.698,-371.404,-0.005,4.453,30.0,1860,-1,17.1,True,83,True,True,0.75,0.0,0.002,False,False,-0.223,0.001,35.854,1860,23.88,,,,,0,False,False,0.0,False,6.77,5.4,20.0,
210.6,26235,848.872,-371.278,-0.005,4.239,30.0,1860,-1,17.31,True,83,True,True,0.75,0.0,0.002,False,False,-0.293,-0.001,35.856,1860,23.88,,,,,0,False,False,0.0,False,6.56,5.23,20.0,
210.65,26236,849.041,-371.155,-0.005,4.136,30.0,1860,-1,17.52,True,83,True,True,0.75,0.0,0.001,False,False,-0.305,-0.001,35.861,1860,23.88,,,,,0,False,False,0.0,False,6.35,5.12,20.0,
210.7,26237,849.208,-371.035,-0.005,4.111,30.0,1860,-1,17.73,True,83,True,True,0.75,0.0,0.0,False,False,-0.265,0.0,35.864,1860,23.88,,,,,0,False,False,0.0,False,6.14,5.07,20.0,
210.75,26238,849.375,-370.913,-0.006,4.137,30.0,1860,-1,17.93,True,83,True,True,0.75,0.0,0.001,False,False,-0.193,0.001,35.867,1860,23.88,,,,,0,False,False,0.0,False,5.93,5.06,20.0,
210.8,26239,849.545,-370.791,-0.006,4.195,30.0,1860,-1,18.14,True,83,True,True,0.75,0.0,0.0,False,False,-0.107,0.001,35.87,1860,23.88,,,,,0,False,False,0.0,False,5.73,5.07,20.0,
210.85,26240,849.717,-370.666,-0.007,4.271,30.0,1860,-1,18.35,True,83,True,True,0.75,0.0,0.0,False,False,-0.024,0.001,35.872,1860,23.88,,,,,0,False,False,0.0,False,5.51,5.1,20.0,
210.9,26241,849.893,-370.539,-0.008,4.359,30.0,1860,-1,18.57,True,83,True,True,0.75,0.0,0.0,False,False,0.05,0.001,35.874,1860,23.88,,,,,0,False,False,0.0,False,5.3,5.14,20.0,
210.95,26242,850.072,-370.409,-0.008,4.454,30.0,1860,-1,18.79,True,83,True,True,0.75,0.0,0.0,False,False,0.11,0.0,35.876,1860,23.88,,,,,0,False,False,0.0,False,5.07,5.18,20.0,
211.0,26243,850.255,-370.277,-0.009,4.554,30.0,1860,-1,19.02,True,83,True,True,0.75,0.0,0.0,False,False,0.157,0.0,35.878,1251,1.96,,,,,0,False,False,0.0,False,8.65,5.23,20.0,
211.05,26244,850.443,-370.141,-0.009,4.656,30.0,1860,-1,19.25,True,83,True,True,0.75,0.0,0.001,False,False,0.192,-0.001,35.881,1251,1.96,,,,,0,False,False,0.0,False,8.42,5.28,20.0,
211.1,26245,850.634,-370.003,-0.009,4.76,30.0,1860,-1,19.49,True,83,True,True,0.75,0.0,0.0,False,False,0.217,-0.001,35.884,1251,1.96,,,,,0,False,False,0.0,False,8.18,5.33,20.0,
211.15,26246,850.829,-369.861,-0.009,4.864,30.0,1860,-1,19.73,True,83,True,True,0.75,0.0,0.0,False,False,0.234,-0.001,35.887,1251,1.96,,,,,0,False,False,0.0,False,7.94,5.38,20.0,
211.2,26247,851.029,-369.717,-0.009,4.968,30.0,1860,-1,19.97,True,83,True,True,0.75,0.0,0.0,False,False,0.245,-0.001,35.889,1251,1.96,,,,,0,False,False,0.0,False,7.69,5.43,20.0,
211.25,26248,851.233,-369.569,-0.009,5.072,30.0,1860,-1,20.23,True,83,True,True,0.75,0.0,0.0,False,False,0.253,-0.001,35.891,1251,1.96,,,,,0,False,False,0.0,False,7.44,5.48,20.0,
211.3,26249,851.441,-369.419,-0.009,5.158,30.0,1860,-1,20.48,True,83,True,True,0.75,0.0,0.0,False,False,0.256,-0.001,35.893,1251,1.96,,,,,0,False,False,0.0,False,7.18,5.54,20.0,
211.35,26250,851.653,-369.265,-0.009,5.31,30.0,1860,-1,20.74,True,83,True,True,0.75,0.0,0.0,False,False,0.26,-0.0,35.894,1251,1.96,,,,,0,False,False,0.0,False,6.92,5.58,20.0,
211.4,26251,851.869,-369.109,-0.009,5.338,30.0,1860,-1,21.01,True,83,True,True,0.75,0.0,0.0,False,False,0.256,-0.0,35.897,1251,1.96,,,,,0,False,False,0.0,False,6.66,5.66,20.0,
211.45,26252,852.088,-368.95,-0.009,5.448,30.0,1860,-1,21.28,True,83,True,True,0.75,0.0,-0.0,False,False,0.249,0.0,35.884,1251,1.96,,,,,0,False,False,0.0,False,6.39,5.67,20.0,
211.5,26253,852.306,-368.793,-0.009,5.355,30.0,1860,-1,21.55,True,83,True,True,0.436,0.0,0.001,False,False,0.204,-0.002,35.919,1251,1.96,,,,,0,False,False,0.0,False,6.12,5.72,20.0,
211.55,26254,852.524,-368.635,-0.008,5.395,30.0,1860,-1,21.82,True,83,True,True,0.75,0.0,-0.003,False,False,0.16,0.003,35.895,1251,1.96,,,,,0,False,False,0.0,False,5.85,5.68,20.0,
211.6,26255,852.74,-368.479,-0.008,5.306,30.0,1860,-1,22.09,True,83,True,True,0.612,0.0,0.002,False,False,0.115,-0.0,35.93,1251,1.96,,,,,0,False,False,0.0,False,5.58,5.7,20.0,
211.65,26256,852.956,-368.322,-0.008,5.363,30.0,1860,-1,22.35,True,83,True,True,0.75,0.0,-0.003,False,False,0.09,0.003,35.907,1251,5.89,,,,,0,False,False,0.0,False,9.24,5.65,20.0,
211.7,26257,853.172,-368.167,-0.008,5.296,30.0,1860,-1,22.62,True,83,True,True,0.72,0.0,0.002,False,False,0.072,-0.001,35.94,1251,5.89,,,,,0,False,False,0.0,False,8.97,5.68,20.0,
211.75,26258,853.388,-368.01,-0.008,5.382,30.0,1860,-1,22.89,True,83,True,True,0.72,0.0,0.002,False,False,0.073,-0.005,35.929,1251,5.89,,,,,0,False,False,0.0,False,8.71,5.65,20.0,
211.8,26259,853.605,-367.853,-0.008,5.336,30.0,1860,-1,23.15,True,83,True,True,0.645,0.0,-0.0,False,False,0.075,-0.006,35.967,1251,5.89,,,,,0,False,False,0.0,False,8.44,5.69,20.0,
211.85,26260,853.823,-367.695,-0.008,5.406,30.0,1860,-1,23.42,True,83,True,True,0.75,0.0,-0.005,False,False,0.082,0.003,35.935,1251,5.89,,,,,0,False,False,0.0,False,8.17,5.67,20.0,
211.9,26261,854.04,-367.538,-0.008,5.333,30.0,1860,-1,23.69,True,83,True,True,0.554,0.0,0.001,False,False,0.075,0.001,35.957,1251,5.89,,,,,0,False,False,0.0,False,7.9,5.7,20.0,
211.95,26262,854.262,-367.377,-0.008,5.655,30.0,1860,-1,23.96,True,83,True,True,0.75,0.0,-0.003,False,False,0.116,0.004,35.917,1251,5.89,,,,,0,False,False,0.0,False,7.63,5.67,20.0,
212.0,26263,854.5,-367.204,-0.009,5.985,30.0,1860,-1,24.26,True,83,True,True,0.0,0.3,0.002,False,False,0.259,-0.002,35.896,1251,5.89,,,,,0,False,False,0.0,False,7.33,5.83,20.0,
212.05,26264,854.751,-367.022,-0.01,6.28,30.0,1860,-1,24.57,True,83,True,True,0.0,0.3,0.002,False,False,0.373,-0.006,35.897,1251,5.89,,,,,0,False,False,0.0,False,7.02,5.99,20.0,
212.1,26265,855.006,-366.838,-0.01,6.276,30.0,1860,-1,24.88,True,83,True,True,0.0,0.3,0.0,False,False,0.389,-0.003,35.9,1251,5.89,,,,,0,False,False,0.0,False,6.71,6.14,20.0,
212.15,26266,855.26,-366.654,-0.01,6.293,30.0,1860,-1,25.2,True,83,True,True,0.0,0.3,-0.0,False,False,0.335,-0.0,35.902,1251,5.89,,,,,0,False,False,0.0,False,6.39,6.14,20.0,
212.2,26267,855.51,-366.473,-0.009,6.107,30.0,1856,-1,19.66,True,83,True,False,0.0,0.3,-0.0,False,False,0.229,0.002,35.889,1251,5.89,,,,,0,False,False,0.0,False,6.09,6.15,20.0,
212.25,26268,855.754,-366.296,-0.008,6.001,30.0,1251,-1,0.1,False,-1,True,True,0.0,0.3,0.001,False,False,0.115,0.0,35.917,1251,5.89,,,,,0,False,False,0.0,False,5.78,6.05,20.0,
212.3,26269,855.99,-366.125,-0.007,5.755,30.0,1251,-1,0.39,False,-1,True,True,0.0,0.3,-0.005,False,False,0.001,0.01,35.882,1251,9.81,,,,,0,False,False,0.0,False,9.42,6.0,20.0,
212.35,26270,856.219,-365.96,-0.006,5.619,30.0,1251,-1,0.68,False,-1,True,True,0.0,0.3,0.002,False,False,-0.089,0.006,35.901,1251,9.81,,,,,0,False,False,0.0,False,9.14,5.88,20.0,
212.4,26271,856.44,-365.8,-0.006,5.355,30.0,1251,-1,0.95,False,-1,True,True,0.0,0.261,-0.002,False,False,-0.166,0.006,35.869,1251,9.81,,,,,0,False,False,0.0,False,8.87,5.81,20.0,
212.45,26272,856.654,-365.645,-0.005,5.25,30.0,1251,-1,1.21,False,-1,True,True,0.686,0.0,0.002,False,False,-0.21,0.0,35.894,1251,9.81,,,,,0,False,False,0.0,False,8.6,5.68,20.0,
212.5,26273,856.862,-365.495,-0.005,5.048,30.0,1251,-1,1.47,False,-1,True,True,0.75,0.0,-0.002,False,False,-0.232,0.001,35.857,1251,9.81,,,,,0,False,False,0.0,False,8.34,5.62,20.0,
212.55,26274,857.065,-365.347,-0.005,5.039,30.0,1251,-1,1.72,False,-1,True,True,0.75,0.0,0.003,False,False,-0.218,-0.003,35.848,1251,9.81,,,,,0,False,False,0.0,False,8.09,5.52,20.0,
212.6,26275,857.269,-365.2,-0.006,4.94,30.0,1251,-1,1.97,False,-1,True,True,0.75,0.0,0.001,False,False,-0.167,-0.004,35.841,1251,9.81,,,,,0,False,False,0.0,False,7.84,5.52,20.0,
212.65,26276,857.472,-365.053,-0.006,4.936,30.0,1251,-1,2.22,False,-1,True,True,0.75,0.0,0.001,False,False,-0.115,-0.003,35.852,1251,9.81,,,,,0,False,False,0.0,False,7.59,5.47,20.0,
212.7,26277,857.661,-364.916,-0.006,4.513,30.0,1251,-1,2.46,False,-1,True,True,0.75,0.0,-0.0,False,False,-0.186,-0.001,35.883,1251,9.81,,,,,0,False,False,0.0,False,7.36,5.47,20.0,
212.75,26278,857.837,-364.79,-0.005,4.26,30.0,1251,-1,2.67,False,-1,True,True,0.75,0.0,-0.002,False,False,-0.268,0.004,35.885,1251,9.81,,,,,0,False,False,0.0,False,7.14,5.26,20.0,
212.8,26279,858.005,-364.668,-0.005,4.126,30.0,1251,-1,2.88,False,-1,True,True,0.75,0.0,-0.0,False,False,-0.3,0.004,35.881,1251,9.81,,,,,0,False,False,0.0,False,6.93,5.13,20.0,
212.85,26280,858.171,-364.547,-0.005,4.082,30.0,1251,-1,3.09,False,-1,True,True,0.75,0.0,-0.0,False,False,-0.276,0.002,35.88,1251,9.81,,,,,0,False,False,0.0,False,6.73,5.06,20.0,
212.9,26281,858.337,-364.427,-0.005,4.095,30.0,1251,-1,3.29,False,-1,True,True,0.75,0.0,-0.0,False,False,-0.213,0.001,35.879,1251,9.81,,,,,0,False,False,0.0,False,6.52,5.04,20.0,
212.95,26282,858.505,-364.306,-0.006,4.145,30.0,1251,-1,3.5,False,-1,True,True,0.75,0.0,-0.0,False,False,-0.13,0.0,35.878,1251,9.81,,,,,0,False,False,0.0,False,6.32,5.05,20.0,
213.0,26283,858.675,-364.183,-0.007,4.217,30.0,1251,-1,3.71,False,-1,True,True,0.75,0.0,-0.0,False,False,-0.046,-0.0,35.878,1251,9.81,,,,,0,False,False,0.0,False,6.11,5.07,20.0,
213.05,26284,858.849,-364.058,-0.008,4.303,30.0,1251,-1,3.92,False,-1,True,True,0.75,0.0,-0.0,False,False,0.031,-0.0,35.877,1251,9.81,,,,,0,False,False,0.0,False,5.89,5.11,20.0,
213.1,26285,859.026,-363.93,-0.008,4.396,30.0,1251,-1,4.14,False,-1,True,True,0.75,0.0,-0.0,False,False,0.095,-0.0,35.877,1251,9.81,,,,,0,False,False,0.0,False,5.67,5.15,20.0,
213.15,26286,859.207,-363.799,-0.009,4.495,30.0,1251,-1,4.36,False,-1,True,True,0.75,0.0,-0.0,False,False,0.145,-0.0,35.876,1251,9.81,,,,,0,False,False,0.0,False,5.45,5.2,20.0,
213.2,26287,859.392,-363.665,-0.009,4.597,30.0,1251,-1,4.59,False,-1,True,True,0.75,0.0,0.0,False,False,0.183,-0.0,35.876,1251,9.81,,,,,0,False,False,0.0,False,5.22,5.25,20.0,
213.25,26288,859.581,-363.528,-0.009,4.701,30.0,1251,-1,4.83,False,-1,True,True,0.75,0.0,0.0,False,False,0.211,-0.0,35.876,1251,13.73,,,,,0,False,False,0.0,False,8.91,5.3,20.0,
213.3,26289,859.774,-363.389,-0.009,4.805,30.0,1251,-1,5.06,False,-1,True,True,0.75,0.0,-0.002,False,False,0.23,0.003,35.87,1251,13.73,,,,,0,False,False,0.0,False,8.68,5.35,20.0,
213.35,26290,859.971,-363.246,-0.009,4.909,30.0,1251,-1,5.31,False,-1,True,True,0.75,0.0,-0.001,False,False,0.243,0.004,35.863,1251,13.73,,,,,0,False,False,0.0,False,8.43,5.4,20.0,
213.4,26291,860.173,-363.101,-0.009,5.013,30.0,1251,-1,5.56,False,-1,True,True,0.75,0.0,-0.001,False,False,0.251,0.004,35.856,1251,13.73,,,,,0,False,False,0.0,False,8.18,5.45,20.0,
213.45,26292,860.378,-362.952,-0.009,5.118,30.0,1251,-1,5.81,False,-1,True,True,0.75,0.0,-0.001,False,False,0.257,0.003,35.851,1251,13.73,,,,,0,False,False,0.0,False,7.93,5.51,20.0,
213.5,26293,860.588,-362.801,-0.009,5.177,30.0,1251,-1,6.07,False,-1,True,True,0.75,0.0,-0.001,False,False,0.257,0.002,35.847,1251,13.73,,,,,0,False,False,0.0,False,7.67,5.56,20.0,
213.55,26294,860.802,-362.646,-0.009,5.341,30.0,1251,-1,6.33,False,-1,True,True,0.75,0.0,-0.0,False,False,0.259,0.002,35.852,1251,13.73,,,,,0,False,False,0.0,False,7.41,5.59,20.0,
213.6,26295,861.016,-362.491,-0.009,5.251,30.0,1251,-1,6.6,False,-1,True,True,0.75,0.0,-0.001,False,False,0.225,0.003,35.822,1251,13.73,,,,,0,False,False,0.0,False,7.14,5.67,20.0,
213.65,26296,861.23,-362.337,-0.009,5.311,30.0,1251,-1,6.86,False,-1,True,True,0.75,0.0,0.002,False,False,0.184,-0.002,35.844,1251,13.73,,,,,0,False,False,0.0,False,6.88,5.63,20.0,
213.7,26297,861.444,-362.183,-0.008,5.247,30.0,1251,-1,7.12,False,-1,True,True,0.75,0.0,-0.002,False,False,0.145,0.001,35.807,1251,13.73,,,,,0,False,False,0.0,False,6.62,5.66,20.0,
213.75,26298,861.658,-362.028,-0.008,5.338,30.0,1251,-1,7.39,False,-1,True,True,0.75,0.0,0.003,False,False,0.127,-0.003,35.829,1251,13.73,,,,,0,False,False,0.0,False,6.35,5.62,20.0,
213.8,26299,861.873,-361.872,-0.008,5.27,30.0,1251,-1,7.65,False,-1,True,True,0.75,0.0,-0.002,False,False,0.109,0.0,35.794,1251,13.73,,,,,0,False,False,0.0,False,6.09,5.67,20.0,
213.85,26300,862.088,-361.717,-0.008,5.337,30.0,1251,-1,7.92,False,-1,True,True,0.75,0.0,0.003,False,False,0.099,-0.003,35.822,1251,13.73,,,,,0,False,False,0.0,False,5.82,5.63,20.0,
213.9,26301,862.306,-361.559,-0.008,5.519,30.0,1251,-1,8.19,False,-1,True,True,0.75,0.0,-0.002,False,False,0.125,0.002,35.786,1251,13.73,,,,,0,False,False,0.0,False,5.55,5.67,20.0,
213.95,26302,862.544,-361.388,-0.009,6.024,30.0,1251,-1,8.48,False,-1,True,True,0.155,0.0,-0.001,False,False,0.277,0.007,35.755,1251,17.66,,,,,0,False,False,0.0,False,9.19,5.76,20.0,
214.0,26303,862.794,-361.207,-0.011,6.212,30.0,1251,-1,8.79,False,-1,True,True,0.0,0.3,0.003,False,False,0.395,0.003,35.749,1251,17.66,,,,,0,False,False,0.0,False,8.88,6.01,20.0,
214.05,26304,863.05,-361.023,-0.011,6.349,30.0,1251,-1,9.11,False,-1,True,True,0.0,0.3,0.001,False,False,0.422,0.001,35.753,1251,17.66,,,,,0,False,False,0.0,False,8.56,6.11,20.0,
214.1,26305,863.305,-360.839,-0.01,6.235,30.0,1251,-1,9.42,False,-1,True,True,0.0,0.3,0.0,False,False,0.357,0.003,35.756,1251,17.66,,,,,0,False,False,0.0,False,8.25,6.17,20.0,
214.15,26306,863.556,-360.658,-0.009,6.18,30.0,1251,-1,9.73,False,-1,True,True,0.0,0.3,0.0,False,False,0.254,0.004,35.767,1251,17.66,,,,,0,False,False,0.0,False,7.94,6.12,20.0,
214.2,26307,863.8,-360.482,-0.008,5.954,30.0,1251,-1,10.03,False,-1,True,True,0.0,0.3,-0.001,False,False,0.128,0.006,35.745,1251,17.66,,,,,0,False,False,0.0,False,7.64,6.09,20.0,
214.25,26308,864.038,-360.311,-0.007,5.829,30.0,1251,-1,10.32,False,-1,True,True,0.0,0.3,0.002,False,False,0.017,0.002,35.774,1251,17.66,,,,,0,False,False,0.0,False,7.34,5.98,20.0,
214.3,26309,864.267,-360.146,-0.006,5.569,30.0,1251,-1,10.6,False,-1,True,True,0.0,0.3,-0.002,False,False,-0.084,0.005,35.748,1251,17.66,,,,,0,False,False,0.0,False,7.06,5.91,20.0,
214.35,26310,864.49,-359.986,-0.006,5.452,30.0,1251,-1,10.88,False,-1,True,True,0.0,0.082,0.002,False,False,-0.153,0.001,35.775,1251,17.66,,,,,0,False,False,0.0,False,6.79,5.78,20.0,
214.4,26311,864.705,-359.83,-0.005,5.231,30.0,1251,-1,11.14,False,-1,True,True,0.339,0.0,-0.002,False,False,-0.199,0.002,35.741,1251,17.66,,,,,0,False,False,0.0,False,6.52,5.73,20.0,
214.45,26312,864.916,-359.679,-0.005,5.162,30.0,1251,-1,11.4,False,-1,True,True,0.75,0.0,0.003,False,False,-0.213,-0.002,35.764,1251,17.66,,,,,0,False,False,0.0,False,6.26,5.62,20.0,
214.5,26313,865.121,-359.531,-0.005,5.027,30.0,1251,-1,11.66,False,-1,True,True,0.75,0.0,-0.001,False,False,-0.208,-0.0,35.734,1251,17.66,,,,,0,False,False,0.0,False,6.01,5.58,20.0,
214.55,26314,865.327,-359.382,-0.006,5.094,30.0,1251,-1,11.91,False,-1,True,True,0.75,0.0,0.003,False,False,-0.157,-0.003,35.769,1251,17.66,,,,,0,False,False,0.0,False,5.76,5.51,20.0,
214.6,26315,865.531,-359.235,-0.006,4.922,30.0,1251,-1,12.16,False,-1,True,True,0.75,0.0,-0.002,False,False,-0.116,0.002,35.766,1251,17.66,,,,,0,False,False,0.0,False,5.5,5.55,20.0,
214.65,26316,865.722,-359.098,-0.006,4.563,30.0,1251,-1,12.4,False,-1,True,True,0.75,0.0,0.0,False,False,-0.181,0.003,35.736,1251,17.66,,,,,0,False,False,0.0,False,5.27,5.46,20.0,
214.7,26317,865.9,-358.97,-0.005,4.304,30.0,1251,-1,12.62,False,-1,True,True,0.75,0.0,-0.003,False,False,-0.264,0.008,35.719,1251,21.58,,,,,0,False,False,0.0,False,8.97,5.28,20.0,
214.75,26318,866.071,-358.847,-0.005,4.166,30.0,1251,-1,12.83,False,-1,True,True,0.75,0.0,0.001,False,False,-0.298,0.006,35.713,1251,21.58,,,,,0,False,False,0.0,False,8.76,5.15,20.0,
214.8,26319,866.238,-358.726,-0.005,4.118,30.0,1251,-1,13.03,False,-1,True,True,0.75,0.0,0.0,False,False,-0.276,0.003,35.712,1251,21.58,,,,,0,False,False,0.0,False,8.56,5.08,20.0,
214.85,26320,866.406,-358.606,-0.005,4.129,30.0,1251,-1,13.24,False,-1,True,True,0.75,0.0,-0.0,False,False,-0.215,0.003,35.711,1251,21.58,,,,,0,False,False,0.0,False,8.35,5.06,20.0,
214.9,26321,866.575,-358.484,-0.006,4.177,30.0,1251,-1,13.45,False,-1,True,True,0.75,0.0,-0.0,False,False,-0.133,0.002,35.71,1251,21.58,,,,,0,False,False,0.0,False,8.14,5.06,20.0,
214.95,26322,866.747,-358.361,-0.007,4.248,30.0,1251,-1,13.66,False,-1,True,True,0.75,0.0,-0.0,False,False,-0.049,0.002,35.709,1251,21.58,,,,,0,False,False,0.0,False,7.93,5.09,20.0,
215.0,26323,866.922,-358.235,-0.008,4.332,30.0,1251,-1,13.88,False,-1,True,True,0.75,0.0,-0.0,False,False,0.028,0.001,35.708,1251,21.58,,,,,0,False,False,0.0,False,7.72,5.12,20.0,
215.05,26324,867.101,-358.106,-0.008,4.426,30.0,1251,-1,14.1,False,-1,True,True,0.75,0.0,-0.0,False,False,0.092,0.001,35.707,1251,21.58,,,,,0,False,False,0.0,False,7.5,5.17,20.0,
215.1,26325,867.283,-357.975,-0.008,4.524,30.0,1251,-1,14.32,False,-1,True,True,0.75,0.0,-0.0,False,False,0.143,0.0,35.706,1251,21.58,,,,,0,False,False,0.0,False,7.27,5.21,20.0,
215.15,26326,867.47,-357.841,-0.009,4.625,30.0,1251,-1,14.55,False,-1,True,True,0.75,0.0,-0.0,False,False,0.181,0.0,35.706,1251,21.58,,,,,0,False,False,0.0,False,7.04,5.26,20.0,
215.2,26327,867.66,-357.704,-0.009,4.729,30.0,1251,-1,14.78,False,-1,True,True,0.75,0.0,-0.0,False,False,0.209,0.0,35.705,1251,21.58,,,,,0,False,False,0.0,False,6.81,5.31,20.0,
215.25,26328,867.855,-357.564,-0.009,4.832,30.0,1251,-1,15.02,False,-1,True,True,0.75,0.0,-0.0,False,False,0.229,0.0,35.705,1251,21.58,,,,,0,False,False,0.0,False,6.57,5.36,20.0,
215.3,26329,868.054,-357.422,-0.009,4.936,30.0,1251,-1,15.27,False,-1,True,True,0.75,0.0,-0.0,False,False,0.242,0.0,35.704,1251,21.58,,,,,0,False,False,0.0,False,6.32,5.42,20.0,
215.35,26330,868.257,-357.276,-0.009,5.04,30.0,1251,-1,15.52,False,-1,True,True,0.75,0.0,0.0,False,False,0.251,-0.0,35.704,1251,21.58,,,,,0,False,False,0.0,False,6.07,5.47,20.0,
215.4,26331,868.464,-357.127,-0.009,5.141,30.0,1251,-1,15.77,False,-1,True,True,0.75,0.0,-0.0,False,False,0.256,0.0,35.703,1251,21.58,,,,,0,False,False,0.0,False,5.82,5.52,20.0,
215.45,26332,868.676,-356.975,-0.009,5.279,30.0,1251,-1,16.03,False,-1,True,True,0.75,0.0,-0.0,False,False,0.26,0.0,35.703,1251,21.58,,,,,0,False,False,0.0,False,5.56,5.57,20.0,
215.5,26333,868.891,-356.821,-0.009,5.298,30.0,1251,-1,16.3,False,-1,True,True,0.75,0.0,-0.004,False,False,0.255,0.008,35.682,1251,25.51,,,,,0,False,False,0.0,False,9.22,5.64,20.0,
215.55,26334,869.107,-356.665,-0.009,5.358,30.0,1251,-1,16.57,False,-1,True,True,0.75,0.0,0.001,False,False,0.232,0.005,35.691,1251,25.51,,,,,0,False,False,0.0,False,8.95,5.65,20.0,
215.6,26335,869.323,-356.51,-0.009,5.277,30.0,1251,-1,16.83,False,-1,True,True,0.75,0.0,-0.001,False,False,0.184,0.004,35.651,1251,25.51,,,,,0,False,False,0.0,False,8.68,5.68,20.0,
215.65,26336,869.538,-356.355,-0.008,5.353,30.0,1251,-1,17.1,False,-1,True,True,0.75,0.0,0.003,False,False,0.152,-0.002,35.673,1251,25.51,,,,,0,False,False,0.0,False,8.42,5.64,20.0,
215.7,26337,869.754,-356.2,-0.008,5.304,30.0,1251,-1,17.36,False,-1,True,True,0.75,0.0,-0.002,False,False,0.126,0.0,35.639,1251,25.51,,,,,0,False,False,0.0,False,8.15,5.68,20.0,
215.75,26338,869.971,-356.044,-0.008,5.375,30.0,1251,-1,17.63,False,-1,True,True,0.75,0.0,0.003,False,False,0.114,-0.003,35.667,1251,25.51,,,,,0,False,False,0.0,False,7.89,5.65,20.0,
215.8,26339,870.188,-355.889,-0.008,5.302,30.0,1251,-1,17.9,False,-1,True,True,0.678,0.0,-0.002,False,False,0.095,0.001,35.639,1251,25.51,,,,,0,False,False,0.0,False,7.62,5.69,20.0,
215.85,26340,870.409,-355.73,-0.008,5.627,30.0,1251,-1,18.17,False,-1,True,True,0.75,0.0,0.003,False,False,0.129,-0.002,35.675,1251,25.51,,,,,0,False,False,0.0,False,7.35,5.65,20.0,
215.9,26341,870.647,-355.56,-0.009,5.964,30.0,1251,-1,18.46,False,-1,True,True,0.0,0.237,-0.003,False,False,0.269,0.003,35.692,1251,25.51,,,,,0,False,False,0.0,False,7.05,5.81,20.0,
215.95,26342,870.898,-355.38,-0.01,6.266,30.0,1251,-1,18.77,False,-1,True,True,0.0,0.3,-0.002,False,False,0.383,0.007,35.687,1251,25.51,,,,,0,False,False,0.0,False,6.75,5.98,20.0,
216.0,26343,871.154,-355.197,-0.011,6.267,30.0,1251,-1,19.08,False,-1,True,True,0.0,0.3,-0.0,False,False,0.398,0.004,35.681,1251,25.51,,,,,0,False,False,0.0,False,6.43,6.13,20.0,
216.05,26344,871.409,-355.014,-0.01,6.287,30.0,1251,-1,19.4,False,-1,True,True,0.0,0.3,-0.0,False,False,0.344,0.001,35.677,1251,25.51,,,,,0,False,False,0.0,False,6.12,6.13,20.0,
216.1,26345,871.659,-354.834,-0.009,6.102,30.0,1251,-1,19.71,False,-1,True,True,0.0,0.3,-0.002,False,False,0.237,0.003,35.681,1251,29.43,,,,,0,False,False,0.0,False,9.73,6.14,20.0,
216.15,26346,871.904,-354.659,-0.008,5.997,30.0,1251,-1,20.01,False,-1,True,True,0.0,0.3,-0.001,False,False,0.122,0.004,35.645,1251,29.43,,,,,0,False,False,0.0,False,9.43,6.05,20.0,
216.2,26347,872.141,-354.489,-0.007,5.752,30.0,1251,-1,20.3,False,-1,True,True,0.0,0.3,0.002,False,False,0.006,-0.003,35.668,1251,29.43,,,,,0,False,False,0.0,False,9.14,6.0,20.0,
216.25,26348,872.37,-354.324,-0.006,5.616,30.0,1251,-1,20.58,False,-1,True,True,0.0,0.3,-0.002,False,False,-0.085,-0.001,35.639,1251,29.43,,,,,0,False,False,0.0,False,8.86,5.88,20.0,
216.3,26349,872.591,-354.165,-0.006,5.355,30.0,1251,-1,20.85,False,-1,True,True,0.0,0.25,0.002,False,False,-0.162,-0.003,35.665,1251,29.43,,,,,0,False,False,0.0,False,8.59,5.81,20.0,
216.35,26350,872.806,-354.011,-0.005,5.25,30.0,1251,-1,21.12,False,-1,True,True,0.69,0.0,-0.003,False,False,-0.207,0.001,35.638,1251,29.43,,,,,0,False,False,0.0,False,8.32,5.68,20.0,
216.4,26351,873.014,-353.862,-0.005,5.048,30.0,1251,-1,21.37,False,-1,True,True,0.75,0.0,0.002,False,False,-0.229,-0.001,35.672,1251,29.43,,,,,0,False,False,0.0,False,8.07,5.63,20.0,
216.45,26352,873.219,-353.716,-0.005,5.04,30.0,1251,-1,21.63,False,-1,True,True,0.75,0.0,-0.003,False,False,-0.216,0.004,35.679,1251,29.43,,,,,0,False,False,0.0,False,7.81,5.52,20.0,
216.5,26353,873.423,-353.569,-0.006,4.941,30.0,1251,-1,21.88,False,-1,True,True,0.75,0.0,-0.002,False,False,-0.165,0.005,35.684,1251,29.43,,,,,0,False,False,0.0,False,7.56,5.52,20.0,
216.55,26354,873.627,-353.423,-0.006,4.937,30.0,1251,-1,22.13,False,-1,True,True,0.75,0.0,-0.002,False,False,-0.114,0.004,35.671,1251,29.43,,,,,0,False,False,0.0,False,7.31,5.47,20.0,
216.6,26355,873.816,-353.288,-0.006,4.514,30.0,1251,-1,22.36,False,-1,True,True,0.75,0.0,0.0,False,False,-0.186,0.001,35.64,1251,29.43,,,,,0,False,False,0.0,False,7.08,5.47,20.0,
216.65,26356,873.992,-353.161,-0.005,4.261,30.0,1251,-1,22.58,False,-1,True,True,0.75,0.0,0.002,False,False,-0.268,-0.004,35.637,1251,29.43,,,,,0,False,False,0.0,False,6.86,5.26,20.0,
216.7,26357,874.161,-353.04,-0.005,4.127,30.0,1251,-1,22.79,False,-1,True,True,0.75,0.0,0.0,False,False,-0.3,-0.004,35.64,1251,29.43,,,,,0,False,False,0.0,False,6.65,5.13,20.0,
216.75,26358,874.328,-352.92,-0.005,4.083,30.0,1251,-1,22.99,False,-1,True,True,0.75,0.0,-0.0,False,False,-0.276,-0.002,35.64,1251,29.43,,,,,0,False,False,0.0,False,6.45,5.06,20.0,
216.8,26359,874.495,-352.801,-0.005,4.096,30.0,1251,-1,23.2,False,-1,True,True,0.75,0.0,0.0,False,False,-0.212,-0.001,35.64,1251,29.43,,,,,0,False,False,0.0,False,6.24,5.04,20.0,
216.85,26360,874.663,-352.68,-0.006,4.146,30.0,1251,-1,23.4,False,-1,True,True,0.75,0.0,0.0,False,False,-0.13,-0.0,35.64,1251,29.43,,,,,0,False,False,0.0,False,6.04,5.05,20.0,
216.9,26361,874.834,-352.558,-0.007,4.218,30.0,1251,-1,23.61,False,-1,True,True,0.75,0.0,-0.0,False,False,-0.046,0.0,35.641,1251,29.43,,,,,0,False,False,0.0,False,5.83,5.07,20.0,
216.95,26362,875.008,-352.433,-0.008,4.304,30.0,1251,-1,23.83,False,-1,True,True,0.75,0.0,0.0,False,False,0.031,0.0,35.641,1251,29.43,,,,,0,False,False,0.0,False,5.61,5.11,20.0,
217.0,26363,875.185,-352.305,-0.008,4.397,30.0,1251,-1,24.05,False,-1,True,True,0.75,0.0,0.0,False,False,0.095,0.0,35.641,1251,29.43,,,,,0,False,False,0.0,False,5.39,5.15,20.0,
217.05,26364,875.367,-352.175,-0.009,4.496,30.0,1251,-1,24.27,False,-1,True,True,0.75,0.0,-0.0,False,False,0.145,0.0,35.641,1251,29.43,,,,,0,False,False,0.0,False,5.17,5.2,20.0,
217.1,26365,875.552,-352.042,-0.009,4.598,30.0,1251,-1,24.5,False,-1,True,True,0.75,0.0,-0.001,False,False,0.183,0.003,35.637,1251,33.36,,,,,0,False,False,0.0,False,8.87,5.25,20.0,
217.15,26366,875.742,-351.907,-0.009,4.702,30.0,1251,-1,24.73,False,-1,True,True,0.75,0.0,0.0,False,False,0.211,0.002,35.634,1251,33.36,,,,,0,False,False,0.0,False,8.63,5.3,20.0,
217.2,26367,875.936,-351.768,-0.009,4.806,30.0,1251,-1,24.97,False,-1,True,True,0.75,0.0,0.0,False,False,0.23,0.001,35.633,1251,33.36,,,,,0,False,False,0.0,False,8.4,5.35,20.0,
217.25,26368,876.134,-351.626,-0.009,4.91,30.0,1251,-1,25.21,False,-1,True,True,0.75,0.0,-0.0,False,False,0.243,0.0,35.633,1251,33.36,,,,,0,False,False,0.0,False,8.15,5.4,20.0,
217.3,26369,876.336,-351.481,-0.009,5.014,30.0,1251,-1,25.46,False,-1,True,True,0.75,0.0,-0.0,False,False,0.251,0.0,35.632,1251,33.36,,,,,0,False,False,0.0,False,7.9,5.46,20.0,
217.35,26370,876.542,-351.333,-0.009,5.119,30.0,1251,-1,25.71,False,-1,True,True,0.75,0.0,-0.0,False,False,0.257,0.0,35.632,1251,33.36,,,,,0,False,False,0.0,False,7.65,5.51,20.0,
217.4,26371,876.752,-351.182,-0.009,5.178,30.0,1251,-1,25.97,False,-1,True,True,0.75,0.0,-0.0,False,False,0.257,0.0,35.631,1251,33.36,,,,,0,False,False,0.0,False,7.39,5.56,20.0,
217.45,26372,876.967,-351.028,-0.009,5.355,30.0,1251,-1,26.24,False,-1,True,True,0.75,0.0,-0.0,False,False,0.261,-0.0,35.634,1251,33.36,,,,,0,False,False,0.0,False,7.13,5.59,20.0,
217.5,26373,877.183,-350.873,-0.009,5.297,30.0,1251,-1,26.5,False,-1,True,True,0.75,0.0,-0.0,False,False,0.239,0.001,35.615,1251,33.36,,,,,0,False,False,0.0,False,6.86,5.68,20.0,
217.55,26374,877.4,-350.718,-0.009,5.352,30.0,1251,-1,26.77,False,-1,True,True,0.75,0.0,0.002,False,False,0.201,-0.003,35.64,1251,33.36,,,,,0,False,False,0.0,False,6.59,5.65,20.0,
217.6,26375,877.615,-350.564,-0.008,5.284,30.0,1251,-1,27.03,False,-1,True,True,0.75,0.0,-0.002,False,False,0.157,0.001,35.604,1251,33.36,,,,,0,False,False,0.0,False,6.33,5.68,20.0,
217.65,26376,877.832,-350.408,-0.008,5.37,30.0,1251,-1,27.3,False,-1,True,True,0.75,0.0,0.003,False,False,0.135,-0.003,35.628,1251,33.36,,,,,0,False,False,0.0,False,6.06,5.64,20.0,
217.7,26377,878.049,-350.253,-0.008,5.306,30.0,1251,-1,27.57,False,-1,True,True,0.701,0.0,-0.002,False,False,0.114,0.0,35.598,1251,33.36,,,,,0,False,False,0.0,False,5.8,5.69,20.0,
217.75,26378,878.266,-350.097,-0.008,5.373,30.0,1251,-1,27.84,False,-1,True,True,0.75,0.0,0.003,False,False,0.102,-0.002,35.628,1251,33.36,,,,,0,False,False,0.0,False,5.53,5.65,20.0,
217.8,26379,878.484,-349.941,-0.008,5.452,30.0,1251,-1,28.1,False,-1,True,True,0.682,0.0,-0.003,False,False,0.105,0.003,35.624,1251,37.28,,,,,0,False,False,0.0,False,9.18,5.69,20.0,
217.85,26380,878.72,-349.772,-0.009,5.968,30.0,1251,-1,28.39,False,-1,True,True,0.394,0.0,0.0,False,False,0.243,0.003,35.645,1251,37.28,,,,,0,False,False,0.0,False,8.89,5.73,20.0,
217.9,26381,878.969,-349.594,-0.01,6.174,30.0,1251,-1,28.7,False,-1,True,True,0.0,0.3,-0.002,False,False,0.366,0.005,35.647,1251,37.28,,,,,0,False,False,0.0,False,8.59,5.98,20.0,
217.95,26382,879.225,-349.411,-0.011,6.329,30.0,1251,-1,29.01,False,-1,True,True,0.0,0.3,-0.001,False,False,0.407,0.004,35.641,1251,37.28,,,,,0,False,False,0.0,False,8.27,6.09,20.0,
218.0,26383,879.479,-349.229,-0.01,6.226,30.0,1251,-1,29.33,False,-1,True,True,0.0,0.3,-0.0,False,False,0.354,0.002,35.638,1251,37.28,,,,,0,False,False,0.0,False,7.96,6.16,20.0,
218.05,26384,879.731,-349.048,-0.009,6.178,30.0,1251,-1,29.64,False,-1,True,True,0.0,0.3,-0.0,False,False,0.258,-0.0,35.629,1251,37.28,,,,,0,False,False,0.0,False,7.65,6.11,20.0,
218.1,26385,879.976,-348.873,-0.008,5.956,30.0,1251,-1,29.94,False,-1,True,True,0.0,0.3,0.0,False,False,0.136,-0.003,35.646,1251,37.28,,,,,0,False,False,0.0,False,7.35,6.09,20.0,
218.15,26386,880.214,-348.702,-0.007,5.833,30.0,1251,-1,30.23,False,-1,True,True,0.0,0.3,-0.002,False,False,0.026,-0.0,35.617,1251,37.28,,,,,0,False,False,0.0,False,7.06,5.98,20.0,
218.2,26387,880.444,-348.537,-0.006,5.575,30.0,1251,-1,30.51,False,-1,True,True,0.0,0.3,0.002,False,False,-0.076,-0.004,35.642,1251,37.28,,,,,0,False,False,0.0,False,6.77,5.92,20.0,
218.25,26388,880.667,-348.377,-0.006,5.457,30.0,1251,-1,30.79,False,-1,True,True,0.0,0.102,-0.002,False,False,-0.146,-0.0,35.615,1251,37.28,,,,,0,False,False,0.0,False,6.5,5.79,20.0,
218.3,26389,880.883,-348.223,-0.005,5.236,30.0,1251,-1,31.05,False,-1,True,True,0.321,0.0,0.002,False,False,-0.194,-0.002,35.649,1251,37.28,,,,,0,False,False,0.0,False,6.23,5.73,20.0,
218.35,26390,881.094,-348.072,-0.005,5.168,30.0,1251,-1,31.31,False,-1,True,True,0.75,0.0,-0.003,False,False,-0.21,0.003,35.627,1251,37.28,,,,,0,False,False,0.0,False,5.97,5.62,20.0,
218.4,26391,881.3,-347.924,-0.005,5.008,30.0,1251,-1,31.57,False,-1,True,True,0.75,0.0,0.001,False,False,-0.21,0.001,35.665,1251,37.28,,,,,0,False,False,0.0,False,5.72,5.58,20.0,
218.45,26392,881.506,-347.777,-0.006,5.08,30.0,1251,-1,31.82,False,-1,True,True,0.75,0.0,-0.004,False,False,-0.163,0.004,35.642,1251,37.28,,,,,0,False,False,0.0,False,5.47,5.5,20.0,
218.5,26393,881.711,-347.63,-0.006,5.005,30.0,1251,-1,32.07,False,-1,True,True,0.75,0.0,0.0,False,False,-0.112,0.002,35.669,1251,41.21,,,,,0,False,False,0.0,False,9.14,5.54,20.0,
218.55,26394,881.906,-347.491,-0.006,4.629,30.0,1251,-1,32.31,False,-1,True,True,0.75,0.0,-0.003,False,False,-0.156,0.004,35.641,1251,41.21,,,,,0,False,False,0.0,False,8.9,5.5,20.0,
218.6,26395,882.086,-347.362,-0.005,4.353,30.0,1251,-1,32.53,False,-1,True,True,0.75,0.0,0.001,False,False,-0.241,-0.0,35.632,1251,41.21,,,,,0,False,False,0.0,False,8.68,5.31,20.0,
218.65,26396,882.258,-347.238,-0.005,4.202,30.0,1251,-1,32.75,False,-1,True,True,0.75,0.0,0.0,False,False,-0.284,-0.003,35.632,1251,41.21,,,,,0,False,False,0.0,False,8.47,5.18,20.0,
218.7,26397,882.428,-347.117,-0.005,4.144,30.0,1251,-1,32.95,False,-1,True,True,0.75,0.0,-0.0,False,False,-0.272,-0.003,35.631,1251,41.21,,,,,0,False,False,0.0,False,8.26,5.1,20.0,
218.75,26398,882.597,-346.996,-0.005,4.149,30.0,1251,-1,33.16,False,-1,True,True,0.75,0.0,-0.0,False,False,-0.217,-0.002,35.629,1251,41.21,,,,,0,False,False,0.0,False,8.05,5.07,20.0,
218.8,26399,882.767,-346.874,-0.006,4.193,30.0,1251,-1,33.37,False,-1,True,True,0.75,0.0,-0.0,False,False,-0.139,-0.001,35.628,1251,41.21,,,,,0,False,False,0.0,False,7.84,5.07,20.0,
218.85,26400,882.939,-346.75,-0.007,4.261,30.0,1251,-1,33.58,False,-1,True,True,0.75,0.0,-0.0,False,False,-0.056,-0.001,35.627,1251,41.21,,,,,0,False,False,0.0,False,7.63,5.1,20.0,
218.9,26401,883.115,-346.624,-0.007,4.344,30.0,1251,-1,33.8,False,-1,True,True,0.75,0.0,-0.0,False,False,0.02,-0.001,35.626,1251,41.21,,,,,0,False,False,0.0,False,7.41,5.13,20.0,
218.95,26402,883.294,-346.496,-0.008,4.436,30.0,1251,-1,34.02,False,-1,True,True,0.75,0.0,-0.0,False,False,0.085,-0.0,35.625,1251,41.21,,,,,0,False,False,0.0,False,7.19,5.17,20.0,
219.0,26403,883.478,-346.365,-0.008,4.533,30.0,1251,-1,34.25,False,-1,True,True,0.75,0.0,-0.0,False,False,0.137,-0.0,35.625,1251,41.21,,,,,0,False,False,0.0,False,6.97,5.22,20.0,
219.05,26404,883.664,-346.231,-0.009,4.634,30.0,1251,-1,34.48,False,-1,True,True,0.75,0.0,-0.0,False,False,0.177,-0.0,35.625,1251,41.21,,,,,0,False,False,0.0,False,6.74,5.27,20.0,
219.1,26405,883.856,-346.094,-0.009,4.737,30.0,1251,-1,34.71,False,-1,True,True,0.75,0.0,-0.0,False,False,0.206,-0.0,35.624,1251,41.21,,,,,0,False,False,0.0,False,6.5,5.32,20.0,
219.15,26406,884.051,-345.954,-0.009,4.84,30.0,1251,-1,34.95,False,-1,True,True,0.75,0.0,-0.0,False,False,0.226,-0.0,35.624,1251,41.21,,,,,0,False,False,0.0,False,6.26,5.37,20.0,
219.2,26407,884.25,-345.811,-0.009,4.944,30.0,1251,-1,35.2,False,-1,True,True,0.75,0.0,-0.0,False,False,0.24,-0.0,35.624,1251,41.21,,,,,0,False,False,0.0,False,6.02,5.42,20.0,
219.25,26408,884.454,-345.665,-0.009,5.048,30.0,1251,-1,35.45,False,-1,True,True,0.75,0.0,-0.0,False,False,0.25,0.0,35.623,1251,41.21,,,,,0,False,False,0.0,False,5.77,5.47,20.0,
219.3,26409,884.662,-345.516,-0.009,5.158,30.0,1251,-1,35.7,False,-1,True,True,0.75,0.0,-0.0,False,False,0.256,0.0,35.623,1251,41.21,,,,,0,False,False,0.0,False,5.51,5.52,20.0,
219.35,26410,884.873,-345.365,-0.009,5.211,30.0,1251,-1,35.96,False,-1,True,True,0.75,0.0,-0.001,False,False,0.255,0.001,35.621,1251,45.13,,,,,0,False,False,0.0,False,9.17,5.58,20.0,
219.4,26411,885.089,-345.21,-0.009,5.385,30.0,1251,-1,36.23,False,-1,True,True,0.75,0.0,-0.0,False,False,0.259,0.001,35.625,1251,45.13,,,,,0,False,False,0.0,False,8.91,5.61,20.0,
219.45,26412,885.306,-345.054,-0.009,5.312,30.0,1251,-1,36.5,False,-1,True,True,0.673,0.0,-0.0,False,False,0.233,0.001,35.602,1251,45.13,,,,,0,False,False,0.0,False,8.64,5.69,20.0,
219.5,26413,885.523,-344.899,-0.009,5.362,30.0,1251,-1,36.76,False,-1,True,True,0.75,0.0,0.002,False,False,0.192,-0.003,35.626,1251,45.13,,,,,0,False,False,0.0,False,8.37,5.66,20.0,
219.55,26414,885.739,-344.744,-0.008,5.29,30.0,1251,-1,37.03,False,-1,True,True,0.741,0.0,-0.002,False,False,0.148,0.001,35.591,1251,45.13,,,,,0,False,False,0.0,False,8.11,5.68,20.0,
219.6,26415,885.956,-344.589,-0.008,5.372,30.0,1251,-1,37.29,False,-1,True,True,0.75,0.0,0.003,False,False,0.125,-0.003,35.614,1251,45.13,,,,,0,False,False,0.0,False,7.84,5.64,20.0,
219.65,26416,886.173,-344.433,-0.008,5.319,30.0,1251,-1,37.56,False,-1,True,True,0.694,0.0,-0.002,False,False,0.109,0.0,35.582,1251,45.13,,,,,0,False,False,0.0,False,7.57,5.69,20.0,
219.7,26417,886.391,-344.277,-0.008,5.385,30.0,1251,-1,37.83,False,-1,True,True,0.75,0.0,0.003,False,False,0.1,-0.003,35.613,1251,45.13,,,,,0,False,False,0.0,False,7.31,5.66,20.0,
219.75,26418,886.607,-344.122,-0.008,5.312,30.0,1251,-1,38.1,False,-1,True,True,0.638,0.0,-0.002,False,False,0.085,0.002,35.587,1251,45.13,,,,,0,False,False,0.0,False,7.04,5.69,20.0,
219.8,26419,886.836,-343.958,-0.009,5.821,30.0,1251,-1,38.38,False,-1,True,True,0.75,0.0,0.003,False,False,0.179,-0.002,35.635,1251,45.13,,,,,0,False,False,0.0,False,6.76,5.66,20.0,
219.85,26420,887.081,-343.783,-0.01,6.119,30.0,1251,-1,38.68,False,-1,True,True,0.0,0.3,-0.004,False,False,0.326,0.005,35.644,1251,45.13,,,,,0,False,False,0.0,False,6.46,5.91,20.0,
219.9,26421,887.338,-343.599,-0.011,6.383,30.0,1251,-1,38.99,False,-1,True,True,0.0,0.3,-0.001,False,False,0.419,0.007,35.636,1251,45.13,,,,,0,False,False,0.0,False,6.14,6.06,20.0,
219.95,26422,887.597,-343.413,-0.011,6.359,30.0,1251,-1,39.31,False,-1,True,True,0.0,0.3,-0.0,False,False,0.411,0.004,35.63,1251,49.05,,,,,0,False,False,0.0,False,9.75,6.19,20.0,
220.0,26423,887.856,-343.228,-0.01,6.359,30.0,1251,-1,39.63,False,-1,True,True,0.0,0.3,-0.0,False,False,0.34,0.001,35.626,1251,49.05,,,,,0,False,False,0.0,False,9.43,6.18,20.0,
220.05,26424,888.109,-343.047,-0.009,6.168,30.0,1251,-1,39.94,False,-1,True,True,0.0,0.3,-0.0,False,False,0.224,-0.001,35.636,1251,49.05,,,,,0,False,False,0.0,False,9.12,6.18,20.0,
220.1,26425,888.356,-342.87,-0.008,6.056,30.0,1251,-1,40.25,False,-1,True,True,0.0,0.3,-0.001,False,False,0.105,0.0,35.608,1251,49.05,,,,,0,False,False,0.0,False,8.81,6.08,20.0,
220.15,26426,888.595,-342.699,-0.007,5.808,30.0,1251,-1,40.54,False,-1,True,True,0.0,0.3,0.002,False,False,-0.009,-0.004,35.633,1251,49.05,,,,,0,False,False,0.0,False,8.52,6.03,20.0,
220.2,26427,888.827,-342.532,-0.006,5.667,30.0,1251,-1,40.83,False,-1,True,True,0.0,0.3,-0.002,False,False,-0.099,-0.001,35.605,1251,49.05,,,,,0,False,False,0.0,False,8.23,5.9,20.0,
220.25,26428,889.05,-342.372,-0.006,5.397,30.0,1251,-1,41.1,False,-1,True,True,0.0,0.3,0.002,False,False,-0.176,-0.003,35.631,1251,49.05,,,,,0,False,False,0.0,False,7.96,5.83,20.0,
220.3,26429,889.266,-342.217,-0.005,5.284,30.0,1251,-1,41.37,False,-1,True,True,0.531,0.0,-0.002,False,False,-0.222,0.0,35.603,1251,49.05,,,,,0,False,False,0.0,False,7.69,5.7,20.0,
220.35,26430,889.476,-342.068,-0.005,5.081,30.0,1251,-1,41.62,False,-1,True,True,0.75,0.0,0.002,False,False,-0.242,-0.001,35.637,1251,49.05,,,,,0,False,False,0.0,False,7.44,5.64,20.0,
220.4,26431,889.683,-341.919,-0.005,5.124,30.0,1251,-1,41.88,False,-1,True,True,0.75,0.0,-0.003,False,False,-0.213,0.004,35.621,1251,49.05,,,,,0,False,False,0.0,False,7.18,5.54,20.0,
220.45,26432,889.89,-341.771,-0.006,5.049,30.0,1251,-1,42.13,False,-1,True,True,0.75,0.0,0.001,False,False,-0.16,0.002,35.653,1251,49.05,,,,,0,False,False,0.0,False,6.93,5.56,20.0,
220.5,26433,890.092,-341.626,-0.006,4.802,30.0,1251,-1,42.38,False,-1,True,True,0.75,0.0,-0.003,False,False,-0.152,0.004,35.619,1251,49.05,,,,,0,False,False,0.0,False,6.68,5.52,20.0,
220.55,26434,890.277,-341.494,-0.005,4.435,30.0,1251,-1,42.61,False,-1,True,True,0.75,0.0,0.002,False,False,-0.24,0.0,35.586,1251,49.05,,,,,0,False,False,0.0,False,6.45,5.4,20.0,
220.6,26435,890.451,-341.369,-0.005,4.211,30.0,1251,-1,42.82,False,-1,True,True,0.75,0.0,0.003,False,False,-0.311,-0.005,35.587,1251,49.05,,,,,0,False,False,0.0,False,6.24,5.22,20.0,
220.65,26436,890.619,-341.248,-0.005,4.1,30.0,1251,-1,43.03,False,-1,True,True,0.75,0.0,0.001,False,False,-0.323,-0.004,35.592,1251,49.05,,,,,0,False,False,0.0,False,6.03,5.11,20.0,
220.7,26437,890.785,-341.129,-0.005,4.071,30.0,1251,-1,43.23,False,-1,True,True,0.75,0.0,0.0,False,False,-0.283,-0.001,35.595,1251,49.05,,,,,0,False,False,0.0,False,5.83,5.05,20.0,
220.75,26438,890.952,-341.01,-0.006,4.095,30.0,1251,-1,43.44,False,-1,True,True,0.75,0.0,0.0,False,False,-0.208,0.0,35.596,1251,49.05,,,,,0,False,False,0.0,False,5.62,5.04,20.0,
220.8,26439,891.12,-340.89,-0.006,4.15,30.0,1251,-1,43.65,False,-1,True,True,0.75,0.0,0.0,False,False,-0.119,0.0,35.599,1251,49.05,,,,,0,False,False,0.0,False,5.41,5.05,20.0,
220.85,26440,891.291,-340.767,-0.007,4.226,30.0,1251,-1,43.86,False,-1,True,True,0.75,0.0,0.0,False,False,-0.033,0.001,35.6,1251,49.05,,,,,0,False,False,0.0,False,5.2,5.08,20.0,
220.9,26441,891.465,-340.642,-0.008,4.314,30.0,1251,-1,44.07,False,-1,True,True,0.75,0.0,0.0,False,False,0.043,0.001,35.602,1251,49.05,,,,,0,False,False,0.0,False,4.99,5.11,20.0,
220.95,26442,891.644,-340.514,-0.008,4.409,30.0,1251,-1,44.29,False,-1,True,True,0.75,0.0,0.001,False,False,0.106,-0.001,35.605,1251,52.98,,,,,0,False,False,0.0,False,8.68,5.16,20.0,
221.0,26443,891.826,-340.384,-0.009,4.509,30.0,1251,-1,44.51,False,-1,True,True,0.75,0.0,0.0,False,False,0.154,-0.001,35.608,1251,52.98,,,,,0,False,False,0.0,False,8.46,5.2,20.0,
221.05,26444,892.012,-340.251,-0.009,4.612,30.0,1251,-1,44.74,False,-1,True,True,0.75,0.0,0.0,False,False,0.19,-0.0,35.609,1251,52.98,,,,,0,False,False,0.0,False,8.23,5.25,20.0,
221.1,26445,892.202,-340.115,-0.009,4.716,30.0,1251,-1,44.98,False,-1,True,True,0.75,0.0,0.0,False,False,0.216,-0.0,35.61,1251,52.98,,,,,0,False,False,0.0,False,8.0,5.31,20.0,
221.15,26446,892.396,-339.975,-0.009,4.82,30.0,1251,-1,45.22,False,-1,True,True,0.75,0.0,0.0,False,False,0.234,-0.0,35.612,1251,52.98,,,,,0,False,False,0.0,False,7.76,5.36,20.0,
221.2,26447,892.595,-339.833,-0.009,4.924,30.0,1251,-1,45.46,False,-1,True,True,0.75,0.0,0.0,False,False,0.245,0.0,35.613,1251,52.98,,,,,0,False,False,0.0,False,7.51,5.41,20.0,
221.25,26448,892.798,-339.688,-0.009,5.029,30.0,1251,-1,45.71,False,-1,True,True,0.75,0.0,0.0,False,False,0.253,0.0,35.613,1251,52.98,,,,,0,False,False,0.0,False,7.27,5.46,20.0,
221.3,26449,893.005,-339.54,-0.009,5.13,30.0,1251,-1,45.96,False,-1,True,True,0.75,0.0,0.0,False,False,0.258,0.0,35.614,1251,52.98,,,,,0,False,False,0.0,False,7.01,5.51,20.0,
221.35,26450,893.216,-339.388,-0.009,5.268,30.0,1251,-1,46.22,False,-1,True,True,0.75,0.0,0.0,False,False,0.261,-0.0,35.615,1251,52.98,,,,,0,False,False,0.0,False,6.75,5.56,20.0,
221.4,26451,893.431,-339.235,-0.009,5.295,30.0,1251,-1,46.49,False,-1,True,True,0.75,0.0,0.0,False,False,0.257,0.0,35.614,1251,52.98,,,,,0,False,False,0.0,False,6.49,5.63,20.0,
221.45,26452,893.65,-339.078,-0.009,5.429,30.0,1251,-1,46.76,False,-1,True,True,0.75,0.0,0.0,False,False,0.255,-0.0,35.63,1251,52.98,,,,,0,False,False,0.0,False,6.22,5.65,20.0,
221.5,26453,893.867,-338.921,-0.009,5.332,30.0,1251,-1,47.03,False,-1,True,True,0.507,0.0,-0.001,False,False,0.212,0.002,35.597,1251,52.98,,,,,0,False,False,0.0,False,5.95,5.71,20.0,
221.55,26454,894.085,-338.766,-0.008,5.376,30.0,1251,-1,47.29,False,-1,True,True,0.75,0.0,0.003,False,False,0.168,-0.003,35.622,1251,52.98,,,,,0,False,False,0.0,False,5.68,5.67,20.0,
221.6,26455,894.299,-338.609,-0.008,5.29,30.0,1251,-1,47.56,False,-1,True,True,0.686,0.0,0.05,False,False,0.122,-0.074,35.708,1251,56.9,,,,,0,False,False,0.0,False,9.3,5.69,20.0,
221.65,26456,894.514,-338.451,-0.008,5.36,30.0,1251,-1,47.82,False,-1,True,True,0.75,0.0,0.008,False,False,0.1,-0.078,35.857,1251,56.9,,,,,0,False,False,0.0,False,9.03,5.65,20.0,
221.7,26457,894.729,-338.295,-0.008,5.306,30.0,1251,-1,48.09,False,-1,True,True,0.731,0.0,-0.002,False,False,0.085,-0.038,35.884,1251,56.9,,,,,0,False,False,0.0,False,8.77,5.68,20.0,
221.75,26458,894.946,-338.137,-0.008,5.387,30.0,1251,-1,48.36,False,-1,True,True,0.75,0.0,0.006,False,False,0.087,-0.021,35.945,1251,56.9,,,,,0,False,False,0.0,False,8.5,5.65,20.0,
221.8,26459,895.162,-337.98,-0.008,5.315,30.0,1251,-1,48.63,False,-1,True,True,0.627,0.0,0.002,False,False,0.078,-0.01,35.946,1251,56.9,,,,,0,False,False,0.0,False,8.23,5.69,20.0,
221.85,26460,895.379,-337.822,-0.008,5.426,30.0,1251,-1,48.89,False,-1,True,True,0.75,0.0,0.006,False,False,0.081,-0.01,35.997,1251,56.9,,,,,0,False,False,0.0,False,7.96,5.66,20.0,
221.9,26461,895.61,-337.654,-0.009,5.831,30.0,1251,-1,49.18,False,-1,True,True,0.485,0.0,0.001,False,False,0.199,-0.005,36.045,1251,56.9,,,,,0,False,False,0.0,False,7.68,5.71,20.0,
221.95,26462,895.857,-337.475,-0.01,6.217,30.0,1251,-1,49.48,False,-1,True,True,0.0,0.3,-0.0,False,False,0.345,0.001,36.067,1251,56.9,,,,,0,False,False,0.0,False,7.37,5.92,20.0,
222.0,26463,896.11,-337.29,-0.011,6.268,30.0,1251,-1,49.8,False,-1,True,True,0.0,0.3,0.001,False,False,0.4,0.001,36.079,1251,56.9,,,,,0,False,False,0.0,False,7.06,6.11,20.0,
222.05,26464,896.365,-337.104,-0.01,6.324,30.0,1251,-1,50.11,False,-1,True,True,0.0,0.3,0.001,False,False,0.372,-0.0,36.087,1251,56.9,,,,,0,False,False,0.0,False,6.74,6.13,20.0,
222.1,26465,896.616,-336.921,-0.01,6.16,30.0,1251,-1,50.42,False,-1,True,True,0.0,0.3,0.001,False,False,0.278,-0.002,36.107,1251,56.9,,,,,0,False,False,0.0,False,6.43,6.16,20.0,
222.15,26466,896.861,-336.742,-0.009,6.065,30.0,1251,-1,50.73,False,-1,True,True,0.0,0.3,-0.0,False,False,0.164,-0.001,36.088,1251,56.9,,,,,0,False,False,0.0,False,6.13,6.08,20.0,
222.2,26467,897.1,-336.568,-0.007,5.826,30.0,1251,-1,51.02,False,-1,True,True,0.0,0.3,0.003,False,False,0.044,-0.006,36.121,1251,56.9,,,,,0,False,False,0.0,False,5.83,6.03,20.0,
222.25,26468,897.33,-336.397,-0.007,5.69,30.0,1251,-1,51.31,False,-1,True,True,0.0,0.3,0.048,False,False,-0.055,-0.074,36.216,1251,60.83,,,,,0,False,False,0.0,False,9.48,5.91,20.0,
222.3,26469,897.551,-336.232,-0.006,5.425,30.0,1251,-1,51.59,False,-1,True,True,0.0,0.3,0.007,False,False,-0.141,-0.076,36.37,1251,60.83,,,,,0,False,False,0.0,False,9.2,5.85,20.0,
222.35,26470,897.766,-336.073,-0.005,5.317,30.0,1251,-1,51.85,False,-1,True,True,0.436,0.0,-0.003,False,False,-0.194,-0.037,36.405,1251,60.83,,,,,0,False,False,0.0,False,8.93,5.71,20.0,
222.4,26471,897.975,-335.919,-0.005,5.116,30.0,1251,-1,52.11,False,-1,True,True,0.75,0.0,0.005,False,False,-0.221,-0.019,36.475,1251,60.83,,,,,0,False,False,0.0,False,8.68,5.66,20.0,
222.45,26472,898.179,-335.768,-0.005,5.081,30.0,1251,-1,52.37,False,-1,True,True,0.75,0.0,0.0,False,False,-0.215,-0.007,36.478,1251,60.83,,,,,0,False,False,0.0,False,8.42,5.56,20.0,
222.5,26473,898.382,-335.618,-0.005,5.007,30.0,1251,-1,52.62,False,-1,True,True,0.75,0.0,0.005,False,False,-0.179,-0.007,36.544,1251,60.83,,,,,0,False,False,0.0,False,8.17,5.54,20.0,
222.55,26474,898.585,-335.467,-0.006,5.077,30.0,1251,-1,52.87,False,-1,True,True,0.75,0.0,-0.002,False,False,-0.12,-0.001,36.534,1251,60.83,,,,,0,False,False,0.0,False,7.92,5.5,20.0,
222.6,26475,898.781,-335.322,-0.006,4.71,30.0,1251,-1,53.12,False,-1,True,True,0.75,0.0,0.004,False,False,-0.137,-0.003,36.558,1251,60.83,,,,,0,False,False,0.0,False,7.67,5.54,20.0,
222.65,26476,898.962,-335.188,-0.005,4.416,30.0,1251,-1,53.34,False,-1,True,True,0.75,0.0,0.001,False,False,-0.22,-0.003,36.561,1251,60.83,,,,,0,False,False,0.0,False,7.45,5.36,20.0,
222.7,26477,899.134,-335.059,-0.005,4.25,30.0,1251,-1,53.56,False,-1,True,True,0.75,0.0,0.002,False,False,-0.271,-0.003,36.568,1251,60.83,,,,,0,False,False,0.0,False,7.23,5.21,20.0,
222.75,26478,899.303,-334.934,-0.005,4.181,30.0,1251,-1,53.77,False,-1,True,True,0.75,0.0,0.001,False,False,-0.267,-0.003,36.576,1251,60.83,,,,,0,False,False,0.0,False,7.02,5.13,20.0,
222.8,26479,899.471,-334.809,-0.005,4.179,30.0,1251,-1,53.98,False,-1,True,True,0.75,0.0,0.001,False,False,-0.219,-0.002,36.583,1251,60.83,,,,,0,False,False,0.0,False,6.81,5.09,20.0,
222.85,26480,899.64,-334.684,-0.006,4.218,30.0,1251,-1,54.19,False,-1,True,True,0.75,0.0,0.001,False,False,-0.145,-0.002,36.589,1251,60.83,,,,,0,False,False,0.0,False,6.6,5.09,20.0,
222.9,26481,899.811,-334.556,-0.007,4.283,30.0,1251,-1,54.4,False,-1,True,True,0.75,0.0,0.001,False,False,-0.064,-0.001,36.594,1251,60.83,,,,,0,False,False,0.0,False,6.39,5.11,20.0,
222.95,26482,899.985,-334.427,-0.007,4.364,30.0,1251,-1,54.62,False,-1,True,True,0.75,0.0,0.001,False,False,0.012,-0.001,36.599,1251,60.83,,,,,0,False,False,0.0,False,6.17,5.14,20.0,
223.0,26483,900.163,-334.294,-0.008,4.455,30.0,1251,-1,54.84,False,-1,True,True,0.75,0.0,0.001,False,False,0.078,-0.0,36.603,1251,60.83,,,,,0,False,False,0.0,False,5.95,5.18,20.0,
223.05,26484,900.345,-334.16,-0.008,4.551,30.0,1251,-1,55.06,False,-1,True,True,0.75,0.0,0.001,False,False,0.131,-0.0,36.606,1251,60.83,,,,,0,False,False,0.0,False,5.72,5.23,20.0,
223.1,26485,900.53,-334.022,-0.009,4.651,30.0,1251,-1,55.3,False,-1,True,True,0.75,0.0,0.0,False,False,0.172,-0.0,36.609,1251,60.83,,,,,0,False,False,0.0,False,5.49,5.28,20.0,
223.15,26486,900.719,-333.881,-0.009,4.754,30.0,1251,-1,55.53,False,-1,True,True,0.75,0.0,0.0,False,False,0.202,-0.0,36.612,1251,60.83,,,,,0,False,False,0.0,False,5.26,5.33,20.0,
223.2,26487,900.912,-333.736,-0.009,4.856,30.0,1251,-1,55.77,False,-1,True,True,0.75,0.0,0.02,False,False,0.223,-0.033,36.675,1251,64.75,,,,,0,False,False,0.0,False,8.94,5.38,20.0,
223.25,26488,901.109,-333.589,-0.009,4.96,30.0,1251,-1,56.02,False,-1,True,True,0.75,0.0,0.0,False,False,0.238,-0.028,36.72,1251,64.75,,,,,0,False,False,0.0,False,8.69,5.43,20.0,
223.3,26489,901.31,-333.438,-0.009,5.064,30.0,1251,-1,56.27,False,-1,True,True,0.75,0.0,-0.0,False,False,0.248,-0.011,36.734,1251,64.75,,,,,0,False,False,0.0,False,8.44,5.48,20.0,
223.35,26490,901.515,-333.285,-0.009,5.148,30.0,1251,-1,56.53,False,-1,True,True,0.75,0.0,-0.0,False,False,0.253,-0.001,36.737,1251,64.75,,,,,0,False,False,0.0,False,8.19,5.53,20.0,
223.4,26491,901.725,-333.128,-0.009,5.3,30.0,1251,-1,56.79,False,-1,True,True,0.75,0.0,0.003,False,False,0.258,-0.002,36.749,1251,64.75,,,,,0,False,False,0.0,False,7.92,5.57,20.0,
223.45,26492,901.936,-332.97,-0.009,5.241,30.0,1251,-1,57.05,False,-1,True,True,0.75,0.0,0.001,False,False,0.237,-0.002,36.742,1251,64.75,,,,,0,False,False,0.0,False,7.66,5.65,20.0,
223.5,26493,902.146,-332.813,-0.009,5.295,30.0,1251,-1,57.31,False,-1,True,True,0.75,0.0,0.003,False,False,0.198,-0.005,36.778,1251,64.75,,,,,0,False,False,0.0,False,7.4,5.62,20.0,
223.55,26494,902.356,-332.656,-0.008,5.224,30.0,1251,-1,57.58,False,-1,True,True,0.75,0.0,-0.001,False,False,0.155,0.0,36.751,1251,64.75,,,,,0,False,False,0.0,False,7.14,5.65,20.0,
223.6,26495,902.567,-332.498,-0.008,5.31,30.0,1251,-1,57.84,False,-1,True,True,0.75,0.0,0.004,False,False,0.132,-0.003,36.781,1251,64.75,,,,,0,False,False,0.0,False,6.87,5.61,20.0,
223.65,26496,902.778,-332.339,-0.008,5.26,30.0,1251,-1,58.1,False,-1,True,True,0.75,0.0,-0.001,False,False,0.115,-0.0,36.755,1251,64.75,,,,,0,False,False,0.0,False,6.61,5.65,20.0,
223.7,26497,902.99,-332.181,-0.008,5.326,30.0,1251,-1,58.37,False,-1,True,True,0.75,0.0,0.004,False,False,0.106,-0.003,36.791,1251,64.75,,,,,0,False,False,0.0,False,6.34,5.63,20.0,
223.75,26498,903.202,-332.022,-0.008,5.252,30.0,1251,-1,58.63,False,-1,True,True,0.75,0.0,-0.002,False,False,0.089,0.001,36.768,1251,64.75,,,,,0,False,False,0.0,False,6.08,5.66,20.0,
223.8,26499,903.424,-331.856,-0.009,5.771,30.0,1251,-1,58.91,False,-1,True,True,0.75,0.0,0.003,False,False,0.184,-0.002,36.821,1251,64.75,,,,,0,False,False,0.0,False,5.8,5.63,20.0,
223.85,26500,903.664,-331.676,-0.01,6.076,30.0,1251,-1,59.21,False,-1,True,True,0.0,0.3,0.007,False,False,0.333,-0.017,36.868,1251,68.68,,,,,0,False,False,0.0,False,9.43,5.89,20.0,
223.9,26501,903.915,-331.488,-0.011,6.349,30.0,1251,-1,59.52,False,-1,True,True,0.0,0.3,-0.002,False,False,0.428,-0.011,36.894,1251,68.68,,,,,0,False,False,0.0,False,9.11,6.04,20.0,
223.95,26502,904.169,-331.297,-0.011,6.33,30.0,1251,-1,59.84,False,-1,True,True,0.0,0.3,-0.001,False,False,0.422,-0.004,36.899,1251,68.68,,,,,0,False,False,0.0,False,8.8,6.17,20.0,
224.0,26503,904.422,-331.107,-0.01,6.335,30.0,1251,-1,60.16,False,-1,True,True,0.0,0.3,0.0,False,False,0.35,-0.002,36.897,1251,68.68,,,,,0,False,False,0.0,False,8.48,6.17,20.0,
224.05,26504,904.67,-330.921,-0.009,6.14,30.0,1251,-1,60.47,False,-1,True,True,0.0,0.3,0.001,False,False,0.232,-0.004,36.917,1251,68.68,,,,,0,False,False,0.0,False,8.17,6.17,20.0,
224.1,26505,904.912,-330.739,-0.008,6.031,30.0,1251,-1,60.77,False,-1,True,True,0.0,0.3,-0.001,False,False,0.112,-0.002,36.893,1251,68.68,,,,,0,False,False,0.0,False,7.87,6.07,20.0,
224.15,26506,905.146,-330.563,-0.007,5.784,30.0,1251,-1,61.06,False,-1,True,True,0.0,0.3,0.003,False,False,-0.004,-0.005,36.922,1251,68.68,,,,,0,False,False,0.0,False,7.57,6.02,20.0,
224.2,26507,905.373,-330.393,-0.006,5.645,30.0,1251,-1,61.35,False,-1,True,True,0.0,0.3,-0.002,False,False,-0.095,-0.002,36.898,1251,68.68,,,,,0,False,False,0.0,False,7.29,5.89,20.0,
224.25,26508,905.592,-330.228,-0.006,5.376,30.0,1251,-1,61.62,False,-1,True,True,0.0,0.3,0.002,False,False,-0.172,-0.004,36.927,1251,68.68,,,,,0,False,False,0.0,False,7.02,5.82,20.0,
224.3,26509,905.804,-330.069,-0.005,5.264,30.0,1251,-1,61.89,False,-1,True,True,0.609,0.0,-0.002,False,False,-0.219,0.0,36.901,1251,68.68,,,,,0,False,False,0.0,False,6.75,5.69,20.0,
224.35,26510,906.009,-329.915,-0.005,5.061,30.0,1251,-1,62.14,False,-1,True,True,0.75,0.0,0.002,False,False,-0.24,-0.001,36.937,1251,68.68,,,,,0,False,False,0.0,False,6.49,5.63,20.0,
224.4,26511,906.212,-329.762,-0.005,5.104,30.0,1251,-1,62.4,False,-1,True,True,0.75,0.0,-0.003,False,False,-0.211,0.003,36.922,1251,68.68,,,,,0,False,False,0.0,False,6.24,5.53,20.0,
224.45,26512,906.415,-329.61,-0.006,5.03,30.0,1251,-1,62.65,False,-1,True,True,0.75,0.0,0.001,False,False,-0.158,0.002,36.957,1251,68.68,,,,,0,False,False,0.0,False,5.99,5.55,20.0,
224.5,26513,906.613,-329.461,-0.006,4.783,30.0,1251,-1,62.9,False,-1,True,True,0.75,0.0,-0.003,False,False,-0.147,0.004,36.935,1251,68.68,,,,,0,False,False,0.0,False,5.74,5.51,20.0,
224.55,26514,906.795,-329.325,-0.005,4.419,30.0,1251,-1,63.12,False,-1,True,True,0.75,0.0,0.001,False,False,-0.238,0.001,36.914,1251,68.68,,,,,0,False,False,0.0,False,5.51,5.39,20.0,
224.6,26515,906.965,-329.197,-0.005,4.196,30.0,1251,-1,63.34,False,-1,True,True,0.75,0.0,0.002,False,False,-0.309,-0.003,36.914,1251,68.68,,,,,0,False,False,0.0,False,5.3,5.21,20.0,
224.65,26516,907.13,-329.073,-0.005,4.087,30.0,1251,-1,63.54,False,-1,True,True,0.75,0.0,0.0,False,False,-0.322,-0.003,36.917,1251,68.68,,,,,0,False,False,0.0,False,5.09,5.1,20.0,
224.7,26517,907.292,-328.951,-0.005,4.059,30.0,1251,-1,63.75,False,-1,True,True,0.75,0.0,-0.0,False,False,-0.281,-0.001,36.917,1251,68.68,,,,,0,False,False,0.0,False,4.89,5.04,20.0,
224.75,26518,907.455,-328.828,-0.006,4.083,30.0,1251,-1,63.95,False,-1,True,True,0.75,0.0,0.007,False,False,-0.206,-0.011,36.937,1251,72.6,,,,,0,False,False,0.0,False,8.61,5.03,20.0,
224.8,26519,907.62,-328.703,-0.006,4.139,30.0,1251,-1,64.16,False,-1,True,True,0.75,0.0,0.0,False,False,-0.118,-0.009,36.951,1251,72.6,,,,,0,False,False,0.0,False,8.4,5.04,20.0,
224.85,26520,907.788,-328.577,-0.007,4.215,30.0,1251,-1,64.37,False,-1,True,True,0.75,0.0,0.0,False,False,-0.031,-0.004,36.955,1251,72.6,,,,,0,False,False,0.0,False,8.19,5.07,20.0,
224.9,26521,907.959,-328.448,-0.008,4.304,30.0,1251,-1,64.58,False,-1,True,True,0.75,0.0,0.001,False,False,0.044,-0.002,36.959,1251,72.6,,,,,0,False,False,0.0,False,7.98,5.11,20.0,
224.95,26522,908.134,-328.317,-0.008,4.399,30.0,1251,-1,64.8,False,-1,True,True,0.75,0.0,0.001,False,False,0.107,-0.001,36.963,1251,72.6,,,,,0,False,False,0.0,False,7.76,5.15,20.0,
225.0,26523,908.312,-328.182,-0.009,4.499,30.0,1251,-1,65.02,False,-1,True,True,0.75,0.0,0.001,False,False,0.155,-0.0,36.966,1251,72.6,,,,,0,False,False,0.0,False,7.54,5.2,20.0,
225.05,26524,908.494,-328.045,-0.009,4.602,30.0,1251,-1,65.25,False,-1,True,True,0.75,0.0,0.0,False,False,0.191,-0.0,36.969,1251,72.6,,,,,0,False,False,0.0,False,7.31,5.25,20.0,
225.1,26525,908.681,-327.905,-0.009,4.706,30.0,1251,-1,65.49,False,-1,True,True,0.75,0.0,0.0,False,False,0.216,0.0,36.972,1251,72.6,,,,,0,False,False,0.0,False,7.07,5.3,20.0,
225.15,26526,908.871,-327.761,-0.009,4.81,30.0,1251,-1,65.72,False,-1,True,True,0.75,0.0,0.0,False,False,0.234,0.0,36.974,1251,72.6,,,,,0,False,False,0.0,False,6.84,5.35,20.0,
225.2,26527,909.066,-327.614,-0.009,4.915,30.0,1251,-1,65.97,False,-1,True,True,0.75,0.0,0.0,False,False,0.246,0.0,36.976,1251,72.6,,,,,0,False,False,0.0,False,6.59,5.41,20.0,
225.25,26528,909.265,-327.465,-0.009,5.019,30.0,1251,-1,66.22,False,-1,True,True,0.75,0.0,0.0,False,False,0.253,0.0,36.978,1251,72.6,,,,,0,False,False,0.0,False,6.34,5.46,20.0,
225.3,26529,909.468,-327.312,-0.009,5.123,30.0,1251,-1,66.47,False,-1,True,True,0.75,0.0,0.0,False,False,0.258,0.0,36.979,1251,72.6,,,,,0,False,False,0.0,False,6.09,5.51,20.0,
225.35,26530,909.675,-327.156,-0.009,5.183,30.0,1251,-1,66.73,False,-1,True,True,0.75,0.0,0.0,False,False,0.257,-0.0,36.981,1251,72.6,,,,,0,False,False,0.0,False,5.83,5.56,20.0,
225.4,26531,909.886,-326.997,-0.009,5.357,30.0,1251,-1,66.99,False,-1,True,True,0.75,0.0,0.0,False,False,0.261,0.0,36.977,1251,72.6,,,,,0,False,False,0.0,False,5.57,5.59,20.0,
225.45,26532,910.099,-326.837,-0.009,5.286,30.0,1251,-1,67.26,False,-1,True,True,0.75,0.0,0.004,False,False,0.235,-0.007,37.01,1251,76.52,,,,,0,False,False,0.0,False,9.22,5.68,20.0,
225.5,26533,910.31,-326.677,-0.009,5.343,30.0,1251,-1,67.53,False,-1,True,True,0.75,0.0,-0.002,False,False,0.195,-0.002,36.995,1251,76.52,,,,,0,False,False,0.0,False,8.96,5.64,20.0,
225.55,26534,910.522,-326.518,-0.008,5.276,30.0,1251,-1,67.79,False,-1,True,True,0.75,0.0,0.002,False,False,0.153,-0.003,37.034,1251,76.52,,,,,0,False,False,0.0,False,8.69,5.67,20.0,
225.6,26535,910.735,-326.357,-0.008,5.365,30.0,1251,-1,68.06,False,-1,True,True,0.75,0.0,-0.003,False,False,0.132,0.002,37.013,1251,76.52,,,,,0,False,False,0.0,False,8.43,5.64,20.0,
225.65,26536,910.948,-326.197,-0.008,5.301,30.0,1251,-1,68.32,False,-1,True,True,0.722,0.0,0.002,False,False,0.113,-0.001,37.044,1251,76.52,,,,,0,False,False,0.0,False,8.16,5.68,20.0,
225.7,26537,911.161,-326.036,-0.008,5.368,30.0,1251,-1,68.59,False,-1,True,True,0.75,0.0,-0.003,False,False,0.102,0.002,37.015,1251,76.52,,,,,0,False,False,0.0,False,7.89,5.65,20.0,
225.75,26538,911.375,-325.875,-0.008,5.448,30.0,1251,-1,68.86,False,-1,True,True,0.701,0.0,0.002,False,False,0.105,-0.002,37.018,1251,76.52,,,,,0,False,False,0.0,False,7.63,5.68,20.0,
225.8,26539,911.606,-325.7,-0.009,5.968,30.0,1251,-1,69.15,False,-1,True,True,0.41,0.0,0.0,False,False,0.244,-0.003,36.998,1251,76.52,,,,,0,False,False,0.0,False,7.34,5.72,20.0,
225.85,26540,911.851,-325.515,-0.01,6.179,30.0,1251,-1,69.46,False,-1,True,True,0.0,0.3,0.002,False,False,0.369,-0.005,36.997,1251,76.52,,,,,0,False,False,0.0,False,7.03,5.98,20.0,
225.9,26541,912.102,-325.326,-0.011,6.34,30.0,1251,-1,69.77,False,-1,True,True,0.0,0.3,0.001,False,False,0.412,-0.004,37.002,1251,76.52,,,,,0,False,False,0.0,False,6.71,6.09,20.0,
225.95,26542,912.353,-325.137,-0.01,6.241,30.0,1251,-1,70.08,False,-1,True,True,0.0,0.3,0.0,False,False,0.36,-0.001,37.006,1251,76.52,,,,,0,False,False,0.0,False,6.4,6.17,20.0,
226.0,26543,912.6,-324.95,-0.009,6.195,30.0,1251,-1,70.39,False,-1,True,True,0.0,0.3,0.0,False,False,0.265,0.0,37.012,1251,76.52,,,,,0,False,False,0.0,False,6.09,6.12,20.0,
226.05,26544,912.841,-324.768,-0.008,5.976,30.0,1251,-1,70.7,False,-1,True,True,0.0,0.3,0.002,False,False,0.142,-0.001,37.005,1251,80.45,,,,,0,False,False,0.0,False,9.71,6.1,20.0,
226.1,26545,913.076,-324.591,-0.007,5.853,30.0,1251,-1,70.99,False,-1,True,True,0.0,0.3,0.002,False,False,0.031,-0.003,37.04,1251,80.45,,,,,0,False,False,0.0,False,9.42,5.99,20.0,
226.15,26546,913.303,-324.42,-0.006,5.595,30.0,1251,-1,71.27,False,-1,True,True,0.0,0.3,-0.002,False,False,-0.072,0.003,37.016,1251,80.45,,,,,0,False,False,0.0,False,9.13,5.93,20.0,
226.2,26547,913.523,-324.254,-0.006,5.47,30.0,1251,-1,71.55,False,-1,True,True,0.0,0.175,0.002,False,False,-0.145,0.0,37.045,1251,80.45,,,,,0,False,False,0.0,False,8.86,5.8,20.0,
226.25,26548,913.735,-324.094,-0.005,5.243,30.0,1251,-1,71.82,False,-1,True,True,0.276,0.0,-0.002,False,False,-0.197,0.002,37.014,1251,80.45,,,,,0,False,False,0.0,False,8.59,5.73,20.0,
226.3,26549,913.943,-323.937,-0.005,5.173,30.0,1251,-1,72.08,False,-1,True,True,0.75,0.0,0.003,False,False,-0.213,-0.002,37.038,1251,80.45,,,,,0,False,False,0.0,False,8.33,5.62,20.0,
226.35,26550,914.145,-323.784,-0.005,5.012,30.0,1251,-1,72.33,False,-1,True,True,0.75,0.0,-0.001,False,False,-0.214,-0.001,37.001,1251,80.45,,,,,0,False,False,0.0,False,8.08,5.59,20.0,
226.4,26551,914.347,-323.632,-0.006,5.084,30.0,1251,-1,72.58,False,-1,True,True,0.75,0.0,-0.001,False,False,-0.166,0.003,37.01,1251,80.45,,,,,0,False,False,0.0,False,7.83,5.51,20.0,
226.45,26552,914.549,-323.48,-0.006,5.009,30.0,1251,-1,72.83,False,-1,True,True,0.75,0.0,0.001,False,False,-0.115,0.003,36.974,1251,80.45,,,,,0,False,False,0.0,False,7.57,5.54,20.0,
226.5,26553,914.74,-323.336,-0.006,4.629,30.0,1251,-1,73.07,False,-1,True,True,0.75,0.0,0.005,False,False,-0.159,-0.003,37.002,1251,80.45,,,,,0,False,False,0.0,False,7.33,5.5,20.0,
226.55,26554,914.917,-323.202,-0.005,4.351,30.0,1251,-1,73.3,False,-1,True,True,0.75,0.0,-0.001,False,False,-0.244,-0.002,37.014,1251,80.45,,,,,0,False,False,0.0,False,7.11,5.31,20.0,
226.6,26555,915.086,-323.075,-0.005,4.197,30.0,1251,-1,73.51,False,-1,True,True,0.75,0.0,0.0,False,False,-0.288,0.001,37.017,1251,80.45,,,,,0,False,False,0.0,False,6.9,5.18,20.0,
226.65,26556,915.252,-322.949,-0.005,4.138,30.0,1251,-1,73.72,False,-1,True,True,0.75,0.0,0.001,False,False,-0.276,0.0,37.02,1251,80.45,,,,,0,False,False,0.0,False,6.69,5.1,20.0,
226.7,26557,915.417,-322.824,-0.005,4.142,30.0,1251,-1,73.92,False,-1,True,True,0.75,0.0,0.001,False,False,-0.221,-0.0,37.023,1251,80.45,,,,,0,False,False,0.0,False,6.49,5.07,20.0,
226.75,26558,915.584,-322.699,-0.006,4.185,30.0,1251,-1,74.13,False,-1,True,True,0.75,0.0,0.0,False,False,-0.142,-0.0,37.026,1251,80.45,,,,,0,False,False,0.0,False,6.28,5.07,20.0,
226.8,26559,915.753,-322.571,-0.007,4.253,30.0,1251,-1,74.34,False,-1,True,True,0.75,0.0,0.0,False,False,-0.059,-0.0,37.028,1251,80.45,,,,,0,False,False,0.0,False,6.06,5.09,20.0,
226.85,26560,915.926,-322.441,-0.007,4.336,30.0,1251,-1,74.56,False,-1,True,True,0.75,0.0,0.0,False,False,0.018,-0.0,37.03,1251,80.45,,,,,0,False,False,0.0,False,5.85,5.13,20.0,
226.9,26561,916.101,-322.308,-0.008,4.428,30.0,1251,-1,74.78,False,-1,True,True,0.75,0.0,0.0,False,False,0.084,-0.0,37.032,1251,80.45,,,,,0,False,False,0.0,False,5.63,5.17,20.0,
226.95,26562,916.281,-322.173,-0.008,4.525,30.0,1251,-1,75.0,False,-1,True,True,0.75,0.0,0.0,False,False,0.136,-0.0,37.034,1251,80.45,,,,,0,False,False,0.0,False,5.4,5.21,20.0,
227.0,26563,916.464,-322.035,-0.009,4.626,30.0,1251,-1,75.23,False,-1,True,True,0.75,0.0,0.0,False,False,0.176,0.0,37.035,1251,80.45,,,,,0,False,False,0.0,False,5.17,5.26,20.0,
227.05,26564,916.651,-321.893,-0.009,4.729,30.0,1251,-1,75.47,False,-1,True,True,0.75,0.0,0.001,False,False,0.205,-0.002,37.039,1251,84.37,,,,,0,False,False,0.0,False,8.86,5.31,20.0,
227.1,26565,916.842,-321.749,-0.009,4.833,30.0,1251,-1,75.71,False,-1,True,True,0.75,0.0,0.0,False,False,0.226,-0.002,37.043,1251,84.37,,,,,0,False,False,0.0,False,8.62,5.36,20.0,
227.15,26566,917.038,-321.601,-0.009,4.936,30.0,1251,-1,75.95,False,-1,True,True,0.75,0.0,0.0,False,False,0.24,-0.001,37.045,1251,84.37,,,,,0,False,False,0.0,False,8.38,5.42,20.0,
227.2,26567,917.238,-321.451,-0.009,5.04,30.0,1251,-1,76.2,False,-1,True,True,0.75,0.0,0.0,False,False,0.249,-0.0,37.046,1251,84.37,,,,,0,False,False,0.0,False,8.13,5.47,20.0,
227.25,26568,917.441,-321.297,-0.009,5.141,30.0,1251,-1,76.46,False,-1,True,True,0.75,0.0,0.0,False,False,0.255,-0.0,37.048,1251,84.37,,,,,0,False,False,0.0,False,7.87,5.52,20.0,
227.3,26569,917.649,-321.14,-0.009,5.279,30.0,1251,-1,76.72,False,-1,True,True,0.75,0.0,0.0,False,False,0.259,-0.0,37.049,1251,84.37,,,,,0,False,False,0.0,False,7.61,5.57,20.0,
227.35,26570,917.86,-320.98,-0.009,5.306,30.0,1251,-1,76.98,False,-1,True,True,0.75,0.0,0.0,False,False,0.255,0.0,37.047,1251,84.37,,,,,0,False,False,0.0,False,7.35,5.64,20.0,
227.4,26571,918.075,-320.819,-0.009,5.403,30.0,1251,-1,77.25,False,-1,True,True,0.75,0.0,0.0,False,False,0.246,-0.001,37.062,1251,84.37,,,,,0,False,False,0.0,False,7.08,5.65,20.0,
227.45,26572,918.288,-320.657,-0.009,5.313,30.0,1251,-1,77.52,False,-1,True,True,0.601,0.0,-0.001,False,False,0.199,0.002,37.028,1251,84.37,,,,,0,False,False,0.0,False,6.81,5.7,20.0,
227.5,26573,918.501,-320.497,-0.008,5.369,30.0,1251,-1,77.79,False,-1,True,True,0.75,0.0,0.003,False,False,0.159,-0.003,37.053,1251,84.37,,,,,0,False,False,0.0,False,6.55,5.66,20.0,
227.55,26574,918.713,-320.336,-0.008,5.301,30.0,1251,-1,78.05,False,-1,True,True,0.71,0.0,-0.002,False,False,0.122,0.0,37.02,1251,84.37,,,,,0,False,False,0.0,False,6.28,5.68,20.0,
227.6,26575,918.926,-320.175,-0.008,5.383,30.0,1251,-1,78.32,False,-1,True,True,0.71,0.0,-0.002,False,False,0.108,0.005,37.032,1251,84.37,,,,,0,False,False,0.0,False,6.01,5.65,20.0,
227.65,26576,919.14,-320.014,-0.008,5.335,30.0,1251,-1,78.59,False,-1,True,True,0.647,0.0,0.0,False,False,0.097,0.005,36.994,1251,84.37,,,,,0,False,False,0.0,False,5.75,5.69,20.0,
227.7,26577,919.355,-319.852,-0.008,5.415,30.0,1251,-1,78.86,False,-1,True,True,0.75,0.0,0.004,False,False,0.098,-0.004,37.024,1251,84.37,,,,,0,False,False,0.0,False,5.48,5.67,20.0,
227.75,26578,919.569,-319.69,-0.008,5.342,30.0,1251,-1,79.12,False,-1,True,True,0.526,0.0,-0.0,False,False,0.087,-0.003,37.005,1251,88.3,,,,,0,False,False,0.0,False,9.13,5.71,20.0,
227.8,26579,919.784,-319.527,-0.008,5.454,30.0,1251,-1,79.39,False,-1,True,True,0.75,0.0,0.003,False,False,0.088,-0.005,37.036,1251,88.3,,,,,0,False,False,0.0,False,8.86,5.67,20.0,
227.85,26580,920.013,-319.355,-0.009,5.855,30.0,1251,-1,79.68,False,-1,True,True,0.384,0.0,-0.001,False,False,0.203,-0.001,37.065,1251,88.3,,,,,0,False,False,0.0,False,8.58,5.73,20.0,
227.9,26581,920.257,-319.171,-0.01,6.226,30.0,1251,-1,79.99,False,-1,True,True,0.0,0.3,-0.002,False,False,0.344,0.005,37.07,1251,88.3,,,,,0,False,False,0.0,False,8.27,5.93,20.0,
227.95,26582,920.507,-318.982,-0.011,6.26,30.0,1251,-1,80.3,False,-1,True,True,0.0,0.3,-0.0,False,False,0.391,0.004,37.068,1251,88.3,,,,,0,False,False,0.0,False,7.96,6.11,20.0,
228.0,26583,920.758,-318.793,-0.01,6.303,30.0,1251,-1,80.61,False,-1,True,True,0.0,0.3,0.0,False,False,0.358,0.001,37.066,1251,88.3,,,,,0,False,False,0.0,False,7.64,6.13,20.0,
228.05,26584,921.005,-318.606,-0.009,6.133,30.0,1251,-1,80.92,False,-1,True,True,0.0,0.3,0.0,False,False,0.261,-0.001,37.078,1251,88.3,,,,,0,False,False,0.0,False,7.33,6.15,20.0,
228.1,26585,921.247,-318.424,-0.008,6.034,30.0,1251,-1,81.23,False,-1,True,True,0.0,0.3,-0.001,False,False,0.148,-0.0,37.051,1251,88.3,,,,,0,False,False,0.0,False,7.03,6.07,20.0,
228.15,26586,921.481,-318.247,-0.007,5.794,30.0,1251,-1,81.52,False,-1,True,True,0.0,0.3,0.002,False,False,0.031,-0.005,37.078,1251,88.3,,,,,0,False,False,0.0,False,6.74,6.02,20.0,
228.2,26587,921.708,-318.075,-0.006,5.66,30.0,1251,-1,81.8,False,-1,True,True,0.0,0.3,-0.002,False,False,-0.065,-0.001,37.051,1251,88.3,,,,,0,False,False,0.0,False,6.45,5.9,20.0,
228.25,26588,921.927,-317.91,-0.006,5.394,30.0,1251,-1,82.08,False,-1,True,True,0.0,0.3,0.002,False,False,-0.148,-0.004,37.078,1251,88.3,,,,,0,False,False,0.0,False,6.18,5.83,20.0,
228.3,26589,922.139,-317.749,-0.005,5.284,30.0,1251,-1,82.34,False,-1,True,True,0.55,0.0,-0.002,False,False,-0.199,0.0,37.05,1251,88.3,,,,,0,False,False,0.0,False,5.91,5.7,20.0,
228.35,26590,922.345,-317.594,-0.005,5.084,30.0,1251,-1,82.6,False,-1,True,True,0.75,0.0,0.002,False,False,-0.225,-0.001,37.085,1251,88.3,,,,,0,False,False,0.0,False,5.65,5.64,20.0,
228.4,26591,922.547,-317.442,-0.005,5.04,30.0,1251,-1,82.86,False,-1,True,True,0.75,0.0,-0.003,False,False,-0.218,0.003,37.092,1251,88.3,,,,,0,False,False,0.0,False,5.4,5.54,20.0,
228.45,26592,922.748,-317.29,-0.006,4.933,30.0,1251,-1,83.11,False,-1,True,True,0.75,0.0,-0.001,False,False,-0.178,0.004,37.094,1251,92.22,,,,,0,False,False,0.0,False,9.07,5.52,20.0,
228.5,26593,922.95,-317.138,-0.006,5.077,30.0,1251,-1,83.36,False,-1,True,True,0.75,0.0,-0.001,False,False,-0.112,0.002,37.092,1251,92.22,,,,,0,False,False,0.0,False,8.82,5.47,20.0,
228.55,26594,923.141,-316.994,-0.006,4.651,30.0,1251,-1,83.6,False,-1,True,True,0.75,0.0,-0.001,False,False,-0.148,0.001,37.085,1251,92.22,,,,,0,False,False,0.0,False,8.58,5.54,20.0,
228.6,26595,923.319,-316.859,-0.005,4.366,30.0,1251,-1,83.82,False,-1,True,True,0.75,0.0,0.0,False,False,-0.231,-0.001,37.083,1251,92.22,,,,,0,False,False,0.0,False,8.36,5.33,20.0,
228.65,26596,923.489,-316.731,-0.005,4.209,30.0,1251,-1,84.03,False,-1,True,True,0.75,0.0,-0.0,False,False,-0.277,-0.002,37.082,1251,92.22,,,,,0,False,False,0.0,False,8.15,5.18,20.0,
228.7,26597,923.655,-316.606,-0.005,4.147,30.0,1251,-1,84.24,False,-1,True,True,0.75,0.0,-0.0,False,False,-0.269,-0.001,37.08,1251,92.22,,,,,0,False,False,0.0,False,7.94,5.1,20.0,
228.75,26598,923.82,-316.48,-0.005,4.149,30.0,1251,-1,84.45,False,-1,True,True,0.75,0.0,-0.0,False,False,-0.217,-0.001,37.079,1251,92.22,,,,,0,False,False,0.0,False,7.73,5.07,20.0,
228.8,26599,923.987,-316.354,-0.006,4.191,30.0,1251,-1,84.66,False,-1,True,True,0.75,0.0,-0.0,False,False,-0.141,-0.001,37.078,1251,92.22,,,,,0,False,False,0.0,False,7.52,5.07,20.0,
228.85,26600,924.157,-316.226,-0.007,4.258,30.0,1251,-1,84.87,False,-1,True,True,0.75,0.0,-0.0,False,False,-0.059,-0.001,37.077,1251,92.22,,,,,0,False,False,0.0,False,7.31,5.1,20.0,
228.9,26601,924.329,-316.096,-0.007,4.34,30.0,1251,-1,85.09,False,-1,True,True,0.75,0.0,-0.0,False,False,0.017,-0.0,37.076,1251,92.22,,,,,0,False,False,0.0,False,7.09,5.13,20.0,
228.95,26602,924.505,-315.963,-0.008,4.431,30.0,1251,-1,85.31,False,-1,True,True,0.75,0.0,-0.0,False,False,0.083,-0.0,37.075,1251,92.22,,,,,0,False,False,0.0,False,6.87,5.17,20.0,
229.0,26603,924.684,-315.828,-0.008,4.529,30.0,1251,-1,85.53,False,-1,True,True,0.75,0.0,-0.0,False,False,0.135,-0.0,37.074,1251,92.22,,,,,0,False,False,0.0,False,6.65,5.22,20.0,
229.05,26604,924.868,-315.689,-0.009,4.629,30.0,1251,-1,85.76,False,-1,True,True,0.75,0.0,-0.0,False,False,0.175,-0.0,37.074,1251,92.22,,,,,0,False,False,0.0,False,6.42,5.26,20.0,
229.1,26605,925.055,-315.548,-0.009,4.732,30.0,1251,-1,86.0,False,-1,True,True,0.75,0.0,0.0,False,False,0.205,-0.0,37.073,1251,92.22,,,,,0,False,False,0.0,False,6.18,5.31,20.0,
229.15,26606,925.247,-315.403,-0.009,4.836,30.0,1251,-1,86.24,False,-1,True,True,0.75,0.0,-0.0,False,False,0.225,-0.0,37.073,1251,92.22,,,,,0,False,False,0.0,False,5.94,5.37,20.0,
229.2,26607,925.442,-315.255,-0.009,4.94,30.0,1251,-1,86.48,False,-1,True,True,0.75,0.0,-0.0,False,False,0.239,-0.0,37.073,1251,92.22,,,,,0,False,False,0.0,False,5.7,5.42,20.0,
229.25,26608,925.642,-315.104,-0.009,5.043,30.0,1251,-1,86.73,False,-1,True,True,0.75,0.0,-0.0,False,False,0.249,-0.0,37.072,1251,92.22,,,,,0,False,False,0.0,False,5.45,5.47,20.0,
229.3,26609,925.845,-314.951,-0.009,5.154,30.0,1251,-1,86.99,False,-1,True,True,0.75,0.0,-0.0,False,False,0.256,0.0,37.072,1251,96.14,,,,,0,False,False,0.0,False,9.12,5.52,20.0,
229.35,26610,926.053,-314.794,-0.009,5.206,30.0,1251,-1,87.25,False,-1,True,True,0.75,0.0,-0.0,False,False,0.254,0.0,37.072,1251,96.14,,,,,0,False,False,0.0,False,8.86,5.58,20.0,
229.4,26611,926.265,-314.634,-0.009,5.379,30.0,1251,-1,87.51,False,-1,True,True,0.75,0.0,-0.0,False,False,0.259,0.0,37.065,1251,96.14,,,,,0,False,False,0.0,False,8.59,5.6,20.0,
229.45,26612,926.478,-314.473,-0.009,5.303,30.0,1251,-1,87.78,False,-1,True,True,0.75,0.0,-0.0,False,False,0.232,0.0,37.086,1251,96.14,,,,,0,False,False,0.0,False,8.32,5.69,20.0,
229.5,26613,926.69,-314.312,-0.009,5.361,30.0,1251,-1,88.05,False,-1,True,True,0.75,0.0,-0.002,False,False,0.193,0.003,37.06,1251,96.14,,,,,0,False,False,0.0,False,8.06,5.65,20.0,
229.55,26614,926.903,-314.152,-0.008,5.296,30.0,1251,-1,88.31,False,-1,True,True,0.744,0.0,0.002,False,False,0.151,-0.001,37.095,1251,96.14,,,,,0,False,False,0.0,False,7.79,5.68,20.0,
229.6,26615,927.116,-313.991,-0.008,5.385,30.0,1251,-1,88.58,False,-1,True,True,0.75,0.0,-0.003,False,False,0.132,0.003,37.073,1251,96.14,,,,,0,False,False,0.0,False,7.52,5.65,20.0,
229.65,26616,927.329,-313.83,-0.008,5.317,30.0,1251,-1,88.85,False,-1,True,True,0.646,0.0,0.002,False,False,0.111,-0.001,37.106,1251,96.14,,,,,0,False,False,0.0,False,7.26,5.69,20.0,
229.7,26617,927.543,-313.669,-0.008,5.383,30.0,1251,-1,89.12,False,-1,True,True,0.75,0.0,-0.003,False,False,0.1,0.003,37.076,1251,96.14,,,,,0,False,False,0.0,False,6.99,5.66,20.0,
229.75,26618,927.76,-313.505,-0.008,5.563,30.0,1251,-1,89.39,False,-1,True,True,0.644,0.0,0.002,False,False,0.125,-0.002,37.111,1251,96.14,,,,,0,False,False,0.0,False,6.72,5.69,20.0,
229.8,26619,927.995,-313.328,-0.009,6.049,30.0,1251,-1,89.68,False,-1,True,True,0.0,0.008,-0.003,False,False,0.273,0.002,37.125,1251,96.14,,,,,0,False,False,0.0,False,6.42,5.78,20.0,
229.85,26620,928.242,-313.142,-0.01,6.208,30.0,1251,-1,89.99,False,-1,True,True,0.0,0.3,-0.002,False,False,0.38,0.005,37.118,1251,96.14,,,,,0,False,False,0.0,False,6.11,6.02,20.0,
229.9,26621,928.493,-312.952,-0.011,6.323,30.0,1251,-1,90.31,False,-1,True,True,0.0,0.3,-0.0,False,False,0.398,0.001,37.11,1251,96.14,,,,,0,False,False,0.0,False,5.8,6.1,20.0,
229.95,26622,928.742,-312.764,-0.01,6.193,30.0,1251,-1,90.62,False,-1,True,True,0.0,0.3,-0.001,False,False,0.329,-0.001,37.104,1251,100.07,,,,,0,False,False,0.0,False,9.41,6.16,20.0,
230.0,26623,928.986,-312.579,-0.009,6.129,30.0,1251,-1,90.92,False,-1,True,True,0.0,0.3,-0.0,False,False,0.225,-0.002,37.088,1251,100.07,,,,,0,False,False,0.0,False,9.1,6.1,20.0,
230.05,26624,929.225,-312.399,-0.008,5.899,30.0,1251,-1,91.22,False,-1,True,True,0.0,0.3,0.001,False,False,0.103,-0.005,37.108,1251,100.07,,,,,0,False,False,0.0,False,8.81,6.06,20.0,
230.1,26625,929.456,-312.224,-0.007,5.772,30.0,1251,-1,91.51,False,-1,True,True,0.0,0.3,-0.002,False,False,-0.004,-0.002,37.077,1251,100.07,,,,,0,False,False,0.0,False,8.52,5.95,20.0,
230.15,26626,929.679,-312.055,-0.006,5.511,30.0,1251,-1,91.79,False,-1,True,True,0.0,0.3,0.002,False,False,-0.1,-0.005,37.101,1251,100.07,,,,,0,False,False,0.0,False,8.24,5.89,20.0,
230.2,26627,929.896,-311.891,-0.006,5.402,30.0,1251,-1,92.06,False,-1,True,True,0.13,0.0,-0.002,False,False,-0.163,-0.001,37.072,1251,100.07,,,,,0,False,False,0.0,False,7.96,5.76,20.0,
230.25,26628,930.106,-311.733,-0.005,5.195,30.0,1251,-1,92.33,False,-1,True,True,0.52,0.0,0.002,False,False,-0.201,-0.002,37.104,1251,100.07,,,,,0,False,False,0.0,False,7.7,5.7,20.0,
230.3,26629,930.312,-311.577,-0.005,5.143,30.0,1251,-1,92.59,False,-1,True,True,0.75,0.0,-0.003,False,False,-0.206,0.002,37.08,1251,100.07,,,,,0,False,False,0.0,False,7.44,5.6,20.0,
230.35,26630,930.514,-311.425,-0.005,5.018,30.0,1251,-1,92.84,False,-1,True,True,0.75,0.0,0.002,False,False,-0.194,0.0,37.111,1251,100.07,,,,,0,False,False,0.0,False,7.19,5.57,20.0,
230.4,26631,930.716,-311.272,-0.006,5.086,30.0,1251,-1,93.09,False,-1,True,True,0.75,0.0,-0.003,False,False,-0.142,0.003,37.076,1251,100.07,,,,,0,False,False,0.0,False,6.94,5.51,20.0,
230.45,26632,930.917,-311.12,-0.006,4.922,30.0,1251,-1,93.34,False,-1,True,True,0.75,0.0,0.002,False,False,-0.103,-0.001,37.081,1251,100.07,,,,,0,False,False,0.0,False,6.68,5.54,20.0,
230.5,26633,931.105,-310.978,-0.006,4.588,30.0,1251,-1,93.58,False,-1,True,True,0.75,0.0,-0.001,False,False,-0.164,-0.002,37.102,1251,100.07,,,,,0,False,False,0.0,False,6.45,5.46,20.0,
230.55,26634,931.281,-310.845,-0.005,4.351,30.0,1251,-1,93.8,False,-1,True,True,0.75,0.0,-0.002,False,False,-0.239,0.001,37.102,1251,100.07,,,,,0,False,False,0.0,False,6.23,5.29,20.0,
230.6,26635,931.452,-310.716,-0.005,4.23,30.0,1251,-1,94.01,False,-1,True,True,0.75,0.0,-0.001,False,False,-0.269,0.001,37.097,1251,100.07,,,,,0,False,False,0.0,False,6.01,5.18,20.0,
230.65,26636,931.619,-310.59,-0.005,4.193,30.0,1251,-1,94.22,False,-1,True,True,0.75,0.0,-0.0,False,False,-0.246,-0.0,37.095,1251,100.07,,,,,0,False,False,0.0,False,5.8,5.12,20.0,
230.7,26637,931.787,-310.463,-0.006,4.21,30.0,1251,-1,94.43,False,-1,True,True,0.75,0.0,-0.0,False,False,-0.186,-0.001,37.093,1251,100.07,,,,,0,False,False,0.0,False,5.59,5.1,20.0,
230.75,26638,931.957,-310.335,-0.006,4.261,30.0,1251,-1,94.65,False,-1,True,True,0.75,0.0,-0.0,False,False,-0.109,-0.001,37.091,1251,100.07,,,,,0,False,False,0.0,False,5.38,5.11,20.0,
230.8,26639,932.129,-310.204,-0.007,4.333,30.0,1251,-1,94.86,False,-1,True,True,0.75,0.0,-0.0,False,False,-0.03,-0.001,37.089,1251,100.07,,,,,0,False,False,0.0,False,5.17,5.13,20.0,
230.85,26640,932.305,-310.072,-0.008,4.419,30.0,1251,-1,95.08,False,-1,True,True,0.75,0.0,-0.001,False,False,0.042,0.0,37.086,1251,103.99,,,,,0,False,False,0.0,False,8.87,5.17,20.0,
230.9,26641,932.484,-309.937,-0.008,4.512,30.0,1251,-1,95.31,False,-1,True,True,0.75,0.0,-0.0,False,False,0.102,0.0,37.084,1251,103.99,,,,,0,False,False,0.0,False,8.65,5.21,20.0,
230.95,26642,932.666,-309.799,-0.009,4.61,30.0,1251,-1,95.54,False,-1,True,True,0.75,0.0,-0.0,False,False,0.15,-0.0,37.083,1251,103.99,,,,,0,False,False,0.0,False,8.42,5.26,20.0,
231.0,26643,932.853,-309.658,-0.009,4.711,30.0,1251,-1,95.77,False,-1,True,True,0.75,0.0,-0.0,False,False,0.186,-0.0,37.082,1251,103.99,,,,,0,False,False,0.0,False,8.18,5.31,20.0,
231.05,26644,933.043,-309.514,-0.009,4.814,30.0,1251,-1,96.01,False,-1,True,True,0.75,0.0,-0.0,False,False,0.212,-0.0,37.081,1251,103.99,,,,,0,False,False,0.0,False,7.94,5.36,20.0,
231.1,26645,933.238,-309.367,-0.009,4.917,30.0,1251,-1,96.25,False,-1,True,True,0.75,0.0,-0.0,False,False,0.23,-0.0,37.08,1251,103.99,,,,,0,False,False,0.0,False,7.7,5.41,20.0,
231.15,26646,933.437,-309.216,-0.009,5.021,30.0,1251,-1,96.5,False,-1,True,True,0.75,0.0,-0.0,False,False,0.242,-0.0,37.079,1251,103.99,,,,,0,False,False,0.0,False,7.45,5.46,20.0,
231.2,26647,933.64,-309.063,-0.009,5.125,30.0,1251,-1,96.76,False,-1,True,True,0.75,0.0,-0.0,False,False,0.251,-0.0,37.078,1251,103.99,,,,,0,False,False,0.0,False,7.2,5.51,20.0,
231.25,26648,933.846,-308.907,-0.009,5.183,30.0,1251,-1,97.01,False,-1,True,True,0.75,0.0,-0.0,False,False,0.253,0.0,37.078,1251,103.99,,,,,0,False,False,0.0,False,6.94,5.56,20.0,
231.3,26649,934.057,-308.747,-0.009,5.361,30.0,1251,-1,97.28,False,-1,True,True,0.75,0.0,-0.0,False,False,0.258,0.0,37.076,1251,103.99,,,,,0,False,False,0.0,False,6.67,5.59,20.0,
231.35,26650,934.271,-308.586,-0.009,5.33,30.0,1251,-1,97.55,False,-1,True,True,0.75,0.0,0.0,False,False,0.245,-0.0,37.091,1251,103.99,,,,,0,False,False,0.0,False,6.41,5.68,20.0,
231.4,26651,934.484,-308.425,-0.009,5.382,30.0,1251,-1,97.81,False,-1,True,True,0.75,0.0,-0.002,False,False,0.209,0.002,37.065,1251,103.99,,,,,0,False,False,0.0,False,6.14,5.67,20.0,
231.45,26652,934.697,-308.264,-0.008,5.308,30.0,1251,-1,98.08,False,-1,True,True,0.671,0.0,0.002,False,False,0.164,-0.001,37.101,1251,103.99,,,,,0,False,False,0.0,False,5.87,5.69,20.0,
231.5,26653,934.91,-308.103,-0.008,5.384,30.0,1251,-1,98.35,False,-1,True,True,0.75,0.0,-0.003,False,False,0.137,0.003,37.077,1251,103.99,,,,,0,False,False,0.0,False,5.6,5.65,20.0,
231.55,26654,935.124,-307.942,-0.008,5.332,30.0,1251,-1,98.62,False,-1,True,True,0.65,0.0,0.001,False,False,0.115,0.0,37.109,1251,107.92,,,,,0,False,False,0.0,False,9.26,5.69,20.0,
231.6,26655,935.339,-307.78,-0.008,5.421,30.0,1251,-1,98.88,False,-1,True,True,0.75,0.0,-0.003,False,False,0.11,0.004,37.083,1251,107.92,,,,,0,False,False,0.0,False,8.99,5.67,20.0,
231.65,26656,935.553,-307.618,-0.008,5.346,30.0,1251,-1,99.15,False,-1,True,True,0.51,0.0,0.002,False,False,0.096,-0.0,37.113,1251,107.92,,,,,0,False,False,0.0,False,8.72,5.71,20.0,
231.7,26657,935.768,-307.456,-0.008,5.412,30.0,1251,-1,99.42,False,-1,True,True,0.75,0.0,-0.003,False,False,0.089,0.002,37.082,1251,107.92,,,,,0,False,False,0.0,False,8.45,5.67,20.0,
231.75,26658,935.992,-307.286,-0.009,5.773,30.0,1251,-1,99.7,False,-1,True,True,0.535,0.0,0.002,False,False,0.174,-0.003,37.126,1251,107.92,,,,,0,False,False,0.0,False,8.17,5.71,20.0,
231.8,26659,936.234,-307.104,-0.01,6.181,30.0,1251,-1,100.01,False,-1,True,True,0.0,0.3,-0.005,False,False,0.322,0.003,37.129,1251,107.92,,,,,0,False,False,0.0,False,7.87,5.89,20.0,
231.85,26660,936.484,-306.916,-0.01,6.252,30.0,1251,-1,100.32,False,-1,True,True,0.0,0.3,-0.002,False,False,0.388,0.005,37.118,1251,107.92,,,,,0,False,False,0.0,False,7.56,6.09,20.0,
231.9,26661,936.735,-306.726,-0.01,6.324,30.0,1251,-1,100.63,False,-1,True,True,0.0,0.3,-0.0,False,False,0.372,0.001,37.109,1251,107.92,,,,,0,False,False,0.0,False,7.24,6.13,20.0,
231.95,26662,936.983,-306.538,-0.01,6.17,30.0,1251,-1,100.95,False,-1,True,True,0.0,0.3,-0.0,False,False,0.286,-0.003,37.112,1251,107.92,,,,,0,False,False,0.0,False,6.93,6.16,20.0,
232.0,26663,937.226,-306.354,-0.009,6.082,30.0,1251,-1,101.29,False,-1,True,True,0.0,0.3,-0.001,False,False,0.176,-0.002,37.085,1251,107.92,,,,,0,False,False,0.0,False,6.63,6.09,20.0,
232.05,26664,937.463,-306.176,-0.008,5.845,30.0,1251,-1,101.59,False,-1,True,True,0.0,0.3,0.002,False,False,0.057,-0.006,37.108,1251,107.92,,,,,0,False,False,0.0,False,6.33,6.04,20.0,
232.1,26665,937.692,-306.002,-0.007,5.714,30.0,1251,-1,101.88,False,-1,True,True,0.0,0.3,-0.002,False,False,-0.043,-0.002,37.078,1251,107.92,,,,,0,False,False,0.0,False,6.04,5.92,20.0,
232.15,26666,937.913,-305.835,-0.006,5.45,30.0,1251,-1,102.15,False,-1,True,True,0.0,0.3,0.002,False,False,-0.13,-0.004,37.103,1251,107.92,,,,,0,False,False,0.0,False,5.76,5.86,20.0,
232.2,26667,938.127,-305.673,-0.005,5.341,30.0,1251,-1,102.42,False,-1,True,True,0.347,0.0,-0.003,False,False,-0.186,-0.0,37.074,1251,107.92,,,,,0,False,False,0.0,False,5.5,5.73,20.0,
232.25,26668,938.335,-305.516,-0.005,5.142,30.0,1251,-1,102.68,False,-1,True,True,0.739,0.0,0.002,False,False,-0.215,-0.001,37.106,1251,111.84,,,,,0,False,False,0.0,False,9.16,5.67,20.0,
232.3,26669,938.539,-305.362,-0.005,5.107,30.0,1251,-1,102.94,False,-1,True,True,0.75,0.0,-0.003,False,False,-0.21,0.003,37.08,1251,111.84,,,,,0,False,False,0.0,False,8.9,5.57,20.0,
232.35,26670,938.741,-305.21,-0.005,5.019,30.0,1251,-1,103.19,False,-1,True,True,0.75,0.0,0.002,False,False,-0.181,0.001,37.107,1251,111.84,,,,,0,False,False,0.0,False,8.65,5.55,20.0,
232.4,26671,938.943,-305.057,-0.006,5.088,30.0,1251,-1,103.44,False,-1,True,True,0.75,0.0,-0.003,False,False,-0.123,0.003,37.073,1251,111.84,,,,,0,False,False,0.0,False,8.4,5.51,20.0,
232.45,26672,939.141,-304.908,-0.006,4.804,30.0,1251,-1,103.69,False,-1,True,True,0.75,0.0,0.002,False,False,-0.119,-0.001,37.089,1251,111.84,,,,,0,False,False,0.0,False,8.15,5.54,20.0,
232.5,26673,939.324,-304.769,-0.006,4.489,30.0,1251,-1,103.92,False,-1,True,True,0.75,0.0,-0.002,False,False,-0.196,-0.001,37.099,1251,111.84,,,,,0,False,False,0.0,False,7.92,5.4,20.0,
232.55,26674,939.498,-304.638,-0.005,4.307,30.0,1251,-1,104.14,False,-1,True,True,0.75,0.0,-0.001,False,False,-0.254,0.001,37.096,1251,111.84,,,,,0,False,False,0.0,False,7.7,5.24,20.0,
232.6,26675,939.667,-304.51,-0.005,4.225,30.0,1251,-1,104.35,False,-1,True,True,0.75,0.0,-0.0,False,False,-0.261,0.001,37.093,1251,111.84,,,,,0,False,False,0.0,False,7.49,5.15,20.0,
232.65,26676,939.836,-304.383,-0.005,4.214,30.0,1251,-1,104.56,False,-1,True,True,0.75,0.0,-0.0,False,False,-0.221,-0.0,37.091,1251,111.84,,,,,0,False,False,0.0,False,7.28,5.11,20.0,
232.7,26677,940.005,-304.255,-0.006,4.248,30.0,1251,-1,104.77,False,-1,True,True,0.75,0.0,-0.0,False,False,-0.152,-0.001,37.089,1251,111.84,,,,,0,False,False,0.0,False,7.07,5.11,20.0,
232.75,26678,940.177,-304.125,-0.007,4.309,30.0,1251,-1,104.99,False,-1,True,True,0.75,0.0,-0.0,False,False,-0.073,-0.001,37.088,1251,111.84,,,,,0,False,False,0.0,False,6.85,5.12,20.0,
232.8,26679,940.351,-303.993,-0.007,4.388,30.0,1251,-1,105.21,False,-1,True,True,0.75,0.0,-0.0,False,False,0.003,-0.001,37.086,1251,111.84,,,,,0,False,False,0.0,False,6.63,5.15,20.0,
232.85,26680,940.528,-303.859,-0.008,4.476,30.0,1251,-1,105.43,False,-1,True,True,0.75,0.0,-0.0,False,False,0.07,-0.001,37.085,1251,111.84,,,,,0,False,False,0.0,False,6.41,5.19,20.0,
232.9,26681,940.71,-303.722,-0.008,4.572,30.0,1251,-1,105.66,False,-1,True,True,0.75,0.0,-0.0,False,False,0.124,-0.0,37.084,1251,111.84,,,,,0,False,False,0.0,False,6.18,5.24,20.0,
232.95,26682,940.895,-303.582,-0.009,4.671,30.0,1251,-1,105.89,False,-1,True,True,0.75,0.0,-0.0,False,False,0.166,-0.0,37.083,1251,111.84,,,,,0,False,False,0.0,False,5.95,5.29,20.0,
233.0,26683,941.084,-303.44,-0.009,4.773,30.0,1251,-1,106.13,False,-1,True,True,0.75,0.0,-0.0,False,False,0.198,-0.0,37.082,1251,111.84,,,,,0,False,False,0.0,False,5.72,5.34,20.0,
233.05,26684,941.277,-303.294,-0.009,4.876,30.0,1251,-1,106.37,False,-1,True,True,0.75,0.0,-0.0,False,False,0.22,-0.0,37.082,1251,111.84,,,,,0,False,False,0.0,False,5.47,5.39,20.0,
233.1,26685,941.474,-303.145,-0.009,4.979,30.0,1251,-1,106.62,False,-1,True,True,0.75,0.0,-0.0,False,False,0.236,-0.0,37.081,1251,111.84,,,,,0,False,False,0.0,False,5.23,5.44,20.0,
233.15,26686,941.675,-302.993,-0.009,5.083,30.0,1251,-1,106.87,False,-1,True,True,0.75,0.0,-0.0,False,False,0.246,-0.0,37.08,1251,115.77,,,,,0,False,False,0.0,False,8.9,5.49,20.0,
233.2,26687,941.88,-302.838,-0.009,5.167,30.0,1251,-1,107.12,False,-1,True,True,0.75,0.0,-0.0,False,False,0.252,-0.0,37.08,1251,115.77,,,,,0,False,False,0.0,False,8.64,5.54,20.0,
233.25,26688,942.09,-302.679,-0.009,5.32,30.0,1251,-1,107.39,False,-1,True,True,0.75,0.0,-0.0,False,False,0.257,-0.0,37.079,1251,115.77,,,,,0,False,False,0.0,False,8.38,5.58,20.0,
233.3,26689,942.302,-302.519,-0.009,5.347,30.0,1251,-1,107.65,False,-1,True,True,0.75,0.0,-0.0,False,False,0.254,-0.0,37.082,1251,115.77,,,,,0,False,False,0.0,False,8.11,5.66,20.0,
233.35,26690,942.518,-302.355,-0.009,5.445,30.0,1251,-1,107.92,False,-1,True,True,0.75,0.0,-0.0,False,False,0.245,0.001,37.067,1251,115.77,,,,,0,False,False,0.0,False,7.84,5.67,20.0,
233.4,26691,942.733,-302.193,-0.009,5.354,30.0,1251,-1,108.19,False,-1,True,True,0.446,0.0,0.001,False,False,0.199,-0.002,37.101,1251,115.77,,,,,0,False,False,0.0,False,7.57,5.72,20.0,
233.45,26692,942.947,-302.031,-0.008,5.397,30.0,1251,-1,108.46,False,-1,True,True,0.75,0.0,-0.003,False,False,0.156,0.003,37.076,1251,115.77,,,,,0,False,False,0.0,False,7.3,5.68,20.0,
233.5,26693,943.16,-301.871,-0.008,5.31,30.0,1251,-1,108.73,False,-1,True,True,0.607,0.0,0.002,False,False,0.113,0.0,37.11,1251,115.77,,,,,0,False,False,0.0,False,7.04,5.7,20.0,
233.55,26694,943.374,-301.71,-0.008,5.368,30.0,1251,-1,109.0,False,-1,True,True,0.75,0.0,-0.003,False,False,0.09,0.003,37.085,1251,115.77,,,,,0,False,False,0.0,False,6.77,5.65,20.0,
233.6,26695,943.586,-301.549,-0.008,5.303,30.0,1251,-1,109.26,False,-1,True,True,0.7,0.0,0.002,False,False,0.073,-0.001,37.117,1251,115.77,,,,,0,False,False,0.0,False,6.5,5.68,20.0,
233.65,26696,943.8,-301.388,-0.008,5.389,30.0,1251,-1,109.53,False,-1,True,True,0.75,0.0,-0.003,False,False,0.074,0.003,37.092,1251,115.77,,,,,0,False,False,0.0,False,6.24,5.65,20.0,
233.7,26697,944.013,-301.227,-0.008,5.325,30.0,1251,-1,109.8,False,-1,True,True,0.619,0.0,0.001,False,False,0.073,-0.001,37.12,1251,115.77,,,,,0,False,False,0.0,False,5.97,5.69,20.0,
233.75,26698,944.227,-301.065,-0.008,5.392,30.0,1251,-1,110.07,False,-1,True,True,0.75,0.0,-0.003,False,False,0.075,0.001,37.089,1251,115.77,,,,,0,False,False,0.0,False,5.7,5.66,20.0,
233.8,26699,944.442,-300.902,-0.008,5.469,30.0,1251,-1,110.34,False,-1,True,True,0.608,0.0,0.002,False,False,0.087,-0.003,37.09,1251,115.77,,,,,0,False,False,0.0,False,5.43,5.7,20.0,
233.85,26700,944.674,-300.727,-0.009,5.975,30.0,1251,-1,110.63,False,-1,True,True,0.326,0.0,0.0,False,False,0.229,-0.004,37.069,1251,119.69,,,,,0,False,False,0.0,False,9.06,5.73,20.0,
233.9,26701,944.918,-300.542,-0.01,6.161,30.0,1251,-1,110.93,False,-1,True,True,0.0,0.3,0.002,False,False,0.351,-0.006,37.066,1251,119.69,,,,,0,False,False,0.0,False,8.76,5.99,20.0,
233.95,26702,945.168,-300.353,-0.01,6.3,30.0,1251,-1,111.25,False,-1,True,True,0.0,0.3,0.001,False,False,0.388,-0.005,37.071,1251,119.69,,,,,0,False,False,0.0,False,8.44,6.08,20.0,
234.0,26703,945.416,-300.165,-0.01,6.185,30.0,1251,-1,111.56,False,-1,True,True,0.0,0.3,0.0,False,False,0.332,-0.002,37.074,1251,119.69,,,,,0,False,False,0.0,False,8.13,6.15,20.0,
234.05,26704,945.661,-299.98,-0.009,6.13,30.0,1251,-1,111.86,False,-1,True,True,0.0,0.3,0.0,False,False,0.237,0.0,37.087,1251,119.69,,,,,0,False,False,0.0,False,7.83,6.09,20.0,
234.1,26705,945.9,-299.8,-0.008,5.904,30.0,1251,-1,112.16,False,-1,True,True,0.0,0.3,-0.001,False,False,0.117,0.004,37.064,1251,119.69,,,,,0,False,False,0.0,False,7.53,6.07,20.0,
234.15,26706,946.131,-299.625,-0.007,5.78,30.0,1251,-1,112.45,False,-1,True,True,0.0,0.3,0.002,False,False,0.01,0.0,37.094,1251,119.69,,,,,0,False,False,0.0,False,7.24,5.95,20.0,
234.2,26707,946.355,-299.456,-0.006,5.521,30.0,1251,-1,112.73,False,-1,True,True,0.0,0.3,-0.002,False,False,-0.088,0.004,37.068,1251,119.69,,,,,0,False,False,0.0,False,6.96,5.89,20.0,
234.25,26708,946.572,-299.292,-0.006,5.413,30.0,1251,-1,113.01,False,-1,True,True,0.095,0.0,0.002,False,False,-0.154,0.0,37.096,1251,119.69,,,,,0,False,False,0.0,False,6.68,5.76,20.0,
234.3,26709,946.783,-299.133,-0.005,5.204,30.0,1251,-1,113.27,False,-1,True,True,0.482,0.0,-0.002,False,False,-0.194,0.002,37.063,1251,119.69,,,,,0,False,False,0.0,False,6.42,5.71,20.0,
234.35,26710,946.989,-298.977,-0.005,5.148,30.0,1251,-1,113.53,False,-1,True,True,0.75,0.0,0.003,False,False,-0.202,-0.003,37.086,1251,119.69,,,,,0,False,False,0.0,False,6.16,5.6,20.0,
234.4,26711,947.19,-298.824,-0.005,5.001,30.0,1251,-1,113.78,False,-1,True,True,0.75,0.0,-0.002,False,False,-0.197,-0.001,37.048,1251,119.69,,,,,0,False,False,0.0,False,5.91,5.57,20.0,
234.45,26712,947.392,-298.672,-0.006,5.073,30.0,1251,-1,114.03,False,-1,True,True,0.75,0.0,0.004,False,False,-0.149,-0.004,37.072,1251,119.69,,,,,0,False,False,0.0,False,5.66,5.5,20.0,
234.5,26713,947.593,-298.519,-0.006,5.028,30.0,1251,-1,114.29,False,-1,True,True,0.75,0.0,-0.001,False,False,-0.096,0.0,37.04,1251,119.69,,,,,0,False,False,0.0,False,5.4,5.54,20.0,
234.55,26714,947.784,-298.375,-0.006,4.632,30.0,1251,-1,114.52,False,-1,True,True,0.75,0.0,0.004,False,False,-0.145,-0.002,37.06,1251,123.61,,,,,0,False,False,0.0,False,9.09,5.51,20.0,
234.6,26715,947.961,-298.241,-0.005,4.377,30.0,1251,-1,114.75,False,-1,True,True,0.75,0.0,-0.0,False,False,-0.226,-0.001,37.069,1251,123.61,,,,,0,False,False,0.0,False,8.87,5.32,20.0,
234.65,26716,948.132,-298.112,-0.005,4.241,30.0,1251,-1,114.96,False,-1,True,True,0.75,0.0,0.0,False,False,-0.265,0.001,37.071,1251,123.61,,,,,0,False,False,0.0,False,8.65,5.19,20.0,
234.7,26717,948.3,-297.985,-0.005,4.194,30.0,1251,-1,115.17,False,-1,True,True,0.75,0.0,0.001,False,False,-0.25,0.001,37.074,1251,123.61,,,,,0,False,False,0.0,False,8.44,5.12,20.0,
234.75,26718,948.468,-297.858,-0.006,4.205,30.0,1251,-1,115.38,False,-1,True,True,0.75,0.0,0.0,False,False,-0.195,0.001,37.076,1251,123.61,,,,,0,False,False,0.0,False,8.23,5.1,20.0,
234.8,26719,948.637,-297.73,-0.006,4.252,30.0,1251,-1,115.59,False,-1,True,True,0.75,0.0,0.0,False,False,-0.12,0.001,37.078,1251,123.61,,,,,0,False,False,0.0,False,8.02,5.1,20.0,
234.85,26720,948.809,-297.601,-0.007,4.322,30.0,1251,-1,115.81,False,-1,True,True,0.75,0.0,0.0,False,False,-0.04,0.001,37.08,1251,123.61,,,,,0,False,False,0.0,False,7.8,5.13,20.0,
234.9,26721,948.984,-297.468,-0.008,4.406,30.0,1251,-1,116.03,False,-1,True,True,0.75,0.0,0.0,False,False,0.033,0.0,37.082,1251,123.61,,,,,0,False,False,0.0,False,7.58,5.16,20.0,
234.95,26722,949.162,-297.333,-0.008,4.498,30.0,1251,-1,116.25,False,-1,True,True,0.75,0.0,0.0,False,False,0.095,0.0,37.083,1251,123.61,,,,,0,False,False,0.0,False,7.36,5.2,20.0,
235.0,26723,949.344,-297.196,-0.009,4.596,30.0,1251,-1,116.48,False,-1,True,True,0.75,0.0,0.0,False,False,0.144,0.0,37.085,1251,123.61,,,,,0,False,False,0.0,False,7.13,5.25,20.0,
235.05,26724,949.53,-297.055,-0.009,4.696,30.0,1251,-1,116.71,False,-1,True,True,0.75,0.0,0.0,False,False,0.181,0.0,37.086,1251,123.61,,,,,0,False,False,0.0,False,6.9,5.3,20.0,
235.1,26725,949.72,-296.912,-0.009,4.799,30.0,1251,-1,116.95,False,-1,True,True,0.75,0.0,0.0,False,False,0.209,0.0,37.087,1251,123.61,,,,,0,False,False,0.0,False,6.66,5.35,20.0,
235.15,26726,949.914,-296.765,-0.009,4.902,30.0,1251,-1,117.2,False,-1,True,True,0.75,0.0,0.0,False,False,0.228,0.0,37.088,1251,123.61,,,,,0,False,False,0.0,False,6.42,5.4,20.0,
235.2,26727,950.112,-296.615,-0.009,5.006,30.0,1251,-1,117.44,False,-1,True,True,0.75,0.0,0.0,False,False,0.241,0.0,37.088,1251,123.61,,,,,0,False,False,0.0,False,6.17,5.45,20.0,
235.25,26728,950.314,-296.462,-0.009,5.11,30.0,1251,-1,117.7,False,-1,True,True,0.75,0.0,0.0,False,False,0.25,-0.0,37.089,1251,123.61,,,,,0,False,False,0.0,False,5.92,5.5,20.0,
235.3,26729,950.52,-296.307,-0.009,5.168,30.0,1251,-1,117.96,False,-1,True,True,0.75,0.0,0.0,False,False,0.252,0.0,37.089,1251,123.61,,,,,0,False,False,0.0,False,5.66,5.55,20.0,
235.35,26730,950.731,-296.148,-0.009,5.336,30.0,1251,-1,118.22,False,-1,True,True,0.75,0.0,0.0,False,False,0.257,-0.0,37.098,1251,123.61,,,,,0,False,False,0.0,False,5.39,5.58,20.0,
235.4,26731,950.941,-295.988,-0.009,5.249,30.0,1251,-1,118.48,False,-1,True,True,0.75,0.0,0.001,False,False,0.225,-0.001,37.077,1251,127.54,,,,,0,False,False,0.0,False,9.05,5.67,20.0,
235.45,26732,951.151,-295.829,-0.009,5.308,30.0,1251,-1,118.75,False,-1,True,True,0.75,0.0,0.002,False,False,0.186,-0.005,37.105,1251,127.54,,,,,0,False,False,0.0,False,8.79,5.62,20.0,
235.5,26733,951.361,-295.67,-0.008,5.242,30.0,1251,-1,119.01,False,-1,True,True,0.75,0.0,-0.002,False,False,0.145,-0.0,37.072,1251,127.54,,,,,0,False,False,0.0,False,8.53,5.65,20.0,
235.55,26734,951.572,-295.511,-0.008,5.333,30.0,1251,-1,119.27,False,-1,True,True,0.75,0.0,0.003,False,False,0.128,-0.004,37.097,1251,127.54,,,,,0,False,False,0.0,False,8.26,5.62,20.0,
235.6,26735,951.783,-295.351,-0.008,5.27,30.0,1251,-1,119.54,False,-1,True,True,0.75,0.0,-0.001,False,False,0.111,-0.0,37.068,1251,127.54,,,,,0,False,False,0.0,False,8.0,5.67,20.0,
235.65,26736,951.995,-295.191,-0.008,5.337,30.0,1251,-1,119.8,False,-1,True,True,0.75,0.0,0.003,False,False,0.101,-0.003,37.1,1251,127.54,,,,,0,False,False,0.0,False,7.73,5.63,20.0,
235.7,26737,952.207,-295.03,-0.008,5.418,30.0,1251,-1,120.07,False,-1,True,True,0.75,0.0,-0.002,False,False,0.104,0.002,37.099,1251,127.54,,,,,0,False,False,0.0,False,7.47,5.67,20.0,
235.75,26738,952.438,-294.856,-0.009,5.947,30.0,1251,-1,120.36,False,-1,True,True,0.521,0.0,0.0,False,False,0.246,0.003,37.122,1251,127.54,,,,,0,False,False,0.0,False,7.18,5.71,20.0,
235.8,26739,952.682,-294.671,-0.01,6.182,30.0,1251,-1,120.67,False,-1,True,True,0.0,0.3,-0.002,False,False,0.378,0.005,37.124,1251,127.54,,,,,0,False,False,0.0,False,6.87,5.97,20.0,
235.85,26740,952.934,-294.481,-0.011,6.368,30.0,1251,-1,120.98,False,-1,True,True,0.0,0.3,-0.001,False,False,0.43,0.004,37.12,1251,127.54,,,,,0,False,False,0.0,False,6.56,6.09,20.0,
235.9,26741,953.186,-294.29,-0.01,6.287,30.0,1251,-1,121.3,False,-1,True,True,0.0,0.3,-0.0,False,False,0.385,0.001,37.117,1251,127.54,,,,,0,False,False,0.0,False,6.24,6.18,20.0,
235.95,26742,953.435,-294.102,-0.01,6.251,30.0,1251,-1,121.61,False,-1,True,True,0.0,0.3,-0.0,False,False,0.291,-0.001,37.112,1251,127.54,,,,,0,False,False,0.0,False,5.93,6.14,20.0,
236.0,26743,953.679,-293.918,-0.009,6.038,30.0,1251,-1,121.92,False,-1,True,True,0.0,0.3,0.001,False,False,0.168,-0.004,37.129,1251,131.46,,,,,0,False,False,0.0,False,9.55,6.13,20.0,
236.05,26744,953.916,-293.738,-0.008,5.917,30.0,1251,-1,122.21,False,-1,True,True,0.0,0.3,-0.002,False,False,0.052,-0.002,37.103,1251,131.46,,,,,0,False,False,0.0,False,9.25,6.02,20.0,
236.1,26745,954.145,-293.565,-0.007,5.662,30.0,1251,-1,122.5,False,-1,True,True,0.0,0.3,0.002,False,False,-0.055,-0.005,37.13,1251,131.46,,,,,0,False,False,0.0,False,8.96,5.96,20.0,
236.15,26746,954.367,-293.397,-0.006,5.519,30.0,1251,-1,122.78,False,-1,True,True,0.0,0.3,-0.002,False,False,-0.135,-0.001,37.102,1251,131.46,,,,,0,False,False,0.0,False,8.68,5.83,20.0,
236.2,26747,954.58,-293.235,-0.005,5.28,30.0,1251,-1,123.05,False,-1,True,True,0.094,0.0,0.002,False,False,-0.197,-0.003,37.133,1251,131.46,,,,,0,False,False,0.0,False,8.41,5.76,20.0,
236.25,26748,954.789,-293.077,-0.005,5.198,30.0,1251,-1,123.31,False,-1,True,True,0.75,0.0,-0.003,False,False,-0.221,0.002,37.111,1251,131.46,,,,,0,False,False,0.0,False,8.15,5.64,20.0,
236.3,26749,954.992,-292.924,-0.005,5.023,30.0,1251,-1,123.56,False,-1,True,True,0.75,0.0,0.002,False,False,-0.228,0.0,37.151,1251,131.46,,,,,0,False,False,0.0,False,7.9,5.6,20.0,
236.35,26750,955.194,-292.771,-0.005,5.095,30.0,1251,-1,123.82,False,-1,True,True,0.75,0.0,-0.004,False,False,-0.181,0.005,37.131,1251,131.46,,,,,0,False,False,0.0,False,7.65,5.51,20.0,
236.4,26751,955.396,-292.619,-0.006,5.019,30.0,1251,-1,124.07,False,-1,True,True,0.75,0.0,0.001,False,False,-0.128,0.002,37.16,1251,131.46,,,,,0,False,False,0.0,False,7.39,5.55,20.0,
236.45,26752,955.586,-292.475,-0.006,4.609,30.0,1251,-1,124.31,False,-1,True,True,0.75,0.0,-0.003,False,False,-0.176,0.003,37.125,1251,131.46,,,,,0,False,False,0.0,False,7.15,5.51,20.0,
236.5,26753,955.761,-292.342,-0.005,4.303,30.0,1251,-1,124.53,False,-1,True,True,0.75,0.0,0.002,False,False,-0.269,-0.001,37.114,1251,131.46,,,,,0,False,False,0.0,False,6.93,5.3,20.0,
236.55,26754,955.928,-292.216,-0.005,4.129,30.0,1251,-1,124.74,False,-1,True,True,0.75,0.0,0.001,False,False,-0.32,-0.004,37.115,1251,131.46,,,,,0,False,False,0.0,False,6.73,5.15,20.0,
236.6,26755,956.091,-292.093,-0.005,4.056,30.0,1251,-1,124.94,False,-1,True,True,0.75,0.0,-0.0,False,False,-0.31,-0.003,37.116,1251,131.46,,,,,0,False,False,0.0,False,6.52,5.06,20.0,
236.65,26756,956.253,-291.97,-0.005,4.052,30.0,1251,-1,125.14,False,-1,True,True,0.75,0.0,-0.0,False,False,-0.253,-0.002,37.116,1251,131.46,,,,,0,False,False,0.0,False,6.32,5.03,20.0,
236.7,26757,956.416,-291.847,-0.006,4.091,30.0,1251,-1,125.35,False,-1,True,True,0.75,0.0,0.0,False,False,-0.171,-0.001,37.116,1251,131.46,,,,,0,False,False,0.0,False,6.11,5.03,20.0,
236.75,26758,956.581,-291.722,-0.007,4.156,30.0,1251,-1,125.55,False,-1,True,True,0.75,0.0,0.0,False,False,-0.082,-0.001,37.116,1251,131.46,,,,,0,False,False,0.0,False,5.91,5.05,20.0,
236.8,26759,956.749,-291.594,-0.007,4.238,30.0,1251,-1,125.77,False,-1,True,True,0.75,0.0,0.0,False,False,0.0,-0.0,37.117,1251,131.46,,,,,0,False,False,0.0,False,5.7,5.08,20.0,
236.85,26760,956.921,-291.465,-0.008,4.33,30.0,1251,-1,125.98,False,-1,True,True,0.75,0.0,0.0,False,False,0.071,-0.0,37.117,1251,131.46,,,,,0,False,False,0.0,False,5.48,5.12,20.0,
236.9,26761,957.096,-291.332,-0.008,4.427,30.0,1251,-1,126.2,False,-1,True,True,0.75,0.0,-0.0,False,False,0.128,0.0,37.117,1251,131.46,,,,,0,False,False,0.0,False,5.26,5.16,20.0,
236.95,26762,957.275,-291.196,-0.009,4.529,30.0,1251,-1,126.43,False,-1,True,True,0.75,0.0,0.0,False,False,0.171,0.0,37.117,1251,131.46,,,,,0,False,False,0.0,False,5.04,5.21,20.0,
237.0,26763,957.458,-291.057,-0.009,4.632,30.0,1251,-1,126.66,False,-1,True,True,0.75,0.0,0.001,False,False,0.202,-0.001,37.119,1251,135.39,,,,,0,False,False,0.0,False,8.73,5.26,20.0,
237.05,26764,957.646,-290.916,-0.009,4.736,30.0,1251,-1,126.89,False,-1,True,True,0.75,0.0,0.0,False,False,0.224,-0.001,37.12,1251,135.39,,,,,0,False,False,0.0,False,8.49,5.32,20.0,
237.1,26765,957.837,-290.771,-0.009,4.841,30.0,1251,-1,127.13,False,-1,True,True,0.75,0.0,-0.0,False,False,0.239,-0.0,37.12,1251,135.39,,,,,0,False,False,0.0,False,8.25,5.37,20.0,
237.15,26766,958.033,-290.623,-0.009,4.945,30.0,1251,-1,127.38,False,-1,True,True,0.75,0.0,0.0,False,False,0.249,-0.0,37.121,1251,135.39,,,,,0,False,False,0.0,False,8.01,5.42,20.0,
237.2,26767,958.232,-290.472,-0.009,5.05,30.0,1251,-1,127.63,False,-1,True,True,0.75,0.0,0.0,False,False,0.256,-0.0,37.121,1251,135.39,,,,,0,False,False,0.0,False,7.76,5.47,20.0,
237.25,26768,958.436,-290.317,-0.009,5.159,30.0,1251,-1,127.88,False,-1,True,True,0.75,0.0,-0.0,False,False,0.26,0.0,37.121,1251,135.39,,,,,0,False,False,0.0,False,7.5,5.52,20.0,
237.3,26769,958.644,-290.16,-0.009,5.213,30.0,1251,-1,128.14,False,-1,True,True,0.75,0.0,0.0,False,False,0.257,-0.0,37.122,1251,135.39,,,,,0,False,False,0.0,False,7.24,5.58,20.0,
237.35,26770,958.856,-290.0,-0.009,5.39,30.0,1251,-1,128.41,False,-1,True,True,0.75,0.0,-0.0,False,False,0.261,0.0,37.119,1251,135.39,,,,,0,False,False,0.0,False,6.98,5.61,20.0,
237.4,26771,959.07,-289.838,-0.009,5.335,30.0,1251,-1,128.68,False,-1,True,True,0.655,0.0,0.0,False,False,0.241,-0.001,37.137,1251,135.39,,,,,0,False,False,0.0,False,6.71,5.7,20.0,
237.45,26772,959.283,-289.676,-0.009,5.381,30.0,1251,-1,128.94,False,-1,True,True,0.75,0.0,-0.002,False,False,0.2,0.003,37.111,1251,135.39,,,,,0,False,False,0.0,False,6.44,5.67,20.0,
237.5,26773,959.496,-289.516,-0.008,5.303,30.0,1251,-1,129.21,False,-1,True,True,0.671,0.0,0.002,False,False,0.153,-0.001,37.146,1251,135.39,,,,,0,False,False,0.0,False,6.17,5.69,20.0,
237.55,26774,959.709,-289.354,-0.008,5.374,30.0,1251,-1,129.48,False,-1,True,True,0.75,0.0,-0.003,False,False,0.125,0.003,37.123,1251,135.39,,,,,0,False,False,0.0,False,5.91,5.65,20.0,
237.6,26775,959.922,-289.194,-0.008,5.32,30.0,1251,-1,129.74,False,-1,True,True,0.685,0.0,0.002,False,False,0.104,-0.0,37.156,1251,135.39,,,,,0,False,False,0.0,False,5.64,5.69,20.0,
237.65,26776,960.135,-289.031,-0.008,5.399,30.0,1251,-1,130.01,False,-1,True,True,0.75,0.0,0.015,False,False,0.1,-0.026,37.178,1948,1.71,,,,,0,False,False,0.0,False,8.96,5.66,20.0,
237.7,26777,960.348,-288.869,-0.008,5.326,30.0,1251,-1,130.28,False,-1,True,True,0.589,0.0,0.002,False,False,0.087,-0.028,37.25,1948,1.71,,,,,0,False,False,0.0,False,8.69,5.7,20.0,
237.75,26778,960.562,-288.706,-0.008,5.437,30.0,1251,-1,130.55,False,-1,True,True,0.75,0.0,-0.003,False,False,0.086,-0.011,37.244,1948,1.71,,,,,0,False,False,0.0,False,8.42,5.66,20.0,
237.8,26779,960.789,-288.533,-0.009,5.837,30.0,1251,-1,130.83,False,-1,True,True,0.446,0.0,0.002,False,False,0.201,-0.008,37.228,1948,1.71,,,,,0,False,False,0.0,False,8.14,5.72,20.0,
237.85,26780,961.032,-288.348,-0.01,6.215,30.0,1251,-1,131.14,False,-1,True,True,0.0,0.3,0.004,False,False,0.344,-0.01,37.235,1948,1.71,,,,,0,False,False,0.0,False,7.83,5.92,20.0,
237.9,26781,961.281,-288.158,-0.011,6.256,30.0,1251,-1,131.45,False,-1,True,True,0.0,0.3,0.002,False,False,0.394,-0.008,37.249,1948,1.71,,,,,0,False,False,0.0,False,7.52,6.11,20.0,
237.95,26782,961.531,-287.967,-0.01,6.306,30.0,1251,-1,131.77,False,-1,True,True,0.0,0.3,0.001,False,False,0.363,-0.004,37.259,1948,1.71,,,,,0,False,False,0.0,False,7.2,6.13,20.0,
238.0,26783,961.777,-287.78,-0.009,6.139,30.0,1251,-1,132.08,False,-1,True,True,0.0,0.3,0.001,False,False,0.268,-0.001,37.259,1948,1.71,,,,,0,False,False,0.0,False,6.89,6.15,20.0,
238.05,26784,962.019,-287.596,-0.008,6.045,30.0,1251,-1,132.38,False,-1,True,True,0.0,0.3,0.001,False,False,0.156,-0.001,37.287,1948,1.71,,,,,0,False,False,0.0,False,6.59,6.07,20.0,
238.1,26785,962.253,-287.418,-0.007,5.804,30.0,1251,-1,132.67,False,-1,True,True,0.0,0.3,-0.001,False,False,0.038,0.004,37.266,1948,1.71,,,,,0,False,False,0.0,False,6.3,6.02,20.0,
238.15,26786,962.48,-287.245,-0.007,5.671,30.0,1251,-1,132.96,False,-1,True,True,0.0,0.3,0.003,False,False,-0.059,0.001,37.297,1948,1.71,,,,,0,False,False,0.0,False,6.01,5.9,20.0,
238.2,26787,962.698,-287.079,-0.006,5.405,30.0,1251,-1,133.23,False,-1,True,True,0.0,0.3,-0.002,False,False,-0.144,0.003,37.273,1948,1.71,,,,,0,False,False,0.0,False,5.74,5.84,20.0,
238.25,26788,962.91,-286.917,-0.005,5.295,30.0,1251,-1,133.5,False,-1,True,True,0.51,0.0,0.003,False,False,-0.196,-0.0,37.303,1948,1.71,,,,,0,False,False,0.0,False,5.47,5.7,20.0,
238.3,26789,963.113,-286.758,-0.005,5.084,30.0,1251,-1,133.76,False,-1,True,True,0.75,0.0,0.103,False,False,-0.225,-0.108,37.436,1948,5.13,,,,,0,False,False,0.0,False,7.63,5.65,20.0,
238.35,26790,963.306,-286.596,-0.005,5.011,30.0,1251,-1,134.01,False,-1,True,True,0.75,0.0,0.192,False,False,-0.23,-0.334,37.985,1948,5.13,,,,,0,False,False,0.0,False,7.38,5.54,20.0,
238.4,26791,963.493,-286.43,-0.006,5.0,30.0,1251,-1,134.26,False,-1,True,True,0.75,0.0,0.144,False,False,-0.195,-0.484,38.781,1948,5.13,,,,,0,False,False,0.0,False,7.13,5.51,20.0,
238.45,26792,963.68,-286.264,-0.006,4.999,30.0,1251,-1,134.51,False,-1,True,True,0.75,0.0,0.098,False,False,-0.14,-0.47,39.501,1948,5.13,,,,,0,False,False,0.0,False,6.88,5.5,20.0,
238.5,26793,963.856,-286.104,-0.006,4.61,30.0,1251,-1,134.75,False,-1,True,True,0.75,0.0,0.081,False,False,-0.171,-0.367,40.054,1948,5.13,,,,,0,False,False,0.0,False,6.64,5.5,20.0,
238.55,26794,964.019,-285.956,-0.005,4.333,30.0,1251,-1,134.97,False,-1,True,True,0.75,0.0,0.074,False,False,-0.248,-0.264,40.49,1948,5.13,,,,,0,False,False,0.0,False,6.42,5.3,20.0,
238.6,26795,964.175,-285.813,-0.005,4.182,30.0,1251,-1,135.18,False,-1,True,True,0.75,0.0,0.068,False,False,-0.287,-0.189,40.868,1948,5.13,,,,,0,False,False,0.0,False,6.21,5.17,20.0,
238.65,26796,964.327,-285.672,-0.005,4.125,30.0,1251,-1,135.38,False,-1,True,True,0.75,0.0,0.06,False,False,-0.273,-0.133,41.202,1948,5.13,,,,,0,False,False,0.0,False,6.0,5.09,20.0,
238.7,26797,964.478,-285.531,-0.005,4.131,30.0,1251,-1,135.59,False,-1,True,True,0.75,0.0,0.052,False,False,-0.217,-0.092,41.496,1948,5.13,,,,,0,False,False,0.0,False,5.8,5.06,20.0,
238.75,26798,964.63,-285.389,-0.006,4.175,30.0,1251,-1,135.79,False,-1,True,True,0.75,0.0,0.045,False,False,-0.139,-0.061,41.756,1948,5.13,,,,,0,False,False,0.0,False,5.59,5.07,20.0,
238.8,26799,964.784,-285.245,-0.007,4.244,30.0,1251,-1,136.0,False,-1,True,True,0.75,0.0,0.038,False,False,-0.056,-0.04,41.985,1948,5.13,,,,,0,False,False,0.0,False,5.38,5.09,20.0,
238.85,26800,964.942,-285.097,-0.007,4.327,30.0,1251,-1,136.22,False,-1,True,True,0.75,0.0,0.033,False,False,0.021,-0.024,42.186,1948,5.13,,,,,0,False,False,0.0,False,5.16,5.12,20.0,
238.9,26801,965.099,-284.944,-0.008,4.407,30.0,1949,-1,0.0,True,108,True,False,0.75,0.0,0.133,False,False,0.083,-0.126,42.553,1391,1.79,,,,,0,False,False,0.0,False,8.82,5.16,20.0,
238.95,26802,965.251,-284.782,-0.008,4.474,30.0,1949,-1,0.0,True,108,True,False,0.75,0.0,0.233,False,False,0.121,-0.37,43.341,1391,1.79,,,,,0,False,False,0.0,False,8.6,5.2,20.0,
239.0,26803,965.396,-284.611,-0.008,4.537,30.0,1949,-1,0.16,True,108,True,False,0.75,0.0,0.299,False,False,0.139,-0.661,44.591,1391,1.79,,,,,0,False,False,0.0,False,8.38,5.24,20.0,
239.05,26804,965.539,-284.433,-0.009,4.646,30.0,1251,-1,137.1,False,-1,True,True,0.75,0.0,0.223,False,False,0.159,-0.762,45.939,1391,1.79,,,,,0,False,False,0.0,False,8.15,5.27,20.0,
239.1,26805,965.685,-284.249,-0.009,4.761,30.0,1251,-1,137.32,False,-1,True,True,0.75,0.0,0.17,False,False,0.187,-0.677,47.094,1391,1.79,,,,,0,False,False,0.0,False,7.92,5.32,20.0,
239.15,26806,965.834,-284.06,-0.009,4.874,30.0,1948,-1,0.22,True,108,True,True,0.75,0.0,0.146,False,False,0.211,-0.545,48.082,1391,1.79,,,,,1,True,False,0.0,False,7.68,5.38,20.0,
239.2,26807,965.985,-283.865,-0.009,4.985,30.0,1948,-1,0.46,True,108,True,True,0.75,0.0,0.126,False,False,0.23,-0.422,48.946,1391,1.79,,,,,1,True,False,0.0,False,7.43,5.44,20.0,
239.25,26808,966.138,-283.665,-0.009,5.094,30.0,1948,-1,0.7,True,108,True,True,0.75,0.0,0.106,False,False,0.244,-0.309,49.7,1391,1.79,,,,,1,True,False,0.0,False,7.18,5.49,20.0,
239.3,26809,966.279,-283.437,0.004,5.201,30.0,1948,-1,0.96,True,108,True,True,0.75,0.0,0.09,False,False,1.122,-3.109,50.327,1391,1.79,,,,,1,True,False,0.0,False,6.91,5.55,20.0,
239.35,26810,966.437,-283.222,0.02,5.271,30.0,1948,-1,1.22,True,108,True,True,0.75,0.0,0.056,False,False,1.816,-4.235,50.831,1391,1.79,,,,,1,True,False,0.0,False,6.64,5.6,20.0,
239.4,26811,966.599,-283.012,0.029,5.253,30.0,1948,-1,1.47,True,108,True,True,0.75,0.0,0.059,False,False,2.063,-4.528,51.243,1391,1.79,,,,,1,True,False,0.0,False,6.38,5.64,20.0,
239.45,26812,966.76,-282.804,0.033,5.278,30.0,1948,-1,1.73,True,108,True,True,0.75,0.0,0.057,False,False,2.117,-4.632,51.7,1391,1.79,,,,,0,False,False,0.0,False,6.11,5.63,20.0,
239.5,26813,966.921,-282.595,0.034,5.307,30.0,1948,-1,2.22,True,108,True,True,0.75,0.0,0.04,False,False,2.045,-4.5,52.029,1391,1.79,,,,,0,False,False,0.0,False,5.85,5.64,20.0,
239.55,26814,967.085,-282.39,0.027,5.342,30.0,1948,-1,2.48,True,108,True,True,0.75,0.0,0.039,False,False,1.623,-3.442,52.34,1391,1.79,,,,,0,False,False,0.0,False,5.59,5.65,20.0,
239.6,26815,967.25,-282.189,0.014,5.357,30.0,1948,-1,3.18,True,108,True,True,0.75,0.0,-0.061,False,False,0.889,-1.613,52.385,1391,5.36,,,,,0,False,False,0.0,False,9.2,5.67,20.0,
239.65,26816,967.413,-281.986,0.003,5.278,30.0,1948,-1,3.44,True,108,True,True,0.746,0.0,-0.12,False,False,0.392,-0.478,52.084,1391,5.36,,,,,0,False,False,0.0,False,8.94,5.68,20.0,
239.7,26817,967.56,-281.78,0.019,5.442,30.0,1948,-1,4.23,True,108,True,True,0.75,0.0,-0.089,False,False,-1.065,-1.705,51.519,1391,5.36,,,,,1,True,False,0.0,False,8.69,5.64,20.0,
239.75,26818,967.741,-281.563,0.024,5.854,30.0,1948,-1,4.51,True,108,True,True,0.433,0.0,-0.064,False,False,-1.414,-1.563,51.002,1391,5.36,,,,,1,True,False,0.0,False,8.41,5.72,20.0,
239.8,26819,967.937,-281.331,0.026,6.214,30.0,1948,-1,5.08,True,108,True,True,0.0,0.3,-0.043,False,False,-1.445,-1.554,50.521,1391,5.36,,,,,1,True,False,0.0,False,8.11,5.93,20.0,
239.85,26820,968.139,-281.092,0.027,6.255,30.0,1948,-1,5.37,True,108,True,True,0.0,0.3,-0.031,False,False,-1.439,-1.605,50.147,1391,5.36,,,,,1,True,False,0.0,False,7.79,6.11,20.0,
239.9,26821,968.343,-280.853,0.028,6.284,30.0,1948,-1,5.66,True,108,True,True,0.0,0.3,-0.027,False,False,-1.472,-1.664,49.835,1391,5.36,,,,,1,True,False,0.0,False,7.48,6.13,20.0,
239.95,26822,968.546,-280.619,0.027,6.153,30.0,1948,-1,6.04,True,108,True,True,0.0,0.3,-0.022,False,False,-1.435,-1.562,49.571,1391,5.36,,,,,1,True,False,0.0,False,7.17,6.14,20.0,
240.0,26823,968.747,-280.389,0.019,6.004,30.0,1948,-1,6.32,True,108,True,True,0.0,0.3,-0.016,False,False,-1.105,-1.125,49.332,1391,5.36,,,,,1,True,False,0.0,False,6.86,6.08,20.0,
240.05,26824,968.941,-280.166,0.012,5.759,30.0,1948,-1,6.59,True,108,True,True,0.0,0.3,-0.009,False,False,-0.837,-0.809,49.231,1391,5.36,,,,,1,True,False,0.0,False,6.57,6.0,20.0,
240.1,26825,969.129,-279.951,0.006,5.631,30.0,1391,-1,0.02,False,-1,True,True,0.0,0.3,-0.016,False,False,-0.648,-0.565,49.096,1391,5.36,,,,,0,False,False,0.0,False,6.28,5.88,20.0,
240.15,26826,969.309,-279.744,0.002,5.36,30.0,1391,-1,0.29,False,-1,True,True,0.0,0.3,-0.01,False,False,-0.529,-0.386,49.028,1391,5.36,,,,,0,False,False,0.0,False,6.01,5.82,20.0,
240.2,26827,969.484,-279.544,-0.0,5.257,30.0,1391,-1,0.54,False,-1,True,True,0.672,0.0,-0.012,False,False,-0.444,-0.253,48.918,1391,5.36,,,,,0,False,False,0.0,False,5.74,5.68,20.0,
240.25,26828,969.653,-279.35,-0.002,5.054,30.0,1391,-1,0.79,False,-1,True,True,0.75,0.0,-0.006,False,False,-0.379,-0.165,48.884,1391,5.36,,,,,0,False,False,0.0,False,5.48,5.63,20.0,
240.3,26829,969.822,-279.163,-0.004,5.02,30.0,1391,-1,1.0,False,-1,True,True,0.75,0.0,-0.106,False,False,-0.316,-0.008,48.685,1391,8.93,,,,,0,False,False,0.0,False,8.63,5.53,20.0,
240.35,26830,969.996,-278.982,-0.005,4.997,30.0,1391,-1,1.0,False,-1,True,True,0.75,0.0,-0.138,False,False,-0.238,0.248,48.1,1391,8.93,,,,,0,False,False,0.0,False,8.38,5.51,20.0,
240.4,26831,970.17,-278.804,-0.006,4.931,30.0,1391,-1,1.15,False,-1,True,True,0.75,0.0,-0.089,False,False,-0.17,0.327,47.483,1391,8.93,,,,,0,False,False,0.0,False,8.13,5.5,20.0,
240.45,26832,970.334,-278.638,-0.006,4.531,30.0,1391,-1,1.38,False,-1,True,True,0.75,0.0,-0.066,False,False,-0.21,0.277,47.02,1391,8.93,,,,,0,False,False,0.0,False,7.9,5.47,20.0,
240.5,26833,970.487,-278.484,-0.005,4.275,30.0,1391,-1,1.6,False,-1,True,True,0.75,0.0,-0.062,False,False,-0.276,0.21,46.659,1391,8.93,,,,,0,False,False,0.0,False,7.68,5.27,20.0,
240.55,26834,970.635,-278.336,-0.005,4.141,30.0,1391,-1,1.81,False,-1,True,True,0.75,0.0,-0.057,False,False,-0.302,0.158,46.346,1391,8.93,,,,,0,False,False,0.0,False,7.47,5.14,20.0,
240.6,26835,970.782,-278.192,-0.005,4.096,30.0,1391,-1,2.0,False,-1,True,True,0.75,0.0,-0.05,False,False,-0.276,0.117,46.067,1391,8.93,,,,,0,False,False,0.0,False,7.27,5.07,20.0,
240.65,26836,970.928,-278.047,-0.006,4.109,30.0,1391,-1,2.0,False,-1,True,True,0.75,0.0,-0.043,False,False,-0.211,0.083,45.822,1391,8.93,,,,,0,False,False,0.0,False,7.06,5.05,20.0,
240.7,26837,971.076,-277.902,-0.006,4.159,30.0,1391,-1,2.21,False,-1,True,True,0.75,0.0,-0.037,False,False,-0.129,0.057,45.606,1391,8.93,,,,,0,False,False,0.0,False,6.86,5.05,20.0,
240.75,26838,971.226,-277.754,-0.007,4.231,30.0,1391,-1,2.42,False,-1,True,True,0.75,0.0,-0.032,False,False,-0.045,0.038,45.416,1391,8.93,,,,,0,False,False,0.0,False,6.65,5.08,20.0,
240.8,26839,971.379,-277.604,-0.008,4.316,30.0,1391,-1,2.63,False,-1,True,True,0.75,0.0,-0.027,False,False,0.032,0.024,45.248,1391,8.93,,,,,0,False,False,0.0,False,6.43,5.12,20.0,
240.85,26840,971.536,-277.451,-0.008,4.41,30.0,1391,-1,2.85,False,-1,True,True,0.75,0.0,-0.023,False,False,0.095,0.015,45.102,1391,8.93,,,,,0,False,False,0.0,False,6.21,5.16,20.0,
240.9,26841,971.696,-277.294,-0.009,4.509,30.0,1391,-1,3.0,False,-1,True,True,0.75,0.0,-0.02,False,False,0.146,0.008,44.974,1391,8.93,,,,,0,False,False,0.0,False,5.99,5.21,20.0,
240.95,26842,971.86,-277.134,-0.009,4.611,30.0,1391,-1,3.19,False,-1,True,True,0.75,0.0,-0.017,False,False,0.184,0.004,44.863,1391,8.93,,,,,0,False,False,0.0,False,5.76,5.25,20.0,
241.0,26843,972.027,-276.97,-0.009,4.714,30.0,1391,-1,3.43,False,-1,True,True,0.75,0.0,-0.014,False,False,0.211,0.002,44.766,1391,8.93,,,,,0,False,False,0.0,False,5.52,5.31,20.0,
241.05,26844,972.198,-276.803,-0.009,4.818,30.0,1391,-1,3.67,False,-1,True,True,0.75,0.0,-0.012,False,False,0.23,0.001,44.682,1391,8.93,,,,,0,False,False,0.0,False,5.29,5.36,20.0,
241.1,26845,972.375,-276.636,-0.009,4.91,30.0,1391,-1,3.91,False,-1,True,True,0.75,0.0,-0.112,False,False,0.24,0.113,44.417,1391,12.51,,,,,0,False,False,0.0,False,8.79,5.41,20.0,
241.15,26846,972.561,-276.471,-0.009,5.003,30.0,1391,-1,4.09,False,-1,True,True,0.75,0.0,-0.132,False,False,0.241,0.306,43.813,1391,12.51,,,,,0,False,False,0.0,False,8.54,5.46,20.0,
241.2,26847,972.751,-276.305,-0.009,5.11,30.0,1391,-1,4.34,False,-1,True,True,0.75,0.0,-0.086,False,False,0.246,0.359,43.194,1391,12.51,,,,,0,False,False,0.0,False,8.29,5.5,20.0,
241.25,26848,972.946,-276.135,-0.009,5.222,30.0,1391,-1,4.6,False,-1,True,True,0.75,0.0,-0.064,False,False,0.251,0.305,42.7,1391,12.51,,,,,0,False,False,0.0,False,8.03,5.55,20.0,
241.3,26849,973.142,-275.965,-0.009,5.198,30.0,1391,-1,4.86,False,-1,True,True,0.75,0.0,-0.057,False,False,0.228,0.238,42.236,1391,12.51,,,,,0,False,False,0.0,False,7.77,5.61,20.0,
241.35,26850,973.339,-275.796,-0.009,5.185,30.0,1391,-1,5.07,False,-1,True,True,0.75,0.0,-0.045,False,False,0.184,0.171,41.907,1391,12.51,,,,,0,False,False,0.0,False,7.51,5.6,20.0,
241.4,26851,973.535,-275.627,-0.008,5.183,30.0,1391,-1,5.33,False,-1,True,True,0.75,0.0,-0.043,False,False,0.146,0.129,41.538,1391,12.51,,,,,0,False,False,0.0,False,7.25,5.59,20.0,
241.45,26852,973.732,-275.459,-0.008,5.202,30.0,1391,-1,5.59,False,-1,True,True,0.75,0.0,-0.029,False,False,0.122,0.087,41.31,1391,12.51,,,,,0,False,False,0.0,False,6.99,5.59,20.0,
241.5,26853,973.93,-275.289,-0.008,5.23,30.0,1391,-1,5.85,False,-1,True,True,0.75,0.0,-0.031,False,False,0.113,0.067,41.035,1391,12.51,,,,,0,False,False,0.0,False,6.73,5.6,20.0,
241.55,26854,974.13,-275.12,-0.008,5.227,30.0,1391,-1,6.11,False,-1,True,True,0.75,0.0,-0.019,False,False,0.104,0.043,40.885,1391,12.51,,,,,0,False,False,0.0,False,6.47,5.62,20.0,
241.6,26855,974.329,-274.951,-0.008,5.222,30.0,1391,-1,6.37,False,-1,True,True,0.75,0.0,-0.023,False,False,0.092,0.035,40.68,1391,12.51,,,,,0,False,False,0.0,False,6.21,5.61,20.0,
241.65,26856,974.535,-274.777,-0.008,5.58,30.0,1391,-1,6.64,False,-1,True,True,0.75,0.0,-0.012,False,False,0.153,0.023,40.549,1391,12.51,,,,,0,False,False,0.0,False,5.94,5.61,20.0,
241.7,26857,974.759,-274.588,-0.01,5.995,30.0,1391,-1,6.94,False,-1,True,True,0.0,0.058,-0.013,False,False,0.31,0.023,40.398,1391,12.51,,,,,0,False,False,0.0,False,5.64,5.79,20.0,
241.75,26858,974.998,-274.393,-0.011,6.22,30.0,1391,-1,7.24,False,-1,True,True,0.0,0.3,-0.113,False,False,0.418,0.163,40.085,1391,16.08,,,,,0,False,False,0.0,False,9.31,6.0,20.0,
241.8,26859,975.246,-274.202,-0.011,6.263,30.0,1391,-1,7.56,False,-1,True,True,0.0,0.3,-0.13,False,False,0.421,0.388,39.351,1391,16.08,,,,,0,False,False,0.0,False,8.99,6.11,20.0,
241.85,26860,975.492,-274.014,-0.01,6.184,30.0,1391,-1,7.87,False,-1,True,True,0.0,0.3,-0.074,False,False,0.343,0.414,38.664,1391,16.08,,,,,0,False,False,0.0,False,8.68,6.13,20.0,
241.9,26861,975.735,-273.83,-0.009,6.054,30.0,1391,-1,8.17,False,-1,True,True,0.0,0.3,-0.055,False,False,0.227,0.344,38.047,1391,16.08,,,,,0,False,False,0.0,False,8.38,6.09,20.0,
241.95,26862,975.973,-273.652,-0.008,5.901,30.0,1391,-1,8.47,False,-1,True,True,0.0,0.3,-0.041,False,False,0.107,0.258,37.631,1391,16.08,,,,,0,False,False,0.0,False,8.08,6.03,20.0,
242.0,26863,976.204,-273.48,-0.007,5.721,30.0,1391,-1,8.76,False,-1,True,True,0.0,0.3,-0.042,False,False,-0.0,0.199,37.22,1391,16.08,,,,,0,False,False,0.0,False,7.79,5.95,20.0,
242.05,26864,976.429,-273.314,-0.006,5.531,30.0,1391,-1,9.19,False,-1,True,True,0.0,0.3,-0.029,False,False,-0.09,0.146,36.958,1391,16.08,,,,,0,False,False,0.0,False,7.52,5.86,20.0,
242.1,26865,976.647,-273.154,-0.006,5.362,30.0,1391,-1,9.46,False,-1,True,True,0.059,0.0,-0.031,False,False,-0.156,0.114,36.666,1391,16.08,,,,,0,False,False,0.0,False,7.24,5.77,20.0,
242.15,26866,976.86,-272.999,-0.005,5.22,30.0,1391,-1,9.73,False,-1,True,True,0.668,0.0,-0.02,False,False,-0.19,0.081,36.503,1391,16.08,,,,,0,False,False,0.0,False,6.98,5.68,20.0,
242.2,26867,977.068,-272.848,-0.005,5.093,30.0,1391,-1,9.98,False,-1,True,True,0.75,0.0,-0.023,False,False,-0.203,0.064,36.289,1391,16.08,,,,,0,False,False,0.0,False,6.72,5.61,20.0,
242.25,26868,977.273,-272.7,-0.005,5.054,30.0,1391,-1,10.0,False,-1,True,True,0.75,0.0,-0.013,False,False,-0.187,0.045,36.203,1391,16.08,,,,,0,False,False,0.0,False,6.47,5.55,20.0,
242.3,26869,977.478,-272.552,-0.006,5.047,30.0,1391,-1,10.16,False,-1,True,True,0.75,0.0,-0.018,False,False,-0.138,0.04,36.046,1391,16.08,,,,,0,False,False,0.0,False,6.22,5.53,20.0,
242.35,26870,977.681,-272.406,-0.006,4.868,30.0,1391,-1,10.41,False,-1,True,True,0.75,0.0,-0.008,False,False,-0.112,0.027,35.973,1391,16.08,,,,,0,False,False,0.0,False,5.97,5.52,20.0,
242.4,26871,977.869,-272.271,-0.006,4.498,30.0,1391,-1,10.64,False,-1,True,True,0.75,0.0,-0.012,False,False,-0.192,0.019,35.887,1391,16.08,,,,,0,False,False,0.0,False,5.74,5.43,20.0,
242.45,26872,978.045,-272.145,-0.005,4.271,30.0,1391,-1,10.86,False,-1,True,True,0.75,0.0,-0.008,False,False,-0.268,0.012,35.829,1391,16.08,,,,,0,False,False,0.0,False,5.52,5.25,20.0,
242.5,26873,978.216,-272.023,-0.005,4.158,30.0,1391,-1,11.17,False,-1,True,True,0.75,0.0,-0.008,False,False,-0.29,0.008,35.783,1391,16.08,,,,,0,False,False,0.0,False,5.31,5.14,20.0,
242.55,26874,978.384,-271.903,-0.005,4.126,30.0,1391,-1,11.38,False,-1,True,True,0.75,0.0,-0.007,False,False,-0.259,0.006,35.743,1391,16.08,,,,,0,False,False,0.0,False,5.1,5.08,20.0,
242.6,26875,978.553,-271.782,-0.006,4.147,30.0,1391,-1,11.59,False,-1,True,True,0.75,0.0,-0.006,False,False,-0.193,0.005,35.708,1391,16.08,,,,,0,False,False,0.0,False,4.9,5.06,20.0,
242.65,26876,978.725,-271.664,-0.006,4.191,30.0,1391,-1,11.8,False,-1,True,True,0.75,0.0,-0.106,False,False,-0.113,0.109,35.497,1952,1.39,,,,,0,False,False,0.0,False,8.18,5.07,20.0,
242.7,26877,978.905,-271.552,-0.007,4.239,30.0,1391,-1,12.01,False,-1,True,True,0.75,0.0,-0.206,False,False,-0.042,0.345,34.872,1952,1.39,,,,,0,False,False,0.0,False,7.98,5.1,20.0,
242.75,26878,979.091,-271.449,-0.007,4.284,30.0,1391,-1,12.22,False,-1,True,True,0.75,0.0,-0.306,False,False,0.01,0.637,33.775,1952,1.39,,,,,0,False,False,0.0,False,7.77,5.12,20.0,
242.8,26879,979.284,-271.358,-0.008,4.324,30.0,1391,-1,12.43,False,-1,True,True,0.75,0.0,-0.406,False,False,0.039,0.934,32.199,1952,1.39,,,,,0,False,False,0.0,False,7.56,5.14,20.0,
242.85,26880,979.483,-271.276,-0.008,4.401,30.0,1391,-1,12.64,False,-1,True,True,0.75,0.0,-0.392,False,False,0.06,1.127,30.305,1952,1.39,,,,,0,False,False,0.0,False,7.34,5.16,20.0,
242.9,26881,979.69,-271.198,-0.008,4.519,30.0,1391,-1,12.85,False,-1,True,True,0.75,0.0,-0.305,False,False,0.095,1.091,28.483,1952,1.39,,,,,0,False,False,0.0,False,7.12,5.2,20.0,
242.95,26882,979.903,-271.118,-0.008,4.641,30.0,1391,-1,13.07,False,-1,True,True,0.75,0.0,-0.249,False,False,0.139,0.91,26.911,1952,1.39,,,,,1,False,False,0.0,False,6.9,5.26,20.0,
243.0,26883,980.123,-271.039,-0.009,4.76,30.0,1391,-1,13.3,False,-1,True,True,0.75,0.0,-0.216,False,False,0.177,0.714,25.535,1952,1.39,,,,,1,False,False,0.0,False,6.66,5.32,20.0,
243.05,26884,980.349,-270.959,-0.009,4.876,30.0,1391,-1,13.53,False,-1,True,True,0.75,0.0,-0.185,False,False,0.207,0.544,24.317,1952,1.39,,,,,1,False,False,0.0,False,6.42,5.38,20.0,
243.1,26885,980.582,-270.879,-0.009,4.99,30.0,1391,-1,13.77,False,-1,True,True,0.75,0.0,-0.157,False,False,0.229,0.403,23.245,1952,1.39,,,,,1,False,False,0.0,False,6.18,5.44,20.0,
243.15,26886,980.821,-270.797,-0.009,5.102,30.0,1391,-1,14.0,False,-1,True,True,0.75,0.0,-0.132,False,False,0.246,0.283,22.314,1952,1.39,,,,,1,False,False,0.0,False,5.92,5.49,20.0,
243.2,26887,981.065,-270.715,-0.009,5.19,30.0,1391,-1,14.25,False,-1,True,True,0.75,0.0,-0.111,False,False,0.255,0.195,21.509,1952,1.39,,,,,1,False,False,0.0,False,5.67,5.55,20.0,
243.25,26888,981.311,-270.63,-0.011,5.277,30.0,1391,-1,14.51,False,-1,True,True,0.75,0.0,-0.093,False,False,0.102,-0.301,20.791,1952,1.39,,,,,1,False,False,0.0,False,5.41,5.6,20.0,
243.3,26889,981.552,-270.545,-0.019,5.199,30.0,1391,-1,14.76,False,-1,True,True,0.75,0.0,-0.193,False,False,-0.413,-1.508,20.074,1952,4.16,,,,,1,False,False,0.0,False,7.32,5.64,20.0,
243.35,26890,981.793,-270.468,-0.031,5.262,30.0,1391,-1,15.0,False,-1,True,True,0.75,0.0,-0.244,False,False,-1.174,-3.13,19.23,1952,4.16,,,,,1,False,False,0.0,False,7.07,5.6,20.0,
243.4,26891,982.033,-270.397,-0.048,5.19,30.0,1391,-1,15.24,False,-1,True,True,0.75,0.0,-0.211,False,False,-2.105,-5.153,18.284,1952,4.16,,,,,1,False,False,0.0,False,6.82,5.63,20.0,
243.45,26892,982.273,-270.33,-0.066,5.287,30.0,1391,-1,15.48,False,-1,True,True,0.75,0.0,-0.174,False,False,-3.188,-7.614,17.379,1952,4.16,,,,,1,False,False,0.0,False,6.57,5.6,20.0,
243.5,26893,982.478,-270.274,-0.059,4.026,30.0,1391,-1,15.69,False,-1,True,True,0.75,0.0,-0.15,False,False,-3.783,-8.467,16.594,1952,4.16,,,,,1,False,False,0.0,False,6.36,5.64,20.0,
