t,frame,x,y,z,speed_mps,speed_limit_kmh,road_id,lane_id,s,is_junction,junction_id,on_road,in_plan,throttle,brake,steer,hand_brake,reverse,pitch,roll,vehicle_yaw,agent_target_road,agent_target_s,sharp_conn,sharp_s,lat_off_m,body_excess_m,n_corner_offlane,sidewalk,opposite_lane,opposite_depth_m,mesh_out,target_dist_m,min_dist_m,set_speed_kmh,in_plan_lane
0.05,91229,217.845,-1087.414,-0.009,0.036,30.0,1247,-1,0.0,False,-1,True,True,0.0,0.0,0.0,False,False,0.067,0.003,87.211,1247,0.0,,,,,1,True,False,0.0,False,0.01,,20.0,
0.1,91230,217.845,-1087.414,-0.007,0.018,30.0,1247,-1,0.0,False,-1,True,True,0.75,0.0,-0.0,False,False,0.066,0.002,87.211,1247,5.88,,,,,1,True,False,0.0,False,5.88,3.02,20.0,
0.15,91231,217.845,-1087.414,-0.007,0.007,30.0,1247,-1,0.0,False,-1,True,True,0.75,0.0,-0.0,False,False,0.065,0.001,87.211,1247,5.88,,,,,1,True,False,0.0,False,5.88,3.01,20.0,
0.2,91232,217.845,-1087.414,-0.007,0.0,30.0,1247,-1,0.0,False,-1,True,True,0.75,0.0,-0.0,False,False,0.065,0.001,87.211,1247,5.88,,,,,1,True,False,0.0,False,5.88,3.0,20.0,
0.25,91233,217.845,-1087.414,-0.007,0.003,30.0,1247,-1,0.0,False,-1,True,True,0.75,0.0,-0.0,False,False,0.064,0.0,87.211,1247,5.88,,,,,1,True,False,0.0,False,5.88,3.0,20.0,
0.3,91234,217.845,-1087.414,-0.007,0.004,30.0,1247,-1,0.0,False,-1,True,True,0.75,0.0,-0.0,False,False,0.064,0.0,87.211,1247,5.88,,,,,1,True,False,0.0,False,5.88,3.0,20.0,
0.35,91235,217.845,-1087.414,-0.007,0.004,30.0,1247,-1,0.0,False,-1,True,True,0.75,0.0,-0.0,False,False,0.064,0.0,87.211,1247,5.88,,,,,1,True,False,0.0,False,5.88,3.0,20.0,
0.4,91236,217.845,-1087.414,-0.007,0.001,30.0,1247,-1,0.0,False,-1,True,True,0.75,0.0,-0.0,False,False,0.064,0.0,87.211,1247,5.88,,,,,1,True,False,0.0,False,5.88,3.0,20.0,
0.45,91237,217.845,-1087.414,-0.007,0.002,30.0,1247,-1,0.0,False,-1,True,True,0.75,0.0,-0.0,False,False,0.064,0.0,87.211,1247,5.88,,,,,1,True,False,0.0,False,5.88,3.0,20.0,
0.5,91238,217.845,-1087.414,-0.007,0.002,30.0,1247,-1,0.0,False,-1,True,True,0.75,0.0,-0.0,False,False,0.064,0.0,87.211,1247,5.88,,,,,1,True,False,0.0,False,5.88,3.0,20.0,
0.55,91239,217.845,-1087.414,-0.008,0.002,30.0,1247,-1,0.0,False,-1,True,True,0.75,0.0,-0.0,False,False,0.064,0.0,87.211,1247,5.88,,,,,1,True,False,0.0,False,5.88,3.0,20.0,
0.6,91240,217.845,-1087.414,-0.008,0.002,30.0,1247,-1,0.0,False,-1,True,True,0.75,0.0,-0.0,False,False,0.064,0.0,87.211,1247,5.88,,,,,1,True,False,0.0,False,5.88,3.0,20.0,
0.65,91241,217.845,-1087.414,-0.008,0.001,30.0,1247,-1,0.0,False,-1,True,True,0.75,0.0,-0.0,False,False,0.064,0.0,87.211,1247,5.88,,,,,1,True,False,0.0,False,5.88,3.0,20.0,
0.7,91242,217.845,-1087.414,-0.008,0.001,30.0,1247,-1,0.0,False,-1,True,True,0.75,0.0,-0.0,False,False,0.064,0.0,87.211,1247,5.88,,,,,1,True,False,0.0,False,5.88,3.0,20.0,
0.75,91243,217.845,-1087.414,-0.008,0.0,30.0,1247,-1,0.0,False,-1,True,True,0.75,0.0,-0.0,False,False,0.064,0.0,87.211,1247,5.88,,,,,1,True,False,0.0,False,5.88,3.0,20.0,
0.8,91244,217.846,-1087.412,-0.008,0.181,30.0,1247,-1,0.0,False,-1,True,True,0.75,0.0,-0.0,False,False,0.082,0.0,87.211,1247,5.88,,,,,1,True,False,0.0,False,5.88,3.0,20.0,
0.85,91245,217.847,-1087.38,-0.01,0.829,30.0,1247,-1,0.03,False,-1,True,True,0.75,0.0,-0.0,False,False,0.274,0.0,87.211,1247,5.88,,,,,1,True,False,0.0,False,5.85,3.09,20.0,
0.9,91246,217.85,-1087.325,-0.011,1.2,30.0,1247,-1,0.09,False,-1,True,True,0.75,0.0,-0.0,False,False,0.451,0.0,87.211,1247,5.88,,,,,1,True,False,0.0,False,5.8,3.41,20.0,
0.95,91247,217.853,-1087.257,-0.012,1.413,30.0,1247,-1,0.16,False,-1,True,True,0.75,0.0,-0.0,False,False,0.538,0.0,87.203,1247,5.88,,,,,1,True,False,0.0,False,5.73,3.6,20.0,
1.0,91248,217.856,-1087.186,-0.012,1.451,30.0,1247,-1,0.23,False,-1,True,True,0.75,0.0,0.001,False,False,0.518,-0.0,87.212,1247,5.88,,,,,1,True,False,0.0,False,5.66,3.71,20.0,
1.05,91249,217.86,-1087.112,-0.011,1.519,30.0,1247,-1,0.3,False,-1,True,True,0.75,0.0,-0.001,False,False,0.454,0.0,87.203,1247,5.88,,,,,1,True,False,0.0,False,5.58,3.73,20.0,
1.1,91250,217.864,-1087.034,-0.011,1.607,30.0,1247,-1,0.38,False,-1,True,True,0.75,0.0,0.001,False,False,0.391,-0.0,87.212,1247,5.88,,,,,1,True,False,0.0,False,5.5,3.76,20.0,
1.15,91251,217.868,-1086.951,-0.01,1.711,30.0,1247,-1,0.46,False,-1,True,True,0.75,0.0,-0.001,False,False,0.344,0.0,87.204,1247,5.88,,,,,0,False,False,0.0,False,5.42,3.8,20.0,
1.2,91252,217.872,-1086.863,-0.01,1.824,30.0,1247,-1,0.55,False,-1,True,True,0.75,0.0,0.001,False,False,0.314,-0.0,87.211,1247,5.88,,,,,0,False,False,0.0,False,5.33,3.86,20.0,
1.25,91253,217.877,-1086.769,-0.01,1.942,30.0,1247,-1,0.65,False,-1,True,True,0.75,0.0,-0.001,False,False,0.298,0.0,87.204,1247,5.88,,,,,0,False,False,0.0,False,5.24,3.91,20.0,
1.3,91254,217.882,-1086.668,-0.01,2.064,30.0,1247,-1,0.75,False,-1,True,True,0.75,0.0,0.001,False,False,0.29,-0.0,87.211,1247,5.88,,,,,0,False,False,0.0,False,5.14,3.97,20.0,
1.35,91255,217.887,-1086.561,-0.01,2.187,30.0,1247,-1,0.85,False,-1,True,True,0.75,0.0,-0.001,False,False,0.289,0.0,87.205,1247,5.88,,,,,0,False,False,0.0,False,5.03,4.03,20.0,
1.4,91256,217.892,-1086.448,-0.01,2.313,30.0,1247,-1,0.97,False,-1,True,True,0.75,0.0,0.001,False,False,0.29,-0.0,87.21,1247,5.88,,,,,0,False,False,0.0,False,4.92,4.09,20.0,
1.45,91257,217.898,-1086.329,-0.01,2.444,30.0,1247,-1,1.09,False,-1,True,True,0.75,0.0,-0.0,False,False,0.293,0.0,87.207,1247,5.88,,,,,0,False,False,0.0,False,4.8,4.16,20.0,
1.5,91258,217.904,-1086.203,-0.01,2.579,30.0,1247,-1,1.21,False,-1,True,True,0.75,0.0,0.0,False,False,0.299,-0.0,87.209,1247,5.88,,,,,0,False,False,0.0,False,4.67,4.22,20.0,
1.55,91259,217.911,-1086.07,-0.01,2.701,30.0,1247,-1,1.35,False,-1,True,True,0.75,0.0,-0.0,False,False,0.302,0.0,87.208,1247,5.88,,,,,0,False,False,0.0,False,4.54,4.29,20.0,
1.6,91260,217.918,-1085.932,-0.01,2.815,30.0,1247,-1,1.48,False,-1,True,True,0.75,0.0,0.0,False,False,0.3,-0.0,87.208,1247,5.88,,,,,0,False,False,0.0,False,4.4,4.35,20.0,
1.65,91261,217.925,-1085.788,-0.01,2.923,30.0,1247,-1,1.63,False,-1,True,True,0.75,0.0,0.0,False,False,0.295,-0.0,87.209,1247,9.81,,,,,0,False,False,0.0,False,8.18,4.41,20.0,
1.7,91262,217.932,-1085.639,-0.01,3.03,30.0,1247,-1,1.78,False,-1,True,True,0.75,0.0,0.0,False,False,0.289,-0.0,87.209,1247,9.81,,,,,0,False,False,0.0,False,8.03,4.46,20.0,
1.75,91263,217.939,-1085.485,-0.01,3.136,30.0,1247,-1,1.93,False,-1,True,True,0.75,0.0,0.0,False,False,0.282,-0.0,87.209,1247,9.81,,,,,0,False,False,0.0,False,7.87,4.52,20.0,
1.8,91264,217.947,-1085.325,-0.01,3.243,30.0,1247,-1,2.09,False,-1,True,True,0.75,0.0,0.0,False,False,0.277,-0.0,87.209,1247,9.81,,,,,0,False,False,0.0,False,7.71,4.57,20.0,
1.85,91265,217.955,-1085.16,-0.01,3.35,30.0,1247,-1,2.26,False,-1,True,True,0.75,0.0,0.0,False,False,0.274,-0.0,87.209,1247,9.81,,,,,0,False,False,0.0,False,7.55,4.62,20.0,
1.9,91266,217.964,-1084.989,-0.01,3.459,30.0,1247,-1,2.43,False,-1,True,True,0.75,0.0,0.0,False,False,0.272,0.0,87.209,1247,9.81,,,,,0,False,False,0.0,False,7.38,4.68,20.0,
1.95,91267,217.972,-1084.813,-0.01,3.569,30.0,1247,-1,2.6,False,-1,True,True,0.75,0.0,0.0,False,False,0.271,0.0,87.209,1247,9.81,,,,,0,False,False,0.0,False,7.2,4.73,20.0,
2.0,91268,217.981,-1084.632,-0.01,3.68,30.0,1247,-1,2.79,False,-1,True,True,0.75,0.0,0.0,False,False,0.271,0.0,87.209,1247,9.81,,,,,0,False,False,0.0,False,7.02,4.78,20.0,
2.05,91269,217.99,-1084.444,-0.01,3.791,30.0,1247,-1,2.97,False,-1,True,True,0.75,0.0,0.0,False,False,0.272,0.0,87.209,1247,9.81,,,,,0,False,False,0.0,False,6.83,4.84,20.0,
2.1,91270,217.999,-1084.252,-0.01,3.902,30.0,1247,-1,3.17,False,-1,True,True,0.75,0.0,-0.0,False,False,0.273,0.0,87.21,1247,9.81,,,,,0,False,False,0.0,False,6.64,4.9,20.0,
2.15,91271,218.009,-1084.054,-0.01,4.013,30.0,1247,-1,3.36,False,-1,True,True,0.75,0.0,0.0,False,False,0.274,0.0,87.21,1247,9.81,,,,,0,False,False,0.0,False,6.44,4.95,20.0,
2.2,91272,218.019,-1083.85,-0.01,4.123,30.0,1247,-1,3.57,False,-1,True,True,0.75,0.0,-0.0,False,False,0.274,0.0,87.21,1247,9.81,,,,,0,False,False,0.0,False,6.24,5.01,20.0,
2.25,91273,218.029,-1083.641,-0.01,4.232,30.0,1247,-1,3.78,False,-1,True,True,0.75,0.0,0.0,False,False,0.274,0.0,87.21,1247,9.81,,,,,0,False,False,0.0,False,6.03,5.06,20.0,
2.3,91274,218.04,-1083.426,-0.01,4.341,30.0,1247,-1,3.99,False,-1,True,True,0.75,0.0,-0.0,False,False,0.273,0.0,87.21,1247,9.81,,,,,0,False,False,0.0,False,5.81,5.12,20.0,
2.35,91275,218.05,-1083.206,-0.01,4.449,30.0,1247,-1,4.21,False,-1,True,True,0.75,0.0,0.0,False,False,0.273,-0.0,87.21,1247,9.81,,,,,0,False,False,0.0,False,5.59,5.17,20.0,
2.4,91276,218.061,-1082.981,-0.01,4.557,30.0,1247,-1,4.44,False,-1,True,True,0.75,0.0,-0.0,False,False,0.272,0.0,87.21,1247,9.81,,,,,0,False,False,0.0,False,5.37,5.22,20.0,
2.45,91277,218.073,-1082.75,-0.01,4.664,30.0,1247,-1,4.67,False,-1,True,True,0.75,0.0,0.0,False,False,0.271,0.0,87.21,1247,9.81,,,,,0,False,False,0.0,False,5.14,5.28,20.0,
2.5,91278,218.084,-1082.514,-0.01,4.77,30.0,1247,-1,4.91,False,-1,True,True,0.75,0.0,0.0,False,False,0.27,-0.0,87.21,1247,13.73,,,,,0,False,False,0.0,False,8.82,5.33,20.0,
2.55,91279,218.096,-1082.272,-0.01,4.875,30.0,1247,-1,5.15,False,-1,True,True,0.75,0.0,0.0,False,False,0.269,-0.0,87.21,1247,13.73,,,,,0,False,False,0.0,False,8.58,5.38,20.0,
2.6,91280,218.108,-1082.026,-0.01,4.98,30.0,1247,-1,5.39,False,-1,True,True,0.75,0.0,-0.0,False,False,0.268,-0.0,87.21,1247,13.73,,,,,0,False,False,0.0,False,8.33,5.44,20.0,
2.65,91281,218.12,-1081.774,-0.009,5.084,30.0,1247,-1,5.65,False,-1,True,True,0.75,0.0,0.0,False,False,0.266,-0.0,87.21,1247,13.73,,,,,0,False,False,0.0,False,8.08,5.49,20.0,
2.7,91282,218.133,-1081.517,-0.009,5.211,30.0,1247,-1,5.9,False,-1,True,True,0.75,0.0,0.0,False,False,0.267,-0.0,87.21,1247,13.73,,,,,0,False,False,0.0,False,7.82,5.54,20.0,
2.75,91283,218.145,-1081.255,-0.009,5.248,30.0,1247,-1,6.17,False,-1,True,True,0.75,0.0,0.0,False,False,0.26,-0.0,87.21,1247,13.73,,,,,0,False,False,0.0,False,7.56,5.61,20.0,
2.8,91284,218.159,-1080.988,-0.009,5.421,30.0,1247,-1,6.43,False,-1,True,True,0.75,0.0,0.0,False,False,0.262,-0.0,87.216,1247,13.73,,,,,0,False,False,0.0,False,7.3,5.62,20.0,
2.85,91285,218.171,-1080.719,-0.009,5.344,30.0,1247,-1,6.7,False,-1,True,True,0.542,0.0,-0.001,False,False,0.234,0.001,87.194,1247,13.73,,,,,0,False,False,0.0,False,7.03,5.71,20.0,
2.9,91286,218.185,-1080.452,-0.009,5.383,30.0,1247,-1,6.97,False,-1,True,True,0.75,0.0,0.002,False,False,0.189,-0.003,87.218,1247,13.73,,,,,0,False,False,0.0,False,6.76,5.67,20.0,
2.95,91287,218.197,-1080.186,-0.008,5.296,30.0,1247,-1,7.24,False,-1,True,True,0.663,0.0,-0.002,False,False,0.139,0.001,87.183,1247,13.73,,,,,0,False,False,0.0,False,6.49,5.69,20.0,
3.0,91288,218.21,-1079.92,-0.008,5.36,30.0,1247,-1,7.5,False,-1,True,True,0.75,0.0,0.003,False,False,0.111,-0.003,87.206,1247,13.73,,,,,0,False,False,0.0,False,6.23,5.65,20.0,
3.05,91289,218.223,-1079.654,-0.008,5.3,30.0,1247,-1,7.77,False,-1,True,True,0.734,0.0,-0.002,False,False,0.09,0.0,87.174,1247,13.73,,,,,0,False,False,0.0,False,5.96,5.68,20.0,
3.1,91290,218.236,-1079.387,-0.008,5.388,30.0,1247,-1,8.04,False,-1,True,True,0.75,0.0,0.003,False,False,0.089,-0.003,87.199,1247,13.73,,,,,0,False,False,0.0,False,5.69,5.65,20.0,
3.15,91291,218.249,-1079.12,-0.008,5.313,30.0,1247,-1,8.3,False,-1,True,True,0.625,0.0,-0.001,False,False,0.08,0.0,87.169,1247,17.65,,,,,0,False,False,0.0,False,9.35,5.69,20.0,
3.2,91292,218.262,-1078.853,-0.008,5.38,30.0,1247,-1,8.57,False,-1,True,True,0.75,0.0,0.003,False,False,0.078,-0.002,87.201,1247,17.65,,,,,0,False,False,0.0,False,9.08,5.66,20.0,
3.25,91293,218.275,-1078.573,-0.009,5.744,30.0,1247,-1,8.85,False,-1,True,True,0.652,0.0,-0.002,False,False,0.167,0.003,87.155,1247,17.65,,,,,0,False,False,0.0,False,8.8,5.69,20.0,
3.3,91294,218.29,-1078.271,-0.01,6.171,30.0,1247,-1,9.15,False,-1,True,True,0.0,0.3,0.005,False,False,0.322,-0.003,87.152,1247,17.65,,,,,0,False,False,0.0,False,8.5,5.87,20.0,
3.35,91295,218.305,-1077.959,-0.011,6.27,30.0,1247,-1,9.47,False,-1,True,True,0.0,0.3,0.002,False,False,0.4,-0.005,87.164,1247,17.65,,,,,0,False,False,0.0,False,8.18,6.09,20.0,
3.4,91296,218.32,-1077.643,-0.011,6.361,30.0,1247,-1,9.78,False,-1,True,True,0.0,0.3,0.0,False,False,0.393,-0.001,87.172,1247,17.65,,,,,0,False,False,0.0,False,7.87,6.13,20.0,
3.45,91297,218.335,-1077.33,-0.01,6.219,30.0,1247,-1,10.1,False,-1,True,True,0.0,0.3,0.0,False,False,0.311,0.002,87.174,1247,17.65,,,,,0,False,False,0.0,False,7.55,6.18,20.0,
3.5,91298,218.351,-1077.022,-0.009,6.141,30.0,1247,-1,10.4,False,-1,True,True,0.0,0.3,0.001,False,False,0.202,0.003,87.194,1247,17.65,,,,,0,False,False,0.0,False,7.25,6.11,20.0,
3.55,91299,218.365,-1076.724,-0.008,5.908,30.0,1247,-1,10.7,False,-1,True,True,0.0,0.3,-0.001,False,False,0.08,0.006,87.172,1247,17.65,,,,,0,False,False,0.0,False,6.95,6.07,20.0,
3.6,91300,218.38,-1076.433,-0.007,5.778,30.0,1247,-1,10.99,False,-1,True,True,0.0,0.3,0.003,False,False,-0.024,0.002,87.202,1247,17.65,,,,,0,False,False,0.0,False,6.66,5.95,20.0,
3.65,91301,218.393,-1076.153,-0.006,5.515,30.0,1247,-1,11.27,False,-1,True,True,0.0,0.3,-0.002,False,False,-0.116,0.004,87.178,1247,17.65,,,,,0,False,False,0.0,False,6.38,5.89,20.0,
3.7,91302,218.407,-1075.882,-0.006,5.405,30.0,1247,-1,11.55,False,-1,True,True,0.11,0.0,0.002,False,False,-0.176,0.0,87.207,1247,17.65,,,,,0,False,False,0.0,False,6.11,5.76,20.0,
3.75,91303,218.419,-1075.619,-0.005,5.195,30.0,1247,-1,11.81,False,-1,True,True,0.506,0.0,-0.002,False,False,-0.211,0.002,87.175,1247,17.65,,,,,0,False,False,0.0,False,5.84,5.7,20.0,
3.8,91304,218.432,-1075.361,-0.005,5.14,30.0,1247,-1,12.07,False,-1,True,True,0.75,0.0,0.003,False,False,-0.215,-0.003,87.199,1247,17.65,,,,,0,False,False,0.0,False,5.58,5.6,20.0,
3.85,91305,218.444,-1075.107,-0.005,5.048,30.0,1247,-1,12.32,False,-1,True,True,0.75,0.0,-0.001,False,False,-0.191,-0.0,87.173,1247,17.65,,,,,0,False,False,0.0,False,5.33,5.57,20.0,
3.9,91306,218.457,-1074.853,-0.006,5.116,30.0,1247,-1,12.58,False,-1,True,True,0.75,0.0,0.003,False,False,-0.134,-0.003,87.208,1247,21.57,,,,,0,False,False,0.0,False,9.0,5.52,20.0,
3.95,91307,218.469,-1074.605,-0.006,4.812,30.0,1247,-1,12.82,False,-1,True,True,0.75,0.0,-0.002,False,False,-0.131,0.001,87.192,1247,21.57,,,,,0,False,False,0.0,False,8.75,5.56,20.0,
4.0,91308,218.48,-1074.376,-0.005,4.467,30.0,1247,-1,13.05,False,-1,True,True,0.75,0.0,0.002,False,False,-0.217,0.0,87.176,1247,21.57,,,,,0,False,False,0.0,False,8.52,5.41,20.0,
4.05,91309,218.49,-1074.161,-0.005,4.26,30.0,1247,-1,13.27,False,-1,True,True,0.75,0.0,0.002,False,False,-0.284,-0.002,87.179,1247,21.57,,,,,0,False,False,0.0,False,8.3,5.23,20.0,
4.1,91310,218.5,-1073.951,-0.005,4.162,30.0,1247,-1,13.48,False,-1,True,True,0.75,0.0,0.001,False,False,-0.295,-0.001,87.184,1247,21.57,,,,,0,False,False,0.0,False,8.1,5.13,20.0,
4.15,91311,218.51,-1073.744,-0.005,4.141,30.0,1247,-1,13.69,False,-1,True,True,0.75,0.0,0.0,False,False,-0.255,0.0,87.187,1247,21.57,,,,,0,False,False,0.0,False,7.89,5.08,20.0,
4.2,91312,218.521,-1073.536,-0.006,4.168,30.0,1247,-1,13.89,False,-1,True,True,0.75,0.0,0.0,False,False,-0.183,0.001,87.189,1247,21.57,,,,,0,False,False,0.0,False,7.68,5.07,20.0,
4.25,91313,218.531,-1073.325,-0.006,4.226,30.0,1247,-1,14.11,False,-1,True,True,0.75,0.0,0.0,False,False,-0.099,0.001,87.191,1247,21.57,,,,,0,False,False,0.0,False,7.47,5.08,20.0,
4.3,91314,218.541,-1073.111,-0.007,4.303,30.0,1247,-1,14.32,False,-1,True,True,0.75,0.0,0.0,False,False,-0.018,0.001,87.193,1247,21.57,,,,,0,False,False,0.0,False,7.25,5.11,20.0,
4.35,91315,218.552,-1072.893,-0.008,4.391,30.0,1247,-1,14.54,False,-1,True,True,0.75,0.0,0.0,False,False,0.054,0.001,87.195,1247,21.57,,,,,0,False,False,0.0,False,7.04,5.15,20.0,
4.4,91316,218.563,-1072.67,-0.008,4.486,30.0,1247,-1,14.76,False,-1,True,True,0.75,0.0,0.0,False,False,0.113,0.0,87.196,1247,21.57,,,,,0,False,False,0.0,False,6.81,5.2,20.0,
4.45,91317,218.574,-1072.443,-0.009,4.586,30.0,1247,-1,14.99,False,-1,True,True,0.75,0.0,0.0,False,False,0.159,0.0,87.197,1247,21.57,,,,,0,False,False,0.0,False,6.58,5.24,20.0,
4.5,91318,218.585,-1072.21,-0.009,4.688,30.0,1247,-1,15.22,False,-1,True,True,0.75,0.0,0.0,False,False,0.193,0.0,87.198,1247,21.57,,,,,0,False,False,0.0,False,6.35,5.29,20.0,
4.55,91319,218.597,-1071.973,-0.009,4.791,30.0,1247,-1,15.46,False,-1,True,True,0.75,0.0,0.0,False,False,0.217,0.0,87.199,1247,21.57,,,,,0,False,False,0.0,False,6.11,5.34,20.0,
4.6,91320,218.609,-1071.73,-0.009,4.895,30.0,1247,-1,15.7,False,-1,True,True,0.75,0.0,0.0,False,False,0.234,0.0,87.2,1247,21.57,,,,,0,False,False,0.0,False,5.87,5.4,20.0,
4.65,91321,218.621,-1071.483,-0.009,4.999,30.0,1247,-1,15.95,False,-1,True,True,0.75,0.0,0.0,False,False,0.245,0.0,87.201,1247,21.57,,,,,0,False,False,0.0,False,5.62,5.45,20.0,
4.7,91322,218.633,-1071.23,-0.009,5.102,30.0,1247,-1,16.2,False,-1,True,True,0.75,0.0,0.0,False,False,0.253,0.0,87.202,1247,21.57,,,,,0,False,False,0.0,False,5.37,5.5,20.0,
4.75,91323,218.646,-1070.972,-0.009,5.235,30.0,1247,-1,16.46,False,-1,True,True,0.75,0.0,0.0,False,False,0.259,-0.001,87.203,1247,25.5,,,,,0,False,False,0.0,False,9.03,5.55,20.0,
4.8,91324,218.659,-1070.709,-0.009,5.266,30.0,1247,-1,16.72,False,-1,True,True,0.75,0.0,0.0,False,False,0.255,-0.0,87.204,1247,25.5,,,,,0,False,False,0.0,False,8.77,5.62,20.0,
4.85,91325,218.672,-1070.441,-0.009,5.441,30.0,1247,-1,16.99,False,-1,True,True,0.75,0.0,0.0,False,False,0.26,-0.0,87.208,1247,25.5,,,,,0,False,False,0.0,False,8.5,5.63,20.0,
4.9,91326,218.685,-1070.171,-0.009,5.374,30.0,1247,-1,17.26,False,-1,True,True,0.468,0.0,-0.0,False,False,0.236,0.001,87.189,1247,25.5,,,,,0,False,False,0.0,False,8.23,5.72,20.0,
4.95,91327,218.698,-1069.902,-0.009,5.405,30.0,1247,-1,17.53,False,-1,True,True,0.702,0.0,0.002,False,False,0.191,-0.003,87.214,1247,25.5,,,,,0,False,False,0.0,False,7.96,5.69,20.0,
5.0,91328,218.711,-1069.636,-0.008,5.307,30.0,1247,-1,17.8,False,-1,True,True,0.581,0.0,-0.002,False,False,0.138,0.001,87.179,1247,25.5,,,,,0,False,False,0.0,False,7.7,5.7,20.0,
5.05,91329,218.724,-1069.37,-0.008,5.353,30.0,1247,-1,18.07,False,-1,True,True,0.75,0.0,0.003,False,False,0.102,-0.003,87.203,1247,25.5,,,,,0,False,False,0.0,False,7.43,5.65,20.0,
5.1,91330,218.736,-1069.105,-0.008,5.278,30.0,1247,-1,18.33,False,-1,True,True,0.75,0.0,-0.002,False,False,0.075,0.0,87.17,1247,25.5,,,,,0,False,False,0.0,False,7.17,5.68,20.0,
5.15,91331,218.749,-1068.839,-0.008,5.358,30.0,1247,-1,18.6,False,-1,True,True,0.75,0.0,0.003,False,False,0.071,-0.003,87.195,1247,25.5,,,,,0,False,False,0.0,False,6.9,5.64,20.0,
5.2,91332,218.762,-1068.573,-0.008,5.305,30.0,1247,-1,18.86,False,-1,True,True,0.732,0.0,-0.001,False,False,0.069,0.001,87.164,1247,25.5,,,,,0,False,False,0.0,False,6.63,5.68,20.0,
5.25,91333,218.775,-1068.306,-0.008,5.371,30.0,1247,-1,19.13,False,-1,True,True,0.75,0.0,0.003,False,False,0.073,-0.002,87.196,1247,25.5,,,,,0,False,False,0.0,False,6.37,5.65,20.0,
5.3,91334,218.788,-1068.04,-0.008,5.298,30.0,1247,-1,19.4,False,-1,True,True,0.683,0.0,-0.002,False,False,0.067,0.002,87.17,1247,25.5,,,,,0,False,False,0.0,False,6.1,5.69,20.0,
5.35,91335,218.802,-1067.76,-0.009,5.81,30.0,1247,-1,19.68,False,-1,True,True,0.75,0.0,0.003,False,False,0.168,-0.001,87.219,1247,25.5,,,,,0,False,False,0.0,False,5.82,5.65,20.0,
5.4,91336,218.817,-1067.459,-0.01,6.11,30.0,1247,-1,19.98,False,-1,True,True,0.0,0.3,-0.003,False,False,0.321,0.004,87.229,1247,29.42,,,,,0,False,False,0.0,False,9.44,5.9,20.0,
5.45,91337,218.832,-1067.144,-0.011,6.377,30.0,1247,-1,20.29,False,-1,True,True,0.0,0.3,-0.001,False,False,0.417,0.007,87.224,1247,29.42,,,,,0,False,False,0.0,False,9.12,6.06,20.0,
5.5,91338,218.848,-1066.826,-0.011,6.355,30.0,1247,-1,20.61,False,-1,True,True,0.0,0.3,-0.0,False,False,0.412,0.003,87.219,1247,29.42,,,,,0,False,False,0.0,False,8.81,6.19,20.0,
5.55,91339,218.863,-1066.509,-0.01,6.357,30.0,1247,-1,20.93,False,-1,True,True,0.0,0.3,-0.0,False,False,0.342,0.0,87.216,1247,29.42,,,,,0,False,False,0.0,False,8.49,6.18,20.0,
5.6,91340,218.879,-1066.198,-0.009,6.165,30.0,1247,-1,21.24,False,-1,True,True,0.0,0.3,-0.0,False,False,0.226,-0.001,87.227,1247,29.42,,,,,0,False,False,0.0,False,8.18,6.18,20.0,
5.65,91341,218.893,-1065.894,-0.008,6.054,30.0,1247,-1,21.55,False,-1,True,True,0.0,0.3,-0.001,False,False,0.107,0.0,87.199,1247,29.42,,,,,0,False,False,0.0,False,7.87,6.08,20.0,
5.7,91342,218.908,-1065.6,-0.007,5.806,30.0,1247,-1,21.84,False,-1,True,True,0.0,0.3,0.002,False,False,-0.008,-0.004,87.224,1247,29.42,,,,,0,False,False,0.0,False,7.58,6.03,20.0,
5.75,91343,218.921,-1065.315,-0.006,5.666,30.0,1247,-1,22.13,False,-1,True,True,0.0,0.3,-0.002,False,False,-0.098,-0.001,87.197,1247,29.42,,,,,0,False,False,0.0,False,7.29,5.9,20.0,
5.8,91344,218.935,-1065.041,-0.006,5.396,30.0,1247,-1,22.4,False,-1,True,True,0.0,0.3,0.002,False,False,-0.175,-0.003,87.224,1247,29.42,,,,,0,False,False,0.0,False,7.02,5.83,20.0,
5.85,91345,218.948,-1064.776,-0.005,5.283,30.0,1247,-1,22.67,False,-1,True,True,0.535,0.0,-0.002,False,False,-0.221,0.0,87.195,1247,29.42,,,,,0,False,False,0.0,False,6.75,5.7,20.0,
5.9,91346,218.96,-1064.518,-0.005,5.08,30.0,1247,-1,22.92,False,-1,True,True,0.75,0.0,0.002,False,False,-0.242,-0.001,87.23,1247,29.42,,,,,0,False,False,0.0,False,6.5,5.64,20.0,
5.95,91347,218.973,-1064.264,-0.005,5.123,30.0,1247,-1,23.18,False,-1,True,True,0.75,0.0,-0.003,False,False,-0.213,0.004,87.214,1247,29.42,,,,,0,False,False,0.0,False,6.24,5.54,20.0,
6.0,91348,218.986,-1064.009,-0.006,5.048,30.0,1247,-1,23.43,False,-1,True,True,0.75,0.0,0.001,False,False,-0.16,0.002,87.247,1247,29.42,,,,,0,False,False,0.0,False,5.99,5.56,20.0,
6.05,91349,218.997,-1063.761,-0.006,4.802,30.0,1247,-1,23.68,False,-1,True,True,0.75,0.0,-0.003,False,False,-0.152,0.004,87.212,1247,29.42,,,,,0,False,False,0.0,False,5.74,5.52,20.0,
6.1,91350,219.008,-1063.534,-0.005,4.435,30.0,1247,-1,23.91,False,-1,True,True,0.75,0.0,0.002,False,False,-0.24,0.0,87.18,1247,29.42,,,,,0,False,False,0.0,False,5.51,5.4,20.0,
6.15,91351,219.019,-1063.32,-0.005,4.211,30.0,1247,-1,24.12,False,-1,True,True,0.75,0.0,0.003,False,False,-0.31,-0.005,87.181,1247,29.42,,,,,0,False,False,0.0,False,5.3,5.22,20.0,
6.2,91352,219.029,-1063.114,-0.005,4.1,30.0,1247,-1,24.33,False,-1,True,True,0.75,0.0,0.001,False,False,-0.323,-0.004,87.186,1247,29.42,,,,,0,False,False,0.0,False,5.09,5.11,20.0,
6.25,91353,219.038,-1062.91,-0.005,4.071,30.0,1247,-1,24.53,False,-1,True,True,0.75,0.0,0.0,False,False,-0.282,-0.001,87.188,1247,29.42,,,,,0,False,False,0.0,False,4.89,5.05,20.0,
6.3,91354,219.048,-1062.705,-0.006,4.094,30.0,1247,-1,24.74,False,-1,True,True,0.75,0.0,0.001,False,False,-0.207,-0.001,87.191,1247,33.34,,,,,0,False,False,0.0,False,8.6,5.04,20.0,
6.35,91355,219.058,-1062.498,-0.006,4.15,30.0,1247,-1,24.95,False,-1,True,True,0.75,0.0,0.0,False,False,-0.119,0.0,87.193,1247,33.34,,,,,0,False,False,0.0,False,8.4,5.05,20.0,
6.4,91356,219.069,-1062.288,-0.007,4.226,30.0,1247,-1,25.16,False,-1,True,True,0.75,0.0,0.0,False,False,-0.033,0.0,87.195,1247,33.34,,,,,0,False,False,0.0,False,8.19,5.08,20.0,
6.45,91357,219.079,-1062.074,-0.008,4.314,30.0,1247,-1,25.37,False,-1,True,True,0.75,0.0,0.0,False,False,0.043,0.001,87.197,1247,33.34,,,,,0,False,False,0.0,False,7.97,5.11,20.0,
6.5,91358,219.09,-1061.855,-0.008,4.409,30.0,1247,-1,25.59,False,-1,True,True,0.75,0.0,0.0,False,False,0.106,0.0,87.198,1247,33.34,,,,,0,False,False,0.0,False,7.75,5.16,20.0,
6.55,91359,219.101,-1061.631,-0.009,4.509,30.0,1247,-1,25.81,False,-1,True,True,0.75,0.0,0.0,False,False,0.154,0.0,87.199,1247,33.34,,,,,0,False,False,0.0,False,7.53,5.2,20.0,
6.6,91360,219.112,-1061.403,-0.009,4.612,30.0,1247,-1,26.04,False,-1,True,True,0.75,0.0,0.0,False,False,0.19,0.0,87.2,1247,33.34,,,,,0,False,False,0.0,False,7.3,5.25,20.0,
6.65,91361,219.123,-1061.169,-0.009,4.715,30.0,1247,-1,26.28,False,-1,True,True,0.75,0.0,0.0,False,False,0.216,0.0,87.201,1247,33.34,,,,,0,False,False,0.0,False,7.06,5.31,20.0,
6.7,91362,219.135,-1060.93,-0.009,4.82,30.0,1247,-1,26.52,False,-1,True,True,0.75,0.0,0.0,False,False,0.234,0.0,87.202,1247,33.34,,,,,0,False,False,0.0,False,6.83,5.36,20.0,
6.75,91363,219.147,-1060.686,-0.009,4.924,30.0,1247,-1,26.76,False,-1,True,True,0.75,0.0,0.0,False,False,0.245,0.0,87.203,1247,33.34,,,,,0,False,False,0.0,False,6.58,5.41,20.0,
6.8,91364,219.159,-1060.437,-0.009,5.028,30.0,1247,-1,27.01,False,-1,True,True,0.75,0.0,0.0,False,False,0.253,0.0,87.204,1247,33.34,,,,,0,False,False,0.0,False,6.33,5.46,20.0,
6.85,91365,219.172,-1060.183,-0.009,5.13,30.0,1247,-1,27.26,False,-1,True,True,0.75,0.0,0.0,False,False,0.258,0.0,87.204,1247,33.34,,,,,0,False,False,0.0,False,6.08,5.51,20.0,
6.9,91366,219.184,-1059.923,-0.009,5.268,30.0,1247,-1,27.52,False,-1,True,True,0.75,0.0,0.0,False,False,0.261,0.0,87.205,1247,33.34,,,,,0,False,False,0.0,False,5.82,5.56,20.0,
6.95,91367,219.197,-1059.66,-0.009,5.294,30.0,1247,-1,27.79,False,-1,True,True,0.75,0.0,0.0,False,False,0.256,0.0,87.202,1247,33.34,,,,,0,False,False,0.0,False,5.55,5.63,20.0,
7.0,91368,219.21,-1059.392,-0.009,5.382,30.0,1247,-1,28.06,False,-1,True,True,0.75,0.0,0.001,False,False,0.244,-0.001,87.219,1247,37.26,,,,,0,False,False,0.0,False,9.21,5.65,20.0,
7.05,91369,219.223,-1059.126,-0.009,5.295,30.0,1247,-1,28.32,False,-1,True,True,0.676,0.0,-0.002,False,False,0.197,0.002,87.185,1247,37.26,,,,,0,False,False,0.0,False,8.94,5.69,20.0,
7.1,91370,219.236,-1058.86,-0.008,5.359,30.0,1247,-1,28.59,False,-1,True,True,0.75,0.0,0.003,False,False,0.159,-0.003,87.209,1247,37.26,,,,,0,False,False,0.0,False,8.68,5.65,20.0,
7.15,91371,219.249,-1058.595,-0.008,5.3,30.0,1247,-1,28.85,False,-1,True,True,0.747,0.0,-0.002,False,False,0.126,0.0,87.176,1247,37.26,,,,,0,False,False,0.0,False,8.41,5.68,20.0,
7.2,91372,219.262,-1058.328,-0.008,5.389,30.0,1247,-1,29.12,False,-1,True,True,0.75,0.0,0.003,False,False,0.115,-0.003,87.201,1247,37.26,,,,,0,False,False,0.0,False,8.14,5.65,20.0,
7.25,91373,219.274,-1058.061,-0.008,5.314,30.0,1247,-1,29.39,False,-1,True,True,0.628,0.0,-0.002,False,False,0.098,0.0,87.17,1247,37.26,,,,,0,False,False,0.0,False,7.88,5.69,20.0,
7.3,91374,219.287,-1057.794,-0.008,5.38,30.0,1247,-1,29.66,False,-1,True,True,0.75,0.0,0.003,False,False,0.09,-0.003,87.201,1247,37.26,,,,,0,False,False,0.0,False,7.61,5.66,20.0,
7.35,91375,219.301,-1057.514,-0.009,5.745,30.0,1247,-1,29.94,False,-1,True,True,0.653,0.0,-0.002,False,False,0.175,0.003,87.155,1247,37.26,,,,,0,False,False,0.0,False,7.33,5.69,20.0,
7.4,91376,219.315,-1057.212,-0.01,6.174,30.0,1247,-1,30.24,False,-1,True,True,0.0,0.3,0.005,False,False,0.328,-0.003,87.151,1247,37.26,,,,,0,False,False,0.0,False,7.03,5.87,20.0,
7.45,91377,219.33,-1056.899,-0.011,6.274,30.0,1247,-1,30.55,False,-1,True,True,0.0,0.3,0.002,False,False,0.404,-0.005,87.163,1247,37.26,,,,,0,False,False,0.0,False,6.71,6.09,20.0,
7.5,91378,219.346,-1056.583,-0.011,6.366,30.0,1247,-1,30.87,False,-1,True,True,0.0,0.3,0.0,False,False,0.396,-0.001,87.171,1247,37.26,,,,,0,False,False,0.0,False,6.4,6.14,20.0,
7.55,91379,219.361,-1056.27,-0.01,6.224,30.0,1247,-1,31.18,False,-1,True,True,0.0,0.3,0.0,False,False,0.313,0.002,87.172,1247,37.26,,,,,0,False,False,0.0,False,6.08,6.18,20.0,
7.6,91380,219.376,-1055.962,-0.009,6.147,30.0,1247,-1,31.49,False,-1,True,True,0.0,0.3,0.001,False,False,0.204,0.002,87.194,1247,41.19,,,,,0,False,False,0.0,False,9.7,6.11,20.0,
7.65,91381,219.391,-1055.663,-0.008,5.914,30.0,1247,-1,31.79,False,-1,True,True,0.0,0.3,-0.001,False,False,0.081,0.005,87.173,1247,41.19,,,,,0,False,False,0.0,False,9.4,6.07,20.0,
7.7,91382,219.405,-1055.372,-0.007,5.784,30.0,1247,-1,32.08,False,-1,True,True,0.0,0.3,0.002,False,False,-0.023,0.001,87.204,1247,41.19,,,,,0,False,False,0.0,False,9.11,5.96,20.0,
7.75,91383,219.419,-1055.092,-0.006,5.521,30.0,1247,-1,32.36,False,-1,True,True,0.0,0.3,-0.002,False,False,-0.115,0.004,87.18,1247,41.19,,,,,0,False,False,0.0,False,8.83,5.89,20.0,
7.8,91384,219.432,-1054.82,-0.006,5.41,30.0,1247,-1,32.63,False,-1,True,True,0.088,0.0,0.002,False,False,-0.176,0.0,87.208,1247,41.19,,,,,0,False,False,0.0,False,8.55,5.76,20.0,
7.85,91385,219.445,-1054.557,-0.005,5.199,30.0,1247,-1,32.9,False,-1,True,True,0.486,0.0,-0.002,False,False,-0.211,0.002,87.176,1247,41.19,,,,,0,False,False,0.0,False,8.29,5.71,20.0,
7.9,91386,219.458,-1054.299,-0.005,5.141,30.0,1247,-1,33.15,False,-1,True,True,0.75,0.0,0.003,False,False,-0.216,-0.003,87.2,1247,41.19,,,,,0,False,False,0.0,False,8.03,5.6,20.0,
7.95,91387,219.47,-1054.045,-0.005,5.048,30.0,1247,-1,33.41,False,-1,True,True,0.75,0.0,-0.001,False,False,-0.193,-0.0,87.174,1247,41.19,,,,,0,False,False,0.0,False,7.78,5.57,20.0,
8.0,91388,219.482,-1053.791,-0.006,5.117,30.0,1247,-1,33.66,False,-1,True,True,0.75,0.0,0.003,False,False,-0.136,-0.003,87.209,1247,41.19,,,,,0,False,False,0.0,False,7.52,5.52,20.0,
8.05,91389,219.494,-1053.543,-0.006,4.809,30.0,1247,-1,33.91,False,-1,True,True,0.75,0.0,-0.002,False,False,-0.133,0.001,87.191,1247,41.19,,,,,0,False,False,0.0,False,7.27,5.56,20.0,
8.1,91390,219.505,-1053.314,-0.005,4.46,30.0,1247,-1,34.14,False,-1,True,True,0.75,0.0,0.002,False,False,-0.22,0.001,87.174,1247,41.19,,,,,0,False,False,0.0,False,7.05,5.4,20.0,
8.15,91391,219.516,-1053.099,-0.005,4.25,30.0,1247,-1,34.36,False,-1,True,True,0.75,0.0,0.002,False,False,-0.288,-0.002,87.177,1247,41.19,,,,,0,False,False,0.0,False,6.83,5.23,20.0,
8.2,91392,219.526,-1052.89,-0.005,4.15,30.0,1247,-1,34.56,False,-1,True,True,0.75,0.0,0.001,False,False,-0.3,-0.001,87.181,1247,41.19,,,,,0,False,False,0.0,False,6.62,5.13,20.0,
8.25,91393,219.536,-1052.684,-0.005,4.127,30.0,1247,-1,34.77,False,-1,True,True,0.75,0.0,0.0,False,False,-0.26,0.0,87.184,1247,41.19,,,,,0,False,False,0.0,False,6.41,5.07,20.0,
8.3,91394,219.546,-1052.476,-0.006,4.154,30.0,1247,-1,34.98,False,-1,True,True,0.75,0.0,0.0,False,False,-0.188,0.001,87.186,1247,41.19,,,,,0,False,False,0.0,False,6.21,5.06,20.0,
8.35,91395,219.557,-1052.266,-0.006,4.211,30.0,1247,-1,35.19,False,-1,True,True,0.75,0.0,0.0,False,False,-0.103,0.001,87.188,1247,41.19,,,,,0,False,False,0.0,False,6.0,5.08,20.0,
8.4,91396,219.567,-1052.053,-0.007,4.288,30.0,1247,-1,35.4,False,-1,True,True,0.75,0.0,0.0,False,False,-0.02,0.001,87.19,1247,41.19,,,,,0,False,False,0.0,False,5.78,5.11,20.0,
8.45,91397,219.578,-1051.836,-0.008,4.376,30.0,1247,-1,35.62,False,-1,True,True,0.75,0.0,0.0,False,False,0.052,0.001,87.192,1247,41.19,,,,,0,False,False,0.0,False,5.57,5.14,20.0,
8.5,91398,219.588,-1051.614,-0.008,4.471,30.0,1247,-1,35.84,False,-1,True,True,0.75,0.0,0.0,False,False,0.112,0.001,87.193,1247,41.19,,,,,0,False,False,0.0,False,5.34,5.19,20.0,
8.55,91399,219.6,-1051.387,-0.009,4.571,30.0,1247,-1,36.07,False,-1,True,True,0.75,0.0,0.0,False,False,0.158,0.0,87.194,1247,41.19,,,,,0,False,False,0.0,False,5.12,5.24,20.0,
8.6,91400,219.611,-1051.156,-0.009,4.673,30.0,1247,-1,36.3,False,-1,True,True,0.75,0.0,0.001,False,False,0.192,-0.0,87.197,1247,45.11,,,,,0,False,False,0.0,False,8.81,5.29,20.0,
8.65,91401,219.622,-1050.919,-0.009,4.776,30.0,1247,-1,36.54,False,-1,True,True,0.75,0.0,0.0,False,False,0.217,-0.0,87.199,1247,45.11,,,,,0,False,False,0.0,False,8.57,5.34,20.0,
8.7,91402,219.634,-1050.677,-0.009,4.88,30.0,1247,-1,36.78,False,-1,True,True,0.75,0.0,0.0,False,False,0.234,-0.0,87.2,1247,45.11,,,,,0,False,False,0.0,False,8.33,5.39,20.0,
8.75,91403,219.646,-1050.43,-0.009,4.984,30.0,1247,-1,37.03,False,-1,True,True,0.75,0.0,0.0,False,False,0.245,-0.0,87.201,1247,45.11,,,,,0,False,False,0.0,False,8.08,5.44,20.0,
8.8,91404,219.659,-1050.178,-0.009,5.088,30.0,1247,-1,37.28,False,-1,True,True,0.75,0.0,0.0,False,False,0.253,0.0,87.201,1247,45.11,,,,,0,False,False,0.0,False,7.83,5.49,20.0,
8.85,91405,219.671,-1049.921,-0.009,5.22,30.0,1247,-1,37.54,False,-1,True,True,0.75,0.0,0.0,False,False,0.259,0.0,87.202,1247,45.11,,,,,0,False,False,0.0,False,7.57,5.54,20.0,
8.9,91406,219.684,-1049.659,-0.009,5.251,30.0,1247,-1,37.8,False,-1,True,True,0.75,0.0,0.0,False,False,0.255,-0.0,87.203,1247,45.11,,,,,0,False,False,0.0,False,7.31,5.61,20.0,
8.95,91407,219.697,-1049.391,-0.009,5.429,30.0,1247,-1,38.07,False,-1,True,True,0.75,0.0,0.0,False,False,0.26,0.0,87.203,1247,45.11,,,,,0,False,False,0.0,False,7.04,5.63,20.0,
9.0,91408,219.71,-1049.12,-0.009,5.431,30.0,1247,-1,38.34,False,-1,True,True,0.513,0.0,0.0,False,False,0.252,-0.0,87.214,1247,45.11,,,,,0,False,False,0.0,False,6.77,5.71,20.0,
9.05,91409,219.723,-1048.848,-0.009,5.461,30.0,1247,-1,38.61,False,-1,True,True,0.494,0.0,-0.001,False,False,0.219,0.002,87.191,1247,45.11,,,,,0,False,False,0.0,False,6.5,5.72,20.0,
9.1,91410,219.737,-1048.579,-0.008,5.338,30.0,1247,-1,38.88,False,-1,True,True,0.378,0.0,0.002,False,False,0.158,-0.002,87.227,1247,45.11,,,,,0,False,False,0.0,False,6.23,5.73,20.0,
9.15,91411,219.75,-1048.313,-0.008,5.345,30.0,1247,-1,39.15,False,-1,True,True,0.75,0.0,-0.003,False,False,0.105,0.003,87.205,1247,45.11,,,,,0,False,False,0.0,False,5.96,5.67,20.0,
9.2,91412,219.763,-1048.05,-0.008,5.228,30.0,1247,-1,39.41,False,-1,True,True,0.75,0.0,0.002,False,False,0.056,-0.0,87.24,1247,45.11,,,,,0,False,False,0.0,False,5.7,5.67,20.0,
9.25,91413,219.776,-1047.788,-0.007,5.269,30.0,1247,-1,39.67,False,-1,True,True,0.75,0.0,-0.003,False,False,0.034,0.003,87.215,1247,45.11,,,,,0,False,False,0.0,False,5.44,5.61,20.0,
9.3,91414,219.789,-1047.528,-0.007,5.19,30.0,1247,-1,39.93,False,-1,True,True,0.75,0.0,-0.009,False,False,0.022,0.016,87.222,1247,49.03,,,,,0,False,False,0.0,False,9.12,5.63,20.0,
9.35,91415,219.803,-1047.266,-0.007,5.268,30.0,1247,-1,40.2,False,-1,True,True,0.75,0.0,-0.004,False,False,0.031,0.018,87.17,1247,49.03,,,,,0,False,False,0.0,False,8.86,5.59,20.0,
9.4,91416,219.816,-1047.005,-0.007,5.22,30.0,1247,-1,40.46,False,-1,True,True,0.75,0.0,0.002,False,False,0.042,0.006,87.19,1247,49.03,,,,,0,False,False,0.0,False,8.6,5.63,20.0,
9.45,91417,219.829,-1046.741,-0.008,5.3,30.0,1247,-1,40.72,False,-1,True,True,0.75,0.0,-0.004,False,False,0.061,0.005,87.159,1247,49.03,,,,,0,False,False,0.0,False,8.33,5.61,20.0,
9.5,91418,219.843,-1046.479,-0.008,5.227,30.0,1247,-1,40.98,False,-1,True,True,0.75,0.0,0.001,False,False,0.062,0.0,87.181,1247,49.03,,,,,0,False,False,0.0,False,8.07,5.65,20.0,
9.55,91419,219.856,-1046.213,-0.008,5.45,30.0,1247,-1,41.25,False,-1,True,True,0.75,0.0,-0.004,False,False,0.087,0.003,87.171,1247,49.03,,,,,0,False,False,0.0,False,7.81,5.61,20.0,
9.6,91420,219.871,-1045.928,-0.009,5.837,30.0,1247,-1,41.54,False,-1,True,True,0.404,0.0,-0.001,False,False,0.229,0.002,87.185,1247,49.03,,,,,0,False,False,0.0,False,7.52,5.73,20.0,
9.65,91421,219.886,-1045.623,-0.01,6.204,30.0,1247,-1,41.84,False,-1,True,True,0.0,0.3,-0.003,False,False,0.373,0.003,87.179,1247,49.03,,,,,0,False,False,0.0,False,7.21,5.92,20.0,
9.7,91422,219.902,-1045.311,-0.011,6.234,30.0,1247,-1,42.15,False,-1,True,True,0.0,0.3,-0.001,False,False,0.414,0.002,87.166,1247,49.03,,,,,0,False,False,0.0,False,6.9,6.1,20.0,
9.75,91423,219.918,-1044.999,-0.01,6.276,30.0,1247,-1,42.47,False,-1,True,True,0.0,0.3,-0.001,False,False,0.374,-0.001,87.157,1247,49.03,,,,,0,False,False,0.0,False,6.59,6.12,20.0,
9.8,91424,219.933,-1044.691,-0.009,6.104,30.0,1247,-1,42.77,False,-1,True,True,0.0,0.3,-0.001,False,False,0.272,-0.003,87.156,1247,49.03,,,,,0,False,False,0.0,False,6.28,6.14,20.0,
9.85,91425,219.948,-1044.39,-0.008,6.009,30.0,1247,-1,43.08,False,-1,True,True,0.0,0.3,-0.001,False,False,0.156,-0.003,87.131,1247,49.03,,,,,0,False,False,0.0,False,5.98,6.05,20.0,
9.9,91426,219.966,-1044.099,-0.007,5.763,30.0,1247,-1,43.37,False,-1,True,True,0.0,0.3,-0.047,False,False,0.035,0.064,87.04,1247,52.95,,,,,0,False,False,0.0,False,9.63,6.0,20.0,
9.95,91427,219.982,-1043.816,-0.007,5.63,30.0,1247,-1,43.65,False,-1,True,True,0.0,0.3,-0.007,False,False,-0.063,0.069,86.887,1247,52.95,,,,,0,False,False,0.0,False,9.35,5.88,20.0,
10.0,91428,219.997,-1043.543,-0.006,5.364,30.0,1247,-1,43.92,False,-1,True,True,0.0,0.296,0.003,False,False,-0.147,0.032,86.853,1247,52.95,,,,,0,False,False,0.0,False,9.08,5.81,20.0,
10.05,91429,220.012,-1043.28,-0.005,5.255,30.0,1247,-1,44.19,False,-1,True,True,0.659,0.0,-0.005,False,False,-0.199,0.016,86.791,1247,52.95,,,,,0,False,False,0.0,False,8.81,5.68,20.0,
10.1,91430,220.027,-1043.024,-0.005,5.054,30.0,1247,-1,44.44,False,-1,True,True,0.75,0.0,-0.001,False,False,-0.225,0.008,86.8,1247,52.95,,,,,0,False,False,0.0,False,8.55,5.63,20.0,
10.15,91431,220.041,-1042.773,-0.005,5.029,30.0,1247,-1,44.7,False,-1,True,True,0.75,0.0,-0.006,False,False,-0.216,0.01,86.78,1247,52.95,,,,,0,False,False,0.0,False,8.3,5.53,20.0,
10.2,91432,220.056,-1042.521,-0.006,5.025,30.0,1247,-1,44.95,False,-1,True,True,0.75,0.0,-0.003,False,False,-0.166,0.009,86.755,1247,52.95,,,,,0,False,False,0.0,False,8.05,5.51,20.0,
10.25,91433,220.071,-1042.27,-0.006,5.006,30.0,1247,-1,45.2,False,-1,True,True,0.75,0.0,-0.002,False,False,-0.108,0.005,86.751,1247,52.95,,,,,0,False,False,0.0,False,7.8,5.51,20.0,
10.3,91434,220.084,-1042.033,-0.006,4.607,30.0,1247,-1,45.44,False,-1,True,True,0.75,0.0,-0.003,False,False,-0.151,0.005,86.655,1247,52.95,,,,,0,False,False,0.0,False,7.56,5.5,20.0,
10.35,91435,220.096,-1041.812,-0.005,4.328,30.0,1247,-1,45.66,False,-1,True,True,0.75,0.0,0.006,False,False,-0.237,-0.004,86.637,1247,52.95,,,,,0,False,False,0.0,False,7.34,5.3,20.0,
10.4,91436,220.108,-1041.602,-0.005,4.176,30.0,1247,-1,45.87,False,-1,True,True,0.75,0.0,0.001,False,False,-0.283,-0.006,86.642,1247,52.95,,,,,0,False,False,0.0,False,7.13,5.16,20.0,
10.45,91437,220.12,-1041.395,-0.005,4.117,30.0,1247,-1,46.07,False,-1,True,True,0.75,0.0,-0.001,False,False,-0.272,-0.002,86.642,1247,52.95,,,,,0,False,False,0.0,False,6.92,5.09,20.0,
10.5,91438,220.133,-1041.189,-0.005,4.121,30.0,1247,-1,46.28,False,-1,True,True,0.75,0.0,-0.0,False,False,-0.217,0.001,86.641,1247,52.95,,,,,0,False,False,0.0,False,6.72,5.06,20.0,
10.55,91439,220.145,-1040.982,-0.006,4.165,30.0,1247,-1,46.49,False,-1,True,True,0.75,0.0,-0.0,False,False,-0.14,0.002,86.64,1247,52.95,,,,,0,False,False,0.0,False,6.51,5.06,20.0,
10.6,91440,220.157,-1040.771,-0.007,4.233,30.0,1247,-1,46.7,False,-1,True,True,0.75,0.0,-0.0,False,False,-0.057,0.002,86.639,1247,52.95,,,,,0,False,False,0.0,False,6.3,5.08,20.0,
10.65,91441,220.17,-1040.557,-0.007,4.316,30.0,1247,-1,46.92,False,-1,True,True,0.75,0.0,-0.0,False,False,0.02,0.002,86.639,1247,52.95,,,,,0,False,False,0.0,False,6.08,5.12,20.0,
10.7,91442,220.183,-1040.338,-0.008,4.409,30.0,1247,-1,47.13,False,-1,True,True,0.75,0.0,-0.0,False,False,0.085,0.001,86.639,1247,52.95,,,,,0,False,False,0.0,False,5.86,5.16,20.0,
10.75,91443,220.196,-1040.114,-0.008,4.507,30.0,1247,-1,47.36,False,-1,True,True,0.75,0.0,-0.0,False,False,0.137,0.001,86.638,1247,52.95,,,,,0,False,False,0.0,False,5.64,5.2,20.0,
10.8,91444,220.209,-1039.886,-0.009,4.608,30.0,1247,-1,47.59,False,-1,True,True,0.75,0.0,-0.0,False,False,0.177,0.001,86.638,1247,52.95,,,,,0,False,False,0.0,False,5.41,5.25,20.0,
10.85,91445,220.223,-1039.653,-0.009,4.711,30.0,1247,-1,47.82,False,-1,True,True,0.75,0.0,-0.0,False,False,0.206,0.001,86.638,1247,52.95,,,,,0,False,False,0.0,False,5.18,5.3,20.0,
10.9,91446,220.24,-1039.415,-0.009,4.809,30.0,1247,-1,48.06,False,-1,True,True,0.75,0.0,-0.059,False,False,0.225,0.083,86.492,1247,56.88,,,,,0,False,False,0.0,False,8.88,5.36,20.0,
10.95,91447,220.257,-1039.172,-0.009,4.913,30.0,1247,-1,48.3,False,-1,True,True,0.75,0.0,-0.004,False,False,0.238,0.082,86.36,1247,56.88,,,,,0,False,False,0.0,False,8.64,5.4,20.0,
11.0,91448,220.274,-1038.923,-0.009,5.018,30.0,1247,-1,48.55,False,-1,True,True,0.75,0.0,-0.0,False,False,0.248,0.042,86.314,1247,56.88,,,,,0,False,False,0.0,False,8.39,5.46,20.0,
11.05,91449,220.291,-1038.67,-0.009,5.123,30.0,1247,-1,48.81,False,-1,True,True,0.75,0.0,-0.005,False,False,0.255,0.02,86.282,1247,56.88,,,,,0,False,False,0.0,False,8.13,5.51,20.0,
11.1,91450,220.309,-1038.412,-0.009,5.208,30.0,1247,-1,49.06,False,-1,True,True,0.75,0.0,-0.005,False,False,0.256,0.013,86.267,1247,56.88,,,,,0,False,False,0.0,False,7.87,5.56,20.0,
11.15,91451,220.326,-1038.153,-0.009,5.184,30.0,1247,-1,49.32,False,-1,True,True,0.75,0.0,-0.006,False,False,0.225,0.012,86.193,1247,56.88,,,,,0,False,False,0.0,False,7.61,5.6,20.0,
11.2,91452,220.344,-1037.895,-0.009,5.17,30.0,1247,-1,49.58,False,-1,True,True,0.75,0.0,0.001,False,False,0.179,0.001,86.215,1247,56.88,,,,,0,False,False,0.0,False,7.36,5.59,20.0,
11.25,91453,220.361,-1037.638,-0.008,5.172,30.0,1247,-1,49.84,False,-1,True,True,0.75,0.0,-0.007,False,False,0.142,0.005,86.147,1247,56.88,,,,,0,False,False,0.0,False,7.1,5.59,20.0,
11.3,91454,220.379,-1037.379,-0.008,5.19,30.0,1247,-1,50.1,False,-1,True,True,0.75,0.0,0.002,False,False,0.12,-0.002,86.174,1247,56.88,,,,,0,False,False,0.0,False,6.84,5.59,20.0,
11.35,91455,220.396,-1037.12,-0.008,5.214,30.0,1247,-1,50.36,False,-1,True,True,0.75,0.0,-0.006,False,False,0.111,0.003,86.114,1247,56.88,,,,,0,False,False,0.0,False,6.58,5.59,20.0,
11.4,91456,220.414,-1036.86,-0.008,5.208,30.0,1247,-1,50.62,False,-1,True,True,0.75,0.0,0.002,False,False,0.101,-0.002,86.149,1247,56.88,,,,,0,False,False,0.0,False,6.32,5.61,20.0,
11.45,91457,220.432,-1036.6,-0.008,5.205,30.0,1247,-1,50.88,False,-1,True,True,0.75,0.0,-0.005,False,False,0.089,0.003,86.093,1247,56.88,,,,,0,False,False,0.0,False,6.06,5.6,20.0,
11.5,91458,220.451,-1036.327,-0.009,5.655,30.0,1247,-1,51.15,False,-1,True,True,0.75,0.0,0.003,False,False,0.181,-0.004,86.152,1247,56.88,,,,,0,False,False,0.0,False,5.79,5.6,20.0,
11.55,91459,220.476,-1036.032,-0.01,6.029,30.0,1247,-1,51.45,False,-1,True,True,0.0,0.3,-0.072,False,False,0.335,0.124,85.941,1247,60.8,,,,,0,False,False,0.0,False,9.45,5.83,20.0,
11.6,91460,220.501,-1035.724,-0.011,6.235,30.0,1247,-1,51.76,False,-1,True,True,0.0,0.3,-0.002,False,False,0.426,0.12,85.745,1247,60.8,,,,,0,False,False,0.0,False,9.14,6.01,20.0,
11.65,91461,220.525,-1035.412,-0.011,6.273,30.0,1247,-1,52.07,False,-1,True,True,0.0,0.3,0.004,False,False,0.423,0.05,85.647,1247,60.8,,,,,0,False,False,0.0,False,8.82,6.12,20.0,
11.7,91462,220.549,-1035.102,-0.01,6.185,30.0,1247,-1,52.38,False,-1,True,True,0.0,0.3,-0.001,False,False,0.339,0.013,85.655,1247,60.8,,,,,0,False,False,0.0,False,8.51,6.14,20.0,
11.75,91463,220.573,-1034.799,-0.009,6.054,30.0,1247,-1,52.69,False,-1,True,True,0.0,0.3,-0.008,False,False,0.221,0.012,85.582,1247,60.8,,,,,0,False,False,0.0,False,8.21,6.09,20.0,
11.8,91464,220.596,-1034.503,-0.008,5.895,30.0,1247,-1,52.98,False,-1,True,True,0.0,0.3,-0.0,False,False,0.101,0.005,85.59,1247,60.8,,,,,0,False,False,0.0,False,7.91,6.03,20.0,
11.85,91465,220.619,-1034.215,-0.007,5.715,30.0,1247,-1,53.27,False,-1,True,True,0.0,0.3,-0.006,False,False,-0.006,0.007,85.523,1247,60.8,,,,,0,False,False,0.0,False,7.62,5.95,20.0,
11.9,91466,220.641,-1033.937,-0.006,5.522,30.0,1247,-1,53.55,False,-1,True,True,0.0,0.3,0.001,False,False,-0.095,0.001,85.544,1247,60.8,,,,,0,False,False,0.0,False,7.34,5.86,20.0,
11.95,91467,220.662,-1033.667,-0.006,5.354,30.0,1247,-1,53.82,False,-1,True,True,0.091,0.0,-0.005,False,False,-0.16,0.004,85.483,1247,60.8,,,,,0,False,False,0.0,False,7.07,5.76,20.0,
12.0,91468,220.683,-1033.405,-0.005,5.212,30.0,1247,-1,54.08,False,-1,True,True,0.695,0.0,0.002,False,False,-0.193,-0.001,85.512,1247,60.8,,,,,0,False,False,0.0,False,6.81,5.68,20.0,
12.05,91469,220.703,-1033.149,-0.005,5.091,30.0,1247,-1,54.34,False,-1,True,True,0.75,0.0,-0.005,False,False,-0.203,0.003,85.455,1247,60.8,,,,,0,False,False,0.0,False,6.55,5.61,20.0,
12.1,91470,220.723,-1032.896,-0.005,5.068,30.0,1247,-1,54.59,False,-1,True,True,0.75,0.0,0.003,False,False,-0.18,-0.002,85.484,1247,60.8,,,,,0,False,False,0.0,False,6.3,5.55,20.0,
12.15,91471,220.743,-1032.643,-0.006,5.065,30.0,1247,-1,54.85,False,-1,True,True,0.75,0.0,-0.004,False,False,-0.129,0.002,85.427,1247,60.8,,,,,0,False,False,0.0,False,6.05,5.53,20.0,
12.2,91472,220.763,-1032.396,-0.006,4.796,30.0,1247,-1,55.05,False,-1,True,True,0.75,0.0,0.003,False,False,-0.126,-0.003,85.455,1247,60.8,,,,,0,False,False,0.0,False,5.8,5.53,20.0,
12.25,91473,220.781,-1032.169,-0.005,4.452,30.0,1247,-1,55.27,False,-1,True,True,0.75,0.0,-0.003,False,False,-0.213,0.0,85.464,1247,60.8,,,,,0,False,False,0.0,False,5.57,5.4,20.0,
12.3,91474,220.799,-1031.955,-0.005,4.246,30.0,1247,-1,55.49,False,-1,True,True,0.75,0.0,-0.002,False,False,-0.281,0.003,85.458,1247,60.8,,,,,0,False,False,0.0,False,5.35,5.23,20.0,
12.35,91475,220.815,-1031.746,-0.005,4.149,30.0,1247,-1,55.7,False,-1,True,True,0.75,0.0,-0.001,False,False,-0.293,0.002,85.453,1247,60.8,,,,,0,False,False,0.0,False,5.15,5.12,20.0,
12.4,91476,220.832,-1031.54,-0.005,4.128,30.0,1247,-1,55.9,False,-1,True,True,0.75,0.0,-0.001,False,False,-0.254,0.001,85.449,1247,60.8,,,,,0,False,False,0.0,False,4.94,5.07,20.0,
12.45,91477,220.852,-1031.333,-0.006,4.149,30.0,1247,-1,56.11,False,-1,True,True,0.75,0.0,-0.079,False,False,-0.184,0.094,85.284,1247,64.72,,,,,0,False,False,0.0,False,8.66,5.06,20.0,
12.5,91478,220.872,-1031.125,-0.006,4.208,30.0,1247,-1,56.32,False,-1,True,True,0.75,0.0,-0.009,False,False,-0.101,0.099,85.115,1247,64.72,,,,,0,False,False,0.0,False,8.45,5.07,20.0,
12.55,91479,220.891,-1030.912,-0.007,4.286,30.0,1247,-1,56.53,False,-1,True,True,0.75,0.0,-0.003,False,False,-0.019,0.051,85.054,1247,64.72,,,,,0,False,False,0.0,False,8.23,5.1,20.0,
12.6,91480,220.911,-1030.695,-0.008,4.375,30.0,1247,-1,56.75,False,-1,True,True,0.75,0.0,-0.009,False,False,0.054,0.027,85.008,1247,64.72,,,,,0,False,False,0.0,False,8.02,5.14,20.0,
12.65,91481,220.932,-1030.474,-0.008,4.471,30.0,1247,-1,56.97,False,-1,True,True,0.75,0.0,-0.009,False,False,0.113,0.017,84.959,1247,64.72,,,,,0,False,False,0.0,False,7.79,5.19,20.0,
12.7,91482,220.953,-1030.248,-0.009,4.571,30.0,1247,-1,57.2,False,-1,True,True,0.75,0.0,-0.007,False,False,0.159,0.011,84.915,1247,64.72,,,,,0,False,False,0.0,False,7.57,5.24,20.0,
12.75,91483,220.974,-1030.017,-0.009,4.673,30.0,1247,-1,57.43,False,-1,True,True,0.75,0.0,-0.005,False,False,0.194,0.006,84.877,1247,64.72,,,,,0,False,False,0.0,False,7.33,5.29,20.0,
12.8,91484,220.996,-1029.781,-0.009,4.777,30.0,1247,-1,57.67,False,-1,True,True,0.75,0.0,-0.005,False,False,0.218,0.003,84.845,1247,64.72,,,,,0,False,False,0.0,False,7.1,5.34,20.0,
12.85,91485,221.018,-1029.54,-0.009,4.881,30.0,1247,-1,57.91,False,-1,True,True,0.75,0.0,-0.004,False,False,0.235,0.001,84.816,1247,64.72,,,,,0,False,False,0.0,False,6.86,5.39,20.0,
12.9,91486,221.041,-1029.294,-0.009,4.985,30.0,1247,-1,58.16,False,-1,True,True,0.75,0.0,-0.003,False,False,0.246,0.0,84.792,1247,64.72,,,,,0,False,False,0.0,False,6.61,5.44,20.0,
12.95,91487,221.064,-1029.043,-0.009,5.089,30.0,1247,-1,58.41,False,-1,True,True,0.75,0.0,-0.003,False,False,0.254,0.0,84.771,1247,64.72,,,,,0,False,False,0.0,False,6.36,5.49,20.0,
13.0,91488,221.088,-1028.786,-0.009,5.221,30.0,1247,-1,58.67,False,-1,True,True,0.75,0.0,-0.002,False,False,0.26,-0.0,84.753,1247,64.72,,,,,0,False,False,0.0,False,6.1,5.54,20.0,
13.05,91489,221.112,-1028.525,-0.009,5.251,30.0,1247,-1,58.93,False,-1,True,True,0.75,0.0,-0.002,False,False,0.255,-0.0,84.735,1247,64.72,,,,,0,False,False,0.0,False,5.84,5.61,20.0,
13.1,91490,221.137,-1028.26,-0.009,5.351,30.0,1247,-1,59.2,False,-1,True,True,0.75,0.0,-0.001,False,False,0.246,-0.001,84.736,1247,64.72,,,,,0,False,False,0.0,False,5.57,5.63,20.0,
13.15,91491,221.164,-1027.997,-0.009,5.261,30.0,1247,-1,59.46,False,-1,True,True,0.75,0.0,-0.043,False,False,0.2,0.059,84.597,1247,68.64,,,,,0,False,False,0.0,False,9.23,5.68,20.0,
13.2,91492,221.19,-1027.734,-0.008,5.33,30.0,1247,-1,59.73,False,-1,True,True,0.75,0.0,-0.002,False,False,0.163,0.054,84.514,1247,68.64,,,,,0,False,False,0.0,False,8.96,5.63,20.0,
13.25,91493,221.216,-1027.471,-0.008,5.275,30.0,1247,-1,59.99,False,-1,True,True,0.75,0.0,-0.003,False,False,0.131,0.03,84.427,1247,68.64,,,,,0,False,False,0.0,False,8.7,5.67,20.0,
13.3,91494,221.242,-1027.206,-0.008,5.357,30.0,1247,-1,60.26,False,-1,True,True,0.75,0.0,0.0,False,False,0.119,0.011,84.421,1247,68.64,,,,,0,False,False,0.0,False,8.43,5.64,20.0,
13.35,91495,221.268,-1026.942,-0.008,5.284,30.0,1247,-1,60.52,False,-1,True,True,0.748,0.0,-0.005,False,False,0.1,0.009,84.367,1247,68.64,,,,,0,False,False,0.0,False,8.17,5.68,20.0,
13.4,91496,221.295,-1026.676,-0.008,5.395,30.0,1247,-1,60.79,False,-1,True,True,0.75,0.0,-0.0,False,False,0.096,0.004,84.369,1247,68.64,,,,,0,False,False,0.0,False,7.9,5.64,20.0,
13.45,91497,221.323,-1026.394,-0.009,5.804,30.0,1247,-1,61.07,False,-1,True,True,0.604,0.0,-0.004,False,False,0.209,0.007,84.374,1247,68.64,,,,,0,False,False,0.0,False,7.62,5.7,20.0,
13.5,91498,221.354,-1026.091,-0.01,6.21,30.0,1247,-1,61.38,False,-1,True,True,0.0,0.3,-0.004,False,False,0.357,0.011,84.356,1247,68.64,,,,,0,False,False,0.0,False,7.31,5.9,20.0,
13.55,91499,221.385,-1025.778,-0.011,6.287,30.0,1247,-1,61.69,False,-1,True,True,0.0,0.3,-0.002,False,False,0.418,0.009,84.336,1247,68.64,,,,,0,False,False,0.0,False,7.0,6.11,20.0,
13.6,91500,221.417,-1025.463,-0.011,6.361,30.0,1247,-1,62.01,False,-1,True,True,0.0,0.3,-0.001,False,False,0.396,0.004,84.32,1247,68.64,,,,,0,False,False,0.0,False,6.68,6.14,20.0,
13.65,91501,221.448,-1025.152,-0.01,6.207,30.0,1247,-1,62.32,False,-1,True,True,0.0,0.3,-0.001,False,False,0.304,0.001,84.307,1247,68.64,,,,,0,False,False,0.0,False,6.37,6.18,20.0,
13.7,91502,221.479,-1024.846,-0.009,6.127,30.0,1247,-1,62.63,False,-1,True,True,0.0,0.3,-0.001,False,False,0.191,-0.0,84.311,1247,68.64,,,,,0,False,False,0.0,False,6.06,6.1,20.0,
13.75,91503,221.51,-1024.55,-0.008,5.889,30.0,1247,-1,62.93,False,-1,True,True,0.0,0.3,-0.024,False,False,0.068,0.039,84.216,1247,72.57,,,,,0,False,False,0.0,False,9.69,6.06,20.0,
13.8,91504,221.54,-1024.262,-0.007,5.757,30.0,1247,-1,63.22,False,-1,True,True,0.0,0.3,0.001,False,False,-0.035,0.033,84.178,1247,72.57,,,,,0,False,False,0.0,False,9.4,5.94,20.0,
13.85,91505,221.568,-1023.984,-0.006,5.492,30.0,1247,-1,63.5,False,-1,True,True,0.0,0.3,-0.002,False,False,-0.126,0.018,84.121,1247,72.57,,,,,0,False,False,0.0,False,9.12,5.88,20.0,
13.9,91506,221.596,-1023.715,-0.005,5.382,30.0,1247,-1,63.77,False,-1,True,True,0.195,0.0,0.001,False,False,-0.184,0.005,84.13,1247,72.57,,,,,0,False,False,0.0,False,8.85,5.75,20.0,
13.95,91507,221.623,-1023.454,-0.005,5.176,30.0,1247,-1,64.03,False,-1,True,True,0.591,0.0,-0.004,False,False,-0.215,0.004,84.082,1247,72.57,,,,,0,False,False,0.0,False,8.58,5.69,20.0,
14.0,91508,221.65,-1023.198,-0.005,5.131,30.0,1247,-1,64.29,False,-1,True,True,0.75,0.0,0.002,False,False,-0.214,-0.001,84.094,1247,72.57,,,,,0,False,False,0.0,False,8.33,5.59,20.0,
14.05,91509,221.676,-1022.945,-0.005,5.057,30.0,1247,-1,64.54,False,-1,True,True,0.75,0.0,-0.003,False,False,-0.182,0.001,84.042,1247,72.57,,,,,0,False,False,0.0,False,8.07,5.57,20.0,
14.1,91510,221.702,-1022.69,-0.006,5.126,30.0,1247,-1,64.8,False,-1,True,True,0.75,0.0,0.003,False,False,-0.123,-0.004,84.063,1247,72.57,,,,,0,False,False,0.0,False,7.82,5.53,20.0,
14.15,91511,221.728,-1022.447,-0.006,4.743,30.0,1247,-1,65.04,False,-1,True,True,0.75,0.0,-0.003,False,False,-0.147,-0.0,84.052,1247,72.57,,,,,0,False,False,0.0,False,7.57,5.56,20.0,
14.2,91512,221.751,-1022.222,-0.005,4.432,30.0,1247,-1,65.27,False,-1,True,True,0.75,0.0,-0.0,False,False,-0.233,0.001,84.056,1247,72.57,,,,,0,False,False,0.0,False,7.34,5.37,20.0,
14.25,91513,221.774,-1022.008,-0.005,4.253,30.0,1247,-1,65.48,False,-1,True,True,0.75,0.0,-0.001,False,False,-0.288,0.002,84.054,1247,72.57,,,,,0,False,False,0.0,False,7.13,5.22,20.0,
14.3,91514,221.795,-1021.799,-0.005,4.175,30.0,1247,-1,65.69,False,-1,True,True,0.75,0.0,-0.001,False,False,-0.287,0.002,84.051,1247,72.57,,,,,0,False,False,0.0,False,6.92,5.13,20.0,
14.35,91515,221.817,-1021.591,-0.005,4.166,30.0,1247,-1,65.9,False,-1,True,True,0.75,0.0,-0.0,False,False,-0.238,0.002,84.048,1247,72.57,,,,,0,False,False,0.0,False,6.71,5.09,20.0,
14.4,91516,221.839,-1021.382,-0.006,4.202,30.0,1247,-1,66.11,False,-1,True,True,0.75,0.0,-0.0,False,False,-0.163,0.001,84.046,1247,72.57,,,,,0,False,False,0.0,False,6.5,5.08,20.0,
14.45,91517,221.861,-1021.171,-0.007,4.264,30.0,1247,-1,66.32,False,-1,True,True,0.75,0.0,-0.0,False,False,-0.079,0.001,84.044,1247,72.57,,,,,0,False,False,0.0,False,6.29,5.1,20.0,
14.5,91518,221.884,-1020.956,-0.007,4.344,30.0,1247,-1,66.54,False,-1,True,True,0.75,0.0,-0.0,False,False,0.0,0.0,84.042,1247,72.57,,,,,0,False,False,0.0,False,6.07,5.13,20.0,
14.55,91519,221.906,-1020.736,-0.008,4.434,30.0,1247,-1,66.76,False,-1,True,True,0.75,0.0,-0.0,False,False,0.069,0.0,84.041,1247,72.57,,,,,0,False,False,0.0,False,5.85,5.17,20.0,
14.6,91520,221.93,-1020.513,-0.008,4.53,30.0,1247,-1,66.99,False,-1,True,True,0.75,0.0,-0.0,False,False,0.125,0.0,84.04,1247,72.57,,,,,0,False,False,0.0,False,5.63,5.22,20.0,
14.65,91521,221.954,-1020.284,-0.009,4.63,30.0,1247,-1,67.22,False,-1,True,True,0.75,0.0,-0.0,False,False,0.167,0.0,84.038,1247,72.57,,,,,0,False,False,0.0,False,5.4,5.27,20.0,
14.7,91522,221.978,-1020.05,-0.009,4.732,30.0,1247,-1,67.45,False,-1,True,True,0.75,0.0,-0.0,False,False,0.199,0.0,84.037,1247,72.57,,,,,0,False,False,0.0,False,5.16,5.32,20.0,
14.75,91523,222.004,-1019.812,-0.009,4.835,30.0,1247,-1,67.69,False,-1,True,True,0.75,0.0,-0.014,False,False,0.221,0.024,83.993,1247,76.49,,,,,0,False,False,0.0,False,8.84,5.37,20.0,
14.8,91524,222.03,-1019.568,-0.009,4.939,30.0,1247,-1,67.94,False,-1,True,True,0.75,0.0,-0.0,False,False,0.237,0.02,83.96,1247,76.49,,,,,0,False,False,0.0,False,8.6,5.42,20.0,
14.85,91525,222.057,-1019.32,-0.009,5.043,30.0,1247,-1,68.19,False,-1,True,True,0.75,0.0,0.0,False,False,0.247,0.008,83.951,1247,76.49,,,,,0,False,False,0.0,False,8.35,5.47,20.0,
14.9,91526,222.084,-1019.066,-0.009,5.153,30.0,1247,-1,68.44,False,-1,True,True,0.75,0.0,-0.001,False,False,0.255,0.004,83.944,1247,76.49,,,,,0,False,False,0.0,False,8.09,5.52,20.0,
14.95,91527,222.111,-1018.807,-0.009,5.203,30.0,1247,-1,68.7,False,-1,True,True,0.75,0.0,-0.001,False,False,0.253,0.002,83.94,1247,76.49,,,,,0,False,False,0.0,False,7.83,5.58,20.0,
15.0,91528,222.139,-1018.546,-0.009,5.284,30.0,1247,-1,68.96,False,-1,True,True,0.75,0.0,-0.001,False,False,0.239,0.002,83.914,1247,76.49,,,,,0,False,False,0.0,False,7.57,5.6,20.0,
15.05,91529,222.167,-1018.286,-0.009,5.196,30.0,1247,-1,69.22,False,-1,True,True,0.75,0.0,0.001,False,False,0.192,-0.001,83.944,1247,76.49,,,,,0,False,False,0.0,False,7.31,5.64,20.0,
15.1,91530,222.195,-1018.026,-0.008,5.266,30.0,1247,-1,69.49,False,-1,True,True,0.75,0.0,-0.004,False,False,0.156,0.003,83.916,1247,76.49,,,,,0,False,False,0.0,False,7.05,5.6,20.0,
15.15,91531,222.223,-1017.766,-0.008,5.211,30.0,1247,-1,69.75,False,-1,True,True,0.75,0.0,0.001,False,False,0.126,-0.0,83.945,1247,76.49,,,,,0,False,False,0.0,False,6.79,5.63,20.0,
15.2,91532,222.251,-1017.504,-0.008,5.305,30.0,1247,-1,70.01,False,-1,True,True,0.75,0.0,-0.004,False,False,0.118,0.003,83.918,1247,76.49,,,,,0,False,False,0.0,False,6.52,5.61,20.0,
15.25,91533,222.279,-1017.243,-0.008,5.229,30.0,1247,-1,70.27,False,-1,True,True,0.75,0.0,0.001,False,False,0.101,-0.0,83.946,1247,76.49,,,,,0,False,False,0.0,False,6.26,5.65,20.0,
15.3,91534,222.307,-1016.981,-0.008,5.296,30.0,1247,-1,70.54,False,-1,True,True,0.75,0.0,-0.003,False,False,0.093,0.002,83.913,1247,76.49,,,,,0,False,False,0.0,False,6.0,5.61,20.0,
15.35,91535,222.337,-1016.707,-0.009,5.67,30.0,1247,-1,70.81,False,-1,True,True,0.75,0.0,0.002,False,False,0.179,-0.003,83.959,1247,76.49,,,,,0,False,False,0.0,False,5.72,5.65,20.0,
15.4,91536,222.374,-1016.41,-0.01,6.106,30.0,1247,-1,71.11,False,-1,True,True,0.0,0.3,-0.098,False,False,0.333,0.155,83.718,1247,80.41,,,,,0,False,False,0.0,False,9.69,5.84,20.0,
15.45,91537,222.415,-1016.102,-0.011,6.24,30.0,1247,-1,71.42,False,-1,True,True,0.0,0.3,-0.04,False,False,0.418,0.224,83.334,1247,80.41,,,,,0,False,False,0.0,False,9.38,6.05,20.0,
15.5,91538,222.456,-1015.789,-0.011,6.359,30.0,1247,-1,71.74,False,-1,True,True,0.0,0.3,-0.016,False,False,0.421,0.171,83.062,1247,80.41,,,,,0,False,False,0.0,False,9.07,6.12,20.0,
15.55,91539,222.496,-1015.478,-0.01,6.234,30.0,1247,-1,72.05,False,-1,True,True,0.0,0.3,-0.016,False,False,0.344,0.117,82.872,1247,80.41,,,,,0,False,False,0.0,False,8.75,6.18,20.0,
15.6,91540,222.537,-1015.171,-0.009,6.17,30.0,1247,-1,72.36,False,-1,True,True,0.0,0.3,-0.016,False,False,0.236,0.086,82.732,1247,80.41,,,,,0,False,False,0.0,False,8.45,6.12,20.0,
15.65,91541,222.577,-1014.873,-0.008,5.941,30.0,1247,-1,72.66,False,-1,True,True,0.0,0.3,-0.015,False,False,0.11,0.069,82.575,1247,80.41,,,,,0,False,False,0.0,False,8.14,6.09,20.0,
15.7,91542,222.616,-1014.584,-0.007,5.814,30.0,1247,-1,72.95,False,-1,True,True,0.0,0.3,-0.009,False,False,0.001,0.049,82.495,1247,80.41,,,,,0,False,False,0.0,False,7.85,5.97,20.0,
15.75,91543,222.654,-1014.304,-0.006,5.553,30.0,1247,-1,73.24,False,-1,True,True,0.0,0.3,-0.011,False,False,-0.097,0.039,82.38,1247,80.41,,,,,0,False,False,0.0,False,7.57,5.91,20.0,
15.8,91544,222.691,-1014.033,-0.006,5.439,30.0,1247,-1,73.51,False,-1,True,True,0.0,0.025,-0.006,False,False,-0.162,0.025,82.334,1247,80.41,,,,,0,False,False,0.0,False,7.3,5.78,20.0,
15.85,91545,222.727,-1013.771,-0.005,5.22,30.0,1247,-1,73.77,False,-1,True,True,0.383,0.0,-0.009,False,False,-0.204,0.02,82.241,1247,80.41,,,,,0,False,False,0.0,False,7.03,5.72,20.0,
15.9,91546,222.763,-1013.515,-0.005,5.15,30.0,1247,-1,74.03,False,-1,True,True,0.75,0.0,-0.003,False,False,-0.216,0.011,82.214,1247,80.41,,,,,0,False,False,0.0,False,6.77,5.61,20.0,
15.95,91547,222.798,-1013.263,-0.005,5.056,30.0,1247,-1,74.29,False,-1,True,True,0.75,0.0,-0.006,False,False,-0.198,0.01,82.149,1247,80.41,,,,,0,False,False,0.0,False,6.52,5.58,20.0,
16.0,91548,222.833,-1013.01,-0.006,5.124,30.0,1247,-1,74.54,False,-1,True,True,0.75,0.0,-0.001,False,False,-0.141,0.006,82.151,1247,80.41,,,,,0,False,False,0.0,False,6.26,5.53,20.0,
16.05,91549,222.867,-1012.764,-0.006,4.806,30.0,1247,-1,74.79,False,-1,True,True,0.75,0.0,-0.006,False,False,-0.14,0.007,82.101,1247,80.41,,,,,0,False,False,0.0,False,6.02,5.56,20.0,
16.1,91550,222.899,-1012.538,-0.005,4.44,30.0,1247,-1,75.02,False,-1,True,True,0.75,0.0,-0.001,False,False,-0.231,0.005,82.058,1247,80.41,,,,,0,False,False,0.0,False,5.79,5.4,20.0,
16.15,91551,222.928,-1012.326,-0.005,4.216,30.0,1247,-1,75.23,False,-1,True,True,0.75,0.0,0.0,False,False,-0.304,0.0,82.045,1247,80.41,,,,,0,False,False,0.0,False,5.57,5.22,20.0,
16.2,91552,222.957,-1012.121,-0.005,4.105,30.0,1247,-1,75.44,False,-1,True,True,0.75,0.0,-0.002,False,False,-0.319,0.0,82.037,1247,80.41,,,,,0,False,False,0.0,False,5.37,5.11,20.0,
16.25,91553,222.986,-1011.919,-0.005,4.075,30.0,1247,-1,75.64,False,-1,True,True,0.75,0.0,-0.002,False,False,-0.28,0.002,82.029,1247,80.41,,,,,0,False,False,0.0,False,5.16,5.05,20.0,
16.3,91554,223.014,-1011.716,-0.006,4.098,30.0,1247,-1,75.85,False,-1,True,True,0.75,0.0,-0.001,False,False,-0.206,0.002,82.021,1247,80.41,,,,,0,False,False,0.0,False,4.96,5.04,20.0,
16.35,91555,223.047,-1011.512,-0.006,4.144,30.0,1247,-1,76.05,False,-1,True,True,0.75,0.0,-0.101,False,False,-0.121,0.106,81.838,1247,84.33,,,,,0,False,False,0.0,False,8.72,5.05,20.0,
16.4,91556,223.089,-1011.307,-0.007,4.193,30.0,1247,-1,76.26,False,-1,True,True,0.75,0.0,-0.201,False,False,-0.045,0.341,81.241,1247,84.33,,,,,0,False,False,0.0,False,8.51,5.07,20.0,
16.45,91557,223.137,-1011.1,-0.007,4.279,30.0,1247,-1,76.47,False,-1,True,True,0.75,0.0,-0.164,False,False,0.023,0.495,80.415,1247,84.33,,,,,0,False,False,0.0,False,8.3,5.1,20.0,
16.5,91558,223.188,-1010.889,-0.008,4.38,30.0,1247,-1,76.69,False,-1,True,True,0.75,0.0,-0.119,False,False,0.086,0.478,79.669,1247,84.33,,,,,0,False,False,0.0,False,8.08,5.14,20.0,
16.55,91559,223.24,-1010.673,-0.008,4.485,30.0,1247,-1,76.91,False,-1,True,True,0.75,0.0,-0.1,False,False,0.139,0.396,79.037,1247,84.33,,,,,0,False,False,0.0,False,7.86,5.19,20.0,
16.6,91560,223.295,-1010.452,-0.009,4.59,30.0,1247,-1,77.13,False,-1,True,True,0.75,0.0,-0.087,False,False,0.18,0.309,78.483,1247,84.33,,,,,0,False,False,0.0,False,7.63,5.24,20.0,
16.65,91561,223.351,-1010.227,-0.009,4.697,30.0,1247,-1,77.36,False,-1,True,True,0.75,0.0,-0.074,False,False,0.209,0.232,77.994,1247,84.33,,,,,0,False,False,0.0,False,7.4,5.3,20.0,
16.7,91562,223.409,-1009.996,-0.009,4.803,30.0,1247,-1,77.6,False,-1,True,True,0.75,0.0,-0.063,False,False,0.23,0.169,77.566,1247,84.33,,,,,0,False,False,0.0,False,7.16,5.35,20.0,
16.75,91563,223.47,-1009.76,-0.009,4.909,30.0,1247,-1,77.84,False,-1,True,True,0.75,0.0,-0.053,False,False,0.244,0.119,77.194,1247,84.33,,,,,0,False,False,0.0,False,6.92,5.4,20.0,
16.8,91564,223.531,-1009.519,-0.009,5.015,30.0,1247,-1,78.09,False,-1,True,True,0.75,0.0,-0.045,False,False,0.253,0.083,76.871,1247,84.33,,,,,0,False,False,0.0,False,6.67,5.45,20.0,
16.85,91565,223.595,-1009.273,-0.009,5.121,30.0,1247,-1,78.34,False,-1,True,True,0.75,0.0,-0.038,False,False,0.259,0.052,76.596,1247,84.33,,,,,0,False,False,0.0,False,6.42,5.51,20.0,
16.9,91566,223.659,-1009.023,-0.009,5.203,30.0,1247,-1,78.59,False,-1,True,True,0.75,0.0,-0.032,False,False,0.258,0.034,76.336,1247,84.33,,,,,0,False,False,0.0,False,6.16,5.56,20.0,
16.95,91567,223.724,-1008.772,-0.009,5.179,30.0,1247,-1,78.85,False,-1,True,True,0.75,0.0,-0.025,False,False,0.226,0.016,76.172,1247,84.33,,,,,0,False,False,0.0,False,5.9,5.6,20.0,
17.0,91568,223.789,-1008.522,-0.009,5.164,30.0,1247,-1,79.0,False,-1,True,True,0.75,0.0,-0.026,False,False,0.179,0.013,75.945,1247,84.33,,,,,0,False,False,0.0,False,5.64,5.59,20.0,
17.05,91569,223.854,-1008.273,-0.008,5.168,30.0,1247,-1,79.25,False,-1,True,True,0.75,0.0,-0.014,False,False,0.143,0.001,75.839,1247,84.33,,,,,0,False,False,0.0,False,5.38,5.58,20.0,
17.1,91570,223.923,-1008.024,-0.008,5.18,30.0,1247,-1,79.51,False,-1,True,True,0.75,0.0,-0.114,False,False,0.119,0.103,75.518,1247,88.26,,,,,0,False,False,0.0,False,9.02,5.58,20.0,
17.15,91571,223.998,-1007.776,-0.008,5.192,30.0,1247,-1,79.77,False,-1,True,True,0.75,0.0,-0.115,False,False,0.105,0.258,75.019,1247,88.26,,,,,0,False,False,0.0,False,8.77,5.59,20.0,
17.2,91572,224.074,-1007.528,-0.008,5.189,30.0,1247,-1,80.0,False,-1,True,True,0.75,0.0,-0.084,False,False,0.093,0.3,74.393,1247,88.26,,,,,0,False,False,0.0,False,8.51,5.6,20.0,
17.25,91573,224.151,-1007.281,-0.008,5.188,30.0,1247,-1,80.15,False,-1,True,True,0.75,0.0,-0.055,False,False,0.083,0.253,73.945,1247,88.26,,,,,0,False,False,0.0,False,8.25,5.59,20.0,
17.3,91574,224.233,-1007.021,-0.009,5.639,30.0,1247,-1,80.42,False,-1,True,True,0.75,0.0,-0.053,False,False,0.177,0.221,73.451,1247,88.26,,,,,0,False,False,0.0,False,7.98,5.59,20.0,
17.35,91575,224.323,-1006.739,-0.01,6.025,30.0,1247,-1,80.72,False,-1,True,True,0.0,0.269,-0.034,False,False,0.335,0.178,73.08,1247,88.26,,,,,0,False,False,0.0,False,7.68,5.82,20.0,
17.4,91576,224.418,-1006.445,-0.011,6.232,30.0,1247,-1,81.0,False,-1,True,True,0.0,0.3,-0.03,False,False,0.429,0.14,72.75,1247,88.26,,,,,0,False,False,0.0,False,7.37,6.01,20.0,
17.45,91577,224.515,-1006.147,-0.011,6.273,30.0,1247,-1,81.28,False,-1,True,True,0.0,0.3,-0.023,False,False,0.426,0.102,72.524,1247,88.26,,,,,0,False,False,0.0,False,7.06,6.12,20.0,
17.5,91578,224.611,-1005.852,-0.01,6.182,30.0,1247,-1,81.59,False,-1,True,True,0.0,0.3,-0.023,False,False,0.341,0.08,72.279,1247,88.26,,,,,0,False,False,0.0,False,6.75,6.14,20.0,
17.55,91579,224.706,-1005.563,-0.009,6.052,30.0,1247,-1,81.9,False,-1,True,True,0.0,0.3,-0.014,False,False,0.222,0.055,72.149,1247,88.26,,,,,0,False,False,0.0,False,6.44,6.09,20.0,
17.6,91580,224.799,-1005.281,-0.008,5.892,30.0,1247,-1,82.13,False,-1,True,True,0.0,0.3,-0.017,False,False,0.102,0.045,71.969,1247,88.26,,,,,0,False,False,0.0,False,6.15,6.03,20.0,
17.65,91581,224.89,-1005.008,-0.007,5.713,30.0,1247,-1,82.41,False,-1,True,True,0.0,0.3,-0.008,False,False,-0.005,0.03,71.895,1247,88.26,,,,,0,False,False,0.0,False,5.86,5.95,20.0,
17.7,91582,224.978,-1004.743,-0.006,5.519,30.0,1247,-1,82.69,False,-1,True,True,0.0,0.3,-0.013,False,False,-0.095,0.026,71.761,1247,88.26,,,,,0,False,False,0.0,False,5.58,5.86,20.0,
17.75,91583,225.067,-1004.488,-0.006,5.339,30.0,1247,-1,82.96,False,-1,True,True,0.102,0.0,-0.113,False,False,-0.162,0.131,71.551,1247,92.18,,,,,0,False,False,0.0,False,9.24,5.76,20.0,
17.8,91584,225.156,-1004.241,-0.005,5.2,30.0,1247,-1,83.22,False,-1,True,True,0.75,0.0,-0.058,False,False,-0.197,0.198,71.132,1247,92.18,,,,,0,False,False,0.0,False,8.98,5.67,20.0,
17.85,91585,225.243,-1004.0,-0.005,5.082,30.0,1247,-1,83.48,False,-1,True,True,0.75,0.0,-0.029,False,False,-0.207,0.164,70.869,1247,92.18,,,,,0,False,False,0.0,False,8.72,5.6,20.0,
17.9,91586,225.329,-1003.762,-0.005,5.058,30.0,1247,-1,83.73,False,-1,True,True,0.75,0.0,-0.031,False,False,-0.182,0.127,70.589,1247,92.18,,,,,0,False,False,0.0,False,8.47,5.54,20.0,
17.95,91587,225.416,-1003.524,-0.006,5.056,30.0,1247,-1,83.98,False,-1,True,True,0.75,0.0,-0.021,False,False,-0.131,0.093,70.442,1247,92.18,,,,,0,False,False,0.0,False,8.22,5.53,20.0,
18.0,91588,225.501,-1003.292,-0.006,4.789,30.0,1247,-1,84.23,False,-1,True,True,0.75,0.0,-0.025,False,False,-0.126,0.074,70.247,1247,92.18,,,,,0,False,False,0.0,False,7.97,5.53,20.0,
18.05,91589,225.58,-1003.078,-0.005,4.448,30.0,1247,-1,84.46,False,-1,True,True,0.75,0.0,-0.016,False,False,-0.213,0.049,70.113,1247,92.18,,,,,0,False,False,0.0,False,7.74,5.39,20.0,
18.1,91590,225.655,-1002.877,-0.005,4.244,30.0,1247,-1,84.67,False,-1,True,True,0.75,0.0,-0.015,False,False,-0.279,0.032,70.019,1247,92.18,,,,,0,False,False,0.0,False,7.53,5.22,20.0,
18.15,91591,225.728,-1002.681,-0.005,4.149,30.0,1247,-1,84.88,False,-1,True,True,0.75,0.0,-0.015,False,False,-0.291,0.023,69.936,1247,92.18,,,,,0,False,False,0.0,False,7.32,5.12,20.0,
18.2,91592,225.801,-1002.487,-0.005,4.129,30.0,1247,-1,85.09,False,-1,True,True,0.75,0.0,-0.013,False,False,-0.251,0.017,69.862,1247,92.18,,,,,0,False,False,0.0,False,7.11,5.07,20.0,
18.25,91593,225.873,-1002.293,-0.006,4.158,30.0,1247,-1,85.3,False,-1,True,True,0.75,0.0,-0.011,False,False,-0.179,0.012,69.798,1247,92.18,,,,,0,False,False,0.0,False,6.9,5.06,20.0,
18.3,91594,225.947,-1002.096,-0.006,4.216,30.0,1247,-1,85.51,False,-1,True,True,0.75,0.0,-0.009,False,False,-0.096,0.008,69.742,1247,92.18,,,,,0,False,False,0.0,False,6.69,5.08,20.0,
18.35,91595,226.022,-1001.896,-0.007,4.294,30.0,1247,-1,85.72,False,-1,True,True,0.75,0.0,-0.008,False,False,-0.015,0.005,69.692,1247,92.18,,,,,0,False,False,0.0,False,6.48,5.11,20.0,
18.4,91596,226.099,-1001.692,-0.008,4.382,30.0,1247,-1,85.94,False,-1,True,True,0.75,0.0,-0.007,False,False,0.057,0.003,69.65,1247,92.18,,,,,0,False,False,0.0,False,6.26,5.15,20.0,
18.45,91597,226.177,-1001.483,-0.008,4.478,30.0,1247,-1,86.16,False,-1,True,True,0.75,0.0,-0.006,False,False,0.115,0.001,69.612,1247,92.18,,,,,0,False,False,0.0,False,6.04,5.19,20.0,
18.5,91598,226.257,-1001.271,-0.009,4.578,30.0,1247,-1,86.39,False,-1,True,True,0.75,0.0,-0.005,False,False,0.16,0.001,69.58,1247,92.18,,,,,0,False,False,0.0,False,5.81,5.24,20.0,
18.55,91599,226.338,-1001.053,-0.009,4.68,30.0,1247,-1,86.62,False,-1,True,True,0.75,0.0,-0.004,False,False,0.194,0.0,69.551,1247,92.18,,,,,0,False,False,0.0,False,5.58,5.29,20.0,
18.6,91600,226.422,-1000.831,-0.009,4.783,30.0,1247,-1,86.86,False,-1,True,True,0.75,0.0,-0.004,False,False,0.218,-0.0,69.527,1247,92.18,,,,,0,False,False,0.0,False,5.34,5.34,20.0,
18.65,91601,226.511,-1000.606,-0.009,4.875,30.0,1247,-1,87.1,False,-1,True,True,0.75,0.0,-0.104,False,False,0.232,0.111,69.317,1247,96.1,,,,,0,False,False,0.0,False,9.44,5.39,20.0,
18.7,91602,226.609,-1000.38,-0.009,4.961,30.0,1247,-1,87.34,False,-1,True,True,0.75,0.0,-0.15,False,False,0.235,0.332,68.711,1247,96.1,,,,,0,False,False,0.0,False,9.2,5.44,20.0,
18.75,91603,226.712,-1000.151,-0.009,5.069,30.0,1247,-1,87.6,False,-1,True,True,0.75,0.0,-0.1,False,False,0.24,0.416,68.029,1247,96.1,,,,,0,False,False,0.0,False,8.95,5.48,20.0,
18.8,91604,226.818,-999.918,-0.009,5.182,30.0,1247,-1,87.85,False,-1,True,True,0.75,0.0,-0.072,False,False,0.247,0.364,67.472,1247,96.1,,,,,0,False,False,0.0,False,8.69,5.53,20.0,
18.85,91605,226.926,-999.681,-0.009,5.202,30.0,1247,-1,88.11,False,-1,True,True,0.75,0.0,-0.063,False,False,0.238,0.286,66.972,1247,96.1,,,,,0,False,False,0.0,False,8.43,5.59,20.0,
18.9,91606,227.034,-999.446,-0.009,5.183,30.0,1247,-1,88.37,False,-1,True,True,0.75,0.0,-0.051,False,False,0.197,0.208,66.605,1247,96.1,,,,,0,False,False,0.0,False,8.17,5.6,20.0,
18.95,91607,227.142,-999.211,-0.008,5.176,30.0,1247,-1,88.63,False,-1,True,True,0.75,0.0,-0.048,False,False,0.156,0.156,66.201,1247,96.1,,,,,0,False,False,0.0,False,7.91,5.59,20.0,
19.0,91608,227.251,-998.976,-0.008,5.19,30.0,1247,-1,88.89,False,-1,True,True,0.75,0.0,-0.032,False,False,0.128,0.106,65.942,1247,96.1,,,,,0,False,False,0.0,False,7.65,5.59,20.0,
19.05,91609,227.361,-998.741,-0.008,5.214,30.0,1247,-1,89.15,False,-1,True,True,0.75,0.0,-0.034,False,False,0.114,0.08,65.642,1247,96.1,,,,,0,False,False,0.0,False,7.39,5.59,20.0,
19.1,91610,227.472,-998.505,-0.008,5.218,30.0,1247,-1,89.41,False,-1,True,True,0.75,0.0,-0.022,False,False,0.105,0.052,65.476,1247,96.1,,,,,0,False,False,0.0,False,7.13,5.61,20.0,
19.15,91611,227.583,-998.269,-0.008,5.213,30.0,1247,-1,89.67,False,-1,True,True,0.75,0.0,-0.025,False,False,0.094,0.041,65.255,1247,96.1,,,,,0,False,False,0.0,False,6.87,5.61,20.0,
19.2,91612,227.696,-998.029,-0.008,5.47,30.0,1247,-1,89.93,False,-1,True,True,0.75,0.0,-0.014,False,False,0.125,0.027,65.16,1247,96.1,,,,,0,False,False,0.0,False,6.61,5.61,20.0,
19.25,91613,227.82,-997.768,-0.009,5.91,30.0,1247,-1,90.22,False,-1,True,True,0.338,0.0,-0.02,False,False,0.277,0.033,65.023,1247,96.1,,,,,0,False,False,0.0,False,6.32,5.74,20.0,
19.3,91614,227.952,-997.492,-0.011,6.184,30.0,1247,-1,90.53,False,-1,True,True,0.0,0.3,-0.012,False,False,0.404,0.029,64.917,1247,96.1,,,,,0,False,False,0.0,False,6.01,5.96,20.0,
19.35,91615,228.09,-997.213,-0.011,6.246,30.0,1247,-1,90.84,False,-1,True,True,0.0,0.3,-0.112,False,False,0.428,0.159,64.581,1247,100.02,,,,,0,False,False,0.0,False,9.76,6.09,20.0,
19.4,91616,228.236,-996.941,-0.01,6.142,30.0,1247,-1,91.15,False,-1,True,True,0.0,0.3,-0.212,False,False,0.35,0.434,63.826,1247,100.02,,,,,0,False,False,0.0,False,9.46,6.12,20.0,
19.45,91617,228.388,-996.682,-0.009,5.977,30.0,1247,-1,91.44,False,-1,True,True,0.0,0.3,-0.281,False,False,0.216,0.742,62.514,1247,100.02,,,,,0,False,False,0.0,False,9.16,6.07,20.0,
19.5,91618,228.543,-996.435,-0.008,5.817,30.0,1247,-1,91.73,False,-1,True,True,0.0,0.3,-0.199,False,False,0.083,0.845,61.103,1247,100.02,,,,,0,False,False,0.0,False,8.87,5.99,20.0,
19.55,91619,228.695,-996.195,-0.007,5.644,30.0,1247,-1,92.01,False,-1,True,True,0.0,0.3,-0.145,False,False,-0.023,0.747,59.793,1247,100.02,,,,,0,False,False,0.0,False,8.59,5.91,20.0,
19.6,91620,228.846,-995.965,-0.006,5.465,30.0,1247,-1,92.28,False,-1,True,True,0.0,0.3,-0.111,False,False,-0.108,0.584,58.796,1247,100.02,,,,,0,False,False,0.0,False,8.31,5.82,20.0,
19.65,91621,228.994,-995.742,-0.006,5.299,30.0,1247,-1,92.55,False,-1,True,True,0.302,0.0,-0.101,False,False,-0.169,0.449,57.901,1247,100.02,,,,,0,False,False,0.0,False,8.04,5.73,20.0,
19.7,91622,229.14,-995.527,-0.005,5.18,30.0,1247,-1,92.8,False,-1,True,True,0.75,0.0,-0.079,False,False,-0.195,0.336,57.238,1247,100.02,,,,,0,False,False,0.025,False,7.78,5.65,20.0,
19.75,91623,229.285,-995.317,-0.005,5.079,30.0,1247,-1,93.0,False,-1,True,True,0.75,0.0,-0.074,False,False,-0.196,0.257,56.606,1247,100.02,,,,,0,False,False,0.052,False,7.53,5.59,20.0,
19.8,91624,229.43,-995.11,-0.006,5.041,30.0,1247,-1,93.27,False,-1,True,True,0.75,0.0,-0.056,False,False,-0.173,0.192,56.161,1247,100.02,,,,,0,False,False,0.065,False,7.28,5.54,20.0,
19.85,91625,229.576,-994.904,-0.006,5.035,30.0,1247,-1,93.52,False,-1,True,True,0.75,0.0,-0.054,False,False,-0.126,0.152,55.709,1247,100.02,,,,,0,False,False,0.077,False,7.02,5.52,20.0,
19.9,91626,229.722,-994.699,-0.006,4.956,30.0,1247,-1,93.77,False,-1,True,True,0.75,0.0,-0.038,False,False,-0.085,0.11,55.4,1247,100.02,,,,,0,False,False,0.081,False,6.77,5.52,20.0,
19.95,91627,229.86,-994.507,-0.006,4.615,30.0,1247,-1,94.0,False,-1,True,True,0.75,0.0,-0.038,False,False,-0.141,0.079,55.155,1247,100.02,,,,,0,False,False,0.081,False,6.53,5.48,20.0,
20.0,91628,229.991,-994.326,-0.005,4.404,30.0,1247,-1,94.21,False,-1,True,True,0.75,0.0,-0.034,False,False,-0.21,0.057,54.952,1247,100.02,,,,,0,False,False,0.08,False,6.31,5.31,20.0,
20.05,91629,230.118,-994.151,-0.005,4.302,30.0,1247,-1,94.42,False,-1,True,True,0.75,0.0,-0.03,False,False,-0.235,0.041,54.776,1247,100.02,,,,,0,False,False,0.071,False,6.1,5.2,20.0,
20.1,91630,230.244,-993.978,-0.005,4.276,30.0,1247,-1,94.64,False,-1,True,True,0.75,0.0,-0.026,False,False,-0.212,0.029,54.624,1247,100.02,,,,,0,False,False,0.058,False,5.88,5.15,20.0,
20.15,91631,230.371,-993.805,-0.006,4.3,30.0,1247,-1,94.85,False,-1,True,True,0.75,0.0,-0.022,False,False,-0.155,0.02,54.491,1247,100.02,,,,,0,False,False,0.037,False,5.67,5.14,20.0,
20.2,91632,230.499,-993.629,-0.007,4.355,30.0,1247,-1,95.0,False,-1,True,True,0.75,0.0,-0.019,False,False,-0.082,0.013,54.375,1247,100.02,,,,,1,False,False,0.0,False,5.45,5.15,20.0,
20.25,91633,230.629,-993.451,-0.007,4.429,30.0,1247,-1,95.17,False,-1,True,True,0.75,0.0,-0.016,False,False,-0.008,0.008,54.274,1247,100.02,,,,,0,False,False,0.0,False,5.23,5.18,20.0,
20.3,91634,230.762,-993.27,-0.008,4.515,30.0,1247,-1,95.4,False,-1,True,True,0.75,0.0,-0.014,False,False,0.058,0.005,54.186,1247,100.02,,,,,1,False,False,0.0,False,5.0,5.21,20.0,
20.35,91635,230.9,-993.088,-0.008,4.596,30.0,1247,-1,95.62,False,-1,True,True,0.75,0.0,-0.114,False,False,0.111,0.113,53.922,1247,103.95,,,,,0,False,False,0.033,False,8.62,5.26,20.0,
20.4,91636,231.048,-992.91,-0.008,4.664,30.0,1247,-1,95.86,False,-1,True,True,0.75,0.0,-0.214,False,False,0.143,0.364,53.221,1247,103.95,,,,,0,False,False,0.054,False,8.39,5.3,20.0,
20.45,91637,231.204,-992.733,-0.009,4.76,30.0,1247,-1,96.08,False,-1,True,True,0.75,0.0,-0.178,False,False,0.166,0.544,52.257,1247,103.95,,,,,0,False,False,0.072,False,8.16,5.33,20.0,
20.5,91638,231.365,-992.553,-0.009,4.869,30.0,1247,-1,96.32,False,-1,True,True,0.75,0.0,-0.126,False,False,0.192,0.537,51.377,1247,103.95,,,,,0,False,False,0.091,False,7.91,5.38,20.0,
20.55,91639,231.529,-992.37,-0.009,4.978,30.0,1247,-1,96.56,False,-1,True,True,0.75,0.0,-0.103,False,False,0.214,0.449,50.64,1247,103.95,,,,,0,False,False,0.106,False,7.67,5.43,20.0,
20.6,91640,231.699,-992.184,-0.009,5.085,30.0,1247,-1,96.82,False,-1,True,True,0.75,0.0,-0.089,False,False,0.232,0.346,50.008,1247,103.95,,,,,0,False,False,0.12,False,7.42,5.49,20.0,
20.65,91641,231.873,-991.994,-0.009,5.169,30.0,1247,-1,97.0,False,-1,True,True,0.75,0.0,-0.076,False,False,0.242,0.259,49.458,1247,103.95,,,,,0,False,False,0.131,False,7.16,5.54,20.0,
20.7,91642,232.05,-991.801,-0.009,5.296,30.0,1247,-1,97.22,False,-1,True,True,0.75,0.0,-0.064,False,False,0.248,0.187,48.963,1247,103.95,,,,,0,False,False,0.142,False,6.9,5.58,20.0,
20.75,91643,232.228,-991.61,-0.009,5.202,30.0,1247,-1,97.48,False,-1,True,True,0.75,0.0,-0.052,False,False,0.211,0.127,48.576,1247,103.95,,,,,0,False,False,0.154,False,6.64,5.65,20.0,
20.8,91644,232.405,-991.418,-0.008,5.263,30.0,1247,-1,97.74,False,-1,True,True,0.75,0.0,-0.047,False,False,0.173,0.089,48.192,1247,103.95,,,,,0,False,False,0.162,False,6.37,5.6,20.0,
20.85,91645,232.583,-991.227,-0.008,5.203,30.0,1247,-1,98.0,False,-1,True,True,0.75,0.0,-0.034,False,False,0.137,0.057,47.921,1247,103.95,,,,,0,False,False,0.169,False,6.11,5.63,20.0,
20.9,91646,232.763,-991.035,-0.008,5.296,30.0,1247,-1,98.2,False,-1,True,True,0.75,0.0,-0.033,False,False,0.123,0.041,47.642,1247,103.95,,,,,0,False,False,0.167,False,5.85,5.6,20.0,
20.95,91647,232.943,-990.843,-0.008,5.235,30.0,1247,-1,98.46,False,-1,True,True,0.75,0.0,-0.024,False,False,0.109,0.026,47.457,1247,103.95,,,,,0,False,False,0.159,False,5.59,5.65,20.0,
21.0,91648,233.126,-990.654,-0.008,5.292,30.0,1247,-1,98.72,False,-1,True,True,0.75,0.0,-0.124,False,False,0.098,0.125,47.09,1247,107.87,,,,,0,False,False,0.143,False,9.23,5.62,20.0,
21.05,91649,233.313,-990.468,-0.008,5.363,30.0,1247,-1,98.98,False,-1,True,True,0.75,0.0,-0.117,False,False,0.096,0.276,46.499,1247,107.87,,,,,0,False,False,0.12,False,8.96,5.65,20.0,
21.1,91650,233.518,-990.269,-0.009,5.906,30.0,1247,-1,99.27,False,-1,True,True,0.722,0.0,-0.08,False,False,0.239,0.339,45.81,1247,107.87,,,,,0,False,False,0.093,False,8.68,5.68,20.0,
21.15,91651,233.737,-990.057,-0.01,6.179,30.0,1247,-1,99.57,False,-1,True,True,0.0,0.3,-0.051,False,False,0.383,0.301,45.228,1247,107.87,,,,,0,False,False,0.063,False,8.37,5.95,20.0,
21.2,91652,233.966,-989.836,-0.011,6.419,30.0,1247,-1,99.89,False,-1,True,True,0.0,0.3,-0.04,False,False,0.455,0.234,44.772,1247,107.87,,,,,1,False,False,0.0,False,8.05,6.09,20.0,
21.25,91653,234.197,-989.615,-0.011,6.376,30.0,1247,-1,100.21,False,-1,True,True,0.0,0.3,-0.034,False,False,0.427,0.177,44.404,1247,107.87,,,,,0,False,False,0.0,False,7.73,6.21,20.0,
21.3,91654,234.427,-989.396,-0.01,6.351,30.0,1247,-1,100.52,False,-1,True,True,0.0,0.3,-0.029,False,False,0.338,0.134,44.122,1247,107.87,,,,,0,False,False,0.0,False,7.42,6.19,20.0,
21.35,91655,234.652,-989.183,-0.009,6.147,30.0,1247,-1,100.83,False,-1,True,True,0.0,0.3,-0.026,False,False,0.21,0.105,43.85,1247,107.87,,,,,0,False,False,0.0,False,7.11,6.18,20.0,
21.4,91656,234.873,-988.975,-0.008,6.036,30.0,1247,-1,101.13,False,-1,True,True,0.0,0.3,-0.018,False,False,0.089,0.076,43.675,1247,107.87,,,,,0,False,False,0.0,False,6.8,6.07,20.0,
21.45,91657,235.087,-988.774,-0.007,5.787,30.0,1247,-1,101.43,False,-1,True,True,0.0,0.3,-0.019,False,False,-0.024,0.06,43.484,1247,107.87,,,,,0,False,False,0.0,False,6.51,6.02,20.0,
21.5,91658,235.294,-988.58,-0.006,5.648,30.0,1247,-1,101.71,False,-1,True,True,0.0,0.3,-0.012,False,False,-0.111,0.042,43.376,1247,107.87,,,,,0,False,False,0.0,False,6.22,5.89,20.0,
21.55,91659,235.494,-988.393,-0.005,5.377,30.0,1247,-1,101.98,False,-1,True,True,0.0,0.3,-0.014,False,False,-0.184,0.034,43.24,1247,107.87,,,,,0,False,False,0.0,False,5.95,5.82,20.0,
21.6,91660,235.688,-988.212,-0.005,5.265,30.0,1247,-1,102.25,False,-1,True,True,0.602,0.0,-0.007,False,False,-0.227,0.022,43.179,1247,107.87,,,,,0,False,False,0.0,False,5.69,5.69,20.0,
21.65,91661,235.876,-988.037,-0.005,5.082,30.0,1247,-1,102.5,False,-1,True,True,0.75,0.0,-0.011,False,False,-0.244,0.018,43.068,1247,107.87,,,,,0,False,False,0.0,False,5.43,5.63,20.0,
21.7,91662,236.067,-987.865,-0.005,5.141,30.0,1247,-1,102.76,False,-1,True,True,0.75,0.0,-0.111,False,False,-0.201,0.126,42.849,1247,111.79,,,,,0,False,False,0.0,False,9.09,5.54,20.0,
21.75,91663,236.258,-987.696,-0.006,5.067,30.0,1247,-1,103.01,False,-1,True,True,0.75,0.0,-0.051,False,False,-0.147,0.191,42.458,1247,111.79,,,,,0,False,False,0.0,False,8.83,5.57,20.0,
21.8,91664,236.438,-987.537,-0.005,4.638,30.0,1247,-1,103.25,False,-1,True,True,0.75,0.0,-0.026,False,False,-0.199,0.151,42.238,1247,111.79,,,,,0,False,False,0.0,False,8.59,5.53,20.0,
21.85,91665,236.603,-987.391,-0.005,4.316,30.0,1247,-1,103.47,False,-1,True,True,0.75,0.0,-0.031,False,False,-0.293,0.111,42.073,1247,111.79,,,,,0,False,False,0.0,False,8.37,5.32,20.0,
21.9,91666,236.761,-987.253,-0.004,4.129,30.0,1247,-1,103.68,False,-1,True,True,0.75,0.0,-0.029,False,False,-0.344,0.084,41.92,1247,111.79,,,,,0,False,False,0.0,False,8.16,5.16,20.0,
21.95,91667,236.914,-987.119,-0.004,4.046,30.0,1247,-1,103.89,False,-1,True,True,0.75,0.0,-0.025,False,False,-0.335,0.062,41.784,1247,111.79,,,,,0,False,False,0.0,False,7.96,5.06,20.0,
22.0,91668,237.067,-986.986,-0.005,4.036,30.0,1247,-1,104.09,False,-1,True,True,0.75,0.0,-0.021,False,False,-0.276,0.043,41.664,1247,111.79,,,,,0,False,False,0.0,False,7.76,5.02,20.0,
22.05,91669,237.22,-986.853,-0.006,4.072,30.0,1247,-1,104.29,False,-1,True,True,0.75,0.0,-0.018,False,False,-0.191,0.029,41.559,1247,111.79,,,,,0,False,False,0.0,False,7.55,5.02,20.0,
22.1,91670,237.376,-986.718,-0.006,4.135,30.0,1247,-1,104.5,False,-1,True,True,0.75,0.0,-0.016,False,False,-0.099,0.019,41.467,1247,111.79,,,,,0,False,False,0.0,False,7.35,5.04,20.0,
22.15,91671,237.534,-986.58,-0.007,4.216,30.0,1247,-1,104.71,False,-1,True,True,0.75,0.0,-0.014,False,False,-0.012,0.012,41.386,1247,111.79,,,,,0,False,False,0.0,False,7.14,5.07,20.0,
22.2,91672,237.696,-986.44,-0.008,4.307,30.0,1247,-1,104.92,False,-1,True,True,0.75,0.0,-0.012,False,False,0.062,0.007,41.314,1247,111.79,,,,,0,False,False,0.0,False,6.92,5.11,20.0,
22.25,91673,237.861,-986.296,-0.008,4.404,30.0,1247,-1,105.14,False,-1,True,True,0.75,0.0,-0.01,False,False,0.121,0.004,41.252,1247,111.79,,,,,0,False,False,0.0,False,6.71,5.15,20.0,
22.3,91674,238.03,-986.15,-0.009,4.506,30.0,1247,-1,105.36,False,-1,True,True,0.75,0.0,-0.008,False,False,0.166,0.001,41.197,1247,111.79,,,,,0,False,False,0.0,False,6.48,5.2,20.0,
22.35,91675,238.203,-986.0,-0.009,4.609,30.0,1247,-1,105.59,False,-1,True,True,0.75,0.0,-0.007,False,False,0.199,0.0,41.15,1247,111.79,,,,,0,False,False,0.0,False,6.25,5.25,20.0,
22.4,91676,238.379,-985.847,-0.009,4.714,30.0,1247,-1,105.83,False,-1,True,True,0.75,0.0,-0.006,False,False,0.222,-0.0,41.109,1247,111.79,,,,,0,False,False,0.0,False,6.02,5.3,20.0,
22.45,91677,238.56,-985.69,-0.009,4.818,30.0,1247,-1,106.06,False,-1,True,True,0.75,0.0,-0.005,False,False,0.238,-0.0,41.073,1247,111.79,,,,,0,False,False,0.0,False,5.78,5.36,20.0,
22.5,91678,238.744,-985.53,-0.009,4.923,30.0,1247,-1,106.31,False,-1,True,True,0.75,0.0,-0.004,False,False,0.249,-0.001,41.043,1247,111.79,,,,,0,False,False,0.0,False,5.54,5.41,20.0,
22.55,91679,238.933,-985.367,-0.009,5.027,30.0,1247,-1,106.56,False,-1,True,True,0.75,0.0,-0.004,False,False,0.255,-0.001,41.016,1247,111.79,,,,,0,False,False,0.0,False,5.29,5.46,20.0,
22.6,91680,239.128,-985.204,-0.009,5.115,30.0,1247,-1,106.81,False,-1,True,True,0.75,0.0,-0.104,False,False,0.256,0.131,40.789,1247,115.71,,,,,0,False,False,0.0,False,8.95,5.51,20.0,
22.65,91681,239.326,-985.039,-0.009,5.179,30.0,1247,-1,107.07,False,-1,True,True,0.75,0.0,-0.015,False,False,0.249,0.151,40.529,1247,115.71,,,,,0,False,False,0.0,False,8.69,5.56,20.0,
22.7,91682,239.523,-984.873,-0.009,5.149,30.0,1247,-1,107.33,False,-1,True,True,0.75,0.0,-0.004,False,False,0.21,0.083,40.34,1247,115.71,,,,,0,False,False,0.0,False,8.44,5.59,20.0,
22.75,91683,239.72,-984.708,-0.008,5.14,30.0,1247,-1,107.58,False,-1,True,True,0.75,0.0,-0.003,False,False,0.166,0.033,40.303,1247,115.71,,,,,0,False,False,0.0,False,8.18,5.57,20.0,
22.8,91684,239.916,-984.542,-0.008,5.145,30.0,1247,-1,107.84,False,-1,True,True,0.75,0.0,-0.013,False,False,0.133,0.023,40.189,1247,115.71,,,,,0,False,False,0.0,False,7.92,5.57,20.0,
22.85,91685,240.114,-984.377,-0.008,5.167,30.0,1247,-1,108.1,False,-1,True,True,0.75,0.0,-0.004,False,False,0.115,0.012,40.173,1247,115.71,,,,,0,False,False,0.0,False,7.67,5.57,20.0,
22.9,91686,240.312,-984.21,-0.008,5.193,30.0,1247,-1,108.36,False,-1,True,True,0.75,0.0,-0.01,False,False,0.11,0.013,40.077,1247,115.71,,,,,0,False,False,0.0,False,7.41,5.58,20.0,
22.95,91687,240.511,-984.044,-0.008,5.188,30.0,1247,-1,108.62,False,-1,True,True,0.75,0.0,-0.001,False,False,0.101,0.005,40.083,1247,115.71,,,,,0,False,False,0.0,False,7.15,5.6,20.0,
23.0,91688,240.71,-983.877,-0.008,5.184,30.0,1247,-1,108.88,False,-1,True,True,0.75,0.0,-0.008,False,False,0.09,0.008,40.002,1247,115.71,,,,,0,False,False,0.0,False,6.89,5.59,20.0,
23.05,91689,240.919,-983.703,-0.009,5.637,30.0,1247,-1,109.15,False,-1,True,True,0.75,0.0,-0.0,False,False,0.183,0.001,40.039,1247,115.71,,,,,0,False,False,0.0,False,6.62,5.59,20.0,
23.1,91690,241.146,-983.513,-0.01,6.025,30.0,1247,-1,109.44,False,-1,True,True,0.0,0.263,-0.009,False,False,0.34,0.011,40.0,1247,115.71,,,,,0,False,False,0.0,False,6.32,5.82,20.0,
23.15,91691,241.384,-983.315,-0.011,6.235,30.0,1247,-1,109.75,False,-1,True,True,0.0,0.3,-0.002,False,False,0.434,0.009,39.984,1247,115.71,,,,,0,False,False,0.0,False,6.01,6.01,20.0,
23.2,91692,241.626,-983.117,-0.011,6.272,30.0,1247,-1,110.07,False,-1,True,True,0.0,0.3,-0.057,False,False,0.43,0.101,39.781,1247,119.64,,,,,0,False,False,0.0,False,9.62,6.12,20.0,
23.25,91693,241.867,-982.92,-0.01,6.184,30.0,1247,-1,110.38,False,-1,True,True,0.0,0.3,-0.001,False,False,0.344,0.09,39.644,1247,119.64,,,,,0,False,False,0.0,False,9.31,6.14,20.0,
23.3,91694,242.101,-982.727,-0.009,6.052,30.0,1247,-1,110.68,False,-1,True,True,0.0,0.3,-0.001,False,False,0.224,0.046,39.526,1247,119.64,,,,,0,False,False,0.0,False,9.01,6.09,20.0,
23.35,91695,242.331,-982.538,-0.008,5.893,30.0,1247,-1,110.98,False,-1,True,True,0.0,0.3,0.001,False,False,0.103,0.014,39.526,1247,119.64,,,,,0,False,False,0.0,False,8.71,6.03,20.0,
23.4,91696,242.553,-982.355,-0.007,5.713,30.0,1247,-1,111.27,False,-1,True,True,0.0,0.3,-0.007,False,False,-0.004,0.011,39.454,1247,119.64,,,,,0,False,False,0.0,False,8.42,5.95,20.0,
23.45,91697,242.769,-982.178,-0.006,5.521,30.0,1247,-1,111.54,False,-1,True,True,0.0,0.3,0.0,False,False,-0.094,0.004,39.468,1247,119.64,,,,,0,False,False,0.0,False,8.14,5.86,20.0,
23.5,91698,242.978,-982.006,-0.006,5.353,30.0,1247,-1,111.81,False,-1,True,True,0.097,0.0,-0.006,False,False,-0.159,0.007,39.402,1247,119.64,,,,,0,False,False,0.0,False,7.87,5.76,20.0,
23.55,91699,243.181,-981.84,-0.005,5.212,30.0,1247,-1,112.08,False,-1,True,True,0.699,0.0,0.002,False,False,-0.192,0.001,39.425,1247,119.64,,,,,0,False,False,0.0,False,7.61,5.68,20.0,
23.6,91700,243.38,-981.677,-0.005,5.091,30.0,1247,-1,112.33,False,-1,True,True,0.75,0.0,-0.005,False,False,-0.203,0.004,39.365,1247,119.64,,,,,0,False,False,0.0,False,7.35,5.61,20.0,
23.65,91701,243.576,-981.516,-0.005,5.068,30.0,1247,-1,112.59,False,-1,True,True,0.75,0.0,0.002,False,False,-0.179,-0.001,39.391,1247,119.64,,,,,0,False,False,0.0,False,7.1,5.55,20.0,
23.7,91702,243.772,-981.355,-0.006,5.065,30.0,1247,-1,112.84,False,-1,True,True,0.75,0.0,-0.004,False,False,-0.129,0.003,39.332,1247,119.64,,,,,0,False,False,0.0,False,6.84,5.53,20.0,
23.75,91703,243.964,-981.198,-0.006,4.797,30.0,1247,-1,113.09,False,-1,True,True,0.75,0.0,0.003,False,False,-0.125,-0.002,39.358,1247,119.64,,,,,0,False,False,0.0,False,6.6,5.53,20.0,
23.8,91704,244.14,-981.053,-0.005,4.454,30.0,1247,-1,113.32,False,-1,True,True,0.75,0.0,-0.003,False,False,-0.212,0.001,39.365,1247,119.64,,,,,0,False,False,0.0,False,6.37,5.4,20.0,
23.85,91705,244.307,-980.917,-0.005,4.249,30.0,1247,-1,113.53,False,-1,True,True,0.75,0.0,-0.002,False,False,-0.28,0.003,39.357,1247,119.64,,,,,0,False,False,0.0,False,6.15,5.23,20.0,
23.9,91706,244.469,-980.784,-0.005,4.152,30.0,1247,-1,113.74,False,-1,True,True,0.75,0.0,-0.001,False,False,-0.292,0.003,39.35,1247,119.64,,,,,0,False,False,0.0,False,5.94,5.12,20.0,
23.95,91707,244.629,-980.653,-0.005,4.131,30.0,1247,-1,113.95,False,-1,True,True,0.75,0.0,-0.001,False,False,-0.252,0.001,39.346,1247,119.64,,,,,0,False,False,0.0,False,5.74,5.08,20.0,
24.0,91708,244.79,-980.521,-0.006,4.16,30.0,1247,-1,114.16,False,-1,True,True,0.75,0.0,-0.001,False,False,-0.181,0.0,39.341,1247,119.64,,,,,0,False,False,0.0,False,5.53,5.07,20.0,
24.05,91709,244.952,-980.388,-0.006,4.218,30.0,1247,-1,114.37,False,-1,True,True,0.75,0.0,-0.001,False,False,-0.097,0.0,39.338,1247,119.64,,,,,0,False,False,0.0,False,5.32,5.08,20.0,
24.1,91710,245.118,-980.252,-0.007,4.295,30.0,1247,-1,114.58,False,-1,True,True,0.75,0.0,-0.001,False,False,-0.016,0.0,39.334,1247,119.64,,,,,0,False,False,0.0,False,5.1,5.11,20.0,
24.15,91711,245.288,-980.116,-0.008,4.382,30.0,1247,-1,114.8,False,-1,True,True,0.75,0.0,-0.035,False,False,0.055,0.052,39.236,1247,123.56,,,,,0,False,False,0.0,False,8.81,5.15,20.0,
24.2,91712,245.461,-979.976,-0.008,4.477,30.0,1247,-1,115.02,False,-1,True,True,0.75,0.0,-0.001,False,False,0.114,0.045,39.162,1247,123.56,,,,,0,False,False,0.0,False,8.58,5.19,20.0,
24.25,91713,245.638,-979.833,-0.009,4.577,30.0,1247,-1,115.25,False,-1,True,True,0.75,0.0,-0.001,False,False,0.159,0.021,39.139,1247,123.56,,,,,0,False,False,0.0,False,8.36,5.24,20.0,
24.3,91714,245.818,-979.687,-0.009,4.68,30.0,1247,-1,115.48,False,-1,True,True,0.75,0.0,-0.004,False,False,0.193,0.01,39.12,1247,123.56,,,,,0,False,False,0.0,False,8.13,5.29,20.0,
24.35,91715,246.002,-979.537,-0.009,4.783,30.0,1247,-1,115.72,False,-1,True,True,0.75,0.0,-0.003,False,False,0.218,0.006,39.099,1247,123.56,,,,,0,False,False,0.0,False,7.89,5.34,20.0,
24.4,91716,246.191,-979.385,-0.009,4.887,30.0,1247,-1,115.96,False,-1,True,True,0.75,0.0,-0.002,False,False,0.235,0.003,39.081,1247,123.56,,,,,0,False,False,0.0,False,7.65,5.39,20.0,
24.45,91717,246.383,-979.229,-0.009,4.991,30.0,1247,-1,116.21,False,-1,True,True,0.75,0.0,-0.002,False,False,0.246,0.002,39.065,1247,123.56,,,,,0,False,False,0.0,False,7.4,5.44,20.0,
24.5,91718,246.58,-979.07,-0.009,5.095,30.0,1247,-1,116.46,False,-1,True,True,0.75,0.0,-0.002,False,False,0.253,0.0,39.052,1247,123.56,,,,,0,False,False,0.0,False,7.15,5.5,20.0,
24.55,91719,246.78,-978.908,-0.009,5.227,30.0,1247,-1,116.72,False,-1,True,True,0.75,0.0,-0.002,False,False,0.259,-0.0,39.041,1247,123.56,,,,,0,False,False,0.0,False,6.89,5.55,20.0,
24.6,91720,246.984,-978.742,-0.009,5.258,30.0,1247,-1,116.98,False,-1,True,True,0.75,0.0,-0.001,False,False,0.255,-0.0,39.03,1247,123.56,,,,,0,False,False,0.0,False,6.62,5.61,20.0,
24.65,91721,247.192,-978.574,-0.009,5.407,30.0,1247,-1,117.25,False,-1,True,True,0.75,0.0,-0.001,False,False,0.256,-0.001,39.035,1247,123.56,,,,,0,False,False,0.0,False,6.36,5.63,20.0,
24.7,91722,247.4,-978.406,-0.009,5.31,30.0,1247,-1,117.52,False,-1,True,True,0.591,0.0,-0.002,False,False,0.217,0.001,38.995,1247,123.56,,,,,0,False,False,0.0,False,6.09,5.7,20.0,
24.75,91723,247.607,-978.238,-0.009,5.358,30.0,1247,-1,117.78,False,-1,True,True,0.75,0.0,0.002,False,False,0.174,-0.004,39.013,1247,123.56,,,,,0,False,False,0.0,False,5.82,5.65,20.0,
24.8,91724,247.813,-978.071,-0.008,5.285,30.0,1247,-1,118.05,False,-1,True,True,0.75,0.0,-0.002,False,False,0.131,-0.0,38.975,1247,123.56,,,,,0,False,False,0.0,False,5.56,5.68,20.0,
24.85,91725,248.021,-977.904,-0.008,5.366,30.0,1247,-1,118.31,False,-1,True,True,0.75,0.0,-0.016,False,False,0.112,0.026,38.945,1247,127.48,,,,,0,False,False,0.0,False,9.21,5.64,20.0,
24.9,91726,248.228,-977.737,-0.008,5.314,30.0,1247,-1,118.58,False,-1,True,True,0.713,0.0,-0.003,False,False,0.099,0.028,38.864,1247,127.48,,,,,0,False,False,0.0,False,8.95,5.68,20.0,
24.95,91727,248.437,-977.57,-0.008,5.38,30.0,1247,-1,118.85,False,-1,True,True,0.75,0.0,0.003,False,False,0.093,0.01,38.874,1247,127.48,,,,,0,False,False,0.0,False,8.68,5.66,20.0,
25.0,91728,248.644,-977.402,-0.008,5.306,30.0,1247,-1,119.12,False,-1,True,True,0.657,0.0,-0.003,False,False,0.08,0.007,38.835,1247,127.48,,,,,0,False,False,0.0,False,8.41,5.69,20.0,
25.05,91729,248.863,-977.226,-0.009,5.817,30.0,1247,-1,119.4,False,-1,True,True,0.75,0.0,0.001,False,False,0.176,0.002,38.873,1247,127.48,,,,,0,False,False,0.0,False,8.13,5.65,20.0,
25.1,91730,249.098,-977.037,-0.01,6.116,30.0,1247,-1,119.7,False,-1,True,True,0.0,0.3,-0.005,False,False,0.325,0.008,38.871,1247,127.48,,,,,0,False,False,0.0,False,7.83,5.91,20.0,
25.15,91731,249.344,-976.84,-0.011,6.382,30.0,1247,-1,120.01,False,-1,True,True,0.0,0.3,-0.002,False,False,0.419,0.01,38.854,1247,127.48,,,,,0,False,False,0.0,False,7.52,6.06,20.0,
25.2,91732,249.593,-976.64,-0.011,6.359,30.0,1247,-1,120.33,False,-1,True,True,0.0,0.3,-0.001,False,False,0.412,0.005,38.842,1247,127.48,,,,,0,False,False,0.0,False,7.2,6.19,20.0,
25.25,91733,249.84,-976.441,-0.01,6.36,30.0,1247,-1,120.65,False,-1,True,True,0.0,0.3,-0.001,False,False,0.341,0.001,38.835,1247,127.48,,,,,0,False,False,0.0,False,6.88,6.18,20.0,
25.3,91734,250.083,-976.246,-0.009,6.164,30.0,1247,-1,120.96,False,-1,True,True,0.0,0.3,-0.001,False,False,0.224,-0.0,38.829,1247,127.48,,,,,0,False,False,0.0,False,6.57,6.18,20.0,
25.35,91735,250.32,-976.055,-0.008,6.058,30.0,1247,-1,121.27,False,-1,True,True,0.0,0.3,-0.001,False,False,0.106,-0.001,38.811,1247,127.48,,,,,0,False,False,0.0,False,6.26,6.08,20.0,
25.4,91736,250.549,-975.871,-0.007,5.809,30.0,1247,-1,121.56,False,-1,True,True,0.0,0.3,0.001,False,False,-0.008,-0.003,38.834,1247,127.48,,,,,0,False,False,0.0,False,5.97,6.03,20.0,
25.45,91737,250.772,-975.692,-0.006,5.669,30.0,1247,-1,121.85,False,-1,True,True,0.0,0.3,-0.003,False,False,-0.098,0.0,38.803,1247,127.48,,,,,0,False,False,0.0,False,5.68,5.9,20.0,
25.5,91738,250.986,-975.52,-0.006,5.398,30.0,1247,-1,122.12,False,-1,True,True,0.0,0.3,-0.006,False,False,-0.175,0.009,38.807,1247,131.4,,,,,0,False,False,0.0,False,9.33,5.83,20.0,
25.55,91739,251.193,-975.354,-0.005,5.285,30.0,1247,-1,122.39,False,-1,True,True,0.526,0.0,-0.003,False,False,-0.221,0.011,38.759,1247,131.4,,,,,0,False,False,0.0,False,9.06,5.7,20.0,
25.6,91740,251.395,-975.192,-0.005,5.082,30.0,1247,-1,122.64,False,-1,True,True,0.75,0.0,0.002,False,False,-0.242,0.004,38.783,1247,131.4,,,,,0,False,False,0.0,False,8.81,5.64,20.0,
25.65,91741,251.594,-975.033,-0.005,5.125,30.0,1247,-1,122.9,False,-1,True,True,0.75,0.0,-0.004,False,False,-0.213,0.006,38.761,1247,131.4,,,,,0,False,False,0.0,False,8.55,5.54,20.0,
25.7,91742,251.792,-974.874,-0.006,5.05,30.0,1247,-1,123.15,False,-1,True,True,0.75,0.0,0.0,False,False,-0.16,0.003,38.79,1247,131.4,,,,,0,False,False,0.0,False,8.3,5.56,20.0,
25.75,91743,251.986,-974.718,-0.006,4.804,30.0,1247,-1,123.4,False,-1,True,True,0.75,0.0,-0.004,False,False,-0.152,0.005,38.751,1247,131.4,,,,,0,False,False,0.0,False,8.05,5.53,20.0,
25.8,91744,252.163,-974.576,-0.005,4.437,30.0,1247,-1,123.63,False,-1,True,True,0.75,0.0,0.002,False,False,-0.24,0.001,38.715,1247,131.4,,,,,0,False,False,0.0,False,7.82,5.4,20.0,
25.85,91745,252.33,-974.442,-0.005,4.212,30.0,1247,-1,123.84,False,-1,True,True,0.75,0.0,0.003,False,False,-0.311,-0.005,38.715,1247,131.4,,,,,0,False,False,0.0,False,7.61,5.22,20.0,
25.9,91746,252.491,-974.312,-0.005,4.101,30.0,1247,-1,124.05,False,-1,True,True,0.75,0.0,0.0,False,False,-0.324,-0.004,38.718,1247,131.4,,,,,0,False,False,0.0,False,7.4,5.11,20.0,
25.95,91747,252.651,-974.184,-0.005,4.072,30.0,1247,-1,124.25,False,-1,True,True,0.75,0.0,-0.0,False,False,-0.283,-0.001,38.719,1247,131.4,,,,,0,False,False,0.0,False,7.2,5.05,20.0,
26.0,91748,252.811,-974.056,-0.006,4.095,30.0,1247,-1,124.46,False,-1,True,True,0.75,0.0,0.0,False,False,-0.208,0.0,38.719,1247,131.4,,,,,0,False,False,0.0,False,6.99,5.04,20.0,
26.05,91749,252.972,-973.927,-0.006,4.151,30.0,1247,-1,124.67,False,-1,True,True,0.75,0.0,0.0,False,False,-0.119,0.0,38.72,1247,131.4,,,,,0,False,False,0.0,False,6.78,5.05,20.0,
26.1,91750,253.137,-973.795,-0.007,4.227,30.0,1247,-1,124.88,False,-1,True,True,0.75,0.0,0.0,False,False,-0.033,0.0,38.72,1247,131.4,,,,,0,False,False,0.0,False,6.57,5.08,20.0,
26.15,91751,253.304,-973.661,-0.008,4.315,30.0,1247,-1,125.09,False,-1,True,True,0.75,0.0,0.0,False,False,0.043,0.001,38.721,1247,131.4,,,,,0,False,False,0.0,False,6.36,5.11,20.0,
26.2,91752,253.475,-973.524,-0.008,4.41,30.0,1247,-1,125.31,False,-1,True,True,0.75,0.0,-0.0,False,False,0.105,0.001,38.721,1247,131.4,,,,,0,False,False,0.0,False,6.14,5.16,20.0,
26.25,91753,253.65,-973.383,-0.009,4.51,30.0,1247,-1,125.53,False,-1,True,True,0.75,0.0,0.0,False,False,0.154,0.0,38.722,1247,131.4,,,,,0,False,False,0.0,False,5.92,5.21,20.0,
26.3,91754,253.828,-973.24,-0.009,4.613,30.0,1247,-1,125.76,False,-1,True,True,0.75,0.0,0.0,False,False,0.19,0.0,38.722,1247,131.4,,,,,0,False,False,0.0,False,5.69,5.26,20.0,
26.35,91755,254.011,-973.094,-0.009,4.716,30.0,1247,-1,126.0,False,-1,True,True,0.75,0.0,0.0,False,False,0.216,0.0,38.722,1247,131.4,,,,,0,False,False,0.0,False,5.45,5.31,20.0,
26.4,91756,254.197,-972.944,-0.009,4.821,30.0,1247,-1,126.24,False,-1,True,True,0.75,0.0,-0.0,False,False,0.234,0.0,38.722,1247,131.4,,,,,0,False,False,0.0,False,5.21,5.36,20.0,
26.45,91757,254.389,-972.793,-0.009,4.923,30.0,1247,-1,126.48,False,-1,True,True,0.75,0.0,-0.031,False,False,0.245,0.05,38.632,1247,135.32,,,,,0,False,False,0.0,False,8.91,5.41,20.0,
26.5,91758,254.585,-972.638,-0.009,5.028,30.0,1247,-1,126.73,False,-1,True,True,0.75,0.0,-0.0,False,False,0.252,0.043,38.563,1247,135.32,,,,,0,False,False,0.0,False,8.66,5.46,20.0,
26.55,91759,254.784,-972.48,-0.009,5.129,30.0,1247,-1,126.98,False,-1,True,True,0.75,0.0,0.001,False,False,0.257,0.017,38.545,1247,135.32,,,,,0,False,False,0.0,False,8.41,5.51,20.0,
26.6,91760,254.987,-972.318,-0.009,5.267,30.0,1247,-1,127.24,False,-1,True,True,0.75,0.0,-0.003,False,False,0.261,0.008,38.532,1247,135.32,,,,,0,False,False,0.0,False,8.15,5.56,20.0,
26.65,91761,255.194,-972.154,-0.009,5.283,30.0,1247,-1,127.51,False,-1,True,True,0.75,0.0,-0.003,False,False,0.255,0.006,38.506,1247,135.32,,,,,0,False,False,0.0,False,7.88,5.63,20.0,
26.7,91762,255.402,-971.989,-0.009,5.338,30.0,1247,-1,127.77,False,-1,True,True,0.75,0.0,-0.001,False,False,0.229,0.002,38.513,1247,135.32,,,,,0,False,False,0.0,False,7.62,5.64,20.0,
26.75,91763,255.609,-971.825,-0.009,5.257,30.0,1247,-1,128.04,False,-1,True,True,0.75,0.0,-0.003,False,False,0.181,0.004,38.465,1247,135.32,,,,,0,False,False,0.0,False,7.35,5.67,20.0,
26.8,91764,255.816,-971.66,-0.008,5.333,30.0,1247,-1,128.3,False,-1,True,True,0.75,0.0,0.002,False,False,0.149,-0.002,38.478,1247,135.32,,,,,0,False,False,0.0,False,7.09,5.63,20.0,
26.85,91765,256.023,-971.495,-0.008,5.285,30.0,1247,-1,128.57,False,-1,True,True,0.75,0.0,-0.003,False,False,0.124,0.0,38.436,1247,135.32,,,,,0,False,False,0.0,False,6.83,5.67,20.0,
26.9,91766,256.232,-971.33,-0.008,5.356,30.0,1247,-1,128.83,False,-1,True,True,0.75,0.0,0.002,False,False,0.113,-0.003,38.458,1247,135.32,,,,,0,False,False,0.0,False,6.56,5.64,20.0,
26.95,91767,256.44,-971.164,-0.008,5.282,30.0,1247,-1,129.1,False,-1,True,True,0.748,0.0,-0.003,False,False,0.095,0.001,38.425,1247,135.32,,,,,0,False,False,0.0,False,6.29,5.68,20.0,
27.0,91768,256.652,-970.996,-0.008,5.608,30.0,1247,-1,129.37,False,-1,True,True,0.75,0.0,0.002,False,False,0.129,-0.002,38.457,1247,135.32,,,,,0,False,False,0.0,False,6.02,5.64,20.0,
27.05,91769,256.881,-970.814,-0.009,5.949,30.0,1247,-1,129.66,False,-1,True,True,0.0,0.169,-0.003,False,False,0.27,0.004,38.471,1247,135.32,,,,,0,False,False,0.0,False,5.73,5.8,20.0,
27.1,91770,257.124,-970.624,-0.01,6.256,30.0,1247,-1,129.97,False,-1,True,True,0.0,0.3,-0.027,False,False,0.385,0.057,38.38,1247,139.25,,,,,0,False,False,0.0,False,9.35,5.97,20.0,
27.15,91771,257.371,-970.431,-0.011,6.257,30.0,1247,-1,130.29,False,-1,True,True,0.0,0.3,0.0,False,False,0.402,0.045,38.304,1247,139.25,,,,,0,False,False,0.0,False,9.03,6.13,20.0,
27.2,91772,257.617,-970.237,-0.01,6.275,30.0,1247,-1,130.6,False,-1,True,True,0.0,0.3,0.002,False,False,0.347,0.016,38.273,1247,139.25,,,,,0,False,False,0.0,False,8.72,6.13,20.0,
27.25,91773,257.858,-970.046,-0.009,6.082,30.0,1247,-1,130.91,False,-1,True,True,0.0,0.3,-0.001,False,False,0.237,0.003,38.282,1247,139.25,,,,,0,False,False,0.0,False,8.41,6.14,20.0,
27.3,91774,258.094,-969.861,-0.008,5.979,30.0,1247,-1,131.21,False,-1,True,True,0.0,0.3,-0.004,False,False,0.12,0.004,38.241,1247,139.25,,,,,0,False,False,0.0,False,8.11,6.04,20.0,
27.35,91775,258.322,-969.681,-0.007,5.735,30.0,1247,-1,131.5,False,-1,True,True,0.0,0.3,0.001,False,False,0.005,-0.0,38.255,1247,139.25,,,,,0,False,False,0.0,False,7.82,5.99,20.0,
27.4,91776,258.544,-969.506,-0.006,5.601,30.0,1247,-1,131.78,False,-1,True,True,0.0,0.3,-0.003,False,False,-0.085,0.002,38.217,1247,139.25,,,,,0,False,False,0.0,False,7.54,5.87,20.0,
27.45,91777,258.757,-969.338,-0.006,5.348,30.0,1247,-1,132.05,False,-1,True,True,0.0,0.195,0.001,False,False,-0.16,-0.001,38.238,1247,139.25,,,,,0,False,False,0.0,False,7.27,5.8,20.0,
27.5,91778,258.964,-969.175,-0.005,5.251,30.0,1247,-1,132.31,False,-1,True,True,0.715,0.0,-0.003,False,False,-0.202,0.002,38.207,1247,139.25,,,,,0,False,False,0.0,False,7.0,5.67,20.0,
27.55,91779,259.166,-969.017,-0.005,5.049,30.0,1247,-1,132.57,False,-1,True,True,0.75,0.0,0.001,False,False,-0.223,0.001,38.238,1247,139.25,,,,,0,False,False,0.0,False,6.75,5.63,20.0,
27.6,91780,259.364,-968.861,-0.005,5.041,30.0,1247,-1,132.82,False,-1,True,True,0.75,0.0,-0.004,False,False,-0.211,0.005,38.241,1247,139.25,,,,,0,False,False,0.0,False,6.5,5.52,20.0,
27.65,91781,259.562,-968.706,-0.006,4.942,30.0,1247,-1,133.01,False,-1,True,True,0.75,0.0,-0.002,False,False,-0.161,0.005,38.244,1247,139.25,,,,,0,False,False,0.0,False,6.25,5.52,20.0,
27.7,91782,259.759,-968.551,-0.006,4.938,30.0,1247,-1,133.26,False,-1,True,True,0.75,0.0,-0.002,False,False,-0.111,0.004,38.229,1247,139.25,,,,,0,False,False,0.0,False,5.99,5.47,20.0,
27.75,91783,259.942,-968.407,-0.006,4.516,30.0,1247,-1,133.49,False,-1,True,True,0.75,0.0,-0.0,False,False,-0.183,0.001,38.196,1247,139.25,,,,,0,False,False,0.0,False,5.76,5.47,20.0,
27.8,91784,260.112,-968.273,-0.005,4.263,30.0,1247,-1,133.71,False,-1,True,True,0.75,0.0,0.002,False,False,-0.266,-0.004,38.191,1247,139.25,,,,,0,False,False,0.0,False,5.54,5.26,20.0,
27.85,91785,260.276,-968.144,-0.005,4.13,30.0,1247,-1,133.91,False,-1,True,True,0.75,0.0,0.0,False,False,-0.298,-0.004,38.193,1247,139.25,,,,,0,False,False,0.0,False,5.34,5.13,20.0,
27.9,91786,260.437,-968.017,-0.005,4.085,30.0,1247,-1,134.12,False,-1,True,True,0.75,0.0,-0.0,False,False,-0.275,-0.002,38.192,1247,139.25,,,,,0,False,False,0.0,False,5.13,5.06,20.0,
27.95,91787,260.598,-967.89,-0.005,4.099,30.0,1247,-1,134.32,False,-1,True,True,0.75,0.0,-0.0,False,False,-0.211,-0.001,38.191,1247,139.25,,,,,0,False,False,0.0,False,4.93,5.04,20.0,
28.0,91788,260.762,-967.763,-0.006,4.148,30.0,1247,-1,134.53,False,-1,True,True,0.75,0.0,-0.024,False,False,-0.13,0.037,38.122,1247,143.17,,,,,0,False,False,0.0,False,8.65,5.05,20.0,
28.05,91789,260.928,-967.634,-0.007,4.22,30.0,1247,-1,134.74,False,-1,True,True,0.75,0.0,-0.0,False,False,-0.046,0.03,38.075,1247,143.17,,,,,0,False,False,0.0,False,8.44,5.07,20.0,
28.1,91790,261.097,-967.502,-0.008,4.305,30.0,1247,-1,134.96,False,-1,True,True,0.75,0.0,-0.001,False,False,0.031,0.013,38.062,1247,143.17,,,,,0,False,False,0.0,False,8.22,5.11,20.0,
28.15,91791,261.269,-967.368,-0.008,4.399,30.0,1247,-1,135.17,False,-1,True,True,0.75,0.0,-0.003,False,False,0.095,0.006,38.05,1247,143.17,,,,,0,False,False,0.0,False,8.01,5.15,20.0,
28.2,91792,261.445,-967.23,-0.009,4.498,30.0,1247,-1,135.4,False,-1,True,True,0.75,0.0,-0.002,False,False,0.145,0.004,38.037,1247,143.17,,,,,0,False,False,0.0,False,7.78,5.2,20.0,
28.25,91793,261.625,-967.09,-0.009,4.6,30.0,1247,-1,135.63,False,-1,True,True,0.75,0.0,-0.002,False,False,0.183,0.002,38.025,1247,143.17,,,,,0,False,False,0.0,False,7.55,5.25,20.0,
28.3,91794,261.809,-966.946,-0.009,4.704,30.0,1247,-1,135.86,False,-1,True,True,0.75,0.0,-0.001,False,False,0.211,0.001,38.015,1247,143.17,,,,,0,False,False,0.0,False,7.32,5.3,20.0,
28.35,91795,261.997,-966.799,-0.009,4.808,30.0,1247,-1,136.1,False,-1,True,True,0.75,0.0,-0.001,False,False,0.23,0.0,38.007,1247,143.17,,,,,0,False,False,0.0,False,7.08,5.35,20.0,
28.4,91796,262.189,-966.65,-0.009,4.912,30.0,1247,-1,136.34,False,-1,True,True,0.75,0.0,-0.001,False,False,0.243,-0.0,37.999,1247,143.17,,,,,0,False,False,0.0,False,6.84,5.4,20.0,
28.45,91797,262.385,-966.496,-0.009,5.016,30.0,1247,-1,136.59,False,-1,True,True,0.75,0.0,-0.001,False,False,0.251,-0.0,37.993,1247,143.17,,,,,0,False,False,0.0,False,6.59,5.46,20.0,
28.5,91798,262.585,-966.34,-0.009,5.121,30.0,1247,-1,136.84,False,-1,True,True,0.75,0.0,-0.001,False,False,0.257,-0.0,37.987,1247,143.17,,,,,0,False,False,0.0,False,6.34,5.51,20.0,
28.55,91799,262.79,-966.181,-0.009,5.18,30.0,1247,-1,137.1,False,-1,True,True,0.75,0.0,-0.001,False,False,0.257,-0.0,37.982,1247,143.17,,,,,0,False,False,0.0,False,6.08,5.56,20.0,
28.6,91800,262.998,-966.019,-0.009,5.341,30.0,1247,-1,137.37,False,-1,True,True,0.75,0.0,-0.001,False,False,0.258,-0.0,37.989,1247,143.17,,,,,0,False,False,0.0,False,5.81,5.59,20.0,
28.65,91801,263.206,-965.856,-0.009,5.248,30.0,1247,-1,137.63,False,-1,True,True,0.75,0.0,-0.001,False,False,0.223,0.001,37.956,1247,143.17,,,,,0,False,False,0.0,False,5.55,5.67,20.0,
28.7,91802,263.415,-965.695,-0.009,5.307,30.0,1247,-1,137.89,False,-1,True,True,0.75,0.0,-0.032,False,False,0.182,0.049,37.891,1247,147.09,,,,,0,False,False,0.0,False,9.23,5.62,20.0,
28.75,91803,263.623,-965.534,-0.008,5.244,30.0,1247,-1,138.16,False,-1,True,True,0.75,0.0,-0.004,False,False,0.143,0.05,37.772,1247,147.09,,,,,0,False,False,0.0,False,8.97,5.65,20.0,
28.8,91804,263.833,-965.373,-0.008,5.337,30.0,1247,-1,138.42,False,-1,True,True,0.75,0.0,0.003,False,False,0.126,0.021,37.757,1247,147.09,,,,,0,False,False,0.0,False,8.7,5.62,20.0,
28.85,91805,264.042,-965.21,-0.008,5.268,30.0,1247,-1,138.69,False,-1,True,True,0.75,0.0,-0.004,False,False,0.109,0.011,37.702,1247,147.09,,,,,0,False,False,0.0,False,8.44,5.67,20.0,
28.9,91806,264.252,-965.048,-0.008,5.335,30.0,1247,-1,138.95,False,-1,True,True,0.75,0.0,0.001,False,False,0.099,0.003,37.714,1247,147.09,,,,,0,False,False,0.0,False,8.17,5.63,20.0,
28.95,91807,264.465,-964.883,-0.008,5.518,30.0,1247,-1,139.22,False,-1,True,True,0.75,0.0,-0.004,False,False,0.125,0.006,37.662,1247,147.09,,,,,0,False,False,0.0,False,7.9,5.67,20.0,
29.0,91808,264.697,-964.704,-0.01,6.023,30.0,1247,-1,139.51,False,-1,True,True,0.159,0.0,0.002,False,False,0.278,0.002,37.632,1247,147.09,,,,,0,False,False,0.0,False,7.61,5.76,20.0,
29.05,91809,264.941,-964.516,-0.011,6.212,30.0,1247,-1,139.82,False,-1,True,True,0.0,0.3,0.001,False,False,0.395,-0.002,37.627,1247,147.09,,,,,0,False,False,0.0,False,7.3,6.01,20.0,
29.1,91810,265.191,-964.323,-0.011,6.35,30.0,1247,-1,140.14,False,-1,True,True,0.0,0.3,-0.0,False,False,0.423,0.0,37.625,1247,147.09,,,,,0,False,False,0.0,False,6.99,6.11,20.0,
29.15,91811,265.44,-964.131,-0.01,6.236,30.0,1247,-1,140.45,False,-1,True,True,0.0,0.3,-0.0,False,False,0.358,0.003,37.621,1247,147.09,,,,,0,False,False,0.0,False,6.67,6.17,20.0,
29.2,91812,265.685,-963.942,-0.009,6.179,30.0,1247,-1,140.76,False,-1,True,True,0.0,0.3,-0.0,False,False,0.254,0.004,37.63,1247,147.09,,,,,0,False,False,0.0,False,6.36,6.12,20.0,
29.25,91813,265.923,-963.758,-0.008,5.953,30.0,1247,-1,141.06,False,-1,True,True,0.0,0.3,-0.001,False,False,0.128,0.006,37.602,1247,147.09,,,,,0,False,False,0.0,False,6.06,6.09,20.0,
29.3,91814,266.155,-963.58,-0.007,5.828,30.0,1247,-1,141.36,False,-1,True,True,0.0,0.3,0.002,False,False,0.017,0.002,37.628,1247,147.09,,,,,0,False,False,0.0,False,5.77,5.98,20.0,
29.35,91815,266.381,-963.409,-0.006,5.567,30.0,1247,-1,141.64,False,-1,True,True,0.0,0.3,-0.039,False,False,-0.085,0.063,37.505,1247,151.01,,,,,0,False,False,0.0,False,9.41,5.91,20.0,
29.4,91816,266.599,-963.243,-0.006,5.45,30.0,1247,-1,141.91,False,-1,True,True,0.0,0.073,0.0,False,False,-0.154,0.055,37.438,1247,151.01,,,,,0,False,False,0.0,False,9.13,5.78,20.0,
29.45,91817,266.81,-963.082,-0.005,5.229,30.0,1247,-1,142.18,False,-1,True,True,0.346,0.0,-0.001,False,False,-0.199,0.028,37.361,1247,151.01,,,,,0,False,False,0.0,False,8.87,5.72,20.0,
29.5,91818,267.016,-962.925,-0.005,5.16,30.0,1247,-1,142.44,False,-1,True,True,0.75,0.0,0.001,False,False,-0.213,0.009,37.36,1247,151.01,,,,,0,False,False,0.0,False,8.61,5.61,20.0,
29.55,91819,267.217,-962.771,-0.005,5.025,30.0,1247,-1,142.69,False,-1,True,True,0.75,0.0,-0.004,False,False,-0.208,0.006,37.311,1247,151.01,,,,,0,False,False,0.0,False,8.36,5.58,20.0,
29.6,91820,267.419,-962.618,-0.006,5.093,30.0,1247,-1,142.94,False,-1,True,True,0.75,0.0,0.001,False,False,-0.157,0.001,37.331,1247,151.01,,,,,0,False,False,0.0,False,8.1,5.51,20.0,
29.65,91821,267.619,-962.465,-0.006,4.921,30.0,1247,-1,143.2,False,-1,True,True,0.75,0.0,-0.004,False,False,-0.116,0.005,37.315,1247,151.01,,,,,0,False,False,0.0,False,7.85,5.55,20.0,
29.7,91822,267.806,-962.323,-0.006,4.562,30.0,1247,-1,143.43,False,-1,True,True,0.75,0.0,-0.001,False,False,-0.181,0.005,37.275,1247,151.01,,,,,0,False,False,0.0,False,7.62,5.46,20.0,
29.75,91823,267.98,-962.19,-0.005,4.303,30.0,1247,-1,143.65,False,-1,True,True,0.75,0.0,0.002,False,False,-0.263,0.0,37.266,1247,151.01,,,,,0,False,False,0.0,False,7.4,5.28,20.0,
29.8,91824,268.148,-962.063,-0.005,4.166,30.0,1247,-1,143.86,False,-1,True,True,0.75,0.0,-0.0,False,False,-0.298,-0.001,37.265,1247,151.01,,,,,0,False,False,0.0,False,7.19,5.15,20.0,
29.85,91825,268.312,-961.938,-0.005,4.117,30.0,1247,-1,144.07,False,-1,True,True,0.75,0.0,-0.001,False,False,-0.276,0.001,37.262,1247,151.01,,,,,0,False,False,0.0,False,6.98,5.08,20.0,
29.9,91826,268.477,-961.812,-0.005,4.129,30.0,1247,-1,144.27,False,-1,True,True,0.75,0.0,-0.001,False,False,-0.214,0.001,37.26,1247,151.01,,,,,0,False,False,0.0,False,6.77,5.06,20.0,
29.95,91827,268.643,-961.686,-0.006,4.177,30.0,1247,-1,144.48,False,-1,True,True,0.75,0.0,-0.0,False,False,-0.133,0.001,37.257,1247,151.01,,,,,0,False,False,0.0,False,6.56,5.06,20.0,
30.0,91828,268.811,-961.558,-0.007,4.248,30.0,1247,-1,144.69,False,-1,True,True,0.75,0.0,-0.0,False,False,-0.049,0.001,37.255,1247,151.01,,,,,0,False,False,0.0,False,6.35,5.09,20.0,
30.05,91829,268.983,-961.428,-0.008,4.332,30.0,1247,-1,144.91,False,-1,True,True,0.75,0.0,-0.0,False,False,0.028,0.001,37.253,1247,151.01,,,,,0,False,False,0.0,False,6.14,5.12,20.0,
30.1,91830,269.158,-961.294,-0.008,4.425,30.0,1247,-1,145.13,False,-1,True,True,0.75,0.0,-0.0,False,False,0.092,0.001,37.251,1247,151.01,,,,,0,False,False,0.0,False,5.92,5.17,20.0,
30.15,91831,269.337,-961.159,-0.008,4.524,30.0,1247,-1,145.35,False,-1,True,True,0.75,0.0,-0.0,False,False,0.143,0.001,37.25,1247,151.01,,,,,0,False,False,0.0,False,5.69,5.21,20.0,
30.2,91832,269.52,-961.02,-0.009,4.625,30.0,1247,-1,145.58,False,-1,True,True,0.75,0.0,-0.0,False,False,0.181,0.0,37.249,1247,151.01,,,,,0,False,False,0.0,False,5.46,5.26,20.0,
30.25,91833,269.706,-960.878,-0.009,4.728,30.0,1247,-1,145.82,False,-1,True,True,0.75,0.0,-0.0,False,False,0.209,0.0,37.248,1247,151.01,,,,,0,False,False,0.0,False,5.23,5.31,20.0,
30.3,91834,269.897,-960.732,-0.009,4.832,30.0,1247,-1,146.06,False,-1,True,True,0.75,0.0,0.003,False,False,0.229,-0.005,37.257,1914,1.07,,,,,0,False,False,0.0,False,7.91,5.36,20.0,
30.35,91835,270.092,-960.584,-0.009,4.936,30.0,1247,-1,146.3,False,-1,True,True,0.75,0.0,-0.0,False,False,0.242,-0.004,37.263,1914,1.07,,,,,0,False,False,0.0,False,7.67,5.42,20.0,
30.4,91836,270.291,-960.433,-0.009,5.04,30.0,1247,-1,146.55,False,-1,True,True,0.75,0.0,-0.0,False,False,0.251,-0.002,37.264,1914,1.07,,,,,0,False,False,0.0,False,7.42,5.47,20.0,
30.45,91837,270.494,-960.278,-0.009,5.141,30.0,1247,-1,146.81,False,-1,True,True,0.75,0.0,0.0,False,False,0.256,-0.001,37.264,1914,1.07,,,,,0,False,False,0.0,False,7.16,5.52,20.0,
30.5,91838,270.701,-960.12,-0.009,5.279,30.0,1247,-1,147.07,False,-1,True,True,0.75,0.0,0.0,False,False,0.26,-0.001,37.265,1914,1.07,,,,,0,False,False,0.0,False,6.9,5.57,20.0,
30.55,91839,270.912,-959.96,-0.009,5.287,30.0,1247,-1,147.33,False,-1,True,True,0.75,0.0,0.0,False,False,0.253,-0.001,37.278,1914,1.07,,,,,0,False,False,0.0,False,6.64,5.64,20.0,
30.6,91840,271.123,-959.799,-0.009,5.337,30.0,1247,-1,147.6,False,-1,True,True,0.75,0.0,-0.001,False,False,0.225,0.002,37.253,1914,1.07,,,,,0,False,False,0.0,False,6.37,5.64,20.0,
30.65,91841,271.333,-959.64,-0.009,5.259,30.0,1247,-1,147.86,False,-1,True,True,0.75,0.0,0.002,False,False,0.177,-0.002,37.29,1914,1.07,,,,,0,False,False,0.0,False,6.11,5.67,20.0,
30.7,91842,271.544,-959.479,-0.008,5.336,30.0,1247,-1,148.13,False,-1,True,True,0.75,0.0,-0.003,False,False,0.146,0.002,37.268,1914,1.07,,,,,0,False,False,0.0,False,5.85,5.63,20.0,
30.75,91843,271.755,-959.319,-0.008,5.289,30.0,1247,-1,148.39,False,-1,True,True,0.75,0.0,0.002,False,False,0.123,-0.0,37.302,1914,1.07,,,,,0,False,False,0.0,False,5.58,5.67,20.0,
30.8,91844,271.964,-959.155,-0.008,5.343,30.0,1247,-1,148.66,False,-1,True,True,0.75,0.0,0.102,False,False,0.109,-0.111,37.453,1914,3.22,,,,,0,False,False,0.0,False,7.39,5.64,20.0,
30.85,91845,272.171,-958.99,-0.008,5.27,30.0,1247,-1,148.92,False,-1,True,True,0.75,0.0,0.047,False,False,0.088,-0.184,37.796,1914,3.22,,,,,0,False,False,0.0,False,7.12,5.67,20.0,
30.9,91846,272.386,-958.819,-0.008,5.693,30.0,1247,-1,149.2,False,-1,True,True,0.75,0.0,0.022,False,False,0.15,-0.161,38.065,1914,3.22,,,,,0,False,False,0.0,False,6.85,5.64,20.0,
30.95,91847,272.617,-958.634,-0.01,6.012,30.0,1247,-1,149.49,False,-1,True,True,0.0,0.3,0.019,False,False,0.297,-0.129,38.286,1914,3.22,,,,,0,False,False,0.0,False,6.55,5.85,20.0,
31.0,91848,272.859,-958.439,-0.011,6.297,30.0,1247,-1,149.8,False,-1,True,True,0.0,0.3,0.016,False,False,0.402,-0.101,38.46,1914,3.22,,,,,0,False,False,0.0,False,6.24,6.01,20.0,
31.05,91849,273.105,-958.242,-0.011,6.287,30.0,1247,-1,150.12,False,-1,True,True,0.0,0.3,0.013,False,False,0.407,-0.079,38.601,1914,3.22,,,,,0,False,False,0.0,False,5.93,6.15,20.0,
31.1,91850,273.348,-958.043,-0.01,6.294,30.0,1247,-1,150.43,False,-1,True,True,0.0,0.3,0.034,False,False,0.344,-0.106,38.783,1356,1.85,,,,,0,False,False,0.0,False,8.64,6.14,20.0,
31.15,91851,273.587,-957.848,-0.009,6.097,30.0,1247,-1,150.74,False,-1,True,True,0.0,0.3,0.009,False,False,0.229,-0.087,38.966,1356,1.85,,,,,0,False,False,0.0,False,8.33,6.15,20.0,
31.2,91852,273.82,-957.658,-0.008,5.992,30.0,1247,-1,151.04,False,-1,True,True,0.0,0.3,0.003,False,False,0.111,-0.049,39.038,1356,1.85,,,,,0,False,False,0.0,False,8.03,6.05,20.0,
31.25,91853,274.045,-957.474,-0.007,5.746,30.0,1247,-1,151.33,False,-1,True,True,0.0,0.3,0.009,False,False,-0.003,-0.033,39.134,1356,1.85,,,,,0,False,False,0.0,False,7.74,6.0,20.0,
31.3,91854,274.264,-957.295,-0.006,5.611,30.0,1247,-1,151.62,False,-1,True,True,0.0,0.3,0.004,False,False,-0.092,-0.02,39.165,1356,1.85,,,,,0,False,False,0.0,False,7.45,5.87,20.0,
31.35,91855,274.475,-957.123,-0.006,5.352,30.0,1247,-1,151.89,False,-1,True,True,0.0,0.233,0.007,False,False,-0.167,-0.017,39.241,1356,1.85,,,,,0,False,False,0.0,False,7.18,5.81,20.0,
31.4,91856,274.679,-956.955,-0.005,5.25,30.0,1915,-1,0.0,True,1,True,False,0.699,0.0,0.002,False,False,-0.21,-0.009,39.254,1356,1.85,,,,,0,False,False,0.0,False,6.92,5.68,20.0,
31.45,91857,274.877,-956.793,-0.005,5.048,30.0,1915,-1,0.15,True,1,True,False,0.75,0.0,0.006,False,False,-0.23,-0.008,39.322,1356,1.85,,,,,0,False,False,0.0,False,6.66,5.62,20.0,
31.5,91858,275.072,-956.633,-0.005,5.072,30.0,1247,-1,152.66,False,-1,True,True,0.75,0.0,-0.0,False,False,-0.209,-0.002,39.315,1356,1.85,,,,,0,False,False,0.0,False,6.41,5.52,20.0,
31.55,91859,275.267,-956.473,-0.006,5.026,30.0,1247,-1,152.91,False,-1,True,True,0.75,0.0,0.005,False,False,-0.155,-0.006,39.367,1356,1.85,,,,,0,False,False,0.0,False,6.16,5.54,20.0,
31.6,91860,275.458,-956.316,-0.006,4.78,30.0,1914,-1,0.15,True,1,True,True,0.75,0.0,-0.001,False,False,-0.145,-0.003,39.377,1356,1.85,,,,,0,False,False,0.0,False,5.91,5.51,20.0,
31.65,91861,275.633,-956.172,-0.005,4.415,30.0,1914,-1,0.38,True,1,True,True,0.75,0.0,0.002,False,False,-0.23,-0.001,39.382,1356,1.85,,,,,0,False,False,0.0,False,5.68,5.39,20.0,
31.7,91862,275.797,-956.037,-0.005,4.191,30.0,1914,-1,0.59,True,1,True,True,0.75,0.0,0.002,False,False,-0.301,-0.002,39.391,1356,1.85,,,,,0,False,False,0.0,False,5.47,5.21,20.0,
31.75,91863,275.956,-955.906,-0.005,4.082,30.0,1914,-1,0.8,True,1,True,True,0.75,0.0,0.001,False,False,-0.315,-0.002,39.399,1356,1.85,,,,,0,False,False,0.0,False,5.26,5.1,20.0,
31.8,91864,276.113,-955.777,-0.005,4.053,30.0,1914,-1,1.11,True,1,True,True,0.75,0.0,0.001,False,False,-0.276,-0.001,39.406,1356,1.85,,,,,0,False,False,0.0,False,5.06,5.04,20.0,
31.85,91865,276.271,-955.647,-0.006,4.077,30.0,1914,-1,1.32,True,1,True,True,0.75,0.0,0.001,False,False,-0.202,-0.001,39.412,1356,1.85,,,,,0,False,False,0.0,False,4.86,5.03,20.0,
31.9,91866,276.431,-955.517,-0.006,4.134,30.0,1914,-1,1.52,True,1,True,True,0.75,0.0,-0.011,False,False,-0.115,0.019,39.381,1356,5.56,,,,,0,False,False,0.0,False,8.35,5.04,20.0,
31.95,91867,276.593,-955.384,-0.007,4.21,30.0,1914,-1,1.73,True,1,True,True,0.75,0.0,0.001,False,False,-0.03,0.015,39.362,1356,5.56,,,,,0,False,False,0.0,False,8.14,5.07,20.0,
32.0,91868,276.758,-955.248,-0.008,4.298,30.0,1914,-1,2.09,True,1,True,True,0.75,0.0,0.0,False,False,0.045,0.007,39.359,1356,5.56,,,,,0,False,False,0.0,False,7.93,5.1,20.0,
32.05,91869,276.927,-955.11,-0.008,4.394,30.0,1914,-1,2.31,True,1,True,True,0.75,0.0,-0.001,False,False,0.107,0.003,39.357,1356,5.56,,,,,0,False,False,0.0,False,7.71,5.15,20.0,
32.1,91870,277.099,-954.969,-0.009,4.494,30.0,1914,-1,2.53,True,1,True,True,0.75,0.0,-0.001,False,False,0.155,0.002,39.353,1356,5.56,,,,,0,False,False,0.0,False,7.49,5.2,20.0,
32.15,91871,277.276,-954.824,-0.009,4.596,30.0,1914,-1,2.76,True,1,True,True,0.75,0.0,-0.0,False,False,0.191,0.001,39.35,1356,5.56,,,,,0,False,False,0.0,False,7.26,5.25,20.0,
32.2,91872,277.456,-954.676,-0.009,4.7,30.0,1914,-1,2.99,True,1,True,True,0.75,0.0,-0.0,False,False,0.216,0.0,39.347,1356,5.56,,,,,0,False,False,0.0,False,7.03,5.3,20.0,
32.25,91873,277.641,-954.525,-0.009,4.805,30.0,1914,-1,3.23,True,1,True,True,0.75,0.0,-0.0,False,False,0.234,0.0,39.345,1356,5.56,,,,,0,False,False,0.0,False,6.79,5.35,20.0,
32.3,91874,277.829,-954.371,-0.009,4.909,30.0,1914,-1,3.47,True,1,True,True,0.75,0.0,-0.0,False,False,0.246,0.0,39.343,1356,5.56,,,,,0,False,False,0.0,False,6.55,5.4,20.0,
32.35,91875,278.021,-954.213,-0.009,5.013,30.0,1914,-1,3.72,True,1,True,True,0.75,0.0,-0.0,False,False,0.253,-0.0,39.341,1356,5.56,,,,,0,False,False,0.0,False,6.3,5.45,20.0,
32.4,91876,278.217,-954.053,-0.009,5.118,30.0,1914,-1,3.97,True,1,True,True,0.75,0.0,-0.0,False,False,0.258,-0.0,39.34,1356,5.56,,,,,0,False,False,0.0,False,6.04,5.51,20.0,
32.45,91877,278.418,-953.889,-0.009,5.178,30.0,1914,-1,4.08,True,1,True,True,0.75,0.0,-0.0,False,False,0.257,-0.0,39.338,1356,5.56,,,,,0,False,False,0.0,False,5.78,5.56,20.0,
32.5,91878,278.622,-953.721,-0.009,5.356,30.0,1356,-1,0.04,False,-1,True,True,0.75,0.0,-0.0,False,False,0.261,-0.0,39.338,1356,5.56,,,,,0,False,False,0.0,False,5.52,5.59,20.0,
32.55,91879,278.828,-953.55,-0.009,5.34,30.0,1356,-1,0.3,False,-1,True,True,0.75,0.0,0.017,False,False,0.25,-0.033,39.377,1356,9.26,,,,,0,False,False,0.0,False,8.95,5.68,20.0,
32.6,91880,279.035,-953.38,-0.009,5.39,30.0,1356,-1,0.57,False,-1,True,True,0.75,0.0,0.001,False,False,0.216,-0.03,39.449,1356,9.26,,,,,0,False,False,0.0,False,8.69,5.67,20.0,
32.65,91881,279.241,-953.21,-0.008,5.313,30.0,1356,-1,0.84,False,-1,True,True,0.643,0.0,-0.004,False,False,0.169,-0.01,39.43,1356,9.26,,,,,0,False,False,0.0,False,8.42,5.69,20.0,
32.7,91882,279.447,-953.04,-0.008,5.385,30.0,1356,-1,1.11,False,-1,True,True,0.75,0.0,0.003,False,False,0.139,-0.006,39.459,1356,9.26,,,,,0,False,False,0.0,False,8.15,5.66,20.0,
32.75,91883,279.654,-952.87,-0.008,5.329,30.0,1356,-1,1.37,False,-1,True,True,0.649,0.0,-0.001,False,False,0.114,-0.001,39.432,1356,9.26,,,,,0,False,False,0.0,False,7.88,5.69,20.0,
32.8,91884,279.861,-952.699,-0.008,5.419,30.0,1356,-1,1.64,False,-1,True,True,0.75,0.0,0.004,False,False,0.108,-0.004,39.462,1356,9.26,,,,,0,False,False,0.0,False,7.61,5.66,20.0,
32.85,91885,280.068,-952.528,-0.008,5.344,30.0,1356,-1,1.91,False,-1,True,True,0.517,0.0,-0.001,False,False,0.094,0.0,39.44,1356,9.26,,,,,0,False,False,0.0,False,7.35,5.71,20.0,
32.9,91886,280.276,-952.357,-0.008,5.41,30.0,1356,-1,2.18,False,-1,True,True,0.75,0.0,0.003,False,False,0.088,-0.002,39.475,1356,9.26,,,,,0,False,False,0.0,False,7.08,5.67,20.0,
32.95,91887,280.49,-952.181,-0.008,5.68,30.0,1356,-1,2.46,False,-1,True,True,0.543,0.0,-0.002,False,False,0.143,0.003,39.488,1356,9.26,,,,,0,False,False,0.0,False,6.8,5.7,20.0,
33.0,91888,280.721,-951.991,-0.01,6.109,30.0,1356,-1,2.76,False,-1,True,True,0.0,0.3,-0.001,False,False,0.291,0.005,39.501,1356,9.26,,,,,0,False,False,0.0,False,6.5,5.84,20.0,
33.05,91889,280.96,-951.794,-0.01,6.197,30.0,1356,-1,3.06,False,-1,True,True,0.0,0.3,-0.001,False,False,0.369,0.005,39.502,1356,9.26,,,,,0,False,False,0.0,False,6.19,6.05,20.0,
33.1,91890,281.201,-951.595,-0.01,6.282,30.0,1356,-1,3.38,False,-1,True,True,0.0,0.3,-0.0,False,False,0.366,0.003,39.501,1356,9.26,,,,,0,False,False,0.0,False,5.88,6.1,20.0,
33.15,91891,281.442,-951.402,-0.01,6.125,30.0,1356,-1,3.69,False,-1,True,True,0.0,0.3,-0.1,False,False,0.286,0.134,39.296,1356,12.97,,,,,0,False,False,0.0,False,9.57,6.14,20.0,
33.2,91892,281.681,-951.215,-0.009,6.045,30.0,1356,-1,3.99,False,-1,True,True,0.0,0.3,-0.039,False,False,0.18,0.2,38.931,1356,12.97,,,,,0,False,False,0.0,False,9.26,6.06,20.0,
33.25,91893,281.912,-951.032,-0.008,5.812,30.0,1356,-1,4.28,False,-1,True,True,0.0,0.3,-0.015,False,False,0.062,0.154,38.703,1356,12.97,,,,,0,False,False,0.0,False,8.97,6.02,20.0,
33.3,91894,282.136,-950.855,-0.007,5.682,30.0,1356,-1,4.57,False,-1,True,True,0.0,0.3,-0.018,False,False,-0.037,0.109,38.495,1356,12.97,,,,,0,False,False,0.0,False,8.68,5.91,20.0,
33.35,91895,282.353,-950.685,-0.006,5.42,30.0,1356,-1,4.85,False,-1,True,True,0.0,0.3,-0.013,False,False,-0.125,0.075,38.379,1356,12.97,,,,,0,False,False,0.0,False,8.41,5.84,20.0,
33.4,91896,282.563,-950.521,-0.005,5.312,30.0,1356,-1,5.11,False,-1,True,True,0.459,0.0,-0.015,False,False,-0.182,0.059,38.234,1356,12.97,,,,,0,False,False,0.0,False,8.14,5.71,20.0,
33.45,91897,282.767,-950.361,-0.005,5.114,30.0,1356,-1,5.37,False,-1,True,True,0.75,0.0,-0.009,False,False,-0.211,0.043,38.172,1356,12.97,,,,,0,False,False,0.0,False,7.88,5.66,20.0,
33.5,91898,282.968,-950.205,-0.005,5.08,30.0,1356,-1,5.63,False,-1,True,True,0.75,0.0,-0.012,False,False,-0.207,0.036,38.069,1356,12.97,,,,,0,False,False,0.0,False,7.63,5.56,20.0,
33.55,91899,283.167,-950.051,-0.006,5.01,30.0,1356,-1,5.88,False,-1,True,True,0.75,0.0,-0.006,False,False,-0.176,0.025,38.047,1356,12.97,,,,,0,False,False,0.0,False,7.38,5.54,20.0,
33.6,91900,283.366,-949.897,-0.006,5.045,30.0,1356,-1,6.13,False,-1,True,True,0.75,0.0,-0.011,False,False,-0.123,0.024,37.989,1356,12.97,,,,,0,False,False,0.0,False,7.12,5.51,20.0,
33.65,91901,283.561,-949.745,-0.006,4.798,30.0,1356,-1,6.38,False,-1,True,True,0.75,0.0,-0.007,False,False,-0.111,0.018,37.942,1356,12.97,,,,,0,False,False,0.0,False,6.88,5.52,20.0,
33.7,91902,283.742,-949.605,-0.006,4.481,30.0,1356,-1,6.6,False,-1,True,True,0.75,0.0,-0.006,False,False,-0.187,0.011,37.905,1356,12.97,,,,,0,False,False,0.0,False,6.65,5.4,20.0,
33.75,91903,283.914,-949.472,-0.005,4.296,30.0,1356,-1,6.82,False,-1,True,True,0.75,0.0,-0.005,False,False,-0.247,0.006,37.875,1356,12.97,,,,,0,False,False,0.0,False,6.43,5.24,20.0,
33.8,91904,284.082,-949.342,-0.005,4.214,30.0,1356,-1,7.03,False,-1,True,True,0.75,0.0,-0.005,False,False,-0.256,0.003,37.849,1356,12.97,,,,,0,False,False,0.0,False,6.22,5.15,20.0,
33.85,91905,284.249,-949.214,-0.005,4.202,30.0,1356,-1,7.24,False,-1,True,True,0.75,0.0,-0.004,False,False,-0.218,0.001,37.826,1356,12.97,,,,,0,False,False,0.0,False,6.01,5.11,20.0,
33.9,91906,284.416,-949.084,-0.006,4.236,30.0,1356,-1,7.46,False,-1,True,True,0.75,0.0,-0.003,False,False,-0.15,0.0,37.806,1356,12.97,,,,,0,False,False,0.0,False,5.8,5.1,20.0,
33.95,91907,284.586,-948.953,-0.007,4.297,30.0,1356,-1,7.67,False,-1,True,True,0.75,0.0,-0.003,False,False,-0.072,-0.0,37.789,1356,12.97,,,,,0,False,False,0.0,False,5.58,5.12,20.0,
34.0,91908,284.758,-948.82,-0.007,4.375,30.0,1356,-1,7.89,False,-1,True,True,0.75,0.0,-0.002,False,False,0.003,-0.0,37.774,1356,12.97,,,,,0,False,False,0.0,False,5.37,5.15,20.0,
34.05,91909,284.933,-948.684,-0.008,4.464,30.0,1356,-1,8.11,False,-1,True,True,0.75,0.0,-0.002,False,False,0.07,-0.0,37.761,1356,12.97,,,,,0,False,False,0.0,False,5.14,5.19,20.0,
34.1,91910,285.115,-948.549,-0.008,4.549,30.0,1356,-1,8.34,False,-1,True,True,0.75,0.0,-0.102,False,False,0.122,0.108,37.566,1356,16.67,,,,,0,False,False,0.0,False,8.59,5.23,20.0,
34.15,91911,285.303,-948.417,-0.009,4.64,30.0,1356,-1,8.57,False,-1,True,True,0.75,0.0,-0.116,False,False,0.158,0.28,37.06,1356,16.67,,,,,0,False,False,0.0,False,8.36,5.27,20.0,
34.2,91912,285.497,-948.283,-0.009,4.744,30.0,1356,-1,8.8,False,-1,True,True,0.75,0.0,-0.075,False,False,0.189,0.319,36.546,1356,16.67,,,,,0,False,False,0.0,False,8.13,5.32,20.0,
34.25,91913,285.695,-948.147,-0.009,4.85,30.0,1356,-1,9.04,False,-1,True,True,0.75,0.0,-0.058,False,False,0.213,0.275,36.126,1356,16.67,,,,,0,False,False,0.0,False,7.89,5.37,20.0,
34.3,91914,285.897,-948.008,-0.009,4.955,30.0,1356,-1,9.29,False,-1,True,True,0.75,0.0,-0.051,False,False,0.231,0.219,35.77,1356,16.67,,,,,0,False,False,0.0,False,7.64,5.42,20.0,
34.35,91915,286.105,-947.866,-0.009,5.06,30.0,1356,-1,9.54,False,-1,True,True,0.75,0.0,-0.043,False,False,0.244,0.165,35.459,1356,16.67,,,,,0,False,False,0.0,False,7.39,5.48,20.0,
34.4,91916,286.316,-947.722,-0.009,5.172,30.0,1356,-1,9.79,False,-1,True,True,0.75,0.0,-0.036,False,False,0.253,0.119,35.193,1356,16.67,,,,,0,False,False,0.0,False,7.13,5.53,20.0,
34.45,91917,286.532,-947.576,-0.009,5.219,30.0,1356,-1,10.05,False,-1,True,True,0.75,0.0,-0.031,False,False,0.252,0.085,34.951,1356,16.67,,,,,0,False,False,0.0,False,6.87,5.59,20.0,
34.5,91918,286.75,-947.428,-0.009,5.289,30.0,1356,-1,10.31,False,-1,True,True,0.75,0.0,-0.025,False,False,0.234,0.056,34.768,1356,16.67,,,,,0,False,False,0.0,False,6.61,5.61,20.0,
34.55,91919,286.967,-947.282,-0.009,5.203,30.0,1356,-1,10.57,False,-1,True,True,0.75,0.0,-0.023,False,False,0.187,0.039,34.558,1356,16.67,,,,,0,False,False,0.0,False,6.35,5.64,20.0,
34.6,91920,287.184,-947.135,-0.008,5.277,30.0,1356,-1,10.83,False,-1,True,True,0.75,0.0,-0.014,False,False,0.153,0.021,34.434,1356,16.67,,,,,0,False,False,0.0,False,6.09,5.6,20.0,
34.65,91921,287.401,-946.989,-0.008,5.223,30.0,1356,-1,11.1,False,-1,True,True,0.75,0.0,-0.016,False,False,0.125,0.015,34.276,1356,16.67,,,,,0,False,False,0.0,False,5.82,5.64,20.0,
34.7,91922,287.62,-946.842,-0.008,5.307,30.0,1356,-1,11.36,False,-1,True,True,0.75,0.0,-0.009,False,False,0.116,0.007,34.199,1356,16.67,,,,,0,False,False,0.0,False,5.56,5.61,20.0,
34.75,91923,287.84,-946.698,-0.008,5.225,30.0,1356,-1,11.62,False,-1,True,True,0.75,0.0,-0.109,False,False,0.096,0.108,33.934,1356,20.38,,,,,0,False,False,0.0,False,9.0,5.65,20.0,
34.8,91924,288.062,-946.556,-0.008,5.332,30.0,1356,-1,11.88,False,-1,True,True,0.75,0.0,-0.057,False,False,0.09,0.183,33.581,1356,20.38,,,,,0,False,False,0.0,False,8.73,5.61,20.0,
34.85,91925,288.299,-946.406,-0.009,5.754,30.0,1356,-1,12.0,False,-1,True,True,0.75,0.0,-0.038,False,False,0.206,0.187,33.258,1356,20.38,,,,,0,False,False,0.0,False,8.45,5.67,20.0,
34.9,91926,288.555,-946.244,-0.01,6.19,30.0,1356,-1,12.31,False,-1,True,True,0.0,0.3,-0.03,False,False,0.363,0.162,32.967,1356,20.38,,,,,0,False,False,0.0,False,8.15,5.88,20.0,
34.95,91927,288.821,-946.077,-0.011,6.309,30.0,1356,-1,12.62,False,-1,True,True,0.0,0.3,-0.023,False,False,0.439,0.126,32.721,1356,20.38,,,,,0,False,False,0.0,False,7.84,6.1,20.0,
35.0,91928,289.092,-945.907,-0.011,6.415,30.0,1356,-1,12.94,False,-1,True,True,0.0,0.3,-0.018,False,False,0.431,0.092,32.525,1356,20.38,,,,,0,False,False,0.0,False,7.52,6.15,20.0,
35.05,91929,289.359,-945.739,-0.01,6.279,30.0,1356,-1,13.18,False,-1,True,True,0.0,0.3,-0.015,False,False,0.344,0.067,32.355,1356,20.38,,,,,0,False,False,0.0,False,7.2,6.21,20.0,
35.1,91930,289.623,-945.575,-0.009,6.198,30.0,1356,-1,13.49,False,-1,True,True,0.0,0.3,-0.012,False,False,0.227,0.047,32.251,1356,20.38,,,,,0,False,False,0.0,False,6.89,6.14,20.0,
35.15,91931,289.879,-945.415,-0.008,5.97,30.0,1356,-1,13.79,False,-1,True,True,0.0,0.3,-0.013,False,False,0.099,0.039,32.117,1356,20.38,,,,,0,False,False,0.0,False,6.59,6.1,20.0,
35.2,91932,290.129,-945.26,-0.007,5.842,30.0,1356,-1,14.09,False,-1,True,True,0.0,0.3,-0.007,False,False,-0.009,0.026,32.054,1356,20.38,,,,,0,False,False,0.0,False,6.29,5.98,20.0,
35.25,91933,290.37,-945.11,-0.006,5.581,30.0,1356,-1,14.37,False,-1,True,True,0.0,0.3,-0.01,False,False,-0.105,0.022,31.955,1356,20.38,,,,,0,False,False,0.0,False,6.01,5.92,20.0,
35.3,91934,290.603,-944.966,-0.006,5.458,30.0,1356,-1,14.64,False,-1,True,True,0.0,0.131,-0.004,False,False,-0.169,0.013,31.923,1356,20.38,,,,,0,False,False,0.0,False,5.74,5.79,20.0,
35.35,91935,290.829,-944.826,-0.005,5.234,30.0,1356,-1,14.91,False,-1,True,True,0.309,0.0,-0.007,False,False,-0.213,0.011,31.841,1356,20.38,,,,,0,False,False,0.0,False,5.47,5.73,20.0,
35.4,91936,291.051,-944.693,-0.005,5.152,30.0,1356,-1,15.17,False,-1,True,True,0.75,0.0,-0.107,False,False,-0.227,0.115,31.655,1356,24.08,,,,,0,False,False,0.0,False,8.91,5.62,20.0,
35.45,91937,291.271,-944.562,-0.005,5.081,30.0,1356,-1,15.42,False,-1,True,True,0.75,0.0,-0.024,False,False,-0.201,0.151,31.323,1356,24.08,,,,,0,False,False,0.0,False,8.66,5.58,20.0,
35.5,91938,291.491,-944.431,-0.006,5.15,30.0,1356,-1,15.68,False,-1,True,True,0.75,0.0,-0.002,False,False,-0.141,0.089,31.186,1356,24.08,,,,,0,False,False,0.0,False,8.4,5.54,20.0,
35.55,91939,291.702,-944.305,-0.006,4.738,30.0,1356,-1,15.93,False,-1,True,True,0.75,0.0,-0.012,False,False,-0.167,0.051,31.101,1356,24.08,,,,,0,False,False,0.0,False,8.16,5.58,20.0,
35.6,91940,291.895,-944.19,-0.005,4.393,30.0,1356,-1,16.15,False,-1,True,True,0.75,0.0,-0.013,False,False,-0.262,0.034,31.052,1356,24.08,,,,,0,False,False,0.0,False,7.93,5.37,20.0,
35.65,91941,292.078,-944.082,-0.004,4.186,30.0,1356,-1,16.36,False,-1,True,True,0.75,0.0,-0.014,False,False,-0.326,0.026,30.989,1356,24.08,,,,,0,False,False,0.0,False,7.72,5.2,20.0,
35.7,91942,292.255,-943.977,-0.004,4.089,30.0,1356,-1,16.57,False,-1,True,True,0.75,0.0,-0.01,False,False,-0.329,0.018,30.929,1356,24.08,,,,,0,False,False,0.0,False,7.51,5.09,20.0,
35.75,91943,292.431,-943.873,-0.005,4.068,30.0,1356,-1,16.77,False,-1,True,True,0.75,0.0,-0.009,False,False,-0.28,0.011,30.879,1356,24.08,,,,,0,False,False,0.0,False,7.31,5.04,20.0,
35.8,91944,292.607,-943.768,-0.006,4.097,30.0,1356,-1,16.98,False,-1,True,True,0.75,0.0,-0.008,False,False,-0.2,0.006,30.835,1356,24.08,,,,,0,False,False,0.0,False,7.1,5.03,20.0,
35.85,91945,292.786,-943.663,-0.006,4.157,30.0,1356,-1,17.19,False,-1,True,True,0.75,0.0,-0.007,False,False,-0.11,0.004,30.796,1356,24.08,,,,,0,False,False,0.0,False,6.9,5.05,20.0,
35.9,91946,292.967,-943.556,-0.007,4.235,30.0,1356,-1,17.4,False,-1,True,True,0.75,0.0,-0.006,False,False,-0.024,0.002,30.761,1356,24.08,,,,,0,False,False,0.0,False,6.69,5.08,20.0,
35.95,91947,293.152,-943.446,-0.008,4.324,30.0,1356,-1,17.61,False,-1,True,True,0.75,0.0,-0.005,False,False,0.051,0.001,30.731,1356,24.08,,,,,0,False,False,0.0,False,6.47,5.12,20.0,
36.0,91948,293.341,-943.335,-0.008,4.42,30.0,1356,-1,17.83,False,-1,True,True,0.75,0.0,-0.004,False,False,0.112,-0.0,30.705,1356,24.08,,,,,0,False,False,0.0,False,6.25,5.16,20.0,
36.05,91949,293.535,-943.22,-0.009,4.521,30.0,1356,-1,18.06,False,-1,True,True,0.75,0.0,-0.003,False,False,0.159,-0.001,30.683,1356,24.08,,,,,0,False,False,0.0,False,6.03,5.21,20.0,
36.1,91950,293.732,-943.104,-0.009,4.623,30.0,1356,-1,18.28,False,-1,True,True,0.75,0.0,-0.003,False,False,0.194,-0.001,30.663,1356,24.08,,,,,0,False,False,0.0,False,5.8,5.26,20.0,
36.15,91951,293.934,-942.984,-0.009,4.727,30.0,1356,-1,18.52,False,-1,True,True,0.75,0.0,-0.002,False,False,0.219,-0.001,30.646,1356,24.08,,,,,0,False,False,0.0,False,5.56,5.31,20.0,
36.2,91952,294.14,-942.862,-0.009,4.832,30.0,1356,-1,18.76,False,-1,True,True,0.75,0.0,-0.002,False,False,0.236,-0.001,30.631,1356,24.08,,,,,0,False,False,0.0,False,5.32,5.36,20.0,
36.25,91953,294.353,-942.741,-0.009,4.93,30.0,1356,-1,19.0,False,-1,True,True,0.75,0.0,-0.066,False,False,0.245,0.087,30.465,1356,27.79,,,,,0,False,False,0.0,False,8.78,5.42,20.0,
36.3,91954,294.569,-942.617,-0.009,5.034,30.0,1356,-1,19.25,False,-1,True,True,0.75,0.0,-0.006,False,False,0.252,0.09,30.303,1356,27.79,,,,,0,False,False,0.0,False,8.53,5.46,20.0,
36.35,91955,294.79,-942.489,-0.009,5.136,30.0,1356,-1,19.51,False,-1,True,True,0.75,0.0,-0.001,False,False,0.256,0.041,30.247,1356,27.79,,,,,0,False,False,0.0,False,8.28,5.52,20.0,
36.4,91956,295.015,-942.359,-0.009,5.271,30.0,1356,-1,19.77,False,-1,True,True,0.75,0.0,-0.007,False,False,0.26,0.021,30.201,1356,27.79,,,,,0,False,False,0.0,False,8.02,5.57,20.0,
36.45,91957,295.242,-942.228,-0.009,5.198,30.0,1356,-1,20.03,False,-1,True,True,0.75,0.0,-0.006,False,False,0.234,0.014,30.178,1356,27.79,,,,,0,False,False,0.0,False,7.76,5.64,20.0,
36.5,91958,295.468,-942.098,-0.009,5.252,30.0,1356,-1,20.29,False,-1,True,True,0.75,0.0,-0.007,False,False,0.193,0.013,30.112,1356,27.79,,,,,0,False,False,0.0,False,7.5,5.6,20.0,
36.55,91959,295.693,-941.968,-0.008,5.183,30.0,1356,-1,20.55,False,-1,True,True,0.75,0.0,-0.002,False,False,0.15,0.005,30.114,1356,27.79,,,,,0,False,False,0.0,False,7.24,5.63,20.0,
36.6,91960,295.92,-941.837,-0.008,5.27,30.0,1356,-1,20.81,False,-1,True,True,0.75,0.0,-0.007,False,False,0.129,0.006,30.062,1356,27.79,,,,,0,False,False,0.0,False,6.97,5.59,20.0,
36.65,91961,296.147,-941.707,-0.008,5.22,30.0,1356,-1,21.07,False,-1,True,True,0.75,0.0,-0.001,False,False,0.113,0.001,30.071,1356,27.79,,,,,0,False,False,0.0,False,6.71,5.63,20.0,
36.7,91962,296.374,-941.575,-0.008,5.286,30.0,1356,-1,21.34,False,-1,True,True,0.75,0.0,-0.006,False,False,0.105,0.004,30.019,1356,27.79,,,,,0,False,False,0.0,False,6.45,5.61,20.0,
36.75,91963,296.602,-941.445,-0.008,5.212,30.0,1356,-1,21.6,False,-1,True,True,0.75,0.0,0.0,False,False,0.088,-0.001,30.03,1356,27.79,,,,,0,False,False,0.0,False,6.19,5.64,20.0,
36.8,91964,296.841,-941.307,-0.009,5.733,30.0,1356,-1,21.87,False,-1,True,True,0.75,0.0,-0.004,False,False,0.184,0.003,29.965,1356,27.79,,,,,0,False,False,0.0,False,5.91,5.61,20.0,
36.85,91965,297.099,-941.158,-0.01,6.04,30.0,1356,-1,22.17,False,-1,True,True,0.0,0.3,0.003,False,False,0.334,-0.004,29.943,1356,27.79,,,,,0,False,False,0.0,False,5.61,5.87,20.0,
36.9,91966,297.37,-941.004,-0.011,6.311,30.0,1356,-1,22.48,False,-1,True,True,0.0,0.3,-0.036,False,False,0.429,0.067,29.818,1356,31.5,,,,,0,False,False,0.0,False,9.01,6.02,20.0,
36.95,91967,297.644,-940.849,-0.011,6.293,30.0,1356,-1,22.8,False,-1,True,True,0.0,0.3,0.001,False,False,0.422,0.058,29.714,1356,31.5,,,,,0,False,False,0.0,False,8.69,6.16,20.0,
37.0,91968,297.917,-940.693,-0.01,6.295,30.0,1356,-1,23.11,False,-1,True,True,0.0,0.3,0.002,False,False,0.351,0.023,29.67,1356,31.5,,,,,0,False,False,0.0,False,8.38,6.15,20.0,
37.05,91969,298.185,-940.541,-0.009,6.096,30.0,1356,-1,23.42,False,-1,True,True,0.0,0.3,-0.001,False,False,0.231,0.008,29.678,1356,31.5,,,,,0,False,False,0.0,False,8.07,6.15,20.0,
37.1,91970,298.446,-940.392,-0.008,5.99,30.0,1356,-1,23.72,False,-1,True,True,0.0,0.3,-0.005,False,False,0.11,0.009,29.633,1356,31.5,,,,,0,False,False,0.0,False,7.77,6.05,20.0,
37.15,91971,298.7,-940.248,-0.007,5.744,30.0,1356,-1,24.01,False,-1,True,True,0.0,0.3,0.0,False,False,-0.005,0.005,29.643,1356,31.5,,,,,0,False,False,0.0,False,7.48,5.99,20.0,
37.2,91972,298.945,-940.109,-0.006,5.607,30.0,1356,-1,24.3,False,-1,True,True,0.0,0.3,-0.003,False,False,-0.095,0.006,29.602,1356,31.5,,,,,0,False,False,0.0,False,7.2,5.87,20.0,
37.25,91973,299.181,-939.974,-0.006,5.35,30.0,1356,-1,24.57,False,-1,True,True,0.0,0.22,0.001,False,False,-0.169,0.002,29.62,1356,31.5,,,,,0,False,False,0.0,False,6.92,5.8,20.0,
37.3,91974,299.411,-939.844,-0.005,5.248,30.0,1356,-1,24.83,False,-1,True,True,0.706,0.0,-0.003,False,False,-0.21,0.005,29.587,1356,31.5,,,,,0,False,False,0.0,False,6.66,5.67,20.0,
37.35,91975,299.634,-939.718,-0.005,5.046,30.0,1356,-1,25.09,False,-1,True,True,0.75,0.0,0.001,False,False,-0.23,0.003,29.616,1356,31.5,,,,,0,False,False,0.0,False,6.4,5.62,20.0,
37.4,91976,299.854,-939.593,-0.005,5.089,30.0,1356,-1,25.34,False,-1,True,True,0.75,0.0,-0.004,False,False,-0.203,0.006,29.593,1356,31.5,,,,,0,False,False,0.0,False,6.15,5.52,20.0,
37.45,91977,300.074,-939.469,-0.006,5.015,30.0,1356,-1,25.59,False,-1,True,True,0.75,0.0,0.0,False,False,-0.152,0.004,29.622,1356,31.5,,,,,0,False,False,0.0,False,5.9,5.54,20.0,
37.5,91978,300.289,-939.347,-0.006,4.769,30.0,1356,-1,25.84,False,-1,True,True,0.75,0.0,-0.004,False,False,-0.143,0.005,29.596,1356,31.5,,,,,0,False,False,0.0,False,5.65,5.51,20.0,
37.55,91979,300.486,-939.235,-0.005,4.406,30.0,1356,-1,26.07,False,-1,True,True,0.75,0.0,0.001,False,False,-0.234,0.002,29.572,1356,31.5,,,,,0,False,False,0.0,False,5.42,5.38,20.0,
37.6,91980,300.67,-939.13,-0.005,4.185,30.0,1356,-1,26.28,False,-1,True,True,0.75,0.0,0.001,False,False,-0.305,-0.003,29.569,1356,31.5,,,,,0,False,False,0.0,False,5.21,5.2,20.0,
37.65,91981,300.849,-939.028,-0.005,4.077,30.0,1356,-1,26.48,False,-1,True,True,0.75,0.0,-0.0,False,False,-0.318,-0.003,29.568,1356,31.5,,,,,0,False,False,0.0,False,5.01,5.09,20.0,
37.7,91982,301.027,-938.93,-0.005,4.049,30.0,1356,-1,26.69,False,-1,True,True,0.75,0.0,-0.023,False,False,-0.278,0.034,29.502,1356,35.2,,,,,0,False,False,0.0,False,8.51,5.04,20.0,
37.75,91983,301.204,-938.83,-0.006,4.074,30.0,1356,-1,26.89,False,-1,True,True,0.75,0.0,-0.001,False,False,-0.204,0.027,29.459,1356,35.2,,,,,0,False,False,0.0,False,8.31,5.02,20.0,
37.8,91984,301.384,-938.729,-0.006,4.131,30.0,1356,-1,27.1,False,-1,True,True,0.75,0.0,-0.001,False,False,-0.116,0.011,29.445,1356,35.2,,,,,0,False,False,0.0,False,8.1,5.04,20.0,
37.85,91985,301.566,-938.626,-0.007,4.207,30.0,1356,-1,27.31,False,-1,True,True,0.75,0.0,-0.003,False,False,-0.03,0.005,29.433,1356,35.2,,,,,0,False,False,0.0,False,7.89,5.07,20.0,
37.9,91986,301.753,-938.521,-0.008,4.296,30.0,1356,-1,27.52,False,-1,True,True,0.75,0.0,-0.002,False,False,0.046,0.003,29.42,1356,35.2,,,,,0,False,False,0.0,False,7.68,5.1,20.0,
37.95,91987,301.943,-938.414,-0.008,4.392,30.0,1356,-1,27.74,False,-1,True,True,0.75,0.0,-0.002,False,False,0.108,0.002,29.408,1356,35.2,,,,,0,False,False,0.0,False,7.46,5.15,20.0,
38.0,91988,302.137,-938.305,-0.009,4.492,30.0,1356,-1,27.96,False,-1,True,True,0.75,0.0,-0.002,False,False,0.156,0.001,29.398,1356,35.2,,,,,0,False,False,0.0,False,7.23,5.2,20.0,
38.05,91989,302.336,-938.193,-0.009,4.594,30.0,1356,-1,28.19,False,-1,True,True,0.75,0.0,-0.001,False,False,0.191,0.0,29.389,1356,35.2,,,,,0,False,False,0.0,False,7.01,5.25,20.0,
38.1,91990,302.539,-938.079,-0.009,4.698,30.0,1356,-1,28.42,False,-1,True,True,0.75,0.0,-0.001,False,False,0.217,-0.0,29.382,1356,35.2,,,,,0,False,False,0.0,False,6.77,5.3,20.0,
38.15,91991,302.747,-937.962,-0.009,4.803,30.0,1356,-1,28.66,False,-1,True,True,0.75,0.0,-0.001,False,False,0.234,-0.0,29.375,1356,35.2,,,,,0,False,False,0.0,False,6.54,5.35,20.0,
38.2,91992,302.959,-937.843,-0.009,4.907,30.0,1356,-1,28.9,False,-1,True,True,0.75,0.0,-0.001,False,False,0.246,-0.0,29.369,1356,35.2,,,,,0,False,False,0.0,False,6.29,5.4,20.0,
38.25,91993,303.176,-937.721,-0.009,5.012,30.0,1356,-1,29.15,False,-1,True,True,0.75,0.0,-0.001,False,False,0.253,-0.0,29.365,1356,35.2,,,,,0,False,False,0.0,False,6.04,5.45,20.0,
38.3,91994,303.397,-937.597,-0.009,5.116,30.0,1356,-1,29.41,False,-1,True,True,0.75,0.0,-0.001,False,False,0.258,-0.0,29.36,1356,35.2,,,,,0,False,False,0.0,False,5.79,5.51,20.0,
38.35,91995,303.622,-937.47,-0.009,5.176,30.0,1356,-1,29.67,False,-1,True,True,0.75,0.0,-0.0,False,False,0.257,-0.0,29.357,1356,35.2,,,,,0,False,False,0.0,False,5.53,5.56,20.0,
38.4,91996,303.849,-937.336,-0.009,5.336,30.0,1356,-1,29.93,False,-1,True,True,0.75,0.0,0.1,False,False,0.257,-0.161,29.619,1917,1.48,,,,,0,False,False,0.0,False,7.29,5.59,20.0,
38.45,91997,304.073,-937.195,-0.009,5.262,30.0,1356,-1,30.19,False,-1,True,True,0.75,0.0,0.125,False,False,0.227,-0.348,30.189,1917,1.48,,,,,0,False,False,0.0,False,7.02,5.67,20.0,
38.5,91998,304.296,-937.054,-0.009,5.319,30.0,1356,-1,30.46,False,-1,True,True,0.75,0.0,0.083,False,False,0.187,-0.375,30.824,1917,1.48,,,,,0,False,False,0.0,False,6.76,5.63,20.0,
38.55,91999,304.518,-936.912,-0.008,5.254,30.0,1356,-1,30.72,False,-1,True,True,0.75,0.0,0.058,False,False,0.145,-0.314,31.306,1917,1.48,,,,,0,False,False,0.0,False,6.49,5.66,20.0,
38.6,92000,304.741,-936.769,-0.008,5.341,30.0,1356,-1,30.98,False,-1,True,True,0.75,0.0,0.054,False,False,0.126,-0.25,31.759,1917,1.48,,,,,0,False,False,0.0,False,6.23,5.63,20.0,
38.65,92001,304.963,-936.624,-0.008,5.28,30.0,1356,-1,31.25,False,-1,True,True,0.75,0.0,0.042,False,False,0.109,-0.19,32.093,1917,1.48,,,,,0,False,False,0.0,False,5.96,5.67,20.0,
38.7,92002,305.186,-936.479,-0.008,5.346,30.0,1356,-1,31.51,False,-1,True,True,0.75,0.0,0.039,False,False,0.099,-0.147,32.426,1917,1.48,,,,,0,False,False,0.0,False,5.7,5.64,20.0,
38.75,92003,305.409,-936.332,-0.008,5.428,30.0,1356,-1,31.78,False,-1,True,True,0.75,0.0,0.029,False,False,0.102,-0.109,32.681,1917,1.48,,,,,0,False,False,0.0,False,5.43,5.67,20.0,
38.8,92004,305.647,-936.169,-0.009,5.939,30.0,1356,-1,32.07,False,-1,True,True,0.484,0.0,0.129,False,False,0.239,-0.229,33.15,1355,1.87,,,,,0,False,False,0.0,False,9.18,5.71,20.0,
38.85,92005,305.891,-935.987,-0.01,6.124,30.0,1356,-1,32.37,False,-1,True,True,0.0,0.3,0.229,False,False,0.354,-0.537,34.128,1355,1.87,,,,,0,False,False,0.0,False,8.88,5.97,20.0,
38.9,92006,306.154,-935.786,0.024,6.353,30.0,1356,-1,32.7,False,-1,True,True,0.0,0.3,0.185,False,False,2.637,-0.229,35.44,1355,1.87,,,,,0,False,False,0.0,False,8.55,6.06,20.0,
38.95,92007,306.401,-935.582,0.052,6.21,30.0,1356,-1,33.01,False,-1,True,True,0.0,0.3,0.122,False,False,3.644,-0.678,36.71,1355,1.87,,,,,0,False,False,0.0,False,8.23,6.18,20.0,
39.0,92008,306.642,-935.385,0.068,6.161,30.0,1356,-1,33.32,False,-1,True,True,0.0,0.3,0.078,False,False,3.959,-0.642,37.735,1355,1.87,,,,,0,False,False,0.0,False,7.92,6.1,20.0,
39.05,92009,306.875,-935.193,0.076,5.97,30.0,1356,-1,33.61,False,-1,True,True,0.0,0.3,0.065,False,False,3.953,-0.515,38.542,1355,1.87,,,,,0,False,False,0.0,False,7.61,6.08,20.0,
39.1,92010,307.1,-935.005,0.079,5.859,30.0,1356,-1,33.9,False,-1,True,True,0.0,0.3,0.055,False,False,3.842,-0.394,39.129,1355,1.87,,,,,0,False,False,0.0,False,7.32,5.98,20.0,
39.15,92011,307.317,-934.821,0.08,5.609,30.0,1356,-1,34.18,False,-1,True,True,0.0,0.3,0.051,False,False,3.696,-0.315,39.642,1355,1.87,,,,,1,True,False,0.0,False,7.04,5.93,20.0,
39.2,92012,307.526,-934.642,0.078,5.481,30.0,1356,-1,34.45,False,-1,True,True,0.0,0.223,0.04,False,False,3.577,-0.244,40.011,1355,1.87,,,,,0,False,False,0.0,False,6.76,5.8,20.0,
39.25,92013,307.727,-934.468,0.077,5.248,30.0,1356,-1,34.71,False,-1,True,True,0.237,0.0,0.038,False,False,3.484,-0.201,40.368,1355,1.87,,,,,0,False,False,0.0,False,6.49,5.74,20.0,
39.3,92014,307.922,-934.297,0.075,5.177,30.0,1356,-1,34.97,False,-1,True,True,0.75,0.0,0.027,False,False,3.444,-0.152,40.611,1355,1.87,,,,,0,False,False,0.0,False,6.23,5.62,20.0,
39.35,92015,308.103,-934.147,0.118,5.138,30.0,1356,-1,35.2,False,-1,True,True,0.75,0.0,0.027,False,False,1.128,0.657,40.923,1355,1.87,,,,,0,False,False,0.0,False,6.0,5.59,20.0,
39.4,92016,308.274,-933.975,0.134,5.135,30.0,1356,-1,35.43,False,-1,True,True,0.75,0.0,0.018,False,False,-0.377,-1.432,41.242,1355,1.87,,,,,0,False,False,0.0,False,5.76,5.57,20.0,
39.45,92017,308.452,-933.806,0.13,5.083,30.0,1356,-1,35.67,False,-1,True,True,0.75,0.0,-0.013,False,False,-1.489,-3.438,41.529,1355,1.87,,,,,0,False,False,0.0,False,5.51,5.57,20.0,
39.5,92018,308.632,-933.658,0.123,4.624,30.0,1356,-1,35.9,False,-1,True,True,0.75,0.0,-0.113,False,False,-2.095,-4.096,41.434,1355,5.61,,,,,0,False,False,0.0,False,9.01,5.54,20.0,
39.55,92019,308.804,-933.522,0.118,4.336,30.0,1356,-1,36.11,False,-1,True,True,0.75,0.0,-0.063,False,False,-2.366,-4.332,41.164,1355,5.61,,,,,0,False,False,0.0,False,8.79,5.31,20.0,
39.6,92020,308.972,-933.392,0.109,4.29,30.0,1917,-1,1.03,True,107,True,True,0.75,0.0,-0.04,False,False,-2.564,-3.87,40.886,1355,5.61,,,,,0,False,False,0.0,False,8.58,5.17,20.0,
39.65,92021,309.139,-933.264,0.095,4.278,30.0,1917,-1,1.21,True,107,True,True,0.75,0.0,-0.027,False,False,-3.021,-2.494,40.611,1355,5.61,,,,,0,False,False,0.0,False,8.36,5.14,20.0,
39.7,92022,309.3,-933.13,0.084,4.234,30.0,1917,-1,1.4,True,107,True,True,0.75,0.0,-0.015,False,False,-3.344,-1.602,40.472,1355,5.61,,,,,0,False,False,0.0,False,8.16,5.14,20.0,
39.75,92023,309.461,-932.994,0.076,4.239,30.0,1917,-1,1.59,True,107,True,True,0.75,0.0,-0.025,False,False,-3.494,-1.017,40.35,1355,5.61,,,,,0,False,False,0.0,False,7.95,5.12,20.0,
39.8,92024,309.624,-932.858,0.071,4.281,30.0,1917,-1,1.78,True,107,True,True,0.75,0.0,-0.023,False,False,-3.537,-0.619,40.223,1355,5.61,,,,,0,False,False,0.0,False,7.73,5.12,20.0,
39.85,92025,309.79,-932.719,0.068,4.345,30.0,1917,-1,1.97,True,107,True,True,0.75,0.0,-0.019,False,False,-3.521,-0.364,40.109,1355,5.61,,,,,0,False,False,0.0,False,7.52,5.14,20.0,
39.9,92026,309.959,-932.578,0.064,4.422,30.0,1917,-1,2.17,True,107,True,True,0.75,0.0,-0.016,False,False,-3.392,-0.313,40.007,1355,5.61,,,,,1,True,False,0.0,False,7.3,5.17,20.0,
39.95,92027,310.132,-932.431,0.056,4.499,30.0,1917,-1,2.37,True,107,True,True,0.75,0.0,-0.014,False,False,-2.977,-0.625,39.899,1355,5.61,,,,,1,True,False,0.0,False,7.07,5.21,20.0,
40.0,92028,310.309,-932.282,0.045,4.58,30.0,1917,-1,2.58,True,107,True,True,0.75,0.0,-0.012,False,False,-2.391,-1.139,39.793,1355,5.61,,,,,1,True,False,0.0,False,6.84,5.25,20.0,
40.05,92029,310.491,-932.131,0.034,4.664,30.0,1917,-1,2.79,True,107,True,True,0.75,0.0,-0.009,False,False,-1.828,-1.627,39.7,1355,5.61,,,,,0,False,False,0.0,False,6.6,5.29,20.0,
40.1,92030,310.676,-931.98,0.028,4.768,30.0,1917,-1,2.97,True,107,True,True,0.75,0.0,-0.006,False,False,-1.544,-1.844,39.636,1355,5.61,,,,,0,False,False,0.0,False,6.36,5.33,20.0,
40.15,92031,310.867,-931.827,0.021,4.871,30.0,1916,-1,8.31,True,107,True,False,0.75,0.0,-0.004,False,False,-1.206,-1.675,39.597,1355,5.61,,,,,0,False,False,0.0,False,6.12,5.38,20.0,
40.2,92032,311.062,-931.67,0.012,4.971,30.0,1916,-1,8.53,True,107,True,False,0.75,0.0,-0.003,False,False,-0.775,-1.309,39.569,1355,5.61,,,,,0,False,False,0.0,False,5.87,5.44,20.0,
40.25,92033,311.259,-931.508,0.005,5.076,30.0,1916,-1,8.75,True,107,True,False,0.75,0.0,-0.002,False,False,-0.416,-0.961,39.544,1355,5.61,,,,,0,False,False,0.0,False,5.61,5.49,20.0,
40.3,92034,311.459,-931.344,-0.001,5.131,30.0,1916,-1,9.14,True,107,True,False,0.75,0.0,-0.003,False,False,-0.163,-0.684,39.52,1355,5.61,,,,,0,False,False,0.0,False,5.35,5.54,20.0,
40.35,92035,311.663,-931.18,-0.004,5.217,30.0,1355,-1,0.52,False,-1,True,True,0.75,0.0,-0.103,False,False,-0.015,-0.361,39.34,1355,9.35,,,,,0,False,False,0.0,False,8.83,5.57,20.0,
40.4,92036,311.865,-931.02,-0.006,5.129,30.0,1355,-1,0.78,False,-1,True,True,0.75,0.0,-0.035,False,False,0.039,-0.159,39.013,1355,9.35,,,,,0,False,False,0.0,False,8.57,5.61,20.0,
40.45,92037,312.068,-930.859,-0.007,5.203,30.0,1355,-1,1.04,False,-1,True,True,0.75,0.0,-0.014,False,False,0.067,-0.096,38.832,1355,9.35,,,,,0,False,False,0.0,False,8.31,5.56,20.0,
40.5,92038,312.27,-930.698,-0.008,5.147,30.0,1355,-1,1.3,False,-1,True,True,0.75,0.0,-0.019,False,False,0.075,-0.055,38.646,1355,9.35,,,,,0,False,False,0.0,False,8.05,5.6,20.0,
40.55,92039,312.475,-930.536,-0.008,5.251,30.0,1355,-1,1.56,False,-1,True,True,0.75,0.0,-0.013,False,False,0.09,-0.03,38.542,1355,9.35,,,,,0,False,False,0.0,False,7.79,5.57,20.0,
40.6,92040,312.679,-930.375,-0.008,5.173,30.0,1355,-1,1.82,False,-1,True,True,0.75,0.0,-0.015,False,False,0.088,-0.008,38.406,1355,9.35,,,,,0,False,False,0.0,False,7.53,5.63,20.0,
40.65,92041,312.884,-930.214,-0.008,5.242,30.0,1355,-1,2.08,False,-1,True,True,0.75,0.0,-0.009,False,False,0.087,-0.0,38.346,1355,9.35,,,,,0,False,False,0.0,False,7.27,5.59,20.0,
40.7,92042,313.096,-930.049,-0.009,5.525,30.0,1355,-1,2.35,False,-1,True,True,0.75,0.0,-0.012,False,False,0.147,0.012,38.278,1355,9.35,,,,,0,False,False,0.0,False,7.0,5.62,20.0,
40.75,92043,313.327,-929.868,-0.01,6.023,30.0,1355,-1,2.64,False,-1,True,True,0.14,0.0,-0.009,False,False,0.312,0.019,38.215,1355,9.35,,,,,0,False,False,0.0,False,6.71,5.76,20.0,
40.8,92044,313.57,-929.679,-0.011,6.204,30.0,1355,-1,2.95,False,-1,True,True,0.0,0.3,-0.007,False,False,0.425,0.02,38.152,1355,9.35,,,,,0,False,False,0.0,False,6.4,6.01,20.0,
40.85,92045,313.818,-929.485,-0.011,6.336,30.0,1355,-1,3.27,False,-1,True,True,0.0,0.3,-0.005,False,False,0.443,0.015,38.098,1355,9.35,,,,,0,False,False,0.0,False,6.08,6.1,20.0,
40.9,92046,314.067,-929.296,-0.01,6.212,30.0,1355,-1,3.58,False,-1,True,True,0.0,0.3,-0.08,False,False,0.368,0.128,37.865,1355,13.08,,,,,0,False,False,0.0,False,9.51,6.17,20.0,
40.95,92047,314.313,-929.11,-0.009,6.147,30.0,1355,-1,3.89,False,-1,True,True,0.0,0.3,-0.008,False,False,0.256,0.133,37.626,1355,13.08,,,,,0,False,False,0.0,False,9.2,6.11,20.0,
41.0,92048,314.551,-928.928,-0.008,5.92,30.0,1355,-1,4.18,False,-1,True,True,0.0,0.3,0.001,False,False,0.126,0.07,37.478,1355,13.08,,,,,0,False,False,0.0,False,8.9,6.07,20.0,
41.05,92049,314.782,-928.751,-0.007,5.797,30.0,1355,-1,4.48,False,-1,True,True,0.0,0.3,-0.002,False,False,0.014,0.029,37.441,1355,13.08,,,,,0,False,False,0.0,False,8.61,5.96,20.0,
41.1,92050,315.006,-928.581,-0.006,5.537,30.0,1355,-1,4.76,False,-1,True,True,0.0,0.3,-0.008,False,False,-0.086,0.02,37.363,1355,13.08,,,,,0,False,False,0.0,False,8.33,5.9,20.0,
41.15,92051,315.223,-928.416,-0.006,5.428,30.0,1355,-1,5.03,False,-1,True,True,0.035,0.0,-0.003,False,False,-0.154,0.012,37.345,1355,13.08,,,,,0,False,False,0.0,False,8.06,5.77,20.0,
41.2,92052,315.434,-928.256,-0.005,5.214,30.0,1355,-1,5.29,False,-1,True,True,0.426,0.0,-0.006,False,False,-0.195,0.011,37.275,1355,13.08,,,,,0,False,False,0.0,False,7.79,5.71,20.0,
41.25,92053,315.64,-928.099,-0.005,5.15,30.0,1355,-1,5.55,False,-1,True,True,0.75,0.0,-0.001,False,False,-0.207,0.004,37.267,1355,13.08,,,,,0,False,False,0.0,False,7.53,5.61,20.0,
41.3,92054,315.841,-927.946,-0.005,5.037,30.0,1355,-1,5.81,False,-1,True,True,0.75,0.0,-0.004,False,False,-0.196,0.004,37.199,1355,13.08,,,,,0,False,False,0.0,False,7.28,5.58,20.0,
41.35,92055,316.044,-927.792,-0.006,5.104,30.0,1355,-1,6.06,False,-1,True,True,0.75,0.0,0.002,False,False,-0.143,-0.001,37.206,1355,13.08,,,,,0,False,False,0.0,False,7.03,5.52,20.0,
41.4,92056,316.243,-927.641,-0.006,4.837,30.0,1355,-1,6.31,False,-1,True,True,0.75,0.0,-0.004,False,False,-0.122,0.002,37.177,1355,13.08,,,,,0,False,False,0.0,False,6.77,5.55,20.0,
41.45,92057,316.428,-927.501,-0.005,4.505,30.0,1355,-1,6.54,False,-1,True,True,0.75,0.0,-0.0,False,False,-0.201,0.002,37.189,1355,13.08,,,,,0,False,False,0.0,False,6.54,5.42,20.0,
41.5,92058,316.601,-927.37,-0.005,4.271,30.0,1355,-1,6.76,False,-1,True,True,0.75,0.0,-0.003,False,False,-0.277,0.004,37.184,1355,13.08,,,,,0,False,False,0.0,False,6.33,5.25,20.0,
41.55,92059,316.768,-927.244,-0.005,4.153,30.0,1355,-1,6.97,False,-1,True,True,0.75,0.0,-0.002,False,False,-0.3,0.005,37.173,1355,13.08,,,,,0,False,False,0.0,False,6.12,5.14,20.0,
41.6,92060,316.933,-927.119,-0.005,4.118,30.0,1355,-1,7.18,False,-1,True,True,0.75,0.0,-0.001,False,False,-0.269,0.003,37.165,1355,13.08,,,,,0,False,False,0.0,False,5.91,5.08,20.0,
41.65,92061,317.098,-926.994,-0.006,4.137,30.0,1355,-1,7.38,False,-1,True,True,0.75,0.0,-0.001,False,False,-0.201,0.002,37.159,1355,13.08,,,,,0,False,False,0.0,False,5.7,5.06,20.0,
41.7,92062,317.264,-926.868,-0.006,4.19,30.0,1355,-1,7.59,False,-1,True,True,0.75,0.0,-0.001,False,False,-0.118,0.001,37.153,1355,13.08,,,,,0,False,False,0.0,False,5.49,5.07,20.0,
41.75,92063,317.434,-926.74,-0.007,4.264,30.0,1355,-1,7.8,False,-1,True,True,0.75,0.0,-0.001,False,False,-0.034,0.001,37.148,1355,13.08,,,,,0,False,False,0.0,False,5.28,5.1,20.0,
41.8,92064,317.606,-926.609,-0.008,4.351,30.0,1355,-1,8.02,False,-1,True,True,0.75,0.0,-0.001,False,False,0.04,0.0,37.143,1355,13.08,,,,,0,False,False,0.0,False,5.07,5.13,20.0,
41.85,92065,317.784,-926.478,-0.008,4.441,30.0,1355,-1,8.24,False,-1,True,True,0.75,0.0,-0.051,False,False,0.101,0.072,37.012,1355,16.82,,,,,0,False,False,0.0,False,8.58,5.18,20.0,
41.9,92066,317.965,-926.344,-0.009,4.54,30.0,1355,-1,8.47,False,-1,True,True,0.75,0.0,-0.003,False,False,0.149,0.066,36.903,1355,16.82,,,,,0,False,False,0.0,False,8.36,5.22,20.0,
41.95,92067,318.15,-926.206,-0.009,4.643,30.0,1355,-1,8.7,False,-1,True,True,0.75,0.0,-0.001,False,False,0.186,0.032,36.866,1355,16.82,,,,,0,False,False,0.0,False,8.13,5.27,20.0,
42.0,92068,318.339,-926.065,-0.009,4.747,30.0,1355,-1,8.93,False,-1,True,True,0.75,0.0,-0.005,False,False,0.213,0.016,36.837,1355,16.82,,,,,0,False,False,0.0,False,7.89,5.32,20.0,
42.05,92069,318.531,-925.922,-0.009,4.851,30.0,1355,-1,9.17,False,-1,True,True,0.75,0.0,-0.005,False,False,0.231,0.011,36.806,1355,16.82,,,,,0,False,False,0.0,False,7.65,5.37,20.0,
42.1,92070,318.729,-925.775,-0.009,4.955,30.0,1355,-1,9.42,False,-1,True,True,0.75,0.0,-0.004,False,False,0.244,0.006,36.778,1355,16.82,,,,,0,False,False,0.0,False,7.4,5.43,20.0,
42.15,92071,318.93,-925.625,-0.009,5.059,30.0,1355,-1,9.67,False,-1,True,True,0.75,0.0,-0.003,False,False,0.252,0.003,36.755,1355,16.82,,,,,0,False,False,0.0,False,7.15,5.48,20.0,
42.2,92072,319.135,-925.472,-0.009,5.169,30.0,1355,-1,9.93,False,-1,True,True,0.75,0.0,-0.003,False,False,0.258,0.001,36.735,1355,16.82,,,,,0,False,False,0.0,False,6.9,5.53,20.0,
42.25,92073,319.345,-925.317,-0.009,5.222,30.0,1355,-1,10.19,False,-1,True,True,0.75,0.0,-0.002,False,False,0.256,0.0,36.718,1355,16.82,,,,,0,False,False,0.0,False,6.64,5.58,20.0,
42.3,92074,319.558,-925.158,-0.009,5.382,30.0,1355,-1,10.45,False,-1,True,True,0.75,0.0,-0.002,False,False,0.258,-0.0,36.713,1355,16.82,,,,,0,False,False,0.0,False,6.37,5.61,20.0,
42.35,92075,319.772,-924.999,-0.009,5.288,30.0,1355,-1,10.72,False,-1,True,True,0.684,0.0,-0.003,False,False,0.222,0.002,36.67,1355,16.82,,,,,0,False,False,0.0,False,6.1,5.69,20.0,
42.4,92076,319.985,-924.84,-0.009,5.344,30.0,1355,-1,10.98,False,-1,True,True,0.75,0.0,0.001,False,False,0.18,-0.003,36.685,1355,16.82,,,,,0,False,False,0.0,False,5.84,5.64,20.0,
42.45,92077,320.197,-924.682,-0.008,5.277,30.0,1355,-1,11.25,False,-1,True,True,0.75,0.0,-0.003,False,False,0.14,0.0,36.641,1355,16.82,,,,,0,False,False,0.0,False,5.57,5.67,20.0,
42.5,92078,320.412,-924.525,-0.008,5.364,30.0,1355,-1,11.51,False,-1,True,True,0.75,0.0,-0.025,False,False,0.122,0.04,36.585,1355,20.56,,,,,0,False,False,0.0,False,9.05,5.64,20.0,
42.55,92079,320.626,-924.367,-0.008,5.3,30.0,1355,-1,11.78,False,-1,True,True,0.723,0.0,-0.003,False,False,0.105,0.04,36.482,1355,20.56,,,,,0,False,False,0.0,False,8.78,5.68,20.0,
42.6,92080,320.841,-924.208,-0.008,5.368,30.0,1355,-1,12.05,False,-1,True,True,0.75,0.0,0.003,False,False,0.097,0.016,36.48,1355,20.56,,,,,0,False,False,0.0,False,8.51,5.65,20.0,
42.65,92081,321.057,-924.049,-0.008,5.447,30.0,1355,-1,12.32,False,-1,True,True,0.7,0.0,-0.004,False,False,0.101,0.01,36.46,1355,20.56,,,,,0,False,False,0.0,False,8.24,5.68,20.0,
42.7,92082,321.29,-923.877,-0.009,5.967,30.0,1355,-1,12.61,False,-1,True,True,0.411,0.0,-0.002,False,False,0.241,0.008,36.465,1355,20.56,,,,,0,False,False,0.0,False,7.95,5.72,20.0,
42.75,92083,321.537,-923.695,-0.01,6.178,30.0,1355,-1,12.91,False,-1,True,True,0.0,0.3,-0.004,False,False,0.368,0.009,36.452,1355,20.56,,,,,0,False,False,0.0,False,7.65,5.98,20.0,
42.8,92084,321.79,-923.509,-0.011,6.339,30.0,1355,-1,13.23,False,-1,True,True,0.0,0.3,-0.002,False,False,0.411,0.007,36.434,1355,20.56,,,,,0,False,False,0.0,False,7.33,6.09,20.0,
42.85,92085,322.043,-923.323,-0.01,6.24,30.0,1355,-1,13.54,False,-1,True,True,0.0,0.3,-0.001,False,False,0.36,0.003,36.42,1355,20.56,,,,,0,False,False,0.0,False,7.02,6.17,20.0,
42.9,92086,322.293,-923.139,-0.009,6.194,30.0,1355,-1,13.85,False,-1,True,True,0.0,0.3,-0.001,False,False,0.264,0.0,36.42,1355,20.56,,,,,0,False,False,0.0,False,6.71,6.12,20.0,
42.95,92087,322.536,-922.96,-0.008,5.972,30.0,1355,-1,14.15,False,-1,True,True,0.0,0.3,-0.002,False,False,0.141,0.002,36.388,1355,20.56,,,,,0,False,False,0.0,False,6.41,6.1,20.0,
43.0,92088,322.773,-922.785,-0.007,5.85,30.0,1355,-1,14.45,False,-1,True,True,0.0,0.3,0.001,False,False,0.03,-0.002,36.409,1355,20.56,,,,,0,False,False,0.0,False,6.11,5.99,20.0,
43.05,92089,323.001,-922.617,-0.006,5.592,30.0,1355,-1,14.73,False,-1,True,True,0.0,0.3,-0.003,False,False,-0.073,0.002,36.376,1355,20.56,,,,,0,False,False,0.0,False,5.83,5.92,20.0,
43.1,92090,323.223,-922.454,-0.006,5.468,30.0,1355,-1,15.01,False,-1,True,True,0.0,0.164,0.002,False,False,-0.145,-0.002,36.399,1355,20.56,,,,,0,False,False,0.0,False,5.55,5.8,20.0,
43.15,92091,323.438,-922.297,-0.005,5.242,30.0,1355,-1,15.27,False,-1,True,True,0.281,0.0,-0.019,False,False,-0.196,0.026,36.321,1355,24.3,,,,,0,False,False,0.0,False,9.03,5.73,20.0,
43.2,92092,323.647,-922.144,-0.005,5.173,30.0,1355,-1,15.53,False,-1,True,True,0.75,0.0,0.002,False,False,-0.213,0.019,36.3,1355,24.3,,,,,0,False,False,0.0,False,8.77,5.62,20.0,
43.25,92093,323.851,-921.993,-0.005,5.012,30.0,1355,-1,15.79,False,-1,True,True,0.75,0.0,-0.002,False,False,-0.213,0.01,36.241,1355,24.3,,,,,0,False,False,0.0,False,8.51,5.59,20.0,
43.3,92094,324.056,-921.844,-0.006,5.084,30.0,1355,-1,16.04,False,-1,True,True,0.75,0.0,0.003,False,False,-0.166,-0.0,36.251,1355,24.3,,,,,0,False,False,0.0,False,8.26,5.51,20.0,
43.35,92095,324.259,-921.694,-0.006,5.008,30.0,1355,-1,16.29,False,-1,True,True,0.75,0.0,-0.003,False,False,-0.115,0.001,36.213,1355,24.3,,,,,0,False,False,0.0,False,8.01,5.54,20.0,
43.4,92096,324.452,-921.553,-0.006,4.63,30.0,1355,-1,16.53,False,-1,True,True,0.75,0.0,0.002,False,False,-0.158,-0.001,36.23,1355,24.3,,,,,0,False,False,0.0,False,7.77,5.5,20.0,
43.45,92097,324.631,-921.422,-0.005,4.352,30.0,1355,-1,16.75,False,-1,True,True,0.75,0.0,-0.002,False,False,-0.243,0.002,36.232,1355,24.3,,,,,0,False,False,0.0,False,7.55,5.32,20.0,
43.5,92098,324.802,-921.297,-0.005,4.199,30.0,1355,-1,16.96,False,-1,True,True,0.75,0.0,-0.001,False,False,-0.287,0.004,36.227,1355,24.3,,,,,0,False,False,0.0,False,7.33,5.18,20.0,
43.55,92099,324.97,-921.174,-0.005,4.14,30.0,1355,-1,17.17,False,-1,True,True,0.75,0.0,-0.0,False,False,-0.275,0.003,36.223,1355,24.3,,,,,0,False,False,0.0,False,7.13,5.1,20.0,
43.6,92100,325.138,-921.051,-0.005,4.144,30.0,1355,-1,17.38,False,-1,True,True,0.75,0.0,-0.0,False,False,-0.22,0.002,36.22,1355,24.3,,,,,0,False,False,0.0,False,6.92,5.07,20.0,
43.65,92101,325.306,-920.928,-0.006,4.188,30.0,1355,-1,17.59,False,-1,True,True,0.75,0.0,-0.001,False,False,-0.142,0.001,36.217,1355,24.3,,,,,0,False,False,0.0,False,6.71,5.07,20.0,
43.7,92102,325.477,-920.802,-0.007,4.256,30.0,1355,-1,17.8,False,-1,True,True,0.75,0.0,-0.0,False,False,-0.058,0.001,36.214,1355,24.3,,,,,0,False,False,0.0,False,6.5,5.09,20.0,
43.75,92103,325.652,-920.675,-0.007,4.339,30.0,1355,-1,18.02,False,-1,True,True,0.75,0.0,-0.0,False,False,0.019,0.001,36.212,1355,24.3,,,,,0,False,False,0.0,False,6.28,5.13,20.0,
43.8,92104,325.829,-920.545,-0.008,4.43,30.0,1355,-1,18.24,False,-1,True,True,0.75,0.0,-0.0,False,False,0.084,0.0,36.21,1355,24.3,,,,,0,False,False,0.0,False,6.06,5.17,20.0,
43.85,92105,326.011,-920.412,-0.008,4.528,30.0,1355,-1,18.46,False,-1,True,True,0.75,0.0,-0.0,False,False,0.137,0.0,36.209,1355,24.3,,,,,0,False,False,0.0,False,5.84,5.22,20.0,
43.9,92106,326.196,-920.276,-0.009,4.629,30.0,1355,-1,18.69,False,-1,True,True,0.75,0.0,-0.0,False,False,0.176,0.0,36.208,1355,24.3,,,,,0,False,False,0.0,False,5.61,5.26,20.0,
43.95,92107,326.386,-920.138,-0.009,4.732,30.0,1355,-1,18.93,False,-1,True,True,0.75,0.0,-0.0,False,False,0.206,-0.0,36.207,1355,24.3,,,,,0,False,False,0.0,False,5.37,5.31,20.0,
44.0,92108,326.579,-919.996,-0.009,4.835,30.0,1355,-1,19.17,False,-1,True,True,0.75,0.0,-0.0,False,False,0.226,-0.0,36.206,1355,24.3,,,,,0,False,False,0.0,False,5.13,5.37,20.0,
44.05,92109,326.777,-919.852,-0.009,4.939,30.0,1355,-1,19.41,False,-1,True,True,0.75,0.0,-0.01,False,False,0.24,0.016,36.174,1355,28.04,,,,,0,False,False,0.0,False,8.63,5.42,20.0,
44.1,92110,326.98,-919.704,-0.009,5.043,30.0,1355,-1,19.66,False,-1,True,True,0.75,0.0,0.0,False,False,0.249,0.014,36.152,1355,28.04,,,,,0,False,False,0.0,False,8.38,5.47,20.0,
44.15,92111,327.186,-919.554,-0.009,5.153,30.0,1355,-1,19.92,False,-1,True,True,0.75,0.0,0.0,False,False,0.256,0.005,36.146,1355,28.04,,,,,0,False,False,0.0,False,8.12,5.52,20.0,
44.2,92112,327.396,-919.401,-0.009,5.205,30.0,1355,-1,20.18,False,-1,True,True,0.75,0.0,-0.001,False,False,0.254,0.003,36.139,1355,28.04,,,,,0,False,False,0.0,False,7.86,5.58,20.0,
44.25,92113,327.609,-919.245,-0.009,5.301,30.0,1355,-1,20.44,False,-1,True,True,0.75,0.0,-0.001,False,False,0.245,0.001,36.148,1355,28.04,,,,,0,False,False,0.0,False,7.6,5.6,20.0,
44.3,92114,327.82,-919.091,-0.009,5.212,30.0,1355,-1,20.7,False,-1,True,True,0.75,0.0,-0.002,False,False,0.198,0.003,36.107,1355,28.04,,,,,0,False,False,0.0,False,7.33,5.65,20.0,
44.35,92115,328.032,-918.936,-0.008,5.28,30.0,1355,-1,20.96,False,-1,True,True,0.75,0.0,0.003,False,False,0.161,-0.003,36.127,1355,28.04,,,,,0,False,False,0.0,False,7.07,5.61,20.0,
44.4,92116,328.244,-918.782,-0.008,5.224,30.0,1355,-1,21.23,False,-1,True,True,0.75,0.0,-0.002,False,False,0.129,0.0,36.09,1355,28.04,,,,,0,False,False,0.0,False,6.81,5.64,20.0,
44.45,92117,328.457,-918.626,-0.008,5.316,30.0,1355,-1,21.49,False,-1,True,True,0.75,0.0,0.003,False,False,0.119,-0.003,36.111,1355,28.04,,,,,0,False,False,0.0,False,6.55,5.61,20.0,
44.5,92118,328.669,-918.471,-0.008,5.24,30.0,1355,-1,21.75,False,-1,True,True,0.75,0.0,-0.002,False,False,0.102,0.0,36.077,1355,28.04,,,,,0,False,False,0.0,False,6.28,5.66,20.0,
44.55,92119,328.883,-918.315,-0.008,5.307,30.0,1355,-1,22.02,False,-1,True,True,0.75,0.0,0.003,False,False,0.093,-0.002,36.106,1355,28.04,,,,,0,False,False,0.0,False,6.02,5.62,20.0,
44.6,92120,329.106,-918.152,-0.009,5.68,30.0,1355,-1,22.29,False,-1,True,True,0.75,0.0,-0.002,False,False,0.179,0.003,36.057,1355,28.04,,,,,0,False,False,0.0,False,5.74,5.65,20.0,
44.65,92121,329.348,-917.975,-0.01,6.131,30.0,1355,-1,22.59,False,-1,True,True,0.0,0.3,-0.0,False,False,0.337,0.007,36.034,1355,31.77,,,,,0,False,False,0.0,False,9.18,5.84,20.0,
44.7,92122,329.6,-917.792,-0.011,6.262,30.0,1355,-1,22.91,False,-1,True,True,0.0,0.3,0.002,False,False,0.423,0.004,36.031,1355,31.77,,,,,0,False,False,0.0,False,8.87,6.07,20.0,
44.75,92123,329.856,-917.605,-0.011,6.378,30.0,1355,-1,23.22,False,-1,True,True,0.0,0.3,0.001,False,False,0.425,0.002,36.034,1355,31.77,,,,,0,False,False,0.0,False,8.55,6.13,20.0,
44.8,92124,330.111,-917.42,-0.01,6.251,30.0,1355,-1,23.54,False,-1,True,True,0.0,0.3,0.0,False,False,0.345,0.004,36.036,1355,31.77,,,,,0,False,False,0.0,False,8.24,6.19,20.0,
44.85,92125,330.362,-917.237,-0.009,6.187,30.0,1355,-1,23.85,False,-1,True,True,0.0,0.3,0.0,False,False,0.236,0.004,36.047,1355,31.77,,,,,0,False,False,0.0,False,7.93,6.13,20.0,
44.9,92126,330.605,-917.06,-0.008,5.958,30.0,1355,-1,24.15,False,-1,True,True,0.0,0.3,-0.001,False,False,0.11,0.006,36.025,1355,31.77,,,,,0,False,False,0.0,False,7.63,6.09,20.0,
44.95,92127,330.842,-916.888,-0.007,5.83,30.0,1355,-1,24.44,False,-1,True,True,0.0,0.3,0.002,False,False,0.0,0.002,36.053,1355,31.77,,,,,0,False,False,0.0,False,7.33,5.98,20.0,
45.0,92128,331.071,-916.721,-0.006,5.568,30.0,1355,-1,24.72,False,-1,True,True,0.0,0.3,-0.002,False,False,-0.098,0.005,36.028,1355,31.77,,,,,0,False,False,0.0,False,7.05,5.91,20.0,
45.05,92129,331.293,-916.56,-0.006,5.449,30.0,1355,-1,25.0,False,-1,True,True,0.0,0.081,0.002,False,False,-0.164,0.001,36.054,1355,31.77,,,,,0,False,False,0.0,False,6.78,5.78,20.0,
45.1,92130,331.507,-916.404,-0.005,5.228,30.0,1355,-1,25.26,False,-1,True,True,0.345,0.0,-0.002,False,False,-0.207,0.002,36.02,1355,31.77,,,,,0,False,False,0.0,False,6.51,5.72,20.0,
45.15,92131,331.717,-916.251,-0.005,5.157,30.0,1355,-1,25.52,False,-1,True,True,0.75,0.0,0.003,False,False,-0.219,-0.002,36.042,1355,31.77,,,,,0,False,False,0.0,False,6.25,5.61,20.0,
45.2,92132,331.922,-916.101,-0.005,5.063,30.0,1355,-1,25.78,False,-1,True,True,0.75,0.0,-0.001,False,False,-0.201,-0.0,36.017,1355,31.77,,,,,0,False,False,0.0,False,6.0,5.58,20.0,
45.25,92133,332.129,-915.951,-0.006,5.131,30.0,1355,-1,26.03,False,-1,True,True,0.75,0.0,0.002,False,False,-0.143,-0.003,36.052,1355,31.77,,,,,0,False,False,0.0,False,5.74,5.53,20.0,
45.3,92134,332.33,-915.805,-0.006,4.813,30.0,1355,-1,26.28,False,-1,True,True,0.75,0.0,-0.002,False,False,-0.142,0.001,36.028,1355,31.77,,,,,0,False,False,0.0,False,5.49,5.57,20.0,
45.35,92135,332.515,-915.67,-0.005,4.446,30.0,1355,-1,26.51,False,-1,True,True,0.75,0.0,0.002,False,False,-0.233,0.001,36.005,1355,31.77,,,,,0,False,False,0.0,False,5.26,5.41,20.0,
45.4,92136,332.688,-915.544,-0.005,4.221,30.0,1355,-1,26.73,False,-1,True,True,0.75,0.0,0.003,False,False,-0.306,-0.002,36.008,1355,31.77,,,,,0,False,False,0.0,False,5.05,5.22,20.0,
45.45,92137,332.855,-915.422,-0.005,4.109,30.0,1355,-1,26.93,False,-1,True,True,0.75,0.0,-0.002,False,False,-0.321,0.003,36.006,1355,35.51,,,,,0,False,False,0.0,False,8.58,5.11,20.0,
45.5,92138,333.021,-915.302,-0.005,4.079,30.0,1355,-1,27.14,False,-1,True,True,0.75,0.0,0.0,False,False,-0.281,0.004,36.004,1355,35.51,,,,,0,False,False,0.0,False,8.38,5.05,20.0,
45.55,92139,333.187,-915.181,-0.006,4.103,30.0,1355,-1,27.34,False,-1,True,True,0.75,0.0,0.0,False,False,-0.207,0.003,36.005,1355,35.51,,,,,0,False,False,0.0,False,8.17,5.04,20.0,
45.6,92140,333.355,-915.059,-0.006,4.158,30.0,1355,-1,27.55,False,-1,True,True,0.75,0.0,0.0,False,False,-0.12,0.002,36.007,1355,35.51,,,,,0,False,False,0.0,False,7.96,5.05,20.0,
45.65,92141,333.525,-914.935,-0.007,4.234,30.0,1355,-1,27.76,False,-1,True,True,0.75,0.0,0.0,False,False,-0.033,0.002,36.008,1355,35.51,,,,,0,False,False,0.0,False,7.75,5.08,20.0,
45.7,92142,333.699,-914.809,-0.008,4.321,30.0,1355,-1,27.98,False,-1,True,True,0.75,0.0,0.0,False,False,0.043,0.001,36.008,1355,35.51,,,,,0,False,False,0.0,False,7.54,5.12,20.0,
45.75,92143,333.877,-914.68,-0.008,4.417,30.0,1355,-1,28.19,False,-1,True,True,0.75,0.0,0.0,False,False,0.105,0.001,36.009,1355,35.51,,,,,0,False,False,0.0,False,7.32,5.16,20.0,
45.8,92144,334.058,-914.548,-0.009,4.516,30.0,1355,-1,28.42,False,-1,True,True,0.75,0.0,0.0,False,False,0.153,0.0,36.01,1355,35.51,,,,,0,False,False,0.0,False,7.09,5.21,20.0,
45.85,92145,334.244,-914.413,-0.009,4.619,30.0,1355,-1,28.65,False,-1,True,True,0.75,0.0,0.0,False,False,0.19,0.0,36.011,1355,35.51,,,,,0,False,False,0.0,False,6.86,5.26,20.0,
45.9,92146,334.433,-914.275,-0.009,4.722,30.0,1355,-1,28.88,False,-1,True,True,0.75,0.0,0.0,False,False,0.215,0.0,36.011,1355,35.51,,,,,0,False,False,0.0,False,6.63,5.31,20.0,
45.95,92147,334.627,-914.135,-0.009,4.827,30.0,1355,-1,29.12,False,-1,True,True,0.75,0.0,0.0,False,False,0.233,0.0,36.012,1355,35.51,,,,,0,False,False,0.0,False,6.39,5.36,20.0,
46.0,92148,334.825,-913.991,-0.009,4.931,30.0,1355,-1,29.37,False,-1,True,True,0.75,0.0,0.0,False,False,0.245,0.0,36.012,1355,35.51,,,,,0,False,False,0.0,False,6.15,5.41,20.0,
46.05,92149,335.027,-913.844,-0.009,5.035,30.0,1355,-1,29.62,False,-1,True,True,0.75,0.0,0.0,False,False,0.253,0.0,36.012,1355,35.51,,,,,0,False,False,0.0,False,5.9,5.47,20.0,
46.1,92150,335.233,-913.694,-0.009,5.136,30.0,1355,-1,29.87,False,-1,True,True,0.75,0.0,-0.0,False,False,0.257,0.0,36.013,1355,35.51,,,,,0,False,False,0.0,False,5.64,5.52,20.0,
46.15,92151,335.443,-913.541,-0.009,5.274,30.0,1355,-1,30.13,False,-1,True,True,0.75,0.0,0.0,False,False,0.261,0.0,36.013,1355,35.51,,,,,0,False,False,0.0,False,5.38,5.57,20.0,
46.2,92152,335.657,-913.385,-0.009,5.3,30.0,1355,-1,30.4,False,-1,True,True,0.75,0.0,-0.002,False,False,0.256,0.004,36.004,1355,39.25,,,,,0,False,False,0.0,False,8.86,5.64,20.0,
46.25,92153,335.874,-913.228,-0.009,5.388,30.0,1355,-1,30.66,False,-1,True,True,0.75,0.0,0.0,False,False,0.243,0.002,36.016,1355,39.25,,,,,0,False,False,0.0,False,8.59,5.65,20.0,
46.3,92154,336.09,-913.071,-0.009,5.3,30.0,1355,-1,30.93,False,-1,True,True,0.655,0.0,-0.001,False,False,0.196,0.003,35.98,1355,39.25,,,,,0,False,False,0.0,False,8.32,5.69,20.0,
46.35,92155,336.305,-912.915,-0.008,5.362,30.0,1355,-1,31.2,False,-1,True,True,0.75,0.0,0.003,False,False,0.158,-0.003,36.003,1355,39.25,,,,,0,False,False,0.0,False,8.06,5.65,20.0,
46.4,92156,336.52,-912.758,-0.008,5.301,30.0,1355,-1,31.46,False,-1,True,True,0.734,0.0,-0.002,False,False,0.124,0.0,35.969,1355,39.25,,,,,0,False,False,0.0,False,7.79,5.68,20.0,
46.45,92157,336.737,-912.601,-0.008,5.393,30.0,1355,-1,31.73,False,-1,True,True,0.75,0.0,0.003,False,False,0.113,-0.003,35.993,1355,39.25,,,,,0,False,False,0.0,False,7.52,5.65,20.0,
46.5,92158,336.953,-912.444,-0.008,5.318,30.0,1355,-1,32.0,False,-1,True,True,0.613,0.0,-0.002,False,False,0.097,0.0,35.966,1355,39.25,,,,,0,False,False,0.0,False,7.25,5.7,20.0,
46.55,92159,337.17,-912.286,-0.008,5.384,30.0,1355,-1,32.27,False,-1,True,True,0.75,0.0,0.003,False,False,0.09,-0.002,35.997,1355,39.25,,,,,0,False,False,0.0,False,6.99,5.66,20.0,
46.6,92160,337.393,-912.125,-0.008,5.658,30.0,1355,-1,32.54,False,-1,True,True,0.639,0.0,-0.002,False,False,0.145,0.003,36.007,1355,39.25,,,,,0,False,False,0.0,False,6.71,5.69,20.0,
46.65,92161,337.634,-911.949,-0.01,6.105,30.0,1355,-1,32.84,False,-1,True,True,0.0,0.3,-0.001,False,False,0.297,0.005,36.017,1355,39.25,,,,,0,False,False,0.0,False,6.41,5.83,20.0,
46.7,92162,337.885,-911.767,-0.01,6.217,30.0,1355,-1,33.15,False,-1,True,True,0.0,0.3,-0.001,False,False,0.383,0.005,36.016,1355,39.25,,,,,0,False,False,0.0,False,6.1,6.05,20.0,
46.75,92163,338.14,-911.583,-0.01,6.32,30.0,1355,-1,33.46,False,-1,True,True,0.0,0.3,-0.004,False,False,0.387,0.011,35.999,1355,42.99,,,,,0,False,False,0.0,False,9.53,6.11,20.0,
46.8,92164,338.392,-911.4,-0.01,6.184,30.0,1355,-1,33.78,False,-1,True,True,0.0,0.3,0.0,False,False,0.312,0.006,35.99,1355,42.99,,,,,0,False,False,0.0,False,9.22,6.16,20.0,
46.85,92165,338.64,-911.22,-0.009,6.11,30.0,1355,-1,34.08,False,-1,True,True,0.0,0.3,-0.0,False,False,0.207,0.002,35.968,1355,42.99,,,,,0,False,False,0.0,False,8.91,6.09,20.0,
46.9,92166,338.881,-911.045,-0.008,5.879,30.0,1355,-1,34.38,False,-1,True,True,0.0,0.3,0.001,False,False,0.086,-0.003,35.992,1355,42.99,,,,,0,False,False,0.0,False,8.62,6.05,20.0,
46.95,92167,339.115,-910.875,-0.007,5.751,30.0,1355,-1,34.67,False,-1,True,True,0.0,0.3,-0.003,False,False,-0.018,-0.0,35.962,1355,42.99,,,,,0,False,False,0.0,False,8.33,5.94,20.0,
47.0,92168,339.34,-910.711,-0.006,5.489,30.0,1355,-1,34.95,False,-1,True,True,0.0,0.3,0.002,False,False,-0.111,-0.003,35.986,1355,42.99,,,,,0,False,False,0.0,False,8.05,5.88,20.0,
47.05,92169,339.559,-910.552,-0.006,5.381,30.0,1355,-1,35.22,False,-1,True,True,0.207,0.0,-0.003,False,False,-0.171,0.0,35.957,1355,42.99,,,,,0,False,False,0.0,False,7.78,5.74,20.0,
47.1,92170,339.772,-910.398,-0.005,5.179,30.0,1355,-1,35.48,False,-1,True,True,0.595,0.0,0.002,False,False,-0.205,-0.001,35.989,1355,42.99,,,,,0,False,False,0.0,False,7.51,5.69,20.0,
47.15,92171,339.98,-910.247,-0.005,5.136,30.0,1355,-1,35.74,False,-1,True,True,0.75,0.0,-0.003,False,False,-0.206,0.003,35.965,1355,42.99,,,,,0,False,False,0.0,False,7.26,5.59,20.0,
47.2,92172,340.185,-910.099,-0.005,5.031,30.0,1355,-1,35.99,False,-1,True,True,0.75,0.0,0.001,False,False,-0.186,0.001,36.005,1355,42.99,,,,,0,False,False,0.0,False,7.0,5.57,20.0,
47.25,92173,340.391,-909.95,-0.006,5.098,30.0,1355,-1,36.25,False,-1,True,True,0.75,0.0,-0.004,False,False,-0.131,0.005,35.976,1355,42.99,,,,,0,False,False,0.0,False,6.75,5.52,20.0,
47.3,92174,340.594,-909.803,-0.006,4.845,30.0,1355,-1,36.5,False,-1,True,True,0.75,0.0,0.002,False,False,-0.109,0.001,35.992,1355,42.99,,,,,0,False,False,0.0,False,6.5,5.55,20.0,
47.35,92175,340.782,-909.666,-0.006,4.544,30.0,1355,-1,36.73,False,-1,True,True,0.75,0.0,-0.002,False,False,-0.181,0.001,35.975,1355,42.99,,,,,0,False,False,0.0,False,6.27,5.42,20.0,
47.4,92176,340.96,-909.537,-0.005,4.336,30.0,1355,-1,36.95,False,-1,True,True,0.75,0.0,0.001,False,False,-0.249,-0.001,35.97,1355,42.99,,,,,0,False,False,0.0,False,6.05,5.27,20.0,
47.45,92177,341.133,-909.411,-0.005,4.236,30.0,1355,-1,37.16,False,-1,True,True,0.75,0.0,0.0,False,False,-0.266,-0.002,35.97,1355,42.99,,,,,0,False,False,0.0,False,5.83,5.17,20.0,
47.5,92178,341.303,-909.287,-0.005,4.212,30.0,1355,-1,37.37,False,-1,True,True,0.75,0.0,-0.0,False,False,-0.234,-0.002,35.97,1355,42.99,,,,,0,False,False,0.0,False,5.62,5.12,20.0,
47.55,92179,341.475,-909.163,-0.006,4.238,30.0,1355,-1,37.58,False,-1,True,True,0.75,0.0,-0.0,False,False,-0.169,-0.001,35.969,1355,42.99,,,,,0,False,False,0.0,False,5.41,5.11,20.0,
47.6,92180,341.648,-909.037,-0.007,4.295,30.0,1355,-1,37.8,False,-1,True,True,0.75,0.0,-0.0,False,False,-0.091,-0.001,35.968,1355,42.99,,,,,0,False,False,0.0,False,5.2,5.12,20.0,
47.65,92181,341.824,-908.909,-0.007,4.37,30.0,1355,-1,38.02,False,-1,True,True,0.75,0.0,-0.0,False,False,-0.013,-0.001,35.968,1355,42.99,,,,,0,False,False,0.0,False,4.98,5.15,20.0,
47.7,92182,342.004,-908.78,-0.008,4.457,30.0,1355,-1,38.24,False,-1,True,True,0.75,0.0,-0.007,False,False,0.056,0.012,35.946,1355,46.73,,,,,0,False,False,0.0,False,8.5,5.19,20.0,
47.75,92183,342.187,-908.647,-0.008,4.552,30.0,1355,-1,38.46,False,-1,True,True,0.75,0.0,0.0,False,False,0.114,0.009,35.93,1355,46.73,,,,,0,False,False,0.0,False,8.27,5.23,20.0,
47.8,92184,342.374,-908.512,-0.009,4.65,30.0,1355,-1,38.69,False,-1,True,True,0.75,0.0,-0.0,False,False,0.158,0.004,35.926,1355,46.73,,,,,0,False,False,0.0,False,8.04,5.28,20.0,
47.85,92185,342.565,-908.373,-0.009,4.752,30.0,1355,-1,38.93,False,-1,True,True,0.75,0.0,-0.001,False,False,0.192,0.002,35.923,1355,46.73,,,,,0,False,False,0.0,False,7.8,5.33,20.0,
47.9,92186,342.761,-908.232,-0.009,4.854,30.0,1355,-1,39.17,False,-1,True,True,0.75,0.0,-0.001,False,False,0.216,0.001,35.918,1355,46.73,,,,,0,False,False,0.0,False,7.56,5.38,20.0,
47.95,92187,342.96,-908.088,-0.009,4.958,30.0,1355,-1,39.42,False,-1,True,True,0.75,0.0,-0.001,False,False,0.233,0.001,35.915,1355,46.73,,,,,0,False,False,0.0,False,7.32,5.43,20.0,
48.0,92188,343.163,-907.941,-0.009,5.061,30.0,1355,-1,39.67,False,-1,True,True,0.75,0.0,-0.0,False,False,0.244,0.0,35.912,1355,46.73,,,,,0,False,False,0.0,False,7.06,5.48,20.0,
48.05,92189,343.371,-907.79,-0.009,5.171,30.0,1355,-1,39.93,False,-1,True,True,0.75,0.0,-0.0,False,False,0.253,0.0,35.909,1355,46.73,,,,,0,False,False,0.0,False,6.81,5.53,20.0,
48.1,92190,343.582,-907.637,-0.009,5.223,30.0,1355,-1,40.19,False,-1,True,True,0.75,0.0,-0.0,False,False,0.252,0.0,35.907,1355,46.73,,,,,0,False,False,0.0,False,6.55,5.59,20.0,
48.15,92191,343.798,-907.481,-0.009,5.4,30.0,1355,-1,40.45,False,-1,True,True,0.75,0.0,-0.0,False,False,0.258,0.0,35.902,1355,46.73,,,,,0,False,False,0.0,False,6.28,5.61,20.0,
48.2,92192,344.016,-907.324,-0.009,5.343,30.0,1355,-1,40.72,False,-1,True,True,0.618,0.0,0.0,False,False,0.238,-0.001,35.918,1355,46.73,,,,,0,False,False,0.0,False,6.01,5.7,20.0,
48.25,92193,344.233,-907.166,-0.009,5.386,30.0,1355,-1,40.99,False,-1,True,True,0.75,0.0,-0.002,False,False,0.197,0.002,35.891,1355,46.73,,,,,0,False,False,0.0,False,5.74,5.67,20.0,
48.3,92194,344.449,-907.01,-0.008,5.304,30.0,1355,-1,41.26,False,-1,True,True,0.653,0.0,0.002,False,False,0.149,-0.001,35.925,1355,46.73,,,,,0,False,False,0.0,False,5.48,5.69,20.0,
48.35,92195,344.665,-906.854,-0.008,5.371,30.0,1355,-1,41.52,False,-1,True,True,0.75,0.0,-0.008,False,False,0.12,0.011,35.888,1355,50.47,,,,,0,False,False,0.0,False,8.95,5.65,20.0,
48.4,92196,344.881,-906.698,-0.008,5.313,30.0,1355,-1,41.79,False,-1,True,True,0.696,0.0,0.001,False,False,0.098,0.007,35.908,1355,50.47,,,,,0,False,False,0.0,False,8.68,5.69,20.0,
48.45,92197,345.099,-906.541,-0.008,5.399,30.0,1355,-1,42.06,False,-1,True,True,0.75,0.0,-0.003,False,False,0.096,0.006,35.877,1355,50.47,,,,,0,False,False,0.0,False,8.41,5.66,20.0,
48.5,92198,345.316,-906.385,-0.008,5.324,30.0,1355,-1,42.32,False,-1,True,True,0.585,0.0,0.001,False,False,0.084,0.001,35.904,1355,50.47,,,,,0,False,False,0.0,False,8.15,5.7,20.0,
48.55,92199,345.533,-906.227,-0.008,5.391,30.0,1355,-1,42.59,False,-1,True,True,0.75,0.0,-0.003,False,False,0.081,0.003,35.871,1355,50.47,,,,,0,False,False,0.0,False,7.88,5.66,20.0,
48.6,92200,345.761,-906.063,-0.009,5.752,30.0,1355,-1,42.87,False,-1,True,True,0.611,0.0,0.002,False,False,0.169,-0.002,35.914,1355,50.47,,,,,0,False,False,0.0,False,7.6,5.7,20.0,
48.65,92201,346.006,-905.886,-0.01,6.172,30.0,1355,-1,43.18,False,-1,True,True,0.0,0.3,-0.005,False,False,0.321,0.004,35.915,1355,50.47,,,,,0,False,False,0.0,False,7.3,5.88,20.0,
48.7,92202,346.259,-905.703,-0.011,6.259,30.0,1355,-1,43.49,False,-1,True,True,0.0,0.3,-0.002,False,False,0.394,0.005,35.901,1355,50.47,,,,,0,False,False,0.0,False,6.98,6.09,20.0,
48.75,92203,346.515,-905.518,-0.01,6.342,30.0,1355,-1,43.8,False,-1,True,True,0.0,0.3,-0.0,False,False,0.384,0.001,35.892,1355,50.47,,,,,0,False,False,0.0,False,6.67,6.13,20.0,
48.8,92204,346.768,-905.336,-0.01,6.195,30.0,1355,-1,44.12,False,-1,True,True,0.0,0.3,-0.0,False,False,0.3,-0.002,35.89,1355,50.47,,,,,0,False,False,0.0,False,6.35,6.17,20.0,
48.85,92205,347.017,-905.156,-0.009,6.113,30.0,1355,-1,44.42,False,-1,True,True,0.0,0.3,-0.001,False,False,0.191,-0.002,35.868,1355,50.47,,,,,0,False,False,0.0,False,6.05,6.1,20.0,
48.9,92206,347.258,-904.982,-0.008,5.879,30.0,1355,-1,44.72,False,-1,True,True,0.0,0.3,0.002,False,False,0.07,-0.007,35.893,1355,54.21,,,,,0,False,False,0.0,False,9.49,6.06,20.0,
48.95,92207,347.492,-904.812,-0.007,5.748,30.0,1355,-1,45.01,False,-1,True,True,0.0,0.3,-0.003,False,False,-0.032,-0.003,35.865,1355,54.21,,,,,0,False,False,0.0,False,9.2,5.94,20.0,
49.0,92208,347.718,-904.649,-0.006,5.485,30.0,1355,-1,45.29,False,-1,True,True,0.0,0.3,0.002,False,False,-0.122,-0.005,35.89,1355,54.21,,,,,0,False,False,0.0,False,8.92,5.87,20.0,
49.05,92209,347.937,-904.49,-0.005,5.376,30.0,1355,-1,45.56,False,-1,True,True,0.22,0.0,-0.002,False,False,-0.18,-0.001,35.861,1355,54.21,,,,,0,False,False,0.0,False,8.65,5.74,20.0,
49.1,92210,348.149,-904.337,-0.005,5.173,30.0,1355,-1,45.82,False,-1,True,True,0.613,0.0,0.002,False,False,-0.212,-0.002,35.894,1355,54.21,,,,,0,False,False,0.0,False,8.39,5.69,20.0,
49.15,92211,348.358,-904.186,-0.005,5.131,30.0,1355,-1,46.08,False,-1,True,True,0.75,0.0,-0.003,False,False,-0.211,0.002,35.869,1355,54.21,,,,,0,False,False,0.0,False,8.13,5.59,20.0,
49.2,92212,348.564,-904.038,-0.005,5.041,30.0,1355,-1,46.33,False,-1,True,True,0.75,0.0,0.002,False,False,-0.184,0.0,35.897,1355,54.21,,,,,0,False,False,0.0,False,7.88,5.57,20.0,
49.25,92213,348.77,-903.888,-0.006,5.11,30.0,1355,-1,46.59,False,-1,True,True,0.75,0.0,-0.003,False,False,-0.127,0.003,35.863,1355,54.21,,,,,0,False,False,0.0,False,7.62,5.52,20.0,
49.3,92214,348.971,-903.743,-0.006,4.818,30.0,1355,-1,46.83,False,-1,True,True,0.75,0.0,0.003,False,False,-0.123,-0.001,35.879,1355,54.21,,,,,0,False,False,0.0,False,7.37,5.55,20.0,
49.35,92215,349.157,-903.608,-0.005,4.492,30.0,1355,-1,47.06,False,-1,True,True,0.75,0.0,-0.002,False,False,-0.203,-0.001,35.89,1355,54.21,,,,,0,False,False,0.0,False,7.15,5.41,20.0,
49.4,92216,349.334,-903.481,-0.005,4.3,30.0,1355,-1,47.28,False,-1,True,True,0.75,0.0,-0.001,False,False,-0.265,0.001,35.888,1355,54.21,,,,,0,False,False,0.0,False,6.93,5.25,20.0,
49.45,92217,349.506,-903.357,-0.005,4.213,30.0,1355,-1,47.49,False,-1,True,True,0.75,0.0,-0.0,False,False,-0.274,0.001,35.884,1355,54.21,,,,,0,False,False,0.0,False,6.72,5.15,20.0,
49.5,92218,349.676,-903.233,-0.005,4.198,30.0,1355,-1,47.7,False,-1,True,True,0.75,0.0,-0.0,False,False,-0.234,-0.0,35.882,1355,54.21,,,,,0,False,False,0.0,False,6.51,5.11,20.0,
49.55,92219,349.847,-903.11,-0.006,4.229,30.0,1355,-1,47.92,False,-1,True,True,0.75,0.0,-0.0,False,False,-0.164,-0.001,35.88,1355,54.21,,,,,0,False,False,0.0,False,6.29,5.1,20.0,
49.6,92220,350.021,-902.984,-0.007,4.289,30.0,1355,-1,48.13,False,-1,True,True,0.75,0.0,-0.0,False,False,-0.083,-0.001,35.879,1355,54.21,,,,,0,False,False,0.0,False,6.08,5.11,20.0,
49.65,92221,350.197,-902.857,-0.007,4.366,30.0,1355,-1,48.35,False,-1,True,True,0.75,0.0,-0.0,False,False,-0.005,-0.001,35.878,1355,54.21,,,,,0,False,False,0.0,False,5.86,5.14,20.0,
49.7,92222,350.376,-902.727,-0.008,4.455,30.0,1355,-1,48.57,False,-1,True,True,0.75,0.0,-0.0,False,False,0.064,-0.0,35.876,1355,54.21,,,,,0,False,False,0.0,False,5.64,5.18,20.0,
49.75,92223,350.56,-902.595,-0.008,4.55,30.0,1355,-1,48.79,False,-1,True,True,0.75,0.0,-0.0,False,False,0.12,-0.0,35.875,1355,54.21,,,,,0,False,False,0.0,False,5.41,5.23,20.0,
49.8,92224,350.747,-902.459,-0.009,4.649,30.0,1355,-1,49.03,False,-1,True,True,0.75,0.0,-0.0,False,False,0.163,-0.0,35.874,1355,54.21,,,,,0,False,False,0.0,False,5.18,5.27,20.0,
49.85,92225,350.935,-902.318,-0.009,4.741,30.0,1355,-1,49.26,False,-1,True,True,0.75,0.0,0.079,False,False,0.193,-0.117,36.084,1446,1.74,,,,,0,False,False,0.0,False,8.27,5.32,20.0,
49.9,92226,351.127,-902.173,-0.009,4.845,30.0,1355,-1,49.5,False,-1,True,True,0.75,0.0,0.003,False,False,0.215,-0.116,36.275,1446,1.74,,,,,0,False,False,0.0,False,8.03,5.37,20.0,
49.95,92227,351.324,-902.028,-0.009,4.949,30.0,1355,-1,49.75,False,-1,True,True,0.75,0.0,-0.002,False,False,0.232,-0.054,36.328,1446,1.74,,,,,0,False,False,0.0,False,7.79,5.42,20.0,
50.0,92228,351.526,-901.878,-0.009,5.054,30.0,1355,-1,50.0,False,-1,True,True,0.75,0.0,0.007,False,False,0.244,-0.023,36.362,1446,1.74,,,,,0,False,False,0.0,False,7.54,5.47,20.0,
50.05,92229,351.731,-901.726,-0.009,5.166,30.0,1355,-1,50.25,False,-1,True,True,0.75,0.0,0.007,False,False,0.253,-0.014,36.404,1446,1.74,,,,,0,False,False,0.0,False,7.28,5.53,20.0,
50.1,92230,351.94,-901.57,-0.009,5.211,30.0,1355,-1,50.51,False,-1,True,True,0.75,0.0,0.005,False,False,0.252,-0.008,36.434,1446,1.74,,,,,0,False,False,0.0,False,7.02,5.58,20.0,
50.15,92231,352.151,-901.414,-0.009,5.272,30.0,1355,-1,50.78,False,-1,True,True,0.75,0.0,0.004,False,False,0.231,-0.005,36.486,1446,1.74,,,,,0,False,False,0.0,False,6.76,5.61,20.0,
50.2,92232,352.36,-901.259,-0.009,5.187,30.0,1355,-1,51.04,False,-1,True,True,0.75,0.0,0.002,False,False,0.183,0.001,36.477,1446,1.74,,,,,0,False,False,0.0,False,6.5,5.64,20.0,
50.25,92233,352.57,-901.103,-0.008,5.26,30.0,1355,-1,51.3,False,-1,True,True,0.75,0.0,0.006,False,False,0.15,-0.003,36.523,1446,1.74,,,,,0,False,False,0.0,False,6.24,5.59,20.0,
50.3,92234,352.779,-900.947,-0.008,5.208,30.0,1355,-1,51.56,False,-1,True,True,0.75,0.0,0.001,False,False,0.123,0.001,36.509,1446,1.74,,,,,0,False,False,0.0,False,5.98,5.63,20.0,
50.35,92235,352.991,-900.79,-0.008,5.292,30.0,1355,-1,51.82,False,-1,True,True,0.75,0.0,0.005,False,False,0.115,-0.002,36.552,1446,1.74,,,,,0,False,False,0.0,False,5.71,5.6,20.0,
50.4,92236,353.201,-900.634,-0.008,5.219,30.0,1355,-1,52.08,False,-1,True,True,0.75,0.0,-0.0,False,False,0.098,0.001,36.538,1446,1.74,,,,,0,False,False,0.0,False,5.45,5.65,20.0,
50.45,92237,353.41,-900.473,-0.008,5.32,30.0,1355,-1,52.35,False,-1,True,True,0.75,0.0,0.1,False,False,0.092,-0.127,36.775,1446,5.21,,,,,0,False,False,0.0,False,7.79,5.61,20.0,
50.5,92238,353.624,-900.295,-0.009,5.699,30.0,1355,-1,52.63,False,-1,True,True,0.75,0.0,0.2,False,False,0.194,-0.429,37.52,1446,5.21,,,,,0,False,False,0.0,False,7.51,5.66,20.0,
50.55,92239,353.848,-900.098,-0.01,6.126,30.0,1355,-1,52.92,False,-1,True,True,0.0,0.3,0.172,False,False,0.339,-0.673,38.658,1446,5.21,,,,,0,False,False,0.0,False,7.21,5.85,20.0,
50.6,92240,354.08,-899.89,-0.011,6.253,30.0,1355,-1,53.23,False,-1,True,True,0.0,0.3,0.106,False,False,0.417,-0.667,39.747,1446,5.21,,,,,0,False,False,0.0,False,6.9,6.06,20.0,
50.65,92241,354.315,-899.679,-0.011,6.366,30.0,1355,-1,53.55,False,-1,True,True,0.0,0.3,0.075,False,False,0.414,-0.532,40.597,1446,5.21,,,,,0,False,False,0.0,False,6.59,6.13,20.0,
50.7,92242,354.546,-899.467,-0.01,6.226,30.0,1355,-1,53.86,False,-1,True,True,0.0,0.3,0.066,False,False,0.332,-0.406,41.284,1446,5.21,,,,,0,False,False,0.0,False,6.27,6.18,20.0,
50.75,92243,354.772,-899.258,-0.009,6.15,30.0,1355,-1,54.16,False,-1,True,True,0.0,0.3,0.056,False,False,0.217,-0.309,41.814,1446,5.21,,,,,0,False,False,0.0,False,5.97,6.11,20.0,
50.8,92244,354.988,-899.051,-0.008,5.909,30.0,1355,-1,54.46,False,-1,True,True,0.0,0.3,0.156,False,False,0.088,-0.356,42.483,1446,8.69,,,,,0,False,False,0.0,False,8.0,6.08,20.0,
50.85,92245,355.188,-898.843,-0.007,5.744,30.0,1355,-1,54.74,False,-1,True,True,0.0,0.3,0.256,False,False,-0.033,-0.568,43.491,1446,8.69,,,,,0,False,False,0.0,False,7.71,5.95,20.0,
50.9,92246,355.37,-898.636,-0.006,5.427,30.0,1449,-1,0.0,True,42,True,False,0.0,0.3,0.356,False,False,-0.155,-0.843,45.009,1446,8.69,,,,,0,False,False,0.0,False,7.44,5.87,20.0,
50.95,92247,355.534,-898.429,-0.005,5.283,30.0,1449,-1,0.0,True,42,True,False,0.43,0.0,0.342,False,False,-0.243,-1.037,46.83,1446,8.69,,,,,0,False,False,0.0,False,7.18,5.71,20.0,
51.0,92248,355.688,-898.225,-0.005,5.091,30.0,1449,-1,0.0,True,42,True,False,0.75,0.0,0.261,False,False,-0.28,-1.015,48.677,1446,8.69,,,,,1,True,False,0.0,False,6.92,5.64,20.0,
51.05,92249,355.837,-898.022,-0.005,5.059,30.0,1449,-1,0.16,True,42,True,False,0.75,0.0,0.199,False,False,-0.268,-0.856,50.245,1446,8.69,,,,,1,True,False,0.0,False,6.67,5.55,20.0,
51.1,92250,355.967,-897.793,0.008,5.059,30.0,1355,-1,55.99,False,-1,True,True,0.75,0.0,0.169,False,False,0.659,-3.58,51.457,1446,8.69,,,,,1,True,False,0.0,False,6.41,5.53,20.0,
51.15,92251,356.108,-897.577,0.023,5.05,30.0,1446,-1,0.19,True,42,True,True,0.75,0.0,0.131,False,False,1.42,-4.63,52.484,1446,8.69,1446,0.25,0.747,0.318,1,True,False,0.0,False,6.15,5.53,20.0,
51.2,92252,356.248,-897.373,0.031,4.773,30.0,1446,-1,0.42,True,42,True,True,0.75,0.0,0.121,False,False,1.717,-4.838,53.345,1446,8.69,1446,0.5,0.822,0.358,1,True,False,0.0,False,5.9,5.53,20.0,
51.25,92253,356.376,-897.183,0.035,4.471,30.0,1446,-1,0.64,True,42,True,True,0.75,0.0,0.11,False,False,1.75,-4.854,54.037,1446,8.69,1446,0.75,0.887,0.384,1,True,False,0.0,False,5.68,5.39,20.0,
51.3,92254,356.494,-897.002,0.037,4.297,30.0,1446,-1,1.09,True,42,True,True,0.75,0.0,0.1,False,False,1.719,-4.825,54.617,1446,8.69,1446,1.0,0.951,0.394,1,True,False,0.0,False,5.46,5.24,20.0,
51.35,92255,356.609,-896.824,0.038,4.223,30.0,1446,-1,1.3,True,42,True,True,0.75,0.0,0.087,False,False,1.698,-4.777,55.12,1446,8.69,1446,1.25,1.006,0.392,1,True,False,0.0,False,5.25,5.15,20.0,
51.4,92256,356.721,-896.646,0.037,4.218,30.0,1446,-1,1.5,True,42,True,True,0.75,0.0,0.075,False,False,1.704,-4.721,55.557,1446,8.69,1446,1.5,1.059,0.38,1,True,False,0.0,False,5.04,5.11,20.0,
51.45,92257,356.83,-896.465,0.035,4.242,30.0,1446,-1,1.71,True,42,True,True,0.75,0.0,0.175,False,False,1.73,-4.774,56.138,1446,12.17,1446,2.0,1.108,0.366,1,True,False,0.0,False,7.3,5.11,20.0,
51.5,92258,356.93,-896.279,0.034,4.272,30.0,1446,-1,2.22,True,42,True,True,0.75,0.0,0.275,False,False,1.758,-4.963,57.126,1446,12.17,1446,2.25,1.156,0.363,1,True,False,0.0,False,7.09,5.12,20.0,
51.55,92259,357.015,-896.087,0.039,4.327,30.0,1446,-1,2.42,True,42,True,True,0.75,0.0,0.375,False,False,1.475,-5.624,58.582,1446,12.17,1446,2.5,1.211,0.381,1,True,False,0.0,False,6.88,5.14,20.0,
51.6,92260,357.086,-895.893,0.059,4.375,30.0,1446,-1,2.61,True,42,True,True,0.75,0.0,0.475,False,False,0.493,-6.97,60.479,1446,12.17,1446,2.75,1.258,0.417,1,True,False,0.0,False,6.68,5.16,20.0,
51.65,92261,357.157,-895.693,0.069,4.456,30.0,1446,-1,3.19,True,42,True,True,0.75,0.0,0.413,False,False,0.064,-7.511,62.644,1446,12.17,1446,3.25,1.313,0.458,2,True,False,0.0,False,6.47,5.19,20.0,
51.7,92262,357.226,-895.484,0.073,4.572,30.0,1446,-1,3.4,True,42,True,True,0.75,0.0,0.326,False,False,-0.073,-7.617,64.66,1446,12.17,1446,3.5,1.375,0.483,2,True,False,0.0,False,6.25,5.23,20.0,
51.75,92263,357.293,-895.267,0.073,4.689,30.0,1446,-1,3.62,True,42,True,True,0.75,0.0,0.272,False,False,-0.071,-7.503,66.382,1446,12.17,1446,4.0,1.431,0.492,2,True,False,0.0,False,6.02,5.29,20.0,
51.8,92264,357.359,-895.042,0.073,4.802,30.0,1446,-1,4.27,True,42,True,True,0.75,0.0,0.237,False,False,-0.018,-7.326,67.885,1446,12.17,1446,4.25,1.48,0.486,2,True,False,0.0,False,5.79,5.34,20.0,
51.85,92265,357.424,-894.81,0.072,4.913,30.0,1446,-1,4.51,True,42,True,True,0.75,0.0,0.204,False,False,0.048,-7.143,69.214,1446,12.17,1446,4.75,1.522,0.466,2,True,False,0.0,False,5.55,5.4,20.0,
51.9,92266,357.488,-894.571,0.07,5.024,30.0,1446,-1,5.2,True,42,True,True,0.75,0.0,0.173,False,False,0.108,-6.976,70.385,1446,12.17,1446,5.25,1.554,0.43,2,True,False,0.0,False,5.3,5.46,20.0,
51.95,92267,357.547,-894.327,0.07,5.111,30.0,1446,-1,5.46,True,42,True,True,0.75,0.0,0.273,False,False,0.149,-6.975,71.666,1172,1.98,1446,5.5,1.573,0.466,2,True,False,0.0,False,8.2,5.51,20.0,
52.0,92268,357.593,-894.078,0.069,5.153,30.0,1446,-1,6.15,True,42,False,True,0.75,0.0,0.373,False,False,0.155,-7.175,73.399,1172,1.98,1446,6.0,1.588,0.537,2,True,False,0.0,True,7.95,5.56,20.0,
52.05,92269,357.625,-893.83,0.069,5.108,30.0,1446,-1,6.4,True,42,False,True,0.75,0.0,0.473,False,False,0.115,-7.407,75.559,1172,1.98,1446,6.5,1.602,0.595,2,True,False,0.0,False,7.71,5.58,20.0,
52.1,92270,357.642,-893.579,0.069,5.202,30.0,1446,-1,6.65,True,42,False,True,0.75,0.0,0.457,False,False,0.087,-7.653,78.051,1172,1.98,1446,7.0,1.618,0.645,2,True,False,0.0,False,7.46,5.55,20.0,
52.15,92271,357.649,-893.322,0.069,5.367,30.0,1446,-1,7.33,True,42,False,True,0.75,0.0,0.357,False,False,0.106,-7.677,80.494,1172,1.98,1446,7.5,1.634,0.698,2,True,False,0.0,False,7.2,5.6,20.0,
52.2,92272,357.654,-893.058,0.068,5.391,30.0,1446,-1,7.6,True,42,False,True,0.731,0.0,0.271,False,False,0.132,-7.476,82.612,1172,1.98,1446,7.75,1.642,0.754,2,True,False,0.0,False,6.94,5.68,20.0,
52.25,92273,357.657,-892.791,0.068,5.457,30.0,1446,-1,8.25,True,42,False,True,0.634,0.0,0.226,False,False,0.14,-7.227,84.426,1172,1.98,1446,8.25,1.64,0.808,2,True,False,0.0,False,6.67,5.7,20.0,
52.3,92274,357.656,-892.523,0.068,5.39,30.0,1446,-1,8.51,True,42,False,True,0.392,0.0,0.191,False,False,0.118,-7.019,85.92,1172,1.98,1446,8.5,1.629,0.859,2,True,False,0.0,False,6.41,5.73,20.0,
52.35,92275,357.653,-892.255,0.068,5.437,30.0,1446,-1,9.11,True,42,False,True,0.626,0.0,0.165,False,False,0.104,-6.868,87.245,1172,1.98,1446,9.0,1.609,0.901,2,True,False,0.0,True,6.14,5.7,20.0,
52.4,92276,357.647,-891.988,0.068,5.352,30.0,1446,-1,9.37,True,42,True,True,0.455,0.0,0.135,False,False,0.077,-6.748,88.322,1172,1.98,1446,9.5,1.583,0.935,2,True,False,0.0,False,5.87,5.72,20.0,
52.45,92277,357.639,-891.721,0.069,5.392,30.0,1446,-1,9.64,True,42,True,True,0.75,0.0,0.117,False,False,0.066,-6.662,89.283,1172,1.98,1446,9.75,1.551,0.957,2,True,False,0.0,False,5.6,5.68,20.0,
52.5,92278,357.624,-891.457,0.069,5.292,30.0,1446,-1,10.18,True,42,True,True,0.611,0.0,0.217,False,False,0.04,-6.72,90.251,1172,5.95,1446,10.0,1.513,0.966,2,True,False,0.0,False,9.16,5.7,20.0,
52.55,92279,357.599,-891.195,0.069,5.315,30.0,1446,-1,10.44,True,42,True,True,0.75,0.0,0.317,False,False,0.019,-6.951,91.617,1172,5.95,1446,10.5,1.477,0.957,2,True,False,0.0,False,8.9,5.65,20.0,
52.6,92280,357.562,-890.938,0.07,5.231,30.0,1446,-1,10.69,True,42,True,True,0.75,0.0,0.305,False,False,-0.009,-7.161,93.245,1172,5.95,1446,10.75,1.449,0.939,2,True,False,0.0,False,8.64,5.66,20.0,
52.65,92281,357.52,-890.681,0.069,5.324,30.0,1446,-1,11.18,True,42,True,True,0.75,0.0,0.231,False,False,0.003,-7.19,94.901,1172,5.95,1446,11.25,1.42,0.913,2,True,False,0.0,False,8.38,5.62,20.0,
52.7,92282,357.475,-890.423,0.069,5.258,30.0,1446,-1,11.44,True,42,True,True,0.75,0.0,0.175,False,False,0.011,-7.073,96.276,1172,5.95,1446,11.5,1.392,0.89,2,True,False,0.0,False,8.12,5.66,20.0,
52.75,92283,357.427,-890.165,0.069,5.326,30.0,1446,-1,11.7,True,42,True,True,0.75,0.0,0.15,False,False,0.031,-6.939,97.477,1172,5.95,1446,11.75,1.359,0.866,2,True,False,0.0,False,7.85,5.63,20.0,
52.8,92284,357.375,-889.899,0.068,5.611,30.0,1446,-1,12.17,True,42,True,True,0.75,0.0,0.123,False,False,0.106,-6.844,98.498,1172,5.95,1446,12.25,1.324,0.845,1,True,False,0.0,False,7.58,5.66,20.0,
52.85,92285,357.315,-889.609,0.067,6.081,30.0,1446,-1,12.46,True,42,True,True,0.0,0.183,0.102,False,False,0.276,-6.785,99.429,1172,5.95,1446,12.5,1.283,0.818,1,True,False,0.0,False,7.29,5.81,20.0,
52.9,92286,357.25,-889.307,0.066,6.231,30.0,1446,-1,12.77,True,42,True,True,0.0,0.3,0.078,False,False,0.385,-6.71,100.221,1172,5.95,1446,12.75,1.235,0.786,1,True,False,0.0,False,6.98,6.04,20.0,
52.95,92287,357.183,-888.999,0.066,6.359,30.0,1446,-1,13.22,True,42,True,True,0.0,0.3,0.063,False,False,0.405,-6.632,100.865,1172,5.95,1446,13.25,1.183,0.751,2,True,False,0.0,False,6.66,6.12,20.0,
53.0,92288,357.116,-888.693,0.066,6.228,30.0,1446,-1,13.53,True,42,True,True,0.0,0.3,0.052,False,False,0.339,-6.569,101.405,1172,5.95,1446,13.5,1.123,0.713,1,True,False,0.0,False,6.35,6.18,20.0,
53.05,92289,357.051,-888.391,0.064,6.234,30.0,1172,-1,0.02,False,-1,True,True,0.0,0.3,0.042,False,False,0.101,-6.077,101.773,1172,5.95,,,,,1,True,False,0.0,False,6.04,6.11,20.0,
53.1,92290,356.988,-888.094,0.057,6.138,30.0,1445,-1,9.89,True,42,True,False,0.0,0.3,0.142,False,False,-0.464,-4.887,102.181,1172,9.92,,,,,1,True,False,0.0,False,9.66,6.12,20.0,
53.15,92291,356.92,-887.806,0.044,6.025,30.0,1445,-1,9.89,True,42,True,False,0.0,0.3,0.191,False,False,-1.25,-3.398,102.785,1172,9.92,,,,,1,True,False,0.0,False,9.37,6.07,20.0,
53.2,92292,356.838,-887.533,0.035,5.711,30.0,1445,-1,9.89,True,42,True,False,0.0,0.3,0.159,False,False,-1.816,-2.741,103.739,1172,9.92,,,,,1,True,False,0.0,False,9.08,6.01,20.0,
53.25,92293,356.757,-887.269,0.031,5.52,30.0,1445,-1,9.8,True,42,True,False,0.0,0.3,0.097,False,False,-2.084,-2.388,104.637,1172,9.92,,,,,1,True,False,0.0,False,8.81,5.86,20.0,
53.3,92294,356.678,-887.015,0.029,5.252,30.0,1172,-1,1.43,False,-1,True,True,0.088,0.0,0.07,False,False,-2.198,-2.141,105.277,1172,9.92,,,,,1,True,False,0.0,False,8.54,5.76,20.0,
53.35,92295,356.601,-886.768,0.029,5.157,30.0,1172,-1,1.69,False,-1,True,True,0.75,0.0,0.068,False,False,-2.215,-2.006,105.822,1172,9.92,,,,,1,True,False,0.0,False,8.28,5.63,20.0,
53.4,92296,356.524,-886.527,0.029,5.025,30.0,1172,-1,1.94,False,-1,True,True,0.75,0.0,0.057,False,False,-2.179,-1.944,106.219,1172,9.92,,,,,1,True,False,0.0,False,8.03,5.58,20.0,
53.45,92297,356.447,-886.285,0.03,5.099,30.0,1172,-1,2.19,False,-1,True,True,0.75,0.0,0.054,False,False,-2.08,-1.921,106.618,1172,9.92,,,,,1,True,False,0.0,False,7.78,5.51,20.0,
53.5,92298,356.37,-886.047,0.03,4.873,30.0,1172,-1,2.44,False,-1,True,True,0.75,0.0,0.041,False,False,-2.015,-1.903,106.922,1172,9.92,,,,,1,True,False,0.0,False,7.53,5.55,20.0,
53.55,92299,356.299,-885.828,0.032,4.451,30.0,1172,-1,2.67,False,-1,True,True,0.75,0.0,0.037,False,False,-2.088,-1.877,107.255,1172,9.92,,,,,1,True,False,0.0,False,7.3,5.44,20.0,
53.6,92300,356.234,-885.625,0.033,4.174,30.0,1172,-1,2.88,False,-1,True,True,0.75,0.0,0.025,False,False,-2.154,-1.831,107.461,1172,9.92,,,,,1,True,False,0.0,False,7.08,5.23,20.0,
53.65,92301,356.172,-885.429,0.027,4.013,30.0,1172,-1,3.08,False,-1,True,True,0.75,0.0,0.027,False,False,-1.863,-1.456,107.637,1172,9.92,,,,,1,True,False,0.0,False,6.88,5.09,20.0,
53.7,92302,356.11,-885.236,0.016,3.941,30.0,1172,-1,3.28,False,-1,True,True,0.75,0.0,0.025,False,False,-1.293,-0.91,107.8,1172,9.92,,,,,1,True,False,0.0,False,6.67,5.01,20.0,
53.75,92303,356.046,-885.046,0.007,3.943,30.0,1172,-1,3.48,False,-1,True,True,0.75,0.0,0.02,False,False,-0.838,-0.572,107.919,1172,9.92,,,,,1,True,False,0.0,False,6.47,4.97,20.0,
53.8,92304,355.981,-884.855,0.001,3.992,30.0,1172,-1,3.68,False,-1,True,True,0.75,0.0,0.018,False,False,-0.503,-0.353,108.02,1172,9.92,,,,,1,True,False,0.0,False,6.27,4.97,20.0,
53.85,92305,355.915,-884.662,-0.003,4.068,30.0,1172,-1,3.89,False,-1,True,True,0.75,0.0,0.015,False,False,-0.258,-0.21,108.108,1172,9.92,,,,,1,True,False,0.0,False,6.07,5.0,20.0,
53.9,92306,355.849,-884.465,-0.006,4.159,30.0,1172,-1,4.09,False,-1,True,True,0.75,0.0,0.013,False,False,-0.082,-0.118,108.185,1172,9.92,,,,,1,True,False,0.0,False,5.86,5.03,20.0,
53.95,92307,355.781,-884.264,-0.008,4.258,30.0,1172,-1,4.3,False,-1,True,True,0.75,0.0,0.011,False,False,0.041,-0.062,108.252,1172,9.92,,,,,1,True,False,0.0,False,5.65,5.08,20.0,
54.0,92308,355.712,-884.059,-0.009,4.362,30.0,1172,-1,4.52,False,-1,True,True,0.75,0.0,0.009,False,False,0.125,-0.029,108.311,1172,9.92,,,,,0,False,False,0.0,False,5.43,5.13,20.0,
54.05,92309,355.641,-883.849,-0.009,4.468,30.0,1172,-1,4.74,False,-1,True,True,0.75,0.0,0.008,False,False,0.181,-0.01,108.362,1172,9.92,,,,,0,False,False,0.0,False,5.21,5.18,20.0,
54.1,92310,355.565,-883.636,-0.01,4.563,30.0,1172,-1,4.97,False,-1,True,True,0.75,0.0,0.108,False,False,0.214,-0.109,108.592,1172,13.89,,,,,0,False,False,0.0,False,8.94,5.23,20.0,
54.15,92311,355.483,-883.419,-0.01,4.67,30.0,1172,-1,5.2,False,-1,True,True,0.75,0.0,0.078,False,False,0.233,-0.214,109.011,1172,13.89,,,,,0,False,False,0.0,False,8.71,5.28,20.0,
54.2,92312,355.399,-883.198,-0.01,4.778,30.0,1172,-1,5.43,False,-1,True,True,0.75,0.0,0.049,False,False,0.247,-0.214,109.38,1172,13.89,,,,,0,False,False,0.0,False,8.47,5.33,20.0,
54.25,92313,355.313,-882.971,-0.01,4.886,30.0,1172,-1,5.67,False,-1,True,True,0.75,0.0,0.041,False,False,0.256,-0.175,109.678,1172,13.89,,,,,0,False,False,0.0,False,8.23,5.39,20.0,
54.3,92314,355.225,-882.74,-0.01,4.992,30.0,1172,-1,5.92,False,-1,True,True,0.75,0.0,0.036,False,False,0.261,-0.136,109.933,1172,13.89,,,,,0,False,False,0.0,False,7.98,5.44,20.0,
54.35,92315,355.135,-882.504,-0.009,5.097,30.0,1172,-1,6.17,False,-1,True,True,0.75,0.0,0.031,False,False,0.264,-0.1,110.156,1172,13.89,,,,,0,False,False,0.0,False,7.73,5.5,20.0,
54.4,92316,355.042,-882.263,-0.009,5.227,30.0,1172,-1,6.43,False,-1,True,True,0.75,0.0,0.026,False,False,0.267,-0.072,110.347,1172,13.89,,,,,0,False,False,0.0,False,7.47,5.55,20.0,
54.45,92317,354.948,-882.018,-0.009,5.261,30.0,1172,-1,6.69,False,-1,True,True,0.75,0.0,0.022,False,False,0.26,-0.051,110.519,1172,13.89,,,,,0,False,False,0.0,False,7.21,5.61,20.0,
54.5,92318,354.851,-881.769,-0.009,5.364,30.0,1172,-1,6.96,False,-1,True,True,0.75,0.0,0.018,False,False,0.25,-0.033,110.65,1172,13.89,,,,,0,False,False,0.0,False,6.94,5.63,20.0,
54.55,92319,354.756,-881.522,-0.009,5.276,30.0,1172,-1,7.22,False,-1,True,True,0.745,0.0,0.016,False,False,0.204,-0.024,110.809,1172,13.89,,,,,0,False,False,0.0,False,6.68,5.68,20.0,
54.6,92320,354.66,-881.274,-0.008,5.345,30.0,1172,-1,7.49,False,-1,True,True,0.75,0.0,0.009,False,False,0.166,-0.011,110.889,1172,13.89,,,,,0,False,False,0.0,False,6.41,5.64,20.0,
54.65,92321,354.564,-881.027,-0.008,5.29,30.0,1172,-1,7.75,False,-1,True,True,0.75,0.0,0.012,False,False,0.133,-0.009,111.011,1172,13.89,,,,,0,False,False,0.0,False,6.15,5.67,20.0,
54.7,92322,354.468,-880.778,-0.008,5.371,30.0,1172,-1,8.02,False,-1,True,True,0.75,0.0,0.005,False,False,0.121,-0.003,111.058,1172,13.89,,,,,0,False,False,0.0,False,5.88,5.64,20.0,
54.75,92323,354.371,-880.53,-0.008,5.298,30.0,1172,-1,8.29,False,-1,True,True,0.694,0.0,0.009,False,False,0.101,-0.005,111.145,1172,13.89,,,,,0,False,False,0.0,False,5.61,5.69,20.0,
54.8,92324,354.271,-880.283,-0.008,5.399,30.0,1172,-1,8.55,False,-1,True,True,0.75,0.0,0.109,False,False,0.094,-0.119,111.35,1172,17.86,,,,,0,False,False,0.0,False,9.31,5.65,20.0,
54.85,92325,354.161,-880.021,-0.009,5.81,30.0,1172,-1,8.84,False,-1,True,True,0.586,0.0,0.034,False,False,0.205,-0.185,111.68,1172,17.86,,,,,0,False,False,0.0,False,9.03,5.7,20.0,
54.9,92326,354.045,-879.739,-0.01,6.213,30.0,1172,-1,9.14,False,-1,True,True,0.0,0.3,0.014,False,False,0.353,-0.139,111.913,1172,17.86,,,,,0,False,False,0.0,False,8.72,5.91,20.0,
54.95,92327,353.925,-879.449,-0.011,6.285,30.0,1172,-1,9.45,False,-1,True,True,0.0,0.3,0.013,False,False,0.413,-0.091,112.076,1172,17.86,,,,,0,False,False,0.0,False,8.41,6.11,20.0,
55.0,92328,353.804,-879.156,-0.011,6.355,30.0,1172,-1,9.77,False,-1,True,True,0.0,0.3,0.013,False,False,0.391,-0.063,112.205,1172,17.86,,,,,0,False,False,0.0,False,8.09,6.14,20.0,
55.05,92329,353.685,-878.868,-0.01,6.192,30.0,1172,-1,10.08,False,-1,True,True,0.0,0.3,0.012,False,False,0.296,-0.047,112.33,1172,17.86,,,,,0,False,False,0.0,False,7.78,6.18,20.0,
55.1,92330,353.567,-878.585,-0.009,6.102,30.0,1172,-1,10.39,False,-1,True,True,0.0,0.3,0.008,False,False,0.18,-0.033,112.394,1172,17.86,,,,,0,False,False,0.0,False,7.47,6.1,20.0,
55.15,92331,353.453,-878.311,-0.008,5.867,30.0,1172,-1,10.69,False,-1,True,True,0.0,0.3,0.01,False,False,0.058,-0.027,112.496,1172,17.86,,,,,0,False,False,0.0,False,7.18,6.05,20.0,
55.2,92332,353.342,-878.045,-0.007,5.738,30.0,1172,-1,10.97,False,-1,True,True,0.0,0.3,0.004,False,False,-0.042,-0.017,112.53,1172,17.86,,,,,0,False,False,0.0,False,6.89,5.93,20.0,
55.25,92333,353.234,-877.788,-0.006,5.474,30.0,1172,-1,11.25,False,-1,True,True,0.0,0.3,0.008,False,False,-0.13,-0.015,112.608,1172,17.86,,,,,0,False,False,0.0,False,6.61,5.87,20.0,
55.3,92334,353.13,-877.54,-0.005,5.366,30.0,1172,-1,11.52,False,-1,True,True,0.259,0.0,0.002,False,False,-0.185,-0.008,112.621,1172,17.86,,,,,0,False,False,0.0,False,6.34,5.74,20.0,
55.35,92335,353.029,-877.298,-0.005,5.165,30.0,1172,-1,11.78,False,-1,True,True,0.649,0.0,0.006,False,False,-0.215,-0.007,112.689,1172,17.86,,,,,0,False,False,0.0,False,6.08,5.68,20.0,
55.4,92336,352.93,-877.061,-0.005,5.126,30.0,1172,-1,12.04,False,-1,True,True,0.75,0.0,0.0,False,False,-0.211,-0.001,112.692,1172,17.86,,,,,0,False,False,0.0,False,5.82,5.58,20.0,
55.45,92337,352.831,-876.826,-0.005,5.053,30.0,1172,-1,12.29,False,-1,True,True,0.75,0.0,0.004,False,False,-0.177,-0.003,112.757,1172,17.86,,,,,0,False,False,0.0,False,5.57,5.56,20.0,
55.5,92338,352.732,-876.591,-0.006,5.122,30.0,1172,-1,12.55,False,-1,True,True,0.75,0.0,-0.002,False,False,-0.119,0.002,112.746,1172,17.86,,,,,0,False,False,0.0,False,5.31,5.53,20.0,
55.55,92339,352.635,-876.367,-0.006,4.74,30.0,1172,-1,12.79,False,-1,True,True,0.75,0.0,0.082,False,False,-0.144,-0.093,112.927,1172,21.83,,,,,0,False,False,0.0,False,9.04,5.56,20.0,
55.6,92340,352.544,-876.159,-0.005,4.44,30.0,1172,-1,13.02,False,-1,True,True,0.75,0.0,0.01,False,False,-0.227,-0.1,113.092,1172,21.83,,,,,0,False,False,0.0,False,8.81,5.37,20.0,
55.65,92341,352.458,-875.961,-0.005,4.269,30.0,1172,-1,13.24,False,-1,True,True,0.75,0.0,0.005,False,False,-0.279,-0.056,113.161,1172,21.83,,,,,0,False,False,0.0,False,8.59,5.22,20.0,
55.7,92342,352.374,-875.768,-0.005,4.197,30.0,1172,-1,13.45,False,-1,True,True,0.75,0.0,0.01,False,False,-0.276,-0.032,113.212,1172,21.83,,,,,0,False,False,0.0,False,8.38,5.13,20.0,
55.75,92343,352.29,-875.575,-0.005,4.192,30.0,1172,-1,13.66,False,-1,True,True,0.75,0.0,0.009,False,False,-0.228,-0.021,113.263,1172,21.83,,,,,0,False,False,0.0,False,8.17,5.1,20.0,
55.8,92344,352.206,-875.381,-0.006,4.23,30.0,1172,-1,13.87,False,-1,True,True,0.75,0.0,0.008,False,False,-0.153,-0.014,113.309,1172,21.83,,,,,0,False,False,0.0,False,7.96,5.1,20.0,
55.85,92345,352.12,-875.185,-0.007,4.294,30.0,1172,-1,14.08,False,-1,True,True,0.75,0.0,0.006,False,False,-0.071,-0.008,113.349,1172,21.83,,,,,0,False,False,0.0,False,7.75,5.11,20.0,
55.9,92346,352.033,-874.986,-0.007,4.374,30.0,1172,-1,14.3,False,-1,True,True,0.75,0.0,0.006,False,False,0.007,-0.004,113.383,1172,21.83,,,,,0,False,False,0.0,False,7.53,5.15,20.0,
55.95,92347,351.944,-874.782,-0.008,4.464,30.0,1172,-1,14.52,False,-1,True,True,0.75,0.0,0.005,False,False,0.074,-0.002,113.414,1172,21.83,,,,,0,False,False,0.0,False,7.31,5.19,20.0,
56.0,92348,351.854,-874.575,-0.008,4.56,30.0,1172,-1,14.75,False,-1,True,True,0.75,0.0,0.004,False,False,0.128,-0.001,113.44,1172,21.83,,,,,0,False,False,0.0,False,7.08,5.23,20.0,
56.05,92349,351.761,-874.362,-0.009,4.66,30.0,1172,-1,14.98,False,-1,True,True,0.75,0.0,0.003,False,False,0.17,-0.0,113.463,1172,21.83,,,,,0,False,False,0.0,False,6.85,5.28,20.0,
56.1,92350,351.667,-874.146,-0.009,4.762,30.0,1172,-1,15.22,False,-1,True,True,0.75,0.0,0.003,False,False,0.201,0.0,113.483,1172,21.83,,,,,0,False,False,0.0,False,6.61,5.33,20.0,
56.15,92351,351.57,-873.924,-0.009,4.865,30.0,1172,-1,15.46,False,-1,True,True,0.75,0.0,0.002,False,False,0.222,0.0,113.5,1172,21.83,,,,,0,False,False,0.0,False,6.37,5.38,20.0,
56.2,92352,351.472,-873.699,-0.009,4.969,30.0,1172,-1,15.7,False,-1,True,True,0.75,0.0,0.002,False,False,0.237,0.0,113.515,1172,21.83,,,,,0,False,False,0.0,False,6.12,5.43,20.0,
56.25,92353,351.371,-873.468,-0.009,5.072,30.0,1172,-1,15.96,False,-1,True,True,0.75,0.0,0.002,False,False,0.248,0.0,113.528,1172,21.83,,,,,0,False,False,0.0,False,5.87,5.48,20.0,
56.3,92354,351.268,-873.233,-0.009,5.157,30.0,1172,-1,16.21,False,-1,True,True,0.75,0.0,0.001,False,False,0.253,0.0,113.539,1172,21.83,,,,,0,False,False,0.0,False,5.62,5.54,20.0,
56.35,92355,351.164,-872.993,-0.009,5.311,30.0,1172,-1,16.47,False,-1,True,True,0.75,0.0,0.001,False,False,0.258,0.0,113.548,1172,21.83,,,,,0,False,False,0.0,False,5.35,5.58,20.0,
56.4,92356,351.055,-872.75,-0.009,5.327,30.0,1172,-1,16.74,False,-1,True,True,0.75,0.0,0.045,False,False,0.253,-0.079,113.693,1172,25.8,,,,,0,False,False,0.0,False,9.06,5.66,20.0,
56.45,92357,350.945,-872.505,-0.009,5.391,30.0,1172,-1,17.01,False,-1,True,True,0.75,0.0,0.001,False,False,0.232,-0.068,113.799,1172,25.8,,,,,0,False,False,0.0,False,8.79,5.66,20.0,
56.5,92358,350.837,-872.261,-0.009,5.307,30.0,1172,-1,17.27,False,-1,True,True,0.641,0.0,-0.0,False,False,0.184,-0.032,113.885,1172,25.8,,,,,0,False,False,0.0,False,8.52,5.7,20.0,
56.55,92359,350.729,-872.017,-0.008,5.372,30.0,1172,-1,17.54,False,-1,True,True,0.75,0.0,-0.001,False,False,0.149,-0.008,113.888,1172,25.8,,,,,0,False,False,0.0,False,8.25,5.65,20.0,
56.6,92360,350.621,-871.774,-0.008,5.312,30.0,1172,-1,17.81,False,-1,True,True,0.695,0.0,0.005,False,False,0.119,-0.005,113.943,1172,25.8,,,,,0,False,False,0.0,False,7.99,5.69,20.0,
56.65,92361,350.512,-871.529,-0.008,5.403,30.0,1172,-1,18.08,False,-1,True,True,0.75,0.0,-0.001,False,False,0.11,-0.0,113.938,1172,25.8,,,,,0,False,False,0.0,False,7.72,5.66,20.0,
56.7,92362,350.403,-871.284,-0.008,5.327,30.0,1172,-1,18.34,False,-1,True,True,0.577,0.0,0.004,False,False,0.095,-0.003,113.981,1172,25.8,,,,,0,False,False,0.0,False,7.45,5.7,20.0,
56.75,92363,350.294,-871.039,-0.008,5.394,30.0,1172,-1,18.61,False,-1,True,True,0.75,0.0,-0.001,False,False,0.088,0.0,113.964,1172,25.8,,,,,0,False,False,0.0,False,7.18,5.66,20.0,
56.8,92364,350.182,-870.787,-0.008,5.666,30.0,1172,-1,18.89,False,-1,True,True,0.603,0.0,0.004,False,False,0.143,-0.004,113.966,1172,25.8,,,,,0,False,False,0.0,False,6.91,5.7,20.0,
56.85,92365,350.06,-870.514,-0.01,6.105,30.0,1172,-1,19.19,False,-1,True,True,0.0,0.3,0.002,False,False,0.293,-0.007,113.966,1172,25.8,,,,,0,False,False,0.0,False,6.61,5.83,20.0,
56.9,92366,349.934,-870.231,-0.01,6.207,30.0,1172,-1,19.5,False,-1,True,True,0.0,0.3,0.002,False,False,0.377,-0.006,113.976,1172,25.8,,,,,0,False,False,0.0,False,6.3,6.05,20.0,
56.95,92367,349.806,-869.945,-0.01,6.302,30.0,1172,-1,19.81,False,-1,True,True,0.0,0.3,0.001,False,False,0.378,-0.003,113.986,1172,25.8,,,,,0,False,False,0.0,False,5.99,6.1,20.0,
57.0,92368,349.678,-869.662,-0.01,6.16,30.0,1172,-1,20.12,False,-1,True,True,0.0,0.3,0.026,False,False,0.301,-0.051,114.078,1172,29.76,,,,,0,False,False,0.0,False,9.64,6.15,20.0,
57.05,92369,349.552,-869.384,-0.009,6.088,30.0,1172,-1,20.43,False,-1,True,True,0.0,0.3,-0.0,False,False,0.197,-0.039,114.139,1172,29.76,,,,,0,False,False,0.0,False,9.34,6.08,20.0,
57.1,92370,349.431,-869.114,-0.008,5.854,30.0,1172,-1,20.72,False,-1,True,True,0.0,0.3,-0.0,False,False,0.078,-0.018,114.191,1172,29.76,,,,,0,False,False,0.0,False,9.04,6.04,20.0,
57.15,92371,349.313,-868.851,-0.007,5.726,30.0,1172,-1,21.01,False,-1,True,True,0.0,0.3,-0.001,False,False,-0.024,-0.004,114.177,1172,29.76,,,,,0,False,False,0.0,False,8.75,5.93,20.0,
57.2,92372,349.199,-868.598,-0.006,5.463,30.0,1172,-1,21.29,False,-1,True,True,0.0,0.3,0.004,False,False,-0.116,-0.005,114.217,1172,29.76,,,,,0,False,False,0.0,False,8.48,5.86,20.0,
57.25,92373,349.088,-868.353,-0.006,5.355,30.0,1172,-1,21.56,False,-1,True,True,0.303,0.0,-0.001,False,False,-0.175,-0.001,114.201,1172,29.76,,,,,0,False,False,0.0,False,8.21,5.73,20.0,
57.3,92374,348.981,-868.114,-0.005,5.156,30.0,1172,-1,21.82,False,-1,True,True,0.692,0.0,0.003,False,False,-0.207,-0.002,114.245,1172,29.76,,,,,0,False,False,0.0,False,7.94,5.68,20.0,
57.35,92375,348.876,-867.88,-0.005,5.122,30.0,1172,-1,22.07,False,-1,True,True,0.75,0.0,-0.002,False,False,-0.204,0.002,114.229,1172,29.76,,,,,0,False,False,0.0,False,7.69,5.58,20.0,
57.4,92376,348.772,-867.65,-0.005,5.021,30.0,1172,-1,22.33,False,-1,True,True,0.75,0.0,0.002,False,False,-0.181,0.0,114.276,1172,29.76,,,,,0,False,False,0.0,False,7.44,5.56,20.0,
57.45,92377,348.668,-867.419,-0.006,5.088,30.0,1172,-1,22.58,False,-1,True,True,0.75,0.0,-0.003,False,False,-0.126,0.004,114.253,1172,29.76,,,,,0,False,False,0.0,False,7.18,5.51,20.0,
57.5,92378,348.566,-867.191,-0.006,4.841,30.0,1172,-1,22.83,False,-1,True,True,0.75,0.0,0.002,False,False,-0.104,0.001,114.276,1172,29.76,,,,,0,False,False,0.0,False,6.93,5.54,20.0,
57.55,92379,348.47,-866.978,-0.006,4.552,30.0,1172,-1,23.06,False,-1,True,True,0.75,0.0,-0.002,False,False,-0.173,0.001,114.264,1172,29.76,,,,,0,False,False,0.0,False,6.7,5.42,20.0,
57.6,92380,348.379,-866.777,-0.005,4.354,30.0,1172,-1,23.28,False,-1,True,True,0.75,0.0,0.001,False,False,-0.237,-0.001,114.262,1172,29.76,,,,,0,False,False,0.0,False,6.48,5.28,20.0,
57.65,92381,348.291,-866.582,-0.005,4.261,30.0,1172,-1,23.5,False,-1,True,True,0.75,0.0,0.001,False,False,-0.252,-0.003,114.264,1172,29.76,,,,,0,False,False,0.0,False,6.26,5.18,20.0,
57.7,92382,348.204,-866.388,-0.005,4.242,30.0,1172,-1,23.71,False,-1,True,True,0.75,0.0,0.0,False,False,-0.22,-0.002,114.266,1172,29.76,,,,,0,False,False,0.0,False,6.05,5.13,20.0,
57.75,92383,348.116,-866.193,-0.006,4.271,30.0,1172,-1,23.92,False,-1,True,True,0.75,0.0,0.0,False,False,-0.156,-0.001,114.267,1172,29.76,,,,,0,False,False,0.0,False,5.84,5.12,20.0,
57.8,92384,348.027,-865.997,-0.007,4.329,30.0,1172,-1,24.14,False,-1,True,True,0.75,0.0,0.0,False,False,-0.08,-0.001,114.267,1172,29.76,,,,,0,False,False,0.0,False,5.62,5.14,20.0,
57.85,92385,347.937,-865.797,-0.007,4.405,30.0,1172,-1,24.36,False,-1,True,True,0.75,0.0,0.0,False,False,-0.004,-0.0,114.268,1172,29.76,,,,,0,False,False,0.0,False,5.4,5.16,20.0,
57.9,92386,347.845,-865.593,-0.008,4.492,30.0,1172,-1,24.58,False,-1,True,True,0.75,0.0,0.0,False,False,0.063,-0.0,114.268,1172,29.76,,,,,0,False,False,0.0,False,5.18,5.2,20.0,
57.95,92387,347.75,-865.386,-0.008,4.586,30.0,1172,-1,24.81,False,-1,True,True,0.75,0.0,0.017,False,False,0.118,-0.027,114.318,1172,33.73,,,,,0,False,False,0.0,False,8.92,5.25,20.0,
58.0,92388,347.654,-865.174,-0.009,4.685,30.0,1172,-1,25.04,False,-1,True,True,0.75,0.0,0.0,False,False,0.161,-0.023,114.354,1172,33.73,,,,,0,False,False,0.0,False,8.69,5.29,20.0,
58.05,92389,347.556,-864.958,-0.009,4.786,30.0,1172,-1,25.28,False,-1,True,True,0.75,0.0,-0.0,False,False,0.194,-0.01,114.364,1172,33.73,,,,,0,False,False,0.0,False,8.45,5.34,20.0,
58.1,92390,347.456,-864.737,-0.009,4.888,30.0,1172,-1,25.52,False,-1,True,True,0.75,0.0,0.002,False,False,0.217,-0.004,114.371,1172,33.73,,,,,0,False,False,0.0,False,8.21,5.39,20.0,
58.15,92391,347.353,-864.511,-0.009,4.991,30.0,1172,-1,25.77,False,-1,True,True,0.75,0.0,0.001,False,False,0.233,-0.003,114.38,1172,33.73,,,,,0,False,False,0.0,False,7.96,5.44,20.0,
58.2,92392,347.249,-864.281,-0.009,5.094,30.0,1172,-1,26.02,False,-1,True,True,0.75,0.0,0.001,False,False,0.245,-0.001,114.388,1172,33.73,,,,,0,False,False,0.0,False,7.71,5.5,20.0,
58.25,92393,347.142,-864.046,-0.009,5.228,30.0,1172,-1,26.28,False,-1,True,True,0.75,0.0,0.001,False,False,0.254,-0.0,114.395,1172,33.73,,,,,0,False,False,0.0,False,7.45,5.55,20.0,
58.3,92394,347.034,-863.807,-0.009,5.257,30.0,1172,-1,26.54,False,-1,True,True,0.75,0.0,0.001,False,False,0.252,0.0,114.401,1172,33.73,,,,,0,False,False,0.0,False,7.19,5.61,20.0,
58.35,92395,346.923,-863.563,-0.009,5.419,30.0,1172,-1,26.81,False,-1,True,True,0.75,0.0,0.001,False,False,0.256,0.0,114.395,1172,33.73,,,,,0,False,False,0.0,False,6.92,5.63,20.0,
58.4,92396,346.812,-863.319,-0.009,5.324,30.0,1172,-1,27.08,False,-1,True,True,0.548,0.0,0.001,False,False,0.221,-0.001,114.427,1172,33.73,,,,,0,False,False,0.0,False,6.65,5.71,20.0,
58.45,92397,346.702,-863.076,-0.009,5.367,30.0,1172,-1,27.35,False,-1,True,True,0.75,0.0,-0.002,False,False,0.177,0.003,114.406,1172,33.73,,,,,0,False,False,0.0,False,6.38,5.66,20.0,
58.5,92398,346.592,-862.834,-0.008,5.286,30.0,1172,-1,27.61,False,-1,True,True,0.719,0.0,0.002,False,False,0.132,-0.0,114.444,1172,33.73,,,,,0,False,False,0.0,False,6.12,5.68,20.0,
58.55,92399,346.482,-862.592,-0.008,5.359,30.0,1172,-1,27.88,False,-1,True,True,0.75,0.0,-0.003,False,False,0.109,0.003,114.423,1172,33.73,,,,,0,False,False,0.0,False,5.85,5.64,20.0,
58.6,92400,346.372,-862.35,-0.008,5.308,30.0,1172,-1,28.15,False,-1,True,True,0.737,0.0,0.002,False,False,0.093,-0.0,114.457,1172,33.73,,,,,0,False,False,0.0,False,5.59,5.68,20.0,
58.65,92401,346.261,-862.106,-0.008,5.385,30.0,1172,-1,28.41,False,-1,True,True,0.75,0.0,0.006,False,False,0.092,-0.012,114.46,1172,37.7,,,,,0,False,False,0.0,False,9.29,5.65,20.0,
58.7,92402,346.15,-861.863,-0.008,5.312,30.0,1172,-1,28.68,False,-1,True,True,0.636,0.0,0.002,False,False,0.082,-0.015,114.513,1172,37.7,,,,,0,False,False,0.0,False,9.02,5.69,20.0,
58.75,92403,346.038,-861.617,-0.008,5.534,30.0,1172,-1,28.95,False,-1,True,True,0.75,0.0,-0.003,False,False,0.098,-0.005,114.519,1172,37.7,,,,,0,False,False,0.0,False,8.75,5.66,20.0,
58.8,92404,345.919,-861.353,-0.009,5.913,30.0,1172,-1,29.24,False,-1,True,True,0.097,0.0,0.0,False,False,0.234,-0.002,114.543,1172,37.7,,,,,0,False,False,0.0,False,8.46,5.77,20.0,
58.85,92405,345.791,-861.073,-0.01,6.259,30.0,1172,-1,29.55,False,-1,True,True,0.0,0.3,-0.002,False,False,0.369,0.001,114.547,1172,37.7,,,,,0,False,False,0.0,False,8.15,5.96,20.0,
58.9,92406,345.661,-860.787,-0.011,6.27,30.0,1172,-1,29.86,False,-1,True,True,0.0,0.3,-0.001,False,False,0.401,-0.0,114.544,1172,37.7,,,,,0,False,False,0.0,False,7.84,6.13,20.0,
58.95,92407,345.53,-860.501,-0.01,6.297,30.0,1172,-1,30.18,False,-1,True,True,0.0,0.3,0.0,False,False,0.355,-0.003,114.541,1172,37.7,,,,,0,False,False,0.0,False,7.52,6.13,20.0,
59.0,92408,345.402,-860.22,-0.009,6.118,30.0,1172,-1,30.49,False,-1,True,True,0.0,0.3,-0.0,False,False,0.25,-0.004,114.553,1172,37.7,,,,,0,False,False,0.0,False,7.21,6.15,20.0,
59.05,92409,345.277,-859.946,-0.008,6.014,30.0,1172,-1,30.79,False,-1,True,True,0.0,0.3,-0.001,False,False,0.134,-0.002,114.525,1172,37.7,,,,,0,False,False,0.0,False,6.91,6.06,20.0,
59.1,92410,345.155,-859.68,-0.007,5.77,30.0,1172,-1,31.08,False,-1,True,True,0.0,0.3,0.002,False,False,0.017,-0.006,114.551,1172,37.7,,,,,0,False,False,0.0,False,6.62,6.01,20.0,
59.15,92411,345.037,-859.422,-0.006,5.635,30.0,1172,-1,31.36,False,-1,True,True,0.0,0.3,-0.002,False,False,-0.076,-0.002,114.523,1172,37.7,,,,,0,False,False,0.0,False,6.34,5.89,20.0,
59.2,92412,344.924,-859.173,-0.006,5.367,30.0,1172,-1,31.64,False,-1,True,True,0.0,0.3,0.002,False,False,-0.157,-0.005,114.55,1172,37.7,,,,,0,False,False,0.0,False,6.06,5.82,20.0,
59.25,92413,344.814,-858.933,-0.005,5.257,30.0,1172,-1,31.9,False,-1,True,True,0.645,0.0,-0.002,False,False,-0.207,-0.0,114.521,1172,37.7,,,,,0,False,False,0.0,False,5.8,5.68,20.0,
59.3,92414,344.708,-858.7,-0.005,5.056,30.0,1172,-1,32.16,False,-1,True,True,0.75,0.0,0.002,False,False,-0.23,-0.002,114.556,1172,37.7,,,,,0,False,False,0.0,False,5.54,5.63,20.0,
59.35,92415,344.603,-858.471,-0.005,5.03,30.0,1172,-1,32.41,False,-1,True,True,0.75,0.0,-0.003,False,False,-0.221,0.003,114.559,1172,37.7,,,,,0,False,False,0.0,False,5.29,5.53,20.0,
59.4,92416,344.499,-858.242,-0.006,5.026,30.0,1172,-1,32.66,False,-1,True,True,0.75,0.0,0.006,False,False,-0.169,-0.009,114.574,1172,41.67,,,,,0,False,False,0.0,False,9.01,5.51,20.0,
59.45,92417,344.394,-858.013,-0.006,5.007,30.0,1172,-1,32.91,False,-1,True,True,0.75,0.0,-0.0,False,False,-0.11,-0.008,114.6,1172,41.67,,,,,0,False,False,0.0,False,8.75,5.51,20.0,
59.5,92418,344.294,-857.797,-0.006,4.606,30.0,1172,-1,33.15,False,-1,True,True,0.75,0.0,-0.002,False,False,-0.153,-0.002,114.518,1172,41.67,,,,,0,False,False,0.0,False,8.52,5.5,20.0,
59.55,92419,344.202,-857.596,-0.005,4.327,30.0,1172,-1,33.37,False,-1,True,True,0.75,0.0,0.008,False,False,-0.239,-0.008,114.512,1172,41.67,,,,,0,False,False,0.0,False,8.3,5.3,20.0,
59.6,92420,344.114,-857.405,-0.005,4.174,30.0,1172,-1,33.58,False,-1,True,True,0.75,0.0,0.003,False,False,-0.284,-0.008,114.528,1172,41.67,,,,,0,False,False,0.0,False,8.09,5.16,20.0,
59.65,92421,344.028,-857.217,-0.005,4.115,30.0,1172,-1,33.79,False,-1,True,True,0.75,0.0,0.001,False,False,-0.273,-0.003,114.538,1172,41.67,,,,,0,False,False,0.0,False,7.88,5.09,20.0,
59.7,92422,343.942,-857.029,-0.005,4.12,30.0,1172,-1,33.99,False,-1,True,True,0.75,0.0,0.001,False,False,-0.218,0.001,114.545,1172,41.67,,,,,0,False,False,0.0,False,7.67,5.06,20.0,
59.75,92423,343.856,-856.84,-0.006,4.164,30.0,1172,-1,34.2,False,-1,True,True,0.75,0.0,0.001,False,False,-0.14,0.002,114.551,1172,41.67,,,,,0,False,False,0.0,False,7.46,5.06,20.0,
59.8,92424,343.768,-856.648,-0.007,4.232,30.0,1172,-1,34.41,False,-1,True,True,0.75,0.0,0.001,False,False,-0.057,0.002,114.557,1172,41.67,,,,,0,False,False,0.0,False,7.25,5.08,20.0,
59.85,92425,343.679,-856.453,-0.007,4.315,30.0,1172,-1,34.63,False,-1,True,True,0.75,0.0,0.001,False,False,0.02,0.002,114.562,1172,41.67,,,,,0,False,False,0.0,False,7.04,5.12,20.0,
59.9,92426,343.587,-856.254,-0.008,4.407,30.0,1172,-1,34.85,False,-1,True,True,0.75,0.0,0.001,False,False,0.085,0.002,114.566,1172,41.67,,,,,0,False,False,0.0,False,6.82,5.16,20.0,
59.95,92427,343.494,-856.051,-0.008,4.505,30.0,1172,-1,35.07,False,-1,True,True,0.75,0.0,0.001,False,False,0.137,0.001,114.57,1172,41.67,,,,,0,False,False,0.0,False,6.6,5.2,20.0,
60.0,92428,343.399,-855.843,-0.009,4.606,30.0,1172,-1,35.3,False,-1,True,True,0.75,0.0,0.0,False,False,0.177,0.001,114.573,1172,41.67,,,,,0,False,False,0.0,False,6.37,5.25,20.0,
60.05,92429,343.302,-855.63,-0.009,4.709,30.0,1172,-1,35.53,False,-1,True,True,0.75,0.0,0.0,False,False,0.206,0.001,114.576,1172,41.67,,,,,0,False,False,0.0,False,6.13,5.3,20.0,
60.1,92430,343.203,-855.413,-0.009,4.813,30.0,1172,-1,35.77,False,-1,True,True,0.75,0.0,0.0,False,False,0.227,0.0,114.579,1172,41.67,,,,,0,False,False,0.0,False,5.89,5.35,20.0,
60.15,92431,343.101,-855.192,-0.009,4.917,30.0,1172,-1,36.02,False,-1,True,True,0.75,0.0,0.0,False,False,0.24,0.0,114.581,1172,41.67,,,,,0,False,False,0.0,False,5.65,5.41,20.0,
60.2,92432,342.998,-854.965,-0.009,5.021,30.0,1172,-1,36.26,False,-1,True,True,0.75,0.0,0.0,False,False,0.25,0.0,114.582,1172,41.67,,,,,0,False,False,0.0,False,5.4,5.46,20.0,
60.25,92433,342.891,-854.734,-0.009,5.122,30.0,1172,-1,36.52,False,-1,True,True,0.75,0.0,0.005,False,False,0.255,-0.01,114.602,1172,45.64,,,,,0,False,False,0.0,False,9.12,5.51,20.0,
60.3,92434,342.783,-854.498,-0.009,5.249,30.0,1172,-1,36.78,False,-1,True,True,0.75,0.0,-0.0,False,False,0.259,-0.007,114.607,1172,45.64,,,,,0,False,False,0.0,False,8.86,5.56,20.0,
60.35,92435,342.675,-854.262,-0.009,5.158,30.0,1172,-1,37.04,False,-1,True,True,0.75,0.0,0.001,False,False,0.225,-0.004,114.635,1172,45.64,,,,,0,False,False,0.0,False,8.6,5.62,20.0,
60.4,92436,342.567,-854.027,-0.009,5.214,30.0,1172,-1,37.3,False,-1,True,True,0.75,0.0,-0.002,False,False,0.184,0.002,114.612,1172,45.64,,,,,0,False,False,0.0,False,8.34,5.58,20.0,
60.45,92437,342.46,-853.792,-0.008,5.146,30.0,1172,-1,37.55,False,-1,True,True,0.75,0.0,0.003,False,False,0.142,-0.002,114.652,1172,45.64,,,,,0,False,False,0.0,False,8.08,5.61,20.0,
60.5,92438,342.351,-853.556,-0.008,5.235,30.0,1172,-1,37.81,False,-1,True,True,0.75,0.0,-0.003,False,False,0.124,0.003,114.631,1172,45.64,,,,,0,False,False,0.0,False,7.82,5.57,20.0,
60.55,92439,342.243,-853.319,-0.008,5.186,30.0,1172,-1,38.07,False,-1,True,True,0.75,0.0,0.002,False,False,0.111,-0.0,114.666,1172,45.64,,,,,0,False,False,0.0,False,7.56,5.62,20.0,
60.6,92440,342.134,-853.082,-0.008,5.253,30.0,1172,-1,38.34,False,-1,True,True,0.75,0.0,-0.003,False,False,0.103,0.003,114.636,1172,45.64,,,,,0,False,False,0.0,False,7.3,5.59,20.0,
60.65,92441,342.026,-852.845,-0.008,5.178,30.0,1172,-1,38.6,False,-1,True,True,0.75,0.0,0.002,False,False,0.088,-0.002,114.665,1172,45.64,,,,,0,False,False,0.0,False,7.04,5.63,20.0,
60.7,92442,341.911,-852.596,-0.009,5.701,30.0,1172,-1,38.87,False,-1,True,True,0.75,0.0,-0.002,False,False,0.184,0.002,114.615,1172,45.64,,,,,0,False,False,0.0,False,6.76,5.59,20.0,
60.75,92443,341.787,-852.327,-0.01,6.01,30.0,1172,-1,39.17,False,-1,True,True,0.0,0.3,0.004,False,False,0.335,-0.005,114.607,1172,45.64,,,,,0,False,False,0.0,False,6.47,5.85,20.0,
60.8,92444,341.658,-852.044,-0.011,6.287,30.0,1172,-1,39.48,False,-1,True,True,0.0,0.3,0.002,False,False,0.431,-0.008,114.617,1172,45.64,,,,,0,False,False,0.0,False,6.16,6.0,20.0,
60.85,92445,341.527,-851.759,-0.011,6.27,30.0,1172,-1,39.79,False,-1,True,True,0.0,0.3,0.0,False,False,0.426,-0.003,114.622,1172,45.64,,,,,0,False,False,0.0,False,5.84,6.14,20.0,
60.9,92446,341.396,-851.474,-0.01,6.277,30.0,1172,-1,40.11,False,-1,True,True,0.0,0.3,0.003,False,False,0.355,-0.006,114.636,1172,49.61,,,,,0,False,False,0.0,False,9.5,6.13,20.0,
60.95,92447,341.268,-851.195,-0.009,6.088,30.0,1172,-1,40.41,False,-1,True,True,0.0,0.3,0.0,False,False,0.237,-0.003,114.634,1172,49.61,,,,,0,False,False,0.0,False,9.19,6.14,20.0,
61.0,92448,341.142,-850.922,-0.008,5.979,30.0,1172,-1,40.71,False,-1,True,True,0.0,0.3,0.001,False,False,0.117,-0.002,114.667,1172,49.61,,,,,0,False,False,0.0,False,8.89,6.04,20.0,
61.05,92449,341.021,-850.658,-0.007,5.731,30.0,1172,-1,41.0,False,-1,True,True,0.0,0.3,-0.002,False,False,0.0,0.004,114.642,1172,49.61,,,,,0,False,False,0.0,False,8.6,5.99,20.0,
61.1,92450,340.904,-850.402,-0.006,5.594,30.0,1172,-1,41.29,False,-1,True,True,0.0,0.3,0.003,False,False,-0.091,0.001,114.672,1172,49.61,,,,,0,False,False,0.0,False,8.32,5.87,20.0,
61.15,92451,340.79,-850.155,-0.006,5.341,30.0,1172,-1,41.56,False,-1,True,True,0.0,0.17,-0.002,False,False,-0.166,0.003,114.644,1172,49.61,,,,,0,False,False,0.0,False,8.05,5.8,20.0,
61.2,92452,340.681,-849.915,-0.005,5.244,30.0,1172,-1,41.82,False,-1,True,True,0.737,0.0,0.003,False,False,-0.206,-0.001,114.67,1172,49.61,,,,,0,False,False,0.0,False,7.78,5.67,20.0,
61.25,92453,340.574,-849.683,-0.005,5.042,30.0,1172,-1,42.08,False,-1,True,True,0.75,0.0,-0.002,False,False,-0.226,0.0,114.635,1172,49.61,,,,,0,False,False,0.0,False,7.53,5.62,20.0,
61.3,92454,340.468,-849.453,-0.005,5.085,30.0,1172,-1,42.33,False,-1,True,True,0.75,0.0,0.003,False,False,-0.2,-0.004,114.653,1172,49.61,,,,,0,False,False,0.0,False,7.27,5.52,20.0,
61.35,92455,340.362,-849.224,-0.006,5.01,30.0,1172,-1,42.58,False,-1,True,True,0.75,0.0,-0.001,False,False,-0.15,-0.002,114.621,1172,49.61,,,,,0,False,False,0.0,False,7.02,5.54,20.0,
61.4,92456,340.259,-848.999,-0.006,4.764,30.0,1172,-1,42.83,False,-1,True,True,0.75,0.0,0.004,False,False,-0.141,-0.004,114.645,1172,49.61,,,,,0,False,False,0.0,False,6.77,5.5,20.0,
61.45,92457,340.165,-848.794,-0.005,4.401,30.0,1172,-1,43.05,False,-1,True,True,0.75,0.0,-0.001,False,False,-0.233,-0.001,114.667,1172,49.61,,,,,0,False,False,0.0,False,6.55,5.38,20.0,
61.5,92458,340.077,-848.601,-0.005,4.18,30.0,1172,-1,43.27,False,-1,True,True,0.75,0.0,-0.001,False,False,-0.305,0.003,114.668,1172,49.61,,,,,0,False,False,0.0,False,6.34,5.2,20.0,
61.55,92459,339.991,-848.414,-0.005,4.072,30.0,1172,-1,43.47,False,-1,True,True,0.75,0.0,-0.0,False,False,-0.318,0.003,114.667,1172,49.61,,,,,0,False,False,0.0,False,6.13,5.09,20.0,
61.6,92460,339.906,-848.23,-0.005,4.045,30.0,1172,-1,43.67,False,-1,True,True,0.75,0.0,0.0,False,False,-0.278,0.002,114.667,1172,49.61,,,,,0,False,False,0.0,False,5.93,5.04,20.0,
61.65,92461,339.821,-848.045,-0.006,4.07,30.0,1172,-1,43.88,False,-1,True,True,0.75,0.0,0.0,False,False,-0.203,0.001,114.668,1172,49.61,,,,,0,False,False,0.0,False,5.73,5.02,20.0,
61.7,92462,339.736,-847.858,-0.006,4.127,30.0,1172,-1,44.08,False,-1,True,True,0.75,0.0,0.0,False,False,-0.115,0.001,114.668,1172,49.61,,,,,0,False,False,0.0,False,5.52,5.03,20.0,
61.75,92463,339.648,-847.668,-0.007,4.203,30.0,1172,-1,44.29,False,-1,True,True,0.75,0.0,-0.0,False,False,-0.03,0.0,114.668,1172,49.61,,,,,0,False,False,0.0,False,5.31,5.06,20.0,
61.8,92464,339.559,-847.474,-0.008,4.291,30.0,1172,-1,44.51,False,-1,True,True,0.75,0.0,0.0,False,False,0.046,0.0,114.668,1172,49.61,,,,,0,False,False,0.0,False,5.1,5.1,20.0,
61.85,92465,339.468,-847.276,-0.008,4.387,30.0,1172,-1,44.72,False,-1,True,True,0.75,0.0,0.002,False,False,0.108,-0.003,114.674,1172,53.58,,,,,0,False,False,0.0,False,8.85,5.15,20.0,
61.9,92466,339.375,-847.074,-0.009,4.488,30.0,1172,-1,44.95,False,-1,True,True,0.75,0.0,0.0,False,False,0.156,-0.002,114.677,1172,53.58,,,,,0,False,False,0.0,False,8.62,5.19,20.0,
61.95,92467,339.28,-846.867,-0.009,4.59,30.0,1172,-1,45.18,False,-1,True,True,0.75,0.0,-0.0,False,False,0.191,-0.001,114.678,1172,53.58,,,,,0,False,False,0.0,False,8.4,5.24,20.0,
62.0,92468,339.183,-846.655,-0.009,4.694,30.0,1172,-1,45.41,False,-1,True,True,0.75,0.0,0.0,False,False,0.217,-0.0,114.679,1172,53.58,,,,,0,False,False,0.0,False,8.16,5.3,20.0,
62.05,92469,339.083,-846.439,-0.009,4.799,30.0,1172,-1,45.65,False,-1,True,True,0.75,0.0,0.0,False,False,0.234,-0.0,114.68,1172,53.58,,,,,0,False,False,0.0,False,7.93,5.35,20.0,
62.1,92470,338.982,-846.218,-0.009,4.903,30.0,1172,-1,45.89,False,-1,True,True,0.75,0.0,0.0,False,False,0.246,-0.0,114.681,1172,53.58,,,,,0,False,False,0.0,False,7.68,5.4,20.0,
62.15,92471,338.878,-845.992,-0.009,5.008,30.0,1172,-1,46.14,False,-1,True,True,0.75,0.0,0.0,False,False,0.253,-0.0,114.682,1172,53.58,,,,,0,False,False,0.0,False,7.43,5.45,20.0,
62.2,92472,338.772,-845.762,-0.009,5.112,30.0,1172,-1,46.39,False,-1,True,True,0.75,0.0,0.0,False,False,0.258,0.0,114.682,1172,53.58,,,,,0,False,False,0.0,False,7.18,5.5,20.0,
62.25,92473,338.664,-845.527,-0.009,5.172,30.0,1172,-1,46.65,False,-1,True,True,0.75,0.0,0.0,False,False,0.257,0.0,114.683,1172,53.58,,,,,0,False,False,0.0,False,6.92,5.56,20.0,
62.3,92474,338.554,-845.287,-0.009,5.347,30.0,1172,-1,46.91,False,-1,True,True,0.75,0.0,0.0,False,False,0.261,0.0,114.679,1172,53.58,,,,,0,False,False,0.0,False,6.66,5.59,20.0,
62.35,92475,338.443,-845.046,-0.009,5.278,30.0,1172,-1,47.18,False,-1,True,True,0.75,0.0,0.0,False,False,0.236,-0.001,114.701,1172,53.58,,,,,0,False,False,0.0,False,6.39,5.67,20.0,
62.4,92476,338.332,-844.805,-0.009,5.334,30.0,1172,-1,47.44,False,-1,True,True,0.75,0.0,-0.002,False,False,0.196,0.003,114.676,1172,53.58,,,,,0,False,False,0.0,False,6.13,5.64,20.0,
62.45,92477,338.222,-844.565,-0.008,5.267,30.0,1172,-1,47.71,False,-1,True,True,0.75,0.0,0.002,False,False,0.153,-0.001,114.712,1172,53.58,,,,,0,False,False,0.0,False,5.86,5.67,20.0,
62.5,92478,338.111,-844.323,-0.008,5.355,30.0,1172,-1,47.97,False,-1,True,True,0.75,0.0,-0.003,False,False,0.132,0.003,114.689,1172,53.58,,,,,0,False,False,0.0,False,5.6,5.63,20.0,
62.55,92479,338.0,-844.082,-0.008,5.291,30.0,1172,-1,48.24,False,-1,True,True,0.75,0.0,0.002,False,False,0.113,-0.002,114.721,1172,57.54,,,,,0,False,False,0.0,False,9.3,5.68,20.0,
62.6,92480,337.889,-843.84,-0.008,5.358,30.0,1172,-1,48.51,False,-1,True,True,0.75,0.0,-0.003,False,False,0.102,0.001,114.692,1172,57.54,,,,,0,False,False,0.0,False,9.03,5.65,20.0,
62.65,92481,337.777,-843.597,-0.008,5.438,30.0,1172,-1,48.77,False,-1,True,True,0.738,0.0,0.002,False,False,0.105,-0.002,114.694,1172,57.54,,,,,0,False,False,0.0,False,8.77,5.68,20.0,
62.7,92482,337.656,-843.334,-0.009,5.962,30.0,1172,-1,49.06,False,-1,True,True,0.447,0.0,-0.0,False,False,0.245,-0.003,114.673,1172,57.54,,,,,0,False,False,0.0,False,8.48,5.72,20.0,
62.75,92483,337.528,-843.055,-0.01,6.183,30.0,1172,-1,49.37,False,-1,True,True,0.0,0.3,0.002,False,False,0.373,-0.005,114.67,1172,57.54,,,,,0,False,False,0.0,False,8.17,5.98,20.0,
62.8,92484,337.396,-842.769,-0.011,6.353,30.0,1172,-1,49.69,False,-1,True,True,0.0,0.3,0.001,False,False,0.419,-0.005,114.676,1172,57.54,,,,,0,False,False,0.0,False,7.85,6.09,20.0,
62.85,92485,337.264,-842.482,-0.01,6.261,30.0,1172,-1,50.0,False,-1,True,True,0.0,0.3,0.0,False,False,0.37,-0.002,114.68,1172,57.54,,,,,0,False,False,0.0,False,7.54,6.18,20.0,
62.9,92486,337.134,-842.2,-0.009,6.218,30.0,1172,-1,50.31,False,-1,True,True,0.0,0.3,0.0,False,False,0.275,0.0,114.686,1172,57.54,,,,,0,False,False,0.0,False,7.23,6.13,20.0,
62.95,92487,337.007,-841.924,-0.008,6.001,30.0,1172,-1,50.62,False,-1,True,True,0.0,0.3,-0.0,False,False,0.152,0.002,114.673,1172,57.54,,,,,0,False,False,0.0,False,6.93,6.11,20.0,
63.0,92488,336.884,-841.656,-0.007,5.879,30.0,1172,-1,50.91,False,-1,True,True,0.0,0.3,0.002,False,False,0.039,0.0,114.702,1172,57.54,,,,,0,False,False,0.0,False,6.63,6.0,20.0,
63.05,92489,336.765,-841.396,-0.006,5.622,30.0,1172,-1,51.2,False,-1,True,True,0.0,0.3,-0.002,False,False,-0.065,0.004,114.677,1172,57.54,,,,,0,False,False,0.0,False,6.34,5.94,20.0,
63.1,92490,336.65,-841.145,-0.006,5.484,30.0,1172,-1,51.47,False,-1,True,True,0.0,0.274,0.002,False,False,-0.142,0.001,114.706,1172,57.54,,,,,0,False,False,0.0,False,6.07,5.81,20.0,
63.15,92491,336.538,-840.903,-0.005,5.248,30.0,1172,-1,51.74,False,-1,True,True,0.224,0.0,-0.002,False,False,-0.201,0.003,114.676,1172,57.54,,,,,0,False,False,0.0,False,5.8,5.74,20.0,
63.2,92492,336.43,-840.667,-0.005,5.175,30.0,1172,-1,52.0,False,-1,True,True,0.75,0.0,0.003,False,False,-0.22,-0.002,114.699,1172,57.54,,,,,0,False,False,0.0,False,5.54,5.62,20.0,
63.25,92493,336.324,-840.437,-0.005,5.01,30.0,1172,-1,52.25,False,-1,True,True,0.75,0.0,-0.001,False,False,-0.221,-0.001,114.661,1172,61.51,,,,,0,False,False,0.0,False,9.26,5.59,20.0,
63.3,92494,336.218,-840.207,-0.006,5.083,30.0,1172,-1,52.51,False,-1,True,True,0.75,0.0,0.004,False,False,-0.173,-0.005,114.684,1172,61.51,,,,,0,False,False,0.0,False,9.0,5.51,20.0,
63.35,92495,336.112,-839.978,-0.006,5.007,30.0,1172,-1,52.76,False,-1,True,True,0.75,0.0,-0.001,False,False,-0.121,-0.002,114.656,1172,61.51,,,,,0,False,False,0.0,False,8.75,5.54,20.0,
63.4,92496,336.012,-839.761,-0.006,4.62,30.0,1172,-1,53.0,False,-1,True,True,0.75,0.0,0.003,False,False,-0.165,-0.003,114.683,1172,61.51,,,,,0,False,False,0.0,False,8.51,5.5,20.0,
63.45,92497,335.92,-839.56,-0.005,4.335,30.0,1172,-1,53.22,False,-1,True,True,0.75,0.0,-0.001,False,False,-0.251,0.001,114.692,1172,61.51,,,,,0,False,False,0.0,False,8.29,5.31,20.0,
63.5,92498,335.832,-839.368,-0.005,4.177,30.0,1172,-1,53.43,False,-1,True,True,0.75,0.0,-0.0,False,False,-0.297,0.003,114.692,1172,61.51,,,,,0,False,False,0.0,False,8.08,5.17,20.0,
63.55,92499,335.745,-839.18,-0.005,4.114,30.0,1172,-1,53.64,False,-1,True,True,0.75,0.0,0.0,False,False,-0.285,0.002,114.692,1172,61.51,,,,,0,False,False,0.0,False,7.87,5.09,20.0,
63.6,92500,335.659,-838.993,-0.005,4.116,30.0,1172,-1,53.84,False,-1,True,True,0.75,0.0,0.0,False,False,-0.229,0.002,114.693,1172,61.51,,,,,0,False,False,0.0,False,7.67,5.06,20.0,
63.65,92501,335.573,-838.804,-0.006,4.159,30.0,1172,-1,54.05,False,-1,True,True,0.75,0.0,0.0,False,False,-0.149,0.001,114.694,1172,61.51,,,,,0,False,False,0.0,False,7.46,5.06,20.0,
63.7,92502,335.485,-838.613,-0.007,4.226,30.0,1172,-1,54.26,False,-1,True,True,0.75,0.0,0.0,False,False,-0.065,0.001,114.695,1172,61.51,,,,,0,False,False,0.0,False,7.25,5.08,20.0,
63.75,92503,335.395,-838.418,-0.007,4.308,30.0,1172,-1,54.47,False,-1,True,True,0.75,0.0,0.0,False,False,0.014,0.001,114.695,1172,61.51,,,,,0,False,False,0.0,False,7.04,5.11,20.0,
63.8,92504,335.303,-838.219,-0.008,4.4,30.0,1172,-1,54.69,False,-1,True,True,0.75,0.0,0.0,False,False,0.081,0.0,114.696,1172,61.51,,,,,0,False,False,0.0,False,6.82,5.15,20.0,
63.85,92505,335.21,-838.017,-0.008,4.498,30.0,1172,-1,54.92,False,-1,True,True,0.75,0.0,0.0,False,False,0.134,0.0,114.696,1172,61.51,,,,,0,False,False,0.0,False,6.59,5.2,20.0,
63.9,92506,335.115,-837.809,-0.009,4.599,30.0,1172,-1,55.14,False,-1,True,True,0.75,0.0,0.0,False,False,0.175,0.0,114.696,1172,61.51,,,,,0,False,False,0.0,False,6.36,5.25,20.0,
63.95,92507,335.017,-837.597,-0.009,4.702,30.0,1172,-1,55.38,False,-1,True,True,0.75,0.0,0.0,False,False,0.205,0.0,114.696,1172,61.51,,,,,0,False,False,0.0,False,6.13,5.3,20.0,
64.0,92508,334.918,-837.381,-0.009,4.806,30.0,1172,-1,55.62,False,-1,True,True,0.75,0.0,0.0,False,False,0.226,0.0,114.697,1172,61.51,,,,,0,False,False,0.0,False,5.89,5.35,20.0,
64.05,92509,334.816,-837.159,-0.009,4.91,30.0,1172,-1,55.86,False,-1,True,True,0.75,0.0,0.0,False,False,0.24,0.0,114.697,1172,61.51,,,,,0,False,False,0.0,False,5.65,5.4,20.0,
64.1,92510,334.712,-836.933,-0.009,5.014,30.0,1172,-1,56.11,False,-1,True,True,0.75,0.0,0.0,False,False,0.249,0.0,114.697,1172,61.51,,,,,0,False,False,0.0,False,5.4,5.46,20.0,
64.15,92511,334.606,-836.703,-0.009,5.119,30.0,1172,-1,56.36,False,-1,True,True,0.75,0.0,0.0,False,False,0.256,-0.001,114.699,1172,65.48,,,,,0,False,False,0.0,False,9.12,5.51,20.0,
64.2,92512,334.498,-836.468,-0.009,5.178,30.0,1172,-1,56.62,False,-1,True,True,0.75,0.0,-0.0,False,False,0.256,-0.001,114.699,1172,65.48,,,,,0,False,False,0.0,False,8.86,5.56,20.0,
64.25,92513,334.388,-836.229,-0.009,5.309,30.0,1172,-1,56.88,False,-1,True,True,0.75,0.0,0.0,False,False,0.253,-0.001,114.715,1172,65.48,,,,,0,False,False,0.0,False,8.59,5.59,20.0,
64.3,92514,334.278,-835.991,-0.009,5.213,30.0,1172,-1,57.15,False,-1,True,True,0.75,0.0,-0.002,False,False,0.21,0.002,114.681,1172,65.48,,,,,0,False,False,0.0,False,8.33,5.65,20.0,
64.35,92515,334.169,-835.752,-0.008,5.277,30.0,1172,-1,57.41,False,-1,True,True,0.75,0.0,0.003,False,False,0.171,-0.003,114.705,1172,65.48,,,,,0,False,False,0.0,False,8.07,5.61,20.0,
64.4,92516,334.059,-835.515,-0.008,5.217,30.0,1172,-1,57.67,False,-1,True,True,0.75,0.0,-0.002,False,False,0.135,0.0,114.671,1172,65.48,,,,,0,False,False,0.0,False,7.81,5.64,20.0,
64.45,92517,333.949,-835.275,-0.008,5.312,30.0,1172,-1,57.93,False,-1,True,True,0.75,0.0,0.003,False,False,0.122,-0.004,114.696,1172,65.48,,,,,0,False,False,0.0,False,7.54,5.61,20.0,
64.5,92518,333.839,-835.036,-0.008,5.244,30.0,1172,-1,58.2,False,-1,True,True,0.75,0.0,-0.002,False,False,0.107,0.0,114.663,1172,65.48,,,,,0,False,False,0.0,False,7.28,5.66,20.0,
64.55,92519,333.728,-834.796,-0.008,5.311,30.0,1172,-1,58.46,False,-1,True,True,0.75,0.0,0.003,False,False,0.098,-0.003,114.693,1172,65.48,,,,,0,False,False,0.0,False,7.02,5.62,20.0,
64.6,92520,333.616,-834.553,-0.008,5.496,30.0,1172,-1,58.73,False,-1,True,True,0.75,0.0,-0.002,False,False,0.125,0.002,114.657,1172,65.48,,,,,0,False,False,0.0,False,6.75,5.66,20.0,
64.65,92521,333.494,-834.287,-0.01,6.005,30.0,1172,-1,59.02,False,-1,True,True,0.242,0.0,0.004,False,False,0.279,-0.002,114.644,1172,65.48,,,,,0,False,False,0.0,False,6.46,5.75,20.0,
64.7,92522,333.365,-834.008,-0.011,6.196,30.0,1172,-1,59.33,False,-1,True,True,0.0,0.3,0.002,False,False,0.398,-0.005,114.652,1172,65.48,,,,,0,False,False,0.0,False,6.15,6.0,20.0,
64.75,92523,333.233,-833.722,-0.011,6.336,30.0,1172,-1,59.64,False,-1,True,True,0.0,0.3,0.001,False,False,0.426,-0.002,114.66,1172,65.48,,,,,0,False,False,0.0,False,5.83,6.1,20.0,
64.8,92524,333.102,-833.437,-0.01,6.224,30.0,1172,-1,59.96,False,-1,True,True,0.0,0.3,0.001,False,False,0.362,0.0,114.668,1172,69.45,,,,,0,False,False,0.0,False,9.49,6.17,20.0,
64.85,92525,332.973,-833.157,-0.009,6.169,30.0,1172,-1,60.27,False,-1,True,True,0.0,0.3,0.0,False,False,0.258,0.002,114.668,1172,69.45,,,,,0,False,False,0.0,False,9.18,6.11,20.0,
64.9,92526,332.848,-832.884,-0.008,5.945,30.0,1172,-1,60.57,False,-1,True,True,0.0,0.3,0.001,False,False,0.132,0.001,114.69,1172,69.45,,,,,0,False,False,0.0,False,8.88,6.08,20.0,
64.95,92527,332.725,-832.618,-0.007,5.82,30.0,1172,-1,60.86,False,-1,True,True,0.0,0.3,-0.001,False,False,0.02,0.004,114.666,1172,69.45,,,,,0,False,False,0.0,False,8.59,5.97,20.0,
65.0,92528,332.607,-832.361,-0.006,5.561,30.0,1172,-1,61.14,False,-1,True,True,0.0,0.3,0.003,False,False,-0.081,-0.001,114.696,1172,69.45,,,,,0,False,False,0.0,False,8.3,5.91,20.0,
65.05,92529,332.493,-832.113,-0.006,5.446,30.0,1172,-1,61.42,False,-1,True,True,0.0,0.051,-0.002,False,False,-0.151,0.002,114.672,1172,69.45,,,,,0,False,False,0.0,False,8.03,5.78,20.0,
65.1,92530,332.382,-831.872,-0.005,5.226,30.0,1172,-1,61.68,False,-1,True,True,0.362,0.0,0.002,False,False,-0.196,0.0,114.708,1172,69.45,,,,,0,False,False,0.0,False,7.77,5.72,20.0,
65.15,92531,332.274,-831.636,-0.005,5.157,30.0,1172,-1,61.94,False,-1,True,True,0.75,0.0,-0.003,False,False,-0.211,0.004,114.688,1172,69.45,,,,,0,False,False,0.0,False,7.51,5.61,20.0,
65.2,92532,332.169,-831.406,-0.005,5.022,30.0,1172,-1,62.19,False,-1,True,True,0.75,0.0,0.002,False,False,-0.206,0.002,114.72,1172,69.45,,,,,0,False,False,0.0,False,7.25,5.58,20.0,
65.25,92533,332.063,-831.176,-0.006,5.089,30.0,1172,-1,62.45,False,-1,True,True,0.75,0.0,-0.003,False,False,-0.156,0.004,114.686,1172,69.45,,,,,0,False,False,0.0,False,7.0,5.51,20.0,
65.3,92534,331.957,-830.947,-0.006,4.918,30.0,1172,-1,62.7,False,-1,True,True,0.75,0.0,0.003,False,False,-0.115,-0.001,114.69,1172,69.45,,,,,0,False,False,0.0,False,6.75,5.54,20.0,
65.35,92535,331.859,-830.734,-0.006,4.559,30.0,1172,-1,62.93,False,-1,True,True,0.75,0.0,-0.0,False,False,-0.181,-0.002,114.721,1172,69.45,,,,,0,False,False,0.0,False,6.51,5.46,20.0,
65.4,92536,331.768,-830.535,-0.005,4.3,30.0,1172,-1,63.15,False,-1,True,True,0.75,0.0,-0.003,False,False,-0.263,0.001,114.723,1172,69.45,,,,,0,False,False,0.0,False,6.29,5.28,20.0,
65.45,92537,331.68,-830.344,-0.005,4.163,30.0,1172,-1,63.36,False,-1,True,True,0.75,0.0,-0.001,False,False,-0.297,0.002,114.718,1172,69.45,,,,,0,False,False,0.0,False,6.08,5.15,20.0,
65.5,92538,331.594,-830.156,-0.005,4.115,30.0,1172,-1,63.57,False,-1,True,True,0.75,0.0,-0.0,False,False,-0.276,0.0,114.715,1172,69.45,,,,,0,False,False,0.0,False,5.88,5.08,20.0,
65.55,92539,331.508,-829.969,-0.005,4.126,30.0,1172,-1,63.77,False,-1,True,True,0.75,0.0,-0.0,False,False,-0.214,-0.001,114.713,1172,69.45,,,,,0,False,False,0.0,False,5.67,5.06,20.0,
65.6,92540,331.421,-829.78,-0.006,4.174,30.0,1172,-1,63.98,False,-1,True,True,0.75,0.0,-0.0,False,False,-0.133,-0.001,114.712,1172,69.45,,,,,0,False,False,0.0,False,5.46,5.06,20.0,
65.65,92541,331.332,-829.587,-0.007,4.245,30.0,1172,-1,64.19,False,-1,True,True,0.75,0.0,-0.0,False,False,-0.049,-0.001,114.71,1172,69.45,,,,,0,False,False,0.0,False,5.25,5.09,20.0,
65.7,92542,331.242,-829.392,-0.008,4.33,30.0,1172,-1,64.41,False,-1,True,True,0.75,0.0,-0.0,False,False,0.028,-0.001,114.709,1172,69.45,,,,,0,False,False,0.0,False,5.04,5.12,20.0,
65.75,92543,331.151,-829.192,-0.008,4.423,30.0,1172,-1,64.63,False,-1,True,True,0.75,0.0,0.0,False,False,0.092,-0.001,114.709,1172,73.42,,,,,0,False,False,0.0,False,8.78,5.16,20.0,
65.8,92544,331.057,-828.988,-0.008,4.521,30.0,1172,-1,64.85,False,-1,True,True,0.75,0.0,-0.0,False,False,0.143,-0.001,114.708,1172,73.42,,,,,0,False,False,0.0,False,8.56,5.21,20.0,
65.85,92545,330.961,-828.78,-0.009,4.623,30.0,1172,-1,65.08,False,-1,True,True,0.75,0.0,-0.0,False,False,0.181,-0.001,114.708,1172,73.42,,,,,0,False,False,0.0,False,8.33,5.26,20.0,
65.9,92546,330.863,-828.566,-0.009,4.726,30.0,1172,-1,65.32,False,-1,True,True,0.75,0.0,-0.0,False,False,0.209,-0.0,114.707,1172,73.42,,,,,0,False,False,0.0,False,8.1,5.31,20.0,
65.95,92547,330.763,-828.349,-0.009,4.83,30.0,1172,-1,65.56,False,-1,True,True,0.75,0.0,-0.0,False,False,0.229,-0.0,114.707,1172,73.42,,,,,0,False,False,0.0,False,7.86,5.36,20.0,
66.0,92548,330.66,-828.127,-0.009,4.934,30.0,1172,-1,65.8,False,-1,True,True,0.75,0.0,-0.0,False,False,0.242,-0.0,114.706,1172,73.42,,,,,0,False,False,0.0,False,7.61,5.42,20.0,
66.05,92549,330.556,-827.9,-0.009,5.038,30.0,1172,-1,66.05,False,-1,True,True,0.75,0.0,-0.0,False,False,0.251,-0.0,114.706,1172,73.42,,,,,0,False,False,0.0,False,7.36,5.47,20.0,
66.1,92550,330.449,-827.668,-0.009,5.139,30.0,1172,-1,66.31,False,-1,True,True,0.75,0.0,-0.0,False,False,0.256,0.0,114.706,1172,73.42,,,,,0,False,False,0.0,False,7.11,5.52,20.0,
66.15,92551,330.341,-827.431,-0.009,5.277,30.0,1172,-1,66.57,False,-1,True,True,0.75,0.0,-0.0,False,False,0.26,-0.0,114.705,1172,73.42,,,,,0,False,False,0.0,False,6.85,5.57,20.0,
66.2,92552,330.23,-827.191,-0.009,5.304,30.0,1172,-1,66.83,False,-1,True,True,0.75,0.0,-0.0,False,False,0.256,0.0,114.704,1172,73.42,,,,,0,False,False,0.0,False,6.58,5.64,20.0,
66.25,92553,330.117,-826.946,-0.009,5.421,30.0,1172,-1,67.1,False,-1,True,True,0.75,0.0,0.0,False,False,0.251,-0.0,114.718,1172,73.42,,,,,0,False,False,0.0,False,6.31,5.65,20.0,
66.3,92554,330.005,-826.703,-0.009,5.327,30.0,1172,-1,67.37,False,-1,True,True,0.537,0.0,-0.001,False,False,0.206,0.002,114.684,1172,73.42,,,,,0,False,False,0.0,False,6.04,5.71,20.0,
66.35,92555,329.894,-826.46,-0.008,5.374,30.0,1172,-1,67.64,False,-1,True,True,0.75,0.0,0.003,False,False,0.163,-0.003,114.709,1172,73.42,,,,,0,False,False,0.0,False,5.78,5.66,20.0,
66.4,92556,329.782,-826.219,-0.008,5.297,30.0,1172,-1,67.9,False,-1,True,True,0.69,0.0,-0.002,False,False,0.122,0.0,114.675,1172,73.42,,,,,0,False,False,0.0,False,5.51,5.69,20.0,
66.45,92557,329.671,-825.976,-0.008,5.372,30.0,1172,-1,68.17,False,-1,True,True,0.75,0.0,0.003,False,False,0.102,-0.004,114.699,1172,77.39,,,,,0,False,False,0.0,False,9.21,5.65,20.0,
66.5,92558,329.559,-825.734,-0.008,5.32,30.0,1172,-1,68.44,False,-1,True,True,0.69,0.0,-0.002,False,False,0.089,0.0,114.668,1172,77.39,,,,,0,False,False,0.0,False,8.95,5.69,20.0,
66.55,92559,329.447,-825.49,-0.008,5.401,30.0,1172,-1,68.71,False,-1,True,True,0.75,0.0,0.003,False,False,0.091,-0.003,114.696,1172,77.39,,,,,0,False,False,0.0,False,8.68,5.66,20.0,
66.6,92560,329.335,-825.246,-0.008,5.328,30.0,1172,-1,68.97,False,-1,True,True,0.578,0.0,-0.002,False,False,0.082,0.001,114.67,1172,77.39,,,,,0,False,False,0.0,False,8.41,5.7,20.0,
66.65,92561,329.222,-825.002,-0.008,5.439,30.0,1172,-1,69.24,False,-1,True,True,0.75,0.0,0.003,False,False,0.084,-0.001,114.696,1172,77.39,,,,,0,False,False,0.0,False,8.14,5.66,20.0,
66.7,92562,329.103,-824.742,-0.009,5.843,30.0,1172,-1,69.53,False,-1,True,True,0.436,0.0,-0.002,False,False,0.2,0.002,114.721,1172,77.39,,,,,0,False,False,0.0,False,7.86,5.72,20.0,
66.75,92563,328.976,-824.465,-0.01,6.222,30.0,1172,-1,69.83,False,-1,True,True,0.0,0.3,-0.002,False,False,0.345,0.007,114.723,1172,77.39,,,,,0,False,False,0.0,False,7.55,5.92,20.0,
66.8,92564,328.845,-824.18,-0.011,6.264,30.0,1172,-1,70.15,False,-1,True,True,0.0,0.3,-0.001,False,False,0.395,0.006,114.719,1172,77.39,,,,,0,False,False,0.0,False,7.24,6.11,20.0,
66.85,92565,328.713,-823.894,-0.01,6.313,30.0,1172,-1,70.46,False,-1,True,True,0.0,0.3,0.0,False,False,0.365,0.002,114.716,1172,77.39,,,,,0,False,False,0.0,False,6.92,6.13,20.0,
66.9,92566,328.584,-823.612,-0.009,6.147,30.0,1172,-1,70.77,False,-1,True,True,0.0,0.3,-0.0,False,False,0.27,-0.001,114.725,1172,77.39,,,,,0,False,False,0.0,False,6.61,6.16,20.0,
66.95,92567,328.457,-823.336,-0.008,6.051,30.0,1172,-1,71.08,False,-1,True,True,0.0,0.3,-0.001,False,False,0.156,0.0,114.699,1172,77.39,,,,,0,False,False,0.0,False,6.31,6.07,20.0,
67.0,92568,328.334,-823.069,-0.007,5.811,30.0,1172,-1,71.37,False,-1,True,True,0.0,0.3,0.002,False,False,0.038,-0.004,114.724,1172,77.39,,,,,0,False,False,0.0,False,6.01,6.03,20.0,
67.05,92569,328.214,-822.809,-0.007,5.678,30.0,1172,-1,71.66,False,-1,True,True,0.0,0.3,-0.002,False,False,-0.059,-0.001,114.697,1172,77.39,,,,,0,False,False,0.0,False,5.73,5.91,20.0,
67.1,92570,328.099,-822.559,-0.006,5.412,30.0,1172,-1,71.93,False,-1,True,True,0.0,0.3,0.002,False,False,-0.143,-0.004,114.723,1172,81.36,,,,,0,False,False,0.0,False,9.42,5.84,20.0,
67.15,92571,327.988,-822.317,-0.005,5.302,30.0,1172,-1,72.2,False,-1,True,True,0.484,0.0,-0.002,False,False,-0.196,0.0,114.695,1172,81.36,,,,,0,False,False,0.0,False,9.15,5.71,20.0,
67.2,92572,327.88,-822.082,-0.005,5.102,30.0,1172,-1,72.46,False,-1,True,True,0.75,0.0,0.002,False,False,-0.223,-0.001,114.729,1172,81.36,,,,,0,False,False,0.0,False,8.9,5.65,20.0,
67.25,92573,327.773,-821.851,-0.005,5.067,30.0,1172,-1,72.71,False,-1,True,True,0.75,0.0,-0.003,False,False,-0.216,0.003,114.705,1172,81.36,,,,,0,False,False,0.0,False,8.64,5.55,20.0,
67.3,92574,327.668,-821.622,-0.006,5.028,30.0,1172,-1,72.96,False,-1,True,True,0.75,0.0,0.002,False,False,-0.174,-0.001,114.749,1172,81.36,,,,,0,False,False,0.0,False,8.39,5.53,20.0,
67.35,92575,327.563,-821.392,-0.006,5.06,30.0,1172,-1,73.22,False,-1,True,True,0.75,0.0,-0.004,False,False,-0.116,0.005,114.743,1172,81.36,,,,,0,False,False,0.0,False,8.14,5.51,20.0,
67.4,92576,327.461,-821.172,-0.006,4.69,30.0,1172,-1,73.46,False,-1,True,True,0.75,0.0,-0.001,False,False,-0.138,0.004,114.711,1172,81.36,,,,,0,False,False,0.0,False,7.89,5.53,20.0,
67.45,92577,327.367,-820.968,-0.005,4.398,30.0,1172,-1,73.68,False,-1,True,True,0.75,0.0,0.002,False,False,-0.223,-0.001,114.701,1172,81.36,,,,,0,False,False,0.0,False,7.67,5.35,20.0,
67.5,92578,327.278,-820.774,-0.005,4.235,30.0,1172,-1,73.9,False,-1,True,True,0.75,0.0,0.001,False,False,-0.273,-0.004,114.703,1172,81.36,,,,,0,False,False,0.0,False,7.46,5.2,20.0,
67.55,92579,327.19,-820.583,-0.005,4.168,30.0,1172,-1,74.11,False,-1,True,True,0.75,0.0,-0.0,False,False,-0.269,-0.002,114.704,1172,81.36,,,,,0,False,False,0.0,False,7.25,5.12,20.0,
67.6,92580,327.103,-820.394,-0.005,4.166,30.0,1172,-1,74.31,False,-1,True,True,0.75,0.0,0.0,False,False,-0.22,-0.001,114.704,1172,81.36,,,,,0,False,False,0.0,False,7.04,5.08,20.0,
67.65,92581,327.015,-820.203,-0.006,4.206,30.0,1172,-1,74.52,False,-1,True,True,0.75,0.0,0.0,False,False,-0.145,-0.0,114.704,1172,81.36,,,,,0,False,False,0.0,False,6.83,5.08,20.0,
67.7,92582,326.926,-820.01,-0.007,4.272,30.0,1172,-1,74.74,False,-1,True,True,0.75,0.0,0.0,False,False,-0.064,-0.0,114.704,1172,81.36,,,,,0,False,False,0.0,False,6.61,5.1,20.0,
67.75,92583,326.836,-819.813,-0.007,4.353,30.0,1172,-1,74.95,False,-1,True,True,0.75,0.0,0.0,False,False,0.013,0.0,114.705,1172,81.36,,,,,0,False,False,0.0,False,6.4,5.14,20.0,
67.8,92584,326.743,-819.612,-0.008,4.444,30.0,1172,-1,75.17,False,-1,True,True,0.75,0.0,-0.0,False,False,0.079,0.0,114.705,1172,81.36,,,,,0,False,False,0.0,False,6.18,5.18,20.0,
67.85,92585,326.649,-819.407,-0.008,4.541,30.0,1172,-1,75.4,False,-1,True,True,0.75,0.0,0.0,False,False,0.132,0.0,114.705,1172,81.36,,,,,0,False,False,0.0,False,5.95,5.22,20.0,
67.9,92586,326.553,-819.198,-0.009,4.641,30.0,1172,-1,75.63,False,-1,True,True,0.75,0.0,-0.0,False,False,0.173,0.0,114.705,1172,81.36,,,,,0,False,False,0.0,False,5.72,5.27,20.0,
67.95,92587,326.454,-818.984,-0.009,4.744,30.0,1172,-1,75.87,False,-1,True,True,0.75,0.0,0.0,False,False,0.203,0.0,114.705,1172,81.36,,,,,0,False,False,0.0,False,5.49,5.32,20.0,
68.0,92588,326.354,-818.766,-0.009,4.847,30.0,1172,-1,76.11,False,-1,True,True,0.75,0.0,-0.0,False,False,0.224,0.0,114.705,1172,81.36,,,,,0,False,False,0.0,False,5.24,5.37,20.0,
68.05,92589,326.251,-818.543,-0.009,4.951,30.0,1172,-1,76.35,False,-1,True,True,0.75,0.0,0.0,False,False,0.238,-0.0,114.706,1172,85.32,,,,,0,False,False,0.0,False,8.97,5.42,20.0,
68.1,92590,326.146,-818.315,-0.009,5.054,30.0,1172,-1,76.6,False,-1,True,True,0.75,0.0,-0.0,False,False,0.248,-0.0,114.706,1172,85.32,,,,,0,False,False,0.0,False,8.72,5.48,20.0,
68.15,92591,326.039,-818.082,-0.009,5.165,30.0,1172,-1,76.86,False,-1,True,True,0.75,0.0,-0.0,False,False,0.255,0.0,114.706,1172,85.32,,,,,0,False,False,0.0,False,8.46,5.53,20.0,
68.2,92592,325.93,-817.846,-0.009,5.217,30.0,1172,-1,77.12,False,-1,True,True,0.75,0.0,0.0,False,False,0.254,0.0,114.706,1172,85.32,,,,,0,False,False,0.0,False,8.2,5.58,20.0,
68.25,92593,325.819,-817.604,-0.009,5.395,30.0,1172,-1,77.39,False,-1,True,True,0.75,0.0,0.0,False,False,0.259,-0.0,114.705,1172,85.32,,,,,0,False,False,0.0,False,7.93,5.61,20.0,
68.3,92594,325.707,-817.359,-0.009,5.368,30.0,1172,-1,77.66,False,-1,True,True,0.636,0.0,0.0,False,False,0.247,-0.0,114.721,1172,85.32,,,,,0,False,False,0.0,False,7.67,5.7,20.0,
68.35,92595,325.594,-817.115,-0.009,5.409,30.0,1172,-1,77.92,False,-1,True,True,0.725,0.0,-0.001,False,False,0.209,0.002,114.695,1172,85.32,,,,,0,False,False,0.0,False,7.4,5.68,20.0,
68.4,92596,325.482,-816.871,-0.008,5.321,30.0,1172,-1,78.19,False,-1,True,True,0.571,0.0,0.002,False,False,0.159,-0.002,114.731,1172,85.32,,,,,0,False,False,0.0,False,7.13,5.7,20.0,
68.45,92597,325.371,-816.629,-0.008,5.377,30.0,1172,-1,78.46,False,-1,True,True,0.75,0.0,-0.003,False,False,0.124,0.003,114.708,1172,85.32,,,,,0,False,False,0.0,False,6.86,5.66,20.0,
68.5,92598,325.26,-816.386,-0.008,5.307,30.0,1172,-1,78.73,False,-1,True,True,0.675,0.0,0.002,False,False,0.095,-0.0,114.742,1172,85.32,,,,,0,False,False,0.0,False,6.59,5.69,20.0,
68.55,92599,325.148,-816.143,-0.008,5.387,30.0,1172,-1,78.99,False,-1,True,True,0.75,0.0,-0.003,False,False,0.087,0.003,114.717,1172,85.32,,,,,0,False,False,0.0,False,6.33,5.65,20.0,
68.6,92600,325.036,-815.9,-0.008,5.338,30.0,1172,-1,79.26,False,-1,True,True,0.63,0.0,0.002,False,False,0.082,-0.001,114.748,1172,85.32,,,,,0,False,False,0.0,False,6.06,5.69,20.0,
68.65,92601,324.923,-815.655,-0.008,5.418,30.0,1172,-1,79.53,False,-1,True,True,0.75,0.0,-0.003,False,False,0.088,0.002,114.721,1172,85.32,,,,,0,False,False,0.0,False,5.79,5.67,20.0,
68.7,92602,324.811,-815.411,-0.008,5.345,30.0,1172,-1,79.8,False,-1,True,True,0.513,0.0,0.002,False,False,0.08,-0.002,114.747,1172,85.32,,,,,0,False,False,0.0,False,5.52,5.71,20.0,
68.75,92603,324.698,-815.166,-0.008,5.456,30.0,1172,-1,80.07,False,-1,True,True,0.75,0.0,-0.003,False,False,0.083,0.001,114.72,1172,89.29,,,,,0,False,False,0.0,False,9.22,5.67,20.0,
68.8,92604,324.578,-814.906,-0.009,5.856,30.0,1172,-1,80.36,False,-1,True,True,0.373,0.0,0.002,False,False,0.199,-0.002,114.694,1172,89.29,,,,,0,False,False,0.0,False,8.93,5.73,20.0,
68.85,92605,324.45,-814.628,-0.01,6.225,30.0,1172,-1,80.66,False,-1,True,True,0.0,0.3,0.002,False,False,0.341,-0.007,114.692,1172,89.29,,,,,0,False,False,0.0,False,8.63,5.93,20.0,
68.9,92606,324.319,-814.344,-0.01,6.256,30.0,1172,-1,80.97,False,-1,True,True,0.0,0.3,0.001,False,False,0.388,-0.006,114.696,1172,89.29,,,,,0,False,False,0.0,False,8.31,6.11,20.0,
68.95,92607,324.188,-814.058,-0.01,6.298,30.0,1172,-1,81.29,False,-1,True,True,0.0,0.3,0.0,False,False,0.354,-0.002,114.699,1172,89.29,,,,,0,False,False,0.0,False,8.0,6.13,20.0,
69.0,92608,324.058,-813.777,-0.009,6.127,30.0,1172,-1,81.6,False,-1,True,True,0.0,0.3,0.0,False,False,0.258,0.001,114.689,1172,89.29,,,,,0,False,False,0.0,False,7.69,6.15,20.0,
69.05,92609,323.932,-813.502,-0.008,6.028,30.0,1172,-1,81.9,False,-1,True,True,0.0,0.3,0.001,False,False,0.145,-0.0,114.716,1172,89.29,,,,,0,False,False,0.0,False,7.39,6.06,20.0,
69.1,92610,323.81,-813.236,-0.007,5.787,30.0,1172,-1,82.19,False,-1,True,True,0.0,0.3,-0.002,False,False,0.028,0.004,114.691,1172,89.29,,,,,0,False,False,0.0,False,7.09,6.01,20.0,
69.15,92611,323.691,-812.977,-0.006,5.653,30.0,1172,-1,82.48,False,-1,True,True,0.0,0.3,0.002,False,False,-0.066,0.001,114.719,1172,89.29,,,,,0,False,False,0.0,False,6.81,5.89,20.0,
69.2,92612,323.576,-812.729,-0.006,5.387,30.0,1172,-1,82.75,False,-1,True,True,0.0,0.3,-0.002,False,False,-0.149,0.004,114.692,1172,89.29,,,,,0,False,False,0.0,False,6.54,5.83,20.0,
69.25,92613,323.466,-812.487,-0.005,5.277,30.0,1172,-1,83.02,False,-1,True,True,0.575,0.0,0.002,False,False,-0.2,-0.0,114.72,1172,89.29,,,,,0,False,False,0.0,False,6.27,5.69,20.0,
69.3,92614,323.358,-812.254,-0.005,5.077,30.0,1172,-1,83.27,False,-1,True,True,0.75,0.0,-0.002,False,False,-0.225,0.001,114.686,1172,89.29,,,,,0,False,False,0.0,False,6.01,5.64,20.0,
69.35,92615,323.252,-812.024,-0.005,5.033,30.0,1172,-1,83.53,False,-1,True,True,0.75,0.0,0.003,False,False,-0.219,-0.003,114.679,1172,89.29,,,,,0,False,False,0.0,False,5.76,5.54,20.0,
69.4,92616,323.147,-811.796,-0.006,4.925,30.0,1172,-1,83.78,False,-1,True,True,0.75,0.0,0.001,False,False,-0.178,-0.004,114.679,1172,89.29,,,,,0,False,False,0.0,False,5.51,5.52,20.0,
69.45,92617,323.041,-811.567,-0.006,5.072,30.0,1172,-1,84.03,False,-1,True,True,0.75,0.0,0.001,False,False,-0.112,-0.002,114.681,1172,89.29,,,,,0,False,False,0.0,False,5.26,5.46,20.0,
69.5,92618,322.941,-811.349,-0.006,4.642,30.0,1172,-1,84.27,False,-1,True,True,0.75,0.0,0.001,False,False,-0.149,-0.001,114.689,1172,93.26,,,,,0,False,False,0.0,False,8.99,5.54,20.0,
69.55,92619,322.848,-811.148,-0.005,4.359,30.0,1172,-1,84.49,False,-1,True,True,0.75,0.0,0.0,False,False,-0.231,0.001,114.691,1172,93.26,,,,,0,False,False,0.0,False,8.76,5.32,20.0,
69.6,92620,322.76,-810.955,-0.005,4.202,30.0,1172,-1,84.71,False,-1,True,True,0.75,0.0,0.0,False,False,-0.277,0.001,114.692,1172,93.26,,,,,0,False,False,0.0,False,8.55,5.18,20.0,
69.65,92621,322.673,-810.766,-0.005,4.141,30.0,1172,-1,84.91,False,-1,True,True,0.75,0.0,0.0,False,False,-0.268,0.001,114.694,1172,93.26,,,,,0,False,False,0.0,False,8.34,5.1,20.0,
69.7,92622,322.586,-810.577,-0.005,4.143,30.0,1172,-1,85.12,False,-1,True,True,0.75,0.0,0.0,False,False,-0.216,0.001,114.696,1172,93.26,,,,,0,False,False,0.0,False,8.14,5.07,20.0,
69.75,92623,322.499,-810.388,-0.006,4.186,30.0,1172,-1,85.33,False,-1,True,True,0.75,0.0,0.0,False,False,-0.14,0.001,114.697,1172,93.26,,,,,0,False,False,0.0,False,7.93,5.07,20.0,
69.8,92624,322.41,-810.195,-0.007,4.253,30.0,1172,-1,85.54,False,-1,True,True,0.75,0.0,0.0,False,False,-0.058,0.001,114.698,1172,93.26,,,,,0,False,False,0.0,False,7.72,5.09,20.0,
69.85,92625,322.32,-809.999,-0.007,4.335,30.0,1172,-1,85.76,False,-1,True,True,0.75,0.0,0.0,False,False,0.018,0.0,114.699,1172,93.26,,,,,0,False,False,0.0,False,7.5,5.13,20.0,
69.9,92626,322.228,-809.799,-0.008,4.427,30.0,1172,-1,85.98,False,-1,True,True,0.75,0.0,0.0,False,False,0.083,0.0,114.7,1172,93.26,,,,,0,False,False,0.0,False,7.28,5.17,20.0,
69.95,92627,322.134,-809.595,-0.008,4.524,30.0,1172,-1,86.2,False,-1,True,True,0.75,0.0,0.0,False,False,0.136,0.0,114.701,1172,93.26,,,,,0,False,False,0.0,False,7.06,5.21,20.0,
70.0,92628,322.038,-809.386,-0.009,4.625,30.0,1172,-1,86.43,False,-1,True,True,0.75,0.0,0.0,False,False,0.176,0.0,114.702,1172,93.26,,,,,0,False,False,0.0,False,6.83,5.26,20.0,
70.05,92629,321.94,-809.173,-0.009,4.728,30.0,1172,-1,86.67,False,-1,True,True,0.75,0.0,0.0,False,False,0.205,0.0,114.703,1172,93.26,,,,,0,False,False,0.0,False,6.59,5.31,20.0,
70.1,92630,321.84,-808.956,-0.009,4.831,30.0,1172,-1,86.91,False,-1,True,True,0.75,0.0,0.0,False,False,0.226,0.0,114.703,1172,93.26,,,,,0,False,False,0.0,False,6.35,5.36,20.0,
70.15,92631,321.738,-808.733,-0.009,4.935,30.0,1172,-1,87.15,False,-1,True,True,0.75,0.0,0.0,False,False,0.24,-0.0,114.704,1172,93.26,,,,,0,False,False,0.0,False,6.11,5.42,20.0,
70.2,92632,321.633,-808.506,-0.009,5.039,30.0,1172,-1,87.4,False,-1,True,True,0.75,0.0,-0.0,False,False,0.249,0.0,114.704,1172,93.26,,,,,0,False,False,0.0,False,5.86,5.47,20.0,
70.25,92633,321.526,-808.274,-0.009,5.14,30.0,1172,-1,87.66,False,-1,True,True,0.75,0.0,0.0,False,False,0.255,0.0,114.704,1172,93.26,,,,,0,False,False,0.0,False,5.6,5.52,20.0,
70.3,92634,321.418,-808.038,-0.009,5.278,30.0,1172,-1,87.92,False,-1,True,True,0.75,0.0,0.0,False,False,0.259,-0.0,114.705,1172,93.26,,,,,0,False,False,0.0,False,5.34,5.57,20.0,
70.35,92635,321.307,-807.797,-0.009,5.304,30.0,1172,-1,88.18,False,-1,True,True,0.75,0.0,0.0,False,False,0.255,-0.0,114.708,1172,97.23,,,,,0,False,False,0.0,False,9.05,5.64,20.0,
70.4,92636,321.195,-807.553,-0.009,5.397,30.0,1172,-1,88.45,False,-1,True,True,0.75,0.0,-0.0,False,False,0.244,0.001,114.693,1172,97.23,,,,,0,False,False,0.0,False,8.78,5.65,20.0,
70.45,92637,321.083,-807.311,-0.009,5.308,30.0,1172,-1,88.72,False,-1,True,True,0.621,0.0,0.001,False,False,0.198,-0.002,114.728,1172,97.23,,,,,0,False,False,0.0,False,8.51,5.7,20.0,
70.5,92638,320.972,-807.069,-0.008,5.367,30.0,1172,-1,88.98,False,-1,True,True,0.75,0.0,-0.003,False,False,0.158,0.003,114.705,1172,97.23,,,,,0,False,False,0.0,False,8.24,5.65,20.0,
70.55,92639,320.861,-806.827,-0.008,5.301,30.0,1172,-1,89.25,False,-1,True,True,0.719,0.0,0.002,False,False,0.123,-0.0,114.738,1172,97.23,,,,,0,False,False,0.0,False,7.98,5.68,20.0,
70.6,92640,320.749,-806.584,-0.008,5.389,30.0,1172,-1,89.52,False,-1,True,True,0.75,0.0,-0.003,False,False,0.11,0.003,114.714,1172,97.23,,,,,0,False,False,0.0,False,7.71,5.65,20.0,
70.65,92641,320.638,-806.341,-0.008,5.32,30.0,1172,-1,89.78,False,-1,True,True,0.629,0.0,0.002,False,False,0.096,-0.0,114.746,1172,97.23,,,,,0,False,False,0.0,False,7.44,5.69,20.0,
70.7,92642,320.526,-806.097,-0.008,5.387,30.0,1172,-1,90.05,False,-1,True,True,0.75,0.0,-0.003,False,False,0.089,0.003,114.716,1172,97.23,,,,,0,False,False,0.0,False,7.18,5.66,20.0,
70.75,92643,320.412,-805.85,-0.008,5.565,30.0,1172,-1,90.32,False,-1,True,True,0.629,0.0,0.002,False,False,0.118,-0.002,114.75,1172,97.23,,,,,0,False,False,0.0,False,6.9,5.69,20.0,
70.8,92644,320.289,-805.583,-0.009,6.046,30.0,1172,-1,90.62,False,-1,True,True,0.0,0.018,-0.003,False,False,0.267,0.002,114.764,1172,97.23,,,,,0,False,False,0.0,False,6.61,5.78,20.0,
70.85,92645,320.16,-805.302,-0.01,6.199,30.0,1172,-1,90.93,False,-1,True,True,0.0,0.3,-0.002,False,False,0.374,0.005,114.756,1172,97.23,,,,,0,False,False,0.0,False,6.3,6.02,20.0,
70.9,92646,320.029,-805.017,-0.011,6.31,30.0,1172,-1,91.24,False,-1,True,True,0.0,0.3,-0.001,False,False,0.391,0.001,114.748,1172,97.23,,,,,0,False,False,0.0,False,5.99,6.1,20.0,
70.95,92647,319.899,-804.734,-0.01,6.179,30.0,1172,-1,91.55,False,-1,True,True,0.0,0.3,-0.001,False,False,0.322,-0.001,114.742,1172,101.2,,,,,0,False,False,0.0,False,9.64,6.16,20.0,
71.0,92648,319.771,-804.456,-0.009,6.113,30.0,1172,-1,91.86,False,-1,True,True,0.0,0.3,-0.001,False,False,0.219,-0.002,114.724,1172,101.2,,,,,0,False,False,0.0,False,9.34,6.09,20.0,
71.05,92649,319.647,-804.185,-0.008,5.882,30.0,1172,-1,92.16,False,-1,True,True,0.0,0.3,0.001,False,False,0.098,-0.005,114.746,1172,101.2,,,,,0,False,False,0.0,False,9.04,6.06,20.0,
71.1,92650,319.525,-803.923,-0.007,5.755,30.0,1172,-1,92.45,False,-1,True,True,0.0,0.3,-0.003,False,False,-0.008,-0.002,114.715,1172,101.2,,,,,0,False,False,0.0,False,8.75,5.94,20.0,
71.15,92651,319.409,-803.669,-0.006,5.493,30.0,1172,-1,92.72,False,-1,True,True,0.0,0.3,0.002,False,False,-0.103,-0.005,114.739,1172,101.2,,,,,0,False,False,0.0,False,8.47,5.88,20.0,
71.2,92652,319.295,-803.424,-0.006,5.386,30.0,1172,-1,92.99,False,-1,True,True,0.194,0.0,-0.003,False,False,-0.165,-0.001,114.71,1172,101.2,,,,,0,False,False,0.0,False,8.2,5.75,20.0,
71.25,92653,319.186,-803.185,-0.005,5.182,30.0,1172,-1,93.26,False,-1,True,True,0.582,0.0,0.002,False,False,-0.201,-0.002,114.742,1172,101.2,,,,,0,False,False,0.0,False,7.94,5.69,20.0,
71.3,92654,319.078,-802.951,-0.005,5.138,30.0,1172,-1,93.52,False,-1,True,True,0.75,0.0,-0.003,False,False,-0.204,0.003,114.717,1172,101.2,,,,,0,False,False,0.0,False,7.68,5.59,20.0,
71.35,92655,318.972,-802.721,-0.005,5.018,30.0,1172,-1,93.77,False,-1,True,True,0.75,0.0,0.002,False,False,-0.189,0.0,114.748,1172,101.2,,,,,0,False,False,0.0,False,7.43,5.57,20.0,
71.4,92656,318.866,-802.491,-0.006,5.086,30.0,1172,-1,94.02,False,-1,True,True,0.75,0.0,-0.003,False,False,-0.137,0.003,114.714,1172,101.2,,,,,0,False,False,0.0,False,7.17,5.51,20.0,
71.45,92657,318.761,-802.262,-0.006,4.926,30.0,1172,-1,94.27,False,-1,True,True,0.75,0.0,0.002,False,False,-0.098,-0.001,114.72,1172,101.2,,,,,0,False,False,0.0,False,6.92,5.54,20.0,
71.5,92658,318.663,-802.048,-0.006,4.602,30.0,1172,-1,94.51,False,-1,True,True,0.75,0.0,-0.001,False,False,-0.157,-0.002,114.739,1172,101.2,,,,,0,False,False,0.0,False,6.69,5.46,20.0,
71.55,92659,318.57,-801.846,-0.005,4.374,30.0,1172,-1,94.73,False,-1,True,True,0.75,0.0,-0.002,False,False,-0.229,0.001,114.738,1172,101.2,,,,,0,False,False,0.0,False,6.46,5.3,20.0,
71.6,92660,318.48,-801.651,-0.005,4.259,30.0,1172,-1,94.95,False,-1,True,True,0.75,0.0,-0.001,False,False,-0.257,0.001,114.734,1172,101.2,,,,,0,False,False,0.0,False,6.25,5.19,20.0,
71.65,92661,318.391,-801.458,-0.005,4.226,30.0,1172,-1,95.16,False,-1,True,True,0.75,0.0,-0.0,False,False,-0.234,-0.0,114.731,1172,101.2,,,,,0,False,False,0.0,False,6.04,5.13,20.0,
71.7,92662,318.303,-801.265,-0.006,4.245,30.0,1172,-1,95.37,False,-1,True,True,0.75,0.0,-0.0,False,False,-0.175,-0.001,114.729,1172,101.2,,,,,0,False,False,0.0,False,5.82,5.11,20.0,
71.75,92663,318.213,-801.071,-0.006,4.298,30.0,1172,-1,95.58,False,-1,True,True,0.75,0.0,-0.0,False,False,-0.1,-0.001,114.727,1172,101.2,,,,,0,False,False,0.0,False,5.61,5.12,20.0,
71.8,92664,318.122,-800.873,-0.007,4.371,30.0,1172,-1,95.8,False,-1,True,True,0.75,0.0,-0.0,False,False,-0.022,-0.001,114.726,1172,101.2,,,,,0,False,False,0.0,False,5.39,5.15,20.0,
71.85,92665,318.029,-800.672,-0.008,4.456,30.0,1172,-1,96.02,False,-1,True,True,0.75,0.0,-0.0,False,False,0.048,-0.001,114.724,1172,101.2,,,,,0,False,False,0.0,False,5.17,5.19,20.0,
71.9,92666,317.935,-800.466,-0.008,4.549,30.0,1172,-1,96.25,False,-1,True,True,0.75,0.0,-0.001,False,False,0.106,0.0,114.722,1172,105.17,,,,,0,False,False,0.0,False,8.91,5.23,20.0,
71.95,92667,317.838,-800.256,-0.009,4.647,30.0,1172,-1,96.48,False,-1,True,True,0.75,0.0,-0.0,False,False,0.152,0.0,114.72,1172,105.17,,,,,0,False,False,0.0,False,8.68,5.27,20.0,
72.0,92668,317.74,-800.042,-0.009,4.748,30.0,1172,-1,96.72,False,-1,True,True,0.75,0.0,-0.0,False,False,0.187,-0.0,114.719,1172,105.17,,,,,0,False,False,0.0,False,8.45,5.32,20.0,
72.05,92669,317.639,-799.824,-0.009,4.851,30.0,1172,-1,96.96,False,-1,True,True,0.75,0.0,-0.0,False,False,0.213,-0.0,114.718,1172,105.17,,,,,0,False,False,0.0,False,8.21,5.37,20.0,
72.1,92670,317.536,-799.6,-0.009,4.954,30.0,1172,-1,97.2,False,-1,True,True,0.75,0.0,-0.0,False,False,0.23,-0.0,114.717,1172,105.17,,,,,0,False,False,0.0,False,7.96,5.43,20.0,
72.15,92671,317.431,-799.373,-0.009,5.057,30.0,1172,-1,97.45,False,-1,True,True,0.75,0.0,-0.0,False,False,0.243,-0.0,114.716,1172,105.17,,,,,0,False,False,0.0,False,7.71,5.48,20.0,
72.2,92672,317.324,-799.14,-0.009,5.167,30.0,1172,-1,97.71,False,-1,True,True,0.75,0.0,-0.0,False,False,0.252,-0.0,114.715,1172,105.17,,,,,0,False,False,0.0,False,7.45,5.53,20.0,
72.25,92673,317.215,-798.903,-0.009,5.219,30.0,1172,-1,97.97,False,-1,True,True,0.75,0.0,-0.0,False,False,0.252,-0.0,114.715,1172,105.17,,,,,0,False,False,0.0,False,7.19,5.58,20.0,
72.3,92674,317.104,-798.661,-0.009,5.396,30.0,1172,-1,98.24,False,-1,True,True,0.75,0.0,-0.0,False,False,0.258,-0.0,114.717,1172,105.17,,,,,0,False,False,0.0,False,6.93,5.61,20.0,
72.35,92675,316.992,-798.417,-0.009,5.342,30.0,1172,-1,98.51,False,-1,True,True,0.632,0.0,-0.0,False,False,0.239,0.001,114.699,1172,105.17,,,,,0,False,False,0.0,False,6.66,5.7,20.0,
72.4,92676,316.88,-798.174,-0.009,5.386,30.0,1172,-1,98.77,False,-1,True,True,0.75,0.0,0.002,False,False,0.198,-0.002,114.725,1172,105.17,,,,,0,False,False,0.0,False,6.39,5.67,20.0,
72.45,92677,316.768,-797.932,-0.008,5.305,30.0,1172,-1,99.04,False,-1,True,True,0.654,0.0,-0.002,False,False,0.151,0.001,114.689,1172,105.17,,,,,0,False,False,0.0,False,6.12,5.69,20.0,
72.5,92678,316.657,-797.689,-0.008,5.373,30.0,1172,-1,99.31,False,-1,True,True,0.75,0.0,0.003,False,False,0.122,-0.003,114.711,1172,105.17,,,,,0,False,False,0.0,False,5.86,5.65,20.0,
72.55,92679,316.545,-797.447,-0.008,5.315,30.0,1172,-1,99.57,False,-1,True,True,0.69,0.0,-0.002,False,False,0.1,0.0,114.678,1172,105.17,,,,,0,False,False,0.0,False,5.59,5.69,20.0,
72.6,92680,316.433,-797.203,-0.008,5.402,30.0,1172,-1,99.84,False,-1,True,True,0.75,0.0,0.003,False,False,0.097,-0.003,114.702,1172,109.14,,,,,0,False,False,0.0,False,9.29,5.66,20.0,
72.65,92681,316.32,-796.96,-0.008,5.327,30.0,1172,-1,100.11,False,-1,True,True,0.576,0.0,-0.002,False,False,0.086,0.001,114.672,1172,109.14,,,,,0,False,False,0.0,False,9.02,5.7,20.0,
72.7,92682,316.208,-796.717,-0.008,5.394,30.0,1172,-1,100.38,False,-1,True,True,0.75,0.0,0.003,False,False,0.082,-0.002,114.703,1172,109.14,,,,,0,False,False,0.0,False,8.75,5.66,20.0,
72.75,92683,316.091,-796.462,-0.009,5.755,30.0,1172,-1,100.66,False,-1,True,True,0.602,0.0,-0.002,False,False,0.169,0.003,114.657,1172,109.14,,,,,0,False,False,0.0,False,8.47,5.7,20.0,
72.8,92684,315.964,-796.187,-0.01,6.172,30.0,1172,-1,100.96,False,-1,True,True,0.0,0.3,0.005,False,False,0.321,-0.003,114.653,1172,109.14,,,,,0,False,False,0.0,False,8.17,5.88,20.0,
72.85,92685,315.833,-795.904,-0.011,6.258,30.0,1172,-1,101.28,False,-1,True,True,0.0,0.3,0.002,False,False,0.393,-0.005,114.665,1172,109.14,,,,,0,False,False,0.0,False,7.86,6.09,20.0,
72.9,92686,315.701,-795.617,-0.01,6.339,30.0,1172,-1,101.59,False,-1,True,True,0.0,0.3,0.0,False,False,0.382,-0.0,114.672,1172,109.14,,,,,0,False,False,0.0,False,7.54,6.13,20.0,
72.95,92687,315.571,-795.333,-0.01,6.191,30.0,1172,-1,101.9,False,-1,True,True,0.0,0.3,0.0,False,False,0.298,0.003,114.672,1172,109.14,,,,,0,False,False,0.0,False,7.23,6.17,20.0,
73.0,92688,315.443,-795.055,-0.009,6.108,30.0,1172,-1,102.21,False,-1,True,True,0.0,0.3,0.001,False,False,0.189,0.002,114.694,1172,109.14,,,,,0,False,False,0.0,False,6.92,6.1,20.0,
73.05,92689,315.319,-794.785,-0.008,5.873,30.0,1172,-1,102.51,False,-1,True,True,0.0,0.3,-0.001,False,False,0.068,0.006,114.671,1172,109.14,,,,,0,False,False,0.0,False,6.63,6.05,20.0,
73.1,92690,315.198,-794.522,-0.007,5.743,30.0,1172,-1,102.8,False,-1,True,True,0.0,0.3,0.003,False,False,-0.034,0.002,114.701,1172,109.14,,,,,0,False,False,0.0,False,6.34,5.94,20.0,
73.15,92691,315.082,-794.269,-0.006,5.479,30.0,1172,-1,103.08,False,-1,True,True,0.0,0.3,-0.002,False,False,-0.123,0.004,114.677,1172,109.14,,,,,0,False,False,0.0,False,6.06,5.87,20.0,
73.2,92692,314.969,-794.024,-0.005,5.37,30.0,1172,-1,103.35,False,-1,True,True,0.241,0.0,0.002,False,False,-0.181,0.0,114.706,1172,109.14,,,,,0,False,False,0.0,False,5.79,5.74,20.0,
73.25,92693,314.86,-793.786,-0.005,5.169,30.0,1172,-1,103.61,False,-1,True,True,0.633,0.0,-0.002,False,False,-0.212,0.002,114.673,1172,109.14,,,,,0,False,False,0.0,False,5.53,5.69,20.0,
73.3,92694,314.752,-793.553,-0.005,5.128,30.0,1172,-1,103.86,False,-1,True,True,0.75,0.0,0.003,False,False,-0.21,-0.003,114.698,1172,113.1,,,,,0,False,False,0.0,False,9.24,5.58,20.0,
73.35,92695,314.646,-793.322,-0.005,5.039,30.0,1172,-1,104.12,False,-1,True,True,0.75,0.0,-0.002,False,False,-0.183,-0.001,114.672,1172,113.1,,,,,0,False,False,0.0,False,8.99,5.56,20.0,
73.4,92696,314.54,-793.091,-0.006,5.108,30.0,1172,-1,104.37,False,-1,True,True,0.75,0.0,0.003,False,False,-0.125,-0.003,114.706,1172,113.1,,,,,0,False,False,0.0,False,8.73,5.52,20.0,
73.45,92697,314.436,-792.866,-0.006,4.818,30.0,1172,-1,104.62,False,-1,True,True,0.75,0.0,-0.002,False,False,-0.122,0.001,114.69,1172,113.1,,,,,0,False,False,0.0,False,8.48,5.55,20.0,
73.5,92698,314.34,-792.657,-0.006,4.495,30.0,1172,-1,104.85,False,-1,True,True,0.75,0.0,0.001,False,False,-0.201,0.001,114.679,1172,113.1,,,,,0,False,False,0.0,False,8.25,5.41,20.0,
73.55,92699,314.249,-792.459,-0.005,4.306,30.0,1172,-1,105.07,False,-1,True,True,0.75,0.0,0.002,False,False,-0.262,-0.001,114.682,1172,113.1,,,,,0,False,False,0.0,False,8.04,5.25,20.0,
73.6,92700,314.16,-792.266,-0.005,4.22,30.0,1172,-1,105.28,False,-1,True,True,0.75,0.0,0.0,False,False,-0.27,-0.001,114.685,1172,113.1,,,,,0,False,False,0.0,False,7.82,5.15,20.0,
73.65,92701,314.072,-792.074,-0.005,4.206,30.0,1172,-1,105.49,False,-1,True,True,0.75,0.0,0.0,False,False,-0.23,0.0,114.688,1172,113.1,,,,,0,False,False,0.0,False,7.61,5.11,20.0,
73.7,92702,313.983,-791.882,-0.006,4.238,30.0,1172,-1,105.7,False,-1,True,True,0.75,0.0,0.0,False,False,-0.161,0.001,114.689,1172,113.1,,,,,0,False,False,0.0,False,7.4,5.1,20.0,
73.75,92703,313.894,-791.687,-0.007,4.298,30.0,1172,-1,105.92,False,-1,True,True,0.75,0.0,0.0,False,False,-0.081,0.001,114.691,1172,113.1,,,,,0,False,False,0.0,False,7.19,5.12,20.0,
73.8,92704,313.803,-791.489,-0.007,4.375,30.0,1172,-1,106.14,False,-1,True,True,0.75,0.0,0.0,False,False,-0.003,0.001,114.693,1172,113.1,,,,,0,False,False,0.0,False,6.97,5.15,20.0,
73.85,92705,313.71,-791.288,-0.008,4.464,30.0,1172,-1,106.36,False,-1,True,True,0.75,0.0,0.0,False,False,0.065,0.001,114.694,1172,113.1,,,,,0,False,False,0.0,False,6.75,5.19,20.0,
73.9,92706,313.615,-791.082,-0.008,4.559,30.0,1172,-1,106.58,False,-1,True,True,0.75,0.0,0.0,False,False,0.121,0.0,114.695,1172,113.1,,,,,0,False,False,0.0,False,6.52,5.23,20.0,
73.95,92707,313.519,-790.872,-0.009,4.659,30.0,1172,-1,106.82,False,-1,True,True,0.75,0.0,0.0,False,False,0.164,0.0,114.696,1172,113.1,,,,,0,False,False,0.0,False,6.29,5.28,20.0,
74.0,92708,313.42,-790.657,-0.009,4.76,30.0,1172,-1,107.05,False,-1,True,True,0.75,0.0,0.0,False,False,0.196,0.0,114.697,1172,113.1,,,,,0,False,False,0.0,False,6.05,5.33,20.0,
74.05,92709,313.319,-790.438,-0.009,4.863,30.0,1172,-1,107.29,False,-1,True,True,0.75,0.0,0.0,False,False,0.219,0.0,114.697,1172,113.1,,,,,0,False,False,0.0,False,5.81,5.38,20.0,
74.1,92710,313.216,-790.214,-0.009,4.966,30.0,1172,-1,107.54,False,-1,True,True,0.75,0.0,0.0,False,False,0.235,0.0,114.698,1172,113.1,,,,,0,False,False,0.0,False,5.56,5.43,20.0,
74.15,92711,313.111,-789.985,-0.009,5.07,30.0,1172,-1,107.79,False,-1,True,True,0.75,0.0,0.0,False,False,0.246,0.0,114.699,1172,113.1,,,,,0,False,False,0.0,False,5.31,5.48,20.0,
74.2,92712,313.004,-789.753,-0.009,5.154,30.0,1172,-1,108.05,False,-1,True,True,0.75,0.0,0.0,False,False,0.251,-0.001,114.7,1172,117.07,,,,,0,False,False,0.0,False,9.02,5.53,20.0,
74.25,92713,312.894,-789.515,-0.009,5.308,30.0,1172,-1,108.31,False,-1,True,True,0.75,0.0,-0.0,False,False,0.257,-0.0,114.701,1172,117.07,,,,,0,False,False,0.0,False,8.76,5.58,20.0,
74.3,92714,312.784,-789.273,-0.009,5.31,30.0,1172,-1,108.57,False,-1,True,True,0.75,0.0,0.0,False,False,0.25,-0.0,114.715,1172,117.07,,,,,0,False,False,0.0,False,8.5,5.65,20.0,
74.35,92715,312.672,-789.031,-0.009,5.359,30.0,1172,-1,108.84,False,-1,True,True,0.75,0.0,-0.001,False,False,0.221,0.002,114.688,1172,117.07,,,,,0,False,False,0.0,False,8.23,5.66,20.0,
74.4,92716,312.561,-788.79,-0.009,5.282,30.0,1172,-1,109.11,False,-1,True,True,0.75,0.0,0.002,False,False,0.174,-0.002,114.723,1172,117.07,,,,,0,False,False,0.0,False,7.97,5.68,20.0,
74.45,92717,312.45,-788.549,-0.008,5.361,30.0,1172,-1,109.37,False,-1,True,True,0.75,0.0,-0.003,False,False,0.145,0.003,114.701,1172,117.07,,,,,0,False,False,0.0,False,7.7,5.64,20.0,
74.5,92718,312.339,-788.306,-0.008,5.315,30.0,1172,-1,109.64,False,-1,True,True,0.736,0.0,0.002,False,False,0.122,-0.0,114.735,1172,117.07,,,,,0,False,False,0.0,False,7.43,5.68,20.0,
74.55,92719,312.227,-788.063,-0.008,5.381,30.0,1172,-1,109.91,False,-1,True,True,0.75,0.0,-0.003,False,False,0.111,0.003,114.71,1172,117.07,,,,,0,False,False,0.0,False,7.17,5.66,20.0,
74.6,92720,312.116,-787.821,-0.008,5.307,30.0,1172,-1,110.17,False,-1,True,True,0.656,0.0,0.002,False,False,0.093,-0.001,114.738,1172,117.07,,,,,0,False,False,0.0,False,6.9,5.69,20.0,
74.65,92721,312.001,-787.57,-0.008,5.729,30.0,1172,-1,110.45,False,-1,True,True,0.75,0.0,-0.003,False,False,0.155,0.002,114.746,1172,117.07,,,,,0,False,False,0.0,False,6.62,5.65,20.0,
74.7,92722,311.877,-787.299,-0.01,6.047,30.0,1172,-1,110.75,False,-1,True,True,0.0,0.3,-0.002,False,False,0.3,0.003,114.752,1172,117.07,,,,,0,False,False,0.0,False,6.32,5.86,20.0,
74.75,92723,311.746,-787.015,-0.011,6.329,30.0,1172,-1,111.06,False,-1,True,True,0.0,0.3,-0.002,False,False,0.404,0.003,114.747,1172,117.07,,,,,0,False,False,0.0,False,6.01,6.02,20.0,
74.8,92724,311.614,-786.728,-0.011,6.319,30.0,1172,-1,111.38,False,-1,True,True,0.0,0.3,0.0,False,False,0.407,-0.001,114.744,1427,1.99,,,,,0,False,False,0.0,False,9.67,6.16,20.0,
74.85,92725,311.482,-786.44,-0.01,6.329,30.0,1172,-1,111.69,False,-1,True,True,0.0,0.3,-0.0,False,False,0.344,-0.004,114.741,1427,1.99,,,,,0,False,False,0.0,False,9.35,6.16,20.0,
74.9,92726,311.352,-786.159,-0.009,6.142,30.0,1172,-1,112.0,False,-1,True,True,0.0,0.3,-0.0,False,False,0.232,-0.004,114.748,1427,1.99,,,,,0,False,False,0.0,False,9.04,6.16,20.0,
74.95,92727,311.225,-785.884,-0.008,6.035,30.0,1172,-1,112.31,False,-1,True,True,0.0,0.3,-0.001,False,False,0.115,-0.002,114.721,1427,1.99,,,,,0,False,False,0.0,False,8.74,6.07,20.0,
75.0,92728,311.102,-785.617,-0.007,5.787,30.0,1172,-1,112.6,False,-1,True,True,0.0,0.3,0.002,False,False,0.0,-0.006,114.745,1427,1.99,,,,,0,False,False,0.0,False,8.45,6.02,20.0,
75.05,92729,310.983,-785.359,-0.006,5.649,30.0,1172,-1,112.88,False,-1,True,True,0.0,0.3,-0.002,False,False,-0.091,-0.002,114.717,1427,1.99,,,,,0,False,False,0.0,False,8.16,5.89,20.0,
75.1,92730,310.869,-785.11,-0.006,5.379,30.0,1172,-1,113.16,False,-1,True,True,0.0,0.3,0.002,False,False,-0.169,-0.004,114.742,1427,1.99,,,,,0,False,False,0.0,False,7.89,5.82,20.0,
75.15,92731,310.758,-784.87,-0.005,5.268,30.0,1172,-1,113.42,False,-1,True,True,0.596,0.0,-0.002,False,False,-0.216,-0.0,114.713,1427,1.99,,,,,0,False,False,0.0,False,7.62,5.69,20.0,
75.2,92732,310.651,-784.636,-0.005,5.065,30.0,1172,-1,113.68,False,-1,True,True,0.75,0.0,0.002,False,False,-0.238,-0.002,114.747,1427,1.99,,,,,0,False,False,0.0,False,7.37,5.63,20.0,
75.25,92733,310.545,-784.406,-0.005,5.089,30.0,1172,-1,113.93,False,-1,True,True,0.75,0.0,-0.003,False,False,-0.217,0.003,114.714,1427,1.99,,,,,0,False,False,0.0,False,7.11,5.53,20.0,
75.3,92734,310.439,-784.177,-0.006,5.012,30.0,1172,-1,114.18,False,-1,True,True,0.75,0.0,0.002,False,False,-0.166,-0.001,114.741,1427,1.99,,,,,0,False,False,0.0,False,6.86,5.54,20.0,
75.35,92735,310.335,-783.95,-0.006,4.863,30.0,1172,-1,114.43,False,-1,True,True,0.75,0.0,-0.002,False,False,-0.134,0.002,114.722,1427,1.99,,,,,0,False,False,0.0,False,6.61,5.51,20.0,
75.4,92736,310.238,-783.741,-0.005,4.477,30.0,1172,-1,114.66,False,-1,True,True,0.75,0.0,0.001,False,False,-0.213,-0.0,114.748,1427,1.99,,,,,0,False,False,0.0,False,6.38,5.43,20.0,
75.45,92737,310.148,-783.545,-0.005,4.237,30.0,1172,-1,114.88,False,-1,True,True,0.75,0.0,-0.003,False,False,-0.289,0.002,114.749,1427,1.99,,,,,0,False,False,0.0,False,6.16,5.24,20.0,
75.5,92738,310.062,-783.356,-0.005,4.114,30.0,1172,-1,115.09,False,-1,True,True,0.75,0.0,-0.001,False,False,-0.312,0.002,114.745,1427,1.99,,,,,0,False,False,0.0,False,5.96,5.12,20.0,
75.55,92739,309.976,-783.17,-0.005,4.076,30.0,1172,-1,115.29,False,-1,True,True,0.75,0.0,-0.0,False,False,-0.28,0.0,114.742,1427,1.99,,,,,0,False,False,0.0,False,5.75,5.06,20.0,
75.6,92740,309.89,-782.984,-0.005,4.094,30.0,1172,-1,115.5,False,-1,True,True,0.75,0.0,-0.0,False,False,-0.211,-0.001,114.74,1427,1.99,,,,,0,False,False,0.0,False,5.55,5.04,20.0,
75.65,92741,309.804,-782.796,-0.006,4.147,30.0,1172,-1,115.7,False,-1,True,True,0.75,0.0,-0.0,False,False,-0.125,-0.001,114.738,1427,1.99,,,,,0,False,False,0.0,False,5.34,5.05,20.0,
75.7,92742,309.716,-782.605,-0.007,4.221,30.0,1172,-1,115.91,False,-1,True,True,0.75,0.0,-0.0,False,False,-0.04,-0.001,114.736,1427,1.99,,,,,0,False,False,0.0,False,5.13,5.07,20.0,
75.75,92743,309.626,-782.411,-0.008,4.307,30.0,1172,-1,116.13,False,-1,True,True,0.75,0.0,-0.0,False,False,0.037,-0.001,114.734,1427,1.99,,,,,0,False,False,0.0,False,4.92,5.11,20.0,
75.8,92744,309.534,-782.212,-0.008,4.402,30.0,1172,-1,116.35,False,-1,True,True,0.75,0.0,0.016,False,False,0.1,-0.026,114.78,1427,5.98,,,,,0,False,False,0.0,False,8.66,5.15,20.0,
75.85,92745,309.44,-782.01,-0.009,4.501,30.0,1172,-1,116.57,False,-1,True,True,0.75,0.0,-0.0,False,False,0.149,-0.022,114.812,1427,5.98,,,,,0,False,False,0.0,False,8.44,5.2,20.0,
75.9,92746,309.344,-781.802,-0.009,4.603,30.0,1172,-1,116.8,False,-1,True,True,0.75,0.0,-0.0,False,False,0.186,-0.01,114.82,1427,5.98,,,,,0,False,False,0.0,False,8.21,5.25,20.0,
75.95,92747,309.246,-781.591,-0.009,4.707,30.0,1172,-1,117.03,False,-1,True,True,0.75,0.0,0.001,False,False,0.213,-0.004,114.826,1427,5.98,,,,,0,False,False,0.0,False,7.98,5.3,20.0,
76.0,92748,309.145,-781.374,-0.009,4.811,30.0,1172,-1,117.27,False,-1,True,True,0.75,0.0,0.001,False,False,0.232,-0.003,114.834,1427,5.98,,,,,0,False,False,0.0,False,7.74,5.35,20.0,
76.05,92749,309.043,-781.153,-0.009,4.916,30.0,1172,-1,117.52,False,-1,True,True,0.75,0.0,0.001,False,False,0.244,-0.001,114.841,1427,5.98,,,,,0,False,False,0.0,False,7.5,5.41,20.0,
76.1,92750,308.938,-780.927,-0.009,5.02,30.0,1172,-1,117.76,False,-1,True,True,0.75,0.0,0.001,False,False,0.252,-0.001,114.847,1427,5.98,,,,,0,False,False,0.0,False,7.25,5.46,20.0,
76.15,92751,308.831,-780.696,-0.009,5.124,30.0,1172,-1,118.02,False,-1,True,True,0.75,0.0,0.001,False,False,0.257,-0.0,114.852,1427,5.98,,,,,0,False,False,0.0,False,6.99,5.51,20.0,
76.2,92752,308.722,-780.462,-0.009,5.184,30.0,1172,-1,118.28,False,-1,True,True,0.75,0.0,0.001,False,False,0.257,0.0,114.856,1427,5.98,,,,,0,False,False,0.0,False,6.73,5.56,20.0,
76.25,92753,308.611,-780.222,-0.009,5.356,30.0,1172,-1,118.54,False,-1,True,True,0.75,0.0,0.0,False,False,0.26,0.0,114.854,1427,5.98,,,,,0,False,False,0.0,False,6.47,5.59,20.0,
76.3,92754,308.499,-779.981,-0.009,5.279,30.0,1172,-1,118.81,False,-1,True,True,0.75,0.0,0.001,False,False,0.232,-0.001,114.879,1427,5.98,,,,,0,False,False,0.0,False,6.2,5.68,20.0,
76.35,92755,308.388,-779.74,-0.009,5.337,30.0,1427,-1,0.02,True,10,True,True,0.75,0.0,-0.002,False,False,0.192,0.003,114.857,1427,5.98,,,,,0,False,False,0.0,False,5.94,5.64,20.0,
76.4,92756,308.277,-779.5,-0.008,5.271,30.0,1427,-1,0.28,True,10,True,True,0.75,0.0,0.002,False,False,0.151,-0.001,114.895,1427,5.98,,,,,0,False,False,0.0,False,5.67,5.67,20.0,
76.45,92757,308.165,-779.259,-0.008,5.36,30.0,1427,-1,0.55,True,10,True,True,0.75,0.0,-0.003,False,False,0.131,0.003,114.874,1427,5.98,,,,,0,False,False,0.0,False,5.41,5.64,20.0,
76.5,92758,308.051,-779.019,-0.008,5.288,30.0,1427,-1,0.81,True,10,True,True,0.739,0.0,0.05,False,False,0.11,-0.077,115.035,1427,9.96,,,,,0,False,False,0.0,False,9.1,5.68,20.0,
76.55,92759,307.936,-778.778,-0.008,5.354,30.0,1427,-1,1.08,True,10,True,True,0.75,0.0,-0.001,False,False,0.098,-0.068,115.128,1427,9.96,,,,,0,False,False,0.0,False,8.83,5.64,20.0,
76.6,92760,307.822,-778.534,-0.008,5.535,30.0,1427,-1,1.35,True,10,True,True,0.75,0.0,0.001,False,False,0.123,-0.036,115.214,1427,9.96,,,,,0,False,False,0.0,False,8.56,5.68,20.0,
76.65,92761,307.696,-778.268,-0.009,6.038,30.0,1427,-1,1.64,True,10,True,True,0.095,0.0,-0.001,False,False,0.275,-0.014,115.256,1427,9.96,,,,,0,False,False,0.0,False,8.27,5.77,20.0,
76.7,92762,307.564,-777.988,-0.011,6.224,30.0,1427,-1,1.95,True,10,True,True,0.0,0.3,0.001,False,False,0.392,-0.006,115.276,1427,9.96,,,,,0,False,False,0.0,False,7.96,6.02,20.0,
76.75,92763,307.429,-777.702,-0.011,6.36,30.0,1427,-1,2.27,True,10,True,True,0.0,0.3,0.002,False,False,0.419,-0.007,115.292,1427,9.96,,,,,0,False,False,0.0,False,7.64,6.11,20.0,
76.8,92764,307.295,-777.418,-0.01,6.245,30.0,1427,-1,2.58,True,10,True,True,0.0,0.3,0.002,False,False,0.355,-0.008,115.31,1427,9.96,,,,,0,False,False,0.0,False,7.33,6.18,20.0,
76.85,92765,307.162,-777.138,-0.009,6.183,30.0,1427,-1,2.89,True,10,True,True,0.0,0.3,0.001,False,False,0.251,-0.007,115.306,1427,9.96,,,,,0,False,False,0.0,False,7.02,6.12,20.0,
76.9,92766,307.033,-776.865,-0.008,5.958,30.0,1427,-1,3.19,True,10,True,True,0.0,0.3,0.002,False,False,0.125,-0.009,115.342,1427,9.96,,,,,0,False,False,0.0,False,6.72,6.09,20.0,
76.95,92767,306.908,-776.6,-0.007,5.834,30.0,1427,-1,3.49,True,10,True,True,0.0,0.3,-0.001,False,False,0.014,-0.004,115.323,1427,9.96,,,,,0,False,False,0.0,False,6.42,5.98,20.0,
77.0,92768,306.786,-776.345,-0.006,5.574,30.0,1427,-1,3.77,True,10,True,True,0.0,0.3,0.003,False,False,-0.086,-0.006,115.356,1427,9.96,,,,,0,False,False,0.0,False,6.14,5.92,20.0,
77.05,92769,306.669,-776.097,-0.006,5.456,30.0,1427,-1,4.04,True,10,True,True,0.0,0.102,-0.002,False,False,-0.154,-0.002,115.335,1427,9.96,,,,,0,False,False,0.0,False,5.86,5.79,20.0,
77.1,92770,306.555,-775.857,-0.005,5.234,30.0,1427,-1,4.31,True,10,True,True,0.324,0.0,0.003,False,False,-0.2,-0.003,115.373,1427,9.96,,,,,0,False,False,0.0,False,5.6,5.73,20.0,
77.15,92771,306.442,-775.623,-0.005,5.162,30.0,1427,-1,4.57,True,10,True,True,0.75,0.0,0.046,False,False,-0.215,-0.065,115.464,1427,13.94,,,,,0,False,False,0.0,False,9.32,5.62,20.0,
77.2,92772,306.332,-775.395,-0.005,5.028,30.0,1427,-1,4.82,True,10,True,True,0.75,0.0,0.006,False,False,-0.21,-0.066,115.611,1427,13.94,,,,,0,False,False,0.0,False,9.07,5.58,20.0,
77.25,92773,306.221,-775.167,-0.006,5.095,30.0,1427,-1,5.08,True,10,True,True,0.75,0.0,-0.003,False,False,-0.158,-0.032,115.631,1427,13.94,,,,,0,False,False,0.0,False,8.81,5.51,20.0,
77.3,92774,306.112,-774.94,-0.006,4.923,30.0,1427,-1,5.33,True,10,True,True,0.75,0.0,0.006,False,False,-0.117,-0.018,115.666,1427,13.94,,,,,0,False,False,0.0,False,8.56,5.55,20.0,
77.35,92775,306.01,-774.728,-0.006,4.564,30.0,1427,-1,5.56,True,10,True,True,0.75,0.0,0.004,False,False,-0.182,-0.013,115.721,1427,13.94,,,,,0,False,False,0.0,False,8.33,5.46,20.0,
77.4,92776,305.915,-774.53,-0.005,4.305,30.0,1427,-1,5.78,True,10,True,True,0.75,0.0,0.001,False,False,-0.264,-0.005,115.742,1427,13.94,,,,,0,False,False,0.0,False,8.11,5.28,20.0,
77.45,92777,305.823,-774.341,-0.005,4.168,30.0,1427,-1,5.99,True,10,True,True,0.75,0.0,0.002,False,False,-0.298,-0.002,115.754,1427,13.94,,,,,0,False,False,0.0,False,7.9,5.15,20.0,
77.5,92778,305.733,-774.155,-0.005,4.119,30.0,1427,-1,6.2,True,10,True,True,0.75,0.0,0.002,False,False,-0.277,-0.002,115.766,1427,13.94,,,,,0,False,False,0.0,False,7.69,5.08,20.0,
77.55,92779,305.643,-773.969,-0.005,4.131,30.0,1427,-1,6.41,True,10,True,True,0.75,0.0,0.002,False,False,-0.215,-0.002,115.778,1427,13.94,,,,,0,False,False,0.0,False,7.48,5.06,20.0,
77.6,92780,305.552,-773.781,-0.006,4.179,30.0,1427,-1,6.62,True,10,True,True,0.75,0.0,0.002,False,False,-0.133,-0.002,115.787,1427,13.94,,,,,0,False,False,0.0,False,7.28,5.07,20.0,
77.65,92781,305.46,-773.59,-0.007,4.249,30.0,1427,-1,6.83,True,10,True,True,0.75,0.0,0.001,False,False,-0.049,-0.001,115.796,1427,13.94,,,,,0,False,False,0.0,False,7.06,5.09,20.0,
77.7,92782,305.366,-773.396,-0.008,4.334,30.0,1427,-1,7.04,True,10,True,True,0.75,0.0,0.001,False,False,0.028,-0.001,115.803,1427,13.94,,,,,0,False,False,0.0,False,6.85,5.12,20.0,
77.75,92783,305.27,-773.198,-0.008,4.427,30.0,1427,-1,7.26,True,10,True,True,0.75,0.0,0.001,False,False,0.092,-0.0,115.809,1427,13.94,,,,,0,False,False,0.0,False,6.63,5.17,20.0,
77.8,92784,305.172,-772.996,-0.008,4.526,30.0,1427,-1,7.49,True,10,True,True,0.75,0.0,0.001,False,False,0.143,-0.0,115.815,1427,13.94,,,,,0,False,False,0.0,False,6.4,5.21,20.0,
77.85,92785,305.072,-772.789,-0.009,4.627,30.0,1427,-1,7.72,True,10,True,True,0.75,0.0,0.001,False,False,0.181,-0.0,115.82,1427,13.94,,,,,0,False,False,0.0,False,6.17,5.26,20.0,
77.9,92786,304.969,-772.578,-0.009,4.73,30.0,1427,-1,7.95,True,10,True,True,0.75,0.0,0.001,False,False,0.209,-0.0,115.824,1427,13.94,,,,,0,False,False,0.0,False,5.94,5.31,20.0,
77.95,92787,304.865,-772.362,-0.009,4.834,30.0,1427,-1,8.19,True,10,True,True,0.75,0.0,0.001,False,False,0.229,-0.0,115.828,1427,13.94,,,,,0,False,False,0.0,False,5.7,5.37,20.0,
78.0,92788,304.758,-772.142,-0.009,4.938,30.0,1427,-1,8.44,True,10,True,True,0.75,0.0,0.0,False,False,0.242,0.0,115.831,1427,13.94,,,,,0,False,False,0.0,False,5.45,5.42,20.0,
78.05,92789,304.648,-771.918,-0.009,5.041,30.0,1427,-1,8.69,True,10,True,True,0.75,0.0,0.024,False,False,0.25,-0.041,115.906,1127,1.69,,,,,0,False,False,0.0,False,8.89,5.47,20.0,
78.1,92790,304.535,-771.688,-0.009,5.142,30.0,1427,-1,8.94,True,10,True,True,0.75,0.0,0.0,False,False,0.256,-0.033,115.956,1127,1.69,,,,,0,False,False,0.0,False,8.64,5.52,20.0,
78.15,92791,304.422,-771.455,-0.009,5.195,30.0,1427,-1,9.2,True,10,True,True,0.75,0.0,0.0,False,False,0.25,-0.014,115.999,1127,1.69,,,,,0,False,False,0.0,False,8.38,5.57,20.0,
78.2,92792,304.308,-771.223,-0.009,5.168,30.0,1427,-1,9.46,True,10,True,True,0.75,0.0,-0.0,False,False,0.21,-0.002,115.964,1127,1.69,,,,,0,False,False,0.0,False,8.12,5.6,20.0,
78.25,92793,304.195,-770.992,-0.008,5.158,30.0,1427,-1,9.72,True,10,True,True,0.75,0.0,0.006,False,False,0.166,-0.007,116.025,1127,1.69,,,,,0,False,False,0.0,False,7.86,5.58,20.0,
78.3,92794,304.082,-770.76,-0.008,5.165,30.0,1427,-1,9.98,True,10,True,True,0.75,0.0,-0.002,False,False,0.133,-0.0,115.992,1127,1.69,,,,,0,False,False,0.0,False,7.6,5.58,20.0,
78.35,92795,303.968,-770.528,-0.008,5.186,30.0,1427,-1,10.23,True,10,True,True,0.75,0.0,0.005,False,False,0.116,-0.004,116.047,1127,1.69,,,,,0,False,False,0.0,False,7.34,5.58,20.0,
78.4,92796,303.854,-770.294,-0.008,5.202,30.0,1427,-1,10.49,True,10,True,True,0.75,0.0,-0.003,False,False,0.109,0.002,116.009,1127,1.69,,,,,0,False,False,0.0,False,7.08,5.59,20.0,
78.45,92797,303.74,-770.061,-0.008,5.199,30.0,1427,-1,10.75,True,10,True,True,0.75,0.0,0.005,False,False,0.098,-0.003,116.059,1127,1.69,,,,,0,False,False,0.0,False,6.82,5.6,20.0,
78.5,92798,303.625,-769.827,-0.008,5.239,30.0,1427,-1,11.01,True,10,True,True,0.75,0.0,-0.003,False,False,0.092,0.002,116.024,1127,1.69,,,,,0,False,False,0.0,False,6.56,5.6,20.0,
78.55,92799,303.503,-769.577,-0.009,5.738,30.0,1427,-1,11.29,True,10,True,True,0.75,0.0,0.004,False,False,0.214,-0.003,116.02,1127,1.69,,,,,0,False,False,0.0,False,6.29,5.62,20.0,
78.6,92800,303.371,-769.307,-0.01,6.107,30.0,1427,-1,11.59,True,10,True,True,0.0,0.3,0.002,False,False,0.368,-0.005,116.008,1127,1.69,,,,,0,False,False,0.0,False,5.99,5.87,20.0,
78.65,92801,303.233,-769.027,-0.011,6.299,30.0,1427,-1,11.9,True,10,True,True,0.0,0.3,0.014,False,False,0.45,-0.03,116.077,1127,5.08,,,,,0,False,False,0.0,False,9.06,6.05,20.0,
78.7,92802,303.093,-768.744,-0.011,6.325,30.0,1427,-1,12.28,True,10,True,True,0.0,0.3,-0.001,False,False,0.435,-0.019,116.091,1127,5.08,,,,,0,False,False,0.0,False,8.74,6.15,20.0,
78.75,92803,302.955,-768.463,-0.01,6.231,30.0,1427,-1,12.59,True,10,True,True,0.0,0.3,0.002,False,False,0.341,-0.009,116.146,1127,5.08,,,,,0,False,False,0.0,False,8.43,6.16,20.0,
78.8,92804,302.82,-768.188,-0.009,6.098,30.0,1427,-1,12.89,True,10,True,True,0.0,0.3,-0.002,False,False,0.219,0.002,116.115,1127,5.08,,,,,0,False,False,0.0,False,8.12,6.12,20.0,
78.85,92805,302.688,-767.919,-0.008,5.935,30.0,1427,-1,13.19,True,10,True,True,0.0,0.3,0.004,False,False,0.097,-0.002,116.163,1127,5.08,,,,,0,False,False,0.0,False,7.82,6.05,20.0,
78.9,92806,302.56,-767.658,-0.007,5.754,30.0,1427,-1,13.48,True,10,True,True,0.0,0.3,-0.002,False,False,-0.011,0.003,116.13,1127,5.08,,,,,0,False,False,0.0,False,7.53,5.97,20.0,
78.95,92807,302.436,-767.406,-0.006,5.559,30.0,1427,-1,13.77,True,10,True,True,0.0,0.3,0.004,False,False,-0.1,-0.002,116.177,1127,5.08,,,,,0,False,False,0.0,False,7.25,5.88,20.0,
79.0,92808,302.316,-767.162,-0.006,5.384,30.0,1427,-1,14.04,True,10,True,True,0.0,0.045,-0.003,False,False,-0.165,0.003,116.139,1127,5.08,,,,,0,False,False,0.0,False,6.98,5.78,20.0,
79.05,92809,302.2,-766.925,-0.005,5.231,30.0,1427,-1,14.3,True,10,True,True,0.583,0.0,0.004,False,False,-0.202,-0.002,116.186,1127,5.08,,,,,0,False,False,0.0,False,6.72,5.69,20.0,
79.1,92810,302.086,-766.694,-0.005,5.096,30.0,1427,-1,14.56,True,10,True,True,0.75,0.0,-0.003,False,False,-0.216,0.002,116.145,1127,5.08,,,,,0,False,False,0.0,False,6.46,5.62,20.0,
79.15,92811,301.974,-766.465,-0.005,5.093,30.0,1427,-1,14.81,True,10,True,True,0.75,0.0,0.004,False,False,-0.186,-0.002,116.206,1127,5.08,,,,,0,False,False,0.0,False,6.2,5.55,20.0,
79.2,92812,301.861,-766.236,-0.006,5.091,30.0,1427,-1,15.07,True,10,True,True,0.75,0.0,-0.005,False,False,-0.132,0.004,116.164,1127,5.08,,,,,0,False,False,0.0,False,5.95,5.55,20.0,
79.25,92813,301.753,-766.017,-0.006,4.717,30.0,1427,-1,15.31,True,10,True,True,0.75,0.0,0.003,False,False,-0.156,0.0,116.165,1127,5.08,,,,,0,False,False,0.0,False,5.7,5.55,20.0,
79.3,92814,301.654,-765.816,-0.005,4.374,30.0,1427,-1,15.54,True,10,True,True,0.75,0.0,0.001,False,False,-0.254,-0.001,116.151,1127,5.08,,,,,0,False,False,0.0,False,5.48,5.36,20.0,
79.35,92815,301.561,-765.626,-0.005,4.17,30.0,1427,-1,15.75,True,10,True,True,0.75,0.0,0.002,False,False,-0.319,-0.003,116.153,1127,5.08,,,,,0,False,False,0.0,False,5.27,5.19,20.0,
79.4,92816,301.47,-765.442,-0.005,4.074,30.0,1127,-1,0.02,False,-1,True,True,0.75,0.0,0.001,False,False,-0.323,-0.002,116.158,1127,5.08,,,,,0,False,False,0.0,False,5.06,5.08,20.0,
79.45,92817,301.38,-765.259,-0.005,4.055,30.0,1127,-1,0.22,False,-1,True,True,0.75,0.0,0.0,False,False,-0.275,-0.0,116.161,1127,5.08,,,,,0,False,False,0.0,False,4.86,5.04,20.0,
79.5,92818,301.29,-765.076,-0.006,4.084,30.0,1127,-1,0.42,False,-1,True,True,0.75,0.0,0.009,False,False,-0.196,-0.013,116.188,1127,8.46,,,,,0,False,False,0.0,False,8.04,5.03,20.0,
79.55,92819,301.198,-764.891,-0.006,4.144,30.0,1127,-1,0.63,False,-1,True,True,0.75,0.0,0.0,False,False,-0.107,-0.01,116.207,1127,8.46,,,,,0,False,False,0.0,False,7.83,5.04,20.0,
79.6,92820,301.105,-764.702,-0.007,4.223,30.0,1127,-1,0.84,False,-1,True,True,0.75,0.0,0.001,False,False,-0.021,-0.004,116.214,1127,8.46,,,,,0,False,False,0.0,False,7.62,5.07,20.0,
79.65,92821,301.011,-764.51,-0.008,4.312,30.0,1127,-1,1.05,False,-1,True,True,0.75,0.0,0.001,False,False,0.053,-0.002,116.22,1127,8.46,,,,,0,False,False,0.0,False,7.41,5.11,20.0,
79.7,92822,300.914,-764.313,-0.008,4.409,30.0,1127,-1,1.27,False,-1,True,True,0.75,0.0,0.001,False,False,0.114,-0.001,116.227,1127,8.46,,,,,0,False,False,0.0,False,7.19,5.16,20.0,
79.75,92823,300.815,-764.113,-0.009,4.509,30.0,1127,-1,1.5,False,-1,True,True,0.75,0.0,0.001,False,False,0.16,-0.0,116.232,1127,8.46,,,,,0,False,False,0.0,False,6.97,5.2,20.0,
79.8,92824,300.713,-763.907,-0.009,4.612,30.0,1127,-1,1.73,False,-1,True,True,0.75,0.0,0.001,False,False,0.195,-0.0,116.237,1127,8.46,,,,,0,False,False,0.0,False,6.74,5.25,20.0,
79.85,92825,300.61,-763.698,-0.009,4.716,30.0,1127,-1,1.96,False,-1,True,True,0.75,0.0,0.001,False,False,0.219,0.0,116.241,1127,8.46,,,,,0,False,False,0.0,False,6.5,5.31,20.0,
79.9,92826,300.504,-763.483,-0.009,4.821,30.0,1127,-1,2.2,False,-1,True,True,0.75,0.0,0.001,False,False,0.236,0.0,116.245,1127,8.46,,,,,0,False,False,0.0,False,6.26,5.36,20.0,
79.95,92827,300.396,-763.264,-0.009,4.925,30.0,1127,-1,2.44,False,-1,True,True,0.75,0.0,0.0,False,False,0.247,0.0,116.248,1127,8.46,,,,,0,False,False,0.0,False,6.02,5.41,20.0,
80.0,92828,300.286,-763.04,-0.009,5.029,30.0,1127,-1,2.69,False,-1,True,True,0.75,0.0,0.0,False,False,0.254,0.0,116.251,1127,8.46,,,,,0,False,False,0.0,False,5.77,5.46,20.0,
80.05,92829,300.173,-762.812,-0.009,5.131,30.0,1127,-1,2.95,False,-1,True,True,0.75,0.0,0.0,False,False,0.258,0.0,116.253,1127,8.46,,,,,0,False,False,0.0,False,5.52,5.51,20.0,
80.1,92830,300.058,-762.579,-0.009,5.269,30.0,1127,-1,3.21,False,-1,True,True,0.75,0.0,0.005,False,False,0.261,-0.009,116.271,1127,11.85,,,,,0,False,False,0.0,False,8.64,5.57,20.0,
80.15,92831,299.941,-762.343,-0.009,5.282,30.0,1127,-1,3.47,False,-1,True,True,0.75,0.0,-0.0,False,False,0.255,-0.006,116.273,1127,11.85,,,,,0,False,False,0.0,False,8.38,5.63,20.0,
80.2,92832,299.823,-762.105,-0.009,5.334,30.0,1127,-1,3.74,False,-1,True,True,0.75,0.0,0.001,False,False,0.228,-0.004,116.302,1127,11.85,,,,,0,False,False,0.0,False,8.11,5.64,20.0,
80.25,92833,299.706,-761.868,-0.009,5.254,30.0,1127,-1,4.0,False,-1,True,True,0.75,0.0,-0.002,False,False,0.18,0.001,116.269,1127,11.85,,,,,0,False,False,0.0,False,7.85,5.67,20.0,
80.3,92834,299.589,-761.631,-0.008,5.331,30.0,1127,-1,4.26,False,-1,True,True,0.75,0.0,0.004,False,False,0.148,-0.003,116.295,1127,11.85,,,,,0,False,False,0.0,False,7.58,5.63,20.0,
80.35,92835,299.471,-761.394,-0.008,5.283,30.0,1127,-1,4.53,False,-1,True,True,0.75,0.0,-0.001,False,False,0.124,-0.0,116.265,1127,11.85,,,,,0,False,False,0.0,False,7.32,5.67,20.0,
80.4,92836,299.353,-761.155,-0.008,5.354,30.0,1127,-1,4.8,False,-1,True,True,0.75,0.0,0.003,False,False,0.113,-0.003,116.296,1127,11.85,,,,,0,False,False,0.0,False,7.05,5.64,20.0,
80.45,92837,299.235,-760.917,-0.008,5.281,30.0,1127,-1,5.06,False,-1,True,True,0.75,0.0,-0.002,False,False,0.095,0.001,116.271,1127,11.85,,,,,0,False,False,0.0,False,6.79,5.68,20.0,
80.5,92838,299.116,-760.674,-0.008,5.607,30.0,1127,-1,5.33,False,-1,True,True,0.75,0.0,0.003,False,False,0.129,-0.002,116.31,1127,11.85,,,,,0,False,False,0.0,False,6.52,5.64,20.0,
80.55,92839,298.986,-760.412,-0.009,5.948,30.0,1127,-1,5.62,False,-1,True,True,0.0,0.162,-0.003,False,False,0.27,0.003,116.329,1127,11.85,,,,,0,False,False,0.0,False,6.22,5.8,20.0,
80.6,92840,298.85,-760.135,-0.01,6.257,30.0,1127,-1,5.93,False,-1,True,True,0.0,0.3,-0.002,False,False,0.387,0.007,116.327,1127,11.85,,,,,0,False,False,0.0,False,5.91,5.97,20.0,
80.65,92841,298.711,-759.854,-0.011,6.259,30.0,1127,-1,6.25,False,-1,True,True,0.0,0.3,0.002,False,False,0.403,-0.002,116.332,1127,15.23,,,,,0,False,False,0.0,False,8.99,6.13,20.0,
80.7,92842,298.571,-759.573,-0.01,6.279,30.0,1127,-1,6.56,False,-1,True,True,0.0,0.3,-0.0,False,False,0.349,-0.004,116.336,1127,15.23,,,,,0,False,False,0.0,False,8.67,6.13,20.0,
80.75,92843,298.435,-759.297,-0.009,6.093,30.0,1127,-1,6.87,False,-1,True,True,0.0,0.3,-0.0,False,False,0.241,-0.003,116.351,1127,15.23,,,,,0,False,False,0.0,False,8.36,6.14,20.0,
80.8,92844,298.302,-759.028,-0.008,5.988,30.0,1127,-1,7.17,False,-1,True,True,0.0,0.3,-0.001,False,False,0.124,-0.001,116.323,1127,15.23,,,,,0,False,False,0.0,False,8.06,6.05,20.0,
80.85,92845,298.173,-758.767,-0.007,5.744,30.0,1127,-1,7.46,False,-1,True,True,0.0,0.3,0.002,False,False,0.008,-0.005,116.35,1127,15.23,,,,,0,False,False,0.0,False,7.77,5.99,20.0,
80.9,92846,298.047,-758.514,-0.006,5.608,30.0,1127,-1,7.74,False,-1,True,True,0.0,0.3,-0.002,False,False,-0.084,-0.002,116.323,1127,15.23,,,,,0,False,False,0.0,False,7.49,5.87,20.0,
80.95,92847,297.927,-758.27,-0.006,5.351,30.0,1127,-1,8.01,False,-1,True,True,0.0,0.221,0.002,False,False,-0.161,-0.004,116.353,1127,15.23,,,,,0,False,False,0.0,False,7.22,5.8,20.0,
81.0,92848,297.809,-758.034,-0.005,5.25,30.0,1127,-1,8.28,False,-1,True,True,0.704,0.0,-0.002,False,False,-0.204,0.001,116.328,1127,15.23,,,,,0,False,False,0.0,False,6.96,5.68,20.0,
81.05,92849,297.696,-757.804,-0.005,5.048,30.0,1127,-1,8.53,False,-1,True,True,0.75,0.0,0.002,False,False,-0.226,-0.001,116.364,1127,15.23,,,,,0,False,False,0.0,False,6.7,5.63,20.0,
81.1,92850,297.584,-757.579,-0.005,5.04,30.0,1127,-1,8.79,False,-1,True,True,0.75,0.0,-0.003,False,False,-0.214,0.004,116.372,1127,15.23,,,,,0,False,False,0.0,False,6.45,5.52,20.0,
81.15,92851,297.473,-757.353,-0.006,4.941,30.0,1127,-1,9.04,False,-1,True,True,0.75,0.0,-0.001,False,False,-0.163,0.005,116.378,1127,15.23,,,,,0,False,False,0.0,False,6.2,5.52,20.0,
81.2,92852,297.362,-757.128,-0.006,4.937,30.0,1127,-1,9.29,False,-1,True,True,0.75,0.0,-0.002,False,False,-0.112,0.003,116.366,1127,15.23,,,,,0,False,False,0.0,False,5.94,5.47,20.0,
81.25,92853,297.258,-756.92,-0.006,4.515,30.0,1127,-1,9.52,False,-1,True,True,0.75,0.0,0.0,False,False,-0.184,0.001,116.335,1127,15.23,,,,,0,False,False,0.0,False,5.71,5.47,20.0,
81.3,92854,297.162,-756.726,-0.005,4.261,30.0,1127,-1,9.74,False,-1,True,True,0.75,0.0,0.002,False,False,-0.267,-0.004,116.332,1127,15.23,,,,,0,False,False,0.0,False,5.5,5.26,20.0,
81.35,92855,297.069,-756.539,-0.005,4.128,30.0,1127,-1,9.95,False,-1,True,True,0.75,0.0,0.0,False,False,-0.299,-0.004,116.335,1127,15.23,,,,,0,False,False,0.0,False,5.29,5.13,20.0,
81.4,92856,296.979,-756.355,-0.005,4.083,30.0,1127,-1,10.15,False,-1,True,True,0.75,0.0,-0.0,False,False,-0.276,-0.002,116.336,1127,15.23,,,,,0,False,False,0.0,False,5.08,5.06,20.0,
81.45,92857,296.888,-756.172,-0.005,4.097,30.0,1127,-1,10.36,False,-1,True,True,0.75,0.0,-0.0,False,False,-0.212,-0.001,116.336,1127,15.23,,,,,0,False,False,0.0,False,4.88,5.04,20.0,
81.5,92858,296.796,-755.986,-0.006,4.147,30.0,1127,-1,10.56,False,-1,True,True,0.75,0.0,0.002,False,False,-0.13,-0.003,116.342,1127,18.62,,,,,0,False,False,0.0,False,8.06,5.05,20.0,
81.55,92859,296.702,-755.798,-0.007,4.219,30.0,1127,-1,10.77,False,-1,True,True,0.75,0.0,0.0,False,False,-0.045,-0.002,116.346,1127,18.62,,,,,0,False,False,0.0,False,7.84,5.07,20.0,
81.6,92860,296.607,-755.606,-0.008,4.304,30.0,1127,-1,10.99,False,-1,True,True,0.75,0.0,0.0,False,False,0.031,-0.001,116.347,1127,18.62,,,,,0,False,False,0.0,False,7.63,5.11,20.0,
81.65,92861,296.51,-755.41,-0.008,4.398,30.0,1127,-1,11.21,False,-1,True,True,0.75,0.0,0.0,False,False,0.095,-0.0,116.348,1127,18.62,,,,,0,False,False,0.0,False,7.41,5.15,20.0,
81.7,92862,296.411,-755.21,-0.009,4.497,30.0,1127,-1,11.43,False,-1,True,True,0.75,0.0,0.0,False,False,0.145,-0.0,116.35,1127,18.62,,,,,0,False,False,0.0,False,7.19,5.2,20.0,
81.75,92863,296.31,-755.005,-0.009,4.599,30.0,1127,-1,11.66,False,-1,True,True,0.75,0.0,0.0,False,False,0.183,-0.0,116.351,1127,18.62,,,,,0,False,False,0.0,False,6.96,5.25,20.0,
81.8,92864,296.206,-754.796,-0.009,4.702,30.0,1127,-1,11.89,False,-1,True,True,0.75,0.0,0.0,False,False,0.211,0.0,116.352,1127,18.62,,,,,0,False,False,0.0,False,6.73,5.3,20.0,
81.85,92865,296.1,-754.583,-0.009,4.806,30.0,1127,-1,12.13,False,-1,True,True,0.75,0.0,0.0,False,False,0.23,0.0,116.353,1127,18.62,,,,,0,False,False,0.0,False,6.49,5.35,20.0,
81.9,92866,295.992,-754.365,-0.009,4.911,30.0,1127,-1,12.37,False,-1,True,True,0.75,0.0,0.0,False,False,0.243,0.0,116.353,1127,18.62,,,,,0,False,False,0.0,False,6.25,5.4,20.0,
81.95,92867,295.882,-754.142,-0.009,5.015,30.0,1127,-1,12.62,False,-1,True,True,0.75,0.0,0.0,False,False,0.251,0.0,116.354,1127,18.62,,,,,0,False,False,0.0,False,6.0,5.46,20.0,
82.0,92868,295.769,-753.914,-0.009,5.119,30.0,1127,-1,12.88,False,-1,True,True,0.75,0.0,0.0,False,False,0.257,0.0,116.354,1127,18.62,,,,,0,False,False,0.0,False,5.74,5.51,20.0,
82.05,92869,295.654,-753.682,-0.009,5.179,30.0,1127,-1,13.13,False,-1,True,True,0.75,0.0,0.0,False,False,0.257,0.0,116.355,1127,18.62,,,,,0,False,False,0.0,False,5.48,5.56,20.0,
82.1,92870,295.537,-753.446,-0.009,5.354,30.0,1127,-1,13.4,False,-1,True,True,0.75,0.0,0.003,False,False,0.26,-0.005,116.359,1699,1.88,,,,,0,False,False,0.0,False,8.79,5.59,20.0,
82.15,92871,295.419,-753.207,-0.009,5.286,30.0,1127,-1,13.66,False,-1,True,True,0.75,0.0,0.0,False,False,0.236,-0.005,116.388,1699,1.88,,,,,0,False,False,0.0,False,8.52,5.68,20.0,
82.2,92872,295.301,-752.969,-0.009,5.342,30.0,1127,-1,13.93,False,-1,True,True,0.75,0.0,-0.002,False,False,0.196,0.001,116.366,1699,1.88,,,,,0,False,False,0.0,False,8.26,5.64,20.0,
82.25,92873,295.183,-752.732,-0.008,5.275,30.0,1127,-1,14.19,False,-1,True,True,0.75,0.0,0.002,False,False,0.154,-0.001,116.402,1699,1.88,,,,,0,False,False,0.0,False,7.99,5.67,20.0,
82.3,92874,295.065,-752.494,-0.008,5.363,30.0,1127,-1,14.46,False,-1,True,True,0.75,0.0,-0.003,False,False,0.133,0.003,116.38,1699,1.88,,,,,0,False,False,0.0,False,7.73,5.64,20.0,
82.35,92875,294.947,-752.255,-0.008,5.299,30.0,1127,-1,14.73,False,-1,True,True,0.728,0.0,0.002,False,False,0.113,-0.0,116.41,1699,1.88,,,,,0,False,False,0.0,False,7.46,5.68,20.0,
82.4,92876,294.828,-752.016,-0.008,5.366,30.0,1127,-1,14.99,False,-1,True,True,0.75,0.0,-0.003,False,False,0.102,0.002,116.38,1699,1.88,,,,,0,False,False,0.0,False,7.19,5.65,20.0,
82.45,92877,294.709,-751.776,-0.008,5.446,30.0,1127,-1,15.26,False,-1,True,True,0.708,0.0,0.002,False,False,0.105,-0.002,116.382,1699,1.88,,,,,0,False,False,0.0,False,6.93,5.68,20.0,
82.5,92878,294.58,-751.516,-0.009,5.966,30.0,1127,-1,15.55,False,-1,True,True,0.417,0.0,-0.0,False,False,0.244,-0.003,116.361,1699,1.88,,,,,0,False,False,0.0,False,6.64,5.72,20.0,
82.55,92879,294.444,-751.242,-0.01,6.179,30.0,1127,-1,15.86,False,-1,True,True,0.0,0.3,0.002,False,False,0.37,-0.005,116.359,1699,1.88,,,,,0,False,False,0.0,False,6.33,5.98,20.0,
82.6,92880,294.304,-750.96,-0.011,6.342,30.0,1127,-1,16.17,False,-1,True,True,0.0,0.3,0.001,False,False,0.413,-0.004,116.363,1699,1.88,,,,,0,False,False,0.0,False,6.01,6.09,20.0,
82.65,92881,294.164,-750.679,-0.01,6.244,30.0,1127,-1,16.49,False,-1,True,True,0.0,0.3,0.002,False,False,0.362,-0.005,116.373,1699,5.64,,,,,0,False,False,0.0,False,9.48,6.17,20.0,
82.7,92882,294.026,-750.401,-0.009,6.198,30.0,1127,-1,16.8,False,-1,True,True,0.0,0.3,0.0,False,False,0.266,-0.002,116.383,1699,5.64,,,,,0,False,False,0.0,False,9.16,6.12,20.0,
82.75,92883,293.892,-750.13,-0.008,5.979,30.0,1127,-1,17.1,False,-1,True,True,0.0,0.3,-0.0,False,False,0.144,0.001,116.37,1699,5.64,,,,,0,False,False,0.0,False,8.86,6.1,20.0,
82.8,92884,293.761,-749.866,-0.007,5.857,30.0,1127,-1,17.39,False,-1,True,True,0.0,0.3,0.002,False,False,0.032,-0.0,116.4,1699,5.64,,,,,0,False,False,0.0,False,8.57,5.99,20.0,
82.85,92885,293.634,-749.612,-0.006,5.599,30.0,1127,-1,17.68,False,-1,True,True,0.0,0.3,-0.002,False,False,-0.071,0.004,116.375,1699,5.64,,,,,0,False,False,0.0,False,8.28,5.93,20.0,
82.9,92886,293.512,-749.365,-0.006,5.472,30.0,1127,-1,17.95,False,-1,True,True,0.0,0.19,0.002,False,False,-0.144,0.001,116.404,1699,5.64,,,,,0,False,False,0.0,False,8.01,5.8,20.0,
82.95,92887,293.394,-749.127,-0.005,5.245,30.0,1127,-1,18.22,False,-1,True,True,0.267,0.0,-0.002,False,False,-0.197,0.002,116.373,1699,5.64,,,,,0,False,False,0.0,False,7.74,5.74,20.0,
83.0,92888,293.278,-748.894,-0.005,5.174,30.0,1127,-1,18.48,False,-1,True,True,0.75,0.0,0.003,False,False,-0.214,-0.002,116.396,1699,5.64,,,,,0,False,False,0.0,False,7.48,5.62,20.0,
83.05,92889,293.165,-748.667,-0.005,5.013,30.0,1127,-1,18.73,False,-1,True,True,0.75,0.0,-0.002,False,False,-0.215,-0.0,116.358,1699,5.64,,,,,0,False,False,0.0,False,7.23,5.59,20.0,
83.1,92890,293.053,-748.44,-0.006,5.085,30.0,1127,-1,18.99,False,-1,True,True,0.75,0.0,0.004,False,False,-0.167,-0.005,116.381,1699,5.64,,,,,0,False,False,0.0,False,6.98,5.51,20.0,
83.15,92891,292.94,-748.214,-0.006,5.009,30.0,1127,-1,19.24,False,-1,True,True,0.75,0.0,-0.001,False,False,-0.116,-0.002,116.352,1699,5.64,,,,,0,False,False,0.0,False,6.72,5.54,20.0,
83.2,92892,292.834,-748.0,-0.006,4.629,30.0,1127,-1,19.48,False,-1,True,True,0.75,0.0,0.003,False,False,-0.16,-0.003,116.378,1699,5.64,,,,,0,False,False,0.0,False,6.48,5.5,20.0,
83.25,92893,292.735,-747.801,-0.005,4.349,30.0,1127,-1,19.7,False,-1,True,True,0.75,0.0,-0.001,False,False,-0.245,0.001,116.386,1699,5.64,,,,,0,False,False,0.0,False,6.26,5.31,20.0,
83.3,92894,292.641,-747.611,-0.005,4.195,30.0,1127,-1,19.91,False,-1,True,True,0.75,0.0,-0.0,False,False,-0.29,0.003,116.386,1699,5.64,,,,,0,False,False,0.0,False,6.05,5.17,20.0,
83.35,92895,292.549,-747.425,-0.005,4.135,30.0,1127,-1,20.12,False,-1,True,True,0.75,0.0,0.0,False,False,-0.277,0.002,116.387,1699,5.64,,,,,0,False,False,0.0,False,5.84,5.1,20.0,
83.4,92896,292.457,-747.239,-0.005,4.138,30.0,1698,-1,0.02,True,9,True,False,0.75,0.0,0.0,False,False,-0.222,0.002,116.388,1699,5.64,,,,,0,False,False,0.0,False,5.64,5.07,20.0,
83.45,92897,292.364,-747.052,-0.006,4.181,30.0,1698,-1,0.23,True,9,True,False,0.75,0.0,0.0,False,False,-0.144,0.001,116.389,1699,5.64,,,,,0,False,False,0.0,False,5.43,5.07,20.0,
83.5,92898,292.27,-746.863,-0.007,4.249,30.0,1699,-1,0.44,True,9,True,True,0.75,0.0,0.0,False,False,-0.06,0.001,116.39,1699,5.64,,,,,0,False,False,0.0,False,5.21,5.09,20.0,
83.55,92899,292.174,-746.669,-0.007,4.332,30.0,1699,-1,0.65,True,9,True,True,0.75,0.0,0.0,False,False,0.018,0.0,116.391,1699,5.64,,,,,0,False,False,0.0,False,5.0,5.12,20.0,
83.6,92900,292.08,-746.471,-0.008,4.415,30.0,1699,-1,0.87,True,9,True,True,0.75,0.0,-0.077,False,False,0.081,0.111,116.191,1699,9.4,,,,,0,False,False,0.0,False,8.63,5.17,20.0,
83.65,92901,291.984,-746.268,-0.008,4.513,30.0,1699,-1,1.1,True,9,True,True,0.75,0.0,-0.003,False,False,0.133,0.107,116.017,1699,9.4,,,,,0,False,False,0.0,False,8.4,5.21,20.0,
83.7,92902,291.885,-746.062,-0.009,4.615,30.0,1699,-1,1.32,True,9,True,True,0.75,0.0,0.001,False,False,0.173,0.049,115.968,1699,9.4,,,,,0,False,False,0.0,False,8.17,5.26,20.0,
83.75,92903,291.783,-745.851,-0.009,4.719,30.0,1699,-1,1.56,True,9,True,True,0.75,0.0,-0.007,False,False,0.204,0.022,115.933,1699,9.4,,,,,0,False,False,0.0,False,7.94,5.31,20.0,
83.8,92904,291.679,-745.636,-0.009,4.823,30.0,1699,-1,1.8,True,9,True,True,0.75,0.0,-0.007,False,False,0.225,0.013,115.892,1699,9.4,,,,,0,False,False,0.0,False,7.7,5.36,20.0,
83.85,92905,291.573,-745.416,-0.009,4.928,30.0,1699,-1,2.04,True,9,True,True,0.75,0.0,-0.005,False,False,0.24,0.008,115.855,1699,9.4,,,,,0,False,False,0.0,False,7.45,5.41,20.0,
83.9,92906,291.465,-745.191,-0.009,5.032,30.0,1699,-1,2.29,True,9,True,True,0.75,0.0,-0.004,False,False,0.25,0.003,115.824,1699,9.4,,,,,0,False,False,0.0,False,7.21,5.46,20.0,
83.95,92907,291.354,-744.961,-0.009,5.133,30.0,1699,-1,2.55,True,9,True,True,0.75,0.0,-0.004,False,False,0.256,0.001,115.798,1699,9.4,,,,,0,False,False,0.0,False,6.95,5.52,20.0,
84.0,92908,291.242,-744.727,-0.009,5.271,30.0,1699,-1,2.81,True,9,True,True,0.75,0.0,-0.003,False,False,0.26,-0.0,115.774,1699,9.4,,,,,0,False,False,0.0,False,6.69,5.57,20.0,
84.05,92909,291.128,-744.489,-0.009,5.252,30.0,1699,-1,3.07,True,9,True,True,0.75,0.0,-0.002,False,False,0.248,-0.001,115.77,1699,9.4,,,,,0,False,False,0.0,False,6.43,5.64,20.0,
84.1,92910,291.013,-744.252,-0.009,5.3,30.0,1699,-1,3.33,True,9,True,True,0.75,0.0,-0.004,False,False,0.214,0.002,115.727,1699,9.4,,,,,0,False,False,0.0,False,6.16,5.63,20.0,
84.15,92911,290.9,-744.015,-0.008,5.224,30.0,1699,-1,3.6,True,9,True,True,0.75,0.0,0.0,False,False,0.166,-0.002,115.748,1699,9.4,,,,,0,False,False,0.0,False,5.9,5.65,20.0,
84.2,92912,290.786,-743.778,-0.008,5.305,30.0,1699,-1,3.86,True,9,True,True,0.75,0.0,-0.004,False,False,0.139,0.002,115.713,1699,9.4,,,,,0,False,False,0.0,False,5.64,5.61,20.0,
84.25,92913,290.675,-743.539,-0.008,5.251,30.0,1699,-1,4.12,True,9,True,True,0.75,0.0,-0.104,False,False,0.117,0.115,115.558,1699,13.17,,,,,0,False,False,0.88,False,9.18,5.65,20.0,
84.3,92914,290.566,-743.298,-0.008,5.318,30.0,1699,-1,4.39,True,9,True,True,0.75,0.0,-0.035,False,False,0.106,0.17,115.236,1699,13.17,,,,,0,False,False,1.049,False,8.91,5.63,20.0,
84.35,92915,290.457,-743.058,-0.008,5.245,30.0,1699,-1,4.65,True,9,True,True,0.75,0.0,-0.012,False,False,0.089,0.122,115.062,1699,13.17,,,,,0,False,False,1.225,False,8.65,5.66,20.0,
84.4,92916,290.343,-742.81,-0.008,5.668,30.0,1699,-1,4.92,True,9,True,True,0.75,0.0,-0.017,False,False,0.152,0.087,114.928,1699,13.17,,,,,0,False,False,1.418,False,8.38,5.62,20.0,
84.45,92917,290.222,-742.541,-0.01,5.99,30.0,1699,-1,5.22,True,9,True,True,0.0,0.3,-0.016,False,False,0.3,0.07,114.807,1699,13.17,,,,,0,False,False,1.628,False,8.08,5.83,20.0,
84.5,92918,290.094,-742.259,-0.011,6.277,30.0,1699,-1,5.53,True,9,True,True,0.0,0.3,-0.013,False,False,0.405,0.055,114.691,1699,13.17,,,,,0,False,False,0.0,False,7.77,5.99,20.0,
84.55,92919,289.964,-741.973,-0.011,6.268,30.0,1699,-1,5.84,True,9,True,True,0.0,0.3,-0.009,False,False,0.411,0.039,114.593,1699,13.17,,,,,0,False,False,0.0,False,7.46,6.14,20.0,
84.6,92920,289.835,-741.687,-0.01,6.28,30.0,1699,-1,6.16,True,9,True,True,0.0,0.3,-0.007,False,False,0.348,0.025,114.525,1699,13.17,,,,,0,False,False,0.0,False,7.14,6.13,20.0,
84.65,92921,289.708,-741.407,-0.009,6.084,30.0,1699,-1,6.46,True,9,True,True,0.0,0.3,-0.007,False,False,0.234,0.018,114.442,1699,13.17,,,,,0,False,False,0.0,False,6.84,6.14,20.0,
84.7,92922,289.585,-741.134,-0.008,5.979,30.0,1699,-1,6.76,True,9,True,True,0.0,0.3,-0.004,False,False,0.115,0.01,114.417,1699,13.17,,,,,0,False,False,0.0,False,6.54,6.04,20.0,
84.75,92923,289.465,-740.869,-0.007,5.734,30.0,1699,-1,7.05,True,9,True,True,0.0,0.3,-0.007,False,False,0.0,0.01,114.348,1699,13.17,,,,,0,False,False,0.0,False,6.25,5.99,20.0,
84.8,92924,289.35,-740.612,-0.006,5.599,30.0,1699,-1,7.33,True,9,True,True,0.0,0.3,-0.001,False,False,-0.09,0.005,114.34,1699,13.17,,,,,0,False,False,0.0,False,5.96,5.87,20.0,
84.85,92925,289.238,-740.364,-0.006,5.346,30.0,1699,-1,7.61,True,9,True,True,0.0,0.188,-0.005,False,False,-0.164,0.006,114.282,1699,13.17,,,,,0,False,False,1.435,False,5.69,5.8,20.0,
84.9,92926,289.13,-740.124,-0.005,5.248,30.0,1703,-1,6.58,True,9,True,False,0.723,0.0,-0.0,False,False,-0.205,0.001,114.283,1699,13.17,,,,,0,False,False,1.256,False,5.43,5.67,20.0,
84.95,92927,289.028,-739.889,-0.005,5.038,30.0,1699,-1,8.07,True,9,True,True,0.75,0.0,-0.1,False,False,-0.227,0.097,114.085,1126,1.88,,,,,0,False,False,1.094,False,8.93,5.62,20.0,
85.0,92928,288.929,-739.657,-0.005,5.06,30.0,1701,-1,6.38,True,9,True,False,0.75,0.0,-0.023,False,False,-0.205,0.135,113.839,1126,1.88,,,,,0,False,False,1.24,False,8.68,5.52,20.0,
85.05,92929,288.829,-739.426,-0.006,5.042,30.0,1699,-1,8.58,True,9,True,True,0.75,0.0,-0.011,False,False,-0.156,0.093,113.695,1126,1.88,,,,,0,False,False,1.416,False,8.43,5.53,20.0,
85.1,92930,288.73,-739.196,-0.006,4.865,30.0,1699,-1,8.83,True,9,True,True,0.75,0.0,-0.014,False,False,-0.121,0.062,113.568,1126,1.88,,,,,0,False,False,0.654,False,8.18,5.52,20.0,
85.15,92931,288.639,-738.985,-0.006,4.475,30.0,1699,-1,9.06,True,9,True,True,0.75,0.0,-0.011,False,False,-0.201,0.043,113.422,1126,1.88,,,,,0,False,False,0.0,False,7.95,5.43,20.0,
85.2,92932,288.554,-738.787,-0.005,4.231,30.0,1699,-1,9.27,True,9,True,True,0.75,0.0,-0.005,False,False,-0.28,0.023,113.356,1126,1.88,,,,,0,False,False,0.0,False,7.73,5.24,20.0,
85.25,92933,288.472,-738.597,-0.005,4.106,30.0,1699,-1,9.48,True,9,True,True,0.75,0.0,-0.008,False,False,-0.307,0.015,113.31,1126,1.88,,,,,0,False,False,0.0,False,7.53,5.12,20.0,
85.3,92934,288.392,-738.409,-0.005,4.066,30.0,1699,-1,9.68,True,9,True,True,0.75,0.0,-0.008,False,False,-0.278,0.013,113.266,1126,1.88,,,,,0,False,False,0.0,False,7.32,5.05,20.0,
85.35,92935,288.312,-738.221,-0.005,4.083,30.0,1699,-1,9.89,True,9,True,True,0.75,0.0,-0.007,False,False,-0.211,0.011,113.227,1126,1.88,,,,,0,False,False,0.0,False,7.12,5.03,20.0,
85.4,92936,288.232,-738.031,-0.006,4.135,30.0,1699,-1,10.09,True,9,True,True,0.75,0.0,-0.006,False,False,-0.126,0.008,113.193,1126,1.88,,,,,0,False,False,0.0,False,6.91,5.04,20.0,
85.45,92937,288.15,-737.838,-0.007,4.208,30.0,1699,-1,10.3,True,9,True,True,0.75,0.0,-0.005,False,False,-0.041,0.006,113.163,1126,1.88,,,,,0,False,False,0.0,False,6.7,5.07,20.0,
85.5,92938,288.066,-737.642,-0.008,4.295,30.0,1699,-1,10.52,True,9,True,True,0.75,0.0,-0.004,False,False,0.035,0.004,113.136,1126,1.88,,,,,0,False,False,0.0,False,6.49,5.1,20.0,
85.55,92939,287.981,-737.441,-0.008,4.389,30.0,1699,-1,10.74,True,9,True,True,0.75,0.0,-0.004,False,False,0.099,0.003,113.113,1126,1.88,,,,,0,False,False,0.0,False,6.27,5.15,20.0,
85.6,92940,287.894,-737.236,-0.009,4.489,30.0,1699,-1,10.96,True,9,True,True,0.75,0.0,-0.003,False,False,0.148,0.001,113.093,1126,1.88,,,,,0,False,False,1.67,False,6.05,5.19,20.0,
85.65,92941,287.805,-737.026,-0.009,4.591,30.0,1699,-1,11.13,True,9,True,True,0.75,0.0,-0.003,False,False,0.186,0.001,113.076,1126,1.88,,,,,0,False,False,1.517,False,5.82,5.24,20.0,
85.7,92942,287.714,-736.812,-0.009,4.695,30.0,1699,-1,11.36,True,9,True,True,0.75,0.0,-0.002,False,False,0.213,0.0,113.061,1126,1.88,,,,,0,False,False,1.363,False,5.59,5.3,20.0,
85.75,92943,287.621,-736.593,-0.009,4.799,30.0,1699,-1,11.6,True,9,True,True,0.75,0.0,-0.002,False,False,0.231,0.0,113.048,1126,1.88,,,,,0,False,False,1.206,False,5.35,5.35,20.0,
85.8,92944,287.529,-736.367,-0.009,4.897,30.0,1699,-1,11.84,True,9,True,True,0.75,0.0,-0.07,False,False,0.242,0.091,112.877,1126,5.63,,,,,0,False,False,1.049,False,8.86,5.4,20.0,
85.85,92945,287.436,-736.138,-0.009,5.001,30.0,1699,-1,12.09,True,9,True,True,0.75,0.0,-0.007,False,False,0.249,0.097,112.705,1126,5.63,,,,,0,False,False,0.9,False,8.61,5.45,20.0,
85.9,92946,287.339,-735.904,-0.009,5.107,30.0,1699,-1,12.34,True,9,True,True,0.75,0.0,-0.001,False,False,0.255,0.045,112.645,1126,5.63,,,,,0,False,False,0.748,False,8.36,5.5,20.0,
85.95,92947,287.24,-735.665,-0.009,5.189,30.0,1699,-1,12.6,True,9,True,True,0.75,0.0,-0.007,False,False,0.255,0.024,112.582,1126,5.63,,,,,0,False,False,0.0,False,8.1,5.55,20.0,
86.0,92948,287.142,-735.426,-0.009,5.163,30.0,1699,-1,12.86,True,9,True,True,0.75,0.0,-0.005,False,False,0.223,0.013,112.581,1126,5.63,,,,,0,False,False,0.0,False,7.84,5.59,20.0,
86.05,92949,287.044,-735.189,-0.008,5.149,30.0,1699,-1,13.12,True,9,True,True,0.75,0.0,-0.009,False,False,0.177,0.014,112.49,1126,5.63,,,,,0,False,False,0.0,False,7.58,5.58,20.0,
86.1,92950,286.946,-734.951,-0.008,5.151,30.0,1699,-1,13.37,True,9,True,True,0.75,0.0,-0.0,False,False,0.141,0.004,112.499,1126,5.63,,,,,0,False,False,0.0,False,7.33,5.57,20.0,
86.15,92951,286.848,-734.712,-0.008,5.169,30.0,1699,-1,13.63,True,9,True,True,0.75,0.0,-0.007,False,False,0.119,0.006,112.424,1126,5.63,,,,,0,False,False,0.0,False,7.07,5.58,20.0,
86.2,92952,286.75,-734.472,-0.008,5.201,30.0,1699,-1,13.89,True,9,True,True,0.75,0.0,0.001,False,False,0.112,-0.001,112.445,1126,5.63,,,,,0,False,False,0.0,False,6.81,5.58,20.0,
86.25,92953,286.651,-734.232,-0.008,5.196,30.0,1699,-1,14.15,True,9,True,True,0.75,0.0,-0.006,False,False,0.103,0.004,112.382,1126,5.63,,,,,0,False,False,0.0,False,6.55,5.6,20.0,
86.3,92954,286.552,-733.992,-0.008,5.192,30.0,1699,-1,14.41,True,9,True,True,0.75,0.0,0.001,False,False,0.092,-0.002,112.411,1126,5.63,,,,,0,False,False,0.0,False,6.29,5.6,20.0,
86.35,92955,286.451,-733.744,-0.008,5.55,30.0,1699,-1,14.68,True,9,True,True,0.75,0.0,-0.006,False,False,0.153,0.005,112.39,1126,5.63,,,,,0,False,False,0.0,False,6.02,5.6,20.0,
86.4,92956,286.34,-733.473,-0.01,5.975,30.0,1699,-1,14.97,True,9,True,True,0.052,0.0,-0.002,False,False,0.312,0.005,112.404,1126,5.63,,,,,0,False,False,0.0,False,5.73,5.77,20.0,
86.45,92957,286.226,-733.187,-0.011,6.222,30.0,1126,-1,0.21,False,-1,True,True,0.0,0.3,-0.071,False,False,0.427,0.113,112.204,1126,9.38,,,,,0,False,False,0.0,False,9.19,5.99,20.0,
86.5,92958,286.111,-732.895,-0.011,6.275,30.0,1126,-1,0.52,False,-1,True,True,0.0,0.3,-0.004,False,False,0.438,0.113,112.02,1126,9.38,,,,,0,False,False,0.0,False,8.88,6.11,20.0,
86.55,92959,285.995,-732.607,-0.01,6.191,30.0,1126,-1,0.83,False,-1,True,True,0.0,0.3,0.001,False,False,0.359,0.057,111.896,1126,9.38,,,,,0,False,False,0.0,False,8.57,6.14,20.0,
86.6,92960,285.882,-732.324,-0.009,6.065,30.0,1126,-1,1.14,False,-1,True,True,0.0,0.3,0.0,False,False,0.241,0.02,111.891,1126,9.38,,,,,0,False,False,0.0,False,8.26,6.1,20.0,
86.65,92961,285.772,-732.048,-0.008,5.907,30.0,1126,-1,1.44,False,-1,True,True,0.0,0.3,-0.008,False,False,0.118,0.016,111.813,1126,9.38,,,,,0,False,False,0.0,False,7.96,6.03,20.0,
86.7,92962,285.665,-731.779,-0.007,5.729,30.0,1126,-1,1.72,False,-1,True,True,0.0,0.3,-0.001,False,False,0.007,0.007,111.82,1126,9.38,,,,,0,False,False,0.0,False,7.68,5.95,20.0,
86.75,92963,285.561,-731.519,-0.006,5.537,30.0,1126,-1,2.0,False,-1,True,True,0.0,0.3,-0.006,False,False,-0.085,0.009,111.75,1126,9.38,,,,,0,False,False,0.0,False,7.4,5.86,20.0,
86.8,92964,285.461,-731.267,-0.006,5.368,30.0,1126,-1,2.28,False,-1,True,True,0.041,0.0,0.001,False,False,-0.152,0.003,111.771,1126,9.38,,,,,0,False,False,0.0,False,7.13,5.77,20.0,
86.85,92965,285.364,-731.022,-0.005,5.222,30.0,1126,-1,2.54,False,-1,True,True,0.645,0.0,-0.006,False,False,-0.189,0.006,111.709,1126,9.38,,,,,0,False,False,0.0,False,6.86,5.68,20.0,
86.9,92966,285.269,-730.783,-0.005,5.095,30.0,1126,-1,2.8,False,-1,True,True,0.75,0.0,0.002,False,False,-0.203,0.001,111.739,1126,9.38,,,,,0,False,False,0.0,False,6.6,5.61,20.0,
86.95,92967,285.175,-730.548,-0.005,5.052,30.0,1126,-1,3.05,False,-1,True,True,0.75,0.0,-0.005,False,False,-0.188,0.004,111.673,1126,9.38,,,,,0,False,False,0.0,False,6.35,5.55,20.0,
87.0,92968,285.082,-730.313,-0.006,5.047,30.0,1126,-1,3.3,False,-1,True,True,0.75,0.0,0.003,False,False,-0.14,-0.002,111.705,1126,9.38,,,,,0,False,False,0.0,False,6.1,5.53,20.0,
87.05,92969,284.99,-730.081,-0.006,4.865,30.0,1126,-1,3.55,False,-1,True,True,0.75,0.0,-0.004,False,False,-0.114,0.002,111.676,1126,9.38,,,,,0,False,False,0.0,False,5.85,5.52,20.0,
87.1,92970,284.905,-729.867,-0.006,4.492,30.0,1126,-1,3.78,False,-1,True,True,0.75,0.0,0.001,False,False,-0.195,0.0,111.687,1126,9.38,,,,,0,False,False,0.0,False,5.62,5.43,20.0,
87.15,92971,284.825,-729.666,-0.005,4.261,30.0,1126,-1,4.0,False,-1,True,True,0.75,0.0,-0.002,False,False,-0.271,0.002,111.684,1126,9.38,,,,,0,False,False,0.0,False,5.4,5.25,20.0,
87.2,92972,284.748,-729.471,-0.005,4.145,30.0,1126,-1,4.21,False,-1,True,True,0.75,0.0,-0.001,False,False,-0.295,0.002,111.678,1126,9.38,,,,,0,False,False,0.0,False,5.19,5.13,20.0,
87.25,92973,284.672,-729.28,-0.005,4.112,30.0,1126,-1,4.41,False,-1,True,True,0.75,0.0,-0.001,False,False,-0.264,0.001,111.672,1126,9.38,,,,,0,False,False,0.0,False,4.99,5.07,20.0,
87.3,92974,284.593,-729.089,-0.006,4.131,30.0,1126,-1,4.62,False,-1,True,True,0.75,0.0,0.035,False,False,-0.197,-0.055,111.77,1126,13.13,,,,,0,False,False,0.0,False,8.4,5.06,20.0,
87.35,92975,284.515,-728.895,-0.006,4.185,30.0,1126,-1,4.83,False,-1,True,True,0.75,0.0,-0.0,False,False,-0.115,-0.045,111.835,1126,13.13,,,,,0,False,False,0.0,False,8.19,5.07,20.0,
87.4,92976,284.436,-728.698,-0.007,4.259,30.0,1126,-1,5.04,False,-1,True,True,0.75,0.0,0.0,False,False,-0.032,-0.02,111.851,1126,13.13,,,,,0,False,False,0.0,False,7.98,5.09,20.0,
87.45,92977,284.355,-728.497,-0.008,4.346,30.0,1126,-1,5.26,False,-1,True,True,0.75,0.0,0.003,False,False,0.042,-0.009,111.866,1126,13.13,,,,,0,False,False,0.0,False,7.76,5.13,20.0,
87.5,92978,284.272,-728.293,-0.008,4.441,30.0,1126,-1,5.48,False,-1,True,True,0.75,0.0,0.003,False,False,0.104,-0.006,111.883,1126,13.13,,,,,0,False,False,0.0,False,7.54,5.17,20.0,
87.55,92979,284.188,-728.084,-0.009,4.54,30.0,1126,-1,5.7,False,-1,True,True,0.75,0.0,0.002,False,False,0.152,-0.003,111.898,1126,13.13,,,,,0,False,False,0.0,False,7.31,5.22,20.0,
87.6,92980,284.102,-727.87,-0.009,4.642,30.0,1126,-1,5.93,False,-1,True,True,0.75,0.0,0.002,False,False,0.188,-0.001,111.911,1126,13.13,,,,,0,False,False,0.0,False,7.08,5.27,20.0,
87.65,92981,284.014,-727.652,-0.009,4.746,30.0,1126,-1,6.17,False,-1,True,True,0.75,0.0,0.002,False,False,0.214,-0.0,111.922,1126,13.13,,,,,0,False,False,0.0,False,6.85,5.32,20.0,
87.7,92982,283.924,-727.429,-0.009,4.85,30.0,1126,-1,6.41,False,-1,True,True,0.75,0.0,0.001,False,False,0.232,0.0,111.931,1126,13.13,,,,,0,False,False,0.0,False,6.61,5.37,20.0,
87.75,92983,283.832,-727.201,-0.009,4.954,30.0,1126,-1,6.66,False,-1,True,True,0.75,0.0,0.001,False,False,0.244,0.0,111.94,1126,13.13,,,,,0,False,False,0.0,False,6.36,5.42,20.0,
87.8,92984,283.738,-726.968,-0.009,5.058,30.0,1126,-1,6.91,False,-1,True,True,0.75,0.0,0.001,False,False,0.252,0.0,111.947,1126,13.13,,,,,0,False,False,0.0,False,6.11,5.48,20.0,
87.85,92985,283.642,-726.731,-0.009,5.168,30.0,1126,-1,7.16,False,-1,True,True,0.75,0.0,0.001,False,False,0.258,0.0,111.953,1126,13.13,,,,,0,False,False,0.0,False,5.85,5.53,20.0,
87.9,92986,283.544,-726.489,-0.009,5.221,30.0,1126,-1,7.42,False,-1,True,True,0.75,0.0,0.001,False,False,0.256,0.0,111.959,1126,13.13,,,,,0,False,False,0.0,False,5.59,5.58,20.0,
87.95,92987,283.441,-726.244,-0.009,5.371,30.0,1126,-1,7.69,False,-1,True,True,0.75,0.0,0.101,False,False,0.255,-0.13,112.156,1126,16.89,,,,,0,False,False,0.0,False,9.08,5.61,20.0,
88.0,92988,283.336,-726.0,-0.009,5.282,30.0,1126,-1,7.95,False,-1,True,True,0.724,0.0,0.027,False,False,0.219,-0.175,112.489,1126,16.89,,,,,0,False,False,0.0,False,8.81,5.69,20.0,
88.05,92989,283.232,-725.756,-0.009,5.342,30.0,1126,-1,8.22,False,-1,True,True,0.75,0.0,0.006,False,False,0.179,-0.112,112.649,1126,16.89,,,,,0,False,False,0.0,False,8.54,5.64,20.0,
88.1,92990,283.129,-725.512,-0.008,5.277,30.0,1126,-1,8.48,False,-1,True,True,0.75,0.0,0.013,False,False,0.141,-0.071,112.805,1126,16.89,,,,,0,False,False,0.0,False,8.28,5.67,20.0,
88.15,92991,283.024,-725.267,-0.008,5.369,30.0,1126,-1,8.75,False,-1,True,True,0.75,0.0,0.009,False,False,0.125,-0.045,112.882,1126,16.89,,,,,0,False,False,0.0,False,8.01,5.64,20.0,
88.2,92992,282.92,-725.022,-0.008,5.301,30.0,1126,-1,9.02,False,-1,True,True,0.704,0.0,0.012,False,False,0.107,-0.036,113.001,1126,16.89,,,,,0,False,False,0.0,False,7.75,5.68,20.0,
88.25,92993,282.814,-724.777,-0.008,5.368,30.0,1126,-1,9.28,False,-1,True,True,0.75,0.0,0.005,False,False,0.098,-0.023,113.043,1126,16.89,,,,,0,False,False,0.0,False,7.48,5.65,20.0,
88.3,92994,282.708,-724.528,-0.008,5.55,30.0,1126,-1,9.55,False,-1,True,True,0.701,0.0,0.009,False,False,0.124,-0.022,113.138,1126,16.89,,,,,0,False,False,0.0,False,7.21,5.68,20.0,
88.35,92995,282.592,-724.257,-0.009,6.046,30.0,1126,-1,9.85,False,-1,True,True,0.042,0.0,0.002,False,False,0.275,-0.016,113.207,1126,16.89,,,,,0,False,False,0.0,False,6.91,5.77,20.0,
88.4,92996,282.469,-723.973,-0.01,6.222,30.0,1126,-1,10.16,False,-1,True,True,0.0,0.3,0.002,False,False,0.389,-0.01,113.247,1126,16.89,,,,,0,False,False,0.0,False,6.61,6.02,20.0,
88.45,92997,282.344,-723.683,-0.011,6.348,30.0,1126,-1,10.47,False,-1,True,True,0.0,0.3,0.003,False,False,0.411,-0.009,113.277,1126,16.89,,,,,0,False,False,0.0,False,6.29,6.11,20.0,
88.5,92998,282.22,-723.395,-0.01,6.227,30.0,1126,-1,10.79,False,-1,True,True,0.0,0.3,0.003,False,False,0.344,-0.009,113.306,1126,16.89,,,,,0,False,False,0.0,False,5.98,6.17,20.0,
88.55,92999,282.094,-723.114,-0.009,6.152,30.0,1126,-1,11.1,False,-1,True,True,0.0,0.3,0.078,False,False,0.238,-0.114,113.478,1126,20.64,,,,,0,False,False,0.0,False,9.42,6.11,20.0,
88.6,93000,281.972,-722.84,-0.008,5.926,30.0,1126,-1,11.39,False,-1,True,True,0.0,0.3,0.011,False,False,0.112,-0.129,113.73,1126,20.64,,,,,0,False,False,0.0,False,9.12,6.08,20.0,
88.65,93001,281.854,-722.573,-0.007,5.801,30.0,1126,-1,11.69,False,-1,True,True,0.0,0.3,-0.003,False,False,0.003,-0.069,113.815,1126,20.64,,,,,0,False,False,0.0,False,8.83,5.96,20.0,
88.7,93002,281.739,-722.316,-0.006,5.541,30.0,1126,-1,12.03,False,-1,True,True,0.0,0.3,0.006,False,False,-0.095,-0.037,113.903,1126,20.64,,,,,0,False,False,0.0,False,8.55,5.9,20.0,
88.75,93003,281.628,-722.067,-0.006,5.431,30.0,1126,-1,12.3,False,-1,True,True,0.019,0.0,0.003,False,False,-0.159,-0.021,113.925,1126,20.64,,,,,0,False,False,0.0,False,8.27,5.77,20.0,
88.8,93004,281.521,-721.825,-0.005,5.215,30.0,1126,-1,12.57,False,-1,True,True,0.414,0.0,0.007,False,False,-0.2,-0.017,114.0,1126,20.64,,,,,0,False,False,0.0,False,8.01,5.72,20.0,
88.85,93005,281.415,-721.589,-0.005,5.149,30.0,1126,-1,12.83,False,-1,True,True,0.75,0.0,0.001,False,False,-0.211,-0.009,114.012,1126,20.64,,,,,0,False,False,0.0,False,7.75,5.61,20.0,
88.9,93006,281.312,-721.358,-0.005,5.016,30.0,1126,-1,13.14,False,-1,True,True,0.75,0.0,0.005,False,False,-0.205,-0.008,114.071,1126,20.64,,,,,0,False,False,0.0,False,7.5,5.57,20.0,
88.95,93007,281.208,-721.127,-0.006,5.083,30.0,1126,-1,13.4,False,-1,True,True,0.75,0.0,-0.0,False,False,-0.153,-0.003,114.059,1126,20.64,,,,,0,False,False,0.0,False,7.24,5.51,20.0,
89.0,93008,281.106,-720.898,-0.006,4.913,30.0,1126,-1,13.65,False,-1,True,True,0.75,0.0,0.005,False,False,-0.113,-0.006,114.081,1126,20.64,,,,,0,False,False,0.0,False,6.99,5.54,20.0,
89.05,93009,281.01,-720.684,-0.006,4.558,30.0,1126,-1,13.88,False,-1,True,True,0.75,0.0,0.002,False,False,-0.178,-0.006,114.124,1126,20.64,,,,,0,False,False,0.0,False,6.76,5.46,20.0,
89.1,93010,280.92,-720.484,-0.005,4.303,30.0,1126,-1,14.1,False,-1,True,True,0.75,0.0,-0.001,False,False,-0.259,-0.001,114.136,1126,20.64,,,,,0,False,False,0.0,False,6.54,5.28,20.0,
89.15,93011,280.834,-720.292,-0.005,4.169,30.0,1126,-1,14.31,False,-1,True,True,0.75,0.0,0.001,False,False,-0.292,-0.0,114.141,1126,20.64,,,,,0,False,False,0.0,False,6.33,5.15,20.0,
89.2,93012,280.749,-720.103,-0.005,4.123,30.0,1126,-1,14.52,False,-1,True,True,0.75,0.0,0.001,False,False,-0.27,-0.001,114.146,1126,20.64,,,,,0,False,False,0.0,False,6.12,5.08,20.0,
89.25,93013,280.665,-719.914,-0.005,4.136,30.0,1126,-1,14.73,False,-1,True,True,0.75,0.0,0.001,False,False,-0.209,-0.001,114.151,1126,20.64,,,,,0,False,False,0.0,False,5.91,5.06,20.0,
89.3,93014,280.579,-719.724,-0.006,4.185,30.0,1126,-1,14.93,False,-1,True,True,0.75,0.0,0.001,False,False,-0.128,-0.001,114.156,1126,20.64,,,,,0,False,False,0.0,False,5.71,5.07,20.0,
89.35,93015,280.492,-719.53,-0.007,4.256,30.0,1126,-1,15.15,False,-1,True,True,0.75,0.0,0.001,False,False,-0.045,-0.001,114.159,1126,20.64,,,,,0,False,False,0.0,False,5.49,5.09,20.0,
89.4,93016,280.404,-719.333,-0.008,4.341,30.0,1126,-1,15.36,False,-1,True,True,0.75,0.0,0.001,False,False,0.031,-0.001,114.163,1126,20.64,,,,,0,False,False,0.0,False,5.28,5.13,20.0,
89.45,93017,280.314,-719.132,-0.008,4.434,30.0,1126,-1,15.58,False,-1,True,True,0.75,0.0,0.0,False,False,0.094,-0.001,114.166,1126,20.64,,,,,0,False,False,0.0,False,5.06,5.17,20.0,
89.5,93018,280.219,-718.928,-0.009,4.529,30.0,1126,-1,15.81,False,-1,True,True,0.75,0.0,0.051,False,False,0.143,-0.072,114.296,1126,24.39,,,,,0,False,False,0.0,False,8.58,5.22,20.0,
89.55,93019,280.123,-718.719,-0.009,4.63,30.0,1126,-1,16.04,False,-1,True,True,0.75,0.0,0.003,False,False,0.181,-0.067,114.405,1126,24.39,,,,,0,False,False,0.0,False,8.35,5.26,20.0,
89.6,93020,280.025,-718.506,-0.009,4.734,30.0,1126,-1,16.27,False,-1,True,True,0.75,0.0,0.001,False,False,0.209,-0.033,114.442,1126,24.39,,,,,0,False,False,0.0,False,8.12,5.32,20.0,
89.65,93021,279.925,-718.287,-0.009,4.838,30.0,1126,-1,16.51,False,-1,True,True,0.75,0.0,0.005,False,False,0.228,-0.017,114.469,1126,24.39,,,,,0,False,False,0.0,False,7.88,5.37,20.0,
89.7,93022,279.823,-718.065,-0.009,4.943,30.0,1126,-1,16.76,False,-1,True,True,0.75,0.0,0.005,False,False,0.242,-0.011,114.499,1126,24.39,,,,,0,False,False,0.0,False,7.63,5.42,20.0,
89.75,93023,279.719,-717.837,-0.009,5.047,30.0,1126,-1,17.01,False,-1,True,True,0.75,0.0,0.004,False,False,0.251,-0.006,114.526,1126,24.39,,,,,0,False,False,0.0,False,7.38,5.47,20.0,
89.8,93024,279.612,-717.605,-0.009,5.157,30.0,1126,-1,17.26,False,-1,True,True,0.75,0.0,0.003,False,False,0.257,-0.003,114.548,1126,24.39,,,,,0,False,False,0.0,False,7.13,5.52,20.0,
89.85,93025,279.504,-717.368,-0.009,5.21,30.0,1126,-1,17.52,False,-1,True,True,0.75,0.0,0.002,False,False,0.255,-0.001,114.568,1126,24.39,,,,,0,False,False,0.0,False,6.87,5.58,20.0,
89.9,93026,279.393,-717.127,-0.009,5.355,30.0,1126,-1,17.79,False,-1,True,True,0.75,0.0,0.002,False,False,0.256,-0.0,114.57,1126,24.39,,,,,0,False,False,0.0,False,6.6,5.6,20.0,
89.95,93027,279.283,-716.887,-0.009,5.26,30.0,1126,-1,18.05,False,-1,True,True,0.75,0.0,0.003,False,False,0.216,-0.002,114.619,1126,24.39,,,,,0,False,False,0.0,False,6.34,5.68,20.0,
90.0,93028,279.172,-716.647,-0.009,5.324,30.0,1126,-1,18.32,False,-1,True,True,0.75,0.0,-0.002,False,False,0.176,0.003,114.607,1126,24.39,,,,,0,False,False,0.0,False,6.07,5.63,20.0,
90.05,93029,279.063,-716.407,-0.008,5.263,30.0,1126,-1,18.58,False,-1,True,True,0.75,0.0,0.003,False,False,0.139,0.0,114.651,1126,24.39,,,,,0,False,False,0.0,False,5.81,5.66,20.0,
90.1,93030,278.952,-716.165,-0.008,5.358,30.0,1126,-1,18.85,False,-1,True,True,0.75,0.0,-0.002,False,False,0.125,0.003,114.635,1126,24.39,,,,,0,False,False,0.0,False,5.54,5.63,20.0,
90.15,93031,278.84,-715.924,-0.008,5.28,30.0,1126,-1,19.11,False,-1,True,True,0.747,0.0,0.029,False,False,0.106,-0.042,114.739,1126,28.14,,,,,0,False,False,0.0,False,9.03,5.68,20.0,
90.2,93032,278.728,-715.683,-0.008,5.347,30.0,1126,-1,19.38,False,-1,True,True,0.75,0.0,-0.001,False,False,0.095,-0.037,114.781,1126,28.14,,,,,0,False,False,0.0,False,8.77,5.64,20.0,
90.25,93033,278.612,-715.435,-0.008,5.625,30.0,1126,-1,19.65,False,-1,True,True,0.75,0.0,0.002,False,False,0.149,-0.021,114.804,1126,28.14,,,,,0,False,False,0.0,False,8.49,5.67,20.0,
90.3,93034,278.487,-715.166,-0.01,6.092,30.0,1126,-1,19.95,False,-1,True,True,0.0,0.23,0.003,False,False,0.305,-0.014,114.812,1126,28.14,,,,,0,False,False,0.0,False,8.19,5.81,20.0,
90.35,93035,278.356,-714.884,-0.011,6.238,30.0,1126,-1,20.26,False,-1,True,True,0.0,0.3,0.003,False,False,0.402,-0.012,114.832,1126,28.14,,,,,0,False,False,0.0,False,7.88,6.05,20.0,
90.4,93036,278.223,-714.597,-0.011,6.365,30.0,1126,-1,20.58,False,-1,True,True,0.0,0.3,0.002,False,False,0.415,-0.008,114.852,1126,28.14,,,,,0,False,False,0.0,False,7.57,6.12,20.0,
90.45,93037,278.091,-714.312,-0.01,6.245,30.0,1126,-1,20.89,False,-1,True,True,0.0,0.3,0.001,False,False,0.344,-0.004,114.87,1126,28.14,,,,,0,False,False,0.0,False,7.25,6.18,20.0,
90.5,93038,277.96,-714.031,-0.009,6.18,30.0,1126,-1,21.2,False,-1,True,True,0.0,0.3,0.001,False,False,0.238,-0.001,114.867,1126,28.14,,,,,0,False,False,0.0,False,6.94,6.12,20.0,
90.55,93039,277.833,-713.758,-0.008,5.953,30.0,1126,-1,21.5,False,-1,True,True,0.0,0.3,0.002,False,False,0.113,-0.003,114.903,1126,28.14,,,,,0,False,False,0.0,False,6.64,6.09,20.0,
90.6,93040,277.71,-713.492,-0.007,5.827,30.0,1126,-1,21.79,False,-1,True,True,0.0,0.3,-0.001,False,False,0.004,0.001,114.884,1126,28.14,,,,,0,False,False,0.0,False,6.35,5.98,20.0,
90.65,93041,277.591,-713.236,-0.006,5.567,30.0,1126,-1,22.08,False,-1,True,True,0.0,0.3,0.003,False,False,-0.093,-0.002,114.917,1126,28.14,,,,,0,False,False,0.0,False,6.07,5.91,20.0,
90.7,93042,277.475,-712.987,-0.006,5.45,30.0,1126,-1,22.35,False,-1,True,True,0.0,0.078,-0.002,False,False,-0.16,0.001,114.897,1126,28.14,,,,,0,False,False,0.0,False,5.79,5.78,20.0,
90.75,93043,277.363,-712.746,-0.005,5.229,30.0,1126,-1,22.62,False,-1,True,True,0.344,0.0,0.003,False,False,-0.204,-0.0,114.936,1126,28.14,,,,,0,False,False,0.0,False,5.53,5.73,20.0,
90.8,93044,277.253,-712.512,-0.005,5.159,30.0,1126,-1,22.88,False,-1,True,True,0.75,0.0,0.013,False,False,-0.216,-0.021,114.959,1126,31.9,,,,,0,False,False,0.0,False,9.02,5.61,20.0,
90.85,93045,277.146,-712.282,-0.005,5.045,30.0,1126,-1,23.13,False,-1,True,True,0.75,0.0,0.003,False,False,-0.205,-0.021,115.043,1126,31.9,,,,,0,False,False,0.0,False,8.77,5.58,20.0,
90.9,93046,277.038,-712.051,-0.006,5.111,30.0,1126,-1,23.38,False,-1,True,True,0.75,0.0,-0.004,False,False,-0.151,-0.005,115.035,1126,31.9,,,,,0,False,False,0.0,False,8.51,5.52,20.0,
90.95,93047,276.932,-711.824,-0.006,4.842,30.0,1126,-1,23.63,False,-1,True,True,0.75,0.0,0.003,False,False,-0.128,-0.003,115.057,1126,31.9,,,,,0,False,False,0.0,False,8.26,5.56,20.0,
91.0,93048,276.834,-711.614,-0.005,4.5,30.0,1126,-1,23.87,False,-1,True,True,0.75,0.0,-0.0,False,False,-0.208,-0.002,115.032,1126,31.9,,,,,0,False,False,0.0,False,8.03,5.42,20.0,
91.05,93049,276.742,-711.418,-0.005,4.259,30.0,1126,-1,24.08,False,-1,True,True,0.75,0.0,0.004,False,False,-0.286,-0.005,115.034,1126,31.9,,,,,0,False,False,0.0,False,7.81,5.25,20.0,
91.1,93050,276.653,-711.229,-0.005,4.135,30.0,1126,-1,24.29,False,-1,True,True,0.75,0.0,0.002,False,False,-0.31,-0.005,115.044,1126,31.9,,,,,0,False,False,0.0,False,7.6,5.13,20.0,
91.15,93051,276.566,-711.043,-0.005,4.097,30.0,1126,-1,24.5,False,-1,True,True,0.75,0.0,0.001,False,False,-0.279,-0.003,115.051,1126,31.9,,,,,0,False,False,0.0,False,7.4,5.07,20.0,
91.2,93052,276.479,-710.857,-0.005,4.114,30.0,1126,-1,24.7,False,-1,True,True,0.75,0.0,0.001,False,False,-0.211,-0.001,115.057,1126,31.9,,,,,0,False,False,0.0,False,7.19,5.05,20.0,
91.25,93053,276.391,-710.669,-0.006,4.166,30.0,1126,-1,24.91,False,-1,True,True,0.75,0.0,0.001,False,False,-0.126,-0.0,115.062,1126,31.9,,,,,0,False,False,0.0,False,6.99,5.06,20.0,
91.3,93054,276.301,-710.477,-0.007,4.24,30.0,1126,-1,25.12,False,-1,True,True,0.75,0.0,0.001,False,False,-0.041,-0.0,115.066,1126,31.9,,,,,0,False,False,0.0,False,6.77,5.08,20.0,
91.35,93055,276.21,-710.283,-0.008,4.326,30.0,1126,-1,25.34,False,-1,True,True,0.75,0.0,0.001,False,False,0.035,0.0,115.07,1126,31.9,,,,,0,False,False,0.0,False,6.56,5.12,20.0,
91.4,93056,276.117,-710.084,-0.008,4.42,30.0,1126,-1,25.56,False,-1,True,True,0.75,0.0,0.0,False,False,0.099,0.0,115.073,1126,31.9,,,,,0,False,False,0.0,False,6.34,5.16,20.0,
91.45,93057,276.022,-709.88,-0.009,4.519,30.0,1126,-1,25.78,False,-1,True,True,0.75,0.0,0.0,False,False,0.148,0.0,115.076,1126,31.9,,,,,0,False,False,0.0,False,6.12,5.21,20.0,
91.5,93058,275.924,-709.673,-0.009,4.621,30.0,1126,-1,26.01,False,-1,True,True,0.75,0.0,0.0,False,False,0.186,0.0,115.079,1126,31.9,,,,,0,False,False,0.0,False,5.89,5.26,20.0,
91.55,93059,275.825,-709.46,-0.009,4.725,30.0,1126,-1,26.24,False,-1,True,True,0.75,0.0,0.0,False,False,0.213,0.0,115.081,1126,31.9,,,,,0,False,False,0.0,False,5.65,5.31,20.0,
91.6,93060,275.724,-709.243,-0.009,4.829,30.0,1126,-1,26.48,False,-1,True,True,0.75,0.0,0.0,False,False,0.231,0.0,115.083,1126,31.9,,,,,0,False,False,0.0,False,5.41,5.36,20.0,
91.65,93061,275.619,-709.022,-0.009,4.933,30.0,1126,-1,26.73,False,-1,True,True,0.75,0.0,0.01,False,False,0.244,-0.016,115.114,1126,35.65,,,,,0,False,False,0.0,False,8.92,5.41,20.0,
91.7,93062,275.513,-708.796,-0.009,5.037,30.0,1126,-1,26.98,False,-1,True,True,0.75,0.0,0.0,False,False,0.252,-0.013,115.136,1126,35.65,,,,,0,False,False,0.0,False,8.67,5.47,20.0,
91.75,93063,275.404,-708.565,-0.009,5.138,30.0,1126,-1,27.23,False,-1,True,True,0.75,0.0,-0.0,False,False,0.257,-0.005,115.143,1126,35.65,,,,,0,False,False,0.0,False,8.41,5.52,20.0,
91.8,93064,275.294,-708.33,-0.009,5.276,30.0,1126,-1,27.49,False,-1,True,True,0.75,0.0,0.001,False,False,0.26,-0.002,115.148,1126,35.65,,,,,0,False,False,0.0,False,8.15,5.57,20.0,
91.85,93065,275.181,-708.09,-0.009,5.3,30.0,1126,-1,27.76,False,-1,True,True,0.75,0.0,0.001,False,False,0.256,-0.002,115.159,1126,35.65,,,,,0,False,False,0.0,False,7.89,5.64,20.0,
91.9,93066,275.067,-707.848,-0.009,5.376,30.0,1126,-1,28.03,False,-1,True,True,0.75,0.0,0.0,False,False,0.239,0.0,115.145,1126,35.65,,,,,0,False,False,0.0,False,7.62,5.65,20.0,
91.95,93067,274.954,-707.608,-0.009,5.291,30.0,1126,-1,28.29,False,-1,True,True,0.7,0.0,0.002,False,False,0.191,-0.002,115.184,1126,35.65,,,,,0,False,False,0.0,False,7.36,5.69,20.0,
92.0,93068,274.841,-707.367,-0.008,5.359,30.0,1126,-1,28.56,False,-1,True,True,0.75,0.0,-0.003,False,False,0.156,0.003,115.164,1126,35.65,,,,,0,False,False,0.0,False,7.09,5.65,20.0,
92.05,93069,274.728,-707.126,-0.008,5.304,30.0,1126,-1,28.82,False,-1,True,True,0.745,0.0,0.002,False,False,0.125,-0.0,115.2,1126,35.65,,,,,0,False,False,0.0,False,6.82,5.68,20.0,
92.1,93070,274.614,-706.883,-0.008,5.385,30.0,1126,-1,29.09,False,-1,True,True,0.75,0.0,-0.003,False,False,0.115,0.003,115.176,1126,35.65,,,,,0,False,False,0.0,False,6.56,5.65,20.0,
92.15,93071,274.501,-706.642,-0.008,5.312,30.0,1126,-1,29.36,False,-1,True,True,0.642,0.0,0.002,False,False,0.097,-0.001,115.205,1126,35.65,,,,,0,False,False,0.0,False,6.29,5.69,20.0,
92.2,93072,274.387,-706.399,-0.008,5.423,30.0,1126,-1,29.63,False,-1,True,True,0.75,0.0,-0.002,False,False,0.094,0.002,115.182,1126,35.65,,,,,0,False,False,0.0,False,6.02,5.66,20.0,
92.25,93073,274.265,-706.142,-0.009,5.829,30.0,1126,-1,29.91,False,-1,True,True,0.497,0.0,0.002,False,False,0.207,-0.002,115.158,1126,35.65,,,,,0,False,False,0.0,False,5.74,5.71,20.0,
92.3,93074,274.135,-705.866,-0.01,6.217,30.0,1126,-1,30.22,False,-1,True,True,0.0,0.3,0.008,False,False,0.351,-0.017,115.176,1126,39.4,,,,,0,False,False,0.0,False,9.18,5.91,20.0,
92.35,93075,274.001,-705.582,-0.011,6.27,30.0,1126,-1,30.53,False,-1,True,True,0.0,0.3,0.001,False,False,0.404,-0.014,115.197,1126,39.4,,,,,0,False,False,0.0,False,8.87,6.11,20.0,
92.4,93076,273.867,-705.297,-0.01,6.327,30.0,1126,-1,30.85,False,-1,True,True,0.0,0.3,-0.0,False,False,0.376,-0.005,115.206,1126,39.4,,,,,0,False,False,0.0,False,8.56,6.13,20.0,
92.45,93077,273.734,-705.016,-0.01,6.164,30.0,1126,-1,31.16,False,-1,True,True,0.0,0.3,0.0,False,False,0.281,-0.0,115.198,1126,39.4,,,,,0,False,False,0.0,False,8.24,6.16,20.0,
92.5,93078,273.604,-704.74,-0.009,6.069,30.0,1126,-1,31.46,False,-1,True,True,0.0,0.3,0.002,False,False,0.166,-0.001,115.229,1126,39.4,,,,,0,False,False,0.0,False,7.94,6.08,20.0,
92.55,93079,273.478,-704.473,-0.007,5.831,30.0,1126,-1,31.76,False,-1,True,True,0.0,0.3,-0.002,False,False,0.046,0.004,115.206,1126,39.4,,,,,0,False,False,0.0,False,7.64,6.03,20.0,
92.6,93080,273.356,-704.214,-0.007,5.698,30.0,1126,-1,32.04,False,-1,True,True,0.0,0.3,0.003,False,False,-0.052,0.001,115.236,1126,39.4,,,,,0,False,False,0.0,False,7.36,5.92,20.0,
92.65,93081,273.238,-703.964,-0.006,5.433,30.0,1126,-1,32.32,False,-1,True,True,0.0,0.3,-0.002,False,False,-0.138,0.003,115.211,1126,39.4,,,,,0,False,False,0.0,False,7.08,5.85,20.0,
92.7,93082,273.125,-703.722,-0.005,5.324,30.0,1126,-1,32.59,False,-1,True,True,0.407,0.0,0.002,False,False,-0.192,-0.0,115.241,1126,39.4,,,,,0,False,False,0.0,False,6.81,5.72,20.0,
92.75,93083,273.014,-703.487,-0.005,5.124,30.0,1126,-1,32.85,False,-1,True,True,0.75,0.0,-0.002,False,False,-0.22,0.001,115.208,1126,39.4,,,,,0,False,False,0.0,False,6.55,5.66,20.0,
92.8,93084,272.905,-703.256,-0.005,5.089,30.0,1126,-1,33.1,False,-1,True,True,0.75,0.0,0.003,False,False,-0.214,-0.003,115.233,1126,39.4,,,,,0,False,False,0.0,False,6.3,5.56,20.0,
92.85,93085,272.797,-703.028,-0.005,5.015,30.0,1126,-1,33.35,False,-1,True,True,0.75,0.0,-0.002,False,False,-0.178,-0.001,115.192,1126,39.4,,,,,0,False,False,0.0,False,6.05,5.54,20.0,
92.9,93086,272.689,-702.799,-0.006,5.085,30.0,1126,-1,33.61,False,-1,True,True,0.75,0.0,0.004,False,False,-0.119,-0.005,115.222,1126,39.4,,,,,0,False,False,0.0,False,5.79,5.51,20.0,
92.95,93087,272.585,-702.578,-0.006,4.717,30.0,1126,-1,33.85,False,-1,True,True,0.75,0.0,-0.002,False,False,-0.137,-0.001,115.214,1126,39.4,,,,,0,False,False,0.0,False,5.55,5.54,20.0,
93.0,93088,272.489,-702.374,-0.005,4.423,30.0,1126,-1,34.08,False,-1,True,True,0.75,0.0,0.001,False,False,-0.22,0.0,115.223,1126,39.4,,,,,0,False,False,0.0,False,5.32,5.36,20.0,
93.05,93089,272.397,-702.179,-0.005,4.256,30.0,1126,-1,34.29,False,-1,True,True,0.75,0.0,-0.0,False,False,-0.271,0.001,115.226,1126,39.4,,,,,0,False,False,0.0,False,5.11,5.21,20.0,
93.1,93090,272.307,-701.989,-0.005,4.187,30.0,1126,-1,34.5,False,-1,True,True,0.75,0.0,0.004,False,False,-0.268,-0.004,115.237,1126,43.15,,,,,0,False,False,0.0,False,8.65,5.13,20.0,
93.15,93091,272.218,-701.799,-0.005,4.185,30.0,1126,-1,34.71,False,-1,True,True,0.75,0.0,0.0,False,False,-0.22,-0.003,115.245,1126,43.15,,,,,0,False,False,0.0,False,8.44,5.09,20.0,
93.2,93092,272.128,-701.609,-0.006,4.224,30.0,1126,-1,34.92,False,-1,True,True,0.75,0.0,0.0,False,False,-0.146,-0.001,115.247,1126,43.15,,,,,0,False,False,0.0,False,8.23,5.09,20.0,
93.25,93093,272.036,-701.415,-0.007,4.288,30.0,1126,-1,35.14,False,-1,True,True,0.75,0.0,0.001,False,False,-0.065,-0.0,115.25,1126,43.15,,,,,0,False,False,0.0,False,8.02,5.11,20.0,
93.3,93094,271.944,-701.219,-0.007,4.369,30.0,1126,-1,35.35,False,-1,True,True,0.75,0.0,0.0,False,False,0.012,-0.0,115.253,1126,43.15,,,,,0,False,False,0.0,False,7.8,5.14,20.0,
93.35,93095,271.849,-701.018,-0.008,4.459,30.0,1126,-1,35.58,False,-1,True,True,0.75,0.0,0.0,False,False,0.078,-0.0,115.255,1126,43.15,,,,,0,False,False,0.0,False,7.58,5.18,20.0,
93.4,93096,271.752,-700.813,-0.008,4.556,30.0,1126,-1,35.8,False,-1,True,True,0.75,0.0,0.0,False,False,0.131,0.0,115.257,1126,43.15,,,,,0,False,False,0.0,False,7.35,5.23,20.0,
93.45,93097,271.654,-700.604,-0.009,4.656,30.0,1126,-1,36.03,False,-1,True,True,0.75,0.0,0.0,False,False,0.172,0.0,115.259,1126,43.15,,,,,0,False,False,0.0,False,7.12,5.28,20.0,
93.5,93098,271.553,-700.391,-0.009,4.758,30.0,1126,-1,36.27,False,-1,True,True,0.75,0.0,0.0,False,False,0.202,0.0,115.26,1126,43.15,,,,,0,False,False,0.0,False,6.88,5.33,20.0,
93.55,93099,271.45,-700.172,-0.009,4.862,30.0,1126,-1,36.51,False,-1,True,True,0.75,0.0,0.0,False,False,0.223,0.0,115.261,1126,43.15,,,,,0,False,False,0.0,False,6.64,5.38,20.0,
93.6,93100,271.345,-699.95,-0.009,4.965,30.0,1126,-1,36.76,False,-1,True,True,0.75,0.0,0.0,False,False,0.238,0.0,115.262,1126,43.15,,,,,0,False,False,0.0,False,6.4,5.43,20.0,
93.65,93101,271.238,-699.722,-0.009,5.069,30.0,1126,-1,37.01,False,-1,True,True,0.75,0.0,0.0,False,False,0.248,0.0,115.263,1126,43.15,,,,,0,False,False,0.0,False,6.14,5.48,20.0,
93.7,93102,271.128,-699.49,-0.009,5.154,30.0,1126,-1,37.27,False,-1,True,True,0.75,0.0,0.0,False,False,0.253,-0.0,115.264,1126,43.15,,,,,0,False,False,0.0,False,5.89,5.53,20.0,
93.75,93103,271.016,-699.253,-0.009,5.307,30.0,1126,-1,37.53,False,-1,True,True,0.75,0.0,0.0,False,False,0.258,-0.0,115.265,1126,43.15,,,,,0,False,False,0.0,False,5.63,5.58,20.0,
93.8,93104,270.903,-699.013,-0.009,5.335,30.0,1126,-1,37.79,False,-1,True,True,0.75,0.0,0.002,False,False,0.255,-0.004,115.273,1126,46.9,,,,,0,False,False,0.0,False,9.11,5.65,20.0,
93.85,93105,270.787,-698.768,-0.009,5.466,30.0,1126,-1,38.06,False,-1,True,True,0.75,0.0,-0.0,False,False,0.253,-0.002,115.263,1126,46.9,,,,,0,False,False,0.0,False,8.84,5.67,20.0,
93.9,93106,270.671,-698.523,-0.009,5.37,30.0,1126,-1,38.33,False,-1,True,True,0.372,0.0,0.001,False,False,0.211,-0.003,115.299,1126,46.9,,,,,0,False,False,0.0,False,8.57,5.73,20.0,
93.95,93107,270.556,-698.28,-0.008,5.403,30.0,1126,-1,38.6,False,-1,True,True,0.71,0.0,-0.003,False,False,0.165,0.002,115.276,1126,46.9,,,,,0,False,False,0.0,False,8.3,5.68,20.0,
94.0,93108,270.443,-698.039,-0.008,5.303,30.0,1126,-1,38.87,False,-1,True,True,0.582,0.0,0.002,False,False,0.115,-0.0,115.311,1126,46.9,,,,,0,False,False,0.0,False,8.03,5.7,20.0,
94.05,93109,270.329,-697.798,-0.008,5.348,30.0,1126,-1,39.14,False,-1,True,True,0.75,0.0,-0.003,False,False,0.085,0.003,115.288,1126,46.9,,,,,0,False,False,0.0,False,7.77,5.65,20.0,
94.1,93110,270.216,-697.558,-0.008,5.271,30.0,1126,-1,39.4,False,-1,True,True,0.75,0.0,0.002,False,False,0.061,-0.0,115.322,1126,46.9,,,,,0,False,False,0.0,False,7.5,5.67,20.0,
94.15,93111,270.103,-697.318,-0.008,5.351,30.0,1126,-1,39.67,False,-1,True,True,0.75,0.0,-0.003,False,False,0.06,0.003,115.297,1126,46.9,,,,,0,False,False,0.0,False,7.24,5.64,20.0,
94.2,93112,269.989,-697.078,-0.008,5.297,30.0,1126,-1,39.93,False,-1,True,True,0.75,0.0,0.002,False,False,0.062,-0.001,115.328,1126,46.9,,,,,0,False,False,0.0,False,6.97,5.68,20.0,
94.25,93113,269.875,-696.836,-0.008,5.363,30.0,1126,-1,40.2,False,-1,True,True,0.75,0.0,-0.003,False,False,0.068,0.002,115.297,1126,46.9,,,,,0,False,False,0.0,False,6.7,5.65,20.0,
94.3,93114,269.762,-696.596,-0.008,5.29,30.0,1126,-1,40.47,False,-1,True,True,0.71,0.0,0.002,False,False,0.064,-0.002,115.323,1126,46.9,,,,,0,False,False,0.0,False,6.44,5.68,20.0,
94.35,93115,269.642,-696.343,-0.009,5.803,30.0,1126,-1,40.75,False,-1,True,True,0.75,0.0,-0.003,False,False,0.166,0.001,115.274,1126,46.9,,,,,0,False,False,0.0,False,6.16,5.64,20.0,
94.4,93116,269.513,-696.071,-0.01,6.104,30.0,1126,-1,41.05,False,-1,True,True,0.0,0.3,0.004,False,False,0.32,-0.005,115.265,1126,46.9,,,,,0,False,False,0.0,False,5.86,5.9,20.0,
94.45,93117,269.378,-695.786,-0.011,6.371,30.0,1126,-1,41.36,False,-1,True,True,0.0,0.3,0.002,False,False,0.417,-0.01,115.276,1126,50.66,,,,,0,False,False,0.0,False,9.3,6.05,20.0,
94.5,93118,269.242,-695.498,-0.011,6.35,30.0,1126,-1,41.68,False,-1,True,True,0.0,0.3,-0.0,False,False,0.412,-0.005,115.283,1126,50.66,,,,,0,False,False,0.0,False,8.98,6.19,20.0,
94.55,93119,269.107,-695.211,-0.01,6.352,30.0,1126,-1,42.0,False,-1,True,True,0.0,0.3,-0.0,False,False,0.342,-0.001,115.287,1126,50.66,,,,,0,False,False,0.0,False,8.66,6.17,20.0,
94.6,93120,268.974,-694.93,-0.009,6.16,30.0,1126,-1,42.31,False,-1,True,True,0.0,0.3,0.0,False,False,0.226,0.001,115.276,1126,50.66,,,,,0,False,False,0.0,False,8.35,6.18,20.0,
94.65,93121,268.844,-694.656,-0.008,6.049,30.0,1126,-1,42.61,False,-1,True,True,0.0,0.3,0.002,False,False,0.108,-0.0,115.305,1126,50.66,,,,,0,False,False,0.0,False,8.05,6.08,20.0,
94.7,93122,268.718,-694.39,-0.007,5.801,30.0,1126,-1,42.91,False,-1,True,True,0.0,0.3,-0.002,False,False,-0.007,0.004,115.28,1126,50.66,,,,,0,False,False,0.0,False,7.75,6.02,20.0,
94.75,93123,268.597,-694.132,-0.006,5.661,30.0,1126,-1,43.19,False,-1,True,True,0.0,0.3,0.002,False,False,-0.097,0.001,115.307,1126,50.66,,,,,0,False,False,0.0,False,7.47,5.9,20.0,
94.8,93124,268.479,-693.884,-0.006,5.391,30.0,1126,-1,43.47,False,-1,True,True,0.0,0.3,-0.002,False,False,-0.175,0.003,115.281,1126,50.66,,,,,0,False,False,0.0,False,7.19,5.83,20.0,
94.85,93125,268.366,-693.644,-0.005,5.278,30.0,1126,-1,43.73,False,-1,True,True,0.552,0.0,0.002,False,False,-0.221,-0.001,115.31,1126,50.66,,,,,0,False,False,0.0,False,6.93,5.7,20.0,
94.9,93126,268.256,-693.411,-0.005,5.076,30.0,1126,-1,43.99,False,-1,True,True,0.75,0.0,-0.002,False,False,-0.241,0.001,115.276,1126,50.66,,,,,0,False,False,0.0,False,6.67,5.64,20.0,
94.95,93127,268.147,-693.181,-0.005,5.118,30.0,1126,-1,44.24,False,-1,True,True,0.75,0.0,0.003,False,False,-0.213,-0.004,115.292,1126,50.66,,,,,0,False,False,0.0,False,6.41,5.54,20.0,
95.0,93128,268.038,-692.951,-0.006,5.044,30.0,1126,-1,44.5,False,-1,True,True,0.75,0.0,-0.001,False,False,-0.159,-0.002,115.259,1126,50.66,,,,,0,False,False,0.0,False,6.16,5.56,20.0,
95.05,93129,267.932,-692.727,-0.006,4.797,30.0,1126,-1,44.75,False,-1,True,True,0.75,0.0,0.003,False,False,-0.152,-0.004,115.294,1126,50.66,,,,,0,False,False,0.0,False,5.91,5.52,20.0,
95.1,93130,267.835,-692.521,-0.005,4.431,30.0,1126,-1,44.97,False,-1,True,True,0.75,0.0,-0.002,False,False,-0.24,-0.0,115.326,1126,50.66,,,,,0,False,False,0.0,False,5.68,5.4,20.0,
95.15,93131,267.744,-692.328,-0.005,4.207,30.0,1126,-1,45.19,False,-1,True,True,0.75,0.0,-0.003,False,False,-0.31,0.005,115.325,1126,50.66,,,,,0,False,False,0.0,False,5.47,5.22,20.0,
95.2,93132,267.656,-692.141,-0.005,4.097,30.0,1126,-1,45.39,False,-1,True,True,0.75,0.0,-0.001,False,False,-0.323,0.004,115.32,1126,50.66,,,,,0,False,False,0.0,False,5.26,5.1,20.0,
95.25,93133,267.569,-691.956,-0.005,4.068,30.0,1126,-1,45.6,False,-1,True,True,0.75,0.0,-0.0,False,False,-0.282,0.001,115.318,1126,50.66,,,,,0,False,False,0.0,False,5.06,5.05,20.0,
95.3,93134,267.481,-691.771,-0.006,4.091,30.0,1126,-1,45.8,False,-1,True,True,0.75,0.0,-0.0,False,False,-0.207,-0.0,115.317,1126,50.66,,,,,0,False,False,0.0,False,4.86,5.03,20.0,
95.35,93135,267.393,-691.584,-0.006,4.147,30.0,1126,-1,46.01,False,-1,True,True,0.75,0.0,0.0,False,False,-0.119,-0.001,115.316,1126,54.41,,,,,0,False,False,0.0,False,8.4,5.05,20.0,
95.4,93136,267.303,-691.394,-0.007,4.223,30.0,1126,-1,46.22,False,-1,True,True,0.75,0.0,-0.0,False,False,-0.032,-0.001,115.316,1126,54.41,,,,,0,False,False,0.0,False,8.19,5.07,20.0,
95.45,93137,267.211,-691.2,-0.008,4.311,30.0,1126,-1,46.43,False,-1,True,True,0.75,0.0,-0.0,False,False,0.044,-0.001,115.315,1126,54.41,,,,,0,False,False,0.0,False,7.98,5.11,20.0,
95.5,93138,267.117,-691.002,-0.008,4.407,30.0,1126,-1,46.65,False,-1,True,True,0.75,0.0,-0.0,False,False,0.106,-0.001,115.314,1126,54.41,,,,,0,False,False,0.0,False,7.76,5.16,20.0,
95.55,93139,267.022,-690.8,-0.009,4.507,30.0,1126,-1,46.88,False,-1,True,True,0.75,0.0,-0.0,False,False,0.154,-0.001,115.313,1126,54.41,,,,,0,False,False,0.0,False,7.53,5.2,20.0,
95.6,93140,266.924,-690.593,-0.009,4.609,30.0,1126,-1,47.11,False,-1,True,True,0.75,0.0,-0.0,False,False,0.19,-0.0,115.313,1126,54.41,,,,,0,False,False,0.0,False,7.3,5.25,20.0,
95.65,93141,266.824,-690.382,-0.009,4.713,30.0,1126,-1,47.34,False,-1,True,True,0.75,0.0,-0.0,False,False,0.216,-0.0,115.312,1126,54.41,,,,,0,False,False,0.0,False,7.07,5.3,20.0,
95.7,93142,266.722,-690.166,-0.009,4.817,30.0,1126,-1,47.58,False,-1,True,True,0.75,0.0,-0.0,False,False,0.234,-0.0,115.312,1126,54.41,,,,,0,False,False,0.0,False,6.83,5.36,20.0,
95.75,93143,266.618,-689.945,-0.009,4.922,30.0,1126,-1,47.82,False,-1,True,True,0.75,0.0,-0.0,False,False,0.245,-0.0,115.311,1126,54.41,,,,,0,False,False,0.0,False,6.59,5.41,20.0,
95.8,93144,266.511,-689.72,-0.009,5.026,30.0,1126,-1,48.07,False,-1,True,True,0.75,0.0,-0.0,False,False,0.253,-0.0,115.311,1126,54.41,,,,,0,False,False,0.0,False,6.34,5.46,20.0,
95.85,93145,266.402,-689.49,-0.009,5.127,30.0,1126,-1,48.33,False,-1,True,True,0.75,0.0,-0.0,False,False,0.258,-0.0,115.311,1126,54.41,,,,,0,False,False,0.0,False,6.08,5.51,20.0,
95.9,93146,266.291,-689.255,-0.009,5.265,30.0,1126,-1,48.59,False,-1,True,True,0.75,0.0,-0.0,False,False,0.261,-0.0,115.31,1126,54.41,,,,,0,False,False,0.0,False,5.82,5.56,20.0,
95.95,93147,266.178,-689.016,-0.009,5.293,30.0,1126,-1,48.85,False,-1,True,True,0.75,0.0,-0.0,False,False,0.257,0.0,115.308,1126,54.41,,,,,0,False,False,0.0,False,5.56,5.63,20.0,
96.0,93148,266.063,-688.773,-0.009,5.414,30.0,1126,-1,49.12,False,-1,True,True,0.75,0.0,0.0,False,False,0.252,-0.001,115.324,1126,58.16,,,,,0,False,False,0.0,False,9.04,5.65,20.0,
96.05,93149,265.949,-688.531,-0.009,5.319,30.0,1126,-1,49.39,False,-1,True,True,0.563,0.0,-0.001,False,False,0.208,0.001,115.292,1126,58.16,,,,,0,False,False,0.0,False,8.78,5.71,20.0,
96.1,93150,265.835,-688.29,-0.008,5.369,30.0,1126,-1,49.65,False,-1,True,True,0.75,0.0,0.003,False,False,0.165,-0.003,115.316,1126,58.16,,,,,0,False,False,0.0,False,8.51,5.66,20.0,
96.15,93151,265.721,-688.05,-0.008,5.294,30.0,1126,-1,49.92,False,-1,True,True,0.712,0.0,-0.002,False,False,0.124,0.0,115.282,1126,58.16,,,,,0,False,False,0.0,False,8.24,5.68,20.0,
96.2,93152,265.607,-687.808,-0.008,5.373,30.0,1126,-1,50.19,False,-1,True,True,0.75,0.0,0.003,False,False,0.106,-0.003,115.307,1126,58.16,,,,,0,False,False,0.0,False,7.98,5.65,20.0,
96.25,93153,265.492,-687.567,-0.008,5.325,30.0,1126,-1,50.45,False,-1,True,True,0.686,0.0,-0.002,False,False,0.094,0.0,115.275,1126,58.16,,,,,0,False,False,0.0,False,7.71,5.69,20.0,
96.3,93154,265.378,-687.325,-0.008,5.395,30.0,1126,-1,50.72,False,-1,True,True,0.75,0.0,0.003,False,False,0.093,-0.003,115.304,1126,58.16,,,,,0,False,False,0.0,False,7.44,5.66,20.0,
96.35,93155,265.263,-687.083,-0.008,5.321,30.0,1126,-1,50.99,False,-1,True,True,0.6,0.0,-0.002,False,False,0.081,0.001,115.278,1126,58.16,,,,,0,False,False,0.0,False,7.17,5.7,20.0,
96.4,93156,265.147,-686.836,-0.008,5.644,30.0,1126,-1,51.26,False,-1,True,True,0.75,0.0,0.003,False,False,0.119,-0.002,115.315,1126,58.16,,,,,0,False,False,0.0,False,6.9,5.66,20.0,
96.45,93157,265.021,-686.57,-0.009,5.977,30.0,1126,-1,51.56,False,-1,True,True,0.0,0.3,-0.003,False,False,0.261,0.003,115.334,1126,58.16,,,,,0,False,False,0.0,False,6.61,5.82,20.0,
96.5,93158,264.889,-686.29,-0.01,6.273,30.0,1126,-1,51.87,False,-1,True,True,0.0,0.3,-0.002,False,False,0.375,0.007,115.33,1126,58.16,,,,,0,False,False,0.0,False,6.3,5.99,20.0,
96.55,93159,264.755,-686.006,-0.011,6.271,30.0,1126,-1,52.18,False,-1,True,True,0.0,0.3,-0.0,False,False,0.391,0.004,115.326,1126,58.16,,,,,0,False,False,0.0,False,5.98,6.14,20.0,
96.6,93160,264.621,-685.722,-0.01,6.288,30.0,1126,-1,52.49,False,-1,True,True,0.0,0.3,0.0,False,False,0.338,0.001,115.322,1726,1.94,,,,,0,False,False,0.0,False,9.48,6.14,20.0,
96.65,93161,264.489,-685.443,-0.009,6.103,30.0,1126,-1,52.8,False,-1,True,True,0.0,0.3,-0.0,False,False,0.231,-0.002,115.334,1726,1.94,,,,,0,False,False,0.0,False,9.18,6.14,20.0,
96.7,93162,264.36,-685.171,-0.008,5.997,30.0,1126,-1,53.1,False,-1,True,True,0.0,0.3,-0.001,False,False,0.117,-0.0,115.305,1726,1.94,,,,,0,False,False,0.0,False,8.87,6.05,20.0,
96.75,93163,264.236,-684.908,-0.007,5.751,30.0,1126,-1,53.39,False,-1,True,True,0.0,0.3,0.002,False,False,0.003,-0.004,115.331,1726,1.94,,,,,0,False,False,0.0,False,8.58,6.0,20.0,
96.8,93164,264.114,-684.652,-0.006,5.615,30.0,1126,-1,53.68,False,-1,True,True,0.0,0.3,-0.002,False,False,-0.088,-0.001,115.303,1726,1.94,,,,,0,False,False,0.0,False,8.3,5.88,20.0,
96.85,93165,263.998,-684.406,-0.006,5.354,30.0,1126,-1,53.95,False,-1,True,True,0.0,0.248,0.002,False,False,-0.164,-0.004,115.331,1726,1.94,,,,,0,False,False,0.0,False,8.03,5.81,20.0,
96.9,93166,263.885,-684.168,-0.005,5.25,30.0,1126,-1,54.21,False,-1,True,True,0.692,0.0,-0.003,False,False,-0.209,0.001,115.305,1726,1.94,,,,,0,False,False,0.0,False,7.76,5.68,20.0,
96.95,93167,263.776,-683.936,-0.005,5.048,30.0,1126,-1,54.47,False,-1,True,True,0.75,0.0,0.002,False,False,-0.23,-0.001,115.34,1726,1.94,,,,,0,False,False,0.0,False,7.51,5.62,20.0,
97.0,93168,263.668,-683.708,-0.005,5.039,30.0,1126,-1,54.72,False,-1,True,True,0.75,0.0,-0.003,False,False,-0.217,0.004,115.348,1726,1.94,,,,,0,False,False,0.0,False,7.26,5.52,20.0,
97.05,93169,263.561,-683.481,-0.006,4.94,30.0,1126,-1,54.97,False,-1,True,True,0.75,0.0,-0.002,False,False,-0.166,0.005,115.354,1726,1.94,,,,,0,False,False,0.0,False,7.0,5.52,20.0,
97.1,93170,263.454,-683.254,-0.006,4.936,30.0,1126,-1,55.22,False,-1,True,True,0.75,0.0,-0.001,False,False,-0.114,0.003,115.342,1726,1.94,,,,,0,False,False,0.0,False,6.75,5.47,20.0,
97.15,93171,263.354,-683.044,-0.006,4.513,30.0,1126,-1,55.46,False,-1,True,True,0.75,0.0,0.0,False,False,-0.186,0.001,115.311,1726,1.94,,,,,0,False,False,0.0,False,6.52,5.47,20.0,
97.2,93172,263.261,-682.848,-0.005,4.26,30.0,1126,-1,55.67,False,-1,True,True,0.75,0.0,0.002,False,False,-0.268,-0.004,115.308,1726,1.94,,,,,0,False,False,0.0,False,6.3,5.26,20.0,
97.25,93173,263.172,-682.66,-0.005,4.127,30.0,1126,-1,55.88,False,-1,True,True,0.75,0.0,0.0,False,False,-0.3,-0.004,115.31,1726,1.94,,,,,0,False,False,0.0,False,6.1,5.13,20.0,
97.3,93174,263.085,-682.474,-0.005,4.082,30.0,1126,-1,56.09,False,-1,True,True,0.75,0.0,-0.0,False,False,-0.276,-0.002,115.311,1726,1.94,,,,,0,False,False,0.0,False,5.89,5.06,20.0,
97.35,93175,262.997,-682.289,-0.005,4.096,30.0,1126,-1,56.29,False,-1,True,True,0.75,0.0,0.0,False,False,-0.212,-0.001,115.312,1726,1.94,,,,,0,False,False,0.0,False,5.69,5.04,20.0,
97.4,93176,262.909,-682.102,-0.006,4.145,30.0,1126,-1,56.5,False,-1,True,True,0.75,0.0,0.0,False,False,-0.13,-0.0,115.312,1726,1.94,,,,,0,False,False,0.0,False,5.48,5.05,20.0,
97.45,93177,262.819,-681.912,-0.007,4.217,30.0,1126,-1,56.71,False,-1,True,True,0.75,0.0,0.0,False,False,-0.046,-0.0,115.312,1726,1.94,,,,,0,False,False,0.0,False,5.27,5.07,20.0,
97.5,93178,262.727,-681.719,-0.008,4.303,30.0,1126,-1,56.92,False,-1,True,True,0.75,0.0,0.0,False,False,0.031,0.0,115.313,1726,1.94,,,,,0,False,False,0.0,False,5.06,5.11,20.0,
97.55,93179,262.634,-681.521,-0.008,4.397,30.0,1126,-1,57.14,False,-1,True,True,0.75,0.0,0.0,False,False,0.095,0.0,115.313,1726,5.82,,,,,0,False,False,0.0,False,8.71,5.15,20.0,
97.6,93180,262.538,-681.319,-0.009,4.496,30.0,1126,-1,57.36,False,-1,True,True,0.75,0.0,0.0,False,False,0.145,0.0,115.313,1726,5.82,,,,,0,False,False,0.0,False,8.49,5.2,20.0,
97.65,93181,262.441,-681.113,-0.009,4.598,30.0,1126,-1,57.59,False,-1,True,True,0.75,0.0,0.0,False,False,0.183,0.0,115.314,1726,5.82,,,,,0,False,False,0.0,False,8.26,5.25,20.0,
97.7,93182,262.341,-680.902,-0.009,4.701,30.0,1126,-1,57.83,False,-1,True,True,0.75,0.0,0.0,False,False,0.211,0.0,115.314,1726,5.82,,,,,0,False,False,0.0,False,8.03,5.3,20.0,
97.75,93183,262.239,-680.687,-0.009,4.805,30.0,1126,-1,58.06,False,-1,True,True,0.75,0.0,0.0,False,False,0.23,0.0,115.314,1726,5.82,,,,,0,False,False,0.0,False,7.79,5.35,20.0,
97.8,93184,262.135,-680.467,-0.009,4.909,30.0,1126,-1,58.31,False,-1,True,True,0.75,0.0,0.0,False,False,0.243,0.0,115.315,1726,5.82,,,,,0,False,False,0.0,False,7.55,5.4,20.0,
97.85,93185,262.029,-680.242,-0.009,5.014,30.0,1126,-1,58.56,False,-1,True,True,0.75,0.0,0.0,False,False,0.251,0.0,115.315,1726,5.82,,,,,0,False,False,0.0,False,7.3,5.45,20.0,
97.9,93186,261.92,-680.012,-0.009,5.118,30.0,1126,-1,58.81,False,-1,True,True,0.75,0.0,0.0,False,False,0.257,0.0,115.315,1726,5.82,,,,,0,False,False,0.0,False,7.05,5.51,20.0,
97.95,93187,261.809,-679.779,-0.009,5.178,30.0,1126,-1,59.07,False,-1,True,True,0.75,0.0,0.0,False,False,0.257,0.0,115.315,1726,5.82,,,,,0,False,False,0.0,False,6.79,5.56,20.0,
98.0,93188,261.696,-679.54,-0.009,5.356,30.0,1126,-1,59.33,False,-1,True,True,0.75,0.0,-0.0,False,False,0.261,0.0,115.315,1726,5.82,,,,,0,False,False,0.0,False,6.52,5.59,20.0,
98.05,93189,261.582,-679.297,-0.009,5.376,30.0,1126,-1,59.6,False,-1,True,True,0.75,0.0,0.0,False,False,0.256,-0.0,115.323,1726,5.82,,,,,0,False,False,0.0,False,6.25,5.68,20.0,
98.1,93190,261.466,-679.052,-0.009,5.437,30.0,1126,-1,59.87,False,-1,True,True,0.701,0.0,-0.001,False,False,0.234,0.002,115.303,1726,5.82,,,,,0,False,False,0.0,False,5.98,5.69,20.0,
98.15,93191,261.351,-678.809,-0.009,5.347,30.0,1726,-1,0.1,True,8,True,True,0.472,0.0,0.002,False,False,0.184,-0.002,115.338,1726,5.82,,,,,0,False,False,0.0,False,5.71,5.72,20.0,
98.2,93192,261.236,-678.567,-0.008,5.391,30.0,1726,-1,0.37,True,8,True,True,0.75,0.0,-0.003,False,False,0.142,0.003,115.314,1726,5.82,,,,,0,False,False,0.0,False,5.45,5.67,20.0,
98.25,93193,261.123,-678.325,-0.008,5.307,30.0,1726,-1,0.64,True,8,True,True,0.625,0.0,0.002,False,False,0.103,-0.0,115.348,1726,9.69,,,,,0,False,False,0.0,False,9.06,5.7,20.0,
98.3,93194,261.008,-678.084,-0.008,5.37,30.0,1726,-1,0.9,True,8,True,True,0.75,0.0,-0.003,False,False,0.085,0.003,115.324,1726,9.69,,,,,0,False,False,0.0,False,8.79,5.65,20.0,
98.35,93195,260.895,-677.843,-0.008,5.309,30.0,1726,-1,1.17,True,8,True,True,0.69,0.0,0.002,False,False,0.071,-0.001,115.356,1726,9.69,,,,,0,False,False,0.0,False,8.52,5.69,20.0,
98.4,93196,260.78,-677.6,-0.008,5.398,30.0,1726,-1,1.44,True,8,True,True,0.75,0.0,-0.003,False,False,0.076,0.002,115.331,1726,9.69,,,,,0,False,False,0.0,False,8.26,5.65,20.0,
98.45,93197,260.666,-677.358,-0.008,5.33,30.0,1726,-1,1.71,True,8,True,True,0.586,0.0,0.001,False,False,0.074,-0.001,115.363,1726,9.69,,,,,0,False,False,0.0,False,7.99,5.7,20.0,
98.5,93198,260.551,-677.115,-0.008,5.396,30.0,1726,-1,1.98,True,8,True,True,0.75,0.0,-0.003,False,False,0.075,0.002,115.332,1726,9.69,,,,,0,False,False,0.0,False,7.72,5.66,20.0,
98.55,93199,260.435,-676.869,-0.008,5.575,30.0,1726,-1,2.25,True,8,True,True,0.591,0.0,0.002,False,False,0.109,-0.003,115.365,1726,9.69,,,,,0,False,False,0.0,False,7.45,5.7,20.0,
98.6,93200,260.309,-676.602,-0.009,6.047,30.0,1726,-1,2.54,True,8,True,True,0.0,0.056,-0.004,False,False,0.26,0.001,115.378,1726,9.69,,,,,0,False,False,0.0,False,7.15,5.79,20.0,
98.65,93201,260.177,-676.323,-0.01,6.185,30.0,1726,-1,2.85,True,8,True,True,0.0,0.3,-0.002,False,False,0.364,0.004,115.37,1726,9.69,,,,,0,False,False,0.0,False,6.84,6.02,20.0,
98.7,93202,260.043,-676.041,-0.01,6.292,30.0,1726,-1,3.16,True,8,True,True,0.0,0.3,-0.001,False,False,0.38,0.001,115.362,1726,9.69,,,,,0,False,False,0.0,False,6.53,6.09,20.0,
98.75,93203,259.91,-675.76,-0.01,6.157,30.0,1726,-1,3.47,True,8,True,True,0.0,0.3,-0.0,False,False,0.311,-0.002,115.358,1726,9.69,,,,,0,False,False,0.0,False,6.22,6.15,20.0,
98.8,93204,259.78,-675.484,-0.009,6.088,30.0,1726,-1,3.78,True,8,True,True,0.0,0.3,-0.001,False,False,0.209,-0.003,115.34,1726,9.69,,,,,0,False,False,0.0,False,5.92,6.08,20.0,
98.85,93205,259.653,-675.216,-0.008,5.856,30.0,1726,-1,4.08,True,8,True,True,0.0,0.3,0.001,False,False,0.089,-0.005,115.362,1726,13.57,,,,,0,False,False,0.791,False,9.5,6.04,20.0,
98.9,93206,259.529,-674.956,-0.007,5.729,30.0,1726,-1,4.36,True,8,True,True,0.0,0.3,-0.003,False,False,-0.015,-0.001,115.33,1726,13.57,,,,,0,False,False,0.964,False,9.21,5.93,20.0,
98.95,93207,259.411,-674.705,-0.006,5.467,30.0,1726,-1,4.64,True,8,True,True,0.0,0.3,0.002,False,False,-0.108,-0.004,115.353,1726,13.57,,,,,0,False,False,1.143,False,8.93,5.86,20.0,
99.0,93208,259.295,-674.462,-0.006,5.36,30.0,1726,-1,4.91,True,8,True,True,0.288,0.0,-0.003,False,False,-0.169,-0.001,115.324,1726,13.57,,,,,0,False,False,1.326,False,8.66,5.73,20.0,
99.05,93209,259.184,-674.225,-0.005,5.162,30.0,1726,-1,5.17,True,8,True,True,0.674,0.0,0.002,False,False,-0.202,-0.002,115.356,1726,13.57,,,,,0,False,False,1.507,False,8.4,5.68,20.0,
99.1,93210,259.074,-673.993,-0.005,5.127,30.0,1726,-1,5.43,True,8,True,True,0.75,0.0,-0.003,False,False,-0.201,0.002,115.331,1726,13.57,,,,,0,False,False,0.0,False,8.14,5.58,20.0,
99.15,93211,258.966,-673.765,-0.005,5.013,30.0,1726,-1,5.68,True,8,True,True,0.75,0.0,0.001,False,False,-0.182,0.0,115.362,1726,13.57,,,,,0,False,False,0.0,False,7.89,5.56,20.0,
99.2,93212,258.857,-673.536,-0.006,5.081,30.0,1726,-1,5.94,True,8,True,True,0.75,0.0,-0.003,False,False,-0.13,0.003,115.328,1726,13.57,,,,,0,False,False,0.0,False,7.64,5.51,20.0,
99.25,93213,258.75,-673.309,-0.006,4.924,30.0,1726,-1,6.19,True,8,True,True,0.75,0.0,0.002,False,False,-0.092,-0.001,115.336,1726,13.57,,,,,0,False,False,0.0,False,7.39,5.54,20.0,
99.3,93214,258.649,-673.095,-0.006,4.613,30.0,1726,-1,6.42,True,8,True,True,0.75,0.0,-0.001,False,False,-0.148,-0.002,115.353,1726,13.57,,,,,0,False,False,0.0,False,7.15,5.46,20.0,
99.35,93215,258.553,-672.893,-0.005,4.396,30.0,1726,-1,6.65,True,8,True,True,0.75,0.0,-0.002,False,False,-0.217,0.001,115.352,1726,13.57,,,,,0,False,False,0.0,False,6.93,5.31,20.0,
99.4,93216,258.461,-672.698,-0.005,4.289,30.0,1726,-1,6.86,True,8,True,True,0.75,0.0,-0.001,False,False,-0.243,0.001,115.348,1726,13.57,,,,,0,False,False,0.0,False,6.71,5.2,20.0,
99.45,93217,258.37,-672.505,-0.005,4.261,30.0,1726,-1,7.08,True,8,True,True,0.75,0.0,-0.0,False,False,-0.22,-0.0,115.345,1726,13.57,,,,,0,False,False,0.0,False,6.5,5.14,20.0,
99.5,93218,258.278,-672.311,-0.006,4.283,30.0,1726,-1,7.29,True,8,True,True,0.75,0.0,-0.0,False,False,-0.162,-0.001,115.343,1726,13.57,,,,,0,False,False,0.0,False,6.28,5.13,20.0,
99.55,93219,258.185,-672.116,-0.007,4.337,30.0,1726,-1,7.51,True,8,True,True,0.75,0.0,-0.0,False,False,-0.088,-0.001,115.341,1726,13.57,,,,,0,False,False,1.559,False,6.07,5.14,20.0,
99.6,93220,258.091,-671.917,-0.007,4.41,30.0,1726,-1,7.73,True,8,True,True,0.75,0.0,-0.0,False,False,-0.013,-0.001,115.339,1726,13.57,,,,,0,False,False,1.406,False,5.85,5.17,20.0,
99.65,93221,257.996,-671.715,-0.008,4.496,30.0,1726,-1,7.95,True,8,True,True,0.75,0.0,-0.0,False,False,0.054,-0.001,115.338,1726,13.57,,,,,0,False,False,1.259,False,5.62,5.21,20.0,
99.7,93222,257.898,-671.509,-0.008,4.589,30.0,1726,-1,8.18,True,8,True,True,0.75,0.0,-0.0,False,False,0.111,-0.0,115.336,1726,13.57,,,,,0,False,False,1.111,False,5.39,5.25,20.0,
99.75,93223,257.799,-671.299,-0.009,4.687,30.0,1726,-1,8.41,True,8,True,True,0.75,0.0,-0.0,False,False,0.156,-0.0,115.335,1726,13.57,,,,,0,False,False,1.187,False,5.16,5.29,20.0,
99.8,93224,257.697,-671.084,-0.009,4.788,30.0,1726,-1,8.65,True,8,True,True,0.75,0.0,-0.0,False,False,0.189,-0.0,115.334,1125,1.96,,,,,0,False,False,1.348,False,8.83,5.34,20.0,
99.85,93225,257.593,-670.865,-0.009,4.89,30.0,1726,-1,8.89,True,8,True,True,0.75,0.0,-0.0,False,False,0.214,-0.0,115.333,1125,1.96,,,,,0,False,False,1.517,False,8.58,5.39,20.0,
99.9,93226,257.487,-670.641,-0.009,4.993,30.0,1726,-1,9.14,True,8,True,True,0.75,0.0,-0.0,False,False,0.231,-0.0,115.332,1125,1.96,,,,,0,False,False,0.0,False,8.34,5.45,20.0,
99.95,93227,257.379,-670.412,-0.009,5.096,30.0,1726,-1,9.39,True,8,True,True,0.75,0.0,-0.0,False,False,0.243,-0.0,115.331,1125,1.96,,,,,0,False,False,0.0,False,8.08,5.5,20.0,
100.0,93228,257.268,-670.179,-0.009,5.23,30.0,1726,-1,9.65,True,8,True,True,0.75,0.0,-0.0,False,False,0.253,-0.0,115.331,1125,1.96,,,,,0,False,False,0.0,False,7.83,5.55,20.0,
100.05,93229,257.156,-669.941,-0.009,5.258,30.0,1726,-1,9.91,True,8,True,True,0.75,0.0,-0.0,False,False,0.251,-0.0,115.33,1125,1.96,,,,,0,False,False,0.0,False,7.56,5.61,20.0,
100.1,93230,257.042,-669.699,-0.009,5.429,30.0,1726,-1,10.18,True,8,True,True,0.75,0.0,-0.0,False,False,0.257,-0.0,115.336,1125,1.96,,,,,0,False,False,0.0,False,7.29,5.63,20.0,
100.15,93231,256.926,-669.456,-0.009,5.348,30.0,1726,-1,10.45,True,8,True,True,0.51,0.0,-0.001,False,False,0.229,0.001,115.313,1125,1.96,,,,,0,False,False,0.0,False,7.03,5.71,20.0,
100.2,93232,256.812,-669.214,-0.009,5.385,30.0,1726,-1,10.72,True,8,True,True,0.75,0.0,0.002,False,False,0.184,-0.003,115.337,1125,1.96,,,,,0,False,False,0.0,False,6.76,5.67,20.0,
100.25,93233,256.698,-668.973,-0.008,5.296,30.0,1726,-1,10.98,True,8,True,True,0.656,0.0,-0.002,False,False,0.135,0.001,115.301,1125,1.96,,,,,0,False,False,0.0,False,6.49,5.69,20.0,
100.3,93234,256.584,-668.732,-0.008,5.356,30.0,1726,-1,11.25,True,8,True,True,0.75,0.0,0.003,False,False,0.106,-0.003,115.325,1125,1.96,,,,,0,False,False,1.532,False,6.23,5.65,20.0,
100.35,93235,256.47,-668.492,-0.008,5.295,30.0,1726,-1,11.52,True,8,True,True,0.747,0.0,-0.002,False,False,0.085,0.0,115.292,1125,1.96,,,,,0,False,False,1.349,False,5.96,5.68,20.0,
100.4,93236,256.355,-668.251,-0.008,5.388,30.0,1726,-1,11.78,True,8,True,True,0.75,0.0,0.003,False,False,0.085,-0.003,115.317,1125,1.96,,,,,0,False,False,1.176,False,5.69,5.65,20.0,
100.45,93237,256.241,-668.009,-0.008,5.312,30.0,1726,-1,12.05,True,8,True,True,0.627,0.0,-0.001,False,False,0.078,0.001,115.291,1125,5.89,,,,,0,False,False,1.001,False,9.35,5.69,20.0,
100.5,93238,256.127,-667.767,-0.008,5.379,30.0,1726,-1,12.32,True,8,True,True,0.75,0.0,0.003,False,False,0.077,-0.002,115.323,1125,5.89,,,,,0,False,False,0.833,False,9.09,5.66,20.0,
100.55,93239,256.009,-667.518,-0.008,5.654,30.0,1726,-1,12.59,True,8,True,True,0.656,0.0,-0.002,False,False,0.137,0.003,115.333,1125,5.89,,,,,0,False,False,0.0,False,8.81,5.69,20.0,
100.6,93240,255.882,-667.249,-0.01,6.104,30.0,1726,-1,12.89,True,8,True,True,0.0,0.3,-0.001,False,False,0.293,0.005,115.344,1125,5.89,,,,,0,False,False,0.0,False,8.51,5.83,20.0,
100.65,93241,255.749,-666.968,-0.01,6.221,30.0,1726,-1,13.2,True,8,True,True,0.0,0.3,-0.001,False,False,0.383,0.005,115.343,1125,5.89,,,,,0,False,False,0.0,False,8.2,6.05,20.0,
100.7,93242,255.614,-666.684,-0.01,6.328,30.0,1726,-1,13.52,True,8,True,True,0.0,0.3,-0.0,False,False,0.389,0.003,115.339,1125,5.89,,,,,0,False,False,0.0,False,7.89,6.11,20.0,
100.75,93243,255.481,-666.402,-0.01,6.194,30.0,1726,-1,13.83,True,8,True,True,0.0,0.3,-0.0,False,False,0.316,0.0,115.339,1125,5.89,,,,,0,False,False,0.0,False,7.58,6.16,20.0,
100.8,93244,255.35,-666.124,-0.009,6.124,30.0,1726,-1,14.14,True,8,True,True,0.0,0.3,-0.0,False,False,0.212,-0.001,115.324,1125,5.89,,,,,0,False,False,0.0,False,7.27,6.1,20.0,
100.85,93245,255.222,-665.854,-0.008,5.893,30.0,1726,-1,14.43,True,8,True,True,0.0,0.3,0.001,False,False,0.091,-0.004,115.349,1125,5.89,,,,,0,False,False,0.0,False,6.97,6.06,20.0,
100.9,93246,255.098,-665.592,-0.007,5.765,30.0,1726,-1,14.72,True,8,True,True,0.0,0.3,-0.002,False,False,-0.014,-0.001,115.32,1125,5.89,,,,,0,False,False,0.0,False,6.68,5.95,20.0,
100.95,93247,254.978,-665.34,-0.006,5.503,30.0,1726,-1,15.0,True,8,True,True,0.0,0.3,0.002,False,False,-0.108,-0.004,115.345,1125,5.89,,,,,0,False,False,0.0,False,6.4,5.88,20.0,
101.0,93248,254.862,-665.095,-0.006,5.395,30.0,1726,-1,15.27,True,8,True,True,0.156,0.0,-0.002,False,False,-0.169,0.0,115.317,1125,5.89,,,,,0,False,False,0.0,False,6.13,5.75,20.0,
101.05,93249,254.75,-664.857,-0.005,5.189,30.0,1125,-1,0.03,False,-1,True,True,0.546,0.0,0.002,False,False,-0.204,-0.001,115.351,1125,5.89,,,,,0,False,False,0.0,False,5.87,5.7,20.0,
101.1,93250,254.639,-664.624,-0.005,5.14,30.0,1125,-1,0.28,False,-1,True,True,0.75,0.0,-0.003,False,False,-0.208,0.003,115.327,1125,5.89,,,,,0,False,False,0.0,False,5.61,5.59,20.0,
101.15,93251,254.531,-664.395,-0.005,5.033,30.0,1125,-1,0.54,False,-1,True,True,0.75,0.0,0.002,False,False,-0.19,0.001,115.368,1125,5.89,,,,,0,False,False,0.0,False,5.36,5.57,20.0,
101.2,93252,254.423,-664.165,-0.006,5.1,30.0,1125,-1,0.79,False,-1,True,True,0.75,0.0,-0.004,False,False,-0.135,0.005,115.34,1125,9.82,,,,,0,False,False,0.0,False,9.03,5.52,20.0,
101.25,93253,254.316,-663.939,-0.006,4.842,30.0,1125,-1,1.04,False,-1,True,True,0.75,0.0,0.002,False,False,-0.113,0.001,115.354,1125,9.82,,,,,0,False,False,0.0,False,8.78,5.55,20.0,
101.3,93254,254.216,-663.729,-0.006,4.533,30.0,1125,-1,1.27,False,-1,True,True,0.75,0.0,-0.002,False,False,-0.187,0.001,115.337,1125,9.82,,,,,0,False,False,0.0,False,8.55,5.42,20.0,
101.35,93255,254.123,-663.531,-0.005,4.318,30.0,1125,-1,1.49,False,-1,True,True,0.75,0.0,0.001,False,False,-0.257,-0.002,115.333,1125,9.82,,,,,0,False,False,0.0,False,8.33,5.27,20.0,
101.4,93256,254.032,-663.339,-0.005,4.214,30.0,1125,-1,1.71,False,-1,True,True,0.75,0.0,0.0,False,False,-0.276,-0.003,115.333,1125,9.82,,,,,0,False,False,0.0,False,8.12,5.16,20.0,
101.45,93257,253.942,-663.15,-0.005,4.187,30.0,1125,-1,1.92,False,-1,True,True,0.75,0.0,-0.0,False,False,-0.243,-0.002,115.332,1125,9.82,,,,,0,False,False,0.0,False,7.91,5.11,20.0,
101.5,93258,253.852,-662.959,-0.006,4.211,30.0,1125,-1,2.13,False,-1,True,True,0.75,0.0,-0.0,False,False,-0.178,-0.001,115.332,1125,9.82,,,,,0,False,False,0.0,False,7.7,5.09,20.0,
101.55,93259,253.761,-662.767,-0.006,4.267,30.0,1125,-1,2.34,False,-1,True,True,0.75,0.0,-0.0,False,False,-0.098,-0.001,115.331,1125,9.82,,,,,0,False,False,0.0,False,7.48,5.11,20.0,
101.6,93260,253.668,-662.571,-0.007,4.342,30.0,1125,-1,2.55,False,-1,True,True,0.75,0.0,-0.0,False,False,-0.019,-0.0,115.331,1125,9.82,,,,,0,False,False,0.0,False,7.27,5.13,20.0,
101.65,93261,253.574,-662.372,-0.008,4.429,30.0,1125,-1,2.78,False,-1,True,True,0.75,0.0,-0.0,False,False,0.052,-0.0,115.33,1125,9.82,,,,,0,False,False,0.0,False,7.05,5.17,20.0,
101.7,93262,253.478,-662.169,-0.008,4.523,30.0,1125,-1,3.0,False,-1,True,True,0.75,0.0,-0.0,False,False,0.111,-0.0,115.33,1125,9.82,,,,,0,False,False,0.0,False,6.82,5.21,20.0,
101.75,93263,253.38,-661.962,-0.009,4.622,30.0,1125,-1,3.23,False,-1,True,True,0.75,0.0,-0.0,False,False,0.156,-0.0,115.329,1125,9.82,,,,,0,False,False,0.0,False,6.59,5.26,20.0,
101.8,93264,253.279,-661.75,-0.009,4.723,30.0,1125,-1,3.46,False,-1,True,True,0.75,0.0,-0.0,False,False,0.191,-0.0,115.329,1125,9.82,,,,,0,False,False,0.0,False,6.36,5.31,20.0,
101.85,93265,253.177,-661.534,-0.009,4.826,30.0,1125,-1,3.7,False,-1,True,True,0.75,0.0,-0.0,False,False,0.215,-0.0,115.329,1125,9.82,,,,,0,False,False,0.0,False,6.12,5.36,20.0,
101.9,93266,253.072,-661.312,-0.009,4.93,30.0,1125,-1,3.95,False,-1,True,True,0.75,0.0,-0.0,False,False,0.232,0.0,115.329,1125,9.82,,,,,0,False,False,0.0,False,5.87,5.41,20.0,
101.95,93267,252.966,-661.087,-0.009,5.033,30.0,1125,-1,4.2,False,-1,True,True,0.75,0.0,-0.0,False,False,0.244,0.0,115.328,1125,9.82,,,,,0,False,False,0.0,False,5.62,5.46,20.0,
102.0,93268,252.857,-660.856,-0.009,5.134,30.0,1125,-1,4.45,False,-1,True,True,0.75,0.0,-0.0,False,False,0.252,0.0,115.328,1125,9.82,,,,,0,False,False,0.0,False,5.37,5.52,20.0,
102.05,93269,252.745,-660.621,-0.009,5.272,30.0,1125,-1,4.71,False,-1,True,True,0.75,0.0,-0.0,False,False,0.257,0.0,115.328,1125,13.75,,,,,0,False,False,0.0,False,9.04,5.57,20.0,
102.1,93270,252.632,-660.382,-0.009,5.3,30.0,1125,-1,4.98,False,-1,True,True,0.75,0.0,0.0,False,False,0.254,0.0,115.327,1125,13.75,,,,,0,False,False,0.0,False,8.77,5.64,20.0,
102.15,93271,252.517,-660.138,-0.009,5.439,30.0,1125,-1,5.25,False,-1,True,True,0.75,0.0,0.0,False,False,0.254,-0.0,115.342,1125,13.75,,,,,0,False,False,0.0,False,8.5,5.65,20.0,
102.2,93272,252.402,-659.896,-0.009,5.341,30.0,1125,-1,5.52,False,-1,True,True,0.472,0.0,-0.001,False,False,0.213,0.002,115.308,1125,13.75,,,,,0,False,False,0.0,False,8.24,5.72,20.0,
102.25,93273,252.287,-659.654,-0.008,5.381,30.0,1125,-1,5.78,False,-1,True,True,0.75,0.0,0.003,False,False,0.168,-0.003,115.332,1125,13.75,,,,,0,False,False,0.0,False,7.97,5.67,20.0,
102.3,93274,252.173,-659.414,-0.008,5.294,30.0,1125,-1,6.05,False,-1,True,True,0.666,0.0,-0.002,False,False,0.122,0.0,115.297,1125,13.75,,,,,0,False,False,0.0,False,7.7,5.69,20.0,
102.35,93275,252.059,-659.173,-0.008,5.357,30.0,1125,-1,6.32,False,-1,True,True,0.75,0.0,0.003,False,False,0.097,-0.003,115.321,1125,13.75,,,,,0,False,False,0.0,False,7.44,5.65,20.0,
102.4,93276,251.945,-658.933,-0.008,5.297,30.0,1125,-1,6.58,False,-1,True,True,0.743,0.0,-0.002,False,False,0.08,0.0,115.289,1125,13.75,,,,,0,False,False,0.0,False,7.17,5.68,20.0,
102.45,93277,251.831,-658.691,-0.008,5.386,30.0,1125,-1,6.85,False,-1,True,True,0.75,0.0,0.003,False,False,0.082,-0.003,115.314,1125,13.75,,,,,0,False,False,0.0,False,6.9,5.65,20.0,
102.5,93278,251.716,-658.45,-0.008,5.31,30.0,1125,-1,7.12,False,-1,True,True,0.632,0.0,-0.001,False,False,0.075,0.001,115.284,1125,13.75,,,,,0,False,False,0.0,False,6.64,5.69,20.0,
102.55,93279,251.602,-658.208,-0.008,5.377,30.0,1125,-1,7.38,False,-1,True,True,0.75,0.0,0.003,False,False,0.075,-0.002,115.315,1125,13.75,,,,,0,False,False,0.0,False,6.37,5.66,20.0,
102.6,93280,251.482,-657.955,-0.009,5.742,30.0,1125,-1,7.66,False,-1,True,True,0.66,0.0,-0.002,False,False,0.166,0.003,115.269,1125,13.75,,,,,0,False,False,0.0,False,6.09,5.69,20.0,
102.65,93281,251.353,-657.682,-0.01,6.172,30.0,1125,-1,7.97,False,-1,True,True,0.0,0.3,0.005,False,False,0.322,-0.003,115.266,1125,13.75,,,,,0,False,False,0.0,False,5.79,5.87,20.0,
102.7,93282,251.219,-657.399,-0.011,6.273,30.0,1125,-1,8.28,False,-1,True,True,0.0,0.3,0.002,False,False,0.401,-0.005,115.279,1125,17.68,,,,,0,False,False,0.0,False,9.4,6.09,20.0,
102.75,93283,251.083,-657.112,-0.011,6.367,30.0,1125,-1,8.6,False,-1,True,True,0.0,0.3,0.0,False,False,0.396,-0.001,115.289,1125,17.68,,,,,0,False,False,0.0,False,9.08,6.14,20.0,
102.8,93284,250.949,-656.829,-0.01,6.226,30.0,1125,-1,8.91,False,-1,True,True,0.0,0.3,0.0,False,False,0.314,0.002,115.291,1125,17.68,,,,,0,False,False,0.0,False,8.77,6.18,20.0,
102.85,93285,250.817,-656.55,-0.009,6.15,30.0,1125,-1,9.22,False,-1,True,True,0.0,0.3,0.001,False,False,0.205,0.003,115.311,1125,17.68,,,,,0,False,False,0.0,False,8.46,6.11,20.0,
102.9,93286,250.689,-656.279,-0.008,5.917,30.0,1125,-1,9.52,False,-1,True,True,0.0,0.3,-0.001,False,False,0.083,0.006,115.288,1125,17.68,,,,,0,False,False,0.0,False,8.16,6.07,20.0,
102.95,93287,250.565,-656.016,-0.007,5.787,30.0,1125,-1,9.81,False,-1,True,True,0.0,0.3,0.003,False,False,-0.022,0.002,115.319,1125,17.68,,,,,0,False,False,0.0,False,7.87,5.96,20.0,
103.0,93288,250.445,-655.763,-0.006,5.524,30.0,1125,-1,10.09,False,-1,True,True,0.0,0.3,-0.002,False,False,-0.115,0.004,115.295,1125,17.68,,,,,0,False,False,0.0,False,7.59,5.89,20.0,
103.05,93289,250.329,-655.516,-0.006,5.413,30.0,1125,-1,10.36,False,-1,True,True,0.077,0.0,0.002,False,False,-0.175,0.0,115.324,1125,17.68,,,,,0,False,False,0.0,False,7.32,5.76,20.0,
103.1,93290,250.215,-655.278,-0.005,5.201,30.0,1125,-1,10.62,False,-1,True,True,0.477,0.0,-0.002,False,False,-0.211,0.002,115.292,1125,17.68,,,,,0,False,False,0.0,False,7.06,5.71,20.0,
103.15,93291,250.105,-655.045,-0.005,5.141,30.0,1125,-1,10.88,False,-1,True,True,0.75,0.0,0.003,False,False,-0.216,-0.003,115.316,1125,17.68,,,,,0,False,False,0.0,False,6.8,5.6,20.0,
103.2,93292,249.996,-654.815,-0.005,5.048,30.0,1125,-1,11.14,False,-1,True,True,0.75,0.0,-0.001,False,False,-0.194,-0.0,115.29,1125,17.68,,,,,0,False,False,0.0,False,6.54,5.57,20.0,
103.25,93293,249.887,-654.585,-0.006,5.117,30.0,1125,-1,11.39,False,-1,True,True,0.75,0.0,0.003,False,False,-0.137,-0.003,115.325,1125,17.68,,,,,0,False,False,0.0,False,6.29,5.52,20.0,
103.3,93294,249.781,-654.36,-0.006,4.808,30.0,1125,-1,11.64,False,-1,True,True,0.75,0.0,-0.002,False,False,-0.134,0.001,115.306,1125,17.68,,,,,0,False,False,0.0,False,6.04,5.56,20.0,
103.35,93295,249.683,-654.154,-0.005,4.457,30.0,1125,-1,11.87,False,-1,True,True,0.75,0.0,0.002,False,False,-0.222,0.001,115.289,1125,17.68,,,,,0,False,False,0.0,False,5.81,5.4,20.0,
103.4,93296,249.591,-653.959,-0.005,4.245,30.0,1125,-1,12.08,False,-1,True,True,0.75,0.0,0.002,False,False,-0.29,-0.002,115.292,1125,17.68,,,,,0,False,False,0.0,False,5.6,5.23,20.0,
103.45,93297,249.502,-653.771,-0.005,4.144,30.0,1125,-1,12.29,False,-1,True,True,0.75,0.0,0.001,False,False,-0.302,-0.001,115.297,1125,17.68,,,,,0,False,False,0.0,False,5.39,5.12,20.0,
103.5,93298,249.414,-653.584,-0.005,4.12,30.0,1125,-1,12.5,False,-1,True,True,0.75,0.0,0.0,False,False,-0.262,0.0,115.299,1125,17.68,,,,,0,False,False,0.0,False,5.18,5.07,20.0,
103.55,93299,249.325,-653.396,-0.006,4.146,30.0,1125,-1,12.71,False,-1,True,True,0.75,0.0,0.0,False,False,-0.19,0.001,115.301,1125,17.68,,,,,0,False,False,0.0,False,4.97,5.06,20.0,
103.6,93300,249.235,-653.207,-0.006,4.204,30.0,1125,-1,12.92,False,-1,True,True,0.75,0.0,0.001,False,False,-0.105,0.0,115.305,1125,21.61,,,,,0,False,False,0.0,False,8.69,5.07,20.0,
103.65,93301,249.144,-653.014,-0.007,4.28,30.0,1125,-1,13.13,False,-1,True,True,0.75,0.0,0.0,False,False,-0.022,0.0,115.308,1125,21.61,,,,,0,False,False,0.0,False,8.48,5.1,20.0,
103.7,93302,249.051,-652.818,-0.008,4.368,30.0,1125,-1,13.35,False,-1,True,True,0.75,0.0,0.0,False,False,0.051,0.0,115.31,1125,21.61,,,,,0,False,False,0.0,False,8.26,5.14,20.0,
103.75,93303,248.956,-652.617,-0.008,4.464,30.0,1125,-1,13.57,False,-1,True,True,0.75,0.0,0.0,False,False,0.111,0.0,115.311,1125,21.61,,,,,0,False,False,0.0,False,8.04,5.18,20.0,
103.8,93304,248.859,-652.413,-0.009,4.563,30.0,1125,-1,13.79,False,-1,True,True,0.75,0.0,0.0,False,False,0.158,0.0,115.313,1125,21.61,,,,,0,False,False,0.0,False,7.81,5.23,20.0,
103.85,93305,248.76,-652.203,-0.009,4.665,30.0,1125,-1,14.03,False,-1,True,True,0.75,0.0,0.0,False,False,0.192,0.0,115.314,1125,21.61,,,,,0,False,False,0.0,False,7.58,5.28,20.0,
103.9,93306,248.659,-651.989,-0.009,4.769,30.0,1125,-1,14.26,False,-1,True,True,0.75,0.0,0.0,False,False,0.217,0.0,115.315,1125,21.61,,,,,0,False,False,0.0,False,7.35,5.33,20.0,
103.95,93307,248.556,-651.771,-0.009,4.873,30.0,1125,-1,14.5,False,-1,True,True,0.75,0.0,0.0,False,False,0.234,0.0,115.316,1125,21.61,,,,,0,False,False,0.0,False,7.1,5.38,20.0,
104.0,93308,248.45,-651.548,-0.009,4.977,30.0,1125,-1,14.75,False,-1,True,True,0.75,0.0,0.0,False,False,0.245,0.0,115.317,1125,21.61,,,,,0,False,False,0.0,False,6.86,5.44,20.0,
104.05,93309,248.342,-651.32,-0.009,5.081,30.0,1125,-1,15.0,False,-1,True,True,0.75,0.0,0.0,False,False,0.253,0.0,115.318,1125,21.61,,,,,0,False,False,0.0,False,6.61,5.49,20.0,
104.1,93310,248.233,-651.088,-0.009,5.167,30.0,1125,-1,15.26,False,-1,True,True,0.75,0.0,0.0,False,False,0.256,0.0,115.318,1125,21.61,,,,,0,False,False,0.0,False,6.35,5.54,20.0,
104.15,93311,248.12,-650.85,-0.009,5.319,30.0,1125,-1,15.52,False,-1,True,True,0.75,0.0,0.0,False,False,0.26,0.0,115.319,1125,21.61,,,,,0,False,False,0.0,False,6.09,5.58,20.0,
104.2,93312,248.006,-650.609,-0.009,5.347,30.0,1125,-1,15.79,False,-1,True,True,0.75,0.0,0.0,False,False,0.256,0.0,115.318,1125,21.61,,,,,0,False,False,0.0,False,5.82,5.66,20.0,
104.25,93313,247.89,-650.364,-0.009,5.475,30.0,1125,-1,16.06,False,-1,True,True,0.75,0.0,0.0,False,False,0.253,-0.0,115.333,1125,21.61,,,,,0,False,False,0.0,False,5.55,5.67,20.0,
104.3,93314,247.774,-650.119,-0.009,5.38,30.0,1125,-1,16.33,False,-1,True,True,0.336,0.0,-0.001,False,False,0.211,0.002,115.301,1125,25.54,,,,,0,False,False,0.0,False,9.21,5.74,20.0,
104.35,93315,247.659,-649.875,-0.008,5.412,30.0,1125,-1,16.6,False,-1,True,True,0.672,0.0,0.003,False,False,0.164,-0.003,115.326,1125,25.54,,,,,0,False,False,0.0,False,8.94,5.69,20.0,
104.4,93316,247.545,-649.634,-0.008,5.307,30.0,1125,-1,16.87,False,-1,True,True,0.551,0.0,-0.002,False,False,0.113,-0.0,115.292,1125,25.54,,,,,0,False,False,0.0,False,8.67,5.71,20.0,
104.45,93317,247.431,-649.394,-0.008,5.345,30.0,1125,-1,17.13,False,-1,True,True,0.75,0.0,0.003,False,False,0.08,-0.004,115.317,1125,25.54,,,,,0,False,False,0.0,False,8.4,5.65,20.0,
104.5,93318,247.317,-649.155,-0.008,5.262,30.0,1125,-1,17.4,False,-1,True,True,0.75,0.0,-0.002,False,False,0.055,0.0,115.284,1125,25.54,,,,,0,False,False,0.0,False,8.14,5.67,20.0,
104.55,93319,247.204,-648.915,-0.008,5.336,30.0,1125,-1,17.66,False,-1,True,True,0.75,0.0,0.003,False,False,0.052,-0.003,115.31,1125,25.54,,,,,0,False,False,0.0,False,7.87,5.63,20.0,
104.6,93320,247.09,-648.675,-0.008,5.285,30.0,1125,-1,17.93,False,-1,True,True,0.75,0.0,-0.001,False,False,0.054,0.001,115.279,1125,25.54,,,,,0,False,False,0.0,False,7.61,5.67,20.0,
104.65,93321,246.976,-648.434,-0.008,5.356,30.0,1125,-1,18.2,False,-1,True,True,0.75,0.0,0.003,False,False,0.064,-0.002,115.309,1125,25.54,,,,,0,False,False,0.0,False,7.34,5.64,20.0,
104.7,93322,246.862,-648.194,-0.008,5.283,30.0,1125,-1,18.46,False,-1,True,True,0.735,0.0,-0.002,False,False,0.062,0.002,115.284,1125,25.54,,,,,0,False,False,0.0,False,7.08,5.68,20.0,
104.75,93323,246.747,-647.949,-0.008,5.608,30.0,1125,-1,18.73,False,-1,True,True,0.75,0.0,0.003,False,False,0.107,-0.001,115.322,1125,25.54,,,,,0,False,False,0.0,False,6.81,5.64,20.0,
104.8,93324,246.622,-647.685,-0.009,5.947,30.0,1125,-1,19.03,False,-1,True,True,0.0,0.17,-0.003,False,False,0.255,0.004,115.341,1125,25.54,,,,,0,False,False,0.0,False,6.51,5.8,20.0,
104.85,93325,246.49,-647.406,-0.01,6.253,30.0,1125,-1,19.33,False,-1,True,True,0.0,0.3,-0.002,False,False,0.376,0.007,115.338,1125,25.54,,,,,0,False,False,0.0,False,6.2,5.97,20.0,
104.9,93326,246.356,-647.122,-0.011,6.253,30.0,1125,-1,19.65,False,-1,True,True,0.0,0.3,-0.0,False,False,0.396,0.005,115.334,1125,25.54,,,,,0,False,False,0.0,False,5.89,6.13,20.0,
104.95,93327,246.222,-646.839,-0.01,6.273,30.0,1125,-1,19.96,False,-1,True,True,0.0,0.3,0.0,False,False,0.343,0.001,115.331,1125,29.47,,,,,0,False,False,0.0,False,9.51,6.13,20.0,
105.0,93328,246.091,-646.561,-0.009,6.087,30.0,1125,-1,20.27,False,-1,True,True,0.0,0.3,-0.0,False,False,0.237,-0.002,115.344,1125,29.47,,,,,0,False,False,0.0,False,9.2,6.14,20.0,
105.05,93329,245.962,-646.29,-0.008,5.982,30.0,1125,-1,20.57,False,-1,True,True,0.0,0.3,-0.001,False,False,0.121,-0.0,115.315,1125,29.47,,,,,0,False,False,0.0,False,8.9,6.04,20.0,
105.1,93330,245.838,-646.027,-0.007,5.737,30.0,1125,-1,20.86,False,-1,True,True,0.0,0.3,0.002,False,False,0.006,-0.004,115.341,1125,29.47,,,,,0,False,False,0.0,False,8.61,5.99,20.0,
105.15,93331,245.717,-645.772,-0.006,5.602,30.0,1125,-1,21.14,False,-1,True,True,0.0,0.3,-0.002,False,False,-0.085,-0.001,115.313,1125,29.47,,,,,0,False,False,0.0,False,8.33,5.87,20.0,
105.2,93332,245.601,-645.527,-0.006,5.348,30.0,1125,-1,21.41,False,-1,True,True,0.0,0.198,0.002,False,False,-0.161,-0.003,115.342,1125,29.47,,,,,0,False,False,0.0,False,8.05,5.8,20.0,
105.25,93333,245.488,-645.288,-0.005,5.249,30.0,1125,-1,21.68,False,-1,True,True,0.716,0.0,-0.003,False,False,-0.203,0.001,115.318,1125,29.47,,,,,0,False,False,0.0,False,7.79,5.67,20.0,
105.3,93334,245.379,-645.057,-0.005,5.047,30.0,1125,-1,21.93,False,-1,True,True,0.75,0.0,0.002,False,False,-0.224,-0.0,115.354,1125,29.47,,,,,0,False,False,0.0,False,7.53,5.62,20.0,
105.35,93335,245.271,-644.829,-0.005,5.039,30.0,1125,-1,22.18,False,-1,True,True,0.75,0.0,-0.003,False,False,-0.212,0.004,115.361,1125,29.47,,,,,0,False,False,0.0,False,7.28,5.52,20.0,
105.4,93336,245.164,-644.602,-0.006,4.94,30.0,1125,-1,22.44,False,-1,True,True,0.75,0.0,-0.002,False,False,-0.162,0.005,115.367,1125,29.47,,,,,0,False,False,0.0,False,7.03,5.52,20.0,
105.45,93337,245.057,-644.375,-0.006,4.936,30.0,1125,-1,22.69,False,-1,True,True,0.75,0.0,-0.002,False,False,-0.112,0.003,115.354,1125,29.47,,,,,0,False,False,0.0,False,6.78,5.47,20.0,
105.5,93338,244.957,-644.165,-0.006,4.514,30.0,1125,-1,22.92,False,-1,True,True,0.75,0.0,0.0,False,False,-0.184,0.001,115.323,1125,29.47,,,,,0,False,False,0.0,False,6.55,5.47,20.0,
105.55,93339,244.864,-643.969,-0.005,4.26,30.0,1125,-1,23.14,False,-1,True,True,0.75,0.0,0.002,False,False,-0.267,-0.004,115.32,1125,29.47,,,,,0,False,False,0.0,False,6.33,5.26,20.0,
105.6,93340,244.775,-643.781,-0.005,4.127,30.0,1125,-1,23.34,False,-1,True,True,0.75,0.0,0.0,False,False,-0.299,-0.004,115.322,1125,29.47,,,,,0,False,False,0.0,False,6.12,5.13,20.0,
105.65,93341,244.687,-643.595,-0.005,4.082,30.0,1125,-1,23.55,False,-1,True,True,0.75,0.0,-0.0,False,False,-0.275,-0.002,115.323,1125,29.47,,,,,0,False,False,0.0,False,5.92,5.06,20.0,
105.7,93342,244.6,-643.41,-0.005,4.096,30.0,1125,-1,23.75,False,-1,True,True,0.75,0.0,0.0,False,False,-0.212,-0.001,115.323,1125,29.47,,,,,0,False,False,0.0,False,5.71,5.04,20.0,
105.75,93343,244.511,-643.223,-0.006,4.146,30.0,1125,-1,23.96,False,-1,True,True,0.75,0.0,0.0,False,False,-0.13,-0.0,115.323,1125,29.47,,,,,0,False,False,0.0,False,5.51,5.05,20.0,
105.8,93344,244.421,-643.033,-0.007,4.218,30.0,1125,-1,24.17,False,-1,True,True,0.75,0.0,0.0,False,False,-0.045,-0.0,115.323,1125,29.47,,,,,0,False,False,0.0,False,5.3,5.07,20.0,
105.85,93345,244.33,-642.84,-0.008,4.303,30.0,1125,-1,24.39,False,-1,True,True,0.75,0.0,0.0,False,False,0.031,0.0,115.324,1125,29.47,,,,,0,False,False,0.0,False,5.08,5.11,20.0,
105.9,93346,244.236,-642.642,-0.008,4.397,30.0,1125,-1,24.6,False,-1,True,True,0.75,0.0,0.0,False,False,0.095,-0.0,115.324,1125,33.4,,,,,0,False,False,0.0,False,8.79,5.15,20.0,
105.95,93347,244.141,-642.44,-0.009,4.496,30.0,1125,-1,24.83,False,-1,True,True,0.75,0.0,0.0,False,False,0.145,0.0,115.324,1125,33.4,,,,,0,False,False,0.0,False,8.57,5.2,20.0,
106.0,93348,244.043,-642.234,-0.009,4.598,30.0,1125,-1,25.06,False,-1,True,True,0.75,0.0,0.0,False,False,0.183,0.0,115.325,1125,33.4,,,,,0,False,False,0.0,False,8.34,5.25,20.0,
106.05,93349,243.943,-642.023,-0.009,4.701,30.0,1125,-1,25.29,False,-1,True,True,0.75,0.0,0.0,False,False,0.211,0.0,115.325,1125,33.4,,,,,0,False,False,0.0,False,8.11,5.3,20.0,
106.1,93350,243.841,-641.808,-0.009,4.806,30.0,1125,-1,25.53,False,-1,True,True,0.75,0.0,0.0,False,False,0.23,0.0,115.325,1125,33.4,,,,,0,False,False,0.0,False,7.87,5.35,20.0,
106.15,93351,243.737,-641.588,-0.009,4.91,30.0,1125,-1,25.77,False,-1,True,True,0.75,0.0,0.0,False,False,0.243,0.0,115.325,1125,33.4,,,,,0,False,False,0.0,False,7.63,5.4,20.0,
106.2,93352,243.631,-641.363,-0.009,5.014,30.0,1125,-1,26.02,False,-1,True,True,0.75,0.0,0.0,False,False,0.251,0.0,115.325,1125,33.4,,,,,0,False,False,0.0,False,7.38,5.45,20.0,
106.25,93353,243.522,-641.133,-0.009,5.118,30.0,1125,-1,26.27,False,-1,True,True,0.75,0.0,0.0,False,False,0.257,0.0,115.325,1125,33.4,,,,,0,False,False,0.0,False,7.12,5.51,20.0,
106.3,93354,243.411,-640.9,-0.009,5.178,30.0,1125,-1,26.53,False,-1,True,True,0.75,0.0,-0.0,False,False,0.257,0.0,115.325,1125,33.4,,,,,0,False,False,0.0,False,6.86,5.56,20.0,
106.35,93355,243.298,-640.661,-0.009,5.356,30.0,1125,-1,26.8,False,-1,True,True,0.75,0.0,-0.0,False,False,0.261,0.0,115.324,1125,33.4,,,,,0,False,False,0.0,False,6.6,5.59,20.0,
106.4,93356,243.184,-640.419,-0.009,5.32,30.0,1125,-1,27.06,False,-1,True,True,0.75,0.0,0.0,False,False,0.245,-0.0,115.339,1125,33.4,,,,,0,False,False,0.0,False,6.33,5.68,20.0,
106.45,93357,243.07,-640.178,-0.009,5.372,30.0,1125,-1,27.33,False,-1,True,True,0.75,0.0,-0.001,False,False,0.209,0.002,115.314,1125,33.4,,,,,0,False,False,0.0,False,6.07,5.66,20.0,
106.5,93358,242.956,-639.937,-0.008,5.3,30.0,1125,-1,27.6,False,-1,True,True,0.708,0.0,0.002,False,False,0.163,-0.001,115.35,1125,33.4,,,,,0,False,False,0.0,False,5.8,5.69,20.0,
106.55,93359,242.842,-639.696,-0.008,5.38,30.0,1125,-1,27.86,False,-1,True,True,0.75,0.0,-0.003,False,False,0.137,0.003,115.327,1125,33.4,,,,,0,False,False,0.0,False,5.53,5.65,20.0,
106.6,93360,242.728,-639.454,-0.008,5.333,30.0,1125,-1,28.13,False,-1,True,True,0.666,0.0,0.001,False,False,0.117,-0.0,115.359,1125,37.32,,,,,0,False,False,0.0,False,9.19,5.69,20.0,
106.65,93361,242.613,-639.211,-0.008,5.409,30.0,1125,-1,28.4,False,-1,True,True,0.75,0.0,-0.003,False,False,0.111,0.003,115.335,1125,37.32,,,,,0,False,False,0.0,False,8.92,5.67,20.0,
106.7,93362,242.498,-638.968,-0.008,5.336,30.0,1125,-1,28.67,False,-1,True,True,0.553,0.0,0.001,False,False,0.095,-0.001,115.363,1125,37.32,,,,,0,False,False,0.0,False,8.66,5.7,20.0,
106.75,93363,242.383,-638.723,-0.008,5.556,30.0,1125,-1,28.94,False,-1,True,True,0.75,0.0,-0.003,False,False,0.107,0.002,115.358,1125,37.32,,,,,0,False,False,0.0,False,8.39,5.67,20.0,
106.8,93364,242.258,-638.46,-0.009,5.933,30.0,1125,-1,29.23,False,-1,True,True,0.015,0.0,-0.001,False,False,0.239,0.002,115.376,1125,37.32,,,,,0,False,False,0.0,False,8.09,5.78,20.0,
106.85,93365,242.126,-638.181,-0.01,6.276,30.0,1125,-1,29.54,False,-1,True,True,0.0,0.3,-0.003,False,False,0.371,0.003,115.374,1125,37.32,,,,,0,False,False,0.0,False,7.79,5.97,20.0,
106.9,93366,241.992,-637.896,-0.011,6.285,30.0,1125,-1,29.85,False,-1,True,True,0.0,0.3,-0.001,False,False,0.4,0.002,115.366,1125,37.32,,,,,0,False,False,0.0,False,7.47,6.14,20.0,
106.95,93367,241.857,-637.612,-0.01,6.31,30.0,1125,-1,30.17,False,-1,True,True,0.0,0.3,-0.0,False,False,0.353,-0.001,115.36,1125,37.32,,,,,0,False,False,0.0,False,7.16,6.14,20.0,
107.0,93368,241.725,-637.332,-0.009,6.131,30.0,1125,-1,30.48,False,-1,True,True,0.0,0.3,-0.0,False,False,0.248,-0.003,115.367,1125,37.32,,,,,0,False,False,0.0,False,6.85,6.15,20.0,
107.05,93369,241.595,-637.059,-0.008,6.027,30.0,1125,-1,30.78,False,-1,True,True,0.0,0.3,-0.001,False,False,0.133,-0.002,115.338,1125,37.32,,,,,0,False,False,0.0,False,6.54,6.07,20.0,
107.1,93370,241.47,-636.794,-0.007,5.783,30.0,1125,-1,31.07,False,-1,True,True,0.0,0.3,0.002,False,False,0.016,-0.006,115.362,1125,37.32,,,,,0,False,False,0.0,False,6.25,6.01,20.0,
107.15,93371,241.348,-636.537,-0.006,5.647,30.0,1125,-1,31.36,False,-1,True,True,0.0,0.3,-0.003,False,False,-0.078,-0.002,115.332,1125,37.32,,,,,0,False,False,0.0,False,5.97,5.89,20.0,
107.2,93372,241.231,-636.29,-0.006,5.379,30.0,1125,-1,31.63,False,-1,True,True,0.0,0.3,0.002,False,False,-0.159,-0.004,115.357,1125,37.32,,,,,0,False,False,0.0,False,5.69,5.82,20.0,
107.25,93373,241.117,-636.05,-0.005,5.268,30.0,1125,-1,31.9,False,-1,True,True,0.603,0.0,-0.003,False,False,-0.208,-0.0,115.328,1125,37.32,,,,,0,False,False,0.0,False,5.43,5.69,20.0,
107.3,93374,241.007,-635.818,-0.005,5.066,30.0,1125,-1,32.15,False,-1,True,True,0.75,0.0,0.002,False,False,-0.232,-0.001,115.361,1125,41.25,,,,,0,False,False,0.0,False,9.1,5.63,20.0,
107.35,93375,240.9,-635.59,-0.005,5.04,30.0,1125,-1,32.41,False,-1,True,True,0.75,0.0,-0.003,False,False,-0.222,0.003,115.362,1125,41.25,,,,,0,False,False,0.0,False,8.85,5.53,20.0,
107.4,93376,240.792,-635.362,-0.006,4.923,30.0,1125,-1,32.66,False,-1,True,True,0.75,0.0,-0.001,False,False,-0.176,0.004,115.354,1125,41.25,,,,,0,False,False,0.0,False,8.6,5.52,20.0,
107.45,93377,240.684,-635.134,-0.006,5.094,30.0,1125,-1,32.91,False,-1,True,True,0.75,0.0,-0.0,False,False,-0.107,0.001,115.345,1125,41.25,,,,,0,False,False,0.0,False,8.34,5.46,20.0,
107.5,93378,240.582,-634.919,-0.006,4.618,30.0,1125,-1,33.15,False,-1,True,True,0.75,0.0,0.0,False,False,-0.154,-0.001,115.372,1125,41.25,,,,,0,False,False,0.0,False,8.11,5.55,20.0,
107.55,93379,240.488,-634.719,-0.005,4.338,30.0,1125,-1,33.37,False,-1,True,True,0.75,0.0,-0.003,False,False,-0.239,0.001,115.373,1125,41.25,,,,,0,False,False,0.0,False,7.88,5.31,20.0,
107.6,93380,240.397,-634.528,-0.005,4.183,30.0,1125,-1,33.58,False,-1,True,True,0.75,0.0,-0.001,False,False,-0.284,0.002,115.367,1125,41.25,,,,,0,False,False,0.0,False,7.67,5.17,20.0,
107.65,93381,240.309,-634.341,-0.005,4.124,30.0,1125,-1,33.79,False,-1,True,True,0.75,0.0,-0.001,False,False,-0.273,-0.0,115.362,1125,41.25,,,,,0,False,False,0.0,False,7.47,5.09,20.0,
107.7,93382,240.22,-634.154,-0.005,4.127,30.0,1125,-1,33.99,False,-1,True,True,0.75,0.0,-0.001,False,False,-0.219,-0.001,115.359,1125,41.25,,,,,0,False,False,0.0,False,7.26,5.06,20.0,
107.75,93383,240.131,-633.966,-0.006,4.171,30.0,1125,-1,34.2,False,-1,True,True,0.75,0.0,-0.001,False,False,-0.141,-0.001,115.355,1125,41.25,,,,,0,False,False,0.0,False,7.05,5.06,20.0,
107.8,93384,240.041,-633.775,-0.007,4.239,30.0,1125,-1,34.41,False,-1,True,True,0.75,0.0,-0.0,False,False,-0.058,-0.001,115.353,1125,41.25,,,,,0,False,False,0.0,False,6.84,5.09,20.0,
107.85,93385,239.949,-633.58,-0.007,4.321,30.0,1125,-1,34.63,False,-1,True,True,0.75,0.0,-0.0,False,False,0.019,-0.001,115.35,1125,41.25,,,,,0,False,False,0.0,False,6.62,5.12,20.0,
107.9,93386,239.855,-633.382,-0.008,4.413,30.0,1125,-1,34.85,False,-1,True,True,0.75,0.0,-0.0,False,False,0.084,-0.001,115.348,1125,41.25,,,,,0,False,False,0.0,False,6.41,5.16,20.0,
107.95,93387,239.759,-633.18,-0.008,4.511,30.0,1125,-1,35.07,False,-1,True,True,0.75,0.0,-0.0,False,False,0.137,-0.001,115.346,1125,41.25,,,,,0,False,False,0.0,False,6.18,5.21,20.0,
108.0,93388,239.661,-632.973,-0.009,4.612,30.0,1125,-1,35.3,False,-1,True,True,0.75,0.0,-0.0,False,False,0.176,-0.0,115.344,1125,41.25,,,,,0,False,False,0.0,False,5.95,5.26,20.0,
108.05,93389,239.561,-632.761,-0.009,4.715,30.0,1125,-1,35.53,False,-1,True,True,0.75,0.0,-0.0,False,False,0.206,-0.0,115.343,1125,41.25,,,,,0,False,False,0.0,False,5.72,5.31,20.0,
108.1,93390,239.459,-632.545,-0.009,4.819,30.0,1125,-1,35.77,False,-1,True,True,0.75,0.0,-0.0,False,False,0.226,-0.0,115.342,1125,41.25,,,,,0,False,False,0.0,False,5.48,5.36,20.0,
108.15,93391,239.354,-632.325,-0.009,4.923,30.0,1125,-1,36.02,False,-1,True,True,0.75,0.0,-0.0,False,False,0.24,-0.0,115.341,1125,41.25,,,,,0,False,False,0.0,False,5.24,5.41,20.0,
108.2,93392,239.248,-632.099,-0.009,5.027,30.0,1125,-1,36.27,False,-1,True,True,0.75,0.0,-0.001,False,False,0.249,0.001,115.338,1125,45.18,,,,,0,False,False,0.0,False,8.91,5.46,20.0,
108.25,93393,239.139,-631.869,-0.009,5.128,30.0,1125,-1,36.52,False,-1,True,True,0.75,0.0,-0.0,False,False,0.255,0.0,115.337,1125,45.18,,,,,0,False,False,0.0,False,8.66,5.51,20.0,
108.3,93394,239.028,-631.635,-0.009,5.266,30.0,1125,-1,36.78,False,-1,True,True,0.75,0.0,-0.0,False,False,0.26,0.0,115.335,1125,45.18,,,,,0,False,False,0.0,False,8.4,5.56,20.0,
108.35,93395,238.915,-631.396,-0.009,5.262,30.0,1125,-1,37.04,False,-1,True,True,0.75,0.0,-0.0,False,False,0.251,-0.0,115.35,1125,45.18,,,,,0,False,False,0.0,False,8.14,5.63,20.0,
108.4,93396,238.802,-631.158,-0.009,5.309,30.0,1125,-1,37.31,False,-1,True,True,0.75,0.0,-0.002,False,False,0.219,0.003,115.321,1125,45.18,,,,,0,False,False,0.0,False,7.87,5.63,20.0,
108.45,93397,238.69,-630.92,-0.008,5.231,30.0,1125,-1,37.57,False,-1,True,True,0.75,0.0,0.002,False,False,0.171,-0.002,115.356,1125,45.18,,,,,0,False,False,0.0,False,7.61,5.65,20.0,
108.5,93398,238.577,-630.682,-0.008,5.31,30.0,1125,-1,37.84,False,-1,True,True,0.75,0.0,-0.003,False,False,0.142,0.003,115.333,1125,45.18,,,,,0,False,False,0.0,False,7.35,5.62,20.0,
108.55,93399,238.464,-630.443,-0.008,5.264,30.0,1125,-1,38.1,False,-1,True,True,0.75,0.0,0.002,False,False,0.12,-0.0,115.366,1125,45.18,,,,,0,False,False,0.0,False,7.08,5.66,20.0,
108.6,93400,238.351,-630.203,-0.008,5.336,30.0,1125,-1,38.36,False,-1,True,True,0.75,0.0,-0.003,False,False,0.112,0.003,115.336,1125,45.18,,,,,0,False,False,0.0,False,6.82,5.63,20.0,
108.65,93401,238.238,-629.964,-0.008,5.262,30.0,1125,-1,38.63,False,-1,True,True,0.75,0.0,0.002,False,False,0.094,-0.001,115.363,1125,45.18,,,,,0,False,False,0.0,False,6.55,5.67,20.0,
108.7,93402,238.122,-629.72,-0.008,5.589,30.0,1125,-1,38.9,False,-1,True,True,0.75,0.0,-0.003,False,False,0.129,0.002,115.325,1125,45.18,,,,,0,False,False,0.0,False,6.28,5.63,20.0,
108.75,93403,237.997,-629.457,-0.009,5.939,30.0,1125,-1,39.19,False,-1,True,True,0.0,0.098,0.003,False,False,0.272,-0.003,115.307,1125,45.18,,,,,0,False,False,0.0,False,5.99,5.79,20.0,
108.8,93404,237.865,-629.178,-0.011,6.257,30.0,1125,-1,39.5,False,-1,True,True,0.0,0.3,0.002,False,False,0.393,-0.007,115.31,1125,45.18,,,,,0,False,False,0.0,False,5.68,5.97,20.0,
108.85,93405,237.73,-628.895,-0.011,6.259,30.0,1125,-1,39.81,False,-1,True,True,0.0,0.3,0.0,False,False,0.41,-0.004,115.315,1125,49.11,,,,,0,False,False,0.0,False,9.3,6.13,20.0,
108.9,93406,237.596,-628.611,-0.01,6.28,30.0,1125,-1,40.13,False,-1,True,True,0.0,0.3,0.0,False,False,0.355,-0.0,115.318,1125,49.11,,,,,0,False,False,0.0,False,8.98,6.13,20.0,
108.95,93407,237.465,-628.333,-0.009,6.097,30.0,1125,-1,40.43,False,-1,True,True,0.0,0.3,0.0,False,False,0.246,0.001,115.307,1125,49.11,,,,,0,False,False,0.0,False,8.68,6.14,20.0,
109.0,93408,237.336,-628.061,-0.008,5.992,30.0,1125,-1,40.73,False,-1,True,True,0.0,0.3,0.001,False,False,0.129,0.0,115.336,1125,49.11,,,,,0,False,False,0.0,False,8.38,6.05,20.0,
109.05,93409,237.211,-627.798,-0.007,5.747,30.0,1125,-1,41.03,False,-1,True,True,0.0,0.3,-0.002,False,False,0.012,0.005,115.311,1125,49.11,,,,,0,False,False,0.0,False,8.09,6.0,20.0,
109.1,93410,237.091,-627.543,-0.006,5.612,30.0,1125,-1,41.31,False,-1,True,True,0.0,0.3,0.002,False,False,-0.081,0.001,115.339,1125,49.11,,,,,0,False,False,0.0,False,7.8,5.87,20.0,
109.15,93411,236.974,-627.297,-0.006,5.353,30.0,1125,-1,41.58,False,-1,True,True,0.0,0.233,-0.002,False,False,-0.159,0.004,115.31,1125,49.11,,,,,0,False,False,0.0,False,7.53,5.81,20.0,
109.2,93412,236.862,-627.058,-0.005,5.25,30.0,1125,-1,41.84,False,-1,True,True,0.698,0.0,0.003,False,False,-0.204,-0.001,115.337,1125,49.11,,,,,0,False,False,0.0,False,7.27,5.68,20.0,
109.25,93413,236.752,-626.827,-0.005,5.049,30.0,1125,-1,42.1,False,-1,True,True,0.75,0.0,-0.002,False,False,-0.226,0.001,115.301,1125,49.11,,,,,0,False,False,0.0,False,7.01,5.63,20.0,
109.3,93414,236.644,-626.599,-0.005,5.04,30.0,1125,-1,42.35,False,-1,True,True,0.75,0.0,0.003,False,False,-0.214,-0.004,115.294,1125,49.11,,,,,0,False,False,0.0,False,6.76,5.52,20.0,
109.35,93415,236.536,-626.372,-0.006,4.941,30.0,1125,-1,42.6,False,-1,True,True,0.75,0.0,0.002,False,False,-0.164,-0.005,115.288,1125,49.11,,,,,0,False,False,0.0,False,6.51,5.52,20.0,
109.4,93416,236.428,-626.145,-0.006,4.937,30.0,1125,-1,42.86,False,-1,True,True,0.75,0.0,0.002,False,False,-0.113,-0.003,115.3,1125,49.11,,,,,0,False,False,0.0,False,6.26,5.47,20.0,
109.45,93417,236.329,-625.935,-0.006,4.515,30.0,1125,-1,43.09,False,-1,True,True,0.75,0.0,-0.0,False,False,-0.185,-0.001,115.331,1125,49.11,,,,,0,False,False,0.0,False,6.02,5.47,20.0,
109.5,93418,236.237,-625.739,-0.005,4.261,30.0,1125,-1,43.3,False,-1,True,True,0.75,0.0,-0.002,False,False,-0.267,0.004,115.334,1125,49.11,,,,,0,False,False,0.0,False,5.81,5.26,20.0,
109.55,93419,236.148,-625.55,-0.005,4.128,30.0,1125,-1,43.51,False,-1,True,True,0.75,0.0,-0.0,False,False,-0.3,0.004,115.331,1125,49.11,,,,,0,False,False,0.0,False,5.6,5.13,20.0,
109.6,93420,236.06,-625.365,-0.005,4.083,30.0,1125,-1,43.72,False,-1,True,True,0.75,0.0,0.0,False,False,-0.276,0.002,115.331,1125,49.11,,,,,0,False,False,0.0,False,5.39,5.06,20.0,
109.65,93421,235.972,-625.18,-0.005,4.097,30.0,1125,-1,43.92,False,-1,True,True,0.75,0.0,0.0,False,False,-0.212,0.001,115.331,1125,49.11,,,,,0,False,False,0.0,False,5.19,5.04,20.0,
109.7,93422,235.884,-624.993,-0.006,4.147,30.0,1125,-1,44.13,False,-1,True,True,0.75,0.0,-0.0,False,False,-0.13,0.0,115.33,1125,49.11,,,,,0,False,False,0.0,False,4.98,5.05,20.0,
109.75,93423,235.794,-624.803,-0.007,4.218,30.0,1125,-1,44.34,False,-1,True,True,0.75,0.0,-0.0,False,False,-0.045,0.0,115.33,1125,53.04,,,,,0,False,False,0.0,False,8.7,5.07,20.0,
109.8,93424,235.702,-624.609,-0.008,4.304,30.0,1125,-1,44.55,False,-1,True,True,0.75,0.0,-0.0,False,False,0.031,-0.0,115.33,1125,53.04,,,,,0,False,False,0.0,False,8.49,5.11,20.0,
109.85,93425,235.609,-624.411,-0.008,4.398,30.0,1125,-1,44.77,False,-1,True,True,0.75,0.0,-0.0,False,False,0.095,-0.0,115.329,1125,53.04,,,,,0,False,False,0.0,False,8.27,5.15,20.0,
109.9,93426,235.513,-624.21,-0.009,4.497,30.0,1125,-1,45.0,False,-1,True,True,0.75,0.0,-0.0,False,False,0.145,-0.0,115.329,1125,53.04,,,,,0,False,False,0.0,False,8.04,5.2,20.0,
109.95,93427,235.415,-624.003,-0.009,4.599,30.0,1125,-1,45.22,False,-1,True,True,0.75,0.0,-0.0,False,False,0.183,-0.0,115.329,1125,53.04,,,,,0,False,False,0.0,False,7.82,5.25,20.0,
110.0,93428,235.316,-623.793,-0.009,4.702,30.0,1125,-1,45.46,False,-1,True,True,0.75,0.0,-0.0,False,False,0.211,-0.0,115.329,1125,53.04,,,,,0,False,False,0.0,False,7.58,5.3,20.0,
110.05,93429,235.214,-623.577,-0.009,4.806,30.0,1125,-1,45.7,False,-1,True,True,0.75,0.0,-0.0,False,False,0.23,-0.0,115.329,1125,53.04,,,,,0,False,False,0.0,False,7.34,5.35,20.0,
110.1,93430,235.11,-623.357,-0.009,4.911,30.0,1125,-1,45.94,False,-1,True,True,0.75,0.0,-0.0,False,False,0.243,-0.0,115.329,1125,53.04,,,,,0,False,False,0.0,False,7.1,5.4,20.0,
110.15,93431,235.003,-623.132,-0.009,5.015,30.0,1125,-1,46.19,False,-1,True,True,0.75,0.0,-0.0,False,False,0.251,-0.0,115.329,1125,53.04,,,,,0,False,False,0.0,False,6.85,5.46,20.0,
110.2,93432,234.895,-622.903,-0.009,5.119,30.0,1125,-1,46.44,False,-1,True,True,0.75,0.0,-0.0,False,False,0.257,0.0,115.328,1125,53.04,,,,,0,False,False,0.0,False,6.6,5.51,20.0,
110.25,93433,234.784,-622.669,-0.009,5.179,30.0,1125,-1,46.7,False,-1,True,True,0.75,0.0,0.0,False,False,0.257,-0.0,115.328,1125,53.04,,,,,0,False,False,0.0,False,6.34,5.56,20.0,
110.3,93434,234.671,-622.43,-0.009,5.356,30.0,1125,-1,46.96,False,-1,True,True,0.75,0.0,-0.0,False,False,0.261,-0.0,115.331,1125,53.04,,,,,0,False,False,0.0,False,6.08,5.59,20.0,
110.35,93435,234.557,-622.189,-0.009,5.31,30.0,1125,-1,47.23,False,-1,True,True,0.75,0.0,-0.0,False,False,0.243,0.0,115.315,1125,53.04,,,,,0,False,False,0.0,False,5.81,5.68,20.0,
110.4,93436,234.443,-621.948,-0.009,5.364,30.0,1125,-1,47.5,False,-1,True,True,0.75,0.0,0.001,False,False,0.205,-0.002,115.34,1125,53.04,,,,,0,False,False,0.0,False,5.54,5.66,20.0,
110.45,93437,234.329,-621.708,-0.008,5.294,30.0,1125,-1,47.76,False,-1,True,True,0.737,0.0,-0.002,False,False,0.16,0.002,115.304,1125,56.97,,,,,0,False,False,0.0,False,9.2,5.68,20.0,
110.5,93438,234.215,-621.466,-0.008,5.378,30.0,1125,-1,48.03,False,-1,True,True,0.75,0.0,0.003,False,False,0.137,-0.003,115.327,1125,56.97,,,,,0,False,False,0.0,False,8.94,5.65,20.0,
110.55,93439,234.1,-621.225,-0.008,5.326,30.0,1125,-1,48.3,False,-1,True,True,0.674,0.0,-0.002,False,False,0.118,0.0,115.295,1125,56.97,,,,,0,False,False,0.0,False,8.67,5.69,20.0,
110.6,93440,233.985,-620.982,-0.008,5.392,30.0,1125,-1,48.57,False,-1,True,True,0.75,0.0,0.003,False,False,0.107,-0.003,115.326,1125,56.97,,,,,0,False,False,0.0,False,8.4,5.66,20.0,
110.65,93441,233.871,-620.741,-0.008,5.319,30.0,1125,-1,48.83,False,-1,True,True,0.615,0.0,-0.002,False,False,0.09,0.001,115.299,1125,56.97,,,,,0,False,False,0.0,False,8.14,5.7,20.0,
110.7,93442,233.751,-620.487,-0.009,5.827,30.0,1125,-1,49.11,False,-1,True,True,0.75,0.0,0.003,False,False,0.182,-0.002,115.347,1125,56.97,,,,,0,False,False,0.0,False,7.85,5.66,20.0,
110.75,93443,233.622,-620.213,-0.01,6.124,30.0,1125,-1,49.42,False,-1,True,True,0.0,0.3,-0.004,False,False,0.328,0.005,115.355,1125,56.97,,,,,0,False,False,0.0,False,7.55,5.91,20.0,
110.8,93444,233.487,-619.928,-0.011,6.387,30.0,1125,-1,49.73,False,-1,True,True,0.0,0.3,-0.001,False,False,0.419,0.007,115.348,1125,56.97,,,,,0,False,False,0.0,False,7.24,6.06,20.0,
110.85,93445,233.35,-619.64,-0.011,6.363,30.0,1125,-1,50.05,False,-1,True,True,0.0,0.3,-0.0,False,False,0.411,0.003,115.343,1125,56.97,,,,,0,False,False,0.0,False,6.92,6.19,20.0,
110.9,93446,233.214,-619.352,-0.01,6.362,30.0,1125,-1,50.37,False,-1,True,True,0.0,0.3,-0.0,False,False,0.339,0.0,115.339,1125,56.97,,,,,0,False,False,0.0,False,6.6,6.18,20.0,
110.95,93447,233.081,-619.071,-0.009,6.17,30.0,1125,-1,50.68,False,-1,True,True,0.0,0.3,-0.0,False,False,0.223,-0.002,115.349,1125,56.97,,,,,0,False,False,0.0,False,6.29,6.18,20.0,
111.0,93448,232.951,-618.796,-0.008,6.058,30.0,1125,-1,50.99,False,-1,True,True,0.0,0.3,-0.001,False,False,0.104,-0.0,115.321,1125,56.97,,,,,0,False,False,0.0,False,5.98,6.08,20.0,
111.05,93449,232.825,-618.53,-0.007,5.809,30.0,1125,-1,51.28,False,-1,True,True,0.0,0.3,0.002,False,False,-0.01,-0.004,115.346,1733,1.69,,,,,0,False,False,0.0,False,9.34,6.03,20.0,
111.1,93450,232.703,-618.272,-0.006,5.669,30.0,1125,-1,51.57,False,-1,True,True,0.0,0.3,-0.002,False,False,-0.1,-0.001,115.318,1733,1.69,,,,,0,False,False,0.0,False,9.06,5.9,20.0,
111.15,93451,232.585,-618.023,-0.006,5.398,30.0,1125,-1,51.84,False,-1,True,True,0.0,0.3,0.002,False,False,-0.177,-0.003,115.344,1733,1.69,,,,,0,False,False,0.0,False,8.78,5.83,20.0,
111.2,93452,232.471,-617.783,-0.005,5.286,30.0,1125,-1,52.11,False,-1,True,True,0.524,0.0,-0.002,False,False,-0.222,0.0,115.316,1733,1.69,,,,,0,False,False,0.0,False,8.52,5.7,20.0,
111.25,93453,232.361,-617.55,-0.005,5.083,30.0,1125,-1,52.36,False,-1,True,True,0.75,0.0,0.002,False,False,-0.243,-0.001,115.35,1733,1.69,,,,,0,False,False,0.0,False,8.26,5.64,20.0,
111.3,93454,232.252,-617.319,-0.005,5.125,30.0,1125,-1,52.62,False,-1,True,True,0.75,0.0,-0.003,False,False,-0.214,0.003,115.334,1733,1.69,,,,,0,False,False,0.0,False,8.01,5.54,20.0,
111.35,93455,232.144,-617.089,-0.006,5.051,30.0,1125,-1,52.87,False,-1,True,True,0.75,0.0,0.001,False,False,-0.16,0.002,115.367,1733,1.69,,,,,0,False,False,0.0,False,7.75,5.56,20.0,
111.4,93456,232.037,-616.865,-0.006,4.804,30.0,1125,-1,53.12,False,-1,True,True,0.75,0.0,-0.003,False,False,-0.152,0.004,115.332,1733,1.69,,,,,0,False,False,0.0,False,7.5,5.53,20.0,
111.45,93457,231.939,-616.659,-0.005,4.437,30.0,1125,-1,53.35,False,-1,True,True,0.75,0.0,0.002,False,False,-0.24,0.0,115.299,1733,1.69,,,,,0,False,False,0.0,False,7.27,5.4,20.0,
111.5,93458,231.848,-616.466,-0.005,4.212,30.0,1125,-1,53.56,False,-1,True,True,0.75,0.0,0.003,False,False,-0.311,-0.005,115.301,1733,1.69,,,,,0,False,False,0.0,False,7.06,5.22,20.0,
111.55,93459,231.759,-616.279,-0.005,4.102,30.0,1125,-1,53.77,False,-1,True,True,0.75,0.0,0.001,False,False,-0.324,-0.004,115.306,1733,1.69,,,,,0,False,False,0.0,False,6.85,5.11,20.0,
111.6,93460,231.672,-616.094,-0.005,4.072,30.0,1125,-1,53.97,False,-1,True,True,0.75,0.0,0.0,False,False,-0.283,-0.001,115.308,1733,1.69,,,,,0,False,False,0.0,False,6.65,5.05,20.0,
111.65,93461,231.584,-615.909,-0.006,4.096,30.0,1125,-1,54.18,False,-1,True,True,0.75,0.0,0.0,False,False,-0.208,0.0,115.31,1733,1.69,,,,,0,False,False,0.0,False,6.44,5.04,20.0,
111.7,93462,231.496,-615.722,-0.006,4.151,30.0,1125,-1,54.39,False,-1,True,True,0.75,0.0,0.0,False,False,-0.12,0.0,115.312,1733,1.69,,,,,0,False,False,0.0,False,6.24,5.05,20.0,
111.75,93463,231.406,-615.531,-0.007,4.227,30.0,1125,-1,54.6,False,-1,True,True,0.75,0.0,0.0,False,False,-0.033,0.001,115.314,1733,1.69,,,,,0,False,False,0.0,False,6.03,5.08,20.0,
111.8,93464,231.314,-615.337,-0.008,4.315,30.0,1125,-1,54.81,False,-1,True,True,0.75,0.0,0.0,False,False,0.043,0.001,115.315,1733,1.69,,,,,0,False,False,0.0,False,5.81,5.11,20.0,
111.85,93465,231.22,-615.139,-0.008,4.41,30.0,1125,-1,55.03,False,-1,True,True,0.75,0.0,0.0,False,False,0.105,0.001,115.317,1733,1.69,,,,,0,False,False,0.0,False,5.59,5.16,20.0,
111.9,93466,231.124,-614.937,-0.009,4.51,30.0,1125,-1,55.25,False,-1,True,True,0.75,0.0,0.0,False,False,0.154,0.0,115.318,1733,1.69,,,,,0,False,False,0.0,False,5.37,5.21,20.0,
111.95,93467,231.026,-614.73,-0.009,4.613,30.0,1125,-1,55.48,False,-1,True,True,0.75,0.0,0.0,False,False,0.19,0.0,115.319,1733,1.69,,,,,0,False,False,0.0,False,5.14,5.26,20.0,
112.0,93468,230.926,-614.518,-0.009,4.717,30.0,1125,-1,55.72,False,-1,True,True,0.75,0.0,0.0,False,False,0.216,0.0,115.319,1733,5.07,,,,,0,False,False,0.0,False,8.29,5.31,20.0,
112.05,93469,230.824,-614.302,-0.009,4.821,30.0,1125,-1,55.96,False,-1,True,True,0.75,0.0,0.0,False,False,0.234,0.0,115.32,1733,5.07,,,,,0,False,False,0.0,False,8.05,5.36,20.0,
112.1,93470,230.719,-614.081,-0.009,4.925,30.0,1125,-1,56.2,False,-1,True,True,0.75,0.0,0.0,False,False,0.245,0.0,115.321,1733,5.07,,,,,0,False,False,0.0,False,7.81,5.41,20.0,
112.15,93471,230.613,-613.856,-0.009,5.029,30.0,1125,-1,56.45,False,-1,True,True,0.75,0.0,0.0,False,False,0.253,0.0,115.321,1733,5.07,,,,,0,False,False,0.0,False,7.56,5.46,20.0,
112.2,93472,230.504,-613.626,-0.009,5.131,30.0,1125,-1,56.71,False,-1,True,True,0.75,0.0,0.0,False,False,0.258,0.0,115.322,1733,5.07,,,,,0,False,False,0.0,False,7.3,5.51,20.0,
112.25,93473,230.393,-613.391,-0.009,5.269,30.0,1125,-1,56.97,False,-1,True,True,0.75,0.0,0.0,False,False,0.261,0.0,115.322,1733,5.07,,,,,0,False,False,0.0,False,7.04,5.57,20.0,
112.3,93474,230.28,-613.152,-0.009,5.296,30.0,1125,-1,57.23,False,-1,True,True,0.75,0.0,0.0,False,False,0.256,-0.0,115.325,1733,5.07,,,,,0,False,False,0.0,False,6.78,5.63,20.0,
112.35,93475,230.165,-612.91,-0.009,5.395,30.0,1125,-1,57.5,False,-1,True,True,0.75,0.0,-0.0,False,False,0.247,0.001,115.31,1733,5.07,,,,,0,False,False,0.0,False,6.51,5.65,20.0,
112.4,93476,230.051,-612.669,-0.009,5.305,30.0,1125,-1,57.76,False,-1,True,True,0.631,0.0,0.001,False,False,0.201,-0.002,115.345,1733,5.07,,,,,0,False,False,0.0,False,6.24,5.7,20.0,
112.45,93477,229.937,-612.428,-0.008,5.363,30.0,1125,-1,58.03,False,-1,True,True,0.75,0.0,-0.003,False,False,0.161,0.003,115.321,1733,5.07,,,,,0,False,False,0.0,False,5.98,5.65,20.0,
112.5,93478,229.823,-612.187,-0.008,5.298,30.0,1125,-1,58.3,False,-1,True,True,0.731,0.0,0.002,False,False,0.125,-0.0,115.354,1733,5.07,,,,,0,False,False,0.0,False,5.71,5.68,20.0,
112.55,93479,229.709,-611.945,-0.008,5.387,30.0,1125,-1,58.56,False,-1,True,True,0.75,0.0,-0.003,False,False,0.112,0.003,115.33,1733,5.07,,,,,0,False,False,0.0,False,5.44,5.65,20.0,
112.6,93480,229.595,-611.704,-0.008,5.319,30.0,1125,-1,58.83,False,-1,True,True,0.634,0.0,0.001,False,False,0.097,0.0,115.361,1733,8.46,,,,,0,False,False,0.0,False,8.56,5.69,20.0,
112.65,93481,229.48,-611.462,-0.008,5.385,30.0,1733,-1,0.17,True,7,True,True,0.634,0.0,0.001,False,False,0.091,-0.004,115.342,1733,8.46,,,,,0,False,False,0.0,False,8.29,5.66,20.0,
112.7,93482,229.364,-611.216,-0.008,5.565,30.0,1733,-1,0.44,True,7,True,True,0.634,0.0,0.001,False,False,0.119,-0.005,115.382,1733,8.46,,,,,0,False,False,0.0,False,8.02,5.69,20.0,
112.75,93483,229.238,-610.949,-0.009,6.048,30.0,1733,-1,0.73,True,7,True,True,0.0,0.017,-0.005,False,False,0.268,0.004,115.391,1733,8.46,,,,,0,False,False,0.0,False,7.73,5.78,20.0,
112.8,93484,229.106,-610.67,-0.01,6.203,30.0,1733,-1,1.04,True,7,True,True,0.0,0.3,-0.003,False,False,0.376,0.008,115.379,1733,8.46,,,,,0,False,False,0.0,False,7.42,6.02,20.0,
112.85,93485,228.972,-610.386,-0.011,6.316,30.0,1733,-1,1.36,True,7,True,True,0.0,0.3,-0.001,False,False,0.394,0.004,115.367,1733,8.46,,,,,0,False,False,0.0,False,7.1,6.1,20.0,
112.9,93486,228.839,-610.104,-0.01,6.185,30.0,1733,-1,1.67,True,7,True,True,0.0,0.3,-0.0,False,False,0.325,-0.0,115.361,1733,8.46,,,,,0,False,False,0.0,False,6.79,6.16,20.0,
112.95,93487,228.707,-609.827,-0.009,6.119,30.0,1733,-1,1.97,True,7,True,True,0.0,0.3,-0.001,False,False,0.222,-0.002,115.342,1733,8.46,,,,,0,False,False,0.0,False,6.48,6.09,20.0,
113.0,93488,228.58,-609.558,-0.008,5.889,30.0,1733,-1,2.27,True,7,True,True,0.0,0.3,0.001,False,False,0.1,-0.005,115.364,1733,8.46,,,,,0,False,False,0.0,False,6.19,6.06,20.0,
113.05,93489,228.456,-609.296,-0.007,5.762,30.0,1733,-1,2.56,True,7,True,True,0.0,0.3,-0.003,False,False,-0.006,-0.001,115.331,1733,8.46,,,,,0,False,False,0.826,False,5.9,5.94,20.0,
113.1,93490,228.336,-609.044,-0.006,5.501,30.0,1733,-1,2.84,True,7,True,True,0.0,0.3,0.002,False,False,-0.102,-0.004,115.354,1733,8.46,,,,,0,False,False,0.991,False,5.62,5.88,20.0,
113.15,93491,228.22,-608.799,-0.006,5.393,30.0,1733,-1,3.11,True,7,True,True,0.167,0.0,-0.003,False,False,-0.165,0.001,115.322,1733,11.84,,,,,0,False,False,1.158,False,8.73,5.75,20.0,
113.2,93492,228.108,-608.561,-0.005,5.188,30.0,1733,-1,3.38,True,7,True,True,0.556,0.0,0.002,False,False,-0.201,-0.001,115.352,1733,11.84,,,,,0,False,False,1.322,False,8.47,5.7,20.0,
113.25,93493,227.998,-608.328,-0.005,5.14,30.0,1733,-1,3.63,True,7,True,True,0.75,0.0,-0.003,False,False,-0.205,0.003,115.326,1733,11.84,,,,,0,False,False,1.487,False,8.21,5.59,20.0,
113.3,93494,227.89,-608.099,-0.005,5.019,30.0,1733,-1,3.89,True,7,True,True,0.75,0.0,0.001,False,False,-0.191,0.001,115.356,1733,11.84,,,,,0,False,False,1.651,False,7.96,5.57,20.0,
113.35,93495,227.781,-607.87,-0.006,5.087,30.0,1733,-1,4.14,True,7,True,True,0.75,0.0,-0.003,False,False,-0.139,0.004,115.321,1733,11.84,,,,,0,False,False,1.816,False,7.7,5.51,20.0,
113.4,93496,227.674,-607.643,-0.006,4.925,30.0,1733,-1,4.39,True,7,True,True,0.75,0.0,0.002,False,False,-0.1,-0.001,115.326,1733,11.84,,,,,0,False,False,1.985,False,7.45,5.54,20.0,
113.45,93497,227.573,-607.429,-0.006,4.597,30.0,1733,-1,4.63,True,7,True,True,0.75,0.0,-0.001,False,False,-0.159,-0.002,115.345,1733,11.84,,,,,0,False,False,2.144,False,7.21,5.46,20.0,
113.5,93498,227.478,-607.229,-0.005,4.366,30.0,1733,-1,4.85,True,7,True,True,0.75,0.0,-0.002,False,False,-0.233,0.001,115.344,1733,11.84,,,,,0,False,False,2.295,False,6.99,5.3,20.0,
113.55,93499,227.386,-607.035,-0.005,4.249,30.0,1733,-1,5.06,True,7,True,True,0.75,0.0,-0.001,False,False,-0.262,0.001,115.339,1733,11.84,,,,,0,False,False,2.443,False,6.78,5.18,20.0,
113.6,93500,227.296,-606.844,-0.005,4.213,30.0,1733,-1,5.27,True,7,True,True,0.75,0.0,-0.0,False,False,-0.239,-0.0,115.336,1733,11.84,,,,,0,False,False,0.0,False,6.57,5.12,20.0,
113.65,93501,227.206,-606.653,-0.006,4.232,30.0,1733,-1,5.49,True,7,True,True,0.75,0.0,-0.0,False,False,-0.18,-0.001,115.334,1733,11.84,,,,,0,False,False,0.0,False,6.36,5.11,20.0,
113.7,93502,227.114,-606.46,-0.006,4.284,30.0,1733,-1,5.7,True,7,True,True,0.75,0.0,-0.0,False,False,-0.103,-0.001,115.332,1733,11.84,,,,,0,False,False,0.0,False,6.14,5.12,20.0,
113.75,93503,227.021,-606.263,-0.007,4.356,30.0,1733,-1,5.92,True,7,True,True,0.75,0.0,-0.0,False,False,-0.025,-0.001,115.33,1733,11.84,,,,,0,False,False,0.0,False,5.92,5.14,20.0,
113.8,93504,226.927,-606.064,-0.008,4.442,30.0,1733,-1,6.14,True,7,True,True,0.75,0.0,-0.0,False,False,0.045,-0.001,115.328,1733,11.84,,,,,0,False,False,0.0,False,5.7,5.18,20.0,
113.85,93505,226.83,-605.86,-0.008,4.535,30.0,1733,-1,6.36,True,7,True,True,0.75,0.0,-0.0,False,False,0.105,-0.0,115.327,1733,11.84,,,,,0,False,False,0.884,False,5.48,5.22,20.0,
113.9,93506,226.732,-605.652,-0.009,4.633,30.0,1733,-1,6.59,True,7,True,True,0.75,0.0,-0.0,False,False,0.151,-0.0,115.326,1733,11.84,,,,,0,False,False,1.021,False,5.25,5.27,20.0,
113.95,93507,226.632,-605.44,-0.009,4.734,30.0,1733,-1,6.83,True,7,True,True,0.75,0.0,-0.001,False,False,0.187,0.001,115.323,1733,15.22,,,,,0,False,False,1.165,False,8.4,5.32,20.0,
114.0,93508,226.529,-605.223,-0.009,4.837,30.0,1733,-1,7.07,True,7,True,True,0.75,0.0,-0.0,False,False,0.212,0.001,115.321,1733,15.22,,,,,0,False,False,1.315,False,8.16,5.37,20.0,
114.05,93509,226.424,-605.001,-0.009,4.94,30.0,1733,-1,7.31,True,7,True,True,0.75,0.0,-0.0,False,False,0.23,0.0,115.319,1733,15.22,,,,,0,False,False,1.471,False,7.91,5.42,20.0,
114.1,93510,226.317,-604.775,-0.009,5.043,30.0,1733,-1,7.56,True,7,True,True,0.75,0.0,-0.0,False,False,0.243,0.0,115.319,1733,15.22,,,,,0,False,False,1.633,False,7.66,5.47,20.0,
114.15,93511,226.208,-604.544,-0.009,5.154,30.0,1733,-1,7.82,True,7,True,True,0.75,0.0,-0.0,False,False,0.252,0.0,115.318,1733,15.22,,,,,0,False,False,1.799,False,7.41,5.52,20.0,
114.2,93512,226.097,-604.309,-0.009,5.206,30.0,1733,-1,8.08,True,7,True,True,0.75,0.0,-0.0,False,False,0.252,-0.0,115.317,1733,15.22,,,,,0,False,False,1.974,False,7.15,5.58,20.0,
114.25,93513,225.983,-604.069,-0.009,5.383,30.0,1733,-1,8.34,True,7,True,True,0.75,0.0,-0.0,False,False,0.258,0.0,115.315,1733,15.22,,,,,0,False,False,2.153,False,6.88,5.6,20.0,
114.3,93514,225.869,-603.826,-0.009,5.344,30.0,1733,-1,8.61,True,7,True,True,0.679,0.0,0.0,False,False,0.243,-0.0,115.329,1733,15.22,,,,,0,False,False,2.335,False,6.61,5.69,20.0,
114.35,93515,225.754,-603.584,-0.009,5.391,30.0,1733,-1,8.88,True,7,True,True,0.75,0.0,-0.001,False,False,0.205,0.002,115.303,1733,15.22,,,,,0,False,False,2.522,False,6.34,5.67,20.0,
114.4,93516,225.64,-603.343,-0.008,5.311,30.0,1733,-1,9.15,True,7,True,True,0.637,0.0,0.002,False,False,0.158,-0.001,115.339,1733,15.22,,,,,0,False,False,0.0,False,6.08,5.7,20.0,
114.45,93517,225.526,-603.101,-0.008,5.38,30.0,1733,-1,9.41,True,7,True,True,0.75,0.0,-0.003,False,False,0.129,0.003,115.315,1733,15.22,,,,,0,False,False,0.0,False,5.81,5.66,20.0,
114.5,93518,225.412,-602.859,-0.008,5.322,30.0,1733,-1,9.68,True,7,True,True,0.664,0.0,0.002,False,False,0.105,-0.0,115.348,1733,15.22,,,,,0,False,False,0.0,False,5.54,5.69,20.0,
114.55,93519,225.297,-602.617,-0.008,5.412,30.0,1733,-1,9.95,True,7,True,True,0.75,0.0,-0.004,False,False,0.101,0.004,115.321,1124,1.74,,,,,0,False,False,0.0,False,8.71,5.66,20.0,
114.6,93520,225.182,-602.374,-0.008,5.336,30.0,1733,-1,10.22,True,7,True,True,0.541,0.0,0.002,False,False,0.089,-0.0,115.347,1124,1.74,,,,,0,False,False,0.0,False,8.44,5.71,20.0,
114.65,93521,225.067,-602.131,-0.008,5.403,30.0,1733,-1,10.49,True,7,True,True,0.75,0.0,-0.003,False,False,0.084,0.002,115.315,1124,1.74,,,,,0,False,False,0.0,False,8.17,5.67,20.0,
114.7,93522,224.949,-601.881,-0.008,5.674,30.0,1733,-1,10.76,True,7,True,True,0.568,0.0,0.002,False,False,0.141,-0.003,115.305,1124,1.74,,,,,0,False,False,0.0,False,7.9,5.7,20.0,
114.75,93523,224.821,-601.611,-0.01,6.139,30.0,1733,-1,11.06,True,7,True,True,0.568,0.0,0.002,False,False,0.296,-0.008,115.298,1124,1.74,,,,,0,False,False,1.381,False,7.6,5.84,20.0,
114.8,93524,224.686,-601.327,-0.011,6.329,30.0,1733,-1,11.38,True,7,True,True,0.0,0.3,0.001,False,False,0.406,-0.006,115.301,1124,1.74,,,,,0,False,False,1.169,False,7.28,6.07,20.0,
114.85,93525,224.548,-601.036,-0.011,6.48,30.0,1733,-1,11.7,True,7,True,True,0.0,0.3,-0.0,False,False,0.433,-0.002,115.303,1124,1.74,,,,,0,False,False,0.958,False,6.96,6.16,20.0,
114.9,93526,224.411,-600.746,-0.01,6.377,30.0,1733,-1,12.02,True,7,True,True,0.0,0.3,-0.0,False,False,0.37,0.001,115.303,1124,1.74,,,,,0,False,False,0.77,False,6.64,6.24,20.0,
114.95,93527,224.276,-600.46,-0.009,6.323,30.0,1733,-1,12.34,True,7,True,True,0.0,0.3,0.0,False,False,0.267,0.002,115.301,1124,1.74,,,,,0,False,False,0.0,False,6.32,6.19,20.0,
115.0,93528,224.144,-600.181,-0.008,6.103,30.0,1733,-1,12.65,True,7,True,True,0.0,0.3,0.0,False,False,0.141,0.001,115.314,1124,1.74,,,,,0,False,False,0.0,False,6.01,6.16,20.0,
115.05,93529,224.013,-599.91,-0.007,5.974,30.0,1733,-1,12.95,True,7,True,True,0.0,0.3,0.042,False,False,0.027,-0.063,115.395,1124,5.23,,,,,0,False,False,0.0,False,9.14,6.05,20.0,
115.1,93530,223.887,-599.649,-0.006,5.716,30.0,1733,-1,13.24,True,7,True,True,0.0,0.3,0.005,False,False,-0.077,-0.067,115.535,1124,5.23,,,,,0,False,False,0.0,False,8.85,5.99,20.0,
115.15,93531,223.766,-599.396,-0.006,5.57,30.0,1733,-1,13.52,True,7,True,True,0.0,0.3,-0.003,False,False,-0.154,-0.032,115.561,1124,5.23,,,,,0,False,False,0.0,False,8.57,5.86,20.0,
115.2,93532,223.649,-599.152,-0.005,5.319,30.0,1733,-1,13.79,True,7,True,True,0.0,0.097,0.004,False,False,-0.213,-0.016,115.619,1124,5.23,,,,,0,False,False,0.0,False,8.3,5.78,20.0,
115.25,93533,223.535,-598.915,-0.005,5.223,30.0,1733,-1,14.05,True,7,True,True,0.75,0.0,0.0,False,False,-0.239,-0.006,115.616,1124,5.23,,,,,0,False,False,0.0,False,8.03,5.66,20.0,
115.3,93534,223.425,-598.684,-0.005,5.097,30.0,1733,-1,14.31,True,7,True,True,0.75,0.0,0.004,False,False,-0.235,-0.006,115.68,1124,5.23,,,,,0,False,False,0.0,False,7.78,5.61,20.0,
115.35,93535,223.313,-598.452,-0.005,5.163,30.0,1733,-1,14.56,True,7,True,True,0.75,0.0,-0.002,False,False,-0.178,0.001,115.671,1124,5.23,,,,,0,False,False,0.0,False,7.52,5.55,20.0,
115.4,93536,223.203,-598.224,-0.006,4.883,30.0,1733,-1,14.82,True,7,True,True,0.75,0.0,0.003,False,False,-0.152,-0.002,115.692,1124,5.23,,,,,0,False,False,0.0,False,7.27,5.58,20.0,
115.45,93537,223.102,-598.016,-0.005,4.493,30.0,1733,-1,15.05,True,7,True,True,0.75,0.0,0.0,False,False,-0.239,-0.001,115.631,1124,5.23,,,,,0,False,False,0.0,False,7.04,5.44,20.0,
115.5,93538,223.009,-597.822,-0.004,4.212,30.0,1733,-1,15.26,True,7,True,True,0.75,0.0,0.008,False,False,-0.329,-0.008,115.633,1124,5.23,,,,,0,False,False,0.0,False,6.82,5.25,20.0,
115.55,93539,222.92,-597.637,-0.004,4.057,30.0,1733,-1,15.47,True,7,True,True,0.75,0.0,0.003,False,False,-0.362,-0.008,115.65,1124,5.23,,,,,0,False,False,0.0,False,6.62,5.11,20.0,
115.6,93540,222.832,-597.456,-0.004,3.998,30.0,1737,-1,15.02,True,7,True,False,0.75,0.0,0.001,False,False,-0.334,-0.003,115.662,1124,5.23,,,,,0,False,False,0.0,False,6.41,5.03,20.0,
115.65,93541,222.745,-597.276,-0.005,4.004,30.0,1737,-1,15.22,True,7,True,False,0.75,0.0,0.002,False,False,-0.262,-0.0,115.67,1124,5.23,,,,,0,False,False,0.0,False,6.21,5.0,20.0,
115.7,93542,222.657,-597.093,-0.006,4.05,30.0,1737,-1,15.43,True,7,True,False,0.75,0.0,0.001,False,False,-0.17,0.001,115.678,1124,5.23,,,,,0,False,False,0.0,False,6.01,5.0,20.0,
115.75,93543,222.568,-596.908,-0.007,4.119,30.0,1737,-1,15.63,True,7,True,False,0.75,0.0,0.001,False,False,-0.077,0.001,115.686,1124,5.23,,,,,0,False,False,0.0,False,5.81,5.02,20.0,
115.8,93544,222.477,-596.72,-0.007,4.204,30.0,1737,-1,15.84,True,7,True,False,0.75,0.0,0.001,False,False,0.008,0.001,115.692,1124,5.23,,,,,0,False,False,0.0,False,5.6,5.06,20.0,
115.85,93545,222.385,-596.527,-0.008,4.298,30.0,1737,-1,16.13,True,7,True,False,0.75,0.0,0.001,False,False,0.079,0.001,115.698,1124,5.23,,,,,0,False,False,0.0,False,5.38,5.1,20.0,
115.9,93546,222.29,-596.331,-0.008,4.397,30.0,1124,-1,0.0,False,-1,True,True,0.75,0.0,0.001,False,False,0.135,0.001,115.702,1124,5.23,,,,,0,False,False,0.0,False,5.17,5.15,20.0,
115.95,93547,222.19,-596.131,-0.009,4.493,30.0,1124,-1,0.23,False,-1,True,True,0.75,0.0,0.072,False,False,0.175,-0.09,115.864,1124,8.72,,,,,0,False,False,0.0,False,8.44,5.2,20.0,
116.0,93548,222.088,-595.927,-0.009,4.597,30.0,1736,-1,9.48,True,7,True,False,0.75,0.0,0.007,False,False,0.205,-0.095,116.026,1124,8.72,,,,,0,False,False,0.0,False,8.21,5.25,20.0,
116.05,93549,221.985,-595.718,-0.009,4.703,30.0,1124,-1,0.69,False,-1,True,True,0.75,0.0,0.001,False,False,0.226,-0.049,116.084,1124,8.72,,,,,0,False,False,0.0,False,7.98,5.3,20.0,
116.1,93550,221.879,-595.505,-0.009,4.809,30.0,1124,-1,0.93,False,-1,True,True,0.75,0.0,0.007,False,False,0.241,-0.025,116.126,1124,8.72,,,,,0,False,False,0.0,False,7.74,5.35,20.0,
116.15,93551,221.771,-595.286,-0.009,4.914,30.0,1124,-1,1.17,False,-1,True,True,0.75,0.0,0.007,False,False,0.251,-0.017,116.17,1124,8.72,,,,,0,False,False,0.0,False,7.5,5.4,20.0,
116.2,93552,221.66,-595.063,-0.009,5.019,30.0,1124,-1,1.42,False,-1,True,True,0.75,0.0,0.005,False,False,0.257,-0.011,116.21,1124,8.72,,,,,0,False,False,0.0,False,7.25,5.46,20.0,
116.25,93553,221.547,-594.836,-0.009,5.124,30.0,1124,-1,1.67,False,-1,True,True,0.75,0.0,0.004,False,False,0.261,-0.006,116.243,1124,8.72,,,,,0,False,False,0.0,False,6.99,5.51,20.0,
116.3,93554,221.432,-594.604,-0.009,5.188,30.0,1124,-1,1.93,False,-1,True,True,0.75,0.0,0.004,False,False,0.259,-0.003,116.275,1124,8.72,,,,,0,False,False,0.0,False,6.73,5.56,20.0,
116.35,93555,221.315,-594.368,-0.009,5.285,30.0,1124,-1,2.19,False,-1,True,True,0.75,0.0,0.003,False,False,0.249,-0.001,116.286,1124,8.72,,,,,0,False,False,0.0,False,6.47,5.59,20.0,
116.4,93556,221.2,-594.134,-0.009,5.194,30.0,1124,-1,2.46,False,-1,True,True,0.75,0.0,0.004,False,False,0.202,-0.002,116.341,1124,8.72,,,,,0,False,False,0.0,False,6.21,5.64,20.0,
116.45,93557,221.083,-593.9,-0.008,5.261,30.0,1124,-1,2.72,False,-1,True,True,0.75,0.0,-0.001,False,False,0.164,0.003,116.335,1124,8.72,,,,,0,False,False,0.0,False,5.95,5.6,20.0,
116.5,93558,220.968,-593.666,-0.008,5.203,30.0,1124,-1,2.98,False,-1,True,True,0.75,0.0,0.004,False,False,0.13,0.0,116.384,1124,8.72,,,,,0,False,False,0.0,False,5.69,5.63,20.0,
116.55,93559,220.851,-593.431,-0.008,5.301,30.0,1124,-1,3.24,False,-1,True,True,0.75,0.0,-0.002,False,False,0.12,0.004,116.373,1124,8.72,,,,,0,False,False,0.0,False,5.42,5.6,20.0,
116.6,93560,220.732,-593.197,-0.008,5.221,30.0,1124,-1,3.5,False,-1,True,True,0.75,0.0,0.053,False,False,0.102,-0.078,116.539,1826,1.99,,,,,0,False,False,0.0,False,8.84,5.65,20.0,
116.65,93561,220.612,-592.963,-0.008,5.287,30.0,1124,-1,3.77,False,-1,True,True,0.75,0.0,0.001,False,False,0.093,-0.071,116.641,1826,1.99,,,,,0,False,False,0.0,False,8.58,5.61,20.0,
116.7,93562,220.49,-592.721,-0.008,5.567,30.0,1124,-1,4.04,False,-1,True,True,0.75,0.0,0.002,False,False,0.148,-0.038,116.689,1826,1.99,,,,,0,False,False,0.0,False,8.31,5.64,20.0,
116.75,93563,220.357,-592.458,-0.01,6.057,30.0,1124,-1,4.33,False,-1,True,True,0.0,0.017,0.005,False,False,0.309,-0.023,116.714,1826,1.99,,,,,0,False,False,0.0,False,8.01,5.78,20.0,
116.8,93564,220.217,-592.181,-0.011,6.232,30.0,1124,-1,4.64,False,-1,True,True,0.0,0.3,0.005,False,False,0.418,-0.018,116.749,1826,1.99,,,,,0,False,False,0.0,False,7.7,6.03,20.0,
116.85,93565,220.074,-591.899,-0.011,6.361,30.0,1124,-1,5.02,False,-1,True,True,0.0,0.3,0.003,False,False,0.435,-0.013,116.783,1826,1.99,,,,,0,False,False,0.0,False,7.39,6.12,20.0,
116.9,93566,219.932,-591.619,-0.01,6.242,30.0,1124,-1,5.34,False,-1,True,True,0.0,0.3,0.002,False,False,0.362,-0.007,116.813,1826,1.99,,,,,0,False,False,0.0,False,7.07,6.18,20.0,
116.95,93567,219.792,-591.343,-0.009,6.175,30.0,1124,-1,5.64,False,-1,True,True,0.0,0.3,0.002,False,False,0.253,-0.003,116.817,1826,1.99,,,,,0,False,False,0.0,False,6.76,6.12,20.0,
117.0,93568,219.656,-591.075,-0.008,5.949,30.0,1124,-1,5.95,False,-1,True,True,0.0,0.3,0.003,False,False,0.124,-0.005,116.861,1826,1.99,,,,,0,False,False,0.0,False,6.46,6.09,20.0,
117.05,93569,219.523,-590.814,-0.007,5.824,30.0,1124,-1,6.24,False,-1,True,True,0.0,0.3,-0.001,False,False,0.012,-0.0,116.849,1826,1.99,,,,,0,False,False,0.0,False,6.17,5.97,20.0,
117.1,93570,219.396,-590.562,-0.006,5.564,30.0,1124,-1,6.52,False,-1,True,True,0.0,0.3,0.003,False,False,-0.088,-0.003,116.887,1826,1.99,,,,,0,False,False,0.0,False,5.89,5.91,20.0,
117.15,93571,219.271,-590.317,-0.006,5.448,30.0,1124,-1,6.8,False,-1,True,True,0.0,0.063,-0.001,False,False,-0.156,0.001,116.87,1826,1.99,,,,,0,False,False,0.0,False,5.61,5.78,20.0,
117.2,93572,219.148,-590.083,-0.005,5.216,30.0,1124,-1,7.06,False,-1,True,True,0.353,0.0,0.099,False,False,-0.204,-0.123,117.105,1826,5.98,,,,,0,False,False,0.0,False,9.26,5.72,20.0,
117.25,93573,219.026,-589.855,-0.005,5.148,30.0,1124,-1,7.32,False,-1,True,True,0.75,0.0,0.033,False,False,-0.219,-0.165,117.379,1826,5.98,,,,,0,False,False,0.0,False,9.01,5.61,20.0,
117.3,93574,218.907,-589.632,-0.005,5.032,30.0,1124,-1,7.57,False,-1,True,True,0.75,0.0,0.021,False,False,-0.208,-0.129,117.641,1826,5.98,,,,,0,False,False,0.0,False,8.75,5.57,20.0,
117.35,93575,218.787,-589.408,-0.006,5.1,30.0,1124,-1,7.83,False,-1,True,True,0.75,0.0,0.014,False,False,-0.153,-0.087,117.776,1826,5.98,,,,,0,False,False,0.0,False,8.5,5.52,20.0,
117.4,93576,218.669,-589.187,-0.006,4.875,30.0,1124,-1,8.08,False,-1,True,True,0.75,0.0,0.018,False,False,-0.125,-0.066,117.925,1826,5.98,,,,,0,False,False,0.0,False,8.25,5.55,20.0,
117.45,93577,218.559,-588.984,-0.005,4.491,30.0,1124,-1,8.31,False,-1,True,True,0.75,0.0,0.013,False,False,-0.207,-0.046,118.002,1826,5.98,,,,,0,False,False,0.0,False,8.02,5.44,20.0,
117.5,93578,218.456,-588.794,-0.005,4.251,30.0,1124,-1,8.52,False,-1,True,True,0.75,0.0,0.015,False,False,-0.286,-0.035,118.076,1826,5.98,,,,,0,False,False,0.0,False,7.8,5.25,20.0,
117.55,93579,218.357,-588.611,-0.005,4.128,30.0,1124,-1,8.73,False,-1,True,True,0.75,0.0,0.013,False,False,-0.31,-0.027,118.145,1826,5.98,,,,,0,False,False,0.0,False,7.59,5.13,20.0,
117.6,93580,218.259,-588.43,-0.005,4.09,30.0,1124,-1,8.94,False,-1,True,True,0.75,0.0,0.011,False,False,-0.279,-0.019,118.206,1826,5.98,,,,,0,False,False,0.0,False,7.39,5.06,20.0,
117.65,93581,218.161,-588.25,-0.005,4.108,30.0,1124,-1,9.14,False,-1,True,True,0.75,0.0,0.009,False,False,-0.21,-0.013,118.259,1826,5.98,,,,,0,False,False,0.0,False,7.18,5.05,20.0,
117.7,93582,218.062,-588.067,-0.006,4.161,30.0,1124,-1,9.35,False,-1,True,True,0.75,0.0,0.008,False,False,-0.125,-0.008,118.305,1826,5.98,,,,,0,False,False,0.0,False,6.97,5.05,20.0,
117.75,93583,217.961,-587.882,-0.007,4.234,30.0,1124,-1,9.56,False,-1,True,True,0.75,0.0,0.007,False,False,-0.04,-0.005,118.345,1826,5.98,,,,,0,False,False,0.0,False,6.76,5.08,20.0,
117.8,93584,217.858,-587.693,-0.008,4.321,30.0,1827,-1,0.08,True,6,True,False,0.75,0.0,0.006,False,False,0.036,-0.003,118.381,1826,5.98,,,,,0,False,False,0.0,False,6.55,5.12,20.0,
117.85,93585,217.754,-587.5,-0.008,4.415,30.0,1827,-1,0.27,True,6,True,False,0.75,0.0,0.005,False,False,0.099,-0.001,118.412,1826,5.98,,,,,0,False,False,0.0,False,6.33,5.16,20.0,
117.9,93586,217.646,-587.304,-0.009,4.515,30.0,1124,-1,10.22,False,-1,True,True,0.75,0.0,0.004,False,False,0.149,-0.001,118.439,1826,5.98,,,,,0,False,False,0.0,False,6.1,5.21,20.0,
117.95,93587,217.537,-587.102,-0.009,4.617,30.0,1124,-1,10.45,False,-1,True,True,0.75,0.0,0.004,False,False,0.186,-0.0,118.462,1826,5.98,,,,,0,False,False,0.0,False,5.88,5.26,20.0,
118.0,93588,217.425,-586.897,-0.009,4.72,30.0,1825,-1,0.21,True,6,True,False,0.75,0.0,0.003,False,False,0.213,0.0,118.482,1826,5.98,,,,,0,False,False,0.0,False,5.64,5.31,20.0,
118.05,93589,217.31,-586.687,-0.009,4.824,30.0,1825,-1,0.45,True,6,True,False,0.75,0.0,0.003,False,False,0.231,0.0,118.5,1826,5.98,,,,,0,False,False,0.0,False,5.4,5.36,20.0,
118.1,93590,217.198,-586.47,-0.009,4.915,30.0,1825,-1,0.7,True,6,True,False,0.75,0.0,-0.097,False,False,0.24,0.136,118.276,1826,9.97,,,,,0,False,False,0.0,False,9.5,5.41,20.0,
118.15,93591,217.084,-586.249,-0.009,5.02,30.0,1825,-1,1.06,True,6,True,False,0.75,0.0,-0.006,False,False,0.247,0.152,118.032,1826,9.97,,,,,0,False,False,0.0,False,9.25,5.46,20.0,
118.2,93592,216.966,-586.024,-0.009,5.125,30.0,1825,-1,1.32,True,6,True,False,0.75,0.0,0.004,False,False,0.253,0.066,117.969,1826,9.97,,,,,0,False,False,0.0,False,9.0,5.51,20.0,
118.25,93593,216.845,-585.795,-0.009,5.198,30.0,1825,-1,1.57,True,6,True,False,0.75,0.0,-0.008,False,False,0.252,0.032,117.908,1826,9.97,,,,,0,False,False,0.0,False,8.74,5.56,20.0,
118.3,93594,216.725,-585.566,-0.009,5.17,30.0,1825,-1,1.83,True,6,True,False,0.75,0.0,-0.006,False,False,0.217,0.018,117.911,1826,9.97,,,,,0,False,False,0.0,False,8.48,5.6,20.0,
118.35,93595,216.605,-585.338,-0.008,5.158,30.0,1825,-1,2.22,True,6,True,False,0.75,0.0,-0.01,False,False,0.173,0.018,117.818,1826,9.97,,,,,0,False,False,0.0,False,8.22,5.58,20.0,
118.4,93596,216.486,-585.109,-0.008,5.163,30.0,1825,-1,2.48,True,6,True,False,0.75,0.0,-0.001,False,False,0.138,0.006,117.824,1826,9.97,,,,,0,False,False,0.0,False,7.97,5.58,20.0,
118.45,93597,216.365,-584.88,-0.008,5.182,30.0,1826,-1,2.55,True,6,True,True,0.75,0.0,-0.007,False,False,0.118,0.007,117.747,1826,9.97,,,,,0,False,False,0.0,False,7.71,5.58,20.0,
118.5,93598,216.245,-584.65,-0.008,5.208,30.0,1826,-1,2.81,True,6,True,True,0.75,0.0,0.001,False,False,0.111,-0.001,117.765,1826,9.97,,,,,0,False,False,0.0,False,7.45,5.59,20.0,
118.55,93599,216.124,-584.42,-0.008,5.202,30.0,1826,-1,3.07,True,6,True,True,0.75,0.0,-0.006,False,False,0.101,0.003,117.694,1826,9.97,,,,,0,False,False,0.0,False,7.19,5.6,20.0,
118.6,93600,216.004,-584.19,-0.008,5.199,30.0,1826,-1,3.33,True,6,True,True,0.75,0.0,0.002,False,False,0.09,-0.003,117.721,1826,9.97,,,,,0,False,False,0.0,False,6.93,5.6,20.0,
118.65,93601,215.876,-583.948,-0.009,5.651,30.0,1826,-1,3.6,True,6,True,True,0.75,0.0,-0.006,False,False,0.182,0.005,117.636,1826,9.97,,,,,0,False,False,0.0,False,6.65,5.6,20.0,
118.7,93602,215.739,-583.685,-0.01,6.037,30.0,1826,-1,3.9,True,6,True,True,0.0,0.3,0.005,False,False,0.339,-0.005,117.633,1826,9.97,,,,,0,False,False,0.0,False,6.36,5.83,20.0,
118.75,93603,215.595,-583.411,-0.011,6.244,30.0,1826,-1,4.26,True,6,True,True,0.0,0.3,-0.001,False,False,0.432,-0.004,117.613,1826,9.97,,,,,0,False,False,0.76,False,6.05,6.02,20.0,
118.8,93604,215.454,-583.131,-0.011,6.273,30.0,1826,-1,4.58,True,6,True,True,0.0,0.3,-0.101,False,False,0.426,0.134,117.423,1826,13.96,,,,,0,False,False,0.974,False,9.98,6.12,20.0,
118.85,93605,215.323,-582.85,-0.01,6.16,30.0,1826,-1,4.88,True,6,True,True,0.0,0.3,-0.201,False,False,0.332,0.41,116.71,1826,13.96,,,,,0,False,False,1.199,False,9.67,6.14,20.0,
118.9,93606,215.203,-582.573,-0.009,6.014,30.0,1826,-1,5.18,True,6,True,True,0.0,0.3,-0.168,False,False,0.203,0.6,115.75,1826,13.96,,,,,0,False,False,0.0,False,9.37,6.08,20.0,
118.95,93607,215.088,-582.302,-0.008,5.856,30.0,1826,-1,5.48,True,6,True,True,0.0,0.3,-0.118,False,False,0.081,0.598,114.737,1826,13.96,,,,,0,False,False,0.0,False,9.07,6.01,20.0,
119.0,93608,214.978,-582.038,-0.007,5.683,30.0,1826,-1,5.76,True,6,True,True,0.0,0.3,-0.082,False,False,-0.023,0.489,113.967,1826,13.96,,,,,0,False,False,0.0,False,8.79,5.93,20.0,
119.05,93609,214.873,-581.781,-0.006,5.488,30.0,1826,-1,6.03,True,6,True,True,0.0,0.3,-0.074,False,False,-0.109,0.38,113.268,1826,13.96,,,,,0,False,False,0.0,False,8.51,5.84,20.0,
119.1,93610,214.774,-581.532,-0.006,5.327,30.0,1826,-1,6.3,True,6,True,True,0.217,0.0,-0.057,False,False,-0.169,0.283,112.773,1826,13.96,,,,,0,False,False,0.0,False,8.24,5.74,20.0,
119.15,93611,214.678,-581.288,-0.005,5.191,30.0,1826,-1,6.56,True,6,True,True,0.75,0.0,-0.055,False,False,-0.197,0.217,112.285,1826,13.96,,,,,0,False,False,2.466,False,7.98,5.66,20.0,
119.2,93612,214.586,-581.049,-0.005,5.088,30.0,1826,-1,6.81,True,6,True,True,0.75,0.0,-0.04,False,False,-0.201,0.159,111.963,1826,13.96,,,,,0,False,False,2.305,False,7.73,5.6,20.0,
119.25,93613,214.495,-580.812,-0.006,5.067,30.0,1826,-1,7.06,True,6,True,True,0.75,0.0,-0.041,False,False,-0.172,0.126,111.619,1826,13.96,,,,,0,False,False,2.149,False,7.47,5.54,20.0,
119.3,93614,214.406,-580.575,-0.006,5.066,30.0,1826,-1,7.31,True,6,True,True,0.75,0.0,-0.028,False,False,-0.121,0.093,111.415,1826,13.96,,,,,0,False,False,1.99,False,7.22,5.53,20.0,
119.35,93615,214.318,-580.342,-0.006,4.812,30.0,1831,-1,6.26,True,6,True,False,0.75,0.0,-0.03,False,False,-0.116,0.073,111.176,1826,13.96,,,,,0,False,False,1.842,False,6.97,5.53,20.0,
119.4,93616,214.238,-580.127,-0.006,4.491,30.0,1831,-1,6.13,True,6,True,False,0.75,0.0,-0.02,False,False,-0.198,0.048,111.014,1826,13.96,,,,,0,False,False,1.703,False,6.74,5.41,20.0,
119.45,93617,214.162,-579.923,-0.005,4.302,30.0,1831,-1,6.01,True,6,True,False,0.75,0.0,-0.02,False,False,-0.259,0.031,110.893,1826,13.96,,,,,0,False,False,1.572,False,6.52,5.25,20.0,
119.5,93618,214.088,-579.724,-0.005,4.217,30.0,1831,-1,6.0,True,6,True,False,0.75,0.0,-0.019,False,False,-0.268,0.022,110.788,1826,13.96,,,,,0,False,False,1.45,False,6.31,5.15,20.0,
119.55,93619,214.015,-579.527,-0.005,4.203,30.0,1829,-1,7.33,True,6,True,False,0.75,0.0,-0.016,False,False,-0.229,0.016,110.695,1826,13.96,,,,,0,False,False,1.329,False,6.1,5.11,20.0,
119.6,93620,213.942,-579.328,-0.006,4.235,30.0,1829,-1,7.19,True,6,True,False,0.75,0.0,-0.014,False,False,-0.159,0.011,110.614,1826,13.96,,,,,0,False,True,1.207,False,5.89,5.1,20.0,True
119.65,93621,213.868,-579.127,-0.007,4.296,30.0,1829,-1,7.04,True,6,True,False,0.75,0.0,-0.012,False,False,-0.08,0.007,110.543,1826,13.96,,,,,0,False,True,1.088,False,5.67,5.12,20.0,True
119.7,93622,213.793,-578.923,-0.007,4.373,30.0,1829,-1,7.0,True,6,True,False,0.75,0.0,-0.01,False,False,-0.002,0.004,110.481,1826,13.96,,,,,0,False,True,0.968,False,5.46,5.15,20.0,True
119.75,93623,213.716,-578.714,-0.008,4.462,30.0,1829,-1,6.83,True,6,True,False,0.75,0.0,-0.008,False,False,0.066,0.002,110.427,1826,13.96,,,,,0,False,True,0.847,False,5.23,5.19,20.0,True
119.8,93624,213.638,-578.502,-0.008,4.557,30.0,1829,-1,6.66,True,6,True,False,0.75,0.0,-0.007,False,False,0.121,0.001,110.38,1826,13.96,,,,,0,False,True,0.728,False,5.01,5.23,20.0,True
119.85,93625,213.563,-578.284,-0.009,4.645,30.0,1826,-1,9.61,True,6,True,True,0.75,0.0,-0.107,False,False,0.162,0.11,110.153,1123,1.83,,,,,0,False,False,0.618,False,8.6,5.28,20.0,
119.9,93626,213.495,-578.059,-0.009,4.717,30.0,1826,-1,9.84,True,6,True,True,0.75,0.0,-0.207,False,False,0.182,0.362,109.485,1123,1.83,,,,,0,False,False,0.532,False,8.37,5.32,20.0,
119.95,93627,213.434,-577.829,-0.009,4.813,30.0,1826,-1,10.0,True,6,True,True,0.75,0.0,-0.184,False,False,0.195,0.56,108.517,1123,1.83,,,,,0,False,False,0.468,False,8.13,5.36,20.0,
120.0,93628,213.373,-577.594,-0.009,4.923,30.0,1826,-1,10.24,True,6,True,True,0.75,0.0,-0.129,False,False,0.211,0.565,107.613,1123,1.83,,,,,0,False,False,2.397,False,7.89,5.41,20.0,
120.05,93629,213.312,-577.352,-0.009,5.032,30.0,1826,-1,10.49,True,6,True,True,0.75,0.0,-0.104,False,False,0.227,0.477,106.856,1123,1.83,,,,,0,False,False,2.243,False,7.64,5.46,20.0,
120.1,93630,213.25,-577.105,-0.009,5.143,30.0,1826,-1,10.74,True,6,True,True,0.75,0.0,-0.09,False,False,0.241,0.365,106.216,1123,1.83,,,,,0,False,False,2.089,False,7.38,5.52,20.0,
120.15,93631,213.189,-576.853,-0.009,5.214,30.0,1826,-1,11.0,True,6,True,True,0.75,0.0,-0.077,False,False,0.245,0.275,105.627,1123,1.83,,,,,0,False,False,1.938,False,7.12,5.57,20.0,
120.2,93632,213.128,-576.601,-0.009,5.192,30.0,1826,-1,11.19,True,6,True,True,0.75,0.0,-0.062,False,False,0.213,0.192,105.178,1123,1.83,,,,,0,False,False,1.793,False,6.86,5.61,20.0,
120.25,93633,213.068,-576.349,-0.008,5.178,30.0,1826,-1,11.44,True,6,True,True,0.75,0.0,-0.057,False,False,0.171,0.137,104.702,1123,1.83,,,,,0,False,False,1.648,False,6.61,5.6,20.0,
120.3,93634,213.008,-576.098,-0.008,5.187,30.0,1826,-1,11.7,True,6,True,True,0.75,0.0,-0.04,False,False,0.138,0.088,104.383,1123,1.83,,,,,0,False,False,1.514,False,6.35,5.59,20.0,
120.35,93635,212.949,-575.845,-0.008,5.206,30.0,1826,-1,11.96,True,6,True,True,0.75,0.0,-0.04,False,False,0.119,0.064,104.031,1123,1.83,,,,,0,False,False,1.38,False,6.09,5.59,20.0,
120.4,93636,212.89,-575.591,-0.008,5.223,30.0,1826,-1,12.16,True,6,True,True,0.75,0.0,-0.027,False,False,0.111,0.04,103.821,1123,1.83,,,,,0,False,False,1.253,False,5.83,5.6,20.0,
120.45,93637,212.831,-575.336,-0.008,5.219,30.0,1826,-1,12.42,True,6,True,True,0.75,0.0,-0.029,False,False,0.099,0.032,103.565,1123,1.83,,,,,0,False,False,1.129,False,5.57,5.61,20.0,
120.5,93638,212.777,-575.081,-0.008,5.246,30.0,1826,-1,12.68,True,6,True,True,0.75,0.0,-0.129,False,False,0.089,0.141,103.239,1123,5.5,,,,,0,False,False,1.01,False,8.95,5.61,20.0,
120.55,93639,212.727,-574.808,-0.009,5.736,30.0,1826,-1,12.96,True,6,True,True,0.75,0.0,-0.13,False,False,0.204,0.349,102.54,1123,5.5,,,,,0,False,False,0.889,False,8.67,5.62,20.0,
120.6,93640,212.675,-574.513,-0.01,6.105,30.0,1826,-1,13.21,True,6,True,True,0.0,0.3,-0.079,False,False,0.356,0.393,101.82,1123,5.5,,,,,0,False,False,0.761,False,8.37,5.87,20.0,
120.65,93641,212.62,-574.205,-0.011,6.297,30.0,1826,-1,13.52,True,6,True,True,0.0,0.3,-0.054,False,False,0.44,0.327,101.2,1123,5.5,,,,,0,False,False,0.64,False,8.06,6.05,20.0,
120.7,93642,212.566,-573.894,-0.011,6.328,30.0,1826,-1,13.84,True,6,True,True,0.0,0.3,-0.041,False,False,0.427,0.241,100.758,1123,5.5,,,,,0,False,False,0.524,False,7.74,6.15,20.0,
120.75,93643,212.513,-573.585,-0.01,6.232,30.0,1826,-1,14.12,True,6,True,True,0.0,0.3,-0.04,False,False,0.336,0.183,100.342,1123,5.5,,,,,0,False,False,0.419,False,7.43,6.16,20.0,
120.8,93644,212.463,-573.283,-0.009,6.101,30.0,1826,-1,14.42,True,6,True,True,0.0,0.3,-0.028,False,False,0.215,0.132,100.068,1123,5.5,,,,,0,False,False,0.324,False,7.12,6.12,20.0,
120.85,93645,212.414,-572.988,-0.008,5.937,30.0,1826,-1,14.72,True,6,True,True,0.0,0.3,-0.029,False,False,0.094,0.103,99.77,1123,5.5,,,,,0,False,False,0.238,False,6.82,6.05,20.0,
120.9,93646,212.368,-572.701,-0.007,5.757,30.0,1826,-1,15.01,True,6,True,True,0.0,0.3,-0.018,False,False,-0.013,0.072,99.598,1123,5.5,,,,,0,False,False,0.161,False,6.53,5.97,20.0,
120.95,93647,212.323,-572.423,-0.006,5.561,30.0,1826,-1,15.29,True,6,True,True,0.0,0.3,-0.022,False,False,-0.101,0.057,99.384,1123,5.5,,,,,0,False,False,0.0,False,6.25,5.88,20.0,
121.0,93648,212.281,-572.154,-0.006,5.387,30.0,1826,-1,15.56,True,6,True,True,0.0,0.054,-0.012,False,False,-0.166,0.039,99.285,1123,5.5,,,,,0,False,False,0.0,False,5.98,5.78,20.0,
121.05,93649,212.24,-571.893,-0.005,5.233,30.0,1826,-1,15.83,True,6,True,True,0.573,0.0,-0.016,False,False,-0.202,0.032,99.126,1123,5.5,,,,,0,False,False,0.0,False,5.71,5.69,20.0,
121.1,93650,212.201,-571.639,-0.005,5.099,30.0,1123,-1,0.07,False,-1,True,True,0.75,0.0,-0.007,False,False,-0.216,0.021,99.076,1123,5.5,,,,,0,False,False,0.0,False,5.46,5.62,20.0,
121.15,93651,212.164,-571.387,-0.005,5.088,30.0,1123,-1,0.32,False,-1,True,True,0.75,0.0,-0.107,False,False,-0.189,0.116,98.796,1123,9.17,,,,,0,False,False,0.0,False,8.86,5.55,20.0,
121.2,93652,212.132,-571.134,-0.006,5.081,30.0,1123,-1,0.57,False,-1,True,True,0.75,0.0,-0.059,False,False,-0.138,0.191,98.47,1123,9.17,,,,,0,False,False,0.0,False,8.61,5.54,20.0,
121.25,93653,212.101,-570.892,-0.006,4.707,30.0,1123,-1,0.82,False,-1,True,True,0.75,0.0,-0.043,False,False,-0.162,0.177,98.142,1123,9.17,,,,,0,False,False,0.0,False,8.36,5.54,20.0,
121.3,93654,212.073,-570.67,-0.005,4.366,30.0,1123,-1,1.04,False,-1,True,True,0.75,0.0,-0.033,False,False,-0.259,0.134,97.929,1123,9.17,,,,,0,False,False,0.0,False,8.14,5.35,20.0,
121.35,93655,212.048,-570.461,-0.005,4.163,30.0,1123,-1,1.25,False,-1,True,True,0.75,0.0,-0.034,False,False,-0.322,0.102,97.748,1123,9.17,,,,,0,False,False,0.0,False,7.93,5.18,20.0,
121.4,93656,212.024,-570.257,-0.004,4.069,30.0,1123,-1,1.46,False,-1,True,True,0.75,0.0,-0.03,False,False,-0.325,0.077,97.584,1123,9.17,,,,,0,False,False,0.0,False,7.72,5.08,20.0,
121.45,93657,212.0,-570.056,-0.005,4.05,30.0,1123,-1,1.66,False,-1,True,True,0.75,0.0,-0.025,False,False,-0.276,0.055,97.441,1123,9.17,,,,,0,False,False,0.0,False,7.52,5.03,20.0,
121.5,93658,211.976,-569.853,-0.006,4.081,30.0,1123,-1,1.86,False,-1,True,True,0.75,0.0,-0.022,False,False,-0.196,0.038,97.315,1123,9.17,,,,,0,False,False,0.0,False,7.31,5.03,20.0,
121.55,93659,211.952,-569.648,-0.006,4.141,30.0,1123,-1,2.07,False,-1,True,True,0.75,0.0,-0.019,False,False,-0.106,0.026,97.203,1123,9.17,,,,,0,False,False,0.0,False,7.11,5.04,20.0,
121.6,93660,211.928,-569.439,-0.007,4.22,30.0,1123,-1,2.28,False,-1,True,True,0.75,0.0,-0.016,False,False,-0.02,0.017,97.105,1123,9.17,,,,,0,False,False,0.0,False,6.9,5.07,20.0,
121.65,93661,211.903,-569.227,-0.008,4.31,30.0,1123,-1,2.49,False,-1,True,True,0.75,0.0,-0.014,False,False,0.054,0.01,97.019,1123,9.17,,,,,0,False,False,0.0,False,6.68,5.11,20.0,
121.7,93662,211.878,-569.009,-0.008,4.406,30.0,1123,-1,2.71,False,-1,True,True,0.75,0.0,-0.012,False,False,0.115,0.006,96.944,1123,9.17,,,,,0,False,False,0.0,False,6.46,5.15,20.0,
121.75,93663,211.853,-568.787,-0.009,4.507,30.0,1123,-1,2.93,False,-1,True,True,0.75,0.0,-0.01,False,False,0.161,0.003,96.879,1123,9.17,,,,,0,False,False,0.0,False,6.24,5.2,20.0,
121.8,93664,211.826,-568.56,-0.009,4.61,30.0,1123,-1,3.16,False,-1,True,True,0.75,0.0,-0.009,False,False,0.195,0.001,96.822,1123,9.17,,,,,0,False,False,0.0,False,6.01,5.25,20.0,
121.85,93665,211.8,-568.327,-0.009,4.714,30.0,1123,-1,3.4,False,-1,True,True,0.75,0.0,-0.007,False,False,0.22,0.0,96.772,1123,9.17,,,,,0,False,False,0.0,False,5.78,5.31,20.0,
121.9,93666,211.772,-568.09,-0.009,4.819,30.0,1123,-1,3.63,False,-1,True,True,0.75,0.0,-0.006,False,False,0.236,-0.0,96.729,1123,9.17,,,,,0,False,False,0.0,False,5.54,5.36,20.0,
121.95,93667,211.745,-567.847,-0.009,4.923,30.0,1123,-1,3.88,False,-1,True,True,0.75,0.0,-0.005,False,False,0.247,-0.0,96.692,1123,9.17,,,,,0,False,False,0.0,False,5.3,5.41,20.0,
122.0,93668,211.72,-567.599,-0.009,5.015,30.0,1123,-1,4.13,False,-1,True,True,0.75,0.0,-0.105,False,False,0.251,0.112,96.469,1123,12.83,,,,,0,False,False,0.0,False,9.04,5.46,20.0,
122.05,93669,211.701,-567.346,-0.009,5.121,30.0,1123,-1,4.38,False,-1,True,True,0.75,0.0,-0.082,False,False,0.253,0.254,96.019,1123,12.83,,,,,0,False,False,0.0,False,8.79,5.51,20.0,
122.1,93670,211.681,-567.089,-0.009,5.165,30.0,1123,-1,4.64,False,-1,True,True,0.75,0.0,-0.05,False,False,0.246,0.248,95.58,1123,12.83,,,,,0,False,False,0.0,False,8.53,5.56,20.0,
122.15,93671,211.661,-566.833,-0.009,5.14,30.0,1123,-1,4.9,False,-1,True,True,0.75,0.0,-0.037,False,False,0.206,0.189,95.293,1123,12.83,,,,,0,False,False,0.0,False,8.27,5.58,20.0,
122.2,93672,211.642,-566.578,-0.008,5.129,30.0,1123,-1,5.15,False,-1,True,True,0.75,0.0,-0.038,False,False,0.162,0.147,94.966,1123,12.83,,,,,0,False,False,0.0,False,8.02,5.57,20.0,
122.25,93673,211.624,-566.322,-0.008,5.138,30.0,1123,-1,5.41,False,-1,True,True,0.75,0.0,-0.025,False,False,0.13,0.104,94.773,1123,12.83,,,,,0,False,False,0.0,False,7.76,5.56,20.0,
122.3,93674,211.606,-566.065,-0.008,5.159,30.0,1123,-1,5.67,False,-1,True,True,0.75,0.0,-0.028,False,False,0.114,0.081,94.527,1123,12.83,,,,,0,False,False,0.0,False,7.5,5.57,20.0,
122.35,93675,211.588,-565.807,-0.008,5.188,30.0,1123,-1,5.92,False,-1,True,True,0.75,0.0,-0.016,False,False,0.109,0.055,94.403,1123,12.83,,,,,0,False,False,0.0,False,7.24,5.58,20.0,
122.4,93676,211.571,-565.549,-0.008,5.181,30.0,1123,-1,6.18,False,-1,True,True,0.75,0.0,-0.021,False,False,0.101,0.044,94.214,1123,12.83,,,,,0,False,False,0.0,False,6.98,5.59,20.0,
122.45,93677,211.554,-565.29,-0.008,5.179,30.0,1123,-1,6.44,False,-1,True,True,0.75,0.0,-0.01,False,False,0.09,0.027,94.142,1123,12.83,,,,,0,False,False,0.0,False,6.73,5.59,20.0,
122.5,93678,211.536,-565.019,-0.009,5.632,30.0,1123,-1,6.71,False,-1,True,True,0.75,0.0,-0.016,False,False,0.183,0.03,93.97,1123,12.83,,,,,0,False,False,0.0,False,6.45,5.59,20.0,
122.55,93679,211.516,-564.724,-0.01,6.021,30.0,1123,-1,7.01,False,-1,True,True,0.0,0.245,-0.003,False,False,0.341,0.018,93.887,1123,12.83,,,,,0,False,False,0.0,False,6.16,5.82,20.0,
122.6,93680,211.496,-564.416,-0.011,6.232,30.0,1123,-1,7.32,False,-1,True,True,0.0,0.3,-0.007,False,False,0.435,0.013,93.802,1123,12.83,,,,,0,False,False,0.0,False,5.85,6.01,20.0,
122.65,93681,211.481,-564.103,-0.011,6.263,30.0,1123,-1,7.63,False,-1,True,True,0.0,0.3,-0.107,False,False,0.43,0.148,93.556,1123,16.5,,,,,0,False,False,0.0,False,9.49,6.12,20.0,
122.7,93682,211.476,-563.794,-0.01,6.149,30.0,1123,-1,7.94,False,-1,True,True,0.0,0.3,-0.207,False,False,0.335,0.422,92.795,1123,16.5,,,,,0,False,False,0.0,False,9.18,6.13,20.0,
122.75,93683,211.482,-563.493,-0.009,5.981,30.0,1123,-1,8.24,False,-1,True,True,0.0,0.3,-0.234,False,False,0.198,0.695,91.649,1123,16.5,,,,,0,False,False,0.0,False,8.88,6.07,20.0,
122.8,93684,211.493,-563.201,-0.008,5.823,30.0,1123,-1,8.53,False,-1,True,True,0.0,0.3,-0.168,False,False,0.071,0.756,90.347,1123,16.5,,,,,0,False,False,0.0,False,8.59,5.99,20.0,
122.85,93685,211.507,-562.917,-0.007,5.652,30.0,1123,-1,8.81,False,-1,True,True,0.0,0.3,-0.115,False,False,-0.034,0.644,89.305,1123,16.5,,,,,0,False,False,0.0,False,8.31,5.91,20.0,
122.9,93686,211.521,-562.642,-0.006,5.458,30.0,1123,-1,9.09,False,-1,True,True,0.0,0.3,-0.1,False,False,-0.117,0.507,88.38,1123,16.5,,,,,0,False,False,0.0,False,8.03,5.83,20.0,
122.95,93687,211.539,-562.376,-0.006,5.3,30.0,1123,-1,9.35,False,-1,True,True,0.326,0.0,-0.079,False,False,-0.176,0.381,87.699,1123,16.5,,,,,0,False,False,0.0,False,7.77,5.73,20.0,
123.0,93688,211.557,-562.116,-0.005,5.168,30.0,1123,-1,9.61,False,-1,True,True,0.75,0.0,-0.074,False,False,-0.201,0.292,87.055,1123,16.5,,,,,0,False,False,0.0,False,7.51,5.65,20.0,
123.05,93689,211.577,-561.861,-0.005,5.076,30.0,1123,-1,9.86,False,-1,True,True,0.75,0.0,-0.056,False,False,-0.2,0.217,86.603,1123,16.5,,,,,0,False,False,0.0,False,7.25,5.58,20.0,
123.1,93690,211.598,-561.609,-0.006,5.055,30.0,1123,-1,10.11,False,-1,True,True,0.75,0.0,-0.054,False,False,-0.169,0.17,86.149,1123,16.5,,,,,0,False,False,0.0,False,7.0,5.54,20.0,
123.15,93691,211.621,-561.357,-0.006,5.055,30.0,1123,-1,10.36,False,-1,True,True,0.75,0.0,-0.039,False,False,-0.118,0.128,85.854,1123,16.5,,,,,0,False,False,0.0,False,6.74,5.53,20.0,
123.2,93692,211.644,-561.11,-0.006,4.81,30.0,1123,-1,10.61,False,-1,True,True,0.75,0.0,-0.04,False,False,-0.111,0.099,85.539,1123,16.5,,,,,0,False,False,0.0,False,6.5,5.53,20.0,
123.25,93693,211.665,-560.881,-0.006,4.501,30.0,1123,-1,10.84,False,-1,True,True,0.75,0.0,-0.029,False,False,-0.189,0.066,85.321,1123,16.5,,,,,0,False,False,0.0,False,6.27,5.41,20.0,
123.3,93694,211.686,-560.664,-0.005,4.321,30.0,1123,-1,11.03,False,-1,True,True,0.75,0.0,-0.028,False,False,-0.248,0.044,85.154,1123,16.5,,,,,0,False,False,0.0,False,6.05,5.25,20.0,
123.35,93695,211.707,-560.452,-0.005,4.242,30.0,1123,-1,11.24,False,-1,True,True,0.75,0.0,-0.026,False,False,-0.255,0.032,85.008,1123,16.5,,,,,0,False,False,0.0,False,5.83,5.16,20.0,
123.4,93696,211.729,-560.241,-0.005,4.233,30.0,1123,-1,11.45,False,-1,True,True,0.75,0.0,-0.022,False,False,-0.215,0.023,84.879,1123,16.5,,,,,0,False,False,0.0,False,5.62,5.12,20.0,
123.45,93697,211.75,-560.029,-0.006,4.267,30.0,1123,-1,11.66,False,-1,True,True,0.75,0.0,-0.019,False,False,-0.147,0.016,84.767,1123,16.5,,,,,0,False,False,0.0,False,5.41,5.12,20.0,
123.5,93698,211.772,-559.814,-0.007,4.329,30.0,1123,-1,11.88,False,-1,True,True,0.75,0.0,-0.016,False,False,-0.069,0.01,84.669,1123,16.5,,,,,0,False,False,0.0,False,5.19,5.13,20.0,
123.55,93699,211.794,-559.596,-0.007,4.407,30.0,1123,-1,12.06,False,-1,True,True,0.75,0.0,-0.014,False,False,0.006,0.006,84.583,1123,16.5,,,,,0,False,False,0.0,False,4.97,5.16,20.0,
123.6,93700,211.821,-559.374,-0.008,4.485,30.0,1123,-1,12.28,False,-1,True,True,0.75,0.0,-0.114,False,False,0.069,0.113,84.323,1123,20.17,,,,,0,False,False,0.0,False,8.33,5.2,20.0,
123.65,93701,211.857,-559.151,-0.008,4.55,30.0,1123,-1,12.51,False,-1,True,True,0.75,0.0,-0.214,False,False,0.111,0.36,83.631,1123,20.17,,,,,0,False,False,0.0,False,8.1,5.24,20.0,
123.7,93702,211.903,-558.926,-0.008,4.634,30.0,1123,-1,12.74,False,-1,True,True,0.75,0.0,-0.217,False,False,0.139,0.589,82.584,1123,20.17,,,,,0,False,False,0.0,False,7.87,5.28,20.0,
123.75,93703,211.953,-558.697,-0.009,4.743,30.0,1123,-1,12.97,False,-1,True,True,0.75,0.0,-0.155,False,False,0.169,0.618,81.563,1123,20.17,,,,,0,False,False,0.0,False,7.64,5.32,20.0,
123.8,93704,212.005,-558.463,-0.009,4.853,30.0,1123,-1,13.09,False,-1,True,True,0.75,0.0,-0.123,False,False,0.197,0.527,80.703,1123,20.17,,,,,0,False,False,0.0,False,7.4,5.37,20.0,
123.85,93705,212.059,-558.223,-0.009,4.962,30.0,1123,-1,13.33,False,-1,True,True,0.75,0.0,-0.107,False,False,0.219,0.418,79.966,1123,20.17,,,,,0,False,False,0.0,False,7.15,5.43,20.0,
123.9,93706,212.116,-557.979,-0.009,5.069,30.0,1123,-1,13.58,False,-1,True,True,0.75,0.0,-0.091,False,False,0.236,0.315,79.322,1123,20.17,,,,,0,False,False,0.0,False,6.9,5.48,20.0,
123.95,93707,212.175,-557.729,-0.009,5.185,30.0,1123,-1,13.84,False,-1,True,True,0.75,0.0,-0.077,False,False,0.248,0.228,78.768,1123,20.17,,,,,0,False,False,0.0,False,6.65,5.53,20.0,
124.0,93708,212.235,-557.475,-0.009,5.226,30.0,1123,-1,14.08,False,-1,True,True,0.75,0.0,-0.065,False,False,0.249,0.163,78.267,1123,20.17,,,,,1,False,False,0.0,False,6.39,5.59,20.0,
124.05,93709,212.297,-557.219,-0.009,5.284,30.0,1123,-1,14.34,False,-1,True,True,0.75,0.0,-0.053,False,False,0.227,0.108,77.865,1123,20.17,,,,,0,False,False,0.037,False,6.12,5.61,20.0,
124.1,93710,212.358,-556.966,-0.009,5.201,30.0,1123,-1,14.61,False,-1,True,True,0.75,0.0,-0.047,False,False,0.18,0.073,77.464,1123,20.17,,,,,0,False,False,0.056,False,5.86,5.64,20.0,
124.15,93711,212.42,-556.711,-0.008,5.278,30.0,1123,-1,14.87,False,-1,True,True,0.75,0.0,-0.034,False,False,0.148,0.043,77.178,1123,20.17,,,,,0,False,False,0.07,False,5.6,5.6,20.0,
124.2,93712,212.482,-556.456,-0.008,5.228,30.0,1123,-1,15.0,False,-1,True,True,0.75,0.0,-0.032,False,False,0.123,0.03,76.885,1123,20.17,,,,,0,False,False,0.081,False,5.34,5.64,20.0,
124.25,93713,212.546,-556.2,-0.008,5.308,30.0,1123,-1,15.26,False,-1,True,True,0.75,0.0,-0.023,False,False,0.115,0.017,76.691,1123,20.17,,,,,0,False,False,0.092,False,5.07,5.61,20.0,
124.3,93714,212.609,-555.945,-0.008,5.234,30.0,1123,-1,15.53,False,-1,True,True,0.75,0.0,-0.023,False,False,0.098,0.015,76.481,1123,20.17,,,,,0,False,False,0.098,False,4.81,5.65,20.0,
124.35,93715,212.673,-555.687,-0.008,5.457,30.0,1123,-1,15.79,False,-1,True,True,0.75,0.0,-0.015,False,False,0.109,0.011,76.333,1123,20.17,,,,,0,False,False,0.105,False,4.54,5.62,20.0,
124.4,93716,212.743,-555.41,-0.009,5.841,30.0,1123,-1,16.0,False,-1,True,True,0.383,0.0,-0.015,False,False,0.242,0.017,76.175,1123,20.17,,,,,0,False,False,0.1,False,4.26,5.73,20.0,
124.45,93717,212.817,-555.114,-0.01,6.204,30.0,1123,-1,16.3,False,-1,True,True,0.0,0.3,-0.009,False,False,0.379,0.016,76.054,1123,20.17,,,,,0,False,False,0.084,False,3.95,5.92,20.0,
124.5,93718,212.894,-554.811,-0.011,6.229,30.0,1123,-1,16.61,False,-1,True,True,0.0,0.3,-0.008,False,False,0.415,0.014,75.962,1123,20.17,,,,,0,False,False,0.06,False,3.64,6.1,20.0,
124.55,93719,212.971,-554.508,-0.01,6.267,30.0,1123,-1,16.92,False,-1,True,True,0.0,0.3,-0.008,False,False,0.372,0.014,75.891,1123,20.17,,,,,0,False,False,0.029,False,3.33,6.11,20.0,
124.6,93720,213.046,-554.211,-0.009,6.085,30.0,1123,-1,17.22,False,-1,True,True,0.0,0.3,-0.007,False,False,0.266,0.015,75.812,1123,20.17,,,,,0,False,False,0.0,False,3.02,6.13,20.0,
124.65,93721,213.121,-553.92,-0.008,5.986,30.0,1123,-1,17.52,False,-1,True,True,0.0,0.3,-0.004,False,False,0.147,0.011,75.786,1123,20.17,,,,,0,False,False,0.0,False,2.72,6.04,20.0,
124.7,93722,213.193,-553.638,-0.007,5.746,30.0,1123,-1,17.8,False,-1,True,True,0.0,0.3,-0.007,False,False,0.028,0.014,75.716,1123,20.17,,,,,0,False,False,0.0,False,2.43,5.99,20.0,
124.75,93723,213.263,-553.364,-0.006,5.614,30.0,1123,-1,18.08,False,-1,True,True,0.0,0.3,-0.002,False,False,-0.067,0.009,75.706,1123,20.17,,,,,0,False,False,0.0,False,2.15,5.87,20.0,
124.8,93724,213.331,-553.1,-0.006,5.356,30.0,1123,-1,18.35,False,-1,True,True,0.0,0.237,-0.005,False,False,-0.147,0.01,75.647,1123,20.17,,,,,0,False,False,0.0,False,1.88,5.81,20.0,
124.85,93725,213.397,-552.845,-0.005,5.255,30.0,1123,-1,18.61,False,-1,True,True,0.688,0.0,-0.001,False,False,-0.195,0.006,75.646,1123,20.17,,,,,0,False,False,0.0,False,1.61,5.68,20.0,
124.9,93726,213.46,-552.596,-0.005,5.055,30.0,1123,-1,18.86,False,-1,True,True,0.75,0.0,-0.004,False,False,-0.219,0.006,75.588,1123,20.17,,,,,0,False,False,0.0,False,1.36,5.63,20.0,
124.95,93727,213.523,-552.352,-0.005,5.03,30.0,1123,-1,19.11,False,-1,True,True,0.75,0.0,-0.0,False,False,-0.211,0.002,75.564,1123,20.17,,,,,0,False,False,0.0,False,1.1,5.53,20.0,
125.0,93728,213.586,-552.109,-0.006,5.026,30.0,1123,-1,19.36,False,-1,True,True,0.75,0.0,-0.002,False,False,-0.162,0.004,75.55,1123,20.17,,,,,0,False,False,0.0,False,0.85,5.51,20.0,
125.05,93729,213.648,-551.867,-0.006,4.919,30.0,1123,-1,19.61,False,-1,True,True,0.0,1.0,0.0,False,False,-0.12,0.002,75.55,1123,20.17,,,,,0,False,False,0.0,False,0.6,5.51,20.0,
125.1,93730,213.706,-551.645,-0.005,4.403,30.0,1123,-1,19.83,False,-1,True,True,0.0,1.0,0.0,False,False,-0.207,0.0,75.547,1123,20.17,,,,,0,False,False,0.0,False,0.37,5.46,20.0,
125.15,93731,213.756,-551.447,-0.004,3.905,30.0,1123,-1,20.03,False,-1,True,True,0.0,1.0,0.0,False,False,-0.355,-0.001,75.547,1123,20.17,,,,,0,False,False,0.0,False,0.17,5.2,20.0,
125.2,93732,213.801,-551.273,-0.003,3.433,30.0,1123,-1,20.21,False,-1,True,True,0.0,1.0,0.0,False,False,-0.496,-0.002,75.546,1123,20.17,,,,,0,False,False,0.0,False,0.01,4.95,20.0,
125.25,93733,213.841,-551.12,-0.002,3.018,30.0,1123,-1,20.37,False,-1,True,True,0.0,1.0,0.0,False,False,-0.596,-0.002,75.546,1123,20.17,,,,,0,False,False,0.0,False,0.17,4.72,20.0,
125.3,93734,213.876,-550.985,-0.002,2.654,30.0,1123,-1,20.5,False,-1,True,True,0.0,1.0,0.0,False,False,-0.645,-0.001,75.546,1123,20.17,,,,,0,False,False,0.0,False,0.31,4.51,20.0,
125.35,93735,213.906,-550.866,-0.002,2.331,30.0,1123,-1,20.62,False,-1,True,True,0.0,1.0,0.0,False,False,-0.652,-0.001,75.546,1123,20.17,,,,,0,False,False,0.0,False,0.43,4.33,20.0,
125.4,93736,213.933,-550.762,-0.002,2.043,30.0,1123,-1,20.73,False,-1,True,True,0.0,1.0,0.0,False,False,-0.63,-0.001,75.546,1123,20.17,,,,,0,False,False,0.0,False,0.54,4.17,20.0,
125.45,93737,213.957,-550.67,-0.002,1.783,30.0,1123,-1,20.82,False,-1,True,True,0.0,1.0,0.0,False,False,-0.59,-0.0,75.551,1123,20.17,,,,,0,False,False,0.0,False,0.63,4.02,20.0,
125.5,93738,213.977,-550.591,-0.002,1.519,30.0,1123,-1,20.9,False,-1,True,True,0.0,1.0,0.0,False,False,-0.547,-0.001,75.538,1123,20.17,,,,,0,False,False,0.0,False,0.72,3.89,20.0,
125.55,93739,213.992,-550.531,-0.002,0.922,30.0,1123,-1,20.97,False,-1,True,True,0.0,1.0,0.0,False,False,-0.561,-0.0,75.503,1123,20.17,,,,,0,False,False,0.0,False,0.78,3.76,20.0,
125.6,93740,213.995,-550.519,-0.0,0.01,30.0,1123,-1,20.98,False,-1,True,True,0.0,1.0,0.0,False,False,-0.779,-0.004,75.47,1123,20.17,,,,,0,False,False,0.0,False,0.79,3.46,20.0,
125.65,93741,213.995,-550.519,-0.0,0.004,30.0,1123,-1,20.98,False,-1,True,True,0.0,1.0,0.0,False,False,-0.787,-0.002,75.47,1123,20.17,,,,,0,False,False,0.0,False,0.79,3.0,20.0,
125.7,93742,213.995,-550.519,-0.001,0.009,30.0,1123,-1,20.98,False,-1,True,True,0.0,1.0,0.0,False,False,-0.656,-0.002,75.469,1123,20.17,,,,,0,False,False,0.0,False,0.79,3.0,20.0,
125.75,93743,213.995,-550.518,-0.003,0.009,30.0,1123,-1,20.98,False,-1,True,True,0.0,1.0,0.0,False,False,-0.492,-0.001,75.469,1123,20.17,,,,,0,False,False,0.0,False,0.79,3.0,20.0,
125.8,93744,213.996,-550.517,-0.004,0.008,30.0,1123,-1,20.98,False,-1,True,True,0.0,1.0,0.0,False,False,-0.339,-0.001,75.469,1123,20.17,,,,,0,False,False,0.0,False,0.79,3.0,20.0,
125.85,93745,213.996,-550.516,-0.005,0.007,30.0,1123,-1,20.98,False,-1,True,True,0.0,1.0,0.0,False,False,-0.215,-0.0,75.469,1123,20.17,,,,,0,False,False,0.0,False,0.79,3.0,20.0,
125.9,93746,213.996,-550.516,-0.006,0.005,30.0,1123,-1,20.98,False,-1,True,True,0.0,1.0,0.0,False,False,-0.121,-0.0,75.469,1123,20.17,,,,,0,False,False,0.0,False,0.79,3.0,20.0,
125.95,93747,213.996,-550.515,-0.007,0.003,30.0,1123,-1,20.98,False,-1,True,True,0.0,1.0,0.0,False,False,-0.054,-0.0,75.469,1123,20.17,,,,,0,False,False,0.0,False,0.79,3.0,20.0,
126.0,93748,213.996,-550.515,-0.007,0.002,30.0,1123,-1,20.98,False,-1,True,True,0.0,1.0,0.0,False,False,-0.008,-0.0,75.469,1123,20.17,,,,,0,False,False,0.0,False,0.79,3.0,20.0,
126.05,93749,213.996,-550.515,-0.007,0.001,30.0,1123,-1,20.98,False,-1,True,True,0.0,1.0,0.0,False,False,0.022,-0.0,75.469,1123,20.17,,,,,0,False,False,0.0,False,0.79,3.0,20.0,
126.1,93750,213.996,-550.515,-0.008,0.001,30.0,1123,-1,20.98,False,-1,True,True,0.0,1.0,0.0,False,False,0.04,0.0,75.469,1123,20.17,,,,,0,False,False,0.0,False,0.79,3.0,20.0,
126.15,93751,213.996,-550.514,-0.008,0.001,30.0,1123,-1,20.98,False,-1,True,True,0.0,1.0,0.0,False,False,0.052,0.0,75.469,1123,20.17,,,,,0,False,False,0.0,False,0.79,3.0,20.0,
126.2,93752,213.996,-550.514,-0.008,0.0,30.0,1123,-1,20.98,False,-1,True,True,0.0,1.0,0.0,False,False,0.056,0.0,75.469,1123,20.17,,,,,0,False,False,0.0,False,0.79,3.0,20.0,
126.25,93753,213.996,-550.514,-0.008,0.0,30.0,1123,-1,20.98,False,-1,True,True,0.0,1.0,0.0,False,False,0.058,0.0,75.469,1123,20.17,,,,,0,False,False,0.0,False,0.79,3.0,20.0,
126.3,93754,213.996,-550.514,-0.008,0.0,30.0,1123,-1,20.98,False,-1,True,True,0.0,1.0,0.0,False,False,0.059,0.0,75.469,1123,20.17,,,,,0,False,False,0.0,False,0.79,3.0,20.0,
126.35,93755,213.996,-550.514,-0.008,0.0,30.0,1123,-1,20.98,False,-1,True,True,0.0,1.0,0.0,False,False,0.061,0.0,75.469,1123,20.17,,,,,0,False,False,0.0,False,0.79,3.0,20.0,
126.4,93756,213.996,-550.514,-0.008,0.0,30.0,1123,-1,20.98,False,-1,True,True,0.0,1.0,0.0,False,False,0.062,0.0,75.469,1123,20.17,,,,,0,False,False,0.0,False,0.79,3.0,20.0,
126.45,93757,213.996,-550.514,-0.008,0.0,30.0,1123,-1,20.98,False,-1,True,True,0.0,1.0,0.0,False,False,0.063,0.0,75.469,1123,20.17,,,,,0,False,False,0.0,False,0.79,3.0,20.0,
126.5,93758,213.996,-550.514,-0.008,0.0,30.0,1123,-1,20.98,False,-1,True,True,0.0,1.0,0.0,False,False,0.063,-0.0,75.469,1123,20.17,,,,,0,False,False,0.0,False,0.79,3.0,20.0,
126.55,93759,213.996,-550.514,-0.008,0.0,30.0,1123,-1,20.98,False,-1,True,True,0.0,1.0,0.0,False,False,0.063,-0.0,75.469,1123,20.17,,,,,0,False,False,0.0,False,0.79,3.0,20.0,
126.6,93760,213.996,-550.514,-0.008,0.0,30.0,1123,-1,20.98,False,-1,True,True,0.0,1.0,0.0,False,False,0.064,0.0,75.469,1123,20.17,,,,,0,False,False,0.0,False,0.79,3.0,20.0,
126.65,93761,213.996,-550.514,-0.008,0.0,30.0,1123,-1,20.98,False,-1,True,True,0.0,1.0,0.0,False,False,0.064,0.0,75.469,1123,20.17,,,,,0,False,False,0.0,False,0.79,3.0,20.0,
126.7,93762,213.996,-550.514,-0.008,0.0,30.0,1123,-1,20.98,False,-1,True,True,0.0,1.0,0.0,False,False,0.064,0.0,75.469,1123,20.17,,,,,0,False,False,0.0,False,0.79,3.0,20.0,
126.75,93763,213.996,-550.514,-0.008,0.0,30.0,1123,-1,20.98,False,-1,True,True,0.0,1.0,0.0,False,False,0.064,-0.0,75.469,1123,20.17,,,,,0,False,False,0.0,False,0.79,3.0,20.0,
126.8,93764,213.996,-550.514,-0.008,0.0,30.0,1123,-1,20.98,False,-1,True,True,0.0,1.0,0.0,False,False,0.064,-0.0,75.469,1123,20.17,,,,,0,False,False,0.0,False,0.79,3.0,20.0,
126.85,93765,213.996,-550.514,-0.008,0.0,30.0,1123,-1,20.98,False,-1,True,True,0.0,1.0,0.0,False,False,0.064,-0.0,75.469,1123,20.17,,,,,0,False,False,0.0,False,0.79,3.0,20.0,
126.9,93766,213.996,-550.514,-0.008,0.0,30.0,1123,-1,20.98,False,-1,True,True,0.0,1.0,0.0,False,False,0.064,-0.0,75.469,1123,20.17,,,,,0,False,False,0.0,False,0.79,3.0,20.0,
126.95,93767,213.996,-550.514,-0.008,0.0,30.0,1123,-1,20.98,False,-1,True,True,0.0,1.0,0.0,False,False,0.064,-0.0,75.469,1123,20.17,,,,,0,False,False,0.0,False,0.79,3.0,20.0,
127.0,93768,213.996,-550.514,-0.008,0.0,30.0,1123,-1,20.98,False,-1,True,True,0.0,1.0,0.0,False,False,0.064,-0.0,75.469,1123,20.17,,,,,0,False,False,0.0,False,0.79,3.0,20.0,
127.05,93769,213.996,-550.514,-0.008,0.0,30.0,1123,-1,20.98,False,-1,True,True,0.0,1.0,0.0,False,False,0.064,-0.0,75.469,1123,20.17,,,,,0,False,False,0.0,False,0.79,3.0,20.0,
127.1,93770,213.996,-550.514,-0.008,0.0,30.0,1123,-1,20.98,False,-1,True,True,0.0,1.0,0.0,False,False,0.064,-0.0,75.469,1123,20.17,,,,,0,False,False,0.0,False,0.79,3.0,20.0,
127.15,93771,213.996,-550.514,-0.008,0.0,30.0,1123,-1,20.98,False,-1,True,True,0.0,1.0,0.0,False,False,0.064,-0.0,75.469,1123,20.17,,,,,0,False,False,0.0,False,0.79,3.0,20.0,
127.2,93772,213.996,-550.514,-0.008,0.0,30.0,1123,-1,20.98,False,-1,True,True,0.0,1.0,0.0,False,False,0.064,-0.0,75.469,1123,20.17,,,,,0,False,False,0.0,False,0.79,3.0,20.0,
127.25,93773,213.996,-550.514,-0.008,0.0,30.0,1123,-1,20.98,False,-1,True,True,0.0,1.0,0.0,False,False,0.064,-0.0,75.469,1123,20.17,,,,,0,False,False,0.0,False,0.79,3.0,20.0,
127.3,93774,213.996,-550.514,-0.008,0.0,30.0,1123,-1,20.98,False,-1,True,True,0.0,1.0,0.0,False,False,0.064,-0.0,75.469,1123,20.17,,,,,0,False,False,0.0,False,0.79,3.0,20.0,
127.35,93775,213.996,-550.514,-0.008,0.0,30.0,1123,-1,20.98,False,-1,True,True,0.0,1.0,0.0,False,False,0.064,-0.0,75.469,1123,20.17,,,,,0,False,False,0.0,False,0.79,3.0,20.0,
127.4,93776,213.996,-550.514,-0.008,0.0,30.0,1123,-1,20.98,False,-1,True,True,0.0,1.0,0.0,False,False,0.064,-0.0,75.469,1123,20.17,,,,,0,False,False,0.0,False,0.79,3.0,20.0,
127.45,93777,213.996,-550.514,-0.008,0.0,30.0,1123,-1,20.98,False,-1,True,True,0.0,1.0,0.0,False,False,0.064,-0.0,75.469,1123,20.17,,,,,0,False,False,0.0,False,0.79,3.0,20.0,
127.5,93778,213.996,-550.514,-0.008,0.0,30.0,1123,-1,20.98,False,-1,True,True,0.0,1.0,0.0,False,False,0.064,-0.0,75.469,1123,20.17,,,,,0,False,False,0.0,False,0.79,3.0,20.0,
127.55,93779,213.996,-550.514,-0.008,0.0,30.0,1123,-1,20.98,False,-1,True,True,0.0,1.0,0.0,False,False,0.064,-0.0,75.469,1123,20.17,,,,,0,False,False,0.0,False,0.79,3.0,20.0,
127.6,93780,213.996,-550.514,-0.008,0.0,30.0,1123,-1,20.98,False,-1,True,True,0.0,1.0,0.0,False,False,0.064,-0.0,75.469,1123,20.17,,,,,0,False,False,0.0,False,0.79,3.0,20.0,
127.65,93781,213.996,-550.514,-0.008,0.0,30.0,1123,-1,20.98,False,-1,True,True,0.0,1.0,0.0,False,False,0.064,-0.0,75.469,1123,20.17,,,,,0,False,False,0.0,False,0.79,3.0,20.0,
127.7,93782,213.996,-550.514,-0.008,0.0,30.0,1123,-1,20.98,False,-1,True,True,0.0,1.0,0.0,False,False,0.064,-0.0,75.469,1123,20.17,,,,,0,False,False,0.0,False,0.79,3.0,20.0,
127.75,93783,213.996,-550.514,-0.008,0.0,30.0,1123,-1,20.98,False,-1,True,True,0.0,1.0,0.0,False,False,0.064,-0.0,75.469,1123,20.17,,,,,0,False,False,0.0,False,0.79,3.0,20.0,
127.8,93784,213.996,-550.514,-0.008,0.0,30.0,1123,-1,20.98,False,-1,True,True,0.0,1.0,0.0,False,False,0.064,-0.0,75.469,1123,20.17,,,,,0,False,False,0.0,False,0.79,3.0,20.0,
127.85,93785,213.996,-550.514,-0.008,0.0,30.0,1123,-1,20.98,False,-1,True,True,0.0,1.0,0.0,False,False,0.064,-0.0,75.469,1123,20.17,,,,,0,False,False,0.0,False,0.79,3.0,20.0,
127.9,93786,213.996,-550.514,-0.008,0.0,30.0,1123,-1,20.98,False,-1,True,True,0.0,1.0,0.0,False,False,0.064,-0.0,75.469,1123,20.17,,,,,0,False,False,0.0,False,0.79,3.0,20.0,
127.95,93787,213.996,-550.514,-0.008,0.0,30.0,1123,-1,20.98,False,-1,True,True,0.0,1.0,0.0,False,False,0.064,-0.0,75.469,1123,20.17,,,,,0,False,False,0.0,False,0.79,3.0,20.0,
128.0,93788,213.996,-550.514,-0.008,0.0,30.0,1123,-1,20.98,False,-1,True,True,0.0,1.0,0.0,False,False,0.064,-0.0,75.469,1123,20.17,,,,,0,False,False,0.0,False,0.79,3.0,20.0,
128.05,93789,213.996,-550.514,-0.008,0.0,30.0,1123,-1,20.98,False,-1,True,True,0.0,1.0,0.0,False,False,0.064,-0.0,75.469,1123,20.17,,,,,0,False,False,0.0,False,0.79,3.0,20.0,
128.1,93790,213.996,-550.514,-0.008,0.0,30.0,1123,-1,20.98,False,-1,True,True,0.0,1.0,0.0,False,False,0.064,-0.0,75.469,1123,20.17,,,,,0,False,False,0.0,False,0.79,3.0,20.0,
128.15,93791,213.996,-550.514,-0.008,0.0,30.0,1123,-1,20.98,False,-1,True,True,0.0,1.0,0.0,False,False,0.064,-0.0,75.469,1123,20.17,,,,,0,False,False,0.0,False,0.79,3.0,20.0,
128.2,93792,213.996,-550.514,-0.008,0.0,30.0,1123,-1,20.98,False,-1,True,True,0.0,1.0,0.0,False,False,0.064,-0.0,75.469,1123,20.17,,,,,0,False,False,0.0,False,0.79,3.0,20.0,
128.25,93793,213.996,-550.514,-0.008,0.0,30.0,1123,-1,20.98,False,-1,True,True,0.0,1.0,0.0,False,False,0.064,-0.0,75.469,1123,20.17,,,,,0,False,False,0.0,False,0.79,3.0,20.0,
128.3,93794,213.996,-550.514,-0.008,0.0,30.0,1123,-1,20.98,False,-1,True,True,0.0,1.0,0.0,False,False,0.064,-0.0,75.469,1123,20.17,,,,,0,False,False,0.0,False,0.79,3.0,20.0,
128.35,93795,213.996,-550.514,-0.008,0.0,30.0,1123,-1,20.98,False,-1,True,True,0.0,1.0,0.0,False,False,0.064,-0.0,75.469,1123,20.17,,,,,0,False,False,0.0,False,0.79,3.0,20.0,
128.4,93796,213.996,-550.514,-0.008,0.0,30.0,1123,-1,20.98,False,-1,True,True,0.0,1.0,0.0,False,False,0.064,-0.0,75.469,1123,20.17,,,,,0,False,False,0.0,False,0.79,3.0,20.0,
128.45,93797,213.996,-550.514,-0.008,0.0,30.0,1123,-1,20.98,False,-1,True,True,0.0,1.0,0.0,False,False,0.064,-0.0,75.469,1123,20.17,,,,,0,False,False,0.0,False,0.79,3.0,20.0,
128.5,93798,213.996,-550.514,-0.008,0.0,30.0,1123,-1,20.98,False,-1,True,True,0.0,1.0,0.0,False,False,0.064,-0.0,75.469,1123,20.17,,,,,0,False,False,0.0,False,0.79,3.0,20.0,
128.55,93799,213.996,-550.514,-0.008,0.0,30.0,1123,-1,20.98,False,-1,True,True,0.0,1.0,0.0,False,False,0.064,-0.0,75.469,1123,20.17,,,,,0,False,False,0.0,False,0.79,3.0,20.0,
128.6,93800,213.996,-550.514,-0.008,0.0,30.0,1123,-1,20.98,False,-1,True,True,0.0,1.0,0.0,False,False,0.064,-0.0,75.469,1123,20.17,,,,,0,False,False,0.0,False,0.79,3.0,20.0,
128.65,93801,213.996,-550.514,-0.008,0.0,30.0,1123,-1,20.98,False,-1,True,True,0.0,1.0,0.0,False,False,0.064,-0.0,75.469,1123,20.17,,,,,0,False,False,0.0,False,0.79,3.0,20.0,
128.7,93802,213.996,-550.514,-0.008,0.0,30.0,1123,-1,20.98,False,-1,True,True,0.0,1.0,0.0,False,False,0.064,-0.0,75.469,1123,20.17,,,,,0,False,False,0.0,False,0.79,3.0,20.0,
128.75,93803,213.996,-550.514,-0.008,0.0,30.0,1123,-1,20.98,False,-1,True,True,0.0,1.0,0.0,False,False,0.064,-0.0,75.469,1123,20.17,,,,,0,False,False,0.0,False,0.79,3.0,20.0,
128.8,93804,213.996,-550.514,-0.008,0.0,30.0,1123,-1,20.98,False,-1,True,True,0.0,1.0,0.0,False,False,0.064,-0.0,75.469,1123,20.17,,,,,0,False,False,0.0,False,0.79,3.0,20.0,
128.85,93805,213.996,-550.514,-0.008,0.0,30.0,1123,-1,20.98,False,-1,True,True,0.0,1.0,0.0,False,False,0.064,-0.0,75.469,1123,20.17,,,,,0,False,False,0.0,False,0.79,3.0,20.0,
128.9,93806,213.996,-550.514,-0.008,0.0,30.0,1123,-1,20.98,False,-1,True,True,0.0,1.0,0.0,False,False,0.064,-0.0,75.469,1123,20.17,,,,,0,False,False,0.0,False,0.79,3.0,20.0,
128.95,93807,213.996,-550.514,-0.008,0.0,30.0,1123,-1,20.98,False,-1,True,True,0.0,1.0,0.0,False,False,0.064,-0.0,75.469,1123,20.17,,,,,0,False,False,0.0,False,0.79,3.0,20.0,
129.0,93808,213.996,-550.514,-0.008,0.0,30.0,1123,-1,20.98,False,-1,True,True,0.0,1.0,0.0,False,False,0.064,-0.0,75.469,1123,20.17,,,,,0,False,False,0.0,False,0.79,3.0,20.0,
129.05,93809,213.996,-550.514,-0.008,0.0,30.0,1123,-1,20.98,False,-1,True,True,0.0,1.0,0.0,False,False,0.064,-0.0,75.469,1123,20.17,,,,,0,False,False,0.0,False,0.79,3.0,20.0,
129.1,93810,213.996,-550.514,-0.008,0.0,30.0,1123,-1,20.98,False,-1,True,True,0.0,1.0,0.0,False,False,0.064,-0.0,75.469,1123,20.17,,,,,0,False,False,0.0,False,0.79,3.0,20.0,
129.15,93811,213.996,-550.514,-0.008,0.0,30.0,1123,-1,20.98,False,-1,True,True,0.0,1.0,0.0,False,False,0.064,-0.0,75.469,1123,20.17,,,,,0,False,False,0.0,False,0.79,3.0,20.0,
129.2,93812,213.996,-550.514,-0.008,0.0,30.0,1123,-1,20.98,False,-1,True,True,0.0,1.0,0.0,False,False,0.064,-0.0,75.469,1123,20.17,,,,,0,False,False,0.0,False,0.79,3.0,20.0,
129.25,93813,213.996,-550.514,-0.008,0.0,30.0,1123,-1,20.98,False,-1,True,True,0.0,1.0,0.0,False,False,0.064,-0.0,75.469,1123,20.17,,,,,0,False,False,0.0,False,0.79,3.0,20.0,
129.3,93814,213.996,-550.514,-0.008,0.0,30.0,1123,-1,20.98,False,-1,True,True,0.0,1.0,0.0,False,False,0.064,-0.0,75.469,1123,20.17,,,,,0,False,False,0.0,False,0.79,3.0,20.0,
129.35,93815,213.996,-550.514,-0.008,0.0,30.0,1123,-1,20.98,False,-1,True,True,0.0,1.0,0.0,False,False,0.064,-0.0,75.469,1123,20.17,,,,,0,False,False,0.0,False,0.79,3.0,20.0,
129.4,93816,213.996,-550.514,-0.008,0.0,30.0,1123,-1,20.98,False,-1,True,True,0.0,1.0,0.0,False,False,0.064,-0.0,75.469,1123,20.17,,,,,0,False,False,0.0,False,0.79,3.0,20.0,
129.45,93817,213.996,-550.514,-0.008,0.0,30.0,1123,-1,20.98,False,-1,True,True,0.0,1.0,0.0,False,False,0.064,-0.0,75.469,1123,20.17,,,,,0,False,False,0.0,False,0.79,3.0,20.0,
129.5,93818,213.996,-550.514,-0.008,0.0,30.0,1123,-1,20.98,False,-1,True,True,0.0,1.0,0.0,False,False,0.064,-0.0,75.469,1123,20.17,,,,,0,False,False,0.0,False,0.79,3.0,20.0,
129.55,93819,213.996,-550.514,-0.008,0.0,30.0,1123,-1,20.98,False,-1,True,True,0.0,1.0,0.0,False,False,0.064,-0.0,75.469,1123,20.17,,,,,0,False,False,0.0,False,0.79,3.0,20.0,
129.6,93820,213.996,-550.514,-0.008,0.0,30.0,1123,-1,20.98,False,-1,True,True,0.0,1.0,0.0,False,False,0.064,-0.0,75.469,1123,20.17,,,,,0,False,False,0.0,False,0.79,3.0,20.0,
129.65,93821,213.996,-550.514,-0.008,0.0,30.0,1123,-1,20.98,False,-1,True,True,0.0,1.0,0.0,False,False,0.064,-0.0,75.469,1123,20.17,,,,,0,False,False,0.0,False,0.79,3.0,20.0,
129.7,93822,213.996,-550.514,-0.008,0.0,30.0,1123,-1,20.98,False,-1,True,True,0.0,1.0,0.0,False,False,0.064,-0.0,75.469,1123,20.17,,,,,0,False,False,0.0,False,0.79,3.0,20.0,
129.75,93823,213.996,-550.514,-0.008,0.0,30.0,1123,-1,20.98,False,-1,True,True,0.0,1.0,0.0,False,False,0.064,-0.0,75.469,1123,20.17,,,,,0,False,False,0.0,False,0.79,3.0,20.0,
129.8,93824,213.996,-550.514,-0.008,0.0,30.0,1123,-1,20.98,False,-1,True,True,0.0,1.0,0.0,False,False,0.064,-0.0,75.469,1123,20.17,,,,,0,False,False,0.0,False,0.79,3.0,20.0,
129.85,93825,213.996,-550.514,-0.008,0.0,30.0,1123,-1,20.98,False,-1,True,True,0.0,1.0,0.0,False,False,0.064,-0.0,75.469,1123,20.17,,,,,0,False,False,0.0,False,0.79,3.0,20.0,
129.9,93826,213.996,-550.514,-0.008,0.0,30.0,1123,-1,20.98,False,-1,True,True,0.0,1.0,0.0,False,False,0.064,-0.0,75.469,1123,20.17,,,,,0,False,False,0.0,False,0.79,3.0,20.0,
129.95,93827,213.996,-550.514,-0.008,0.0,30.0,1123,-1,20.98,False,-1,True,True,0.0,1.0,0.0,False,False,0.064,-0.0,75.469,1123,20.17,,,,,0,False,False,0.0,False,0.79,3.0,20.0,
130.0,93828,213.996,-550.514,-0.008,0.0,30.0,1123,-1,20.98,False,-1,True,True,0.0,1.0,0.0,False,False,0.064,-0.0,75.469,1123,20.17,,,,,0,False,False,0.0,False,0.79,3.0,20.0,
130.05,93829,213.996,-550.514,-0.008,0.0,30.0,1123,-1,20.98,False,-1,True,True,0.0,1.0,0.0,False,False,0.064,-0.0,75.469,1123,20.17,,,,,0,False,False,0.0,False,0.79,3.0,20.0,
130.1,93830,213.996,-550.514,-0.008,0.0,30.0,1123,-1,20.98,False,-1,True,True,0.0,1.0,0.0,False,False,0.064,-0.0,75.469,1123,20.17,,,,,0,False,False,0.0,False,0.79,3.0,20.0,
130.15,93831,213.996,-550.514,-0.008,0.0,30.0,1123,-1,20.98,False,-1,True,True,0.0,1.0,0.0,False,False,0.064,-0.0,75.469,1123,20.17,,,,,0,False,False,0.0,False,0.79,3.0,20.0,
130.2,93832,213.996,-550.514,-0.008,0.0,30.0,1123,-1,20.98,False,-1,True,True,0.0,1.0,0.0,False,False,0.064,-0.0,75.469,1123,20.17,,,,,0,False,False,0.0,False,0.79,3.0,20.0,
130.25,93833,213.996,-550.514,-0.008,0.0,30.0,1123,-1,20.98,False,-1,True,True,0.0,1.0,0.0,False,False,0.064,-0.0,75.469,1123,20.17,,,,,0,False,False,0.0,False,0.79,3.0,20.0,
130.3,93834,213.996,-550.514,-0.008,0.0,30.0,1123,-1,20.98,False,-1,True,True,0.0,1.0,0.0,False,False,0.064,-0.0,75.469,1123,20.17,,,,,0,False,False,0.0,False,0.79,3.0,20.0,
130.35,93835,213.996,-550.514,-0.008,0.0,30.0,1123,-1,20.98,False,-1,True,True,0.0,1.0,0.0,False,False,0.064,-0.0,75.469,1123,20.17,,,,,0,False,False,0.0,False,0.79,3.0,20.0,
130.4,93836,213.996,-550.514,-0.008,0.0,30.0,1123,-1,20.98,False,-1,True,True,0.0,1.0,0.0,False,False,0.064,-0.0,75.469,1123,20.17,,,,,0,False,False,0.0,False,0.79,3.0,20.0,
130.45,93837,213.996,-550.514,-0.008,0.0,30.0,1123,-1,20.98,False,-1,True,True,0.0,1.0,0.0,False,False,0.064,-0.0,75.469,1123,20.17,,,,,0,False,False,0.0,False,0.79,3.0,20.0,
130.5,93838,213.996,-550.514,-0.008,0.0,30.0,1123,-1,20.98,False,-1,True,True,0.0,1.0,0.0,False,False,0.064,-0.0,75.469,1123,20.17,,,,,0,False,False,0.0,False,0.79,3.0,20.0,
130.55,93839,213.996,-550.514,-0.008,0.0,30.0,1123,-1,20.98,False,-1,True,True,0.0,1.0,0.0,False,False,0.064,-0.0,75.469,1123,20.17,,,,,0,False,False,0.0,False,0.79,3.0,20.0,
130.6,93840,213.996,-550.514,-0.008,0.0,30.0,1123,-1,20.98,False,-1,True,True,0.0,1.0,0.0,False,False,0.064,-0.0,75.469,1123,20.17,,,,,0,False,False,0.0,False,0.79,3.0,20.0,
