t,frame,x,y,z,speed_mps,speed_limit_kmh,road_id,lane_id,s,is_junction,junction_id,on_road,in_plan,throttle,brake,steer,hand_brake,reverse,pitch,roll,vehicle_yaw,agent_target_road,agent_target_s,sharp_conn,sharp_s,lat_off_m,body_excess_m,n_corner_offlane,sidewalk,opposite_lane,opposite_depth_m,mesh_out,target_dist_m,min_dist_m,set_speed_kmh,in_plan_lane
0.05,26229,217.846,-1087.414,-0.007,0.001,30.0,1278,-1,0.0,False,-1,True,True,0.0,0.0,0.0,False,False,0.064,-0.001,87.211,1278,0.0,,,,,1,True,False,0.0,False,0.01,,20.0,
0.1,26230,217.846,-1087.414,-0.007,0.003,30.0,1278,-1,0.0,False,-1,True,True,0.0,0.0,0.0,False,False,0.064,-0.0,87.211,1278,5.88,,,,,1,True,False,0.0,False,5.88,3.0,20.0,
0.15,26231,217.846,-1087.414,-0.007,0.004,30.0,1278,-1,0.0,False,-1,True,True,0.75,0.0,0.0,False,False,0.064,-0.0,87.211,1278,5.88,,,,,1,True,False,0.0,False,5.88,3.0,20.0,
0.2,26232,217.846,-1087.414,-0.007,0.004,30.0,1278,-1,0.0,False,-1,True,True,0.75,0.0,0.0,False,False,0.064,-0.0,87.211,1278,5.88,,,,,1,True,False,0.0,False,5.88,3.0,20.0,
0.25,26233,217.846,-1087.414,-0.007,0.001,30.0,1278,-1,0.0,False,-1,True,True,0.75,0.0,0.0,False,False,0.064,-0.0,87.211,1278,5.88,,,,,1,True,False,0.0,False,5.88,3.0,20.0,
0.3,26234,217.846,-1087.414,-0.007,0.002,30.0,1278,-1,0.0,False,-1,True,True,0.75,0.0,0.0,False,False,0.064,-0.0,87.211,1278,5.88,,,,,1,True,False,0.0,False,5.88,3.0,20.0,
0.35,26235,217.846,-1087.414,-0.007,0.002,30.0,1278,-1,0.0,False,-1,True,True,0.75,0.0,0.0,False,False,0.064,-0.0,87.211,1278,5.88,,,,,1,True,False,0.0,False,5.88,3.0,20.0,
0.4,26236,217.846,-1087.414,-0.008,0.002,30.0,1278,-1,0.0,False,-1,True,True,0.75,0.0,0.0,False,False,0.064,-0.0,87.211,1278,5.88,,,,,1,True,False,0.0,False,5.88,3.0,20.0,
0.45,26237,217.846,-1087.414,-0.008,0.001,30.0,1278,-1,0.0,False,-1,True,True,0.75,0.0,0.0,False,False,0.064,-0.0,87.211,1278,5.88,,,,,1,True,False,0.0,False,5.88,3.0,20.0,
0.5,26238,217.846,-1087.414,-0.008,0.001,30.0,1278,-1,0.0,False,-1,True,True,0.75,0.0,0.0,False,False,0.064,-0.0,87.211,1278,5.88,,,,,1,True,False,0.0,False,5.88,3.0,20.0,
0.55,26239,217.846,-1087.414,-0.008,0.001,30.0,1278,-1,0.0,False,-1,True,True,0.75,0.0,0.0,False,False,0.064,-0.0,87.211,1278,5.88,,,,,1,True,False,0.0,False,5.88,3.0,20.0,
0.6,26240,217.846,-1087.414,-0.008,0.0,30.0,1278,-1,0.0,False,-1,True,True,0.75,0.0,0.0,False,False,0.064,-0.0,87.211,1278,5.88,,,,,1,True,False,0.0,False,5.88,3.0,20.0,
0.65,26241,217.846,-1087.414,-0.008,0.0,30.0,1278,-1,0.0,False,-1,True,True,0.75,0.0,0.0,False,False,0.064,-0.0,87.211,1278,5.88,,,,,1,True,False,0.0,False,5.88,3.0,20.0,
0.7,26242,217.846,-1087.414,-0.008,0.0,30.0,1278,-1,0.0,False,-1,True,True,0.75,0.0,0.0,False,False,0.064,-0.0,87.211,1278,5.88,,,,,1,True,False,0.0,False,5.88,3.0,20.0,
0.75,26243,217.846,-1087.414,-0.008,0.0,30.0,1278,-1,0.0,False,-1,True,True,0.75,0.0,0.0,False,False,0.064,-0.0,87.211,1278,5.88,,,,,1,True,False,0.0,False,5.88,3.0,20.0,
0.8,26244,217.846,-1087.414,-0.008,0.0,30.0,1278,-1,0.0,False,-1,True,True,0.75,0.0,0.0,False,False,0.064,-0.0,87.211,1278,5.88,,,,,1,True,False,0.0,False,5.88,3.0,20.0,
0.85,26245,217.846,-1087.408,-0.008,0.342,30.0,1278,-1,0.01,False,-1,True,True,0.75,0.0,0.0,False,False,0.11,0.0,87.211,1278,5.88,,,,,1,True,False,0.0,False,5.88,3.0,20.0,
0.9,26246,217.848,-1087.37,-0.01,0.935,30.0,1278,-1,0.04,False,-1,True,True,0.75,0.0,0.0,False,False,0.314,-0.0,87.211,1278,5.88,,,,,1,True,False,0.0,False,5.84,3.17,20.0,
0.95,26247,217.851,-1087.311,-0.011,1.281,30.0,1278,-1,0.1,False,-1,True,True,0.75,0.0,0.0,False,False,0.48,-0.0,87.211,1278,5.88,,,,,1,True,False,0.0,False,5.78,3.47,20.0,
1.0,26248,217.854,-1087.24,-0.012,1.46,30.0,1278,-1,0.17,False,-1,True,True,0.75,0.0,0.0,False,False,0.549,0.0,87.209,1278,5.88,,,,,1,True,False,0.0,False,5.71,3.64,20.0,
1.05,26249,217.858,-1087.166,-0.012,1.51,30.0,1278,-1,0.25,False,-1,True,True,0.75,0.0,0.0,False,False,0.518,-0.0,87.218,1278,5.88,,,,,1,True,False,0.0,False,5.64,3.73,20.0,
1.1,26250,217.862,-1087.089,-0.011,1.585,30.0,1278,-1,0.33,False,-1,True,True,0.75,0.0,-0.001,False,False,0.453,0.0,87.209,1278,5.88,,,,,1,True,False,0.0,False,5.56,3.75,20.0,
1.15,26251,217.866,-1087.007,-0.011,1.679,30.0,1278,-1,0.41,False,-1,True,True,0.75,0.0,0.001,False,False,0.392,-0.0,87.218,1278,5.88,,,,,1,True,False,0.0,False,5.48,3.79,20.0,
1.2,26252,217.87,-1086.921,-0.01,1.785,30.0,1278,-1,0.49,False,-1,True,True,0.75,0.0,-0.001,False,False,0.346,0.0,87.21,1278,5.88,,,,,0,False,False,0.0,False,5.39,3.84,20.0,
1.25,26253,217.874,-1086.828,-0.01,1.9,30.0,1278,-1,0.59,False,-1,True,True,0.75,0.0,0.001,False,False,0.317,-0.0,87.217,1278,5.88,,,,,0,False,False,0.0,False,5.3,3.89,20.0,
1.3,26254,217.879,-1086.73,-0.01,2.018,30.0,1278,-1,0.69,False,-1,True,True,0.75,0.0,-0.001,False,False,0.3,0.0,87.21,1278,5.88,,,,,0,False,False,0.0,False,5.2,3.95,20.0,
1.35,26255,217.884,-1086.626,-0.01,2.14,30.0,1278,-1,0.79,False,-1,True,True,0.75,0.0,0.001,False,False,0.293,-0.0,87.216,1278,5.88,,,,,0,False,False,0.0,False,5.09,4.01,20.0,
1.4,26256,217.89,-1086.515,-0.01,2.263,30.0,1278,-1,0.9,False,-1,True,True,0.75,0.0,-0.001,False,False,0.291,0.0,87.211,1278,5.88,,,,,0,False,False,0.0,False,4.98,4.07,20.0,
1.45,26257,217.895,-1086.398,-0.01,2.391,30.0,1278,-1,1.02,False,-1,True,True,0.75,0.0,0.0,False,False,0.292,-0.0,87.215,1278,5.88,,,,,0,False,False,0.0,False,4.87,4.13,20.0,
1.5,26258,217.901,-1086.275,-0.01,2.527,30.0,1278,-1,1.14,False,-1,True,True,0.75,0.0,-0.0,False,False,0.296,0.0,87.213,1278,5.88,,,,,0,False,False,0.0,False,4.74,4.2,20.0,
1.55,26259,217.908,-1086.145,-0.01,2.654,30.0,1278,-1,1.27,False,-1,True,True,0.75,0.0,0.0,False,False,0.3,-0.0,87.213,1278,5.88,,,,,0,False,False,0.0,False,4.61,4.26,20.0,
1.6,26260,217.914,-1086.009,-0.01,2.77,30.0,1278,-1,1.41,False,-1,True,True,0.75,0.0,-0.0,False,False,0.301,0.0,87.213,1278,5.88,,,,,0,False,False,0.0,False,4.48,4.33,20.0,
1.65,26261,217.921,-1085.867,-0.01,2.881,30.0,1278,-1,1.55,False,-1,True,True,0.75,0.0,0.0,False,False,0.297,0.0,87.213,1278,5.88,,,,,0,False,False,0.0,False,4.34,4.39,20.0,
1.7,26262,217.928,-1085.72,-0.01,2.988,30.0,1278,-1,1.7,False,-1,True,True,0.75,0.0,-0.0,False,False,0.291,0.0,87.213,1278,9.81,,,,,0,False,False,0.0,False,8.11,4.44,20.0,
1.75,26263,217.936,-1085.568,-0.01,3.094,30.0,1278,-1,1.85,False,-1,True,True,0.75,0.0,-0.0,False,False,0.284,0.0,87.213,1278,9.81,,,,,0,False,False,0.0,False,7.96,4.49,20.0,
1.8,26264,217.943,-1085.41,-0.01,3.2,30.0,1278,-1,2.01,False,-1,True,True,0.75,0.0,-0.0,False,False,0.279,0.0,87.213,1278,9.81,,,,,0,False,False,0.0,False,7.8,4.55,20.0,
1.85,26265,217.951,-1085.247,-0.01,3.307,30.0,1278,-1,2.17,False,-1,True,True,0.75,0.0,0.0,False,False,0.275,-0.0,87.213,1278,9.81,,,,,0,False,False,0.0,False,7.64,4.6,20.0,
1.9,26266,217.959,-1085.079,-0.01,3.415,30.0,1278,-1,2.34,False,-1,True,True,0.75,0.0,-0.0,False,False,0.272,0.0,87.213,1278,9.81,,,,,0,False,False,0.0,False,7.47,4.65,20.0,
1.95,26267,217.968,-1084.905,-0.01,3.525,30.0,1278,-1,2.51,False,-1,True,True,0.75,0.0,-0.0,False,False,0.271,0.0,87.213,1278,9.81,,,,,0,False,False,0.0,False,7.29,4.71,20.0,
2.0,26268,217.977,-1084.725,-0.01,3.636,30.0,1278,-1,2.69,False,-1,True,True,0.75,0.0,-0.0,False,False,0.271,0.0,87.213,1278,9.81,,,,,0,False,False,0.0,False,7.11,4.76,20.0,
2.05,26269,217.986,-1084.541,-0.01,3.747,30.0,1278,-1,2.88,False,-1,True,True,0.75,0.0,-0.0,False,False,0.272,0.0,87.213,1278,9.81,,,,,0,False,False,0.0,False,6.93,4.82,20.0,
2.1,26270,217.995,-1084.35,-0.01,3.858,30.0,1278,-1,3.07,False,-1,True,True,0.75,0.0,-0.0,False,False,0.273,0.0,87.213,1278,9.81,,,,,0,False,False,0.0,False,6.74,4.87,20.0,
2.15,26271,218.005,-1084.154,-0.01,3.969,30.0,1278,-1,3.26,False,-1,True,True,0.75,0.0,-0.0,False,False,0.273,-0.0,87.213,1278,9.81,,,,,0,False,False,0.0,False,6.54,4.93,20.0,
2.2,26272,218.014,-1083.953,-0.01,4.079,30.0,1278,-1,3.47,False,-1,True,True,0.75,0.0,-0.0,False,False,0.274,-0.0,87.213,1278,9.81,,,,,0,False,False,0.0,False,6.34,4.98,20.0,
2.25,26273,218.024,-1083.746,-0.01,4.189,30.0,1278,-1,3.67,False,-1,True,True,0.75,0.0,-0.0,False,False,0.274,-0.0,87.213,1278,9.81,,,,,0,False,False,0.0,False,6.13,5.04,20.0,
2.3,26274,218.035,-1083.533,-0.01,4.298,30.0,1278,-1,3.89,False,-1,True,True,0.75,0.0,-0.0,False,False,0.274,0.0,87.212,1278,9.81,,,,,0,False,False,0.0,False,5.92,5.09,20.0,
2.35,26275,218.045,-1083.315,-0.01,4.406,30.0,1278,-1,4.1,False,-1,True,True,0.75,0.0,-0.0,False,False,0.273,0.0,87.212,1278,9.81,,,,,0,False,False,0.0,False,5.7,5.15,20.0,
2.4,26276,218.056,-1083.092,-0.01,4.514,30.0,1278,-1,4.33,False,-1,True,True,0.75,0.0,0.0,False,False,0.272,-0.0,87.212,1278,9.81,,,,,0,False,False,0.0,False,5.48,5.2,20.0,
2.45,26277,218.067,-1082.863,-0.01,4.621,30.0,1278,-1,4.56,False,-1,True,True,0.75,0.0,-0.0,False,False,0.271,0.0,87.212,1278,9.81,,,,,0,False,False,0.0,False,5.25,5.26,20.0,
2.5,26278,218.079,-1082.63,-0.01,4.728,30.0,1278,-1,4.79,False,-1,True,True,0.75,0.0,-0.0,False,False,0.27,0.0,87.212,1278,13.73,,,,,0,False,False,0.0,False,8.94,5.31,20.0,
2.55,26279,218.09,-1082.39,-0.01,4.833,30.0,1278,-1,5.03,False,-1,True,True,0.75,0.0,0.0,False,False,0.269,0.0,87.212,1278,13.73,,,,,0,False,False,0.0,False,8.7,5.36,20.0,
2.6,26280,218.102,-1082.146,-0.01,4.938,30.0,1278,-1,5.27,False,-1,True,True,0.75,0.0,-0.0,False,False,0.268,0.0,87.212,1278,13.73,,,,,0,False,False,0.0,False,8.45,5.42,20.0,
2.65,26281,218.114,-1081.896,-0.009,5.043,30.0,1278,-1,5.52,False,-1,True,True,0.75,0.0,-0.0,False,False,0.267,0.0,87.212,1278,13.73,,,,,0,False,False,0.0,False,8.2,5.47,20.0,
2.7,26282,218.127,-1081.641,-0.009,5.151,30.0,1278,-1,5.78,False,-1,True,True,0.75,0.0,0.0,False,False,0.266,-0.0,87.212,1278,13.73,,,,,0,False,False,0.0,False,7.95,5.52,20.0,
2.75,26283,218.14,-1081.381,-0.009,5.206,30.0,1278,-1,6.04,False,-1,True,True,0.75,0.0,-0.0,False,False,0.261,-0.0,87.212,1278,13.73,,,,,0,False,False,0.0,False,7.69,5.58,20.0,
2.8,26284,218.152,-1081.116,-0.009,5.384,30.0,1278,-1,6.31,False,-1,True,True,0.75,0.0,0.0,False,False,0.263,-0.0,87.213,1278,13.73,,,,,0,False,False,0.0,False,7.42,5.6,20.0,
2.85,26285,218.165,-1080.847,-0.009,5.361,30.0,1278,-1,6.57,False,-1,True,True,0.676,0.0,-0.0,False,False,0.25,0.0,87.197,1278,13.73,,,,,0,False,False,0.0,False,7.15,5.69,20.0,
2.9,26286,218.179,-1080.579,-0.009,5.406,30.0,1278,-1,6.84,False,-1,True,True,0.75,0.0,0.002,False,False,0.213,-0.003,87.223,1278,13.73,,,,,0,False,False,0.0,False,6.89,5.68,20.0,
2.95,26287,218.191,-1080.312,-0.008,5.323,30.0,1278,-1,7.11,False,-1,True,True,0.584,0.0,-0.002,False,False,0.163,0.001,87.188,1278,13.73,,,,,0,False,False,0.0,False,6.62,5.7,20.0,
3.0,26288,218.204,-1080.044,-0.008,5.385,30.0,1278,-1,7.38,False,-1,True,True,0.75,0.0,0.003,False,False,0.13,-0.003,87.211,1278,13.73,,,,,0,False,False,0.0,False,6.35,5.66,20.0,
3.05,26289,218.217,-1079.777,-0.008,5.319,30.0,1278,-1,7.65,False,-1,True,True,0.647,0.0,-0.002,False,False,0.103,0.0,87.178,1278,13.73,,,,,0,False,False,0.0,False,6.08,5.69,20.0,
3.1,26290,218.23,-1079.509,-0.008,5.401,30.0,1278,-1,7.91,False,-1,True,True,0.75,0.0,0.003,False,False,0.095,-0.003,87.202,1278,13.73,,,,,0,False,False,0.0,False,5.81,5.66,20.0,
3.15,26291,218.243,-1079.241,-0.008,5.352,30.0,1278,-1,8.18,False,-1,True,True,0.58,0.0,-0.001,False,False,0.088,0.001,87.171,1278,13.73,,,,,0,False,False,0.0,False,5.55,5.7,20.0,
3.2,26292,218.256,-1078.971,-0.008,5.438,30.0,1278,-1,8.45,False,-1,True,True,0.75,0.0,0.003,False,False,0.093,-0.003,87.197,1278,17.65,,,,,0,False,False,0.0,False,9.2,5.68,20.0,
3.25,26293,218.269,-1078.702,-0.008,5.363,30.0,1278,-1,8.72,False,-1,True,True,0.44,0.0,-0.001,False,False,0.085,0.001,87.168,1278,17.65,,,,,0,False,False,0.0,False,8.93,5.72,20.0,
3.3,26294,218.282,-1078.432,-0.008,5.43,30.0,1278,-1,8.99,False,-1,True,True,0.708,0.0,0.003,False,False,0.083,-0.002,87.2,1278,17.65,,,,,0,False,False,0.0,False,8.66,5.68,20.0,
3.35,26295,218.296,-1078.15,-0.009,5.784,30.0,1278,-1,9.27,False,-1,True,True,0.469,0.0,-0.002,False,False,0.169,0.003,87.156,1278,17.65,,,,,0,False,False,0.0,False,8.38,5.71,20.0,
3.4,26296,218.31,-1077.847,-0.01,6.176,30.0,1278,-1,9.58,False,-1,True,True,0.0,0.3,0.005,False,False,0.313,-0.003,87.153,1278,17.65,,,,,0,False,False,0.0,False,8.07,5.89,20.0,
3.45,26297,218.325,-1077.536,-0.01,6.23,30.0,1278,-1,9.89,False,-1,True,True,0.0,0.3,0.002,False,False,0.374,-0.004,87.164,1278,17.65,,,,,0,False,False,0.0,False,7.76,6.09,20.0,
3.5,26298,218.341,-1077.223,-0.01,6.289,30.0,1278,-1,10.2,False,-1,True,True,0.0,0.3,0.0,False,False,0.355,-0.0,87.173,1278,17.65,,,,,0,False,False,0.0,False,7.45,6.12,20.0,
3.55,26299,218.356,-1076.914,-0.009,6.128,30.0,1278,-1,10.51,False,-1,True,True,0.0,0.3,0.0,False,False,0.267,0.003,87.167,1278,17.65,,,,,0,False,False,0.0,False,7.14,6.14,20.0,
3.6,26300,218.371,-1076.612,-0.008,6.034,30.0,1278,-1,10.81,False,-1,True,True,0.0,0.3,0.002,False,False,0.158,0.002,87.196,1278,17.65,,,,,0,False,False,0.0,False,6.84,6.06,20.0,
3.65,26301,218.385,-1076.319,-0.007,5.796,30.0,1278,-1,11.11,False,-1,True,True,0.0,0.3,-0.002,False,False,0.041,0.006,87.173,1278,17.65,,,,,0,False,False,0.0,False,6.54,6.02,20.0,
3.7,26302,218.399,-1076.034,-0.007,5.664,30.0,1278,-1,11.39,False,-1,True,True,0.0,0.3,0.003,False,False,-0.055,0.002,87.203,1278,17.65,,,,,0,False,False,0.0,False,6.26,5.9,20.0,
3.75,26303,218.412,-1075.76,-0.006,5.399,30.0,1278,-1,11.67,False,-1,True,True,0.0,0.3,-0.002,False,False,-0.14,0.004,87.178,1278,17.65,,,,,0,False,False,0.0,False,5.98,5.83,20.0,
3.8,26304,218.426,-1075.494,-0.005,5.291,30.0,1278,-1,11.93,False,-1,True,True,0.531,0.0,0.002,False,False,-0.193,0.0,87.208,1278,17.65,,,,,0,False,False,0.0,False,5.72,5.7,20.0,
3.85,26305,218.438,-1075.236,-0.005,5.091,30.0,1278,-1,12.19,False,-1,True,True,0.75,0.0,-0.002,False,False,-0.22,0.002,87.175,1278,17.65,,,,,0,False,False,0.0,False,5.46,5.65,20.0,
3.9,26306,218.45,-1074.983,-0.005,5.057,30.0,1278,-1,12.45,False,-1,True,True,0.75,0.0,0.004,False,False,-0.213,-0.003,87.201,1278,21.57,,,,,0,False,False,0.0,False,9.13,5.55,20.0,
3.95,26307,218.462,-1074.733,-0.006,4.998,30.0,1278,-1,12.7,False,-1,True,True,0.75,0.0,-0.002,False,False,-0.177,0.0,87.17,1278,21.57,,,,,0,False,False,0.0,False,8.88,5.53,20.0,
4.0,26308,218.475,-1074.481,-0.006,5.023,30.0,1278,-1,12.95,False,-1,True,True,0.75,0.0,0.003,False,False,-0.118,-0.004,87.176,1278,21.57,,,,,0,False,False,0.0,False,8.63,5.5,20.0,
4.05,26309,218.487,-1074.235,-0.006,4.774,30.0,1278,-1,13.19,False,-1,True,True,0.75,0.0,0.001,False,False,-0.109,-0.003,87.228,1278,21.57,,,,,0,False,False,0.0,False,8.38,5.51,20.0,
4.1,26310,218.498,-1074.007,-0.006,4.457,30.0,1278,-1,13.42,False,-1,True,True,0.75,0.0,-0.004,False,False,-0.19,0.003,87.255,1278,21.57,,,,,0,False,False,0.0,False,8.15,5.39,20.0,
4.15,26311,218.509,-1073.791,-0.005,4.273,30.0,1278,-1,13.64,False,-1,True,True,0.75,0.0,-0.003,False,False,-0.251,0.006,87.249,1278,21.57,,,,,0,False,False,0.0,False,7.93,5.23,20.0,
4.2,26312,218.52,-1073.581,-0.005,4.191,30.0,1278,-1,13.85,False,-1,True,True,0.75,0.0,-0.001,False,False,-0.26,0.004,87.242,1278,21.57,,,,,0,False,False,0.0,False,7.72,5.14,20.0,
4.25,26313,218.53,-1073.372,-0.005,4.18,30.0,1278,-1,14.06,False,-1,True,True,0.75,0.0,-0.0,False,False,-0.22,0.0,87.238,1278,21.57,,,,,0,False,False,0.0,False,7.51,5.1,20.0,
4.3,26314,218.54,-1073.161,-0.006,4.214,30.0,1278,-1,14.27,False,-1,True,True,0.75,0.0,-0.001,False,False,-0.152,-0.001,87.235,1278,21.57,,,,,0,False,False,0.0,False,7.3,5.09,20.0,
4.35,26315,218.55,-1072.948,-0.007,4.275,30.0,1278,-1,14.48,False,-1,True,True,0.75,0.0,-0.001,False,False,-0.073,-0.001,87.232,1278,21.57,,,,,0,False,False,0.0,False,7.09,5.11,20.0,
4.4,26316,218.561,-1072.732,-0.007,4.354,30.0,1278,-1,14.7,False,-1,True,True,0.75,0.0,-0.0,False,False,0.003,-0.001,87.229,1278,21.57,,,,,0,False,False,0.0,False,6.87,5.14,20.0,
4.45,26317,218.572,-1072.511,-0.008,4.443,30.0,1278,-1,14.92,False,-1,True,True,0.75,0.0,-0.0,False,False,0.07,-0.001,87.226,1278,21.57,,,,,0,False,False,0.0,False,6.65,5.18,20.0,
4.5,26318,218.583,-1072.286,-0.008,4.539,30.0,1278,-1,15.15,False,-1,True,True,0.75,0.0,-0.0,False,False,0.124,-0.001,87.224,1278,21.57,,,,,0,False,False,0.0,False,6.43,5.22,20.0,
4.55,26319,218.594,-1072.056,-0.009,4.639,30.0,1278,-1,15.38,False,-1,True,True,0.75,0.0,-0.0,False,False,0.167,-0.001,87.222,1278,21.57,,,,,0,False,False,0.0,False,6.2,5.27,20.0,
4.6,26320,218.605,-1071.821,-0.009,4.741,30.0,1278,-1,15.61,False,-1,True,True,0.75,0.0,-0.0,False,False,0.198,-0.001,87.221,1278,21.57,,,,,0,False,False,0.0,False,5.96,5.32,20.0,
4.65,26321,218.617,-1071.581,-0.009,4.844,30.0,1278,-1,15.85,False,-1,True,True,0.75,0.0,-0.0,False,False,0.221,-0.0,87.22,1278,21.57,,,,,0,False,False,0.0,False,5.72,5.37,20.0,
4.7,26322,218.629,-1071.336,-0.009,4.947,30.0,1278,-1,16.1,False,-1,True,True,0.75,0.0,-0.0,False,False,0.236,-0.0,87.218,1278,21.57,,,,,0,False,False,0.0,False,5.48,5.42,20.0,
4.75,26323,218.641,-1071.086,-0.009,5.051,30.0,1278,-1,16.35,False,-1,True,True,0.75,0.0,-0.0,False,False,0.247,-0.0,87.217,1278,21.57,,,,,0,False,False,0.0,False,5.23,5.47,20.0,
4.8,26324,218.653,-1070.83,-0.009,5.161,30.0,1278,-1,16.6,False,-1,True,True,0.75,0.0,-0.0,False,False,0.254,-0.0,87.217,1278,25.5,,,,,0,False,False,0.0,False,8.89,5.53,20.0,
4.85,26325,218.666,-1070.57,-0.009,5.213,30.0,1278,-1,16.86,False,-1,True,True,0.75,0.0,-0.0,False,False,0.253,0.0,87.216,1278,25.5,,,,,0,False,False,0.0,False,8.63,5.58,20.0,
4.9,26326,218.679,-1070.305,-0.009,5.39,30.0,1278,-1,17.13,False,-1,True,True,0.75,0.0,-0.0,False,False,0.259,0.0,87.212,1278,25.5,,,,,0,False,False,0.0,False,8.37,5.61,20.0,
4.95,26327,218.692,-1070.036,-0.009,5.335,30.0,1278,-1,17.4,False,-1,True,True,0.654,0.0,0.0,False,False,0.239,-0.001,87.229,1278,25.5,,,,,0,False,False,0.0,False,8.1,5.7,20.0,
5.0,26328,218.705,-1069.769,-0.009,5.381,30.0,1278,-1,17.67,False,-1,True,True,0.75,0.0,-0.002,False,False,0.199,0.002,87.203,1278,25.5,,,,,0,False,False,0.0,False,7.83,5.67,20.0,
5.05,26329,218.718,-1069.503,-0.008,5.302,30.0,1278,-1,17.93,False,-1,True,True,0.673,0.0,0.002,False,False,0.152,-0.001,87.238,1278,25.5,,,,,0,False,False,0.0,False,7.56,5.69,20.0,
5.1,26330,218.731,-1069.237,-0.008,5.374,30.0,1278,-1,18.2,False,-1,True,True,0.75,0.0,-0.003,False,False,0.124,0.003,87.215,1278,25.5,,,,,0,False,False,0.0,False,7.3,5.65,20.0,
5.15,26331,218.745,-1068.97,-0.008,5.319,30.0,1278,-1,18.47,False,-1,True,True,0.686,0.0,0.002,False,False,0.104,-0.0,87.247,1278,25.5,,,,,0,False,False,0.0,False,7.03,5.69,20.0,
5.2,26332,218.758,-1068.702,-0.008,5.399,30.0,1278,-1,18.73,False,-1,True,True,0.75,0.0,-0.003,False,False,0.1,0.003,87.22,1278,25.5,,,,,0,False,False,0.0,False,6.76,5.66,20.0,
5.25,26333,218.771,-1068.434,-0.008,5.326,30.0,1278,-1,19.0,False,-1,True,True,0.588,0.0,0.002,False,False,0.087,-0.001,87.247,1278,25.5,,,,,0,False,False,0.0,False,6.49,5.7,20.0,
5.3,26334,218.784,-1068.166,-0.008,5.437,30.0,1278,-1,19.27,False,-1,True,True,0.75,0.0,-0.003,False,False,0.087,0.002,87.221,1278,25.5,,,,,0,False,False,0.0,False,6.22,5.66,20.0,
5.35,26335,218.797,-1067.881,-0.009,5.838,30.0,1278,-1,19.56,False,-1,True,True,0.446,0.0,0.002,False,False,0.201,-0.002,87.196,1278,25.5,,,,,0,False,False,0.0,False,5.94,5.72,20.0,
5.4,26336,218.812,-1067.576,-0.01,6.216,30.0,1278,-1,19.86,False,-1,True,True,0.0,0.3,0.002,False,False,0.344,-0.007,87.193,1278,25.5,,,,,0,False,False,0.0,False,5.63,5.92,20.0,
5.45,26337,218.827,-1067.263,-0.011,6.257,30.0,1278,-1,20.18,False,-1,True,True,0.0,0.3,0.001,False,False,0.394,-0.005,87.198,1278,29.42,,,,,0,False,False,0.0,False,9.24,6.11,20.0,
5.5,26338,218.842,-1066.949,-0.01,6.307,30.0,1278,-1,20.49,False,-1,True,True,0.0,0.3,0.0,False,False,0.364,-0.002,87.201,1278,29.42,,,,,0,False,False,0.0,False,8.93,6.13,20.0,
5.55,26339,218.857,-1066.64,-0.009,6.14,30.0,1278,-1,20.8,False,-1,True,True,0.0,0.3,0.0,False,False,0.268,0.001,87.192,1278,29.42,,,,,0,False,False,0.0,False,8.62,6.15,20.0,
5.6,26340,218.872,-1066.337,-0.008,6.044,30.0,1278,-1,21.1,False,-1,True,True,0.0,0.3,0.001,False,False,0.155,-0.0,87.218,1278,29.42,,,,,0,False,False,0.0,False,8.32,6.07,20.0,
5.65,26341,218.886,-1066.043,-0.007,5.804,30.0,1278,-1,21.4,False,-1,True,True,0.0,0.3,-0.002,False,False,0.037,0.004,87.193,1278,29.42,,,,,0,False,False,0.0,False,8.02,6.02,20.0,
5.7,26342,218.901,-1065.758,-0.007,5.671,30.0,1278,-1,21.68,False,-1,True,True,0.0,0.3,0.002,False,False,-0.059,0.001,87.221,1278,29.42,,,,,0,False,False,0.0,False,7.74,5.9,20.0,
5.75,26343,218.914,-1065.484,-0.006,5.405,30.0,1278,-1,21.96,False,-1,True,True,0.0,0.3,-0.002,False,False,-0.144,0.004,87.194,1278,29.42,,,,,0,False,False,0.0,False,7.46,5.84,20.0,
5.8,26344,218.927,-1065.218,-0.005,5.295,30.0,1278,-1,22.22,False,-1,True,True,0.511,0.0,0.002,False,False,-0.196,-0.0,87.223,1278,29.42,,,,,0,False,False,0.0,False,7.2,5.7,20.0,
5.85,26345,218.939,-1064.959,-0.005,5.095,30.0,1278,-1,22.48,False,-1,True,True,0.75,0.0,-0.002,False,False,-0.223,0.001,87.188,1278,29.42,,,,,0,False,False,0.0,False,6.94,5.65,20.0,
5.9,26346,218.952,-1064.706,-0.005,5.06,30.0,1278,-1,22.73,False,-1,True,True,0.75,0.0,0.003,False,False,-0.216,-0.003,87.213,1278,29.42,,,,,0,False,False,0.0,False,6.68,5.55,20.0,
5.95,26347,218.964,-1064.454,-0.006,5.021,30.0,1278,-1,22.99,False,-1,True,True,0.75,0.0,-0.002,False,False,-0.174,0.001,87.168,1278,29.42,,,,,0,False,False,0.0,False,6.43,5.53,20.0,
6.0,26348,218.976,-1064.202,-0.006,5.053,30.0,1278,-1,23.24,False,-1,True,True,0.75,0.0,0.004,False,False,-0.116,-0.005,87.175,1278,29.42,,,,,0,False,False,0.0,False,6.18,5.51,20.0,
6.05,26349,218.988,-1063.96,-0.006,4.683,30.0,1278,-1,23.48,False,-1,True,True,0.75,0.0,0.001,False,False,-0.138,-0.004,87.206,1278,29.42,,,,,0,False,False,0.0,False,5.94,5.53,20.0,
6.1,26350,218.999,-1063.736,-0.005,4.392,30.0,1278,-1,23.71,False,-1,True,True,0.75,0.0,-0.002,False,False,-0.222,0.001,87.217,1278,29.42,,,,,0,False,False,0.0,False,5.71,5.34,20.0,
6.15,26351,219.009,-1063.523,-0.005,4.229,30.0,1278,-1,23.92,False,-1,True,True,0.75,0.0,-0.001,False,False,-0.273,0.004,87.215,1278,29.42,,,,,0,False,False,0.0,False,5.5,5.2,20.0,
6.2,26352,219.02,-1063.314,-0.005,4.162,30.0,1278,-1,24.13,False,-1,True,True,0.75,0.0,0.0,False,False,-0.268,0.002,87.214,1278,29.42,,,,,0,False,False,0.0,False,5.29,5.11,20.0,
6.25,26353,219.03,-1063.106,-0.005,4.161,30.0,1278,-1,24.34,False,-1,True,True,0.75,0.0,0.0,False,False,-0.219,0.001,87.214,1278,29.42,,,,,0,False,False,0.0,False,5.08,5.08,20.0,
6.3,26354,219.04,-1062.896,-0.006,4.202,30.0,1278,-1,24.55,False,-1,True,True,0.75,0.0,-0.0,False,False,-0.145,0.0,87.213,1278,29.42,,,,,0,False,False,0.0,False,4.87,5.08,20.0,
6.35,26355,219.05,-1062.684,-0.007,4.267,30.0,1278,-1,24.76,False,-1,True,True,0.75,0.0,-0.0,False,False,-0.063,0.0,87.213,1278,33.34,,,,,0,False,False,0.0,False,8.58,5.1,20.0,
6.4,26356,219.061,-1062.467,-0.007,4.348,30.0,1278,-1,24.98,False,-1,True,True,0.75,0.0,-0.0,False,False,0.014,-0.0,87.213,1278,33.34,,,,,0,False,False,0.0,False,8.36,5.13,20.0,
6.45,26357,219.072,-1062.247,-0.008,4.439,30.0,1278,-1,25.2,False,-1,True,True,0.75,0.0,-0.0,False,False,0.079,-0.0,87.213,1278,33.34,,,,,0,False,False,0.0,False,8.14,5.17,20.0,
6.5,26358,219.082,-1062.022,-0.008,4.536,30.0,1278,-1,25.42,False,-1,True,True,0.75,0.0,-0.0,False,False,0.132,-0.0,87.213,1278,33.34,,,,,0,False,False,0.0,False,7.92,5.22,20.0,
6.55,26359,219.094,-1061.792,-0.009,4.637,30.0,1278,-1,25.65,False,-1,True,True,0.75,0.0,-0.0,False,False,0.173,-0.0,87.212,1278,33.34,,,,,0,False,False,0.0,False,7.69,5.27,20.0,
6.6,26360,219.105,-1061.557,-0.009,4.739,30.0,1278,-1,25.89,False,-1,True,True,0.75,0.0,-0.0,False,False,0.203,-0.0,87.212,1278,33.34,,,,,0,False,False,0.0,False,7.45,5.32,20.0,
6.65,26361,219.117,-1061.317,-0.009,4.843,30.0,1278,-1,26.13,False,-1,True,True,0.75,0.0,-0.0,False,False,0.224,-0.0,87.212,1278,33.34,,,,,0,False,False,0.0,False,7.21,5.37,20.0,
6.7,26362,219.129,-1061.072,-0.009,4.946,30.0,1278,-1,26.37,False,-1,True,True,0.75,0.0,0.0,False,False,0.239,-0.0,87.212,1278,33.34,,,,,0,False,False,0.0,False,6.97,5.42,20.0,
6.75,26363,219.141,-1060.822,-0.009,5.05,30.0,1278,-1,26.62,False,-1,True,True,0.75,0.0,-0.0,False,False,0.248,-0.0,87.212,1278,33.34,,,,,0,False,False,0.0,False,6.72,5.47,20.0,
6.8,26364,219.153,-1060.566,-0.009,5.16,30.0,1278,-1,26.88,False,-1,True,True,0.75,0.0,0.0,False,False,0.255,-0.0,87.212,1278,33.34,,,,,0,False,False,0.0,False,6.46,5.53,20.0,
6.85,26365,219.166,-1060.306,-0.009,5.213,30.0,1278,-1,27.14,False,-1,True,True,0.75,0.0,-0.0,False,False,0.254,-0.0,87.212,1278,33.34,,,,,0,False,False,0.0,False,6.2,5.58,20.0,
6.9,26366,219.179,-1060.041,-0.009,5.391,30.0,1278,-1,27.41,False,-1,True,True,0.75,0.0,-0.0,False,False,0.259,-0.0,87.212,1278,33.34,,,,,0,False,False,0.0,False,5.94,5.61,20.0,
6.95,26367,219.192,-1059.771,-0.009,5.402,30.0,1278,-1,27.68,False,-1,True,True,0.651,0.0,-0.0,False,False,0.253,0.0,87.203,1278,33.34,,,,,0,False,False,0.0,False,5.66,5.7,20.0,
7.0,26368,219.205,-1059.5,-0.009,5.449,30.0,1278,-1,27.95,False,-1,True,True,0.602,0.0,0.001,False,False,0.226,-0.002,87.224,1278,37.26,,,,,0,False,False,0.0,False,9.32,5.7,20.0,
7.05,26369,219.218,-1059.231,-0.009,5.342,30.0,1278,-1,28.22,False,-1,True,True,0.427,0.0,-0.002,False,False,0.171,0.002,87.189,1278,37.26,,,,,0,False,False,0.0,False,9.05,5.72,20.0,
7.1,26370,219.231,-1058.964,-0.008,5.368,30.0,1278,-1,28.48,False,-1,True,True,0.75,0.0,0.003,False,False,0.124,-0.003,87.212,1278,37.26,,,,,0,False,False,0.0,False,8.78,5.67,20.0,
7.15,26371,219.244,-1058.699,-0.008,5.268,30.0,1278,-1,28.75,False,-1,True,True,0.707,0.0,-0.002,False,False,0.08,0.0,87.178,1278,37.26,,,,,0,False,False,0.0,False,8.51,5.68,20.0,
7.2,26372,219.257,-1058.435,-0.008,5.323,30.0,1278,-1,29.01,False,-1,True,True,0.75,0.0,0.003,False,False,0.06,-0.003,87.202,1278,37.26,,,,,0,False,False,0.0,False,8.25,5.63,20.0,
7.25,26373,219.269,-1058.171,-0.007,5.256,30.0,1278,-1,29.28,False,-1,True,True,0.75,0.0,-0.002,False,False,0.049,0.0,87.17,1278,37.26,,,,,0,False,False,0.0,False,7.99,5.66,20.0,
7.3,26374,219.282,-1057.906,-0.008,5.345,30.0,1278,-1,29.54,False,-1,True,True,0.75,0.0,0.003,False,False,0.057,-0.003,87.196,1278,37.26,,,,,0,False,False,0.0,False,7.72,5.63,20.0,
7.35,26375,219.295,-1057.641,-0.008,5.281,30.0,1278,-1,29.81,False,-1,True,True,0.75,0.0,-0.001,False,False,0.062,0.001,87.168,1278,37.26,,,,,0,False,False,0.0,False,7.46,5.67,20.0,
7.4,26376,219.308,-1057.375,-0.008,5.348,30.0,1278,-1,30.07,False,-1,True,True,0.75,0.0,0.003,False,False,0.068,-0.001,87.2,1278,37.26,,,,,0,False,False,0.0,False,7.19,5.64,20.0,
7.45,26377,219.321,-1057.108,-0.008,5.428,30.0,1278,-1,30.34,False,-1,True,True,0.75,0.0,-0.002,False,False,0.083,0.003,87.2,1278,37.26,,,,,0,False,False,0.0,False,6.92,5.67,20.0,
7.5,26378,219.335,-1056.819,-0.009,5.955,30.0,1278,-1,30.63,False,-1,True,True,0.477,0.0,0.0,False,False,0.232,0.003,87.223,1278,37.26,,,,,0,False,False,0.0,False,6.63,5.71,20.0,
7.55,26379,219.351,-1056.513,-0.01,6.183,30.0,1278,-1,30.94,False,-1,True,True,0.0,0.3,-0.002,False,False,0.367,0.005,87.226,1278,37.26,,,,,0,False,False,0.0,False,6.33,5.98,20.0,
7.6,26380,219.366,-1056.198,-0.011,6.36,30.0,1278,-1,31.25,False,-1,True,True,0.0,0.3,-0.001,False,False,0.419,0.005,87.223,1278,37.26,,,,,0,False,False,0.0,False,6.01,6.09,20.0,
7.65,26381,219.381,-1055.883,-0.01,6.272,30.0,1278,-1,31.57,False,-1,True,True,0.0,0.3,-0.0,False,False,0.374,0.001,87.22,1278,41.19,,,,,0,False,False,0.0,False,9.62,6.18,20.0,
7.7,26382,219.397,-1055.571,-0.01,6.232,30.0,1278,-1,31.88,False,-1,True,True,0.0,0.3,-0.0,False,False,0.281,-0.001,87.215,1278,41.19,,,,,0,False,False,0.0,False,9.31,6.14,20.0,
7.75,26383,219.411,-1055.267,-0.008,6.016,30.0,1278,-1,32.18,False,-1,True,True,0.0,0.3,0.0,False,False,0.158,-0.002,87.229,1278,41.19,,,,,0,False,False,0.0,False,9.0,6.12,20.0,
7.8,26384,219.426,-1054.972,-0.007,5.895,30.0,1278,-1,32.48,False,-1,True,True,0.0,0.3,-0.002,False,False,0.044,-0.0,87.2,1278,41.19,,,,,0,False,False,0.0,False,8.7,6.01,20.0,
7.85,26385,219.44,-1054.686,-0.007,5.639,30.0,1278,-1,32.77,False,-1,True,True,0.0,0.3,0.002,False,False,-0.061,-0.004,87.227,1278,41.19,,,,,0,False,False,0.0,False,8.42,5.95,20.0,
7.9,26386,219.453,-1054.409,-0.006,5.497,30.0,1278,-1,33.04,False,-1,True,True,0.0,0.3,-0.002,False,False,-0.14,-0.001,87.198,1278,41.19,,,,,0,False,False,0.0,False,8.14,5.82,20.0,
7.95,26387,219.466,-1054.143,-0.005,5.258,30.0,1278,-1,33.31,False,-1,True,True,0.177,0.0,0.002,False,False,-0.2,-0.003,87.229,1278,41.19,,,,,0,False,False,0.0,False,7.87,5.75,20.0,
8.0,26388,219.479,-1053.882,-0.005,5.183,30.0,1278,-1,33.57,False,-1,True,True,0.75,0.0,-0.003,False,False,-0.221,0.002,87.206,1278,41.19,,,,,0,False,False,0.0,False,7.61,5.63,20.0,
8.05,26389,219.491,-1053.629,-0.005,5.014,30.0,1278,-1,33.82,False,-1,True,True,0.75,0.0,0.002,False,False,-0.224,0.001,87.246,1278,41.19,,,,,0,False,False,0.0,False,7.36,5.59,20.0,
8.1,26390,219.504,-1053.376,-0.006,5.086,30.0,1278,-1,34.08,False,-1,True,True,0.75,0.0,-0.004,False,False,-0.177,0.005,87.224,1278,41.19,,,,,0,False,False,0.0,False,7.11,5.51,20.0,
8.15,26391,219.516,-1053.124,-0.006,5.011,30.0,1278,-1,34.33,False,-1,True,True,0.75,0.0,0.001,False,False,-0.124,0.002,87.253,1278,41.19,,,,,0,False,False,0.0,False,6.85,5.54,20.0,
8.2,26392,219.528,-1052.885,-0.006,4.616,30.0,1278,-1,34.57,False,-1,True,True,0.75,0.0,-0.003,False,False,-0.169,0.003,87.225,1278,41.19,,,,,0,False,False,0.0,False,6.62,5.51,20.0,
8.25,26393,219.538,-1052.665,-0.005,4.323,30.0,1278,-1,34.79,False,-1,True,True,0.75,0.0,0.002,False,False,-0.258,-0.001,87.215,1278,41.19,,,,,0,False,False,0.0,False,6.4,5.31,20.0,
8.3,26394,219.549,-1052.455,-0.005,4.16,30.0,1278,-1,35.0,False,-1,True,True,0.75,0.0,0.001,False,False,-0.305,-0.003,87.216,1278,41.19,,,,,0,False,False,0.0,False,6.18,5.16,20.0,
8.35,26395,219.559,-1052.249,-0.005,4.094,30.0,1278,-1,35.21,False,-1,True,True,0.75,0.0,-0.0,False,False,-0.293,-0.003,87.216,1278,41.19,,,,,0,False,False,0.0,False,5.98,5.08,20.0,
8.4,26396,219.569,-1052.044,-0.005,4.094,30.0,1278,-1,35.41,False,-1,True,True,0.75,0.0,-0.0,False,False,-0.237,-0.002,87.215,1278,41.19,,,,,0,False,False,0.0,False,5.77,5.05,20.0,
8.45,26397,219.579,-1051.838,-0.006,4.135,30.0,1278,-1,35.62,False,-1,True,True,0.75,0.0,-0.0,False,False,-0.157,-0.001,87.215,1278,41.19,,,,,0,False,False,0.0,False,5.57,5.05,20.0,
8.5,26398,219.589,-1051.629,-0.007,4.202,30.0,1278,-1,35.83,False,-1,True,True,0.75,0.0,-0.0,False,False,-0.071,-0.001,87.215,1278,41.19,,,,,0,False,False,0.0,False,5.36,5.07,20.0,
8.55,26399,219.599,-1051.416,-0.007,4.284,30.0,1278,-1,36.04,False,-1,True,True,0.75,0.0,-0.0,False,False,0.009,-0.0,87.214,1278,41.19,,,,,0,False,False,0.0,False,5.15,5.1,20.0,
8.6,26400,219.61,-1051.199,-0.008,4.376,30.0,1278,-1,36.26,False,-1,True,True,0.75,0.0,-0.0,False,False,0.078,-0.0,87.214,1278,41.19,,,,,0,False,False,0.0,False,4.93,5.14,20.0,
8.65,26401,219.621,-1050.977,-0.008,4.474,30.0,1278,-1,36.48,False,-1,True,True,0.75,0.0,-0.0,False,False,0.132,-0.0,87.214,1278,45.11,,,,,0,False,False,0.0,False,8.63,5.19,20.0,
8.7,26402,219.632,-1050.75,-0.009,4.575,30.0,1278,-1,36.71,False,-1,True,True,0.75,0.0,-0.0,False,False,0.174,0.0,87.213,1278,45.11,,,,,0,False,False,0.0,False,8.4,5.24,20.0,
8.75,26403,219.643,-1050.518,-0.009,4.678,30.0,1278,-1,36.94,False,-1,True,True,0.75,0.0,-0.0,False,False,0.204,0.0,87.213,1278,45.11,,,,,0,False,False,0.0,False,8.17,5.29,20.0,
8.8,26404,219.654,-1050.281,-0.009,4.782,30.0,1278,-1,37.18,False,-1,True,True,0.75,0.0,-0.0,False,False,0.225,0.0,87.213,1278,45.11,,,,,0,False,False,0.0,False,7.93,5.34,20.0,
8.85,26405,219.666,-1050.039,-0.009,4.886,30.0,1278,-1,37.42,False,-1,True,True,0.75,0.0,-0.0,False,False,0.24,-0.0,87.213,1278,45.11,,,,,0,False,False,0.0,False,7.69,5.39,20.0,
8.9,26406,219.678,-1049.792,-0.009,4.99,30.0,1278,-1,37.67,False,-1,True,True,0.75,0.0,-0.0,False,False,0.249,-0.0,87.213,1278,45.11,,,,,0,False,False,0.0,False,7.44,5.44,20.0,
8.95,26407,219.691,-1049.539,-0.009,5.094,30.0,1278,-1,37.92,False,-1,True,True,0.75,0.0,-0.0,False,False,0.256,-0.0,87.213,1278,45.11,,,,,0,False,False,0.0,False,7.19,5.5,20.0,
9.0,26408,219.703,-1049.282,-0.009,5.226,30.0,1278,-1,38.18,False,-1,True,True,0.75,0.0,-0.0,False,False,0.261,-0.0,87.212,1278,45.11,,,,,0,False,False,0.0,False,6.93,5.55,20.0,
9.05,26409,219.716,-1049.02,-0.009,5.258,30.0,1278,-1,38.44,False,-1,True,True,0.75,0.0,-0.0,False,False,0.256,-0.0,87.213,1278,45.11,,,,,0,False,False,0.0,False,6.67,5.61,20.0,
9.1,26410,219.729,-1048.752,-0.009,5.432,30.0,1278,-1,38.71,False,-1,True,True,0.75,0.0,-0.0,False,False,0.26,0.0,87.208,1278,45.11,,,,,0,False,False,0.0,False,6.4,5.63,20.0,
9.15,26411,219.742,-1048.483,-0.009,5.361,30.0,1278,-1,38.98,False,-1,True,True,0.501,0.0,0.0,False,False,0.236,-0.001,87.229,1278,45.11,,,,,0,False,False,0.0,False,6.13,5.72,20.0,
9.2,26412,219.755,-1048.214,-0.009,5.396,30.0,1278,-1,39.25,False,-1,True,True,0.747,0.0,-0.002,False,False,0.191,0.003,87.204,1278,45.11,,,,,0,False,False,0.0,False,5.86,5.68,20.0,
9.25,26413,219.768,-1047.948,-0.008,5.304,30.0,1278,-1,39.51,False,-1,True,True,0.615,0.0,0.002,False,False,0.139,-0.001,87.239,1278,45.11,,,,,0,False,False,0.0,False,5.59,5.7,20.0,
9.3,26414,219.782,-1047.682,-0.008,5.358,30.0,1278,-1,39.78,False,-1,True,True,0.75,0.0,-0.014,False,False,0.107,0.02,87.188,1278,49.03,,,,,0,False,False,0.0,False,9.28,5.65,20.0,
9.35,26415,219.796,-1047.417,-0.008,5.29,30.0,1278,-1,40.04,False,-1,True,True,0.741,0.0,0.001,False,False,0.082,0.015,87.195,1278,49.03,,,,,0,False,False,0.0,False,9.01,5.68,20.0,
9.4,26416,219.809,-1047.15,-0.008,5.377,30.0,1278,-1,40.31,False,-1,True,True,0.75,0.0,-0.003,False,False,0.08,0.01,87.159,1278,49.03,,,,,0,False,False,0.0,False,8.74,5.65,20.0,
9.45,26417,219.823,-1046.883,-0.008,5.313,30.0,1278,-1,40.58,False,-1,True,True,0.665,0.0,0.001,False,False,0.076,0.002,87.181,1278,49.03,,,,,0,False,False,0.0,False,8.48,5.69,20.0,
9.5,26418,219.836,-1046.616,-0.008,5.38,30.0,1278,-1,40.85,False,-1,True,True,0.75,0.0,-0.004,False,False,0.077,0.004,87.145,1278,49.03,,,,,0,False,False,0.0,False,8.21,5.66,20.0,
9.55,26419,219.849,-1046.347,-0.008,5.459,30.0,1278,-1,41.12,False,-1,True,True,0.65,0.0,0.001,False,False,0.088,-0.001,87.141,1278,49.03,,,,,0,False,False,0.0,False,7.94,5.69,20.0,
9.6,26420,219.864,-1046.057,-0.009,5.97,30.0,1278,-1,41.41,False,-1,True,True,0.366,0.0,-0.001,False,False,0.231,-0.002,87.114,1278,49.03,,,,,0,False,False,0.0,False,7.65,5.73,20.0,
9.65,26421,219.879,-1045.752,-0.01,6.168,30.0,1278,-1,41.71,False,-1,True,True,0.0,0.3,0.002,False,False,0.356,-0.004,87.107,1278,49.03,,,,,0,False,False,0.0,False,7.34,5.99,20.0,
9.7,26422,219.894,-1045.438,-0.011,6.316,30.0,1278,-1,42.03,False,-1,True,True,0.0,0.3,0.0,False,False,0.397,-0.004,87.108,1278,49.03,,,,,0,False,False,0.0,False,7.03,6.08,20.0,
9.75,26423,219.91,-1045.126,-0.01,6.208,30.0,1278,-1,42.34,False,-1,True,True,0.0,0.3,-0.0,False,False,0.344,-0.001,87.108,1278,49.03,,,,,0,False,False,0.0,False,6.72,6.16,20.0,
9.8,26424,219.926,-1044.818,-0.009,6.157,30.0,1278,-1,42.65,False,-1,True,True,0.0,0.3,0.0,False,False,0.249,0.001,87.12,1278,49.03,,,,,0,False,False,0.0,False,6.41,6.1,20.0,
9.85,26425,219.941,-1044.518,-0.008,5.933,30.0,1278,-1,42.95,False,-1,True,True,0.0,0.3,-0.001,False,False,0.127,0.004,87.095,1278,49.03,,,,,0,False,False,0.0,False,6.11,6.08,20.0,
9.9,26426,219.956,-1044.227,-0.007,5.81,30.0,1278,-1,43.24,False,-1,True,True,0.0,0.3,0.002,False,False,0.018,0.0,87.123,1278,49.03,,,,,0,False,False,0.0,False,5.82,5.97,20.0,
9.95,26427,219.973,-1043.945,-0.006,5.547,30.0,1278,-1,43.52,False,-1,True,True,0.0,0.3,-0.05,False,False,-0.083,0.079,86.973,1278,52.95,,,,,0,False,False,0.0,False,9.48,5.9,20.0,
10.0,26428,219.989,-1043.673,-0.006,5.437,30.0,1278,-1,43.79,False,-1,True,True,0.0,0.001,-0.0,False,False,-0.151,0.07,86.879,1278,52.95,,,,,0,False,False,0.0,False,9.2,5.77,20.0,
10.05,26429,220.004,-1043.408,-0.005,5.219,30.0,1278,-1,44.06,False,-1,True,True,0.397,0.0,-0.001,False,False,-0.195,0.036,86.791,1278,52.95,,,,,0,False,False,0.0,False,8.94,5.72,20.0,
10.1,26430,220.018,-1043.15,-0.005,5.151,30.0,1278,-1,44.32,False,-1,True,True,0.75,0.0,0.001,False,False,-0.208,0.012,86.783,1278,52.95,,,,,0,False,False,0.0,False,8.68,5.61,20.0,
10.15,26431,220.032,-1042.898,-0.005,4.991,30.0,1278,-1,44.57,False,-1,True,True,0.75,0.0,-0.005,False,False,-0.208,0.008,86.721,1278,52.95,,,,,0,False,False,0.0,False,8.43,5.58,20.0,
10.2,26432,220.047,-1042.645,-0.006,5.104,30.0,1278,-1,44.82,False,-1,True,True,0.75,0.0,0.001,False,False,-0.152,0.001,86.706,1278,52.95,,,,,0,False,False,0.0,False,8.18,5.5,20.0,
10.25,26433,220.061,-1042.394,-0.006,5.025,30.0,1278,-1,45.07,False,-1,True,True,0.75,0.0,-0.002,False,False,-0.104,0.002,86.681,1278,52.95,,,,,0,False,False,0.0,False,7.92,5.55,20.0,
10.3,26434,220.075,-1042.156,-0.006,4.608,30.0,1278,-1,45.31,False,-1,True,True,0.75,0.0,-0.0,False,False,-0.156,0.001,86.708,1278,52.95,,,,,0,False,False,0.0,False,7.69,5.51,20.0,
10.35,26435,220.088,-1041.935,-0.005,4.335,30.0,1278,-1,45.53,False,-1,True,True,0.75,0.0,-0.004,False,False,-0.242,0.006,86.705,1278,52.95,,,,,0,False,False,0.0,False,7.46,5.3,20.0,
10.4,26436,220.101,-1041.724,-0.005,4.186,30.0,1278,-1,45.75,False,-1,True,True,0.75,0.0,-0.002,False,False,-0.286,0.006,86.693,1278,52.95,,,,,0,False,False,0.0,False,7.25,5.17,20.0,
10.45,26437,220.113,-1041.517,-0.005,4.13,30.0,1278,-1,45.95,False,-1,True,True,0.75,0.0,-0.001,False,False,-0.272,0.004,86.684,1278,52.95,,,,,0,False,False,0.0,False,7.05,5.09,20.0,
10.5,26438,220.125,-1041.311,-0.005,4.136,30.0,1278,-1,46.16,False,-1,True,True,0.75,0.0,-0.001,False,False,-0.216,0.002,86.678,1278,52.95,,,,,0,False,False,0.0,False,6.84,5.07,20.0,
10.55,26439,220.137,-1041.102,-0.006,4.181,30.0,1278,-1,46.37,False,-1,True,True,0.75,0.0,-0.001,False,False,-0.138,0.001,86.672,1278,52.95,,,,,0,False,False,0.0,False,6.63,5.07,20.0,
10.6,26440,220.15,-1040.891,-0.007,4.25,30.0,1278,-1,46.58,False,-1,True,True,0.75,0.0,-0.001,False,False,-0.055,0.0,86.666,1278,52.95,,,,,0,False,False,0.0,False,6.42,5.09,20.0,
10.65,26441,220.162,-1040.676,-0.007,4.333,30.0,1278,-1,46.8,False,-1,True,True,0.75,0.0,-0.001,False,False,0.022,0.0,86.662,1278,52.95,,,,,0,False,False,0.0,False,6.2,5.12,20.0,
10.7,26442,220.175,-1040.456,-0.008,4.425,30.0,1278,-1,47.02,False,-1,True,True,0.75,0.0,-0.001,False,False,0.087,-0.0,86.658,1278,52.95,,,,,0,False,False,0.0,False,5.98,5.17,20.0,
10.75,26443,220.189,-1040.232,-0.008,4.523,30.0,1278,-1,47.24,False,-1,True,True,0.75,0.0,-0.001,False,False,0.138,-0.0,86.654,1278,52.95,,,,,0,False,False,0.0,False,5.76,5.21,20.0,
10.8,26444,220.202,-1040.003,-0.009,4.624,30.0,1278,-1,47.47,False,-1,True,True,0.75,0.0,-0.0,False,False,0.178,-0.0,86.651,1278,52.95,,,,,0,False,False,0.0,False,5.53,5.26,20.0,
10.85,26445,220.216,-1039.769,-0.009,4.727,30.0,1278,-1,47.7,False,-1,True,True,0.75,0.0,-0.0,False,False,0.207,-0.0,86.648,1278,52.95,,,,,0,False,False,0.0,False,5.29,5.31,20.0,
10.9,26446,220.233,-1039.53,-0.009,4.826,30.0,1278,-1,47.94,False,-1,True,True,0.75,0.0,-0.059,False,False,0.225,0.082,86.502,1278,56.88,,,,,0,False,False,0.0,False,9.0,5.36,20.0,
10.95,26447,220.25,-1039.286,-0.009,4.93,30.0,1278,-1,48.19,False,-1,True,True,0.75,0.0,-0.004,False,False,0.239,0.08,86.369,1278,56.88,,,,,0,False,False,0.0,False,8.75,5.41,20.0,
11.0,26448,220.267,-1039.037,-0.009,5.034,30.0,1278,-1,48.44,False,-1,True,True,0.75,0.0,-0.0,False,False,0.248,0.039,86.323,1278,56.88,,,,,0,False,False,0.0,False,8.5,5.46,20.0,
11.05,26449,220.284,-1038.782,-0.009,5.136,30.0,1278,-1,48.69,False,-1,True,True,0.75,0.0,-0.005,False,False,0.254,0.019,86.291,1278,56.88,,,,,0,False,False,0.0,False,8.25,5.52,20.0,
11.1,26450,220.301,-1038.523,-0.009,5.259,30.0,1278,-1,48.95,False,-1,True,True,0.75,0.0,-0.005,False,False,0.258,0.013,86.263,1278,56.88,,,,,0,False,False,0.0,False,7.99,5.57,20.0,
11.15,26451,220.319,-1038.263,-0.009,5.185,30.0,1278,-1,49.21,False,-1,True,True,0.75,0.0,-0.005,False,False,0.23,0.01,86.208,1278,56.88,,,,,0,False,False,0.0,False,7.73,5.63,20.0,
11.2,26452,220.337,-1038.003,-0.009,5.241,30.0,1278,-1,49.47,False,-1,True,True,0.75,0.0,-0.001,False,False,0.189,0.002,86.207,1278,56.88,,,,,0,False,False,0.0,False,7.46,5.59,20.0,
11.25,26453,220.354,-1037.744,-0.008,5.172,30.0,1278,-1,49.73,False,-1,True,True,0.75,0.0,-0.005,False,False,0.146,0.003,86.149,1278,56.88,,,,,0,False,False,0.0,False,7.21,5.62,20.0,
11.3,26454,220.372,-1037.483,-0.008,5.26,30.0,1278,-1,49.99,False,-1,True,True,0.75,0.0,0.001,False,False,0.127,-0.002,86.154,1278,56.88,,,,,0,False,False,0.0,False,6.94,5.59,20.0,
11.35,26455,220.389,-1037.222,-0.008,5.211,30.0,1278,-1,50.26,False,-1,True,True,0.75,0.0,-0.003,False,False,0.112,0.001,86.106,1278,56.88,,,,,0,False,False,0.0,False,6.68,5.63,20.0,
11.4,26456,220.407,-1036.961,-0.008,5.278,30.0,1278,-1,50.52,False,-1,True,True,0.75,0.0,0.002,False,False,0.104,-0.003,86.125,1278,56.88,,,,,0,False,False,0.0,False,6.42,5.61,20.0,
11.45,26457,220.425,-1036.7,-0.008,5.203,30.0,1278,-1,50.78,False,-1,True,True,0.75,0.0,-0.003,False,False,0.088,0.002,86.087,1278,56.88,,,,,0,False,False,0.0,False,6.16,5.64,20.0,
11.5,26458,220.444,-1036.425,-0.009,5.725,30.0,1278,-1,51.06,False,-1,True,True,0.75,0.0,0.002,False,False,0.184,-0.002,86.128,1278,56.88,,,,,0,False,False,0.0,False,5.88,5.6,20.0,
11.55,26459,220.465,-1036.128,-0.01,6.033,30.0,1278,-1,51.35,False,-1,True,True,0.0,0.3,-0.005,False,False,0.335,0.006,86.128,1278,56.88,,,,,0,False,False,0.0,False,5.59,5.86,20.0,
11.6,26460,220.49,-1035.818,-0.011,6.3,30.0,1278,-1,51.66,False,-1,True,True,0.0,0.3,-0.068,False,False,0.428,0.12,85.934,1278,60.8,,,,,0,False,False,0.0,False,9.23,6.02,20.0,
11.65,26461,220.516,-1035.504,-0.011,6.283,30.0,1278,-1,51.98,False,-1,True,True,0.0,0.3,-0.003,False,False,0.422,0.116,85.732,1278,60.8,,,,,0,False,False,0.0,False,8.92,6.15,20.0,
11.7,26462,220.54,-1035.191,-0.01,6.286,30.0,1278,-1,52.29,False,-1,True,True,0.0,0.3,0.004,False,False,0.35,0.049,85.649,1278,60.8,,,,,0,False,False,0.0,False,8.6,6.14,20.0,
11.75,26463,220.563,-1034.884,-0.009,6.087,30.0,1278,-1,52.6,False,-1,True,True,0.0,0.3,-0.003,False,False,0.23,0.018,85.638,1278,60.8,,,,,0,False,False,0.0,False,8.29,6.14,20.0,
11.8,26464,220.587,-1034.585,-0.008,5.981,30.0,1278,-1,52.9,False,-1,True,True,0.0,0.3,-0.007,False,False,0.11,0.016,85.575,1278,60.8,,,,,0,False,False,0.0,False,7.99,6.04,20.0,
11.85,26465,220.61,-1034.295,-0.007,5.735,30.0,1278,-1,53.19,False,-1,True,True,0.0,0.3,-0.007,False,False,-0.005,0.018,85.552,1278,60.8,,,,,0,False,False,0.0,False,7.7,5.99,20.0,
11.9,26466,220.632,-1034.014,-0.006,5.599,30.0,1278,-1,53.47,False,-1,True,True,0.0,0.3,-0.003,False,False,-0.094,0.014,85.487,1278,60.8,,,,,0,False,False,0.0,False,7.42,5.87,20.0,
11.95,26467,220.654,-1033.743,-0.006,5.346,30.0,1278,-1,53.74,False,-1,True,True,0.0,0.19,0.002,False,False,-0.168,0.003,85.497,1278,60.8,,,,,0,False,False,0.0,False,7.15,5.8,20.0,
12.0,26468,220.674,-1033.48,-0.005,5.248,30.0,1278,-1,54.01,False,-1,True,True,0.721,0.0,-0.004,False,False,-0.208,0.003,85.459,1278,60.8,,,,,0,False,False,0.0,False,6.89,5.67,20.0,
12.05,26469,220.695,-1033.225,-0.005,5.046,30.0,1278,-1,54.26,False,-1,True,True,0.75,0.0,0.001,False,False,-0.227,0.001,85.485,1278,60.8,,,,,0,False,False,0.0,False,6.63,5.62,20.0,
12.1,26470,220.715,-1032.973,-0.005,5.089,30.0,1278,-1,54.52,False,-1,True,True,0.75,0.0,-0.004,False,False,-0.201,0.005,85.459,1278,60.8,,,,,0,False,False,0.0,False,6.38,5.52,20.0,
12.15,26471,220.736,-1032.721,-0.006,5.014,30.0,1278,-1,54.77,False,-1,True,True,0.75,0.0,-0.0,False,False,-0.15,0.003,85.485,1278,60.8,,,,,0,False,False,0.0,False,6.12,5.54,20.0,
12.2,26472,220.756,-1032.474,-0.006,4.768,30.0,1278,-1,55.0,False,-1,True,True,0.75,0.0,-0.004,False,False,-0.141,0.005,85.456,1278,60.8,,,,,0,False,False,0.0,False,5.88,5.51,20.0,
12.25,26473,220.773,-1032.249,-0.005,4.406,30.0,1278,-1,55.19,False,-1,True,True,0.75,0.0,0.0,False,False,-0.233,0.001,85.431,1278,60.8,,,,,0,False,False,0.0,False,5.65,5.38,20.0,
12.3,26474,220.79,-1032.037,-0.005,4.185,30.0,1278,-1,55.41,False,-1,True,True,0.75,0.0,0.001,False,False,-0.304,-0.003,85.426,1278,60.8,,,,,0,False,False,0.0,False,5.44,5.2,20.0,
12.35,26475,220.807,-1031.832,-0.005,4.077,30.0,1278,-1,55.61,False,-1,True,True,0.75,0.0,-0.0,False,False,-0.318,-0.003,85.425,1278,60.8,,,,,0,False,False,0.0,False,5.23,5.09,20.0,
12.4,26476,220.823,-1031.63,-0.005,4.049,30.0,1278,-1,55.81,False,-1,True,True,0.75,0.0,-0.001,False,False,-0.277,-0.002,85.422,1278,60.8,,,,,0,False,False,0.0,False,5.03,5.04,20.0,
12.45,26477,220.839,-1031.427,-0.006,4.074,30.0,1278,-1,56.02,False,-1,True,True,0.75,0.0,-0.0,False,False,-0.203,-0.001,85.42,1278,60.8,,,,,0,False,False,0.0,False,4.83,5.02,20.0,
12.5,26478,220.859,-1031.222,-0.006,4.124,30.0,1278,-1,56.22,False,-1,True,True,0.75,0.0,-0.079,False,False,-0.117,0.093,85.257,1278,64.72,,,,,0,False,False,0.0,False,8.54,5.04,20.0,
12.55,26479,220.88,-1031.014,-0.007,4.201,30.0,1278,-1,56.43,False,-1,True,True,0.75,0.0,-0.009,False,False,-0.032,0.099,85.088,1278,64.72,,,,,0,False,False,0.0,False,8.34,5.06,20.0,
12.6,26480,220.899,-1030.801,-0.008,4.291,30.0,1278,-1,56.65,False,-1,True,True,0.75,0.0,-0.002,False,False,0.044,0.051,85.028,1278,64.72,,,,,0,False,False,0.0,False,8.12,5.1,20.0,
12.65,26481,220.919,-1030.584,-0.008,4.387,30.0,1278,-1,56.86,False,-1,True,True,0.75,0.0,-0.009,False,False,0.106,0.027,84.983,1278,64.72,,,,,0,False,False,0.0,False,7.9,5.15,20.0,
12.7,26482,220.94,-1030.362,-0.009,4.488,30.0,1278,-1,57.09,False,-1,True,True,0.75,0.0,-0.008,False,False,0.155,0.017,84.935,1278,64.72,,,,,0,False,False,0.0,False,7.68,5.19,20.0,
12.75,26483,220.961,-1030.135,-0.009,4.591,30.0,1278,-1,57.31,False,-1,True,True,0.75,0.0,-0.006,False,False,0.191,0.011,84.891,1278,64.72,,,,,0,False,False,0.0,False,7.45,5.24,20.0,
12.8,26484,220.982,-1029.903,-0.009,4.695,30.0,1278,-1,57.55,False,-1,True,True,0.75,0.0,-0.005,False,False,0.217,0.006,84.854,1278,64.72,,,,,0,False,False,0.0,False,7.22,5.3,20.0,
12.85,26485,221.004,-1029.666,-0.009,4.8,30.0,1278,-1,57.79,False,-1,True,True,0.75,0.0,-0.005,False,False,0.235,0.003,84.822,1278,64.72,,,,,0,False,False,0.0,False,6.98,5.35,20.0,
12.9,26486,221.027,-1029.424,-0.009,4.905,30.0,1278,-1,58.03,False,-1,True,True,0.75,0.0,-0.004,False,False,0.246,0.001,84.795,1278,64.72,,,,,0,False,False,0.0,False,6.74,5.4,20.0,
12.95,26487,221.05,-1029.177,-0.009,5.009,30.0,1278,-1,58.28,False,-1,True,True,0.75,0.0,-0.003,False,False,0.254,0.001,84.77,1278,64.72,,,,,0,False,False,0.0,False,6.49,5.45,20.0,
13.0,26488,221.073,-1028.924,-0.009,5.114,30.0,1278,-1,58.53,False,-1,True,True,0.75,0.0,-0.003,False,False,0.258,0.0,84.75,1278,64.72,,,,,0,False,False,0.0,False,6.24,5.5,20.0,
13.05,26489,221.097,-1028.667,-0.009,5.174,30.0,1278,-1,58.79,False,-1,True,True,0.75,0.0,-0.002,False,False,0.258,-0.0,84.731,1278,64.72,,,,,0,False,False,0.0,False,5.98,5.56,20.0,
13.1,26490,221.122,-1028.405,-0.009,5.293,30.0,1278,-1,59.05,False,-1,True,True,0.75,0.0,-0.002,False,False,0.252,-0.001,84.73,1278,64.72,,,,,0,False,False,0.0,False,5.72,5.59,20.0,
13.15,26491,221.146,-1028.145,-0.009,5.199,30.0,1278,-1,59.31,False,-1,True,True,0.75,0.0,-0.003,False,False,0.207,0.001,84.684,1278,64.72,,,,,0,False,False,0.0,False,5.45,5.65,20.0,
13.2,26492,221.173,-1027.885,-0.008,5.262,30.0,1278,-1,59.57,False,-1,True,True,0.75,0.0,-0.039,False,False,0.167,0.057,84.599,1278,68.64,,,,,0,False,False,0.0,False,9.11,5.6,20.0,
13.25,26493,221.199,-1027.625,-0.008,5.202,30.0,1278,-1,59.84,False,-1,True,True,0.75,0.0,-0.006,False,False,0.132,0.058,84.458,1278,68.64,,,,,0,False,False,0.0,False,8.85,5.63,20.0,
13.3,26494,221.224,-1027.364,-0.008,5.299,30.0,1278,-1,60.1,False,-1,True,True,0.75,0.0,0.003,False,False,0.121,0.025,84.431,1278,68.64,,,,,0,False,False,0.0,False,8.59,5.6,20.0,
13.35,26495,221.25,-1027.102,-0.008,5.231,30.0,1278,-1,60.36,False,-1,True,True,0.75,0.0,-0.005,False,False,0.106,0.013,84.367,1278,68.64,,,,,0,False,False,0.0,False,8.33,5.65,20.0,
13.4,26496,221.276,-1026.84,-0.008,5.299,30.0,1278,-1,60.62,False,-1,True,True,0.75,0.0,-0.0,False,False,0.098,0.005,84.372,1278,68.64,,,,,0,False,False,0.0,False,8.06,5.62,20.0,
13.45,26497,221.303,-1026.573,-0.008,5.483,30.0,1278,-1,60.89,False,-1,True,True,0.75,0.0,-0.005,False,False,0.125,0.008,84.313,1278,68.64,,,,,0,False,False,0.0,False,7.8,5.65,20.0,
13.5,26498,221.331,-1026.284,-0.01,5.993,30.0,1278,-1,61.18,False,-1,True,True,0.288,0.0,0.001,False,False,0.279,0.003,84.277,1278,68.64,,,,,0,False,False,0.0,False,7.51,5.74,20.0,
13.55,26499,221.362,-1025.978,-0.011,6.188,30.0,1278,-1,61.49,False,-1,True,True,0.0,0.3,0.001,False,False,0.399,-0.001,84.267,1278,68.64,,,,,0,False,False,0.0,False,7.2,6.0,20.0,
13.6,26500,221.393,-1025.665,-0.011,6.332,30.0,1278,-1,61.81,False,-1,True,True,0.0,0.3,-0.001,False,False,0.429,0.001,84.261,1278,68.64,,,,,0,False,False,0.0,False,6.88,6.09,20.0,
13.65,26501,221.424,-1025.353,-0.01,6.222,30.0,1278,-1,62.12,False,-1,True,True,0.0,0.3,-0.001,False,False,0.365,0.004,84.253,1278,68.64,,,,,0,False,False,0.0,False,6.57,6.17,20.0,
13.7,26502,221.456,-1025.046,-0.009,6.167,30.0,1278,-1,62.43,False,-1,True,True,0.0,0.3,-0.0,False,False,0.262,0.004,84.261,1278,68.64,,,,,0,False,False,0.0,False,6.26,6.11,20.0,
13.75,26503,221.486,-1024.747,-0.008,5.942,30.0,1278,-1,62.73,False,-1,True,True,0.0,0.3,-0.002,False,False,0.135,0.007,84.23,1278,68.64,,,,,0,False,False,0.0,False,5.96,6.08,20.0,
13.8,26504,221.516,-1024.456,-0.007,5.817,30.0,1278,-1,63.02,False,-1,True,True,0.0,0.3,-0.019,False,False,0.022,0.037,84.197,1278,72.57,,,,,0,False,False,0.0,False,9.59,5.97,20.0,
13.85,26505,221.546,-1024.175,-0.006,5.559,30.0,1278,-1,63.3,False,-1,True,True,0.0,0.3,-0.003,False,False,-0.08,0.037,84.113,1278,72.57,,,,,0,False,False,0.0,False,9.31,5.91,20.0,
13.9,26506,221.574,-1023.903,-0.006,5.445,30.0,1278,-1,63.58,False,-1,True,True,0.0,0.043,0.003,False,False,-0.149,0.017,84.113,1278,72.57,,,,,0,False,False,0.0,False,9.04,5.78,20.0,
13.95,26507,221.601,-1023.639,-0.005,5.226,30.0,1278,-1,63.84,False,-1,True,True,0.364,0.0,-0.003,False,False,-0.195,0.009,84.065,1278,72.57,,,,,0,False,False,0.0,False,8.77,5.72,20.0,
14.0,26508,221.628,-1023.382,-0.005,5.158,30.0,1278,-1,64.1,False,-1,True,True,0.75,0.0,0.002,False,False,-0.209,0.001,84.075,1278,72.57,,,,,0,False,False,0.0,False,8.51,5.61,20.0,
14.05,26509,221.654,-1023.13,-0.005,5.023,30.0,1278,-1,64.35,False,-1,True,True,0.75,0.0,-0.003,False,False,-0.205,0.002,84.035,1278,72.57,,,,,0,False,False,0.0,False,8.26,5.58,20.0,
14.1,26510,221.681,-1022.878,-0.006,5.09,30.0,1278,-1,64.61,False,-1,True,True,0.75,0.0,0.002,False,False,-0.155,-0.001,84.062,1278,72.57,,,,,0,False,False,0.0,False,8.0,5.51,20.0,
14.15,26511,221.707,-1022.628,-0.006,4.918,30.0,1278,-1,64.86,False,-1,True,True,0.75,0.0,-0.003,False,False,-0.114,0.003,84.053,1278,72.57,,,,,0,False,False,0.0,False,7.75,5.54,20.0,
14.2,26512,221.731,-1022.394,-0.006,4.559,30.0,1278,-1,65.09,False,-1,True,True,0.75,0.0,-0.001,False,False,-0.18,0.004,84.017,1278,72.57,,,,,0,False,False,0.0,False,7.52,5.46,20.0,
14.25,26513,221.754,-1022.176,-0.005,4.301,30.0,1278,-1,65.31,False,-1,True,True,0.75,0.0,0.002,False,False,-0.262,-0.0,84.012,1278,72.57,,,,,0,False,False,0.0,False,7.3,5.28,20.0,
14.3,26514,221.775,-1021.967,-0.005,4.164,30.0,1278,-1,65.52,False,-1,True,True,0.75,0.0,0.0,False,False,-0.297,-0.001,84.014,1278,72.57,,,,,0,False,False,0.0,False,7.09,5.15,20.0,
14.35,26515,221.797,-1021.762,-0.005,4.116,30.0,1278,-1,65.73,False,-1,True,True,0.75,0.0,-0.0,False,False,-0.275,0.0,84.015,1278,72.57,,,,,0,False,False,0.0,False,6.88,5.08,20.0,
14.4,26516,221.819,-1021.556,-0.005,4.128,30.0,1278,-1,65.94,False,-1,True,True,0.75,0.0,-0.0,False,False,-0.214,0.001,84.014,1278,72.57,,,,,0,False,False,0.0,False,6.68,5.06,20.0,
14.45,26517,221.84,-1021.349,-0.006,4.176,30.0,1278,-1,66.14,False,-1,True,True,0.75,0.0,0.0,False,False,-0.132,0.001,84.014,1278,72.57,,,,,0,False,False,0.0,False,6.47,5.06,20.0,
14.5,26518,221.862,-1021.138,-0.007,4.246,30.0,1278,-1,66.36,False,-1,True,True,0.75,0.0,0.0,False,False,-0.048,0.001,84.014,1278,72.57,,,,,0,False,False,0.0,False,6.26,5.09,20.0,
14.55,26519,221.885,-1020.924,-0.008,4.331,30.0,1278,-1,66.57,False,-1,True,True,0.75,0.0,-0.0,False,False,0.028,0.001,84.014,1278,72.57,,,,,0,False,False,0.0,False,6.04,5.12,20.0,
14.6,26520,221.908,-1020.705,-0.008,4.424,30.0,1278,-1,66.79,False,-1,True,True,0.75,0.0,-0.0,False,False,0.092,0.001,84.014,1278,72.57,,,,,0,False,False,0.0,False,5.82,5.17,20.0,
14.65,26521,221.931,-1020.482,-0.008,4.523,30.0,1278,-1,67.02,False,-1,True,True,0.75,0.0,-0.0,False,False,0.143,0.0,84.014,1278,72.57,,,,,0,False,False,0.0,False,5.6,5.21,20.0,
14.7,26522,221.955,-1020.254,-0.009,4.624,30.0,1278,-1,67.25,False,-1,True,True,0.75,0.0,-0.0,False,False,0.182,0.0,84.014,1278,72.57,,,,,0,False,False,0.0,False,5.37,5.26,20.0,
14.75,26523,221.98,-1020.02,-0.009,4.727,30.0,1278,-1,67.48,False,-1,True,True,0.75,0.0,0.0,False,False,0.209,0.0,84.014,1278,72.57,,,,,0,False,False,0.0,False,5.13,5.31,20.0,
14.8,26524,222.005,-1019.782,-0.009,4.831,30.0,1278,-1,67.72,False,-1,True,True,0.75,0.0,-0.014,False,False,0.229,0.023,83.972,1278,76.49,,,,,0,False,False,0.0,False,8.81,5.36,20.0,
14.85,26525,222.032,-1019.539,-0.009,4.935,30.0,1278,-1,67.96,False,-1,True,True,0.75,0.0,0.0,False,False,0.242,0.019,83.942,1278,76.49,,,,,0,False,False,0.0,False,8.57,5.42,20.0,
14.9,26526,222.058,-1019.29,-0.009,5.039,30.0,1278,-1,68.21,False,-1,True,True,0.75,0.0,0.0,False,False,0.251,0.008,83.934,1278,76.49,,,,,0,False,False,0.0,False,8.32,5.47,20.0,
14.95,26527,222.085,-1019.037,-0.009,5.14,30.0,1278,-1,68.47,False,-1,True,True,0.75,0.0,-0.001,False,False,0.256,0.003,83.927,1278,76.49,,,,,0,False,False,0.0,False,8.06,5.52,20.0,
15.0,26528,222.113,-1018.778,-0.009,5.278,30.0,1278,-1,68.73,False,-1,True,True,0.75,0.0,-0.001,False,False,0.26,0.002,83.922,1278,76.49,,,,,0,False,False,0.0,False,7.8,5.57,20.0,
15.05,26529,222.141,-1018.516,-0.009,5.239,30.0,1278,-1,68.99,False,-1,True,True,0.75,0.0,-0.001,False,False,0.244,0.002,83.901,1278,76.49,,,,,0,False,False,0.0,False,7.54,5.64,20.0,
15.1,26530,222.169,-1018.254,-0.009,5.29,30.0,1278,-1,69.26,False,-1,True,True,0.75,0.0,0.001,False,False,0.207,-0.002,83.921,1278,76.49,,,,,0,False,False,0.0,False,7.28,5.62,20.0,
15.15,26531,222.197,-1017.994,-0.008,5.216,30.0,1278,-1,69.52,False,-1,True,True,0.75,0.0,-0.003,False,False,0.161,0.002,83.879,1278,76.49,,,,,0,False,False,0.0,False,7.02,5.64,20.0,
15.2,26532,222.225,-1017.732,-0.008,5.299,30.0,1278,-1,69.78,False,-1,True,True,0.75,0.0,0.003,False,False,0.136,-0.003,83.899,1278,76.49,,,,,0,False,False,0.0,False,6.75,5.61,20.0,
15.25,26533,222.252,-1017.471,-0.008,5.256,30.0,1278,-1,70.04,False,-1,True,True,0.75,0.0,-0.002,False,False,0.117,0.0,83.862,1278,76.49,,,,,0,False,False,0.0,False,6.49,5.65,20.0,
15.3,26534,222.281,-1017.207,-0.008,5.322,30.0,1278,-1,70.31,False,-1,True,True,0.75,0.0,0.003,False,False,0.109,-0.003,83.885,1278,76.49,,,,,0,False,False,0.0,False,6.22,5.63,20.0,
15.35,26535,222.308,-1016.945,-0.008,5.248,30.0,1278,-1,70.57,False,-1,True,True,0.75,0.0,-0.002,False,False,0.092,0.001,83.854,1278,76.49,,,,,0,False,False,0.0,False,5.96,5.66,20.0,
15.4,26536,222.337,-1016.674,-0.008,5.673,30.0,1278,-1,70.85,False,-1,True,True,0.75,0.0,0.003,False,False,0.155,-0.002,83.844,1278,76.49,,,,,0,False,False,0.0,False,5.69,5.62,20.0,
15.45,26537,222.374,-1016.381,-0.01,5.979,30.0,1278,-1,71.14,False,-1,True,True,0.0,0.3,-0.097,False,False,0.298,0.16,83.574,1278,80.41,,,,,0,False,False,0.0,False,9.67,5.84,20.0,
15.5,26538,222.415,-1016.075,-0.011,6.27,30.0,1278,-1,71.45,False,-1,True,True,0.0,0.3,-0.034,False,False,0.402,0.223,83.194,1278,80.41,,,,,0,False,False,0.0,False,9.36,5.99,20.0,
15.55,26539,222.455,-1015.763,-0.011,6.263,30.0,1278,-1,71.76,False,-1,True,True,0.0,0.3,-0.013,False,False,0.408,0.166,82.944,1278,80.41,,,,,0,False,False,0.0,False,9.04,6.13,20.0,
15.6,26540,222.496,-1015.453,-0.01,6.278,30.0,1278,-1,72.08,False,-1,True,True,0.0,0.3,-0.015,False,False,0.347,0.115,82.781,1278,80.41,,,,,0,False,False,0.0,False,8.73,6.13,20.0,
15.65,26541,222.536,-1015.148,-0.009,6.086,30.0,1278,-1,72.38,False,-1,True,True,0.0,0.3,-0.016,False,False,0.235,0.089,82.624,1278,80.41,,,,,0,False,False,0.0,False,8.42,6.14,20.0,
15.7,26542,222.577,-1014.851,-0.008,5.981,30.0,1278,-1,72.68,False,-1,True,True,0.0,0.3,-0.011,False,False,0.117,0.067,82.533,1278,80.41,,,,,0,False,False,0.0,False,8.12,6.04,20.0,
15.75,26543,222.616,-1014.563,-0.007,5.735,30.0,1278,-1,72.97,False,-1,True,True,0.0,0.3,-0.012,False,False,0.002,0.055,82.407,1278,80.41,,,,,0,False,False,0.0,False,7.83,5.99,20.0,
15.8,26544,222.654,-1014.283,-0.006,5.6,30.0,1278,-1,73.26,False,-1,True,True,0.0,0.3,-0.006,False,False,-0.089,0.038,82.354,1278,80.41,,,,,0,False,False,0.0,False,7.55,5.87,20.0,
15.85,26545,222.691,-1014.014,-0.006,5.346,30.0,1278,-1,73.53,False,-1,True,True,0.0,0.192,-0.009,False,False,-0.164,0.03,82.258,1278,80.41,,,,,0,False,False,0.0,False,7.28,5.8,20.0,
15.9,26546,222.728,-1013.753,-0.005,5.248,30.0,1278,-1,73.79,False,-1,True,True,0.721,0.0,-0.003,False,False,-0.205,0.019,82.228,1278,80.41,,,,,0,False,False,0.0,False,7.01,5.67,20.0,
15.95,26547,222.763,-1013.499,-0.005,5.046,30.0,1278,-1,74.05,False,-1,True,True,0.75,0.0,-0.007,False,False,-0.225,0.015,82.148,1278,80.41,,,,,0,False,False,0.0,False,6.76,5.62,20.0,
16.0,26548,222.797,-1013.249,-0.005,5.069,30.0,1278,-1,74.3,False,-1,True,True,0.75,0.0,-0.001,False,False,-0.202,0.007,82.117,1278,80.41,,,,,0,False,False,0.0,False,6.5,5.52,20.0,
16.05,26549,222.832,-1012.999,-0.006,5.051,30.0,1278,-1,74.55,False,-1,True,True,0.75,0.0,-0.003,False,False,-0.152,0.006,82.094,1278,80.41,,,,,0,False,False,0.0,False,6.25,5.53,20.0,
16.1,26550,222.867,-1012.751,-0.006,4.869,30.0,1278,-1,74.8,False,-1,True,True,0.75,0.0,-0.003,False,False,-0.119,0.006,82.062,1278,80.41,,,,,0,False,False,0.0,False,6.0,5.53,20.0,
16.15,26551,222.899,-1012.523,-0.006,4.479,30.0,1278,-1,75.03,False,-1,True,True,0.75,0.0,-0.001,False,False,-0.2,0.005,82.018,1278,80.41,,,,,0,False,False,0.0,False,5.77,5.43,20.0,
16.2,26552,222.929,-1012.309,-0.005,4.235,30.0,1278,-1,75.25,False,-1,True,True,0.75,0.0,0.001,False,False,-0.281,0.001,82.006,1278,80.41,,,,,0,False,False,0.0,False,5.56,5.24,20.0,
16.25,26553,222.958,-1012.104,-0.005,4.11,30.0,1278,-1,75.46,False,-1,True,True,0.75,0.0,-0.001,False,False,-0.308,0.001,82.001,1278,80.41,,,,,0,False,False,0.0,False,5.35,5.12,20.0,
16.3,26554,222.986,-1011.902,-0.005,4.07,30.0,1278,-1,75.66,False,-1,True,True,0.75,0.0,-0.001,False,False,-0.279,0.002,81.995,1278,80.41,,,,,0,False,False,0.0,False,5.14,5.05,20.0,
16.35,26555,223.015,-1011.699,-0.005,4.087,30.0,1278,-1,75.86,False,-1,True,True,0.75,0.0,-0.001,False,False,-0.211,0.002,81.989,1278,80.41,,,,,0,False,False,0.0,False,4.94,5.03,20.0,
16.4,26556,223.047,-1011.496,-0.006,4.129,30.0,1278,-1,76.07,False,-1,True,True,0.75,0.0,-0.101,False,False,-0.129,0.107,81.807,1278,84.33,,,,,0,False,False,0.0,False,8.7,5.04,20.0,
16.45,26557,223.089,-1011.291,-0.007,4.176,30.0,1278,-1,76.28,False,-1,True,True,0.75,0.0,-0.201,False,False,-0.054,0.34,81.213,1278,84.33,,,,,0,False,False,0.0,False,8.5,5.06,20.0,
16.5,26558,223.138,-1011.086,-0.007,4.261,30.0,1278,-1,76.49,False,-1,True,True,0.75,0.0,-0.164,False,False,0.014,0.494,80.391,1278,84.33,,,,,0,False,False,0.0,False,8.29,5.09,20.0,
16.55,26559,223.188,-1010.876,-0.008,4.361,30.0,1278,-1,76.7,False,-1,True,True,0.75,0.0,-0.119,False,False,0.079,0.477,79.648,1278,84.33,,,,,0,False,False,0.0,False,8.07,5.13,20.0,
16.6,26560,223.24,-1010.661,-0.008,4.465,30.0,1278,-1,76.92,False,-1,True,True,0.75,0.0,-0.1,False,False,0.133,0.395,79.017,1278,84.33,,,,,0,False,False,0.0,False,7.85,5.18,20.0,
16.65,26561,223.295,-1010.441,-0.009,4.57,30.0,1278,-1,77.15,False,-1,True,True,0.75,0.0,-0.087,False,False,0.175,0.308,78.465,1278,84.33,,,,,0,False,False,0.0,False,7.62,5.23,20.0,
16.7,26562,223.351,-1010.216,-0.009,4.676,30.0,1278,-1,77.37,False,-1,True,True,0.75,0.0,-0.075,False,False,0.206,0.232,77.977,1278,84.33,,,,,0,False,False,0.0,False,7.39,5.29,20.0,
16.75,26563,223.409,-1009.986,-0.009,4.783,30.0,1278,-1,77.61,False,-1,True,True,0.75,0.0,-0.063,False,False,0.228,0.168,77.55,1278,84.33,,,,,0,False,False,0.0,False,7.15,5.34,20.0,
16.8,26564,223.469,-1009.752,-0.009,4.889,30.0,1278,-1,77.85,False,-1,True,True,0.75,0.0,-0.054,False,False,0.243,0.119,77.178,1278,84.33,,,,,0,False,False,0.0,False,6.91,5.39,20.0,
16.85,26565,223.531,-1009.512,-0.009,4.995,30.0,1278,-1,78.09,False,-1,True,True,0.75,0.0,-0.045,False,False,0.252,0.082,76.855,1278,84.33,,,,,0,False,False,0.0,False,6.66,5.44,20.0,
16.9,26566,223.594,-1009.267,-0.009,5.099,30.0,1278,-1,78.34,False,-1,True,True,0.75,0.0,-0.038,False,False,0.258,0.053,76.578,1278,84.33,,,,,0,False,False,0.0,False,6.41,5.5,20.0,
16.95,26567,223.659,-1009.017,-0.009,5.23,30.0,1278,-1,78.6,False,-1,True,True,0.75,0.0,-0.032,False,False,0.263,0.034,76.342,1278,84.33,,,,,0,False,False,0.0,False,6.15,5.55,20.0,
17.0,26568,223.725,-1008.763,-0.009,5.25,30.0,1278,-1,78.86,False,-1,True,True,0.75,0.0,-0.027,False,False,0.256,0.021,76.122,1278,84.33,,,,,0,False,False,0.0,False,5.89,5.62,20.0,
17.05,26569,223.791,-1008.508,-0.009,5.303,30.0,1278,-1,79.0,False,-1,True,True,0.75,0.0,-0.021,False,False,0.229,0.01,75.966,1278,84.33,,,,,0,False,False,0.0,False,5.63,5.62,20.0,
17.1,26570,223.861,-1008.255,-0.009,5.214,30.0,1278,-1,79.27,False,-1,True,True,0.75,0.0,-0.121,False,False,0.178,0.112,75.617,1278,88.26,,,,,0,False,False,0.0,False,9.26,5.65,20.0,
17.15,26571,223.936,-1008.004,-0.008,5.283,30.0,1278,-1,79.53,False,-1,True,True,0.75,0.0,-0.113,False,False,0.142,0.257,75.077,1278,88.26,,,,,0,False,False,0.0,False,9.0,5.61,20.0,
17.2,26572,224.013,-1007.753,-0.008,5.235,30.0,1278,-1,79.8,False,-1,True,True,0.75,0.0,-0.08,False,False,0.116,0.291,74.463,1278,88.26,,,,,0,False,False,0.0,False,8.74,5.64,20.0,
17.25,26573,224.091,-1007.501,-0.008,5.317,30.0,1278,-1,80.0,False,-1,True,True,0.75,0.0,-0.055,False,False,0.109,0.247,73.991,1278,88.26,,,,,0,False,False,0.0,False,8.48,5.62,20.0,
17.3,26574,224.169,-1007.25,-0.008,5.242,30.0,1278,-1,80.19,False,-1,True,True,0.75,0.0,-0.05,False,False,0.093,0.196,73.553,1278,88.26,,,,,0,False,False,0.0,False,8.21,5.66,20.0,
17.35,26575,224.25,-1006.996,-0.008,5.467,30.0,1278,-1,80.45,False,-1,True,True,0.75,0.0,-0.038,False,False,0.106,0.15,73.215,1278,88.26,,,,,0,False,False,0.0,False,7.95,5.62,20.0,
17.4,26576,224.338,-1006.723,-0.009,5.852,30.0,1278,-1,80.74,False,-1,True,True,0.345,0.0,-0.034,False,False,0.24,0.129,72.884,1278,88.26,,,,,0,False,False,0.0,False,7.66,5.73,20.0,
17.45,26577,224.432,-1006.432,-0.01,6.21,30.0,1278,-1,81.0,False,-1,True,True,0.0,0.3,-0.024,False,False,0.377,0.104,72.614,1278,88.26,,,,,0,False,False,0.0,False,7.35,5.93,20.0,
17.5,26578,224.528,-1006.135,-0.011,6.232,30.0,1278,-1,81.3,False,-1,True,True,0.0,0.3,-0.02,False,False,0.412,0.077,72.4,1278,88.26,,,,,0,False,False,0.0,False,7.04,6.11,20.0,
17.55,26579,224.625,-1005.838,-0.01,6.265,30.0,1278,-1,81.61,False,-1,True,True,0.0,0.3,-0.017,False,False,0.367,0.058,72.237,1278,88.26,,,,,0,False,False,0.0,False,6.73,6.12,20.0,
17.6,26580,224.721,-1005.547,-0.009,6.077,30.0,1278,-1,81.92,False,-1,True,True,0.0,0.3,-0.015,False,False,0.26,0.046,72.075,1278,88.26,,,,,0,False,False,0.0,False,6.42,6.13,20.0,
17.65,26581,224.815,-1005.262,-0.008,5.98,30.0,1278,-1,82.15,False,-1,True,True,0.0,0.3,-0.015,False,False,0.141,0.041,71.973,1278,88.26,,,,,0,False,False,0.0,False,6.12,6.04,20.0,
17.7,26582,224.906,-1004.986,-0.007,5.739,30.0,1278,-1,82.44,False,-1,True,True,0.0,0.3,-0.01,False,False,0.024,0.032,71.843,1278,88.26,,,,,0,False,False,0.0,False,5.83,5.99,20.0,
17.75,26583,224.999,-1004.72,-0.006,5.596,30.0,1278,-1,82.72,False,-1,True,True,0.0,0.3,-0.11,False,False,-0.073,0.132,71.618,1278,92.18,,,,,0,False,False,0.0,False,9.48,5.87,20.0,
17.8,26584,225.091,-1004.464,-0.006,5.348,30.0,1278,-1,82.99,False,-1,True,True,0.0,0.173,-0.055,False,False,-0.153,0.197,71.214,1278,92.18,,,,,0,False,False,0.0,False,9.21,5.8,20.0,
17.85,26585,225.18,-1004.216,-0.005,5.255,30.0,1278,-1,83.26,False,-1,True,True,0.718,0.0,-0.029,False,False,-0.196,0.164,70.928,1278,92.18,,,,,0,False,False,0.0,False,8.95,5.67,20.0,
17.9,26586,225.266,-1003.974,-0.005,5.054,30.0,1278,-1,83.51,False,-1,True,True,0.75,0.0,-0.028,False,False,-0.218,0.122,70.651,1278,92.18,,,,,0,False,False,0.0,False,8.69,5.63,20.0,
17.95,26587,225.352,-1003.738,-0.005,5.03,30.0,1278,-1,83.76,False,-1,True,True,0.75,0.0,-0.02,False,False,-0.209,0.088,70.453,1278,92.18,,,,,0,False,False,0.0,False,8.44,5.53,20.0,
18.0,26588,225.438,-1003.501,-0.006,5.026,30.0,1278,-1,84.01,False,-1,True,True,0.75,0.0,-0.019,False,False,-0.16,0.068,70.307,1278,92.18,,,,,0,False,False,0.0,False,8.19,5.52,20.0,
18.05,26589,225.525,-1003.265,-0.006,4.99,30.0,1278,-1,84.27,False,-1,True,True,0.75,0.0,-0.018,False,False,-0.104,0.055,70.169,1278,92.18,,,,,0,False,False,0.0,False,7.94,5.51,20.0,
18.1,26590,225.608,-1003.042,-0.006,4.601,30.0,1278,-1,84.5,False,-1,True,True,0.75,0.0,-0.014,False,False,-0.152,0.039,70.106,1278,92.18,,,,,0,False,False,0.0,False,7.7,5.5,20.0,
18.15,26591,225.684,-1002.836,-0.005,4.326,30.0,1278,-1,84.72,False,-1,True,True,0.75,0.0,-0.017,False,False,-0.237,0.03,70.032,1278,92.18,,,,,0,False,False,0.0,False,7.48,5.3,20.0,
18.2,26592,225.758,-1002.638,-0.005,4.175,30.0,1278,-1,84.93,False,-1,True,True,0.75,0.0,-0.013,False,False,-0.282,0.022,69.958,1278,92.18,,,,,0,False,False,0.0,False,7.27,5.16,20.0,
18.25,26593,225.83,-1002.444,-0.005,4.118,30.0,1278,-1,85.14,False,-1,True,True,0.75,0.0,-0.011,False,False,-0.27,0.014,69.895,1278,92.18,,,,,0,False,False,0.0,False,7.06,5.09,20.0,
18.3,26594,225.902,-1002.251,-0.005,4.123,30.0,1278,-1,85.35,False,-1,True,True,0.75,0.0,-0.009,False,False,-0.215,0.008,69.841,1278,92.18,,,,,0,False,False,0.0,False,6.85,5.06,20.0,
18.35,26595,225.975,-1002.056,-0.006,4.168,30.0,1278,-1,85.55,False,-1,True,True,0.75,0.0,-0.008,False,False,-0.138,0.004,69.794,1278,92.18,,,,,0,False,False,0.0,False,6.65,5.06,20.0,
18.4,26596,226.048,-1001.858,-0.007,4.236,30.0,1278,-1,85.76,False,-1,True,True,0.75,0.0,-0.007,False,False,-0.055,0.002,69.752,1278,92.18,,,,,0,False,False,0.0,False,6.44,5.08,20.0,
18.45,26597,226.124,-1001.657,-0.007,4.319,30.0,1278,-1,85.98,False,-1,True,True,0.75,0.0,-0.006,False,False,0.021,0.001,69.716,1278,92.18,,,,,0,False,False,0.0,False,6.22,5.12,20.0,
18.5,26598,226.2,-1001.451,-0.008,4.412,30.0,1278,-1,86.2,False,-1,True,True,0.75,0.0,-0.005,False,False,0.086,0.0,69.684,1278,92.18,,,,,0,False,False,0.0,False,6.0,5.16,20.0,
18.55,26599,226.279,-1001.241,-0.008,4.51,30.0,1278,-1,86.42,False,-1,True,True,0.75,0.0,-0.004,False,False,0.138,-0.0,69.656,1278,92.18,,,,,0,False,False,0.0,False,5.78,5.21,20.0,
18.6,26600,226.359,-1001.027,-0.009,4.611,30.0,1278,-1,86.65,False,-1,True,True,0.75,0.0,-0.004,False,False,0.178,-0.001,69.631,1278,92.18,,,,,0,False,False,0.0,False,5.55,5.25,20.0,
18.65,26601,226.44,-1000.808,-0.009,4.714,30.0,1278,-1,86.88,False,-1,True,True,0.75,0.0,-0.003,False,False,0.207,-0.001,69.61,1278,92.18,,,,,0,False,False,0.0,False,5.31,5.31,20.0,
18.7,26602,226.528,-1000.586,-0.009,4.806,30.0,1278,-1,87.12,False,-1,True,True,0.75,0.0,-0.103,False,False,0.224,0.11,69.405,1278,96.1,,,,,0,False,False,0.0,False,9.42,5.36,20.0,
18.75,26603,226.625,-1000.363,-0.009,4.892,30.0,1278,-1,87.37,False,-1,True,True,0.75,0.0,-0.152,False,False,0.23,0.332,68.801,1278,96.1,,,,,0,False,False,0.0,False,9.18,5.4,20.0,
18.8,26604,226.726,-1000.137,-0.009,4.999,30.0,1278,-1,87.61,False,-1,True,True,0.75,0.0,-0.102,False,False,0.236,0.414,68.118,1278,96.1,,,,,0,False,False,0.0,False,8.93,5.45,20.0,
18.85,26605,226.83,-999.907,-0.009,5.107,30.0,1278,-1,87.87,False,-1,True,True,0.75,0.0,-0.073,False,False,0.244,0.367,67.552,1278,96.1,,,,,0,False,False,0.0,False,8.67,5.5,20.0,
18.9,26606,226.938,-999.671,-0.009,5.229,30.0,1278,-1,88.13,False,-1,True,True,0.75,0.0,-0.063,False,False,0.252,0.29,67.09,1278,96.1,,,,,0,False,False,0.0,False,8.42,5.55,20.0,
18.95,26607,227.046,-999.434,-0.009,5.22,30.0,1278,-1,88.39,False,-1,True,True,0.75,0.0,-0.056,False,False,0.236,0.222,66.646,1278,96.1,,,,,0,False,False,0.0,False,8.16,5.61,20.0,
19.0,26608,227.155,-999.198,-0.009,5.203,30.0,1278,-1,88.65,False,-1,True,True,0.75,0.0,-0.043,False,False,0.193,0.155,66.336,1278,96.1,,,,,0,False,False,0.0,False,7.9,5.61,20.0,
19.05,26609,227.264,-998.963,-0.008,5.199,30.0,1278,-1,88.9,False,-1,True,True,0.75,0.0,-0.042,False,False,0.153,0.115,65.981,1278,96.1,,,,,0,False,False,0.0,False,7.64,5.6,20.0,
19.1,26610,227.375,-998.727,-0.008,5.215,30.0,1278,-1,89.16,False,-1,True,True,0.75,0.0,-0.027,False,False,0.127,0.075,65.765,1278,96.1,,,,,0,False,False,0.0,False,7.38,5.6,20.0,
19.15,26611,227.485,-998.491,-0.008,5.241,30.0,1278,-1,89.43,False,-1,True,True,0.75,0.0,-0.03,False,False,0.115,0.056,65.5,1278,96.1,,,,,0,False,False,0.0,False,7.11,5.61,20.0,
19.2,26612,227.597,-998.254,-0.008,5.238,30.0,1278,-1,89.69,False,-1,True,True,0.75,0.0,-0.018,False,False,0.104,0.035,65.359,1278,96.1,,,,,0,False,False,0.0,False,6.85,5.62,20.0,
19.25,26613,227.708,-998.017,-0.008,5.234,30.0,1278,-1,89.95,False,-1,True,True,0.75,0.0,-0.022,False,False,0.092,0.028,65.162,1278,96.1,,,,,0,False,False,0.0,False,6.59,5.62,20.0,
19.3,26614,227.823,-997.773,-0.008,5.589,30.0,1278,-1,90.22,False,-1,True,True,0.75,0.0,-0.011,False,False,0.152,0.018,65.038,1278,96.1,,,,,0,False,False,0.0,False,6.32,5.62,20.0,
19.35,26615,227.949,-997.507,-0.01,5.998,30.0,1278,-1,90.51,False,-1,True,True,0.0,0.094,-0.012,False,False,0.308,0.019,64.893,1278,96.1,,,,,0,False,False,0.0,False,6.03,5.79,20.0,
19.4,26616,228.081,-997.228,-0.011,6.234,30.0,1278,-1,90.82,False,-1,True,True,0.0,0.3,-0.006,False,False,0.417,0.013,64.814,1278,96.1,,,,,0,False,False,0.0,False,5.72,6.0,20.0,
19.45,26617,228.219,-996.946,-0.011,6.275,30.0,1278,-1,91.13,False,-1,True,True,0.0,0.3,-0.106,False,False,0.424,0.144,64.515,1278,100.02,,,,,0,False,False,0.0,False,9.47,6.12,20.0,
19.5,26618,228.366,-996.674,-0.01,6.158,30.0,1278,-1,91.44,False,-1,True,True,0.0,0.3,-0.206,False,False,0.335,0.417,63.81,1278,100.02,,,,,0,False,False,0.0,False,9.17,6.14,20.0,
19.55,26619,228.518,-996.414,-0.009,5.983,30.0,1278,-1,91.74,False,-1,True,True,0.0,0.3,-0.296,False,False,0.197,0.739,62.524,1278,100.02,,,,,0,False,False,0.0,False,8.87,6.08,20.0,
19.6,26620,228.673,-996.167,-0.008,5.815,30.0,1278,-1,92.03,False,-1,True,True,0.0,0.3,-0.214,False,False,0.063,0.875,61.078,1278,100.02,,,,,0,False,False,0.0,False,8.58,5.99,20.0,
19.65,26621,228.826,-995.929,-0.007,5.64,30.0,1278,-1,92.31,False,-1,True,True,0.0,0.3,-0.154,False,False,-0.042,0.79,59.711,1278,100.02,,,,,0,False,False,0.0,False,8.29,5.91,20.0,
19.7,26622,228.977,-995.699,-0.006,5.46,30.0,1278,-1,92.58,False,-1,True,True,0.0,0.3,-0.117,False,False,-0.124,0.624,58.665,1278,100.02,,,,,0,False,False,0.0,False,8.02,5.82,20.0,
19.75,26623,229.126,-995.477,-0.005,5.292,30.0,1278,-1,92.84,False,-1,True,True,0.319,0.0,-0.106,False,False,-0.181,0.48,57.729,1278,100.02,,,,,0,False,False,0.0,False,7.75,5.73,20.0,
19.8,26624,229.273,-995.263,-0.005,5.172,30.0,1278,-1,93.07,False,-1,True,True,0.75,0.0,-0.084,False,False,-0.205,0.36,57.033,1278,100.02,,,,,1,False,False,0.0,False,7.49,5.65,20.0,
19.85,26625,229.419,-995.053,-0.005,5.071,30.0,1278,-1,93.32,False,-1,True,True,0.75,0.0,-0.078,False,False,-0.203,0.276,56.373,1278,100.02,,,,,0,False,False,0.016,False,7.24,5.59,20.0,
19.9,26626,229.566,-994.848,-0.006,5.047,30.0,1278,-1,93.57,False,-1,True,True,0.75,0.0,-0.059,False,False,-0.175,0.207,55.912,1278,100.02,,,,,0,False,False,0.028,False,6.98,5.54,20.0,
19.95,26627,229.712,-994.643,-0.006,5.04,30.0,1278,-1,93.82,False,-1,True,True,0.75,0.0,-0.057,False,False,-0.124,0.165,55.444,1278,100.02,,,,,0,False,False,0.037,False,6.73,5.52,20.0,
20.0,26628,229.859,-994.44,-0.006,4.883,30.0,1278,-1,94.04,False,-1,True,True,0.75,0.0,-0.041,False,False,-0.097,0.12,55.111,1278,100.02,,,,,0,False,False,0.04,False,6.48,5.52,20.0,
20.05,26629,229.996,-994.252,-0.006,4.554,30.0,1278,-1,94.27,False,-1,True,True,0.75,0.0,-0.04,False,False,-0.166,0.084,54.836,1278,100.02,,,,,0,False,False,0.038,False,6.25,5.44,20.0,
20.1,26630,230.126,-994.074,-0.005,4.359,30.0,1278,-1,94.49,False,-1,True,True,0.75,0.0,-0.034,False,False,-0.23,0.058,54.623,1278,100.02,,,,,0,False,False,0.032,False,6.03,5.28,20.0,
20.15,26631,230.254,-993.901,-0.005,4.268,30.0,1278,-1,94.71,False,-1,True,True,0.75,0.0,-0.031,False,False,-0.246,0.042,54.441,1278,100.02,,,,,0,False,False,0.018,False,5.81,5.18,20.0,
20.2,26632,230.38,-993.73,-0.005,4.251,30.0,1278,-1,94.92,False,-1,True,True,0.75,0.0,-0.027,False,False,-0.214,0.03,54.282,1278,100.02,,,,,1,False,False,0.0,False,5.6,5.13,20.0,
20.25,26633,230.507,-993.558,-0.006,4.28,30.0,1278,-1,95.0,False,-1,True,True,0.75,0.0,-0.023,False,False,-0.151,0.021,54.144,1278,100.02,,,,,0,False,False,0.0,False,5.39,5.13,20.0,
20.3,26634,230.636,-993.384,-0.007,4.339,30.0,1278,-1,95.23,False,-1,True,True,0.75,0.0,-0.02,False,False,-0.076,0.014,54.023,1278,100.02,,,,,0,False,False,0.0,False,5.17,5.14,20.0,
20.35,26635,230.767,-993.207,-0.007,4.415,30.0,1278,-1,95.45,False,-1,True,True,0.75,0.0,-0.017,False,False,-0.001,0.009,53.917,1278,100.02,,,,,0,False,False,0.0,False,4.95,5.17,20.0,
20.4,26636,230.904,-993.03,-0.008,4.491,30.0,1278,-1,95.67,False,-1,True,True,0.75,0.0,-0.117,False,False,0.062,0.115,53.637,1278,103.95,,,,,0,False,False,0.0,False,8.58,5.21,20.0,
20.45,26637,231.047,-992.854,-0.008,4.579,30.0,1278,-1,95.9,False,-1,True,True,0.75,0.0,-0.117,False,False,0.112,0.268,53.089,1278,103.95,,,,,0,False,False,0.024,False,8.35,5.25,20.0,
20.5,26638,231.199,-992.679,-0.009,4.659,30.0,1278,-1,96.11,False,-1,True,True,0.75,0.0,-0.195,False,False,0.146,0.441,52.296,1278,103.95,,,,,0,False,False,0.042,False,8.12,5.29,20.0,
20.55,26639,231.356,-992.504,-0.009,4.762,30.0,1278,-1,96.35,False,-1,True,True,0.75,0.0,-0.15,False,False,0.174,0.52,51.394,1278,103.95,,,,,0,False,False,0.06,False,7.89,5.33,20.0,
20.6,26640,231.518,-992.326,-0.009,4.87,30.0,1278,-1,96.59,False,-1,True,True,0.75,0.0,-0.112,False,False,0.199,0.469,50.605,1278,103.95,,,,,0,False,False,0.072,False,7.64,5.38,20.0,
20.65,26641,231.685,-992.144,-0.009,4.977,30.0,1278,-1,96.84,False,-1,True,True,0.75,0.0,-0.094,False,False,0.22,0.378,49.939,1278,103.95,,,,,0,False,False,0.083,False,7.4,5.43,20.0,
20.7,26642,231.856,-991.959,-0.009,5.083,30.0,1278,-1,97.0,False,-1,True,True,0.75,0.0,-0.081,False,False,0.236,0.285,49.363,1278,103.95,,,,,0,False,False,0.094,False,7.15,5.49,20.0,
20.75,26643,232.031,-991.771,-0.009,5.167,30.0,1278,-1,97.22,False,-1,True,True,0.75,0.0,-0.069,False,False,0.245,0.209,48.863,1278,103.95,,,,,0,False,False,0.105,False,6.89,5.54,20.0,
20.8,26644,232.21,-991.58,-0.009,5.292,30.0,1278,-1,97.48,False,-1,True,True,0.75,0.0,-0.058,False,False,0.249,0.149,48.413,1278,103.95,,,,,0,False,False,0.116,False,6.63,5.58,20.0,
20.85,26645,232.389,-991.389,-0.009,5.197,30.0,1278,-1,97.75,False,-1,True,True,0.75,0.0,-0.047,False,False,0.212,0.099,48.066,1278,103.95,,,,,0,False,False,0.126,False,6.37,5.65,20.0,
20.9,26646,232.567,-991.199,-0.008,5.259,30.0,1278,-1,98.0,False,-1,True,True,0.75,0.0,-0.042,False,False,0.173,0.069,47.715,1278,103.95,,,,,0,False,False,0.132,False,6.1,5.6,20.0,
20.95,26647,232.747,-991.01,-0.008,5.198,30.0,1278,-1,98.2,False,-1,True,True,0.75,0.0,-0.031,False,False,0.137,0.043,47.474,1278,103.95,,,,,0,False,False,0.133,False,5.84,5.63,20.0,
21.0,26648,232.927,-990.819,-0.008,5.291,30.0,1278,-1,98.46,False,-1,True,True,0.75,0.0,-0.03,False,False,0.123,0.031,47.219,1278,103.95,,,,,0,False,False,0.123,False,5.58,5.6,20.0,
21.05,26649,233.111,-990.632,-0.008,5.216,30.0,1278,-1,98.72,False,-1,True,True,0.75,0.0,-0.13,False,False,0.106,0.137,46.871,1278,107.87,,,,,0,False,False,0.11,False,9.22,5.65,20.0,
21.1,26650,233.298,-990.448,-0.008,5.278,30.0,1278,-1,98.98,False,-1,True,True,0.75,0.0,-0.116,False,False,0.092,0.272,46.242,1278,107.87,,,,,0,False,False,0.086,False,8.96,5.61,20.0,
21.15,26651,233.487,-990.264,-0.008,5.36,30.0,1278,-1,99.25,False,-1,True,True,0.75,0.0,-0.075,False,False,0.095,0.289,45.651,1278,107.87,,,,,0,False,False,0.063,False,8.7,5.64,20.0,
21.2,26652,233.693,-990.066,-0.009,5.904,30.0,1278,-1,99.53,False,-1,True,True,0.733,0.0,-0.058,False,False,0.241,0.268,45.092,1278,107.87,,,,,0,False,False,0.036,False,8.41,5.68,20.0,
21.25,26653,233.914,-989.855,-0.01,6.179,30.0,1278,-1,99.83,False,-1,True,True,0.0,0.3,-0.042,False,False,0.386,0.222,44.627,1278,107.87,,,,,1,False,False,0.0,False,8.1,5.95,20.0,
21.3,26654,234.144,-989.636,-0.011,6.421,30.0,1278,-1,100.15,False,-1,True,True,0.0,0.3,-0.034,False,False,0.459,0.172,44.254,1278,107.87,,,,,0,False,False,0.0,False,7.79,6.09,20.0,
21.35,26655,234.376,-989.416,-0.011,6.381,30.0,1278,-1,100.47,False,-1,True,True,0.0,0.3,-0.028,False,False,0.431,0.13,43.949,1278,107.87,,,,,0,False,False,0.0,False,7.47,6.21,20.0,
21.4,26656,234.608,-989.199,-0.01,6.358,30.0,1278,-1,100.79,False,-1,True,True,0.0,0.3,-0.024,False,False,0.343,0.097,43.719,1278,107.87,,,,,0,False,False,0.0,False,7.15,6.19,20.0,
21.45,26657,234.834,-988.986,-0.009,6.155,30.0,1278,-1,101.1,False,-1,True,True,0.0,0.3,-0.021,False,False,0.214,0.077,43.492,1278,107.87,,,,,0,False,False,0.0,False,6.84,6.18,20.0,
21.5,26658,235.056,-988.779,-0.008,6.044,30.0,1278,-1,101.4,False,-1,True,True,0.0,0.3,-0.014,False,False,0.092,0.055,43.353,1278,107.87,,,,,0,False,False,0.0,False,6.53,6.08,20.0,
21.55,26659,235.271,-988.579,-0.007,5.795,30.0,1278,-1,101.69,False,-1,True,True,0.0,0.3,-0.016,False,False,-0.021,0.044,43.192,1278,107.87,,,,,0,False,False,0.0,False,6.24,6.02,20.0,
21.6,26660,235.48,-988.385,-0.006,5.655,30.0,1278,-1,101.98,False,-1,True,True,0.0,0.3,-0.009,False,False,-0.109,0.031,43.109,1278,107.87,,,,,0,False,False,0.0,False,5.96,5.9,20.0,
21.65,26661,235.681,-988.198,-0.005,5.384,30.0,1278,-1,102.25,False,-1,True,True,0.0,0.3,-0.012,False,False,-0.183,0.025,42.993,1278,107.87,,,,,0,False,False,0.0,False,5.68,5.83,20.0,
21.7,26662,235.878,-988.022,-0.005,5.26,30.0,1278,-1,102.51,False,-1,True,True,0.574,0.0,-0.112,False,False,-0.229,0.128,42.776,1278,111.79,,,,,0,False,False,0.0,False,9.33,5.69,20.0,
21.75,26663,236.07,-987.851,-0.005,5.08,30.0,1278,-1,102.77,False,-1,True,True,0.75,0.0,-0.05,False,False,-0.248,0.185,42.383,1278,111.79,,,,,0,False,False,0.0,False,9.08,5.63,20.0,
21.8,26664,236.262,-987.681,-0.005,5.151,30.0,1278,-1,103.03,False,-1,True,True,0.75,0.0,-0.024,False,False,-0.202,0.149,42.123,1278,111.79,,,,,0,False,False,0.0,False,8.82,5.54,20.0,
21.85,26665,236.454,-987.512,-0.006,5.075,30.0,1278,-1,103.28,False,-1,True,True,0.75,0.0,-0.025,False,False,-0.146,0.111,41.878,1278,111.79,,,,,0,False,False,0.0,False,8.57,5.58,20.0,
21.9,26666,236.635,-987.353,-0.005,4.648,30.0,1278,-1,103.52,False,-1,True,True,0.75,0.0,-0.019,False,False,-0.196,0.076,41.771,1278,111.79,,,,,0,False,False,0.0,False,8.32,5.54,20.0,
21.95,26667,236.802,-987.208,-0.005,4.324,30.0,1278,-1,103.74,False,-1,True,True,0.75,0.0,-0.024,False,False,-0.29,0.058,41.665,1278,111.79,,,,,0,False,False,0.0,False,8.1,5.32,20.0,
22.0,26668,236.96,-987.07,-0.004,4.136,30.0,1278,-1,103.95,False,-1,True,True,0.75,0.0,-0.021,False,False,-0.343,0.045,41.555,1278,111.79,,,,,0,False,False,0.0,False,7.89,5.16,20.0,
22.05,26669,237.114,-986.937,-0.004,4.052,30.0,1278,-1,104.16,False,-1,True,True,0.75,0.0,-0.017,False,False,-0.334,0.032,41.459,1278,111.79,,,,,0,False,False,0.0,False,7.69,5.07,20.0,
22.1,26670,237.267,-986.804,-0.005,4.041,30.0,1278,-1,104.36,False,-1,True,True,0.75,0.0,-0.015,False,False,-0.277,0.021,41.376,1278,111.79,,,,,0,False,False,0.0,False,7.49,5.03,20.0,
22.15,26671,237.421,-986.671,-0.006,4.077,30.0,1278,-1,104.56,False,-1,True,True,0.75,0.0,-0.013,False,False,-0.192,0.013,41.303,1278,111.79,,,,,0,False,False,0.0,False,7.28,5.02,20.0,
22.2,26672,237.577,-986.535,-0.006,4.14,30.0,1278,-1,104.77,False,-1,True,True,0.75,0.0,-0.011,False,False,-0.099,0.008,41.239,1278,111.79,,,,,0,False,False,0.0,False,7.08,5.04,20.0,
22.25,26673,237.736,-986.398,-0.007,4.22,30.0,1278,-1,104.98,False,-1,True,True,0.75,0.0,-0.009,False,False,-0.013,0.004,41.182,1278,111.79,,,,,0,False,False,0.0,False,6.87,5.07,20.0,
22.3,26674,237.898,-986.257,-0.008,4.311,30.0,1278,-1,105.19,False,-1,True,True,0.75,0.0,-0.008,False,False,0.061,0.002,41.133,1278,111.79,,,,,0,False,False,0.0,False,6.65,5.11,20.0,
22.35,26675,238.063,-986.114,-0.008,4.409,30.0,1278,-1,105.41,False,-1,True,True,0.75,0.0,-0.007,False,False,0.12,0.001,41.09,1278,111.79,,,,,0,False,False,0.0,False,6.43,5.16,20.0,
22.4,26676,238.232,-985.968,-0.009,4.51,30.0,1278,-1,105.63,False,-1,True,True,0.75,0.0,-0.006,False,False,0.166,-0.0,41.052,1278,111.79,,,,,0,False,False,0.0,False,6.21,5.2,20.0,
22.45,26677,238.405,-985.818,-0.009,4.613,30.0,1278,-1,105.86,False,-1,True,True,0.75,0.0,-0.005,False,False,0.199,-0.001,41.02,1278,111.79,,,,,0,False,False,0.0,False,5.98,5.25,20.0,
22.5,26678,238.582,-985.665,-0.009,4.717,30.0,1278,-1,106.1,False,-1,True,True,0.75,0.0,-0.004,False,False,0.222,-0.001,40.992,1278,111.79,,,,,0,False,False,0.0,False,5.75,5.31,20.0,
22.55,26679,238.763,-985.508,-0.009,4.822,30.0,1278,-1,106.34,False,-1,True,True,0.75,0.0,-0.004,False,False,0.238,-0.001,40.967,1278,111.79,,,,,0,False,False,0.0,False,5.51,5.36,20.0,
22.6,26680,238.948,-985.348,-0.009,4.927,30.0,1278,-1,106.58,False,-1,True,True,0.75,0.0,-0.003,False,False,0.248,-0.001,40.946,1278,111.79,,,,,0,False,False,0.0,False,5.26,5.41,20.0,
22.65,26681,239.139,-985.188,-0.009,5.019,30.0,1278,-1,106.83,False,-1,True,True,0.75,0.0,-0.103,False,False,0.252,0.112,40.738,1278,115.71,,,,,0,False,False,0.0,False,8.93,5.46,20.0,
22.7,26682,239.335,-985.026,-0.009,5.128,30.0,1278,-1,107.08,False,-1,True,True,0.75,0.0,-0.016,False,False,0.255,0.144,40.48,1278,115.71,,,,,0,False,False,0.0,False,8.68,5.51,20.0,
22.75,26683,239.532,-984.86,-0.009,5.15,30.0,1278,-1,107.34,False,-1,True,True,0.75,0.0,-0.003,False,False,0.243,0.075,40.34,1278,115.71,,,,,0,False,False,0.0,False,8.42,5.56,20.0,
22.8,26684,239.728,-984.695,-0.009,5.127,30.0,1278,-1,107.6,False,-1,True,True,0.75,0.0,-0.008,False,False,0.201,0.035,40.309,1278,115.71,,,,,0,False,False,0.0,False,8.17,5.57,20.0,
22.85,26685,239.924,-984.531,-0.008,5.119,30.0,1278,-1,107.85,False,-1,True,True,0.75,0.0,-0.014,False,False,0.158,0.029,40.188,1278,115.71,,,,,0,False,False,0.0,False,7.91,5.56,20.0,
22.9,26686,240.12,-984.367,-0.008,5.128,30.0,1278,-1,108.11,False,-1,True,True,0.75,0.0,-0.004,False,False,0.128,0.015,40.168,1278,115.71,,,,,0,False,False,0.0,False,7.65,5.56,20.0,
22.95,26687,240.317,-984.202,-0.008,5.152,30.0,1278,-1,108.37,False,-1,True,True,0.75,0.0,-0.01,False,False,0.113,0.015,40.068,1278,115.71,,,,,0,False,False,0.0,False,7.4,5.56,20.0,
23.0,26688,240.515,-984.036,-0.008,5.169,30.0,1278,-1,108.62,False,-1,True,True,0.75,0.0,-0.002,False,False,0.108,0.005,40.07,1278,115.71,,,,,0,False,False,0.0,False,7.14,5.58,20.0,
23.05,26689,240.713,-983.871,-0.008,5.166,30.0,1278,-1,108.88,False,-1,True,True,0.75,0.0,-0.008,False,False,0.098,0.008,39.989,1278,115.71,,,,,0,False,False,0.0,False,6.88,5.58,20.0,
23.1,26690,240.912,-983.705,-0.008,5.205,30.0,1278,-1,109.14,False,-1,True,True,0.75,0.0,-0.0,False,False,0.092,0.001,39.998,1278,115.71,,,,,0,False,False,0.0,False,6.62,5.58,20.0,
23.15,26691,241.125,-983.528,-0.009,5.708,30.0,1278,-1,109.42,False,-1,True,True,0.75,0.0,-0.007,False,False,0.215,0.007,39.98,1278,115.71,,,,,0,False,False,0.0,False,6.35,5.6,20.0,
23.2,26692,241.354,-983.337,-0.01,6.079,30.0,1278,-1,109.72,False,-1,True,True,0.0,0.3,-0.004,False,False,0.37,0.009,39.972,1278,115.71,,,,,0,False,False,0.0,False,6.05,5.85,20.0,
23.25,26693,241.593,-983.137,-0.011,6.273,30.0,1278,-1,110.03,False,-1,True,True,0.0,0.3,-0.004,False,False,0.452,0.009,39.926,1278,115.71,,,,,0,False,False,0.0,False,5.74,6.04,20.0,
23.3,26694,241.837,-982.938,-0.011,6.297,30.0,1278,-1,110.34,False,-1,True,True,0.0,0.3,-0.055,False,False,0.436,0.098,39.773,1278,119.64,,,,,0,False,False,0.0,False,9.34,6.14,20.0,
23.35,26695,242.078,-982.741,-0.01,6.204,30.0,1278,-1,110.65,False,-1,True,True,0.0,0.3,-0.005,False,False,0.343,0.095,39.561,1278,119.64,,,,,0,False,False,0.0,False,9.03,6.15,20.0,
23.4,26696,242.314,-982.547,-0.009,6.072,30.0,1278,-1,110.96,False,-1,True,True,0.0,0.3,0.006,False,False,0.22,0.039,39.525,1278,119.64,,,,,0,False,False,0.0,False,8.73,6.1,20.0,
23.45,26697,242.543,-982.358,-0.008,5.909,30.0,1278,-1,111.26,False,-1,True,True,0.0,0.3,-0.005,False,False,0.098,0.018,39.448,1278,119.64,,,,,0,False,False,0.0,False,8.43,6.04,20.0,
23.5,26698,242.767,-982.174,-0.007,5.728,30.0,1278,-1,111.55,False,-1,True,True,0.0,0.3,-0.0,False,False,-0.01,0.006,39.459,1278,119.64,,,,,0,False,False,0.0,False,8.14,5.95,20.0,
23.55,26699,242.983,-981.997,-0.006,5.534,30.0,1278,-1,111.83,False,-1,True,True,0.0,0.3,-0.006,False,False,-0.099,0.008,39.391,1278,119.64,,,,,0,False,False,0.0,False,7.86,5.86,20.0,
23.6,26700,243.193,-981.825,-0.006,5.364,30.0,1278,-1,112.1,False,-1,True,True,0.048,0.0,0.001,False,False,-0.164,0.002,39.412,1278,119.64,,,,,0,False,False,0.0,False,7.59,5.77,20.0,
23.65,26701,243.396,-981.658,-0.005,5.217,30.0,1278,-1,112.36,False,-1,True,True,0.657,0.0,-0.006,False,False,-0.197,0.006,39.351,1278,119.64,,,,,0,False,False,0.0,False,7.33,5.68,20.0,
23.7,26702,243.595,-981.495,-0.005,5.09,30.0,1278,-1,112.62,False,-1,True,True,0.75,0.0,0.002,False,False,-0.209,0.0,39.382,1278,119.64,,,,,0,False,False,0.0,False,7.07,5.61,20.0,
23.75,26703,243.792,-981.334,-0.005,5.087,30.0,1278,-1,112.87,False,-1,True,True,0.75,0.0,-0.005,False,False,-0.179,0.005,39.312,1278,119.64,,,,,0,False,False,0.0,False,6.81,5.54,20.0,
23.8,26704,243.989,-981.173,-0.006,5.084,30.0,1278,-1,113.13,False,-1,True,True,0.75,0.0,0.004,False,False,-0.126,-0.002,39.346,1278,119.64,,,,,0,False,False,0.0,False,6.56,5.54,20.0,
23.85,26705,244.179,-981.018,-0.006,4.718,30.0,1278,-1,113.37,False,-1,True,True,0.75,0.0,-0.004,False,False,-0.15,0.001,39.334,1278,119.64,,,,,0,False,False,0.0,False,6.32,5.54,20.0,
23.9,26706,244.352,-980.876,-0.005,4.385,30.0,1278,-1,113.59,False,-1,True,True,0.75,0.0,-0.001,False,False,-0.245,0.002,39.341,1278,119.64,,,,,0,False,False,0.0,False,6.09,5.36,20.0,
23.95,26707,244.517,-980.741,-0.005,4.188,30.0,1278,-1,113.81,False,-1,True,True,0.75,0.0,-0.002,False,False,-0.308,0.002,39.336,1278,119.64,,,,,0,False,False,0.0,False,5.88,5.19,20.0,
24.0,26708,244.676,-980.611,-0.005,4.098,30.0,1278,-1,114.01,False,-1,True,True,0.75,0.0,-0.001,False,False,-0.311,0.002,39.328,1278,119.64,,,,,0,False,False,0.0,False,5.67,5.09,20.0,
24.05,26709,244.835,-980.481,-0.005,4.082,30.0,1278,-1,114.22,False,-1,True,True,0.75,0.0,-0.001,False,False,-0.264,0.001,39.323,1278,119.64,,,,,0,False,False,0.0,False,5.47,5.05,20.0,
24.1,26710,244.994,-980.351,-0.006,4.114,30.0,1278,-1,114.42,False,-1,True,True,0.75,0.0,-0.001,False,False,-0.186,0.0,39.318,1278,119.64,,,,,0,False,False,0.0,False,5.26,5.04,20.0,
24.15,26711,245.155,-980.219,-0.006,4.175,30.0,1278,-1,114.63,False,-1,True,True,0.75,0.0,-0.001,False,False,-0.098,-0.0,39.314,1278,119.64,,,,,0,False,False,0.0,False,5.05,5.06,20.0,
24.2,26712,245.32,-980.086,-0.007,4.252,30.0,1278,-1,114.84,False,-1,True,True,0.75,0.0,-0.034,False,False,-0.015,0.05,39.219,1278,123.56,,,,,0,False,False,0.0,False,8.76,5.09,20.0,
24.25,26713,245.488,-979.951,-0.008,4.342,30.0,1278,-1,115.06,False,-1,True,True,0.75,0.0,-0.002,False,False,0.058,0.043,39.148,1278,123.56,,,,,0,False,False,0.0,False,8.55,5.13,20.0,
24.3,26714,245.659,-979.812,-0.008,4.438,30.0,1278,-1,115.28,False,-1,True,True,0.75,0.0,-0.001,False,False,0.117,0.019,39.125,1278,123.56,,,,,0,False,False,0.0,False,8.33,5.17,20.0,
24.35,26715,245.835,-979.67,-0.009,4.539,30.0,1278,-1,115.5,False,-1,True,True,0.75,0.0,-0.004,False,False,0.162,0.009,39.106,1278,123.56,,,,,0,False,False,0.0,False,8.1,5.22,20.0,
24.4,26716,246.014,-979.525,-0.009,4.642,30.0,1278,-1,115.74,False,-1,True,True,0.75,0.0,-0.003,False,False,0.196,0.006,39.085,1278,123.56,,,,,0,False,False,0.0,False,7.87,5.27,20.0,
24.45,26717,246.197,-979.377,-0.009,4.746,30.0,1278,-1,115.97,False,-1,True,True,0.75,0.0,-0.003,False,False,0.22,0.003,39.066,1278,123.56,,,,,0,False,False,0.0,False,7.64,5.32,20.0,
24.5,26718,246.384,-979.226,-0.009,4.85,30.0,1278,-1,116.21,False,-1,True,True,0.75,0.0,-0.002,False,False,0.236,0.001,39.051,1278,123.56,,,,,0,False,False,0.0,False,7.4,5.37,20.0,
24.55,26719,246.575,-979.071,-0.009,4.955,30.0,1278,-1,116.46,False,-1,True,True,0.75,0.0,-0.002,False,False,0.247,0.0,39.038,1278,123.56,,,,,0,False,False,0.0,False,7.15,5.43,20.0,
24.6,26720,246.77,-978.913,-0.009,5.059,30.0,1278,-1,116.71,False,-1,True,True,0.75,0.0,-0.002,False,False,0.254,-0.0,39.026,1278,123.56,,,,,0,False,False,0.0,False,6.9,5.48,20.0,
24.65,26721,246.969,-978.752,-0.009,5.168,30.0,1278,-1,116.96,False,-1,True,True,0.75,0.0,-0.001,False,False,0.259,-0.0,39.016,1278,123.56,,,,,0,False,False,0.0,False,6.64,5.53,20.0,
24.7,26722,247.171,-978.588,-0.009,5.222,30.0,1278,-1,117.22,False,-1,True,True,0.75,0.0,-0.001,False,False,0.257,-0.0,39.007,1278,123.56,,,,,0,False,False,0.0,False,6.38,5.58,20.0,
24.75,26723,247.378,-978.421,-0.009,5.374,30.0,1278,-1,117.49,False,-1,True,True,0.75,0.0,-0.001,False,False,0.257,-0.001,39.013,1278,123.56,,,,,0,False,False,0.0,False,6.12,5.61,20.0,
24.8,26724,247.585,-978.254,-0.009,5.279,30.0,1278,-1,117.76,False,-1,True,True,0.712,0.0,-0.002,False,False,0.219,0.002,38.973,1278,123.56,,,,,0,False,False,0.0,False,5.85,5.69,20.0,
24.85,26725,247.791,-978.087,-0.009,5.339,30.0,1278,-1,118.02,False,-1,True,True,0.75,0.0,0.002,False,False,0.178,-0.003,38.992,1278,123.56,,,,,0,False,False,0.0,False,5.59,5.64,20.0,
24.9,26726,247.997,-977.921,-0.008,5.274,30.0,1278,-1,118.29,False,-1,True,True,0.75,0.0,-0.02,False,False,0.139,0.028,38.907,1278,127.48,,,,,0,False,False,0.0,False,9.24,5.67,20.0,
24.95,26727,248.205,-977.755,-0.008,5.365,30.0,1278,-1,118.55,False,-1,True,True,0.75,0.0,0.002,False,False,0.123,0.023,38.884,1278,127.48,,,,,0,False,False,0.0,False,8.98,5.64,20.0,
25.0,26728,248.412,-977.587,-0.008,5.297,30.0,1278,-1,118.82,False,-1,True,True,0.718,0.0,-0.001,False,False,0.106,0.013,38.83,1278,127.48,,,,,0,False,False,0.0,False,8.71,5.68,20.0,
25.05,26729,248.62,-977.42,-0.008,5.364,30.0,1278,-1,119.09,False,-1,True,True,0.75,0.0,0.002,False,False,0.097,0.003,38.848,1278,127.48,,,,,0,False,False,0.0,False,8.44,5.65,20.0,
25.1,26730,248.83,-977.25,-0.008,5.546,30.0,1278,-1,119.36,False,-1,True,True,0.715,0.0,-0.003,False,False,0.123,0.005,38.803,1278,127.48,,,,,0,False,False,0.0,False,8.17,5.68,20.0,
25.15,26731,249.06,-977.066,-0.009,6.045,30.0,1278,-1,119.65,False,-1,True,True,0.056,0.0,0.002,False,False,0.275,0.001,38.779,1278,127.48,,,,,0,False,False,0.0,False,7.88,5.77,20.0,
25.2,26732,249.301,-976.871,-0.01,6.224,30.0,1278,-1,119.96,False,-1,True,True,0.0,0.3,0.002,False,False,0.39,-0.003,38.778,1278,127.48,,,,,0,False,False,0.0,False,7.57,6.02,20.0,
25.25,26733,249.547,-976.673,-0.011,6.353,30.0,1278,-1,120.28,False,-1,True,True,0.0,0.3,-0.0,False,False,0.414,-0.0,38.779,1278,127.48,,,,,0,False,False,0.0,False,7.25,6.11,20.0,
25.3,26734,249.791,-976.477,-0.01,6.234,30.0,1278,-1,120.59,False,-1,True,True,0.0,0.3,-0.0,False,False,0.348,0.003,38.778,1278,127.48,,,,,0,False,False,0.0,False,6.94,6.18,20.0,
25.35,26735,250.032,-976.283,-0.009,6.174,30.0,1278,-1,120.9,False,-1,True,True,0.0,0.3,0.0,False,False,0.244,0.004,38.789,1278,127.48,,,,,0,False,False,0.0,False,6.63,6.12,20.0,
25.4,26736,250.267,-976.095,-0.008,5.947,30.0,1278,-1,121.2,False,-1,True,True,0.0,0.3,-0.001,False,False,0.12,0.006,38.763,1278,127.48,,,,,0,False,False,0.0,False,6.33,6.09,20.0,
25.45,26737,250.495,-975.911,-0.007,5.821,30.0,1278,-1,121.49,False,-1,True,True,0.0,0.3,0.002,False,False,0.01,0.002,38.791,1278,127.48,,,,,0,False,False,0.0,False,6.04,5.97,20.0,
25.5,26738,250.715,-975.734,-0.006,5.561,30.0,1278,-1,121.77,False,-1,True,True,0.0,0.3,-0.002,False,False,-0.09,0.005,38.765,1278,127.48,,,,,0,False,False,0.0,False,5.75,5.91,20.0,
25.55,26739,250.929,-975.563,-0.006,5.445,30.0,1278,-1,122.05,False,-1,True,True,0.0,0.053,-0.004,False,False,-0.157,0.011,38.774,1278,131.4,,,,,0,False,False,0.0,False,9.4,5.78,20.0,
25.6,26740,251.136,-975.397,-0.005,5.225,30.0,1278,-1,122.31,False,-1,True,True,0.363,0.0,-0.002,False,False,-0.201,0.012,38.723,1278,131.4,,,,,0,False,False,0.0,False,9.14,5.72,20.0,
25.65,26741,251.338,-975.236,-0.005,5.156,30.0,1278,-1,122.57,False,-1,True,True,0.75,0.0,0.003,False,False,-0.214,0.002,38.738,1278,131.4,,,,,0,False,False,0.0,False,8.88,5.61,20.0,
25.7,26742,251.535,-975.077,-0.005,5.021,30.0,1278,-1,122.83,False,-1,True,True,0.75,0.0,-0.002,False,False,-0.209,0.001,38.703,1278,131.4,,,,,0,False,False,0.0,False,8.62,5.58,20.0,
25.75,26743,251.733,-974.918,-0.006,5.088,30.0,1278,-1,123.08,False,-1,True,True,0.75,0.0,0.003,False,False,-0.157,-0.002,38.735,1278,131.4,,,,,0,False,False,0.0,False,8.37,5.51,20.0,
25.8,26744,251.929,-974.761,-0.006,4.916,30.0,1278,-1,123.33,False,-1,True,True,0.75,0.0,-0.003,False,False,-0.116,0.002,38.73,1278,131.4,,,,,0,False,False,0.0,False,8.12,5.54,20.0,
25.85,26745,252.112,-974.614,-0.006,4.557,30.0,1278,-1,123.57,False,-1,True,True,0.75,0.0,-0.0,False,False,-0.181,0.003,38.697,1278,131.4,,,,,0,False,False,0.0,False,7.88,5.46,20.0,
25.9,26746,252.283,-974.477,-0.005,4.298,30.0,1278,-1,123.78,False,-1,True,True,0.75,0.0,0.003,False,False,-0.264,-0.001,38.695,1278,131.4,,,,,0,False,False,0.0,False,7.67,5.28,20.0,
25.95,26747,252.447,-974.346,-0.005,4.161,30.0,1278,-1,123.99,False,-1,True,True,0.75,0.0,0.001,False,False,-0.298,-0.002,38.699,1278,131.4,,,,,0,False,False,0.0,False,7.46,5.15,20.0,
26.0,26748,252.608,-974.217,-0.005,4.113,30.0,1278,-1,124.2,False,-1,True,True,0.75,0.0,0.0,False,False,-0.276,-0.0,38.701,1278,131.4,,,,,0,False,False,0.0,False,7.25,5.08,20.0,
26.05,26749,252.769,-974.088,-0.005,4.124,30.0,1278,-1,124.41,False,-1,True,True,0.75,0.0,0.0,False,False,-0.214,0.001,38.702,1278,131.4,,,,,0,False,False,0.0,False,7.04,5.06,20.0,
26.1,26750,252.932,-973.957,-0.006,4.173,30.0,1278,-1,124.62,False,-1,True,True,0.75,0.0,0.0,False,False,-0.133,0.001,38.703,1278,131.4,,,,,0,False,False,0.0,False,6.83,5.06,20.0,
26.15,26751,253.096,-973.825,-0.007,4.243,30.0,1278,-1,124.83,False,-1,True,True,0.75,0.0,0.0,False,False,-0.049,0.001,38.704,1278,131.4,,,,,0,False,False,0.0,False,6.62,5.09,20.0,
26.2,26752,253.265,-973.691,-0.008,4.328,30.0,1278,-1,125.04,False,-1,True,True,0.75,0.0,0.0,False,False,0.028,0.001,38.706,1278,131.4,,,,,0,False,False,0.0,False,6.41,5.12,20.0,
26.25,26753,253.436,-973.553,-0.008,4.421,30.0,1278,-1,125.26,False,-1,True,True,0.75,0.0,0.0,False,False,0.092,0.0,38.707,1278,131.4,,,,,0,False,False,0.0,False,6.19,5.16,20.0,
26.3,26754,253.611,-973.413,-0.008,4.52,30.0,1278,-1,125.49,False,-1,True,True,0.75,0.0,0.0,False,False,0.143,0.0,38.707,1278,131.4,,,,,0,False,False,0.0,False,5.96,5.21,20.0,
26.35,26755,253.79,-973.269,-0.009,4.621,30.0,1278,-1,125.72,False,-1,True,True,0.75,0.0,0.0,False,False,0.181,0.0,38.708,1278,131.4,,,,,0,False,False,0.0,False,5.73,5.26,20.0,
26.4,26756,253.973,-973.123,-0.009,4.724,30.0,1278,-1,125.95,False,-1,True,True,0.75,0.0,0.0,False,False,0.209,0.0,38.709,1278,131.4,,,,,0,False,False,0.0,False,5.5,5.31,20.0,
26.45,26757,254.16,-972.973,-0.009,4.828,30.0,1278,-1,126.19,False,-1,True,True,0.75,0.0,0.0,False,False,0.229,0.0,38.709,1278,131.4,,,,,0,False,False,0.0,False,5.26,5.36,20.0,
26.5,26758,254.352,-972.822,-0.009,4.931,30.0,1278,-1,126.43,False,-1,True,True,0.75,0.0,-0.03,False,False,0.242,0.05,38.618,1278,135.32,,,,,0,False,False,0.0,False,8.96,5.41,20.0,
26.55,26759,254.548,-972.666,-0.009,5.035,30.0,1278,-1,126.68,False,-1,True,True,0.75,0.0,0.0,False,False,0.25,0.042,38.551,1278,135.32,,,,,0,False,False,0.0,False,8.71,5.47,20.0,
26.6,26760,254.747,-972.508,-0.009,5.136,30.0,1278,-1,126.94,False,-1,True,True,0.75,0.0,0.001,False,False,0.255,0.016,38.535,1278,135.32,,,,,0,False,False,0.0,False,8.45,5.52,20.0,
26.65,26761,254.951,-972.346,-0.009,5.274,30.0,1278,-1,127.2,False,-1,True,True,0.75,0.0,-0.003,False,False,0.26,0.008,38.523,1278,135.32,,,,,0,False,False,0.0,False,8.19,5.57,20.0,
26.7,26762,255.158,-972.182,-0.009,5.268,30.0,1278,-1,127.46,False,-1,True,True,0.75,0.0,-0.003,False,False,0.251,0.006,38.492,1278,135.32,,,,,0,False,False,0.0,False,7.93,5.64,20.0,
26.75,26763,255.365,-972.017,-0.009,5.315,30.0,1278,-1,127.73,False,-1,True,True,0.75,0.0,-0.0,False,False,0.218,0.001,38.505,1278,135.32,,,,,0,False,False,0.0,False,7.67,5.63,20.0,
26.8,26764,255.571,-971.854,-0.008,5.238,30.0,1278,-1,127.99,False,-1,True,True,0.75,0.0,-0.004,False,False,0.171,0.003,38.458,1278,135.32,,,,,0,False,False,0.0,False,7.4,5.66,20.0,
26.85,26765,255.777,-971.69,-0.008,5.318,30.0,1278,-1,128.25,False,-1,True,True,0.75,0.0,0.002,False,False,0.142,-0.002,38.47,1278,135.32,,,,,0,False,False,0.0,False,7.14,5.62,20.0,
26.9,26766,255.984,-971.525,-0.008,5.272,30.0,1278,-1,128.52,False,-1,True,True,0.75,0.0,-0.003,False,False,0.12,0.001,38.429,1278,135.32,,,,,0,False,False,0.0,False,6.87,5.66,20.0,
26.95,26767,256.192,-971.36,-0.008,5.338,30.0,1278,-1,128.78,False,-1,True,True,0.75,0.0,0.002,False,False,0.11,-0.003,38.447,1278,135.32,,,,,0,False,False,0.0,False,6.61,5.64,20.0,
27.0,26768,256.399,-971.196,-0.008,5.264,30.0,1278,-1,129.05,False,-1,True,True,0.75,0.0,-0.002,False,False,0.092,0.0,38.413,1278,135.32,,,,,0,False,False,0.0,False,6.34,5.67,20.0,
27.05,26769,256.614,-971.025,-0.008,5.687,30.0,1278,-1,129.32,False,-1,True,True,0.75,0.0,0.002,False,False,0.154,-0.002,38.4,1278,135.32,,,,,0,False,False,0.0,False,6.07,5.63,20.0,
27.1,26770,256.845,-970.841,-0.01,6.007,30.0,1278,-1,129.62,False,-1,True,True,0.0,0.3,0.001,False,False,0.301,-0.003,38.389,1278,135.32,,,,,0,False,False,0.0,False,5.77,5.84,20.0,
27.15,26771,257.09,-970.649,-0.011,6.291,30.0,1278,-1,129.93,False,-1,True,True,0.0,0.3,-0.022,False,False,0.405,0.046,38.31,1278,139.25,,,,,0,False,False,0.0,False,9.39,6.0,20.0,
27.2,26772,257.337,-970.455,-0.011,6.282,30.0,1278,-1,130.24,False,-1,True,True,0.0,0.3,0.001,False,False,0.409,0.04,38.248,1278,139.25,,,,,0,False,False,0.0,False,9.08,6.15,20.0,
27.25,26773,257.584,-970.26,-0.01,6.292,30.0,1278,-1,130.56,False,-1,True,True,0.0,0.3,0.002,False,False,0.346,0.017,38.224,1278,139.25,,,,,0,False,False,0.0,False,8.76,6.14,20.0,
27.3,26774,257.826,-970.07,-0.009,6.096,30.0,1278,-1,130.87,False,-1,True,True,0.0,0.3,-0.0,False,False,0.232,0.007,38.239,1278,139.25,,,,,0,False,False,0.0,False,8.45,6.15,20.0,
27.35,26775,258.062,-969.884,-0.008,5.99,30.0,1278,-1,131.17,False,-1,True,True,0.0,0.3,-0.003,False,False,0.113,0.009,38.204,1278,139.25,,,,,0,False,False,0.0,False,8.15,6.05,20.0,
27.4,26776,258.291,-969.704,-0.007,5.745,30.0,1278,-1,131.46,False,-1,True,True,0.0,0.3,0.001,False,False,-0.001,0.004,38.222,1278,139.25,,,,,0,False,False,0.0,False,7.86,6.0,20.0,
27.45,26777,258.512,-969.529,-0.006,5.609,30.0,1278,-1,131.74,False,-1,True,True,0.0,0.3,-0.003,False,False,-0.091,0.005,38.188,1278,139.25,,,,,0,False,False,0.0,False,7.58,5.87,20.0,
27.5,26778,258.726,-969.361,-0.006,5.351,30.0,1278,-1,132.01,False,-1,True,True,0.0,0.226,0.002,False,False,-0.166,0.002,38.212,1278,139.25,,,,,0,False,False,0.0,False,7.31,5.8,20.0,
27.55,26779,258.934,-969.197,-0.005,5.249,30.0,1278,-1,132.28,False,-1,True,True,0.702,0.0,-0.003,False,False,-0.209,0.005,38.182,1278,139.25,,,,,0,False,False,0.0,False,7.04,5.68,20.0,
27.6,26780,259.135,-969.039,-0.005,5.048,30.0,1278,-1,132.53,False,-1,True,True,0.75,0.0,0.002,False,False,-0.229,0.002,38.215,1278,139.25,,,,,0,False,False,0.0,False,6.79,5.62,20.0,
27.65,26781,259.333,-968.883,-0.005,5.072,30.0,1278,-1,132.78,False,-1,True,True,0.75,0.0,-0.004,False,False,-0.209,0.006,38.179,1278,139.25,,,,,0,False,False,0.0,False,6.53,5.52,20.0,
27.7,26782,259.532,-968.727,-0.006,5.026,30.0,1278,-1,133.0,False,-1,True,True,0.75,0.0,0.002,False,False,-0.154,-0.0,38.208,1278,139.25,,,,,0,False,False,0.0,False,6.28,5.54,20.0,
27.75,26783,259.726,-968.574,-0.006,4.78,30.0,1278,-1,133.22,False,-1,True,True,0.75,0.0,-0.003,False,False,-0.144,0.002,38.2,1278,139.25,,,,,0,False,False,0.0,False,6.03,5.51,20.0,
27.8,26784,259.904,-968.434,-0.005,4.415,30.0,1278,-1,133.44,False,-1,True,True,0.75,0.0,-0.0,False,False,-0.23,0.002,38.191,1278,139.25,,,,,0,False,False,0.0,False,5.81,5.39,20.0,
27.85,26785,260.072,-968.303,-0.005,4.191,30.0,1278,-1,133.66,False,-1,True,True,0.75,0.0,0.0,False,False,-0.301,-0.0,38.188,1278,139.25,,,,,0,False,False,0.0,False,5.6,5.21,20.0,
27.9,26786,260.233,-968.176,-0.005,4.081,30.0,1278,-1,133.86,False,-1,True,True,0.75,0.0,-0.0,False,False,-0.315,-0.001,38.187,1278,139.25,,,,,0,False,False,0.0,False,5.39,5.1,20.0,
27.95,26787,260.393,-968.05,-0.005,4.053,30.0,1278,-1,134.06,False,-1,True,True,0.75,0.0,-0.0,False,False,-0.276,-0.0,38.185,1278,139.25,,,,,0,False,False,0.0,False,5.19,5.04,20.0,
28.0,26788,260.553,-967.924,-0.006,4.077,30.0,1278,-1,134.27,False,-1,True,True,0.75,0.0,-0.0,False,False,-0.202,-0.0,38.184,1278,139.25,,,,,0,False,False,0.0,False,4.98,5.03,20.0,
28.05,26789,260.716,-967.798,-0.006,4.133,30.0,1278,-1,134.47,False,-1,True,True,0.75,0.0,-0.023,False,False,-0.116,0.036,38.116,1278,143.17,,,,,0,False,False,0.0,False,8.71,5.04,20.0,
28.1,26790,260.882,-967.669,-0.007,4.209,30.0,1278,-1,134.68,False,-1,True,True,0.75,0.0,-0.0,False,False,-0.03,0.029,38.07,1278,143.17,,,,,0,False,False,0.0,False,8.5,5.07,20.0,
28.15,26791,261.05,-967.537,-0.008,4.297,30.0,1278,-1,134.9,False,-1,True,True,0.75,0.0,-0.001,False,False,0.045,0.012,38.056,1278,143.17,,,,,0,False,False,0.0,False,8.28,5.1,20.0,
28.2,26792,261.222,-967.403,-0.008,4.393,30.0,1278,-1,135.12,False,-1,True,True,0.75,0.0,-0.003,False,False,0.107,0.006,38.044,1278,143.17,,,,,0,False,False,0.0,False,8.06,5.15,20.0,
28.25,26793,261.398,-967.266,-0.009,4.493,30.0,1278,-1,135.34,False,-1,True,True,0.75,0.0,-0.002,False,False,0.155,0.003,38.031,1278,143.17,,,,,0,False,False,0.0,False,7.84,5.2,20.0,
28.3,26794,261.578,-967.125,-0.009,4.596,30.0,1278,-1,135.57,False,-1,True,True,0.75,0.0,-0.002,False,False,0.191,0.002,38.019,1278,143.17,,,,,0,False,False,0.0,False,7.61,5.25,20.0,
28.35,26795,261.762,-966.982,-0.009,4.7,30.0,1278,-1,135.8,False,-1,True,True,0.75,0.0,-0.001,False,False,0.216,0.001,38.009,1278,143.17,,,,,0,False,False,0.0,False,7.38,5.3,20.0,
28.4,26796,261.95,-966.835,-0.009,4.804,30.0,1278,-1,136.04,False,-1,True,True,0.75,0.0,-0.001,False,False,0.234,0.0,38.001,1278,143.17,,,,,0,False,False,0.0,False,7.14,5.35,20.0,
28.45,26797,262.142,-966.686,-0.009,4.909,30.0,1278,-1,136.28,False,-1,True,True,0.75,0.0,-0.001,False,False,0.246,-0.0,37.993,1278,143.17,,,,,0,False,False,0.0,False,6.9,5.4,20.0,
28.5,26798,262.338,-966.533,-0.009,5.013,30.0,1278,-1,136.53,False,-1,True,True,0.75,0.0,-0.001,False,False,0.253,-0.0,37.987,1278,143.17,,,,,0,False,False,0.0,False,6.65,5.45,20.0,
28.55,26799,262.538,-966.377,-0.009,5.117,30.0,1278,-1,136.78,False,-1,True,True,0.75,0.0,-0.001,False,False,0.258,-0.0,37.981,1278,143.17,,,,,0,False,False,0.0,False,6.4,5.51,20.0,
28.6,26800,262.742,-966.217,-0.009,5.177,30.0,1278,-1,137.04,False,-1,True,True,0.75,0.0,-0.001,False,False,0.257,-0.0,37.976,1278,143.17,,,,,0,False,False,0.0,False,6.14,5.56,20.0,
28.65,26801,262.95,-966.055,-0.009,5.343,30.0,1278,-1,137.31,False,-1,True,True,0.75,0.0,-0.001,False,False,0.26,-0.0,37.981,1278,143.17,,,,,0,False,False,0.0,False,5.87,5.59,20.0,
28.7,26802,263.158,-965.892,-0.009,5.255,30.0,1278,-1,137.57,False,-1,True,True,0.75,0.0,-0.001,False,False,0.227,0.001,37.952,1278,143.17,,,,,0,False,False,0.0,False,5.61,5.67,20.0,
28.75,26803,263.368,-965.732,-0.009,5.313,30.0,1278,-1,137.84,False,-1,True,True,0.75,0.0,-0.032,False,False,0.186,0.049,37.888,1278,147.09,,,,,0,False,False,0.0,False,9.29,5.63,20.0,
28.8,26804,263.576,-965.571,-0.008,5.249,30.0,1278,-1,138.1,False,-1,True,True,0.75,0.0,-0.004,False,False,0.146,0.049,37.769,1278,147.09,,,,,0,False,False,0.0,False,9.03,5.66,20.0,
28.85,26805,263.786,-965.409,-0.008,5.34,30.0,1278,-1,138.36,False,-1,True,True,0.75,0.0,0.003,False,False,0.128,0.021,37.755,1278,147.09,,,,,0,False,False,0.0,False,8.76,5.62,20.0,
28.9,26806,263.995,-965.246,-0.008,5.272,30.0,1278,-1,138.63,False,-1,True,True,0.75,0.0,-0.004,False,False,0.109,0.011,37.7,1278,147.09,,,,,0,False,False,0.0,False,8.5,5.67,20.0,
28.95,26807,264.205,-965.084,-0.008,5.339,30.0,1278,-1,138.89,False,-1,True,True,0.75,0.0,0.001,False,False,0.099,0.003,37.712,1278,147.09,,,,,0,False,False,0.0,False,8.23,5.64,20.0,
29.0,26808,264.419,-964.919,-0.008,5.521,30.0,1278,-1,139.16,False,-1,True,True,0.75,0.0,-0.004,False,False,0.125,0.006,37.66,1278,147.09,,,,,0,False,False,0.0,False,7.96,5.67,20.0,
29.05,26809,264.65,-964.74,-0.009,6.025,30.0,1278,-1,139.46,False,-1,True,True,0.148,0.0,0.002,False,False,0.277,0.002,37.631,1278,147.09,,,,,0,False,False,0.0,False,7.67,5.76,20.0,
29.1,26810,264.895,-964.551,-0.011,6.213,30.0,1278,-1,139.77,False,-1,True,True,0.0,0.3,0.001,False,False,0.395,-0.002,37.626,1278,147.09,,,,,0,False,False,0.0,False,7.36,6.01,20.0,
29.15,26811,265.145,-964.359,-0.011,6.35,30.0,1278,-1,140.08,False,-1,True,True,0.0,0.3,-0.0,False,False,0.421,0.0,37.624,1278,147.09,,,,,0,False,False,0.0,False,7.04,6.11,20.0,
29.2,26812,265.393,-964.167,-0.01,6.236,30.0,1278,-1,140.39,False,-1,True,True,0.0,0.3,-0.0,False,False,0.357,0.003,37.62,1278,147.09,,,,,0,False,False,0.0,False,6.73,6.18,20.0,
29.25,26813,265.639,-963.978,-0.009,6.179,30.0,1278,-1,140.7,False,-1,True,True,0.0,0.3,-0.0,False,False,0.253,0.004,37.629,1278,147.09,,,,,0,False,False,0.0,False,6.42,6.12,20.0,
29.3,26814,265.877,-963.794,-0.008,5.953,30.0,1278,-1,141.01,False,-1,True,True,0.0,0.3,-0.001,False,False,0.127,0.006,37.601,1278,147.09,,,,,0,False,False,0.0,False,6.12,6.09,20.0,
29.35,26815,266.109,-963.616,-0.007,5.828,30.0,1278,-1,141.3,False,-1,True,True,0.0,0.3,0.002,False,False,0.016,0.002,37.627,1278,147.09,,,,,0,False,False,0.0,False,5.83,5.98,20.0,
29.4,26816,266.334,-963.445,-0.006,5.566,30.0,1278,-1,141.58,False,-1,True,True,0.0,0.3,-0.039,False,False,-0.085,0.062,37.505,1278,151.01,,,,,0,False,False,0.0,False,9.47,5.91,20.0,
29.45,26817,266.552,-963.279,-0.006,5.449,30.0,1278,-1,141.85,False,-1,True,True,0.0,0.071,0.0,False,False,-0.154,0.054,37.439,1278,151.01,,,,,0,False,False,0.0,False,9.19,5.78,20.0,
29.5,26818,266.763,-963.118,-0.005,5.229,30.0,1278,-1,142.12,False,-1,True,True,0.348,0.0,-0.001,False,False,-0.199,0.028,37.362,1278,151.01,,,,,0,False,False,0.0,False,8.93,5.72,20.0,
29.55,26819,266.969,-962.961,-0.005,5.16,30.0,1278,-1,142.38,False,-1,True,True,0.75,0.0,0.001,False,False,-0.213,0.009,37.361,1278,151.01,,,,,0,False,False,0.0,False,8.67,5.61,20.0,
29.6,26820,267.17,-962.807,-0.005,5.025,30.0,1278,-1,142.63,False,-1,True,True,0.75,0.0,-0.004,False,False,-0.208,0.006,37.312,1278,151.01,,,,,0,False,False,0.0,False,8.41,5.58,20.0,
29.65,26821,267.372,-962.653,-0.006,5.092,30.0,1278,-1,142.89,False,-1,True,True,0.75,0.0,0.001,False,False,-0.157,0.001,37.332,1278,151.01,,,,,0,False,False,0.0,False,8.16,5.51,20.0,
29.7,26822,267.573,-962.501,-0.006,4.92,30.0,1278,-1,143.14,False,-1,True,True,0.75,0.0,-0.004,False,False,-0.116,0.005,37.316,1278,151.01,,,,,0,False,False,0.0,False,7.91,5.55,20.0,
29.75,26823,267.76,-962.359,-0.006,4.561,30.0,1278,-1,143.37,False,-1,True,True,0.75,0.0,-0.001,False,False,-0.181,0.005,37.276,1278,151.01,,,,,0,False,False,0.0,False,7.67,5.46,20.0,
29.8,26824,267.934,-962.226,-0.005,4.302,30.0,1278,-1,143.59,False,-1,True,True,0.75,0.0,0.002,False,False,-0.263,0.0,37.267,1278,151.01,,,,,0,False,False,0.0,False,7.46,5.28,20.0,
29.85,26825,268.101,-962.099,-0.005,4.165,30.0,1278,-1,143.8,False,-1,True,True,0.75,0.0,-0.0,False,False,-0.298,-0.001,37.266,1278,151.01,,,,,0,False,False,0.0,False,7.24,5.15,20.0,
29.9,26826,268.266,-961.973,-0.005,4.117,30.0,1278,-1,144.01,False,-1,True,True,0.75,0.0,-0.001,False,False,-0.276,0.001,37.264,1278,151.01,,,,,0,False,False,0.0,False,7.04,5.08,20.0,
29.95,26827,268.43,-961.848,-0.005,4.128,30.0,1278,-1,144.22,False,-1,True,True,0.75,0.0,-0.001,False,False,-0.214,0.001,37.261,1278,151.01,,,,,0,False,False,0.0,False,6.83,5.06,20.0,
30.0,26828,268.596,-961.722,-0.006,4.176,30.0,1278,-1,144.42,False,-1,True,True,0.75,0.0,-0.0,False,False,-0.133,0.001,37.259,1278,151.01,,,,,0,False,False,0.0,False,6.62,5.06,20.0,
30.05,26829,268.764,-961.594,-0.007,4.247,30.0,1278,-1,144.64,False,-1,True,True,0.75,0.0,-0.0,False,False,-0.049,0.001,37.256,1278,151.01,,,,,0,False,False,0.0,False,6.41,5.09,20.0,
30.1,26830,268.936,-961.463,-0.008,4.332,30.0,1278,-1,144.85,False,-1,True,True,0.75,0.0,-0.0,False,False,0.028,0.001,37.254,1278,151.01,,,,,0,False,False,0.0,False,6.2,5.12,20.0,
30.15,26831,269.111,-961.33,-0.008,4.425,30.0,1278,-1,145.07,False,-1,True,True,0.75,0.0,-0.0,False,False,0.092,0.001,37.253,1278,151.01,,,,,0,False,False,0.0,False,5.98,5.17,20.0,
30.2,26832,269.29,-961.194,-0.008,4.523,30.0,1278,-1,145.3,False,-1,True,True,0.75,0.0,-0.0,False,False,0.143,0.0,37.251,1278,151.01,,,,,0,False,False,0.0,False,5.75,5.21,20.0,
30.25,26833,269.473,-961.055,-0.009,4.625,30.0,1278,-1,145.53,False,-1,True,True,0.75,0.0,-0.0,False,False,0.181,0.0,37.25,1278,151.01,,,,,0,False,False,0.0,False,5.52,5.26,20.0,
30.3,26834,269.659,-960.913,-0.009,4.728,30.0,1278,-1,145.76,False,-1,True,True,0.75,0.0,-0.0,False,False,0.209,0.0,37.249,1278,151.01,,,,,0,False,False,0.0,False,5.29,5.31,20.0,
30.35,26835,269.85,-960.768,-0.009,4.832,30.0,1278,-1,146.0,False,-1,True,True,0.75,0.0,0.003,False,False,0.229,-0.005,37.257,1969,1.07,,,,,0,False,False,0.0,False,7.97,5.36,20.0,
30.4,26836,270.045,-960.62,-0.009,4.936,30.0,1278,-1,146.24,False,-1,True,True,0.75,0.0,-0.0,False,False,0.242,-0.004,37.263,1969,1.07,,,,,0,False,False,0.0,False,7.73,5.42,20.0,
30.45,26837,270.244,-960.468,-0.009,5.04,30.0,1278,-1,146.49,False,-1,True,True,0.75,0.0,-0.0,False,False,0.251,-0.002,37.264,1969,1.07,,,,,0,False,False,0.0,False,7.48,5.47,20.0,
30.5,26838,270.447,-960.314,-0.009,5.141,30.0,1278,-1,146.75,False,-1,True,True,0.75,0.0,0.0,False,False,0.256,-0.001,37.265,1969,1.07,,,,,0,False,False,0.0,False,7.22,5.52,20.0,
30.55,26839,270.654,-960.156,-0.009,5.279,30.0,1278,-1,147.01,False,-1,True,True,0.75,0.0,0.0,False,False,0.26,-0.0,37.266,1969,1.07,,,,,0,False,False,0.0,False,6.96,5.57,20.0,
30.6,26840,270.865,-959.996,-0.009,5.29,30.0,1278,-1,147.27,False,-1,True,True,0.75,0.0,0.0,False,False,0.253,-0.0,37.278,1969,1.07,,,,,0,False,False,0.0,False,6.7,5.64,20.0,
30.65,26841,271.076,-959.835,-0.009,5.341,30.0,1278,-1,147.54,False,-1,True,True,0.75,0.0,-0.001,False,False,0.226,0.002,37.254,1969,1.07,,,,,0,False,False,0.0,False,6.43,5.64,20.0,
30.7,26842,271.286,-959.675,-0.009,5.262,30.0,1278,-1,147.8,False,-1,True,True,0.75,0.0,0.002,False,False,0.178,-0.002,37.291,1969,1.07,,,,,0,False,False,0.0,False,6.17,5.67,20.0,
30.75,26843,271.497,-959.515,-0.008,5.339,30.0,1278,-1,148.07,False,-1,True,True,0.75,0.0,-0.003,False,False,0.147,0.003,37.269,1969,1.07,,,,,0,False,False,0.0,False,5.9,5.63,20.0,
30.8,26844,271.709,-959.354,-0.008,5.292,30.0,1278,-1,148.33,False,-1,True,True,0.75,0.0,0.002,False,False,0.123,-0.0,37.303,1969,1.07,,,,,0,False,False,0.0,False,5.64,5.67,20.0,
30.85,26845,271.918,-959.19,-0.008,5.346,30.0,1278,-1,148.6,False,-1,True,True,0.75,0.0,0.102,False,False,0.109,-0.111,37.453,1969,3.22,,,,,0,False,False,0.0,False,7.45,5.65,20.0,
30.9,26846,272.125,-959.025,-0.008,5.273,30.0,1278,-1,148.87,False,-1,True,True,0.75,0.0,0.047,False,False,0.088,-0.183,37.795,1969,3.22,,,,,0,False,False,0.0,False,7.18,5.67,20.0,
30.95,26847,272.339,-958.854,-0.008,5.695,30.0,1278,-1,149.14,False,-1,True,True,0.75,0.0,0.021,False,False,0.15,-0.16,38.062,1969,3.22,,,,,0,False,False,0.0,False,6.91,5.64,20.0,
31.0,26848,272.571,-958.669,-0.01,6.014,30.0,1278,-1,149.44,False,-1,True,True,0.0,0.3,0.019,False,False,0.297,-0.127,38.281,1969,3.22,,,,,0,False,False,0.0,False,6.61,5.85,20.0,
31.05,26849,272.813,-958.475,-0.011,6.298,30.0,1278,-1,149.75,False,-1,True,True,0.0,0.3,0.015,False,False,0.402,-0.1,38.453,1969,3.22,,,,,0,False,False,0.0,False,6.3,6.01,20.0,
31.1,26850,273.059,-958.277,-0.011,6.288,30.0,1278,-1,150.06,False,-1,True,True,0.0,0.3,0.013,False,False,0.407,-0.078,38.593,1969,3.22,,,,,0,False,False,0.0,False,5.99,6.15,20.0,
31.15,26851,273.302,-958.078,-0.01,6.295,30.0,1278,-1,150.38,False,-1,True,True,0.0,0.3,0.034,False,False,0.343,-0.106,38.774,1393,1.85,,,,,0,False,False,0.0,False,8.69,6.14,20.0,
31.2,26852,273.541,-957.884,-0.009,6.097,30.0,1278,-1,150.68,False,-1,True,True,0.0,0.3,0.009,False,False,0.228,-0.087,38.958,1393,1.85,,,,,0,False,False,0.0,False,8.39,6.15,20.0,
31.25,26853,273.774,-957.694,-0.008,5.993,30.0,1278,-1,150.98,False,-1,True,True,0.0,0.3,0.003,False,False,0.111,-0.049,39.029,1393,1.85,,,,,0,False,False,0.0,False,8.09,6.05,20.0,
31.3,26854,274.0,-957.51,-0.007,5.747,30.0,1278,-1,151.28,False,-1,True,True,0.0,0.3,0.009,False,False,-0.003,-0.032,39.125,1393,1.85,,,,,0,False,False,0.0,False,7.79,6.0,20.0,
31.35,26855,274.219,-957.331,-0.006,5.612,30.0,1278,-1,151.56,False,-1,True,True,0.0,0.3,0.004,False,False,-0.093,-0.02,39.155,1393,1.85,,,,,0,False,False,0.0,False,7.51,5.87,20.0,
31.4,26856,274.429,-957.158,-0.006,5.352,30.0,1278,-1,151.83,False,-1,True,True,0.0,0.236,0.007,False,False,-0.168,-0.017,39.231,1393,1.85,,,,,0,False,False,0.0,False,7.24,5.81,20.0,
31.45,26857,274.633,-956.991,-0.005,5.25,30.0,1278,-1,152.09,False,-1,True,True,0.698,0.0,0.002,False,False,-0.21,-0.009,39.243,1393,1.85,,,,,0,False,False,0.0,False,6.98,5.68,20.0,
31.5,26858,274.831,-956.828,-0.005,5.048,30.0,1970,-1,0.1,True,1,True,False,0.75,0.0,0.006,False,False,-0.23,-0.008,39.311,1393,1.85,,,,,0,False,False,0.0,False,6.72,5.62,20.0,
31.55,26859,275.027,-956.668,-0.005,5.072,30.0,1970,-1,0.31,True,1,True,False,0.75,0.0,-0.0,False,False,-0.21,-0.002,39.304,1393,1.85,,,,,0,False,False,0.0,False,6.47,5.52,20.0,
31.6,26860,275.222,-956.508,-0.006,5.026,30.0,1278,-1,152.85,False,-1,True,True,0.75,0.0,0.005,False,False,-0.155,-0.006,39.356,1393,1.85,,,,,0,False,False,0.0,False,6.21,5.54,20.0,
31.65,26861,275.413,-956.351,-0.006,4.78,30.0,1969,-1,0.1,True,1,True,True,0.75,0.0,-0.001,False,False,-0.145,-0.003,39.365,1393,1.85,,,,,0,False,False,0.0,False,5.97,5.51,20.0,
31.7,26862,275.588,-956.208,-0.005,4.415,30.0,1969,-1,0.32,True,1,True,True,0.75,0.0,0.002,False,False,-0.23,-0.001,39.37,1393,1.85,,,,,0,False,False,0.0,False,5.74,5.39,20.0,
31.75,26863,275.752,-956.072,-0.005,4.191,30.0,1969,-1,0.54,True,1,True,True,0.75,0.0,0.002,False,False,-0.301,-0.002,39.379,1393,1.85,,,,,0,False,False,0.0,False,5.53,5.21,20.0,
31.8,26864,275.911,-955.942,-0.005,4.082,30.0,1969,-1,0.74,True,1,True,True,0.75,0.0,0.001,False,False,-0.315,-0.002,39.387,1393,1.85,,,,,0,False,False,0.0,False,5.32,5.1,20.0,
31.85,26865,276.068,-955.813,-0.005,4.053,30.0,1969,-1,1.06,True,1,True,True,0.75,0.0,0.001,False,False,-0.276,-0.001,39.394,1393,1.85,,,,,0,False,False,0.0,False,5.12,5.04,20.0,
31.9,26866,276.226,-955.683,-0.006,4.077,30.0,1969,-1,1.26,True,1,True,True,0.75,0.0,0.001,False,False,-0.202,-0.001,39.4,1393,1.85,,,,,0,False,False,0.0,False,4.91,5.03,20.0,
31.95,26867,276.385,-955.553,-0.006,4.133,30.0,1969,-1,1.46,True,1,True,True,0.75,0.0,-0.011,False,False,-0.115,0.018,39.371,1393,5.56,,,,,0,False,False,0.0,False,8.41,5.04,20.0,
32.0,26868,276.548,-955.42,-0.007,4.21,30.0,1969,-1,1.67,True,1,True,True,0.75,0.0,0.001,False,False,-0.03,0.015,39.353,1393,5.56,,,,,0,False,False,0.0,False,8.2,5.07,20.0,
32.05,26869,276.713,-955.284,-0.008,4.298,30.0,1969,-1,2.03,True,1,True,True,0.75,0.0,0.0,False,False,0.045,0.006,39.35,1393,5.56,,,,,0,False,False,0.0,False,7.99,5.1,20.0,
32.1,26870,276.882,-955.146,-0.008,4.393,30.0,1969,-1,2.25,True,1,True,True,0.75,0.0,-0.001,False,False,0.107,0.003,39.348,1393,5.56,,,,,0,False,False,0.0,False,7.77,5.15,20.0,
32.15,26871,277.054,-955.005,-0.009,4.494,30.0,1969,-1,2.47,True,1,True,True,0.75,0.0,-0.001,False,False,0.155,0.002,39.345,1393,5.56,,,,,0,False,False,0.0,False,7.55,5.2,20.0,
32.2,26872,277.231,-954.86,-0.009,4.596,30.0,1969,-1,2.7,True,1,True,True,0.75,0.0,-0.0,False,False,0.191,0.001,39.342,1393,5.56,,,,,0,False,False,0.0,False,7.32,5.25,20.0,
32.25,26873,277.411,-954.712,-0.009,4.7,30.0,1969,-1,2.93,True,1,True,True,0.75,0.0,-0.0,False,False,0.216,0.0,39.339,1393,5.56,,,,,0,False,False,0.0,False,7.09,5.3,20.0,
32.3,26874,277.595,-954.561,-0.009,4.805,30.0,1969,-1,3.17,True,1,True,True,0.75,0.0,-0.0,False,False,0.234,0.0,39.337,1393,5.56,,,,,0,False,False,0.0,False,6.85,5.35,20.0,
32.35,26875,277.784,-954.407,-0.009,4.909,30.0,1969,-1,3.41,True,1,True,True,0.75,0.0,-0.0,False,False,0.246,-0.0,39.335,1393,5.56,,,,,0,False,False,0.0,False,6.6,5.4,20.0,
32.4,26876,277.976,-954.249,-0.009,5.013,30.0,1969,-1,3.66,True,1,True,True,0.75,0.0,-0.0,False,False,0.253,-0.0,39.334,1393,5.56,,,,,0,False,False,0.0,False,6.35,5.45,20.0,
32.45,26877,278.172,-954.088,-0.009,5.118,30.0,1969,-1,3.91,True,1,True,True,0.75,0.0,-0.0,False,False,0.258,-0.0,39.332,1393,5.56,,,,,0,False,False,0.0,False,6.1,5.51,20.0,
32.5,26878,278.373,-953.924,-0.009,5.178,30.0,1969,-1,4.03,True,1,True,True,0.75,0.0,-0.0,False,False,0.257,-0.0,39.331,1393,5.56,,,,,0,False,False,0.0,False,5.84,5.56,20.0,
32.55,26879,278.577,-953.757,-0.009,5.354,30.0,1969,-1,4.29,True,1,True,True,0.75,0.0,-0.0,False,False,0.261,0.0,39.327,1393,5.56,,,,,0,False,False,0.0,False,5.58,5.59,20.0,
32.6,26880,278.782,-953.588,-0.009,5.296,30.0,1393,-1,0.24,False,-1,True,True,0.75,0.0,0.018,False,False,0.24,-0.032,39.397,1393,9.26,,,,,0,False,False,0.0,False,9.01,5.68,20.0,
32.65,26881,278.987,-953.418,-0.009,5.351,30.0,1393,-1,0.51,False,-1,True,True,0.75,0.0,-0.002,False,False,0.201,-0.024,39.415,1393,9.26,,,,,0,False,False,0.0,False,8.75,5.65,20.0,
32.7,26882,279.192,-953.25,-0.008,5.282,30.0,1393,-1,0.78,False,-1,True,True,0.75,0.0,0.001,False,False,0.157,-0.013,39.466,1393,9.26,,,,,0,False,False,0.0,False,8.48,5.68,20.0,
32.75,26883,279.398,-953.08,-0.008,5.369,30.0,1393,-1,1.04,False,-1,True,True,0.75,0.0,-0.003,False,False,0.135,-0.001,39.451,1393,9.26,,,,,0,False,False,0.0,False,8.22,5.64,20.0,
32.8,26884,279.604,-952.911,-0.008,5.305,30.0,1393,-1,1.31,False,-1,True,True,0.705,0.0,0.003,False,False,0.114,-0.002,39.487,1393,9.26,,,,,0,False,False,0.0,False,7.95,5.68,20.0,
32.85,26885,279.81,-952.741,-0.008,5.372,30.0,1393,-1,1.58,False,-1,True,True,0.75,0.0,-0.002,False,False,0.102,0.001,39.463,1393,9.26,,,,,0,False,False,0.0,False,7.68,5.65,20.0,
32.9,26886,280.017,-952.57,-0.008,5.451,30.0,1393,-1,1.84,False,-1,True,True,0.686,0.0,0.003,False,False,0.105,-0.003,39.47,1393,9.26,,,,,0,False,False,0.0,False,7.41,5.69,20.0,
32.95,26887,280.241,-952.386,-0.009,5.967,30.0,1393,-1,2.13,False,-1,True,True,0.398,0.0,0.0,False,False,0.243,-0.003,39.452,1393,9.26,,,,,0,False,False,0.0,False,7.12,5.73,20.0,
33.0,26888,280.477,-952.191,-0.01,6.174,30.0,1393,-1,2.44,False,-1,True,True,0.0,0.3,0.003,False,False,0.366,-0.006,39.454,1393,9.26,,,,,0,False,False,0.0,False,6.82,5.98,20.0,
33.05,26889,280.72,-951.991,-0.011,6.33,30.0,1393,-1,2.75,False,-1,True,True,0.0,0.3,0.001,False,False,0.407,-0.005,39.462,1393,9.26,,,,,0,False,False,0.0,False,6.5,6.09,20.0,
33.1,26890,280.961,-951.792,-0.01,6.228,30.0,1393,-1,3.07,False,-1,True,True,0.0,0.3,0.0,False,False,0.355,-0.001,39.467,1393,9.26,,,,,0,False,False,0.0,False,6.19,6.17,20.0,
33.15,26891,281.2,-951.595,-0.009,6.179,30.0,1393,-1,3.38,False,-1,True,True,0.0,0.3,0.0,False,False,0.259,0.0,39.472,1393,9.26,,,,,0,False,False,0.0,False,5.88,6.11,20.0,
33.2,26892,281.436,-951.408,-0.008,5.947,30.0,1393,-1,3.68,False,-1,True,True,0.0,0.3,-0.1,False,False,0.134,0.159,39.21,1393,12.97,,,,,0,False,False,0.0,False,9.58,6.09,20.0,
33.25,26893,281.666,-951.227,-0.007,5.826,30.0,1393,-1,3.97,False,-1,True,True,0.0,0.3,-0.032,False,False,0.022,0.204,38.886,1393,12.97,,,,,0,False,False,0.0,False,9.28,5.97,20.0,
33.3,26894,281.888,-951.052,-0.006,5.567,30.0,1393,-1,4.25,False,-1,True,True,0.0,0.3,-0.016,False,False,-0.079,0.152,38.621,1393,12.97,,,,,0,False,False,0.0,False,9.0,5.91,20.0,
33.35,26895,282.103,-950.882,-0.006,5.453,30.0,1393,-1,4.53,False,-1,True,True,0.0,0.074,-0.012,False,False,-0.148,0.098,38.483,1393,12.97,,,,,0,False,False,0.0,False,8.73,5.78,20.0,
33.4,26896,282.312,-950.718,-0.005,5.233,30.0,1393,-1,4.79,False,-1,True,True,0.337,0.0,-0.017,False,False,-0.195,0.071,38.317,1393,12.97,,,,,0,False,False,0.0,False,8.46,5.73,20.0,
33.45,26897,282.517,-950.559,-0.005,5.165,30.0,1393,-1,5.05,False,-1,True,True,0.75,0.0,-0.009,False,False,-0.209,0.049,38.231,1393,12.97,,,,,0,False,False,0.0,False,8.2,5.62,20.0,
33.5,26898,282.716,-950.403,-0.005,5.004,30.0,1393,-1,5.31,False,-1,True,True,0.75,0.0,-0.012,False,False,-0.209,0.038,38.103,1393,12.97,,,,,0,False,False,0.0,False,7.95,5.58,20.0,
33.55,26899,282.915,-950.247,-0.006,5.077,30.0,1393,-1,5.56,False,-1,True,True,0.75,0.0,-0.005,False,False,-0.162,0.025,38.052,1393,12.97,,,,,0,False,False,0.0,False,7.7,5.5,20.0,
33.6,26900,283.114,-950.093,-0.006,5.001,30.0,1393,-1,5.81,False,-1,True,True,0.75,0.0,-0.009,False,False,-0.112,0.022,37.962,1393,12.97,,,,,0,False,False,0.0,False,7.44,5.54,20.0,
33.65,26901,283.303,-949.946,-0.006,4.626,30.0,1393,-1,6.05,False,-1,True,True,0.75,0.0,-0.003,False,False,-0.156,0.014,37.94,1393,12.97,,,,,0,False,False,0.0,False,7.2,5.5,20.0,
33.7,26902,283.478,-949.81,-0.005,4.35,30.0,1393,-1,6.27,False,-1,True,True,0.75,0.0,-0.007,False,False,-0.24,0.012,37.912,1393,12.97,,,,,0,False,False,0.0,False,6.98,5.31,20.0,
33.75,26903,283.646,-949.681,-0.005,4.199,30.0,1393,-1,6.48,False,-1,True,True,0.75,0.0,-0.006,False,False,-0.284,0.011,37.881,1393,12.97,,,,,0,False,False,0.0,False,6.77,5.17,20.0,
33.8,26904,283.811,-949.553,-0.005,4.141,30.0,1393,-1,6.69,False,-1,True,True,0.75,0.0,-0.004,False,False,-0.272,0.008,37.855,1393,12.97,,,,,0,False,False,0.0,False,6.56,5.1,20.0,
33.85,26905,283.975,-949.426,-0.005,4.146,30.0,1393,-1,6.9,False,-1,True,True,0.75,0.0,-0.004,False,False,-0.216,0.006,37.833,1393,12.97,,,,,0,False,False,0.0,False,6.36,5.07,20.0,
33.9,26906,284.14,-949.298,-0.006,4.191,30.0,1393,-1,7.11,False,-1,True,True,0.75,0.0,-0.003,False,False,-0.139,0.004,37.814,1393,12.97,,,,,0,False,False,0.0,False,6.15,5.07,20.0,
33.95,26907,284.308,-949.168,-0.007,4.259,30.0,1393,-1,7.32,False,-1,True,True,0.75,0.0,-0.003,False,False,-0.056,0.002,37.796,1393,12.97,,,,,0,False,False,0.0,False,5.93,5.1,20.0,
34.0,26908,284.479,-949.036,-0.007,4.341,30.0,1393,-1,7.54,False,-1,True,True,0.75,0.0,-0.002,False,False,0.02,0.002,37.781,1393,12.97,,,,,0,False,False,0.0,False,5.72,5.13,20.0,
34.05,26909,284.654,-948.901,-0.008,4.434,30.0,1393,-1,7.76,False,-1,True,True,0.75,0.0,-0.002,False,False,0.086,0.001,37.768,1393,12.97,,,,,0,False,False,0.0,False,5.5,5.17,20.0,
34.1,26910,284.832,-948.764,-0.008,4.531,30.0,1393,-1,7.98,False,-1,True,True,0.75,0.0,-0.002,False,False,0.138,0.0,37.757,1393,12.97,,,,,0,False,False,0.0,False,5.27,5.22,20.0,
34.15,26911,285.013,-948.623,-0.009,4.632,30.0,1393,-1,8.21,False,-1,True,True,0.75,0.0,-0.002,False,False,0.177,0.0,37.747,1393,12.97,,,,,0,False,False,0.0,False,5.04,5.27,20.0,
34.2,26912,285.202,-948.483,-0.009,4.723,30.0,1393,-1,8.45,False,-1,True,True,0.75,0.0,-0.102,False,False,0.203,0.109,37.552,1393,16.67,,,,,0,False,False,0.0,False,8.48,5.32,20.0,
34.25,26913,285.397,-948.346,-0.009,4.818,30.0,1393,-1,8.68,False,-1,True,True,0.75,0.0,-0.117,False,False,0.218,0.289,37.034,1393,16.67,,,,,0,False,False,0.0,False,8.24,5.36,20.0,
34.3,26914,285.598,-948.207,-0.009,4.925,30.0,1393,-1,8.93,False,-1,True,True,0.75,0.0,-0.075,False,False,0.231,0.331,36.502,1393,16.67,,,,,0,False,False,0.0,False,8.0,5.41,20.0,
34.35,26915,285.803,-948.066,-0.009,5.031,30.0,1393,-1,9.18,False,-1,True,True,0.75,0.0,-0.057,False,False,0.242,0.285,36.069,1393,16.67,,,,,0,False,False,0.0,False,7.75,5.46,20.0,
34.4,26916,286.013,-947.922,-0.009,5.135,30.0,1393,-1,9.43,False,-1,True,True,0.75,0.0,-0.05,False,False,0.251,0.222,35.708,1393,16.67,,,,,0,False,False,0.0,False,7.5,5.52,20.0,
34.45,26917,286.228,-947.775,-0.009,5.262,30.0,1393,-1,9.69,False,-1,True,True,0.75,0.0,-0.043,False,False,0.256,0.169,35.383,1393,16.67,,,,,0,False,False,0.0,False,7.24,5.57,20.0,
34.5,26918,286.443,-947.629,-0.009,5.17,30.0,1393,-1,9.95,False,-1,True,True,0.75,0.0,-0.035,False,False,0.223,0.121,35.128,1393,16.67,,,,,0,False,False,0.0,False,6.98,5.63,20.0,
34.55,26919,286.658,-947.483,-0.009,5.226,30.0,1393,-1,10.21,False,-1,True,True,0.75,0.0,-0.032,False,False,0.182,0.087,34.862,1393,16.67,,,,,0,False,False,0.0,False,6.72,5.58,20.0,
34.6,26920,286.872,-947.338,-0.008,5.16,30.0,1393,-1,10.46,False,-1,True,True,0.75,0.0,-0.022,False,False,0.142,0.056,34.693,1393,16.67,,,,,0,False,False,0.0,False,6.46,5.61,20.0,
34.65,26921,287.088,-947.193,-0.008,5.25,30.0,1393,-1,10.72,False,-1,True,True,0.75,0.0,-0.024,False,False,0.124,0.042,34.497,1393,16.67,,,,,0,False,False,0.0,False,6.2,5.58,20.0,
34.7,26922,287.305,-947.047,-0.008,5.203,30.0,1393,-1,10.98,False,-1,True,True,0.75,0.0,-0.015,False,False,0.111,0.026,34.385,1393,16.67,,,,,0,False,False,0.0,False,5.94,5.62,20.0,
34.75,26923,287.522,-946.901,-0.008,5.269,30.0,1393,-1,11.24,False,-1,True,True,0.75,0.0,-0.017,False,False,0.104,0.021,34.233,1393,16.67,,,,,0,False,False,0.0,False,5.68,5.6,20.0,
34.8,26924,287.739,-946.755,-0.008,5.195,30.0,1393,-1,11.5,False,-1,True,True,0.75,0.0,-0.01,False,False,0.089,0.011,34.161,1393,16.67,,,,,0,False,False,0.0,False,5.41,5.63,20.0,
34.85,26925,287.97,-946.606,-0.009,5.704,30.0,1393,-1,11.78,False,-1,True,True,0.75,0.0,-0.11,False,False,0.181,0.14,33.831,1393,20.38,,,,,0,False,False,0.0,False,8.84,5.6,20.0,
34.9,26926,288.221,-946.447,-0.01,6.015,30.0,1393,-1,12.0,False,-1,True,True,0.0,0.3,-0.051,False,False,0.33,0.228,33.369,1393,20.38,,,,,0,False,False,0.0,False,8.54,5.85,20.0,
34.95,26927,288.483,-946.281,-0.011,6.294,30.0,1393,-1,12.22,False,-1,True,True,0.0,0.3,-0.025,False,False,0.428,0.192,33.013,1393,20.38,,,,,0,False,False,0.0,False,8.23,6.01,20.0,
35.0,26928,288.749,-946.112,-0.011,6.279,30.0,1393,-1,12.54,False,-1,True,True,0.0,0.3,-0.022,False,False,0.423,0.141,32.753,1393,20.38,,,,,0,False,False,0.0,False,7.92,6.15,20.0,
35.05,26929,289.014,-945.945,-0.01,6.279,30.0,1393,-1,12.85,False,-1,True,True,0.0,0.3,-0.021,False,False,0.352,0.106,32.559,1393,20.38,,,,,0,False,False,0.0,False,7.6,6.14,20.0,
35.1,26930,289.274,-945.782,-0.009,6.08,30.0,1393,-1,13.09,False,-1,True,True,0.0,0.3,-0.019,False,False,0.232,0.085,32.36,1393,20.38,,,,,0,False,False,0.0,False,7.3,6.14,20.0,
35.15,26931,289.529,-945.624,-0.008,5.976,30.0,1393,-1,13.39,False,-1,True,True,0.0,0.3,-0.012,False,False,0.111,0.062,32.244,1393,20.38,,,,,0,False,False,0.0,False,7.0,6.04,20.0,
35.2,26932,289.775,-945.47,-0.007,5.73,30.0,1393,-1,13.68,False,-1,True,True,0.0,0.3,-0.014,False,False,-0.004,0.049,32.101,1393,20.38,,,,,0,False,False,0.0,False,6.71,5.99,20.0,
35.25,26933,290.015,-945.322,-0.006,5.595,30.0,1393,-1,13.96,False,-1,True,True,0.0,0.3,-0.008,False,False,-0.093,0.034,32.032,1393,20.38,,,,,0,False,False,0.0,False,6.42,5.87,20.0,
35.3,26934,290.245,-945.179,-0.006,5.343,30.0,1393,-1,14.23,False,-1,True,True,0.0,0.175,-0.011,False,False,-0.166,0.028,31.924,1393,20.38,,,,,0,False,False,0.0,False,6.15,5.8,20.0,
35.35,26935,290.47,-945.04,-0.005,5.247,30.0,1393,-1,14.49,False,-1,True,True,0.731,0.0,-0.005,False,False,-0.206,0.017,31.885,1393,20.38,,,,,0,False,False,0.0,False,5.89,5.67,20.0,
35.4,26936,290.687,-944.905,-0.005,5.045,30.0,1393,-1,14.75,False,-1,True,True,0.75,0.0,-0.008,False,False,-0.225,0.014,31.796,1393,20.38,,,,,0,False,False,0.0,False,5.63,5.62,20.0,
35.45,26937,290.903,-944.772,-0.005,5.088,30.0,1393,-1,15.0,False,-1,True,True,0.75,0.0,-0.002,False,False,-0.199,0.007,31.769,1393,20.38,,,,,0,False,False,0.0,False,5.38,5.52,20.0,
35.5,26938,291.119,-944.642,-0.006,5.005,30.0,1393,-1,15.25,False,-1,True,True,0.75,0.0,-0.102,False,False,-0.151,0.105,31.553,1393,24.08,,,,,0,False,False,0.0,False,8.83,5.54,20.0,
35.55,26939,291.332,-944.517,-0.006,4.757,30.0,1393,-1,15.5,False,-1,True,True,0.75,0.0,-0.021,False,False,-0.145,0.136,31.306,1393,24.08,,,,,0,False,False,0.0,False,8.58,5.5,20.0,
35.6,26940,291.525,-944.402,-0.005,4.396,30.0,1393,-1,15.73,False,-1,True,True,0.75,0.0,-0.01,False,False,-0.236,0.088,31.188,1393,24.08,,,,,0,False,False,0.0,False,8.36,5.38,20.0,
35.65,26941,291.708,-944.293,-0.005,4.177,30.0,1393,-1,15.94,False,-1,True,True,0.75,0.0,-0.015,False,False,-0.307,0.055,31.106,1393,24.08,,,,,0,False,False,0.0,False,8.15,5.2,20.0,
35.7,26942,291.884,-944.189,-0.005,4.07,30.0,1393,-1,16.14,False,-1,True,True,0.75,0.0,-0.015,False,False,-0.319,0.038,31.028,1393,24.08,,,,,0,False,False,0.0,False,7.94,5.09,20.0,
35.75,26943,292.059,-944.085,-0.005,4.044,30.0,1393,-1,16.34,False,-1,True,True,0.75,0.0,-0.012,False,False,-0.277,0.026,30.958,1393,24.08,,,,,0,False,False,0.0,False,7.74,5.04,20.0,
35.8,26944,292.234,-943.982,-0.006,4.07,30.0,1393,-1,16.55,False,-1,True,True,0.75,0.0,-0.011,False,False,-0.202,0.017,30.897,1393,24.08,,,,,0,False,False,0.0,False,7.53,5.02,20.0,
35.85,26945,292.411,-943.877,-0.006,4.127,30.0,1393,-1,16.75,False,-1,True,True,0.75,0.0,-0.009,False,False,-0.114,0.01,30.843,1393,24.08,,,,,0,False,False,0.0,False,7.33,5.03,20.0,
35.9,26946,292.591,-943.771,-0.007,4.204,30.0,1393,-1,16.96,False,-1,True,True,0.75,0.0,-0.008,False,False,-0.028,0.006,30.796,1393,24.08,,,,,0,False,False,0.0,False,7.12,5.06,20.0,
35.95,26947,292.775,-943.662,-0.008,4.292,30.0,1393,-1,17.18,False,-1,True,True,0.75,0.0,-0.007,False,False,0.047,0.003,30.754,1393,24.08,,,,,0,False,False,0.0,False,6.91,5.1,20.0,
36.0,26948,292.963,-943.551,-0.008,4.388,30.0,1393,-1,17.39,False,-1,True,True,0.75,0.0,-0.006,False,False,0.109,0.001,30.718,1393,24.08,,,,,0,False,False,0.0,False,6.69,5.15,20.0,
36.05,26949,293.155,-943.438,-0.009,4.489,30.0,1393,-1,17.62,False,-1,True,True,0.75,0.0,-0.005,False,False,0.156,0.0,30.686,1393,24.08,,,,,0,False,False,0.0,False,6.46,5.19,20.0,
36.1,26950,293.351,-943.322,-0.009,4.592,30.0,1393,-1,17.85,False,-1,True,True,0.75,0.0,-0.004,False,False,0.192,-0.0,30.658,1393,24.08,,,,,0,False,False,0.0,False,6.24,5.24,20.0,
36.15,26951,293.552,-943.204,-0.009,4.696,30.0,1393,-1,18.08,False,-1,True,True,0.75,0.0,-0.003,False,False,0.217,-0.0,30.635,1393,24.08,,,,,0,False,False,0.0,False,6.0,5.3,20.0,
36.2,26952,293.757,-943.083,-0.009,4.8,30.0,1393,-1,18.32,False,-1,True,True,0.75,0.0,-0.003,False,False,0.235,-0.0,30.614,1393,24.08,,,,,0,False,False,0.0,False,5.77,5.35,20.0,
36.25,26953,293.966,-942.96,-0.009,4.905,30.0,1393,-1,18.56,False,-1,True,True,0.75,0.0,-0.002,False,False,0.246,-0.0,30.596,1393,24.08,,,,,0,False,False,0.0,False,5.52,5.4,20.0,
36.3,26954,294.18,-942.833,-0.009,5.009,30.0,1393,-1,18.81,False,-1,True,True,0.75,0.0,-0.002,False,False,0.253,-0.0,30.581,1393,24.08,,,,,0,False,False,0.0,False,5.27,5.45,20.0,
36.35,26955,294.4,-942.708,-0.009,5.106,30.0,1393,-1,19.06,False,-1,True,True,0.75,0.0,-0.064,False,False,0.256,0.101,30.402,1393,27.79,,,,,0,False,False,0.0,False,8.73,5.5,20.0,
36.4,26956,294.624,-942.58,-0.009,5.163,30.0,1393,-1,19.32,False,-1,True,True,0.75,0.0,-0.004,False,False,0.25,0.09,30.264,1393,27.79,,,,,0,False,False,0.0,False,8.47,5.55,20.0,
36.45,26957,294.846,-942.451,-0.009,5.133,30.0,1393,-1,19.58,False,-1,True,True,0.75,0.0,-0.002,False,False,0.211,0.045,30.143,1393,27.79,,,,,0,False,False,0.0,False,8.21,5.58,20.0,
36.5,26958,295.068,-942.323,-0.008,5.123,30.0,1393,-1,19.83,False,-1,True,True,0.75,0.0,-0.0,False,False,0.166,0.014,30.145,1393,27.79,,,,,0,False,False,0.0,False,7.96,5.57,20.0,
36.55,26959,295.289,-942.195,-0.008,5.128,30.0,1393,-1,20.09,False,-1,True,True,0.75,0.0,-0.009,False,False,0.133,0.012,30.062,1393,27.79,,,,,0,False,False,0.0,False,7.7,5.56,20.0,
36.6,26960,295.512,-942.067,-0.008,5.149,30.0,1393,-1,20.34,False,-1,True,True,0.75,0.0,-0.0,False,False,0.115,0.003,30.074,1393,27.79,,,,,0,False,False,0.0,False,7.44,5.56,20.0,
36.65,26961,295.736,-941.938,-0.008,5.175,30.0,1393,-1,20.6,False,-1,True,True,0.75,0.0,-0.007,False,False,0.109,0.007,30.001,1393,27.79,,,,,0,False,False,0.0,False,7.18,5.57,20.0,
36.7,26962,295.96,-941.81,-0.008,5.169,30.0,1393,-1,20.86,False,-1,True,True,0.75,0.0,0.001,False,False,0.1,0.0,30.027,1393,27.79,,,,,0,False,False,0.0,False,6.93,5.59,20.0,
36.75,26963,296.183,-941.68,-0.008,5.166,30.0,1393,-1,21.12,False,-1,True,True,0.75,0.0,-0.006,False,False,0.09,0.005,29.962,1393,27.79,,,,,0,False,False,0.0,False,6.67,5.58,20.0,
36.8,26964,296.419,-941.545,-0.009,5.619,30.0,1393,-1,21.39,False,-1,True,True,0.75,0.0,0.002,False,False,0.182,-0.002,30.014,1393,27.79,,,,,0,False,False,0.0,False,6.4,5.58,20.0,
36.85,26965,296.675,-941.399,-0.01,6.009,30.0,1393,-1,21.68,False,-1,True,True,0.0,0.197,-0.008,False,False,0.34,0.008,29.988,1393,27.79,,,,,0,False,False,0.0,False,6.1,5.81,20.0,
36.9,26966,296.942,-941.245,-0.011,6.222,30.0,1393,-1,21.99,False,-1,True,True,0.0,0.3,-0.001,False,False,0.436,0.007,29.983,1393,27.79,,,,,0,False,False,0.0,False,5.79,6.0,20.0,
36.95,26967,297.215,-941.091,-0.011,6.261,30.0,1393,-1,22.31,False,-1,True,True,0.0,0.3,-0.037,False,False,0.433,0.07,29.832,1393,31.5,,,,,0,False,False,0.0,False,9.18,6.11,20.0,
37.0,26968,297.484,-940.938,-0.01,6.172,30.0,1393,-1,22.62,False,-1,True,True,0.0,0.3,0.001,False,False,0.346,0.057,29.757,1393,31.5,,,,,0,False,False,0.0,False,8.88,6.13,20.0,
37.05,26969,297.748,-940.788,-0.009,6.04,30.0,1393,-1,22.92,False,-1,True,True,0.0,0.3,-0.001,False,False,0.226,0.028,29.669,1393,31.5,,,,,0,False,False,0.0,False,8.57,6.09,20.0,
37.1,26970,298.006,-940.642,-0.008,5.882,30.0,1393,-1,23.22,False,-1,True,True,0.0,0.3,0.002,False,False,0.105,0.006,29.686,1393,31.5,,,,,0,False,False,0.0,False,8.28,6.02,20.0,
37.15,26971,298.256,-940.499,-0.007,5.702,30.0,1393,-1,23.5,False,-1,True,True,0.0,0.3,-0.006,False,False,-0.003,0.006,29.626,1393,31.5,,,,,0,False,False,0.0,False,7.99,5.94,20.0,
37.2,26972,298.498,-940.362,-0.006,5.51,30.0,1393,-1,23.78,False,-1,True,True,0.0,0.3,0.001,False,False,-0.093,0.0,29.651,1393,31.5,,,,,0,False,False,0.0,False,7.71,5.85,20.0,
37.25,26973,298.732,-940.228,-0.006,5.343,30.0,1393,-1,24.05,False,-1,True,True,0.138,0.0,-0.005,False,False,-0.158,0.004,29.594,1393,31.5,,,,,0,False,False,0.0,False,7.44,5.75,20.0,
37.3,26974,298.961,-940.099,-0.005,5.205,30.0,1393,-1,24.31,False,-1,True,True,0.737,0.0,0.002,False,False,-0.19,-0.001,29.625,1393,31.5,,,,,0,False,False,0.0,False,7.18,5.67,20.0,
37.35,26975,299.184,-939.972,-0.005,5.089,30.0,1393,-1,24.57,False,-1,True,True,0.75,0.0,-0.005,False,False,-0.2,0.003,29.571,1393,31.5,,,,,0,False,False,0.0,False,6.92,5.6,20.0,
37.4,26976,299.405,-939.847,-0.006,5.067,30.0,1393,-1,24.82,False,-1,True,True,0.75,0.0,0.003,False,False,-0.175,-0.002,29.602,1393,31.5,,,,,0,False,False,0.0,False,6.67,5.54,20.0,
37.45,26977,299.625,-939.722,-0.006,5.064,30.0,1393,-1,25.08,False,-1,True,True,0.75,0.0,-0.004,False,False,-0.125,0.002,29.547,1393,31.5,,,,,0,False,False,0.0,False,6.41,5.53,20.0,
37.5,26978,299.841,-939.599,-0.006,4.801,30.0,1393,-1,25.33,False,-1,True,True,0.75,0.0,0.004,False,False,-0.121,-0.003,29.576,1393,31.5,,,,,0,False,False,0.0,False,6.16,5.53,20.0,
37.55,26979,300.04,-939.487,-0.005,4.467,30.0,1393,-1,25.55,False,-1,True,True,0.75,0.0,-0.003,False,False,-0.207,0.0,29.584,1393,31.5,,,,,0,False,False,0.0,False,5.94,5.4,20.0,
37.6,26980,300.228,-939.38,-0.005,4.268,30.0,1393,-1,25.77,False,-1,True,True,0.75,0.0,-0.002,False,False,-0.272,0.003,29.578,1393,31.5,,,,,0,False,False,0.0,False,5.72,5.23,20.0,
37.65,26981,300.411,-939.276,-0.005,4.175,30.0,1393,-1,25.98,False,-1,True,True,0.75,0.0,-0.001,False,False,-0.283,0.002,29.573,1393,31.5,,,,,0,False,False,0.0,False,5.51,5.13,20.0,
37.7,26982,300.592,-939.174,-0.005,4.157,30.0,1393,-1,26.19,False,-1,True,True,0.75,0.0,-0.0,False,False,-0.243,0.001,29.57,1393,31.5,,,,,0,False,False,0.0,False,5.3,5.09,20.0,
37.75,26983,300.774,-939.07,-0.006,4.187,30.0,1393,-1,26.4,False,-1,True,True,0.75,0.0,-0.0,False,False,-0.173,0.0,29.568,1393,31.5,,,,,0,False,False,0.0,False,5.09,5.08,20.0,
37.8,26984,300.959,-938.967,-0.007,4.245,30.0,1393,-1,26.61,False,-1,True,True,0.75,0.0,-0.023,False,False,-0.091,0.035,29.501,1393,35.2,,,,,0,False,False,0.0,False,8.59,5.09,20.0,
37.85,26985,301.147,-938.862,-0.007,4.322,30.0,1393,-1,26.83,False,-1,True,True,0.75,0.0,-0.001,False,False,-0.011,0.029,29.454,1393,35.2,,,,,0,False,False,0.0,False,8.37,5.12,20.0,
37.9,26986,301.338,-938.754,-0.008,4.411,30.0,1393,-1,27.05,False,-1,True,True,0.75,0.0,-0.001,False,False,0.059,0.012,29.44,1393,35.2,,,,,0,False,False,0.0,False,8.15,5.16,20.0,
37.95,26987,301.533,-938.645,-0.008,4.507,30.0,1393,-1,27.27,False,-1,True,True,0.75,0.0,-0.003,False,False,0.117,0.006,29.428,1393,35.2,,,,,0,False,False,0.0,False,7.93,5.21,20.0,
38.0,26988,301.732,-938.532,-0.009,4.606,30.0,1393,-1,27.5,False,-1,True,True,0.75,0.0,-0.002,False,False,0.162,0.003,29.415,1393,35.2,,,,,0,False,False,0.0,False,7.7,5.25,20.0,
38.05,26989,301.936,-938.418,-0.009,4.708,30.0,1393,-1,27.73,False,-1,True,True,0.75,0.0,-0.002,False,False,0.195,0.002,29.403,1393,35.2,,,,,0,False,False,0.0,False,7.47,5.3,20.0,
38.1,26990,302.144,-938.301,-0.009,4.812,30.0,1393,-1,27.97,False,-1,True,True,0.75,0.0,-0.001,False,False,0.218,0.001,29.393,1393,35.2,,,,,0,False,False,0.0,False,7.23,5.35,20.0,
38.15,26991,302.357,-938.181,-0.009,4.915,30.0,1393,-1,28.21,False,-1,True,True,0.75,0.0,-0.001,False,False,0.235,-0.0,29.384,1393,35.2,,,,,0,False,False,0.0,False,6.98,5.41,20.0,
38.2,26992,302.574,-938.059,-0.009,5.019,30.0,1393,-1,28.46,False,-1,True,True,0.75,0.0,-0.001,False,False,0.246,-0.0,29.377,1393,35.2,,,,,0,False,False,0.0,False,6.73,5.46,20.0,
38.25,26993,302.795,-937.935,-0.009,5.124,30.0,1393,-1,28.72,False,-1,True,True,0.75,0.0,-0.001,False,False,0.253,-0.0,29.371,1393,35.2,,,,,0,False,False,0.0,False,6.48,5.51,20.0,
38.3,26994,303.021,-937.808,-0.009,5.182,30.0,1393,-1,28.98,False,-1,True,True,0.75,0.0,-0.001,False,False,0.254,-0.0,29.365,1393,35.2,,,,,0,False,False,0.0,False,6.22,5.56,20.0,
38.35,26995,303.251,-937.678,-0.009,5.35,30.0,1393,-1,29.24,False,-1,True,True,0.75,0.0,-0.001,False,False,0.258,-0.001,29.369,1393,35.2,,,,,0,False,False,0.0,False,5.96,5.59,20.0,
38.4,26996,303.482,-937.549,-0.009,5.263,30.0,1393,-1,29.51,False,-1,True,True,0.75,0.0,-0.001,False,False,0.226,0.001,29.34,1393,35.2,,,,,0,False,False,0.0,False,5.69,5.67,20.0,
38.45,26997,303.713,-937.419,-0.009,5.322,30.0,1393,-1,29.77,False,-1,True,True,0.75,0.0,0.002,False,False,0.186,-0.003,29.361,1393,35.2,,,,,0,False,False,0.0,False,5.43,5.63,20.0,
38.5,26998,303.94,-937.286,-0.008,5.249,30.0,1393,-1,30.03,False,-1,True,True,0.75,0.0,0.102,False,False,0.144,-0.113,29.498,1972,1.48,,,,,0,False,False,0.0,False,7.18,5.66,20.0,
38.55,26999,304.165,-937.147,-0.008,5.328,30.0,1393,-1,30.3,False,-1,True,True,0.75,0.0,0.142,False,False,0.12,-0.323,30.053,1972,1.48,,,,,0,False,False,0.0,False,6.92,5.62,20.0,
38.6,27000,304.388,-937.005,-0.008,5.264,30.0,1393,-1,30.56,False,-1,True,True,0.75,0.0,0.093,False,False,0.1,-0.388,30.659,1972,1.48,,,,,0,False,False,0.0,False,6.65,5.66,20.0,
38.65,27001,304.611,-936.862,-0.008,5.331,30.0,1393,-1,30.83,False,-1,True,True,0.75,0.0,0.069,False,False,0.091,-0.344,31.246,1972,1.48,,,,,0,False,False,0.0,False,6.39,5.63,20.0,
38.7,27002,304.835,-936.718,-0.008,5.415,30.0,1393,-1,31.09,False,-1,True,True,0.75,0.0,0.052,False,False,0.097,-0.273,31.707,1972,1.48,,,,,0,False,False,0.0,False,6.12,5.67,20.0,
38.75,27003,305.076,-936.561,-0.009,5.945,30.0,1393,-1,31.38,False,-1,True,True,0.532,0.0,0.046,False,False,0.241,-0.229,32.145,1972,1.48,,,,,0,False,False,0.0,False,5.84,5.71,20.0,
38.8,27004,305.329,-936.389,-0.01,6.165,30.0,1393,-1,31.68,False,-1,True,True,0.0,0.3,0.146,False,False,0.37,-0.339,32.758,1392,1.87,,,,,0,False,False,0.0,False,9.56,5.97,20.0,
38.85,27005,305.58,-936.202,-0.011,6.308,30.0,1393,-1,31.99,False,-1,True,True,0.0,0.3,0.246,False,False,0.406,-0.63,33.874,1392,1.87,,,,,0,False,False,0.0,False,9.25,6.08,20.0,
38.9,27006,305.826,-936.01,-0.01,6.23,30.0,1393,-1,32.3,False,-1,True,True,0.0,0.3,0.174,False,False,0.353,-0.779,35.242,1392,1.87,,,,,0,False,False,0.0,False,8.94,6.15,20.0,
38.95,27007,306.094,-935.837,0.006,6.215,30.0,1393,-1,32.62,False,-1,True,True,0.0,0.3,0.111,False,False,1.271,2.696,36.415,1392,1.87,,,,,0,False,False,0.0,False,8.62,6.11,20.0,
39.0,27008,306.326,-935.612,0.046,6.089,30.0,1393,-1,32.93,False,-1,True,True,0.0,0.3,0.109,False,False,3.185,-0.299,37.427,1392,1.87,,,,,0,False,False,0.0,False,8.3,6.11,20.0,
39.05,27009,306.557,-935.421,0.066,5.824,30.0,1393,-1,33.23,False,-1,True,True,0.0,0.3,0.053,False,False,3.653,-0.394,38.24,1392,1.87,,,,,0,False,False,0.0,False,8.0,6.04,20.0,
39.1,27010,306.778,-935.238,0.076,5.675,30.0,1393,-1,33.51,False,-1,True,True,0.0,0.3,0.053,False,False,3.749,-0.331,38.857,1392,1.87,,,,,0,False,False,0.0,False,7.72,5.91,20.0,
39.15,27011,306.989,-935.06,0.081,5.431,30.0,1393,-1,33.78,False,-1,True,True,0.0,0.3,0.048,False,False,3.689,-0.259,39.314,1392,1.87,,,,,0,False,False,0.0,False,7.44,5.84,20.0,
39.2,27012,307.193,-934.888,0.081,5.324,30.0,1393,-1,34.04,False,-1,True,True,0.414,0.0,0.045,False,False,3.606,-0.215,39.728,1392,1.87,,,,,1,True,False,0.0,False,7.17,5.72,20.0,
39.25,27013,307.39,-934.719,0.08,5.127,30.0,1393,-1,34.29,False,-1,True,True,0.75,0.0,0.034,False,False,3.534,-0.169,40.013,1392,1.87,,,,,1,True,False,0.0,False,6.91,5.66,20.0,
39.3,27014,307.583,-934.552,0.077,5.104,30.0,1393,-1,34.54,False,-1,True,True,0.75,0.0,0.034,False,False,3.501,-0.145,40.3,1392,1.87,,,,,0,False,False,0.0,False,6.66,5.56,20.0,
39.35,27015,307.774,-934.386,0.075,5.034,30.0,1393,-1,34.79,False,-1,True,True,0.75,0.0,0.024,False,False,3.496,-0.111,40.487,1392,1.87,,,,,0,False,False,0.0,False,6.41,5.55,20.0,
39.4,27016,307.964,-934.24,0.098,5.02,30.0,1393,-1,35.03,False,-1,True,True,0.75,0.0,0.024,False,False,2.167,1.665,40.67,1392,1.87,,,,,0,False,False,0.0,False,6.17,5.52,20.0,
39.45,27017,308.13,-934.076,0.118,4.917,30.0,1393,-1,35.25,False,-1,True,True,0.75,0.0,0.033,False,False,0.731,-0.013,41.05,1392,1.87,,,,,0,False,False,0.0,False,5.93,5.51,20.0,
39.5,27018,308.297,-933.914,0.126,4.919,30.0,1393,-1,35.48,False,-1,True,True,0.75,0.0,-0.016,False,False,-0.769,-2.348,41.35,1392,1.87,,,,,0,False,False,0.0,False,5.7,5.46,20.0,
39.55,27019,308.469,-933.763,0.123,4.661,30.0,1393,-1,35.7,False,-1,True,True,0.75,0.0,-0.025,False,False,-1.77,-3.838,41.393,1392,1.87,,,,,0,False,False,0.0,False,5.47,5.46,20.0,
39.6,27020,308.64,-933.621,0.119,4.46,30.0,1393,-1,35.92,False,-1,True,True,0.75,0.0,0.001,False,False,-2.233,-4.458,41.408,1392,1.87,,,,,0,False,False,0.0,False,5.25,5.33,20.0,
39.65,27021,308.807,-933.48,0.114,4.356,30.0,1393,-1,36.13,False,-1,True,True,0.75,0.0,0.009,False,False,-2.336,-4.701,41.482,1392,1.87,,,,,0,False,False,0.0,False,5.03,5.23,20.0,
39.7,27022,308.976,-933.345,0.106,4.346,30.0,1972,-1,1.08,True,109,True,True,0.75,0.0,-0.091,False,False,-2.426,-4.073,41.349,1392,5.61,,,,,0,False,False,0.0,False,8.54,5.18,20.0,
39.75,27023,309.146,-933.214,0.093,4.373,30.0,1972,-1,1.26,True,109,True,True,0.75,0.0,-0.063,False,False,-2.865,-2.49,41.017,1392,5.61,,,,,0,False,False,0.0,False,8.33,5.17,20.0,
39.8,27024,309.312,-933.075,0.082,4.432,30.0,1972,-1,1.46,True,109,True,True,0.75,0.0,-0.034,False,False,-3.176,-1.48,40.762,1392,5.61,,,,,0,False,False,0.0,False,8.11,5.19,20.0,
39.85,27025,309.482,-932.931,0.074,4.5,30.0,1972,-1,1.66,True,109,True,True,0.75,0.0,-0.036,False,False,-3.319,-0.875,40.553,1392,5.61,,,,,0,False,False,0.0,False,7.89,5.22,20.0,
39.9,27026,309.656,-932.786,0.069,4.578,30.0,1972,-1,1.86,True,109,True,True,0.75,0.0,-0.033,False,False,-3.369,-0.49,40.356,1392,5.61,,,,,0,False,False,0.0,False,7.66,5.25,20.0,
39.95,27027,309.834,-932.638,0.066,4.666,30.0,1972,-1,2.06,True,109,True,True,0.75,0.0,-0.028,False,False,-3.373,-0.255,40.178,1392,5.61,,,,,1,True,False,0.0,False,7.43,5.29,20.0,
40.0,27028,310.016,-932.486,0.062,4.755,30.0,1972,-1,2.27,True,109,True,True,0.75,0.0,-0.024,False,False,-3.215,-0.293,40.015,1392,5.61,,,,,1,True,False,0.0,False,7.19,5.33,20.0,
40.05,27029,310.203,-932.329,0.054,4.84,30.0,1972,-1,2.49,True,109,True,True,0.75,0.0,-0.02,False,False,-2.781,-0.671,39.852,1392,5.61,,,,,1,True,False,0.0,False,6.95,5.38,20.0,
40.1,27030,310.394,-932.169,0.042,4.925,30.0,1972,-1,2.71,True,109,True,True,0.75,0.0,-0.016,False,False,-2.193,-1.225,39.698,1392,5.61,,,,,0,False,False,0.0,False,6.7,5.42,20.0,
40.15,27031,310.59,-932.009,0.032,5.014,30.0,1972,-1,2.94,True,109,True,True,0.75,0.0,-0.013,False,False,-1.719,-1.645,39.571,1392,5.61,,,,,0,False,False,0.0,False,6.45,5.46,20.0,
40.2,27032,310.79,-931.848,0.025,5.124,30.0,1971,-1,8.26,True,109,True,False,0.75,0.0,-0.009,False,False,-1.4,-1.75,39.485,1392,5.61,,,,,0,False,False,0.0,False,6.19,5.51,20.0,
40.25,27033,310.996,-931.686,0.015,5.15,30.0,1971,-1,8.49,True,109,True,False,0.75,0.0,-0.007,False,False,-0.893,-1.35,39.445,1392,5.61,,,,,0,False,False,0.0,False,5.93,5.56,20.0,
40.3,27034,311.2,-931.52,0.007,5.207,30.0,1971,-1,8.72,True,109,True,False,0.75,0.0,-0.006,False,False,-0.532,-1.017,39.382,1392,5.61,,,,,0,False,False,0.0,False,5.67,5.58,20.0,
40.35,27035,311.402,-931.357,0.001,5.118,30.0,1971,-1,9.11,True,109,True,False,0.75,0.0,-0.004,False,False,-0.312,-0.748,39.382,1392,5.61,,,,,0,False,False,0.0,False,5.41,5.6,20.0,
40.4,27036,311.605,-931.195,-0.002,5.194,30.0,1971,-1,9.34,True,109,True,False,0.75,0.0,-0.104,False,False,-0.165,-0.429,39.173,1392,9.35,,,,,0,False,False,0.0,False,8.88,5.56,20.0,
40.45,27037,311.809,-931.036,-0.005,5.141,30.0,1392,-1,0.73,False,-1,True,True,0.75,0.0,-0.033,False,False,-0.073,-0.218,38.918,1392,9.35,,,,,0,False,False,0.0,False,8.62,5.6,20.0,
40.5,27038,312.013,-930.874,-0.006,5.231,30.0,1392,-1,0.99,False,-1,True,True,0.75,0.0,-0.02,False,False,-0.003,-0.133,38.684,1392,9.35,,,,,0,False,False,0.0,False,8.36,5.57,20.0,
40.55,27039,312.217,-930.714,-0.007,5.156,30.0,1392,-1,1.25,False,-1,True,True,0.75,0.0,-0.015,False,False,0.028,-0.09,38.559,1392,9.35,,,,,0,False,False,0.0,False,8.1,5.62,20.0,
40.6,27040,312.422,-930.553,-0.008,5.269,30.0,1392,-1,1.51,False,-1,True,True,0.75,0.0,-0.019,False,False,0.054,-0.051,38.406,1392,9.35,,,,,0,False,False,0.0,False,7.84,5.58,20.0,
40.65,27041,312.641,-930.381,-0.009,5.696,30.0,1392,-1,1.79,False,-1,True,True,0.75,0.0,-0.012,False,False,0.189,-0.023,38.261,1392,9.35,,,,,0,False,False,0.0,False,7.56,5.63,20.0,
40.7,27042,312.878,-930.196,-0.01,6.14,30.0,1392,-1,2.09,False,-1,True,True,0.0,0.3,-0.008,False,False,0.359,-0.01,38.155,1392,9.35,,,,,0,False,False,0.0,False,7.26,5.85,20.0,
40.75,27043,313.124,-930.004,-0.011,6.264,30.0,1392,-1,2.4,False,-1,True,True,0.0,0.3,-0.007,False,False,0.443,-0.001,38.074,1392,9.35,,,,,0,False,False,0.0,False,6.95,6.07,20.0,
40.8,27044,313.374,-929.81,-0.011,6.375,30.0,1392,-1,2.71,False,-1,True,True,0.0,0.3,-0.006,False,False,0.438,0.005,38.008,1392,9.35,,,,,0,False,False,0.0,False,6.63,6.13,20.0,
40.85,27045,313.622,-929.617,-0.01,6.246,30.0,1392,-1,3.03,False,-1,True,True,0.0,0.3,-0.005,False,False,0.353,0.009,37.945,1392,9.35,,,,,0,False,False,0.0,False,6.32,6.19,20.0,
40.9,27046,313.866,-929.427,-0.009,6.168,30.0,1392,-1,3.34,False,-1,True,True,0.0,0.3,-0.004,False,False,0.237,0.008,37.923,1392,9.35,,,,,0,False,False,0.0,False,6.01,6.12,20.0,
40.95,27047,314.105,-929.245,-0.008,5.934,30.0,1392,-1,3.64,False,-1,True,True,0.0,0.3,-0.075,False,False,0.106,0.102,37.72,1392,13.08,,,,,0,False,False,0.0,False,9.45,6.08,20.0,
41.0,27048,314.338,-929.069,-0.007,5.807,30.0,1392,-1,3.93,False,-1,True,True,0.0,0.3,-0.009,False,False,-0.005,0.112,37.535,1392,13.08,,,,,0,False,False,0.0,False,9.16,5.97,20.0,
41.05,27049,314.562,-928.899,-0.006,5.545,30.0,1392,-1,4.21,False,-1,True,True,0.0,0.3,-0.004,False,False,-0.102,0.067,37.392,1392,13.08,,,,,0,False,False,0.0,False,8.87,5.9,20.0,
41.1,27050,314.779,-928.733,-0.006,5.434,30.0,1392,-1,4.48,False,-1,True,True,0.002,0.0,-0.003,False,False,-0.166,0.033,37.35,1392,13.08,,,,,0,False,False,0.0,False,8.6,5.77,20.0,
41.15,27051,314.99,-928.573,-0.005,5.216,30.0,1392,-1,4.75,False,-1,True,True,0.4,0.0,-0.008,False,False,-0.206,0.022,37.262,1392,13.08,,,,,0,False,False,0.0,False,8.34,5.72,20.0,
41.2,27052,315.196,-928.417,-0.005,5.147,30.0,1392,-1,5.01,False,-1,True,True,0.75,0.0,-0.002,False,False,-0.217,0.013,37.239,1392,13.08,,,,,0,False,False,0.0,False,8.08,5.61,20.0,
41.25,27053,315.4,-928.262,-0.005,5.074,30.0,1392,-1,5.26,False,-1,True,True,0.75,0.0,-0.006,False,False,-0.19,0.011,37.156,1392,13.08,,,,,0,False,False,0.0,False,7.82,5.57,20.0,
41.3,27054,315.604,-928.108,-0.006,5.143,30.0,1392,-1,5.52,False,-1,True,True,0.75,0.0,0.001,False,False,-0.132,0.004,37.154,1392,13.08,,,,,0,False,False,0.0,False,7.57,5.54,20.0,
41.35,27055,315.8,-927.96,-0.006,4.732,30.0,1392,-1,5.76,False,-1,True,True,0.75,0.0,-0.005,False,False,-0.16,0.005,37.148,1392,13.08,,,,,0,False,False,0.0,False,7.32,5.57,20.0,
41.4,27056,315.979,-927.825,-0.005,4.387,30.0,1392,-1,5.99,False,-1,True,True,0.75,0.0,-0.004,False,False,-0.257,0.007,37.155,1392,13.08,,,,,0,False,False,0.0,False,7.1,5.37,20.0,
41.45,27057,316.149,-927.698,-0.005,4.181,30.0,1392,-1,6.2,False,-1,True,True,0.75,0.0,-0.005,False,False,-0.322,0.008,37.139,1392,13.08,,,,,0,False,False,0.0,False,6.88,5.19,20.0,
41.5,27058,316.313,-927.574,-0.004,4.084,30.0,1392,-1,6.41,False,-1,True,True,0.75,0.0,-0.003,False,False,-0.326,0.006,37.121,1392,13.08,,,,,0,False,False,0.0,False,6.68,5.09,20.0,
41.55,27059,316.476,-927.451,-0.005,4.063,30.0,1392,-1,6.61,False,-1,True,True,0.75,0.0,-0.002,False,False,-0.278,0.003,37.106,1392,13.08,,,,,0,False,False,0.0,False,6.47,5.04,20.0,
41.6,27060,316.639,-927.328,-0.006,4.093,30.0,1392,-1,6.81,False,-1,True,True,0.75,0.0,-0.002,False,False,-0.199,0.001,37.094,1392,13.08,,,,,0,False,False,0.0,False,6.27,5.03,20.0,
41.65,27061,316.804,-927.203,-0.006,4.152,30.0,1392,-1,7.02,False,-1,True,True,0.75,0.0,-0.002,False,False,-0.109,0.0,37.083,1392,13.08,,,,,0,False,False,0.0,False,6.06,5.05,20.0,
41.7,27062,316.972,-927.076,-0.007,4.23,30.0,1392,-1,7.23,False,-1,True,True,0.75,0.0,-0.002,False,False,-0.023,-0.0,37.074,1392,13.08,,,,,0,False,False,0.0,False,5.85,5.08,20.0,
41.75,27063,317.144,-926.947,-0.008,4.319,30.0,1392,-1,7.45,False,-1,True,True,0.75,0.0,-0.001,False,False,0.052,-0.0,37.065,1392,13.08,,,,,0,False,False,0.0,False,5.64,5.11,20.0,
41.8,27064,317.319,-926.815,-0.008,4.416,30.0,1392,-1,7.67,False,-1,True,True,0.75,0.0,-0.001,False,False,0.113,-0.0,37.058,1392,13.08,,,,,0,False,False,0.0,False,5.42,5.16,20.0,
41.85,27065,317.498,-926.68,-0.009,4.516,30.0,1392,-1,7.89,False,-1,True,True,0.75,0.0,-0.001,False,False,0.16,-0.0,37.051,1392,13.08,,,,,0,False,False,0.0,False,5.19,5.21,20.0,
41.9,27066,317.683,-926.544,-0.009,4.616,30.0,1392,-1,8.12,False,-1,True,True,0.75,0.0,-0.046,False,False,0.193,0.066,36.928,1392,16.82,,,,,0,False,False,0.0,False,8.7,5.26,20.0,
41.95,27067,317.871,-926.404,-0.009,4.72,30.0,1392,-1,8.35,False,-1,True,True,0.75,0.0,-0.003,False,False,0.217,0.061,36.825,1392,16.82,,,,,0,False,False,0.0,False,8.47,5.31,20.0,
42.0,27068,318.063,-926.261,-0.009,4.825,30.0,1392,-1,8.59,False,-1,True,True,0.75,0.0,-0.001,False,False,0.235,0.029,36.79,1392,16.82,,,,,0,False,False,0.0,False,8.23,5.36,20.0,
42.05,27069,318.259,-926.115,-0.009,4.929,30.0,1392,-1,8.84,False,-1,True,True,0.75,0.0,-0.005,False,False,0.246,0.015,36.763,1392,16.82,,,,,0,False,False,0.0,False,7.98,5.41,20.0,
42.1,27070,318.459,-925.967,-0.009,5.034,30.0,1392,-1,9.09,False,-1,True,True,0.75,0.0,-0.005,False,False,0.254,0.009,36.735,1392,16.82,,,,,0,False,False,0.0,False,7.73,5.46,20.0,
42.15,27071,318.664,-925.815,-0.009,5.135,30.0,1392,-1,9.34,False,-1,True,True,0.75,0.0,-0.003,False,False,0.258,0.005,36.709,1392,16.82,,,,,0,False,False,0.0,False,7.48,5.52,20.0,
42.2,27072,318.873,-925.659,-0.009,5.273,30.0,1392,-1,9.6,False,-1,True,True,0.75,0.0,-0.003,False,False,0.261,0.003,36.686,1392,16.82,,,,,0,False,False,0.0,False,7.22,5.57,20.0,
42.25,27073,319.083,-925.503,-0.009,5.22,30.0,1392,-1,9.86,False,-1,True,True,0.75,0.0,-0.002,False,False,0.242,0.001,36.684,1392,16.82,,,,,0,False,False,0.0,False,6.96,5.64,20.0,
42.3,27074,319.294,-925.347,-0.009,5.272,30.0,1392,-1,10.13,False,-1,True,True,0.75,0.0,-0.003,False,False,0.202,0.003,36.642,1392,16.82,,,,,0,False,False,0.0,False,6.7,5.61,20.0,
42.35,27075,319.503,-925.191,-0.008,5.2,30.0,1392,-1,10.39,False,-1,True,True,0.75,0.0,0.001,False,False,0.157,-0.002,36.665,1392,16.82,,,,,0,False,False,0.0,False,6.43,5.64,20.0,
42.4,27076,319.714,-925.035,-0.008,5.284,30.0,1392,-1,10.65,False,-1,True,True,0.75,0.0,-0.004,False,False,0.133,0.003,36.63,1392,16.82,,,,,0,False,False,0.0,False,6.17,5.6,20.0,
42.45,27077,319.925,-924.878,-0.008,5.242,30.0,1392,-1,10.91,False,-1,True,True,0.75,0.0,0.0,False,False,0.116,-0.001,36.654,1392,16.82,,,,,0,False,False,0.0,False,5.91,5.64,20.0,
42.5,27078,320.137,-924.721,-0.008,5.308,30.0,1392,-1,11.18,False,-1,True,True,0.75,0.0,-0.004,False,False,0.108,0.003,36.621,1392,16.82,,,,,0,False,False,0.0,False,5.65,5.62,20.0,
42.55,27079,320.349,-924.566,-0.008,5.233,30.0,1392,-1,11.44,False,-1,True,True,0.75,0.0,-0.024,False,False,0.091,0.038,36.578,1392,20.56,,,,,0,False,False,0.0,False,9.12,5.65,20.0,
42.6,27080,320.569,-924.405,-0.008,5.66,30.0,1392,-1,11.71,False,-1,True,True,0.75,0.0,-0.005,False,False,0.155,0.039,36.519,1392,20.56,,,,,0,False,False,0.0,False,8.85,5.62,20.0,
42.65,27081,320.806,-924.23,-0.01,5.983,30.0,1392,-1,12.01,False,-1,True,True,0.0,0.3,-0.002,False,False,0.303,0.022,36.495,1392,20.56,,,,,0,False,False,0.0,False,8.55,5.83,20.0,
42.7,27082,321.055,-924.046,-0.011,6.273,30.0,1392,-1,12.32,False,-1,True,True,0.0,0.3,-0.004,False,False,0.409,0.012,36.47,1392,20.56,,,,,0,False,False,0.0,False,8.24,5.99,20.0,
42.75,27083,321.308,-923.86,-0.011,6.266,30.0,1392,-1,12.63,False,-1,True,True,0.0,0.3,-0.003,False,False,0.414,0.007,36.446,1392,20.56,,,,,0,False,False,0.0,False,7.93,6.14,20.0,
42.8,27084,321.561,-923.674,-0.01,6.28,30.0,1392,-1,12.94,False,-1,True,True,0.0,0.3,-0.002,False,False,0.352,0.002,36.429,1392,20.56,,,,,0,False,False,0.0,False,7.62,6.13,20.0,
42.85,27085,321.808,-923.492,-0.009,6.09,30.0,1392,-1,13.25,False,-1,True,True,0.0,0.3,-0.002,False,False,0.239,0.001,36.398,1392,20.56,,,,,0,False,False,0.0,False,7.31,6.14,20.0,
42.9,27086,322.05,-923.314,-0.008,5.984,30.0,1392,-1,13.55,False,-1,True,True,0.0,0.3,-0.0,False,False,0.12,-0.002,36.412,1392,20.56,,,,,0,False,False,0.0,False,7.01,6.05,20.0,
42.95,27087,322.284,-923.141,-0.007,5.738,30.0,1392,-1,13.84,False,-1,True,True,0.0,0.3,-0.003,False,False,0.004,0.002,36.375,1392,20.56,,,,,0,False,False,0.0,False,6.72,5.99,20.0,
43.0,27088,322.512,-922.974,-0.006,5.602,30.0,1392,-1,14.12,False,-1,True,True,0.0,0.3,0.001,False,False,-0.088,-0.001,36.393,1392,20.56,,,,,0,False,False,0.0,False,6.44,5.87,20.0,
43.05,27089,322.73,-922.813,-0.006,5.348,30.0,1392,-1,14.4,False,-1,True,True,0.0,0.201,-0.003,False,False,-0.163,0.001,36.355,1392,20.56,,,,,0,False,False,0.0,False,6.16,5.8,20.0,
43.1,27090,322.943,-922.657,-0.005,5.249,30.0,1392,-1,14.66,False,-1,True,True,0.716,0.0,0.002,False,False,-0.205,-0.003,36.374,1392,20.56,,,,,0,False,False,0.0,False,5.9,5.67,20.0,
43.15,27091,323.149,-922.505,-0.005,5.047,30.0,1392,-1,14.92,False,-1,True,True,0.75,0.0,-0.002,False,False,-0.226,-0.001,36.332,1392,20.56,,,,,0,False,False,0.0,False,5.64,5.62,20.0,
43.2,27092,323.353,-922.355,-0.005,5.069,30.0,1392,-1,15.17,False,-1,True,True,0.75,0.0,0.003,False,False,-0.202,-0.005,36.333,1392,20.56,,,,,0,False,False,0.0,False,5.39,5.52,20.0,
43.25,27093,323.557,-922.206,-0.006,5.051,30.0,1392,-1,15.42,False,-1,True,True,0.75,0.0,-0.015,False,False,-0.153,0.024,36.289,1392,24.3,,,,,0,False,False,0.0,False,8.88,5.53,20.0,
43.3,27094,323.758,-922.058,-0.006,4.869,30.0,1392,-1,15.67,False,-1,True,True,0.75,0.0,-0.0,False,False,-0.119,0.021,36.238,1392,24.3,,,,,0,False,False,0.0,False,8.63,5.53,20.0,
43.35,27095,323.944,-921.922,-0.006,4.479,30.0,1392,-1,15.9,False,-1,True,True,0.75,0.0,0.002,False,False,-0.201,0.01,36.189,1392,24.3,,,,,0,False,False,0.0,False,8.4,5.43,20.0,
43.4,27096,324.118,-921.794,-0.005,4.235,30.0,1392,-1,16.12,False,-1,True,True,0.75,0.0,0.003,False,False,-0.281,0.001,36.185,1392,24.3,,,,,0,False,False,0.0,False,8.18,5.24,20.0,
43.45,27097,324.285,-921.672,-0.005,4.109,30.0,1392,-1,16.33,False,-1,True,True,0.75,0.0,0.0,False,False,-0.308,-0.0,36.187,1392,24.3,,,,,0,False,False,0.0,False,7.97,5.12,20.0,
43.5,27098,324.45,-921.551,-0.005,4.069,30.0,1392,-1,16.53,False,-1,True,True,0.75,0.0,-0.0,False,False,-0.279,0.001,36.186,1392,24.3,,,,,0,False,False,0.0,False,7.77,5.05,20.0,
43.55,27099,324.615,-921.43,-0.005,4.087,30.0,1392,-1,16.73,False,-1,True,True,0.75,0.0,-0.0,False,False,-0.211,0.002,36.185,1392,24.3,,,,,0,False,False,0.0,False,7.57,5.03,20.0,
43.6,27100,324.782,-921.308,-0.006,4.138,30.0,1392,-1,16.94,False,-1,True,True,0.75,0.0,-0.0,False,False,-0.127,0.002,36.184,1392,24.3,,,,,0,False,False,0.0,False,7.36,5.04,20.0,
43.65,27101,324.951,-921.185,-0.007,4.212,30.0,1392,-1,17.15,False,-1,True,True,0.75,0.0,-0.0,False,False,-0.042,0.002,36.183,1392,24.3,,,,,0,False,False,0.0,False,7.15,5.07,20.0,
43.7,27102,325.124,-921.058,-0.008,4.298,30.0,1392,-1,17.36,False,-1,True,True,0.75,0.0,-0.0,False,False,0.035,0.001,36.183,1392,24.3,,,,,0,False,False,0.0,False,6.94,5.11,20.0,
43.75,27103,325.3,-920.929,-0.008,4.393,30.0,1392,-1,17.58,False,-1,True,True,0.75,0.0,-0.0,False,False,0.098,0.001,36.183,1392,24.3,,,,,0,False,False,0.0,False,6.72,5.15,20.0,
43.8,27104,325.48,-920.798,-0.009,4.492,30.0,1392,-1,17.81,False,-1,True,True,0.75,0.0,-0.0,False,False,0.148,0.001,36.182,1392,24.3,,,,,0,False,False,0.0,False,6.49,5.2,20.0,
43.85,27105,325.664,-920.663,-0.009,4.594,30.0,1392,-1,18.03,False,-1,True,True,0.75,0.0,0.0,False,False,0.186,0.0,36.182,1392,24.3,,,,,0,False,False,0.0,False,6.27,5.25,20.0,
43.9,27106,325.852,-920.526,-0.009,4.698,30.0,1392,-1,18.27,False,-1,True,True,0.75,0.0,-0.0,False,False,0.213,0.0,36.182,1392,24.3,,,,,0,False,False,0.0,False,6.03,5.3,20.0,
43.95,27107,326.044,-920.385,-0.009,4.802,30.0,1392,-1,18.5,False,-1,True,True,0.75,0.0,0.0,False,False,0.231,0.0,36.182,1392,24.3,,,,,0,False,False,0.0,False,5.79,5.35,20.0,
44.0,27108,326.241,-920.241,-0.009,4.906,30.0,1392,-1,18.75,False,-1,True,True,0.75,0.0,-0.0,False,False,0.244,0.0,36.181,1392,24.3,,,,,0,False,False,0.0,False,5.55,5.4,20.0,
44.05,27109,326.441,-920.095,-0.009,5.011,30.0,1392,-1,19.0,False,-1,True,True,0.75,0.0,-0.0,False,False,0.252,0.0,36.181,1392,24.3,,,,,0,False,False,0.0,False,5.3,5.45,20.0,
44.1,27110,326.646,-919.945,-0.009,5.115,30.0,1392,-1,19.25,False,-1,True,True,0.75,0.0,-0.009,False,False,0.257,0.017,36.15,1392,28.04,,,,,0,False,False,0.0,False,8.79,5.51,20.0,
44.15,27111,326.855,-919.794,-0.009,5.19,30.0,1392,-1,19.51,False,-1,True,True,0.75,0.0,0.0,False,False,0.255,0.012,36.153,1392,28.04,,,,,0,False,False,0.0,False,8.53,5.56,20.0,
44.2,27112,327.064,-919.641,-0.009,5.161,30.0,1392,-1,19.77,False,-1,True,True,0.75,0.0,-0.002,False,False,0.22,0.008,36.097,1392,28.04,,,,,0,False,False,0.0,False,8.27,5.59,20.0,
44.25,27113,327.272,-919.49,-0.008,5.148,30.0,1392,-1,20.02,False,-1,True,True,0.75,0.0,0.004,False,False,0.174,-0.002,36.141,1392,28.04,,,,,0,False,False,0.0,False,8.01,5.58,20.0,
44.3,27114,327.479,-919.338,-0.008,5.151,30.0,1392,-1,20.28,False,-1,True,True,0.75,0.0,-0.005,False,False,0.138,0.003,36.092,1392,28.04,,,,,0,False,False,0.0,False,7.76,5.57,20.0,
44.35,27115,327.688,-919.186,-0.008,5.17,30.0,1392,-1,20.54,False,-1,True,True,0.75,0.0,0.003,False,False,0.118,-0.002,36.134,1392,28.04,,,,,0,False,False,0.0,False,7.5,5.58,20.0,
44.4,27116,327.897,-919.033,-0.008,5.194,30.0,1392,-1,20.8,False,-1,True,True,0.75,0.0,-0.004,False,False,0.11,0.003,36.087,1392,28.04,,,,,0,False,False,0.0,False,7.24,5.58,20.0,
44.45,27117,328.107,-918.881,-0.008,5.189,30.0,1392,-1,21.06,False,-1,True,True,0.75,0.0,0.003,False,False,0.1,-0.002,36.133,1392,28.04,,,,,0,False,False,0.0,False,6.98,5.6,20.0,
44.5,27118,328.316,-918.728,-0.008,5.186,30.0,1392,-1,21.32,False,-1,True,True,0.75,0.0,-0.004,False,False,0.089,0.003,36.086,1392,28.04,,,,,0,False,False,0.0,False,6.72,5.59,20.0,
44.55,27119,328.537,-918.567,-0.009,5.637,30.0,1392,-1,21.59,False,-1,True,True,0.75,0.0,0.003,False,False,0.182,-0.004,36.153,1392,28.04,,,,,0,False,False,0.0,False,6.45,5.59,20.0,
44.6,27120,328.776,-918.393,-0.01,6.022,30.0,1392,-1,21.89,False,-1,True,True,0.0,0.262,-0.006,False,False,0.339,0.006,36.141,1392,28.04,,,,,0,False,False,0.0,False,6.15,5.82,20.0,
44.65,27121,329.025,-918.212,-0.011,6.231,30.0,1392,-1,22.19,False,-1,True,True,0.0,0.3,-0.0,False,False,0.432,0.005,36.146,1392,28.04,,,,,0,False,False,0.0,False,5.84,6.01,20.0,
44.7,27122,329.279,-918.027,-0.011,6.269,30.0,1392,-1,22.51,False,-1,True,True,0.0,0.3,-0.007,False,False,0.428,0.014,36.094,1392,31.77,,,,,0,False,False,0.0,False,9.27,6.12,20.0,
44.75,27123,329.53,-917.845,-0.01,6.18,30.0,1392,-1,22.82,False,-1,True,True,0.0,0.3,0.002,False,False,0.343,0.006,36.113,1392,31.77,,,,,0,False,False,0.0,False,8.96,6.13,20.0,
44.8,27124,329.775,-917.665,-0.009,6.049,30.0,1392,-1,23.12,False,-1,True,True,0.0,0.3,-0.003,False,False,0.223,0.005,36.063,1392,31.77,,,,,0,False,False,0.0,False,8.65,6.09,20.0,
44.85,27125,330.015,-917.491,-0.008,5.889,30.0,1392,-1,23.42,False,-1,True,True,0.0,0.3,0.003,False,False,0.103,-0.003,36.097,1392,31.77,,,,,0,False,False,0.0,False,8.36,6.02,20.0,
44.9,27126,330.248,-917.321,-0.007,5.71,30.0,1392,-1,23.71,False,-1,True,True,0.0,0.3,-0.004,False,False,-0.005,0.001,36.052,1392,31.77,,,,,0,False,False,0.0,False,8.07,5.94,20.0,
44.95,27127,330.474,-917.157,-0.006,5.517,30.0,1392,-1,23.99,False,-1,True,True,0.0,0.3,0.003,False,False,-0.094,-0.004,36.09,1392,31.77,,,,,0,False,False,0.0,False,7.79,5.85,20.0,
45.0,27128,330.692,-916.998,-0.006,5.349,30.0,1392,-1,24.26,False,-1,True,True,0.112,0.0,-0.004,False,False,-0.159,0.001,36.044,1392,31.77,,,,,0,False,False,0.0,False,7.52,5.76,20.0,
45.05,27129,330.904,-916.844,-0.005,5.209,30.0,1392,-1,24.52,False,-1,True,True,0.713,0.0,0.003,False,False,-0.192,-0.003,36.084,1392,31.77,,,,,0,False,False,0.0,False,7.26,5.67,20.0,
45.1,27130,331.112,-916.692,-0.005,5.09,30.0,1392,-1,24.77,False,-1,True,True,0.75,0.0,-0.004,False,False,-0.202,0.001,36.036,1392,31.77,,,,,0,False,False,0.0,False,7.0,5.6,20.0,
45.15,27131,331.317,-916.543,-0.005,5.068,30.0,1392,-1,25.03,False,-1,True,True,0.75,0.0,0.003,False,False,-0.178,-0.003,36.073,1392,31.77,,,,,0,False,False,0.0,False,6.75,5.55,20.0,
45.2,27132,331.522,-916.393,-0.006,5.065,30.0,1392,-1,25.28,False,-1,True,True,0.75,0.0,-0.003,False,False,-0.127,0.001,36.023,1392,31.77,,,,,0,False,False,0.0,False,6.49,5.53,20.0,
45.25,27133,331.722,-916.248,-0.006,4.798,30.0,1392,-1,25.53,False,-1,True,True,0.75,0.0,0.004,False,False,-0.124,-0.003,36.055,1392,31.77,,,,,0,False,False,0.0,False,6.24,5.53,20.0,
45.3,27134,331.907,-916.113,-0.005,4.458,30.0,1392,-1,25.76,False,-1,True,True,0.75,0.0,-0.002,False,False,-0.21,-0.0,36.067,1392,31.77,,,,,0,False,False,0.0,False,6.02,5.4,20.0,
45.35,27135,332.081,-915.986,-0.005,4.256,30.0,1392,-1,25.97,False,-1,True,True,0.75,0.0,-0.001,False,False,-0.277,0.003,36.064,1392,31.77,,,,,0,False,False,0.0,False,5.8,5.23,20.0,
45.4,27136,332.251,-915.863,-0.005,4.16,30.0,1392,-1,26.18,False,-1,True,True,0.75,0.0,-0.0,False,False,-0.289,0.002,36.061,1392,31.77,,,,,0,False,False,0.0,False,5.59,5.13,20.0,
45.45,27137,332.419,-915.741,-0.005,4.141,30.0,1392,-1,26.39,False,-1,True,True,0.75,0.0,-0.0,False,False,-0.249,0.0,36.06,1392,31.77,,,,,0,False,False,0.0,False,5.38,5.08,20.0,
45.5,27138,332.587,-915.618,-0.006,4.17,30.0,1392,-1,26.6,False,-1,True,True,0.75,0.0,-0.0,False,False,-0.178,0.0,36.059,1392,31.77,,,,,0,False,False,0.0,False,5.18,5.07,20.0,
45.55,27139,332.758,-915.494,-0.006,4.228,30.0,1392,-1,26.81,False,-1,True,True,0.75,0.0,-0.0,False,False,-0.095,-0.0,36.058,1392,31.77,,,,,0,False,False,0.0,False,4.96,5.08,20.0,
45.6,27140,332.931,-915.368,-0.007,4.305,30.0,1392,-1,27.02,False,-1,True,True,0.75,0.0,-0.003,False,False,-0.014,0.005,36.047,1392,35.51,,,,,0,False,False,0.0,False,8.49,5.11,20.0,
45.65,27141,333.108,-915.24,-0.008,4.394,30.0,1392,-1,27.24,False,-1,True,True,0.75,0.0,-0.0,False,False,0.057,0.004,36.04,1392,35.51,,,,,0,False,False,0.0,False,8.27,5.15,20.0,
45.7,27142,333.288,-915.109,-0.008,4.489,30.0,1392,-1,27.47,False,-1,True,True,0.75,0.0,-0.0,False,False,0.115,0.002,36.037,1392,35.51,,,,,0,False,False,0.0,False,8.05,5.2,20.0,
45.75,27143,333.473,-914.975,-0.009,4.589,30.0,1392,-1,27.69,False,-1,True,True,0.75,0.0,-0.0,False,False,0.16,0.001,36.035,1392,35.51,,,,,0,False,False,0.0,False,7.82,5.24,20.0,
45.8,27144,333.661,-914.838,-0.009,4.691,30.0,1392,-1,27.93,False,-1,True,True,0.75,0.0,-0.0,False,False,0.194,0.0,36.033,1392,35.51,,,,,0,False,False,0.0,False,7.59,5.29,20.0,
45.85,27145,333.853,-914.698,-0.009,4.794,30.0,1392,-1,28.16,False,-1,True,True,0.75,0.0,-0.0,False,False,0.218,0.0,36.031,1392,35.51,,,,,0,False,False,0.0,False,7.35,5.35,20.0,
45.9,27146,334.05,-914.555,-0.009,4.898,30.0,1392,-1,28.41,False,-1,True,True,0.75,0.0,-0.0,False,False,0.235,-0.0,36.029,1392,35.51,,,,,0,False,False,0.0,False,7.11,5.4,20.0,
45.95,27147,334.25,-914.409,-0.009,5.002,30.0,1392,-1,28.66,False,-1,True,True,0.75,0.0,-0.0,False,False,0.246,-0.0,36.028,1392,35.51,,,,,0,False,False,0.0,False,6.86,5.45,20.0,
46.0,27148,334.455,-914.26,-0.009,5.107,30.0,1392,-1,28.91,False,-1,True,True,0.75,0.0,-0.0,False,False,0.253,-0.0,36.027,1392,35.51,,,,,0,False,False,0.0,False,6.6,5.5,20.0,
46.05,27149,334.664,-914.108,-0.009,5.165,30.0,1392,-1,29.17,False,-1,True,True,0.75,0.0,-0.0,False,False,0.254,-0.0,36.025,1392,35.51,,,,,0,False,False,0.0,False,6.35,5.55,20.0,
46.1,27150,334.877,-913.953,-0.009,5.341,30.0,1392,-1,29.43,False,-1,True,True,0.75,0.0,-0.0,False,False,0.259,-0.0,36.029,1392,35.51,,,,,0,False,False,0.0,False,6.08,5.58,20.0,
46.15,27151,335.092,-913.797,-0.009,5.274,30.0,1392,-1,29.7,False,-1,True,True,0.75,0.0,-0.0,False,False,0.236,0.001,36.006,1392,35.51,,,,,0,False,False,0.0,False,5.82,5.67,20.0,
46.2,27152,335.306,-913.641,-0.009,5.33,30.0,1392,-1,29.96,False,-1,True,True,0.75,0.0,0.002,False,False,0.196,-0.003,36.031,1392,35.51,,,,,0,False,False,0.0,False,5.55,5.64,20.0,
46.25,27153,335.52,-913.486,-0.008,5.262,30.0,1392,-1,30.23,False,-1,True,True,0.75,0.0,-0.004,False,False,0.153,0.004,35.99,1392,39.25,,,,,0,False,False,0.0,False,9.03,5.67,20.0,
46.3,27154,335.734,-913.33,-0.008,5.35,30.0,1392,-1,30.49,False,-1,True,True,0.75,0.0,0.003,False,False,0.132,-0.0,36.009,1392,39.25,,,,,0,False,False,0.0,False,8.76,5.63,20.0,
46.35,27155,335.949,-913.174,-0.008,5.285,30.0,1392,-1,30.76,False,-1,True,True,0.75,0.0,-0.002,False,False,0.113,0.002,35.977,1392,39.25,,,,,0,False,False,0.0,False,8.5,5.67,20.0,
46.4,27156,336.164,-913.017,-0.008,5.353,30.0,1392,-1,31.02,False,-1,True,True,0.75,0.0,0.003,False,False,0.102,-0.002,36.007,1392,39.25,,,,,0,False,False,0.0,False,8.23,5.64,20.0,
46.45,27157,336.381,-912.86,-0.008,5.433,30.0,1392,-1,31.29,False,-1,True,True,0.75,0.0,-0.002,False,False,0.104,0.002,36.004,1392,39.25,,,,,0,False,False,0.0,False,7.96,5.68,20.0,
46.5,27158,336.615,-912.69,-0.009,5.958,30.0,1392,-1,31.58,False,-1,True,True,0.467,0.0,-0.0,False,False,0.245,0.003,36.025,1392,39.25,,,,,0,False,False,0.0,False,7.67,5.72,20.0,
46.55,27159,336.863,-912.51,-0.01,6.183,30.0,1392,-1,31.89,False,-1,True,True,0.0,0.3,-0.002,False,False,0.374,0.005,36.027,1392,39.25,,,,,0,False,False,0.0,False,7.37,5.98,20.0,
46.6,27160,337.118,-912.325,-0.011,6.357,30.0,1392,-1,32.2,False,-1,True,True,0.0,0.3,-0.001,False,False,0.422,0.005,36.021,1392,39.25,,,,,0,False,False,0.0,False,7.05,6.09,20.0,
46.65,27161,337.373,-912.14,-0.01,6.267,30.0,1392,-1,32.52,False,-1,True,True,0.0,0.3,-0.0,False,False,0.374,0.001,36.017,1392,39.25,,,,,0,False,False,0.0,False,6.74,6.18,20.0,
46.7,27162,337.625,-911.957,-0.01,6.226,30.0,1392,-1,32.83,False,-1,True,True,0.0,0.3,-0.0,False,False,0.279,-0.001,36.013,1392,39.25,,,,,0,False,False,0.0,False,6.42,6.13,20.0,
46.75,27163,337.871,-911.778,-0.008,6.011,30.0,1392,-1,33.13,False,-1,True,True,0.0,0.3,-0.0,False,False,0.156,-0.002,36.026,1392,39.25,,,,,0,False,False,0.0,False,6.12,6.11,20.0,
46.8,27164,338.111,-911.604,-0.007,5.889,30.0,1392,-1,33.43,False,-1,True,True,0.0,0.3,-0.002,False,False,0.042,-0.0,35.997,1392,39.25,,,,,0,False,False,0.0,False,5.82,6.01,20.0,
46.85,27165,338.342,-911.436,-0.007,5.632,30.0,1392,-1,33.71,False,-1,True,True,0.0,0.3,-0.002,False,False,-0.063,0.002,36.012,1392,42.99,,,,,0,False,False,0.0,False,9.28,5.94,20.0,
46.9,27166,338.566,-911.274,-0.006,5.49,30.0,1392,-1,33.99,False,-1,True,True,0.0,0.3,-0.003,False,False,-0.141,0.005,35.973,1392,42.99,,,,,0,False,False,0.0,False,9.0,5.82,20.0,
46.95,27167,338.781,-911.117,-0.005,5.252,30.0,1392,-1,34.26,False,-1,True,True,0.201,0.0,0.002,False,False,-0.201,-0.0,35.998,1392,42.99,,,,,0,False,False,0.0,False,8.74,5.75,20.0,
47.0,27168,338.992,-910.964,-0.005,5.177,30.0,1392,-1,34.52,False,-1,True,True,0.75,0.0,-0.003,False,False,-0.222,0.003,35.973,1392,42.99,,,,,0,False,False,0.0,False,8.48,5.63,20.0,
47.05,27169,339.197,-910.816,-0.005,5.011,30.0,1392,-1,34.77,False,-1,True,True,0.75,0.0,0.001,False,False,-0.224,0.001,36.01,1392,42.99,,,,,0,False,False,0.0,False,8.22,5.59,20.0,
47.1,27170,339.402,-910.667,-0.006,5.083,30.0,1392,-1,35.02,False,-1,True,True,0.75,0.0,-0.004,False,False,-0.176,0.005,35.986,1392,42.99,,,,,0,False,False,0.0,False,7.97,5.51,20.0,
47.15,27171,339.607,-910.519,-0.006,5.007,30.0,1392,-1,35.28,False,-1,True,True,0.75,0.0,0.001,False,False,-0.123,0.002,36.014,1392,42.99,,,,,0,False,False,0.0,False,7.72,5.54,20.0,
47.2,27172,339.8,-910.379,-0.006,4.617,30.0,1392,-1,35.51,False,-1,True,True,0.75,0.0,-0.003,False,False,-0.167,0.003,35.985,1392,42.99,,,,,0,False,False,0.0,False,7.48,5.5,20.0,
47.25,27173,339.979,-910.249,-0.005,4.328,30.0,1392,-1,35.74,False,-1,True,True,0.75,0.0,0.001,False,False,-0.255,-0.001,35.975,1392,42.99,,,,,0,False,False,0.0,False,7.26,5.31,20.0,
47.3,27174,340.149,-910.125,-0.005,4.168,30.0,1392,-1,35.95,False,-1,True,True,0.75,0.0,0.0,False,False,-0.301,-0.003,35.975,1392,42.99,,,,,0,False,False,0.0,False,7.05,5.16,20.0,
47.35,27175,340.316,-910.004,-0.005,4.103,30.0,1392,-1,36.15,False,-1,True,True,0.75,0.0,-0.0,False,False,-0.289,-0.003,35.974,1392,42.99,,,,,0,False,False,0.0,False,6.84,5.08,20.0,
47.4,27176,340.482,-909.883,-0.005,4.104,30.0,1392,-1,36.36,False,-1,True,True,0.75,0.0,-0.0,False,False,-0.233,-0.002,35.973,1392,42.99,,,,,0,False,False,0.0,False,6.64,5.05,20.0,
47.45,27177,340.65,-909.762,-0.006,4.147,30.0,1392,-1,36.57,False,-1,True,True,0.75,0.0,-0.0,False,False,-0.153,-0.001,35.972,1392,42.99,,,,,0,False,False,0.0,False,6.43,5.05,20.0,
47.5,27178,340.82,-909.638,-0.007,4.214,30.0,1392,-1,36.78,False,-1,True,True,0.75,0.0,-0.0,False,False,-0.067,-0.001,35.971,1392,42.99,,,,,0,False,False,0.0,False,6.22,5.07,20.0,
47.55,27179,340.993,-909.513,-0.007,4.296,30.0,1392,-1,36.99,False,-1,True,True,0.75,0.0,-0.0,False,False,0.012,-0.0,35.97,1392,42.99,,,,,0,False,False,0.0,False,6.01,5.11,20.0,
47.6,27180,341.169,-909.385,-0.008,4.388,30.0,1392,-1,37.21,False,-1,True,True,0.75,0.0,-0.0,False,False,0.079,-0.0,35.969,1392,42.99,,,,,0,False,False,0.0,False,5.79,5.15,20.0,
47.65,27181,341.35,-909.254,-0.008,4.486,30.0,1392,-1,37.43,False,-1,True,True,0.75,0.0,-0.0,False,False,0.133,-0.0,35.968,1392,42.99,,,,,0,False,False,0.0,False,5.56,5.19,20.0,
47.7,27182,341.534,-909.12,-0.009,4.587,30.0,1392,-1,37.66,False,-1,True,True,0.75,0.0,-0.0,False,False,0.174,0.0,35.967,1392,42.99,,,,,0,False,False,0.0,False,5.34,5.24,20.0,
47.75,27183,341.722,-908.983,-0.009,4.69,30.0,1392,-1,37.89,False,-1,True,True,0.75,0.0,-0.0,False,False,0.204,-0.0,35.967,1392,42.99,,,,,0,False,False,0.0,False,5.1,5.29,20.0,
47.8,27184,341.915,-908.844,-0.009,4.794,30.0,1392,-1,38.13,False,-1,True,True,0.75,0.0,-0.007,False,False,0.226,0.012,35.945,1392,46.73,,,,,0,False,False,0.0,False,8.61,5.34,20.0,
47.85,27185,342.112,-908.702,-0.009,4.898,30.0,1392,-1,38.37,False,-1,True,True,0.75,0.0,-0.0,False,False,0.24,0.01,35.928,1392,46.73,,,,,0,False,False,0.0,False,8.36,5.4,20.0,
47.9,27186,342.313,-908.556,-0.009,5.002,30.0,1392,-1,38.62,False,-1,True,True,0.75,0.0,0.0,False,False,0.249,0.004,35.924,1392,46.73,,,,,0,False,False,0.0,False,8.11,5.45,20.0,
47.95,27187,342.518,-908.408,-0.009,5.106,30.0,1392,-1,38.87,False,-1,True,True,0.75,0.0,-0.001,False,False,0.256,0.002,35.92,1392,46.73,,,,,0,False,False,0.0,False,7.86,5.5,20.0,
48.0,27188,342.727,-908.256,-0.009,5.166,30.0,1392,-1,39.13,False,-1,True,True,0.75,0.0,-0.001,False,False,0.256,0.001,35.919,1392,46.73,,,,,0,False,False,0.0,False,7.6,5.55,20.0,
48.05,27189,342.939,-908.103,-0.009,5.266,30.0,1392,-1,39.39,False,-1,True,True,0.75,0.0,-0.001,False,False,0.246,0.001,35.901,1392,46.73,,,,,0,False,False,0.0,False,7.34,5.58,20.0,
48.1,27190,343.15,-907.951,-0.009,5.174,30.0,1392,-1,39.65,False,-1,True,True,0.75,0.0,0.001,False,False,0.2,-0.002,35.933,1392,46.73,,,,,0,False,False,0.0,False,7.08,5.63,20.0,
48.15,27191,343.361,-907.798,-0.008,5.241,30.0,1392,-1,39.91,False,-1,True,True,0.75,0.0,-0.003,False,False,0.162,0.003,35.906,1392,46.73,,,,,0,False,False,0.0,False,6.82,5.59,20.0,
48.2,27192,343.572,-907.646,-0.008,5.182,30.0,1392,-1,40.17,False,-1,True,True,0.75,0.0,0.001,False,False,0.129,-0.0,35.938,1392,46.73,,,,,0,False,False,0.0,False,6.56,5.62,20.0,
48.25,27193,343.784,-907.492,-0.008,5.28,30.0,1392,-1,40.43,False,-1,True,True,0.75,0.0,-0.003,False,False,0.119,0.003,35.912,1392,46.73,,,,,0,False,False,0.0,False,6.3,5.59,20.0,
48.3,27194,343.996,-907.339,-0.008,5.212,30.0,1392,-1,40.7,False,-1,True,True,0.75,0.0,0.001,False,False,0.105,-0.001,35.944,1392,46.73,,,,,0,False,False,0.0,False,6.04,5.64,20.0,
48.35,27195,344.209,-907.185,-0.008,5.28,30.0,1392,-1,40.96,False,-1,True,True,0.75,0.0,-0.003,False,False,0.098,0.003,35.913,1392,46.73,,,,,0,False,False,0.0,False,5.77,5.61,20.0,
48.4,27196,344.425,-907.029,-0.008,5.465,30.0,1392,-1,41.23,False,-1,True,True,0.75,0.0,0.002,False,False,0.125,-0.002,35.948,1392,46.73,,,,,0,False,False,0.0,False,5.51,5.64,20.0,
48.45,27197,344.661,-906.859,-0.01,5.977,30.0,1392,-1,41.52,False,-1,True,True,0.356,0.0,-0.009,False,False,0.28,0.012,35.944,1392,50.47,,,,,0,False,False,0.0,False,8.96,5.73,20.0,
48.5,27198,344.909,-906.679,-0.011,6.179,30.0,1392,-1,41.82,False,-1,True,True,0.0,0.3,-0.003,False,False,0.402,0.014,35.92,1392,50.47,,,,,0,False,False,0.0,False,8.65,5.99,20.0,
48.55,27199,345.164,-906.495,-0.011,6.331,30.0,1392,-1,42.14,False,-1,True,True,0.0,0.3,-0.0,False,False,0.434,0.005,35.906,1392,50.47,,,,,0,False,False,0.0,False,8.33,6.09,20.0,
48.6,27200,345.418,-906.312,-0.01,6.225,30.0,1392,-1,42.45,False,-1,True,True,0.0,0.3,-0.001,False,False,0.373,-0.001,35.898,1392,50.47,,,,,0,False,False,0.0,False,8.02,6.17,20.0,
48.65,27201,345.669,-906.131,-0.009,6.174,30.0,1392,-1,42.76,False,-1,True,True,0.0,0.3,-0.001,False,False,0.27,-0.003,35.904,1392,50.47,,,,,0,False,False,0.0,False,7.71,6.11,20.0,
48.7,27202,345.912,-905.954,-0.008,5.951,30.0,1392,-1,43.06,False,-1,True,True,0.0,0.3,-0.002,False,False,0.142,0.0,35.873,1392,50.47,,,,,0,False,False,0.0,False,7.41,6.09,20.0,
48.75,27203,346.15,-905.783,-0.007,5.828,30.0,1392,-1,43.35,False,-1,True,True,0.0,0.3,0.002,False,False,0.029,-0.003,35.895,1392,50.47,,,,,0,False,False,0.0,False,7.12,5.98,20.0,
48.8,27204,346.379,-905.617,-0.006,5.57,30.0,1392,-1,43.64,False,-1,True,True,0.0,0.3,-0.003,False,False,-0.074,0.0,35.865,1392,50.47,,,,,0,False,False,0.0,False,6.84,5.91,20.0,
48.85,27205,346.601,-905.456,-0.006,5.454,30.0,1392,-1,43.91,False,-1,True,True,0.0,0.082,0.002,False,False,-0.145,-0.003,35.888,1392,50.47,,,,,0,False,False,0.0,False,6.56,5.78,20.0,
48.9,27206,346.816,-905.301,-0.005,5.233,30.0,1392,-1,44.18,False,-1,True,True,0.335,0.0,-0.002,False,False,-0.193,-0.0,35.85,1392,50.47,,,,,0,False,False,0.0,False,6.3,5.73,20.0,
48.95,27207,347.027,-905.149,-0.005,5.165,30.0,1392,-1,44.44,False,-1,True,True,0.75,0.0,0.003,False,False,-0.209,-0.004,35.869,1392,50.47,,,,,0,False,False,0.0,False,6.04,5.62,20.0,
49.0,27208,347.232,-905.0,-0.005,5.03,30.0,1392,-1,44.69,False,-1,True,True,0.75,0.0,-0.002,False,False,-0.205,-0.002,35.837,1392,50.47,,,,,0,False,False,0.0,False,5.78,5.58,20.0,
49.05,27209,347.438,-904.851,-0.006,5.097,30.0,1392,-1,44.94,False,-1,True,True,0.75,0.0,0.003,False,False,-0.155,-0.004,35.87,1392,50.47,,,,,0,False,False,0.0,False,5.53,5.51,20.0,
49.1,27210,347.642,-904.704,-0.006,4.925,30.0,1392,-1,45.19,False,-1,True,True,0.75,0.0,-0.002,False,False,-0.114,-0.001,35.868,1392,54.21,,,,,0,False,False,0.0,False,9.02,5.55,20.0,
49.15,27211,347.832,-904.566,-0.006,4.566,30.0,1392,-1,45.43,False,-1,True,True,0.75,0.0,0.0,False,False,-0.18,0.001,35.84,1392,54.21,,,,,0,False,False,0.0,False,8.78,5.46,20.0,
49.2,27212,348.01,-904.437,-0.005,4.308,30.0,1392,-1,45.65,False,-1,True,True,0.75,0.0,0.003,False,False,-0.263,-0.002,35.839,1392,54.21,,,,,0,False,False,0.0,False,8.56,5.28,20.0,
49.25,27213,348.181,-904.314,-0.005,4.17,30.0,1392,-1,45.86,False,-1,True,True,0.75,0.0,0.001,False,False,-0.297,-0.002,35.844,1392,54.21,,,,,0,False,False,0.0,False,8.35,5.15,20.0,
49.3,27214,348.348,-904.193,-0.005,4.122,30.0,1392,-1,46.07,False,-1,True,True,0.75,0.0,0.0,False,False,-0.276,-0.001,35.847,1392,54.21,,,,,0,False,False,0.0,False,8.14,5.09,20.0,
49.35,27215,348.516,-904.071,-0.005,4.133,30.0,1392,-1,46.27,False,-1,True,True,0.75,0.0,0.0,False,False,-0.214,0.001,35.85,1392,54.21,,,,,0,False,False,0.0,False,7.94,5.06,20.0,
49.4,27216,348.685,-903.949,-0.006,4.181,30.0,1392,-1,46.48,False,-1,True,True,0.75,0.0,0.0,False,False,-0.133,0.001,35.852,1392,54.21,,,,,0,False,False,0.0,False,7.73,5.07,20.0,
49.45,27217,348.857,-903.825,-0.007,4.252,30.0,1392,-1,46.69,False,-1,True,True,0.75,0.0,0.0,False,False,-0.049,0.001,35.853,1392,54.21,,,,,0,False,False,0.0,False,7.52,5.09,20.0,
49.5,27218,349.032,-903.698,-0.008,4.337,30.0,1392,-1,46.91,False,-1,True,True,0.75,0.0,0.0,False,False,0.028,0.001,35.855,1392,54.21,,,,,0,False,False,0.0,False,7.3,5.13,20.0,
49.55,27219,349.21,-903.569,-0.008,4.43,30.0,1392,-1,47.13,False,-1,True,True,0.75,0.0,0.0,False,False,0.092,0.001,35.856,1392,54.21,,,,,0,False,False,0.0,False,7.08,5.17,20.0,
49.6,27220,349.392,-903.438,-0.008,4.528,30.0,1392,-1,47.36,False,-1,True,True,0.75,0.0,0.0,False,False,0.143,0.001,35.857,1392,54.21,,,,,0,False,False,0.0,False,6.85,5.21,20.0,
49.65,27221,349.579,-903.303,-0.009,4.629,30.0,1392,-1,47.58,False,-1,True,True,0.75,0.0,0.0,False,False,0.181,0.0,35.858,1392,54.21,,,,,0,False,False,0.0,False,6.62,5.26,20.0,
49.7,27222,349.769,-903.165,-0.009,4.733,30.0,1392,-1,47.82,False,-1,True,True,0.75,0.0,0.0,False,False,0.209,0.0,35.858,1392,54.21,,,,,0,False,False,0.0,False,6.39,5.31,20.0,
49.75,27223,349.963,-903.025,-0.009,4.836,30.0,1392,-1,48.06,False,-1,True,True,0.75,0.0,0.0,False,False,0.229,0.0,35.859,1392,54.21,,,,,0,False,False,0.0,False,6.15,5.37,20.0,
49.8,27224,350.162,-902.881,-0.009,4.94,30.0,1392,-1,48.3,False,-1,True,True,0.75,0.0,0.0,False,False,0.242,0.0,35.859,1392,54.21,,,,,0,False,False,0.0,False,5.91,5.42,20.0,
49.85,27225,350.365,-902.735,-0.009,5.044,30.0,1392,-1,48.55,False,-1,True,True,0.75,0.0,0.0,False,False,0.251,0.0,35.86,1392,54.21,,,,,0,False,False,0.0,False,5.65,5.47,20.0,
49.9,27226,350.572,-902.585,-0.009,5.155,30.0,1392,-1,48.81,False,-1,True,True,0.75,0.0,0.0,False,False,0.257,-0.0,35.861,1392,54.21,,,,,0,False,False,0.0,False,5.4,5.52,20.0,
49.95,27227,350.78,-902.43,-0.009,5.198,30.0,1392,-1,49.07,False,-1,True,True,0.75,0.0,0.078,False,False,0.253,-0.117,36.045,1484,1.74,,,,,0,False,False,0.0,False,8.47,5.58,20.0,
50.0,27228,350.992,-902.271,-0.009,5.348,30.0,1392,-1,49.33,False,-1,True,True,0.75,0.0,0.006,False,False,0.253,-0.116,36.236,1484,1.74,,,,,0,False,False,0.0,False,8.2,5.6,20.0,
50.05,27229,351.205,-902.115,-0.009,5.253,30.0,1392,-1,49.6,False,-1,True,True,0.75,0.0,-0.001,False,False,0.214,-0.057,36.354,1484,1.74,,,,,0,False,False,0.0,False,7.94,5.67,20.0,
50.1,27230,351.417,-901.958,-0.009,5.317,30.0,1392,-1,49.86,False,-1,True,True,0.75,0.0,0.001,False,False,0.175,-0.021,36.375,1484,1.74,,,,,0,False,False,0.0,False,7.67,5.63,20.0,
50.15,27231,351.629,-901.801,-0.008,5.256,30.0,1392,-1,50.13,False,-1,True,True,0.75,0.0,0.007,False,False,0.139,-0.014,36.448,1484,1.74,,,,,0,False,False,0.0,False,7.41,5.66,20.0,
50.2,27232,351.842,-901.643,-0.008,5.35,30.0,1392,-1,50.39,False,-1,True,True,0.75,0.0,0.001,False,False,0.125,-0.007,36.459,1484,1.74,,,,,0,False,False,0.0,False,7.14,5.63,20.0,
50.25,27233,352.055,-901.485,-0.008,5.274,30.0,1392,-1,50.66,False,-1,True,True,0.75,0.0,0.005,False,False,0.106,-0.007,36.516,1484,1.74,,,,,0,False,False,0.0,False,6.88,5.68,20.0,
50.3,27234,352.269,-901.327,-0.008,5.341,30.0,1392,-1,50.92,False,-1,True,True,0.75,0.0,0.0,False,False,0.096,-0.003,36.508,1484,1.74,,,,,0,False,False,0.0,False,6.61,5.64,20.0,
50.35,27235,352.488,-901.164,-0.008,5.62,30.0,1392,-1,51.2,False,-1,True,True,0.75,0.0,0.005,False,False,0.15,-0.007,36.519,1484,1.74,,,,,0,False,False,0.0,False,6.34,5.67,20.0,
50.4,27236,352.726,-900.986,-0.01,6.087,30.0,1392,-1,51.49,False,-1,True,True,0.0,0.21,0.003,False,False,0.305,-0.009,36.528,1484,1.74,,,,,0,False,False,0.0,False,6.04,5.81,20.0,
50.45,27237,352.972,-900.798,-0.011,6.22,30.0,1392,-1,51.8,False,-1,True,True,0.0,0.3,0.103,False,False,0.399,-0.145,36.755,1484,5.21,,,,,0,False,False,0.0,False,8.33,6.04,20.0,
50.5,27238,353.215,-900.598,-0.011,6.309,30.0,1392,-1,52.12,False,-1,True,True,0.0,0.3,0.203,False,False,0.399,-0.453,37.516,1484,5.21,,,,,0,False,False,0.0,False,8.02,6.11,20.0,
50.55,27239,353.449,-900.394,-0.01,6.186,30.0,1392,-1,52.43,False,-1,True,True,0.0,0.3,0.155,False,False,0.319,-0.644,38.59,1484,5.21,,,,,0,False,False,0.0,False,7.71,6.15,20.0,
50.6,27240,353.68,-900.193,-0.009,6.117,30.0,1392,-1,52.73,False,-1,True,True,0.0,0.3,0.096,False,False,0.214,-0.596,39.579,1484,5.21,,,,,0,False,False,0.0,False,7.4,6.09,20.0,
50.65,27241,353.902,-899.995,-0.008,5.898,30.0,1392,-1,53.03,False,-1,True,True,0.0,0.3,0.072,False,False,0.093,-0.466,40.322,1484,5.21,,,,,0,False,False,0.0,False,7.1,6.06,20.0,
50.7,27242,354.118,-899.801,-0.007,5.773,30.0,1392,-1,53.32,False,-1,True,True,0.0,0.3,0.066,False,False,-0.01,-0.357,40.966,1484,5.21,,,,,0,False,False,0.0,False,6.81,5.95,20.0,
50.75,27243,354.325,-899.613,-0.006,5.518,30.0,1392,-1,53.59,False,-1,True,True,0.0,0.3,0.053,False,False,-0.103,-0.268,41.446,1484,5.21,,,,,0,False,False,0.0,False,6.53,5.89,20.0,
50.8,27244,354.525,-899.429,-0.006,5.41,30.0,1392,-1,53.86,False,-1,True,True,0.103,0.0,0.049,False,False,-0.165,-0.205,41.891,1484,5.21,,,,,0,False,False,0.0,False,6.26,5.76,20.0,
50.85,27245,354.719,-899.249,-0.005,5.204,30.0,1392,-1,54.13,False,-1,True,True,0.492,0.0,0.037,False,False,-0.201,-0.153,42.202,1484,5.21,,,,,0,False,False,0.0,False,6.0,5.7,20.0,
50.9,27246,354.907,-899.073,-0.005,5.149,30.0,1392,-1,54.38,False,-1,True,True,0.75,0.0,0.036,False,False,-0.207,-0.119,42.51,1484,5.21,,,,,0,False,False,0.0,False,5.74,5.6,20.0,
50.95,27247,355.092,-898.898,-0.005,5.042,30.0,1392,-1,54.63,False,-1,True,True,0.75,0.0,0.027,False,False,-0.191,-0.09,42.703,1484,5.21,,,,,0,False,False,0.0,False,5.49,5.57,20.0,
51.0,27248,355.274,-898.721,-0.006,5.098,30.0,1392,-1,54.89,False,-1,True,True,0.75,0.0,0.127,False,False,-0.14,-0.174,43.077,1484,8.69,,,,,0,False,False,0.0,False,7.56,5.52,20.0,
51.05,27249,355.446,-898.541,-0.006,4.86,30.0,1487,-1,0.0,True,43,True,False,0.75,0.0,0.227,False,False,-0.127,-0.375,43.765,1484,8.69,,,,,0,False,False,0.0,False,7.32,5.55,20.0,
51.1,27250,355.597,-898.369,-0.005,4.458,30.0,1487,-1,0.0,True,43,True,False,0.75,0.0,0.327,False,False,-0.222,-0.603,44.849,1484,8.69,,,,,0,False,False,0.0,False,7.09,5.43,20.0,
51.15,27251,355.725,-898.201,-0.004,4.185,30.0,1487,-1,0.03,True,43,True,False,0.75,0.0,0.388,False,False,-0.325,-0.848,46.324,1484,8.69,,,,,0,False,False,0.0,False,6.88,5.23,20.0,
51.2,27252,355.842,-898.036,-0.004,4.072,30.0,1487,-1,0.16,True,43,True,False,0.75,0.0,0.309,False,False,-0.361,-0.914,47.868,1484,8.69,,,,,1,True,False,0.0,False,6.68,5.09,20.0,
51.25,27253,355.956,-897.87,-0.005,4.053,30.0,1392,-1,55.94,False,-1,True,True,0.75,0.0,0.251,False,False,-0.325,-0.804,49.218,1484,8.69,,,,,1,True,False,0.0,False,6.48,5.04,20.0,
51.3,27254,356.054,-897.677,0.012,4.089,30.0,1484,-1,0.08,True,43,True,True,0.75,0.0,0.22,False,False,0.81,-3.867,50.365,1484,8.69,,,,,1,True,False,0.0,False,6.27,5.03,20.0,
51.35,27255,356.169,-897.503,0.024,4.121,30.0,1484,-1,0.28,True,43,True,True,0.75,0.0,0.172,False,False,1.449,-4.578,51.415,1484,8.69,1484,0.25,0.771,0.282,1,True,False,0.0,False,6.06,5.04,20.0,
51.4,27256,356.286,-897.328,0.031,4.201,30.0,1484,-1,0.48,True,43,True,True,0.75,0.0,0.16,False,False,1.785,-4.791,52.335,1484,8.69,1484,0.5,0.835,0.319,1,True,False,0.0,False,5.85,5.06,20.0,
51.45,27257,356.403,-897.15,0.034,4.301,30.0,1484,-1,0.68,True,43,True,True,0.75,0.0,0.142,False,False,1.951,-4.841,53.161,1484,8.69,1484,0.75,0.895,0.347,1,True,False,0.0,False,5.63,5.1,20.0,
51.5,27258,356.521,-896.967,0.035,4.41,30.0,1484,-1,1.14,True,43,True,True,0.75,0.0,0.12,False,False,2.025,-4.82,53.894,1484,8.69,1484,1.0,0.959,0.364,1,True,False,0.0,False,5.42,5.15,20.0,
51.55,27259,356.641,-896.779,0.035,4.521,30.0,1484,-1,1.36,True,43,True,True,0.75,0.0,0.102,False,False,2.051,-4.77,54.537,1484,8.69,1484,1.5,1.017,0.364,1,True,False,0.0,False,5.19,5.21,20.0,
51.6,27260,356.759,-896.584,0.034,4.614,30.0,1484,-1,1.58,True,43,True,True,0.75,0.0,0.202,False,False,2.049,-4.826,55.317,1484,12.17,1484,1.75,1.072,0.36,1,True,False,0.0,False,7.43,5.26,20.0,
51.65,27261,356.869,-896.381,0.033,4.683,30.0,1484,-1,2.1,True,43,True,True,0.75,0.0,0.302,False,False,2.026,-5.029,56.521,1484,12.17,1484,2.0,1.133,0.369,1,True,False,0.0,False,7.2,5.31,20.0,
51.7,27262,356.967,-896.171,0.032,4.733,30.0,1484,-1,2.32,True,43,True,True,0.75,0.0,0.402,False,False,1.99,-5.307,58.232,1484,12.17,1484,2.25,1.195,0.397,1,True,False,0.0,False,6.98,5.34,20.0,
51.75,27263,357.042,-895.957,0.052,4.809,30.0,1484,-1,2.54,True,43,True,True,0.75,0.0,0.5,False,False,0.962,-6.799,60.425,1484,12.17,1484,2.75,1.255,0.45,1,True,False,0.0,False,6.75,5.37,20.0,
51.8,27264,357.118,-895.737,0.065,4.916,30.0,1484,-1,3.13,True,43,True,True,0.75,0.0,0.4,False,False,0.323,-7.513,62.841,1484,12.17,1484,3.0,1.322,0.496,1,True,False,0.0,False,6.52,5.4,20.0,
51.85,27265,357.195,-895.508,0.071,5.046,30.0,1484,-1,3.36,True,43,True,True,0.75,0.0,0.3,False,False,0.073,-7.645,65.025,1484,12.17,1484,3.5,1.387,0.524,2,True,False,0.0,False,6.28,5.46,20.0,
51.9,27266,357.272,-895.269,0.073,5.171,30.0,1484,-1,3.61,True,43,True,True,0.75,0.0,0.242,False,False,0.008,-7.514,66.81,1484,12.17,1484,3.75,1.446,0.528,2,True,False,0.0,False,6.03,5.52,20.0,
51.95,27267,357.347,-895.021,0.073,5.287,30.0,1484,-1,4.29,True,43,True,True,0.75,0.0,0.214,False,False,0.029,-7.327,68.331,1484,12.17,1484,4.25,1.499,0.514,2,True,False,0.0,False,5.77,5.59,20.0,
52.0,27268,357.42,-894.769,0.072,5.308,30.0,1484,-1,4.55,True,43,True,True,0.75,0.0,0.184,False,False,0.056,-7.132,69.646,1484,12.17,1484,4.75,1.541,0.482,2,True,False,0.0,False,5.51,5.64,20.0,
52.05,27269,357.487,-894.516,0.071,5.276,30.0,1484,-1,5.26,True,43,True,True,0.75,0.0,0.284,False,False,0.057,-7.088,71.081,1202,1.98,1484,5.25,1.571,0.452,2,True,False,0.0,False,8.39,5.65,20.0,
52.1,27270,357.54,-894.263,0.071,5.234,30.0,1484,-1,5.51,True,43,False,True,0.75,0.0,0.384,False,False,0.025,-7.23,72.781,1202,1.98,1484,5.75,1.596,0.476,2,True,False,0.0,False,8.14,5.64,20.0,
52.15,27271,357.577,-894.011,0.071,5.2,30.0,1484,-1,6.22,True,43,False,True,0.75,0.0,0.484,False,False,-0.007,-7.488,75.006,1202,1.98,1484,6.25,1.617,0.535,2,True,False,0.0,False,7.89,5.62,20.0,
52.2,27272,357.6,-893.76,0.071,5.16,30.0,1484,-1,6.47,True,43,False,True,0.75,0.0,0.459,False,False,-0.043,-7.672,77.479,1202,1.98,1484,6.5,1.635,0.588,2,True,False,0.0,False,7.64,5.6,20.0,
52.25,27273,357.615,-893.509,0.07,5.163,30.0,1484,-1,7.14,True,43,False,True,0.75,0.0,0.359,False,False,-0.044,-7.649,79.949,1202,1.98,1484,7.0,1.652,0.639,2,True,False,0.0,False,7.39,5.58,20.0,
52.3,27274,357.624,-893.254,0.069,5.333,30.0,1484,-1,7.4,True,43,False,True,0.75,0.0,0.279,False,False,-0.013,-7.482,82.057,1202,1.98,1484,7.5,1.664,0.698,2,True,False,0.0,False,7.13,5.58,20.0,
52.35,27275,357.629,-892.976,0.068,5.812,30.0,1484,-1,7.68,True,43,False,True,0.75,0.0,0.236,False,False,0.155,-7.363,84.026,1202,1.98,1484,8.0,1.669,0.764,2,True,False,0.0,False,6.86,5.67,20.0,
52.4,27276,357.629,-892.676,0.066,6.172,30.0,1484,-1,8.36,True,43,False,True,0.0,0.3,0.182,False,False,0.325,-7.216,85.734,1202,1.98,1484,8.5,1.663,0.833,2,True,False,0.0,False,6.56,5.91,20.0,
52.45,27277,357.627,-892.364,0.065,6.352,30.0,1484,-1,8.67,True,43,False,True,0.0,0.3,0.147,False,False,0.416,-7.051,87.203,1202,1.98,1484,9.0,1.645,0.894,2,True,False,0.0,False,6.24,6.09,20.0,
52.5,27278,357.622,-892.047,0.065,6.376,30.0,1484,-1,9.32,True,43,False,True,0.0,0.3,0.117,False,False,0.404,-6.891,88.368,1202,1.98,1484,9.25,1.616,0.943,2,True,False,0.0,False,5.93,6.18,20.0,
52.55,27279,357.611,-891.734,0.066,6.261,30.0,1484,-1,9.63,True,43,True,True,0.0,0.3,0.217,False,False,0.313,-6.899,89.594,1202,5.95,1484,9.75,1.579,0.972,2,True,False,0.0,False,9.43,6.19,20.0,
52.6,27280,357.586,-891.431,0.068,6.078,30.0,1484,-1,10.21,True,43,True,True,0.0,0.3,0.317,False,False,0.169,-7.096,91.097,1202,5.95,1484,10.25,1.543,0.977,2,True,False,0.0,False,9.12,6.13,20.0,
52.65,27281,357.551,-891.14,0.069,5.891,30.0,1484,-1,10.5,True,43,True,True,0.0,0.3,0.302,False,False,0.034,-7.295,92.963,1202,5.95,1484,10.5,1.507,0.961,2,True,False,0.0,False,8.83,6.04,20.0,
52.7,27282,357.51,-890.858,0.07,5.713,30.0,1484,-1,10.78,True,43,True,True,0.0,0.3,0.215,False,False,-0.075,-7.285,94.686,1202,5.95,1484,11.0,1.476,0.941,2,True,False,0.0,False,8.55,5.95,20.0,
52.75,27283,357.468,-890.585,0.07,5.522,30.0,1484,-1,11.29,True,43,True,True,0.0,0.3,0.168,False,False,-0.143,-7.145,96.201,1202,5.95,1484,11.25,1.444,0.916,2,True,False,0.0,False,8.27,5.86,20.0,
52.8,27284,357.423,-890.32,0.071,5.364,30.0,1484,-1,11.55,True,43,True,True,0.084,0.0,0.134,False,False,-0.194,-6.98,97.362,1202,5.95,1484,11.75,1.411,0.897,2,True,False,0.0,False,8.0,5.76,20.0,
52.85,27285,357.376,-890.063,0.071,5.219,30.0,1484,-1,11.81,True,43,True,True,0.654,0.0,0.121,False,False,-0.207,-6.854,98.398,1202,5.95,1484,12.0,1.378,0.872,2,True,False,0.0,False,7.74,5.68,20.0,
52.9,27286,357.327,-889.811,0.071,5.121,30.0,1484,-1,12.27,True,43,True,True,0.75,0.0,0.097,False,False,-0.21,-6.748,99.176,1202,5.95,1484,12.25,1.34,0.851,2,True,False,0.0,False,7.49,5.61,20.0,
52.95,27287,357.276,-889.561,0.071,5.122,30.0,1484,-1,12.52,True,43,True,True,0.75,0.0,0.089,False,False,-0.164,-6.679,99.894,1202,5.95,1484,12.5,1.302,0.831,2,True,False,0.0,False,7.23,5.56,20.0,
53.0,27288,357.223,-889.311,0.07,5.12,30.0,1484,-1,12.77,True,43,True,True,0.75,0.0,0.07,False,False,-0.115,-6.616,100.419,1202,5.95,1484,12.75,1.262,0.808,2,True,False,0.0,False,6.98,5.56,20.0,
53.05,27289,357.173,-889.075,0.07,4.677,30.0,1484,-1,13.16,True,43,True,True,0.75,0.0,0.065,False,False,-0.159,-6.558,100.949,1202,5.95,1484,13.0,1.22,0.779,2,True,False,0.0,False,6.73,5.56,20.0,
53.1,27290,357.125,-888.858,0.071,4.369,30.0,1484,-1,13.38,True,43,True,True,0.75,0.0,0.048,False,False,-0.249,-6.502,101.319,1202,5.95,1484,13.5,1.18,0.754,2,True,False,0.0,False,6.51,5.34,20.0,
53.15,27291,357.079,-888.651,0.072,4.192,30.0,1484,-1,13.58,True,43,True,True,0.75,0.0,0.046,False,False,-0.301,-6.466,101.599,1202,5.95,,,,,2,True,False,0.0,False,6.3,5.18,20.0,
53.2,27292,357.033,-888.449,0.071,4.122,30.0,1484,-1,13.79,True,43,True,True,0.75,0.0,0.043,False,False,-0.311,-6.398,101.838,1202,5.95,,,,,1,True,False,0.0,False,6.09,5.1,20.0,
53.25,27293,356.991,-888.25,0.066,4.132,30.0,1483,-1,9.76,True,43,True,False,0.75,0.0,0.037,False,False,-0.533,-5.607,102.032,1202,5.95,,,,,1,True,False,0.0,False,5.89,5.06,20.0,
53.3,27294,356.951,-888.052,0.054,4.148,30.0,1483,-1,9.8,True,43,True,False,0.75,0.0,0.039,False,False,-1.025,-4.168,102.194,1202,5.95,,,,,1,True,False,0.0,False,5.69,5.07,20.0,
53.35,27295,356.906,-887.853,0.042,4.223,30.0,1483,-1,9.8,True,43,True,False,0.75,0.0,0.038,False,False,-1.52,-2.861,102.377,1202,5.95,,,,,1,True,False,0.0,False,5.48,5.07,20.0,
53.4,27296,356.854,-887.648,0.034,4.306,30.0,1483,-1,9.8,True,43,True,False,0.75,0.0,0.027,False,False,-1.716,-2.257,102.55,1202,5.95,,,,,1,True,False,0.0,False,5.27,5.11,20.0,
53.45,27297,356.802,-887.438,0.029,4.393,30.0,1483,-1,9.8,True,43,True,False,0.75,0.0,0.018,False,False,-1.76,-1.949,102.681,1202,5.95,,,,,1,True,False,0.0,False,5.06,5.15,20.0,
53.5,27298,356.745,-887.223,0.026,4.478,30.0,1483,-1,9.89,True,43,True,False,0.75,0.0,0.118,False,False,-1.739,-1.926,102.98,1202,9.92,,,,,1,True,False,0.0,False,8.76,5.2,20.0,
53.55,27299,356.68,-887.006,0.026,4.558,30.0,1202,-1,1.44,False,-1,True,True,0.75,0.0,0.172,False,False,-1.702,-2.11,103.664,1202,9.92,,,,,1,True,False,0.0,False,8.53,5.24,20.0,
53.6,27300,356.611,-886.786,0.026,4.661,30.0,1202,-1,1.67,False,-1,True,True,0.75,0.0,0.12,False,False,-1.655,-2.188,104.416,1202,9.92,,,,,1,True,False,0.0,False,8.3,5.28,20.0,
53.65,27301,356.54,-886.561,0.026,4.766,30.0,1202,-1,1.9,False,-1,True,True,0.75,0.0,0.09,False,False,-1.607,-2.158,105.053,1202,9.92,,,,,1,True,False,0.0,False,8.07,5.33,20.0,
53.7,27302,356.468,-886.331,0.027,4.872,30.0,1202,-1,2.14,False,-1,True,True,0.75,0.0,0.078,False,False,-1.567,-2.104,105.592,1202,9.92,,,,,1,True,False,0.0,False,7.83,5.38,20.0,
53.75,27303,356.392,-886.096,0.027,4.977,30.0,1202,-1,2.38,False,-1,True,True,0.75,0.0,0.067,False,False,-1.537,-2.055,106.062,1202,9.92,,,,,1,True,False,0.0,False,7.58,5.44,20.0,
53.8,27304,356.315,-885.856,0.028,5.083,30.0,1202,-1,2.63,False,-1,True,True,0.75,0.0,0.057,False,False,-1.514,-2.01,106.471,1202,9.92,,,,,1,True,False,0.0,False,7.33,5.49,20.0,
53.85,27305,356.235,-885.612,0.028,5.164,30.0,1202,-1,2.89,False,-1,True,True,0.75,0.0,0.048,False,False,-1.5,-1.974,106.827,1202,9.92,,,,,1,True,False,0.0,False,7.07,5.54,20.0,
53.9,27306,356.156,-885.361,0.023,5.226,30.0,1202,-1,3.15,False,-1,True,True,0.75,0.0,0.04,False,False,-1.206,-1.569,107.159,1202,9.92,,,,,1,True,False,0.0,False,6.81,5.58,20.0,
53.95,27307,356.076,-885.11,0.014,5.193,30.0,1202,-1,3.41,False,-1,True,True,0.75,0.0,0.034,False,False,-0.802,-1.098,107.457,1202,9.92,,,,,1,True,False,0.0,False,6.54,5.61,20.0,
54.0,27308,355.994,-884.862,0.007,5.188,30.0,1202,-1,3.67,False,-1,True,True,0.75,0.0,0.026,False,False,-0.514,-0.777,107.682,1202,9.92,,,,,1,True,False,0.0,False,6.28,5.6,20.0,
54.05,27309,355.911,-884.614,0.002,5.197,30.0,1202,-1,3.93,False,-1,True,True,0.75,0.0,0.023,False,False,-0.31,-0.542,107.889,1202,9.92,,,,,1,True,False,0.0,False,6.02,5.59,20.0,
54.1,27310,355.827,-884.366,-0.002,5.223,30.0,1202,-1,4.19,False,-1,True,True,0.75,0.0,0.017,False,False,-0.167,-0.368,108.036,1202,9.92,,,,,1,True,False,0.0,False,5.76,5.6,20.0,
54.15,27311,355.744,-884.118,-0.004,5.226,30.0,1202,-1,4.45,False,-1,True,True,0.75,0.0,0.016,False,False,-0.072,-0.246,108.18,1202,9.92,,,,,0,False,False,0.0,False,5.5,5.61,20.0,
54.2,27312,355.656,-883.871,-0.006,5.213,30.0,1202,-1,4.71,False,-1,True,True,0.75,0.0,0.116,False,False,-0.018,-0.271,108.445,1202,13.89,,,,,0,False,False,0.0,False,9.19,5.61,20.0,
54.25,27313,355.564,-883.622,-0.007,5.468,30.0,1202,-1,4.98,False,-1,True,True,0.75,0.0,0.081,False,False,0.053,-0.332,108.935,1202,13.89,,,,,0,False,False,0.0,False,8.93,5.61,20.0,
54.3,27314,355.462,-883.352,-0.009,5.908,30.0,1202,-1,5.27,False,-1,True,True,0.347,0.0,0.048,False,False,0.232,-0.31,109.442,1202,13.89,,,,,0,False,False,0.0,False,8.64,5.73,20.0,
54.35,27315,355.355,-883.066,-0.011,6.183,30.0,1202,-1,5.57,False,-1,True,True,0.0,0.3,0.031,False,False,0.376,-0.236,109.806,1202,13.89,,,,,0,False,False,0.0,False,8.33,5.95,20.0,
54.4,27316,355.245,-882.774,-0.011,6.256,30.0,1202,-1,5.88,False,-1,True,True,0.0,0.3,0.029,False,False,0.414,-0.175,110.127,1202,13.89,,,,,0,False,False,0.0,False,8.02,6.09,20.0,
54.45,27317,355.134,-882.484,-0.01,6.185,30.0,1202,-1,6.19,False,-1,True,True,0.0,0.3,0.022,False,False,0.354,-0.124,110.334,1202,13.89,,,,,0,False,False,0.0,False,7.71,6.13,20.0,
54.5,27318,355.026,-882.199,-0.009,6.06,30.0,1202,-1,6.5,False,-1,True,True,0.0,0.3,0.023,False,False,0.244,-0.095,110.576,1202,13.89,,,,,0,False,False,0.0,False,7.41,6.09,20.0,
54.55,27319,354.919,-881.921,-0.008,5.907,30.0,1202,-1,6.79,False,-1,True,True,0.0,0.3,0.013,False,False,0.125,-0.065,110.701,1202,13.89,,,,,0,False,False,0.0,False,7.11,6.03,20.0,
54.6,27320,354.815,-881.652,-0.007,5.73,30.0,1202,-1,7.08,False,-1,True,True,0.0,0.3,0.017,False,False,0.015,-0.05,110.876,1202,13.89,,,,,0,False,False,0.0,False,6.82,5.95,20.0,
54.65,27321,354.713,-881.39,-0.006,5.541,30.0,1202,-1,7.36,False,-1,True,True,0.0,0.3,0.008,False,False,-0.077,-0.032,110.945,1202,13.89,,,,,0,False,False,0.0,False,6.54,5.87,20.0,
54.7,27322,354.615,-881.138,-0.006,5.373,30.0,1202,-1,7.63,False,-1,True,True,0.026,0.0,0.013,False,False,-0.146,-0.027,111.078,1202,13.89,,,,,0,False,False,0.0,False,6.27,5.77,20.0,
54.75,27323,354.519,-880.892,-0.005,5.227,30.0,1202,-1,7.89,False,-1,True,True,0.63,0.0,0.005,False,False,-0.184,-0.016,111.11,1202,13.89,,,,,0,False,False,0.0,False,6.0,5.69,20.0,
54.8,27324,354.426,-880.652,-0.005,5.098,30.0,1202,-1,8.15,False,-1,True,True,0.75,0.0,0.01,False,False,-0.2,-0.015,111.215,1202,13.89,,,,,0,False,False,0.0,False,5.75,5.61,20.0,
54.85,27325,354.334,-880.417,-0.005,5.035,30.0,1202,-1,8.4,False,-1,True,True,0.75,0.0,0.002,False,False,-0.191,-0.007,111.223,1202,13.89,,,,,0,False,False,0.0,False,5.49,5.55,20.0,
54.9,27326,354.24,-880.184,-0.006,5.024,30.0,1202,-1,8.66,False,-1,True,True,0.75,0.0,0.102,False,False,-0.149,-0.104,111.456,1202,17.86,,,,,0,False,False,0.0,False,9.21,5.52,20.0,
54.95,27327,354.144,-879.953,-0.006,4.924,30.0,1202,-1,8.91,False,-1,True,True,0.75,0.0,0.031,False,False,-0.109,-0.148,111.72,1202,17.86,,,,,0,False,False,0.0,False,8.96,5.51,20.0,
55.0,27328,354.054,-879.737,-0.006,4.539,30.0,1202,-1,9.14,False,-1,True,True,0.75,0.0,0.019,False,False,-0.175,-0.111,111.886,1202,17.86,,,,,0,False,False,0.0,False,8.72,5.46,20.0,
55.05,27329,353.971,-879.535,-0.005,4.291,30.0,1202,-1,9.36,False,-1,True,True,0.75,0.0,0.021,False,False,-0.255,-0.078,112.009,1202,17.86,,,,,0,False,False,0.0,False,8.51,5.27,20.0,
55.1,27330,353.89,-879.341,-0.005,4.161,30.0,1202,-1,9.57,False,-1,True,True,0.75,0.0,0.02,False,False,-0.287,-0.057,112.118,1202,17.86,,,,,0,False,False,0.0,False,8.3,5.15,20.0,
55.15,27331,353.81,-879.151,-0.005,4.119,30.0,1202,-1,9.77,False,-1,True,True,0.75,0.0,0.017,False,False,-0.264,-0.041,112.216,1202,17.86,,,,,0,False,False,0.0,False,8.09,5.08,20.0,
55.2,27332,353.731,-878.96,-0.006,4.134,30.0,1202,-1,9.98,False,-1,True,True,0.75,0.0,0.015,False,False,-0.203,-0.028,112.301,1202,17.86,,,,,0,False,False,0.0,False,7.88,5.06,20.0,
55.25,27333,353.65,-878.768,-0.006,4.184,30.0,1202,-1,10.19,False,-1,True,True,0.75,0.0,0.013,False,False,-0.122,-0.019,112.376,1202,17.86,,,,,0,False,False,0.0,False,7.67,5.07,20.0,
55.3,27334,353.568,-878.572,-0.007,4.256,30.0,1202,-1,10.4,False,-1,True,True,0.75,0.0,0.011,False,False,-0.04,-0.012,112.442,1202,17.86,,,,,0,False,False,0.0,False,7.46,5.09,20.0,
55.35,27335,353.484,-878.373,-0.008,4.341,30.0,1202,-1,10.62,False,-1,True,True,0.75,0.0,0.009,False,False,0.035,-0.007,112.5,1202,17.86,,,,,0,False,False,0.0,False,7.25,5.13,20.0,
55.4,27336,353.399,-878.17,-0.008,4.435,30.0,1202,-1,10.84,False,-1,True,True,0.75,0.0,0.008,False,False,0.097,-0.004,112.55,1202,17.86,,,,,0,False,False,0.0,False,7.03,5.17,20.0,
55.45,27337,353.312,-877.962,-0.009,4.534,30.0,1202,-1,11.06,False,-1,True,True,0.75,0.0,0.007,False,False,0.147,-0.002,112.595,1202,17.86,,,,,0,False,False,0.0,False,6.8,5.22,20.0,
55.5,27338,353.222,-877.75,-0.009,4.635,30.0,1202,-1,11.29,False,-1,True,True,0.75,0.0,0.006,False,False,0.184,-0.001,112.633,1202,17.86,,,,,0,False,False,0.0,False,6.57,5.27,20.0,
55.55,27339,353.131,-877.533,-0.009,4.738,30.0,1202,-1,11.53,False,-1,True,True,0.75,0.0,0.005,False,False,0.211,-0.0,112.666,1202,17.86,,,,,0,False,False,0.0,False,6.33,5.32,20.0,
55.6,27340,353.038,-877.312,-0.009,4.842,30.0,1202,-1,11.77,False,-1,True,True,0.75,0.0,0.004,False,False,0.23,0.0,112.694,1202,17.86,,,,,0,False,False,0.0,False,6.09,5.37,20.0,
55.65,27341,352.943,-877.086,-0.009,4.946,30.0,1202,-1,12.01,False,-1,True,True,0.75,0.0,0.003,False,False,0.243,0.0,112.719,1202,17.86,,,,,0,False,False,0.0,False,5.85,5.42,20.0,
55.7,27342,352.846,-876.855,-0.009,5.05,30.0,1202,-1,12.26,False,-1,True,True,0.75,0.0,0.003,False,False,0.251,0.0,112.74,1202,17.86,,,,,0,False,False,0.0,False,5.6,5.47,20.0,
55.75,27343,352.747,-876.619,-0.009,5.16,30.0,1202,-1,12.52,False,-1,True,True,0.75,0.0,0.002,False,False,0.257,0.0,112.758,1202,17.86,,,,,0,False,False,0.0,False,5.34,5.53,20.0,
55.8,27344,352.642,-876.381,-0.009,5.204,30.0,1202,-1,12.78,False,-1,True,True,0.75,0.0,0.079,False,False,0.253,-0.116,112.958,1202,21.83,,,,,0,False,False,0.0,False,9.05,5.58,20.0,
55.85,27345,352.536,-876.139,-0.009,5.323,30.0,1202,-1,13.04,False,-1,True,True,0.75,0.0,0.007,False,False,0.247,-0.116,113.162,1202,21.83,,,,,0,False,False,0.0,False,8.79,5.6,20.0,
55.9,27346,352.432,-875.897,-0.009,5.23,30.0,1202,-1,13.3,False,-1,True,True,0.75,0.0,-0.0,False,False,0.203,-0.058,113.293,1202,21.83,,,,,0,False,False,0.0,False,8.52,5.66,20.0,
55.95,27347,352.327,-875.656,-0.008,5.298,30.0,1202,-1,13.57,False,-1,True,True,0.75,0.0,0.002,False,False,0.166,-0.02,113.323,1202,21.83,,,,,0,False,False,0.0,False,8.26,5.62,20.0,
56.0,27348,352.222,-875.415,-0.008,5.24,30.0,1202,-1,13.83,False,-1,True,True,0.75,0.0,0.008,False,False,0.132,-0.013,113.402,1202,21.83,,,,,0,False,False,0.0,False,8.0,5.65,20.0,
56.05,27349,352.117,-875.172,-0.008,5.338,30.0,1202,-1,14.1,False,-1,True,True,0.75,0.0,0.002,False,False,0.122,-0.005,113.418,1202,21.83,,,,,0,False,False,0.0,False,7.73,5.62,20.0,
56.1,27350,352.011,-874.93,-0.008,5.261,30.0,1202,-1,14.36,False,-1,True,True,0.75,0.0,0.005,False,False,0.105,-0.006,113.478,1202,21.83,,,,,0,False,False,0.0,False,7.47,5.67,20.0,
56.15,27351,351.905,-874.687,-0.008,5.328,30.0,1202,-1,14.62,False,-1,True,True,0.75,0.0,0.001,False,False,0.096,-0.002,113.474,1202,21.83,,,,,0,False,False,0.0,False,7.2,5.63,20.0,
56.2,27352,351.796,-874.437,-0.008,5.609,30.0,1202,-1,14.9,False,-1,True,True,0.75,0.0,0.005,False,False,0.15,-0.006,113.488,1202,21.83,,,,,0,False,False,0.0,False,6.93,5.66,20.0,
56.25,27353,351.677,-874.165,-0.01,6.081,30.0,1202,-1,15.19,False,-1,True,True,0.0,0.169,0.003,False,False,0.307,-0.009,113.499,1202,21.83,,,,,0,False,False,0.0,False,6.63,5.8,20.0,
56.3,27354,351.553,-873.881,-0.011,6.234,30.0,1202,-1,15.5,False,-1,True,True,0.0,0.3,0.003,False,False,0.407,-0.008,113.519,1202,21.83,,,,,0,False,False,0.0,False,6.32,6.04,20.0,
56.35,27355,351.426,-873.591,-0.011,6.362,30.0,1202,-1,15.82,False,-1,True,True,0.0,0.3,0.002,False,False,0.421,-0.005,113.537,1202,21.83,,,,,0,False,False,0.0,False,6.01,6.12,20.0,
56.4,27356,351.298,-873.304,-0.01,6.24,30.0,1202,-1,16.13,False,-1,True,True,0.0,0.3,0.042,False,False,0.349,-0.079,113.679,1202,25.8,,,,,0,False,False,0.0,False,9.66,6.18,20.0,
56.45,27357,351.172,-873.021,-0.009,6.178,30.0,1202,-1,16.44,False,-1,True,True,0.0,0.3,0.001,False,False,0.242,-0.067,113.788,1202,25.8,,,,,0,False,False,0.0,False,9.35,6.12,20.0,
56.5,27358,351.051,-872.746,-0.008,5.95,30.0,1202,-1,16.75,False,-1,True,True,0.0,0.3,-0.001,False,False,0.116,-0.032,113.866,1202,25.8,,,,,0,False,False,0.0,False,9.05,6.09,20.0,
56.55,27359,350.932,-872.479,-0.007,5.825,30.0,1202,-1,17.04,False,-1,True,True,0.0,0.3,-0.0,False,False,0.007,-0.01,113.866,1202,25.8,,,,,0,False,False,0.0,False,8.76,5.98,20.0,
56.6,27360,350.817,-872.22,-0.006,5.565,30.0,1202,-1,17.32,False,-1,True,True,0.0,0.3,0.005,False,False,-0.092,-0.009,113.914,1202,25.8,,,,,0,False,False,0.0,False,8.48,5.91,20.0,
56.65,27361,350.706,-871.97,-0.006,5.448,30.0,1202,-1,17.59,False,-1,True,True,0.0,0.068,0.0,False,False,-0.159,-0.004,113.908,1202,25.8,,,,,0,False,False,0.0,False,8.2,5.78,20.0,
56.7,27362,350.598,-871.727,-0.005,5.228,30.0,1202,-1,17.86,False,-1,True,True,0.35,0.0,0.004,False,False,-0.202,-0.005,113.959,1202,25.8,,,,,0,False,False,0.0,False,7.94,5.72,20.0,
56.75,27363,350.493,-871.491,-0.005,5.158,30.0,1202,-1,18.12,False,-1,True,True,0.75,0.0,-0.002,False,False,-0.215,0.001,113.95,1202,25.8,,,,,0,False,False,0.0,False,7.68,5.61,20.0,
56.8,27364,350.39,-871.258,-0.005,5.044,30.0,1202,-1,18.37,False,-1,True,True,0.75,0.0,0.003,False,False,-0.204,-0.001,114.005,1202,25.8,,,,,0,False,False,0.0,False,7.42,5.58,20.0,
56.85,27365,350.287,-871.026,-0.006,5.11,30.0,1202,-1,18.63,False,-1,True,True,0.75,0.0,-0.003,False,False,-0.15,0.004,113.986,1202,25.8,,,,,0,False,False,0.0,False,7.17,5.52,20.0,
56.9,27366,350.185,-870.797,-0.006,4.841,30.0,1202,-1,18.88,False,-1,True,True,0.75,0.0,0.002,False,False,-0.128,0.0,114.005,1202,25.8,,,,,0,False,False,0.0,False,6.92,5.55,20.0,
56.95,27367,350.09,-870.586,-0.005,4.499,30.0,1202,-1,19.11,False,-1,True,True,0.75,0.0,-0.001,False,False,-0.208,-0.0,113.976,1202,25.8,,,,,0,False,False,0.0,False,6.69,5.42,20.0,
57.0,27368,350.002,-870.388,-0.005,4.258,30.0,1202,-1,19.33,False,-1,True,True,0.75,0.0,0.003,False,False,-0.286,-0.004,113.976,1202,25.8,,,,,0,False,False,0.0,False,6.47,5.25,20.0,
57.05,27369,349.917,-870.198,-0.005,4.135,30.0,1202,-1,19.53,False,-1,True,True,0.75,0.0,0.001,False,False,-0.31,-0.005,113.983,1202,25.8,,,,,0,False,False,0.0,False,6.26,5.13,20.0,
57.1,27370,349.834,-870.01,-0.005,4.096,30.0,1202,-1,19.74,False,-1,True,True,0.75,0.0,0.001,False,False,-0.279,-0.003,113.988,1202,25.8,,,,,0,False,False,0.0,False,6.06,5.07,20.0,
57.15,27371,349.75,-869.822,-0.005,4.114,30.0,1202,-1,19.95,False,-1,True,True,0.75,0.0,0.001,False,False,-0.211,-0.001,113.992,1202,25.8,,,,,0,False,False,0.0,False,5.85,5.05,20.0,
57.2,27372,349.665,-869.632,-0.006,4.166,30.0,1202,-1,20.15,False,-1,True,True,0.75,0.0,0.001,False,False,-0.126,-0.0,113.995,1202,25.8,,,,,0,False,False,0.0,False,5.64,5.06,20.0,
57.25,27373,349.579,-869.439,-0.007,4.239,30.0,1202,-1,20.36,False,-1,True,True,0.75,0.0,0.0,False,False,-0.041,0.0,113.998,1202,25.8,,,,,0,False,False,0.0,False,5.43,5.08,20.0,
57.3,27374,349.492,-869.242,-0.008,4.325,30.0,1202,-1,20.58,False,-1,True,True,0.75,0.0,0.0,False,False,0.036,0.0,114.001,1202,25.8,,,,,0,False,False,0.0,False,5.22,5.12,20.0,
57.35,27375,349.402,-869.041,-0.008,4.42,30.0,1202,-1,20.8,False,-1,True,True,0.75,0.0,0.0,False,False,0.099,-0.0,114.003,1202,25.8,,,,,0,False,False,0.0,False,5.0,5.16,20.0,
57.4,27376,349.309,-868.837,-0.009,4.518,30.0,1202,-1,21.02,False,-1,True,True,0.75,0.0,0.028,False,False,0.148,-0.045,114.087,1202,29.76,,,,,0,False,False,0.0,False,8.74,5.21,20.0,
57.45,27377,349.215,-868.628,-0.009,4.619,30.0,1202,-1,21.25,False,-1,True,True,0.75,0.0,0.0,False,False,0.185,-0.038,114.148,1202,29.76,,,,,0,False,False,0.0,False,8.51,5.26,20.0,
57.5,27378,349.119,-868.415,-0.009,4.723,30.0,1202,-1,21.49,False,-1,True,True,0.75,0.0,0.0,False,False,0.212,-0.017,114.166,1202,29.76,,,,,0,False,False,0.0,False,8.28,5.31,20.0,
57.55,27379,349.02,-868.196,-0.009,4.827,30.0,1202,-1,21.73,False,-1,True,True,0.75,0.0,0.003,False,False,0.231,-0.008,114.18,1202,29.76,,,,,0,False,False,0.0,False,8.04,5.36,20.0,
57.6,27380,348.92,-867.973,-0.009,4.932,30.0,1202,-1,21.97,False,-1,True,True,0.75,0.0,0.003,False,False,0.244,-0.005,114.196,1202,29.76,,,,,0,False,False,0.0,False,7.79,5.41,20.0,
57.65,27381,348.817,-867.746,-0.009,5.036,30.0,1202,-1,22.22,False,-1,True,True,0.75,0.0,0.002,False,False,0.252,-0.002,114.21,1202,29.76,,,,,0,False,False,0.0,False,7.54,5.47,20.0,
57.7,27382,348.712,-867.513,-0.009,5.137,30.0,1202,-1,22.48,False,-1,True,True,0.75,0.0,0.002,False,False,0.257,-0.001,114.222,1202,29.76,,,,,0,False,False,0.0,False,7.29,5.52,20.0,
57.75,27383,348.605,-867.276,-0.009,5.275,30.0,1202,-1,22.74,False,-1,True,True,0.75,0.0,0.001,False,False,0.261,-0.0,114.232,1202,29.76,,,,,0,False,False,0.0,False,7.03,5.57,20.0,
57.8,27384,348.497,-867.036,-0.009,5.274,30.0,1202,-1,23.0,False,-1,True,True,0.75,0.0,0.001,False,False,0.252,0.0,114.227,1202,29.76,,,,,0,False,False,0.0,False,6.76,5.64,20.0,
57.85,27385,348.388,-866.794,-0.009,5.321,30.0,1202,-1,23.27,False,-1,True,True,0.75,0.0,0.002,False,False,0.221,-0.002,114.262,1202,29.76,,,,,0,False,False,0.0,False,6.5,5.64,20.0,
57.9,27386,348.28,-866.554,-0.008,5.244,30.0,1202,-1,23.53,False,-1,True,True,0.75,0.0,-0.002,False,False,0.173,0.002,114.233,1202,29.76,,,,,0,False,False,0.0,False,6.23,5.66,20.0,
57.95,27387,348.171,-866.313,-0.008,5.323,30.0,1202,-1,23.79,False,-1,True,True,0.75,0.0,0.004,False,False,0.144,-0.002,114.261,1202,29.76,,,,,0,False,False,0.0,False,5.97,5.62,20.0,
58.0,27388,348.062,-866.072,-0.008,5.276,30.0,1202,-1,24.06,False,-1,True,True,0.75,0.0,-0.001,False,False,0.121,0.001,114.232,1202,29.76,,,,,0,False,False,0.0,False,5.71,5.66,20.0,
58.05,27389,347.953,-865.83,-0.008,5.342,30.0,1202,-1,24.32,False,-1,True,True,0.75,0.0,0.004,False,False,0.11,-0.003,114.26,1202,29.76,,,,,0,False,False,0.0,False,5.44,5.64,20.0,
58.1,27390,347.843,-865.589,-0.008,5.268,30.0,1202,-1,24.59,False,-1,True,True,0.75,0.0,0.014,False,False,0.092,-0.024,114.276,1202,33.73,,,,,0,False,False,0.0,False,9.14,5.67,20.0,
58.15,27391,347.729,-865.34,-0.008,5.691,30.0,1202,-1,24.86,False,-1,True,True,0.75,0.0,0.004,False,False,0.154,-0.025,114.31,1202,33.73,,,,,0,False,False,0.0,False,8.87,5.63,20.0,
58.2,27392,347.607,-865.07,-0.01,6.01,30.0,1202,-1,25.16,False,-1,True,True,0.0,0.3,0.002,False,False,0.301,-0.015,114.321,1202,33.73,,,,,0,False,False,0.0,False,8.57,5.85,20.0,
58.25,27393,347.478,-864.787,-0.011,6.296,30.0,1202,-1,25.47,False,-1,True,True,0.0,0.3,0.003,False,False,0.405,-0.009,114.338,1202,33.73,,,,,0,False,False,0.0,False,8.26,6.01,20.0,
58.3,27394,347.348,-864.501,-0.011,6.285,30.0,1202,-1,25.78,False,-1,True,True,0.0,0.3,0.002,False,False,0.409,-0.004,114.355,1202,33.73,,,,,0,False,False,0.0,False,7.95,6.15,20.0,
58.35,27395,347.218,-864.214,-0.01,6.297,30.0,1202,-1,26.1,False,-1,True,True,0.0,0.3,0.001,False,False,0.346,-0.001,114.366,1202,33.73,,,,,0,False,False,0.0,False,7.63,6.14,20.0,
58.4,27396,347.091,-863.933,-0.009,6.108,30.0,1202,-1,26.41,False,-1,True,True,0.0,0.3,0.001,False,False,0.234,0.0,114.39,1202,33.73,,,,,0,False,False,0.0,False,7.33,6.15,20.0,
58.45,27397,346.966,-863.659,-0.008,6.001,30.0,1202,-1,26.71,False,-1,True,True,0.0,0.3,-0.0,False,False,0.116,0.003,114.372,1202,33.73,,,,,0,False,False,0.0,False,7.02,6.05,20.0,
58.5,27398,346.846,-863.394,-0.007,5.754,30.0,1202,-1,27.0,False,-1,True,True,0.0,0.3,0.003,False,False,0.001,-0.001,114.407,1202,33.73,,,,,0,False,False,0.0,False,6.73,6.0,20.0,
58.55,27399,346.729,-863.136,-0.006,5.617,30.0,1202,-1,27.28,False,-1,True,True,0.0,0.3,-0.002,False,False,-0.09,0.002,114.386,1202,33.73,,,,,0,False,False,0.0,False,6.45,5.88,20.0,
58.6,27400,346.616,-862.888,-0.006,5.354,30.0,1202,-1,27.55,False,-1,True,True,0.0,0.256,0.003,False,False,-0.167,-0.001,114.42,1202,33.73,,,,,0,False,False,0.0,False,6.18,5.81,20.0,
58.65,27401,346.507,-862.648,-0.005,5.248,30.0,1202,-1,27.82,False,-1,True,True,0.69,0.0,-0.002,False,False,-0.212,0.002,114.398,1202,33.73,,,,,0,False,False,0.0,False,5.91,5.68,20.0,
58.7,27402,346.401,-862.415,-0.005,5.046,30.0,1202,-1,28.07,False,-1,True,True,0.75,0.0,0.003,False,False,-0.233,0.001,114.437,1202,33.73,,,,,0,False,False,0.0,False,5.66,5.62,20.0,
58.75,27403,346.297,-862.184,-0.005,5.068,30.0,1202,-1,28.33,False,-1,True,True,0.75,0.0,-0.003,False,False,-0.208,0.004,114.435,1202,33.73,,,,,0,False,False,0.0,False,5.4,5.52,20.0,
58.8,27404,346.192,-861.955,-0.006,5.05,30.0,1202,-1,28.58,False,-1,True,True,0.75,0.0,0.01,False,False,-0.157,-0.014,114.462,1202,37.7,,,,,0,False,False,0.0,False,9.12,5.53,20.0,
58.85,27405,346.088,-861.727,-0.006,4.869,30.0,1202,-1,28.83,False,-1,True,True,0.75,0.0,0.0,False,False,-0.122,-0.013,114.498,1202,37.7,,,,,0,False,False,0.0,False,8.87,5.53,20.0,
58.9,27406,345.993,-861.517,-0.005,4.478,30.0,1202,-1,29.06,False,-1,True,True,0.75,0.0,-0.002,False,False,-0.203,-0.006,114.537,1202,37.7,,,,,0,False,False,0.0,False,8.64,5.43,20.0,
58.95,27407,345.904,-861.321,-0.005,4.234,30.0,1202,-1,29.28,False,-1,True,True,0.75,0.0,-0.003,False,False,-0.283,0.001,114.539,1202,37.7,,,,,0,False,False,0.0,False,8.42,5.24,20.0,
59.0,27408,345.818,-861.133,-0.005,4.108,30.0,1202,-1,29.48,False,-1,True,True,0.75,0.0,-0.0,False,False,-0.309,0.001,114.535,1202,37.7,,,,,0,False,False,0.0,False,8.22,5.12,20.0,
59.05,27409,345.733,-860.947,-0.005,4.068,30.0,1202,-1,29.69,False,-1,True,True,0.75,0.0,0.0,False,False,-0.28,-0.001,114.535,1202,37.7,,,,,0,False,False,0.0,False,8.01,5.05,20.0,
59.1,27410,345.648,-860.761,-0.005,4.085,30.0,1202,-1,29.89,False,-1,True,True,0.75,0.0,-0.0,False,False,-0.212,-0.002,114.534,1202,37.7,,,,,0,False,False,0.0,False,7.81,5.03,20.0,
59.15,27411,345.562,-860.573,-0.006,4.137,30.0,1202,-1,30.1,False,-1,True,True,0.75,0.0,-0.0,False,False,-0.127,-0.002,114.534,1202,37.7,,,,,0,False,False,0.0,False,7.6,5.04,20.0,
59.2,27412,345.475,-860.382,-0.007,4.211,30.0,1202,-1,30.31,False,-1,True,True,0.75,0.0,-0.0,False,False,-0.042,-0.001,114.533,1202,37.7,,,,,0,False,False,0.0,False,7.39,5.07,20.0,
59.25,27413,345.387,-860.188,-0.008,4.297,30.0,1202,-1,30.52,False,-1,True,True,0.75,0.0,-0.0,False,False,0.035,-0.001,114.533,1202,37.7,,,,,0,False,False,0.0,False,7.18,5.11,20.0,
59.3,27414,345.296,-859.99,-0.008,4.391,30.0,1202,-1,30.74,False,-1,True,True,0.75,0.0,-0.0,False,False,0.098,-0.001,114.532,1202,37.7,,,,,0,False,False,0.0,False,6.96,5.15,20.0,
59.35,27415,345.203,-859.787,-0.009,4.491,30.0,1202,-1,30.96,False,-1,True,True,0.75,0.0,-0.0,False,False,0.148,-0.0,114.532,1202,37.7,,,,,0,False,False,0.0,False,6.74,5.2,20.0,
59.4,27416,345.109,-859.579,-0.009,4.593,30.0,1202,-1,31.19,False,-1,True,True,0.75,0.0,-0.0,False,False,0.186,-0.0,114.531,1202,37.7,,,,,0,False,False,0.0,False,6.51,5.25,20.0,
59.45,27417,345.012,-859.367,-0.009,4.697,30.0,1202,-1,31.42,False,-1,True,True,0.75,0.0,-0.0,False,False,0.213,-0.0,114.531,1202,37.7,,,,,0,False,False,0.0,False,6.28,5.3,20.0,
59.5,27418,344.913,-859.151,-0.009,4.801,30.0,1202,-1,31.66,False,-1,True,True,0.75,0.0,-0.0,False,False,0.231,-0.0,114.531,1202,37.7,,,,,0,False,False,0.0,False,6.04,5.35,20.0,
59.55,27419,344.812,-858.929,-0.009,4.905,30.0,1202,-1,31.9,False,-1,True,True,0.75,0.0,-0.0,False,False,0.244,-0.0,114.53,1202,37.7,,,,,0,False,False,0.0,False,5.79,5.4,20.0,
59.6,27420,344.709,-858.703,-0.009,5.009,30.0,1202,-1,32.15,False,-1,True,True,0.75,0.0,-0.0,False,False,0.252,-0.0,114.53,1202,37.7,,,,,0,False,False,0.0,False,5.55,5.45,20.0,
59.65,27421,344.604,-858.472,-0.009,5.114,30.0,1202,-1,32.41,False,-1,True,True,0.75,0.0,-0.0,False,False,0.257,-0.0,114.53,1202,37.7,,,,,0,False,False,0.0,False,5.29,5.5,20.0,
59.7,27422,344.496,-858.238,-0.009,5.174,30.0,1202,-1,32.67,False,-1,True,True,0.75,0.0,0.007,False,False,0.257,-0.014,114.553,1202,41.67,,,,,0,False,False,0.0,False,9.0,5.56,20.0,
59.75,27423,344.386,-857.998,-0.009,5.339,30.0,1202,-1,32.93,False,-1,True,True,0.75,0.0,-0.0,False,False,0.259,-0.01,114.561,1202,41.67,,,,,0,False,False,0.0,False,8.74,5.59,20.0,
59.8,27424,344.276,-857.757,-0.009,5.251,30.0,1202,-1,33.19,False,-1,True,True,0.75,0.0,0.001,False,False,0.226,-0.005,114.592,1202,41.67,,,,,0,False,False,0.0,False,8.47,5.67,20.0,
59.85,27425,344.166,-857.518,-0.009,5.31,30.0,1202,-1,33.46,False,-1,True,True,0.75,0.0,-0.002,False,False,0.186,0.001,114.57,1202,41.67,,,,,0,False,False,0.0,False,8.21,5.63,20.0,
59.9,27426,344.057,-857.278,-0.008,5.245,30.0,1202,-1,33.72,False,-1,True,True,0.75,0.0,0.002,False,False,0.145,-0.002,114.607,1202,41.67,,,,,0,False,False,0.0,False,7.95,5.65,20.0,
59.95,27427,343.947,-857.038,-0.008,5.336,30.0,1202,-1,33.98,False,-1,True,True,0.75,0.0,-0.003,False,False,0.128,0.003,114.587,1202,41.67,,,,,0,False,False,0.0,False,7.68,5.62,20.0,
60.0,27428,343.837,-856.796,-0.008,5.273,30.0,1202,-1,34.25,False,-1,True,True,0.75,0.0,0.002,False,False,0.111,-0.0,114.618,1202,41.67,,,,,0,False,False,0.0,False,7.42,5.67,20.0,
60.05,27429,343.726,-856.555,-0.008,5.341,30.0,1202,-1,34.52,False,-1,True,True,0.75,0.0,-0.003,False,False,0.101,0.002,114.588,1202,41.67,,,,,0,False,False,0.0,False,7.15,5.64,20.0,
60.1,27430,343.615,-856.312,-0.008,5.421,30.0,1202,-1,34.78,False,-1,True,True,0.75,0.0,0.002,False,False,0.104,-0.002,114.592,1202,41.67,,,,,0,False,False,0.0,False,6.88,5.67,20.0,
60.15,27431,343.495,-856.05,-0.009,5.951,30.0,1202,-1,35.07,False,-1,True,True,0.508,0.0,0.0,False,False,0.246,-0.003,114.571,1202,41.67,,,,,0,False,False,0.0,False,6.6,5.71,20.0,
60.2,27432,343.367,-855.771,-0.01,6.184,30.0,1202,-1,35.38,False,-1,True,True,0.0,0.3,0.002,False,False,0.378,-0.005,114.569,1202,41.67,,,,,0,False,False,0.0,False,6.29,5.98,20.0,
60.25,27433,343.235,-855.484,-0.011,6.368,30.0,1202,-1,35.69,False,-1,True,True,0.0,0.3,0.001,False,False,0.429,-0.004,114.575,1202,41.67,,,,,0,False,False,0.0,False,5.97,6.09,20.0,
60.3,27434,343.104,-855.197,-0.01,6.285,30.0,1202,-1,36.01,False,-1,True,True,0.0,0.3,0.005,False,False,0.384,-0.011,114.596,1202,45.64,,,,,0,False,False,0.0,False,9.63,6.18,20.0,
60.35,27435,342.973,-854.913,-0.01,6.247,30.0,1202,-1,36.32,False,-1,True,True,0.0,0.3,-0.0,False,False,0.289,-0.007,114.609,1202,45.64,,,,,0,False,False,0.0,False,9.31,6.14,20.0,
60.4,27436,342.846,-854.636,-0.009,6.035,30.0,1202,-1,36.63,False,-1,True,True,0.0,0.3,0.0,False,False,0.166,-0.002,114.628,1202,45.64,,,,,0,False,False,0.0,False,9.01,6.12,20.0,
60.45,27437,342.722,-854.366,-0.008,5.914,30.0,1202,-1,36.92,False,-1,True,True,0.0,0.3,-0.001,False,False,0.051,0.001,114.604,1202,45.64,,,,,0,False,False,0.0,False,8.71,6.02,20.0,
60.5,27438,342.603,-854.105,-0.007,5.658,30.0,1202,-1,37.21,False,-1,True,True,0.0,0.3,0.003,False,False,-0.056,-0.003,114.635,1202,45.64,,,,,0,False,False,0.0,False,8.42,5.96,20.0,
60.55,27439,342.487,-853.852,-0.006,5.515,30.0,1202,-1,37.49,False,-1,True,True,0.0,0.3,-0.002,False,False,-0.136,0.0,114.611,1202,45.64,,,,,0,False,False,0.0,False,8.15,5.83,20.0,
60.6,27440,342.375,-853.609,-0.005,5.276,30.0,1202,-1,37.76,False,-1,True,True,0.108,0.0,0.003,False,False,-0.198,-0.002,114.644,1202,45.64,,,,,0,False,False,0.0,False,7.88,5.76,20.0,
60.65,27441,342.266,-853.371,-0.005,5.196,30.0,1202,-1,38.02,False,-1,True,True,0.75,0.0,-0.002,False,False,-0.221,0.003,114.625,1202,45.64,,,,,0,False,False,0.0,False,7.62,5.64,20.0,
60.7,27442,342.161,-853.14,-0.005,5.021,30.0,1202,-1,38.27,False,-1,True,True,0.75,0.0,0.002,False,False,-0.227,0.001,114.666,1202,45.64,,,,,0,False,False,0.0,False,7.36,5.6,20.0,
60.75,27443,342.055,-852.909,-0.005,5.093,30.0,1202,-1,38.53,False,-1,True,True,0.75,0.0,-0.003,False,False,-0.18,0.005,114.648,1202,45.64,,,,,0,False,False,0.0,False,7.11,5.51,20.0,
60.8,27444,341.95,-852.68,-0.006,5.018,30.0,1202,-1,38.78,False,-1,True,True,0.75,0.0,0.001,False,False,-0.127,0.002,114.678,1202,45.64,,,,,0,False,False,0.0,False,6.86,5.55,20.0,
60.85,27445,341.85,-852.462,-0.006,4.61,30.0,1202,-1,39.02,False,-1,True,True,0.75,0.0,-0.003,False,False,-0.174,0.003,114.647,1202,45.64,,,,,0,False,False,0.0,False,6.62,5.51,20.0,
60.9,27446,341.758,-852.263,-0.005,4.307,30.0,1202,-1,39.24,False,-1,True,True,0.75,0.0,0.002,False,False,-0.267,-0.001,114.636,1202,45.64,,,,,0,False,False,0.0,False,6.4,5.31,20.0,
60.95,27447,341.671,-852.072,-0.005,4.135,30.0,1202,-1,39.45,False,-1,True,True,0.75,0.0,0.001,False,False,-0.317,-0.004,114.638,1202,45.64,,,,,0,False,False,0.0,False,6.19,5.15,20.0,
61.0,27448,341.586,-851.887,-0.005,4.063,30.0,1202,-1,39.65,False,-1,True,True,0.75,0.0,0.0,False,False,-0.307,-0.003,114.64,1202,45.64,,,,,0,False,False,0.0,False,5.98,5.07,20.0,
61.05,27449,341.501,-851.702,-0.005,4.059,30.0,1202,-1,39.85,False,-1,True,True,0.75,0.0,-0.0,False,False,-0.25,-0.001,114.64,1202,45.64,,,,,0,False,False,0.0,False,5.78,5.03,20.0,
61.1,27450,341.416,-851.516,-0.006,4.099,30.0,1202,-1,40.06,False,-1,True,True,0.75,0.0,0.0,False,False,-0.169,-0.001,114.64,1202,45.64,,,,,0,False,False,0.0,False,5.58,5.03,20.0,
61.15,27451,341.329,-851.327,-0.007,4.164,30.0,1202,-1,40.27,False,-1,True,True,0.75,0.0,0.0,False,False,-0.08,-0.001,114.64,1202,45.64,,,,,0,False,False,0.0,False,5.37,5.05,20.0,
61.2,27452,341.241,-851.135,-0.007,4.246,30.0,1202,-1,40.48,False,-1,True,True,0.75,0.0,0.0,False,False,0.002,-0.0,114.641,1202,45.64,,,,,0,False,False,0.0,False,5.16,5.08,20.0,
61.25,27453,341.151,-850.939,-0.008,4.338,30.0,1202,-1,40.69,False,-1,True,True,0.75,0.0,-0.0,False,False,0.072,-0.0,114.641,1202,45.64,,,,,0,False,False,0.0,False,4.94,5.12,20.0,
61.3,27454,341.059,-850.739,-0.008,4.436,30.0,1202,-1,40.91,False,-1,True,True,0.75,0.0,0.003,False,False,0.128,-0.005,114.65,1202,49.61,,,,,0,False,False,0.0,False,8.69,5.17,20.0,
61.35,27455,340.965,-850.534,-0.009,4.537,30.0,1202,-1,41.14,False,-1,True,True,0.75,0.0,0.0,False,False,0.171,-0.004,114.657,1202,49.61,,,,,0,False,False,0.0,False,8.46,5.22,20.0,
61.4,27456,340.869,-850.325,-0.009,4.64,30.0,1202,-1,41.37,False,-1,True,True,0.75,0.0,0.0,False,False,0.202,-0.002,114.659,1202,49.61,,,,,0,False,False,0.0,False,8.23,5.27,20.0,
61.45,27457,340.771,-850.111,-0.009,4.745,30.0,1202,-1,41.6,False,-1,True,True,0.75,0.0,0.0,False,False,0.224,-0.001,114.66,1202,49.61,,,,,0,False,False,0.0,False,8.0,5.32,20.0,
61.5,27458,340.67,-849.893,-0.009,4.849,30.0,1202,-1,41.85,False,-1,True,True,0.75,0.0,0.0,False,False,0.239,-0.0,114.662,1202,49.61,,,,,0,False,False,0.0,False,7.76,5.37,20.0,
61.55,27459,340.568,-849.669,-0.009,4.953,30.0,1202,-1,42.09,False,-1,True,True,0.75,0.0,0.0,False,False,0.249,-0.0,114.663,1202,49.61,,,,,0,False,False,0.0,False,7.51,5.42,20.0,
61.6,27460,340.463,-849.441,-0.009,5.058,30.0,1202,-1,42.34,False,-1,True,True,0.75,0.0,0.0,False,False,0.256,-0.0,114.665,1202,49.61,,,,,0,False,False,0.0,False,7.26,5.48,20.0,
61.65,27461,340.356,-849.209,-0.009,5.167,30.0,1202,-1,42.6,False,-1,True,True,0.75,0.0,0.0,False,False,0.26,0.0,114.666,1202,49.61,,,,,0,False,False,0.0,False,7.01,5.53,20.0,
61.7,27462,340.247,-848.972,-0.009,5.221,30.0,1202,-1,42.86,False,-1,True,True,0.75,0.0,0.0,False,False,0.257,0.0,114.667,1202,49.61,,,,,0,False,False,0.0,False,6.74,5.58,20.0,
61.75,27463,340.136,-848.73,-0.009,5.399,30.0,1202,-1,43.13,False,-1,True,True,0.75,0.0,0.0,False,False,0.261,0.0,114.667,1202,49.61,,,,,0,False,False,0.0,False,6.48,5.61,20.0,
61.8,27464,340.023,-848.484,-0.009,5.381,30.0,1202,-1,43.39,False,-1,True,True,0.623,0.0,0.0,False,False,0.249,-0.0,114.683,1202,49.61,,,,,0,False,False,0.0,False,6.21,5.7,20.0,
61.85,27465,339.911,-848.239,-0.009,5.418,30.0,1202,-1,43.66,False,-1,True,True,0.679,0.0,-0.001,False,False,0.212,0.003,114.657,1202,49.61,,,,,0,False,False,0.0,False,5.94,5.69,20.0,
61.9,27466,339.799,-847.996,-0.008,5.324,30.0,1202,-1,43.93,False,-1,True,True,0.536,0.0,0.002,False,False,0.16,-0.001,114.693,1202,49.61,,,,,0,False,False,0.0,False,5.67,5.71,20.0,
61.95,27467,339.688,-847.753,-0.008,5.371,30.0,1202,-1,44.2,False,-1,True,True,0.75,0.0,-0.003,False,False,0.121,0.003,114.67,1202,49.61,,,,,0,False,False,0.0,False,5.4,5.66,20.0,
62.0,27468,339.577,-847.512,-0.008,5.293,30.0,1202,-1,44.47,False,-1,True,True,0.697,0.0,0.003,False,False,0.089,-0.003,114.708,1202,53.58,,,,,0,False,False,0.0,False,9.11,5.69,20.0,
62.05,27469,339.465,-847.269,-0.008,5.367,30.0,1202,-1,44.73,False,-1,True,True,0.75,0.0,-0.003,False,False,0.078,0.001,114.687,1202,53.58,,,,,0,False,False,0.0,False,8.84,5.65,20.0,
62.1,27470,339.354,-847.027,-0.008,5.316,30.0,1202,-1,45.0,False,-1,True,True,0.701,0.0,0.002,False,False,0.073,-0.002,114.72,1202,53.58,,,,,0,False,False,0.0,False,8.57,5.68,20.0,
62.15,27471,339.242,-846.783,-0.008,5.392,30.0,1202,-1,45.27,False,-1,True,True,0.75,0.0,-0.003,False,False,0.079,0.002,114.697,1202,53.58,,,,,0,False,False,0.0,False,8.3,5.66,20.0,
62.2,27472,339.131,-846.54,-0.008,5.319,30.0,1202,-1,45.53,False,-1,True,True,0.606,0.0,0.001,False,False,0.073,-0.001,114.725,1202,53.58,,,,,0,False,False,0.0,False,8.04,5.7,20.0,
62.25,27473,339.018,-846.294,-0.008,5.54,30.0,1202,-1,45.8,False,-1,True,True,0.75,0.0,-0.003,False,False,0.092,0.001,114.72,1202,53.58,,,,,0,False,False,0.0,False,7.77,5.66,20.0,
62.3,27474,338.897,-846.031,-0.009,5.917,30.0,1202,-1,46.09,False,-1,True,True,0.074,0.0,-0.0,False,False,0.229,0.001,114.739,1202,53.58,,,,,0,False,False,0.0,False,7.48,5.77,20.0,
62.35,27475,338.769,-845.75,-0.01,6.26,30.0,1202,-1,46.4,False,-1,True,True,0.0,0.3,-0.003,False,False,0.365,0.002,114.738,1202,53.58,,,,,0,False,False,0.0,False,7.17,5.96,20.0,
62.4,27476,338.637,-845.465,-0.011,6.269,30.0,1202,-1,46.72,False,-1,True,True,0.0,0.3,-0.001,False,False,0.397,0.001,114.73,1202,53.58,,,,,0,False,False,0.0,False,6.85,6.13,20.0,
62.45,27477,338.506,-845.18,-0.01,6.294,30.0,1202,-1,47.03,False,-1,True,True,0.0,0.3,-0.0,False,False,0.351,-0.002,114.723,1202,53.58,,,,,0,False,False,0.0,False,6.54,6.13,20.0,
62.5,27478,338.377,-844.899,-0.009,6.115,30.0,1202,-1,47.34,False,-1,True,True,0.0,0.3,-0.0,False,False,0.247,-0.003,114.731,1202,53.58,,,,,0,False,False,0.0,False,6.23,6.15,20.0,
62.55,27479,338.251,-844.625,-0.008,6.012,30.0,1202,-1,47.64,False,-1,True,True,0.0,0.3,-0.002,False,False,0.132,-0.002,114.701,1202,53.58,,,,,0,False,False,0.0,False,5.93,6.06,20.0,
62.6,27480,338.129,-844.36,-0.007,5.767,30.0,1202,-1,47.93,False,-1,True,True,0.0,0.3,0.002,False,False,0.016,-0.006,114.726,1202,57.54,,,,,0,False,False,0.0,False,9.61,6.01,20.0,
62.65,27481,338.01,-844.102,-0.006,5.632,30.0,1202,-1,48.22,False,-1,True,True,0.0,0.3,-0.003,False,False,-0.078,-0.003,114.697,1202,57.54,,,,,0,False,False,0.0,False,9.32,5.88,20.0,
62.7,27482,337.896,-843.854,-0.006,5.364,30.0,1202,-1,48.49,False,-1,True,True,0.0,0.3,0.002,False,False,-0.158,-0.005,114.723,1202,57.54,,,,,0,False,False,0.0,False,9.05,5.82,20.0,
62.75,27483,337.786,-843.614,-0.005,5.254,30.0,1202,-1,48.75,False,-1,True,True,0.657,0.0,-0.002,False,False,-0.208,-0.001,114.694,1202,57.54,,,,,0,False,False,0.0,False,8.79,5.68,20.0,
62.8,27484,337.679,-843.382,-0.005,5.052,30.0,1202,-1,49.01,False,-1,True,True,0.75,0.0,0.002,False,False,-0.231,-0.002,114.728,1202,57.54,,,,,0,False,False,0.0,False,8.53,5.63,20.0,
62.85,27485,337.574,-843.153,-0.005,5.026,30.0,1202,-1,49.26,False,-1,True,True,0.75,0.0,-0.003,False,False,-0.221,0.003,114.729,1202,57.54,,,,,0,False,False,0.0,False,8.28,5.53,20.0,
62.9,27486,337.469,-842.924,-0.006,5.022,30.0,1202,-1,49.51,False,-1,True,True,0.75,0.0,-0.001,False,False,-0.17,0.003,114.722,1202,57.54,,,,,0,False,False,0.0,False,8.03,5.51,20.0,
62.95,27487,337.364,-842.696,-0.006,5.002,30.0,1202,-1,49.77,False,-1,True,True,0.75,0.0,-0.0,False,False,-0.11,0.001,114.732,1202,57.54,,,,,0,False,False,0.0,False,7.78,5.51,20.0,
63.0,27488,337.264,-842.48,-0.006,4.603,30.0,1202,-1,50.0,False,-1,True,True,0.75,0.0,-0.002,False,False,-0.153,0.002,114.648,1202,57.54,,,,,0,False,False,0.0,False,7.54,5.5,20.0,
63.05,27489,337.171,-842.28,-0.005,4.324,30.0,1202,-1,50.22,False,-1,True,True,0.75,0.0,0.007,False,False,-0.239,-0.007,114.639,1202,57.54,,,,,0,False,False,0.0,False,7.32,5.3,20.0,
63.1,27490,337.083,-842.088,-0.005,4.171,30.0,1202,-1,50.43,False,-1,True,True,0.75,0.0,0.002,False,False,-0.284,-0.007,114.652,1202,57.54,,,,,0,False,False,0.0,False,7.11,5.16,20.0,
63.15,27491,336.997,-841.901,-0.005,4.112,30.0,1202,-1,50.64,False,-1,True,True,0.75,0.0,0.001,False,False,-0.273,-0.003,114.659,1202,57.54,,,,,0,False,False,0.0,False,6.9,5.09,20.0,
63.2,27492,336.911,-841.713,-0.005,4.117,30.0,1202,-1,50.85,False,-1,True,True,0.75,0.0,0.001,False,False,-0.218,0.0,114.663,1202,57.54,,,,,0,False,False,0.0,False,6.69,5.06,20.0,
63.25,27493,336.824,-841.525,-0.006,4.161,30.0,1202,-1,51.05,False,-1,True,True,0.75,0.0,0.001,False,False,-0.14,0.002,114.667,1202,57.54,,,,,0,False,False,0.0,False,6.49,5.06,20.0,
63.3,27494,336.736,-841.333,-0.007,4.229,30.0,1202,-1,51.27,False,-1,True,True,0.75,0.0,0.001,False,False,-0.057,0.002,114.671,1202,57.54,,,,,0,False,False,0.0,False,6.27,5.08,20.0,
63.35,27495,336.646,-841.138,-0.007,4.312,30.0,1202,-1,51.48,False,-1,True,True,0.75,0.0,0.001,False,False,0.02,0.002,114.675,1202,57.54,,,,,0,False,False,0.0,False,6.06,5.11,20.0,
63.4,27496,336.555,-840.939,-0.008,4.404,30.0,1202,-1,51.7,False,-1,True,True,0.75,0.0,0.0,False,False,0.085,0.001,114.678,1202,57.54,,,,,0,False,False,0.0,False,5.84,5.16,20.0,
63.45,27497,336.462,-840.736,-0.008,4.502,30.0,1202,-1,51.92,False,-1,True,True,0.75,0.0,0.0,False,False,0.137,0.001,114.681,1202,57.54,,,,,0,False,False,0.0,False,5.62,5.2,20.0,
63.5,27498,336.366,-840.529,-0.009,4.604,30.0,1202,-1,52.15,False,-1,True,True,0.75,0.0,0.0,False,False,0.177,0.001,114.683,1202,57.54,,,,,0,False,False,0.0,False,5.39,5.25,20.0,
63.55,27499,336.269,-840.316,-0.009,4.707,30.0,1202,-1,52.38,False,-1,True,True,0.75,0.0,0.0,False,False,0.206,0.0,114.685,1202,57.54,,,,,0,False,False,0.0,False,5.16,5.3,20.0,
63.6,27500,336.169,-840.1,-0.009,4.81,30.0,1202,-1,52.62,False,-1,True,True,0.75,0.0,0.001,False,False,0.227,-0.001,114.689,1202,61.51,,,,,0,False,False,0.0,False,8.89,5.35,20.0,
63.65,27501,336.067,-839.878,-0.009,4.914,30.0,1202,-1,52.87,False,-1,True,True,0.75,0.0,0.0,False,False,0.24,-0.0,114.691,1202,61.51,,,,,0,False,False,0.0,False,8.64,5.41,20.0,
63.7,27502,335.963,-839.652,-0.009,5.018,30.0,1202,-1,53.12,False,-1,True,True,0.75,0.0,0.0,False,False,0.25,-0.0,114.693,1202,61.51,,,,,0,False,False,0.0,False,8.39,5.46,20.0,
63.75,27503,335.857,-839.421,-0.009,5.123,30.0,1202,-1,53.37,False,-1,True,True,0.75,0.0,0.0,False,False,0.256,-0.0,114.694,1202,61.51,,,,,0,False,False,0.0,False,8.14,5.51,20.0,
63.8,27504,335.749,-839.186,-0.009,5.182,30.0,1202,-1,53.63,False,-1,True,True,0.75,0.0,0.0,False,False,0.256,0.0,114.696,1202,61.51,,,,,0,False,False,0.0,False,7.88,5.56,20.0,
63.85,27505,335.638,-838.946,-0.009,5.36,30.0,1202,-1,53.89,False,-1,True,True,0.75,0.0,0.0,False,False,0.26,0.0,114.697,1202,61.51,,,,,0,False,False,0.0,False,7.62,5.59,20.0,
63.9,27506,335.526,-838.701,-0.009,5.388,30.0,1202,-1,54.16,False,-1,True,True,0.75,0.0,0.0,False,False,0.256,-0.0,114.698,1202,61.51,,,,,0,False,False,0.0,False,7.35,5.68,20.0,
63.95,27507,335.411,-838.452,-0.009,5.554,30.0,1202,-1,54.44,False,-1,True,True,0.655,0.0,0.0,False,False,0.259,-0.0,114.696,1202,61.51,,,,,0,False,False,0.0,False,7.07,5.69,20.0,
64.0,27508,335.296,-838.201,-0.009,5.486,30.0,1202,-1,54.71,False,-1,True,True,0.049,0.0,0.0,False,False,0.234,-0.001,114.714,1202,61.51,,,,,0,False,False,0.0,False,6.8,5.78,20.0,
64.05,27509,335.181,-837.952,-0.009,5.486,30.0,1202,-1,54.99,False,-1,True,True,0.287,0.0,-0.001,False,False,0.182,0.002,114.689,1202,61.51,,,,,0,False,False,0.0,False,6.52,5.74,20.0,
64.1,27510,335.069,-837.708,-0.008,5.334,30.0,1202,-1,55.26,False,-1,True,True,0.279,0.0,0.002,False,False,0.111,-0.001,114.725,1202,61.51,,,,,0,False,False,0.0,False,6.25,5.74,20.0,
64.15,27511,334.958,-837.467,-0.007,5.306,30.0,1202,-1,55.52,False,-1,True,True,0.75,0.0,-0.003,False,False,0.052,0.003,114.703,1202,61.51,,,,,0,False,False,0.0,False,5.99,5.67,20.0,
64.2,27512,334.85,-837.23,-0.007,5.155,30.0,1202,-1,55.78,False,-1,True,True,0.75,0.0,0.002,False,False,-0.001,-0.0,114.739,1202,61.51,,,,,0,False,False,0.0,False,5.73,5.65,20.0,
64.25,27513,334.742,-836.996,-0.007,5.164,30.0,1202,-1,56.04,False,-1,True,True,0.75,0.0,-0.003,False,False,-0.026,0.003,114.714,1202,61.51,,,,,0,False,False,0.0,False,5.47,5.58,20.0,
64.3,27514,334.636,-836.764,-0.007,5.056,30.0,1202,-1,56.29,False,-1,True,True,0.75,0.0,0.002,False,False,-0.039,-0.0,114.75,1202,65.48,,,,,0,False,False,0.0,False,9.18,5.58,20.0,
64.35,27515,334.529,-836.533,-0.007,5.107,30.0,1202,-1,56.55,False,-1,True,True,0.75,0.0,-0.004,False,False,-0.029,0.003,114.723,1202,65.48,,,,,0,False,False,0.0,False,8.93,5.53,20.0,
64.4,27516,334.424,-836.303,-0.007,5.034,30.0,1202,-1,56.8,False,-1,True,True,0.75,0.0,0.001,False,False,-0.016,-0.001,114.757,1202,65.48,,,,,0,False,False,0.0,False,8.68,5.55,20.0,
64.45,27517,334.317,-836.072,-0.007,5.121,30.0,1202,-1,57.06,False,-1,True,True,0.75,0.0,-0.004,False,False,0.011,0.002,114.73,1202,65.48,,,,,0,False,False,0.0,False,8.42,5.52,20.0,
64.5,27518,334.211,-835.84,-0.007,5.079,30.0,1202,-1,57.31,False,-1,True,True,0.75,0.0,0.001,False,False,0.034,-0.002,114.76,1202,65.48,,,,,0,False,False,0.0,False,8.17,5.56,20.0,
64.55,27519,334.103,-835.606,-0.008,5.171,30.0,1202,-1,57.57,False,-1,True,True,0.75,0.0,-0.004,False,False,0.062,0.001,114.73,1202,65.48,,,,,0,False,False,0.0,False,7.91,5.54,20.0,
64.6,27520,333.997,-835.374,-0.008,5.096,30.0,1202,-1,57.82,False,-1,True,True,0.75,0.0,0.002,False,False,0.067,-0.002,114.755,1202,65.48,,,,,0,False,False,0.0,False,7.65,5.59,20.0,
64.65,27521,333.889,-835.14,-0.008,5.208,30.0,1202,-1,58.08,False,-1,True,True,0.75,0.0,-0.003,False,False,0.077,0.0,114.726,1202,65.48,,,,,0,False,False,0.0,False,7.4,5.55,20.0,
64.7,27522,333.774,-834.89,-0.009,5.641,30.0,1202,-1,58.36,False,-1,True,True,0.75,0.0,0.002,False,False,0.204,-0.003,114.695,1202,65.48,,,,,0,False,False,0.0,False,7.12,5.6,20.0,
64.75,27523,333.649,-834.62,-0.01,6.091,30.0,1202,-1,58.65,False,-1,True,True,0.0,0.274,0.003,False,False,0.37,-0.008,114.692,1202,65.48,,,,,0,False,False,0.0,False,6.82,5.82,20.0,
64.8,27524,333.519,-834.338,-0.011,6.219,30.0,1202,-1,58.96,False,-1,True,True,0.0,0.3,0.001,False,False,0.452,-0.007,114.697,1202,65.48,,,,,0,False,False,0.0,False,6.51,6.05,20.0,
64.85,27525,333.387,-834.052,-0.011,6.335,30.0,1202,-1,59.28,False,-1,True,True,0.0,0.3,-0.0,False,False,0.446,-0.002,114.7,1202,65.48,,,,,0,False,False,0.0,False,6.2,6.11,20.0,
64.9,27526,333.257,-833.768,-0.01,6.206,30.0,1202,-1,59.59,False,-1,True,True,0.0,0.3,0.0,False,False,0.36,0.0,114.7,1202,65.48,,,,,0,False,False,0.0,False,5.89,6.17,20.0,
64.95,27527,333.128,-833.489,-0.009,6.141,30.0,1202,-1,59.9,False,-1,True,True,0.0,0.3,0.0,False,False,0.245,0.001,114.714,1202,69.45,,,,,0,False,False,0.0,False,9.55,6.1,20.0,
65.0,27528,333.003,-833.217,-0.008,5.911,30.0,1202,-1,60.2,False,-1,True,True,0.0,0.3,-0.001,False,False,0.115,0.004,114.689,1202,69.45,,,,,0,False,False,0.0,False,9.25,6.07,20.0,
65.05,27529,332.882,-832.953,-0.007,5.784,30.0,1202,-1,60.49,False,-1,True,True,0.0,0.3,0.002,False,False,0.004,0.0,114.718,1202,69.45,,,,,0,False,False,0.0,False,8.96,5.96,20.0,
65.1,27530,332.765,-832.698,-0.006,5.522,30.0,1202,-1,60.77,False,-1,True,True,0.0,0.3,-0.002,False,False,-0.095,0.004,114.692,1202,69.45,,,,,0,False,False,0.0,False,8.68,5.89,20.0,
65.15,27531,332.651,-832.451,-0.006,5.413,30.0,1202,-1,61.04,False,-1,True,True,0.088,0.0,0.002,False,False,-0.161,0.0,114.72,1202,69.45,,,,,0,False,False,0.0,False,8.4,5.76,20.0,
65.2,27532,332.541,-832.211,-0.005,5.202,30.0,1202,-1,61.31,False,-1,True,True,0.48,0.0,-0.002,False,False,-0.2,0.002,114.686,1202,69.45,,,,,0,False,False,0.0,False,8.14,5.71,20.0,
65.25,27533,332.433,-831.977,-0.005,5.144,30.0,1202,-1,61.56,False,-1,True,True,0.75,0.0,0.003,False,False,-0.208,-0.003,114.71,1202,69.45,,,,,0,False,False,0.0,False,7.88,5.6,20.0,
65.3,27534,332.326,-831.745,-0.005,5.072,30.0,1202,-1,61.82,False,-1,True,True,0.75,0.0,-0.002,False,False,-0.181,-0.001,114.665,1202,69.45,,,,,0,False,False,0.0,False,7.63,5.57,20.0,
65.35,27535,332.219,-831.513,-0.006,5.14,30.0,1202,-1,62.08,False,-1,True,True,0.75,0.0,0.004,False,False,-0.124,-0.005,114.695,1202,69.45,,,,,0,False,False,0.0,False,7.37,5.54,20.0,
65.4,27536,332.116,-831.29,-0.006,4.742,30.0,1202,-1,62.32,False,-1,True,True,0.75,0.0,-0.002,False,False,-0.152,-0.001,114.705,1202,69.45,,,,,0,False,False,0.0,False,7.13,5.57,20.0,
65.45,27537,332.022,-831.085,-0.005,4.413,30.0,1202,-1,62.55,False,-1,True,True,0.75,0.0,-0.001,False,False,-0.244,0.002,114.724,1202,69.45,,,,,0,False,False,0.0,False,6.9,5.37,20.0,
65.5,27538,331.933,-830.89,-0.005,4.22,30.0,1202,-1,62.76,False,-1,True,True,0.75,0.0,-0.002,False,False,-0.305,0.004,114.724,1202,69.45,,,,,0,False,False,0.0,False,6.69,5.21,20.0,
65.55,27539,331.846,-830.701,-0.005,4.131,30.0,1202,-1,62.97,False,-1,True,True,0.75,0.0,-0.0,False,False,-0.307,0.003,114.721,1202,69.45,,,,,0,False,False,0.0,False,6.48,5.11,20.0,
65.6,27540,331.76,-830.514,-0.005,4.117,30.0,1202,-1,63.17,False,-1,True,True,0.75,0.0,-0.0,False,False,-0.259,0.001,114.719,1202,69.45,,,,,0,False,False,0.0,False,6.27,5.07,20.0,
65.65,27541,331.673,-830.326,-0.006,4.149,30.0,1202,-1,63.38,False,-1,True,True,0.75,0.0,-0.0,False,False,-0.182,0.0,114.718,1202,69.45,,,,,0,False,False,0.0,False,6.06,5.06,20.0,
65.7,27542,331.585,-830.135,-0.006,4.21,30.0,1202,-1,63.59,False,-1,True,True,0.75,0.0,-0.0,False,False,-0.095,-0.0,114.717,1202,69.45,,,,,0,False,False,0.0,False,5.85,5.07,20.0,
65.75,27543,331.496,-829.941,-0.007,4.288,30.0,1202,-1,63.81,False,-1,True,True,0.75,0.0,-0.0,False,False,-0.012,-0.0,114.716,1202,69.45,,,,,0,False,False,0.0,False,5.64,5.1,20.0,
65.8,27544,331.405,-829.743,-0.008,4.378,30.0,1202,-1,64.02,False,-1,True,True,0.75,0.0,-0.0,False,False,0.06,-0.0,114.715,1202,69.45,,,,,0,False,False,0.0,False,5.42,5.14,20.0,
65.85,27545,331.312,-829.541,-0.008,4.474,30.0,1202,-1,64.25,False,-1,True,True,0.75,0.0,-0.0,False,False,0.118,-0.0,114.715,1202,69.45,,,,,0,False,False,0.0,False,5.2,5.19,20.0,
65.9,27546,331.217,-829.335,-0.009,4.574,30.0,1202,-1,64.47,False,-1,True,True,0.75,0.0,-0.0,False,False,0.163,0.0,114.714,1202,73.42,,,,,0,False,False,0.0,False,8.94,5.24,20.0,
65.95,27547,331.12,-829.124,-0.009,4.677,30.0,1202,-1,64.7,False,-1,True,True,0.75,0.0,-0.0,False,False,0.196,-0.0,114.713,1202,73.42,,,,,0,False,False,0.0,False,8.71,5.29,20.0,
66.0,27548,331.021,-828.909,-0.009,4.78,30.0,1202,-1,64.94,False,-1,True,True,0.75,0.0,-0.0,False,False,0.22,-0.0,114.712,1202,73.42,,,,,0,False,False,0.0,False,8.47,5.34,20.0,
66.05,27549,330.92,-828.688,-0.009,4.884,30.0,1202,-1,65.18,False,-1,True,True,0.75,0.0,-0.0,False,False,0.236,-0.0,114.712,1202,73.42,,,,,0,False,False,0.0,False,8.23,5.39,20.0,
66.1,27550,330.816,-828.464,-0.009,4.988,30.0,1202,-1,65.43,False,-1,True,True,0.75,0.0,-0.0,False,False,0.247,-0.0,114.711,1202,73.42,,,,,0,False,False,0.0,False,7.98,5.44,20.0,
66.15,27551,330.711,-828.234,-0.009,5.092,30.0,1202,-1,65.68,False,-1,True,True,0.75,0.0,-0.0,False,False,0.254,-0.0,114.711,1202,73.42,,,,,0,False,False,0.0,False,7.73,5.49,20.0,
66.2,27552,330.603,-828.0,-0.009,5.224,30.0,1202,-1,65.94,False,-1,True,True,0.75,0.0,-0.0,False,False,0.26,-0.0,114.711,1202,73.42,,,,,0,False,False,0.0,False,7.47,5.55,20.0,
66.25,27553,330.493,-827.762,-0.009,5.255,30.0,1202,-1,66.2,False,-1,True,True,0.75,0.0,0.0,False,False,0.256,-0.0,114.711,1202,73.42,,,,,0,False,False,0.0,False,7.21,5.61,20.0,
66.3,27554,330.381,-827.518,-0.009,5.433,30.0,1202,-1,66.47,False,-1,True,True,0.75,0.0,-0.0,False,False,0.26,-0.0,114.711,1202,73.42,,,,,0,False,False,0.0,False,6.94,5.63,20.0,
66.35,27555,330.267,-827.271,-0.009,5.423,30.0,1202,-1,66.74,False,-1,True,True,0.497,0.0,-0.0,False,False,0.251,0.0,114.697,1202,73.42,,,,,0,False,False,0.0,False,6.67,5.72,20.0,
66.4,27556,330.154,-827.024,-0.009,5.448,30.0,1202,-1,67.02,False,-1,True,True,0.524,0.0,0.001,False,False,0.213,-0.002,114.724,1202,73.42,,,,,0,False,False,0.0,False,6.4,5.71,20.0,
66.45,27557,330.042,-826.781,-0.008,5.33,30.0,1202,-1,67.28,False,-1,True,True,0.425,0.0,-0.002,False,False,0.153,0.002,114.688,1202,73.42,,,,,0,False,False,0.0,False,6.13,5.72,20.0,
66.5,27558,329.93,-826.539,-0.008,5.345,30.0,1202,-1,67.55,False,-1,True,True,0.75,0.0,0.003,False,False,0.103,-0.002,114.711,1202,73.42,,,,,0,False,False,0.0,False,5.86,5.67,20.0,
66.55,27559,329.82,-826.299,-0.008,5.238,30.0,1202,-1,67.81,False,-1,True,True,0.75,0.0,-0.002,False,False,0.059,0.0,114.676,1202,73.42,,,,,0,False,False,0.0,False,5.6,5.67,20.0,
66.6,27560,329.71,-826.06,-0.007,5.288,30.0,1202,-1,68.08,False,-1,True,True,0.75,0.0,0.003,False,False,0.042,-0.003,114.701,1202,77.39,,,,,0,False,False,0.0,False,9.31,5.62,20.0,
66.65,27561,329.6,-825.822,-0.007,5.217,30.0,1202,-1,68.34,False,-1,True,True,0.75,0.0,-0.002,False,False,0.032,0.0,114.668,1202,77.39,,,,,0,False,False,0.0,False,9.04,5.64,20.0,
66.7,27562,329.49,-825.583,-0.007,5.303,30.0,1202,-1,68.6,False,-1,True,True,0.75,0.0,0.003,False,False,0.043,-0.003,114.694,1202,77.39,,,,,0,False,False,0.0,False,8.78,5.61,20.0,
66.75,27563,329.379,-825.343,-0.008,5.253,30.0,1202,-1,68.87,False,-1,True,True,0.75,0.0,-0.001,False,False,0.054,0.001,114.663,1202,77.39,,,,,0,False,False,0.0,False,8.52,5.65,20.0,
66.8,27564,329.269,-825.103,-0.008,5.319,30.0,1202,-1,69.13,False,-1,True,True,0.75,0.0,0.003,False,False,0.065,-0.002,114.697,1202,77.39,,,,,0,False,False,0.0,False,8.25,5.63,20.0,
66.85,27565,329.158,-824.863,-0.008,5.245,30.0,1202,-1,69.39,False,-1,True,True,0.75,0.0,-0.002,False,False,0.062,0.003,114.671,1202,77.39,,,,,0,False,False,0.0,False,7.99,5.66,20.0,
66.9,27566,329.043,-824.611,-0.009,5.764,30.0,1202,-1,69.67,False,-1,True,True,0.75,0.0,0.003,False,False,0.167,-0.001,114.721,1202,77.39,,,,,0,False,False,0.0,False,7.71,5.62,20.0,
66.95,27567,328.918,-824.339,-0.01,6.069,30.0,1202,-1,69.97,False,-1,True,True,0.0,0.3,-0.004,False,False,0.323,0.006,114.73,1202,77.39,,,,,0,False,False,0.0,False,7.41,5.88,20.0,
67.0,27568,328.787,-824.054,-0.011,6.342,30.0,1202,-1,70.29,False,-1,True,True,0.0,0.3,-0.001,False,False,0.422,0.008,114.724,1202,77.39,,,,,0,False,False,0.0,False,7.1,6.03,20.0,
67.05,27569,328.655,-823.766,-0.011,6.324,30.0,1202,-1,70.6,False,-1,True,True,0.0,0.3,0.0,False,False,0.418,0.004,114.719,1202,77.39,,,,,0,False,False,0.0,False,6.78,6.17,20.0,
67.1,27570,328.522,-823.479,-0.01,6.329,30.0,1202,-1,70.92,False,-1,True,True,0.0,0.3,-0.0,False,False,0.348,0.0,114.716,1202,77.39,,,,,0,False,False,0.0,False,6.46,6.16,20.0,
67.15,27571,328.393,-823.197,-0.009,6.138,30.0,1202,-1,71.23,False,-1,True,True,0.0,0.3,-0.0,False,False,0.232,-0.001,114.727,1202,77.39,,,,,0,False,False,0.0,False,6.15,6.16,20.0,
67.2,27572,328.266,-822.922,-0.008,6.028,30.0,1202,-1,71.53,False,-1,True,True,0.0,0.3,-0.001,False,False,0.113,-0.0,114.699,1202,77.39,,,,,0,False,False,0.0,False,5.85,6.07,20.0,
67.25,27573,328.144,-822.656,-0.007,5.781,30.0,1202,-1,71.82,False,-1,True,True,0.0,0.3,0.002,False,False,-0.003,-0.004,114.724,1202,81.36,,,,,0,False,False,0.0,False,9.53,6.01,20.0,
67.3,27574,328.025,-822.398,-0.006,5.642,30.0,1202,-1,72.11,False,-1,True,True,0.0,0.3,-0.002,False,False,-0.094,-0.001,114.697,1202,81.36,,,,,0,False,False,0.0,False,9.24,5.89,20.0,
67.35,27575,327.911,-822.15,-0.006,5.372,30.0,1202,-1,72.38,False,-1,True,True,0.0,0.3,0.002,False,False,-0.172,-0.003,114.723,1202,81.36,,,,,0,False,False,0.0,False,8.97,5.82,20.0,
67.4,27576,327.8,-821.91,-0.005,5.26,30.0,1202,-1,72.65,False,-1,True,True,0.624,0.0,-0.002,False,False,-0.219,0.0,114.695,1202,81.36,,,,,0,False,False,0.0,False,8.71,5.69,20.0,
67.45,27577,327.693,-821.676,-0.005,5.057,30.0,1202,-1,72.9,False,-1,True,True,0.75,0.0,0.002,False,False,-0.24,-0.001,114.73,1202,81.36,,,,,0,False,False,0.0,False,8.45,5.63,20.0,
67.5,27578,327.587,-821.446,-0.005,5.1,30.0,1202,-1,73.16,False,-1,True,True,0.75,0.0,-0.003,False,False,-0.211,0.003,114.714,1202,81.36,,,,,0,False,False,0.0,False,8.19,5.53,20.0,
67.55,27579,327.481,-821.215,-0.006,5.025,30.0,1202,-1,73.41,False,-1,True,True,0.75,0.0,0.001,False,False,-0.159,0.002,114.747,1202,81.36,,,,,0,False,False,0.0,False,7.94,5.55,20.0,
67.6,27580,327.378,-820.99,-0.006,4.779,30.0,1202,-1,73.66,False,-1,True,True,0.75,0.0,-0.003,False,False,-0.148,0.004,114.724,1202,81.36,,,,,0,False,False,0.0,False,7.69,5.51,20.0,
67.65,27581,327.283,-820.785,-0.005,4.415,30.0,1202,-1,73.88,False,-1,True,True,0.75,0.0,0.001,False,False,-0.238,0.001,114.703,1202,81.36,,,,,0,False,False,0.0,False,7.47,5.39,20.0,
67.7,27582,327.194,-820.591,-0.005,4.192,30.0,1202,-1,74.1,False,-1,True,True,0.75,0.0,0.002,False,False,-0.309,-0.003,114.702,1202,81.36,,,,,0,False,False,0.0,False,7.25,5.21,20.0,
67.75,27583,327.108,-820.404,-0.005,4.083,30.0,1202,-1,74.3,False,-1,True,True,0.75,0.0,0.0,False,False,-0.322,-0.003,114.704,1202,81.36,,,,,0,False,False,0.0,False,7.05,5.1,20.0,
67.8,27584,327.023,-820.219,-0.005,4.055,30.0,1202,-1,74.51,False,-1,True,True,0.75,0.0,-0.0,False,False,-0.281,-0.002,114.705,1202,81.36,,,,,0,False,False,0.0,False,6.85,5.04,20.0,
67.85,27585,326.938,-820.034,-0.006,4.079,30.0,1202,-1,74.71,False,-1,True,True,0.75,0.0,0.0,False,False,-0.206,-0.001,114.705,1202,81.36,,,,,0,False,False,0.0,False,6.64,5.03,20.0,
67.9,27586,326.851,-819.847,-0.006,4.136,30.0,1202,-1,74.92,False,-1,True,True,0.75,0.0,0.0,False,False,-0.117,-0.0,114.705,1202,81.36,,,,,0,False,False,0.0,False,6.43,5.04,20.0,
67.95,27587,326.764,-819.656,-0.007,4.212,30.0,1202,-1,75.13,False,-1,True,True,0.75,0.0,0.0,False,False,-0.031,-0.0,114.706,1202,81.36,,,,,0,False,False,0.0,False,6.22,5.07,20.0,
68.0,27588,326.674,-819.462,-0.008,4.3,30.0,1202,-1,75.34,False,-1,True,True,0.75,0.0,0.0,False,False,0.045,-0.0,114.706,1202,81.36,,,,,0,False,False,0.0,False,6.01,5.11,20.0,
68.05,27589,326.583,-819.263,-0.008,4.396,30.0,1202,-1,75.56,False,-1,True,True,0.75,0.0,0.0,False,False,0.107,-0.0,114.706,1202,81.36,,,,,0,False,False,0.0,False,5.79,5.15,20.0,
68.1,27590,326.49,-819.061,-0.009,4.496,30.0,1202,-1,75.78,False,-1,True,True,0.75,0.0,-0.0,False,False,0.155,0.0,114.706,1202,81.36,,,,,0,False,False,0.0,False,5.57,5.2,20.0,
68.15,27591,326.394,-818.853,-0.009,4.599,30.0,1202,-1,76.01,False,-1,True,True,0.75,0.0,0.0,False,False,0.191,0.0,114.707,1202,81.36,,,,,0,False,False,0.0,False,5.34,5.25,20.0,
68.2,27592,326.297,-818.641,-0.009,4.703,30.0,1202,-1,76.24,False,-1,True,True,0.75,0.0,0.0,False,False,0.216,0.0,114.707,1202,81.36,,,,,0,False,False,0.0,False,5.11,5.3,20.0,
68.25,27593,326.197,-818.425,-0.009,4.807,30.0,1202,-1,76.48,False,-1,True,True,0.75,0.0,0.0,False,False,0.234,0.0,114.707,1202,85.32,,,,,0,False,False,0.0,False,8.84,5.35,20.0,
68.3,27594,326.095,-818.203,-0.009,4.912,30.0,1202,-1,76.73,False,-1,True,True,0.75,0.0,0.0,False,False,0.246,-0.0,114.707,1202,85.32,,,,,0,False,False,0.0,False,8.59,5.4,20.0,
68.35,27595,325.991,-817.977,-0.009,5.016,30.0,1202,-1,76.97,False,-1,True,True,0.75,0.0,-0.0,False,False,0.253,0.0,114.707,1202,85.32,,,,,0,False,False,0.0,False,8.35,5.46,20.0,
68.4,27596,325.885,-817.747,-0.009,5.12,30.0,1202,-1,77.23,False,-1,True,True,0.75,0.0,0.0,False,False,0.258,0.0,114.707,1202,85.32,,,,,0,False,False,0.0,False,8.09,5.51,20.0,
68.45,27597,325.777,-817.512,-0.009,5.18,30.0,1202,-1,77.49,False,-1,True,True,0.75,0.0,0.0,False,False,0.257,-0.0,114.707,1202,85.32,,,,,0,False,False,0.0,False,7.83,5.56,20.0,
68.5,27598,325.666,-817.271,-0.009,5.357,30.0,1202,-1,77.75,False,-1,True,True,0.75,0.0,-0.0,False,False,0.261,0.0,114.71,1202,85.32,,,,,0,False,False,0.0,False,7.57,5.59,20.0,
68.55,27599,325.555,-817.029,-0.009,5.302,30.0,1202,-1,78.02,False,-1,True,True,0.75,0.0,-0.0,False,False,0.24,0.0,114.693,1202,85.32,,,,,0,False,False,0.0,False,7.3,5.68,20.0,
68.6,27600,325.444,-816.787,-0.009,5.356,30.0,1202,-1,78.28,False,-1,True,True,0.75,0.0,0.002,False,False,0.202,-0.003,114.719,1202,85.32,,,,,0,False,False,0.0,False,7.04,5.65,20.0,
68.65,27601,325.332,-816.546,-0.008,5.288,30.0,1202,-1,78.55,False,-1,True,True,0.75,0.0,-0.002,False,False,0.158,0.001,114.684,1202,85.32,,,,,0,False,False,0.0,False,6.77,5.68,20.0,
68.7,27602,325.221,-816.304,-0.008,5.374,30.0,1202,-1,78.82,False,-1,True,True,0.75,0.0,0.003,False,False,0.135,-0.003,114.707,1202,85.32,,,,,0,False,False,0.0,False,6.5,5.64,20.0,
68.75,27603,325.109,-816.062,-0.008,5.31,30.0,1202,-1,79.08,False,-1,True,True,0.687,0.0,-0.002,False,False,0.115,0.0,114.677,1202,85.32,,,,,0,False,False,0.0,False,6.24,5.69,20.0,
68.8,27604,324.998,-815.819,-0.008,5.377,30.0,1202,-1,79.35,False,-1,True,True,0.75,0.0,0.003,False,False,0.103,-0.003,114.707,1202,85.32,,,,,0,False,False,0.0,False,5.97,5.66,20.0,
68.85,27605,324.885,-815.575,-0.008,5.456,30.0,1202,-1,79.62,False,-1,True,True,0.668,0.0,-0.002,False,False,0.105,0.002,114.705,1202,85.32,,,,,0,False,False,0.0,False,5.7,5.69,20.0,
68.9,27606,324.764,-815.311,-0.009,5.969,30.0,1202,-1,79.91,False,-1,True,True,0.381,0.0,0.0,False,False,0.242,0.002,114.728,1202,89.29,,,,,0,False,False,0.0,False,9.38,5.73,20.0,
68.95,27607,324.636,-815.033,-0.01,6.171,30.0,1202,-1,80.22,False,-1,True,True,0.0,0.3,-0.002,False,False,0.364,0.005,114.731,1202,89.29,,,,,0,False,False,0.0,False,9.07,5.98,20.0,
69.0,27608,324.505,-814.747,-0.011,6.323,30.0,1202,-1,80.53,False,-1,True,True,0.0,0.3,-0.001,False,False,0.404,0.004,114.726,1202,89.29,,,,,0,False,False,0.0,False,8.76,6.09,20.0,
69.05,27609,324.375,-814.463,-0.01,6.218,30.0,1202,-1,80.84,False,-1,True,True,0.0,0.3,-0.0,False,False,0.35,0.001,114.723,1202,89.29,,,,,0,False,False,0.0,False,8.45,6.16,20.0,
69.1,27610,324.245,-814.182,-0.009,6.168,30.0,1202,-1,81.15,False,-1,True,True,0.0,0.3,-0.0,False,False,0.254,-0.001,114.712,1202,89.29,,,,,0,False,False,0.0,False,8.14,6.11,20.0,
69.15,27611,324.12,-813.909,-0.008,5.945,30.0,1202,-1,81.45,False,-1,True,True,0.0,0.3,0.001,False,False,0.132,-0.003,114.733,1202,89.29,,,,,0,False,False,0.0,False,7.84,6.08,20.0,
69.2,27612,323.997,-813.644,-0.007,5.822,30.0,1202,-1,81.74,False,-1,True,True,0.0,0.3,-0.002,False,False,0.022,-0.0,114.703,1202,89.29,,,,,0,False,False,0.0,False,7.54,5.97,20.0,
69.25,27613,323.879,-813.387,-0.006,5.564,30.0,1202,-1,82.03,False,-1,True,True,0.0,0.3,0.002,False,False,-0.078,-0.004,114.729,1202,89.29,,,,,0,False,False,0.0,False,7.26,5.91,20.0,
69.3,27614,323.764,-813.138,-0.006,5.449,30.0,1202,-1,82.3,False,-1,True,True,0.0,0.062,-0.002,False,False,-0.148,-0.0,114.701,1202,89.29,,,,,0,False,False,0.0,False,6.99,5.78,20.0,
69.35,27615,323.654,-812.897,-0.005,5.23,30.0,1202,-1,82.57,False,-1,True,True,0.351,0.0,0.002,False,False,-0.194,-0.002,114.734,1202,89.29,,,,,0,False,False,0.0,False,6.72,5.72,20.0,
69.4,27616,323.545,-812.662,-0.005,5.161,30.0,1202,-1,82.83,False,-1,True,True,0.75,0.0,-0.003,False,False,-0.209,0.003,114.712,1202,89.29,,,,,0,False,False,0.0,False,6.46,5.61,20.0,
69.45,27617,323.44,-812.432,-0.005,5.002,30.0,1202,-1,83.08,False,-1,True,True,0.75,0.0,0.001,False,False,-0.209,0.001,114.75,1202,89.29,,,,,0,False,False,0.0,False,6.21,5.58,20.0,
69.5,27618,323.334,-812.202,-0.006,5.074,30.0,1202,-1,83.33,False,-1,True,True,0.75,0.0,-0.004,False,False,-0.162,0.005,114.727,1202,89.29,,,,,0,False,False,0.0,False,5.96,5.5,20.0,
69.55,27619,323.229,-811.973,-0.006,5.055,30.0,1202,-1,83.58,False,-1,True,True,0.75,0.0,0.001,False,False,-0.108,0.001,114.756,1202,89.29,,,,,0,False,False,0.0,False,5.7,5.54,20.0,
69.6,27620,323.13,-811.756,-0.006,4.619,30.0,1202,-1,83.82,False,-1,True,True,0.75,0.0,-0.003,False,False,-0.156,0.001,114.749,1202,89.29,,,,,0,False,False,0.0,False,5.47,5.53,20.0,
69.65,27621,323.037,-811.555,-0.005,4.345,30.0,1202,-1,84.04,False,-1,True,True,0.75,0.0,-0.001,False,False,-0.241,-0.0,114.742,1202,89.29,,,,,0,False,False,0.0,False,5.24,5.31,20.0,
69.7,27622,322.948,-811.363,-0.005,4.195,30.0,1202,-1,84.26,False,-1,True,True,0.75,0.0,-0.0,False,False,-0.285,-0.002,114.738,1202,89.29,,,,,0,False,False,0.0,False,5.03,5.17,20.0,
69.75,27623,322.861,-811.174,-0.005,4.138,30.0,1202,-1,84.46,False,-1,True,True,0.75,0.0,-0.001,False,False,-0.272,-0.001,114.734,1202,93.26,,,,,0,False,False,0.0,False,8.79,5.1,20.0,
69.8,27624,322.775,-810.985,-0.005,4.143,30.0,1202,-1,84.67,False,-1,True,True,0.75,0.0,-0.001,False,False,-0.216,-0.001,114.731,1202,93.26,,,,,0,False,False,0.0,False,8.59,5.07,20.0,
69.85,27625,322.687,-810.795,-0.006,4.188,30.0,1202,-1,84.88,False,-1,True,True,0.75,0.0,-0.0,False,False,-0.138,-0.001,114.728,1202,93.26,,,,,0,False,False,0.0,False,8.38,5.07,20.0,
69.9,27626,322.599,-810.603,-0.007,4.256,30.0,1202,-1,85.09,False,-1,True,True,0.75,0.0,-0.0,False,False,-0.056,-0.001,114.726,1202,93.26,,,,,0,False,False,0.0,False,8.17,5.09,20.0,
69.95,27627,322.508,-810.407,-0.007,4.339,30.0,1202,-1,85.31,False,-1,True,True,0.75,0.0,-0.0,False,False,0.021,-0.001,114.724,1202,93.26,,,,,0,False,False,0.0,False,7.95,5.13,20.0,
70.0,27628,322.416,-810.206,-0.008,4.431,30.0,1202,-1,85.53,False,-1,True,True,0.75,0.0,-0.0,False,False,0.086,-0.001,114.722,1202,93.26,,,,,0,False,False,0.0,False,7.73,5.17,20.0,
70.05,27629,322.322,-810.002,-0.008,4.529,30.0,1202,-1,85.75,False,-1,True,True,0.75,0.0,-0.0,False,False,0.138,-0.001,114.721,1202,93.26,,,,,0,False,False,0.0,False,7.5,5.22,20.0,
70.1,27630,322.226,-809.793,-0.009,4.63,30.0,1202,-1,85.98,False,-1,True,True,0.75,0.0,-0.0,False,False,0.177,-0.0,114.719,1202,93.26,,,,,0,False,False,0.0,False,7.27,5.26,20.0,
70.15,27631,322.128,-809.58,-0.009,4.733,30.0,1202,-1,86.22,False,-1,True,True,0.75,0.0,-0.0,False,False,0.206,-0.0,114.718,1202,93.26,,,,,0,False,False,0.0,False,7.04,5.31,20.0,
70.2,27632,322.028,-809.362,-0.009,4.836,30.0,1202,-1,86.46,False,-1,True,True,0.75,0.0,-0.0,False,False,0.227,-0.0,114.717,1202,93.26,,,,,0,False,False,0.0,False,6.8,5.37,20.0,
70.25,27633,321.925,-809.139,-0.009,4.94,30.0,1202,-1,86.7,False,-1,True,True,0.75,0.0,-0.0,False,False,0.24,-0.0,114.716,1202,93.26,,,,,0,False,False,0.0,False,6.55,5.42,20.0,
70.3,27634,321.821,-808.912,-0.009,5.044,30.0,1202,-1,86.95,False,-1,True,True,0.75,0.0,-0.0,False,False,0.25,-0.0,114.716,1202,93.26,,,,,0,False,False,0.0,False,6.3,5.47,20.0,
70.35,27635,321.714,-808.68,-0.009,5.154,30.0,1202,-1,87.21,False,-1,True,True,0.75,0.0,-0.0,False,False,0.256,-0.0,114.715,1202,93.26,,,,,0,False,False,0.0,False,6.05,5.52,20.0,
70.4,27636,321.605,-808.444,-0.009,5.207,30.0,1202,-1,87.47,False,-1,True,True,0.75,0.0,-0.0,False,False,0.255,0.0,114.714,1202,93.26,,,,,0,False,False,0.0,False,5.79,5.58,20.0,
70.45,27637,321.494,-808.202,-0.009,5.386,30.0,1202,-1,87.73,False,-1,True,True,0.75,0.0,0.0,False,False,0.26,-0.0,114.715,1202,93.26,,,,,0,False,False,0.0,False,5.52,5.6,20.0,
70.5,27638,321.381,-807.958,-0.009,5.391,30.0,1202,-1,88.0,False,-1,True,True,0.672,0.0,-0.0,False,False,0.253,0.0,114.702,1202,97.23,,,,,0,False,False,0.0,False,9.22,5.69,20.0,
70.55,27639,321.268,-807.712,-0.009,5.433,30.0,1202,-1,88.27,False,-1,True,True,0.646,0.0,0.001,False,False,0.222,-0.002,114.726,1202,97.23,,,,,0,False,False,0.0,False,8.95,5.7,20.0,
70.6,27640,321.156,-807.468,-0.008,5.335,30.0,1202,-1,88.54,False,-1,True,True,0.484,0.0,-0.002,False,False,0.169,0.002,114.69,1202,97.23,,,,,0,False,False,0.0,False,8.68,5.72,20.0,
70.65,27641,321.044,-807.225,-0.008,5.368,30.0,1202,-1,88.81,False,-1,True,True,0.484,0.0,-0.002,False,False,0.126,0.006,114.699,1202,97.23,,,,,0,False,False,0.0,False,8.42,5.67,20.0,
70.7,27642,320.934,-806.984,-0.008,5.263,30.0,1202,-1,89.08,False,-1,True,True,0.705,0.0,-0.0,False,False,0.083,0.005,114.656,1202,97.23,,,,,0,False,False,0.0,False,8.15,5.68,20.0,
70.75,27643,320.823,-806.744,-0.008,5.311,30.0,1202,-1,89.34,False,-1,True,True,0.75,0.0,0.005,False,False,0.061,-0.004,114.683,1202,97.23,,,,,0,False,False,0.0,False,7.89,5.63,20.0,
70.8,27644,320.713,-806.505,-0.007,5.238,30.0,1202,-1,89.6,False,-1,True,True,0.75,0.0,-0.001,False,False,0.046,-0.003,114.655,1202,97.23,,,,,0,False,False,0.0,False,7.62,5.66,20.0,
70.85,27645,320.602,-806.265,-0.008,5.321,30.0,1202,-1,89.87,False,-1,True,True,0.75,0.0,0.004,False,False,0.052,-0.005,114.684,1202,97.23,,,,,0,False,False,0.0,False,7.36,5.62,20.0,
70.9,27646,320.491,-806.025,-0.008,5.27,30.0,1202,-1,90.13,False,-1,True,True,0.75,0.0,-0.001,False,False,0.058,-0.001,114.656,1202,97.23,,,,,0,False,False,0.0,False,7.09,5.66,20.0,
70.95,27647,320.381,-805.784,-0.008,5.336,30.0,1202,-1,90.4,False,-1,True,True,0.75,0.0,0.004,False,False,0.067,-0.003,114.691,1202,97.23,,,,,0,False,False,0.0,False,6.83,5.63,20.0,
71.0,27648,320.27,-805.544,-0.008,5.262,30.0,1202,-1,90.66,False,-1,True,True,0.75,0.0,-0.002,False,False,0.063,0.001,114.667,1202,97.23,,,,,0,False,False,0.0,False,6.57,5.67,20.0,
71.05,27649,320.154,-805.29,-0.009,5.778,30.0,1202,-1,90.94,False,-1,True,True,0.75,0.0,0.003,False,False,0.167,-0.002,114.718,1202,97.23,,,,,0,False,False,0.0,False,6.29,5.63,20.0,
71.1,27650,320.028,-805.017,-0.01,6.082,30.0,1202,-1,91.24,False,-1,True,True,0.0,0.3,-0.004,False,False,0.322,0.005,114.729,1202,97.23,,,,,0,False,False,0.0,False,5.99,5.89,20.0,
71.15,27651,319.897,-804.732,-0.011,6.353,30.0,1202,-1,91.55,False,-1,True,True,0.0,0.3,-0.001,False,False,0.42,0.007,114.723,1202,101.2,,,,,0,False,False,0.0,False,9.64,6.04,20.0,
71.2,27652,319.765,-804.444,-0.011,6.333,30.0,1202,-1,91.87,False,-1,True,True,0.0,0.3,0.0,False,False,0.416,0.003,114.719,1202,101.2,,,,,0,False,False,0.0,False,9.32,6.18,20.0,
71.25,27653,319.632,-804.156,-0.01,6.337,30.0,1202,-1,92.19,False,-1,True,True,0.0,0.3,0.0,False,False,0.346,0.0,114.717,1202,101.2,,,,,0,False,False,0.0,False,9.01,6.17,20.0,
71.3,27654,319.503,-803.874,-0.009,6.146,30.0,1202,-1,92.5,False,-1,True,True,0.0,0.3,0.0,False,False,0.23,-0.002,114.728,1202,101.2,,,,,0,False,False,0.0,False,8.7,6.17,20.0,
71.35,27655,319.376,-803.599,-0.008,6.036,30.0,1202,-1,92.8,False,-1,True,True,0.0,0.3,-0.001,False,False,0.111,-0.0,114.7,1202,101.2,,,,,0,False,False,0.0,False,8.39,6.07,20.0,
71.4,27656,319.253,-803.333,-0.007,5.788,30.0,1202,-1,93.09,False,-1,True,True,0.0,0.3,0.002,False,False,-0.005,-0.004,114.726,1202,101.2,,,,,0,False,False,0.0,False,8.1,6.02,20.0,
71.45,27657,319.134,-803.074,-0.006,5.649,30.0,1202,-1,93.38,False,-1,True,True,0.0,0.3,-0.002,False,False,-0.095,-0.001,114.699,1202,101.2,,,,,0,False,False,0.0,False,7.82,5.89,20.0,
71.5,27658,319.02,-802.826,-0.006,5.379,30.0,1202,-1,93.65,False,-1,True,True,0.0,0.3,0.002,False,False,-0.173,-0.003,114.726,1202,101.2,,,,,0,False,False,0.0,False,7.54,5.82,20.0,
71.55,27659,318.909,-802.585,-0.005,5.267,30.0,1202,-1,93.92,False,-1,True,True,0.597,0.0,-0.002,False,False,-0.219,0.0,114.698,1202,101.2,,,,,0,False,False,0.0,False,7.28,5.69,20.0,
71.6,27660,318.802,-802.352,-0.005,5.064,30.0,1202,-1,94.17,False,-1,True,True,0.75,0.0,0.002,False,False,-0.24,-0.001,114.732,1202,101.2,,,,,0,False,False,0.0,False,7.02,5.63,20.0,
71.65,27661,318.696,-802.121,-0.005,5.107,30.0,1202,-1,94.43,False,-1,True,True,0.75,0.0,-0.003,False,False,-0.212,0.004,114.716,1202,101.2,,,,,0,False,False,0.0,False,6.77,5.53,20.0,
71.7,27662,318.59,-801.89,-0.006,5.032,30.0,1202,-1,94.68,False,-1,True,True,0.75,0.0,0.001,False,False,-0.159,0.002,114.749,1202,101.2,,,,,0,False,False,0.0,False,6.51,5.55,20.0,
71.75,27663,318.486,-801.665,-0.006,4.785,30.0,1202,-1,94.93,False,-1,True,True,0.75,0.0,-0.003,False,False,-0.148,0.004,114.727,1202,101.2,,,,,0,False,False,0.0,False,6.26,5.52,20.0,
71.8,27664,318.391,-801.459,-0.005,4.421,30.0,1202,-1,95.16,False,-1,True,True,0.75,0.0,0.001,False,False,-0.238,0.001,114.705,1202,101.2,,,,,0,False,False,0.0,False,6.04,5.39,20.0,
71.85,27665,318.302,-801.265,-0.005,4.198,30.0,1202,-1,95.37,False,-1,True,True,0.75,0.0,0.002,False,False,-0.309,-0.003,114.705,1202,101.2,,,,,0,False,False,0.0,False,5.82,5.21,20.0,
71.9,27666,318.216,-801.078,-0.005,4.088,30.0,1202,-1,95.58,False,-1,True,True,0.75,0.0,0.0,False,False,-0.322,-0.003,114.707,1202,101.2,,,,,0,False,False,0.0,False,5.62,5.1,20.0,
71.95,27667,318.131,-800.893,-0.005,4.06,30.0,1202,-1,95.78,False,-1,True,True,0.75,0.0,-0.0,False,False,-0.281,-0.002,114.707,1202,101.2,,,,,0,False,False,0.0,False,5.41,5.04,20.0,
72.0,27668,318.045,-800.707,-0.006,4.084,30.0,1202,-1,95.98,False,-1,True,True,0.75,0.0,0.0,False,False,-0.206,-0.001,114.708,1202,101.2,,,,,0,False,False,0.0,False,5.21,5.03,20.0,
72.05,27669,317.959,-800.52,-0.006,4.14,30.0,1202,-1,96.19,False,-1,True,True,0.75,0.0,0.0,False,False,-0.118,-0.0,114.708,1202,101.2,,,,,0,False,False,0.0,False,5.0,5.04,20.0,
72.1,27670,317.871,-800.329,-0.007,4.216,30.0,1202,-1,96.4,False,-1,True,True,0.75,0.0,-0.0,False,False,-0.032,0.0,114.708,1202,105.17,,,,,0,False,False,0.0,False,8.76,5.07,20.0,
72.15,27671,317.782,-800.135,-0.008,4.304,30.0,1202,-1,96.62,False,-1,True,True,0.75,0.0,0.0,False,False,0.044,0.0,114.708,1202,105.17,,,,,0,False,False,0.0,False,8.55,5.11,20.0,
72.2,27672,317.69,-799.936,-0.008,4.4,30.0,1202,-1,96.83,False,-1,True,True,0.75,0.0,0.0,False,False,0.106,0.0,114.708,1202,105.17,,,,,0,False,False,0.0,False,8.33,5.15,20.0,
72.25,27673,317.597,-799.733,-0.009,4.5,30.0,1202,-1,97.06,False,-1,True,True,0.75,0.0,0.0,False,False,0.155,0.0,114.708,1202,105.17,,,,,0,False,False,0.0,False,8.11,5.2,20.0,
72.3,27674,317.501,-799.525,-0.009,4.603,30.0,1202,-1,97.29,False,-1,True,True,0.75,0.0,-0.0,False,False,0.191,0.0,114.709,1202,105.17,,,,,0,False,False,0.0,False,7.88,5.25,20.0,
72.35,27675,317.404,-799.313,-0.009,4.707,30.0,1202,-1,97.52,False,-1,True,True,0.75,0.0,0.0,False,False,0.216,0.0,114.709,1202,105.17,,,,,0,False,False,0.0,False,7.64,5.3,20.0,
72.4,27676,317.304,-799.097,-0.009,4.811,30.0,1202,-1,97.76,False,-1,True,True,0.75,0.0,0.0,False,False,0.234,0.0,114.709,1202,105.17,,,,,0,False,False,0.0,False,7.41,5.35,20.0,
72.45,27677,317.202,-798.875,-0.009,4.916,30.0,1202,-1,98.0,False,-1,True,True,0.75,0.0,0.0,False,False,0.246,0.0,114.709,1202,105.17,,,,,0,False,False,0.0,False,7.16,5.41,20.0,
72.5,27678,317.098,-798.649,-0.009,5.02,30.0,1202,-1,98.25,False,-1,True,True,0.75,0.0,0.0,False,False,0.253,0.0,114.709,1202,105.17,,,,,0,False,False,0.0,False,6.91,5.46,20.0,
72.55,27679,316.992,-798.418,-0.009,5.124,30.0,1202,-1,98.5,False,-1,True,True,0.75,0.0,0.0,False,False,0.258,-0.0,114.709,1202,105.17,,,,,0,False,False,0.0,False,6.66,5.51,20.0,
72.6,27680,316.884,-798.183,-0.009,5.184,30.0,1202,-1,98.76,False,-1,True,True,0.75,0.0,-0.0,False,False,0.257,0.0,114.709,1202,105.17,,,,,0,False,False,0.0,False,6.4,5.56,20.0,
72.65,27681,316.773,-797.942,-0.009,5.361,30.0,1202,-1,99.03,False,-1,True,True,0.75,0.0,0.0,False,False,0.261,-0.0,114.711,1202,105.17,,,,,0,False,False,0.0,False,6.14,5.59,20.0,
72.7,27682,316.661,-797.699,-0.009,5.33,30.0,1202,-1,99.3,False,-1,True,True,0.75,0.0,-0.0,False,False,0.246,0.0,114.695,1202,105.17,,,,,0,False,False,0.0,False,5.87,5.68,20.0,
72.75,27683,316.549,-797.456,-0.009,5.381,30.0,1202,-1,99.56,False,-1,True,True,0.75,0.0,0.001,False,False,0.21,-0.002,114.72,1202,105.17,,,,,0,False,False,0.0,False,5.6,5.66,20.0,
72.8,27684,316.438,-797.214,-0.008,5.308,30.0,1202,-1,99.83,False,-1,True,True,0.673,0.0,-0.002,False,False,0.164,0.002,114.684,1202,109.14,,,,,0,False,False,0.0,False,9.3,5.69,20.0,
72.85,27685,316.326,-796.972,-0.008,5.384,30.0,1202,-1,100.1,False,-1,True,True,0.75,0.0,0.003,False,False,0.137,-0.003,114.707,1202,109.14,,,,,0,False,False,0.0,False,9.03,5.65,20.0,
72.9,27686,316.214,-796.729,-0.008,5.333,30.0,1202,-1,100.36,False,-1,True,True,0.651,0.0,-0.002,False,False,0.115,0.0,114.675,1202,109.14,,,,,0,False,False,0.0,False,8.77,5.69,20.0,
72.95,27687,316.101,-796.484,-0.008,5.412,30.0,1202,-1,100.63,False,-1,True,True,0.75,0.0,0.003,False,False,0.109,-0.003,114.701,1202,109.14,,,,,0,False,False,0.0,False,8.5,5.67,20.0,
73.0,27688,315.989,-796.241,-0.008,5.339,30.0,1202,-1,100.9,False,-1,True,True,0.543,0.0,-0.002,False,False,0.093,0.001,114.675,1202,109.14,,,,,0,False,False,0.0,False,8.23,5.71,20.0,
73.05,27689,315.877,-795.996,-0.008,5.45,30.0,1202,-1,101.17,False,-1,True,True,0.75,0.0,0.003,False,False,0.091,-0.002,114.7,1202,109.14,,,,,0,False,False,0.0,False,7.96,5.67,20.0,
73.1,27690,315.757,-795.736,-0.009,5.849,30.0,1202,-1,101.46,False,-1,True,True,0.4,0.0,-0.002,False,False,0.204,0.002,114.725,1202,109.14,,,,,0,False,False,0.0,False,7.67,5.72,20.0,
73.15,27691,315.63,-795.458,-0.01,6.22,30.0,1202,-1,101.77,False,-1,True,True,0.0,0.3,-0.002,False,False,0.344,0.007,114.727,1202,109.14,,,,,0,False,False,0.0,False,7.37,5.92,20.0,
73.2,27692,315.499,-795.174,-0.011,6.254,30.0,1202,-1,102.08,False,-1,True,True,0.0,0.3,-0.001,False,False,0.391,0.005,114.723,1202,109.14,,,,,0,False,False,0.0,False,7.06,6.11,20.0,
73.25,27693,315.368,-794.888,-0.01,6.298,30.0,1202,-1,102.39,False,-1,True,True,0.0,0.3,-0.0,False,False,0.357,0.002,114.719,1202,109.14,,,,,0,False,False,0.0,False,6.74,6.13,20.0,
73.3,27694,315.238,-794.607,-0.009,6.128,30.0,1202,-1,102.7,False,-1,True,True,0.0,0.3,-0.0,False,False,0.261,-0.001,114.729,1202,109.14,,,,,0,False,False,0.0,False,6.43,6.15,20.0,
73.35,27695,315.112,-794.333,-0.008,6.03,30.0,1202,-1,103.01,False,-1,True,True,0.0,0.3,-0.001,False,False,0.148,0.0,114.701,1202,109.14,,,,,0,False,False,0.0,False,6.13,6.06,20.0,
73.4,27696,314.989,-794.066,-0.007,5.789,30.0,1202,-1,103.3,False,-1,True,True,0.0,0.3,0.002,False,False,0.031,-0.004,114.726,1202,109.14,,,,,0,False,False,0.0,False,5.84,6.01,20.0,
73.45,27697,314.87,-793.808,-0.006,5.655,30.0,1202,-1,103.58,False,-1,True,True,0.0,0.3,-0.002,False,False,-0.065,-0.001,114.698,1202,113.1,,,,,0,False,False,0.0,False,9.52,5.89,20.0,
73.5,27698,314.756,-793.558,-0.006,5.389,30.0,1202,-1,103.86,False,-1,True,True,0.0,0.3,0.002,False,False,-0.148,-0.004,114.725,1202,113.1,,,,,0,False,False,0.0,False,9.25,5.83,20.0,
73.55,27699,314.645,-793.318,-0.005,5.28,30.0,1202,-1,104.12,False,-1,True,True,0.567,0.0,-0.002,False,False,-0.199,0.0,114.696,1202,113.1,,,,,0,False,False,0.0,False,8.98,5.69,20.0,
73.6,27700,314.537,-793.083,-0.005,5.079,30.0,1202,-1,104.38,False,-1,True,True,0.75,0.0,0.002,False,False,-0.225,-0.001,114.731,1202,113.1,,,,,0,False,False,0.0,False,8.72,5.64,20.0,
73.65,27701,314.432,-792.854,-0.005,5.036,30.0,1202,-1,104.63,False,-1,True,True,0.75,0.0,-0.003,False,False,-0.218,0.003,114.737,1202,113.1,,,,,0,False,False,0.0,False,8.47,5.54,20.0,
73.7,27702,314.327,-792.626,-0.006,4.928,30.0,1202,-1,104.88,False,-1,True,True,0.75,0.0,-0.001,False,False,-0.178,0.004,114.737,1202,113.1,,,,,0,False,False,0.0,False,8.22,5.52,20.0,
73.75,27703,314.221,-792.396,-0.006,5.074,30.0,1202,-1,105.14,False,-1,True,True,0.75,0.0,-0.001,False,False,-0.112,0.003,114.735,1202,113.1,,,,,0,False,False,0.0,False,7.97,5.46,20.0,
73.8,27704,314.121,-792.179,-0.006,4.645,30.0,1202,-1,105.38,False,-1,True,True,0.75,0.0,-0.001,False,False,-0.148,0.001,114.727,1202,113.1,,,,,0,False,False,0.0,False,7.73,5.54,20.0,
73.85,27705,314.028,-791.977,-0.005,4.362,30.0,1202,-1,105.6,False,-1,True,True,0.75,0.0,-0.0,False,False,-0.231,-0.001,114.725,1202,113.1,,,,,0,False,False,0.0,False,7.51,5.32,20.0,
73.9,27706,313.939,-791.784,-0.005,4.205,30.0,1202,-1,105.81,False,-1,True,True,0.75,0.0,-0.0,False,False,-0.277,-0.001,114.723,1202,113.1,,,,,0,False,False,0.0,False,7.29,5.18,20.0,
73.95,27707,313.852,-791.594,-0.005,4.143,30.0,1202,-1,106.02,False,-1,True,True,0.75,0.0,-0.0,False,False,-0.269,-0.001,114.721,1202,113.1,,,,,0,False,False,0.0,False,7.08,5.1,20.0,
74.0,27708,313.766,-791.406,-0.005,4.145,30.0,1202,-1,106.23,False,-1,True,True,0.75,0.0,-0.0,False,False,-0.216,-0.001,114.72,1202,113.1,,,,,0,False,False,0.0,False,6.88,5.07,20.0,
74.05,27709,313.678,-791.216,-0.006,4.188,30.0,1202,-1,106.44,False,-1,True,True,0.75,0.0,-0.0,False,False,-0.14,-0.001,114.718,1202,113.1,,,,,0,False,False,0.0,False,6.67,5.07,20.0,
74.1,27710,313.59,-791.023,-0.007,4.255,30.0,1202,-1,106.65,False,-1,True,True,0.75,0.0,-0.0,False,False,-0.059,-0.001,114.717,1202,113.1,,,,,0,False,False,0.0,False,6.46,5.09,20.0,
74.15,27711,313.499,-790.827,-0.007,4.337,30.0,1202,-1,106.86,False,-1,True,True,0.75,0.0,-0.0,False,False,0.018,-0.001,114.716,1202,113.1,,,,,0,False,False,0.0,False,6.24,5.13,20.0,
74.2,27712,313.407,-790.627,-0.008,4.428,30.0,1202,-1,107.08,False,-1,True,True,0.75,0.0,-0.0,False,False,0.083,-0.0,114.715,1202,113.1,,,,,0,False,False,0.0,False,6.02,5.17,20.0,
74.25,27713,313.313,-790.423,-0.008,4.526,30.0,1202,-1,107.31,False,-1,True,True,0.75,0.0,-0.0,False,False,0.136,-0.0,114.714,1202,113.1,,,,,0,False,False,0.0,False,5.8,5.21,20.0,
74.3,27714,313.217,-790.214,-0.009,4.627,30.0,1202,-1,107.54,False,-1,True,True,0.75,0.0,-0.0,False,False,0.176,-0.0,114.714,1202,113.1,,,,,0,False,False,0.0,False,5.57,5.26,20.0,
74.35,27715,313.119,-790.001,-0.009,4.729,30.0,1202,-1,107.77,False,-1,True,True,0.75,0.0,-0.0,False,False,0.205,-0.0,114.713,1202,113.1,,,,,0,False,False,0.0,False,5.33,5.31,20.0,
74.4,27716,313.019,-789.783,-0.009,4.833,30.0,1202,-1,108.01,False,-1,True,True,0.75,0.0,-0.0,False,False,0.226,0.0,114.712,1202,117.07,,,,,0,False,False,0.0,False,9.06,5.36,20.0,
74.45,27717,312.917,-789.561,-0.009,4.937,30.0,1202,-1,108.26,False,-1,True,True,0.75,0.0,-0.0,False,False,0.24,0.0,114.712,1202,117.07,,,,,0,False,False,0.0,False,8.81,5.42,20.0,
74.5,27718,312.812,-789.334,-0.009,5.041,30.0,1202,-1,108.51,False,-1,True,True,0.75,0.0,-0.0,False,False,0.249,0.0,114.711,1202,117.07,,,,,0,False,False,0.0,False,8.56,5.47,20.0,
74.55,27719,312.705,-789.102,-0.009,5.141,30.0,1202,-1,108.76,False,-1,True,True,0.75,0.0,-0.0,False,False,0.255,0.0,114.711,1202,117.07,,,,,0,False,False,0.0,False,8.31,5.52,20.0,
74.6,27720,312.597,-788.865,-0.009,5.279,30.0,1202,-1,109.02,False,-1,True,True,0.75,0.0,-0.0,False,False,0.259,-0.0,114.711,1202,117.07,,,,,0,False,False,0.0,False,8.05,5.57,20.0,
74.65,27721,312.486,-788.625,-0.009,5.306,30.0,1202,-1,109.29,False,-1,True,True,0.75,0.0,-0.0,False,False,0.255,0.0,114.708,1202,117.07,,,,,0,False,False,0.0,False,7.78,5.64,20.0,
74.7,27722,312.374,-788.381,-0.009,5.407,30.0,1202,-1,109.56,False,-1,True,True,0.75,0.0,0.0,False,False,0.247,-0.001,114.722,1202,117.07,,,,,0,False,False,0.0,False,7.51,5.65,20.0,
74.75,27723,312.262,-788.138,-0.009,5.316,30.0,1202,-1,109.82,False,-1,True,True,0.586,0.0,-0.001,False,False,0.2,0.002,114.687,1202,117.07,,,,,0,False,False,0.0,False,7.25,5.7,20.0,
74.8,27724,312.15,-787.895,-0.008,5.37,30.0,1202,-1,110.09,False,-1,True,True,0.75,0.0,0.003,False,False,0.16,-0.003,114.712,1202,117.07,,,,,0,False,False,0.0,False,6.98,5.66,20.0,
74.85,27725,312.039,-787.654,-0.008,5.3,30.0,1202,-1,110.36,False,-1,True,True,0.704,0.0,-0.002,False,False,0.122,0.0,114.678,1202,117.07,,,,,0,False,False,0.0,False,6.71,5.69,20.0,
74.9,27726,311.927,-787.411,-0.008,5.382,30.0,1202,-1,110.62,False,-1,True,True,0.75,0.0,0.003,False,False,0.107,-0.003,114.702,1202,117.07,,,,,0,False,False,0.0,False,6.45,5.65,20.0,
74.95,27727,311.815,-787.168,-0.008,5.336,30.0,1202,-1,110.89,False,-1,True,True,0.651,0.0,-0.002,False,False,0.096,0.001,114.67,1202,117.07,,,,,0,False,False,0.0,False,6.18,5.69,20.0,
75.0,27728,311.702,-786.923,-0.008,5.412,30.0,1202,-1,111.16,False,-1,True,True,0.75,0.0,0.003,False,False,0.097,-0.002,114.695,1202,117.07,,,,,0,False,False,0.0,False,5.91,5.67,20.0,
75.05,27729,311.59,-786.68,-0.008,5.34,30.0,1202,-1,111.43,False,-1,True,True,0.536,0.0,-0.001,False,False,0.086,0.001,114.667,1202,117.07,,,,,0,False,False,0.0,False,5.64,5.71,20.0,
75.1,27730,311.476,-786.433,-0.008,5.56,30.0,1202,-1,111.7,False,-1,True,True,0.75,0.0,0.004,False,False,0.101,-0.004,114.676,1465,1.99,,,,,0,False,False,0.0,False,9.34,5.67,20.0,
75.15,27731,311.354,-786.169,-0.009,5.936,30.0,1202,-1,111.99,False,-1,True,True,0.002,0.0,0.001,False,False,0.235,-0.003,114.662,1465,1.99,,,,,0,False,False,0.0,False,9.05,5.78,20.0,
75.2,27732,311.225,-785.888,-0.01,6.278,30.0,1202,-1,112.3,False,-1,True,True,0.0,0.3,0.002,False,False,0.368,-0.003,114.665,1465,1.99,,,,,0,False,False,0.0,False,8.74,5.97,20.0,
75.25,27733,311.093,-785.602,-0.011,6.286,30.0,1202,-1,112.62,False,-1,True,True,0.0,0.3,0.001,False,False,0.399,-0.002,114.674,1465,1.99,,,,,0,False,False,0.0,False,8.43,6.14,20.0,
75.3,27734,310.961,-785.316,-0.01,6.311,30.0,1202,-1,112.93,False,-1,True,True,0.0,0.3,0.0,False,False,0.351,0.001,114.681,1465,1.99,,,,,0,False,False,0.0,False,8.11,6.14,20.0,
75.35,27735,310.832,-785.035,-0.009,6.132,30.0,1202,-1,113.24,False,-1,True,True,0.0,0.3,0.0,False,False,0.247,0.003,114.677,1465,1.99,,,,,0,False,False,0.0,False,7.8,6.16,20.0,
75.4,27736,310.706,-784.76,-0.008,6.03,30.0,1202,-1,113.54,False,-1,True,True,0.0,0.3,0.001,False,False,0.132,0.002,114.705,1465,1.99,,,,,0,False,False,0.0,False,7.5,6.07,20.0,
75.45,27737,310.583,-784.494,-0.007,5.785,30.0,1202,-1,113.84,False,-1,True,True,0.0,0.3,-0.002,False,False,0.016,0.006,114.681,1465,1.99,,,,,0,False,False,0.0,False,7.21,6.01,20.0,
75.5,27738,310.464,-784.235,-0.006,5.649,30.0,1202,-1,114.12,False,-1,True,True,0.0,0.3,0.003,False,False,-0.078,0.002,114.711,1465,1.99,,,,,0,False,False,0.0,False,6.92,5.89,20.0,
75.55,27739,310.35,-783.987,-0.006,5.381,30.0,1202,-1,114.39,False,-1,True,True,0.0,0.3,-0.002,False,False,-0.159,0.004,114.686,1465,1.99,,,,,0,False,False,0.0,False,6.65,5.82,20.0,
75.6,27740,310.239,-783.746,-0.005,5.27,30.0,1202,-1,114.66,False,-1,True,True,0.596,0.0,0.003,False,False,-0.208,0.0,114.716,1465,1.99,,,,,0,False,False,0.0,False,6.39,5.69,20.0,
75.65,27741,310.132,-783.513,-0.005,5.068,30.0,1202,-1,114.92,False,-1,True,True,0.75,0.0,-0.002,False,False,-0.232,0.002,114.682,1465,1.99,,,,,0,False,False,0.0,False,6.13,5.63,20.0,
75.7,27742,310.026,-783.283,-0.005,5.042,30.0,1202,-1,115.17,False,-1,True,True,0.75,0.0,0.003,False,False,-0.222,-0.003,114.68,1465,1.99,,,,,0,False,False,0.0,False,5.88,5.53,20.0,
75.75,27743,309.921,-783.055,-0.006,4.925,30.0,1202,-1,115.42,False,-1,True,True,0.75,0.0,0.001,False,False,-0.176,-0.003,114.687,1465,1.99,,,,,0,False,False,0.0,False,5.62,5.52,20.0,
75.8,27744,309.815,-782.825,-0.006,5.095,30.0,1202,-1,115.67,False,-1,True,True,0.75,0.0,0.0,False,False,-0.107,-0.001,114.696,1465,1.99,,,,,0,False,False,0.0,False,5.37,5.46,20.0,
75.85,27745,309.715,-782.609,-0.006,4.619,30.0,1202,-1,115.91,False,-1,True,True,0.75,0.0,0.016,False,False,-0.154,-0.018,114.703,1465,5.98,,,,,0,False,False,0.0,False,9.1,5.55,20.0,
75.9,27746,309.622,-782.409,-0.005,4.339,30.0,1202,-1,116.13,False,-1,True,True,0.75,0.0,0.005,False,False,-0.239,-0.02,114.732,1465,5.98,,,,,0,False,False,0.0,False,8.88,5.31,20.0,
75.95,27747,309.533,-782.217,-0.005,4.184,30.0,1202,-1,116.34,False,-1,True,True,0.75,0.0,0.002,False,False,-0.284,-0.012,114.751,1465,5.98,,,,,0,False,False,0.0,False,8.67,5.17,20.0,
76.0,27748,309.446,-782.029,-0.005,4.124,30.0,1202,-1,116.55,False,-1,True,True,0.75,0.0,0.002,False,False,-0.273,-0.006,114.765,1465,5.98,,,,,0,False,False,0.0,False,8.46,5.09,20.0,
76.05,27749,309.359,-781.841,-0.005,4.128,30.0,1202,-1,116.76,False,-1,True,True,0.75,0.0,0.002,False,False,-0.219,-0.003,114.777,1465,5.98,,,,,0,False,False,0.0,False,8.25,5.06,20.0,
76.1,27750,309.271,-781.653,-0.006,4.171,30.0,1202,-1,116.97,False,-1,True,True,0.75,0.0,0.002,False,False,-0.141,-0.001,114.788,1465,5.98,,,,,0,False,False,0.0,False,8.05,5.06,20.0,
76.15,27751,309.183,-781.461,-0.007,4.239,30.0,1202,-1,117.18,False,-1,True,True,0.75,0.0,0.002,False,False,-0.058,-0.0,114.798,1465,5.98,,,,,0,False,False,0.0,False,7.83,5.09,20.0,
76.2,27752,309.092,-781.266,-0.007,4.322,30.0,1202,-1,117.39,False,-1,True,True,0.75,0.0,0.001,False,False,0.019,0.0,114.807,1465,5.98,,,,,0,False,False,0.0,False,7.62,5.12,20.0,
76.25,27753,309.0,-781.067,-0.008,4.414,30.0,1202,-1,117.61,False,-1,True,True,0.75,0.0,0.001,False,False,0.084,0.0,114.815,1465,5.98,,,,,0,False,False,0.0,False,7.4,5.16,20.0,
76.3,27754,308.906,-780.863,-0.008,4.512,30.0,1202,-1,117.84,False,-1,True,True,0.75,0.0,0.001,False,False,0.136,0.0,114.821,1465,5.98,,,,,0,False,False,0.0,False,7.18,5.21,20.0,
76.35,27755,308.81,-780.655,-0.009,4.613,30.0,1202,-1,118.06,False,-1,True,True,0.75,0.0,0.001,False,False,0.176,0.0,114.827,1465,5.98,,,,,0,False,False,0.0,False,6.95,5.26,20.0,
76.4,27756,308.711,-780.443,-0.009,4.716,30.0,1202,-1,118.3,False,-1,True,True,0.75,0.0,0.001,False,False,0.206,0.0,114.832,1465,5.98,,,,,0,False,False,0.0,False,6.71,5.31,20.0,
76.45,27757,308.611,-780.226,-0.009,4.819,30.0,1202,-1,118.54,False,-1,True,True,0.75,0.0,0.001,False,False,0.226,0.0,114.837,1465,5.98,,,,,0,False,False,0.0,False,6.47,5.36,20.0,
76.5,27758,308.508,-780.005,-0.009,4.923,30.0,1202,-1,118.78,False,-1,True,True,0.75,0.0,0.001,False,False,0.24,0.0,114.84,1465,5.98,,,,,0,False,False,0.0,False,6.23,5.41,20.0,
76.55,27759,308.403,-779.778,-0.009,5.027,30.0,1202,-1,119.03,False,-1,True,True,0.75,0.0,0.0,False,False,0.249,0.0,114.844,1465,5.98,,,,,0,False,False,0.0,False,5.98,5.46,20.0,
76.6,27760,308.296,-779.547,-0.009,5.128,30.0,1465,-1,0.23,True,11,True,True,0.75,0.0,0.0,False,False,0.255,0.0,114.846,1465,5.98,,,,,0,False,False,0.0,False,5.73,5.51,20.0,
76.65,27761,308.187,-779.312,-0.009,5.266,30.0,1465,-1,0.49,True,11,True,True,0.75,0.0,0.0,False,False,0.26,0.0,114.849,1465,5.98,,,,,0,False,False,0.0,False,5.47,5.56,20.0,
76.7,27762,308.073,-779.074,-0.009,5.285,30.0,1465,-1,0.75,True,11,True,True,0.75,0.0,0.05,False,False,0.254,-0.086,114.985,1465,9.96,,,,,0,False,False,0.0,False,9.16,5.63,20.0,
76.75,27763,307.959,-778.833,-0.009,5.353,30.0,1465,-1,1.02,True,11,True,True,0.75,0.0,0.002,False,False,0.235,-0.078,115.137,1465,9.96,,,,,0,False,False,0.0,False,8.89,5.64,20.0,
76.8,27764,307.846,-778.594,-0.009,5.271,30.0,1465,-1,1.28,True,11,True,True,0.75,0.0,-0.004,False,False,0.187,-0.032,115.155,1465,9.96,,,,,0,False,False,0.0,False,8.63,5.68,20.0,
76.85,27765,307.733,-778.353,-0.008,5.345,30.0,1465,-1,1.55,True,11,True,True,0.75,0.0,0.005,False,False,0.154,-0.015,115.204,1465,9.96,,,,,0,False,False,0.0,False,8.36,5.64,20.0,
76.9,27766,307.62,-778.114,-0.008,5.295,30.0,1465,-1,1.81,True,11,True,True,0.75,0.0,0.001,False,False,0.127,-0.006,115.194,1465,9.96,,,,,0,False,False,0.0,False,8.09,5.67,20.0,
76.95,27767,307.506,-777.872,-0.008,5.366,30.0,1465,-1,2.08,True,11,True,True,0.75,0.0,0.005,False,False,0.114,-0.007,115.242,1465,9.96,,,,,0,False,False,0.0,False,7.83,5.65,20.0,
77.0,27768,307.392,-777.632,-0.008,5.292,30.0,1465,-1,2.35,True,11,True,True,0.713,0.0,-0.0,False,False,0.095,-0.002,115.231,1465,9.96,,,,,0,False,False,0.0,False,7.56,5.68,20.0,
77.05,27769,307.276,-777.387,-0.008,5.617,30.0,1465,-1,2.62,True,11,True,True,0.75,0.0,0.004,False,False,0.129,-0.004,115.282,1465,9.96,,,,,0,False,False,0.0,False,7.29,5.65,20.0,
77.1,27770,307.151,-777.122,-0.009,5.954,30.0,1465,-1,2.91,True,11,True,True,0.0,0.2,-0.002,False,False,0.269,0.001,115.313,1465,9.96,,,,,0,False,False,0.0,False,7.0,5.81,20.0,
77.15,27771,307.019,-776.843,-0.01,6.258,30.0,1465,-1,3.22,True,11,True,True,0.0,0.3,-0.001,False,False,0.383,0.005,115.319,1465,9.96,,,,,0,False,False,0.0,False,6.69,5.98,20.0,
77.2,27772,306.885,-776.559,-0.011,6.258,30.0,1465,-1,3.53,True,11,True,True,0.0,0.3,0.001,False,False,0.399,0.003,115.323,1465,9.96,,,,,0,False,False,0.0,False,6.38,6.13,20.0,
77.25,27773,306.751,-776.276,-0.01,6.277,30.0,1465,-1,3.85,True,11,True,True,0.0,0.3,0.001,False,False,0.344,-0.0,115.325,1465,9.96,,,,,0,False,False,0.0,False,6.06,6.13,20.0,
77.3,27774,306.617,-776.0,-0.009,6.088,30.0,1465,-1,4.15,True,11,True,True,0.0,0.3,0.048,False,False,0.236,-0.081,115.472,1465,13.94,,,,,0,False,False,0.0,False,9.74,6.14,20.0,
77.35,27775,306.486,-775.729,-0.008,5.982,30.0,1465,-1,4.45,True,11,True,True,0.0,0.3,0.001,False,False,0.12,-0.076,115.576,1465,13.94,,,,,0,False,False,0.0,False,9.44,6.04,20.0,
77.4,27776,306.36,-775.467,-0.007,5.737,30.0,1465,-1,4.75,True,11,True,True,0.0,0.3,0.0,False,False,0.005,-0.041,115.66,1465,13.94,,,,,0,False,False,0.0,False,9.15,5.99,20.0,
77.45,27777,306.238,-775.213,-0.006,5.602,30.0,1465,-1,5.03,True,11,True,True,0.0,0.3,-0.001,False,False,-0.086,-0.017,115.661,1465,13.94,,,,,0,False,False,0.0,False,8.86,5.87,20.0,
77.5,27778,306.12,-774.968,-0.006,5.348,30.0,1465,-1,5.3,True,11,True,True,0.0,0.199,0.005,False,False,-0.162,-0.012,115.713,1465,13.94,,,,,0,False,False,0.0,False,8.59,5.8,20.0,
77.55,27779,306.005,-774.731,-0.005,5.249,30.0,1465,-1,5.56,True,11,True,True,0.716,0.0,-0.0,False,False,-0.204,-0.006,115.708,1465,13.94,,,,,0,False,False,0.0,False,8.33,5.67,20.0,
77.6,27780,305.894,-774.5,-0.005,5.048,30.0,1465,-1,5.82,True,11,True,True,0.75,0.0,0.004,False,False,-0.225,-0.005,115.76,1465,13.94,,,,,0,False,False,0.0,False,8.07,5.62,20.0,
77.65,27781,305.785,-774.273,-0.005,5.04,30.0,1465,-1,6.07,True,11,True,True,0.75,0.0,-0.002,False,False,-0.212,0.0,115.781,1465,13.94,,,,,0,False,False,0.0,False,7.82,5.52,20.0,
77.7,27782,305.676,-774.046,-0.006,4.94,30.0,1465,-1,6.32,True,11,True,True,0.75,0.0,-0.0,False,False,-0.162,0.002,115.797,1465,13.94,,,,,0,False,False,0.0,False,7.57,5.52,20.0,
77.75,27783,305.566,-773.82,-0.006,4.936,30.0,1465,-1,6.57,True,11,True,True,0.75,0.0,-0.0,False,False,-0.112,0.001,115.793,1465,13.94,,,,,0,False,False,0.0,False,7.32,5.47,20.0,
77.8,27784,305.465,-773.611,-0.006,4.514,30.0,1465,-1,6.81,True,11,True,True,0.75,0.0,0.001,False,False,-0.184,-0.001,115.768,1465,13.94,,,,,0,False,False,0.0,False,7.08,5.47,20.0,
77.85,27785,305.371,-773.416,-0.005,4.26,30.0,1465,-1,7.02,True,11,True,True,0.75,0.0,0.003,False,False,-0.266,-0.005,115.77,1465,13.94,,,,,0,False,False,0.0,False,6.87,5.26,20.0,
77.9,27786,305.28,-773.229,-0.005,4.127,30.0,1465,-1,7.23,True,11,True,True,0.75,0.0,0.001,False,False,-0.299,-0.005,115.778,1465,13.94,,,,,0,False,False,0.0,False,6.66,5.13,20.0,
77.95,27787,305.191,-773.044,-0.005,4.083,30.0,1465,-1,7.44,True,11,True,True,0.75,0.0,0.001,False,False,-0.275,-0.003,115.782,1465,13.94,,,,,0,False,False,0.0,False,6.45,5.06,20.0,
78.0,27788,305.101,-772.86,-0.005,4.096,30.0,1465,-1,7.64,True,11,True,True,0.75,0.0,0.001,False,False,-0.212,-0.001,115.786,1465,13.94,,,,,0,False,False,0.0,False,6.25,5.04,20.0,
78.05,27789,305.011,-772.673,-0.006,4.146,30.0,1465,-1,7.85,True,11,True,True,0.75,0.0,0.001,False,False,-0.13,-0.001,115.79,1465,13.94,,,,,0,False,False,0.0,False,6.04,5.05,20.0,
78.1,27790,304.92,-772.484,-0.007,4.218,30.0,1465,-1,8.06,True,11,True,True,0.75,0.0,0.001,False,False,-0.045,-0.0,115.793,1465,13.94,,,,,0,False,False,0.0,False,5.83,5.07,20.0,
78.15,27791,304.827,-772.291,-0.008,4.304,30.0,1465,-1,8.27,True,11,True,True,0.75,0.0,0.0,False,False,0.031,0.0,115.795,1465,13.94,,,,,0,False,False,0.0,False,5.62,5.11,20.0,
78.2,27792,304.731,-772.095,-0.008,4.398,30.0,1465,-1,8.49,True,11,True,True,0.75,0.0,0.0,False,False,0.095,0.0,115.798,1465,13.94,,,,,0,False,False,0.0,False,5.4,5.15,20.0,
78.25,27793,304.634,-771.894,-0.009,4.497,30.0,1465,-1,8.71,True,11,True,True,0.75,0.0,0.0,False,False,0.145,0.0,115.8,1465,13.94,,,,,0,False,False,0.0,False,5.18,5.2,20.0,
78.3,27794,304.533,-771.689,-0.009,4.597,30.0,1465,-1,8.94,True,11,True,True,0.75,0.0,0.026,False,False,0.183,-0.041,115.878,1157,1.69,,,,,0,False,False,0.0,False,8.64,5.25,20.0,
78.35,27795,304.431,-771.48,-0.009,4.701,30.0,1465,-1,9.18,True,11,True,True,0.75,0.0,0.0,False,False,0.21,-0.035,115.934,1157,1.69,,,,,0,False,False,0.0,False,8.4,5.3,20.0,
78.4,27796,304.326,-771.265,-0.009,4.805,30.0,1465,-1,9.41,True,11,True,True,0.75,0.0,-0.0,False,False,0.23,-0.015,115.95,1157,1.69,,,,,0,False,False,0.0,False,8.16,5.35,20.0,
78.45,27797,304.219,-771.047,-0.009,4.909,30.0,1465,-1,9.66,True,11,True,True,0.75,0.0,0.003,False,False,0.243,-0.007,115.963,1157,1.69,,,,,0,False,False,0.0,False,7.92,5.4,20.0,
78.5,27798,304.11,-770.823,-0.009,5.014,30.0,1465,-1,9.91,True,11,True,True,0.75,0.0,0.002,False,False,0.251,-0.004,115.977,1157,1.69,,,,,0,False,False,0.0,False,7.67,5.45,20.0,
78.55,27799,303.999,-770.595,-0.009,5.118,30.0,1465,-1,10.16,True,11,True,True,0.75,0.0,0.002,False,False,0.257,-0.002,115.99,1157,1.69,,,,,0,False,False,0.0,False,7.42,5.51,20.0,
78.6,27800,303.885,-770.363,-0.009,5.178,30.0,1465,-1,10.42,True,11,True,True,0.75,0.0,0.001,False,False,0.257,-0.001,116.003,1157,1.69,,,,,0,False,False,0.0,False,7.16,5.56,20.0,
78.65,27801,303.77,-770.127,-0.009,5.294,30.0,1465,-1,10.68,True,11,True,True,0.75,0.0,0.001,False,False,0.251,0.0,115.997,1157,1.69,,,,,0,False,False,0.0,False,6.9,5.59,20.0,
78.7,27802,303.655,-769.892,-0.009,5.201,30.0,1465,-1,10.94,True,11,True,True,0.75,0.0,0.002,False,False,0.206,-0.002,116.038,1157,1.69,,,,,0,False,False,0.0,False,6.64,5.65,20.0,
78.75,27803,303.54,-769.656,-0.008,5.266,30.0,1465,-1,11.2,True,11,True,True,0.75,0.0,-0.002,False,False,0.167,0.003,116.02,1157,1.69,,,,,0,False,False,0.0,False,6.37,5.6,20.0,
78.8,27804,303.426,-769.422,-0.008,5.207,30.0,1465,-1,11.47,True,11,True,True,0.75,0.0,0.003,False,False,0.132,0.0,116.06,1157,1.69,,,,,0,False,False,0.0,False,6.11,5.63,20.0,
78.85,27805,303.31,-769.185,-0.008,5.304,30.0,1465,-1,11.73,True,11,True,True,0.75,0.0,-0.003,False,False,0.121,0.004,116.041,1157,1.69,,,,,0,False,False,0.0,False,5.85,5.6,20.0,
78.9,27806,303.195,-768.949,-0.008,5.236,30.0,1465,-1,12.05,True,11,True,True,0.75,0.0,0.002,False,False,0.106,-0.0,116.078,1157,1.69,,,,,0,False,False,0.0,False,5.59,5.65,20.0,
78.95,27807,303.078,-768.712,-0.008,5.303,30.0,1465,-1,12.31,True,11,True,True,0.75,0.0,0.01,False,False,0.098,-0.017,116.085,1157,5.08,,,,,0,False,False,0.0,False,8.71,5.62,20.0,
79.0,27808,302.96,-768.472,-0.008,5.488,30.0,1465,-1,12.58,True,11,True,True,0.75,0.0,0.003,False,False,0.125,-0.02,116.155,1157,5.08,,,,,0,False,False,0.0,False,8.44,5.65,20.0,
79.05,27809,302.832,-768.21,-0.01,5.998,30.0,1465,-1,12.87,True,11,True,True,0.271,0.0,-0.004,False,False,0.28,-0.007,116.183,1157,5.08,,,,,0,False,False,0.0,False,8.15,5.74,20.0,
79.1,27810,302.697,-767.934,-0.011,6.192,30.0,1465,-1,13.18,True,11,True,True,0.0,0.3,-0.002,False,False,0.399,0.001,116.184,1157,5.08,,,,,0,False,False,0.0,False,7.84,6.0,20.0,
79.15,27811,302.558,-767.651,-0.011,6.335,30.0,1465,-1,13.49,True,11,True,True,0.0,0.3,0.0,False,False,0.428,-0.001,116.184,1157,5.08,,,,,0,False,False,0.0,False,7.53,6.1,20.0,
79.2,27812,302.42,-767.37,-0.01,6.223,30.0,1465,-1,13.8,True,11,True,True,0.0,0.3,0.0,False,False,0.364,-0.004,116.187,1157,5.08,,,,,0,False,False,0.0,False,7.21,6.17,20.0,
79.25,27813,302.284,-767.093,-0.009,6.168,30.0,1465,-1,14.11,True,11,True,True,0.0,0.3,0.0,False,False,0.261,-0.005,116.177,1157,5.08,,,,,0,False,False,0.0,False,6.9,6.11,20.0,
79.3,27814,302.151,-766.823,-0.008,5.943,30.0,1465,-1,14.41,True,11,True,True,0.0,0.3,0.001,False,False,0.134,-0.007,116.204,1157,5.08,,,,,0,False,False,0.0,False,6.6,6.08,20.0,
79.35,27815,302.022,-766.561,-0.007,5.819,30.0,1465,-1,14.71,True,11,True,True,0.0,0.3,-0.002,False,False,0.021,-0.002,116.177,1157,5.08,,,,,0,False,False,0.0,False,6.31,5.97,20.0,
79.4,27816,301.897,-766.307,-0.006,5.561,30.0,1465,-1,14.99,True,11,True,True,0.0,0.3,0.002,False,False,-0.08,-0.005,116.204,1157,5.08,,,,,0,False,False,0.0,False,6.03,5.91,20.0,
79.45,27817,301.776,-766.062,-0.006,5.446,30.0,1465,-1,15.26,True,11,True,True,0.0,0.05,-0.002,False,False,-0.15,-0.001,116.178,1157,5.08,,,,,0,False,False,0.0,False,5.75,5.78,20.0,
79.5,27818,301.659,-765.824,-0.005,5.227,30.0,1465,-1,15.53,True,11,True,True,0.361,0.0,0.002,False,False,-0.195,-0.002,116.212,1157,5.08,,,,,0,False,False,0.0,False,5.49,5.72,20.0,
79.55,27819,301.544,-765.592,-0.005,5.158,30.0,1465,-1,15.79,True,11,True,True,0.75,0.0,0.005,False,False,-0.21,-0.009,116.21,1157,8.46,,,,,0,False,False,0.0,False,8.62,5.61,20.0,
79.6,27820,301.433,-765.365,-0.005,5.023,30.0,1157,-1,0.1,False,-1,True,True,0.75,0.0,0.002,False,False,-0.206,-0.01,116.259,1157,8.46,,,,,0,False,False,0.0,False,8.36,5.58,20.0,
79.65,27821,301.32,-765.137,-0.006,5.091,30.0,1157,-1,0.35,False,-1,True,True,0.75,0.0,-0.003,False,False,-0.155,-0.002,116.232,1157,8.46,,,,,0,False,False,0.0,False,8.11,5.51,20.0,
79.7,27822,301.209,-764.911,-0.006,4.919,30.0,1157,-1,0.61,False,-1,True,True,0.75,0.0,0.003,False,False,-0.115,-0.004,116.239,1157,8.46,,,,,0,False,False,0.0,False,7.86,5.55,20.0,
79.75,27823,301.105,-764.701,-0.006,4.56,30.0,1157,-1,0.84,False,-1,True,True,0.75,0.0,0.0,False,False,-0.18,-0.004,116.273,1157,8.46,,,,,0,False,False,0.0,False,7.62,5.46,20.0,
79.8,27824,301.008,-764.504,-0.005,4.301,30.0,1157,-1,1.06,False,-1,True,True,0.75,0.0,-0.002,False,False,-0.263,0.001,116.276,1157,8.46,,,,,0,False,False,0.0,False,7.4,5.28,20.0,
79.85,27825,300.916,-764.316,-0.005,4.164,30.0,1157,-1,1.27,False,-1,True,True,0.75,0.0,-0.0,False,False,-0.297,0.001,116.273,1157,8.46,,,,,0,False,False,0.0,False,7.19,5.15,20.0,
79.9,27826,300.824,-764.13,-0.005,4.116,30.0,1157,-1,1.48,False,-1,True,True,0.75,0.0,0.0,False,False,-0.276,-0.0,116.273,1157,8.46,,,,,0,False,False,0.0,False,6.99,5.08,20.0,
79.95,27827,300.733,-763.945,-0.005,4.128,30.0,1157,-1,1.68,False,-1,True,True,0.75,0.0,-0.0,False,False,-0.214,-0.001,116.272,1157,8.46,,,,,0,False,False,0.0,False,6.78,5.06,20.0,
80.0,27828,300.64,-763.758,-0.006,4.176,30.0,1157,-1,1.89,False,-1,True,True,0.75,0.0,-0.0,False,False,-0.132,-0.001,116.272,1157,8.46,,,,,0,False,False,0.0,False,6.57,5.06,20.0,
80.05,27829,300.547,-763.569,-0.007,4.247,30.0,1157,-1,2.1,False,-1,True,True,0.75,0.0,-0.0,False,False,-0.048,-0.001,116.272,1157,8.46,,,,,0,False,False,0.0,False,6.36,5.09,20.0,
80.1,27830,300.451,-763.375,-0.008,4.331,30.0,1157,-1,2.32,False,-1,True,True,0.75,0.0,-0.0,False,False,0.028,-0.001,116.271,1157,8.46,,,,,0,False,False,0.0,False,6.14,5.12,20.0,
80.15,27831,300.354,-763.178,-0.008,4.425,30.0,1157,-1,2.54,False,-1,True,True,0.75,0.0,-0.0,False,False,0.092,-0.0,116.271,1157,8.46,,,,,0,False,False,0.0,False,5.92,5.17,20.0,
80.2,27832,300.255,-762.977,-0.008,4.523,30.0,1157,-1,2.76,False,-1,True,True,0.75,0.0,-0.0,False,False,0.143,-0.0,116.271,1157,8.46,,,,,0,False,False,0.0,False,5.7,5.21,20.0,
80.25,27833,300.153,-762.771,-0.009,4.624,30.0,1157,-1,2.99,False,-1,True,True,0.75,0.0,-0.0,False,False,0.181,-0.0,116.27,1157,8.46,,,,,0,False,False,0.0,False,5.47,5.26,20.0,
80.3,27834,300.049,-762.561,-0.009,4.728,30.0,1157,-1,3.23,False,-1,True,True,0.75,0.0,-0.0,False,False,0.209,-0.0,116.27,1157,8.46,,,,,0,False,False,0.0,False,5.24,5.31,20.0,
80.35,27835,299.943,-762.346,-0.009,4.831,30.0,1157,-1,3.47,False,-1,True,True,0.75,0.0,0.005,False,False,0.229,-0.008,116.284,1157,11.85,,,,,0,False,False,0.0,False,8.38,5.36,20.0,
80.4,27836,299.834,-762.126,-0.009,4.935,30.0,1157,-1,3.71,False,-1,True,True,0.75,0.0,-0.0,False,False,0.242,-0.007,116.294,1157,11.85,,,,,0,False,False,0.0,False,8.14,5.42,20.0,
80.45,27837,299.724,-761.902,-0.009,5.039,30.0,1157,-1,3.96,False,-1,True,True,0.75,0.0,-0.0,False,False,0.251,-0.003,116.297,1157,11.85,,,,,0,False,False,0.0,False,7.89,5.47,20.0,
80.5,27838,299.611,-761.674,-0.009,5.14,30.0,1157,-1,4.22,False,-1,True,True,0.75,0.0,0.0,False,False,0.256,-0.001,116.299,1157,11.85,,,,,0,False,False,0.0,False,7.63,5.52,20.0,
80.55,27839,299.495,-761.44,-0.009,5.278,30.0,1157,-1,4.48,False,-1,True,True,0.75,0.0,0.0,False,False,0.26,-0.001,116.3,1157,11.85,,,,,0,False,False,0.0,False,7.37,5.57,20.0,
80.6,27840,299.378,-761.203,-0.009,5.281,30.0,1157,-1,4.74,False,-1,True,True,0.75,0.0,0.0,False,False,0.252,-0.001,116.316,1157,11.85,,,,,0,False,False,0.0,False,7.11,5.64,20.0,
80.65,27841,299.26,-760.966,-0.009,5.329,30.0,1157,-1,5.01,False,-1,True,True,0.75,0.0,-0.001,False,False,0.222,0.002,116.29,1157,11.85,,,,,0,False,False,0.0,False,6.84,5.64,20.0,
80.7,27842,299.144,-760.729,-0.008,5.251,30.0,1157,-1,5.27,False,-1,True,True,0.75,0.0,0.003,False,False,0.174,-0.002,116.328,1157,11.85,,,,,0,False,False,0.0,False,6.58,5.66,20.0,
80.75,27843,299.026,-760.492,-0.008,5.33,30.0,1157,-1,5.54,False,-1,True,True,0.75,0.0,-0.003,False,False,0.145,0.002,116.307,1157,11.85,,,,,0,False,False,0.0,False,6.31,5.63,20.0,
80.8,27844,298.909,-760.254,-0.008,5.283,30.0,1157,-1,5.8,False,-1,True,True,0.75,0.0,0.002,False,False,0.122,-0.0,116.341,1157,11.85,,,,,0,False,False,0.0,False,6.05,5.66,20.0,
80.85,27845,298.791,-760.016,-0.008,5.349,30.0,1157,-1,6.07,False,-1,True,True,0.75,0.0,-0.003,False,False,0.111,0.003,116.317,1157,11.85,,,,,0,False,False,0.0,False,5.78,5.64,20.0,
80.9,27846,298.674,-759.778,-0.008,5.275,30.0,1157,-1,6.33,False,-1,True,True,0.75,0.0,0.002,False,False,0.092,-0.001,116.346,1157,11.85,,,,,0,False,False,0.0,False,5.52,5.67,20.0,
80.95,27847,298.553,-759.532,-0.008,5.698,30.0,1157,-1,6.61,False,-1,True,True,0.75,0.0,-0.0,False,False,0.154,-0.002,116.363,1157,15.23,,,,,0,False,False,0.0,False,8.63,5.64,20.0,
81.0,27848,298.421,-759.267,-0.01,6.017,30.0,1157,-1,6.9,False,-1,True,True,0.0,0.3,-0.002,False,False,0.301,-0.001,116.377,1157,15.23,,,,,0,False,False,0.0,False,8.33,5.85,20.0,
81.05,27849,298.283,-758.988,-0.011,6.301,30.0,1157,-1,7.21,False,-1,True,True,0.0,0.3,-0.002,False,False,0.404,0.001,116.374,1157,15.23,,,,,0,False,False,0.0,False,8.02,6.01,20.0,
81.1,27850,298.144,-758.705,-0.011,6.291,30.0,1157,-1,7.53,False,-1,True,True,0.0,0.3,-0.001,False,False,0.409,-0.0,116.369,1157,15.23,,,,,0,False,False,0.0,False,7.7,6.15,20.0,
81.15,27851,298.004,-758.423,-0.01,6.302,30.0,1157,-1,7.84,False,-1,True,True,0.0,0.3,-0.0,False,False,0.346,-0.003,116.365,1157,15.23,,,,,0,False,False,0.0,False,7.39,6.15,20.0,
81.2,27852,297.867,-758.146,-0.009,6.115,30.0,1157,-1,8.15,False,-1,True,True,0.0,0.3,-0.0,False,False,0.234,-0.004,116.374,1157,15.23,,,,,0,False,False,0.0,False,7.08,6.15,20.0,
81.25,27853,297.733,-757.876,-0.008,6.007,30.0,1157,-1,8.45,False,-1,True,True,0.0,0.3,-0.001,False,False,0.116,-0.002,116.345,1157,15.23,,,,,0,False,False,0.0,False,6.78,6.06,20.0,
81.3,27854,297.603,-757.615,-0.007,5.76,30.0,1157,-1,8.75,False,-1,True,True,0.0,0.3,0.002,False,False,0.001,-0.006,116.37,1157,15.23,,,,,0,False,False,0.0,False,6.49,6.0,20.0,
81.35,27855,297.478,-757.361,-0.006,5.623,30.0,1157,-1,9.03,False,-1,True,True,0.0,0.3,-0.002,False,False,-0.09,-0.002,116.342,1157,15.23,,,,,0,False,False,0.0,False,6.2,5.88,20.0,
81.4,27856,297.357,-757.117,-0.006,5.357,30.0,1157,-1,9.3,False,-1,True,True,0.0,0.276,0.002,False,False,-0.168,-0.004,116.368,1157,15.23,,,,,0,False,False,0.0,False,5.93,5.81,20.0,
81.45,27857,297.239,-756.881,-0.005,5.248,30.0,1157,-1,9.56,False,-1,True,True,0.68,0.0,-0.002,False,False,-0.214,-0.0,116.34,1157,15.23,,,,,0,False,False,0.0,False,5.67,5.68,20.0,
81.5,27858,297.126,-756.651,-0.005,5.046,30.0,1157,-1,9.82,False,-1,True,True,0.75,0.0,0.002,False,False,-0.235,-0.001,116.375,1157,15.23,,,,,0,False,False,0.0,False,5.41,5.62,20.0,
81.55,27859,297.014,-756.424,-0.005,5.068,30.0,1157,-1,10.07,False,-1,True,True,0.75,0.0,-0.002,False,False,-0.21,0.001,116.373,1157,18.62,,,,,0,False,False,0.0,False,8.54,5.52,20.0,
81.6,27860,296.902,-756.198,-0.006,5.051,30.0,1157,-1,10.33,False,-1,True,True,0.75,0.0,-0.0,False,False,-0.159,0.001,116.371,1157,18.62,,,,,0,False,False,0.0,False,8.29,5.53,20.0,
81.65,27861,296.791,-755.974,-0.006,4.868,30.0,1157,-1,10.58,False,-1,True,True,0.75,0.0,-0.0,False,False,-0.123,-0.0,116.38,1157,18.62,,,,,0,False,False,0.0,False,8.04,5.53,20.0,
81.7,27862,296.689,-755.768,-0.005,4.478,30.0,1157,-1,10.81,False,-1,True,True,0.75,0.0,-0.001,False,False,-0.204,-0.0,116.403,1157,18.62,,,,,0,False,False,0.0,False,7.81,5.43,20.0,
81.75,27863,296.593,-755.575,-0.005,4.234,30.0,1157,-1,11.02,False,-1,True,True,0.75,0.0,-0.003,False,False,-0.284,0.002,116.401,1157,18.62,,,,,0,False,False,0.0,False,7.6,5.24,20.0,
81.8,27864,296.501,-755.389,-0.005,4.108,30.0,1157,-1,11.23,False,-1,True,True,0.75,0.0,-0.001,False,False,-0.31,0.001,116.395,1157,18.62,,,,,0,False,False,0.0,False,7.39,5.12,20.0,
81.85,27865,296.41,-755.206,-0.005,4.068,30.0,1157,-1,11.43,False,-1,True,True,0.75,0.0,-0.0,False,False,-0.28,-0.001,116.391,1157,18.62,,,,,0,False,False,0.0,False,7.18,5.05,20.0,
81.9,27866,296.32,-755.023,-0.005,4.085,30.0,1157,-1,11.64,False,-1,True,True,0.75,0.0,-0.001,False,False,-0.212,-0.001,116.388,1157,18.62,,,,,0,False,False,0.0,False,6.98,5.03,20.0,
81.95,27867,296.228,-754.838,-0.006,4.137,30.0,1157,-1,11.84,False,-1,True,True,0.75,0.0,-0.0,False,False,-0.128,-0.001,116.385,1157,18.62,,,,,0,False,False,0.0,False,6.77,5.04,20.0,
82.0,27868,296.135,-754.65,-0.007,4.21,30.0,1157,-1,12.05,False,-1,True,True,0.75,0.0,-0.0,False,False,-0.042,-0.001,116.382,1157,18.62,,,,,0,False,False,0.0,False,6.56,5.07,20.0,
82.05,27869,296.04,-754.458,-0.008,4.297,30.0,1157,-1,12.27,False,-1,True,True,0.75,0.0,-0.0,False,False,0.035,-0.001,116.38,1157,18.62,,,,,0,False,False,0.0,False,6.35,5.11,20.0,
82.1,27870,295.943,-754.263,-0.008,4.391,30.0,1157,-1,12.49,False,-1,True,True,0.75,0.0,-0.0,False,False,0.098,-0.001,116.378,1157,18.62,,,,,0,False,False,0.0,False,6.13,5.15,20.0,
82.15,27871,295.844,-754.063,-0.009,4.491,30.0,1157,-1,12.71,False,-1,True,True,0.75,0.0,-0.0,False,False,0.148,-0.001,116.376,1157,18.62,,,,,0,False,False,0.0,False,5.91,5.2,20.0,
82.2,27872,295.743,-753.859,-0.009,4.593,30.0,1157,-1,12.94,False,-1,True,True,0.75,0.0,-0.0,False,False,0.186,-0.0,116.375,1157,18.62,,,,,0,False,False,0.0,False,5.68,5.25,20.0,
82.25,27873,295.639,-753.65,-0.009,4.696,30.0,1157,-1,13.17,False,-1,True,True,0.75,0.0,-0.0,False,False,0.213,-0.0,116.373,1157,18.62,,,,,0,False,False,0.0,False,5.45,5.3,20.0,
82.3,27874,295.533,-753.437,-0.009,4.801,30.0,1157,-1,13.41,False,-1,True,True,0.75,0.0,-0.0,False,False,0.231,-0.0,116.372,1157,18.62,,,,,0,False,False,0.0,False,5.21,5.35,20.0,
82.35,27875,295.425,-753.219,-0.009,4.905,30.0,1157,-1,13.65,False,-1,True,True,0.75,0.0,0.002,False,False,0.244,-0.004,116.378,1738,1.88,,,,,0,False,False,0.0,False,8.54,5.4,20.0,
82.4,27876,295.315,-752.996,-0.009,5.009,30.0,1157,-1,13.9,False,-1,True,True,0.75,0.0,-0.0,False,False,0.252,-0.003,116.382,1738,1.88,,,,,0,False,False,0.0,False,8.29,5.45,20.0,
82.45,27877,295.202,-752.769,-0.009,5.114,30.0,1157,-1,14.15,False,-1,True,True,0.75,0.0,-0.0,False,False,0.257,-0.001,116.383,1738,1.88,,,,,0,False,False,0.0,False,8.03,5.5,20.0,
82.5,27878,295.087,-752.537,-0.009,5.173,30.0,1157,-1,14.41,False,-1,True,True,0.75,0.0,0.0,False,False,0.257,-0.001,116.383,1738,1.88,,,,,0,False,False,0.0,False,7.78,5.56,20.0,
82.55,27879,294.97,-752.301,-0.009,5.35,30.0,1157,-1,14.68,False,-1,True,True,0.75,0.0,0.0,False,False,0.261,-0.0,116.386,1738,1.88,,,,,0,False,False,0.0,False,7.51,5.59,20.0,
82.6,27880,294.851,-752.062,-0.009,5.298,30.0,1157,-1,14.94,False,-1,True,True,0.75,0.0,-0.0,False,False,0.241,0.0,116.37,1738,1.88,,,,,0,False,False,0.0,False,7.25,5.68,20.0,
82.65,27881,294.733,-751.824,-0.009,5.352,30.0,1157,-1,15.21,False,-1,True,True,0.75,0.0,0.002,False,False,0.203,-0.003,116.396,1738,1.88,,,,,0,False,False,0.0,False,6.98,5.65,20.0,
82.7,27882,294.615,-751.586,-0.008,5.283,30.0,1157,-1,15.47,False,-1,True,True,0.75,0.0,-0.002,False,False,0.159,0.001,116.361,1738,1.88,,,,,0,False,False,0.0,False,6.71,5.68,20.0,
82.75,27883,294.497,-751.348,-0.008,5.369,30.0,1157,-1,15.74,False,-1,True,True,0.75,0.0,0.003,False,False,0.136,-0.003,116.384,1738,1.88,,,,,0,False,False,0.0,False,6.45,5.64,20.0,
82.8,27884,294.378,-751.109,-0.008,5.305,30.0,1157,-1,16.01,False,-1,True,True,0.706,0.0,-0.002,False,False,0.115,0.0,116.355,1738,1.88,,,,,0,False,False,0.0,False,6.18,5.68,20.0,
82.85,27885,294.259,-750.87,-0.008,5.372,30.0,1157,-1,16.27,False,-1,True,True,0.75,0.0,0.003,False,False,0.102,-0.003,116.386,1738,1.88,,,,,0,False,False,0.0,False,5.91,5.65,20.0,
82.9,27886,294.14,-750.629,-0.008,5.451,30.0,1157,-1,16.54,False,-1,True,True,0.687,0.0,-0.002,False,False,0.105,0.002,116.384,1738,1.88,,,,,0,False,False,0.0,False,5.65,5.69,20.0,
82.95,27887,294.012,-750.369,-0.009,5.967,30.0,1157,-1,16.83,False,-1,True,True,0.4,0.0,0.002,False,False,0.242,-0.001,116.412,1738,5.64,,,,,0,False,False,0.0,False,9.13,5.73,20.0,
83.0,27888,293.875,-750.095,-0.01,6.173,30.0,1157,-1,17.14,False,-1,True,True,0.0,0.3,-0.002,False,False,0.366,0.002,116.419,1738,5.64,,,,,0,False,False,0.0,False,8.82,5.98,20.0,
83.05,27889,293.736,-749.813,-0.011,6.329,30.0,1157,-1,17.45,False,-1,True,True,0.0,0.3,-0.001,False,False,0.407,0.003,116.415,1738,5.64,,,,,0,False,False,0.0,False,8.51,6.09,20.0,
83.1,27890,293.597,-749.533,-0.01,6.227,30.0,1157,-1,17.77,False,-1,True,True,0.0,0.3,-0.0,False,False,0.355,0.001,116.413,1738,5.64,,,,,0,False,False,0.0,False,8.2,6.16,20.0,
83.15,27891,293.459,-749.256,-0.009,6.179,30.0,1157,-1,18.08,False,-1,True,True,0.0,0.3,-0.0,False,False,0.259,-0.001,116.401,1738,5.64,,,,,0,False,False,0.0,False,7.89,6.11,20.0,
83.2,27892,293.325,-748.986,-0.008,5.956,30.0,1157,-1,18.38,False,-1,True,True,0.0,0.3,0.001,False,False,0.137,-0.004,116.424,1738,5.64,,,,,0,False,False,0.0,False,7.59,6.09,20.0,
83.25,27893,293.195,-748.723,-0.007,5.834,30.0,1157,-1,18.67,False,-1,True,True,0.0,0.3,-0.002,False,False,0.026,-0.001,116.395,1738,5.64,,,,,0,False,False,0.0,False,7.29,5.98,20.0,
83.3,27894,293.069,-748.47,-0.006,5.576,30.0,1157,-1,18.95,False,-1,True,True,0.0,0.3,0.002,False,False,-0.076,-0.004,116.421,1738,5.64,,,,,0,False,False,0.0,False,7.01,5.92,20.0,
83.35,27895,292.947,-748.224,-0.006,5.458,30.0,1157,-1,19.23,False,-1,True,True,0.0,0.105,-0.002,False,False,-0.146,-0.0,116.394,1738,5.64,,,,,0,False,False,0.0,False,6.74,5.79,20.0,
83.4,27896,292.829,-747.986,-0.005,5.237,30.0,1157,-1,19.49,False,-1,True,True,0.319,0.0,0.002,False,False,-0.194,-0.002,116.428,1738,5.64,,,,,0,False,False,0.0,False,6.47,5.73,20.0,
83.45,27897,292.713,-747.753,-0.005,5.168,30.0,1157,-1,19.75,False,-1,True,True,0.75,0.0,-0.003,False,False,-0.21,0.003,116.405,1738,5.64,,,,,0,False,False,0.0,False,6.21,5.62,20.0,
83.5,27898,292.601,-747.527,-0.005,5.009,30.0,1157,-1,20.01,False,-1,True,True,0.75,0.0,0.001,False,False,-0.209,0.001,116.444,1738,5.64,,,,,0,False,False,0.0,False,5.96,5.58,20.0,
83.55,27899,292.488,-747.3,-0.006,5.081,30.0,1157,-1,20.26,False,-1,True,True,0.75,0.0,-0.004,False,False,-0.163,0.005,116.421,1738,5.64,,,,,0,False,False,0.0,False,5.7,5.5,20.0,
83.6,27900,292.376,-747.074,-0.006,5.005,30.0,1738,-1,0.2,True,10,True,True,0.75,0.0,0.001,False,False,-0.112,0.001,116.449,1738,5.64,,,,,0,False,False,0.0,False,5.45,5.54,20.0,
83.65,27901,292.273,-746.858,-0.006,4.625,30.0,1738,-1,0.44,True,10,True,True,0.75,0.0,-0.077,False,False,-0.157,0.086,116.277,1738,9.4,,,,,0,False,False,0.0,False,9.06,5.5,20.0,
83.7,27902,292.177,-746.658,-0.005,4.349,30.0,1738,-1,0.66,True,10,True,True,0.75,0.0,-0.008,False,False,-0.242,0.089,116.118,1738,9.4,,,,,0,False,False,0.0,False,8.84,5.31,20.0,
83.75,27903,292.085,-746.467,-0.005,4.199,30.0,1738,-1,0.87,True,10,True,True,0.75,0.0,-0.003,False,False,-0.286,0.046,116.059,1738,9.4,,,,,0,False,False,0.0,False,8.62,5.17,20.0,
83.8,27904,291.994,-746.28,-0.005,4.141,30.0,1738,-1,1.08,True,10,True,True,0.75,0.0,-0.008,False,False,-0.273,0.025,116.018,1738,9.4,,,,,0,False,False,0.0,False,8.42,5.1,20.0,
83.85,27905,291.904,-746.093,-0.005,4.146,30.0,1738,-1,1.29,True,10,True,True,0.75,0.0,-0.008,False,False,-0.218,0.016,115.974,1738,9.4,,,,,0,False,False,0.0,False,8.21,5.07,20.0,
83.9,27906,291.813,-745.905,-0.006,4.19,30.0,1738,-1,1.5,True,10,True,True,0.75,0.0,-0.007,False,False,-0.14,0.01,115.935,1738,9.4,,,,,0,False,False,0.0,False,8.0,5.07,20.0,
83.95,27907,291.721,-745.714,-0.007,4.258,30.0,1738,-1,1.71,True,10,True,True,0.75,0.0,-0.006,False,False,-0.057,0.006,115.901,1738,9.4,,,,,0,False,False,0.0,False,7.79,5.09,20.0,
84.0,27908,291.627,-745.519,-0.007,4.341,30.0,1738,-1,1.93,True,10,True,True,0.75,0.0,-0.005,False,False,0.02,0.003,115.871,1738,9.4,,,,,0,False,False,0.0,False,7.57,5.13,20.0,
84.05,27909,291.532,-745.321,-0.008,4.433,30.0,1738,-1,2.15,True,10,True,True,0.75,0.0,-0.004,False,False,0.085,0.001,115.845,1738,9.4,,,,,0,False,False,0.0,False,7.35,5.17,20.0,
84.1,27910,291.434,-745.118,-0.008,4.53,30.0,1738,-1,2.37,True,10,True,True,0.75,0.0,-0.004,False,False,0.137,0.001,115.822,1738,9.4,,,,,0,False,False,0.0,False,7.13,5.22,20.0,
84.15,27911,291.334,-744.911,-0.009,4.631,30.0,1738,-1,2.6,True,10,True,True,0.75,0.0,-0.003,False,False,0.177,-0.0,115.802,1738,9.4,,,,,0,False,False,0.0,False,6.9,5.27,20.0,
84.2,27912,291.232,-744.699,-0.009,4.734,30.0,1738,-1,2.84,True,10,True,True,0.75,0.0,-0.003,False,False,0.206,-0.0,115.785,1738,9.4,,,,,0,False,False,0.0,False,6.66,5.32,20.0,
84.25,27913,291.128,-744.483,-0.009,4.838,30.0,1738,-1,3.08,True,10,True,True,0.75,0.0,-0.002,False,False,0.226,-0.0,115.77,1738,9.4,,,,,0,False,False,0.0,False,6.42,5.37,20.0,
84.3,27914,291.022,-744.262,-0.009,4.942,30.0,1738,-1,3.32,True,10,True,True,0.75,0.0,-0.002,False,False,0.24,-0.0,115.757,1738,9.4,,,,,0,False,False,0.0,False,6.18,5.42,20.0,
84.35,27915,290.913,-744.036,-0.009,5.045,30.0,1738,-1,3.57,True,10,True,True,0.75,0.0,-0.001,False,False,0.25,-0.0,115.746,1738,9.4,,,,,0,False,False,0.0,False,5.93,5.47,20.0,
84.4,27916,290.803,-743.806,-0.009,5.156,30.0,1738,-1,3.83,True,10,True,True,0.75,0.0,-0.001,False,False,0.256,-0.0,115.737,1738,9.4,,,,,0,False,False,0.0,False,5.67,5.52,20.0,
84.45,27917,290.69,-743.572,-0.009,5.208,30.0,1738,-1,4.09,True,10,True,True,0.75,0.0,-0.001,False,False,0.255,-0.0,115.728,1738,9.4,,,,,0,False,False,0.854,False,5.41,5.58,20.0,
84.5,27918,290.579,-743.331,-0.009,5.358,30.0,1738,-1,4.35,True,10,True,True,0.75,0.0,-0.101,False,False,0.255,0.13,115.529,1738,13.17,,,,,0,False,False,1.02,False,8.95,5.6,20.0,
84.55,27919,290.47,-743.09,-0.009,5.269,30.0,1738,-1,4.62,True,10,True,True,0.75,0.0,-0.032,False,False,0.219,0.179,115.186,1738,13.17,,,,,0,False,False,1.199,False,8.68,5.68,20.0,
84.6,27920,290.359,-742.849,-0.009,5.331,30.0,1738,-1,4.88,True,10,True,True,0.75,0.0,-0.009,False,False,0.18,0.122,115.008,1738,13.17,,,,,0,False,False,1.387,False,8.42,5.63,20.0,
84.65,27921,290.249,-742.609,-0.008,5.268,30.0,1738,-1,5.15,True,10,True,True,0.75,0.0,-0.009,False,False,0.142,0.071,114.849,1738,13.17,,,,,0,False,False,1.572,False,8.15,5.67,20.0,
84.7,27922,290.138,-742.367,-0.008,5.362,30.0,1738,-1,5.41,True,10,True,True,0.75,0.0,-0.013,False,False,0.126,0.048,114.767,1738,13.17,,,,,0,False,False,0.0,False,7.89,5.63,20.0,
84.75,27923,290.028,-742.125,-0.008,5.285,30.0,1738,-1,5.68,True,10,True,True,0.75,0.0,-0.013,False,False,0.106,0.04,114.645,1738,13.17,,,,,0,False,False,0.0,False,7.62,5.68,20.0,
84.8,27924,289.919,-741.883,-0.008,5.353,30.0,1738,-1,5.94,True,10,True,True,0.75,0.0,-0.009,False,False,0.096,0.03,114.592,1738,13.17,,,,,0,False,False,0.0,False,7.36,5.64,20.0,
84.85,27925,289.806,-741.633,-0.008,5.63,30.0,1738,-1,6.22,True,10,True,True,0.75,0.0,-0.012,False,False,0.149,0.031,114.526,1738,13.17,,,,,0,False,False,0.0,False,7.08,5.68,20.0,
84.9,27926,289.684,-741.361,-0.01,6.095,30.0,1738,-1,6.51,True,10,True,True,0.0,0.247,-0.008,False,False,0.304,0.031,114.466,1738,13.17,,,,,0,False,False,0.0,False,6.78,5.81,20.0,
84.95,27927,289.557,-741.078,-0.011,6.238,30.0,1738,-1,6.83,True,10,True,True,0.0,0.3,-0.007,False,False,0.4,0.025,114.406,1738,13.17,,,,,0,False,False,0.0,False,6.47,6.05,20.0,
85.0,27928,289.427,-740.79,-0.011,6.364,30.0,1738,-1,7.14,True,10,True,True,0.0,0.3,-0.005,False,False,0.412,0.017,114.355,1738,13.17,,,,,0,False,False,0.0,False,6.16,6.12,20.0,
85.05,27929,289.302,-740.502,-0.01,6.232,30.0,1738,-1,7.45,True,10,True,True,0.0,0.3,-0.105,False,False,0.339,0.147,114.101,1156,1.88,,,,,0,False,False,1.545,False,9.6,6.18,20.0,
85.1,27930,289.181,-740.217,-0.009,6.165,30.0,1742,-1,6.65,True,10,True,False,0.0,0.3,-0.017,False,False,0.231,0.178,113.781,1156,1.88,,,,,0,False,False,1.352,False,9.3,6.12,20.0,
85.15,27931,289.062,-739.942,-0.008,5.937,30.0,1738,-1,8.01,True,10,True,True,0.0,0.3,-0.001,False,False,0.107,0.103,113.58,1156,1.88,,,,,0,False,False,1.16,False,8.99,6.08,20.0,
85.2,27932,288.946,-739.674,-0.007,5.813,30.0,1740,-1,6.39,True,10,True,False,0.0,0.3,-0.003,False,False,-0.001,0.049,113.512,1156,1.88,,,,,0,False,False,1.22,False,8.7,5.97,20.0,
85.25,27933,288.834,-739.415,-0.006,5.553,30.0,1738,-1,8.59,True,10,True,True,0.0,0.3,-0.011,False,False,-0.097,0.033,113.41,1156,1.88,,,,,0,False,False,1.418,False,8.42,5.91,20.0,
85.3,27934,288.726,-739.163,-0.006,5.44,30.0,1738,-1,8.86,True,10,True,True,0.0,0.025,-0.005,False,False,-0.161,0.022,113.373,1156,1.88,,,,,0,False,False,0.651,False,8.15,5.78,20.0,
85.35,27935,288.621,-738.92,-0.005,5.221,30.0,1738,-1,9.12,True,10,True,True,0.38,0.0,-0.008,False,False,-0.203,0.018,113.286,1156,1.88,,,,,0,False,False,0.0,False,7.88,5.72,20.0,
85.4,27936,288.52,-738.682,-0.005,5.153,30.0,1738,-1,9.38,True,10,True,True,0.75,0.0,-0.002,False,False,-0.215,0.01,113.265,1156,1.88,,,,,0,False,False,0.0,False,7.62,5.61,20.0,
85.45,27937,288.42,-738.449,-0.005,5.038,30.0,1738,-1,9.64,True,10,True,True,0.75,0.0,-0.006,False,False,-0.204,0.009,113.186,1156,1.88,,,,,0,False,False,0.0,False,7.37,5.58,20.0,
85.5,27938,288.32,-738.215,-0.006,5.104,30.0,1738,-1,9.89,True,10,True,True,0.75,0.0,0.001,False,False,-0.149,0.003,113.184,1156,1.88,,,,,0,False,False,0.0,False,7.12,5.52,20.0,
85.55,27939,288.221,-737.985,-0.006,4.835,30.0,1738,-1,10.14,True,10,True,True,0.75,0.0,-0.004,False,False,-0.127,0.004,113.148,1156,1.88,,,,,0,False,False,0.0,False,6.87,5.55,20.0,
85.6,27940,288.131,-737.773,-0.005,4.494,30.0,1738,-1,10.37,True,10,True,True,0.75,0.0,-0.001,False,False,-0.207,0.003,113.163,1156,1.88,,,,,0,False,False,0.0,False,6.63,5.42,20.0,
85.65,27941,288.046,-737.574,-0.005,4.253,30.0,1738,-1,10.59,True,10,True,True,0.75,0.0,-0.005,False,False,-0.285,0.006,113.154,1156,1.88,,,,,0,False,False,0.0,False,6.42,5.25,20.0,
85.7,27942,287.965,-737.382,-0.005,4.13,30.0,1738,-1,10.8,True,10,True,True,0.75,0.0,-0.003,False,False,-0.309,0.006,113.138,1156,1.88,,,,,0,False,False,1.79,False,6.21,5.13,20.0,
85.75,27943,287.884,-737.193,-0.005,4.092,30.0,1738,-1,11.0,True,10,True,True,0.75,0.0,-0.002,False,False,-0.278,0.004,113.126,1156,1.88,,,,,0,False,False,1.646,False,6.0,5.07,20.0,
85.8,27944,287.804,-737.004,-0.005,4.11,30.0,1738,-1,11.15,True,10,True,True,0.75,0.0,-0.002,False,False,-0.21,0.002,113.117,1156,1.88,,,,,0,False,False,1.509,False,5.8,5.05,20.0,
85.85,27945,287.722,-736.813,-0.006,4.162,30.0,1738,-1,11.36,True,10,True,True,0.75,0.0,-0.002,False,False,-0.125,0.001,113.108,1156,1.88,,,,,0,False,False,1.371,False,5.59,5.05,20.0,
85.9,27946,287.64,-736.619,-0.007,4.236,30.0,1738,-1,11.57,True,10,True,True,0.75,0.0,-0.001,False,False,-0.04,0.0,113.1,1156,1.88,,,,,0,False,False,1.233,False,5.38,5.08,20.0,
85.95,27947,287.555,-736.421,-0.008,4.322,30.0,1738,-1,11.78,True,10,True,True,0.75,0.0,-0.001,False,False,0.036,0.0,113.093,1156,1.88,,,,,0,False,False,1.092,False,5.17,5.12,20.0,
86.0,27948,287.469,-736.219,-0.008,4.416,30.0,1738,-1,12.0,True,10,True,True,0.75,0.0,-0.001,False,False,0.099,0.0,113.087,1156,1.88,,,,,0,False,False,0.959,False,4.95,5.16,20.0,
86.05,27949,287.385,-736.011,-0.009,4.508,30.0,1738,-1,12.23,True,10,True,True,0.75,0.0,-0.076,False,False,0.147,0.094,112.919,1156,5.63,,,,,0,False,False,0.824,False,8.47,5.21,20.0,
86.1,27950,287.299,-735.799,-0.009,4.611,30.0,1738,-1,12.46,True,10,True,True,0.75,0.0,-0.008,False,False,0.183,0.102,112.744,1156,5.63,,,,,0,False,False,0.689,False,8.24,5.25,20.0,
86.15,27951,287.21,-735.583,-0.009,4.715,30.0,1738,-1,12.69,True,10,True,True,0.75,0.0,-0.001,False,False,0.211,0.053,112.68,1156,5.63,,,,,0,False,False,0.0,False,8.01,5.31,20.0,
86.2,27952,287.118,-735.362,-0.009,4.82,30.0,1738,-1,12.93,True,10,True,True,0.75,0.0,-0.008,False,False,0.23,0.027,112.636,1156,5.63,,,,,0,False,False,0.0,False,7.77,5.36,20.0,
86.25,27953,287.025,-735.137,-0.009,4.925,30.0,1738,-1,13.17,True,10,True,True,0.75,0.0,-0.008,False,False,0.243,0.018,112.589,1156,5.63,,,,,0,False,False,0.0,False,7.53,5.41,20.0,
86.3,27954,286.93,-734.906,-0.009,5.03,30.0,1738,-1,13.42,True,10,True,True,0.75,0.0,-0.006,False,False,0.252,0.012,112.545,1156,5.63,,,,,0,False,False,0.0,False,7.28,5.46,20.0,
86.35,27955,286.833,-734.67,-0.009,5.131,30.0,1738,-1,13.68,True,10,True,True,0.75,0.0,-0.005,False,False,0.257,0.006,112.51,1156,5.63,,,,,0,False,False,0.0,False,7.02,5.51,20.0,
86.4,27956,286.734,-734.43,-0.009,5.269,30.0,1738,-1,13.94,True,10,True,True,0.75,0.0,-0.004,False,False,0.261,0.003,112.477,1156,5.63,,,,,0,False,False,0.0,False,6.76,5.57,20.0,
86.45,27957,286.635,-734.187,-0.009,5.222,30.0,1738,-1,14.2,True,10,True,True,0.75,0.0,-0.003,False,False,0.243,0.001,112.465,1156,5.63,,,,,0,False,False,0.0,False,6.5,5.63,20.0,
86.5,27958,286.535,-733.945,-0.009,5.273,30.0,1738,-1,14.46,True,10,True,True,0.75,0.0,-0.004,False,False,0.205,0.003,112.416,1156,5.63,,,,,0,False,False,0.0,False,6.24,5.61,20.0,
86.55,27959,286.436,-733.703,-0.008,5.2,30.0,1738,-1,14.72,True,10,True,True,0.75,0.0,-0.0,False,False,0.159,-0.002,112.433,1156,5.63,,,,,0,False,False,0.0,False,5.98,5.64,20.0,
86.6,27960,286.336,-733.461,-0.008,5.284,30.0,1738,-1,14.98,True,10,True,True,0.75,0.0,-0.005,False,False,0.134,0.002,112.394,1156,5.63,,,,,0,False,False,0.0,False,5.72,5.6,20.0,
86.65,27961,286.236,-733.218,-0.008,5.241,30.0,1156,-1,0.18,False,-1,True,True,0.75,0.0,-0.0,False,False,0.116,-0.001,112.414,1156,5.63,,,,,0,False,False,0.0,False,5.45,5.64,20.0,
86.7,27962,286.139,-732.972,-0.008,5.302,30.0,1156,-1,0.44,False,-1,True,True,0.75,0.0,-0.074,False,False,0.107,0.086,112.247,1156,9.38,,,,,0,False,False,0.0,False,8.96,5.62,20.0,
86.75,27963,286.042,-732.728,-0.008,5.226,30.0,1156,-1,0.7,False,-1,True,True,0.75,0.0,-0.009,False,False,0.089,0.097,112.096,1156,9.38,,,,,0,False,False,0.0,False,8.7,5.65,20.0,
86.8,27964,285.942,-732.476,-0.008,5.652,30.0,1156,-1,0.98,False,-1,True,True,0.75,0.0,-0.004,False,False,0.152,0.058,112.013,1156,9.38,,,,,0,False,False,0.0,False,8.43,5.61,20.0,
86.85,27965,285.832,-732.202,-0.01,5.976,30.0,1156,-1,1.27,False,-1,True,True,0.0,0.3,-0.007,False,False,0.301,0.035,111.963,1156,9.38,,,,,0,False,False,0.0,False,8.13,5.83,20.0,
86.9,27966,285.718,-731.915,-0.011,6.266,30.0,1156,-1,1.58,False,-1,True,True,0.0,0.3,-0.008,False,False,0.408,0.025,111.906,1156,9.38,,,,,0,False,False,0.0,False,7.82,5.99,20.0,
86.95,27967,285.602,-731.623,-0.011,6.259,30.0,1156,-1,1.89,False,-1,True,True,0.0,0.3,-0.005,False,False,0.413,0.017,111.854,1156,9.38,,,,,0,False,False,0.0,False,7.51,6.13,20.0,
87.0,27968,285.486,-731.333,-0.01,6.273,30.0,1156,-1,2.21,False,-1,True,True,0.0,0.3,-0.004,False,False,0.351,0.009,111.818,1156,9.38,,,,,0,False,False,0.0,False,7.19,6.13,20.0,
87.05,27969,285.373,-731.047,-0.009,6.081,30.0,1156,-1,2.51,False,-1,True,True,0.0,0.3,-0.004,False,False,0.238,0.006,111.768,1156,9.38,,,,,0,False,False,0.0,False,6.89,6.14,20.0,
87.1,27970,285.262,-730.769,-0.008,5.975,30.0,1156,-1,2.81,False,-1,True,True,0.0,0.3,-0.001,False,False,0.119,0.002,111.769,1156,9.38,,,,,0,False,False,0.0,False,6.59,6.04,20.0,
87.15,27971,285.154,-730.499,-0.007,5.73,30.0,1156,-1,3.1,False,-1,True,True,0.0,0.3,-0.005,False,False,0.003,0.004,111.719,1156,9.38,,,,,0,False,False,0.0,False,6.3,5.99,20.0,
87.2,27972,285.051,-730.237,-0.006,5.594,30.0,1156,-1,3.38,False,-1,True,True,0.0,0.3,0.0,False,False,-0.088,0.001,111.728,1156,9.38,,,,,0,False,False,0.0,False,6.02,5.86,20.0,
87.25,27973,284.95,-729.985,-0.006,5.343,30.0,1156,-1,3.66,False,-1,True,True,0.0,0.17,-0.004,False,False,-0.163,0.003,111.683,1156,9.38,,,,,0,False,False,0.0,False,5.74,5.8,20.0,
87.3,27974,284.853,-729.74,-0.005,5.246,30.0,1156,-1,3.92,False,-1,True,True,0.734,0.0,0.001,False,False,-0.203,-0.002,111.695,1156,9.38,,,,,0,False,False,0.0,False,5.48,5.67,20.0,
87.35,27975,284.757,-729.503,-0.005,5.043,30.0,1156,-1,4.18,False,-1,True,True,0.75,0.0,0.031,False,False,-0.224,-0.051,111.731,1156,13.13,,,,,0,False,False,0.0,False,8.84,5.62,20.0,
87.4,27976,284.662,-729.268,-0.005,5.065,30.0,1156,-1,4.43,False,-1,True,True,0.75,0.0,0.005,False,False,-0.201,-0.051,111.805,1156,13.13,,,,,0,False,False,0.0,False,8.59,5.52,20.0,
87.45,27977,284.568,-729.034,-0.006,5.048,30.0,1156,-1,4.68,False,-1,True,True,0.75,0.0,-0.0,False,False,-0.152,-0.025,111.833,1156,13.13,,,,,0,False,False,0.0,False,8.34,5.53,20.0,
87.5,27978,284.474,-728.802,-0.006,4.864,30.0,1156,-1,4.93,False,-1,True,True,0.75,0.0,0.002,False,False,-0.118,-0.012,111.839,1156,13.13,,,,,0,False,False,0.0,False,8.09,5.52,20.0,
87.55,27979,284.388,-728.589,-0.006,4.475,30.0,1156,-1,5.16,False,-1,True,True,0.75,0.0,0.004,False,False,-0.2,-0.007,111.833,1156,13.13,,,,,0,False,False,0.0,False,7.86,5.43,20.0,
87.6,27980,284.308,-728.389,-0.005,4.232,30.0,1156,-1,5.38,False,-1,True,True,0.75,0.0,0.005,False,False,-0.281,-0.006,111.847,1156,13.13,,,,,0,False,False,0.0,False,7.64,5.24,20.0,
87.65,27981,284.23,-728.197,-0.005,4.107,30.0,1156,-1,5.58,False,-1,True,True,0.75,0.0,0.003,False,False,-0.308,-0.003,111.863,1156,13.13,,,,,0,False,False,0.0,False,7.43,5.12,20.0,
87.7,27982,284.154,-728.008,-0.005,4.067,30.0,1156,-1,5.79,False,-1,True,True,0.75,0.0,0.002,False,False,-0.278,-0.0,111.876,1156,13.13,,,,,0,False,False,0.0,False,7.23,5.05,20.0,
87.75,27983,284.078,-727.818,-0.005,4.085,30.0,1156,-1,5.99,False,-1,True,True,0.75,0.0,0.002,False,False,-0.211,0.001,111.887,1156,13.13,,,,,0,False,False,0.0,False,7.03,5.03,20.0,
87.8,27984,284.0,-727.627,-0.006,4.137,30.0,1156,-1,6.2,False,-1,True,True,0.75,0.0,0.002,False,False,-0.126,0.001,111.896,1156,13.13,,,,,0,False,False,0.0,False,6.82,5.04,20.0,
87.85,27985,283.922,-727.432,-0.007,4.21,30.0,1156,-1,6.41,False,-1,True,True,0.75,0.0,0.001,False,False,-0.041,0.001,111.905,1156,13.13,,,,,0,False,False,0.0,False,6.61,5.07,20.0,
87.9,27986,283.842,-727.234,-0.008,4.297,30.0,1156,-1,6.62,False,-1,True,True,0.75,0.0,0.001,False,False,0.035,0.001,111.913,1156,13.13,,,,,0,False,False,0.0,False,6.4,5.11,20.0,
87.95,27987,283.761,-727.032,-0.008,4.391,30.0,1156,-1,6.84,False,-1,True,True,0.75,0.0,0.001,False,False,0.099,0.001,111.919,1156,13.13,,,,,0,False,False,0.0,False,6.18,5.15,20.0,
88.0,27988,283.677,-726.825,-0.009,4.491,30.0,1156,-1,7.06,False,-1,True,True,0.75,0.0,0.001,False,False,0.149,0.001,111.925,1156,13.13,,,,,0,False,False,0.0,False,5.95,5.2,20.0,
88.05,27989,283.592,-726.613,-0.009,4.593,30.0,1156,-1,7.29,False,-1,True,True,0.75,0.0,0.001,False,False,0.186,0.0,111.93,1156,13.13,,,,,0,False,False,0.0,False,5.73,5.25,20.0,
88.1,27990,283.505,-726.397,-0.009,4.697,30.0,1156,-1,7.52,False,-1,True,True,0.75,0.0,0.001,False,False,0.213,0.0,111.935,1156,13.13,,,,,0,False,False,0.0,False,5.49,5.3,20.0,
88.15,27991,283.416,-726.176,-0.009,4.801,30.0,1156,-1,7.76,False,-1,True,True,0.75,0.0,0.001,False,False,0.231,0.0,111.939,1156,13.13,,,,,0,False,False,0.0,False,5.25,5.35,20.0,
88.2,27992,283.321,-725.953,-0.009,4.894,30.0,1156,-1,8.0,False,-1,True,True,0.75,0.0,0.101,False,False,0.241,-0.11,112.13,1156,16.89,,,,,0,False,False,0.0,False,8.76,5.4,20.0,
88.25,27993,283.223,-725.725,-0.009,5.0,30.0,1156,-1,8.25,False,-1,True,True,0.75,0.0,0.03,False,False,0.248,-0.162,112.414,1156,16.89,,,,,0,False,False,0.0,False,8.51,5.45,20.0,
88.3,27994,283.124,-725.492,-0.009,5.105,30.0,1156,-1,8.51,False,-1,True,True,0.75,0.0,0.013,False,False,0.254,-0.115,112.578,1156,16.89,,,,,0,False,False,0.0,False,8.26,5.5,20.0,
88.35,27995,283.022,-725.254,-0.009,5.233,30.0,1156,-1,8.76,False,-1,True,True,0.75,0.0,0.017,False,False,0.259,-0.079,112.695,1156,16.89,,,,,0,False,False,0.0,False,8.0,5.55,20.0,
88.4,27996,282.919,-725.014,-0.009,5.211,30.0,1156,-1,9.03,False,-1,True,True,0.75,0.0,0.016,False,False,0.246,-0.06,112.826,1156,16.89,,,,,0,False,False,0.0,False,7.74,5.62,20.0,
88.45,27997,282.816,-724.773,-0.009,5.26,30.0,1156,-1,9.29,False,-1,True,True,0.75,0.0,0.011,False,False,0.209,-0.04,112.901,1156,16.89,,,,,0,False,False,0.0,False,7.48,5.61,20.0,
88.5,27998,282.713,-724.534,-0.008,5.184,30.0,1156,-1,9.55,False,-1,True,True,0.75,0.0,0.012,False,False,0.162,-0.03,113.024,1156,16.89,,,,,0,False,False,0.0,False,7.22,5.63,20.0,
88.55,27999,282.61,-724.294,-0.008,5.266,30.0,1156,-1,9.81,False,-1,True,True,0.75,0.0,0.005,False,False,0.136,-0.016,113.073,1156,16.89,,,,,0,False,False,0.0,False,6.96,5.59,20.0,
88.6,28000,282.507,-724.053,-0.008,5.221,30.0,1156,-1,10.07,False,-1,True,True,0.75,0.0,0.009,False,False,0.117,-0.013,113.167,1156,16.89,,,,,0,False,False,0.0,False,6.69,5.63,20.0,
88.65,28001,282.403,-723.812,-0.008,5.294,30.0,1156,-1,10.33,False,-1,True,True,0.75,0.0,0.003,False,False,0.11,-0.006,113.188,1156,16.89,,,,,0,False,False,0.0,False,6.43,5.61,20.0,
88.7,28002,282.299,-723.571,-0.008,5.22,30.0,1156,-1,10.59,False,-1,True,True,0.75,0.0,0.007,False,False,0.093,-0.008,113.257,1156,16.89,,,,,0,False,False,0.0,False,6.17,5.65,20.0,
88.75,28003,282.192,-723.325,-0.008,5.549,30.0,1156,-1,10.86,False,-1,True,True,0.75,0.0,0.002,False,False,0.129,-0.003,113.254,1156,16.89,,,,,0,False,False,0.0,False,5.9,5.61,20.0,
88.8,28004,282.077,-723.059,-0.009,5.913,30.0,1156,-1,11.15,False,-1,True,True,0.051,0.0,0.006,False,False,0.275,-0.009,113.268,1156,16.89,,,,,0,False,False,0.0,False,5.61,5.77,20.0,
88.85,28005,281.951,-722.778,-0.011,6.239,30.0,1156,-1,11.46,False,-1,True,True,0.0,0.3,0.083,False,False,0.401,-0.134,113.491,1156,20.64,,,,,0,False,False,0.0,False,9.05,5.96,20.0,
88.9,28006,281.822,-722.493,-0.011,6.243,30.0,1156,-1,11.77,False,-1,True,True,0.0,0.3,0.008,False,False,0.42,-0.141,113.751,1156,20.64,,,,,0,False,False,0.0,False,8.74,6.12,20.0,
88.95,28007,281.696,-722.207,-0.01,6.262,30.0,1156,-1,12.15,False,-1,True,True,0.0,0.3,-0.004,False,False,0.364,-0.063,113.862,1156,20.64,,,,,0,False,False,0.0,False,8.43,6.12,20.0,
89.0,28008,281.571,-721.927,-0.009,6.069,30.0,1156,-1,12.45,False,-1,True,True,0.0,0.3,0.004,False,False,0.25,-0.025,113.893,1156,20.64,,,,,0,False,False,0.0,False,8.12,6.13,20.0,
89.05,28009,281.449,-721.654,-0.008,5.967,30.0,1156,-1,12.75,False,-1,True,True,0.0,0.3,0.009,False,False,0.13,-0.02,113.971,1156,20.64,,,,,0,False,False,0.0,False,7.82,6.03,20.0,
89.1,28010,281.331,-721.389,-0.007,5.725,30.0,1156,-1,13.11,False,-1,True,True,0.0,0.3,0.003,False,False,0.013,-0.013,113.993,1156,20.64,,,,,0,False,False,0.0,False,7.53,5.98,20.0,
89.15,28011,281.216,-721.132,-0.006,5.591,30.0,1156,-1,13.39,False,-1,True,True,0.0,0.3,0.003,False,False,-0.08,-0.007,114.051,1156,20.64,,,,,0,False,False,0.0,False,7.25,5.86,20.0,
89.2,28012,281.105,-720.884,-0.006,5.343,30.0,1156,-1,13.66,False,-1,True,True,0.0,0.158,0.002,False,False,-0.155,-0.003,114.048,1156,20.64,,,,,0,False,False,0.0,False,6.98,5.8,20.0,
89.25,28013,280.997,-720.643,-0.005,5.249,30.0,1156,-1,13.92,False,-1,True,True,0.735,0.0,0.006,False,False,-0.197,-0.008,114.099,1156,20.64,,,,,0,False,False,0.0,False,6.72,5.67,20.0,
89.3,28014,280.892,-720.41,-0.005,5.048,30.0,1156,-1,14.18,False,-1,True,True,0.75,0.0,0.001,False,False,-0.218,-0.006,114.087,1156,20.64,,,,,0,False,False,0.0,False,6.46,5.62,20.0,
89.35,28015,280.789,-720.18,-0.005,5.04,30.0,1156,-1,14.43,False,-1,True,True,0.75,0.0,0.006,False,False,-0.207,-0.009,114.098,1156,20.64,,,,,0,False,False,0.0,False,6.21,5.52,20.0,
89.4,28016,280.685,-719.951,-0.006,4.941,30.0,1156,-1,14.68,False,-1,True,True,0.75,0.0,0.003,False,False,-0.158,-0.009,114.107,1156,20.64,,,,,0,False,False,0.0,False,5.96,5.52,20.0,
89.45,28017,280.583,-719.722,-0.006,4.936,30.0,1156,-1,14.93,False,-1,True,True,0.75,0.0,0.003,False,False,-0.109,-0.007,114.132,1156,20.64,,,,,0,False,False,0.0,False,5.7,5.47,20.0,
89.5,28018,280.487,-719.51,-0.006,4.515,30.0,1156,-1,15.17,False,-1,True,True,0.75,0.0,0.001,False,False,-0.182,-0.003,114.171,1156,20.64,,,,,0,False,False,0.0,False,5.47,5.47,20.0,
89.55,28019,280.399,-719.312,-0.005,4.262,30.0,1156,-1,15.38,False,-1,True,True,0.75,0.0,-0.001,False,False,-0.265,0.002,114.182,1156,20.64,,,,,0,False,False,0.0,False,5.26,5.26,20.0,
89.6,28020,280.313,-719.122,-0.005,4.129,30.0,1156,-1,15.59,False,-1,True,True,0.75,0.0,0.001,False,False,-0.297,0.003,114.187,1156,20.64,,,,,0,False,False,0.0,False,5.05,5.13,20.0,
89.65,28021,280.227,-718.936,-0.005,4.083,30.0,1156,-1,15.8,False,-1,True,True,0.75,0.0,0.049,False,False,-0.275,-0.064,114.309,1156,24.39,,,,,0,False,False,0.0,False,8.59,5.06,20.0,
89.7,28022,280.141,-718.75,-0.005,4.097,30.0,1156,-1,16.0,False,-1,True,True,0.75,0.0,0.004,False,False,-0.212,-0.057,114.405,1156,24.39,,,,,0,False,False,0.0,False,8.39,5.04,20.0,
89.75,28023,280.055,-718.562,-0.006,4.147,30.0,1156,-1,16.21,False,-1,True,True,0.75,0.0,0.003,False,False,-0.13,-0.028,114.44,1156,24.39,,,,,0,False,False,0.0,False,8.18,5.05,20.0,
89.8,28024,279.967,-718.371,-0.007,4.219,30.0,1156,-1,16.42,False,-1,True,True,0.75,0.0,0.006,False,False,-0.045,-0.015,114.47,1156,24.39,,,,,0,False,False,0.0,False,7.97,5.07,20.0,
89.85,28025,279.878,-718.176,-0.008,4.305,30.0,1156,-1,16.63,False,-1,True,True,0.75,0.0,0.005,False,False,0.031,-0.009,114.501,1156,24.39,,,,,0,False,False,0.0,False,7.76,5.11,20.0,
89.9,28026,279.787,-717.978,-0.008,4.399,30.0,1156,-1,16.85,False,-1,True,True,0.75,0.0,0.004,False,False,0.095,-0.005,114.528,1156,24.39,,,,,0,False,False,0.0,False,7.54,5.15,20.0,
89.95,28027,279.693,-717.775,-0.009,4.498,30.0,1156,-1,17.07,False,-1,True,True,0.75,0.0,0.004,False,False,0.146,-0.003,114.552,1156,24.39,,,,,0,False,False,0.0,False,7.32,5.2,20.0,
90.0,28028,279.598,-717.567,-0.009,4.599,30.0,1156,-1,17.3,False,-1,True,True,0.75,0.0,0.003,False,False,0.184,-0.001,114.573,1156,24.39,,,,,0,False,False,0.0,False,7.09,5.25,20.0,
90.05,28029,279.501,-717.355,-0.009,4.703,30.0,1156,-1,17.54,False,-1,True,True,0.75,0.0,0.003,False,False,0.211,-0.0,114.591,1156,24.39,,,,,0,False,False,0.0,False,6.86,5.3,20.0,
90.1,28030,279.401,-717.138,-0.009,4.807,30.0,1156,-1,17.77,False,-1,True,True,0.75,0.0,0.002,False,False,0.23,0.0,114.606,1156,24.39,,,,,0,False,False,0.0,False,6.62,5.35,20.0,
90.15,28031,279.3,-716.917,-0.009,4.911,30.0,1156,-1,18.02,False,-1,True,True,0.75,0.0,0.002,False,False,0.243,0.0,114.62,1156,24.39,,,,,0,False,False,0.0,False,6.37,5.4,20.0,
90.2,28032,279.196,-716.691,-0.009,5.015,30.0,1156,-1,18.27,False,-1,True,True,0.75,0.0,0.002,False,False,0.251,0.0,114.631,1156,24.39,,,,,0,False,False,0.0,False,6.12,5.46,20.0,
90.25,28033,279.09,-716.46,-0.009,5.12,30.0,1156,-1,18.52,False,-1,True,True,0.75,0.0,0.001,False,False,0.257,0.0,114.641,1156,24.39,,,,,0,False,False,0.0,False,5.87,5.51,20.0,
90.3,28034,278.982,-716.225,-0.009,5.18,30.0,1156,-1,18.78,False,-1,True,True,0.75,0.0,0.001,False,False,0.257,0.0,114.65,1156,24.39,,,,,0,False,False,0.0,False,5.61,5.56,20.0,
90.35,28035,278.871,-715.986,-0.009,5.335,30.0,1156,-1,19.04,False,-1,True,True,0.75,0.0,0.001,False,False,0.258,0.001,114.645,1156,24.39,,,,,0,False,False,0.0,False,5.35,5.59,20.0,
90.4,28036,278.76,-715.747,-0.009,5.239,30.0,1156,-1,19.31,False,-1,True,True,0.75,0.0,0.029,False,False,0.22,-0.043,114.753,1156,28.14,,,,,0,False,False,0.0,False,8.84,5.67,20.0,
90.45,28037,278.649,-715.508,-0.009,5.301,30.0,1156,-1,19.57,False,-1,True,True,0.75,0.0,-0.001,False,False,0.179,-0.035,114.798,1156,28.14,,,,,0,False,False,0.0,False,8.57,5.62,20.0,
90.5,28038,278.539,-715.269,-0.008,5.237,30.0,1156,-1,19.83,False,-1,True,True,0.75,0.0,0.002,False,False,0.141,-0.019,114.864,1156,28.14,,,,,0,False,False,0.0,False,8.31,5.65,20.0,
90.55,28039,278.427,-715.03,-0.008,5.331,30.0,1156,-1,20.1,False,-1,True,True,0.75,0.0,-0.001,False,False,0.125,-0.005,114.86,1156,28.14,,,,,0,False,False,0.0,False,8.05,5.62,20.0,
90.6,28040,278.316,-714.789,-0.008,5.262,30.0,1156,-1,20.36,False,-1,True,True,0.75,0.0,0.004,False,False,0.108,-0.005,114.909,1156,28.14,,,,,0,False,False,0.0,False,7.78,5.67,20.0,
90.65,28041,278.204,-714.549,-0.008,5.329,30.0,1156,-1,20.63,False,-1,True,True,0.75,0.0,-0.001,False,False,0.098,-0.0,114.893,1156,28.14,,,,,0,False,False,0.0,False,7.52,5.63,20.0,
90.7,28042,278.091,-714.305,-0.008,5.512,30.0,1156,-1,20.9,False,-1,True,True,0.75,0.0,0.003,False,False,0.125,-0.004,114.94,1156,28.14,,,,,0,False,False,0.0,False,7.25,5.66,20.0,
90.75,28043,277.968,-714.04,-0.01,6.019,30.0,1156,-1,21.19,False,-1,True,True,0.179,0.0,-0.002,False,False,0.278,-0.0,114.966,1156,28.14,,,,,0,False,False,0.0,False,6.95,5.76,20.0,
90.8,28044,277.838,-713.76,-0.011,6.208,30.0,1156,-1,21.5,False,-1,True,True,0.0,0.3,-0.002,False,False,0.396,0.003,114.967,1156,28.14,,,,,0,False,False,0.0,False,6.65,6.01,20.0,
90.85,28045,277.705,-713.474,-0.011,6.346,30.0,1156,-1,21.81,False,-1,True,True,0.0,0.3,0.0,False,False,0.423,0.0,114.966,1156,28.14,,,,,0,False,False,0.0,False,6.33,6.1,20.0,
90.9,28046,277.573,-713.189,-0.01,6.233,30.0,1156,-1,22.13,False,-1,True,True,0.0,0.3,0.0,False,False,0.359,-0.003,114.968,1156,28.14,,,,,0,False,False,0.0,False,6.02,6.17,20.0,
90.95,28047,277.441,-712.909,-0.009,6.177,30.0,1156,-1,22.44,False,-1,True,True,0.0,0.3,0.014,False,False,0.255,-0.031,115.004,1156,31.9,,,,,0,False,False,0.0,False,9.46,6.12,20.0,
91.0,28048,277.314,-712.637,-0.008,5.951,30.0,1156,-1,22.74,False,-1,True,True,0.0,0.3,0.001,False,False,0.129,-0.03,115.069,1156,31.9,,,,,0,False,False,0.0,False,9.16,6.09,20.0,
91.05,28049,277.189,-712.371,-0.007,5.826,30.0,1156,-1,23.03,False,-1,True,True,0.0,0.3,-0.003,False,False,0.018,-0.012,115.056,1156,31.9,,,,,0,False,False,0.0,False,8.87,5.98,20.0,
91.1,28050,277.07,-712.115,-0.006,5.567,30.0,1156,-1,23.31,False,-1,True,True,0.0,0.3,0.002,False,False,-0.083,-0.008,115.088,1156,31.9,,,,,0,False,False,0.0,False,8.58,5.91,20.0,
91.15,28051,276.953,-711.867,-0.006,5.45,30.0,1156,-1,23.59,False,-1,True,True,0.0,0.073,-0.002,False,False,-0.152,-0.003,115.066,1156,31.9,,,,,0,False,False,0.0,False,8.31,5.78,20.0,
91.2,28052,276.841,-711.627,-0.005,5.23,30.0,1156,-1,23.85,False,-1,True,True,0.345,0.0,0.003,False,False,-0.198,-0.004,115.105,1156,31.9,,,,,0,False,False,0.0,False,8.04,5.73,20.0,
91.25,28053,276.731,-711.392,-0.005,5.161,30.0,1156,-1,24.11,False,-1,True,True,0.75,0.0,-0.003,False,False,-0.212,0.001,115.087,1156,31.9,,,,,0,False,False,0.0,False,7.79,5.61,20.0,
91.3,28054,276.624,-711.163,-0.005,5.026,30.0,1156,-1,24.36,False,-1,True,True,0.75,0.0,0.002,False,False,-0.208,-0.0,115.12,1156,31.9,,,,,0,False,False,0.0,False,7.53,5.58,20.0,
91.35,28055,276.516,-710.933,-0.006,5.093,30.0,1156,-1,24.62,False,-1,True,True,0.75,0.0,-0.003,False,False,-0.156,0.003,115.088,1156,31.9,,,,,0,False,False,0.0,False,7.28,5.51,20.0,
91.4,28056,276.409,-710.705,-0.006,4.921,30.0,1156,-1,24.87,False,-1,True,True,0.75,0.0,0.003,False,False,-0.116,-0.002,115.092,1156,31.9,,,,,0,False,False,0.0,False,7.03,5.55,20.0,
91.45,28057,276.31,-710.492,-0.006,4.562,30.0,1156,-1,25.1,False,-1,True,True,0.75,0.0,0.0,False,False,-0.181,-0.003,115.124,1156,31.9,,,,,0,False,False,0.0,False,6.79,5.46,20.0,
91.5,28058,276.217,-710.294,-0.005,4.303,30.0,1156,-1,25.32,False,-1,True,True,0.75,0.0,-0.003,False,False,-0.263,0.001,115.126,1156,31.9,,,,,0,False,False,0.0,False,6.57,5.28,20.0,
91.55,28059,276.128,-710.103,-0.005,4.165,30.0,1156,-1,25.53,False,-1,True,True,0.75,0.0,-0.001,False,False,-0.298,0.002,115.122,1156,31.9,,,,,0,False,False,0.0,False,6.36,5.15,20.0,
91.6,28060,276.04,-709.916,-0.005,4.117,30.0,1156,-1,25.74,False,-1,True,True,0.75,0.0,-0.0,False,False,-0.276,0.0,115.12,1156,31.9,,,,,0,False,False,0.0,False,6.16,5.08,20.0,
91.65,28061,275.953,-709.729,-0.005,4.129,30.0,1156,-1,25.95,False,-1,True,True,0.75,0.0,-0.0,False,False,-0.214,-0.001,115.118,1156,31.9,,,,,0,False,False,0.0,False,5.95,5.06,20.0,
91.7,28062,275.864,-709.54,-0.006,4.177,30.0,1156,-1,26.16,False,-1,True,True,0.75,0.0,-0.0,False,False,-0.133,-0.001,115.117,1156,31.9,,,,,0,False,False,0.0,False,5.74,5.06,20.0,
91.75,28063,275.774,-709.348,-0.007,4.247,30.0,1156,-1,26.37,False,-1,True,True,0.75,0.0,-0.0,False,False,-0.049,-0.001,115.116,1156,31.9,,,,,0,False,False,0.0,False,5.53,5.09,20.0,
91.8,28064,275.683,-709.153,-0.008,4.332,30.0,1156,-1,26.58,False,-1,True,True,0.75,0.0,-0.0,False,False,0.028,-0.001,115.115,1156,31.9,,,,,0,False,False,0.0,False,5.31,5.12,20.0,
91.85,28065,275.59,-708.954,-0.008,4.425,30.0,1156,-1,26.8,False,-1,True,True,0.75,0.0,-0.0,False,False,0.092,-0.001,115.114,1156,31.9,,,,,0,False,False,0.0,False,5.09,5.17,20.0,
91.9,28066,275.494,-708.751,-0.008,4.523,30.0,1156,-1,27.03,False,-1,True,True,0.75,0.0,0.009,False,False,0.143,-0.015,115.14,1156,35.65,,,,,0,False,False,0.0,False,8.62,5.21,20.0,
91.95,28067,275.396,-708.543,-0.009,4.625,30.0,1156,-1,27.26,False,-1,True,True,0.75,0.0,-0.0,False,False,0.181,-0.013,115.159,1156,35.65,,,,,0,False,False,0.0,False,8.39,5.26,20.0,
92.0,28068,275.296,-708.331,-0.009,4.728,30.0,1156,-1,27.49,False,-1,True,True,0.75,0.0,-0.0,False,False,0.209,-0.006,115.163,1156,35.65,,,,,0,False,False,0.0,False,8.16,5.31,20.0,
92.05,28069,275.194,-708.114,-0.009,4.832,30.0,1156,-1,27.73,False,-1,True,True,0.75,0.0,0.001,False,False,0.229,-0.003,115.167,1156,35.65,,,,,0,False,False,0.0,False,7.92,5.36,20.0,
92.1,28070,275.09,-707.893,-0.009,4.936,30.0,1156,-1,27.98,False,-1,True,True,0.75,0.0,0.001,False,False,0.242,-0.002,115.171,1156,35.65,,,,,0,False,False,0.0,False,7.67,5.42,20.0,
92.15,28071,274.983,-707.666,-0.009,5.04,30.0,1156,-1,28.23,False,-1,True,True,0.75,0.0,0.0,False,False,0.251,-0.001,115.175,1156,35.65,,,,,0,False,False,0.0,False,7.42,5.47,20.0,
92.2,28072,274.875,-707.436,-0.009,5.141,30.0,1156,-1,28.48,False,-1,True,True,0.75,0.0,0.0,False,False,0.256,-0.0,115.178,1156,35.65,,,,,0,False,False,0.0,False,7.17,5.52,20.0,
92.25,28073,274.764,-707.2,-0.009,5.279,30.0,1156,-1,28.74,False,-1,True,True,0.75,0.0,0.0,False,False,0.26,0.0,115.181,1156,35.65,,,,,0,False,False,0.0,False,6.91,5.57,20.0,
92.3,28074,274.651,-706.96,-0.009,5.301,30.0,1156,-1,29.01,False,-1,True,True,0.75,0.0,0.0,False,False,0.255,0.0,115.177,1156,35.65,,,,,0,False,False,0.0,False,6.64,5.64,20.0,
92.35,28075,274.538,-706.719,-0.009,5.368,30.0,1156,-1,29.27,False,-1,True,True,0.75,0.0,0.001,False,False,0.236,-0.001,115.198,1156,35.65,,,,,0,False,False,0.0,False,6.37,5.65,20.0,
92.4,28076,274.424,-706.478,-0.009,5.286,30.0,1156,-1,29.54,False,-1,True,True,0.726,0.0,-0.002,False,False,0.188,0.002,115.165,1156,35.65,,,,,0,False,False,0.0,False,6.11,5.68,20.0,
92.45,28077,274.311,-706.238,-0.008,5.358,30.0,1156,-1,29.81,False,-1,True,True,0.75,0.0,0.003,False,False,0.154,-0.003,115.19,1156,35.65,,,,,0,False,False,0.0,False,5.84,5.64,20.0,
92.5,28078,274.198,-705.997,-0.008,5.306,30.0,1156,-1,30.07,False,-1,True,True,0.75,0.0,-0.002,False,False,0.126,0.0,115.159,1156,35.65,,,,,0,False,False,0.0,False,5.58,5.68,20.0,
92.55,28079,274.084,-705.755,-0.008,5.383,30.0,1156,-1,30.34,False,-1,True,True,0.75,0.0,0.008,False,False,0.115,-0.011,115.197,1156,39.4,,,,,0,False,False,0.0,False,9.06,5.65,20.0,
92.6,28080,273.97,-705.514,-0.008,5.31,30.0,1156,-1,30.61,False,-1,True,True,0.649,0.0,-0.001,False,False,0.097,-0.007,115.182,1156,39.4,,,,,0,False,False,0.0,False,8.8,5.69,20.0,
92.65,28081,273.854,-705.27,-0.008,5.531,30.0,1156,-1,30.88,False,-1,True,True,0.75,0.0,0.003,False,False,0.108,-0.006,115.192,1156,39.4,,,,,0,False,False,0.0,False,8.53,5.66,20.0,
92.7,28082,273.731,-705.008,-0.009,5.911,30.0,1156,-1,31.16,False,-1,True,True,0.108,0.0,0.001,False,False,0.24,-0.003,115.178,1156,39.4,,,,,0,False,False,0.0,False,8.24,5.77,20.0,
92.75,28083,273.599,-704.729,-0.01,6.257,30.0,1156,-1,31.47,False,-1,True,True,0.0,0.3,0.003,False,False,0.373,-0.004,115.182,1156,39.4,,,,,0,False,False,0.0,False,7.93,5.96,20.0,
92.8,28084,273.465,-704.445,-0.011,6.268,30.0,1156,-1,31.79,False,-1,True,True,0.0,0.3,0.003,False,False,0.403,-0.006,115.198,1156,39.4,,,,,0,False,False,0.0,False,7.61,6.13,20.0,
92.85,28085,273.331,-704.161,-0.01,6.295,30.0,1156,-1,32.1,False,-1,True,True,0.0,0.3,-0.0,False,False,0.356,-0.001,115.208,1156,39.4,,,,,0,False,False,0.0,False,7.3,6.13,20.0,
92.9,28086,273.2,-703.882,-0.009,6.113,30.0,1156,-1,32.41,False,-1,True,True,0.0,0.3,0.0,False,False,0.251,0.003,115.212,1156,39.4,,,,,0,False,False,0.0,False,6.99,6.15,20.0,
92.95,28087,273.071,-703.609,-0.008,6.017,30.0,1156,-1,32.71,False,-1,True,True,0.0,0.3,0.0,False,False,0.136,0.004,115.227,1156,39.4,,,,,0,False,False,0.0,False,6.69,6.06,20.0,
93.0,28088,272.946,-703.344,-0.007,5.772,30.0,1156,-1,33.0,False,-1,True,True,0.0,0.3,-0.001,False,False,0.019,0.006,115.206,1156,39.4,,,,,0,False,False,0.0,False,6.4,6.01,20.0,
93.05,28089,272.826,-703.088,-0.006,5.636,30.0,1156,-1,33.29,False,-1,True,True,0.0,0.3,0.002,False,False,-0.075,0.002,115.237,1156,39.4,,,,,0,False,False,0.0,False,6.11,5.89,20.0,
93.1,28090,272.709,-702.841,-0.006,5.368,30.0,1156,-1,33.56,False,-1,True,True,0.0,0.3,-0.002,False,False,-0.157,0.005,115.212,1156,39.4,,,,,0,False,False,0.0,False,5.84,5.82,20.0,
93.15,28091,272.597,-702.602,-0.005,5.257,30.0,1156,-1,33.83,False,-1,True,True,0.643,0.0,0.002,False,False,-0.207,0.001,115.242,1156,39.4,,,,,0,False,False,0.0,False,5.58,5.68,20.0,
93.2,28092,272.487,-702.37,-0.005,5.056,30.0,1156,-1,34.08,False,-1,True,True,0.75,0.0,0.001,False,False,-0.23,-0.003,115.216,1156,43.15,,,,,0,False,False,0.0,False,9.07,5.63,20.0,
93.25,28093,272.379,-702.142,-0.005,5.03,30.0,1156,-1,34.33,False,-1,True,True,0.75,0.0,0.003,False,False,-0.221,-0.007,115.222,1156,43.15,,,,,0,False,False,0.0,False,8.82,5.53,20.0,
93.3,28094,272.272,-701.915,-0.006,5.026,30.0,1156,-1,34.59,False,-1,True,True,0.75,0.0,0.001,False,False,-0.17,-0.006,115.233,1156,43.15,,,,,0,False,False,0.0,False,8.57,5.51,20.0,
93.35,28095,272.164,-701.687,-0.006,5.008,30.0,1156,-1,34.84,False,-1,True,True,0.75,0.0,0.0,False,False,-0.11,-0.002,115.225,1156,43.15,,,,,0,False,False,0.0,False,8.32,5.51,20.0,
93.4,28096,272.063,-701.471,-0.006,4.607,30.0,1156,-1,35.07,False,-1,True,True,0.75,0.0,0.002,False,False,-0.153,-0.003,115.312,1156,43.15,,,,,0,False,False,0.0,False,8.08,5.5,20.0,
93.45,28097,271.97,-701.272,-0.005,4.327,30.0,1156,-1,35.3,False,-1,True,True,0.75,0.0,-0.007,False,False,-0.239,0.006,115.322,1156,43.15,,,,,0,False,False,0.0,False,7.86,5.3,20.0,
93.5,28098,271.88,-701.081,-0.005,4.174,30.0,1156,-1,35.51,False,-1,True,True,0.75,0.0,-0.002,False,False,-0.284,0.007,115.311,1156,43.15,,,,,0,False,False,0.0,False,7.65,5.16,20.0,
93.55,28099,271.792,-700.894,-0.005,4.115,30.0,1156,-1,35.71,False,-1,True,True,0.75,0.0,-0.0,False,False,-0.273,0.003,115.305,1156,43.15,,,,,0,False,False,0.0,False,7.44,5.09,20.0,
93.6,28100,271.703,-700.708,-0.005,4.119,30.0,1156,-1,35.92,False,-1,True,True,0.75,0.0,-0.001,False,False,-0.218,-0.001,115.301,1156,43.15,,,,,0,False,False,0.0,False,7.23,5.06,20.0,
93.65,28101,271.615,-700.52,-0.006,4.163,30.0,1156,-1,36.13,False,-1,True,True,0.75,0.0,-0.001,False,False,-0.141,-0.002,115.298,1156,43.15,,,,,0,False,False,0.0,False,7.03,5.06,20.0,
93.7,28102,271.525,-700.329,-0.007,4.231,30.0,1156,-1,36.34,False,-1,True,True,0.75,0.0,-0.001,False,False,-0.058,-0.002,115.294,1156,43.15,,,,,0,False,False,0.0,False,6.82,5.08,20.0,
93.75,28103,271.433,-700.135,-0.007,4.314,30.0,1156,-1,36.55,False,-1,True,True,0.75,0.0,-0.0,False,False,0.019,-0.002,115.292,1156,43.15,,,,,0,False,False,0.0,False,6.6,5.12,20.0,
93.8,28104,271.34,-699.937,-0.008,4.406,30.0,1156,-1,36.77,False,-1,True,True,0.75,0.0,-0.0,False,False,0.085,-0.001,115.289,1156,43.15,,,,,0,False,False,0.0,False,6.38,5.16,20.0,
93.85,28105,271.244,-699.735,-0.008,4.504,30.0,1156,-1,37.0,False,-1,True,True,0.75,0.0,-0.0,False,False,0.137,-0.001,115.287,1156,43.15,,,,,0,False,False,0.0,False,6.16,5.2,20.0,
93.9,28106,271.146,-699.528,-0.009,4.605,30.0,1156,-1,37.22,False,-1,True,True,0.75,0.0,-0.0,False,False,0.177,-0.001,115.285,1156,43.15,,,,,0,False,False,0.0,False,5.93,5.25,20.0,
93.95,28107,271.047,-699.317,-0.009,4.708,30.0,1156,-1,37.46,False,-1,True,True,0.75,0.0,-0.0,False,False,0.206,-0.001,115.283,1156,43.15,,,,,0,False,False,0.0,False,5.7,5.3,20.0,
94.0,28108,270.945,-699.101,-0.009,4.812,30.0,1156,-1,37.7,False,-1,True,True,0.75,0.0,-0.0,False,False,0.227,-0.0,115.281,1156,43.15,,,,,0,False,False,0.0,False,5.46,5.35,20.0,
94.05,28109,270.841,-698.88,-0.009,4.916,30.0,1156,-1,37.94,False,-1,True,True,0.75,0.0,-0.0,False,False,0.24,-0.0,115.28,1156,43.15,,,,,0,False,False,0.0,False,5.21,5.41,20.0,
94.1,28110,270.734,-698.655,-0.009,5.02,30.0,1156,-1,38.19,False,-1,True,True,0.75,0.0,0.002,False,False,0.249,-0.003,115.285,1156,46.9,,,,,0,False,False,0.0,False,8.72,5.46,20.0,
94.15,28111,270.626,-698.425,-0.009,5.125,30.0,1156,-1,38.44,False,-1,True,True,0.75,0.0,-0.0,False,False,0.256,-0.003,115.287,1156,46.9,,,,,0,False,False,0.0,False,8.46,5.51,20.0,
94.2,28112,270.515,-698.191,-0.009,5.195,30.0,1156,-1,38.7,False,-1,True,True,0.75,0.0,-0.0,False,False,0.256,-0.001,115.295,1156,46.9,,,,,0,False,False,0.0,False,8.2,5.56,20.0,
94.25,28113,270.403,-697.955,-0.009,5.26,30.0,1156,-1,38.96,False,-1,True,True,0.75,0.0,-0.001,False,False,0.24,0.001,115.273,1156,46.9,,,,,0,False,False,0.0,False,7.94,5.6,20.0,
94.3,28114,270.292,-697.719,-0.009,5.172,30.0,1156,-1,39.22,False,-1,True,True,0.75,0.0,0.002,False,False,0.191,-0.002,115.308,1156,46.9,,,,,0,False,False,0.0,False,7.68,5.63,20.0,
94.35,28115,270.181,-697.484,-0.008,5.242,30.0,1156,-1,39.48,False,-1,True,True,0.75,0.0,-0.003,False,False,0.155,0.002,115.285,1156,46.9,,,,,0,False,False,0.0,False,7.42,5.59,20.0,
94.4,28116,270.07,-697.249,-0.008,5.186,30.0,1156,-1,39.74,False,-1,True,True,0.75,0.0,0.002,False,False,0.125,-0.0,115.319,1156,46.9,,,,,0,False,False,0.0,False,7.16,5.62,20.0,
94.45,28117,269.958,-697.012,-0.008,5.286,30.0,1156,-1,40.01,False,-1,True,True,0.75,0.0,-0.003,False,False,0.118,0.003,115.295,1156,46.9,,,,,0,False,False,0.0,False,6.9,5.59,20.0,
94.5,28118,269.846,-696.775,-0.008,5.209,30.0,1156,-1,40.27,False,-1,True,True,0.75,0.0,0.002,False,False,0.102,-0.0,115.322,1156,46.9,,,,,0,False,False,0.0,False,6.64,5.64,20.0,
94.55,28119,269.734,-696.538,-0.008,5.277,30.0,1156,-1,40.53,False,-1,True,True,0.75,0.0,-0.003,False,False,0.095,0.002,115.29,1156,46.9,,,,,0,False,False,0.0,False,6.37,5.6,20.0,
94.6,28120,269.619,-696.294,-0.008,5.559,30.0,1156,-1,40.8,False,-1,True,True,0.75,0.0,0.002,False,False,0.15,-0.003,115.279,1156,46.9,,,,,0,False,False,0.0,False,6.1,5.64,20.0,
94.65,28121,269.492,-696.027,-0.01,6.053,30.0,1156,-1,41.1,False,-1,True,True,0.015,0.0,0.001,False,False,0.312,-0.005,115.269,1156,46.9,,,,,0,False,False,0.0,False,5.81,5.78,20.0,
94.7,28122,269.36,-695.747,-0.011,6.232,30.0,1156,-1,41.41,False,-1,True,True,0.0,0.3,0.002,False,False,0.423,-0.007,115.274,1156,50.66,,,,,0,False,False,0.0,False,9.25,6.03,20.0,
94.75,28123,269.225,-695.461,-0.011,6.362,30.0,1156,-1,41.72,False,-1,True,True,0.0,0.3,0.0,False,False,0.44,-0.005,115.281,1156,50.66,,,,,0,False,False,0.0,False,8.94,6.12,20.0,
94.8,28124,269.09,-695.177,-0.01,6.243,30.0,1156,-1,42.04,False,-1,True,True,0.0,0.3,0.0,False,False,0.366,-0.001,115.284,1156,50.66,,,,,0,False,False,0.0,False,8.62,6.18,20.0,
94.85,28125,268.958,-694.897,-0.009,6.183,30.0,1156,-1,42.35,False,-1,True,True,0.0,0.3,0.0,False,False,0.257,0.001,115.281,1156,50.66,,,,,0,False,False,0.0,False,8.31,6.12,20.0,
94.9,28126,268.829,-694.625,-0.008,5.958,30.0,1156,-1,42.65,False,-1,True,True,0.0,0.3,0.001,False,False,0.129,-0.0,115.3,1156,50.66,,,,,0,False,False,0.0,False,8.01,6.09,20.0,
94.95,28127,268.704,-694.36,-0.007,5.831,30.0,1156,-1,42.94,False,-1,True,True,0.0,0.3,-0.001,False,False,0.016,0.002,115.274,1156,50.66,,,,,0,False,False,0.0,False,7.72,5.98,20.0,
95.0,28128,268.583,-694.104,-0.006,5.571,30.0,1156,-1,43.22,False,-1,True,True,0.0,0.3,0.002,False,False,-0.085,-0.002,115.302,1156,50.66,,,,,0,False,False,0.0,False,7.44,5.92,20.0,
95.05,28129,268.466,-693.856,-0.006,5.452,30.0,1156,-1,43.5,False,-1,True,True,0.0,0.088,-0.002,False,False,-0.155,0.002,115.278,1156,50.66,,,,,0,False,False,0.0,False,7.16,5.79,20.0,
95.1,28130,268.353,-693.616,-0.005,5.214,30.0,1156,-1,43.76,False,-1,True,True,0.0,0.088,-0.002,False,False,-0.204,0.006,115.301,1156,50.66,,,,,0,False,False,0.0,False,6.9,5.73,20.0,
95.15,28131,268.243,-693.384,-0.005,5.121,30.0,1156,-1,44.02,False,-1,True,True,0.75,0.0,-0.001,False,False,-0.226,0.007,115.271,1156,50.66,,,,,0,False,False,0.0,False,6.64,5.61,20.0,
95.2,28132,268.136,-693.156,-0.005,5.05,30.0,1156,-1,44.27,False,-1,True,True,0.75,0.0,0.003,False,False,-0.219,0.0,115.319,1156,50.66,,,,,0,False,False,0.0,False,6.39,5.56,20.0,
95.25,28133,268.028,-692.927,-0.006,5.051,30.0,1156,-1,44.52,False,-1,True,True,0.75,0.0,-0.004,False,False,-0.168,0.003,115.327,1156,50.66,,,,,0,False,False,0.0,False,6.13,5.52,20.0,
95.3,28134,267.922,-692.702,-0.006,4.813,30.0,1156,-1,44.77,False,-1,True,True,0.75,0.0,-0.001,False,False,-0.138,0.003,115.307,1156,50.66,,,,,0,False,False,0.0,False,5.88,5.53,20.0,
95.35,28135,267.825,-692.497,-0.005,4.39,30.0,1156,-1,45.0,False,-1,True,True,0.75,0.0,0.001,False,False,-0.235,-0.001,115.283,1156,50.66,,,,,0,False,False,0.0,False,5.66,5.41,20.0,
95.4,28136,267.735,-692.308,-0.004,4.118,30.0,1156,-1,45.21,False,-1,True,True,0.75,0.0,0.002,False,False,-0.326,-0.005,115.283,1156,50.66,,,,,0,False,False,0.0,False,5.45,5.2,20.0,
95.45,28137,267.649,-692.126,-0.004,3.973,30.0,1156,-1,45.41,False,-1,True,True,0.75,0.0,0.001,False,False,-0.357,-0.005,115.287,1156,50.66,,,,,0,False,False,0.0,False,5.25,5.06,20.0,
95.5,28138,267.565,-691.948,-0.004,3.92,30.0,1156,-1,45.61,False,-1,True,True,0.75,0.0,0.0,False,False,-0.326,-0.003,115.289,1156,50.66,,,,,0,False,False,0.0,False,5.05,4.99,20.0,
95.55,28139,267.48,-691.77,-0.005,3.93,30.0,1156,-1,45.8,False,-1,True,True,0.75,0.0,0.0,False,False,-0.253,-0.001,115.291,1156,50.66,,,,,0,False,False,0.0,False,4.85,4.96,20.0,
95.6,28140,267.396,-691.591,-0.006,3.979,30.0,1156,-1,46.0,False,-1,True,True,0.75,0.0,0.001,False,False,-0.161,-0.002,115.294,1156,54.41,,,,,0,False,False,0.0,False,8.41,4.97,20.0,
95.65,28141,267.309,-691.408,-0.007,4.052,30.0,1156,-1,46.2,False,-1,True,True,0.75,0.0,0.0,False,False,-0.068,-0.001,115.296,1156,54.41,,,,,0,False,False,0.0,False,8.21,4.99,20.0,
95.7,28142,267.221,-691.222,-0.007,4.138,30.0,1156,-1,46.41,False,-1,True,True,0.75,0.0,0.0,False,False,0.016,-0.0,115.298,1156,54.41,,,,,0,False,False,0.0,False,8.0,5.03,20.0,
95.75,28143,267.131,-691.032,-0.008,4.233,30.0,1156,-1,46.62,False,-1,True,True,0.75,0.0,0.0,False,False,0.086,-0.0,115.299,1156,54.41,,,,,0,False,False,0.0,False,7.79,5.07,20.0,
95.8,28144,267.039,-690.837,-0.008,4.334,30.0,1156,-1,46.84,False,-1,True,True,0.75,0.0,0.0,False,False,0.14,-0.0,115.301,1156,54.41,,,,,0,False,False,0.0,False,7.57,5.12,20.0,
95.85,28145,266.945,-690.638,-0.009,4.437,30.0,1156,-1,47.06,False,-1,True,True,0.75,0.0,0.0,False,False,0.181,0.0,115.302,1156,54.41,,,,,0,False,False,0.0,False,7.35,5.17,20.0,
95.9,28146,266.849,-690.434,-0.009,4.542,30.0,1156,-1,47.28,False,-1,True,True,0.75,0.0,0.0,False,False,0.211,0.0,115.303,1156,54.41,,,,,0,False,False,0.0,False,7.13,5.22,20.0,
95.95,28147,266.75,-690.226,-0.009,4.647,30.0,1156,-1,47.51,False,-1,True,True,0.75,0.0,0.0,False,False,0.231,0.0,115.304,1156,54.41,,,,,0,False,False,0.0,False,6.9,5.27,20.0,
96.0,28148,266.65,-690.013,-0.009,4.753,30.0,1156,-1,47.75,False,-1,True,True,0.75,0.0,0.0,False,False,0.244,0.0,115.304,1156,54.41,,,,,0,False,False,0.0,False,6.66,5.32,20.0,
96.05,28149,266.547,-689.795,-0.009,4.858,30.0,1156,-1,47.99,False,-1,True,True,0.75,0.0,0.0,False,False,0.253,0.0,115.305,1156,54.41,,,,,0,False,False,0.0,False,6.42,5.38,20.0,
96.1,28150,266.442,-689.573,-0.01,4.963,30.0,1156,-1,48.23,False,-1,True,True,0.75,0.0,0.0,False,False,0.258,0.0,115.306,1156,54.41,,,,,0,False,False,0.0,False,6.18,5.43,20.0,
96.15,28151,266.334,-689.346,-0.009,5.067,30.0,1156,-1,48.49,False,-1,True,True,0.75,0.0,0.0,False,False,0.261,0.0,115.306,1156,54.41,,,,,0,False,False,0.0,False,5.92,5.48,20.0,
96.2,28152,266.225,-689.114,-0.009,5.156,30.0,1156,-1,48.74,False,-1,True,True,0.75,0.0,0.0,False,False,0.262,0.0,115.306,1156,54.41,,,,,0,False,False,0.0,False,5.67,5.53,20.0,
96.25,28153,266.113,-688.878,-0.009,5.306,30.0,1156,-1,49.0,False,-1,True,True,0.75,0.0,0.0,False,False,0.263,0.0,115.307,1156,54.41,,,,,0,False,False,0.0,False,5.41,5.58,20.0,
96.3,28154,265.999,-688.637,-0.009,5.333,30.0,1156,-1,49.27,False,-1,True,True,0.75,0.0,0.0,False,False,0.258,-0.001,115.306,1156,58.16,,,,,0,False,False,0.0,False,8.89,5.65,20.0,
96.35,28155,265.883,-688.393,-0.009,5.434,30.0,1156,-1,49.54,False,-1,True,True,0.75,0.0,0.0,False,False,0.248,-0.001,115.321,1156,58.16,,,,,0,False,False,0.0,False,8.62,5.67,20.0,
96.4,28156,265.768,-688.15,-0.009,5.343,30.0,1156,-1,49.81,False,-1,True,True,0.487,0.0,-0.001,False,False,0.202,0.002,115.287,1156,58.16,,,,,0,False,False,0.0,False,8.35,5.72,20.0,
96.45,28157,265.654,-687.908,-0.008,5.388,30.0,1156,-1,50.08,False,-1,True,True,0.75,0.0,0.003,False,False,0.158,-0.003,115.312,1156,58.16,,,,,0,False,False,0.0,False,8.09,5.67,20.0,
96.5,28158,265.54,-687.667,-0.008,5.306,30.0,1156,-1,50.34,False,-1,True,True,0.639,0.0,-0.002,False,False,0.116,0.0,115.279,1156,58.16,,,,,0,False,False,0.0,False,7.82,5.69,20.0,
96.55,28159,265.425,-687.425,-0.008,5.372,30.0,1156,-1,50.61,False,-1,True,True,0.75,0.0,0.003,False,False,0.095,-0.003,115.303,1156,58.16,,,,,0,False,False,0.0,False,7.55,5.65,20.0,
96.6,28160,265.311,-687.185,-0.008,5.312,30.0,1156,-1,50.88,False,-1,True,True,0.688,0.0,-0.002,False,False,0.08,0.0,115.271,1156,58.16,,,,,0,False,False,0.0,False,7.29,5.69,20.0,
96.65,28161,265.197,-686.942,-0.008,5.403,30.0,1156,-1,51.15,False,-1,True,True,0.75,0.0,0.003,False,False,0.083,-0.003,115.297,1156,58.16,,,,,0,False,False,0.0,False,7.02,5.66,20.0,
96.7,28162,265.082,-686.7,-0.008,5.328,30.0,1156,-1,51.41,False,-1,True,True,0.569,0.0,-0.001,False,False,0.077,0.001,115.271,1156,58.16,,,,,0,False,False,0.0,False,6.75,5.7,20.0,
96.75,28163,264.967,-686.457,-0.008,5.394,30.0,1156,-1,51.68,False,-1,True,True,0.75,0.0,0.003,False,False,0.077,-0.001,115.303,1156,58.16,,,,,0,False,False,0.0,False,6.48,5.66,20.0,
96.8,28164,264.849,-686.208,-0.008,5.666,30.0,1156,-1,51.96,False,-1,True,True,0.598,0.0,-0.002,False,False,0.136,0.003,115.313,1156,58.16,,,,,0,False,False,0.0,False,6.21,5.7,20.0,
96.85,28165,264.722,-685.938,-0.01,6.105,30.0,1156,-1,52.26,False,-1,True,True,0.0,0.3,-0.001,False,False,0.289,0.005,115.325,1156,58.16,,,,,0,False,False,0.0,False,5.91,5.83,20.0,
96.9,28166,264.59,-685.657,-0.01,6.206,30.0,1156,-1,52.57,False,-1,True,True,0.0,0.3,-0.001,False,False,0.374,0.005,115.325,1765,1.94,,,,,0,False,False,0.0,False,9.41,6.05,20.0,
96.95,28167,264.456,-685.374,-0.01,6.301,30.0,1156,-1,52.88,False,-1,True,True,0.0,0.3,-0.0,False,False,0.376,0.002,115.323,1765,1.94,,,,,0,False,False,0.0,False,9.1,6.1,20.0,
97.0,28168,264.323,-685.093,-0.01,6.159,30.0,1156,-1,53.19,False,-1,True,True,0.0,0.3,-0.0,False,False,0.3,0.0,115.324,1765,1.94,,,,,0,False,False,0.0,False,8.79,6.15,20.0,
97.05,28169,264.193,-684.818,-0.009,6.083,30.0,1156,-1,53.49,False,-1,True,True,0.0,0.3,-0.0,False,False,0.196,-0.001,115.306,1765,1.94,,,,,0,False,False,0.0,False,8.48,6.08,20.0,
97.1,28170,264.066,-684.55,-0.008,5.851,30.0,1156,-1,53.79,False,-1,True,True,0.0,0.3,0.001,False,False,0.076,-0.004,115.332,1765,1.94,,,,,0,False,False,0.0,False,8.19,6.04,20.0,
97.15,28171,263.943,-684.29,-0.007,5.722,30.0,1156,-1,54.08,False,-1,True,True,0.0,0.3,-0.002,False,False,-0.026,-0.001,115.303,1765,1.94,,,,,0,False,False,0.0,False,7.9,5.93,20.0,
97.2,28172,263.824,-684.039,-0.006,5.46,30.0,1156,-1,54.36,False,-1,True,True,0.0,0.3,0.002,False,False,-0.116,-0.004,115.329,1765,1.94,,,,,0,False,False,0.0,False,7.62,5.86,20.0,
97.25,28173,263.709,-683.796,-0.006,5.352,30.0,1156,-1,54.63,False,-1,True,True,0.314,0.0,-0.002,False,False,-0.175,-0.0,115.301,1765,1.94,,,,,0,False,False,0.0,False,7.35,5.73,20.0,
97.3,28174,263.598,-683.559,-0.005,5.153,30.0,1156,-1,54.89,False,-1,True,True,0.703,0.0,0.002,False,False,-0.207,-0.002,115.335,1765,1.94,,,,,0,False,False,0.0,False,7.09,5.68,20.0,
97.35,28175,263.488,-683.328,-0.005,5.12,30.0,1156,-1,55.14,False,-1,True,True,0.75,0.0,-0.003,False,False,-0.204,0.003,115.311,1765,1.94,,,,,0,False,False,0.0,False,6.83,5.58,20.0,
97.4,28176,263.38,-683.099,-0.005,5.018,30.0,1156,-1,55.4,False,-1,True,True,0.75,0.0,0.002,False,False,-0.181,0.001,115.351,1765,1.94,,,,,0,False,False,0.0,False,6.58,5.56,20.0,
97.45,28177,263.272,-682.87,-0.006,5.085,30.0,1156,-1,55.65,False,-1,True,True,0.75,0.0,-0.004,False,False,-0.126,0.005,115.323,1765,1.94,,,,,0,False,False,0.0,False,6.33,5.51,20.0,
97.5,28178,263.165,-682.644,-0.006,4.887,30.0,1156,-1,55.9,False,-1,True,True,0.75,0.0,0.002,False,False,-0.099,0.001,115.339,1765,1.94,,,,,0,False,False,0.0,False,6.08,5.54,20.0,
97.55,28179,263.065,-682.433,-0.006,4.553,30.0,1156,-1,56.13,False,-1,True,True,0.75,0.0,-0.002,False,False,-0.17,0.001,115.324,1765,1.94,,,,,0,False,False,0.0,False,5.85,5.44,20.0,
97.6,28180,262.971,-682.234,-0.005,4.354,30.0,1156,-1,56.35,False,-1,True,True,0.75,0.0,0.001,False,False,-0.236,-0.001,115.32,1765,1.94,,,,,0,False,False,0.0,False,5.62,5.28,20.0,
97.65,28181,262.879,-682.04,-0.005,4.261,30.0,1156,-1,56.57,False,-1,True,True,0.75,0.0,0.0,False,False,-0.252,-0.002,115.32,1765,1.94,,,,,0,False,False,0.0,False,5.41,5.18,20.0,
97.7,28182,262.788,-681.848,-0.005,4.242,30.0,1156,-1,56.78,False,-1,True,True,0.75,0.0,-0.0,False,False,-0.22,-0.002,115.32,1765,1.94,,,,,0,False,False,0.0,False,5.2,5.13,20.0,
97.75,28183,262.697,-681.655,-0.006,4.27,30.0,1156,-1,56.99,False,-1,True,True,0.75,0.0,-0.0,False,False,-0.157,-0.001,115.319,1765,1.94,,,,,0,False,False,0.0,False,4.98,5.12,20.0,
97.8,28184,262.605,-681.46,-0.007,4.328,30.0,1156,-1,57.21,False,-1,True,True,0.75,0.0,-0.0,False,False,-0.08,-0.001,115.318,1765,5.82,,,,,0,False,False,0.0,False,8.65,5.14,20.0,
97.85,28185,262.511,-681.262,-0.007,4.404,30.0,1156,-1,57.43,False,-1,True,True,0.75,0.0,-0.0,False,False,-0.005,-0.0,115.318,1765,5.82,,,,,0,False,False,0.0,False,8.43,5.16,20.0,
97.9,28186,262.415,-681.06,-0.008,4.491,30.0,1156,-1,57.65,False,-1,True,True,0.75,0.0,-0.0,False,False,0.062,-0.0,115.317,1765,5.82,,,,,0,False,False,0.0,False,8.2,5.2,20.0,
97.95,28187,262.318,-680.854,-0.008,4.586,30.0,1156,-1,57.88,False,-1,True,True,0.75,0.0,-0.0,False,False,0.118,-0.0,115.317,1765,5.82,,,,,0,False,False,0.0,False,7.98,5.25,20.0,
98.0,28188,262.218,-680.643,-0.009,4.685,30.0,1156,-1,58.11,False,-1,True,True,0.75,0.0,-0.0,False,False,0.161,-0.0,115.317,1765,5.82,,,,,0,False,False,0.0,False,7.74,5.29,20.0,
98.05,28189,262.117,-680.429,-0.009,4.786,30.0,1156,-1,58.35,False,-1,True,True,0.75,0.0,-0.0,False,False,0.194,-0.0,115.317,1765,5.82,,,,,0,False,False,0.0,False,7.51,5.34,20.0,
98.1,28190,262.013,-680.209,-0.009,4.888,30.0,1156,-1,58.59,False,-1,True,True,0.75,0.0,-0.0,False,False,0.217,-0.0,115.316,1765,5.82,,,,,0,False,False,0.0,False,7.26,5.39,20.0,
98.15,28191,261.907,-679.985,-0.009,4.991,30.0,1156,-1,58.84,False,-1,True,True,0.75,0.0,-0.0,False,False,0.233,-0.0,115.316,1765,5.82,,,,,0,False,False,0.0,False,7.02,5.44,20.0,
98.2,28192,261.799,-679.757,-0.009,5.094,30.0,1156,-1,59.09,False,-1,True,True,0.75,0.0,0.0,False,False,0.245,-0.0,115.316,1765,5.82,,,,,0,False,False,0.0,False,6.76,5.5,20.0,
98.25,28193,261.689,-679.524,-0.009,5.228,30.0,1156,-1,59.35,False,-1,True,True,0.75,0.0,-0.0,False,False,0.254,0.0,115.316,1765,5.82,,,,,0,False,False,0.0,False,6.5,5.55,20.0,
98.3,28194,261.577,-679.287,-0.009,5.257,30.0,1156,-1,59.61,False,-1,True,True,0.75,0.0,-0.0,False,False,0.252,-0.0,115.316,1765,5.82,,,,,0,False,False,0.0,False,6.24,5.61,20.0,
98.35,28195,261.462,-679.044,-0.009,5.43,30.0,1156,-1,59.88,False,-1,True,True,0.75,0.0,-0.0,False,False,0.257,-0.0,115.32,1765,5.82,,,,,0,False,False,0.0,False,5.97,5.63,20.0,
98.4,28196,261.347,-678.801,-0.009,5.356,30.0,1765,-1,0.11,True,9,True,True,0.506,0.0,-0.0,False,False,0.233,0.001,115.298,1765,5.82,,,,,0,False,False,0.0,False,5.7,5.72,20.0,
98.45,28197,261.232,-678.558,-0.009,5.392,30.0,1765,-1,0.38,True,9,True,True,0.75,0.0,0.002,False,False,0.188,-0.003,115.323,1765,5.82,,,,,0,False,False,0.0,False,5.44,5.68,20.0,
98.5,28198,261.118,-678.317,-0.008,5.301,30.0,1765,-1,0.65,True,9,True,True,0.629,0.0,-0.002,False,False,0.137,0.001,115.288,1765,9.69,,,,,0,False,False,0.0,False,9.05,5.7,20.0,
98.55,28199,261.004,-678.076,-0.008,5.358,30.0,1765,-1,0.91,True,9,True,True,0.75,0.0,0.003,False,False,0.107,-0.003,115.312,1765,9.69,,,,,0,False,False,0.0,False,8.78,5.65,20.0,
98.6,28200,260.89,-677.836,-0.008,5.292,30.0,1765,-1,1.18,True,9,True,True,0.741,0.0,-0.002,False,False,0.083,0.0,115.28,1765,9.69,,,,,0,False,False,0.0,False,8.52,5.68,20.0,
98.65,28201,260.776,-677.595,-0.008,5.382,30.0,1765,-1,1.45,True,9,True,True,0.75,0.0,0.003,False,False,0.082,-0.003,115.305,1765,9.69,,,,,0,False,False,0.0,False,8.25,5.65,20.0,
98.7,28202,260.661,-677.354,-0.008,5.313,30.0,1765,-1,1.71,True,9,True,True,0.648,0.0,-0.001,False,False,0.077,0.001,115.273,1765,9.69,,,,,0,False,False,0.0,False,7.98,5.69,20.0,
98.75,28203,260.547,-677.111,-0.008,5.38,30.0,1765,-1,1.98,True,9,True,True,0.75,0.0,0.003,False,False,0.077,-0.002,115.304,1765,9.69,,,,,0,False,False,0.0,False,7.71,5.66,20.0,
98.8,28204,260.431,-676.866,-0.008,5.56,30.0,1765,-1,2.25,True,9,True,True,0.651,0.0,-0.002,False,False,0.11,0.002,115.27,1765,9.69,,,,,0,False,False,0.0,False,7.44,5.69,20.0,
98.85,28205,260.304,-676.6,-0.009,6.048,30.0,1765,-1,2.55,True,9,True,True,0.0,0.0,0.003,False,False,0.264,-0.002,115.257,1765,9.69,,,,,0,False,False,0.0,False,7.15,5.78,20.0,
98.9,28206,260.172,-676.321,-0.01,6.21,30.0,1765,-1,2.86,True,9,True,True,0.0,0.3,0.002,False,False,0.376,-0.004,115.265,1765,9.69,,,,,0,False,False,0.0,False,6.84,6.02,20.0,
98.95,28207,260.037,-676.036,-0.011,6.326,30.0,1765,-1,3.17,True,9,True,True,0.0,0.3,0.001,False,False,0.397,-0.001,115.274,1765,9.69,,,,,0,False,False,0.0,False,6.52,6.1,20.0,
99.0,28208,259.904,-675.754,-0.01,6.197,30.0,1765,-1,3.48,True,9,True,True,0.0,0.3,0.0,False,False,0.329,0.002,115.278,1765,9.69,,,,,0,False,False,0.0,False,6.21,6.16,20.0,
99.05,28209,259.773,-675.476,-0.009,6.134,30.0,1765,-1,3.79,True,9,True,True,0.0,0.3,0.001,False,False,0.226,0.003,115.291,1765,9.69,,,,,0,False,False,0.0,False,5.9,6.1,20.0,
99.1,28210,259.645,-675.206,-0.008,5.904,30.0,1765,-1,4.09,True,9,True,True,0.0,0.3,0.0,False,False,0.104,0.004,115.275,1765,13.57,,,,,0,False,False,0.798,False,9.48,6.07,20.0,
99.15,28211,259.521,-674.944,-0.007,5.777,30.0,1765,-1,4.38,True,9,True,True,0.0,0.3,0.002,False,False,-0.003,0.0,115.308,1765,13.57,,,,,0,False,False,0.972,False,9.19,5.95,20.0,
99.2,28212,259.401,-674.69,-0.006,5.516,30.0,1765,-1,4.66,True,9,True,True,0.0,0.3,-0.002,False,False,-0.099,0.004,115.284,1765,13.57,,,,,0,False,False,1.154,False,8.91,5.89,20.0,
99.25,28213,259.285,-674.445,-0.006,5.407,30.0,1765,-1,4.93,True,9,True,True,0.111,0.0,0.003,False,False,-0.163,0.001,115.314,1765,13.57,,,,,0,False,False,1.339,False,8.64,5.76,20.0,
99.3,28214,259.172,-674.206,-0.005,5.198,30.0,1765,-1,5.2,True,9,True,True,0.503,0.0,-0.002,False,False,-0.2,0.002,115.282,1765,13.57,,,,,0,False,False,1.523,False,8.38,5.7,20.0,
99.35,28215,259.062,-673.973,-0.005,5.144,30.0,1765,-1,5.45,True,9,True,True,0.75,0.0,0.003,False,False,-0.207,-0.002,115.307,1765,13.57,,,,,0,False,False,0.0,False,8.12,5.6,20.0,
99.4,28216,258.953,-673.744,-0.005,5.018,30.0,1765,-1,5.71,True,9,True,True,0.75,0.0,-0.001,False,False,-0.196,-0.0,115.276,1765,13.57,,,,,0,False,False,0.0,False,7.87,5.57,20.0,
99.45,28217,258.845,-673.515,-0.006,5.086,30.0,1765,-1,5.96,True,9,True,True,0.75,0.0,0.003,False,False,-0.144,-0.003,115.311,1765,13.57,,,,,0,False,False,0.0,False,7.61,5.51,20.0,
99.5,28218,258.738,-673.288,-0.006,4.921,30.0,1765,-1,6.21,True,9,True,True,0.75,0.0,-0.002,False,False,-0.105,0.001,115.307,1765,13.57,,,,,0,False,False,0.0,False,7.36,5.54,20.0,
99.55,28219,258.637,-673.075,-0.006,4.583,30.0,1765,-1,6.45,True,9,True,True,0.75,0.0,0.0,False,False,-0.166,0.002,115.286,1765,13.57,,,,,0,False,False,0.0,False,7.13,5.46,20.0,
99.6,28220,258.542,-672.875,-0.005,4.344,30.0,1765,-1,6.67,True,9,True,True,0.75,0.0,0.002,False,False,-0.242,-0.001,115.286,1765,13.57,,,,,0,False,False,0.0,False,6.91,5.29,20.0,
99.65,28221,258.451,-672.683,-0.005,4.221,30.0,1765,-1,6.88,True,9,True,True,0.75,0.0,0.001,False,False,-0.273,-0.001,115.291,1765,13.57,,,,,0,False,False,0.0,False,6.69,5.17,20.0,
99.7,28222,258.362,-672.493,-0.005,4.182,30.0,1765,-1,7.09,True,9,True,True,0.75,0.0,0.0,False,False,-0.25,0.0,115.294,1765,13.57,,,,,0,False,False,0.0,False,6.48,5.11,20.0,
99.75,28223,258.272,-672.304,-0.006,4.198,30.0,1765,-1,7.3,True,9,True,True,0.75,0.0,0.0,False,False,-0.19,0.001,115.296,1765,13.57,,,,,0,False,False,0.0,False,6.27,5.09,20.0,
99.8,28224,258.181,-672.112,-0.006,4.249,30.0,1765,-1,7.51,True,9,True,True,0.75,0.0,0.0,False,False,-0.112,0.001,115.298,1765,13.57,,,,,0,False,False,1.555,False,6.06,5.1,20.0,
99.85,28225,258.089,-671.917,-0.007,4.321,30.0,1765,-1,7.73,True,9,True,True,0.75,0.0,0.0,False,False,-0.032,0.001,115.3,1765,13.57,,,,,0,False,False,1.406,False,5.85,5.12,20.0,
99.9,28226,257.996,-671.719,-0.008,4.407,30.0,1765,-1,7.95,True,9,True,True,0.75,0.0,0.0,False,False,0.04,0.001,115.301,1765,13.57,,,,,0,False,False,1.261,False,5.63,5.16,20.0,
99.95,28227,257.9,-671.517,-0.008,4.5,30.0,1765,-1,8.17,True,9,True,True,0.75,0.0,0.0,False,False,0.101,0.0,115.303,1765,13.57,,,,,0,False,False,1.116,False,5.4,5.2,20.0,
100.0,28228,257.802,-671.311,-0.009,4.598,30.0,1765,-1,8.4,True,9,True,True,0.75,0.0,0.0,False,False,0.149,0.0,115.304,1765,13.57,,,,,0,False,False,1.176,False,5.17,5.25,20.0,
100.05,28229,257.703,-671.1,-0.009,4.699,30.0,1765,-1,8.63,True,9,True,True,0.75,0.0,0.001,False,False,0.185,-0.001,115.307,1155,1.96,,,,,0,False,False,1.335,False,8.84,5.3,20.0,
100.1,28230,257.601,-670.884,-0.009,4.802,30.0,1765,-1,8.87,True,9,True,True,0.75,0.0,0.0,False,False,0.211,-0.001,115.309,1155,1.96,,,,,0,False,False,1.5,False,8.61,5.35,20.0,
100.15,28231,257.497,-670.664,-0.009,4.905,30.0,1765,-1,9.11,True,9,True,True,0.75,0.0,0.0,False,False,0.23,-0.0,115.311,1155,1.96,,,,,0,False,False,0.0,False,8.36,5.4,20.0,
100.2,28232,257.39,-670.44,-0.009,5.009,30.0,1765,-1,9.36,True,9,True,True,0.75,0.0,0.0,False,False,0.242,-0.0,115.312,1155,1.96,,,,,0,False,False,0.0,False,8.11,5.45,20.0,
100.25,28233,257.282,-670.21,-0.009,5.113,30.0,1765,-1,9.62,True,9,True,True,0.75,0.0,0.0,False,False,0.251,-0.0,115.312,1155,1.96,,,,,0,False,False,0.0,False,7.86,5.5,20.0,
100.3,28234,257.171,-669.977,-0.009,5.172,30.0,1765,-1,9.87,True,9,True,True,0.75,0.0,0.0,False,False,0.253,-0.0,115.313,1155,1.96,,,,,0,False,False,0.0,False,7.6,5.56,20.0,
100.35,28235,257.059,-669.738,-0.009,5.347,30.0,1765,-1,10.14,True,9,True,True,0.75,0.0,0.0,False,False,0.258,-0.0,115.31,1155,1.96,,,,,0,False,False,0.0,False,7.34,5.59,20.0,
100.4,28236,256.945,-669.498,-0.009,5.282,30.0,1765,-1,10.4,True,9,True,True,0.75,0.0,0.001,False,False,0.235,-0.001,115.332,1155,1.96,,,,,0,False,False,0.0,False,7.07,5.67,20.0,
100.45,28237,256.832,-669.258,-0.009,5.338,30.0,1765,-1,10.67,True,9,True,True,0.75,0.0,-0.002,False,False,0.197,0.003,115.308,1155,1.96,,,,,0,False,False,0.0,False,6.81,5.64,20.0,
100.5,28238,256.719,-669.019,-0.008,5.27,30.0,1765,-1,10.93,True,9,True,True,0.75,0.0,0.002,False,False,0.154,-0.001,115.343,1155,1.96,,,,,0,False,False,0.0,False,6.54,5.67,20.0,
100.55,28239,256.605,-668.779,-0.008,5.358,30.0,1765,-1,11.2,True,9,True,True,0.75,0.0,-0.003,False,False,0.133,0.003,115.32,1155,1.96,,,,,0,False,False,1.567,False,6.28,5.63,20.0,
100.6,28240,256.491,-668.538,-0.008,5.294,30.0,1765,-1,11.47,True,9,True,True,0.748,0.0,0.002,False,False,0.113,-0.0,115.35,1155,1.96,,,,,0,False,False,1.383,False,6.01,5.68,20.0,
100.65,28241,256.377,-668.297,-0.008,5.361,30.0,1765,-1,11.73,True,9,True,True,0.75,0.0,-0.003,False,False,0.102,0.002,115.319,1155,1.96,,,,,0,False,False,1.209,False,5.74,5.65,20.0,
100.7,28242,256.263,-668.055,-0.008,5.441,30.0,1765,-1,12.0,True,9,True,True,0.728,0.0,0.002,False,False,0.104,-0.002,115.321,1155,1.96,,,,,0,False,False,1.034,False,5.48,5.68,20.0,
100.75,28243,256.139,-667.793,-0.009,5.963,30.0,1765,-1,12.29,True,9,True,True,0.437,0.0,0.0,False,False,0.244,-0.003,115.3,1155,5.89,,,,,0,False,False,0.851,False,9.11,5.72,20.0,
100.8,28244,256.007,-667.516,-0.01,6.182,30.0,1765,-1,12.6,True,9,True,True,0.0,0.3,0.002,False,False,0.372,-0.005,115.298,1155,5.89,,,,,0,False,False,0.0,False,8.81,5.98,20.0,
100.85,28245,255.872,-667.231,-0.011,6.349,30.0,1765,-1,12.91,True,9,True,True,0.0,0.3,0.001,False,False,0.417,-0.005,115.303,1155,5.89,,,,,0,False,False,0.0,False,8.49,6.09,20.0,
100.9,28246,255.738,-666.947,-0.01,6.255,30.0,1765,-1,13.23,True,9,True,True,0.0,0.3,0.0,False,False,0.367,-0.002,115.307,1155,5.89,,,,,0,False,False,0.0,False,8.18,6.17,20.0,
100.95,28247,255.605,-666.666,-0.009,6.211,30.0,1765,-1,13.54,True,9,True,True,0.0,0.3,0.0,False,False,0.272,0.0,115.313,1155,5.89,,,,,0,False,False,0.0,False,7.87,6.13,20.0,
101.0,28248,255.475,-666.392,-0.008,5.993,30.0,1765,-1,13.84,True,9,True,True,0.0,0.3,-0.0,False,False,0.149,0.002,115.299,1155,5.89,,,,,0,False,False,0.0,False,7.56,6.11,20.0,
101.05,28249,255.349,-666.125,-0.007,5.871,30.0,1765,-1,14.13,True,9,True,True,0.0,0.3,0.002,False,False,0.037,0.0,115.328,1155,5.89,,,,,0,False,False,0.0,False,7.27,6.0,20.0,
101.1,28250,255.227,-665.868,-0.006,5.614,30.0,1765,-1,14.42,True,9,True,True,0.0,0.3,-0.002,False,False,-0.067,0.004,115.302,1155,5.89,,,,,0,False,False,0.0,False,6.98,5.94,20.0,
101.15,28251,255.109,-665.618,-0.006,5.48,30.0,1765,-1,14.7,True,9,True,True,0.0,0.243,0.002,False,False,-0.143,0.001,115.331,1155,5.89,,,,,0,False,False,0.0,False,6.71,5.81,20.0,
101.2,28252,254.995,-665.378,-0.005,5.247,30.0,1765,-1,14.96,True,9,True,True,0.239,0.0,-0.002,False,False,-0.199,0.003,115.3,1155,5.89,,,,,0,False,False,0.0,False,6.44,5.74,20.0,
101.25,28253,254.884,-665.143,-0.005,5.175,30.0,1765,-1,15.22,True,9,True,True,0.75,0.0,0.003,False,False,-0.218,-0.002,115.323,1155,5.89,,,,,0,False,False,0.0,False,6.18,5.62,20.0,
101.3,28254,254.776,-664.914,-0.005,5.012,30.0,1768,-1,13.16,True,9,True,False,0.75,0.0,-0.002,False,False,-0.219,-0.0,115.284,1155,5.89,,,,,0,False,False,0.0,False,5.93,5.59,20.0,
101.35,28255,254.667,-664.685,-0.006,5.084,30.0,1155,-1,0.22,False,-1,True,True,0.75,0.0,0.004,False,False,-0.171,-0.005,115.306,1155,5.89,,,,,0,False,False,0.0,False,5.68,5.51,20.0,
101.4,28256,254.559,-664.457,-0.006,5.008,30.0,1155,-1,0.47,False,-1,True,True,0.75,0.0,-0.001,False,False,-0.119,-0.002,115.277,1155,5.89,,,,,0,False,False,0.0,False,5.42,5.54,20.0,
101.45,28257,254.457,-664.241,-0.006,4.623,30.0,1155,-1,0.71,False,-1,True,True,0.75,0.0,0.004,False,False,-0.163,-0.003,115.303,1155,9.82,,,,,0,False,False,0.0,False,9.11,5.5,20.0,
101.5,28258,254.362,-664.041,-0.005,4.34,30.0,1155,-1,0.93,False,-1,True,True,0.75,0.0,-0.001,False,False,-0.249,0.0,115.313,1155,9.82,,,,,0,False,False,0.0,False,8.89,5.31,20.0,
101.55,28259,254.272,-663.849,-0.005,4.183,30.0,1155,-1,1.14,False,-1,True,True,0.75,0.0,-0.0,False,False,-0.294,0.003,115.313,1155,9.82,,,,,0,False,False,0.0,False,8.68,5.17,20.0,
101.6,28260,254.183,-663.662,-0.005,4.122,30.0,1155,-1,1.35,False,-1,True,True,0.75,0.0,0.0,False,False,-0.282,0.002,115.313,1155,9.82,,,,,0,False,False,0.0,False,8.47,5.09,20.0,
101.65,28261,254.095,-663.476,-0.005,4.124,30.0,1155,-1,1.56,False,-1,True,True,0.75,0.0,0.0,False,False,-0.226,0.001,115.315,1155,9.82,,,,,0,False,False,0.0,False,8.27,5.06,20.0,
101.7,28262,254.006,-663.287,-0.006,4.167,30.0,1155,-1,1.76,False,-1,True,True,0.75,0.0,0.0,False,False,-0.147,0.001,115.316,1155,9.82,,,,,0,False,False,0.0,False,8.06,5.06,20.0,
101.75,28263,253.916,-663.097,-0.007,4.235,30.0,1155,-1,1.97,False,-1,True,True,0.75,0.0,0.0,False,False,-0.063,0.001,115.316,1155,9.82,,,,,0,False,False,0.0,False,7.85,5.08,20.0,
101.8,28264,253.824,-662.902,-0.007,4.317,30.0,1155,-1,2.19,False,-1,True,True,0.75,0.0,0.0,False,False,0.015,0.0,115.317,1155,9.82,,,,,0,False,False,0.0,False,7.63,5.12,20.0,
101.85,28265,253.73,-662.704,-0.008,4.409,30.0,1155,-1,2.41,False,-1,True,True,0.75,0.0,0.0,False,False,0.082,0.0,115.318,1155,9.82,,,,,0,False,False,0.0,False,7.41,5.16,20.0,
101.9,28266,253.634,-662.502,-0.008,4.507,30.0,1155,-1,2.63,False,-1,True,True,0.75,0.0,0.0,False,False,0.135,0.0,115.318,1155,9.82,,,,,0,False,False,0.0,False,7.19,5.2,20.0,
101.95,28267,253.537,-662.295,-0.009,4.608,30.0,1155,-1,2.86,False,-1,True,True,0.75,0.0,0.0,False,False,0.175,0.0,115.319,1155,9.82,,,,,0,False,False,0.0,False,6.96,5.25,20.0,
102.0,28268,253.437,-662.084,-0.009,4.711,30.0,1155,-1,3.09,False,-1,True,True,0.75,0.0,0.0,False,False,0.205,0.0,115.319,1155,9.82,,,,,0,False,False,0.0,False,6.73,5.3,20.0,
102.05,28269,253.335,-661.868,-0.009,4.815,30.0,1155,-1,3.33,False,-1,True,True,0.75,0.0,0.0,False,False,0.226,0.0,115.32,1155,9.82,,,,,0,False,False,0.0,False,6.49,5.36,20.0,
102.1,28270,253.23,-661.647,-0.009,4.919,30.0,1155,-1,3.58,False,-1,True,True,0.75,0.0,0.0,False,False,0.24,0.0,115.32,1155,9.82,,,,,0,False,False,0.0,False,6.24,5.41,20.0,
102.15,28271,253.124,-661.422,-0.009,5.023,30.0,1155,-1,3.83,False,-1,True,True,0.75,0.0,-0.0,False,False,0.249,0.0,115.32,1155,9.82,,,,,0,False,False,0.0,False,6.0,5.46,20.0,
102.2,28272,253.015,-661.192,-0.009,5.123,30.0,1155,-1,4.08,False,-1,True,True,0.75,0.0,0.0,False,False,0.255,0.0,115.32,1155,9.82,,,,,0,False,False,0.0,False,5.74,5.51,20.0,
102.25,28273,252.904,-660.958,-0.009,5.262,30.0,1155,-1,4.34,False,-1,True,True,0.75,0.0,0.0,False,False,0.26,-0.0,115.321,1155,9.82,,,,,0,False,False,0.0,False,5.48,5.56,20.0,
102.3,28274,252.791,-660.719,-0.009,5.289,30.0,1155,-1,4.6,False,-1,True,True,0.75,0.0,0.0,False,False,0.256,-0.001,115.322,1155,13.75,,,,,0,False,False,0.0,False,9.15,5.63,20.0,
102.35,28275,252.676,-660.475,-0.009,5.458,30.0,1155,-1,4.87,False,-1,True,True,0.75,0.0,-0.0,False,False,0.26,-0.0,115.315,1155,13.75,,,,,0,False,False,0.0,False,8.88,5.64,20.0,
102.4,28276,252.56,-660.231,-0.009,5.374,30.0,1155,-1,5.14,False,-1,True,True,0.403,0.0,0.001,False,False,0.23,-0.001,115.339,1155,13.75,,,,,0,False,False,0.0,False,8.61,5.73,20.0,
102.45,28277,252.445,-659.988,-0.009,5.404,30.0,1155,-1,5.41,False,-1,True,True,0.697,0.0,-0.002,False,False,0.183,0.003,115.314,1155,13.75,,,,,0,False,False,0.0,False,8.34,5.69,20.0,
102.5,28278,252.331,-659.746,-0.008,5.301,30.0,1155,-1,5.68,False,-1,True,True,0.584,0.0,0.002,False,False,0.128,-0.001,115.35,1155,13.75,,,,,0,False,False,0.0,False,8.07,5.7,20.0,
102.55,28279,252.217,-659.506,-0.008,5.344,30.0,1155,-1,5.95,False,-1,True,True,0.75,0.0,-0.003,False,False,0.094,0.003,115.327,1155,13.75,,,,,0,False,False,0.0,False,7.8,5.65,20.0,
102.6,28280,252.104,-659.267,-0.008,5.266,30.0,1155,-1,6.21,False,-1,True,True,0.75,0.0,0.002,False,False,0.067,-0.0,115.36,1155,13.75,,,,,0,False,False,0.0,False,7.54,5.67,20.0,
102.65,28281,251.991,-659.027,-0.008,5.344,30.0,1155,-1,6.48,False,-1,True,True,0.75,0.0,-0.003,False,False,0.063,0.003,115.335,1155,13.75,,,,,0,False,False,0.0,False,7.27,5.63,20.0,
102.7,28282,251.877,-658.786,-0.008,5.298,30.0,1155,-1,6.74,False,-1,True,True,0.75,0.0,0.001,False,False,0.064,-0.001,115.367,1155,13.75,,,,,0,False,False,0.0,False,7.01,5.67,20.0,
102.75,28283,251.763,-658.545,-0.008,5.364,30.0,1155,-1,7.01,False,-1,True,True,0.75,0.0,-0.003,False,False,0.071,0.002,115.341,1155,13.75,,,,,0,False,False,0.0,False,6.74,5.65,20.0,
102.8,28284,251.65,-658.305,-0.008,5.29,30.0,1155,-1,7.28,False,-1,True,True,0.71,0.0,0.002,False,False,0.066,-0.002,115.368,1155,13.75,,,,,0,False,False,0.0,False,6.48,5.68,20.0,
102.85,28285,251.532,-658.056,-0.008,5.712,30.0,1155,-1,7.55,False,-1,True,True,0.75,0.0,-0.003,False,False,0.137,0.002,115.375,1155,13.75,,,,,0,False,False,0.0,False,6.2,5.64,20.0,
102.9,28286,251.405,-657.787,-0.01,6.031,30.0,1155,-1,7.85,False,-1,True,True,0.0,0.3,-0.002,False,False,0.29,0.003,115.38,1155,13.75,,,,,0,False,False,0.0,False,5.9,5.86,20.0,
102.95,28287,251.272,-657.505,-0.011,6.315,30.0,1155,-1,8.16,False,-1,True,True,0.0,0.3,-0.002,False,False,0.398,0.003,115.373,1155,17.68,,,,,0,False,False,0.0,False,9.52,6.02,20.0,
103.0,28288,251.137,-657.22,-0.011,6.304,30.0,1155,-1,8.48,False,-1,True,True,0.0,0.3,-0.001,False,False,0.405,0.001,115.365,1155,17.68,,,,,0,False,False,0.0,False,9.2,6.16,20.0,
103.05,28289,251.002,-656.935,-0.01,6.315,30.0,1155,-1,8.79,False,-1,True,True,0.0,0.3,-0.0,False,False,0.343,-0.002,115.359,1155,17.68,,,,,0,False,False,0.0,False,8.89,6.15,20.0,
103.1,28290,250.87,-656.655,-0.009,6.129,30.0,1155,-1,9.1,False,-1,True,True,0.0,0.3,-0.0,False,False,0.232,-0.004,115.365,1155,17.68,,,,,0,False,False,0.0,False,8.58,6.16,20.0,
103.15,28291,250.74,-656.382,-0.008,6.022,30.0,1155,-1,9.4,False,-1,True,True,0.0,0.3,-0.001,False,False,0.116,-0.002,115.337,1155,17.68,,,,,0,False,False,0.0,False,8.28,6.06,20.0,
103.2,28292,250.615,-656.117,-0.007,5.775,30.0,1155,-1,9.69,False,-1,True,True,0.0,0.3,0.002,False,False,0.001,-0.006,115.36,1155,17.68,,,,,0,False,False,0.0,False,7.99,6.01,20.0,
103.25,28293,250.493,-655.861,-0.006,5.637,30.0,1155,-1,9.98,False,-1,True,True,0.0,0.3,-0.003,False,False,-0.09,-0.002,115.331,1155,17.68,,,,,0,False,False,0.0,False,7.7,5.89,20.0,
103.3,28294,250.376,-655.614,-0.006,5.367,30.0,1155,-1,10.25,False,-1,True,True,0.0,0.3,0.002,False,False,-0.169,-0.004,115.356,1155,17.68,,,,,0,False,False,0.0,False,7.43,5.82,20.0,
103.35,28295,250.263,-655.375,-0.005,5.256,30.0,1155,-1,10.52,False,-1,True,True,0.641,0.0,-0.003,False,False,-0.216,-0.0,115.327,1155,17.68,,,,,0,False,False,0.0,False,7.16,5.68,20.0,
103.4,28296,250.154,-655.143,-0.005,5.054,30.0,1155,-1,10.77,False,-1,True,True,0.75,0.0,0.002,False,False,-0.237,-0.001,115.36,1155,17.68,,,,,0,False,False,0.0,False,6.91,5.63,20.0,
103.45,28297,250.045,-654.915,-0.005,5.078,30.0,1155,-1,11.03,False,-1,True,True,0.75,0.0,-0.003,False,False,-0.216,0.003,115.327,1155,17.68,,,,,0,False,False,0.0,False,6.65,5.53,20.0,
103.5,28298,249.938,-654.687,-0.006,5.001,30.0,1155,-1,11.28,False,-1,True,True,0.75,0.0,0.002,False,False,-0.166,-0.0,115.353,1155,17.68,,,,,0,False,False,0.0,False,6.4,5.54,20.0,
103.55,28299,249.831,-654.463,-0.006,4.806,30.0,1155,-1,11.53,False,-1,True,True,0.75,0.0,-0.002,False,False,-0.145,0.002,115.284,1155,17.68,,,,,0,False,False,0.0,False,6.15,5.5,20.0,
103.6,28300,249.733,-654.258,-0.005,4.434,30.0,1155,-1,11.75,False,-1,True,True,0.75,0.0,0.006,False,False,-0.226,-0.003,115.235,1155,17.68,,,,,0,False,False,0.0,False,5.93,5.4,20.0,
103.65,28301,249.641,-654.065,-0.005,4.205,30.0,1155,-1,11.97,False,-1,True,True,0.75,0.0,0.006,False,False,-0.298,-0.008,115.243,1155,17.68,,,,,0,False,False,0.0,False,5.71,5.22,20.0,
103.7,28302,249.553,-653.878,-0.005,4.091,30.0,1155,-1,12.17,False,-1,True,True,0.75,0.0,0.002,False,False,-0.315,-0.005,115.256,1155,17.68,,,,,0,False,False,0.0,False,5.51,5.1,20.0,
103.75,28303,249.466,-653.694,-0.005,4.059,30.0,1155,-1,12.38,False,-1,True,True,0.75,0.0,0.001,False,False,-0.277,0.0,115.264,1155,17.68,,,,,0,False,False,0.0,False,5.3,5.05,20.0,
103.8,28304,249.379,-653.51,-0.006,4.081,30.0,1155,-1,12.58,False,-1,True,True,0.75,0.0,0.001,False,False,-0.205,0.003,115.271,1155,17.68,,,,,0,False,False,0.0,False,5.1,5.03,20.0,
103.85,28305,249.29,-653.323,-0.006,4.136,30.0,1155,-1,12.79,False,-1,True,True,0.75,0.0,0.001,False,False,-0.119,0.003,115.278,1155,17.68,,,,,0,False,False,0.0,False,4.89,5.04,20.0,
103.9,28306,249.201,-653.133,-0.007,4.212,30.0,1155,-1,13.0,False,-1,True,True,0.75,0.0,0.001,False,False,-0.033,0.002,115.285,1155,21.61,,,,,0,False,False,0.0,False,8.61,5.07,20.0,
103.95,28307,249.109,-652.94,-0.008,4.299,30.0,1155,-1,13.21,False,-1,True,True,0.75,0.0,0.001,False,False,0.042,0.002,115.29,1155,21.61,,,,,0,False,False,0.0,False,8.4,5.11,20.0,
104.0,28308,249.016,-652.743,-0.008,4.395,30.0,1155,-1,13.43,False,-1,True,True,0.75,0.0,0.001,False,False,0.105,0.002,115.295,1155,21.61,,,,,0,False,False,0.0,False,8.18,5.15,20.0,
104.05,28309,248.92,-652.541,-0.009,4.495,30.0,1155,-1,13.65,False,-1,True,True,0.75,0.0,0.001,False,False,0.153,0.001,115.299,1155,21.61,,,,,0,False,False,0.0,False,7.96,5.2,20.0,
104.1,28310,248.823,-652.335,-0.009,4.597,30.0,1155,-1,13.88,False,-1,True,True,0.75,0.0,0.001,False,False,0.189,0.001,115.302,1155,21.61,,,,,0,False,False,0.0,False,7.73,5.25,20.0,
104.15,28311,248.723,-652.124,-0.009,4.701,30.0,1155,-1,14.11,False,-1,True,True,0.75,0.0,0.0,False,False,0.215,0.001,115.305,1155,21.61,,,,,0,False,False,0.0,False,7.5,5.3,20.0,
104.2,28312,248.621,-651.909,-0.009,4.805,30.0,1155,-1,14.35,False,-1,True,True,0.75,0.0,0.0,False,False,0.233,0.0,115.308,1155,21.61,,,,,0,False,False,0.0,False,7.26,5.35,20.0,
104.25,28313,248.517,-651.689,-0.009,4.91,30.0,1155,-1,14.6,False,-1,True,True,0.75,0.0,0.0,False,False,0.245,0.0,115.31,1155,21.61,,,,,0,False,False,0.0,False,7.01,5.4,20.0,
104.3,28314,248.411,-651.464,-0.009,5.014,30.0,1155,-1,14.84,False,-1,True,True,0.75,0.0,0.0,False,False,0.253,0.0,115.312,1155,21.61,,,,,0,False,False,0.0,False,6.76,5.45,20.0,
104.35,28315,248.302,-651.234,-0.009,5.119,30.0,1155,-1,15.1,False,-1,True,True,0.75,0.0,0.0,False,False,0.258,0.0,115.314,1155,21.61,,,,,0,False,False,0.0,False,6.51,5.51,20.0,
104.4,28316,248.191,-651.0,-0.009,5.178,30.0,1155,-1,15.36,False,-1,True,True,0.75,0.0,0.0,False,False,0.257,0.0,115.315,1155,21.61,,,,,0,False,False,0.0,False,6.25,5.56,20.0,
104.45,28317,248.078,-650.762,-0.009,5.356,30.0,1155,-1,15.62,False,-1,True,True,0.75,0.0,0.0,False,False,0.261,0.0,115.316,1155,21.61,,,,,0,False,False,0.0,False,5.99,5.59,20.0,
104.5,28318,247.964,-650.519,-0.009,5.346,30.0,1155,-1,15.89,False,-1,True,True,0.75,0.0,0.0,False,False,0.251,-0.0,115.333,1155,21.61,,,,,0,False,False,0.0,False,5.72,5.68,20.0,
104.55,28319,247.849,-650.277,-0.009,5.395,30.0,1155,-1,16.16,False,-1,True,True,0.75,0.0,-0.001,False,False,0.218,0.003,115.306,1155,21.61,,,,,0,False,False,0.0,False,5.45,5.67,20.0,
104.6,28320,247.735,-650.035,-0.008,5.318,30.0,1155,-1,16.42,False,-1,True,True,0.623,0.0,0.002,False,False,0.171,-0.002,115.343,1155,25.54,,,,,0,False,False,0.0,False,9.11,5.7,20.0,
104.65,28321,247.621,-649.793,-0.008,5.387,30.0,1155,-1,16.69,False,-1,True,True,0.75,0.0,-0.003,False,False,0.14,0.002,115.321,1155,25.54,,,,,0,False,False,0.0,False,8.85,5.66,20.0,
104.7,28322,247.506,-649.552,-0.008,5.328,30.0,1155,-1,16.96,False,-1,True,True,0.641,0.0,0.002,False,False,0.113,-0.0,115.354,1155,25.54,,,,,0,False,False,0.0,False,8.58,5.69,20.0,
104.75,28323,247.391,-649.309,-0.008,5.416,30.0,1155,-1,17.23,False,-1,True,True,0.75,0.0,-0.003,False,False,0.106,0.003,115.33,1155,25.54,,,,,0,False,False,0.0,False,8.31,5.66,20.0,
104.8,28324,247.277,-649.065,-0.008,5.348,30.0,1155,-1,17.5,False,-1,True,True,0.526,0.0,0.002,False,False,0.094,-0.001,115.362,1155,25.54,,,,,0,False,False,0.0,False,8.04,5.71,20.0,
104.85,28325,247.161,-648.822,-0.008,5.414,30.0,1155,-1,17.77,False,-1,True,True,0.75,0.0,-0.003,False,False,0.089,0.002,115.332,1155,25.54,,,,,0,False,False,0.0,False,7.77,5.67,20.0,
104.9,28326,247.045,-648.575,-0.008,5.592,30.0,1155,-1,18.04,False,-1,True,True,0.528,0.0,0.002,False,False,0.118,-0.002,115.366,1155,25.54,,,,,0,False,False,0.0,False,7.5,5.71,20.0,
104.95,28327,246.919,-648.308,-0.009,6.047,30.0,1155,-1,18.33,False,-1,True,True,0.0,0.115,-0.003,False,False,0.261,0.002,115.379,1155,25.54,,,,,0,False,False,0.0,False,7.2,5.8,20.0,
105.0,28328,246.787,-648.03,-0.01,6.163,30.0,1155,-1,18.64,False,-1,True,True,0.0,0.3,-0.002,False,False,0.355,0.004,115.372,1155,25.54,,,,,0,False,False,0.0,False,6.9,6.02,20.0,
105.05,28329,246.654,-647.748,-0.01,6.259,30.0,1155,-1,18.95,False,-1,True,True,0.0,0.3,-0.001,False,False,0.364,0.001,115.364,1155,25.54,,,,,0,False,False,0.0,False,6.58,6.08,20.0,
105.1,28330,246.522,-647.469,-0.01,6.118,30.0,1155,-1,19.26,False,-1,True,True,0.0,0.3,-0.0,False,False,0.293,-0.002,115.362,1155,25.54,,,,,0,False,False,0.0,False,6.28,6.13,20.0,
105.15,28331,246.392,-647.196,-0.009,6.042,30.0,1155,-1,19.57,False,-1,True,True,0.0,0.3,-0.001,False,False,0.192,-0.003,115.342,1155,25.54,,,,,0,False,False,0.0,False,5.97,6.06,20.0,
105.2,28332,246.267,-646.93,-0.008,5.809,30.0,1155,-1,19.86,False,-1,True,True,0.0,0.3,0.001,False,False,0.074,-0.005,115.364,1155,29.47,,,,,0,False,False,0.0,False,9.61,6.02,20.0,
105.25,28333,246.144,-646.672,-0.007,5.682,30.0,1155,-1,20.15,False,-1,True,True,0.0,0.3,-0.003,False,False,-0.026,-0.001,115.332,1155,29.47,,,,,0,False,False,0.0,False,9.32,5.9,20.0,
105.3,28334,246.026,-646.423,-0.006,5.42,30.0,1155,-1,20.42,False,-1,True,True,0.0,0.3,0.002,False,False,-0.116,-0.004,115.356,1155,29.47,,,,,0,False,False,0.0,False,9.05,5.84,20.0,
105.35,28335,245.912,-646.181,-0.006,5.314,30.0,1155,-1,20.69,False,-1,True,True,0.46,0.0,-0.003,False,False,-0.175,-0.001,115.326,1155,29.47,,,,,0,False,False,0.0,False,8.78,5.71,20.0,
105.4,28336,245.801,-645.947,-0.005,5.115,30.0,1155,-1,20.95,False,-1,True,True,0.75,0.0,0.002,False,False,-0.206,-0.002,115.359,1155,29.47,,,,,0,False,False,0.0,False,8.52,5.66,20.0,
105.45,28337,245.692,-645.717,-0.005,5.082,30.0,1155,-1,21.2,False,-1,True,True,0.75,0.0,-0.003,False,False,-0.203,0.003,115.334,1155,29.47,,,,,0,False,False,0.0,False,8.27,5.56,20.0,
105.5,28338,245.585,-645.489,-0.006,5.038,30.0,1155,-1,21.45,False,-1,True,True,0.75,0.0,0.002,False,False,-0.172,-0.001,115.371,1155,29.47,,,,,0,False,False,0.0,False,8.01,5.54,20.0,
105.55,28339,245.477,-645.262,-0.006,5.028,30.0,1155,-1,21.7,False,-1,True,True,0.75,0.0,-0.004,False,False,-0.124,0.003,115.365,1155,29.47,,,,,0,False,False,0.0,False,7.76,5.52,20.0,
105.6,28340,245.37,-645.035,-0.006,4.923,30.0,1155,-1,21.96,False,-1,True,True,0.75,0.0,-0.001,False,False,-0.083,0.003,115.357,1155,29.47,,,,,0,False,False,0.0,False,7.51,5.51,20.0,
105.65,28341,245.269,-644.823,-0.006,4.575,30.0,1155,-1,22.19,False,-1,True,True,0.75,0.0,-0.0,False,False,-0.147,0.0,115.353,1155,29.47,,,,,0,False,False,0.0,False,7.28,5.46,20.0,
105.7,28342,245.175,-644.623,-0.005,4.361,30.0,1155,-1,22.41,False,-1,True,True,0.75,0.0,-0.0,False,False,-0.218,-0.001,115.35,1155,29.47,,,,,0,False,False,0.0,False,7.06,5.29,20.0,
105.75,28343,245.083,-644.43,-0.005,4.257,30.0,1155,-1,22.63,False,-1,True,True,0.75,0.0,-0.0,False,False,-0.243,-0.001,115.348,1155,29.47,,,,,0,False,False,0.0,False,6.84,5.18,20.0,
105.8,28344,244.992,-644.238,-0.005,4.23,30.0,1155,-1,22.84,False,-1,True,True,0.75,0.0,-0.0,False,False,-0.219,-0.001,115.346,1155,29.47,,,,,0,False,False,0.0,False,6.63,5.13,20.0,
105.85,28345,244.901,-644.046,-0.006,4.254,30.0,1155,-1,23.05,False,-1,True,True,0.75,0.0,-0.0,False,False,-0.161,-0.001,115.344,1155,29.47,,,,,0,False,False,0.0,False,6.42,5.12,20.0,
105.9,28346,244.809,-643.852,-0.007,4.309,30.0,1155,-1,23.27,False,-1,True,True,0.75,0.0,-0.0,False,False,-0.087,-0.001,115.343,1155,29.47,,,,,0,False,False,0.0,False,6.2,5.13,20.0,
105.95,28347,244.716,-643.654,-0.007,4.383,30.0,1155,-1,23.48,False,-1,True,True,0.75,0.0,-0.0,False,False,-0.011,-0.001,115.341,1155,29.47,,,,,0,False,False,0.0,False,5.98,5.15,20.0,
106.0,28348,244.621,-643.453,-0.008,4.47,30.0,1155,-1,23.71,False,-1,True,True,0.75,0.0,-0.0,False,False,0.056,-0.0,115.34,1155,29.47,,,,,0,False,False,0.0,False,5.76,5.19,20.0,
106.05,28349,244.524,-643.248,-0.008,4.564,30.0,1155,-1,23.93,False,-1,True,True,0.75,0.0,-0.0,False,False,0.113,-0.0,115.339,1155,29.47,,,,,0,False,False,0.0,False,5.53,5.23,20.0,
106.1,28350,244.425,-643.039,-0.009,4.662,30.0,1155,-1,24.16,False,-1,True,True,0.75,0.0,-0.0,False,False,0.157,-0.0,115.338,1155,29.47,,,,,0,False,False,0.0,False,5.3,5.28,20.0,
106.15,28351,244.324,-642.825,-0.009,4.763,30.0,1155,-1,24.4,False,-1,True,True,0.75,0.0,-0.0,False,False,0.191,0.0,115.336,1155,33.4,,,,,0,False,False,0.0,False,9.0,5.33,20.0,
106.2,28352,244.22,-642.607,-0.009,4.865,30.0,1155,-1,24.64,False,-1,True,True,0.75,0.0,-0.0,False,False,0.215,0.0,115.335,1155,33.4,,,,,0,False,False,0.0,False,8.75,5.38,20.0,
106.25,28353,244.115,-642.384,-0.009,4.968,30.0,1155,-1,24.89,False,-1,True,True,0.75,0.0,-0.0,False,False,0.232,0.0,115.334,1155,33.4,,,,,0,False,False,0.0,False,8.51,5.43,20.0,
106.3,28354,244.007,-642.157,-0.009,5.072,30.0,1155,-1,25.14,False,-1,True,True,0.75,0.0,-0.0,False,False,0.244,0.0,115.333,1155,33.4,,,,,0,False,False,0.0,False,8.26,5.48,20.0,
106.35,28355,243.897,-641.925,-0.009,5.155,30.0,1155,-1,25.4,False,-1,True,True,0.75,0.0,-0.0,False,False,0.25,-0.0,115.333,1155,33.4,,,,,0,False,False,0.0,False,8.0,5.54,20.0,
106.4,28356,243.785,-641.688,-0.009,5.31,30.0,1155,-1,25.66,False,-1,True,True,0.75,0.0,-0.0,False,False,0.256,0.0,115.332,1155,33.4,,,,,0,False,False,0.0,False,7.74,5.58,20.0,
106.45,28357,243.671,-641.448,-0.009,5.337,30.0,1155,-1,25.92,False,-1,True,True,0.75,0.0,-0.0,False,False,0.254,0.0,115.33,1155,33.4,,,,,0,False,False,0.0,False,7.47,5.65,20.0,
106.5,28358,243.556,-641.203,-0.009,5.455,30.0,1155,-1,26.2,False,-1,True,True,0.75,0.0,0.0,False,False,0.25,-0.001,115.344,1155,33.4,,,,,0,False,False,0.0,False,7.2,5.67,20.0,
106.55,28359,243.44,-640.959,-0.009,5.361,30.0,1155,-1,26.47,False,-1,True,True,0.411,0.0,-0.001,False,False,0.206,0.002,115.311,1155,33.4,,,,,0,False,False,0.0,False,6.93,5.73,20.0,
106.6,28360,243.325,-640.716,-0.008,5.394,30.0,1155,-1,26.73,False,-1,True,True,0.411,0.0,-0.001,False,False,0.16,0.004,115.324,1155,33.4,,,,,0,False,False,0.0,False,6.66,5.68,20.0,
106.65,28361,243.211,-640.476,-0.008,5.283,30.0,1155,-1,27.0,False,-1,True,True,0.615,0.0,-0.001,False,False,0.109,0.004,115.283,1155,33.4,,,,,0,False,False,0.0,False,6.4,5.7,20.0,
106.7,28362,243.098,-640.236,-0.008,5.318,30.0,1155,-1,27.26,False,-1,True,True,0.75,0.0,0.004,False,False,0.075,-0.004,115.309,1155,33.4,,,,,0,False,False,0.0,False,6.13,5.64,20.0,
106.75,28363,242.985,-639.999,-0.007,5.234,30.0,1155,-1,27.53,False,-1,True,True,0.75,0.0,-0.001,False,False,0.05,-0.002,115.279,1155,33.4,,,,,0,False,False,0.0,False,5.87,5.66,20.0,
106.8,28364,242.873,-639.76,-0.007,5.306,30.0,1155,-1,27.79,False,-1,True,True,0.75,0.0,0.004,False,False,0.048,-0.005,115.307,1155,33.4,,,,,0,False,False,0.0,False,5.6,5.62,20.0,
106.85,28365,242.76,-639.522,-0.007,5.254,30.0,1155,-1,28.06,False,-1,True,True,0.75,0.0,-0.001,False,False,0.05,-0.001,115.278,1155,37.32,,,,,0,False,False,0.0,False,9.27,5.65,20.0,
106.9,28366,242.646,-639.282,-0.008,5.332,30.0,1155,-1,28.32,False,-1,True,True,0.75,0.0,0.004,False,False,0.063,-0.003,115.305,1155,37.32,,,,,0,False,False,0.0,False,9.0,5.63,20.0,
106.95,28367,242.533,-639.043,-0.008,5.259,30.0,1155,-1,28.59,False,-1,True,True,0.75,0.0,-0.001,False,False,0.062,0.0,115.279,1155,37.32,,,,,0,False,False,0.0,False,8.74,5.67,20.0,
107.0,28368,242.418,-638.802,-0.008,5.481,30.0,1155,-1,28.85,False,-1,True,True,0.75,0.0,0.003,False,False,0.086,-0.002,115.285,1155,37.32,,,,,0,False,False,0.0,False,8.47,5.63,20.0,
107.05,28369,242.295,-638.542,-0.009,5.862,30.0,1155,-1,29.14,False,-1,True,True,0.291,0.0,0.001,False,False,0.227,-0.002,115.268,1155,37.32,,,,,0,False,False,0.0,False,8.18,5.74,20.0,
107.1,28370,242.164,-638.266,-0.01,6.214,30.0,1155,-1,29.45,False,-1,True,True,0.0,0.3,0.003,False,False,0.367,-0.003,115.272,1155,37.32,,,,,0,False,False,0.0,False,7.88,5.93,20.0,
107.15,28371,242.031,-637.984,-0.011,6.228,30.0,1155,-1,29.76,False,-1,True,True,0.0,0.3,0.001,False,False,0.402,-0.002,115.282,1155,37.32,,,,,0,False,False,0.0,False,7.57,6.11,20.0,
107.2,28372,241.897,-637.702,-0.01,6.259,30.0,1155,-1,30.07,False,-1,True,True,0.0,0.3,0.001,False,False,0.358,0.001,115.289,1155,37.32,,,,,0,False,False,0.0,False,7.25,6.11,20.0,
107.25,28373,241.766,-637.424,-0.009,6.082,30.0,1155,-1,30.38,False,-1,True,True,0.0,0.3,0.0,False,False,0.255,0.003,115.284,1155,37.32,,,,,0,False,False,0.0,False,6.95,6.13,20.0,
107.3,28374,241.637,-637.153,-0.008,5.981,30.0,1155,-1,30.68,False,-1,True,True,0.0,0.3,0.001,False,False,0.139,0.002,115.314,1155,37.32,,,,,0,False,False,0.0,False,6.65,6.04,20.0,
107.35,28375,241.513,-636.89,-0.007,5.738,30.0,1155,-1,30.97,False,-1,True,True,0.0,0.3,-0.002,False,False,0.022,0.006,115.29,1155,37.32,,,,,0,False,False,0.0,False,6.36,5.99,20.0,
107.4,28376,241.393,-636.635,-0.006,5.603,30.0,1155,-1,31.25,False,-1,True,True,0.0,0.3,0.003,False,False,-0.073,0.002,115.32,1155,37.32,,,,,0,False,False,0.0,False,6.07,5.87,20.0,
107.45,28377,241.276,-636.389,-0.006,5.35,30.0,1155,-1,31.52,False,-1,True,True,0.0,0.2,-0.002,False,False,-0.151,0.004,115.293,1155,37.32,,,,,0,False,False,0.0,False,5.8,5.8,20.0,
107.5,28378,241.164,-636.151,-0.005,5.252,30.0,1155,-1,31.79,False,-1,True,True,0.712,0.0,0.003,False,False,-0.196,-0.0,115.32,1155,37.32,,,,,0,False,False,0.0,False,5.54,5.67,20.0,
107.55,28379,241.054,-635.919,-0.005,5.05,30.0,1155,-1,32.04,False,-1,True,True,0.75,0.0,-0.001,False,False,-0.219,0.0,115.286,1155,41.25,,,,,0,False,False,0.0,False,9.21,5.63,20.0,
107.6,28380,240.946,-635.692,-0.005,5.025,30.0,1155,-1,32.29,False,-1,True,True,0.75,0.0,0.004,False,False,-0.211,-0.004,115.285,1155,41.25,,,,,0,False,False,0.0,False,8.96,5.53,20.0,
107.65,28381,240.839,-635.465,-0.006,5.021,30.0,1155,-1,32.54,False,-1,True,True,0.75,0.0,0.001,False,False,-0.162,-0.004,115.294,1155,41.25,,,,,0,False,False,0.0,False,8.71,5.51,20.0,
107.7,28382,240.731,-635.238,-0.006,4.998,30.0,1155,-1,32.8,False,-1,True,True,0.75,0.0,0.0,False,False,-0.105,-0.001,115.285,1155,41.25,,,,,0,False,False,0.0,False,8.46,5.51,20.0,
107.75,28383,240.63,-635.023,-0.006,4.602,30.0,1155,-1,33.03,False,-1,True,True,0.75,0.0,0.002,False,False,-0.15,-0.001,115.333,1155,41.25,,,,,0,False,False,0.0,False,8.22,5.5,20.0,
107.8,28384,240.535,-634.823,-0.005,4.324,30.0,1155,-1,33.25,False,-1,True,True,0.75,0.0,-0.004,False,False,-0.236,0.004,115.342,1155,41.25,,,,,0,False,False,0.0,False,8.0,5.3,20.0,
107.85,28385,240.445,-634.633,-0.005,4.171,30.0,1155,-1,33.46,False,-1,True,True,0.75,0.0,-0.001,False,False,-0.281,0.005,115.337,1155,41.25,,,,,0,False,False,0.0,False,7.79,5.16,20.0,
107.9,28386,240.357,-634.446,-0.005,4.113,30.0,1155,-1,33.67,False,-1,True,True,0.75,0.0,-0.0,False,False,-0.271,0.003,115.334,1155,41.25,,,,,0,False,False,0.0,False,7.58,5.09,20.0,
107.95,28387,240.269,-634.26,-0.005,4.117,30.0,1155,-1,33.88,False,-1,True,True,0.75,0.0,-0.0,False,False,-0.216,0.001,115.333,1155,41.25,,,,,0,False,False,0.0,False,7.38,5.06,20.0,
108.0,28388,240.18,-634.072,-0.006,4.161,30.0,1155,-1,34.08,False,-1,True,True,0.75,0.0,-0.0,False,False,-0.139,-0.0,115.332,1155,41.25,,,,,0,False,False,0.0,False,7.17,5.06,20.0,
108.05,28389,240.09,-633.882,-0.007,4.229,30.0,1155,-1,34.3,False,-1,True,True,0.75,0.0,-0.0,False,False,-0.056,-0.0,115.331,1155,41.25,,,,,0,False,False,0.0,False,6.96,5.08,20.0,
108.1,28390,239.998,-633.688,-0.007,4.313,30.0,1155,-1,34.51,False,-1,True,True,0.75,0.0,-0.0,False,False,0.02,-0.0,115.33,1155,41.25,,,,,0,False,False,0.0,False,6.74,5.11,20.0,
108.15,28391,239.904,-633.49,-0.008,4.405,30.0,1155,-1,34.73,False,-1,True,True,0.75,0.0,-0.0,False,False,0.085,-0.0,115.329,1155,41.25,,,,,0,False,False,0.0,False,6.52,5.16,20.0,
108.2,28392,239.809,-633.288,-0.008,4.503,30.0,1155,-1,34.95,False,-1,True,True,0.75,0.0,-0.0,False,False,0.138,-0.0,115.328,1155,41.25,,,,,0,False,False,0.0,False,6.3,5.2,20.0,
108.25,28393,239.711,-633.081,-0.009,4.604,30.0,1155,-1,35.18,False,-1,True,True,0.75,0.0,-0.0,False,False,0.177,-0.0,115.328,1155,41.25,,,,,0,False,False,0.0,False,6.07,5.25,20.0,
108.3,28394,239.611,-632.87,-0.009,4.707,30.0,1155,-1,35.41,False,-1,True,True,0.75,0.0,-0.0,False,False,0.206,-0.0,115.327,1155,41.25,,,,,0,False,False,0.0,False,5.84,5.3,20.0,
108.35,28395,239.509,-632.654,-0.009,4.811,30.0,1155,-1,35.65,False,-1,True,True,0.75,0.0,-0.0,False,False,0.227,-0.0,115.327,1155,41.25,,,,,0,False,False,0.0,False,5.6,5.35,20.0,
108.4,28396,239.405,-632.434,-0.009,4.915,30.0,1155,-1,35.9,False,-1,True,True,0.75,0.0,-0.0,False,False,0.241,-0.0,115.327,1155,41.25,,,,,0,False,False,0.0,False,5.36,5.41,20.0,
108.45,28397,239.298,-632.209,-0.009,5.019,30.0,1155,-1,36.15,False,-1,True,True,0.75,0.0,0.0,False,False,0.25,-0.0,115.326,1155,45.18,,,,,0,False,False,0.0,False,9.04,5.46,20.0,
108.5,28398,239.19,-631.979,-0.009,5.123,30.0,1155,-1,36.4,False,-1,True,True,0.75,0.0,-0.0,False,False,0.256,-0.0,115.326,1155,45.18,,,,,0,False,False,0.0,False,8.78,5.51,20.0,
108.55,28399,239.079,-631.745,-0.009,5.183,30.0,1155,-1,36.66,False,-1,True,True,0.75,0.0,-0.0,False,False,0.256,-0.0,115.326,1155,45.18,,,,,0,False,False,0.0,False,8.52,5.56,20.0,
108.6,28400,238.966,-631.506,-0.009,5.353,30.0,1155,-1,36.92,False,-1,True,True,0.75,0.0,-0.0,False,False,0.259,0.0,115.319,1155,45.18,,,,,0,False,False,0.0,False,8.26,5.59,20.0,
108.65,28401,238.852,-631.266,-0.009,5.273,30.0,1155,-1,37.19,False,-1,True,True,0.75,0.0,0.001,False,False,0.23,-0.001,115.342,1155,45.18,,,,,0,False,False,0.0,False,7.99,5.68,20.0,
108.7,28402,238.739,-631.027,-0.009,5.331,30.0,1155,-1,37.45,False,-1,True,True,0.75,0.0,-0.002,False,False,0.19,0.003,115.318,1155,45.18,,,,,0,False,False,0.0,False,7.73,5.64,20.0,
108.75,28403,238.626,-630.788,-0.008,5.266,30.0,1155,-1,37.72,False,-1,True,True,0.75,0.0,0.002,False,False,0.149,-0.001,115.353,1155,45.18,,,,,0,False,False,0.0,False,7.46,5.67,20.0,
108.8,28404,238.513,-630.548,-0.008,5.356,30.0,1155,-1,37.98,False,-1,True,True,0.75,0.0,-0.003,False,False,0.13,0.003,115.329,1155,45.18,,,,,0,False,False,0.0,False,7.2,5.63,20.0,
108.85,28405,238.399,-630.307,-0.008,5.287,30.0,1155,-1,38.25,False,-1,True,True,0.75,0.0,0.002,False,False,0.11,-0.0,115.362,1155,45.18,,,,,0,False,False,0.0,False,6.93,5.68,20.0,
108.9,28406,238.285,-630.067,-0.008,5.354,30.0,1155,-1,38.52,False,-1,True,True,0.75,0.0,-0.003,False,False,0.099,0.003,115.332,1155,45.18,,,,,0,False,False,0.0,False,6.67,5.64,20.0,
108.95,28407,238.17,-629.822,-0.008,5.536,30.0,1155,-1,38.79,False,-1,True,True,0.75,0.0,0.002,False,False,0.125,-0.002,115.367,1155,45.18,,,,,0,False,False,0.0,False,6.4,5.68,20.0,
109.0,28408,238.044,-629.557,-0.009,6.039,30.0,1155,-1,39.08,False,-1,True,True,0.093,0.0,-0.003,False,False,0.277,0.002,115.381,1155,45.18,,,,,0,False,False,0.0,False,6.1,5.77,20.0,
109.05,28409,237.912,-629.277,-0.011,6.225,30.0,1155,-1,39.39,False,-1,True,True,0.0,0.3,-0.002,False,False,0.394,0.005,115.374,1155,45.18,,,,,0,False,False,0.0,False,5.79,6.02,20.0,
109.1,28410,237.777,-628.991,-0.011,6.361,30.0,1155,-1,39.71,False,-1,True,True,0.0,0.3,-0.001,False,False,0.42,0.003,115.364,1155,49.11,,,,,0,False,False,0.0,False,9.41,6.11,20.0,
109.15,28411,237.643,-628.707,-0.01,6.246,30.0,1155,-1,40.02,False,-1,True,True,0.0,0.3,-0.0,False,False,0.355,-0.001,115.358,1155,49.11,,,,,0,False,False,0.0,False,9.09,6.18,20.0,
109.2,28412,237.51,-628.427,-0.009,6.189,30.0,1155,-1,40.33,False,-1,True,True,0.0,0.3,-0.0,False,False,0.252,-0.003,115.352,1155,49.11,,,,,0,False,False,0.0,False,8.78,6.12,20.0,
109.25,28413,237.381,-628.154,-0.008,5.966,30.0,1155,-1,40.63,False,-1,True,True,0.0,0.3,-0.0,False,False,0.127,-0.004,115.363,1155,49.11,,,,,0,False,False,0.0,False,8.48,6.09,20.0,
109.3,28414,237.255,-627.889,-0.007,5.84,30.0,1155,-1,40.93,False,-1,True,True,0.0,0.3,-0.002,False,False,0.016,-0.001,115.332,1155,49.11,,,,,0,False,False,0.0,False,8.19,5.98,20.0,
109.35,28415,237.134,-627.633,-0.006,5.58,30.0,1155,-1,41.21,False,-1,True,True,0.0,0.3,0.002,False,False,-0.084,-0.005,115.357,1155,49.11,,,,,0,False,False,0.0,False,7.9,5.92,20.0,
109.4,28416,237.016,-627.385,-0.006,5.459,30.0,1155,-1,41.48,False,-1,True,True,0.0,0.122,-0.003,False,False,-0.154,-0.001,115.329,1155,49.11,,,,,0,False,False,0.0,False,7.63,5.79,20.0,
109.45,28417,236.903,-627.144,-0.005,5.235,30.0,1155,-1,41.75,False,-1,True,True,0.314,0.0,0.002,False,False,-0.201,-0.003,115.361,1155,49.11,,,,,0,False,False,0.0,False,7.36,5.73,20.0,
109.5,28418,236.792,-626.91,-0.005,5.165,30.0,1155,-1,42.01,False,-1,True,True,0.75,0.0,-0.003,False,False,-0.216,0.002,115.338,1155,49.11,,,,,0,False,False,0.0,False,7.1,5.62,20.0,
109.55,28419,236.683,-626.681,-0.005,5.03,30.0,1155,-1,42.26,False,-1,True,True,0.75,0.0,0.001,False,False,-0.211,0.0,115.368,1155,49.11,,,,,0,False,False,0.0,False,6.85,5.58,20.0,
109.6,28420,236.575,-626.451,-0.006,5.097,30.0,1155,-1,42.52,False,-1,True,True,0.75,0.0,-0.003,False,False,-0.159,0.003,115.332,1155,49.11,,,,,0,False,False,0.0,False,6.6,5.52,20.0,
109.65,28421,236.467,-626.223,-0.006,4.926,30.0,1155,-1,42.77,False,-1,True,True,0.75,0.0,0.002,False,False,-0.117,-0.001,115.334,1155,49.11,,,,,0,False,False,0.0,False,6.34,5.55,20.0,
109.7,28422,236.366,-626.011,-0.006,4.566,30.0,1155,-1,43.0,False,-1,True,True,0.75,0.0,-0.0,False,False,-0.182,-0.003,115.364,1155,49.11,,,,,0,False,False,0.0,False,6.11,5.46,20.0,
109.75,28423,236.273,-625.813,-0.005,4.307,30.0,1155,-1,43.22,False,-1,True,True,0.75,0.0,-0.003,False,False,-0.265,0.001,115.365,1155,49.11,,,,,0,False,False,0.0,False,5.89,5.28,20.0,
109.8,28424,236.183,-625.622,-0.005,4.169,30.0,1155,-1,43.43,False,-1,True,True,0.75,0.0,-0.001,False,False,-0.299,0.002,115.359,1155,49.11,,,,,0,False,False,0.0,False,5.68,5.15,20.0,
109.85,28425,236.094,-625.435,-0.005,4.12,30.0,1155,-1,43.64,False,-1,True,True,0.75,0.0,-0.0,False,False,-0.277,0.0,115.356,1155,49.11,,,,,0,False,False,0.0,False,5.47,5.08,20.0,
109.9,28426,236.006,-625.248,-0.005,4.131,30.0,1155,-1,43.85,False,-1,True,True,0.75,0.0,-0.0,False,False,-0.215,-0.001,115.353,1155,49.11,,,,,0,False,False,0.0,False,5.26,5.06,20.0,
109.95,28427,235.916,-625.06,-0.006,4.179,30.0,1155,-1,44.05,False,-1,True,True,0.75,0.0,-0.0,False,False,-0.134,-0.001,115.351,1155,49.11,,,,,0,False,False,0.0,False,5.06,5.07,20.0,
110.0,28428,235.826,-624.869,-0.007,4.25,30.0,1155,-1,44.27,False,-1,True,True,0.75,0.0,-0.001,False,False,-0.049,-0.0,115.348,1155,53.04,,,,,0,False,False,0.0,False,8.77,5.09,20.0,
110.05,28429,235.733,-624.674,-0.008,4.334,30.0,1155,-1,44.48,False,-1,True,True,0.75,0.0,-0.0,False,False,0.027,-0.0,115.345,1155,53.04,,,,,0,False,False,0.0,False,8.56,5.12,20.0,
110.1,28430,235.639,-624.475,-0.008,4.427,30.0,1155,-1,44.7,False,-1,True,True,0.75,0.0,-0.0,False,False,0.092,-0.0,115.343,1155,53.04,,,,,0,False,False,0.0,False,8.34,5.17,20.0,
110.15,28431,235.543,-624.272,-0.008,4.526,30.0,1155,-1,44.93,False,-1,True,True,0.75,0.0,-0.0,False,False,0.143,-0.0,115.342,1155,53.04,,,,,0,False,False,0.0,False,8.11,5.21,20.0,
110.2,28432,235.445,-624.064,-0.009,4.627,30.0,1155,-1,45.16,False,-1,True,True,0.75,0.0,-0.0,False,False,0.181,-0.0,115.34,1155,53.04,,,,,0,False,False,0.0,False,7.88,5.26,20.0,
110.25,28433,235.344,-623.852,-0.009,4.73,30.0,1155,-1,45.39,False,-1,True,True,0.75,0.0,-0.0,False,False,0.209,-0.0,115.339,1155,53.04,,,,,0,False,False,0.0,False,7.65,5.31,20.0,
110.3,28434,235.242,-623.635,-0.009,4.834,30.0,1155,-1,45.63,False,-1,True,True,0.75,0.0,-0.0,False,False,0.229,-0.0,115.338,1155,53.04,,,,,0,False,False,0.0,False,7.41,5.37,20.0,
110.35,28435,235.137,-623.414,-0.009,4.938,30.0,1155,-1,45.88,False,-1,True,True,0.75,0.0,-0.0,False,False,0.242,-0.0,115.337,1155,53.04,,,,,0,False,False,0.0,False,7.16,5.42,20.0,
110.4,28436,235.03,-623.188,-0.009,5.042,30.0,1155,-1,46.13,False,-1,True,True,0.75,0.0,-0.0,False,False,0.251,-0.0,115.336,1155,53.04,,,,,0,False,False,0.0,False,6.91,5.47,20.0,
110.45,28437,234.921,-622.957,-0.009,5.152,30.0,1155,-1,46.38,False,-1,True,True,0.75,0.0,-0.0,False,False,0.257,-0.0,115.336,1155,53.04,,,,,0,False,False,0.0,False,6.66,5.52,20.0,
110.5,28438,234.81,-622.722,-0.009,5.205,30.0,1155,-1,46.64,False,-1,True,True,0.75,0.0,-0.0,False,False,0.255,0.0,115.335,1155,53.04,,,,,0,False,False,0.0,False,6.4,5.58,20.0,
110.55,28439,234.696,-622.482,-0.009,5.384,30.0,1155,-1,46.91,False,-1,True,True,0.75,0.0,-0.0,False,False,0.26,0.0,115.335,1155,53.04,,,,,0,False,False,0.0,False,6.13,5.6,20.0,
110.6,28440,234.581,-622.239,-0.009,5.367,30.0,1155,-1,47.18,False,-1,True,True,0.679,0.0,-0.0,False,False,0.249,0.0,115.319,1155,53.04,,,,,0,False,False,0.0,False,5.86,5.69,20.0,
110.65,28441,234.466,-621.995,-0.009,5.411,30.0,1155,-1,47.45,False,-1,True,True,0.73,0.0,0.001,False,False,0.214,-0.003,115.345,1155,53.04,,,,,0,False,False,0.0,False,5.59,5.68,20.0,
110.7,28442,234.351,-621.754,-0.008,5.326,30.0,1155,-1,47.71,False,-1,True,True,0.566,0.0,-0.002,False,False,0.164,0.002,115.309,1155,56.97,,,,,0,False,False,0.0,False,9.26,5.71,20.0,
110.75,28443,234.236,-621.512,-0.008,5.383,30.0,1155,-1,47.98,False,-1,True,True,0.75,0.0,0.003,False,False,0.13,-0.002,115.331,1155,56.97,,,,,0,False,False,0.0,False,8.99,5.66,20.0,
110.8,28444,234.122,-621.271,-0.008,5.314,30.0,1155,-1,48.25,False,-1,True,True,0.653,0.0,-0.002,False,False,0.101,0.0,115.298,1155,56.97,,,,,0,False,False,0.0,False,8.72,5.69,20.0,
110.85,28445,234.007,-621.029,-0.008,5.393,30.0,1155,-1,48.52,False,-1,True,True,0.75,0.0,0.003,False,False,0.091,-0.003,115.322,1155,56.97,,,,,0,False,False,0.0,False,8.45,5.66,20.0,
110.9,28446,233.892,-620.786,-0.008,5.342,30.0,1155,-1,48.78,False,-1,True,True,0.609,0.0,-0.002,False,False,0.084,0.001,115.291,1155,56.97,,,,,0,False,False,0.0,False,8.19,5.7,20.0,
110.95,28447,233.777,-620.542,-0.008,5.429,30.0,1155,-1,49.05,False,-1,True,True,0.75,0.0,0.003,False,False,0.09,-0.002,115.316,1155,56.97,,,,,0,False,False,0.0,False,7.92,5.67,20.0,
111.0,28448,233.662,-620.299,-0.008,5.354,30.0,1155,-1,49.32,False,-1,True,True,0.473,0.0,-0.001,False,False,0.083,0.001,115.286,1155,56.97,,,,,0,False,False,0.0,False,7.65,5.71,20.0,
111.05,28449,233.546,-620.056,-0.008,5.421,30.0,1155,-1,49.59,False,-1,True,True,0.741,0.0,0.003,False,False,0.081,-0.002,115.318,1155,56.97,,,,,0,False,False,0.0,False,7.38,5.68,20.0,
111.1,28450,233.426,-619.801,-0.009,5.778,30.0,1155,-1,49.87,False,-1,True,True,0.501,0.0,-0.002,False,False,0.169,0.004,115.273,1155,56.97,,,,,0,False,False,0.0,False,7.1,5.71,20.0,
111.15,28451,233.296,-619.527,-0.01,6.178,30.0,1155,-1,50.18,False,-1,True,True,0.0,0.3,0.005,False,False,0.316,-0.003,115.27,1155,56.97,,,,,0,False,False,0.0,False,6.79,5.89,20.0,
111.2,28452,233.162,-619.245,-0.01,6.241,30.0,1155,-1,50.49,False,-1,True,True,0.0,0.3,0.002,False,False,0.38,-0.004,115.281,1155,56.97,,,,,0,False,False,0.0,False,6.48,6.09,20.0,
111.25,28453,233.028,-618.961,-0.01,6.306,30.0,1155,-1,50.8,False,-1,True,True,0.0,0.3,0.0,False,False,0.363,-0.0,115.289,1155,56.97,,,,,0,False,False,0.0,False,6.17,6.12,20.0,
111.3,28454,232.895,-618.681,-0.01,6.148,30.0,1155,-1,51.11,False,-1,True,True,0.0,0.3,0.0,False,False,0.276,0.003,115.284,1155,56.97,,,,,0,False,False,0.0,False,5.86,6.15,20.0,
111.35,28455,232.765,-618.406,-0.009,6.057,30.0,1155,-1,51.42,False,-1,True,True,0.0,0.3,0.002,False,False,0.167,0.001,115.313,1772,1.69,,,,,0,False,False,0.0,False,9.21,6.07,20.0,
111.4,28456,232.639,-618.14,-0.007,5.82,30.0,1155,-1,51.71,False,-1,True,True,0.0,0.3,-0.002,False,False,0.049,0.005,115.291,1772,1.69,,,,,0,False,False,0.0,False,8.91,6.03,20.0,
111.45,28457,232.517,-617.881,-0.007,5.688,30.0,1155,-1,52.0,False,-1,True,True,0.0,0.3,0.003,False,False,-0.049,0.002,115.321,1772,1.69,,,,,0,False,False,0.0,False,8.63,5.91,20.0,
111.5,28458,232.399,-617.632,-0.006,5.424,30.0,1155,-1,52.27,False,-1,True,True,0.0,0.3,-0.002,False,False,-0.135,0.004,115.297,1772,1.69,,,,,0,False,False,0.0,False,8.35,5.84,20.0,
111.55,28459,232.285,-617.39,-0.005,5.315,30.0,1155,-1,52.54,False,-1,True,True,0.443,0.0,0.003,False,False,-0.19,0.0,115.326,1772,1.69,,,,,0,False,False,0.0,False,8.08,5.71,20.0,
111.6,28460,232.174,-617.156,-0.005,5.115,30.0,1155,-1,52.8,False,-1,True,True,0.75,0.0,-0.002,False,False,-0.217,0.002,115.293,1772,1.69,,,,,0,False,False,0.0,False,7.82,5.66,20.0,
111.65,28461,232.065,-616.925,-0.005,5.081,30.0,1155,-1,53.05,False,-1,True,True,0.75,0.0,0.003,False,False,-0.212,-0.003,115.318,1772,1.69,,,,,0,False,False,0.0,False,7.57,5.56,20.0,
111.7,28462,231.957,-616.698,-0.006,5.023,30.0,1155,-1,53.31,False,-1,True,True,0.75,0.0,-0.002,False,False,-0.176,0.001,115.287,1772,1.69,,,,,0,False,False,0.0,False,7.32,5.54,20.0,
111.75,28463,231.849,-616.469,-0.006,5.061,30.0,1155,-1,53.56,False,-1,True,True,0.75,0.0,0.003,False,False,-0.12,-0.003,115.297,1772,1.69,,,,,0,False,False,0.0,False,7.06,5.51,20.0,
111.8,28464,231.743,-616.246,-0.006,4.798,30.0,1155,-1,53.81,False,-1,True,True,0.75,0.0,0.0,False,False,-0.111,-0.002,115.279,1772,1.69,,,,,0,False,False,0.0,False,6.82,5.53,20.0,
111.85,28465,231.645,-616.039,-0.006,4.48,30.0,1155,-1,54.04,False,-1,True,True,0.75,0.0,0.002,False,False,-0.19,-0.002,115.265,1772,1.69,,,,,0,False,False,0.0,False,6.59,5.4,20.0,
111.9,28466,231.552,-615.842,-0.005,4.294,30.0,1155,-1,54.25,False,-1,True,True,0.75,0.0,0.003,False,False,-0.251,-0.002,115.271,1772,1.69,,,,,0,False,False,0.0,False,6.37,5.24,20.0,
111.95,28467,231.461,-615.651,-0.005,4.211,30.0,1155,-1,54.47,False,-1,True,True,0.75,0.0,0.001,False,False,-0.26,-0.001,115.278,1772,1.69,,,,,0,False,False,0.0,False,6.16,5.15,20.0,
112.0,28468,231.371,-615.461,-0.005,4.198,30.0,1155,-1,54.68,False,-1,True,True,0.75,0.0,0.001,False,False,-0.221,0.001,115.283,1772,1.69,,,,,0,False,False,0.0,False,5.95,5.11,20.0,
112.05,28469,231.281,-615.27,-0.006,4.231,30.0,1155,-1,54.89,False,-1,True,True,0.75,0.0,0.001,False,False,-0.153,0.002,115.287,1772,1.69,,,,,0,False,False,0.0,False,5.74,5.1,20.0,
112.1,28470,231.189,-615.076,-0.007,4.292,30.0,1155,-1,55.1,False,-1,True,True,0.75,0.0,0.001,False,False,-0.075,0.002,115.291,1772,1.69,,,,,0,False,False,0.0,False,5.52,5.12,20.0,
112.15,28471,231.096,-614.88,-0.007,4.37,30.0,1155,-1,55.32,False,-1,True,True,0.75,0.0,0.001,False,False,0.002,0.002,115.295,1772,1.69,,,,,0,False,False,0.0,False,5.31,5.15,20.0,
112.2,28472,231.001,-614.679,-0.008,4.459,30.0,1155,-1,55.54,False,-1,True,True,0.75,0.0,0.0,False,False,0.069,0.001,115.297,1772,1.69,,,,,0,False,False,0.0,False,5.08,5.19,20.0,
112.25,28473,230.905,-614.475,-0.008,4.555,30.0,1155,-1,55.77,False,-1,True,True,0.75,0.0,0.001,False,False,0.123,0.0,115.301,1772,5.07,,,,,0,False,False,0.0,False,8.24,5.23,20.0,
112.3,28474,230.806,-614.266,-0.009,4.654,30.0,1155,-1,56.0,False,-1,True,True,0.75,0.0,0.0,False,False,0.166,0.0,115.304,1772,5.07,,,,,0,False,False,0.0,False,8.01,5.28,20.0,
112.35,28475,230.705,-614.052,-0.009,4.756,30.0,1155,-1,56.23,False,-1,True,True,0.75,0.0,0.0,False,False,0.197,0.0,115.306,1772,5.07,,,,,0,False,False,0.0,False,7.77,5.33,20.0,
112.4,28476,230.602,-613.834,-0.009,4.859,30.0,1155,-1,56.47,False,-1,True,True,0.75,0.0,0.0,False,False,0.22,0.0,115.308,1772,5.07,,,,,0,False,False,0.0,False,7.53,5.38,20.0,
112.45,28477,230.497,-613.612,-0.009,4.962,30.0,1155,-1,56.72,False,-1,True,True,0.75,0.0,0.0,False,False,0.236,0.0,115.31,1772,5.07,,,,,0,False,False,0.0,False,7.29,5.43,20.0,
112.5,28478,230.389,-613.385,-0.009,5.066,30.0,1155,-1,56.97,False,-1,True,True,0.75,0.0,0.0,False,False,0.246,0.0,115.311,1772,5.07,,,,,0,False,False,0.0,False,7.04,5.48,20.0,
112.55,28479,230.279,-613.153,-0.009,5.15,30.0,1155,-1,57.23,False,-1,True,True,0.75,0.0,0.0,False,False,0.252,0.0,115.312,1772,5.07,,,,,0,False,False,0.0,False,6.78,5.53,20.0,
112.6,28480,230.168,-612.917,-0.009,5.304,30.0,1155,-1,57.49,False,-1,True,True,0.75,0.0,0.0,False,False,0.257,0.0,115.313,1772,5.07,,,,,0,False,False,0.0,False,6.52,5.58,20.0,
112.65,28481,230.054,-612.676,-0.009,5.331,30.0,1155,-1,57.76,False,-1,True,True,0.75,0.0,0.0,False,False,0.254,0.0,115.311,1772,5.07,,,,,0,False,False,0.0,False,6.25,5.65,20.0,
112.7,28482,229.939,-612.432,-0.009,5.423,30.0,1155,-1,58.03,False,-1,True,True,0.75,0.0,0.0,False,False,0.244,-0.001,115.328,1772,5.07,,,,,0,False,False,0.0,False,5.98,5.67,20.0,
112.75,28483,229.824,-612.19,-0.009,5.333,30.0,1155,-1,58.29,False,-1,True,True,0.525,0.0,-0.001,False,False,0.197,0.002,115.294,1772,5.07,,,,,0,False,False,0.0,False,5.71,5.71,20.0,
112.8,28484,229.709,-611.948,-0.008,5.383,30.0,1155,-1,58.56,False,-1,True,True,0.75,0.0,0.003,False,False,0.156,-0.003,115.319,1772,5.07,,,,,0,False,False,0.0,False,5.45,5.67,20.0,
112.85,28485,229.595,-611.707,-0.008,5.306,30.0,1155,-1,58.83,False,-1,True,True,0.657,0.0,-0.002,False,False,0.117,0.0,115.285,1772,8.46,,,,,0,False,False,0.0,False,8.56,5.69,20.0,
112.9,28486,229.481,-611.465,-0.008,5.378,30.0,1772,-1,0.16,True,8,True,True,0.75,0.0,0.003,False,False,0.099,-0.003,115.31,1772,8.46,,,,,0,False,False,0.0,False,8.3,5.65,20.0,
112.95,28487,229.366,-611.224,-0.008,5.323,30.0,1772,-1,0.43,True,8,True,True,0.665,0.0,-0.001,False,False,0.086,0.0,115.278,1772,8.46,,,,,0,False,False,0.0,False,8.03,5.69,20.0,
113.0,28488,229.251,-610.981,-0.008,5.411,30.0,1772,-1,0.7,True,8,True,True,0.75,0.0,0.003,False,False,0.089,-0.003,115.304,1772,8.46,,,,,0,False,False,0.0,False,7.76,5.66,20.0,
113.05,28489,229.137,-610.739,-0.008,5.336,30.0,1772,-1,0.97,True,8,True,True,0.541,0.0,-0.001,False,False,0.081,0.001,115.274,1772,8.46,,,,,0,False,False,0.0,False,7.49,5.71,20.0,
113.1,28490,229.022,-610.496,-0.008,5.402,30.0,1772,-1,1.24,True,8,True,True,0.75,0.0,0.003,False,False,0.079,-0.002,115.306,1772,8.46,,,,,0,False,False,0.0,False,7.22,5.67,20.0,
113.15,28491,228.901,-610.242,-0.009,5.763,30.0,1772,-1,1.52,True,8,True,True,0.569,0.0,-0.002,False,False,0.168,0.003,115.261,1772,8.46,,,,,0,False,False,0.0,False,6.94,5.7,20.0,
113.2,28492,228.772,-609.968,-0.01,6.175,30.0,1772,-1,1.82,True,8,True,True,0.0,0.3,0.005,False,False,0.318,-0.003,115.258,1772,8.46,,,,,0,False,False,0.0,False,6.64,5.88,20.0,
113.25,28493,228.638,-609.686,-0.01,6.253,30.0,1772,-1,2.13,True,8,True,True,0.0,0.3,0.002,False,False,0.388,-0.004,115.269,1772,8.46,,,,,0,False,False,0.0,False,6.33,6.09,20.0,
113.3,28494,228.503,-609.401,-0.01,6.329,30.0,1772,-1,2.45,True,8,True,True,0.0,0.3,0.0,False,False,0.376,-0.0,115.277,1772,8.46,,,,,0,False,False,0.0,False,6.01,6.13,20.0,
113.35,28495,228.37,-609.119,-0.01,6.178,30.0,1772,-1,2.76,True,8,True,True,0.0,0.3,0.0,False,False,0.291,0.003,115.276,1772,11.84,,,,,0,False,False,0.942,False,9.08,6.16,20.0,
113.4,28496,228.239,-608.843,-0.009,6.092,30.0,1772,-1,3.06,True,8,True,True,0.0,0.3,0.001,False,False,0.182,0.002,115.3,1772,11.84,,,,,0,False,False,1.127,False,8.78,6.09,20.0,
113.45,28497,228.113,-608.575,-0.008,5.857,30.0,1772,-1,3.36,True,8,True,True,0.0,0.3,-0.001,False,False,0.062,0.006,115.277,1772,11.84,,,,,0,False,False,1.313,False,8.48,6.05,20.0,
113.5,28498,227.99,-608.314,-0.007,5.726,30.0,1772,-1,3.65,True,8,True,True,0.0,0.3,0.003,False,False,-0.039,0.002,115.307,1772,11.84,,,,,0,False,False,1.496,False,8.19,5.93,20.0,
113.55,28499,227.871,-608.064,-0.006,5.462,30.0,1772,-1,3.93,True,8,True,True,0.0,0.3,-0.002,False,False,-0.127,0.004,115.282,1772,11.84,,,,,0,False,False,1.676,False,7.91,5.86,20.0,
113.6,28500,227.756,-607.82,-0.005,5.353,30.0,1772,-1,4.19,True,8,True,True,0.303,0.0,0.003,False,False,-0.184,0.0,115.312,1772,11.84,,,,,0,False,False,1.853,False,7.65,5.73,20.0,
113.65,28501,227.644,-607.584,-0.005,5.154,30.0,1772,-1,4.46,True,8,True,True,0.696,0.0,-0.002,False,False,-0.213,0.002,115.279,1772,11.84,,,,,0,False,False,2.029,False,7.38,5.68,20.0,
113.7,28502,227.535,-607.352,-0.005,5.119,30.0,1772,-1,4.71,True,8,True,True,0.75,0.0,0.003,False,False,-0.209,-0.003,115.304,1772,11.84,,,,,0,False,False,2.202,False,7.13,5.58,20.0,
113.75,28503,227.426,-607.123,-0.005,5.031,30.0,1772,-1,4.97,True,8,True,True,0.75,0.0,-0.002,False,False,-0.18,-0.0,115.276,1772,11.84,,,,,0,False,False,2.375,False,6.87,5.56,20.0,
113.8,28504,227.318,-606.893,-0.006,5.1,30.0,1772,-1,5.22,True,8,True,True,0.75,0.0,0.003,False,False,-0.123,-0.003,115.31,1772,11.84,,,,,0,False,False,2.552,False,6.62,5.52,20.0,
113.85,28505,227.212,-606.669,-0.006,4.815,30.0,1772,-1,5.47,True,8,True,True,0.75,0.0,-0.002,False,False,-0.118,0.001,115.293,1772,11.84,,,,,0,False,False,0.0,False,6.37,5.55,20.0,
113.9,28506,227.113,-606.461,-0.006,4.5,30.0,1772,-1,5.7,True,8,True,True,0.75,0.0,0.002,False,False,-0.196,0.001,115.283,1772,11.84,,,,,0,False,False,0.0,False,6.14,5.41,20.0,
113.95,28507,227.02,-606.264,-0.005,4.317,30.0,1772,-1,5.92,True,8,True,True,0.75,0.0,0.001,False,False,-0.255,-0.001,115.286,1772,11.84,,,,,0,False,False,0.0,False,5.92,5.25,20.0,
114.0,28508,226.929,-606.071,-0.005,4.235,30.0,1772,-1,6.13,True,8,True,True,0.75,0.0,0.0,False,False,-0.261,-0.001,115.289,1772,11.84,,,,,0,False,False,0.0,False,5.71,5.16,20.0,
114.05,28509,226.838,-605.88,-0.005,4.224,30.0,1772,-1,6.34,True,8,True,True,0.75,0.0,0.0,False,False,-0.221,0.0,115.291,1772,11.84,,,,,0,False,False,0.868,False,5.5,5.12,20.0,
114.1,28510,226.748,-605.688,-0.006,4.257,30.0,1772,-1,6.55,True,8,True,True,0.75,0.0,0.0,False,False,-0.153,0.001,115.293,1772,11.84,,,,,0,False,False,0.994,False,5.29,5.11,20.0,
114.15,28511,226.656,-605.493,-0.007,4.318,30.0,1772,-1,6.77,True,8,True,True,0.75,0.0,0.0,False,False,-0.074,0.001,115.294,1772,11.84,,,,,0,False,False,1.126,False,5.07,5.13,20.0,
114.2,28512,226.562,-605.295,-0.007,4.396,30.0,1772,-1,6.99,True,8,True,True,0.75,0.0,0.0,False,False,0.002,0.001,115.296,1772,15.22,,,,,0,False,False,1.263,False,8.24,5.16,20.0,
114.25,28513,226.467,-605.094,-0.008,4.485,30.0,1772,-1,7.21,True,8,True,True,0.75,0.0,0.0,False,False,0.069,0.0,115.297,1772,15.22,,,,,0,False,False,1.402,False,8.01,5.2,20.0,
114.3,28514,226.369,-604.888,-0.008,4.58,30.0,1772,-1,7.44,True,8,True,True,0.75,0.0,0.0,False,False,0.124,0.0,115.298,1772,15.22,,,,,0,False,False,1.551,False,7.79,5.24,20.0,
114.35,28515,226.27,-604.678,-0.009,4.679,30.0,1772,-1,7.67,True,8,True,True,0.75,0.0,0.0,False,False,0.166,0.0,115.299,1772,15.22,,,,,0,False,False,1.701,False,7.55,5.29,20.0,
114.4,28516,226.169,-604.464,-0.009,4.781,30.0,1772,-1,7.91,True,8,True,True,0.75,0.0,0.0,False,False,0.197,0.0,115.3,1772,15.22,,,,,0,False,False,1.858,False,7.32,5.34,20.0,
114.45,28517,226.065,-604.244,-0.009,4.884,30.0,1772,-1,8.15,True,8,True,True,0.75,0.0,0.0,False,False,0.22,0.0,115.3,1772,15.22,,,,,0,False,False,2.021,False,7.07,5.39,20.0,
114.5,28518,225.959,-604.021,-0.009,4.987,30.0,1772,-1,8.4,True,8,True,True,0.75,0.0,0.0,False,False,0.235,0.0,115.301,1772,15.22,,,,,0,False,False,2.188,False,6.83,5.44,20.0,
114.55,28519,225.851,-603.792,-0.009,5.09,30.0,1772,-1,8.65,True,8,True,True,0.75,0.0,0.0,False,False,0.246,0.0,115.302,1772,15.22,,,,,0,False,False,2.36,False,6.57,5.49,20.0,
114.6,28520,225.741,-603.559,-0.009,5.224,30.0,1772,-1,8.91,True,8,True,True,0.75,0.0,0.0,False,False,0.255,0.0,115.302,1772,15.22,,,,,0,False,False,2.54,False,6.32,5.54,20.0,
114.65,28521,225.629,-603.322,-0.009,5.253,30.0,1772,-1,9.17,True,8,True,True,0.75,0.0,0.0,False,False,0.252,-0.0,115.303,1772,15.22,,,,,0,False,False,0.0,False,6.05,5.61,20.0,
114.7,28522,225.515,-603.08,-0.009,5.421,30.0,1772,-1,9.44,True,8,True,True,0.75,0.0,-0.0,False,False,0.257,0.0,115.295,1772,15.22,,,,,0,False,False,0.0,False,5.79,5.63,20.0,
114.75,28523,225.4,-602.837,-0.009,5.333,30.0,1772,-1,9.71,True,8,True,True,0.541,0.0,0.001,False,False,0.226,-0.001,115.319,1772,15.22,,,,,0,False,False,0.0,False,5.52,5.71,20.0,
114.8,28524,225.286,-602.596,-0.009,5.374,30.0,1772,-1,9.97,True,8,True,True,0.75,0.0,-0.002,False,False,0.182,0.003,115.295,1154,1.74,,,,,0,False,False,0.0,False,8.69,5.67,20.0,
114.85,28525,225.172,-602.355,-0.008,5.29,30.0,1772,-1,10.24,True,8,True,True,0.695,0.0,0.002,False,False,0.135,-0.001,115.33,1154,1.74,,,,,0,False,False,0.0,False,8.42,5.69,20.0,
114.9,28526,225.059,-602.115,-0.008,5.359,30.0,1772,-1,10.51,True,8,True,True,0.75,0.0,-0.003,False,False,0.109,0.003,115.307,1154,1.74,,,,,0,False,False,0.0,False,8.15,5.65,20.0,
114.95,28527,224.945,-601.874,-0.008,5.304,30.0,1772,-1,10.77,True,8,True,True,0.739,0.0,0.002,False,False,0.091,-0.0,115.34,1154,1.74,,,,,0,False,False,0.0,False,7.89,5.68,20.0,
115.0,28528,224.831,-601.632,-0.008,5.385,30.0,1772,-1,11.04,True,8,True,True,0.75,0.0,-0.003,False,False,0.091,0.003,115.312,1154,1.74,,,,,0,False,False,1.397,False,7.62,5.65,20.0,
115.05,28529,224.717,-601.391,-0.008,5.312,30.0,1772,-1,11.31,True,8,True,True,0.638,0.0,0.002,False,False,0.081,-0.001,115.339,1154,1.74,,,,,0,False,False,1.216,False,7.35,5.69,20.0,
115.1,28530,224.602,-601.148,-0.008,5.423,30.0,1772,-1,11.57,True,8,True,True,0.75,0.0,-0.003,False,False,0.083,0.001,115.313,1154,1.74,,,,,0,False,False,1.039,False,7.08,5.66,20.0,
115.15,28531,224.48,-600.891,-0.009,5.828,30.0,1772,-1,11.86,True,8,True,True,0.495,0.0,0.002,False,False,0.2,-0.002,115.288,1154,1.74,,,,,0,False,False,0.865,False,6.8,5.71,20.0,
115.2,28532,224.349,-600.615,-0.01,6.216,30.0,1772,-1,12.17,True,8,True,True,0.0,0.3,0.002,False,False,0.346,-0.007,115.286,1154,1.74,,,,,0,False,False,0.0,False,6.49,5.91,20.0,
115.25,28533,224.215,-600.331,-0.011,6.269,30.0,1772,-1,12.48,True,8,True,True,0.0,0.3,0.001,False,False,0.401,-0.006,115.291,1154,1.74,,,,,0,False,False,0.0,False,6.18,6.11,20.0,
115.3,28534,224.08,-600.046,-0.01,6.326,30.0,1772,-1,12.79,True,8,True,True,0.0,0.3,0.0,False,False,0.374,-0.002,115.294,1154,1.74,,,,,0,False,False,0.0,False,5.87,6.13,20.0,
115.35,28535,223.945,-599.767,-0.01,6.161,30.0,1772,-1,13.1,True,8,True,True,0.0,0.3,0.044,False,False,0.279,-0.079,115.418,1154,5.23,,,,,0,False,False,0.0,False,8.98,6.16,20.0,
115.4,28536,223.813,-599.493,-0.009,6.068,30.0,1772,-1,13.41,True,8,True,True,0.0,0.3,0.002,False,False,0.166,-0.074,115.569,1154,5.23,,,,,0,False,False,0.0,False,8.67,6.08,20.0,
115.45,28537,223.685,-599.226,-0.007,5.83,30.0,1772,-1,13.7,True,8,True,True,0.0,0.3,-0.005,False,False,0.046,-0.029,115.593,1154,5.23,,,,,0,False,False,0.0,False,8.38,6.03,20.0,
115.5,28538,223.561,-598.968,-0.007,5.697,30.0,1772,-1,13.99,True,8,True,True,0.0,0.3,0.003,False,False,-0.053,-0.012,115.643,1154,5.23,,,,,0,False,False,0.0,False,8.09,5.91,20.0,
115.55,28539,223.441,-598.719,-0.006,5.431,30.0,1772,-1,14.27,True,8,True,True,0.0,0.3,0.0,False,False,-0.139,-0.003,115.634,1154,5.23,,,,,0,False,False,0.0,False,7.82,5.85,20.0,
115.6,28540,223.326,-598.478,-0.005,5.322,30.0,1772,-1,14.53,True,8,True,True,0.414,0.0,0.004,False,False,-0.193,-0.005,115.677,1154,5.23,,,,,0,False,False,0.0,False,7.55,5.72,20.0,
115.65,28541,223.213,-598.244,-0.005,5.122,30.0,1772,-1,14.79,True,8,True,True,0.75,0.0,-0.001,False,False,-0.22,-0.003,115.656,1154,5.23,,,,,0,False,False,0.0,False,7.29,5.66,20.0,
115.7,28542,223.102,-598.014,-0.005,5.086,30.0,1772,-1,15.05,True,8,True,True,0.75,0.0,0.004,False,False,-0.214,-0.006,115.691,1154,5.23,,,,,0,False,False,0.0,False,7.03,5.56,20.0,
115.75,28543,222.992,-597.787,-0.005,5.013,30.0,1772,-1,15.3,True,8,True,True,0.75,0.0,-0.001,False,False,-0.179,-0.003,115.657,1154,5.23,,,,,0,False,False,0.0,False,6.78,5.54,20.0,
115.8,28544,222.883,-597.559,-0.006,5.082,30.0,1772,-1,15.55,True,8,True,True,0.75,0.0,0.005,False,False,-0.119,-0.007,115.694,1154,5.23,,,,,0,False,False,0.0,False,6.53,5.51,20.0,
115.85,28545,222.777,-597.339,-0.006,4.715,30.0,1776,-1,15.15,True,8,True,False,0.75,0.0,-0.001,False,False,-0.137,-0.003,115.691,1154,5.23,,,,,0,False,False,0.0,False,6.29,5.54,20.0,
115.9,28546,222.679,-597.136,-0.005,4.42,30.0,1776,-1,15.38,True,8,True,False,0.75,0.0,0.002,False,False,-0.22,-0.001,115.704,1154,5.23,,,,,0,False,False,0.0,False,6.06,5.36,20.0,
115.95,28547,222.585,-596.942,-0.005,4.254,30.0,1776,-1,15.59,True,8,True,False,0.75,0.0,0.0,False,False,-0.271,0.001,115.71,1154,5.23,,,,,0,False,False,0.0,False,5.84,5.21,20.0,
116.0,28548,222.494,-596.753,-0.005,4.185,30.0,1776,-1,15.8,True,8,True,False,0.75,0.0,0.001,False,False,-0.268,0.001,115.714,1154,5.23,,,,,0,False,False,0.0,False,5.63,5.13,20.0,
116.05,28549,222.403,-596.564,-0.005,4.182,30.0,1776,-1,16.09,True,8,True,False,0.75,0.0,0.001,False,False,-0.22,0.001,115.717,1154,5.23,,,,,0,False,False,0.0,False,5.43,5.09,20.0,
116.1,28550,222.312,-596.374,-0.006,4.222,30.0,1776,-1,16.3,True,8,True,False,0.75,0.0,0.001,False,False,-0.146,0.001,115.72,1154,5.23,,,,,0,False,False,0.0,False,5.21,5.09,20.0,
116.15,28551,222.219,-596.182,-0.007,4.286,30.0,1154,-1,0.17,False,-1,True,True,0.75,0.0,0.0,False,False,-0.065,0.0,115.723,1154,5.23,,,,,0,False,False,0.0,False,5.0,5.11,20.0,
116.2,28552,222.122,-595.988,-0.007,4.36,30.0,1154,-1,0.39,False,-1,True,True,0.75,0.0,0.073,False,False,0.01,-0.09,115.881,1154,8.72,,,,,0,False,False,0.0,False,8.28,5.14,20.0,
116.25,28553,222.022,-595.79,-0.008,4.451,30.0,1154,-1,0.61,False,-1,True,True,0.75,0.0,0.007,False,False,0.075,-0.094,116.041,1154,8.72,,,,,0,False,False,0.0,False,8.06,5.18,20.0,
116.3,28554,221.922,-595.587,-0.008,4.549,30.0,1154,-1,0.83,False,-1,True,True,0.75,0.0,0.001,False,False,0.129,-0.048,116.097,1154,8.72,,,,,0,False,False,0.0,False,7.83,5.23,20.0,
116.35,28555,221.82,-595.381,-0.009,4.65,30.0,1154,-1,1.06,False,-1,True,True,0.75,0.0,0.008,False,False,0.171,-0.025,116.138,1154,8.72,,,,,0,False,False,0.0,False,7.6,5.27,20.0,
116.4,28556,221.715,-595.169,-0.009,4.753,30.0,1154,-1,1.3,False,-1,True,True,0.75,0.0,0.007,False,False,0.201,-0.017,116.182,1154,8.72,,,,,0,False,False,0.0,False,7.37,5.32,20.0,
116.45,28557,221.608,-594.953,-0.009,4.856,30.0,1154,-1,1.54,False,-1,True,True,0.75,0.0,0.006,False,False,0.223,-0.01,116.222,1154,8.72,,,,,0,False,False,0.0,False,7.13,5.38,20.0,
116.5,28558,221.499,-594.733,-0.009,4.96,30.0,1154,-1,1.79,False,-1,True,True,0.75,0.0,0.005,False,False,0.238,-0.006,116.255,1154,8.72,,,,,0,False,False,0.0,False,6.88,5.43,20.0,
116.55,28559,221.387,-594.508,-0.009,5.064,30.0,1154,-1,2.04,False,-1,True,True,0.75,0.0,0.004,False,False,0.248,-0.003,116.284,1154,8.72,,,,,0,False,False,0.0,False,6.63,5.48,20.0,
116.6,28560,221.273,-594.279,-0.009,5.149,30.0,1154,-1,2.29,False,-1,True,True,0.75,0.0,0.003,False,False,0.253,-0.001,116.309,1154,8.72,,,,,0,False,False,0.0,False,6.37,5.53,20.0,
116.65,28561,221.157,-594.044,-0.009,5.302,30.0,1154,-1,2.56,False,-1,True,True,0.75,0.0,0.003,False,False,0.258,-0.001,116.331,1154,8.72,,,,,0,False,False,0.0,False,6.11,5.57,20.0,
116.7,28562,221.039,-593.807,-0.009,5.289,30.0,1154,-1,2.82,False,-1,True,True,0.75,0.0,0.002,False,False,0.249,0.0,116.334,1154,8.72,,,,,0,False,False,0.0,False,5.85,5.65,20.0,
116.75,28563,220.921,-593.569,-0.009,5.337,30.0,1154,-1,3.09,False,-1,True,True,0.75,0.0,0.003,False,False,0.215,-0.002,116.377,1154,8.72,,,,,0,False,False,0.0,False,5.58,5.64,20.0,
116.8,28564,220.801,-593.334,-0.008,5.259,30.0,1154,-1,3.35,False,-1,True,True,0.75,0.0,0.049,False,False,0.168,-0.069,116.468,1865,1.99,,,,,0,False,False,0.0,False,8.99,5.67,20.0,
116.85,28565,220.681,-593.097,-0.008,5.341,30.0,1154,-1,3.62,False,-1,True,True,0.75,0.0,0.009,False,False,0.14,-0.073,116.621,1865,1.99,,,,,0,False,False,0.0,False,8.73,5.63,20.0,
116.9,28566,220.561,-592.861,-0.008,5.289,30.0,1154,-1,3.88,False,-1,True,True,0.75,0.0,-0.001,False,False,0.119,-0.036,116.653,1865,1.99,,,,,0,False,False,0.0,False,8.46,5.67,20.0,
116.95,28567,220.441,-592.623,-0.008,5.354,30.0,1154,-1,4.15,False,-1,True,True,0.75,0.0,0.007,False,False,0.107,-0.02,116.722,1865,1.99,,,,,0,False,False,0.0,False,8.2,5.64,20.0,
117.0,28568,220.321,-592.386,-0.008,5.281,30.0,1154,-1,4.41,False,-1,True,True,0.75,0.0,0.002,False,False,0.089,-0.009,116.727,1865,1.99,,,,,0,False,False,0.0,False,7.93,5.68,20.0,
117.05,28569,220.195,-592.137,-0.009,5.795,30.0,1154,-1,4.69,False,-1,True,True,0.75,0.0,0.006,False,False,0.183,-0.011,116.806,1865,1.99,,,,,0,False,False,0.0,False,7.65,5.64,20.0,
117.1,28570,220.059,-591.868,-0.01,6.097,30.0,1154,-1,5.06,False,-1,True,True,0.0,0.3,-0.001,False,False,0.331,-0.003,116.842,1865,1.99,,,,,0,False,False,0.0,False,7.35,5.9,20.0,
117.15,28571,219.917,-591.588,-0.011,6.365,30.0,1154,-1,5.37,False,-1,True,True,0.0,0.3,0.001,False,False,0.424,0.002,116.857,1865,1.99,,,,,0,False,False,0.0,False,7.04,6.05,20.0,
117.2,28572,219.773,-591.304,-0.011,6.345,30.0,1154,-1,5.69,False,-1,True,True,0.0,0.3,0.002,False,False,0.417,-0.001,116.87,1865,1.99,,,,,0,False,False,0.0,False,6.72,6.18,20.0,
117.25,28573,219.63,-591.021,-0.01,6.347,30.0,1154,-1,6.01,False,-1,True,True,0.0,0.3,0.001,False,False,0.345,-0.003,116.879,1865,1.99,,,,,0,False,False,0.0,False,6.4,6.17,20.0,
117.3,28574,219.489,-590.744,-0.009,6.152,30.0,1154,-1,6.32,False,-1,True,True,0.0,0.3,0.001,False,False,0.228,-0.004,116.904,1865,1.99,,,,,0,False,False,0.0,False,6.09,6.17,20.0,
117.35,28575,219.352,-590.474,-0.008,6.042,30.0,1154,-1,6.62,False,-1,True,True,0.0,0.3,-0.001,False,False,0.108,-0.002,116.885,1865,1.99,,,,,0,False,False,0.0,False,5.79,6.08,20.0,
117.4,28576,219.215,-590.215,-0.007,5.782,30.0,1154,-1,6.91,False,-1,True,True,0.0,0.3,0.099,False,False,-0.01,-0.135,117.124,1865,5.98,,,,,0,False,False,0.0,False,9.41,6.02,20.0,
117.45,28577,219.081,-589.964,-0.006,5.644,30.0,1154,-1,7.2,False,-1,True,True,0.0,0.3,0.032,False,False,-0.102,-0.18,117.41,1865,5.98,,,,,0,False,False,0.0,False,9.13,5.89,20.0,
117.5,28578,218.952,-589.723,-0.005,5.374,30.0,1154,-1,7.47,False,-1,True,True,0.0,0.3,0.018,False,False,-0.179,-0.138,117.662,1865,5.98,,,,,0,False,False,0.0,False,8.85,5.82,20.0,
117.55,28579,218.828,-589.489,-0.005,5.263,30.0,1154,-1,7.73,False,-1,True,True,0.615,0.0,0.013,False,False,-0.223,-0.091,117.795,1865,5.98,,,,,0,False,False,0.0,False,8.59,5.69,20.0,
117.6,28580,218.707,-589.263,-0.005,5.06,30.0,1154,-1,7.99,False,-1,True,True,0.75,0.0,0.017,False,False,-0.243,-0.066,117.959,1865,5.98,,,,,0,False,False,0.0,False,8.33,5.63,20.0,
117.65,28581,218.586,-589.039,-0.005,5.104,30.0,1154,-1,8.25,False,-1,True,True,0.75,0.0,0.01,False,False,-0.213,-0.045,118.049,1865,5.98,,,,,0,False,False,0.0,False,8.08,5.53,20.0,
117.7,28582,218.466,-588.816,-0.006,5.028,30.0,1154,-1,8.5,False,-1,True,True,0.75,0.0,0.012,False,False,-0.16,-0.036,118.17,1865,5.98,,,,,0,False,False,0.0,False,7.82,5.55,20.0,
117.75,28583,218.348,-588.598,-0.006,4.782,30.0,1154,-1,8.75,False,-1,True,True,0.75,0.0,0.006,False,False,-0.149,-0.024,118.221,1865,5.98,,,,,0,False,False,0.0,False,7.58,5.51,20.0,
117.8,28584,218.24,-588.399,-0.005,4.418,30.0,1154,-1,8.97,False,-1,True,True,0.75,0.0,0.009,False,False,-0.239,-0.018,118.253,1865,5.98,,,,,0,False,False,0.0,False,7.35,5.39,20.0,
117.85,28585,218.139,-588.211,-0.005,4.195,30.0,1154,-1,9.19,False,-1,True,True,0.75,0.0,0.009,False,False,-0.309,-0.016,118.296,1865,5.98,,,,,0,False,False,0.0,False,7.14,5.21,20.0,
117.9,28586,218.04,-588.03,-0.005,4.086,30.0,1154,-1,9.39,False,-1,True,True,0.75,0.0,0.007,False,False,-0.322,-0.012,118.335,1865,5.98,,,,,0,False,False,0.0,False,6.93,5.1,20.0,
117.95,28587,217.943,-587.852,-0.005,4.058,30.0,1154,-1,9.6,False,-1,True,True,0.75,0.0,0.006,False,False,-0.281,-0.008,118.368,1865,5.98,,,,,0,False,False,0.0,False,6.73,5.04,20.0,
118.0,28588,217.845,-587.672,-0.006,4.082,30.0,1866,-1,0.1,True,7,True,False,0.75,0.0,0.005,False,False,-0.206,-0.005,118.397,1865,5.98,,,,,0,False,False,0.0,False,6.52,5.03,20.0,
118.05,28589,217.747,-587.491,-0.006,4.139,30.0,1866,-1,0.27,True,7,True,False,0.75,0.0,0.004,False,False,-0.117,-0.003,118.422,1865,5.98,,,,,0,False,False,0.0,False,6.32,5.04,20.0,
118.1,28590,217.646,-587.307,-0.007,4.215,30.0,1154,-1,10.22,False,-1,True,True,0.75,0.0,0.004,False,False,-0.031,-0.002,118.445,1865,5.98,,,,,0,False,False,0.0,False,6.11,5.07,20.0,
118.15,28591,217.544,-587.119,-0.008,4.303,30.0,1154,-1,10.43,False,-1,True,True,0.75,0.0,0.003,False,False,0.045,-0.001,118.464,1865,5.98,,,,,0,False,False,0.0,False,5.89,5.11,20.0,
118.2,28592,217.44,-586.927,-0.008,4.399,30.0,1864,-1,0.18,True,7,True,False,0.75,0.0,0.003,False,False,0.107,-0.0,118.481,1865,5.98,,,,,0,False,False,0.0,False,5.67,5.15,20.0,
118.25,28593,217.333,-586.73,-0.009,4.499,30.0,1864,-1,0.4,True,7,True,False,0.75,0.0,0.002,False,False,0.155,0.0,118.496,1865,5.98,,,,,0,False,False,0.0,False,5.45,5.2,20.0,
118.3,28594,217.224,-586.53,-0.009,4.602,30.0,1864,-1,0.63,True,7,True,False,0.75,0.0,0.002,False,False,0.191,0.0,118.509,1865,5.98,,,,,0,False,False,0.0,False,5.22,5.25,20.0,
118.35,28595,217.117,-586.323,-0.009,4.692,30.0,1864,-1,0.86,True,7,True,False,0.75,0.0,-0.098,False,False,0.213,0.134,118.284,1865,9.97,,,,,0,False,False,0.0,False,9.33,5.3,20.0,
118.4,28596,217.008,-586.111,-0.009,4.798,30.0,1864,-1,1.22,True,7,True,False,0.75,0.0,-0.007,False,False,0.229,0.148,118.044,1865,9.97,,,,,0,False,False,0.0,False,9.1,5.35,20.0,
118.45,28597,216.895,-585.896,-0.009,4.904,30.0,1864,-1,1.46,True,7,True,False,0.75,0.0,0.003,False,False,0.242,0.074,117.972,1865,9.97,,,,,0,False,False,0.0,False,8.85,5.4,20.0,
118.5,28598,216.779,-585.676,-0.009,5.009,30.0,1864,-1,1.71,True,7,True,False,0.75,0.0,-0.008,False,False,0.251,0.036,117.929,1865,9.97,,,,,0,False,False,0.0,False,8.61,5.45,20.0,
118.55,28599,216.661,-585.452,-0.009,5.115,30.0,1864,-1,2.1,True,7,True,False,0.75,0.0,-0.009,False,False,0.257,0.022,117.877,1865,9.97,,,,,0,False,False,0.0,False,8.35,5.5,20.0,
118.6,28600,216.541,-585.223,-0.009,5.175,30.0,1864,-1,2.35,True,7,True,False,0.75,0.0,-0.006,False,False,0.257,0.013,117.833,1865,9.97,,,,,0,False,False,0.0,False,8.09,5.56,20.0,
118.65,28601,216.42,-584.991,-0.009,5.262,30.0,1864,-1,2.61,True,7,True,False,0.75,0.0,-0.005,False,False,0.244,0.008,117.777,1865,9.97,,,,,0,False,False,0.0,False,7.83,5.59,20.0,
118.7,28602,216.299,-584.76,-0.009,5.172,30.0,1865,-1,2.69,True,7,True,True,0.75,0.0,-0.003,False,False,0.196,0.001,117.778,1865,9.97,,,,,0,False,False,0.0,False,7.57,5.63,20.0,
118.75,28603,216.178,-584.53,-0.008,5.241,30.0,1865,-1,2.95,True,7,True,True,0.75,0.0,-0.007,False,False,0.159,0.004,117.726,1865,9.97,,,,,0,False,False,0.0,False,7.31,5.59,20.0,
118.8,28604,216.058,-584.299,-0.008,5.184,30.0,1865,-1,3.21,True,7,True,True,0.75,0.0,-0.001,False,False,0.127,0.0,117.735,1865,9.97,,,,,0,False,False,0.0,False,7.05,5.62,20.0,
118.85,28605,215.937,-584.067,-0.008,5.283,30.0,1865,-1,3.47,True,7,True,True,0.75,0.0,-0.006,False,False,0.119,0.003,117.69,1865,9.97,,,,,0,False,False,0.0,False,6.79,5.59,20.0,
118.9,28606,215.815,-583.835,-0.008,5.207,30.0,1865,-1,3.73,True,7,True,True,0.75,0.0,-0.0,False,False,0.103,-0.001,117.7,1865,9.97,,,,,0,False,False,0.0,False,6.53,5.64,20.0,
118.95,28607,215.694,-583.603,-0.008,5.274,30.0,1865,-1,4.05,True,7,True,True,0.75,0.0,-0.004,False,False,0.095,0.002,117.654,1865,9.97,,,,,0,False,False,0.0,False,6.26,5.6,20.0,
119.0,28608,215.568,-583.364,-0.008,5.556,30.0,1865,-1,4.32,True,7,True,True,0.75,0.0,0.001,False,False,0.15,-0.003,117.631,1865,9.97,,,,,0,False,False,0.792,False,5.99,5.64,20.0,
119.05,28609,215.432,-583.103,-0.01,6.05,30.0,1865,-1,4.61,True,7,True,True,0.027,0.0,-0.0,False,False,0.312,-0.004,117.608,1865,9.97,,,,,0,False,False,0.99,False,5.7,5.78,20.0,
119.1,28610,215.292,-582.827,-0.011,6.213,30.0,1865,-1,4.92,True,7,True,True,0.0,0.3,-0.1,False,False,0.419,0.132,117.39,1865,13.96,,,,,0,False,False,1.204,False,9.64,6.02,20.0,
119.15,28611,215.161,-582.541,-0.011,6.305,30.0,1865,-1,5.23,True,7,True,True,0.0,0.3,-0.2,False,False,0.423,0.443,116.647,1865,13.96,,,,,0,False,False,1.44,False,9.32,6.11,20.0,
119.2,28612,215.04,-582.256,-0.01,6.178,30.0,1865,-1,5.54,True,7,True,True,0.0,0.3,-0.173,False,False,0.339,0.672,115.531,1865,13.96,,,,,0,False,False,0.0,False,9.01,6.15,20.0,
119.25,28613,214.922,-581.974,-0.009,6.11,30.0,1865,-1,5.84,True,7,True,True,0.0,0.3,-0.109,False,False,0.229,0.648,114.461,1865,13.96,,,,,0,False,False,0.0,False,8.71,6.09,20.0,
119.3,28614,214.809,-581.699,-0.008,5.892,30.0,1865,-1,6.14,True,7,True,True,0.0,0.3,-0.078,False,False,0.104,0.514,113.65,1865,13.96,,,,,0,False,False,0.0,False,8.41,6.05,20.0,
119.35,28615,214.701,-581.43,-0.007,5.767,30.0,1865,-1,6.42,True,7,True,True,0.0,0.3,-0.07,False,False,-0.003,0.394,112.954,1865,13.96,,,,,0,False,False,0.0,False,8.12,5.95,20.0,
119.4,28616,214.598,-581.17,-0.006,5.513,30.0,1865,-1,6.7,True,7,True,True,0.0,0.3,-0.057,False,False,-0.098,0.295,112.435,1865,13.96,,,,,0,False,False,2.342,False,7.84,5.88,20.0,
119.45,28617,214.5,-580.917,-0.006,5.406,30.0,1865,-1,6.97,True,7,True,True,0.122,0.0,-0.052,False,False,-0.161,0.225,111.959,1865,13.96,,,,,0,False,False,2.179,False,7.57,5.76,20.0,
119.5,28618,214.406,-580.67,-0.005,5.202,30.0,1865,-1,7.23,True,7,True,True,0.509,0.0,-0.04,False,False,-0.198,0.167,111.622,1865,13.96,,,,,0,False,False,2.016,False,7.31,5.7,20.0,
119.55,28619,214.315,-580.429,-0.005,5.149,30.0,1870,-1,6.27,True,7,True,False,0.75,0.0,-0.038,False,False,-0.204,0.13,111.294,1865,13.96,,,,,0,False,False,1.862,False,7.05,5.6,20.0,
119.6,28620,214.226,-580.191,-0.005,5.043,30.0,1870,-1,6.13,True,7,True,False,0.75,0.0,-0.028,False,False,-0.188,0.097,111.085,1865,13.96,,,,,0,False,False,1.71,False,6.8,5.57,20.0,
119.65,28621,214.138,-579.952,-0.006,5.109,30.0,1870,-1,6.0,True,7,True,False,0.75,0.0,-0.029,False,False,-0.135,0.079,110.851,1865,13.96,,,,,0,False,False,1.56,False,6.54,5.52,20.0,
119.7,28622,214.052,-579.717,-0.006,4.851,30.0,1868,-1,7.49,True,7,True,False,0.75,0.0,-0.02,False,False,-0.114,0.056,110.694,1865,13.96,,,,,0,False,False,1.416,False,6.29,5.55,20.0,
119.75,28623,213.971,-579.498,-0.006,4.537,30.0,1868,-1,7.33,True,7,True,False,0.75,0.0,-0.02,False,False,-0.189,0.038,110.549,1865,13.96,,,,,0,False,True,1.284,False,6.06,5.43,20.0,True
119.8,28624,213.896,-579.293,-0.005,4.318,30.0,1868,-1,7.17,True,7,True,False,0.75,0.0,-0.016,False,False,-0.26,0.024,110.444,1865,13.96,,,,,0,False,True,1.159,False,5.84,5.27,20.0,True
119.85,28625,213.824,-579.093,-0.005,4.21,30.0,1868,-1,7.02,True,7,True,False,0.75,0.0,-0.016,False,False,-0.28,0.018,110.355,1865,13.96,,,,,0,False,True,1.044,False,5.63,5.16,20.0,True
119.9,28626,213.753,-578.896,-0.005,4.181,30.0,1868,-1,6.99,True,7,True,False,0.75,0.0,-0.013,False,False,-0.249,0.012,110.279,1865,13.96,,,,,0,False,True,0.93,False,5.42,5.1,20.0,True
119.95,28627,213.681,-578.698,-0.006,4.205,30.0,1868,-1,6.83,True,7,True,False,0.75,0.0,-0.011,False,False,-0.183,0.008,110.213,1865,13.96,,,,,0,False,True,0.816,False,5.21,5.09,20.0,True
120.0,28628,213.609,-578.499,-0.006,4.259,30.0,1868,-1,6.67,True,7,True,False,0.75,0.0,-0.01,False,False,-0.102,0.005,110.155,1865,13.96,,,,,0,False,True,0.706,False,4.99,5.1,20.0,True
120.05,28629,213.539,-578.295,-0.007,4.323,30.0,1865,-1,9.6,True,7,True,True,0.75,0.0,-0.11,False,False,-0.025,0.11,109.923,1153,1.83,,,,,0,False,False,0.605,False,8.61,5.13,20.0,
120.1,28630,213.478,-578.085,-0.008,4.381,30.0,1865,-1,9.82,True,7,True,True,0.75,0.0,-0.21,False,False,0.035,0.351,109.268,1153,1.83,,,,,0,False,False,0.527,False,8.39,5.16,20.0,
120.15,28631,213.422,-577.871,-0.008,4.471,30.0,1865,-1,10.0,True,7,True,True,0.75,0.0,-0.182,False,False,0.085,0.529,108.347,1153,1.83,,,,,0,False,False,0.47,False,8.17,5.19,20.0,
120.2,28632,213.367,-577.651,-0.008,4.576,30.0,1865,-1,10.18,True,7,True,True,0.75,0.0,-0.131,False,False,0.132,0.524,107.497,1153,1.83,,,,,0,False,False,2.409,False,7.94,5.24,20.0,
120.25,28633,213.311,-577.426,-0.009,4.683,30.0,1865,-1,10.42,True,7,True,True,0.75,0.0,-0.108,False,False,0.172,0.439,106.78,1153,1.83,,,,,0,False,False,2.267,False,7.71,5.29,20.0,
120.3,28634,213.255,-577.196,-0.009,4.789,30.0,1865,-1,10.65,True,7,True,True,0.75,0.0,-0.094,False,False,0.202,0.345,106.157,1153,1.83,,,,,0,False,False,2.124,False,7.47,5.34,20.0,
120.35,28635,213.198,-576.96,-0.009,4.896,30.0,1865,-1,10.9,True,7,True,True,0.75,0.0,-0.08,False,False,0.224,0.261,105.61,1153,1.83,,,,,0,False,False,1.981,False,7.23,5.39,20.0,
120.4,28636,213.141,-576.719,-0.009,5.002,30.0,1865,-1,11.07,True,7,True,True,0.75,0.0,-0.067,False,False,0.24,0.192,105.133,1153,1.83,,,,,0,False,False,1.842,False,6.98,5.45,20.0,
120.45,28637,213.084,-576.472,-0.009,5.108,30.0,1865,-1,11.32,True,7,True,True,0.75,0.0,-0.057,False,False,0.25,0.132,104.722,1153,1.83,,,,,0,False,False,1.702,False,6.73,5.5,20.0,
120.5,28638,213.025,-576.22,-0.009,5.24,30.0,1865,-1,11.58,True,7,True,True,0.75,0.0,-0.048,False,False,0.258,0.09,104.369,1153,1.83,,,,,0,False,False,1.563,False,6.47,5.55,20.0,
120.55,28639,212.966,-575.964,-0.009,5.27,30.0,1865,-1,11.84,True,7,True,True,0.75,0.0,-0.04,False,False,0.255,0.061,104.051,1153,1.83,,,,,0,False,False,1.43,False,6.21,5.62,20.0,
120.6,28640,212.906,-575.705,-0.009,5.348,30.0,1865,-1,12.05,True,7,True,True,0.75,0.0,-0.032,False,False,0.24,0.037,103.803,1153,1.83,,,,,0,False,False,1.296,False,5.94,5.64,20.0,
120.65,28641,212.847,-575.447,-0.009,5.263,30.0,1865,-1,12.31,True,7,True,True,0.75,0.0,-0.029,False,False,0.192,0.025,103.54,1153,1.83,,,,,0,False,False,1.171,False,5.68,5.67,20.0,
120.7,28642,212.788,-575.189,-0.008,5.337,30.0,1865,-1,12.57,True,7,True,True,0.75,0.0,-0.02,False,False,0.158,0.011,103.37,1153,1.83,,,,,0,False,False,1.048,False,5.41,5.63,20.0,
120.75,28643,212.733,-574.93,-0.008,5.278,30.0,1865,-1,12.84,True,7,True,True,0.75,0.0,-0.12,False,False,0.127,0.115,103.014,1153,5.5,,,,,0,False,False,0.93,False,8.79,5.67,20.0,
120.8,28644,212.684,-574.669,-0.008,5.344,30.0,1865,-1,13.05,True,7,True,True,0.75,0.0,-0.125,False,False,0.111,0.28,102.434,1153,5.5,,,,,0,False,False,0.816,False,8.52,5.64,20.0,
120.85,28645,212.637,-574.408,-0.008,5.272,30.0,1865,-1,13.32,True,7,True,True,0.75,0.0,-0.088,False,False,0.09,0.323,101.768,1153,5.5,,,,,0,False,False,0.704,False,8.26,5.67,20.0,
120.9,28646,212.591,-574.145,-0.008,5.495,30.0,1865,-1,13.58,True,7,True,True,0.75,0.0,-0.061,False,False,0.102,0.282,101.225,1153,5.5,,,,,0,False,False,0.601,False,7.99,5.64,20.0,
120.95,28647,212.543,-573.861,-0.009,5.878,30.0,1865,-1,13.87,True,7,True,True,0.24,0.0,-0.052,False,False,0.236,0.246,100.721,1153,5.5,,,,,0,False,False,0.494,False,7.7,5.75,20.0,
121.0,28648,212.492,-573.559,-0.01,6.227,30.0,1865,-1,14.14,True,7,True,True,0.0,0.3,-0.039,False,False,0.37,0.2,100.303,1153,5.5,,,,,0,False,False,0.394,False,7.4,5.94,20.0,
121.05,28649,212.441,-573.25,-0.011,6.238,30.0,1865,-1,14.46,True,7,True,True,0.0,0.3,-0.031,False,False,0.402,0.153,99.968,1153,5.5,,,,,0,False,False,0.296,False,7.08,6.11,20.0,
121.1,28650,212.391,-572.942,-0.01,6.261,30.0,1865,-1,14.77,True,7,True,True,0.0,0.3,-0.026,False,False,0.355,0.114,99.71,1153,5.5,,,,,0,False,False,0.209,False,6.77,6.12,20.0,
121.15,28651,212.343,-572.639,-0.009,6.069,30.0,1865,-1,15.07,True,7,True,True,0.0,0.3,-0.024,False,False,0.246,0.089,99.464,1153,5.5,,,,,0,False,False,0.0,False,6.47,6.13,20.0,
121.2,28652,212.297,-572.343,-0.008,5.971,30.0,1865,-1,15.37,True,7,True,True,0.0,0.3,-0.017,False,False,0.129,0.064,99.308,1153,5.5,,,,,0,False,False,0.0,False,6.17,6.03,20.0,
121.25,28653,212.252,-572.056,-0.007,5.729,30.0,1865,-1,15.66,True,7,True,True,0.0,0.3,-0.018,False,False,0.014,0.051,99.131,1153,5.5,,,,,0,False,False,0.0,False,5.88,5.99,20.0,
121.3,28654,212.209,-571.778,-0.006,5.597,30.0,1865,-1,15.94,True,7,True,True,0.0,0.3,-0.011,False,False,-0.078,0.035,99.035,1153,5.5,,,,,0,False,False,0.0,False,5.59,5.86,20.0,
121.35,28655,212.171,-571.509,-0.006,5.337,30.0,1153,-1,0.2,False,-1,True,True,0.0,0.179,-0.111,False,False,-0.156,0.128,98.755,1153,9.17,,,,,0,False,False,0.0,False,8.98,5.8,20.0,
121.4,28656,212.137,-571.248,-0.005,5.242,30.0,1153,-1,0.46,False,-1,True,True,0.75,0.0,-0.059,False,False,-0.201,0.194,98.395,1153,9.17,,,,,0,False,False,0.0,False,8.72,5.67,20.0,
121.45,28657,212.105,-570.995,-0.005,5.041,30.0,1153,-1,0.71,False,-1,True,True,0.75,0.0,-0.04,False,False,-0.222,0.176,98.022,1153,9.17,,,,,0,False,False,0.0,False,8.46,5.62,20.0,
121.5,28658,212.073,-570.745,-0.005,5.045,30.0,1153,-1,0.97,False,-1,True,True,0.75,0.0,-0.028,False,False,-0.206,0.135,97.751,1153,9.17,,,,,0,False,False,0.0,False,8.21,5.52,20.0,
121.55,28659,212.043,-570.496,-0.006,5.033,30.0,1153,-1,1.22,False,-1,True,True,0.75,0.0,-0.026,False,False,-0.158,0.104,97.553,1153,9.17,,,,,0,False,False,0.0,False,7.96,5.52,20.0,
121.6,28660,212.013,-570.247,-0.006,5.023,30.0,1153,-1,1.47,False,-1,True,True,0.75,0.0,-0.025,False,False,-0.103,0.085,97.382,1153,9.17,,,,,0,False,False,0.0,False,7.71,5.52,20.0,
121.65,28661,211.985,-570.012,-0.006,4.583,30.0,1153,-1,1.7,False,-1,True,True,0.75,0.0,-0.021,False,False,-0.155,0.062,97.242,1153,9.17,,,,,0,False,False,0.0,False,7.47,5.51,20.0,
121.7,28662,211.96,-569.794,-0.005,4.309,30.0,1153,-1,1.92,False,-1,True,True,0.75,0.0,-0.018,False,False,-0.241,0.041,97.133,1153,9.17,,,,,0,False,False,0.0,False,7.25,5.29,20.0,
121.75,28663,211.936,-569.585,-0.005,4.161,30.0,1153,-1,2.13,False,-1,True,True,0.75,0.0,-0.017,False,False,-0.284,0.028,97.039,1153,9.17,,,,,0,False,False,0.0,False,7.04,5.15,20.0,
121.8,28664,211.912,-569.38,-0.005,4.105,30.0,1153,-1,2.34,False,-1,True,True,0.75,0.0,-0.015,False,False,-0.271,0.019,96.956,1153,9.17,,,,,0,False,False,0.0,False,6.84,5.08,20.0,
121.85,28665,211.889,-569.176,-0.005,4.112,30.0,1153,-1,2.54,False,-1,True,True,0.75,0.0,-0.013,False,False,-0.215,0.012,96.883,1153,9.17,,,,,0,False,False,0.0,False,6.63,5.05,20.0,
121.9,28666,211.865,-568.969,-0.006,4.157,30.0,1153,-1,2.75,False,-1,True,True,0.75,0.0,-0.011,False,False,-0.137,0.007,96.82,1153,9.17,,,,,0,False,False,0.0,False,6.42,5.06,20.0,
121.95,28667,211.841,-568.76,-0.007,4.226,30.0,1153,-1,2.96,False,-1,True,True,0.75,0.0,-0.009,False,False,-0.054,0.004,96.765,1153,9.17,,,,,0,False,False,0.0,False,6.21,5.08,20.0,
122.0,28668,211.817,-568.547,-0.007,4.31,30.0,1153,-1,3.18,False,-1,True,True,0.75,0.0,-0.008,False,False,0.023,0.002,96.716,1153,9.17,,,,,0,False,False,0.0,False,6.0,5.11,20.0,
122.05,28669,211.792,-568.33,-0.008,4.402,30.0,1153,-1,3.39,False,-1,True,True,0.75,0.0,-0.007,False,False,0.088,0.001,96.673,1153,9.17,,,,,0,False,False,0.0,False,5.78,5.15,20.0,
122.1,28670,211.767,-568.108,-0.008,4.501,30.0,1153,-1,3.62,False,-1,True,True,0.75,0.0,-0.006,False,False,0.139,0.0,96.636,1153,9.17,,,,,0,False,False,0.0,False,5.56,5.2,20.0,
122.15,28671,211.741,-567.881,-0.009,4.602,30.0,1153,-1,3.85,False,-1,True,True,0.75,0.0,-0.005,False,False,0.179,-0.0,96.604,1153,9.17,,,,,0,False,False,0.0,False,5.33,5.25,20.0,
122.2,28672,211.715,-567.649,-0.009,4.705,30.0,1153,-1,4.08,False,-1,True,True,0.75,0.0,-0.004,False,False,0.207,-0.0,96.576,1153,9.17,,,,,0,False,False,0.0,False,5.09,5.3,20.0,
122.25,28673,211.693,-567.412,-0.009,4.797,30.0,1153,-1,4.32,False,-1,True,True,0.75,0.0,-0.104,False,False,0.225,0.11,96.364,1153,12.83,,,,,0,False,False,0.0,False,8.85,5.35,20.0,
122.3,28674,211.674,-567.169,-0.009,4.9,30.0,1153,-1,4.56,False,-1,True,True,0.75,0.0,-0.083,False,False,0.235,0.236,95.929,1153,12.83,,,,,0,False,False,0.0,False,8.61,5.4,20.0,
122.35,28675,211.656,-566.922,-0.009,5.006,30.0,1153,-1,4.81,False,-1,True,True,0.75,0.0,-0.051,False,False,0.244,0.245,95.532,1153,12.83,,,,,0,False,False,0.0,False,8.36,5.45,20.0,
122.4,28676,211.638,-566.669,-0.009,5.113,30.0,1153,-1,5.06,False,-1,True,True,0.75,0.0,-0.041,False,False,0.252,0.199,95.219,1153,12.83,,,,,0,False,False,0.0,False,8.11,5.5,20.0,
122.45,28677,211.619,-566.412,-0.009,5.183,30.0,1153,-1,5.32,False,-1,True,True,0.75,0.0,-0.037,False,False,0.251,0.154,94.925,1153,12.83,,,,,0,False,False,0.0,False,7.85,5.56,20.0,
122.5,28678,211.602,-566.154,-0.009,5.156,30.0,1153,-1,5.58,False,-1,True,True,0.75,0.0,-0.029,False,False,0.217,0.11,94.736,1153,12.83,,,,,0,False,False,0.0,False,7.59,5.59,20.0,
122.55,28679,211.584,-565.898,-0.008,5.142,30.0,1153,-1,5.83,False,-1,True,True,0.75,0.0,-0.03,False,False,0.172,0.084,94.481,1153,12.83,,,,,0,False,False,0.0,False,7.33,5.58,20.0,
122.6,28680,211.567,-565.642,-0.008,5.148,30.0,1153,-1,6.09,False,-1,True,True,0.75,0.0,-0.017,False,False,0.137,0.053,94.351,1153,12.83,,,,,0,False,False,0.0,False,7.08,5.57,20.0,
122.65,28681,211.55,-565.385,-0.008,5.166,30.0,1153,-1,6.35,False,-1,True,True,0.75,0.0,-0.021,False,False,0.117,0.041,94.158,1153,12.83,,,,,0,False,False,0.0,False,6.82,5.57,20.0,
122.7,28682,211.534,-565.126,-0.008,5.192,30.0,1153,-1,6.61,False,-1,True,True,0.75,0.0,-0.011,False,False,0.11,0.024,94.078,1153,12.83,,,,,0,False,False,0.0,False,6.56,5.58,20.0,
122.75,28683,211.517,-564.867,-0.008,5.186,30.0,1153,-1,6.87,False,-1,True,True,0.75,0.0,-0.016,False,False,0.1,0.021,93.926,1153,12.83,,,,,0,False,False,0.0,False,6.3,5.6,20.0,
122.8,28684,211.501,-564.609,-0.008,5.183,30.0,1153,-1,7.13,False,-1,True,True,0.75,0.0,-0.006,False,False,0.09,0.01,93.886,1153,12.83,,,,,0,False,False,0.0,False,6.04,5.59,20.0,
122.85,28685,211.483,-564.337,-0.009,5.635,30.0,1153,-1,7.4,False,-1,True,True,0.75,0.0,-0.012,False,False,0.182,0.016,93.742,1153,12.83,,,,,0,False,False,0.0,False,5.77,5.59,20.0,
122.9,28686,211.47,-564.042,-0.01,6.004,30.0,1153,-1,7.69,False,-1,True,True,0.0,0.254,-0.112,False,False,0.335,0.162,93.443,1153,16.5,,,,,0,False,False,0.0,False,9.43,5.82,20.0,
122.95,28687,211.468,-563.736,-0.011,6.175,30.0,1153,-1,8.0,False,-1,True,True,0.0,0.3,-0.212,False,False,0.414,0.482,92.589,1153,16.5,,,,,0,False,False,0.0,False,9.13,6.0,20.0,
123.0,28688,211.477,-563.427,-0.011,6.195,30.0,1153,-1,8.31,False,-1,True,True,0.0,0.3,-0.222,False,False,0.395,0.778,91.285,1153,16.5,,,,,0,False,False,0.0,False,8.82,6.09,20.0,
123.05,28689,211.495,-563.122,-0.01,6.099,30.0,1153,-1,8.61,False,-1,True,True,0.0,0.3,-0.222,False,False,0.305,0.908,89.754,1153,16.5,,,,,0,False,False,0.0,False,8.51,6.1,20.0,
123.1,28690,211.514,-562.824,-0.009,5.979,30.0,1153,-1,8.91,False,-1,True,True,0.0,0.3,-0.078,False,False,0.19,0.76,88.522,1153,16.5,,,,,0,False,False,0.0,False,8.21,6.05,20.0,
123.15,28691,211.532,-562.532,-0.008,5.816,30.0,1153,-1,9.2,False,-1,True,True,0.0,0.3,-0.058,False,False,0.078,0.502,87.641,1153,16.5,,,,,0,False,False,0.0,False,7.92,5.99,20.0,
123.2,28692,211.551,-562.248,-0.007,5.647,30.0,1153,-1,9.48,False,-1,True,True,0.0,0.3,-0.057,False,False,-0.022,0.327,87.066,1153,16.5,,,,,0,False,False,0.0,False,7.64,5.91,20.0,
123.25,28693,211.572,-561.973,-0.006,5.453,30.0,1153,-1,9.75,False,-1,True,True,0.0,0.3,-0.059,False,False,-0.106,0.237,86.522,1153,16.5,,,,,0,False,False,0.0,False,7.36,5.82,20.0,
123.3,28694,211.594,-561.707,-0.006,5.292,30.0,1153,-1,10.02,False,-1,True,True,0.347,0.0,-0.044,False,False,-0.166,0.171,86.148,1153,16.5,,,,,0,False,False,0.0,False,7.09,5.73,20.0,
123.35,28695,211.616,-561.448,-0.005,5.162,30.0,1153,-1,10.27,False,-1,True,True,0.75,0.0,-0.044,False,False,-0.193,0.131,85.758,1153,16.5,,,,,0,False,False,0.0,False,6.83,5.65,20.0,
123.4,28696,211.639,-561.194,-0.005,5.066,30.0,1153,-1,10.53,False,-1,True,True,0.75,0.0,-0.03,False,False,-0.194,0.094,85.519,1153,16.5,,,,,0,False,False,0.0,False,6.58,5.58,20.0,
123.45,28697,211.662,-560.942,-0.006,5.047,30.0,1153,-1,10.77,False,-1,True,True,0.75,0.0,-0.032,False,False,-0.164,0.076,85.243,1153,16.5,,,,,0,False,False,0.0,False,6.33,5.53,20.0,
123.5,28698,211.687,-560.69,-0.006,5.046,30.0,1153,-1,11.0,False,-1,True,True,0.75,0.0,-0.021,False,False,-0.115,0.055,85.098,1153,16.5,,,,,0,False,False,0.0,False,6.07,5.52,20.0,
123.55,28699,211.71,-560.444,-0.006,4.801,30.0,1153,-1,11.25,False,-1,True,True,0.75,0.0,-0.024,False,False,-0.109,0.044,84.906,1153,16.5,,,,,0,False,False,0.0,False,5.83,5.52,20.0,
123.6,28700,211.733,-560.216,-0.006,4.492,30.0,1153,-1,11.48,False,-1,True,True,0.75,0.0,-0.015,False,False,-0.187,0.028,84.78,1153,16.5,,,,,0,False,False,0.0,False,5.6,5.4,20.0,
123.65,28701,211.754,-559.999,-0.005,4.314,30.0,1153,-1,11.69,False,-1,True,True,0.75,0.0,-0.015,False,False,-0.246,0.017,84.687,1153,16.5,,,,,0,False,False,0.0,False,5.38,5.25,20.0,
123.7,28702,211.776,-559.787,-0.005,4.235,30.0,1153,-1,11.9,False,-1,True,True,0.75,0.0,-0.014,False,False,-0.253,0.013,84.606,1153,16.5,,,,,0,False,False,0.0,False,5.17,5.16,20.0,
123.75,28703,211.797,-559.576,-0.005,4.226,30.0,1153,-1,12.08,False,-1,True,True,0.75,0.0,-0.012,False,False,-0.214,0.01,84.534,1153,16.5,,,,,0,False,False,0.0,False,4.95,5.12,20.0,
123.8,28704,211.823,-559.365,-0.006,4.25,30.0,1153,-1,12.29,False,-1,True,True,0.75,0.0,-0.112,False,False,-0.149,0.114,84.289,1153,20.17,,,,,0,False,False,0.0,False,8.32,5.11,20.0,
123.85,28705,211.857,-559.154,-0.007,4.284,30.0,1153,-1,12.5,False,-1,True,True,0.75,0.0,-0.212,False,False,-0.082,0.352,83.629,1153,20.17,,,,,0,False,False,0.0,False,8.11,5.13,20.0,
123.9,28706,211.901,-558.943,-0.007,4.348,30.0,1153,-1,12.72,False,-1,True,True,0.75,0.0,-0.218,False,False,-0.021,0.569,82.628,1153,20.17,,,,,0,False,False,0.0,False,7.89,5.14,20.0,
123.95,28707,211.948,-558.728,-0.008,4.444,30.0,1153,-1,12.94,False,-1,True,True,0.75,0.0,-0.159,False,False,0.043,0.592,81.654,1153,20.17,,,,,0,False,False,0.0,False,7.67,5.17,20.0,
124.0,28708,211.997,-558.509,-0.008,4.546,30.0,1153,-1,13.04,False,-1,True,True,0.75,0.0,-0.128,False,False,0.102,0.504,80.827,1153,20.17,,,,,0,False,False,0.0,False,7.45,5.22,20.0,
124.05,28709,212.048,-558.284,-0.009,4.65,30.0,1153,-1,13.27,False,-1,True,True,0.75,0.0,-0.112,False,False,0.151,0.399,80.111,1153,20.17,,,,,0,False,False,0.0,False,7.22,5.27,20.0,
124.1,28710,212.102,-558.055,-0.009,4.756,30.0,1153,-1,13.51,False,-1,True,True,0.75,0.0,-0.096,False,False,0.187,0.303,79.479,1153,20.17,,,,,0,False,False,0.0,False,6.98,5.33,20.0,
124.15,28711,212.157,-557.82,-0.009,4.862,30.0,1153,-1,13.75,False,-1,True,True,0.75,0.0,-0.081,False,False,0.214,0.223,78.925,1153,20.17,,,,,0,False,False,0.0,False,6.74,5.38,20.0,
124.2,28712,212.214,-557.581,-0.009,4.968,30.0,1153,-1,13.99,False,-1,True,True,0.75,0.0,-0.069,False,False,0.233,0.16,78.443,1153,20.17,,,,,1,False,False,0.0,False,6.49,5.43,20.0,
124.25,28713,212.273,-557.337,-0.009,5.073,30.0,1153,-1,14.23,False,-1,True,True,0.75,0.0,-0.058,False,False,0.246,0.108,78.025,1153,20.17,,,,,0,False,False,0.028,False,6.24,5.48,20.0,
124.3,28714,212.334,-557.087,-0.009,5.158,30.0,1153,-1,14.48,False,-1,True,True,0.75,0.0,-0.049,False,False,0.252,0.072,77.667,1153,20.17,,,,,0,False,False,0.053,False,5.99,5.54,20.0,
124.35,28715,212.396,-556.833,-0.009,5.295,30.0,1153,-1,14.74,False,-1,True,True,0.75,0.0,-0.041,False,False,0.256,0.047,77.344,1153,20.17,,,,,0,False,False,0.07,False,5.72,5.58,20.0,
124.4,28716,212.458,-556.579,-0.009,5.201,30.0,1153,-1,15.0,False,-1,True,True,0.75,0.0,-0.033,False,False,0.221,0.027,77.103,1153,20.17,,,,,0,False,False,0.086,False,5.46,5.65,20.0,
124.45,28717,212.521,-556.325,-0.009,5.26,30.0,1153,-1,15.14,False,-1,True,True,0.75,0.0,-0.031,False,False,0.181,0.018,76.846,1153,20.17,,,,,0,False,False,0.095,False,5.2,5.6,20.0,
124.5,28718,212.584,-556.072,-0.008,5.197,30.0,1153,-1,15.4,False,-1,True,True,0.75,0.0,-0.021,False,False,0.142,0.008,76.684,1153,20.17,,,,,0,False,False,0.105,False,4.94,5.63,20.0,
124.55,28719,212.647,-555.817,-0.008,5.288,30.0,1153,-1,15.66,False,-1,True,True,0.75,0.0,-0.022,False,False,0.125,0.008,76.496,1153,20.17,,,,,0,False,False,0.111,False,4.68,5.6,20.0,
124.6,28720,212.711,-555.563,-0.008,5.225,30.0,1153,-1,15.92,False,-1,True,True,0.75,0.0,-0.015,False,False,0.109,0.004,76.387,1153,20.17,,,,,0,False,False,0.114,False,4.42,5.64,20.0,
124.65,28721,212.775,-555.307,-0.008,5.293,30.0,1153,-1,16.11,False,-1,True,True,0.75,0.0,-0.016,False,False,0.1,0.006,76.242,1153,20.17,,,,,0,False,False,0.105,False,4.15,5.61,20.0,
124.7,28722,212.839,-555.051,-0.008,5.373,30.0,1153,-1,16.37,False,-1,True,True,0.75,0.0,-0.01,False,False,0.104,0.003,76.146,1153,20.17,,,,,0,False,False,0.088,False,3.89,5.65,20.0,
124.75,28723,212.909,-554.773,-0.009,5.911,30.0,1153,-1,16.65,False,-1,True,True,0.685,0.0,-0.01,False,False,0.247,0.007,76.034,1153,20.17,,,,,0,False,False,0.064,False,3.6,5.69,20.0,
124.8,28724,212.984,-554.477,-0.01,6.174,30.0,1153,-1,16.95,False,-1,True,True,0.0,0.3,-0.006,False,False,0.387,0.007,75.952,1153,20.17,,,,,0,False,False,0.033,False,3.3,5.96,20.0,
124.85,28725,213.061,-554.17,-0.011,6.4,30.0,1153,-1,17.27,False,-1,True,True,0.0,0.3,-0.005,False,False,0.453,0.007,75.891,1153,20.17,,,,,0,False,False,0.0,False,2.98,6.09,20.0,
124.9,28726,213.14,-553.861,-0.011,6.348,30.0,1153,-1,17.58,False,-1,True,True,0.0,0.3,-0.005,False,False,0.419,0.008,75.839,1153,20.17,,,,,0,False,False,0.0,False,2.66,6.2,20.0,
124.95,28727,213.218,-553.555,-0.01,6.327,30.0,1153,-1,17.89,False,-1,True,True,0.0,0.3,-0.004,False,False,0.33,0.009,75.807,1153,20.17,,,,,0,False,False,0.0,False,2.34,6.17,20.0,
125.0,28728,213.294,-553.255,-0.009,6.119,30.0,1153,-1,18.19,False,-1,True,True,0.0,0.3,-0.005,False,False,0.203,0.011,75.748,1153,20.17,,,,,0,False,False,0.0,False,2.03,6.16,20.0,
125.05,28729,213.369,-552.963,-0.008,6.004,30.0,1153,-1,18.49,False,-1,True,True,0.0,0.3,-0.001,False,False,0.082,0.007,75.744,1153,20.17,,,,,0,False,False,0.0,False,1.73,6.06,20.0,
125.1,28730,213.441,-552.68,-0.007,5.752,30.0,1153,-1,18.78,False,-1,True,True,0.0,0.3,-0.005,False,False,-0.03,0.01,75.692,1153,20.17,,,,,0,False,False,0.0,False,1.44,6.0,20.0,
125.15,28731,213.511,-552.407,-0.006,5.611,30.0,1153,-1,19.06,False,-1,True,True,0.0,0.3,-0.001,False,False,-0.116,0.007,75.696,1153,20.17,,,,,0,False,False,0.0,False,1.16,5.88,20.0,
125.2,28732,213.579,-552.143,-0.005,5.348,30.0,1153,-1,19.33,False,-1,True,True,0.0,0.241,-0.004,False,False,-0.187,0.007,75.65,1153,20.17,,,,,0,False,False,0.0,False,0.89,5.81,20.0,
125.25,28733,213.644,-551.889,-0.005,5.19,30.0,1153,-1,19.58,False,-1,True,True,0.0,1.0,0.0,False,False,-0.235,0.004,75.663,1153,20.17,,,,,0,False,False,0.0,False,0.62,5.67,20.0,
125.3,28734,213.706,-551.647,-0.005,4.895,30.0,1153,-1,19.83,False,-1,True,True,0.0,1.0,0.0,False,False,-0.287,0.002,75.629,1153,20.17,,,,,0,False,False,0.0,False,0.38,5.59,20.0,
125.35,28735,213.765,-551.418,-0.004,4.638,30.0,1153,-1,20.06,False,-1,True,True,0.0,1.0,0.0,False,False,-0.325,-0.001,75.623,1153,20.17,,,,,0,False,False,0.0,False,0.14,5.45,20.0,
125.4,28736,213.82,-551.202,-0.004,4.316,30.0,1153,-1,20.28,False,-1,True,True,0.0,1.0,0.0,False,False,-0.364,-0.002,75.621,1153,20.17,,,,,0,False,False,0.0,False,0.08,5.32,20.0,
125.45,28737,213.869,-551.012,-0.003,3.693,30.0,1153,-1,20.48,False,-1,True,True,0.0,1.0,0.0,False,False,-0.484,-0.002,75.62,1153,20.17,,,,,0,False,False,0.0,False,0.28,5.16,20.0,
125.5,28738,213.91,-550.85,-0.002,3.163,30.0,1153,-1,20.64,False,-1,True,True,0.0,1.0,0.0,False,False,-0.619,-0.002,75.62,1153,20.17,,,,,0,False,False,0.0,False,0.45,4.85,20.0,
125.55,28739,213.946,-550.711,-0.001,2.718,30.0,1153,-1,20.78,False,-1,True,True,0.0,1.0,0.0,False,False,-0.708,-0.001,75.62,1153,20.17,,,,,0,False,False,0.0,False,0.59,4.58,20.0,
125.6,28740,213.977,-550.591,-0.001,2.345,30.0,1153,-1,20.9,False,-1,True,True,0.0,1.0,0.0,False,False,-0.74,-0.001,75.62,1153,20.17,,,,,0,False,False,0.0,False,0.72,4.36,20.0,
125.65,28741,214.003,-550.487,-0.001,2.027,30.0,1153,-1,21.01,False,-1,True,True,0.0,1.0,0.0,False,False,-0.725,-0.001,75.62,1153,20.17,,,,,0,False,False,0.0,False,0.82,4.17,20.0,
